/*--------------------------------*- C++ -*----------------------------------*\
| =========                 |                                                 |
| \\      /  F ield         | OpenFOAM: The Open Source CFD Toolbox           |
|  \\    /   O peration     | Version:  2312                                  |
|   \\  /    A nd           | Website:  www.openfoam.com                      |
|    \\/     M anipulation  |                                                 |
\*---------------------------------------------------------------------------*/
FoamFile
{
    version     2.0;
    format      ascii;
    arch        "LSB;label=32;scalar=64";
    class       faceList;
    location    "constant/polyMesh";
    object      faces;
}
// * * * * * * * * * * * * * * * * * * * * * * * * * * * * * * * * * * * * * //


7292
(
4(0 1070 1743 1072)
4(0 1072 1747 1071)
6(0 1071 285 1708 284 1070)
5(627 1456 284 1708 891)
5(1708 285 1459 631 891)
6(631 1463 286 1462 627 891)
4(284 1456 1743 1070)
4(286 1072 1743 1462)
4(627 1462 1743 1456)
4(285 1071 1747 1459)
4(286 1463 1747 1072)
4(631 1459 1747 1463)
4(1 1077 1754 1078)
5(1 1073 1714 287 1077)
5(1 1078 288 1740 1073)
5(629 1466 287 1714 892)
4(1714 1073 1740 892)
5(1740 288 1469 629 892)
4(287 1466 1754 1077)
4(288 1078 1754 1469)
4(629 1469 1754 1466)
4(2 1083 1761 1082)
4(2 1082 1762 1084)
4(2 1084 1751 1083)
4(1762 1082 1761 893)
4(1761 1083 1751 893)
4(1751 1084 1762 893)
4(3 1091 1774 1090)
5(3 1090 292 1721 1086)
5(3 1086 1741 293 1091)
4(1741 1086 1721 895)
5(1721 292 1487 637 895)
5(637 1490 293 1741 895)
4(292 1090 1774 1487)
4(293 1490 1774 1091)
4(637 1487 1774 1490)
4(4 1093 1726 1092)
4(4 1092 1752 1094)
4(4 1094 1771 1093)
4(1752 1092 1726 896)
4(1726 1093 1771 896)
4(1771 1094 1752 896)
4(5 1096 1791 1098)
4(5 1098 1781 1097)
4(1791 1096 1790 897)
4(1790 1097 1781 897)
4(1781 1098 1791 897)
4(6 1104 1795 1103)
4(6 1105 1796 1104)
4(6 1103 1772 1105)
4(1772 1103 1795 898)
4(1795 1104 1796 898)
4(1796 1105 1772 898)
4(7 1109 1800 1108)
4(7 1110 1801 1109)
4(7 1108 1782 1110)
4(1782 1108 1800 899)
4(1800 1109 1801 899)
4(1801 1110 1782 899)
4(8 1113 1805 1115)
4(8 1115 1806 1114)
3(1806 1115 1805)
4(9 1121 1819 1123)
4(9 1123 1823 1122)
6(9 1122 305 1742 304 1121)
5(647 1542 304 1742 901)
5(1742 305 1545 651 901)
6(651 1549 306 1548 647 901)
4(304 1542 1819 1121)
4(306 1123 1819 1548)
4(647 1548 1819 1542)
4(305 1122 1823 1545)
4(306 1549 1823 1123)
4(651 1545 1823 1549)
4(10 1128 1830 1129)
5(10 1124 1753 307 1128)
5(10 1129 308 1816 1124)
5(649 1552 307 1753 902)
4(1753 1124 1816 902)
5(1816 308 1555 649 902)
4(307 1552 1830 1128)
4(308 1129 1830 1555)
4(649 1555 1830 1552)
4(11 1134 1837 1133)
4(11 1133 1838 1135)
4(11 1135 1827 1134)
4(1838 1133 1837 903)
4(1837 1134 1827 903)
4(1827 1135 1838 903)
4(12 1142 1850 1141)
5(12 1141 312 1773 1137)
5(12 1137 1817 313 1142)
4(1817 1137 1773 905)
5(1773 312 1573 657 905)
5(657 1576 313 1817 905)
4(312 1141 1850 1573)
4(313 1576 1850 1142)
4(657 1573 1850 1576)
4(13 1144 1783 1143)
4(13 1143 1828 1145)
4(13 1145 1847 1144)
4(1828 1143 1783 906)
4(1783 1144 1847 906)
4(1847 1145 1828 906)
4(14 1149 1866 1148)
4(14 1148 1867 1150)
4(14 1150 1857 1149)
4(1867 1148 1866 907)
4(1866 1149 1857 907)
4(1857 1150 1867 907)
4(15 1156 1871 1155)
4(15 1157 1872 1156)
4(15 1155 1848 1157)
4(1848 1155 1871 908)
4(1871 1156 1872 908)
4(1872 1157 1848 908)
4(16 1161 1876 1160)
4(16 1162 1877 1161)
4(16 1160 1858 1162)
4(1858 1160 1876 909)
4(1876 1161 1877 909)
4(1877 1162 1858 909)
3(17 1167 1166)
4(17 1166 1881 1168)
4(17 1168 1882 1167)
3(1882 1168 1881)
4(18 1174 1894 1176)
4(18 1176 1898 1175)
6(18 1175 325 1818 324 1174)
5(667 1630 324 1818 911)
5(1818 325 1633 675 911)
6(675 1637 326 1636 667 911)
4(324 1630 1894 1174)
4(326 1176 1894 1636)
4(667 1636 1894 1630)
4(325 1175 1898 1633)
4(326 1637 1898 1176)
4(675 1633 1898 1637)
4(19 1181 1904 1182)
5(19 1177 1829 327 1181)
5(19 1182 328 1892 1177)
5(671 1640 327 1829 912)
4(1829 1177 1892 912)
5(1892 328 1643 671 912)
4(327 1640 1904 1181)
4(328 1182 1904 1643)
4(671 1643 1904 1640)
4(20 1187 1911 1186)
4(20 1186 1912 1188)
4(20 1188 1902 1187)
4(1912 1186 1911 913)
4(1911 1187 1902 913)
4(1902 1188 1912 913)
4(21 1195 1923 1194)
5(21 1194 332 1849 1190)
5(21 1190 1893 333 1195)
4(1893 1190 1849 915)
5(1849 332 1661 687 915)
5(687 1664 333 1893 915)
4(332 1194 1923 1661)
4(333 1664 1923 1195)
4(687 1661 1923 1664)
4(22 1197 1859 1196)
4(22 1196 1903 1198)
4(22 1198 1921 1197)
4(1903 1196 1859 916)
4(1859 1197 1921 916)
4(1921 1198 1903 916)
4(23 1202 1938 1201)
4(23 1201 1939 1203)
4(23 1203 1930 1202)
4(1939 1201 1938 917)
4(1938 1202 1930 917)
4(1930 1203 1939 917)
4(24 1209 1943 1208)
4(24 1210 1944 1209)
4(24 1208 1922 1210)
4(1922 1208 1943 918)
4(1943 1209 1944 918)
4(1944 1210 1922 918)
4(25 1214 1948 1213)
4(25 1215 1949 1214)
4(25 1213 1931 1215)
4(1931 1213 1948 919)
4(1948 1214 1949 919)
4(1949 1215 1931 919)
3(26 1220 1219)
4(26 1219 1953 1221)
4(26 1221 1954 1220)
3(1954 1221 1953)
4(27 346 716 348)
4(27 348 720 347)
4(27 347 2915 346)
4(716 346 2915 2781)
4(2915 347 720 2781)
4(716 2781 720 348)
4(28 352 726 353)
6(28 353 86 2424 714 349)
6(161 527 85 682 223 2489)
5(682 349 714 2509 223)
4(85 527 726 352)
4(86 353 726 530)
4(161 530 726 527)
5(28 349 682 85 352)
4(86 530 2612 2424)
4(161 2489 2612 530)
4(223 2509 2612 2489)
4(714 2424 2612 2509)
4(29 356 733 358)
4(29 357 684 356)
4(29 358 724 357)
4(733 356 684 224)
4(684 357 724 224)
4(724 358 733 224)
4(30 364 743 363)
6(30 360 715 2425 91 364)
6(715 360 692 2846 226 2511)
4(90 363 743 545)
4(91 548 743 364)
4(175 545 743 548)
6(30 363 90 2815 692 360)
4(91 2425 2613 548)
4(175 548 2613 2497)
4(226 2497 2613 2511)
4(715 2511 2613 2425)
4(90 545 2916 2815)
4(175 2497 2916 545)
4(226 2846 2916 2497)
4(692 2815 2916 2846)
4(31 365 725 367)
4(31 367 741 366)
5(725 365 695 227 2513)
5(695 366 741 2514 227)
6(741 367 725 2513 227 2514)
4(31 366 695 365)
4(32 369 758 371)
4(32 370 696 369)
4(32 371 750 370)
4(758 369 696 228)
4(696 370 750 228)
4(750 371 758 228)
4(33 377 762 376)
4(33 376 700 375)
4(33 375 742 377)
4(742 375 700 229)
4(700 376 762 229)
4(762 377 742 229)
4(34 381 766 380)
4(34 380 703 379)
4(34 379 751 381)
4(751 379 703 230)
4(703 380 766 230)
4(766 381 751 230)
4(35 384 770 386)
4(35 386 771 385)
3(35 385 384)
3(771 386 770)
4(27 348 783 344)
4(27 345 784 348)
3(27 344 345)
3(783 348 784)
4(36 389 2621 2367)
4(36 2367 2622 390)
4(774 2331 2621 389)
4(2622 2331 774 390)
4(2622 2367 2621 2331)
4(27 346 669 344)
4(783 344 669 233)
4(669 346 716 233)
4(716 348 783 233)
4(28 353 792 350)
4(28 350 670 351)
4(28 351 717 353)
4(670 350 792 234)
4(717 351 670 234)
4(792 353 717 234)
4(36 2365 2918 2367)
4(2618 389 2621 2782)
4(2618 2782 2918 2365)
4(2918 2782 2621 2367)
5(37 391 2879 800 394)
4(37 394 719 392)
5(775 392 719 237 2847)
5(719 394 800 2850 237)
4(237 2850 2921 2847)
4(391 2555 2921 2879)
4(775 2847 2921 2555)
4(800 2879 2921 2850)
4(28 352 673 350)
4(792 350 673 238)
4(673 352 726 238)
4(726 353 792 238)
4(29 358 805 354)
4(29 354 674 355)
4(29 355 727 358)
4(674 354 805 239)
4(727 355 674 239)
4(805 358 727 239)
4(37 393 728 394)
5(728 393 776 2851 241)
5(800 394 728 241 2852)
4(241 2851 2922 2852)
4(391 2879 2922 2556)
4(776 2556 2922 2851)
4(800 2852 2922 2879)
4(38 107 812 395)
4(38 395 729 108)
4(163 242 812 107)
4(163 108 729 242)
4(729 395 812 242)
3(29 356 354)
3(733 358 805)
4(38 109 813 395)
4(812 395 813 243)
4(27 345 677 347)
4(677 345 784 244)
4(720 347 677 244)
4(784 348 720 244)
4(30 362 819 364)
4(30 361 679 362)
4(30 364 721 361)
4(679 361 721 246)
4(819 362 679 246)
4(721 364 819 246)
4(36 2367 2923 2366)
4(2622 390 2619 2783)
4(2923 2783 2619 2366)
4(2622 2783 2923 2367)
5(39 399 826 2880 397)
4(39 396 723 399)
5(723 396 777 2855 249)
5(826 399 723 249 2858)
4(249 2855 2926 2858)
4(397 2880 2926 2557)
4(777 2557 2926 2855)
4(826 2858 2926 2880)
4(32 369 685 368)
4(32 368 730 371)
4(730 368 685 250)
4(685 369 758 250)
4(758 371 730 250)
4(38 110 731 395)
4(173 109 813 252)
4(731 110 173 252)
4(813 395 731 252)
5(41 401 2881 835 403)
4(41 403 732 400)
5(778 400 732 253 2859)
5(732 403 835 2862 253)
4(253 2862 2927 2859)
4(401 2560 2927 2881)
4(778 2859 2927 2560)
4(835 2881 2927 2862)
4(30 362 689 363)
4(689 362 819 255)
4(743 363 689 255)
4(819 364 743 255)
4(33 374 843 377)
4(33 373 690 374)
4(33 377 744 373)
4(690 373 744 256)
4(843 374 690 256)
4(744 377 843 256)
4(39 399 745 398)
5(779 398 745 258 2863)
5(745 399 826 2864 258)
4(258 2864 2928 2863)
4(397 2558 2928 2880)
4(779 2863 2928 2558)
4(826 2880 2928 2864)
4(42 2373 2633 405)
4(42 2371 2929 2373)
4(2620 2784 2929 2371)
4(2633 2784 2620 405)
4(2929 2784 2633 2373)
4(35 384 698 382)
4(35 382 752 386)
4(752 382 698 261)
4(698 384 770 261)
4(770 386 752 261)
4(41 402 753 403)
5(753 402 772 2867 262)
5(835 403 753 262 2868)
4(262 2867 2932 2868)
4(401 2881 2932 2559)
4(772 2559 2932 2867)
4(835 2868 2932 2881)
4(44 122 859 411)
4(44 411 754 120)
4(184 120 754 264)
4(184 264 859 122)
4(754 411 859 264)
3(33 374 376)
3(843 377 762)
4(42 2373 2636 406)
4(2633 405 780 2332)
4(2636 2332 780 406)
4(2636 2373 2633 2332)
4(34 378 701 380)
4(34 381 747 378)
4(701 378 747 266)
4(766 380 701 266)
4(747 381 766 266)
4(42 2373 2933 2372)
4(2933 2785 2617 2372)
4(2636 406 2617 2785)
4(2636 2785 2933 2373)
5(43 410 870 2882 409)
4(43 407 749 410)
5(749 407 781 2871 269)
5(870 410 749 269 2874)
4(269 2871 2936 2874)
4(409 2882 2936 2566)
4(781 2566 2936 2871)
4(870 2874 2936 2882)
4(35 383 704 385)
4(35 386 755 383)
4(704 383 755 271)
4(771 385 704 271)
4(755 386 771 271)
4(43 410 756 408)
5(773 408 756 273 2875)
5(756 410 870 2876 273)
4(273 2876 2937 2875)
4(409 2565 2937 2882)
4(773 2875 2937 2565)
4(870 2882 2937 2876)
4(44 411 882 123)
4(44 121 757 411)
4(757 121 188 274)
4(882 274 188 123)
4(882 411 757 274)
4(859 411 882 276)
4(0 1068 1955 1067)
4(0 1067 1956 1069)
3(0 1069 1068)
3(1956 1067 1955)
4(0 1068 1966 1070)
4(0 1070 1709 1067)
4(1955 1067 1709 921)
4(1966 1068 1955 921)
4(1709 1070 1966 921)
4(1 1075 1967 1074)
4(1 1076 1968 1075)
4(1 1074 1710 1076)
4(1710 1074 1967 922)
4(1967 1075 1968 922)
4(1968 1076 1710 922)
4(1 1075 1975 1077)
4(1 1077 1715 1074)
4(1967 1074 1715 924)
4(1975 1075 1967 924)
4(1715 1077 1975 924)
4(2 1080 1976 1079)
4(2 1081 1977 1080)
4(2 1079 1716 1081)
4(1716 1079 1976 925)
4(1976 1080 1977 925)
4(1977 1081 1716 925)
4(2 1082 1978 1079)
3(2 1080 1082)
3(1976 1079 1978)
4(0 1071 1985 1069)
4(0 1067 1711 1071)
4(1711 1067 1956 926)
4(1956 1069 1985 926)
4(1985 1071 1711 926)
4(3 1087 1989 1089)
4(3 1089 1990 1088)
4(3 1088 1712 1087)
4(1989 1087 1712 928)
4(1712 1088 1990 928)
4(1990 1089 1989 928)
4(2 1083 1717 1079)
4(1978 1079 1717 929)
4(1761 1082 1978 929)
4(1717 1083 1761 929)
4(3 1090 2001 1089)
4(3 1087 1722 1090)
4(1722 1087 1989 931)
4(1989 1089 2001 931)
4(2001 1090 1722 931)
4(6 1100 2003 1102)
4(6 1102 2004 1101)
4(6 1101 1723 1100)
4(2003 1100 1723 932)
4(1723 1101 2004 932)
4(2004 1102 2003 932)
4(6 1100 2007 1104)
3(6 1104 1102)
3(2007 1100 2003)
4(6 1100 1724 1103)
4(1724 1100 2007 933)
4(1795 1103 1724 933)
4(2007 1104 1795 933)
4(7 1106 2013 1109)
4(7 1109 2014 1107)
4(7 1107 1725 1106)
4(2013 1106 1725 934)
4(1725 1107 2014 934)
4(2014 1109 2013 934)
4(7 1106 1727 1108)
4(1727 1106 2013 936)
4(1800 1108 1727 936)
4(2013 1109 1800 936)
4(0 1072 2025 1068)
4(0 1069 2026 1072)
3(2025 1072 2026)
4(9 1119 2027 1118)
4(9 1118 2028 1120)
3(9 1120 1119)
3(2028 1118 2027)
4(2025 1068 1966 940)
4(1966 1070 1743 940)
4(1743 1072 2025 940)
4(1 1078 2034 1075)
4(1 1076 1744 1078)
4(1968 1075 2034 941)
4(1744 1076 1968 941)
4(2034 1078 1744 941)
4(9 1119 2041 1121)
4(9 1121 1745 1118)
4(2027 1118 1745 943)
4(2041 1119 2027 943)
4(1745 1121 2041 943)
4(10 1126 2042 1125)
4(10 1127 2043 1126)
4(10 1125 1746 1127)
4(1746 1125 2042 944)
4(2042 1126 2043 944)
4(2043 1127 1746 944)
4(2034 1075 1975 945)
4(1975 1077 1754 945)
4(1754 1078 2034 945)
4(2 1084 2048 1080)
4(2 1081 1755 1084)
4(1977 1080 2048 946)
4(1755 1081 1977 946)
4(2048 1084 1755 946)
4(10 1126 2053 1128)
4(10 1128 1756 1125)
4(2042 1125 1756 948)
4(2053 1126 2042 948)
4(1756 1128 2053 948)
4(11 1131 2054 1130)
4(11 1132 2055 1131)
4(11 1130 1757 1132)
4(1757 1130 2054 949)
4(2054 1131 2055 949)
4(2055 1132 1757 949)
3(1762 1084 2048)
4(11 1133 2056 1130)
3(11 1131 1133)
3(2054 1130 2056)
4(1985 1069 2026 950)
4(1747 1071 1985 950)
4(2026 1072 1747 950)
4(3 1089 2062 1091)
4(3 1091 1748 1088)
4(1990 1088 1748 952)
4(2062 1089 1990 952)
4(1748 1091 2062 952)
4(9 1122 2066 1120)
4(9 1118 1749 1122)
4(1749 1118 2028 953)
4(2028 1120 2066 953)
4(2066 1122 1749 953)
4(12 1138 2070 1140)
4(12 1140 2071 1139)
4(12 1139 1750 1138)
4(2070 1138 1750 955)
4(1750 1139 2071 955)
4(2071 1140 2070 955)
4(5 1095 1758 1098)
4(1758 1095 1994 956)
4(1994 1096 1791 956)
4(1791 1098 1758 956)
4(11 1134 1759 1130)
4(2056 1130 1759 958)
4(1837 1133 2056 958)
4(1759 1134 1837 958)
4(14 1148 2081 1146)
4(14 1147 2082 1148)
4(14 1146 1760 1147)
4(1760 1146 2081 959)
4(2082 1147 1760 959)
4(2081 1148 2082 959)
4(2001 1089 2062 961)
4(1774 1090 2001 961)
4(2062 1091 1774 961)
4(6 1102 2089 1105)
4(6 1105 1775 1101)
4(2004 1101 1775 962)
4(2089 1102 2004 962)
4(1775 1105 2089 962)
4(12 1141 2093 1140)
4(12 1138 1776 1141)
4(1776 1138 2070 964)
4(2070 1140 2093 964)
4(2093 1141 1776 964)
4(15 1152 2095 1154)
4(15 1154 2096 1153)
4(15 1153 1777 1152)
4(2095 1152 1777 965)
4(1777 1153 2096 965)
4(2096 1154 2095 965)
4(8 1111 1784 1115)
4(1784 1111 2006 967)
4(2006 1113 1805 967)
4(1805 1115 1784 967)
4(14 1149 1785 1146)
4(2081 1146 1785 968)
4(1866 1148 2081 968)
4(1785 1149 1866 968)
4(17 1166 2106 1163)
4(17 1164 2107 1166)
4(17 1163 1786 1164)
4(1786 1163 2106 970)
4(2107 1164 1786 970)
4(2106 1166 2107 970)
3(2089 1105 1796)
4(15 1152 2108 1156)
3(15 1156 1154)
3(2108 1152 2095)
4(7 1110 1778 1107)
4(2014 1107 1778 971)
4(1801 1109 2014 971)
4(1778 1110 1801 971)
4(15 1152 1779 1155)
4(1779 1152 2108 973)
4(1871 1155 1779 973)
4(2108 1156 1871 973)
4(16 1158 2117 1161)
4(16 1161 2118 1159)
4(16 1159 1780 1158)
4(2117 1158 1780 974)
4(1780 1159 2118 974)
4(2118 1161 2117 974)
4(8 1115 1787 1112)
4(2022 1112 1787 976)
4(1806 1114 2022 976)
4(1787 1115 1806 976)
4(16 1158 1788 1160)
4(1788 1158 2117 978)
4(1876 1160 1788 978)
4(2117 1161 1876 978)
4(17 1163 2129 1167)
4(17 1167 2130 1165)
4(17 1165 1789 1163)
4(2129 1163 1789 979)
4(1789 1165 2130 979)
4(2130 1167 2129 979)
3(2106 1163 2129)
4(9 1123 2133 1119)
4(9 1120 2134 1123)
3(2133 1123 2134)
4(18 1172 2135 1171)
4(18 1171 2136 1173)
3(18 1173 1172)
3(2136 1171 2135)
4(2133 1119 2041 982)
4(2041 1121 1819 982)
4(1819 1123 2133 982)
4(10 1129 2142 1126)
4(10 1127 1820 1129)
4(2043 1126 2142 983)
4(1820 1127 2043 983)
4(2142 1129 1820 983)
4(18 1172 2149 1174)
4(18 1174 1821 1171)
4(2135 1171 1821 985)
4(2149 1172 2135 985)
4(1821 1174 2149 985)
4(19 1179 2150 1178)
4(19 1180 2151 1179)
4(19 1178 1822 1180)
4(1822 1178 2150 986)
4(2150 1179 2151 986)
4(2151 1180 1822 986)
4(2142 1126 2053 987)
4(2053 1128 1830 987)
4(1830 1129 2142 987)
4(11 1135 2156 1131)
4(11 1132 1831 1135)
4(2055 1131 2156 988)
4(1831 1132 2055 988)
4(2156 1135 1831 988)
4(19 1179 2161 1181)
4(19 1181 1832 1178)
4(2150 1178 1832 990)
4(2161 1179 2150 990)
4(1832 1181 2161 990)
4(20 1184 2162 1183)
4(20 1185 2163 1184)
4(20 1183 1833 1185)
4(1833 1183 2162 991)
4(2162 1184 2163 991)
4(2163 1185 1833 991)
3(1838 1135 2156)
4(20 1186 2164 1183)
3(20 1184 1186)
3(2162 1183 2164)
4(2066 1120 2134 992)
4(1823 1122 2066 992)
4(2134 1123 1823 992)
4(12 1140 2170 1142)
4(12 1142 1824 1139)
4(2071 1139 1824 994)
4(2170 1140 2071 994)
4(1824 1142 2170 994)
4(18 1175 2174 1173)
4(18 1171 1825 1175)
4(1825 1171 2136 995)
4(2136 1173 2174 995)
4(2174 1175 1825 995)
4(21 1191 2178 1193)
4(21 1193 2179 1192)
4(21 1192 1826 1191)
4(2178 1191 1826 997)
4(1826 1192 2179 997)
4(2179 1193 2178 997)
4(14 1147 1834 1150)
4(1834 1147 2082 998)
4(2082 1148 1867 998)
4(1867 1150 1834 998)
4(20 1187 1835 1183)
4(2164 1183 1835 1000)
4(1911 1186 2164 1000)
4(1835 1187 1911 1000)
4(23 1201 2189 1199)
4(23 1200 2190 1201)
4(23 1199 1836 1200)
4(1836 1199 2189 1001)
4(2190 1200 1836 1001)
4(2189 1201 2190 1001)
4(2093 1140 2170 1003)
4(1850 1141 2093 1003)
4(2170 1142 1850 1003)
4(15 1154 2197 1157)
4(15 1157 1851 1153)
4(2096 1153 1851 1004)
4(2197 1154 2096 1004)
4(1851 1157 2197 1004)
4(21 1194 2201 1193)
4(21 1191 1852 1194)
4(1852 1191 2178 1006)
4(2178 1193 2201 1006)
4(2201 1194 1852 1006)
4(24 1205 2203 1207)
4(24 1207 2204 1206)
4(24 1206 1853 1205)
4(2203 1205 1853 1007)
4(1853 1206 2204 1007)
4(2204 1207 2203 1007)
4(17 1164 1860 1168)
4(1860 1164 2107 1009)
4(2107 1166 1881 1009)
4(1881 1168 1860 1009)
4(23 1202 1861 1199)
4(2189 1199 1861 1010)
4(1938 1201 2189 1010)
4(1861 1202 1938 1010)
4(26 1219 2214 1216)
4(26 1217 2215 1219)
4(26 1216 1862 1217)
4(1862 1216 2214 1012)
4(2215 1217 1862 1012)
4(2214 1219 2215 1012)
3(2197 1157 1872)
4(24 1205 2216 1209)
3(24 1209 1207)
3(2216 1205 2203)
4(16 1162 1854 1159)
4(2118 1159 1854 1013)
4(1877 1161 2118 1013)
4(1854 1162 1877 1013)
4(24 1205 1855 1208)
4(1855 1205 2216 1015)
4(1943 1208 1855 1015)
4(2216 1209 1943 1015)
4(25 1211 2225 1214)
4(25 1214 2226 1212)
4(25 1212 1856 1211)
4(2225 1211 1856 1016)
4(1856 1212 2226 1016)
4(2226 1214 2225 1016)
4(17 1168 1863 1165)
4(2130 1165 1863 1018)
4(1882 1167 2130 1018)
4(1863 1168 1882 1018)
4(25 1211 1864 1213)
4(1864 1211 2225 1020)
4(1948 1213 1864 1020)
4(2225 1214 1948 1020)
4(26 1216 2237 1220)
4(26 1220 2238 1218)
4(26 1218 1865 1216)
4(2237 1216 1865 1021)
4(1865 1218 2238 1021)
4(2238 1220 2237 1021)
3(2214 1216 2237)
4(18 1176 2241 1172)
4(18 1173 2242 1176)
3(2241 1176 2242)
4(27 344 2243 1223)
4(27 1223 2244 345)
3(2244 1223 2243)
4(2241 1172 2149 1024)
4(2149 1174 1894 1024)
4(1894 1176 2241 1024)
4(19 1182 2250 1179)
4(19 1180 1895 1182)
4(2151 1179 2250 1025)
4(1895 1180 2151 1025)
4(2250 1182 1895 1025)
4(27 346 1896 1223)
4(669 344 2243 1027)
4(1896 346 669 1027)
4(2243 1223 1896 1027)
4(28 350 2256 1224)
4(28 1224 1897 351)
4(670 1028 2256 350)
4(670 351 1897 1028)
4(1897 1224 2256 1028)
4(2250 1179 2161 1029)
4(2161 1181 1904 1029)
4(1904 1182 2250 1029)
4(20 1188 2261 1184)
4(20 1185 1905 1188)
4(2163 1184 2261 1030)
4(1905 1185 2163 1030)
4(2261 1188 1905 1030)
4(28 352 1906 1224)
4(673 350 2256 1032)
4(1906 352 673 1032)
4(2256 1224 1906 1032)
4(29 354 2266 1225)
4(29 1225 1907 355)
4(674 1033 2266 354)
4(674 355 1907 1033)
4(1907 1225 2266 1033)
3(1912 1188 2261)
4(29 356 2267 1225)
3(2266 1225 2267)
4(2174 1173 2242 1034)
4(1898 1175 2174 1034)
4(2242 1176 1898 1034)
4(21 1193 2273 1195)
4(21 1195 1899 1192)
4(2179 1192 1899 1036)
4(2273 1193 2179 1036)
4(1899 1195 2273 1036)
4(27 1223 1900 347)
4(2244 345 677 1037)
4(677 347 1900 1037)
4(1900 1223 2244 1037)
4(30 1226 2279 362)
4(30 361 1901 1226)
4(1901 361 679 1039)
4(2279 1039 679 362)
4(2279 1226 1901 1039)
4(23 1200 1908 1203)
4(1908 1200 2190 1040)
4(2190 1201 1939 1040)
4(1939 1203 1908 1040)
4(29 357 1909 1225)
4(684 356 2267 1042)
4(1909 357 684 1042)
4(2267 1225 1909 1042)
4(32 369 2289 1227)
4(32 1227 1910 368)
4(685 368 1910 1043)
4(685 1043 2289 369)
4(1910 1227 2289 1043)
4(2201 1193 2273 1045)
4(1923 1194 2201 1045)
4(2273 1195 1923 1045)
4(24 1207 2295 1210)
4(24 1210 1924 1206)
4(2204 1206 1924 1046)
4(2295 1207 2204 1046)
4(1924 1210 2295 1046)
4(30 1226 1925 363)
4(2279 362 689 1048)
4(689 363 1925 1048)
4(1925 1226 2279 1048)
4(33 1228 2300 374)
4(33 373 1926 1228)
4(1926 373 690 1049)
4(2300 1049 690 374)
4(2300 1228 1926 1049)
4(26 1217 1932 1221)
4(1932 1217 2215 1051)
4(2215 1219 1953 1051)
4(1953 1221 1932 1051)
4(32 370 1933 1227)
4(696 369 2289 1052)
4(1933 370 696 1052)
4(2289 1227 1933 1052)
4(35 384 2309 1230)
4(35 1230 1934 382)
4(698 382 1934 1054)
4(698 1054 2309 384)
4(1934 1230 2309 1054)
3(2295 1210 1944)
4(33 1228 2310 376)
3(2310 1228 2300)
4(25 1215 1927 1212)
4(2226 1212 1927 1055)
4(1949 1214 2226 1055)
4(1927 1215 1949 1055)
4(33 1228 1928 375)
4(700 375 1928 1057)
4(2310 376 700 1057)
4(1928 1228 2310 1057)
4(34 1229 2319 380)
4(34 378 1929 1229)
4(1929 378 701 1058)
4(2319 1058 701 380)
4(2319 1229 1929 1058)
4(26 1221 1935 1218)
4(2238 1218 1935 1060)
4(1954 1220 2238 1060)
4(1935 1221 1954 1060)
4(34 1229 1936 379)
4(703 379 1936 1062)
4(2319 380 703 1062)
4(1936 1229 2319 1062)
4(35 1230 2329 385)
4(35 383 1937 1230)
4(1937 383 704 1063)
4(2329 1063 704 385)
4(2329 1230 1937 1063)
3(2309 1230 2329)
3(706 707 468)
4(73 469 706 468)
4(73 468 707 470)
3(73 470 469)
4(149 468 706 508)
4(149 509 707 468)
3(149 508 509)
4(709 221 710 473)
4(710 221 711 475)
4(74 474 709 473)
4(74 473 710 475)
4(74 475 711 474)
4(710 221 672 512)
4(710 513 708 221)
4(81 343 708 513)
4(81 513 710 512)
4(81 512 672 343)
4(150 473 709 510)
4(150 512 710 473)
4(150 510 672 512)
4(157 513 708 514)
4(157 475 710 513)
4(157 514 711 475)
3(712 713 478)
4(75 479 712 478)
4(75 478 713 480)
3(75 480 479)
4(151 478 712 516)
4(151 517 713 478)
3(151 516 517)
6(714 349 680 2845 222 2507)
4(82 351 717 519)
4(86 529 717 353)
4(158 519 717 529)
6(28 351 82 2813 680 349)
4(86 2424 2660 529)
4(158 529 2660 2487)
4(222 2487 2660 2507)
4(714 2507 2660 2424)
4(82 519 2913 2813)
4(158 2487 2913 519)
4(222 2845 2913 2487)
4(680 2813 2913 2845)
6(715 2508 222 2845 680 360)
4(83 521 721 361)
4(91 364 721 546)
4(165 546 721 521)
6(30 360 680 2814 83 361)
4(91 546 2661 2425)
4(165 2491 2661 546)
4(222 2508 2661 2491)
4(715 2425 2661 2508)
4(83 2814 2914 521)
4(165 521 2914 2491)
4(222 2491 2914 2845)
4(680 2845 2914 2814)
6(715 2508 222 2507 714 367)
4(31 367 714 349)
4(31 360 715 367)
4(31 349 680 360)
4(2917 2365 2918 2786)
4(2923 2366 2917 2786)
4(2918 2367 2923 2786)
4(37 394 2667 2368)
4(719 392 2645 2334)
4(719 2334 2667 394)
4(2645 2368 2667 2334)
4(39 2369 2669 399)
4(2646 396 723 2335)
4(2669 2335 723 399)
4(2669 2369 2646 2335)
5(40 106 2442 714 367)
5(40 367 715 2446 112)
4(106 2440 2666 2442)
4(169 2493 2666 2440)
4(222 2507 2666 2493)
4(714 2442 2666 2507)
4(112 2446 2668 2444)
4(169 2444 2668 2493)
4(222 2493 2668 2508)
4(715 2508 2668 2446)
6(170 533 87 682 223 2494)
4(87 533 724 357)
4(88 358 724 537)
4(170 537 724 533)
4(85 355 727 527)
4(88 535 727 358)
4(161 527 727 535)
6(29 355 85 682 87 357)
4(88 537 2670 535)
4(161 535 2670 2489)
4(170 2494 2670 537)
4(223 2489 2670 2494)
5(725 2510 223 682 365)
6(725 367 714 2509 223 2510)
4(31 365 682 349)
6(32 365 725 2426 94 371)
4(87 368 730 533)
4(94 554 730 371)
4(170 533 730 554)
5(32 368 87 682 365)
4(94 2426 2671 554)
4(170 554 2671 2494)
4(223 2494 2671 2510)
4(725 2510 2671 2426)
4(2615 393 728 2336)
4(728 394 2667 2336)
4(2667 2368 2615 2336)
4(729 108 2647 2337)
4(2647 110 731 2337)
4(731 395 729 2337)
5(40 113 2449 725 367)
4(106 2442 2673 2441)
4(171 2441 2673 2495)
4(223 2495 2673 2509)
4(714 2509 2673 2442)
4(113 2447 2675 2449)
4(171 2495 2675 2447)
4(223 2510 2675 2495)
4(725 2449 2675 2510)
4(41 403 2676 2370)
4(732 400 2648 2338)
4(732 2338 2676 403)
4(2648 2370 2676 2338)
4(734 224 735 483)
4(736 224 734 484)
4(735 224 736 485)
4(76 484 734 483)
4(76 483 735 485)
4(76 485 736 484)
4(734 531 684 224)
3(734 224 733)
3(356 684 531)
4(735 224 684 532)
4(735 533 724 224)
4(87 533 735 532)
4(87 532 684 357)
4(736 536 733 224)
4(736 224 724 537)
4(88 358 733 536)
4(88 536 736 537)
4(152 483 734 531)
4(152 532 735 483)
4(152 531 684 532)
3(484 736 536)
4(170 485 735 533)
4(170 537 736 485)
4(738 225 739 488)
4(740 225 738 489)
4(77 489 738 488)
4(77 488 739 490)
4(77 490 740 489)
4(738 540 688 225)
4(738 225 737 541)
4(89 541 737 359)
4(89 540 738 541)
4(89 359 688 540)
4(153 488 738 540)
4(153 542 739 488)
4(153 540 688 542)
4(166 543 737 541)
4(166 541 738 489)
4(166 489 740 543)
6(741 366 692 2846 226 2512)
6(741 2512 226 2511 715 367)
4(31 360 692 366)
4(33 375 2943 373)
4(744 373 2943 2787)
4(2943 375 742 2787)
4(742 377 744 2787)
6(34 381 99 2432 741 366)
4(95 561 747 378)
4(99 381 747 572)
4(178 572 747 561)
6(34 366 692 2816 95 378)
4(99 572 2678 2432)
4(178 2499 2678 572)
4(226 2512 2678 2499)
4(741 2432 2678 2512)
4(95 2816 2942 561)
4(178 561 2942 2499)
4(226 2499 2942 2846)
4(692 2846 2942 2816)
4(745 398 2616 2339)
4(2669 399 745 2339)
4(2616 2369 2669 2339)
5(40 367 741 2452 114)
4(112 2445 2679 2446)
4(179 2500 2679 2445)
4(226 2511 2679 2500)
4(715 2446 2679 2511)
4(114 2452 2681 2450)
4(179 2450 2681 2500)
4(226 2500 2681 2512)
4(741 2512 2681 2452)
4(2938 2371 2929 2788)
4(2933 2372 2938 2788)
4(2929 2373 2933 2788)
4(43 2374 2685 410)
4(2650 407 749 2341)
4(2685 2341 749 410)
4(2685 2374 2650 2341)
6(180 553 93 695 227 2501)
4(93 553 750 370)
4(94 371 750 556)
4(180 556 750 553)
5(32 365 695 93 370)
4(94 556 2686 2426)
4(180 2501 2686 556)
4(227 2513 2686 2501)
4(725 2426 2686 2513)
6(181 2502 227 695 97 568)
4(97 379 751 568)
4(99 573 751 381)
4(181 568 751 573)
5(34 379 97 695 366)
4(99 2432 2687 573)
4(181 573 2687 2502)
4(227 2502 2687 2514)
4(741 2514 2687 2432)
4(93 382 752 553)
4(100 577 752 386)
4(180 553 752 577)
4(97 568 755 383)
4(100 386 755 578)
4(181 578 755 568)
6(35 382 93 695 97 383)
4(100 578 2688 577)
4(180 577 2688 2501)
4(181 2502 2688 578)
4(227 2501 2688 2502)
4(113 2449 2689 2448)
4(182 2448 2689 2503)
4(227 2503 2689 2513)
4(725 2513 2689 2449)
4(114 2451 2690 2452)
4(182 2503 2690 2451)
4(227 2514 2690 2503)
4(741 2452 2690 2514)
4(2651 402 753 2342)
4(753 403 2676 2342)
4(2676 2370 2651 2342)
4(756 408 2652 2343)
4(2685 410 756 2343)
4(2652 2374 2685 2343)
4(754 120 2653 2344)
4(2653 121 757 2344)
4(757 411 754 2344)
4(759 228 760 493)
4(761 228 759 494)
4(760 228 761 495)
4(78 494 759 493)
4(78 493 760 495)
4(78 495 761 494)
4(759 550 696 228)
4(759 228 758 551)
4(92 551 758 369)
4(92 550 759 551)
4(92 369 696 550)
4(760 228 696 552)
4(760 553 750 228)
4(93 553 760 552)
4(93 552 696 370)
4(761 555 758 228)
4(761 228 750 556)
4(94 371 758 555)
4(94 555 761 556)
4(154 493 759 550)
4(154 552 760 493)
4(154 550 696 552)
4(172 555 758 551)
4(172 551 759 494)
4(172 494 761 555)
4(180 495 760 553)
4(180 556 761 495)
4(763 229 764 498)
4(765 229 763 499)
4(764 229 765 500)
4(79 499 763 498)
4(79 498 764 500)
4(79 500 765 499)
4(763 560 700 229)
4(763 229 742 561)
4(95 560 763 561)
4(95 375 700 560)
4(95 561 742 375)
4(764 229 700 562)
3(764 762 229)
3(562 700 376)
5(765 2608 565 742 229)
5(765 229 762 566 2609)
5(96 2431 566 762 377)
4(96 2430 2693 2431)
4(565 2608 2693 2430)
4(566 2431 2693 2609)
4(765 2609 2693 2608)
5(96 377 742 565 2430)
4(155 498 763 560)
4(155 562 764 498)
4(155 560 700 562)
4(178 561 763 499)
5(178 499 765 2608 565)
4(178 565 742 561)
4(566 2609 765 500)
4(767 230 768 503)
4(769 230 767 504)
4(768 230 769 505)
4(80 504 767 503)
4(80 503 768 505)
4(80 505 769 504)
4(767 567 703 230)
4(767 230 751 568)
4(97 567 767 568)
4(97 379 703 567)
4(768 230 703 570)
4(768 571 766 230)
4(98 380 766 571)
4(98 571 768 570)
4(98 570 703 380)
4(769 573 751 230)
4(769 230 766 574)
4(99 574 766 381)
4(99 573 769 574)
4(156 503 767 567)
4(156 570 768 503)
4(156 567 703 570)
4(181 568 767 504)
4(181 504 769 573)
4(185 571 766 574)
4(185 505 768 571)
4(185 574 769 505)
4(100 386 770 579)
4(100 580 771 386)
3(100 579 580)
6(84 2421 523 782 522 2420)
5(84 2420 522 783 348)
5(84 348 784 523 2421)
4(84 2419 2710 2420)
4(84 2421 2711 2419)
4(231 2515 2625 2516)
4(388 2554 2625 2553)
4(785 2553 2625 2515)
4(786 2516 2625 2554)
4(388 2553 2710 2419)
4(522 2420 2710 2595)
4(785 2595 2710 2553)
4(388 2419 2711 2554)
4(523 2597 2711 2421)
4(786 2554 2711 2597)
4(787 232 706 468)
4(788 232 787 471)
4(73 471 787 468)
4(73 469 788 471)
4(787 511 668 232)
4(787 232 708 513)
4(81 511 787 513)
4(81 343 668 511)
4(149 468 787 511)
4(149 511 668 508)
4(157 513 787 471)
4(157 471 788 514)
4(707 233 789 468)
4(790 233 707 470)
4(789 233 790 472)
4(73 468 789 472)
4(73 472 790 470)
4(669 233 707 509)
3(707 233 783)
3(344 669 509)
4(789 233 669 518)
4(789 519 716 233)
4(82 519 789 518)
4(82 518 669 346)
4(82 346 716 519)
5(790 2596 522 783 233)
5(790 233 716 524 2600)
4(84 2420 2712 2422)
4(522 2596 2712 2420)
4(524 2422 2712 2600)
4(790 2600 2712 2596)
5(84 2422 524 716 348)
4(149 518 789 468)
4(149 509 669 518)
4(470 790 2596 522)
4(158 472 789 519)
5(158 524 2600 790 472)
4(158 519 716 524)
4(787 468 789 234)
4(787 234 791 471)
4(791 234 789 472)
4(73 471 791 472)
4(670 511 787 234)
4(792 234 787 513)
4(81 350 792 513)
4(81 511 670 350)
4(670 234 789 518)
4(789 234 717 519)
4(82 351 670 518)
4(792 528 791 234)
4(791 529 717 234)
4(86 529 791 528)
4(86 528 792 353)
4(149 518 670 511)
4(157 528 791 471)
4(157 513 792 528)
4(158 472 791 529)
4(65 445 2713 2397)
4(65 2397 2951 2395)
4(2951 2789 2643 2395)
4(2713 2789 2951 2397)
5(73 444 2579 793 469)
5(73 470 794 2891 444)
4(444 2891 2950 2579)
3(794 2950 2891)
4(46 2377 2717 414)
4(46 413 2718 2377)
4(797 2345 2718 413)
4(2717 2345 797 414)
4(2717 2377 2718 2345)
4(65 446 2720 2397)
4(798 445 2713 2346)
4(798 2346 2720 446)
4(2713 2397 2720 2346)
5(795 2518 235 788 471)
5(73 444 2580 795 471)
4(235 2518 2719 2517)
4(444 2579 2719 2580)
4(793 2517 2719 2579)
4(795 2580 2719 2518)
5(157 471 795 2567 416)
5(157 416 2568 796 514)
4(235 2519 2716 2518)
4(416 2567 2716 2568)
4(795 2518 2716 2567)
4(796 2568 2716 2519)
6(794 236 2841 160 125 2825)
6(785 2521 236 794 412 2883)
4(102 2434 2919 2435)
4(160 2841 2919 2434)
4(236 2521 2919 2841)
4(785 2435 2919 2521)
4(102 2435 2947 2375)
4(785 2883 2947 2435)
6(799 2828 130 160 2841 236)
5(799 236 2520 718 419)
5(49 130 2828 799 419)
5(49 419 718 2817 104)
4(104 2817 2920 2438)
4(160 2438 2920 2841)
4(236 2841 2920 2520)
4(718 2520 2920 2817)
6(799 2892 444 2891 794 236)
4(65 2397 2952 2396)
4(125 2825 2951 2395)
4(444 2397 2951 2891)
4(794 2891 2951 2825)
4(130 2396 2952 2828)
4(444 2892 2952 2397)
4(799 2828 2952 2892)
5(790 470 794 236 2522)
5(790 2522 236 799 472)
5(73 472 799 2892 444)
4(84 2419 2664 2422)
4(2664 2419 2710 2347)
4(2710 2420 2712 2347)
4(2712 2422 2664 2347)
4(236 2522 2721 2521)
4(522 2595 2721 2596)
4(785 2521 2721 2595)
4(790 2596 2721 2522)
4(158 419 799 472)
5(158 524 2599 718 419)
4(236 2520 2722 2522)
4(524 2600 2722 2599)
4(718 2599 2722 2520)
4(790 2522 2722 2600)
4(46 2377 2955 2376)
4(2717 414 2698 2790)
4(2955 2790 2698 2376)
4(2717 2790 2955 2377)
5(719 237 2849 799 419)
4(49 392 719 419)
4(130 2828 2956 2466)
4(237 2847 2956 2849)
4(775 2466 2956 2847)
4(799 2849 2956 2828)
4(2699 446 2720 2791)
4(2952 2396 2699 2791)
4(2720 2397 2952 2791)
5(791 237 2848 795 471)
5(799 2849 237 791 472)
4(237 2849 2957 2848)
4(444 2580 2957 2892)
4(795 2848 2957 2580)
4(799 2892 2957 2849)
5(800 2850 237 791 528)
4(791 237 719 529)
4(86 394 800 528)
4(86 529 719 394)
5(157 528 800 2884 416)
4(237 2848 2954 2850)
4(416 2884 2954 2567)
4(795 2567 2954 2848)
4(800 2850 2954 2884)
4(158 419 719 529)
3(801 709 473)
4(74 476 801 473)
3(74 474 476)
4(150 473 801 515)
3(150 515 510)
4(710 238 802 473)
4(803 238 710 475)
4(802 238 803 477)
4(74 473 802 477)
4(74 477 803 475)
4(673 238 710 512)
4(710 238 792 513)
4(81 350 673 512)
4(802 238 673 526)
4(802 527 726 238)
4(85 527 802 526)
4(85 526 673 352)
4(803 528 792 238)
4(803 238 726 530)
4(86 528 803 530)
4(150 526 802 473)
4(150 512 673 526)
4(157 475 803 528)
4(161 477 802 527)
4(161 530 803 477)
4(801 473 802 239)
4(801 239 804 476)
4(804 239 802 477)
4(74 476 804 477)
4(674 515 801 239)
3(805 239 801)
3(515 674 354)
4(674 239 802 526)
4(802 239 727 527)
4(85 355 674 526)
4(805 534 804 239)
4(804 535 727 239)
4(88 535 804 534)
4(88 534 805 358)
4(150 526 674 515)
3(534 804 476)
4(161 477 804 535)
4(46 415 2726 2377)
4(808 413 2718 2348)
4(808 2348 2726 415)
4(2718 2377 2726 2348)
4(66 448 2728 2400)
4(66 2400 2729 449)
4(809 2349 2728 448)
4(2729 2349 809 449)
4(2729 2400 2728 2349)
5(711 240 2525 807 475)
5(74 447 2581 806 474)
5(74 475 807 2582 447)
4(240 2524 2727 2525)
4(447 2582 2727 2581)
4(806 2581 2727 2524)
4(807 2525 2727 2582)
5(157 416 2569 807 475)
4(240 2525 2725 2523)
4(416 2568 2725 2569)
4(796 2523 2725 2568)
4(807 2569 2725 2525)
4(66 2398 2959 2400)
4(2654 2792 2959 2398)
4(2959 2792 2728 2400)
5(74 447 2893 810 476)
4(447 2581 2958 2893)
3(810 2893 2958)
4(2700 415 2726 2793)
4(2955 2376 2700 2793)
4(2726 2377 2955 2793)
5(811 2854 241 728 421)
5(51 132 2830 811 421)
4(51 421 728 393)
4(132 2468 2962 2830)
4(241 2854 2962 2851)
4(776 2851 2962 2468)
4(811 2830 2962 2854)
4(66 2400 2964 2399)
4(2729 449 2701 2794)
4(2964 2794 2701 2399)
4(2729 2794 2964 2400)
5(803 475 807 2853 241)
5(803 241 2854 811 477)
5(74 477 811 2894 447)
4(241 2853 2963 2854)
4(447 2894 2963 2582)
4(807 2582 2963 2853)
4(811 2854 2963 2894)
5(800 528 803 241 2852)
4(728 241 803 530)
4(86 394 728 530)
4(241 2852 2961 2853)
4(416 2569 2961 2884)
4(800 2884 2961 2852)
4(807 2853 2961 2569)
4(161 421 811 477)
4(161 530 728 421)
5(163 242 810 2826 128)
4(812 417 810 242)
5(163 132 2830 811 242)
4(729 242 811 421)
4(51 108 729 421)
6(810 2893 447 2894 811 242)
4(128 2398 2959 2826)
4(447 2893 2959 2400)
4(810 2826 2959 2893)
4(132 2830 2964 2399)
4(447 2400 2964 2894)
4(811 2894 2964 2830)
4(804 242 810 476)
4(811 242 804 477)
4(812 242 804 534)
4(804 242 729 535)
4(88 395 812 534)
4(88 535 729 395)
4(161 421 729 535)
3(88 534 536)
4(88 395 813 536)
4(814 244 712 478)
4(712 244 815 479)
4(815 244 814 481)
4(75 481 814 478)
4(75 479 815 481)
4(677 516 712 244)
3(712 784 244)
3(516 677 345)
4(814 520 677 244)
4(814 244 720 521)
4(83 520 814 521)
4(83 347 677 520)
4(83 521 720 347)
5(815 244 784 523 2598)
5(815 2602 525 720 244)
4(84 2423 2730 2421)
4(523 2421 2730 2598)
4(525 2602 2730 2423)
4(815 2598 2730 2602)
5(84 348 720 525 2423)
4(151 478 814 520)
4(151 520 677 516)
4(523 2598 815 479)
4(165 521 814 481)
5(165 481 815 2602 525)
4(165 525 720 521)
4(713 245 816 478)
4(816 245 817 482)
4(75 478 816 482)
4(75 482 817 480)
4(816 245 678 539)
4(816 541 737 245)
4(89 541 816 539)
4(89 539 678 359)
4(151 539 816 478)
4(151 517 678 539)
4(166 482 816 541)
4(166 543 817 482)
4(814 478 816 246)
4(814 246 818 481)
4(818 246 816 482)
4(75 481 818 482)
4(679 520 814 246)
4(721 246 814 521)
4(83 520 679 361)
4(679 246 816 539)
4(816 246 819 541)
4(89 541 819 362)
4(89 362 679 539)
4(818 246 721 546)
4(819 246 818 547)
4(91 547 818 546)
4(91 364 819 547)
4(151 539 679 520)
4(165 546 818 481)
4(166 482 818 547)
4(166 547 819 541)
4(67 2401 2966 2403)
4(67 2403 2731 451)
4(2644 2795 2966 2401)
4(2731 2403 2966 2795)
5(75 450 2895 820 479)
4(75 480 2583 450)
4(450 2583 2965 2895)
3(820 2895 2965)
6(167 2842 247 820 2827 129)
6(786 2885 418 820 247 2527)
4(103 2437 2924 2436)
4(167 2436 2924 2842)
4(247 2842 2924 2527)
4(786 2527 2924 2437)
4(103 2378 2948 2437)
4(786 2437 2948 2885)
6(167 131 2829 821 247 2842)
5(821 420 722 2526 247)
5(50 420 821 2829 131)
5(50 105 2819 722 420)
4(105 2439 2925 2819)
4(167 2842 2925 2439)
4(247 2526 2925 2842)
4(722 2819 2925 2526)
6(820 2895 450 2896 821 247)
4(67 2402 2967 2403)
4(129 2401 2966 2827)
4(450 2895 2966 2403)
4(820 2827 2966 2895)
4(131 2829 2967 2402)
4(450 2403 2967 2896)
4(821 2896 2967 2829)
5(815 2528 247 820 479)
5(821 247 2528 815 481)
5(75 450 2896 821 481)
4(84 2423 2665 2419)
4(2711 2419 2665 2350)
4(2730 2421 2711 2350)
4(2665 2423 2730 2350)
4(247 2527 2732 2528)
4(523 2598 2732 2597)
4(786 2597 2732 2527)
4(815 2528 2732 2598)
4(165 481 821 420)
5(165 420 722 2601 525)
4(247 2528 2733 2526)
4(525 2601 2733 2602)
4(722 2526 2733 2601)
4(815 2602 2733 2528)
4(54 425 2736 2384)
4(54 2384 2737 424)
4(2737 2351 824 424)
4(824 2351 2736 425)
4(2737 2384 2736 2351)
4(67 2403 2739 452)
4(2739 2352 825 452)
4(2739 2403 2731 2352)
5(817 248 2529 822 482)
5(75 482 822 2584 450)
3(248 2738 2529)
4(450 2584 2738 2583)
4(822 2529 2738 2584)
5(166 427 2570 822 482)
5(166 543 823 2571 427)
4(248 2529 2735 2530)
4(427 2571 2735 2570)
4(822 2570 2735 2529)
4(823 2530 2735 2571)
5(723 420 821 2856 249)
4(50 420 723 396)
4(131 2467 2968 2829)
4(249 2856 2968 2855)
4(777 2855 2968 2467)
4(821 2829 2968 2856)
4(54 2383 2971 2384)
4(2702 425 2736 2796)
4(2702 2796 2971 2383)
4(2971 2796 2736 2384)
4(2703 2402 2967 2797)
4(2739 452 2703 2797)
4(2967 2403 2739 2797)
5(818 249 2856 821 481)
5(822 2857 249 818 482)
4(249 2857 2972 2856)
4(450 2896 2972 2584)
4(821 2856 2972 2896)
4(822 2584 2972 2857)
4(723 249 818 546)
5(818 249 2858 826 547)
4(91 547 826 399)
4(91 399 723 546)
4(165 546 723 420)
5(166 427 2886 826 547)
4(249 2858 2970 2857)
4(427 2570 2970 2886)
4(822 2857 2970 2570)
4(826 2886 2970 2858)
3(827 734 483)
4(76 486 827 483)
3(76 484 486)
4(152 483 827 538)
3(152 538 531)
4(735 250 828 483)
4(829 250 735 485)
4(828 250 829 487)
4(76 483 828 487)
4(76 487 829 485)
4(685 250 735 532)
4(730 533 735 250)
4(87 368 685 532)
4(828 250 685 549)
4(828 551 758 250)
4(92 551 828 549)
4(92 549 685 369)
4(829 554 730 250)
4(829 250 758 555)
4(94 554 829 555)
4(152 549 828 483)
4(152 532 685 549)
4(170 485 829 554)
4(172 487 828 551)
4(172 555 829 487)
4(827 483 828 251)
4(830 251 828 487)
4(76 486 830 487)
4(686 251 828 549)
4(828 251 831 551)
4(92 551 831 372)
4(92 372 686 549)
4(152 549 686 538)
4(172 487 830 558)
4(172 558 831 551)
5(173 133 2831 832 252)
4(832 422 813 252)
5(833 2832 134 173 252)
4(833 252 731 423)
5(53 134 2832 833 423)
4(53 423 731 110)
6(833 2898 453 2897 832 252)
4(68 2404 2973 2406)
4(68 2406 2974 2405)
4(133 2831 2973 2404)
4(453 2406 2973 2897)
4(832 2897 2973 2831)
4(134 2405 2974 2832)
4(453 2898 2974 2406)
4(833 2832 2974 2898)
4(832 252 736 484)
4(736 252 833 485)
5(76 453 2897 832 484)
5(76 485 833 2898 453)
4(736 252 813 536)
4(731 252 736 537)
4(88 395 731 537)
4(170 423 833 485)
4(170 537 731 423)
4(68 454 2740 2406)
4(2655 2404 2973 2798)
4(2973 2406 2740 2798)
4(76 453 2585 486)
4(453 2897 2975 2585)
3(832 2975 2897)
5(732 253 2860 833 423)
4(53 400 732 423)
4(134 2832 2976 2469)
4(253 2859 2976 2860)
4(778 2469 2976 2859)
4(833 2860 2976 2832)
4(56 430 2741 2387)
4(56 2387 2979 2386)
4(2704 2799 2741 430)
4(2979 2799 2704 2386)
4(2741 2799 2979 2387)
4(68 2406 2742 455)
4(2974 2405 2705 2800)
4(2742 2800 2705 455)
4(2742 2406 2974 2800)
5(829 485 833 2860 253)
5(829 253 2861 834 487)
5(76 487 834 2586 453)
4(253 2860 2980 2861)
4(453 2586 2980 2898)
4(833 2898 2980 2860)
4(834 2861 2980 2586)
4(732 554 829 253)
5(835 2862 253 829 555)
4(94 403 835 555)
4(94 554 732 403)
4(170 423 732 554)
5(172 432 2573 834 487)
5(172 555 835 2887 432)
4(253 2861 2978 2862)
4(432 2887 2978 2573)
4(834 2573 2978 2861)
4(835 2862 2978 2887)
4(56 429 2745 2387)
4(837 2353 2745 429)
4(837 430 2741 2353)
4(2741 2387 2745 2353)
4(2742 455 838 2354)
4(2740 2406 2742 2354)
5(834 2531 254 830 487)
3(254 2531 2746)
4(453 2585 2746 2586)
4(834 2586 2746 2531)
5(172 432 2574 836 558)
4(254 2532 2744 2531)
4(432 2573 2744 2574)
4(834 2531 2744 2573)
4(836 2574 2744 2532)
4(839 255 738 488)
4(738 255 840 489)
4(840 255 839 491)
4(77 491 839 488)
4(77 489 840 491)
4(689 540 738 255)
4(738 541 819 255)
4(89 540 689 362)
4(839 544 689 255)
4(839 255 743 545)
4(90 544 839 545)
4(90 363 689 544)
4(840 255 819 547)
4(840 548 743 255)
4(91 548 840 547)
4(153 488 839 544)
4(153 544 689 540)
4(166 547 840 489)
4(175 545 839 491)
4(175 491 840 548)
3(739 841 488)
4(77 488 841 492)
3(77 492 490)
4(153 559 841 488)
3(153 542 559)
4(839 488 841 256)
4(839 256 842 491)
4(842 256 841 492)
4(77 491 842 492)
4(690 544 839 256)
4(744 256 839 545)
4(90 544 690 373)
4(90 373 744 545)
4(690 256 841 559)
3(841 256 843)
3(374 690 559)
5(842 256 744 563 2604)
5(843 256 842 2605 564)
4(96 2429 2747 2428)
5(96 377 843 564 2429)
4(563 2428 2747 2604)
4(564 2605 2747 2429)
4(842 2604 2747 2605)
5(96 2428 563 744 377)
4(153 559 690 544)
5(175 563 2604 842 491)
4(175 545 744 563)
4(492 842 2605 564)
4(54 2384 2750 426)
4(2737 424 845 2355)
4(2750 2355 845 426)
4(2750 2384 2737 2355)
4(69 457 2752 2409)
4(69 2409 2753 458)
4(846 2356 2752 457)
4(2753 2409 2752 2356)
5(844 2534 257 740 489)
5(77 456 2587 844 489)
4(77 490 2588 456)
3(257 2534 2751)
4(456 2588 2751 2587)
4(844 2587 2751 2534)
5(166 489 844 2572 427)
4(257 2533 2749 2534)
4(427 2572 2749 2571)
4(823 2571 2749 2533)
4(844 2534 2749 2572)
4(2750 426 2706 2801)
4(2706 2383 2971 2801)
4(2971 2384 2750 2801)
5(847 428 745 258 2866)
5(55 428 847 2833 137)
4(55 398 745 428)
4(137 2833 2983 2474)
4(258 2863 2983 2866)
4(779 2474 2983 2863)
4(847 2866 2983 2833)
4(69 2407 2985 2409)
4(2707 457 2752 2802)
4(2707 2802 2985 2407)
4(2985 2802 2752 2409)
5(840 258 2865 844 489)
5(847 2866 258 840 491)
5(77 456 2899 847 491)
4(258 2866 2984 2865)
4(456 2587 2984 2899)
4(844 2865 2984 2587)
4(847 2899 2984 2866)
5(826 2864 258 840 547)
4(840 258 745 548)
4(91 548 745 399)
4(258 2865 2982 2864)
4(427 2886 2982 2572)
4(826 2864 2982 2886)
4(844 2572 2982 2865)
4(175 491 847 428)
4(175 428 745 548)
4(69 2409 2987 2408)
4(2987 2803 2656 2408)
4(2753 2803 2987 2409)
5(77 492 848 2900 456)
4(456 2900 2986 2588)
3(848 2986 2900)
6(177 2843 259 847 2833 137)
5(746 428 847 259 2535)
5(55 428 746 2821 116)
4(116 2821 2930 2454)
4(177 2454 2930 2843)
4(259 2843 2930 2535)
4(746 2535 2930 2821)
6(177 141 2835 848 259 2843)
6(849 2537 259 848 434 2888)
4(117 2455 2931 2456)
4(177 2843 2931 2455)
4(259 2537 2931 2843)
4(849 2456 2931 2537)
4(117 2456 2988 2389)
4(849 2888 2988 2456)
6(847 2899 456 2900 848 259)
4(137 2407 2985 2833)
4(456 2899 2985 2409)
4(847 2833 2985 2899)
4(141 2835 2987 2408)
4(456 2409 2987 2900)
4(848 2900 2987 2835)
5(842 2536 259 847 491)
5(848 259 2536 842 492)
4(96 2429 2756 2427)
4(96 2427 2683 2428)
4(2683 2427 2756 2357)
4(2747 2428 2683 2357)
4(2756 2429 2747 2357)
5(175 563 2603 746 428)
4(259 2535 2754 2536)
4(563 2604 2754 2603)
4(746 2603 2754 2535)
4(842 2536 2754 2604)
4(259 2536 2755 2537)
4(564 2606 2755 2605)
4(842 2605 2755 2536)
4(849 2537 2755 2606)
4(850 260 759 493)
4(759 260 851 494)
4(78 496 850 493)
4(78 494 851 496)
4(697 550 759 260)
4(759 551 831 260)
4(92 550 697 372)
4(154 493 850 557)
4(154 557 697 550)
4(172 558 851 494)
4(760 261 852 493)
4(853 261 760 495)
4(852 261 853 497)
4(78 493 852 497)
4(78 497 853 495)
4(698 261 760 552)
4(752 553 760 261)
4(93 382 698 552)
4(852 261 698 575)
3(852 770 261)
3(575 698 384)
4(853 577 752 261)
4(853 261 770 579)
4(100 577 853 579)
4(154 575 852 493)
4(154 552 698 575)
4(180 495 853 577)
3(579 853 497)
3(850 493 852)
3(78 496 497)
3(154 575 557)
4(56 2387 2757 431)
4(2757 2804 2694 431)
4(2979 2386 2694 2804)
4(2757 2387 2979 2804)
5(855 2870 262 753 433)
5(57 140 2834 855 433)
4(57 433 753 402)
4(140 2479 2991 2834)
4(262 2870 2991 2867)
4(772 2867 2991 2479)
4(855 2834 2991 2870)
4(70 460 2758 2412)
4(70 2412 2993 2410)
4(2695 2805 2758 460)
4(2993 2805 2695 2410)
4(2758 2805 2993 2412)
5(854 2869 262 761 494)
5(761 262 2870 855 495)
5(78 459 2589 854 494)
5(78 495 855 2901 459)
4(262 2869 2992 2870)
4(459 2901 2992 2589)
4(854 2589 2992 2869)
4(855 2870 2992 2901)
5(761 262 2868 835 555)
4(753 262 761 556)
4(94 403 753 556)
5(172 494 854 2575 432)
4(262 2868 2990 2869)
4(432 2575 2990 2887)
4(835 2887 2990 2868)
4(854 2869 2990 2575)
4(180 433 855 495)
4(180 556 753 433)
4(856 429 2745 2358)
4(2757 431 856 2358)
4(2745 2387 2757 2358)
4(70 461 2762 2412)
4(857 460 2758 2359)
4(2758 2412 2762 2359)
5(851 263 2539 854 494)
4(78 459 2590 496)
3(263 2761 2539)
4(459 2589 2761 2590)
4(854 2539 2761 2589)
4(263 2539 2760 2538)
4(432 2574 2760 2575)
4(836 2538 2760 2574)
4(854 2575 2760 2539)
5(855 264 184 140 2834)
4(754 264 855 433)
4(57 120 754 433)
5(858 2839 147 184 264)
4(859 442 858 264)
6(858 2902 459 2901 855 264)
4(70 2412 2994 2411)
4(140 2834 2993 2410)
4(459 2412 2993 2901)
4(855 2901 2993 2834)
4(147 2411 2994 2839)
4(459 2902 2994 2412)
4(858 2839 2994 2902)
4(853 495 855 264)
4(853 264 858 497)
5(78 497 858 2902 459)
4(754 577 853 264)
4(859 264 853 579)
4(100 411 859 579)
4(100 577 754 411)
4(180 433 754 577)
4(2994 2411 2657 2806)
4(2762 2412 2994 2806)
4(459 2590 2995 2902)
3(858 2902 2995)
6(96 2431 566 860 564 2429)
4(96 2431 2763 2427)
4(265 2540 2639 2541)
4(404 2564 2639 2563)
4(849 2563 2639 2540)
4(861 2541 2639 2564)
4(404 2563 2756 2427)
4(564 2429 2756 2606)
4(849 2606 2756 2563)
4(404 2427 2763 2564)
4(566 2610 2763 2431)
4(861 2564 2763 2610)
4(862 266 763 498)
4(763 266 863 499)
4(863 266 862 501)
4(79 501 862 498)
4(79 499 863 501)
4(701 560 763 266)
4(747 266 763 561)
4(95 560 701 378)
4(862 569 701 266)
4(862 266 766 571)
4(98 569 862 571)
4(98 380 701 569)
4(863 266 747 572)
4(863 574 766 266)
4(99 574 863 572)
4(155 498 862 569)
4(155 569 701 560)
4(178 572 863 499)
4(185 571 862 501)
4(185 501 863 574)
3(764 864 498)
4(79 498 864 502)
3(79 502 500)
4(155 581 864 498)
3(155 562 581)
4(862 498 864 267)
4(862 267 865 501)
4(79 501 865 502)
4(702 569 862 267)
4(866 267 862 571)
4(98 387 866 571)
4(98 569 702 387)
4(155 581 702 569)
4(185 583 865 501)
4(185 571 866 583)
6(186 142 2836 867 268 2844)
5(867 435 748 2542 268)
5(59 435 867 2836 142)
5(59 118 2823 748 435)
4(118 2457 2934 2823)
4(186 2844 2934 2457)
4(268 2542 2934 2844)
4(748 2823 2934 2542)
6(868 2837 143 186 2844 268)
6(868 268 2544 861 2889 436)
4(119 2459 2935 2458)
4(186 2458 2935 2844)
4(268 2844 2935 2544)
4(861 2544 2935 2459)
4(119 2391 2996 2459)
4(861 2459 2996 2889)
6(868 2904 462 2903 867 268)
4(71 2413 2997 2415)
4(71 2415 2998 2414)
4(142 2836 2997 2413)
4(462 2415 2997 2903)
4(867 2903 2997 2836)
4(143 2414 2998 2837)
4(462 2904 2998 2415)
4(868 2837 2998 2904)
5(867 268 2543 765 499)
5(765 2543 268 868 500)
5(79 462 2903 867 499)
5(79 500 868 2904 462)
4(96 2430 2684 2427)
4(2763 2427 2684 2360)
4(2684 2430 2693 2360)
4(2693 2431 2763 2360)
4(178 499 867 435)
5(178 435 748 2607 565)
4(268 2543 2764 2542)
4(565 2607 2764 2608)
4(748 2542 2764 2607)
4(765 2608 2764 2543)
4(268 2544 2765 2543)
4(566 2609 2765 2610)
4(765 2543 2765 2609)
4(861 2610 2765 2544)
5(749 435 867 2872 269)
4(59 435 749 407)
4(142 2480 2999 2836)
4(269 2872 2999 2871)
4(781 2871 2999 2480)
4(867 2836 2999 2872)
4(62 2394 2766 439)
4(62 2393 3002 2394)
4(2766 2807 2708 439)
4(2708 2807 3002 2393)
4(3002 2807 2766 2394)
4(71 463 2767 2415)
4(2709 2413 2997 2808)
4(2709 2808 2767 463)
4(2997 2415 2767 2808)
5(863 269 2872 867 499)
5(869 2873 269 863 501)
5(79 462 2591 869 501)
4(269 2873 3003 2872)
4(462 2903 3003 2591)
4(867 2872 3003 2903)
4(869 2591 3003 2873)
4(749 269 863 572)
5(863 269 2874 870 574)
4(99 574 870 410)
4(99 410 749 572)
4(178 572 749 435)
5(185 501 869 2576 441)
5(185 441 2890 870 574)
4(269 2874 3001 2873)
4(441 2576 3001 2890)
4(869 2873 3001 2576)
4(870 2890 3001 2874)
4(71 2415 2768 464)
4(2998 2414 2658 2809)
4(2768 2415 2998 2809)
5(79 502 871 2592 462)
4(462 2592 3005 2904)
3(868 2904 3005)
4(62 2394 2771 438)
4(2771 2361 873 438)
4(2766 439 873 2361)
4(2771 2394 2766 2361)
4(874 463 2767 2362)
4(2768 464 874 2362)
4(2767 2415 2768 2362)
5(865 270 2545 869 501)
4(270 2546 2773 2545)
4(462 2591 2773 2592)
4(869 2545 2773 2591)
4(871 2592 2773 2546)
5(185 583 872 2577 441)
4(270 2545 2770 2547)
4(441 2577 2770 2576)
4(869 2576 2770 2545)
4(872 2547 2770 2577)
4(875 271 767 503)
4(767 271 876 504)
4(876 271 875 506)
4(80 506 875 503)
4(80 504 876 506)
4(704 567 767 271)
4(755 271 767 568)
4(97 567 704 383)
4(875 576 704 271)
3(875 271 771)
3(385 704 576)
4(876 271 755 578)
4(876 580 771 271)
4(100 580 876 578)
4(156 503 875 576)
4(156 576 704 567)
4(181 578 876 504)
3(506 876 580)
4(768 272 877 503)
4(878 272 768 505)
4(80 503 877 507)
4(80 507 878 505)
4(705 272 768 570)
4(768 272 866 571)
4(98 387 705 570)
4(156 582 877 503)
4(156 570 705 582)
4(185 505 878 583)
3(875 503 877)
3(80 506 507)
3(156 582 576)
5(879 437 756 273 2877)
5(61 437 879 2838 144)
4(61 408 756 437)
4(144 2838 3006 2482)
4(273 2875 3006 2877)
4(773 2482 3006 2875)
4(879 2877 3006 2838)
4(62 440 2774 2394)
4(2696 2810 2774 440)
4(2696 2393 3002 2810)
4(3002 2394 2774 2810)
4(72 2416 3010 2418)
4(72 2418 2775 466)
4(2697 2811 3010 2416)
4(2775 2811 2697 466)
4(2775 2418 3010 2811)
5(879 2877 273 769 504)
5(769 273 2878 880 505)
5(80 465 2905 879 504)
5(80 505 880 2593 465)
4(273 2877 3009 2878)
4(465 2593 3009 2905)
4(879 2905 3009 2877)
4(880 2878 3009 2593)
4(756 573 769 273)
5(769 574 870 2876 273)
4(99 573 756 410)
4(181 504 879 437)
4(181 437 756 573)
5(185 441 2578 880 505)
4(273 2878 3008 2876)
4(441 2890 3008 2578)
4(870 2876 3008 2890)
4(880 2578 3008 2878)
5(188 274 879 2838 144)
4(757 437 879 274)
4(61 437 757 121)
5(188 148 2840 881 274)
4(882 274 881 443)
6(879 2905 465 2906 881 274)
4(72 2417 3011 2418)
4(144 2416 3010 2838)
4(465 2905 3010 2418)
4(879 2838 3010 2905)
4(148 2840 3011 2417)
4(465 2418 3011 2906)
4(881 2906 3011 2840)
4(876 274 879 504)
4(881 274 876 506)
5(80 465 2906 881 506)
4(757 274 876 578)
4(876 274 882 580)
4(100 580 882 411)
4(100 411 757 578)
4(181 578 757 437)
4(2771 438 884 2363)
4(884 440 2774 2363)
4(2774 2394 2771 2363)
4(72 2418 2780 467)
4(2775 466 885 2364)
4(2780 2364 885 467)
4(2780 2418 2775 2364)
5(878 505 880 2549 275)
5(80 507 883 2594 465)
4(275 2549 2779 2550)
4(465 2594 2779 2593)
4(880 2593 2779 2549)
4(883 2550 2779 2594)
4(275 2548 2777 2549)
4(441 2578 2777 2577)
4(872 2577 2777 2548)
4(880 2549 2777 2578)
4(2659 2417 3011 2812)
4(3011 2418 2780 2812)
4(465 2906 3012 2594)
3(881 3012 2906)
5(1708 284 1454 609 886)
5(613 1457 285 1708 886)
4(277 1422 1709 1067)
4(284 1070 1709 1454)
4(609 1454 1709 1422)
4(277 1067 1711 1423)
4(285 1457 1711 1071)
4(613 1423 1711 1457)
4(1708 1073 1706 886)
5(1 1074 278 1706 1073)
5(1 1073 1708 284 1076)
4(278 1074 1710 1425)
4(284 1454 1710 1076)
4(609 1425 1710 1454)
4(1708 886 1707 1086)
5(3 1086 1707 280 1087)
5(3 1088 285 1708 1086)
4(280 1432 1712 1087)
4(285 1088 1712 1457)
4(613 1457 1712 1432)
4(4 1073 1706 1065)
4(4 1065 1707 1086)
4(4 1086 1708 1073)
5(1714 287 1464 611 887)
4(1714 887 1706 1073)
4(278 1426 1715 1074)
4(287 1077 1715 1464)
4(611 1464 1715 1426)
6(2 1083 289 1714 287 1081)
4(279 1079 1716 1428)
4(287 1464 1716 1081)
4(611 1428 1716 1464)
4(279 1430 1717 1079)
4(289 1083 1717 1471)
4(616 1471 1717 1430)
4(4 1092 1713 1065)
4(4 1073 1714 1092)
4(1721 1086 1707 888)
5(618 1485 292 1721 888)
4(280 1087 1722 1434)
4(292 1485 1722 1090)
4(618 1434 1722 1485)
4(1721 1093 1720 888)
4(4 1065 1720 1093)
4(4 1093 1721 1086)
5(620 1502 297 1721 888)
6(6 1101 292 1721 297 1103)
4(281 1435 1723 1100)
4(292 1101 1723 1485)
4(618 1485 1723 1435)
4(281 1100 1724 1437)
4(297 1502 1724 1103)
4(620 1437 1724 1502)
5(7 1093 1720 282 1106)
5(7 1107 297 1721 1093)
4(282 1439 1725 1106)
4(297 1107 1725 1502)
4(620 1502 1725 1439)
4(1726 889 1720 1093)
5(7 1093 1726 299 1108)
4(282 1106 1727 1440)
4(299 1510 1727 1108)
4(621 1440 1727 1510)
3(1731 1732 1283)
4(197 1284 1731 1283)
4(197 1283 1732 1285)
3(197 1285 1284)
3(610 1443 1444)
4(610 1283 1731 1443)
4(610 1444 1732 1283)
4(1735 890 1736 1289)
4(1736 890 1737 1291)
4(198 1290 1735 1289)
4(198 1289 1736 1291)
4(198 1291 1737 1290)
4(1736 890 1733 1448)
4(1736 1449 1734 890)
4(283 1448 1733 1066)
4(283 1066 1734 1449)
4(283 1449 1736 1448)
4(612 1445 1733 1448)
4(612 1289 1735 1445)
4(612 1448 1736 1289)
4(626 1449 1734 1450)
4(626 1291 1736 1449)
4(626 1450 1737 1291)
3(1738 1739 1295)
4(199 1296 1738 1295)
4(199 1295 1739 1297)
3(199 1297 1296)
3(615 1452 1453)
4(615 1295 1738 1452)
4(615 1453 1739 1295)
4(1740 1073 1708 891)
5(627 1468 288 1740 891)
4(284 1076 1744 1456)
4(288 1468 1744 1078)
4(627 1456 1744 1468)
4(1741 891 1708 1086)
5(1741 293 1488 631 891)
4(285 1459 1748 1088)
4(293 1091 1748 1488)
4(631 1488 1748 1459)
4(1741 891 1740 1094)
4(4 1094 1740 1073)
4(4 1086 1741 1094)
5(1742 304 1540 627 891)
5(631 1543 305 1742 891)
4(286 1462 1745 1118)
4(304 1121 1745 1540)
4(627 1540 1745 1462)
4(286 1118 1749 1463)
4(305 1543 1749 1122)
4(631 1463 1749 1543)
4(1742 1124 1740 891)
5(10 1125 288 1740 1124)
5(10 1124 1742 304 1127)
4(288 1125 1746 1468)
4(304 1540 1746 1127)
4(627 1468 1746 1540)
4(1742 891 1741 1137)
5(12 1137 1741 293 1138)
5(12 1139 305 1742 1137)
4(293 1488 1750 1138)
4(305 1139 1750 1543)
4(631 1543 1750 1488)
4(13 1124 1740 1094)
4(13 1094 1741 1137)
4(13 1137 1742 1124)
5(634 1473 289 1714 892)
6(634 892 629 1475 290 1477)
4(289 1473 1751 1083)
4(290 1084 1751 1477)
4(634 1477 1751 1473)
4(287 1081 1755 1466)
4(290 1475 1755 1084)
4(629 1466 1755 1475)
4(1752 892 1714 1092)
4(1752 1094 1740 892)
5(634 1496 296 1752 892)
5(5 1092 1752 296 1098)
4(289 1095 1758 1473)
4(296 1496 1758 1098)
4(634 1473 1758 1496)
5(1753 307 1550 629 892)
4(1753 892 1740 1124)
4(288 1469 1756 1125)
4(307 1128 1756 1550)
4(629 1550 1756 1469)
5(1753 309 1557 634 892)
6(11 1134 309 1753 307 1132)
4(290 1130 1757 1475)
4(307 1550 1757 1132)
4(629 1475 1757 1550)
4(290 1477 1759 1130)
4(309 1134 1759 1557)
4(634 1557 1759 1477)
4(1753 892 1752 1143)
4(13 1143 1752 1094)
4(13 1124 1753 1143)
5(14 1146 296 1752 1143)
5(14 1143 1753 309 1147)
4(296 1146 1760 1496)
4(309 1557 1760 1147)
4(634 1496 1760 1557)
4(1763 893 1764 1301)
4(1765 893 1763 1302)
4(1764 893 1765 1303)
4(200 1302 1763 1301)
4(200 1301 1764 1303)
4(200 1303 1765 1302)
4(1763 1470 1761 893)
3(1763 893 1762)
3(1082 1761 1470)
4(1764 893 1761 1472)
4(1764 1473 1751 893)
4(289 1472 1761 1083)
4(289 1473 1764 1472)
4(1765 1476 1762 893)
4(1765 893 1751 1477)
4(290 1084 1762 1476)
4(290 1476 1765 1477)
4(617 1470 1761 1472)
4(617 1301 1763 1470)
4(617 1472 1764 1301)
3(1302 1765 1476)
4(634 1303 1764 1473)
4(634 1477 1765 1303)
4(1768 894 1769 1307)
4(1770 894 1768 1308)
4(201 1308 1768 1307)
4(201 1307 1769 1309)
4(201 1309 1770 1308)
4(1768 1481 1766 894)
4(1768 894 1767 1482)
4(291 1085 1766 1481)
4(291 1482 1767 1085)
4(291 1481 1768 1482)
4(619 1481 1766 1483)
4(619 1307 1768 1481)
4(619 1483 1769 1307)
4(632 1484 1767 1482)
4(632 1482 1768 1308)
4(632 1308 1770 1484)
4(1771 1093 1721 895)
4(1771 895 1741 1094)
5(639 895 1721 297 1504)
6(637 895 639 1508 298 1506)
4(297 1103 1772 1504)
4(298 1508 1772 1105)
4(639 1504 1772 1508)
4(292 1487 1775 1101)
4(298 1105 1775 1506)
4(637 1506 1775 1487)
5(1771 301 1517 639 895)
5(7 1110 301 1771 1093)
4(297 1504 1778 1107)
4(301 1110 1778 1517)
4(639 1517 1778 1504)
4(1773 1137 1741 895)
5(637 1571 312 1773 895)
4(293 1138 1776 1490)
4(312 1571 1776 1141)
4(637 1490 1776 1571)
4(1773 1144 1771 895)
4(13 1094 1771 1144)
4(13 1144 1773 1137)
5(639 1590 317 1773 895)
6(15 1153 312 1773 317 1155)
4(298 1506 1777 1152)
4(312 1153 1777 1571)
4(637 1571 1777 1506)
4(298 1152 1779 1508)
4(317 1590 1779 1155)
4(639 1508 1779 1590)
5(16 1144 1771 301 1158)
5(16 1159 317 1773 1144)
4(301 1517 1780 1158)
4(317 1159 1780 1590)
4(639 1590 1780 1517)
5(640 1495 295 1726 896)
5(640 896 1752 296 1498)
4(295 1495 1781 1097)
4(296 1098 1781 1498)
4(640 1498 1781 1495)
5(641 896 1726 299 1512)
5(641 1518 301 1771 896)
4(299 1108 1782 1512)
4(301 1518 1782 1110)
4(641 1512 1782 1518)
6(640 1522 302 1523 641 896)
4(295 1111 1784 1495)
4(302 1522 1784 1115)
4(640 1495 1784 1522)
4(299 1512 1787 1112)
4(302 1115 1787 1523)
4(641 1523 1787 1512)
4(1783 1143 1752 896)
4(1783 896 1771 1144)
5(1783 315 1581 640 896)
5(14 1149 315 1783 1143)
4(296 1498 1785 1146)
4(315 1149 1785 1581)
4(640 1581 1785 1498)
5(641 1598 319 1783 896)
5(16 1144 1783 319 1160)
4(301 1158 1788 1518)
4(319 1598 1788 1160)
4(641 1518 1788 1598)
6(17 1165 319 1783 315 1164)
4(302 1163 1786 1522)
4(315 1581 1786 1164)
4(640 1522 1786 1581)
4(302 1523 1789 1163)
4(319 1165 1789 1598)
4(641 1598 1789 1523)
4(1792 897 1793 1313)
4(1794 897 1792 1314)
4(1793 897 1794 1315)
4(202 1314 1792 1313)
4(202 1313 1793 1315)
4(202 1315 1794 1314)
4(1792 1492 1790 897)
4(1792 897 1791 1493)
4(294 1493 1791 1096)
4(294 1492 1792 1493)
4(1793 897 1790 1494)
4(1793 1495 1781 897)
4(295 1495 1793 1494)
4(1794 1497 1791 897)
4(1794 897 1781 1498)
4(296 1098 1791 1497)
4(296 1497 1794 1498)
4(622 1313 1792 1492)
4(622 1494 1793 1313)
4(635 1497 1791 1493)
4(635 1493 1792 1314)
4(635 1314 1794 1497)
4(640 1315 1793 1495)
4(640 1498 1794 1315)
4(1797 898 1798 1319)
4(1799 898 1797 1320)
4(1798 898 1799 1321)
4(203 1320 1797 1319)
4(203 1319 1798 1321)
4(203 1321 1799 1320)
4(1797 1503 1795 898)
4(1797 898 1772 1504)
4(297 1103 1795 1503)
4(297 1503 1797 1504)
4(1798 898 1795 1505)
3(1798 1796 898)
3(1505 1795 1104)
4(1799 1508 1772 898)
4(1799 898 1796 1509)
4(298 1509 1796 1105)
4(298 1508 1799 1509)
4(624 1503 1795 1505)
4(624 1319 1797 1503)
4(624 1505 1798 1319)
4(639 1504 1797 1320)
4(639 1320 1799 1508)
3(1509 1799 1321)
4(1802 899 1803 1325)
4(1804 899 1802 1326)
4(1803 899 1804 1327)
4(204 1326 1802 1325)
4(204 1325 1803 1327)
4(204 1327 1804 1326)
4(1802 1511 1800 899)
4(1802 899 1782 1512)
4(299 1108 1800 1511)
4(299 1511 1802 1512)
4(1803 899 1800 1515)
4(1803 1516 1801 899)
4(300 1515 1800 1109)
4(300 1109 1801 1516)
4(300 1516 1803 1515)
4(1804 1518 1782 899)
4(1804 899 1801 1519)
4(301 1519 1801 1110)
4(301 1518 1804 1519)
4(625 1511 1800 1515)
4(625 1325 1802 1511)
4(625 1515 1803 1325)
4(641 1512 1802 1326)
4(641 1326 1804 1518)
4(643 1516 1801 1519)
4(643 1327 1803 1516)
4(643 1519 1804 1327)
4(302 1115 1805 1524)
4(302 1525 1806 1115)
3(302 1524 1525)
3(1807 1808 1331)
4(205 1332 1807 1331)
4(205 1331 1808 1333)
3(205 1333 1332)
3(628 1529 1530)
4(628 1331 1807 1529)
4(628 1530 1808 1331)
4(1811 900 1812 1337)
4(1812 900 1813 1339)
4(206 1338 1811 1337)
4(206 1337 1812 1339)
4(206 1339 1813 1338)
4(1812 900 1809 1534)
4(1812 1535 1810 900)
4(303 1534 1809 1117)
4(303 1117 1810 1535)
4(303 1535 1812 1534)
4(630 1531 1809 1534)
4(630 1337 1811 1531)
4(630 1534 1812 1337)
4(646 1535 1810 1536)
4(646 1339 1812 1535)
4(646 1536 1813 1339)
3(1814 1815 1343)
4(207 1344 1814 1343)
4(207 1343 1815 1345)
3(207 1345 1344)
3(633 1538 1539)
4(633 1343 1814 1538)
4(633 1539 1815 1343)
4(1816 1124 1742 901)
5(647 1554 308 1816 901)
4(304 1127 1820 1542)
4(308 1554 1820 1129)
4(647 1542 1820 1554)
4(1817 901 1742 1137)
5(1817 313 1574 651 901)
4(305 1545 1824 1139)
4(313 1142 1824 1574)
4(651 1574 1824 1545)
4(1817 901 1816 1145)
4(13 1145 1816 1124)
4(13 1137 1817 1145)
5(1818 324 1628 647 901)
5(651 1631 325 1818 901)
4(306 1548 1821 1171)
4(324 1174 1821 1628)
4(647 1628 1821 1548)
4(306 1171 1825 1549)
4(325 1631 1825 1175)
4(651 1549 1825 1631)
4(1818 1177 1816 901)
5(19 1178 308 1816 1177)
5(19 1177 1818 324 1180)
4(308 1178 1822 1554)
4(324 1628 1822 1180)
4(647 1554 1822 1628)
4(1818 901 1817 1190)
5(21 1190 1817 313 1191)
5(21 1192 325 1818 1190)
4(313 1574 1826 1191)
4(325 1192 1826 1631)
4(651 1631 1826 1574)
4(22 1177 1816 1145)
4(22 1145 1817 1190)
4(22 1190 1818 1177)
5(654 1559 309 1753 902)
6(654 902 649 1561 310 1563)
4(309 1559 1827 1134)
4(310 1135 1827 1563)
4(654 1563 1827 1559)
4(307 1132 1831 1552)
4(310 1561 1831 1135)
4(649 1552 1831 1561)
4(1828 902 1753 1143)
4(1828 1145 1816 902)
5(654 1584 316 1828 902)
5(14 1143 1828 316 1150)
4(309 1147 1834 1559)
4(316 1584 1834 1150)
4(654 1559 1834 1584)
5(1829 327 1638 649 902)
4(1829 902 1816 1177)
4(308 1555 1832 1178)
4(327 1181 1832 1638)
4(649 1638 1832 1555)
5(1829 329 1645 654 902)
6(20 1187 329 1829 327 1185)
4(310 1183 1833 1561)
4(327 1638 1833 1185)
4(649 1561 1833 1638)
4(310 1563 1835 1183)
4(329 1187 1835 1645)
4(654 1645 1835 1563)
4(1829 902 1828 1196)
4(22 1196 1828 1145)
4(22 1177 1829 1196)
5(23 1199 316 1828 1196)
5(23 1196 1829 329 1200)
4(316 1199 1836 1584)
4(329 1645 1836 1200)
4(654 1584 1836 1645)
4(1839 903 1840 1349)
4(1841 903 1839 1350)
4(1840 903 1841 1351)
4(208 1350 1839 1349)
4(208 1349 1840 1351)
4(208 1351 1841 1350)
4(1839 1556 1837 903)
3(1839 903 1838)
3(1133 1837 1556)
4(1840 903 1837 1558)
4(1840 1559 1827 903)
4(309 1558 1837 1134)
4(309 1559 1840 1558)
4(1841 1562 1838 903)
4(1841 903 1827 1563)
4(310 1135 1838 1562)
4(310 1562 1841 1563)
4(636 1556 1837 1558)
4(636 1349 1839 1556)
4(636 1558 1840 1349)
3(1350 1841 1562)
4(654 1351 1840 1559)
4(654 1563 1841 1351)
4(1844 904 1845 1355)
4(1846 904 1844 1356)
4(209 1356 1844 1355)
4(209 1355 1845 1357)
4(209 1357 1846 1356)
4(1844 1567 1842 904)
4(1844 904 1843 1568)
4(311 1136 1842 1567)
4(311 1568 1843 1136)
4(311 1567 1844 1568)
4(638 1567 1842 1569)
4(638 1355 1844 1567)
4(638 1569 1845 1355)
4(652 1570 1843 1568)
4(652 1568 1844 1356)
4(652 1356 1846 1570)
4(1847 1144 1773 905)
4(1847 905 1817 1145)
5(659 905 1773 317 1592)
6(657 905 659 1596 318 1594)
4(317 1155 1848 1592)
4(318 1596 1848 1157)
4(659 1592 1848 1596)
4(312 1573 1851 1153)
4(318 1157 1851 1594)
4(657 1594 1851 1573)
5(1847 321 1605 659 905)
5(16 1162 321 1847 1144)
4(317 1592 1854 1159)
4(321 1162 1854 1605)
4(659 1605 1854 1592)
4(1849 1190 1817 905)
5(657 1659 332 1849 905)
4(313 1191 1852 1576)
4(332 1659 1852 1194)
4(657 1576 1852 1659)
4(1849 1197 1847 905)
4(22 1145 1847 1197)
4(22 1197 1849 1190)
5(659 1678 337 1849 905)
6(24 1206 332 1849 337 1208)
4(318 1594 1853 1205)
4(332 1206 1853 1659)
4(657 1659 1853 1594)
4(318 1205 1855 1596)
4(337 1678 1855 1208)
4(659 1596 1855 1678)
5(25 1197 1847 321 1211)
5(25 1212 337 1849 1197)
4(321 1605 1856 1211)
4(337 1212 1856 1678)
4(659 1678 1856 1605)
5(660 1583 315 1783 906)
5(660 906 1828 316 1586)
4(315 1583 1857 1149)
4(316 1150 1857 1586)
4(660 1586 1857 1583)
5(661 906 1783 319 1600)
5(661 1606 321 1847 906)
4(319 1160 1858 1600)
4(321 1606 1858 1162)
4(661 1600 1858 1606)
6(660 1610 322 1611 661 906)
4(315 1164 1860 1583)
4(322 1610 1860 1168)
4(660 1583 1860 1610)
4(319 1600 1863 1165)
4(322 1168 1863 1611)
4(661 1611 1863 1600)
4(1859 1196 1828 906)
4(1859 906 1847 1197)
5(1859 335 1669 660 906)
5(23 1202 335 1859 1196)
4(316 1586 1861 1199)
4(335 1202 1861 1669)
4(660 1669 1861 1586)
5(661 1686 339 1859 906)
5(25 1197 1859 339 1213)
4(321 1211 1864 1606)
4(339 1686 1864 1213)
4(661 1606 1864 1686)
6(26 1218 339 1859 335 1217)
4(322 1216 1862 1610)
4(335 1669 1862 1217)
4(660 1610 1862 1669)
4(322 1611 1865 1216)
4(339 1218 1865 1686)
4(661 1686 1865 1611)
4(1868 907 1869 1361)
4(1870 907 1868 1362)
4(1869 907 1870 1363)
4(210 1362 1868 1361)
4(210 1361 1869 1363)
4(210 1363 1870 1362)
4(1868 1579 1866 907)
4(1868 907 1867 1580)
4(314 1148 1866 1579)
4(314 1580 1867 1148)
4(314 1579 1868 1580)
4(1869 907 1866 1582)
4(1869 1583 1857 907)
4(315 1582 1866 1149)
4(315 1583 1869 1582)
4(1870 1585 1867 907)
4(1870 907 1857 1586)
4(316 1150 1867 1585)
4(316 1585 1870 1586)
4(642 1579 1866 1582)
4(642 1361 1868 1579)
4(642 1582 1869 1361)
4(655 1585 1867 1580)
4(655 1580 1868 1362)
4(655 1362 1870 1585)
4(660 1363 1869 1583)
4(660 1586 1870 1363)
4(1873 908 1874 1367)
4(1875 908 1873 1368)
4(1874 908 1875 1369)
4(211 1368 1873 1367)
4(211 1367 1874 1369)
4(211 1369 1875 1368)
4(1873 1591 1871 908)
4(1873 908 1848 1592)
4(317 1155 1871 1591)
4(317 1591 1873 1592)
4(1874 908 1871 1593)
3(1874 1872 908)
3(1593 1871 1156)
4(1875 1596 1848 908)
4(1875 908 1872 1597)
4(318 1597 1872 1157)
4(318 1596 1875 1597)
4(644 1591 1871 1593)
4(644 1367 1873 1591)
4(644 1593 1874 1367)
4(659 1592 1873 1368)
4(659 1368 1875 1596)
3(1597 1875 1369)
4(1878 909 1879 1373)
4(1880 909 1878 1374)
4(1879 909 1880 1375)
4(212 1374 1878 1373)
4(212 1373 1879 1375)
4(212 1375 1880 1374)
4(1878 1599 1876 909)
4(1878 909 1858 1600)
4(319 1160 1876 1599)
4(319 1599 1878 1600)
4(1879 909 1876 1603)
4(1879 1604 1877 909)
4(320 1603 1876 1161)
4(320 1161 1877 1604)
4(320 1604 1879 1603)
4(1880 1606 1858 909)
4(1880 909 1877 1607)
4(321 1607 1877 1162)
4(321 1606 1880 1607)
4(645 1599 1876 1603)
4(645 1373 1878 1599)
4(645 1603 1879 1373)
4(661 1600 1878 1374)
4(661 1374 1880 1606)
4(663 1604 1877 1607)
4(663 1375 1879 1604)
4(663 1607 1880 1375)
4(322 1168 1881 1612)
4(322 1613 1882 1168)
3(322 1612 1613)
3(1883 1884 1379)
4(213 1380 1883 1379)
4(213 1379 1884 1381)
3(213 1381 1380)
3(648 1617 1618)
4(648 1379 1883 1617)
4(648 1618 1884 1379)
4(1887 910 1888 1384)
4(1888 910 1889 1386)
4(214 1385 1887 1384)
4(214 1384 1888 1386)
4(214 1386 1889 1385)
4(1888 910 1885 1622)
4(1888 1623 1886 910)
4(323 1622 1885 1170)
4(323 1170 1886 1623)
4(323 1623 1888 1622)
4(650 1619 1885 1622)
4(650 1384 1887 1619)
4(650 1622 1888 1384)
4(666 1623 1886 1624)
4(666 1386 1888 1623)
4(666 1624 1889 1386)
3(1890 1891 1389)
4(215 1390 1890 1389)
4(215 1389 1891 1391)
3(215 1391 1390)
3(653 1626 1627)
4(653 1389 1890 1626)
4(653 1627 1891 1389)
4(1892 1177 1818 911)
5(667 1642 328 1892 911)
4(324 1180 1895 1630)
4(328 1642 1895 1182)
4(667 1630 1895 1642)
4(1893 911 1818 1190)
5(1893 333 1662 675 911)
4(325 1633 1899 1192)
4(333 1195 1899 1662)
4(675 1662 1899 1633)
4(1893 911 1892 1198)
4(22 1198 1892 1177)
4(22 1190 1893 1198)
6(667 911 680 2813 82 1232)
6(680 911 675 1233 83 2814)
4(82 346 1896 1232)
4(326 1636 1896 1223)
4(667 1232 1896 1636)
4(83 1233 1900 347)
4(326 1223 1900 1637)
4(675 1637 1900 1233)
4(82 2813 2915 346)
4(83 347 2915 2814)
4(680 2814 2915 2813)
4(680 349 1892 911)
5(28 1224 328 1892 349)
4(82 1232 1897 351)
4(328 1224 1897 1642)
4(667 1642 1897 1232)
4(1893 360 680 911)
5(30 360 1893 333 1226)
4(83 361 1901 1233)
4(333 1662 1901 1226)
4(675 1233 1901 1662)
4(31 349 1892 1198)
4(31 1198 1893 360)
5(681 1647 329 1829 912)
6(681 912 671 1649 330 1651)
4(329 1647 1902 1187)
4(330 1188 1902 1651)
4(681 1651 1902 1647)
4(327 1185 1905 1640)
4(330 1649 1905 1188)
4(671 1640 1905 1649)
4(1903 912 1829 1196)
4(1903 1198 1892 912)
5(681 1672 336 1903 912)
5(23 1196 1903 336 1203)
4(329 1200 1908 1647)
4(336 1672 1908 1203)
4(681 1647 1908 1672)
5(671 912 682 85 1234)
4(682 912 1892 349)
4(85 352 1906 1234)
4(328 1643 1906 1224)
4(671 1234 1906 1643)
5(682 87 1235 681 912)
4(85 1234 1907 355)
4(330 1225 1907 1649)
4(671 1649 1907 1234)
4(87 357 1909 1235)
4(330 1651 1909 1225)
4(681 1235 1909 1651)
4(1903 365 682 912)
4(31 365 1903 1198)
5(32 1227 336 1903 365)
4(87 1235 1910 368)
4(336 1227 1910 1672)
4(681 1672 1910 1235)
4(1913 913 1914 1394)
4(1915 913 1913 1395)
4(1914 913 1915 1396)
4(216 1395 1913 1394)
4(216 1394 1914 1396)
4(216 1396 1915 1395)
4(1913 1644 1911 913)
3(1913 913 1912)
3(1186 1911 1644)
4(1914 913 1911 1646)
4(1914 1647 1902 913)
4(329 1646 1911 1187)
4(329 1647 1914 1646)
4(1915 1650 1912 913)
4(1915 913 1902 1651)
4(330 1188 1912 1650)
4(330 1650 1915 1651)
4(656 1644 1911 1646)
4(656 1394 1913 1644)
4(656 1646 1914 1394)
3(1395 1915 1650)
4(681 1396 1914 1647)
4(681 1651 1915 1396)
4(1918 914 1919 1399)
4(1920 914 1918 1400)
4(217 1400 1918 1399)
4(217 1399 1919 1401)
4(217 1401 1920 1400)
4(1918 1655 1916 914)
4(1918 914 1917 1656)
4(331 1189 1916 1655)
4(331 1656 1917 1189)
4(331 1655 1918 1656)
4(658 1655 1916 1657)
4(658 1399 1918 1655)
4(658 1657 1919 1399)
4(676 1658 1917 1656)
4(676 1656 1918 1400)
4(676 1400 1920 1658)
4(1921 1197 1849 915)
4(1921 915 1893 1198)
5(691 915 1849 337 1680)
6(687 915 691 1684 338 1682)
4(337 1208 1922 1680)
4(338 1684 1922 1210)
4(691 1680 1922 1684)
4(332 1661 1924 1206)
4(338 1210 1924 1682)
4(687 1682 1924 1661)
5(1921 341 1693 691 915)
5(25 1215 341 1921 1197)
4(337 1680 1927 1212)
4(341 1215 1927 1693)
4(691 1693 1927 1680)
4(692 360 1893 915)
6(692 915 687 1237 90 2815)
4(90 1237 1925 363)
4(333 1226 1925 1664)
4(687 1664 1925 1237)
4(692 366 1921 915)
4(31 1198 1921 366)
6(691 1240 95 2816 692 915)
4(90 373 1926 1237)
4(338 1682 1926 1228)
4(687 1237 1926 1682)
4(95 1240 1928 375)
4(338 1228 1928 1684)
4(691 1684 1928 1240)
4(90 2815 2943 373)
4(95 375 2943 2816)
4(692 2816 2943 2815)
5(34 366 1921 341 1229)
4(95 378 1929 1240)
4(341 1693 1929 1229)
4(691 1240 1929 1693)
5(693 1671 335 1859 916)
5(693 916 1903 336 1674)
4(335 1671 1930 1202)
4(336 1203 1930 1674)
4(693 1674 1930 1671)
5(694 916 1859 339 1688)
5(694 1694 341 1921 916)
4(339 1213 1931 1688)
4(341 1694 1931 1215)
4(694 1688 1931 1694)
6(693 1698 342 1699 694 916)
4(335 1217 1932 1671)
4(342 1698 1932 1221)
4(693 1671 1932 1698)
4(339 1688 1935 1218)
4(342 1221 1935 1699)
4(694 1699 1935 1688)
4(695 365 1903 916)
4(695 916 1921 366)
5(695 93 1239 693 916)
4(93 370 1933 1239)
4(336 1674 1933 1227)
4(693 1239 1933 1674)
5(694 1241 97 695 916)
4(97 1241 1936 379)
4(341 1229 1936 1694)
4(694 1694 1936 1241)
4(93 1239 1934 382)
4(342 1230 1934 1698)
4(693 1698 1934 1239)
4(97 383 1937 1241)
4(342 1699 1937 1230)
4(694 1241 1937 1699)
4(1940 917 1941 1404)
4(1942 917 1940 1405)
4(1941 917 1942 1406)
4(218 1405 1940 1404)
4(218 1404 1941 1406)
4(218 1406 1942 1405)
4(1940 1667 1938 917)
4(1940 917 1939 1668)
4(334 1201 1938 1667)
4(334 1668 1939 1201)
4(334 1667 1940 1668)
4(1941 917 1938 1670)
4(1941 1671 1930 917)
4(335 1670 1938 1202)
4(335 1671 1941 1670)
4(1942 1673 1939 917)
4(1942 917 1930 1674)
4(336 1203 1939 1673)
4(336 1673 1942 1674)
4(662 1667 1938 1670)
4(662 1404 1940 1667)
4(662 1670 1941 1404)
4(683 1673 1939 1668)
4(683 1668 1940 1405)
4(683 1405 1942 1673)
4(693 1406 1941 1671)
4(693 1674 1942 1406)
4(1945 918 1946 1409)
4(1947 918 1945 1410)
4(1946 918 1947 1411)
4(219 1410 1945 1409)
4(219 1409 1946 1411)
4(219 1411 1947 1410)
4(1945 1679 1943 918)
4(1945 918 1922 1680)
4(337 1208 1943 1679)
4(337 1679 1945 1680)
4(1946 918 1943 1681)
3(1946 1944 918)
3(1681 1943 1209)
4(1947 1684 1922 918)
4(1947 918 1944 1685)
4(338 1685 1944 1210)
4(338 1684 1947 1685)
4(664 1679 1943 1681)
4(664 1409 1945 1679)
4(664 1681 1946 1409)
4(691 1680 1945 1410)
4(691 1410 1947 1684)
3(1685 1947 1411)
4(1950 919 1951 1414)
4(1952 919 1950 1415)
4(1951 919 1952 1416)
4(220 1415 1950 1414)
4(220 1414 1951 1416)
4(220 1416 1952 1415)
4(1950 1687 1948 919)
4(1950 919 1931 1688)
4(339 1213 1948 1687)
4(339 1687 1950 1688)
4(1951 919 1948 1691)
4(1951 1692 1949 919)
4(340 1691 1948 1214)
4(340 1214 1949 1692)
4(340 1692 1951 1691)
4(1952 1694 1931 919)
4(1952 919 1949 1695)
4(341 1695 1949 1215)
4(341 1694 1952 1695)
4(665 1687 1948 1691)
4(665 1414 1950 1687)
4(665 1691 1951 1414)
4(694 1688 1950 1415)
4(694 1415 1952 1694)
4(699 1692 1949 1695)
4(699 1416 1951 1692)
4(699 1695 1952 1416)
4(342 1221 1953 1700)
4(342 1701 1954 1221)
3(342 1700 1701)
4(277 1067 1955 1420)
4(277 1421 1956 1067)
3(1961 1960 1255)
4(191 1255 1960 1251)
4(191 1252 1961 1255)
4(610 1443 1960 1255)
4(610 1255 1961 1444)
4(1962 920 1957 1253)
4(1960 920 1962 1255)
4(191 1255 1962 1253)
4(1963 920 1962 1446)
4(1964 1447 1962 920)
4(283 1446 1962 1447)
4(283 1066 1963 1446)
4(283 1447 1964 1066)
4(608 1253 1962 1446)
4(608 1446 1963 1419)
4(610 1447 1962 1255)
4(610 1443 1964 1447)
4(1958 1252 1961 921)
4(1958 921 1965 1254)
4(1965 921 1961 1255)
4(191 1254 1965 1255)
4(1955 1420 1958 921)
4(1709 921 1958 1422)
3(1955 921 1961)
4(1961 921 1966 1444)
3(1444 1966 1068)
4(1965 921 1709 1454)
4(1966 921 1965 1455)
4(284 1455 1965 1454)
4(284 1070 1966 1455)
4(609 1454 1965 1254)
4(610 1255 1965 1455)
4(610 1455 1966 1444)
4(1959 922 1962 1253)
4(1959 1254 1965 922)
4(1962 922 1965 1255)
4(1967 922 1959 1424)
4(1959 922 1710 1425)
4(278 1074 1967 1424)
4(1967 1446 1962 922)
4(1968 922 1962 1447)
4(283 1446 1967 1075)
4(283 1075 1968 1447)
4(1710 922 1965 1454)
4(1965 922 1968 1455)
4(284 1455 1968 1076)
4(608 1424 1967 1446)
4(610 1447 1968 1455)
4(1705 923 1972 1257)
4(1972 923 1971 1260)
4(192 1260 1971 1256)
4(192 1257 1972 1260)
4(1972 923 1963 1446)
4(1972 1448 1733 923)
4(283 1448 1972 1446)
4(608 1446 1972 1257)
4(612 1445 1971 1260)
4(612 1260 1972 1448)
3(1971 1973 1260)
4(192 1260 1973 1258)
4(612 1451 1973 1260)
3(612 1445 1451)
4(1969 1257 1972 924)
4(1969 924 1974 1259)
4(1974 924 1972 1260)
4(192 1259 1974 1260)
4(1967 1424 1969 924)
4(1715 924 1969 1426)
4(1967 924 1972 1446)
4(1972 924 1975 1448)
4(283 1448 1975 1075)
4(1974 924 1715 1464)
4(1975 924 1974 1465)
4(287 1465 1974 1464)
4(287 1077 1975 1465)
4(611 1464 1974 1259)
4(612 1260 1974 1465)
4(612 1465 1975 1448)
4(1970 925 1973 1258)
4(1970 1259 1974 925)
4(1973 925 1974 1260)
4(1976 925 1970 1427)
4(1970 925 1716 1428)
4(279 1079 1976 1427)
3(1976 1973 925)
4(1977 925 1973 1451)
3(1080 1977 1451)
4(1716 925 1974 1464)
4(1974 925 1977 1465)
4(287 1465 1977 1081)
4(612 1451 1977 1465)
4(279 1079 1978 1429)
3(1983 1982 1265)
4(193 1265 1982 1261)
4(193 1262 1983 1265)
4(615 1452 1982 1265)
4(615 1265 1983 1453)
4(1979 926 1982 1261)
4(1984 926 1979 1263)
4(1982 926 1984 1265)
4(193 1265 1984 1263)
4(1956 926 1979 1421)
4(1979 926 1711 1423)
3(1956 1982 926)
4(1985 926 1982 1452)
3(1069 1985 1452)
4(1984 1457 1711 926)
4(1985 1458 1984 926)
4(285 1457 1984 1458)
4(285 1458 1985 1071)
4(613 1263 1984 1457)
4(615 1458 1984 1265)
4(615 1452 1985 1458)
4(1980 927 1986 1264)
4(1986 927 1983 1265)
4(193 1264 1986 1265)
4(1987 1479 1986 927)
4(1988 927 1986 1480)
4(291 1480 1986 1479)
4(291 1479 1987 1085)
4(291 1085 1988 1480)
4(614 1479 1986 1264)
4(614 1431 1987 1479)
4(615 1265 1986 1480)
4(615 1480 1988 1453)
4(1981 928 1984 1263)
4(1981 1264 1986 928)
4(1984 928 1986 1265)
4(1712 928 1981 1432)
4(1981 928 1989 1433)
4(280 1433 1989 1087)
4(1712 1457 1984 928)
4(1990 928 1984 1458)
4(285 1088 1990 1458)
4(1989 928 1986 1479)
4(1986 928 1990 1480)
4(291 1089 1989 1479)
4(291 1480 1990 1089)
4(614 1479 1989 1433)
4(615 1458 1990 1480)
4(1718 929 1978 1429)
4(1717 929 1718 1430)
3(1991 1978 929)
4(1991 929 1761 1470)
4(1992 929 1717 1471)
4(1992 1472 1761 929)
4(617 1470 1991 1268)
3(617 1470 1478)
4(1998 930 1719 1269)
4(1999 930 1998 1273)
4(194 1273 1998 1269)
4(194 1270 1999 1273)
4(1998 1479 1987 930)
4(1998 930 1766 1481)
4(291 1479 1998 1481)
4(614 1269 1998 1479)
4(619 1481 1998 1273)
4(619 1273 1999 1483)
4(1996 931 1998 1269)
4(2000 931 1996 1271)
4(1998 931 2000 1273)
4(194 1273 2000 1271)
4(1989 931 1996 1433)
4(1996 931 1722 1434)
4(1989 1479 1998 931)
4(2001 931 1998 1481)
4(291 1089 2001 1481)
4(2000 1485 1722 931)
4(2001 1486 2000 931)
4(292 1485 2000 1486)
4(292 1486 2001 1090)
4(618 1271 2000 1485)
4(619 1486 2000 1273)
4(619 1481 2001 1486)
3(2002 1999 1273)
4(194 1272 2002 1273)
4(619 1273 2002 1501)
3(619 1501 1483)
4(1997 932 2000 1271)
4(1997 1272 2002 932)
4(2000 932 2002 1273)
4(1723 932 1997 1435)
4(1997 932 2003 1436)
4(281 1436 2003 1100)
4(1723 1485 2000 932)
4(2004 932 2000 1486)
4(292 1101 2004 1486)
3(2003 932 2002)
4(2002 932 2004 1501)
3(1501 2004 1102)
4(619 1486 2004 1501)
4(281 1438 2007 1100)
4(2010 933 1729 1274)
4(1729 933 2011 1275)
4(2011 933 2010 1278)
4(195 1278 2010 1274)
4(195 1275 2011 1278)
4(1724 1437 1729 933)
4(1729 1438 2007 933)
4(2010 1502 1724 933)
4(2010 933 1795 1503)
4(297 1502 2010 1503)
3(2011 933 2007)
4(2011 1505 1795 933)
4(620 1274 2010 1502)
4(624 1503 2010 1278)
4(624 1278 2011 1505)
4(2008 934 2010 1274)
4(2012 934 2008 1276)
4(2010 934 2012 1278)
4(195 1278 2012 1276)
4(1725 934 2008 1439)
4(2008 934 2013 1441)
4(282 1441 2013 1106)
4(1725 1502 2010 934)
4(2014 934 2010 1503)
4(297 1107 2014 1503)
4(2013 934 2012 1513)
4(2014 1514 2012 934)
4(300 1513 2012 1514)
4(300 1109 2013 1513)
4(300 1514 2014 1109)
4(623 1276 2012 1513)
4(623 1513 2013 1441)
4(624 1514 2012 1278)
4(624 1503 2014 1514)
3(2015 2011 1278)
4(195 1277 2015 1278)
4(624 1278 2015 1526)
3(624 1526 1505)
4(2009 935 2012 1276)
4(2012 935 2015 1278)
4(2016 1513 2012 935)
4(2017 935 2012 1514)
4(300 1513 2016 1116)
4(300 1116 2017 1514)
4(623 1442 2016 1513)
4(624 1514 2017 1526)
4(2019 936 1730 1279)
4(1730 936 2020 1280)
4(2020 936 2019 1282)
4(196 1280 2020 1282)
4(1727 1440 1730 936)
4(1730 1441 2013 936)
4(2019 1510 1727 936)
4(2019 936 1800 1511)
4(299 1510 2019 1511)
4(2020 936 2013 1513)
4(2020 1515 1800 936)
4(300 1515 2020 1513)
4(623 1513 2020 1280)
4(625 1511 2019 1282)
4(625 1282 2020 1515)
4(2022 937 2019 1511)
4(299 1112 2022 1511)
4(625 1521 2021 1282)
4(625 1511 2022 1521)
4(2018 1280 2020 938)
4(2023 938 2020 1282)
4(2016 938 2020 1513)
4(2020 938 2024 1515)
4(300 1515 2024 1116)
4(625 1282 2023 1527)
4(625 1527 2024 1515)
3(625 1521 1527)
3(286 1461 1460)
4(286 1460 2025 1072)
4(286 1072 2026 1461)
4(286 1118 2027 1460)
4(286 1461 2028 1118)
4(2029 939 1731 1283)
4(2030 939 2029 1286)
4(197 1286 2029 1283)
4(197 1284 2030 1286)
4(2029 1447 1964 939)
4(2029 939 1734 1449)
4(283 1447 2029 1449)
4(610 1283 2029 1447)
4(626 1449 2029 1286)
4(626 1286 2030 1450)
4(1732 940 2031 1283)
4(2032 940 1732 1285)
4(2031 940 2032 1287)
4(197 1283 2031 1287)
4(197 1287 2032 1285)
4(1732 1444 1966 940)
3(1732 940 2025)
4(2031 940 1966 1455)
4(2031 1456 1743 940)
4(284 1456 2031 1455)
4(2032 1460 2025 940)
4(2032 940 1743 1462)
4(286 1460 2032 1462)
4(610 1455 2031 1283)
3(1285 2032 1460)
4(627 1287 2031 1456)
4(627 1462 2032 1287)
4(2029 1283 2031 941)
4(2029 941 2033 1286)
4(2033 941 2031 1287)
4(197 1286 2033 1287)
4(1968 1447 2029 941)
4(2034 941 2029 1449)
4(283 1075 2034 1449)
4(1968 941 2031 1455)
4(2031 941 1744 1456)
4(2034 1467 2033 941)
4(2033 1468 1744 941)
4(288 1468 2033 1467)
4(288 1467 2034 1078)
4(626 1467 2033 1286)
4(626 1449 2034 1467)
4(627 1287 2033 1468)
3(2036 2035 1288)
4(197 1288 2035 1284)
4(197 1285 2036 1288)
4(628 1529 2035 1288)
4(628 1288 2036 1530)
4(2037 942 2030 1286)
4(2035 942 2037 1288)
4(197 1288 2037 1286)
4(2038 942 2037 1532)
4(2039 1533 2037 942)
4(303 1532 2037 1533)
4(303 1117 2038 1532)
4(303 1533 2039 1117)
4(626 1286 2037 1532)
4(626 1532 2038 1450)
4(628 1533 2037 1288)
4(628 1529 2039 1533)
4(2032 1285 2036 943)
4(2032 943 2040 1287)
4(2040 943 2036 1288)
4(197 1287 2040 1288)
4(2027 1460 2032 943)
4(1745 943 2032 1462)
3(2027 943 2036)
4(2036 943 2041 1530)
3(1530 2041 1119)
4(2040 943 1745 1540)
4(2041 943 2040 1541)
4(304 1541 2040 1540)
4(304 1121 2041 1541)
4(627 1540 2040 1287)
4(628 1288 2040 1541)
4(628 1541 2041 1530)
4(2033 944 2037 1286)
4(2033 1287 2040 944)
4(2037 944 2040 1288)
4(2042 944 2033 1467)
4(2033 944 1746 1468)
4(288 1125 2042 1467)
4(2042 1532 2037 944)
4(2043 944 2037 1533)
4(303 1532 2042 1126)
4(303 1126 2043 1533)
4(1746 944 2040 1540)
4(2040 944 2043 1541)
4(304 1541 2043 1127)
4(626 1467 2042 1532)
4(628 1533 2043 1541)
3(2044 1735 1289)
4(198 1292 2044 1289)
3(198 1290 1292)
4(612 1289 2044 1451)
4(1736 945 2045 1289)
4(2046 945 1736 1291)
4(2045 945 2046 1293)
4(198 1289 2045 1293)
4(198 1293 2046 1291)
4(1736 1448 1975 945)
4(1736 945 2034 1449)
4(2045 945 1975 1465)
4(2045 1466 1754 945)
4(287 1466 2045 1465)
4(2046 1467 2034 945)
4(2046 945 1754 1469)
4(288 1467 2046 1469)
4(612 1465 2045 1289)
4(626 1291 2046 1467)
4(629 1293 2045 1466)
4(629 1469 2046 1293)
4(2044 1289 2045 946)
4(2044 946 2047 1292)
4(2047 946 2045 1293)
4(198 1292 2047 1293)
4(1977 1451 2044 946)
3(2048 946 2044)
4(1977 946 2045 1465)
4(2045 946 1755 1466)
4(2048 1474 2047 946)
4(2047 1475 1755 946)
4(290 1475 2047 1474)
4(290 1474 2048 1084)
3(1474 2047 1292)
4(629 1293 2047 1475)
4(1737 947 2050 1291)
4(2050 947 2049 1294)
4(198 1294 2049 1290)
4(198 1291 2050 1294)
4(2050 947 2038 1532)
4(2050 1534 1809 947)
4(303 1534 2050 1532)
4(626 1532 2050 1291)
4(630 1531 2049 1294)
4(630 1294 2050 1534)
3(2049 2051 1294)
4(198 1294 2051 1292)
4(630 1537 2051 1294)
3(630 1531 1537)
4(2046 1291 2050 948)
4(2046 948 2052 1293)
4(2052 948 2050 1294)
4(198 1293 2052 1294)
4(2042 1467 2046 948)
4(1756 948 2046 1469)
4(2042 948 2050 1532)
4(2050 948 2053 1534)
4(303 1534 2053 1126)
4(2052 948 1756 1550)
4(2053 948 2052 1551)
4(307 1551 2052 1550)
4(307 1128 2053 1551)
4(629 1550 2052 1293)
4(630 1294 2052 1551)
4(630 1551 2053 1534)
4(2047 949 2051 1292)
4(2047 1293 2052 949)
4(2051 949 2052 1294)
4(2054 949 2047 1474)
4(2047 949 1757 1475)
4(290 1130 2054 1474)
3(2054 2051 949)
4(2055 949 2051 1537)
3(1131 2055 1537)
4(1757 949 2052 1550)
4(2052 949 2055 1551)
4(307 1551 2055 1132)
4(630 1537 2055 1551)
3(290 1474 1476)
4(290 1130 2056 1476)
4(2057 950 1738 1295)
4(1738 950 2058 1296)
4(2058 950 2057 1298)
4(199 1298 2057 1295)
4(199 1296 2058 1298)
4(1738 950 1985 1452)
3(1738 2026 950)
4(2057 1458 1985 950)
4(2057 950 1747 1459)
4(285 1458 2057 1459)
4(2058 950 2026 1461)
4(2058 1463 1747 950)
4(286 1463 2058 1461)
4(615 1295 2057 1458)
3(1461 2058 1296)
4(631 1459 2057 1298)
4(631 1298 2058 1463)
4(1739 951 2059 1295)
4(2059 951 2060 1299)
4(199 1295 2059 1299)
4(199 1299 2060 1297)
4(2059 951 1988 1480)
4(2059 1482 1767 951)
4(291 1482 2059 1480)
4(615 1480 2059 1295)
4(632 1299 2059 1482)
4(632 1484 2060 1299)
4(2057 1295 2059 952)
4(2057 952 2061 1298)
4(2061 952 2059 1299)
4(199 1298 2061 1299)
4(1990 1458 2057 952)
4(1748 952 2057 1459)
4(1990 952 2059 1480)
4(2059 952 2062 1482)
4(291 1482 2062 1089)
4(2061 952 1748 1488)
4(2062 952 2061 1489)
4(293 1489 2061 1488)
4(293 1091 2062 1489)
4(631 1488 2061 1298)
4(632 1299 2061 1489)
4(632 1489 2062 1482)
3(2064 2063 1300)
4(199 1300 2063 1296)
4(199 1297 2064 1300)
4(633 1538 2063 1300)
4(633 1300 2064 1539)
4(2058 953 2063 1296)
4(2065 953 2058 1298)
4(2063 953 2065 1300)
4(199 1300 2065 1298)
4(2028 953 2058 1461)
4(2058 953 1749 1463)
3(2028 2063 953)
4(2066 953 2063 1538)
3(1120 2066 1538)
4(2065 1543 1749 953)
4(2066 1544 2065 953)
4(305 1543 2065 1544)
4(305 1544 2066 1122)
4(631 1298 2065 1543)
4(633 1544 2065 1300)
4(633 1538 2066 1544)
4(2060 954 2067 1299)
4(2067 954 2064 1300)
4(199 1299 2067 1300)
4(2068 1565 2067 954)
4(2069 954 2067 1566)
4(311 1566 2067 1565)
4(311 1565 2068 1136)
4(311 1136 2069 1566)
4(632 1565 2067 1299)
4(632 1484 2068 1565)
4(633 1300 2067 1566)
4(633 1566 2069 1539)
4(2061 955 2065 1298)
4(2061 1299 2067 955)
4(2065 955 2067 1300)
4(1750 955 2061 1488)
4(2061 955 2070 1489)
4(293 1489 2070 1138)
4(1750 1543 2065 955)
4(2071 955 2065 1544)
4(305 1139 2071 1544)
4(2070 955 2067 1565)
4(2067 955 2071 1566)
4(311 1140 2070 1565)
4(311 1566 2071 1140)
4(632 1565 2070 1489)
4(633 1544 2071 1566)
3(2072 1763 1301)
4(200 1304 2072 1301)
3(200 1302 1304)
4(617 1301 2072 1478)
4(1764 956 2073 1301)
4(2074 956 1764 1303)
4(2073 956 2074 1305)
4(200 1301 2073 1305)
4(200 1305 2074 1303)
4(1764 1472 1994 956)
4(1758 1473 1764 956)
4(2073 956 1994 1491)
4(2073 1493 1791 956)
4(294 1493 2073 1491)
4(2074 1496 1758 956)
4(2074 956 1791 1497)
4(296 1496 2074 1497)
4(617 1491 2073 1301)
4(634 1303 2074 1496)
4(635 1305 2073 1493)
4(635 1497 2074 1305)
4(2072 1301 2073 957)
4(2075 957 2073 1305)
4(200 1304 2075 1305)
4(1995 957 2073 1491)
4(2073 957 2076 1493)
4(294 1493 2076 1099)
4(635 1305 2075 1500)
4(635 1500 2076 1493)
4(2077 958 1765 1302)
4(1765 958 2078 1303)
4(2078 958 2077 1306)
4(200 1306 2077 1302)
4(200 1303 2078 1306)
4(1765 958 2056 1476)
4(1759 958 1765 1477)
3(2077 2056 958)
4(2077 958 1837 1556)
4(2078 958 1759 1557)
4(2078 1558 1837 958)
4(309 1558 2078 1557)
4(634 1557 2078 1303)
4(636 1556 2077 1306)
4(636 1306 2078 1558)
3(2077 2079 1306)
4(200 1306 2079 1304)
4(636 1564 2079 1306)
3(636 1556 1564)
4(2074 1303 2078 959)
4(2074 959 2080 1305)
4(2080 959 2078 1306)
4(200 1305 2080 1306)
4(1760 1496 2074 959)
4(2081 959 2074 1497)
4(296 1146 2081 1497)
4(1760 959 2078 1557)
4(2078 959 2082 1558)
4(309 1558 2082 1147)
4(2081 1577 2080 959)
4(2082 959 2080 1578)
4(314 1578 2080 1577)
4(314 1577 2081 1148)
4(314 1148 2082 1578)
4(635 1577 2080 1305)
4(635 1497 2081 1577)
4(636 1306 2080 1578)
4(636 1578 2082 1558)
4(2075 1305 2080 960)
4(2079 960 2080 1306)
4(2083 960 2080 1577)
4(2080 960 2084 1578)
4(314 1151 2083 1577)
4(314 1578 2084 1151)
4(635 1577 2083 1500)
4(636 1564 2084 1578)
4(2085 961 1768 1307)
4(1768 961 2086 1308)
4(2086 961 2085 1310)
4(201 1310 2085 1307)
4(201 1308 2086 1310)
4(1768 961 2001 1481)
4(1768 1482 2062 961)
4(2085 1486 2001 961)
4(2085 961 1774 1487)
4(292 1486 2085 1487)
4(2086 961 2062 1489)
4(2086 1490 1774 961)
4(293 1490 2086 1489)
4(619 1307 2085 1486)
4(632 1489 2086 1308)
4(637 1487 2085 1310)
4(637 1310 2086 1490)
3(1769 2087 1307)
4(201 1307 2087 1311)
3(201 1311 1309)
4(619 1501 2087 1307)
4(2085 1307 2087 962)
4(2085 962 2088 1310)
4(2088 962 2087 1311)
4(201 1310 2088 1311)
4(2004 1486 2085 962)
4(1775 962 2085 1487)
4(2004 962 2087 1501)
3(2087 962 2089)
4(2088 962 1775 1506)
4(2089 962 2088 1507)
4(298 1507 2088 1506)
4(298 1105 2089 1507)
4(637 1506 2088 1310)
3(1311 2088 1507)
4(2090 963 1770 1308)
4(2091 963 2090 1312)
4(201 1312 2090 1308)
4(201 1309 2091 1312)
4(2090 1565 2068 963)
4(2090 963 1842 1567)
4(311 1565 2090 1567)
4(632 1308 2090 1565)
4(638 1567 2090 1312)
4(638 1312 2091 1569)
4(2086 964 2090 1308)
4(2092 964 2086 1310)
4(2090 964 2092 1312)
4(201 1312 2092 1310)
4(2070 964 2086 1489)
4(2086 964 1776 1490)
4(2070 1565 2090 964)
4(2093 964 2090 1567)
4(311 1140 2093 1567)
4(2092 1571 1776 964)
4(2093 1572 2092 964)
4(312 1571 2092 1572)
4(312 1572 2093 1141)
4(637 1310 2092 1571)
4(638 1572 2092 1312)
4(638 1567 2093 1572)
3(2094 2091 1312)
4(201 1311 2094 1312)
4(638 1312 2094 1589)
3(638 1589 1569)
4(2088 965 2092 1310)
4(2088 1311 2094 965)
4(2092 965 2094 1312)
4(1777 965 2088 1506)
4(2088 965 2095 1507)
4(298 1507 2095 1152)
4(1777 1571 2092 965)
4(2096 965 2092 1572)
4(312 1153 2096 1572)
3(2095 965 2094)
4(2094 965 2096 1589)
3(1589 2096 1154)
4(638 1572 2096 1589)
4(2097 966 1792 1313)
4(1792 966 2098 1314)
4(202 1316 2097 1313)
4(202 1314 2098 1316)
4(1792 966 2005 1492)
4(1792 1493 2076 966)
4(622 1313 2097 1499)
4(635 1500 2098 1314)
4(1793 967 2099 1313)
4(2100 967 1793 1315)
4(2099 967 2100 1317)
4(202 1313 2099 1317)
4(202 1317 2100 1315)
4(1793 1494 2006 967)
4(1784 1495 1793 967)
4(2099 967 2006 1520)
3(2099 1805 967)
4(2100 1522 1784 967)
4(2100 967 1805 1524)
4(302 1522 2100 1524)
4(622 1520 2099 1313)
4(640 1315 2100 1522)
3(1524 2100 1317)
3(2097 1313 2099)
3(202 1316 1317)
4(2101 968 1794 1314)
4(1794 968 2102 1315)
4(2102 968 2101 1318)
4(202 1318 2101 1314)
4(202 1315 2102 1318)
4(1794 968 2081 1497)
4(1785 968 1794 1498)
4(2101 1577 2081 968)
4(2101 968 1866 1579)
4(314 1577 2101 1579)
4(2102 968 1785 1581)
4(2102 1582 1866 968)
4(315 1582 2102 1581)
4(635 1314 2101 1577)
4(640 1581 2102 1315)
4(642 1579 2101 1318)
4(642 1318 2102 1582)
4(2098 969 2101 1314)
4(2101 969 2103 1318)
4(202 1318 2103 1316)
4(2083 1577 2101 969)
4(2104 969 2101 1579)
4(314 1151 2104 1579)
4(642 1587 2103 1318)
4(642 1579 2104 1587)
4(2100 1315 2102 970)
4(2100 970 2105 1317)
4(2105 970 2102 1318)
4(202 1317 2105 1318)
4(1786 1522 2100 970)
4(2106 970 2100 1524)
4(302 1163 2106 1524)
4(1786 970 2102 1581)
4(2102 970 2107 1582)
4(315 1582 2107 1164)
3(2106 2105 970)
4(2107 970 2105 1608)
3(1166 2107 1608)
4(642 1318 2105 1608)
4(642 1608 2107 1582)
3(2103 2105 1318)
3(642 1587 1608)
3(298 1509 1507)
4(298 1509 2108 1152)
4(2109 971 1797 1319)
4(1797 971 2110 1320)
4(2110 971 2109 1322)
4(203 1322 2109 1319)
4(203 1320 2110 1322)
4(1797 971 2014 1503)
4(1778 971 1797 1504)
4(2109 1514 2014 971)
4(2109 971 1801 1516)
4(300 1514 2109 1516)
4(2110 971 1778 1517)
4(2110 1519 1801 971)
4(301 1519 2110 1517)
4(624 1319 2109 1514)
4(639 1517 2110 1320)
4(643 1516 2109 1322)
4(643 1322 2110 1519)
3(1798 2111 1319)
4(203 1319 2111 1323)
3(203 1323 1321)
4(624 1526 2111 1319)
4(2109 1319 2111 972)
4(2109 972 2112 1322)
4(203 1322 2112 1323)
4(2017 1514 2109 972)
4(2113 972 2109 1516)
4(300 1116 2113 1516)
4(643 1528 2112 1322)
4(643 1516 2113 1528)
4(2114 973 1799 1320)
4(1799 973 2115 1321)
4(2115 973 2114 1324)
4(203 1324 2114 1320)
4(203 1321 2115 1324)
4(1779 1508 1799 973)
4(1799 1509 2108 973)
4(2114 1590 1779 973)
4(2114 973 1871 1591)
4(317 1590 2114 1591)
3(2115 973 2108)
4(2115 1593 1871 973)
4(639 1320 2114 1590)
4(644 1591 2114 1324)
4(644 1324 2115 1593)
4(2110 974 2114 1320)
4(2116 974 2110 1322)
4(2114 974 2116 1324)
4(203 1324 2116 1322)
4(1780 974 2110 1517)
4(2110 974 2117 1519)
4(301 1519 2117 1158)
4(1780 1590 2114 974)
4(2118 974 2114 1591)
4(317 1159 2118 1591)
4(2117 974 2116 1601)
4(2118 1602 2116 974)
4(320 1601 2116 1602)
4(320 1161 2117 1601)
4(320 1602 2118 1161)
4(643 1322 2116 1601)
4(643 1601 2117 1519)
4(644 1602 2116 1324)
4(644 1591 2118 1602)
3(2119 2115 1324)
4(203 1323 2119 1324)
4(644 1324 2119 1614)
3(644 1614 1593)
4(2112 975 2116 1322)
4(2116 975 2119 1324)
4(2120 1601 2116 975)
4(2121 975 2116 1602)
4(320 1601 2120 1169)
4(320 1169 2121 1602)
4(643 1528 2120 1601)
4(644 1602 2121 1614)
4(2122 976 1802 1325)
4(1802 976 2123 1326)
4(2123 976 2122 1328)
4(204 1328 2122 1325)
4(204 1326 2123 1328)
4(1802 976 2022 1511)
4(1787 976 1802 1512)
4(2122 1521 2022 976)
3(2122 976 1806)
4(2123 976 1787 1523)
4(2123 1525 1806 976)
4(302 1525 2123 1523)
4(625 1325 2122 1521)
4(641 1523 2123 1326)
3(1328 2123 1525)
4(1803 977 2124 1325)
4(2125 977 1803 1327)
4(204 1325 2124 1329)
4(204 1329 2125 1327)
4(1803 1515 2024 977)
4(1803 977 2113 1516)
4(625 1527 2124 1325)
4(643 1327 2125 1528)
3(2122 1325 2124)
3(204 1328 1329)
4(2126 978 1804 1326)
4(1804 978 2127 1327)
4(2127 978 2126 1330)
4(204 1330 2126 1326)
4(204 1327 2127 1330)
4(1788 1518 1804 978)
4(1804 1519 2117 978)
4(2126 1598 1788 978)
4(2126 978 1876 1599)
4(319 1598 2126 1599)
4(2127 978 2117 1601)
4(2127 1603 1876 978)
4(320 1603 2127 1601)
4(641 1326 2126 1598)
4(643 1601 2127 1327)
4(645 1599 2126 1330)
4(645 1330 2127 1603)
4(2123 979 2126 1326)
4(2128 979 2123 1328)
4(2126 979 2128 1330)
4(204 1330 2128 1328)
4(1789 979 2123 1523)
4(2123 979 2129 1525)
4(302 1525 2129 1163)
4(1789 1598 2126 979)
4(2130 979 2126 1599)
4(319 1165 2130 1599)
3(2129 979 2128)
4(2130 1609 2128 979)
3(1609 2130 1167)
4(645 1609 2128 1330)
4(645 1599 2130 1609)
4(2125 1327 2127 980)
4(2131 980 2127 1330)
4(204 1329 2131 1330)
4(2120 980 2127 1601)
4(2127 980 2132 1603)
4(320 1603 2132 1169)
4(645 1330 2131 1615)
4(645 1615 2132 1603)
3(2128 2131 1330)
3(645 1609 1615)
3(306 1547 1546)
4(306 1546 2133 1123)
4(306 1123 2134 1547)
4(306 1171 2135 1546)
4(306 1547 2136 1171)
4(2137 981 1807 1331)
4(2138 981 2137 1334)
4(205 1334 2137 1331)
4(205 1332 2138 1334)
4(2137 1533 2039 981)
4(2137 981 1810 1535)
4(303 1533 2137 1535)
4(628 1331 2137 1533)
4(646 1535 2137 1334)
4(646 1334 2138 1536)
4(1808 982 2139 1331)
4(2140 982 1808 1333)
4(2139 982 2140 1335)
4(205 1331 2139 1335)
4(205 1335 2140 1333)
4(1808 1530 2041 982)
3(1808 982 2133)
4(2139 982 2041 1541)
4(2139 1542 1819 982)
4(304 1542 2139 1541)
4(2140 1546 2133 982)
4(2140 982 1819 1548)
4(306 1546 2140 1548)
4(628 1541 2139 1331)
3(1333 2140 1546)
4(647 1335 2139 1542)
4(647 1548 2140 1335)
4(2137 1331 2139 983)
4(2137 983 2141 1334)
4(2141 983 2139 1335)
4(205 1334 2141 1335)
4(2043 1533 2137 983)
4(2142 983 2137 1535)
4(303 1126 2142 1535)
4(2043 983 2139 1541)
4(2139 983 1820 1542)
4(2142 1553 2141 983)
4(2141 1554 1820 983)
4(308 1554 2141 1553)
4(308 1553 2142 1129)
4(646 1553 2141 1334)
4(646 1535 2142 1553)
4(647 1335 2141 1554)
3(2144 2143 1336)
4(205 1336 2143 1332)
4(205 1333 2144 1336)
4(648 1617 2143 1336)
4(648 1336 2144 1618)
4(2145 984 2138 1334)
4(2143 984 2145 1336)
4(205 1336 2145 1334)
4(2146 984 2145 1620)
4(2147 1621 2145 984)
4(323 1620 2145 1621)
4(323 1170 2146 1620)
4(323 1621 2147 1170)
4(646 1334 2145 1620)
4(646 1620 2146 1536)
4(648 1621 2145 1336)
4(648 1617 2147 1621)
4(2140 1333 2144 985)
4(2140 985 2148 1335)
4(2148 985 2144 1336)
4(205 1335 2148 1336)
4(2135 1546 2140 985)
4(1821 985 2140 1548)
3(2135 985 2144)
4(2144 985 2149 1618)
3(1618 2149 1172)
4(2148 985 1821 1628)
4(2149 985 2148 1629)
4(324 1629 2148 1628)
4(324 1174 2149 1629)
4(647 1628 2148 1335)
4(648 1336 2148 1629)
4(648 1629 2149 1618)
4(2141 986 2145 1334)
4(2141 1335 2148 986)
4(2145 986 2148 1336)
4(2150 986 2141 1553)
4(2141 986 1822 1554)
4(308 1178 2150 1553)
4(2150 1620 2145 986)
4(2151 986 2145 1621)
4(323 1620 2150 1179)
4(323 1179 2151 1621)
4(1822 986 2148 1628)
4(2148 986 2151 1629)
4(324 1629 2151 1180)
4(646 1553 2150 1620)
4(648 1621 2151 1629)
3(2152 1811 1337)
4(206 1340 2152 1337)
3(206 1338 1340)
4(630 1337 2152 1537)
4(1812 987 2153 1337)
4(2154 987 1812 1339)
4(2153 987 2154 1341)
4(206 1337 2153 1341)
4(206 1341 2154 1339)
4(1812 1534 2053 987)
4(1812 987 2142 1535)
4(2153 987 2053 1551)
4(2153 1552 1830 987)
4(307 1552 2153 1551)
4(2154 1553 2142 987)
4(2154 987 1830 1555)
4(308 1553 2154 1555)
4(630 1551 2153 1337)
4(646 1339 2154 1553)
4(649 1341 2153 1552)
4(649 1555 2154 1341)
4(2152 1337 2153 988)
4(2152 988 2155 1340)
4(2155 988 2153 1341)
4(206 1340 2155 1341)
4(2055 1537 2152 988)
3(2156 988 2152)
4(2055 988 2153 1551)
4(2153 988 1831 1552)
4(2156 1560 2155 988)
4(2155 1561 1831 988)
4(310 1561 2155 1560)
4(310 1560 2156 1135)
3(1560 2155 1340)
4(649 1341 2155 1561)
4(1813 989 2158 1339)
4(2158 989 2157 1342)
4(206 1342 2157 1338)
4(206 1339 2158 1342)
4(2158 989 2146 1620)
4(2158 1622 1885 989)
4(323 1622 2158 1620)
4(646 1620 2158 1339)
4(650 1619 2157 1342)
4(650 1342 2158 1622)
3(2157 2159 1342)
4(206 1342 2159 1340)
4(650 1625 2159 1342)
3(650 1619 1625)
4(2154 1339 2158 990)
4(2154 990 2160 1341)
4(2160 990 2158 1342)
4(206 1341 2160 1342)
4(2150 1553 2154 990)
4(1832 990 2154 1555)
4(2150 990 2158 1620)
4(2158 990 2161 1622)
4(323 1622 2161 1179)
4(2160 990 1832 1638)
4(2161 990 2160 1639)
4(327 1639 2160 1638)
4(327 1181 2161 1639)
4(649 1638 2160 1341)
4(650 1342 2160 1639)
4(650 1639 2161 1622)
4(2155 991 2159 1340)
4(2155 1341 2160 991)
4(2159 991 2160 1342)
4(2162 991 2155 1560)
4(2155 991 1833 1561)
4(310 1183 2162 1560)
3(2162 2159 991)
4(2163 991 2159 1625)
3(1184 2163 1625)
4(1833 991 2160 1638)
4(2160 991 2163 1639)
4(327 1639 2163 1185)
4(650 1625 2163 1639)
3(310 1560 1562)
4(310 1183 2164 1562)
4(2165 992 1814 1343)
4(1814 992 2166 1344)
4(2166 992 2165 1346)
4(207 1346 2165 1343)
4(207 1344 2166 1346)
4(1814 992 2066 1538)
3(1814 2134 992)
4(2165 1544 2066 992)
4(2165 992 1823 1545)
4(305 1544 2165 1545)
4(2166 992 2134 1547)
4(2166 1549 1823 992)
4(306 1549 2166 1547)
4(633 1343 2165 1544)
3(1547 2166 1344)
4(651 1545 2165 1346)
4(651 1346 2166 1549)
4(1815 993 2167 1343)
4(2167 993 2168 1347)
4(207 1343 2167 1347)
4(207 1347 2168 1345)
4(2167 993 2069 1566)
4(2167 1568 1843 993)
4(311 1568 2167 1566)
4(633 1566 2167 1343)
4(652 1347 2167 1568)
4(652 1570 2168 1347)
4(2165 1343 2167 994)
4(2165 994 2169 1346)
4(2169 994 2167 1347)
4(207 1346 2169 1347)
4(2071 1544 2165 994)
4(1824 994 2165 1545)
4(2071 994 2167 1566)
4(2167 994 2170 1568)
4(311 1568 2170 1140)
4(2169 994 1824 1574)
4(2170 994 2169 1575)
4(313 1575 2169 1574)
4(313 1142 2170 1575)
4(651 1574 2169 1346)
4(652 1347 2169 1575)
4(652 1575 2170 1568)
3(2172 2171 1348)
4(207 1348 2171 1344)
4(207 1345 2172 1348)
4(653 1626 2171 1348)
4(653 1348 2172 1627)
4(2166 995 2171 1344)
4(2173 995 2166 1346)
4(2171 995 2173 1348)
4(207 1348 2173 1346)
4(2136 995 2166 1547)
4(2166 995 1825 1549)
3(2136 2171 995)
4(2174 995 2171 1626)
3(1173 2174 1626)
4(2173 1631 1825 995)
4(2174 1632 2173 995)
4(325 1631 2173 1632)
4(325 1632 2174 1175)
4(651 1346 2173 1631)
4(653 1632 2173 1348)
4(653 1626 2174 1632)
4(2168 996 2175 1347)
4(2175 996 2172 1348)
4(207 1347 2175 1348)
4(2176 1653 2175 996)
4(2177 996 2175 1654)
4(331 1654 2175 1653)
4(331 1653 2176 1189)
4(331 1189 2177 1654)
4(652 1653 2175 1347)
4(652 1570 2176 1653)
4(653 1348 2175 1654)
4(653 1654 2177 1627)
4(2169 997 2173 1346)
4(2169 1347 2175 997)
4(2173 997 2175 1348)
4(1826 997 2169 1574)
4(2169 997 2178 1575)
4(313 1575 2178 1191)
4(1826 1631 2173 997)
4(2179 997 2173 1632)
4(325 1192 2179 1632)
4(2178 997 2175 1653)
4(2175 997 2179 1654)
4(331 1193 2178 1653)
4(331 1654 2179 1193)
4(652 1653 2178 1575)
4(653 1632 2179 1654)
3(2180 1839 1349)
4(208 1352 2180 1349)
3(208 1350 1352)
4(636 1349 2180 1564)
4(1840 998 2181 1349)
4(2182 998 1840 1351)
4(2181 998 2182 1353)
4(208 1349 2181 1353)
4(208 1353 2182 1351)
4(1840 1558 2082 998)
4(1834 1559 1840 998)
4(2181 998 2082 1578)
4(2181 1580 1867 998)
4(314 1580 2181 1578)
4(2182 1584 1834 998)
4(2182 998 1867 1585)
4(316 1584 2182 1585)
4(636 1578 2181 1349)
4(654 1351 2182 1584)
4(655 1353 2181 1580)
4(655 1585 2182 1353)
4(2180 1349 2181 999)
4(2183 999 2181 1353)
4(208 1352 2183 1353)
4(2084 999 2181 1578)
4(2181 999 2184 1580)
4(314 1580 2184 1151)
4(655 1353 2183 1588)
4(655 1588 2184 1580)
4(2185 1000 1841 1350)
4(1841 1000 2186 1351)
4(2186 1000 2185 1354)
4(208 1354 2185 1350)
4(208 1351 2186 1354)
4(1841 1000 2164 1562)
4(1835 1000 1841 1563)
3(2185 2164 1000)
4(2185 1000 1911 1644)
4(2186 1000 1835 1645)
4(2186 1646 1911 1000)
4(329 1646 2186 1645)
4(654 1645 2186 1351)
4(656 1644 2185 1354)
4(656 1354 2186 1646)
3(2185 2187 1354)
4(208 1354 2187 1352)
4(656 1652 2187 1354)
3(656 1644 1652)
4(2182 1351 2186 1001)
4(2182 1001 2188 1353)
4(2188 1001 2186 1354)
4(208 1353 2188 1354)
4(1836 1584 2182 1001)
4(2189 1001 2182 1585)
4(316 1199 2189 1585)
4(1836 1001 2186 1645)
4(2186 1001 2190 1646)
4(329 1646 2190 1200)
4(2189 1665 2188 1001)
4(2190 1001 2188 1666)
4(334 1666 2188 1665)
4(334 1665 2189 1201)
4(334 1201 2190 1666)
4(655 1665 2188 1353)
4(655 1585 2189 1665)
4(656 1354 2188 1666)
4(656 1666 2190 1646)
4(2183 1353 2188 1002)
4(2187 1002 2188 1354)
4(2191 1002 2188 1665)
4(2188 1002 2192 1666)
4(334 1204 2191 1665)
4(334 1666 2192 1204)
4(655 1665 2191 1588)
4(656 1652 2192 1666)
4(2193 1003 1844 1355)
4(1844 1003 2194 1356)
4(2194 1003 2193 1358)
4(209 1358 2193 1355)
4(209 1356 2194 1358)
4(1844 1003 2093 1567)
4(1844 1568 2170 1003)
4(2193 1572 2093 1003)
4(2193 1003 1850 1573)
4(312 1572 2193 1573)
4(2194 1003 2170 1575)
4(2194 1576 1850 1003)
4(313 1576 2194 1575)
4(638 1355 2193 1572)
4(652 1575 2194 1356)
4(657 1573 2193 1358)
4(657 1358 2194 1576)
3(1845 2195 1355)
4(209 1355 2195 1359)
3(209 1359 1357)
4(638 1589 2195 1355)
4(2193 1355 2195 1004)
4(2193 1004 2196 1358)
4(2196 1004 2195 1359)
4(209 1358 2196 1359)
4(2096 1572 2193 1004)
4(1851 1004 2193 1573)
4(2096 1004 2195 1589)
3(2195 1004 2197)
4(2196 1004 1851 1594)
4(2197 1004 2196 1595)
4(318 1595 2196 1594)
4(318 1157 2197 1595)
4(657 1594 2196 1358)
3(1359 2196 1595)
4(2198 1005 1846 1356)
4(2199 1005 2198 1360)
4(209 1360 2198 1356)
4(209 1357 2199 1360)
4(2198 1653 2176 1005)
4(2198 1005 1916 1655)
4(331 1653 2198 1655)
4(652 1356 2198 1653)
4(658 1655 2198 1360)
4(658 1360 2199 1657)
4(2194 1006 2198 1356)
4(2200 1006 2194 1358)
4(2198 1006 2200 1360)
4(209 1360 2200 1358)
4(2178 1006 2194 1575)
4(2194 1006 1852 1576)
4(2178 1653 2198 1006)
4(2201 1006 2198 1655)
4(331 1193 2201 1655)
4(2200 1659 1852 1006)
4(2201 1660 2200 1006)
4(332 1659 2200 1660)
4(332 1660 2201 1194)
4(657 1358 2200 1659)
4(658 1660 2200 1360)
4(658 1655 2201 1660)
3(2202 2199 1360)
4(209 1359 2202 1360)
4(658 1360 2202 1677)
3(658 1677 1657)
4(2196 1007 2200 1358)
4(2196 1359 2202 1007)
4(2200 1007 2202 1360)
4(1853 1007 2196 1594)
4(2196 1007 2203 1595)
4(318 1595 2203 1205)
4(1853 1659 2200 1007)
4(2204 1007 2200 1660)
4(332 1206 2204 1660)
3(2203 1007 2202)
4(2202 1007 2204 1677)
3(1677 2204 1207)
4(658 1660 2204 1677)
4(2205 1008 1868 1361)
4(1868 1008 2206 1362)
4(210 1364 2205 1361)
4(210 1362 2206 1364)
4(1868 1008 2104 1579)
4(1868 1580 2184 1008)
4(642 1361 2205 1587)
4(655 1588 2206 1362)
4(1869 1009 2207 1361)
4(2208 1009 1869 1363)
4(2207 1009 2208 1365)
4(210 1361 2207 1365)
4(210 1365 2208 1363)
4(1869 1582 2107 1009)
4(1860 1583 1869 1009)
4(2207 1009 2107 1608)
3(2207 1881 1009)
4(2208 1610 1860 1009)
4(2208 1009 1881 1612)
4(322 1610 2208 1612)
4(642 1608 2207 1361)
4(660 1363 2208 1610)
3(1612 2208 1365)
3(2205 1361 2207)
3(210 1364 1365)
4(2209 1010 1870 1362)
4(1870 1010 2210 1363)
4(2210 1010 2209 1366)
4(210 1366 2209 1362)
4(210 1363 2210 1366)
4(1870 1010 2189 1585)
4(1861 1010 1870 1586)
4(2209 1665 2189 1010)
4(2209 1010 1938 1667)
4(334 1665 2209 1667)
4(2210 1010 1861 1669)
4(2210 1670 1938 1010)
4(335 1670 2210 1669)
4(655 1362 2209 1665)
4(660 1669 2210 1363)
4(662 1667 2209 1366)
4(662 1366 2210 1670)
4(2206 1011 2209 1362)
4(2209 1011 2211 1366)
4(210 1366 2211 1364)
4(2191 1665 2209 1011)
4(2212 1011 2209 1667)
4(334 1204 2212 1667)
4(662 1675 2211 1366)
4(662 1667 2212 1675)
4(2208 1363 2210 1012)
4(2208 1012 2213 1365)
4(2213 1012 2210 1366)
4(210 1365 2213 1366)
4(1862 1610 2208 1012)
4(2214 1012 2208 1612)
4(322 1216 2214 1612)
4(1862 1012 2210 1669)
4(2210 1012 2215 1670)
4(335 1670 2215 1217)
3(2214 2213 1012)
4(2215 1012 2213 1696)
3(1219 2215 1696)
4(662 1366 2213 1696)
4(662 1696 2215 1670)
3(2211 2213 1366)
3(662 1675 1696)
3(318 1597 1595)
4(318 1597 2216 1205)
4(2217 1013 1873 1367)
4(1873 1013 2218 1368)
4(2218 1013 2217 1370)
4(211 1370 2217 1367)
4(211 1368 2218 1370)
4(1873 1013 2118 1591)
4(1854 1013 1873 1592)
4(2217 1602 2118 1013)
4(2217 1013 1877 1604)
4(320 1602 2217 1604)
4(2218 1013 1854 1605)
4(2218 1607 1877 1013)
4(321 1607 2218 1605)
4(644 1367 2217 1602)
4(659 1605 2218 1368)
4(663 1604 2217 1370)
4(663 1370 2218 1607)
3(1874 2219 1367)
4(211 1367 2219 1371)
3(211 1371 1369)
4(644 1614 2219 1367)
4(2217 1367 2219 1014)
4(2217 1014 2220 1370)
4(211 1370 2220 1371)
4(2121 1602 2217 1014)
4(2221 1014 2217 1604)
4(320 1169 2221 1604)
4(663 1616 2220 1370)
4(663 1604 2221 1616)
4(2222 1015 1875 1368)
4(1875 1015 2223 1369)
4(2223 1015 2222 1372)
4(211 1372 2222 1368)
4(211 1369 2223 1372)
4(1855 1596 1875 1015)
4(1875 1597 2216 1015)
4(2222 1678 1855 1015)
4(2222 1015 1943 1679)
4(337 1678 2222 1679)
3(2223 1015 2216)
4(2223 1681 1943 1015)
4(659 1368 2222 1678)
4(664 1679 2222 1372)
4(664 1372 2223 1681)
4(2218 1016 2222 1368)
4(2224 1016 2218 1370)
4(2222 1016 2224 1372)
4(211 1372 2224 1370)
4(1856 1016 2218 1605)
4(2218 1016 2225 1607)
4(321 1607 2225 1211)
4(1856 1678 2222 1016)
4(2226 1016 2222 1679)
4(337 1212 2226 1679)
4(2225 1016 2224 1689)
4(2226 1690 2224 1016)
4(340 1689 2224 1690)
4(340 1214 2225 1689)
4(340 1690 2226 1214)
4(663 1370 2224 1689)
4(663 1689 2225 1607)
4(664 1690 2224 1372)
4(664 1679 2226 1690)
3(2227 2223 1372)
4(211 1371 2227 1372)
4(664 1372 2227 1702)
3(664 1702 1681)
4(2220 1017 2224 1370)
4(2224 1017 2227 1372)
4(2228 1689 2224 1017)
4(2229 1017 2224 1690)
4(340 1689 2228 1222)
4(340 1222 2229 1690)
4(663 1616 2228 1689)
4(664 1690 2229 1702)
4(2230 1018 1878 1373)
4(1878 1018 2231 1374)
4(2231 1018 2230 1376)
4(212 1376 2230 1373)
4(212 1374 2231 1376)
4(1878 1018 2130 1599)
4(1863 1018 1878 1600)
4(2230 1609 2130 1018)
3(2230 1018 1882)
4(2231 1018 1863 1611)
4(2231 1613 1882 1018)
4(322 1613 2231 1611)
4(645 1373 2230 1609)
4(661 1611 2231 1374)
3(1376 2231 1613)
4(1879 1019 2232 1373)
4(2233 1019 1879 1375)
4(212 1373 2232 1377)
4(212 1377 2233 1375)
4(1879 1603 2132 1019)
4(1879 1019 2221 1604)
4(645 1615 2232 1373)
4(663 1375 2233 1616)
3(2230 1373 2232)
3(212 1376 1377)
4(2234 1020 1880 1374)
4(1880 1020 2235 1375)
4(2235 1020 2234 1378)
4(212 1378 2234 1374)
4(212 1375 2235 1378)
4(1864 1606 1880 1020)
4(1880 1607 2225 1020)
4(2234 1686 1864 1020)
4(2234 1020 1948 1687)
4(339 1686 2234 1687)
4(2235 1020 2225 1689)
4(2235 1691 1948 1020)
4(340 1691 2235 1689)
4(661 1374 2234 1686)
4(663 1689 2235 1375)
4(665 1687 2234 1378)
4(665 1378 2235 1691)
4(2231 1021 2234 1374)
4(2236 1021 2231 1376)
4(2234 1021 2236 1378)
4(212 1378 2236 1376)
4(1865 1021 2231 1611)
4(2231 1021 2237 1613)
4(322 1613 2237 1216)
4(1865 1686 2234 1021)
4(2238 1021 2234 1687)
4(339 1218 2238 1687)
3(2237 1021 2236)
4(2238 1697 2236 1021)
3(1697 2238 1220)
4(665 1697 2236 1378)
4(665 1687 2238 1697)
4(2233 1375 2235 1022)
4(2239 1022 2235 1378)
4(212 1377 2239 1378)
4(2228 1022 2235 1689)
4(2235 1022 2240 1691)
4(340 1691 2240 1222)
4(665 1378 2239 1703)
4(665 1703 2240 1691)
3(2236 2239 1378)
3(665 1697 1703)
3(326 1635 1634)
4(326 1634 2241 1176)
4(326 1176 2242 1635)
4(326 1223 2243 1634)
4(326 1635 2244 1223)
4(2245 1023 1883 1379)
4(2246 1023 2245 1382)
4(213 1382 2245 1379)
4(213 1380 2246 1382)
4(2245 1621 2147 1023)
4(2245 1023 1886 1623)
4(323 1621 2245 1623)
4(648 1379 2245 1621)
4(666 1623 2245 1382)
4(666 1382 2246 1624)
4(1884 1024 2247 1379)
4(2248 1024 1884 1381)
4(2247 1024 2248 1383)
4(213 1379 2247 1383)
4(213 1383 2248 1381)
4(1884 1618 2149 1024)
3(1884 1024 2241)
4(2247 1024 2149 1629)
4(2247 1630 1894 1024)
4(324 1630 2247 1629)
4(2248 1634 2241 1024)
4(2248 1024 1894 1636)
4(326 1634 2248 1636)
4(648 1629 2247 1379)
3(1381 2248 1634)
4(667 1383 2247 1630)
4(667 1636 2248 1383)
4(2245 1379 2247 1025)
4(2245 1025 2249 1382)
4(2249 1025 2247 1383)
4(213 1382 2249 1383)
4(2151 1621 2245 1025)
4(2250 1025 2245 1623)
4(323 1179 2250 1623)
4(2151 1025 2247 1629)
4(2247 1025 1895 1630)
4(2250 1641 2249 1025)
4(2249 1642 1895 1025)
4(328 1642 2249 1641)
4(328 1641 2250 1182)
4(666 1641 2249 1382)
4(666 1623 2250 1641)
4(667 1383 2249 1642)
3(2252 1243 2251)
4(149 508 2251 1243)
4(149 1243 2252 509)
4(213 1243 2251 1380)
4(213 1381 2252 1243)
4(668 511 2253 1026)
4(2254 1026 2253 1231)
4(81 1231 2253 511)
4(81 343 2254 1231)
4(2251 1243 2253 1026)
4(149 511 2253 1243)
4(2253 1026 2246 1382)
4(213 1243 2253 1382)
4(666 1382 2253 1231)
4(666 1231 2254 1624)
4(2252 1027 669 509)
3(2243 1027 2252)
4(2255 518 669 1027)
4(2255 1027 1896 1232)
4(82 518 2255 1232)
4(2255 1243 2252 1027)
4(149 1243 2255 518)
4(2248 1381 2252 1027)
4(2248 1027 2255 1383)
4(213 1383 2255 1243)
4(2243 1634 2248 1027)
4(1896 1027 2248 1636)
4(667 1232 2255 1383)
4(670 1028 2253 511)
4(2256 1231 2253 1028)
4(81 1231 2256 350)
4(670 518 2255 1028)
4(1897 1028 2255 1232)
4(2253 1243 2255 1028)
4(2249 1028 2253 1382)
4(2255 1028 2249 1383)
4(2256 1028 2249 1641)
4(2249 1028 1897 1642)
4(328 1224 2256 1641)
4(666 1641 2256 1231)
3(2257 1887 1384)
4(214 1387 2257 1384)
3(214 1385 1387)
4(650 1384 2257 1625)
4(1888 1029 2258 1384)
4(2259 1029 1888 1386)
4(2258 1029 2259 1388)
4(214 1384 2258 1388)
4(214 1388 2259 1386)
4(1888 1622 2161 1029)
4(1888 1029 2250 1623)
4(2258 1029 2161 1639)
4(2258 1640 1904 1029)
4(327 1640 2258 1639)
4(2259 1641 2250 1029)
4(2259 1029 1904 1643)
4(328 1641 2259 1643)
4(650 1639 2258 1384)
4(666 1386 2259 1641)
4(671 1388 2258 1640)
4(671 1643 2259 1388)
4(2257 1384 2258 1030)
4(2257 1030 2260 1387)
4(2260 1030 2258 1388)
4(214 1387 2260 1388)
4(2163 1625 2257 1030)
3(2261 1030 2257)
4(2163 1030 2258 1639)
4(2258 1030 1905 1640)
4(2261 1648 2260 1030)
4(2260 1649 1905 1030)
4(330 1649 2260 1648)
4(330 1648 2261 1188)
3(1648 2260 1387)
4(671 1388 2260 1649)
4(2263 512 672 1031)
4(2263 1031 2254 1231)
4(81 512 2263 1231)
4(2263 1244 2262 1031)
4(150 510 2262 1244)
4(150 1244 2263 512)
4(1889 1031 2263 1386)
4(214 1244 2262 1385)
4(214 1386 2263 1244)
4(666 1231 2263 1386)
3(2262 1244 2264)
4(150 515 2264 1244)
4(214 1244 2264 1387)
4(2263 1032 673 512)
4(2256 1032 2263 1231)
4(2265 526 673 1032)
4(2265 1032 1906 1234)
4(85 526 2265 1234)
4(2265 1244 2263 1032)
4(150 1244 2265 526)
4(2259 1386 2263 1032)
4(2259 1032 2265 1388)
4(214 1388 2265 1244)
4(2256 1641 2259 1032)
4(1906 1032 2259 1643)
4(671 1234 2265 1388)
4(674 1033 2264 515)
3(2266 2264 1033)
4(674 526 2265 1033)
4(1907 1033 2265 1234)
4(2264 1244 2265 1033)
4(2260 1033 2264 1387)
4(2265 1033 2260 1388)
4(2266 1033 2260 1648)
4(2260 1033 1907 1649)
4(330 1225 2266 1648)
3(330 1648 1650)
4(330 1225 2267 1650)
4(2268 1034 1890 1389)
4(1890 1034 2269 1390)
4(2269 1034 2268 1392)
4(215 1392 2268 1389)
4(215 1390 2269 1392)
4(1890 1034 2174 1626)
3(1890 2242 1034)
4(2268 1632 2174 1034)
4(2268 1034 1898 1633)
4(325 1632 2268 1633)
4(2269 1034 2242 1635)
4(2269 1637 1898 1034)
4(326 1637 2269 1635)
4(653 1389 2268 1632)
3(1635 2269 1390)
4(675 1633 2268 1392)
4(675 1392 2269 1637)
4(1891 1035 2270 1389)
4(2270 1035 2271 1393)
4(215 1389 2270 1393)
4(215 1393 2271 1391)
4(2270 1035 2177 1654)
4(2270 1656 1917 1035)
4(331 1656 2270 1654)
4(653 1654 2270 1389)
4(676 1393 2270 1656)
4(676 1658 2271 1393)
4(2268 1389 2270 1036)
4(2268 1036 2272 1392)
4(2272 1036 2270 1393)
4(215 1392 2272 1393)
4(2179 1632 2268 1036)
4(1899 1036 2268 1633)
4(2179 1036 2270 1654)
4(2270 1036 2273 1656)
4(331 1656 2273 1193)
4(2272 1036 1899 1662)
4(2273 1036 2272 1663)
4(333 1663 2272 1662)
4(333 1195 2273 1663)
4(675 1662 2272 1392)
4(676 1393 2272 1663)
4(676 1663 2273 1656)
3(2275 1245 2274)
4(151 516 2274 1245)
4(151 1245 2275 517)
4(215 1245 2274 1390)
4(215 1391 2275 1245)
4(677 1037 2274 516)
3(2244 2274 1037)
4(677 520 2276 1037)
4(2276 1233 1900 1037)
4(83 1233 2276 520)
4(2274 1245 2276 1037)
4(151 520 2276 1245)
4(2269 1037 2274 1390)
4(2276 1037 2269 1392)
4(215 1245 2276 1392)
4(2244 1037 2269 1635)
4(2269 1037 1900 1637)
4(675 1392 2276 1233)
4(2277 539 678 1038)
4(2278 1236 2277 1038)
4(89 539 2277 1236)
4(89 1236 2278 359)
4(2277 1245 2275 1038)
4(151 1245 2277 539)
4(2271 1038 2277 1393)
4(215 1393 2277 1245)
4(676 1236 2277 1393)
4(676 1658 2278 1236)
4(679 1039 2276 520)
4(1901 1233 2276 1039)
4(679 539 2277 1039)
4(2279 1039 2277 1236)
4(89 362 2279 1236)
4(2276 1245 2277 1039)
4(2272 1039 2276 1392)
4(2277 1039 2272 1393)
4(1901 1039 2272 1662)
4(2272 1039 2279 1663)
4(333 1663 2279 1226)
4(676 1236 2279 1663)
3(2280 1913 1394)
4(216 1397 2280 1394)
3(216 1395 1397)
4(656 1394 2280 1652)
4(1914 1040 2281 1394)
4(2282 1040 1914 1396)
4(2281 1040 2282 1398)
4(216 1394 2281 1398)
4(216 1398 2282 1396)
4(1914 1646 2190 1040)
4(1908 1647 1914 1040)
4(2281 1040 2190 1666)
4(2281 1668 1939 1040)
4(334 1668 2281 1666)
4(2282 1672 1908 1040)
4(2282 1040 1939 1673)
4(336 1672 2282 1673)
4(656 1666 2281 1394)
4(681 1396 2282 1672)
4(683 1398 2281 1668)
4(683 1673 2282 1398)
4(2280 1394 2281 1041)
4(2283 1041 2281 1398)
4(216 1397 2283 1398)
4(2192 1041 2281 1666)
4(2281 1041 2284 1668)
4(334 1668 2284 1204)
4(683 1398 2283 1676)
4(683 1676 2284 1668)
4(684 531 2285 1042)
3(2285 2267 1042)
4(2286 532 684 1042)
4(2286 1042 1909 1235)
4(87 532 2286 1235)
4(2286 1246 2285 1042)
4(152 531 2285 1246)
4(152 1246 2286 532)
4(2285 1042 1915 1395)
4(1915 1042 2286 1396)
4(216 1246 2285 1395)
4(216 1396 2286 1246)
4(1915 1042 2267 1650)
4(1909 1042 1915 1651)
4(681 1235 2286 1396)
3(2285 1246 2287)
4(152 538 2287 1246)
4(216 1246 2287 1397)
4(2286 1043 685 532)
4(1910 1043 2286 1235)
4(2288 549 685 1043)
4(2289 1238 2288 1043)
4(92 549 2288 1238)
4(92 1238 2289 369)
4(2288 1246 2286 1043)
4(152 1246 2288 549)
4(2282 1396 2286 1043)
4(2282 1043 2288 1398)
4(216 1398 2288 1246)
4(1910 1672 2282 1043)
4(2289 1043 2282 1673)
4(336 1227 2289 1673)
4(683 1238 2288 1398)
4(683 1673 2289 1238)
4(686 549 2288 1044)
4(2290 1044 2288 1238)
4(92 372 2290 1238)
4(2287 1246 2288 1044)
4(2288 1044 2283 1398)
4(683 1238 2290 1676)
4(2291 1045 1918 1399)
4(1918 1045 2292 1400)
4(2292 1045 2291 1402)
4(217 1402 2291 1399)
4(217 1400 2292 1402)
4(1918 1045 2201 1655)
4(1918 1656 2273 1045)
4(2291 1660 2201 1045)
4(2291 1045 1923 1661)
4(332 1660 2291 1661)
4(2292 1045 2273 1663)
4(2292 1664 1923 1045)
4(333 1664 2292 1663)
4(658 1399 2291 1660)
4(676 1663 2292 1400)
4(687 1661 2291 1402)
4(687 1402 2292 1664)
3(1919 2293 1399)
4(217 1399 2293 1403)
3(217 1403 1401)
4(658 1677 2293 1399)
4(2291 1399 2293 1046)
4(2291 1046 2294 1402)
4(2294 1046 2293 1403)
4(217 1402 2294 1403)
4(2204 1660 2291 1046)
4(1924 1046 2291 1661)
4(2204 1046 2293 1677)
3(2293 1046 2295)
4(2294 1046 1924 1682)
4(2295 1046 2294 1683)
4(338 1683 2294 1682)
4(338 1210 2295 1683)
4(687 1682 2294 1402)
3(1403 2294 1683)
4(688 540 2296 1047)
4(2296 1236 2278 1047)
4(89 1236 2296 540)
4(2297 1247 2296 1047)
4(153 540 2296 1247)
4(153 1247 2297 542)
4(2296 1047 1920 1400)
4(217 1247 2296 1400)
4(217 1401 2297 1247)
4(676 1400 2296 1236)
4(689 1048 2296 540)
4(2279 1236 2296 1048)
4(689 544 2298 1048)
4(2298 1237 1925 1048)
4(90 1237 2298 544)
4(2296 1247 2298 1048)
4(153 544 2298 1247)
4(2292 1048 2296 1400)
4(2298 1048 2292 1402)
4(217 1247 2298 1402)
4(2279 1048 2292 1663)
4(2292 1048 1925 1664)
4(687 1402 2298 1237)
3(2299 1247 2297)
4(153 1247 2299 559)
4(217 1403 2299 1247)
4(690 1049 2298 544)
4(1926 1237 2298 1049)
4(690 559 2299 1049)
3(2300 1049 2299)
4(2298 1247 2299 1049)
4(2294 1049 2298 1402)
4(2299 1049 2294 1403)
4(1926 1049 2294 1682)
4(2294 1049 2300 1683)
4(338 1683 2300 1228)
4(2301 1050 1940 1404)
4(1940 1050 2302 1405)
4(218 1407 2301 1404)
4(218 1405 2302 1407)
4(1940 1050 2212 1667)
4(1940 1668 2284 1050)
4(662 1404 2301 1675)
4(683 1676 2302 1405)
4(1941 1051 2303 1404)
4(2304 1051 1941 1406)
4(2303 1051 2304 1408)
4(218 1404 2303 1408)
4(218 1408 2304 1406)
4(1941 1670 2215 1051)
4(1932 1671 1941 1051)
4(2303 1051 2215 1696)
3(2303 1953 1051)
4(2304 1698 1932 1051)
4(2304 1051 1953 1700)
4(342 1698 2304 1700)
4(662 1696 2303 1404)
4(693 1406 2304 1698)
3(1700 2304 1408)
3(2301 1404 2303)
3(218 1407 1408)
4(696 550 2305 1052)
4(2305 1238 2289 1052)
4(92 1238 2305 550)
4(2306 552 696 1052)
4(2306 1052 1933 1239)
4(93 552 2306 1239)
4(2306 1248 2305 1052)
4(154 550 2305 1248)
4(154 1248 2306 552)
4(2305 1052 1942 1405)
4(1942 1052 2306 1406)
4(218 1248 2305 1405)
4(218 1406 2306 1248)
4(1942 1052 2289 1673)
4(1933 1052 1942 1674)
4(683 1405 2305 1238)
4(693 1239 2306 1406)
4(697 1053 2305 550)
4(2290 1238 2305 1053)
4(2305 1248 2307 1053)
4(154 557 2307 1248)
4(2302 1053 2305 1405)
4(218 1248 2307 1407)
4(2306 1054 698 552)
4(1934 1054 2306 1239)
4(2308 575 698 1054)
3(2309 2308 1054)
4(2308 1248 2306 1054)
4(154 1248 2308 575)
4(2304 1406 2306 1054)
4(2304 1054 2308 1408)
4(218 1408 2308 1248)
4(1934 1698 2304 1054)
4(2309 1054 2304 1700)
4(342 1230 2309 1700)
3(2307 1248 2308)
3(338 1685 1683)
4(338 1685 2310 1228)
4(2311 1055 1945 1409)
4(1945 1055 2312 1410)
4(2312 1055 2311 1412)
4(219 1412 2311 1409)
4(219 1410 2312 1412)
4(1945 1055 2226 1679)
4(1927 1055 1945 1680)
4(2311 1690 2226 1055)
4(2311 1055 1949 1692)
4(340 1690 2311 1692)
4(2312 1055 1927 1693)
4(2312 1695 1949 1055)
4(341 1695 2312 1693)
4(664 1409 2311 1690)
4(691 1693 2312 1410)
4(699 1692 2311 1412)
4(699 1412 2312 1695)
3(1946 2313 1409)
4(219 1409 2313 1413)
3(219 1413 1411)
4(664 1702 2313 1409)
4(2311 1409 2313 1056)
4(2311 1056 2314 1412)
4(219 1412 2314 1413)
4(2229 1690 2311 1056)
4(2315 1056 2311 1692)
4(340 1222 2315 1692)
4(699 1704 2314 1412)
4(699 1692 2315 1704)
4(700 560 2316 1057)
4(2316 1240 1928 1057)
4(95 1240 2316 560)
4(2317 562 700 1057)
3(2317 1057 2310)
4(2317 1249 2316 1057)
4(155 560 2316 1249)
4(155 1249 2317 562)
4(2316 1057 1947 1410)
4(1947 1057 2317 1411)
4(219 1249 2316 1410)
4(219 1411 2317 1249)
4(1928 1684 1947 1057)
4(1947 1685 2310 1057)
4(691 1410 2316 1240)
4(701 1058 2316 560)
4(1929 1240 2316 1058)
4(701 569 2318 1058)
4(2319 1058 2318 1242)
4(98 1242 2318 569)
4(98 380 2319 1242)
4(2316 1249 2318 1058)
4(155 569 2318 1249)
4(2312 1058 2316 1410)
4(2318 1058 2312 1412)
4(219 1249 2318 1412)
4(1929 1058 2312 1693)
4(2312 1058 2319 1695)
4(341 1695 2319 1229)
4(699 1412 2318 1242)
4(699 1242 2319 1695)
3(2320 1249 2317)
4(155 1249 2320 581)
4(219 1413 2320 1249)
4(702 1059 2318 569)
4(2321 1242 2318 1059)
4(98 1242 2321 387)
4(2318 1249 2320 1059)
4(2314 1059 2318 1412)
4(699 1704 2321 1242)
4(2322 1060 1950 1414)
4(1950 1060 2323 1415)
4(2323 1060 2322 1417)
4(220 1417 2322 1414)
4(220 1415 2323 1417)
4(1950 1060 2238 1687)
4(1935 1060 1950 1688)
4(2322 1697 2238 1060)
3(2322 1060 1954)
4(2323 1060 1935 1699)
4(2323 1701 1954 1060)
4(342 1701 2323 1699)
4(665 1414 2322 1697)
4(694 1699 2323 1415)
3(1417 2323 1701)
4(1951 1061 2324 1414)
4(2325 1061 1951 1416)
4(220 1414 2324 1418)
4(220 1418 2325 1416)
4(1951 1691 2240 1061)
4(1951 1061 2315 1692)
4(665 1703 2324 1414)
4(699 1416 2325 1704)
3(2322 1414 2324)
3(220 1417 1418)
4(703 567 2326 1062)
4(2326 1241 1936 1062)
4(97 1241 2326 567)
4(2327 570 703 1062)
4(2327 1062 2319 1242)
4(98 570 2327 1242)
4(2327 1250 2326 1062)
4(156 567 2326 1250)
4(156 1250 2327 570)
4(2326 1062 1952 1415)
4(1952 1062 2327 1416)
4(220 1250 2326 1415)
4(220 1416 2327 1250)
4(1936 1694 1952 1062)
4(1952 1695 2319 1062)
4(694 1415 2326 1241)
4(699 1242 2327 1416)
4(704 1063 2326 567)
4(1937 1241 2326 1063)
4(704 576 2328 1063)
3(2329 1063 2328)
4(2326 1250 2328 1063)
4(156 576 2328 1250)
4(2323 1063 2326 1415)
4(2328 1063 2323 1417)
4(220 1250 2328 1417)
4(1937 1063 2323 1699)
4(2323 1063 2329 1701)
4(342 1701 2329 1230)
4(2327 1064 705 570)
4(2321 1064 2327 1242)
4(2330 1250 2327 1064)
4(156 1250 2330 582)
4(2325 1416 2327 1064)
4(220 1418 2330 1250)
3(2328 1250 2330)
4(774 2331 2623 586)
4(2623 2331 2621 2435)
4(102 2435 2621 389)
4(102 586 2623 2435)
4(2624 2331 774 587)
4(2622 2331 2624 2437)
4(103 390 2622 2437)
4(103 2437 2624 587)
3(2624 2331 2623)
4(2625 2331 2623 2515)
4(2624 2331 2625 2516)
4(2625 2553 2621 2331)
4(2625 2331 2622 2554)
4(388 2367 2621 2553)
4(388 2554 2622 2367)
4(785 2553 2621 2435)
4(785 2435 2623 2515)
4(786 2437 2622 2554)
4(786 2516 2624 2437)
4(2637 592 780 2332)
4(2637 2332 2633 2456)
4(117 2456 2633 405)
4(117 592 2637 2456)
4(2638 2332 780 593)
4(2636 2332 2638 2459)
4(119 406 2636 2459)
4(119 2459 2638 593)
3(2638 2332 2637)
4(2639 2332 2637 2540)
4(2638 2332 2639 2541)
4(2639 2563 2633 2332)
4(2639 2332 2636 2564)
4(404 2373 2633 2563)
4(404 2564 2636 2373)
4(849 2563 2633 2456)
4(849 2456 2637 2540)
4(861 2459 2636 2564)
4(861 2541 2638 2459)
5(2662 419 718 2907 2333)
5(2662 2333 2911 2614 2379)
4(49 419 2662 2379)
4(104 2818 2939 2817)
4(718 2817 2939 2907)
4(2333 2907 2939 2911)
4(2614 2911 2939 2818)
5(722 420 2663 2333 2908)
5(2663 2380 2614 2911 2333)
4(50 2380 2663 420)
4(105 2819 2940 2820)
4(722 2908 2940 2819)
4(2333 2911 2940 2908)
4(2614 2820 2940 2911)
6(718 2599 524 2611 2333 2907)
6(722 2908 2333 2611 525 2601)
4(388 2419 2664 2551)
4(524 2599 2664 2422)
4(718 2551 2664 2599)
4(388 2552 2665 2419)
4(525 2423 2665 2601)
4(722 2601 2665 2552)
6(84 2423 525 2611 524 2422)
4(388 2551 2941 2552)
4(718 2907 2941 2551)
4(722 2552 2941 2908)
4(2333 2908 2941 2907)
4(2662 2487 2611 2333)
4(158 2487 2662 419)
4(158 524 2611 2487)
4(2611 2491 2663 2333)
4(165 420 2663 2491)
4(165 2491 2611 525)
4(2663 2493 2662 2333)
4(169 2379 2662 2493)
4(169 2493 2663 2380)
4(222 2493 2662 2487)
4(222 2491 2663 2493)
4(222 2487 2611 2491)
4(2662 2334 719 419)
4(2645 2334 2662 2379)
4(719 2334 2660 529)
4(2667 2424 2660 2334)
4(86 2424 2667 394)
4(2666 2334 2645 2440)
4(2667 2334 2666 2442)
4(106 2368 2667 2442)
4(2660 2487 2662 2334)
4(2666 2334 2662 2493)
4(2666 2334 2660 2507)
4(714 2442 2667 2424)
4(723 2335 2663 420)
4(2663 2335 2646 2380)
4(723 546 2661 2335)
4(2669 2335 2661 2425)
4(91 399 2669 2425)
4(2668 2444 2646 2335)
4(2669 2446 2668 2335)
4(112 2446 2669 2369)
4(2661 2335 2663 2491)
4(2668 2493 2663 2335)
4(2661 2335 2668 2508)
4(715 2425 2669 2446)
4(2672 421 728 2336)
4(2672 2336 2615 2381)
4(51 421 2672 2381)
4(728 530 2612 2336)
4(2612 2424 2667 2336)
4(2673 2441 2615 2336)
4(2673 2336 2667 2442)
4(2672 2489 2612 2336)
4(161 2489 2672 421)
4(2673 2495 2672 2336)
4(171 2381 2672 2495)
4(2612 2336 2673 2509)
4(223 2495 2672 2489)
4(2672 2337 729 421)
4(2647 2337 2672 2381)
4(2674 423 731 2337)
4(2674 2337 2647 2382)
4(53 423 2674 2382)
4(729 2337 2670 535)
4(2670 2337 731 537)
4(2670 2489 2672 2337)
4(2674 2494 2670 2337)
4(170 2494 2674 423)
4(2674 2337 2672 2495)
4(171 2382 2674 2495)
4(223 2495 2674 2494)
4(732 423 2674 2338)
4(2648 2338 2674 2382)
4(732 2338 2671 554)
4(2676 2426 2671 2338)
4(94 2426 2676 403)
4(2648 2447 2675 2338)
4(2676 2338 2675 2449)
4(113 2370 2676 2449)
4(2671 2494 2674 2338)
4(2674 2495 2675 2338)
4(2675 2338 2671 2510)
4(725 2449 2676 2426)
4(745 428 2680 2339)
4(2680 2385 2616 2339)
4(55 2385 2680 428)
4(745 2339 2613 548)
4(2613 2339 2669 2425)
4(2679 2339 2616 2445)
4(2679 2446 2669 2339)
4(2613 2497 2680 2339)
4(175 428 2680 2497)
4(2680 2500 2679 2339)
4(179 2500 2680 2385)
4(2679 2339 2613 2511)
4(226 2497 2680 2500)
5(746 2909 2340 2680 428)
5(2680 2340 2912 2649 2385)
4(116 2822 2944 2821)
4(746 2821 2944 2909)
4(2340 2909 2944 2912)
4(2649 2912 2944 2822)
5(748 435 2682 2340 2910)
5(2682 2390 2649 2912 2340)
4(59 2390 2682 435)
4(118 2823 2945 2824)
4(748 2910 2945 2823)
4(2340 2912 2945 2910)
4(2649 2824 2945 2912)
6(2677 2340 2909 746 2603 563)
6(748 2910 2340 2677 565 2607)
4(404 2427 2683 2561)
4(563 2603 2683 2428)
4(746 2561 2683 2603)
4(404 2562 2684 2427)
4(565 2430 2684 2607)
4(748 2607 2684 2562)
6(96 2430 565 2677 563 2428)
4(404 2561 2946 2562)
4(746 2909 2946 2561)
4(748 2562 2946 2910)
4(2340 2910 2946 2909)
4(2677 2340 2680 2497)
4(175 563 2677 2497)
4(2682 2340 2677 2499)
4(178 435 2682 2499)
4(178 2499 2677 565)
4(2682 2500 2680 2340)
4(179 2500 2682 2390)
4(226 2499 2682 2500)
4(226 2497 2677 2499)
4(749 2341 2682 435)
4(2650 2390 2682 2341)
4(749 572 2678 2341)
4(2685 2341 2678 2432)
4(99 410 2685 2432)
4(2650 2341 2681 2450)
4(2685 2452 2681 2341)
4(114 2452 2685 2374)
4(2682 2499 2678 2341)
4(2681 2500 2682 2341)
4(2678 2341 2681 2512)
4(741 2432 2685 2452)
4(2691 433 753 2342)
4(2691 2342 2651 2388)
4(57 433 2691 2388)
4(2686 2342 753 556)
4(2676 2342 2686 2426)
4(2651 2342 2689 2448)
4(2676 2449 2689 2342)
4(2691 2501 2686 2342)
4(180 2501 2691 433)
4(2689 2503 2691 2342)
4(182 2388 2691 2503)
4(2686 2342 2689 2513)
4(227 2503 2691 2501)
4(756 437 2692 2343)
4(2692 2392 2652 2343)
4(61 2392 2692 437)
4(756 2343 2687 573)
4(2685 2432 2687 2343)
4(2690 2343 2652 2451)
4(2685 2343 2690 2452)
4(2687 2502 2692 2343)
4(181 437 2692 2502)
4(2692 2503 2690 2343)
4(182 2503 2692 2392)
4(2687 2514 2690 2343)
4(227 2502 2692 2503)
4(754 433 2691 2344)
4(2653 2344 2691 2388)
4(757 2344 2692 437)
4(2653 2392 2692 2344)
4(754 2344 2688 577)
4(757 578 2688 2344)
4(2688 2501 2691 2344)
4(2692 2502 2688 2344)
4(2691 2503 2692 2344)
4(797 2345 2626 584)
4(2626 2345 2718 2433)
4(101 2433 2718 413)
4(797 598 2715 2345)
4(2717 2345 2715 2463)
4(126 2463 2715 598)
4(126 414 2717 2463)
4(2715 2345 2626 2488)
4(159 598 2715 2488)
4(2716 2518 2715 2345)
4(2716 2345 2626 2519)
4(235 2488 2715 2518)
4(2717 2567 2716 2345)
4(2718 2345 2716 2568)
4(416 2377 2718 2568)
4(416 2567 2717 2377)
4(795 2518 2715 2463)
4(795 2463 2717 2567)
4(796 2568 2718 2433)
4(2714 2346 798 596)
3(2713 2346 2714)
4(798 2346 2715 598)
4(2720 2463 2715 2346)
4(126 2463 2720 446)
4(2715 2488 2714 2346)
4(2719 2517 2714 2346)
4(2719 2346 2715 2518)
4(2719 2346 2713 2579)
4(2720 2346 2719 2580)
4(444 2579 2713 2397)
4(444 2397 2720 2580)
4(795 2580 2720 2463)
4(2722 2347 2627 2520)
4(2627 2347 2721 2521)
4(2722 2522 2721 2347)
4(236 2520 2627 2521)
4(2627 2347 2664 2551)
4(2627 2553 2710 2347)
4(388 2553 2627 2551)
4(2721 2347 2710 2595)
4(2721 2596 2712 2347)
4(2722 2599 2664 2347)
4(2722 2347 2712 2600)
4(718 2551 2627 2520)
4(785 2521 2627 2553)
4(808 585 2628 2348)
4(2628 2433 2718 2348)
4(2724 599 808 2348)
4(2726 2465 2724 2348)
4(127 599 2724 2465)
4(127 2465 2726 415)
4(2724 2490 2628 2348)
4(162 2490 2724 599)
4(2628 2348 2725 2523)
4(2725 2348 2724 2525)
4(240 2525 2724 2490)
4(2725 2348 2718 2568)
4(2726 2348 2725 2569)
4(416 2377 2726 2569)
4(807 2465 2724 2525)
4(807 2569 2726 2465)
4(809 2349 2723 597)
3(2728 2723 2349)
4(809 599 2724 2349)
4(2729 2349 2724 2465)
4(127 449 2729 2465)
4(2723 2490 2724 2349)
4(2727 2349 2723 2524)
4(2724 2349 2727 2525)
4(2728 2349 2727 2581)
4(2729 2582 2727 2349)
4(447 2400 2728 2581)
4(447 2582 2729 2400)
4(807 2465 2729 2582)
4(2629 2350 2733 2526)
4(2732 2350 2629 2527)
4(2733 2350 2732 2528)
4(247 2527 2629 2526)
4(2629 2552 2665 2350)
4(2629 2350 2711 2554)
4(388 2552 2629 2554)
4(2732 2597 2711 2350)
4(2732 2350 2730 2598)
4(2733 2350 2665 2601)
4(2733 2602 2730 2350)
4(722 2526 2629 2552)
4(786 2554 2629 2527)
4(2630 2351 824 588)
4(2737 2351 2630 2443)
4(111 424 2737 2443)
4(2734 600 824 2351)
4(2736 2471 2734 2351)
4(135 600 2734 2471)
4(135 2471 2736 425)
4(2734 2492 2630 2351)
4(168 2492 2734 600)
4(2735 2351 2734 2529)
4(2735 2530 2630 2351)
4(248 2529 2734 2492)
4(2736 2351 2735 2570)
4(2737 2571 2735 2351)
4(427 2571 2737 2384)
4(427 2384 2736 2570)
4(822 2471 2734 2529)
4(822 2570 2736 2471)
4(823 2443 2737 2571)
4(825 600 2734 2352)
4(2739 2352 2734 2471)
4(135 452 2739 2471)
3(2492 2734 2352)
4(2734 2352 2738 2529)
4(2739 2584 2738 2352)
4(450 2403 2731 2583)
4(450 2584 2739 2403)
4(822 2471 2739 2584)
4(837 2353 2631 590)
4(2631 2353 2745 2453)
4(115 2453 2745 429)
4(837 602 2743 2353)
4(2743 2476 2741 2353)
4(138 2476 2743 602)
4(138 430 2741 2476)
4(2743 2353 2631 2496)
4(174 602 2743 2496)
4(2744 2531 2743 2353)
4(2744 2353 2631 2532)
4(254 2496 2743 2531)
4(2744 2353 2741 2573)
4(2745 2353 2744 2574)
4(432 2387 2745 2574)
4(432 2573 2741 2387)
4(834 2531 2743 2476)
4(834 2476 2741 2573)
4(836 2574 2745 2453)
4(838 2354 2743 602)
4(2742 2476 2743 2354)
4(138 2476 2742 455)
3(2743 2496 2354)
4(2746 2354 2743 2531)
4(2746 2586 2742 2354)
4(453 2585 2740 2406)
4(453 2406 2742 2586)
4(834 2586 2742 2476)
4(845 2355 2632 589)
4(2632 2355 2737 2443)
4(845 601 2748 2355)
4(2750 2355 2748 2473)
4(136 2473 2748 601)
4(136 426 2750 2473)
4(2632 2498 2748 2355)
4(176 601 2748 2498)
4(2749 2355 2632 2533)
4(2748 2355 2749 2534)
4(257 2498 2748 2534)
4(2749 2571 2737 2355)
4(2750 2572 2749 2355)
4(427 2572 2750 2384)
4(844 2534 2748 2473)
4(844 2473 2750 2572)
4(846 2356 2748 601)
4(2752 2473 2748 2356)
4(136 2473 2752 457)
3(2748 2498 2356)
4(2751 2356 2748 2534)
4(2752 2356 2751 2587)
4(456 2409 2752 2587)
4(456 2588 2753 2409)
4(844 2587 2752 2473)
4(2754 2357 2634 2535)
4(2755 2357 2754 2536)
4(2634 2357 2755 2537)
4(259 2535 2634 2537)
4(2634 2357 2683 2561)
4(2756 2357 2634 2563)
4(404 2563 2634 2561)
4(2754 2603 2683 2357)
4(2754 2357 2747 2604)
4(2755 2605 2747 2357)
4(2756 2606 2755 2357)
4(746 2561 2634 2535)
4(849 2537 2634 2563)
4(856 591 2635 2358)
4(2635 2453 2745 2358)
4(2759 603 856 2358)
4(2759 2358 2757 2478)
4(139 603 2759 2478)
4(139 2478 2757 431)
4(2759 2504 2635 2358)
4(183 2504 2759 603)
4(2635 2358 2760 2538)
4(2760 2358 2759 2539)
4(263 2539 2759 2504)
4(2760 2358 2745 2574)
4(2760 2575 2757 2358)
4(432 2387 2757 2575)
4(854 2478 2759 2539)
4(854 2575 2757 2478)
4(2759 2359 857 603)
4(2758 2359 2759 2478)
4(139 460 2758 2478)
3(2504 2759 2359)
4(2761 2539 2759 2359)
4(2761 2359 2758 2589)
4(459 2589 2758 2412)
4(459 2412 2762 2590)
4(854 2478 2758 2589)
4(2640 2360 2764 2542)
4(2764 2360 2765 2543)
4(2765 2360 2640 2544)
4(268 2544 2640 2542)
4(2640 2562 2684 2360)
4(2640 2360 2763 2564)
4(404 2562 2640 2564)
4(2764 2360 2684 2607)
4(2764 2608 2693 2360)
4(2765 2360 2693 2609)
4(2765 2610 2763 2360)
4(748 2542 2640 2562)
4(861 2564 2640 2544)
4(2641 2361 873 594)
4(2771 2361 2641 2460)
4(124 438 2771 2460)
4(2769 604 873 2361)
4(2769 2361 2766 2484)
4(145 604 2769 2484)
4(145 2484 2766 439)
4(2769 2505 2641 2361)
4(187 2505 2769 604)
4(2770 2361 2769 2545)
4(2770 2547 2641 2361)
4(270 2545 2769 2505)
4(2770 2576 2766 2361)
4(2771 2577 2770 2361)
4(441 2577 2771 2394)
4(441 2394 2766 2576)
4(869 2484 2769 2545)
4(869 2576 2766 2484)
4(872 2460 2771 2577)
4(2769 2362 874 604)
4(2767 2362 2769 2484)
4(145 463 2767 2484)
4(874 2362 2772 606)
3(2768 2772 2362)
4(2772 2505 2769 2362)
4(2773 2545 2769 2362)
4(2773 2362 2772 2546)
4(2773 2362 2767 2591)
4(2773 2592 2768 2362)
4(462 2591 2767 2415)
4(462 2415 2768 2592)
4(869 2484 2767 2591)
4(884 2363 2642 595)
4(2642 2363 2771 2460)
4(884 605 2776 2363)
4(2776 2486 2774 2363)
4(146 2486 2776 605)
4(146 440 2774 2486)
4(2642 2506 2776 2363)
4(189 605 2776 2506)
4(2777 2363 2642 2548)
4(2777 2549 2776 2363)
4(275 2506 2776 2549)
4(2777 2577 2771 2363)
4(2777 2363 2774 2578)
4(441 2578 2774 2394)
4(880 2549 2776 2486)
4(880 2486 2774 2578)
4(885 2364 2776 605)
4(2776 2364 2775 2486)
4(146 2486 2775 466)
4(885 607 2778 2364)
3(2780 2364 2778)
4(2776 2506 2778 2364)
4(2779 2364 2776 2549)
4(2778 2364 2779 2550)
4(2779 2593 2775 2364)
4(2780 2594 2779 2364)
4(465 2418 2775 2593)
4(465 2594 2780 2418)
4(880 2593 2775 2486)
4(716 519 2913 2781)
4(2915 2781 2913 2813)
4(2914 521 720 2781)
4(2915 2814 2914 2781)
4(2611 524 716 2781)
4(720 525 2611 2781)
4(2611 2487 2913 2781)
4(2914 2491 2611 2781)
4(2913 2781 2914 2845)
4(2618 2434 2919 2782)
4(2919 2435 2621 2782)
4(2920 2438 2618 2782)
4(2920 2782 2918 2817)
4(104 2817 2918 2365)
4(2920 2841 2919 2782)
4(2920 2520 2627 2782)
4(2627 2521 2919 2782)
4(2627 2551 2918 2782)
4(2621 2553 2627 2782)
4(388 2367 2918 2551)
4(718 2551 2918 2817)
4(2924 2436 2619 2783)
4(2622 2437 2924 2783)
4(2619 2439 2925 2783)
4(2925 2819 2923 2783)
4(105 2366 2923 2819)
4(2924 2842 2925 2783)
4(2629 2526 2925 2783)
4(2924 2527 2629 2783)
4(2923 2552 2629 2783)
4(2629 2554 2622 2783)
4(388 2552 2923 2367)
4(722 2819 2923 2552)
4(2930 2454 2620 2784)
4(2930 2784 2929 2821)
4(116 2821 2929 2371)
4(2620 2455 2931 2784)
4(2931 2456 2633 2784)
4(2931 2784 2930 2843)
4(2930 2535 2634 2784)
4(2634 2537 2931 2784)
4(2634 2561 2929 2784)
4(2633 2563 2634 2784)
4(404 2373 2929 2561)
4(746 2561 2929 2821)
4(2617 2457 2934 2785)
4(2934 2823 2933 2785)
4(118 2372 2933 2823)
4(2935 2458 2617 2785)
4(2636 2459 2935 2785)
4(2935 2844 2934 2785)
4(2640 2542 2934 2785)
4(2935 2544 2640 2785)
4(2933 2562 2640 2785)
4(2640 2564 2636 2785)
4(404 2562 2933 2373)
4(748 2823 2933 2562)
4(2939 2817 2918 2786)
4(2939 2786 2917 2818)
4(2940 2786 2923 2819)
4(2940 2820 2917 2786)
4(2941 2786 2918 2551)
4(2941 2552 2923 2786)
4(2939 2907 2941 2786)
4(2941 2908 2940 2786)
4(2940 2786 2939 2911)
4(744 545 2916 2787)
4(2943 2787 2916 2815)
4(2942 561 742 2787)
4(2943 2816 2942 2787)
4(2677 563 744 2787)
4(742 565 2677 2787)
4(2677 2497 2916 2787)
4(2942 2499 2677 2787)
4(2916 2787 2942 2846)
4(2944 2821 2929 2788)
4(2944 2788 2938 2822)
4(2945 2788 2933 2823)
4(2945 2824 2938 2788)
4(2946 2788 2929 2561)
4(2946 2562 2933 2788)
4(2944 2909 2946 2788)
4(2946 2910 2945 2788)
4(2945 2788 2944 2912)
3(2623 2435 2947)
3(2948 2437 2624)
4(2951 2789 2949 2825)
4(2951 2891 2950 2789)
4(2953 2462 2698 2790)
4(2717 2463 2953 2790)
4(126 2462 2953 2463)
4(2953 2790 2921 2847)
4(2954 2790 2953 2848)
4(2921 2790 2954 2850)
4(237 2848 2953 2847)
4(2698 2555 2921 2790)
4(2955 2790 2921 2879)
4(391 2376 2955 2879)
4(2954 2567 2717 2790)
4(2955 2884 2954 2790)
4(416 2884 2955 2377)
4(775 2847 2953 2462)
4(795 2463 2953 2848)
4(800 2879 2955 2884)
4(2953 2791 2699 2462)
4(2720 2791 2953 2463)
4(2699 2791 2956 2466)
4(2952 2828 2956 2791)
4(2956 2791 2953 2847)
4(2957 2848 2953 2791)
4(2957 2791 2956 2849)
4(2720 2580 2957 2791)
4(2957 2892 2952 2791)
3(2959 2826 2792)
4(2959 2792 2958 2893)
4(2700 2464 2960 2793)
4(2960 2465 2726 2793)
4(127 2465 2960 2464)
4(2922 2793 2960 2851)
4(2961 2793 2922 2852)
4(2961 2853 2960 2793)
4(241 2851 2960 2853)
4(2700 2793 2922 2556)
4(2922 2793 2955 2879)
4(2961 2884 2955 2793)
4(2726 2569 2961 2793)
4(776 2464 2960 2851)
4(807 2853 2960 2465)
4(2701 2794 2960 2464)
4(2960 2794 2729 2465)
4(2701 2468 2962 2794)
4(2964 2794 2962 2830)
4(2960 2794 2962 2851)
4(2963 2794 2960 2853)
4(2962 2794 2963 2854)
4(2963 2582 2729 2794)
4(2964 2894 2963 2794)
3(2966 2827 2795)
4(2966 2795 2965 2895)
4(2702 2470 2969 2796)
4(2969 2471 2736 2796)
4(135 2471 2969 2470)
4(2926 2796 2969 2855)
4(2970 2857 2969 2796)
4(2970 2796 2926 2858)
4(249 2855 2969 2857)
4(2702 2796 2926 2557)
4(2971 2880 2926 2796)
4(397 2880 2971 2383)
4(2736 2570 2970 2796)
4(2971 2796 2970 2886)
4(427 2384 2971 2886)
4(777 2470 2969 2855)
4(822 2857 2969 2471)
4(826 2886 2971 2880)
4(2968 2797 2703 2467)
4(2967 2797 2968 2829)
4(2703 2797 2969 2470)
4(2739 2471 2969 2797)
4(2969 2797 2968 2855)
4(2972 2856 2968 2797)
4(2972 2797 2969 2857)
4(2972 2797 2967 2896)
4(2972 2584 2739 2797)
3(2973 2798 2831)
4(2975 2798 2973 2897)
4(2977 2475 2704 2799)
4(2741 2476 2977 2799)
4(138 2475 2977 2476)
4(2977 2799 2927 2859)
4(2978 2799 2977 2861)
4(2927 2799 2978 2862)
4(253 2861 2977 2859)
4(2704 2560 2927 2799)
4(2979 2799 2927 2881)
4(401 2386 2979 2881)
4(2978 2573 2741 2799)
4(2979 2887 2978 2799)
4(432 2887 2979 2387)
4(778 2859 2977 2475)
4(834 2476 2977 2861)
4(835 2881 2979 2887)
4(2705 2800 2976 2469)
4(2976 2800 2974 2832)
4(2705 2475 2977 2800)
4(2742 2800 2977 2476)
4(2976 2800 2977 2859)
4(2980 2800 2976 2860)
4(2977 2800 2980 2861)
4(2980 2898 2974 2800)
4(2742 2586 2980 2800)
4(2981 2472 2706 2801)
4(2750 2473 2981 2801)
4(136 2472 2981 2473)
4(2981 2801 2928 2863)
4(2928 2801 2982 2864)
4(2982 2801 2981 2865)
4(258 2865 2981 2863)
4(2706 2558 2928 2801)
4(2928 2880 2971 2801)
4(2982 2801 2971 2886)
4(2982 2572 2750 2801)
4(779 2863 2981 2472)
4(844 2473 2981 2865)
4(2981 2802 2707 2472)
4(2752 2802 2981 2473)
4(2707 2802 2983 2474)
4(2983 2802 2985 2833)
4(2981 2863 2983 2802)
4(2984 2865 2981 2802)
4(2984 2802 2983 2866)
4(2752 2587 2984 2802)
4(2985 2802 2984 2899)
3(2987 2803 2835)
4(2987 2900 2986 2803)
4(2694 2477 2989 2804)
4(2989 2478 2757 2804)
4(139 2478 2989 2477)
4(2932 2804 2989 2867)
4(2990 2804 2932 2868)
4(2989 2804 2990 2869)
4(262 2867 2989 2869)
4(2694 2804 2932 2559)
4(2932 2804 2979 2881)
4(2990 2887 2979 2804)
4(2757 2575 2990 2804)
4(772 2477 2989 2867)
4(854 2869 2989 2478)
4(2695 2805 2989 2477)
4(2989 2805 2758 2478)
4(2695 2479 2991 2805)
4(2993 2805 2991 2834)
4(2989 2805 2991 2867)
4(2992 2805 2989 2869)
4(2991 2805 2992 2870)
4(2992 2589 2758 2805)
4(2993 2901 2992 2805)
3(2994 2839 2806)
4(2995 2902 2994 2806)
3(2637 2456 2988)
3(2996 2459 2638)
4(2708 2483 3000 2807)
4(3000 2484 2766 2807)
4(145 2484 3000 2483)
4(2936 2807 3000 2871)
4(3001 2873 3000 2807)
4(3001 2807 2936 2874)
4(269 2871 3000 2873)
4(2708 2807 2936 2566)
4(3002 2882 2936 2807)
4(409 2882 3002 2393)
4(2766 2576 3001 2807)
4(3002 2807 3001 2890)
4(441 2394 3002 2890)
4(781 2483 3000 2871)
4(869 2873 3000 2484)
4(870 2890 3002 2882)
4(2999 2808 2709 2480)
4(2997 2808 2999 2836)
4(2709 2808 3000 2483)
4(3000 2808 2767 2484)
4(2999 2871 3000 2808)
4(3003 2872 2999 2808)
4(3003 2808 3000 2873)
4(3003 2808 2997 2903)
4(3003 2591 2767 2808)
4(3004 2809 2998 2837)
4(3005 2904 2998 2809)
4(3007 2485 2696 2810)
4(2774 2486 3007 2810)
4(146 2485 3007 2486)
4(3007 2810 2937 2875)
4(2937 2810 3008 2876)
4(3008 2810 3007 2878)
4(273 2878 3007 2875)
4(2696 2565 2937 2810)
4(2937 2882 3002 2810)
4(3008 2810 3002 2890)
4(3008 2578 2774 2810)
4(773 2875 3007 2485)
4(880 2486 3007 2878)
4(2697 2811 3006 2482)
4(3006 2811 3010 2838)
4(2697 2485 3007 2811)
4(2775 2811 3007 2486)
4(3006 2811 3007 2875)
4(3009 2811 3006 2877)
4(3007 2811 3009 2878)
4(3010 2811 3009 2905)
4(2775 2593 3009 2811)
3(3011 2812 2840)
4(3012 2812 3011 2906)
4(36 2365 2917 2366)
4(104 2818 2917 2365)
4(105 2366 2917 2820)
4(2614 2820 2917 2818)
4(37 393 2615 2368)
4(38 109 173 110)
4(39 2369 2616 398)
6(40 113 2448 182 2451 114)
5(41 401 2559 772 402)
4(42 2372 2617 406)
5(43 408 773 2565 409)
4(44 122 190 123)
4(36 390 774 389)
4(36 389 2618 2365)
5(37 392 775 2555 391)
5(37 391 2556 776 393)
4(38 108 163 107)
4(38 107 164 109)
4(36 2366 2619 390)
5(39 397 2557 777 396)
5(41 400 778 2560 401)
5(39 398 779 2558 397)
4(42 405 2620 2371)
4(44 120 184 122)
4(42 406 780 405)
5(43 409 2566 781 407)
4(44 123 188 121)
4(65 2395 2643 445)
4(46 413 808 415)
4(66 449 809 448)
4(67 451 2644 2401)
4(37 2368 2645 392)
4(39 396 2646 2369)
6(40 112 2444 169 2440 106)
4(38 110 2647 108)
6(40 106 2441 171 2447 113)
4(41 2370 2648 400)
4(52 133 173 109)
4(53 110 173 134)
6(68 2405 134 173 133 2404)
4(54 426 845 424)
4(69 458 846 457)
6(40 114 2450 179 2445 112)
4(42 2371 2938 2372)
4(116 2822 2938 2371)
4(118 2372 2938 2824)
4(2649 2824 2938 2822)
4(43 407 2650 2374)
4(41 402 2651 2370)
4(43 2374 2652 408)
4(44 121 2653 120)
5(59 142 186 2457 118)
6(60 2391 119 2458 186 143)
6(71 2414 143 186 142 2413)
4(46 414 797 413)
4(65 445 798 446)
6(45 125 160 2434 102 2375)
5(49 104 2438 160 130)
6(65 2396 130 160 125 2395)
4(66 448 2654 2398)
4(47 107 163 128)
4(51 132 163 108)
6(66 2398 128 163 132 2399)
6(48 2378 103 2436 167 129)
5(50 131 167 2439 105)
6(67 2401 129 167 131 2402)
4(54 424 824 425)
4(67 452 825 451)
4(68 2404 2655 454)
4(56 430 837 429)
4(68 454 838 455)
4(69 2408 2656 458)
5(55 116 2454 177 137)
6(58 141 177 2455 117 2389)
6(69 2407 137 177 141 2408)
4(56 429 856 431)
4(70 460 857 461)
4(57 140 184 120)
4(63 122 184 147)
6(70 2411 147 184 140 2410)
4(70 461 2657 2411)
4(71 464 2658 2414)
4(62 438 873 439)
4(71 463 874 464)
4(61 121 188 144)
4(64 148 188 123)
6(72 2416 144 188 148 2417)
4(62 440 884 438)
4(72 467 885 466)
4(72 2417 2659 467)
4(56 431 2694 2386)
5(57 402 772 2479 140)
4(70 2410 2695 460)
5(61 144 2482 773 408)
4(62 2393 2696 440)
4(72 466 2697 2416)
4(102 389 774 586)
4(103 587 774 390)
4(46 2376 2698 414)
5(49 130 2466 775 392)
4(65 446 2699 2396)
4(46 415 2700 2376)
5(51 393 776 2468 132)
4(66 2399 2701 449)
5(50 396 777 2467 131)
4(54 425 2702 2383)
4(67 2402 2703 452)
5(53 134 2469 778 400)
4(56 2386 2704 430)
4(68 455 2705 2405)
4(54 2383 2706 426)
5(55 137 2474 779 398)
4(69 457 2707 2407)
4(117 405 780 592)
4(119 593 780 406)
5(59 407 781 2480 142)
4(62 439 2708 2393)
4(71 2413 2709 463)
4(101 585 808 413)
4(127 415 808 599)
4(162 599 808 585)
4(127 599 809 449)
4(111 424 845 589)
4(136 601 845 426)
4(176 589 845 601)
4(136 457 846 601)
4(101 413 797 584)
4(126 598 797 414)
4(159 584 797 598)
4(126 446 798 598)
4(111 588 824 424)
4(135 425 824 600)
4(168 600 824 588)
4(135 600 825 452)
4(115 429 837 590)
4(138 602 837 430)
4(174 590 837 602)
4(138 455 838 602)
4(115 591 856 429)
4(139 431 856 603)
4(183 603 856 591)
4(139 603 857 460)
4(124 594 873 438)
4(145 439 873 604)
4(187 604 873 594)
4(145 604 874 463)
4(124 438 884 595)
4(146 605 884 440)
4(189 595 884 605)
4(146 466 885 605)
5(49 2379 2614 2818 104)
5(50 105 2820 2614 2380)
4(169 2380 2614 2379)
4(51 2381 2615 393)
4(106 2368 2615 2441)
4(171 2441 2615 2381)
4(55 398 2616 2385)
4(112 2445 2616 2369)
4(179 2385 2616 2445)
4(118 2457 2617 2372)
4(119 406 2617 2458)
4(186 2458 2617 2457)
4(102 2434 2618 389)
4(104 2365 2618 2438)
4(160 2438 2618 2434)
4(103 390 2619 2436)
4(105 2439 2619 2366)
4(167 2436 2619 2439)
4(116 2371 2620 2454)
4(117 2455 2620 405)
4(177 2454 2620 2455)
4(125 2461 2643 2395)
4(49 392 2645 2379)
4(106 2440 2645 2368)
4(169 2379 2645 2440)
4(50 2380 2646 396)
4(112 2369 2646 2444)
4(169 2444 2646 2380)
4(51 108 2647 2381)
4(53 2382 2647 110)
4(171 2381 2647 2382)
4(53 400 2648 2382)
4(113 2447 2648 2370)
4(171 2382 2648 2447)
5(55 2385 2649 2822 116)
5(59 118 2824 2649 2390)
4(179 2390 2649 2385)
4(59 2390 2650 407)
4(114 2374 2650 2450)
4(179 2450 2650 2390)
4(57 2388 2651 402)
4(113 2370 2651 2448)
4(182 2448 2651 2388)
4(61 408 2652 2392)
4(114 2451 2652 2374)
4(182 2392 2652 2451)
4(57 120 2653 2388)
4(61 2392 2653 121)
4(182 2388 2653 2392)
4(143 2414 2658 2481)
4(139 2477 2694 431)
4(401 2386 2694 2559)
4(772 2559 2694 2477)
4(139 460 2695 2477)
4(140 2479 2695 2410)
4(772 2477 2695 2479)
4(146 440 2696 2485)
4(409 2565 2696 2393)
4(773 2485 2696 2565)
4(144 2416 2697 2482)
4(146 2485 2697 466)
4(773 2482 2697 2485)
4(126 414 2698 2462)
4(391 2555 2698 2376)
4(775 2462 2698 2555)
4(126 2462 2699 446)
4(130 2396 2699 2466)
4(775 2466 2699 2462)
4(127 2464 2700 415)
4(391 2376 2700 2556)
4(776 2556 2700 2464)
4(127 449 2701 2464)
4(132 2468 2701 2399)
4(776 2464 2701 2468)
4(135 2470 2702 425)
4(397 2383 2702 2557)
4(777 2557 2702 2470)
4(131 2467 2703 2402)
4(135 452 2703 2470)
4(777 2470 2703 2467)
4(138 430 2704 2475)
4(401 2560 2704 2386)
4(778 2475 2704 2560)
4(134 2405 2705 2469)
4(138 2475 2705 455)
4(778 2469 2705 2475)
4(136 426 2706 2472)
4(397 2558 2706 2383)
4(779 2472 2706 2558)
4(136 2472 2707 457)
4(137 2407 2707 2474)
4(779 2474 2707 2472)
4(145 2483 2708 439)
4(409 2393 2708 2566)
4(781 2566 2708 2483)
4(142 2480 2709 2413)
4(145 463 2709 2483)
4(781 2483 2709 2480)
3(586 774 587)
3(592 780 593)
3(448 809 597)
4(162 597 809 599)
3(176 601 846)
3(596 798 445)
4(159 598 798 596)
3(168 825 600)
3(174 602 838)
3(183 857 603)
3(464 874 606)
4(187 606 874 604)
3(607 885 467)
4(189 605 885 607)
3(129 2401 2644)
3(102 586 2375)
3(103 2378 587)
3(128 2398 2654)
3(133 2655 2404)
3(141 2656 2408)
3(147 2411 2657)
3(117 592 2389)
3(119 2391 593)
3(148 2659 2417)
4(1805 1113 1114 1806)
4(1881 1166 1167 1882)
4(1953 1219 1220 1954)
4(770 384 385 771)
4(344 783 784 345)
4(805 354 356 733)
4(164 107 812 243)
4(164 243 813 109)
4(374 843 762 376)
4(190 122 859 276)
4(882 123 190 276)
4(1955 1068 1069 1956)
4(1080 1976 1978 1082)
4(2003 1102 1104 2007)
4(1068 2025 2026 1069)
4(2027 1119 1120 2028)
4(2048 1080 1082 1762)
4(1131 2054 2056 1133)
4(1102 2089 1796 1104)
4(2095 1154 1156 2108)
4(1166 2106 2129 1167)
4(1119 2133 2134 1120)
4(2135 1172 1173 2136)
4(2156 1131 1133 1838)
4(1184 2162 2164 1186)
4(1154 2197 1872 1156)
4(2203 1207 1209 2216)
4(1219 2214 2237 1220)
4(1172 2241 2242 1173)
4(2243 344 345 2244)
4(2261 1184 1186 1912)
4(354 2266 2267 356)
4(1207 2295 1944 1209)
4(2300 374 376 2310)
4(384 2309 2329 385)
4(706 469 470 707)
4(711 221 709 474)
4(712 479 480 713)
4(733 356 531 734)
4(536 733 734 484)
4(739 225 740 490)
4(376 762 764 562)
4(762 566 500 764)
4(579 770 771 580)
5(783 522 782 523 784)
6(785 2515 231 782 522 2595)
6(782 231 2516 786 2597 523)
4(706 232 788 469)
4(2643 2789 2713 445)
6(793 2579 2950 794 470 469)
5(788 235 2517 793 469)
5(412 45 2375 2947 2883)
4(709 801 476 474)
5(806 2524 240 711 474)
4(2654 448 2728 2792)
6(806 474 476 810 2958 2581)
4(47 417 812 107)
5(534 812 417 810 476)
4(534 805 733 536)
5(812 534 536 813 243)
4(817 245 713 480)
4(2731 2795 2644 451)
5(820 2965 2583 480 479)
5(418 2885 2948 2378 48)
4(2731 451 825 2352)
5(817 480 2583 2738 248)
4(734 827 486 484)
4(827 251 830 486)
5(52 422 832 2831 133)
4(2655 2798 2740 454)
5(832 484 486 2585 2975)
4(838 454 2740 2354)
5(830 254 2746 2585 486)
4(841 739 490 492)
4(843 374 559 841)
4(564 843 841 492)
4(2753 2356 846 458)
5(740 257 2751 2588 490)
4(2753 458 2656 2803)
5(848 492 490 2588 2986)
5(58 2389 2988 2888 434)
4(851 260 850 496)
4(497 852 770 579)
4(852 497 496 850)
4(857 2359 2762 461)
5(263 851 496 2590 2761)
5(63 147 2839 858 442)
4(63 442 859 122)
5(442 858 497 579 859)
4(2657 461 2762 2806)
5(496 497 858 2995 2590)
5(843 564 860 566 762)
6(849 2540 265 860 564 2606)
6(860 265 2541 861 2610 566)
4(764 500 502 864)
4(865 267 864 502)
5(60 143 2837 868 436)
5(436 2889 2996 2391 60)
4(2768 2809 2658 464)
6(871 502 500 868 3005 2592)
5(871 2546 270 865 502)
4(576 875 771 385)
4(877 272 878 507)
4(875 877 507 506)
5(64 443 881 2840 148)
4(64 123 882 443)
5(506 881 443 882 580)
5(878 275 2550 883 507)
4(2780 467 2659 2812)
6(883 2594 3012 881 506 507)
5(276 859 579 580 882)
4(1731 1284 1285 1732)
4(1737 890 1735 1290)
4(1738 1296 1297 1739)
4(1762 1082 1470 1763)
4(1476 1762 1763 1302)
4(1769 894 1770 1309)
4(1104 1796 1798 1505)
4(1796 1509 1321 1798)
4(1806 1525 1524 1805)
4(1807 1332 1333 1808)
4(1813 900 1811 1338)
4(1814 1344 1345 1815)
4(1838 1133 1556 1839)
4(1562 1838 1839 1350)
4(1845 904 1846 1357)
4(1156 1872 1874 1593)
4(1872 1597 1369 1874)
4(1882 1613 1612 1881)
4(1883 1380 1381 1884)
4(1889 910 1887 1385)
4(1890 1390 1391 1891)
4(1912 1186 1644 1913)
4(1650 1912 1913 1395)
4(1919 914 1920 1401)
4(1209 1944 1946 1681)
4(1944 1685 1411 1946)
4(1954 1701 1700 1953)
4(1955 1956 1421 1420)
4(1960 1961 1252 1251)
4(1957 920 1960 1251)
4(1971 923 1705 1256)
4(1971 1256 1258 1973)
4(1976 1080 1451 1973)
4(1427 1976 1973 1258)
4(1976 1427 1429 1978)
4(1983 1262 1261 1982)
4(1980 1262 1983 927)
4(1719 930 1999 1270)
4(2002 1272 1270 1999)
4(1102 2003 2002 1501)
4(2003 1436 1272 2002)
4(2003 2007 1438 1436)
4(1275 2011 2015 1277)
4(2009 1277 2015 935)
4(2018 938 2023 1281)
4(2025 1460 1461 2026)
4(2027 2028 1461 1460)
4(1731 939 2030 1284)
4(2035 2036 1285 1284)
4(2030 942 2035 1284)
4(1735 2044 1292 1290)
4(2049 947 1737 1290)
4(2049 1290 1292 2051)
4(2054 1131 1537 2051)
4(1474 2054 2051 1292)
4(1474 2048 1762 1476)
4(2054 1474 1476 2056)
4(2060 951 1739 1297)
4(2064 1297 1296 2063)
4(2060 1297 2064 954)
4(1763 2072 1304 1302)
4(2072 957 2075 1304)
4(2079 2077 1302 1304)
4(2075 960 2079 1304)
4(1769 1309 1311 2087)
4(1770 963 2091 1309)
4(2094 1311 1309 2091)
4(1154 2095 2094 1589)
4(2095 1507 1311 2094)
4(2098 966 2097 1316)
4(2097 2099 1317 1316)
4(2103 969 2098 1316)
4(1608 2105 2106 1166)
4(2105 1317 1524 2106)
4(2103 1316 1317 2105)
4(1509 1796 2089 1507)
4(2095 2108 1509 1507)
4(1798 1321 1323 2111)
4(2112 972 2111 1323)
4(1321 2115 2119 1323)
4(2112 1323 2119 975)
4(2122 1328 1525 1806)
4(2124 977 2125 1329)
4(2122 2124 1329 1328)
4(2128 1609 1167 2129)
4(1328 2128 2129 1525)
4(2125 980 2131 1329)
4(2128 1328 1329 2131)
4(1525 2129 2106 1524)
4(2133 1546 1547 2134)
4(2135 2136 1547 1546)
4(1807 981 2138 1332)
4(2143 2144 1333 1332)
4(2138 984 2143 1332)
4(1811 2152 1340 1338)
4(2157 989 1813 1338)
4(2157 1338 1340 2159)
4(2162 1184 1625 2159)
4(1560 2162 2159 1340)
4(1560 2156 1838 1562)
4(2162 1560 1562 2164)
4(2168 993 1815 1345)
4(2172 1345 1344 2171)
4(2168 1345 2172 996)
4(1839 2180 1352 1350)
4(2180 999 2183 1352)
4(2187 2185 1350 1352)
4(2183 1002 2187 1352)
4(1845 1357 1359 2195)
4(1846 1005 2199 1357)
4(2202 1359 1357 2199)
4(1207 2203 2202 1677)
4(2203 1595 1359 2202)
4(2206 1008 2205 1364)
4(2205 2207 1365 1364)
4(2211 1011 2206 1364)
4(1696 2213 2214 1219)
4(2213 1365 1612 2214)
4(2211 1364 1365 2213)
4(1597 1872 2197 1595)
4(2203 2216 1597 1595)
4(1874 1369 1371 2219)
4(2220 1014 2219 1371)
4(1369 2223 2227 1371)
4(2220 1371 2227 1017)
4(2230 1376 1613 1882)
4(2232 1019 2233 1377)
4(2230 2232 1377 1376)
4(2236 1697 1220 2237)
4(1376 2236 2237 1613)
4(2233 1022 2239 1377)
4(2236 1376 1377 2239)
4(1613 2237 2214 1612)
4(2241 1634 1635 2242)
4(2243 2244 1635 1634)
4(1883 1023 2246 1380)
4(2251 2252 1381 1380)
4(2246 1026 2251 1380)
4(1887 2257 1387 1385)
4(2262 1031 1889 1385)
4(2262 1385 1387 2264)
4(2266 354 515 2264)
4(1648 2266 2264 1387)
4(1648 2261 1912 1650)
4(2266 1648 1650 2267)
4(2271 1035 1891 1391)
4(2275 1391 1390 2274)
4(2271 1391 2275 1038)
4(1913 2280 1397 1395)
4(2280 1041 2283 1397)
4(2287 2285 1395 1397)
4(2283 1044 2287 1397)
4(1919 1401 1403 2293)
4(1920 1047 2297 1401)
4(2299 1403 1401 2297)
4(374 2300 2299 559)
4(2300 1683 1403 2299)
4(2302 1050 2301 1407)
4(2301 2303 1408 1407)
4(2307 1053 2302 1407)
4(575 2308 2309 384)
4(2308 1408 1700 2309)
4(2307 1407 1408 2308)
4(1685 1944 2295 1683)
4(2300 2310 1685 1683)
4(1946 1411 1413 2313)
4(2314 1056 2313 1413)
4(1411 2317 2320 1413)
4(2320 1059 2314 1413)
4(2322 1417 1701 1954)
4(2324 1061 2325 1418)
4(2322 2324 1418 1417)
4(2328 576 385 2329)
4(1417 2328 2329 1701)
4(2325 1064 2330 1418)
4(2328 1417 1418 2330)
4(1701 2329 2309 1700)
4(587 2624 2623 586)
5(231 2515 2623 2624 2516)
4(2637 592 593 2638)
5(265 2540 2637 2638 2541)
4(101 584 2626 2433)
4(159 2488 2626 584)
4(235 2519 2626 2488)
4(796 2433 2626 2519)
4(445 2713 2714 596)
4(159 596 2714 2488)
4(235 2488 2714 2517)
5(2713 2579 793 2517 2714)
4(101 2433 2628 585)
4(162 585 2628 2490)
4(240 2490 2628 2523)
4(796 2523 2628 2433)
4(2728 448 597 2723)
4(162 2490 2723 597)
4(240 2524 2723 2490)
5(2723 2524 806 2581 2728)
4(111 2443 2630 588)
4(168 588 2630 2492)
4(248 2492 2630 2530)
4(823 2530 2630 2443)
4(168 2492 2352 825)
4(2738 2352 2492 248)
4(2738 2583 2731 2352)
4(115 590 2631 2453)
4(174 2496 2631 590)
4(254 2532 2631 2496)
4(836 2453 2631 2532)
4(174 838 2354 2496)
4(2746 254 2496 2354)
4(2746 2354 2740 2585)
4(111 589 2632 2443)
4(176 2498 2632 589)
4(257 2533 2632 2498)
4(823 2443 2632 2533)
4(2356 2751 257 2498)
4(2753 2588 2751 2356)
4(115 2453 2635 591)
4(183 591 2635 2504)
4(263 2504 2635 2538)
4(836 2538 2635 2453)
4(2761 2359 2504 263)
4(2762 2359 2761 2590)
4(124 2460 2641 594)
4(187 594 2641 2505)
4(270 2505 2641 2547)
4(872 2547 2641 2460)
4(2768 464 606 2772)
4(187 2505 2772 606)
4(270 2546 2772 2505)
5(871 2592 2768 2772 2546)
4(124 595 2642 2460)
4(189 2506 2642 595)
4(275 2548 2642 2506)
4(872 2460 2642 2548)
4(2778 607 467 2780)
4(189 607 2778 2506)
4(275 2506 2778 2550)
5(2780 2594 883 2550 2778)
4(586 2623 2947 2375)
4(2624 587 2378 2948)
4(2643 2461 2949 2789)
4(2950 2579 2713 2789)
4(2728 2581 2958 2792)
4(2731 2583 2965 2795)
4(2798 2655 133 2831)
4(2975 2585 2740 2798)
4(2656 141 2835 2803)
4(2986 2588 2753 2803)
4(2657 2806 2839 147)
4(2762 2590 2995 2806)
4(2638 593 2391 2996)
4(2658 2809 3004 2481)
4(2768 2592 3005 2809)
4(3012 2594 2780 2812)
4(1733 890 1734 1066)
4(1767 894 1766 1085)
4(1809 900 1810 1117)
4(1843 904 1842 1136)
4(1885 910 1886 1170)
4(1917 914 1916 1189)
4(672 221 708 343)
4(737 225 688 359)
4(708 232 668 343)
4(678 245 737 359)
4(831 251 686 372)
4(697 260 831 372)
4(702 267 866 387)
4(866 272 705 387)
4(1964 920 1963 1066)
4(1963 923 1733 1066)
4(1987 927 1988 1085)
4(1766 930 1987 1085)
4(2016 935 2017 1116)
4(2024 938 2016 1116)
4(1734 939 1964 1066)
4(2039 942 2038 1117)
4(2038 947 1809 1117)
4(1988 951 1767 1085)
4(2068 954 2069 1136)
4(2076 957 1995 1099)
4(2084 960 2083 1151)
4(1842 963 2068 1136)
4(2005 966 2076 1099)
4(2083 969 2104 1151)
4(2017 972 2113 1116)
4(2120 975 2121 1169)
4(2113 977 2024 1116)
4(2132 980 2120 1169)
4(1810 981 2039 1117)
4(2147 984 2146 1170)
4(2146 989 1885 1170)
4(2069 993 1843 1136)
4(2176 996 2177 1189)
4(2184 999 2084 1151)
4(2192 1002 2191 1204)
4(1916 1005 2176 1189)
4(2104 1008 2184 1151)
4(2191 1011 2212 1204)
4(2121 1014 2221 1169)
4(2228 1017 2229 1222)
4(2221 1019 2132 1169)
4(2240 1022 2228 1222)
4(1886 1023 2147 1170)
4(2254 343 668 1026)
4(2254 1031 672 343)
4(2177 1035 1917 1189)
4(678 359 2278 1038)
4(2284 1041 2192 1204)
4(2290 372 686 1044)
4(688 1047 2278 359)
4(2212 1050 2284 1204)
4(2290 1053 697 372)
4(2229 1056 2315 1222)
4(702 387 2321 1059)
4(2315 1061 2240 1222)
4(705 1064 2321 387)
4(706 707 509 508)
4(509 707 783 344)
4(709 221 672 510)
4(711 514 708 221)
4(712 516 345 784)
4(713 517 516 712)
4(739 542 688 225)
4(740 225 737 543)
4(384 770 852 575)
4(580 771 875 506)
4(522 783 707 470)
4(784 523 479 712)
7(412 2883 785 2595 522 470 794)
7(523 2597 786 2885 418 820 479)
4(668 232 706 508)
4(788 232 708 514)
5(45 412 794 2825 125)
4(125 2825 2949 2461)
5(794 2950 2789 2949 2825)
5(788 514 796 2519 235)
4(801 709 510 515)
4(801 515 354 805)
4(476 801 805 534)
5(711 240 2523 796 514)
5(47 128 2826 810 417)
4(128 2654 2792 2826)
4(810 2826 2792 2958)
4(52 109 813 422)
5(422 813 536 484 832)
4(678 517 713 245)
4(817 543 737 245)
5(48 129 2827 820 418)
4(129 2644 2795 2827)
5(823 543 817 248 2530)
4(734 531 538 827)
4(686 251 827 538)
4(831 558 830 251)
5(830 558 836 2532 254)
4(542 739 841 559)
5(740 543 823 2533 257)
5(58 434 848 2835 141)
7(492 848 434 2888 849 2606 564)
4(850 260 697 557)
4(851 558 831 260)
4(850 557 575 852)
5(836 558 851 263 2538)
4(2988 2389 592 2637)
5(849 2888 2988 2637 2540)
7(566 2610 861 2889 436 868 500)
5(861 2541 2638 2996 2889)
4(562 764 864 581)
4(702 581 864 267)
4(866 267 865 583)
4(143 2481 3004 2837)
5(872 583 865 270 2547)
4(877 582 705 272)
4(878 272 866 583)
4(875 576 582 877)
5(872 2548 275 878 583)
4(148 2840 2812 2659)
4(1731 1732 1444 1443)
4(1444 1732 2025 1068)
4(1735 890 1733 1445)
4(1737 1450 1734 890)
4(1738 1739 1453 1452)
4(1738 1452 1069 2026)
4(1769 1483 1766 894)
4(1770 894 1767 1484)
4(1113 1805 2099 1520)
4(1806 1114 1521 2122)
4(1805 1524 1317 2099)
4(1807 1808 1530 1529)
4(1530 1808 2133 1119)
4(1811 900 1809 1531)
4(1813 1536 1810 900)
4(1814 1815 1539 1538)
4(1814 1538 1120 2134)
4(1845 1569 1842 904)
4(1846 904 1843 1570)
4(1166 1881 2207 1608)
4(1882 1167 1609 2230)
4(1881 1612 1365 2207)
4(1883 1884 1618 1617)
4(1618 1884 2241 1172)
4(1887 910 1885 1619)
4(1889 1624 1886 910)
4(1890 1891 1627 1626)
4(1890 1626 1173 2242)
4(1919 1657 1916 914)
4(1920 914 1917 1658)
4(1219 1953 2303 1696)
4(1954 1220 1697 2322)
4(1953 1700 1408 2303)
4(1956 1069 1452 1982)
4(1421 1956 1982 1261)
4(1960 1443 1444 1961)
4(1961 1444 1068 1955)
4(1252 1961 1955 1420)
4(1957 1419 1963 920)
4(1964 1443 1960 920)
4(1705 923 1963 1419)
4(1971 1445 1733 923)
4(1445 1971 1973 1451)
4(1082 1978 1991 1470)
4(1978 1429 1266 1991)
4(1982 1452 1453 1983)
4(1987 1431 1980 927)
4(1983 1453 1988 927)
4(1470 1991 1993 1478)
4(1719 1431 1987 930)
4(1999 930 1766 1483)
4(1999 1483 1501 2002)
4(2007 1104 1505 2011)
4(1438 2007 2011 1275)
4(2011 1505 1526 2015)
4(2016 1442 2009 935)
4(2015 1526 2017 935)
4(2016 938 2018 1442)
4(2024 1527 2023 938)
4(1521 2021 2023 1527)
4(1460 2025 1732 1285)
4(2026 1461 1296 1738)
4(2028 1120 1538 2063)
4(1461 2028 2063 1296)
4(1731 1443 1964 939)
4(2030 939 1734 1450)
4(2035 1529 1530 2036)
4(2036 1530 1119 2027)
4(1285 2036 2027 1460)
4(2030 1450 2038 942)
4(2039 1529 2035 942)
4(1735 1445 1451 2044)
4(2044 1451 1080 2048)
4(1292 2044 2048 1474)
4(1737 947 2038 1450)
4(2049 1531 1809 947)
4(1531 2049 2051 1537)
4(1133 2056 2077 1556)
4(2056 1476 1302 2077)
4(1739 951 1988 1453)
4(2060 1484 1767 951)
4(2063 1538 1539 2064)
4(2068 1484 2060 954)
4(2064 1539 2069 954)
4(1763 1470 1478 2072)
4(1995 957 2072 1478)
4(2076 1500 2075 957)
4(1556 2077 2079 1564)
4(2075 1500 2083 960)
4(2084 1564 2079 960)
4(1769 2087 1501 1483)
4(1501 2087 2089 1102)
4(2087 1311 1507 2089)
4(1770 1484 2068 963)
4(2091 963 1842 1569)
4(2091 1569 1589 2094)
4(2097 966 2005 1499)
4(2098 1500 2076 966)
4(2097 1499 1520 2099)
4(2083 1500 2098 969)
4(2104 969 2103 1587)
4(1587 2103 2105 1608)
4(2108 1156 1593 2115)
4(1509 2108 2115 1321)
4(1798 2111 1526 1505)
4(2017 1526 2111 972)
4(2113 972 2112 1528)
4(2115 1593 1614 2119)
4(2120 1528 2112 975)
4(2119 1614 2121 975)
4(2124 1527 2024 977)
4(2125 977 2113 1528)
4(2122 1521 1527 2124)
4(2120 980 2125 1528)
4(2132 1615 2131 980)
4(1609 2128 2131 1615)
4(1546 2133 1808 1333)
4(2134 1547 1344 1814)
4(2136 1173 1626 2171)
4(1547 2136 2171 1344)
4(1807 1529 2039 981)
4(2138 981 1810 1536)
4(2143 1617 1618 2144)
4(2144 1618 1172 2135)
4(1333 2144 2135 1546)
4(2138 1536 2146 984)
4(2147 1617 2143 984)
4(1811 1531 1537 2152)
4(2152 1537 1131 2156)
4(1340 2152 2156 1560)
4(1813 989 2146 1536)
4(2157 1619 1885 989)
4(1619 2157 2159 1625)
4(1186 2164 2185 1644)
4(2164 1562 1350 2185)
4(1815 993 2069 1539)
4(2168 1570 1843 993)
4(2171 1626 1627 2172)
4(2176 1570 2168 996)
4(2172 1627 2177 996)
4(1839 1556 1564 2180)
4(2084 999 2180 1564)
4(2184 1588 2183 999)
4(1644 2185 2187 1652)
4(2183 1588 2191 1002)
4(2192 1652 2187 1002)
4(1845 2195 1589 1569)
4(1589 2195 2197 1154)
4(2195 1359 1595 2197)
4(1846 1570 2176 1005)
4(2199 1005 1916 1657)
4(2199 1657 1677 2202)
4(2205 1008 2104 1587)
4(2206 1588 2184 1008)
4(2205 1587 1608 2207)
4(2191 1588 2206 1011)
4(2212 1011 2211 1675)
4(1675 2211 2213 1696)
4(2216 1209 1681 2223)
4(1597 2216 2223 1369)
4(1874 2219 1614 1593)
4(2121 1614 2219 1014)
4(2221 1014 2220 1616)
4(2223 1681 1702 2227)
4(2228 1616 2220 1017)
4(2227 1702 2229 1017)
4(2232 1615 2132 1019)
4(2233 1019 2221 1616)
4(2230 1609 1615 2232)
4(2228 1022 2233 1616)
4(2240 1703 2239 1022)
4(1697 2236 2239 1703)
4(1634 2241 1884 1381)
4(2242 1635 1390 1890)
4(2244 345 516 2274)
4(1635 2244 2274 1390)
4(1883 1617 2147 1023)
4(2246 1023 1886 1624)
4(2251 508 509 2252)
4(2252 509 344 2243)
4(1381 2252 2243 1634)
4(668 508 2251 1026)
4(2246 1624 2254 1026)
4(1887 1619 1625 2257)
4(2257 1625 1184 2261)
4(1387 2257 2261 1648)
4(672 1031 2262 510)
4(1889 1031 2254 1624)
4(510 2262 2264 515)
4(356 2267 2285 531)
4(2267 1650 1395 2285)
4(1891 1035 2177 1627)
4(2271 1658 1917 1035)
4(2274 516 517 2275)
4(2275 517 678 1038)
4(2278 1658 2271 1038)
4(1913 1644 1652 2280)
4(2192 1041 2280 1652)
4(2284 1676 2283 1041)
4(531 2285 2287 538)
4(686 538 2287 1044)
4(2283 1676 2290 1044)
4(1919 2293 1677 1657)
4(1677 2293 2295 1207)
4(2293 1403 1683 2295)
4(2297 1047 688 542)
4(1920 1658 2278 1047)
4(2297 542 559 2299)
4(2301 1050 2212 1675)
4(2302 1676 2284 1050)
4(2301 1675 1696 2303)
4(697 1053 2307 557)
4(2290 1676 2302 1053)
4(557 2307 2308 575)
4(2310 376 562 2317)
4(1685 2310 2317 1411)
4(1946 2313 1702 1681)
4(2229 1702 2313 1056)
4(2315 1056 2314 1704)
4(2317 562 581 2320)
4(702 1059 2320 581)
4(2321 1704 2314 1059)
4(2324 1703 2240 1061)
4(2325 1061 2315 1704)
4(2322 1697 1703 2324)
4(2330 1064 705 582)
4(2321 1064 2325 1704)
4(576 2328 2330 582)
4(846 2356 2498 176)
4(857 183 2504 2359)
5(2623 2515 785 2883 2947)
5(2624 2948 2885 786 2516)
4(2965 820 2827 2795)
4(2975 2798 2831 832)
4(2986 2803 2835 848)
4(2995 858 2839 2806)
5(3005 868 2837 3004 2809)
4(3012 2812 2840 881)
6(613 886 609 1422 277 1423)
5(1706 887 611 1426 278)
5(618 888 1707 280 1434)
4(1720 889 1713 1065)
4(5 1097 1790 1096)
3(8 1114 1113)
4(5 1096 1994 1095)
4(8 1113 2006 1111)
4(8 1112 2022 1114)
4(1728 937 2022 1112)
3(191 1251 1252)
4(192 1256 1705 1257)
4(608 1257 1705 1419)
3(193 1261 1262)
5(609 886 1706 278 1425)
5(1707 886 613 1432 280)
4(1707 1065 1706 886)
6(616 1430 279 1428 611 887)
4(1713 887 1706 1065)
5(1714 289 1471 616 887)
4(1714 887 1713 1092)
5(5 1095 289 1714 1092)
4(279 1430 1718 1429)
3(1266 1429 1718)
4(616 1267 1718 1430)
4(194 1269 1719 1270)
4(614 1431 1719 1269)
4(1720 1065 1707 888)
6(618 1435 281 1437 620 888)
5(1720 888 620 1439 282)
5(621 889 1720 282 1440)
4(1726 1092 1713 889)
5(5 1092 1726 295 1097)
5(621 1510 299 1726 889)
6(8 1111 295 1726 299 1112)
4(299 1510 1728 1112)
4(195 1274 1729 1275)
4(281 1438 1729 1437)
4(620 1437 1729 1274)
3(1438 1275 1729)
4(196 1279 1730 1280)
4(282 1441 1730 1440)
4(621 1440 1730 1279)
4(623 1280 1730 1441)
4(294 1096 1790 1492)
4(295 1494 1790 1097)
4(622 1492 1790 1494)
3(277 1420 1421)
4(191 1253 1957 1251)
4(608 1419 1957 1253)
4(191 1252 1958 1254)
4(277 1422 1958 1420)
3(1252 1420 1958)
4(609 1254 1958 1422)
4(191 1254 1959 1253)
4(278 1424 1959 1425)
4(608 1253 1959 1424)
4(609 1425 1959 1254)
3(192 1258 1256)
4(192 1257 1969 1259)
4(278 1426 1969 1424)
4(608 1424 1969 1257)
4(611 1259 1969 1426)
4(192 1259 1970 1258)
4(279 1427 1970 1428)
3(1427 1258 1970)
4(611 1428 1970 1259)
3(279 1429 1427)
4(193 1263 1979 1261)
4(277 1421 1979 1423)
3(1421 1261 1979)
4(613 1423 1979 1263)
4(193 1262 1980 1264)
4(614 1264 1980 1431)
4(193 1264 1981 1263)
4(280 1432 1981 1433)
4(613 1263 1981 1432)
4(614 1433 1981 1264)
4(1991 1266 1718 929)
4(1718 1267 1992 929)
4(1992 1268 1991 929)
4(289 1472 1992 1471)
4(616 1471 1992 1267)
4(617 1268 1992 1472)
3(1991 1268 1993)
4(617 1478 1993 1268)
4(289 1095 1994 1472)
4(294 1491 1994 1096)
4(617 1472 1994 1491)
4(294 1099 1995 1491)
4(617 1491 1995 1478)
4(194 1271 1996 1269)
4(280 1433 1996 1434)
4(614 1269 1996 1433)
4(618 1434 1996 1271)
3(194 1270 1272)
4(194 1272 1997 1271)
4(281 1435 1997 1436)
4(618 1271 1997 1435)
3(1272 1436 1997)
4(294 1492 2005 1099)
4(622 1499 2005 1492)
4(295 1111 2006 1494)
3(1113 1520 2006)
4(622 1494 2006 1520)
3(622 1520 1499)
3(281 1436 1438)
4(195 1276 2008 1274)
4(282 1439 2008 1441)
4(620 1274 2008 1439)
4(623 1441 2008 1276)
3(195 1275 1277)
4(195 1277 2009 1276)
4(623 1276 2009 1442)
4(196 1280 2018 1281)
4(623 1442 2018 1280)
4(196 1282 2019 1279)
4(621 1279 2019 1510)
4(2019 1282 2021 937)
4(1728 1510 2019 937)
4(2022 937 2021 1521)
3(1521 1114 2022)
4(196 1281 2023 1282)
3(2021 1282 2023)
)


// ************************************************************************* //
