solid ASCII
  facet normal -9.954719e-01 -9.505604e-02 0.000000e+00
    outer loop
      vertex   -3.436750e+00 -6.623794e-01 2.000000e+00
      vertex   -3.436750e+00 -6.623794e-01 3.000000e+00
      vertex   -3.500000e+00 -4.286264e-16 2.000000e+00
    endloop
  endfacet
  facet normal -9.954719e-01 -9.505604e-02 0.000000e+00
    outer loop
      vertex   -3.500000e+00 -4.286264e-16 2.000000e+00
      vertex   -3.436750e+00 -6.623794e-01 3.000000e+00
      vertex   -3.500000e+00 -4.286264e-16 3.000000e+00
    endloop
  endfacet
  facet normal -9.954719e-01 9.505604e-02 0.000000e+00
    outer loop
      vertex   -3.500000e+00 -4.286264e-16 2.000000e+00
      vertex   -3.500000e+00 -4.286264e-16 3.000000e+00
      vertex   -3.436750e+00 6.623794e-01 2.000000e+00
    endloop
  endfacet
  facet normal -9.954719e-01 9.505604e-02 0.000000e+00
    outer loop
      vertex   -3.436750e+00 6.623794e-01 2.000000e+00
      vertex   -3.500000e+00 -4.286264e-16 3.000000e+00
      vertex   -3.436750e+00 6.623794e-01 3.000000e+00
    endloop
  endfacet
  facet normal -9.594930e-01 2.817326e-01 0.000000e+00
    outer loop
      vertex   -3.436750e+00 6.623794e-01 2.000000e+00
      vertex   -3.436750e+00 6.623794e-01 3.000000e+00
      vertex   -3.249288e+00 1.300819e+00 2.000000e+00
    endloop
  endfacet
  facet normal -9.594930e-01 2.817326e-01 0.000000e+00
    outer loop
      vertex   -3.249288e+00 1.300819e+00 2.000000e+00
      vertex   -3.436750e+00 6.623794e-01 3.000000e+00
      vertex   -3.249288e+00 1.300819e+00 3.000000e+00
    endloop
  endfacet
  facet normal -8.888354e-01 4.582265e-01 0.000000e+00
    outer loop
      vertex   -3.249288e+00 1.300819e+00 2.000000e+00
      vertex   -3.249288e+00 1.300819e+00 3.000000e+00
      vertex   -2.944387e+00 1.892243e+00 2.000000e+00
    endloop
  endfacet
  facet normal -8.888354e-01 4.582265e-01 0.000000e+00
    outer loop
      vertex   -2.944387e+00 1.892243e+00 2.000000e+00
      vertex   -3.249288e+00 1.300819e+00 3.000000e+00
      vertex   -2.944387e+00 1.892243e+00 3.000000e+00
    endloop
  endfacet
  facet normal -7.860531e-01 6.181590e-01 0.000000e+00
    outer loop
      vertex   -2.944387e+00 1.892243e+00 2.000000e+00
      vertex   -2.944387e+00 1.892243e+00 3.000000e+00
      vertex   -2.533069e+00 2.415277e+00 2.000000e+00
    endloop
  endfacet
  facet normal -7.860531e-01 6.181590e-01 0.000000e+00
    outer loop
      vertex   -2.533069e+00 2.415277e+00 2.000000e+00
      vertex   -2.944387e+00 1.892243e+00 3.000000e+00
      vertex   -2.533069e+00 2.415277e+00 3.000000e+00
    endloop
  endfacet
  facet normal -6.548607e-01 7.557496e-01 0.000000e+00
    outer loop
      vertex   -2.533069e+00 2.415277e+00 2.000000e+00
      vertex   -2.533069e+00 2.415277e+00 3.000000e+00
      vertex   -2.030199e+00 2.851016e+00 2.000000e+00
    endloop
  endfacet
  facet normal -6.548607e-01 7.557496e-01 0.000000e+00
    outer loop
      vertex   -2.030199e+00 2.851016e+00 2.000000e+00
      vertex   -2.533069e+00 2.415277e+00 3.000000e+00
      vertex   -2.030199e+00 2.851016e+00 3.000000e+00
    endloop
  endfacet
  facet normal -5.000000e-01 8.660254e-01 0.000000e+00
    outer loop
      vertex   -2.030199e+00 2.851016e+00 2.000000e+00
      vertex   -2.030199e+00 2.851016e+00 3.000000e+00
      vertex   -1.453953e+00 3.183712e+00 2.000000e+00
    endloop
  endfacet
  facet normal -5.000000e-01 8.660254e-01 0.000000e+00
    outer loop
      vertex   -1.453953e+00 3.183712e+00 2.000000e+00
      vertex   -2.030199e+00 2.851016e+00 3.000000e+00
      vertex   -1.453953e+00 3.183712e+00 3.000000e+00
    endloop
  endfacet
  facet normal -3.270680e-01 9.450008e-01 0.000000e+00
    outer loop
      vertex   -1.453953e+00 3.183712e+00 2.000000e+00
      vertex   -1.453953e+00 3.183712e+00 3.000000e+00
      vertex   -8.251563e-01 3.401340e+00 2.000000e+00
    endloop
  endfacet
  facet normal -3.270680e-01 9.450008e-01 0.000000e+00
    outer loop
      vertex   -8.251563e-01 3.401340e+00 2.000000e+00
      vertex   -1.453953e+00 3.183712e+00 3.000000e+00
      vertex   -8.251563e-01 3.401340e+00 3.000000e+00
    endloop
  endfacet
  facet normal -1.423148e-01 9.898214e-01 0.000000e+00
    outer loop
      vertex   -8.251563e-01 3.401340e+00 2.000000e+00
      vertex   -8.251563e-01 3.401340e+00 3.000000e+00
      vertex   -1.665367e-01 3.496036e+00 2.000000e+00
    endloop
  endfacet
  facet normal -1.423148e-01 9.898214e-01 0.000000e+00
    outer loop
      vertex   -1.665367e-01 3.496036e+00 2.000000e+00
      vertex   -8.251563e-01 3.401340e+00 3.000000e+00
      vertex   -1.665367e-01 3.496036e+00 3.000000e+00
    endloop
  endfacet
  facet normal 4.758192e-02 9.988673e-01 -0.000000e+00
    outer loop
      vertex   -1.665367e-01 3.496036e+00 2.000000e+00
      vertex   -1.665367e-01 3.496036e+00 3.000000e+00
      vertex   4.981019e-01 3.464375e+00 2.000000e+00
    endloop
  endfacet
  facet normal 4.758192e-02 9.988673e-01 -0.000000e+00
    outer loop
      vertex   4.981019e-01 3.464375e+00 2.000000e+00
      vertex   -1.665367e-01 3.496036e+00 3.000000e+00
      vertex   4.981019e-01 3.464375e+00 3.000000e+00
    endloop
  endfacet
  facet normal 2.357589e-01 9.718116e-01 -0.000000e+00
    outer loop
      vertex   4.981019e-01 3.464375e+00 2.000000e+00
      vertex   4.981019e-01 3.464375e+00 3.000000e+00
      vertex   1.144738e+00 3.307503e+00 2.000000e+00
    endloop
  endfacet
  facet normal 2.357589e-01 9.718116e-01 -0.000000e+00
    outer loop
      vertex   1.144738e+00 3.307503e+00 2.000000e+00
      vertex   4.981019e-01 3.464375e+00 3.000000e+00
      vertex   1.144738e+00 3.307503e+00 3.000000e+00
    endloop
  endfacet
  facet normal 4.154150e-01 9.096320e-01 -0.000000e+00
    outer loop
      vertex   1.144738e+00 3.307503e+00 2.000000e+00
      vertex   1.144738e+00 3.307503e+00 3.000000e+00
      vertex   1.750000e+00 3.031089e+00 2.000000e+00
    endloop
  endfacet
  facet normal 4.154150e-01 9.096320e-01 -0.000000e+00
    outer loop
      vertex   1.750000e+00 3.031089e+00 2.000000e+00
      vertex   1.144738e+00 3.307503e+00 3.000000e+00
      vertex   1.750000e+00 3.031089e+00 3.000000e+00
    endloop
  endfacet
  facet normal 5.800569e-01 8.145760e-01 -0.000000e+00
    outer loop
      vertex   1.750000e+00 3.031089e+00 2.000000e+00
      vertex   1.750000e+00 3.031089e+00 3.000000e+00
      vertex   2.292013e+00 2.645124e+00 2.000000e+00
    endloop
  endfacet
  facet normal 5.800569e-01 8.145760e-01 -0.000000e+00
    outer loop
      vertex   2.292013e+00 2.645124e+00 2.000000e+00
      vertex   1.750000e+00 3.031089e+00 3.000000e+00
      vertex   2.292013e+00 2.645124e+00 3.000000e+00
    endloop
  endfacet
  facet normal 7.237340e-01 6.900790e-01 -0.000000e+00
    outer loop
      vertex   2.292013e+00 2.645124e+00 2.000000e+00
      vertex   2.292013e+00 2.645124e+00 3.000000e+00
      vertex   2.751186e+00 2.163556e+00 2.000000e+00
    endloop
  endfacet
  facet normal 7.237340e-01 6.900790e-01 -0.000000e+00
    outer loop
      vertex   2.751186e+00 2.163556e+00 2.000000e+00
      vertex   2.292013e+00 2.645124e+00 3.000000e+00
      vertex   2.751186e+00 2.163556e+00 3.000000e+00
    endloop
  endfacet
  facet normal 8.412535e-01 5.406408e-01 -0.000000e+00
    outer loop
      vertex   2.751186e+00 2.163556e+00 2.000000e+00
      vertex   2.751186e+00 2.163556e+00 3.000000e+00
      vertex   3.110924e+00 1.603793e+00 2.000000e+00
    endloop
  endfacet
  facet normal 8.412535e-01 5.406408e-01 -0.000000e+00
    outer loop
      vertex   3.110924e+00 1.603793e+00 2.000000e+00
      vertex   2.751186e+00 2.163556e+00 3.000000e+00
      vertex   3.110924e+00 1.603793e+00 3.000000e+00
    endloop
  endfacet
  facet normal 9.283679e-01 3.716625e-01 -0.000000e+00
    outer loop
      vertex   3.110924e+00 1.603793e+00 2.000000e+00
      vertex   3.110924e+00 1.603793e+00 3.000000e+00
      vertex   3.358225e+00 9.860639e-01 2.000000e+00
    endloop
  endfacet
  facet normal 9.283679e-01 3.716625e-01 -0.000000e+00
    outer loop
      vertex   3.358225e+00 9.860639e-01 2.000000e+00
      vertex   3.110924e+00 1.603793e+00 3.000000e+00
      vertex   3.358225e+00 9.860639e-01 3.000000e+00
    endloop
  endfacet
  facet normal 9.819287e-01 1.892512e-01 -0.000000e+00
    outer loop
      vertex   3.358225e+00 9.860639e-01 2.000000e+00
      vertex   3.358225e+00 9.860639e-01 3.000000e+00
      vertex   3.484152e+00 3.326962e-01 2.000000e+00
    endloop
  endfacet
  facet normal 9.819287e-01 1.892512e-01 -0.000000e+00
    outer loop
      vertex   3.484152e+00 3.326962e-01 2.000000e+00
      vertex   3.358225e+00 9.860639e-01 3.000000e+00
      vertex   3.484152e+00 3.326962e-01 3.000000e+00
    endloop
  endfacet
  facet normal 1.000000e+00 0.000000e+00 -0.000000e+00
    outer loop
      vertex   3.484152e+00 3.326962e-01 2.000000e+00
      vertex   3.484152e+00 3.326962e-01 3.000000e+00
      vertex   3.484152e+00 -3.326962e-01 2.000000e+00
    endloop
  endfacet
  facet normal 1.000000e+00 0.000000e+00 0.000000e+00
    outer loop
      vertex   3.484152e+00 -3.326962e-01 2.000000e+00
      vertex   3.484152e+00 3.326962e-01 3.000000e+00
      vertex   3.484152e+00 -3.326962e-01 3.000000e+00
    endloop
  endfacet
  facet normal 9.819287e-01 -1.892512e-01 0.000000e+00
    outer loop
      vertex   3.484152e+00 -3.326962e-01 2.000000e+00
      vertex   3.484152e+00 -3.326962e-01 3.000000e+00
      vertex   3.358225e+00 -9.860639e-01 2.000000e+00
    endloop
  endfacet
  facet normal 9.819287e-01 -1.892512e-01 0.000000e+00
    outer loop
      vertex   3.358225e+00 -9.860639e-01 2.000000e+00
      vertex   3.484152e+00 -3.326962e-01 3.000000e+00
      vertex   3.358225e+00 -9.860639e-01 3.000000e+00
    endloop
  endfacet
  facet normal 9.283679e-01 -3.716625e-01 0.000000e+00
    outer loop
      vertex   3.358225e+00 -9.860639e-01 2.000000e+00
      vertex   3.358225e+00 -9.860639e-01 3.000000e+00
      vertex   3.110924e+00 -1.603793e+00 2.000000e+00
    endloop
  endfacet
  facet normal 9.283679e-01 -3.716625e-01 0.000000e+00
    outer loop
      vertex   3.110924e+00 -1.603793e+00 2.000000e+00
      vertex   3.358225e+00 -9.860639e-01 3.000000e+00
      vertex   3.110924e+00 -1.603793e+00 3.000000e+00
    endloop
  endfacet
  facet normal 8.412535e-01 -5.406408e-01 0.000000e+00
    outer loop
      vertex   3.110924e+00 -1.603793e+00 2.000000e+00
      vertex   3.110924e+00 -1.603793e+00 3.000000e+00
      vertex   2.751186e+00 -2.163556e+00 2.000000e+00
    endloop
  endfacet
  facet normal 8.412535e-01 -5.406408e-01 0.000000e+00
    outer loop
      vertex   2.751186e+00 -2.163556e+00 2.000000e+00
      vertex   3.110924e+00 -1.603793e+00 3.000000e+00
      vertex   2.751186e+00 -2.163556e+00 3.000000e+00
    endloop
  endfacet
  facet normal 7.237340e-01 -6.900790e-01 0.000000e+00
    outer loop
      vertex   2.751186e+00 -2.163556e+00 2.000000e+00
      vertex   2.751186e+00 -2.163556e+00 3.000000e+00
      vertex   2.292013e+00 -2.645124e+00 2.000000e+00
    endloop
  endfacet
  facet normal 7.237340e-01 -6.900790e-01 0.000000e+00
    outer loop
      vertex   2.292013e+00 -2.645124e+00 2.000000e+00
      vertex   2.751186e+00 -2.163556e+00 3.000000e+00
      vertex   2.292013e+00 -2.645124e+00 3.000000e+00
    endloop
  endfacet
  facet normal 5.800569e-01 -8.145760e-01 0.000000e+00
    outer loop
      vertex   2.292013e+00 -2.645124e+00 2.000000e+00
      vertex   2.292013e+00 -2.645124e+00 3.000000e+00
      vertex   1.750000e+00 -3.031089e+00 2.000000e+00
    endloop
  endfacet
  facet normal 5.800569e-01 -8.145760e-01 0.000000e+00
    outer loop
      vertex   1.750000e+00 -3.031089e+00 2.000000e+00
      vertex   2.292013e+00 -2.645124e+00 3.000000e+00
      vertex   1.750000e+00 -3.031089e+00 3.000000e+00
    endloop
  endfacet
  facet normal 4.154150e-01 -9.096320e-01 0.000000e+00
    outer loop
      vertex   1.750000e+00 -3.031089e+00 2.000000e+00
      vertex   1.750000e+00 -3.031089e+00 3.000000e+00
      vertex   1.144738e+00 -3.307503e+00 2.000000e+00
    endloop
  endfacet
  facet normal 4.154150e-01 -9.096320e-01 0.000000e+00
    outer loop
      vertex   1.144738e+00 -3.307503e+00 2.000000e+00
      vertex   1.750000e+00 -3.031089e+00 3.000000e+00
      vertex   1.144738e+00 -3.307503e+00 3.000000e+00
    endloop
  endfacet
  facet normal 2.357589e-01 -9.718116e-01 0.000000e+00
    outer loop
      vertex   1.144738e+00 -3.307503e+00 2.000000e+00
      vertex   1.144738e+00 -3.307503e+00 3.000000e+00
      vertex   4.981019e-01 -3.464375e+00 2.000000e+00
    endloop
  endfacet
  facet normal 2.357589e-01 -9.718116e-01 0.000000e+00
    outer loop
      vertex   4.981019e-01 -3.464375e+00 2.000000e+00
      vertex   1.144738e+00 -3.307503e+00 3.000000e+00
      vertex   4.981019e-01 -3.464375e+00 3.000000e+00
    endloop
  endfacet
  facet normal 4.758192e-02 -9.988673e-01 0.000000e+00
    outer loop
      vertex   4.981019e-01 -3.464375e+00 2.000000e+00
      vertex   4.981019e-01 -3.464375e+00 3.000000e+00
      vertex   -1.665367e-01 -3.496036e+00 2.000000e+00
    endloop
  endfacet
  facet normal 4.758192e-02 -9.988673e-01 0.000000e+00
    outer loop
      vertex   -1.665367e-01 -3.496036e+00 2.000000e+00
      vertex   4.981019e-01 -3.464375e+00 3.000000e+00
      vertex   -1.665367e-01 -3.496036e+00 3.000000e+00
    endloop
  endfacet
  facet normal -1.423148e-01 -9.898214e-01 0.000000e+00
    outer loop
      vertex   -1.665367e-01 -3.496036e+00 2.000000e+00
      vertex   -1.665367e-01 -3.496036e+00 3.000000e+00
      vertex   -8.251563e-01 -3.401340e+00 2.000000e+00
    endloop
  endfacet
  facet normal -1.423148e-01 -9.898214e-01 0.000000e+00
    outer loop
      vertex   -8.251563e-01 -3.401340e+00 2.000000e+00
      vertex   -1.665367e-01 -3.496036e+00 3.000000e+00
      vertex   -8.251563e-01 -3.401340e+00 3.000000e+00
    endloop
  endfacet
  facet normal -3.270680e-01 -9.450008e-01 0.000000e+00
    outer loop
      vertex   -8.251563e-01 -3.401340e+00 2.000000e+00
      vertex   -8.251563e-01 -3.401340e+00 3.000000e+00
      vertex   -1.453953e+00 -3.183712e+00 2.000000e+00
    endloop
  endfacet
  facet normal -3.270680e-01 -9.450008e-01 0.000000e+00
    outer loop
      vertex   -1.453953e+00 -3.183712e+00 2.000000e+00
      vertex   -8.251563e-01 -3.401340e+00 3.000000e+00
      vertex   -1.453953e+00 -3.183712e+00 3.000000e+00
    endloop
  endfacet
  facet normal -5.000000e-01 -8.660254e-01 0.000000e+00
    outer loop
      vertex   -1.453953e+00 -3.183712e+00 2.000000e+00
      vertex   -1.453953e+00 -3.183712e+00 3.000000e+00
      vertex   -2.030199e+00 -2.851016e+00 2.000000e+00
    endloop
  endfacet
  facet normal -5.000000e-01 -8.660254e-01 0.000000e+00
    outer loop
      vertex   -2.030199e+00 -2.851016e+00 2.000000e+00
      vertex   -1.453953e+00 -3.183712e+00 3.000000e+00
      vertex   -2.030199e+00 -2.851016e+00 3.000000e+00
    endloop
  endfacet
  facet normal -6.548607e-01 -7.557496e-01 0.000000e+00
    outer loop
      vertex   -2.030199e+00 -2.851016e+00 2.000000e+00
      vertex   -2.030199e+00 -2.851016e+00 3.000000e+00
      vertex   -2.533069e+00 -2.415277e+00 2.000000e+00
    endloop
  endfacet
  facet normal -6.548607e-01 -7.557496e-01 0.000000e+00
    outer loop
      vertex   -2.533069e+00 -2.415277e+00 2.000000e+00
      vertex   -2.030199e+00 -2.851016e+00 3.000000e+00
      vertex   -2.533069e+00 -2.415277e+00 3.000000e+00
    endloop
  endfacet
  facet normal -7.860531e-01 -6.181590e-01 0.000000e+00
    outer loop
      vertex   -2.533069e+00 -2.415277e+00 2.000000e+00
      vertex   -2.533069e+00 -2.415277e+00 3.000000e+00
      vertex   -2.944387e+00 -1.892243e+00 2.000000e+00
    endloop
  endfacet
  facet normal -7.860531e-01 -6.181590e-01 0.000000e+00
    outer loop
      vertex   -2.944387e+00 -1.892243e+00 2.000000e+00
      vertex   -2.533069e+00 -2.415277e+00 3.000000e+00
      vertex   -2.944387e+00 -1.892243e+00 3.000000e+00
    endloop
  endfacet
  facet normal -8.888354e-01 -4.582265e-01 0.000000e+00
    outer loop
      vertex   -2.944387e+00 -1.892243e+00 2.000000e+00
      vertex   -2.944387e+00 -1.892243e+00 3.000000e+00
      vertex   -3.249288e+00 -1.300819e+00 2.000000e+00
    endloop
  endfacet
  facet normal -8.888354e-01 -4.582265e-01 0.000000e+00
    outer loop
      vertex   -3.249288e+00 -1.300819e+00 2.000000e+00
      vertex   -2.944387e+00 -1.892243e+00 3.000000e+00
      vertex   -3.249288e+00 -1.300819e+00 3.000000e+00
    endloop
  endfacet
  facet normal -9.594930e-01 -2.817326e-01 0.000000e+00
    outer loop
      vertex   -3.249288e+00 -1.300819e+00 2.000000e+00
      vertex   -3.249288e+00 -1.300819e+00 3.000000e+00
      vertex   -3.436750e+00 -6.623794e-01 2.000000e+00
    endloop
  endfacet
  facet normal -9.594930e-01 -2.817326e-01 0.000000e+00
    outer loop
      vertex   -3.436750e+00 -6.623794e-01 2.000000e+00
      vertex   -3.249288e+00 -1.300819e+00 3.000000e+00
      vertex   -3.436750e+00 -6.623794e-01 3.000000e+00
    endloop
  endfacet
  facet normal 9.954407e-01 9.505306e-02 -7.923887e-03
    outer loop
      vertex   3.436750e+00 6.623794e-01 0.000000e+00
      vertex   3.484152e+00 3.326962e-01 2.000000e+00
      vertex   3.500000e+00 0.000000e+00 0.000000e+00
    endloop
  endfacet
  facet normal 9.999686e-01 0.000000e+00 7.923887e-03
    outer loop
      vertex   3.500000e+00 0.000000e+00 0.000000e+00
      vertex   3.484152e+00 3.326962e-01 2.000000e+00
      vertex   3.484152e+00 -3.326962e-01 2.000000e+00
    endloop
  endfacet
  facet normal 9.954407e-01 -9.505306e-02 -7.923887e-03
    outer loop
      vertex   3.500000e+00 0.000000e+00 0.000000e+00
      vertex   3.484152e+00 -3.326962e-01 2.000000e+00
      vertex   3.436750e+00 -6.623794e-01 0.000000e+00
    endloop
  endfacet
  facet normal 9.818979e-01 -1.892453e-01 7.923887e-03
    outer loop
      vertex   3.436750e+00 -6.623794e-01 0.000000e+00
      vertex   3.484152e+00 -3.326962e-01 2.000000e+00
      vertex   3.358225e+00 -9.860639e-01 2.000000e+00
    endloop
  endfacet
  facet normal 9.594629e-01 -2.817237e-01 -7.923887e-03
    outer loop
      vertex   3.436750e+00 -6.623794e-01 0.000000e+00
      vertex   3.358225e+00 -9.860639e-01 2.000000e+00
      vertex   3.249288e+00 -1.300819e+00 0.000000e+00
    endloop
  endfacet
  facet normal 9.283388e-01 -3.716508e-01 7.923887e-03
    outer loop
      vertex   3.249288e+00 -1.300819e+00 0.000000e+00
      vertex   3.358225e+00 -9.860639e-01 2.000000e+00
      vertex   3.110924e+00 -1.603793e+00 2.000000e+00
    endloop
  endfacet
  facet normal 8.888075e-01 -4.582121e-01 -7.923887e-03
    outer loop
      vertex   3.249288e+00 -1.300819e+00 0.000000e+00
      vertex   3.110924e+00 -1.603793e+00 2.000000e+00
      vertex   2.944387e+00 -1.892243e+00 0.000000e+00
    endloop
  endfacet
  facet normal 8.412271e-01 -5.406238e-01 7.923887e-03
    outer loop
      vertex   2.944387e+00 -1.892243e+00 0.000000e+00
      vertex   3.110924e+00 -1.603793e+00 2.000000e+00
      vertex   2.751186e+00 -2.163556e+00 2.000000e+00
    endloop
  endfacet
  facet normal 7.860284e-01 -6.181396e-01 -7.923887e-03
    outer loop
      vertex   2.944387e+00 -1.892243e+00 0.000000e+00
      vertex   2.751186e+00 -2.163556e+00 2.000000e+00
      vertex   2.533069e+00 -2.415277e+00 0.000000e+00
    endloop
  endfacet
  facet normal 7.237113e-01 -6.900573e-01 7.923887e-03
    outer loop
      vertex   2.533069e+00 -2.415277e+00 0.000000e+00
      vertex   2.751186e+00 -2.163556e+00 2.000000e+00
      vertex   2.292013e+00 -2.645124e+00 2.000000e+00
    endloop
  endfacet
  facet normal 6.548402e-01 -7.557258e-01 -7.923887e-03
    outer loop
      vertex   2.533069e+00 -2.415277e+00 0.000000e+00
      vertex   2.292013e+00 -2.645124e+00 2.000000e+00
      vertex   2.030199e+00 -2.851016e+00 0.000000e+00
    endloop
  endfacet
  facet normal 5.800387e-01 -8.145504e-01 7.923887e-03
    outer loop
      vertex   2.030199e+00 -2.851016e+00 0.000000e+00
      vertex   2.292013e+00 -2.645124e+00 2.000000e+00
      vertex   1.750000e+00 -3.031089e+00 2.000000e+00
    endloop
  endfacet
  facet normal 4.999843e-01 -8.659982e-01 -7.923887e-03
    outer loop
      vertex   2.030199e+00 -2.851016e+00 0.000000e+00
      vertex   1.750000e+00 -3.031089e+00 2.000000e+00
      vertex   1.453953e+00 -3.183712e+00 0.000000e+00
    endloop
  endfacet
  facet normal 4.154020e-01 -9.096034e-01 7.923887e-03
    outer loop
      vertex   1.453953e+00 -3.183712e+00 0.000000e+00
      vertex   1.750000e+00 -3.031089e+00 2.000000e+00
      vertex   1.144738e+00 -3.307503e+00 2.000000e+00
    endloop
  endfacet
  facet normal 3.270577e-01 -9.449712e-01 -7.923887e-03
    outer loop
      vertex   1.453953e+00 -3.183712e+00 0.000000e+00
      vertex   1.144738e+00 -3.307503e+00 2.000000e+00
      vertex   8.251563e-01 -3.401340e+00 0.000000e+00
    endloop
  endfacet
  facet normal 2.357515e-01 -9.717811e-01 7.923887e-03
    outer loop
      vertex   8.251563e-01 -3.401340e+00 0.000000e+00
      vertex   1.144738e+00 -3.307503e+00 2.000000e+00
      vertex   4.981019e-01 -3.464375e+00 2.000000e+00
    endloop
  endfacet
  facet normal 1.423104e-01 -9.897904e-01 -7.923887e-03
    outer loop
      vertex   8.251563e-01 -3.401340e+00 0.000000e+00
      vertex   4.981019e-01 -3.464375e+00 2.000000e+00
      vertex   1.665367e-01 -3.496036e+00 0.000000e+00
    endloop
  endfacet
  facet normal 4.758042e-02 -9.988360e-01 7.923887e-03
    outer loop
      vertex   1.665367e-01 -3.496036e+00 0.000000e+00
      vertex   4.981019e-01 -3.464375e+00 2.000000e+00
      vertex   -1.665367e-01 -3.496036e+00 2.000000e+00
    endloop
  endfacet
  facet normal -4.758042e-02 -9.988360e-01 -7.923887e-03
    outer loop
      vertex   1.665367e-01 -3.496036e+00 0.000000e+00
      vertex   -1.665367e-01 -3.496036e+00 2.000000e+00
      vertex   -4.981019e-01 -3.464375e+00 0.000000e+00
    endloop
  endfacet
  facet normal -1.423104e-01 -9.897904e-01 7.923887e-03
    outer loop
      vertex   -4.981019e-01 -3.464375e+00 0.000000e+00
      vertex   -1.665367e-01 -3.496036e+00 2.000000e+00
      vertex   -8.251563e-01 -3.401340e+00 2.000000e+00
    endloop
  endfacet
  facet normal -2.357515e-01 -9.717811e-01 -7.923887e-03
    outer loop
      vertex   -4.981019e-01 -3.464375e+00 0.000000e+00
      vertex   -8.251563e-01 -3.401340e+00 2.000000e+00
      vertex   -1.144738e+00 -3.307503e+00 0.000000e+00
    endloop
  endfacet
  facet normal -3.270577e-01 -9.449712e-01 7.923887e-03
    outer loop
      vertex   -1.144738e+00 -3.307503e+00 0.000000e+00
      vertex   -8.251563e-01 -3.401340e+00 2.000000e+00
      vertex   -1.453953e+00 -3.183712e+00 2.000000e+00
    endloop
  endfacet
  facet normal -4.154020e-01 -9.096034e-01 -7.923887e-03
    outer loop
      vertex   -1.144738e+00 -3.307503e+00 0.000000e+00
      vertex   -1.453953e+00 -3.183712e+00 2.000000e+00
      vertex   -1.750000e+00 -3.031089e+00 0.000000e+00
    endloop
  endfacet
  facet normal -4.999843e-01 -8.659982e-01 7.923887e-03
    outer loop
      vertex   -1.750000e+00 -3.031089e+00 0.000000e+00
      vertex   -1.453953e+00 -3.183712e+00 2.000000e+00
      vertex   -2.030199e+00 -2.851016e+00 2.000000e+00
    endloop
  endfacet
  facet normal -5.800387e-01 -8.145504e-01 -7.923887e-03
    outer loop
      vertex   -1.750000e+00 -3.031089e+00 0.000000e+00
      vertex   -2.030199e+00 -2.851016e+00 2.000000e+00
      vertex   -2.292013e+00 -2.645124e+00 0.000000e+00
    endloop
  endfacet
  facet normal -6.548402e-01 -7.557258e-01 7.923887e-03
    outer loop
      vertex   -2.292013e+00 -2.645124e+00 0.000000e+00
      vertex   -2.030199e+00 -2.851016e+00 2.000000e+00
      vertex   -2.533069e+00 -2.415277e+00 2.000000e+00
    endloop
  endfacet
  facet normal -7.237113e-01 -6.900573e-01 -7.923887e-03
    outer loop
      vertex   -2.292013e+00 -2.645124e+00 0.000000e+00
      vertex   -2.533069e+00 -2.415277e+00 2.000000e+00
      vertex   -2.751186e+00 -2.163556e+00 0.000000e+00
    endloop
  endfacet
  facet normal -7.860284e-01 -6.181396e-01 7.923887e-03
    outer loop
      vertex   -2.751186e+00 -2.163556e+00 0.000000e+00
      vertex   -2.533069e+00 -2.415277e+00 2.000000e+00
      vertex   -2.944387e+00 -1.892243e+00 2.000000e+00
    endloop
  endfacet
  facet normal -8.412271e-01 -5.406238e-01 -7.923887e-03
    outer loop
      vertex   -2.751186e+00 -2.163556e+00 0.000000e+00
      vertex   -2.944387e+00 -1.892243e+00 2.000000e+00
      vertex   -3.110924e+00 -1.603793e+00 0.000000e+00
    endloop
  endfacet
  facet normal -8.888075e-01 -4.582121e-01 7.923887e-03
    outer loop
      vertex   -3.110924e+00 -1.603793e+00 0.000000e+00
      vertex   -2.944387e+00 -1.892243e+00 2.000000e+00
      vertex   -3.249288e+00 -1.300819e+00 2.000000e+00
    endloop
  endfacet
  facet normal -9.283388e-01 -3.716508e-01 -7.923887e-03
    outer loop
      vertex   -3.110924e+00 -1.603793e+00 0.000000e+00
      vertex   -3.249288e+00 -1.300819e+00 2.000000e+00
      vertex   -3.358225e+00 -9.860639e-01 0.000000e+00
    endloop
  endfacet
  facet normal -9.594629e-01 -2.817237e-01 7.923887e-03
    outer loop
      vertex   -3.358225e+00 -9.860639e-01 0.000000e+00
      vertex   -3.249288e+00 -1.300819e+00 2.000000e+00
      vertex   -3.436750e+00 -6.623794e-01 2.000000e+00
    endloop
  endfacet
  facet normal -9.818979e-01 -1.892453e-01 -7.923887e-03
    outer loop
      vertex   -3.358225e+00 -9.860639e-01 0.000000e+00
      vertex   -3.436750e+00 -6.623794e-01 2.000000e+00
      vertex   -3.484152e+00 -3.326962e-01 0.000000e+00
    endloop
  endfacet
  facet normal -9.954407e-01 -9.505306e-02 7.923887e-03
    outer loop
      vertex   -3.484152e+00 -3.326962e-01 0.000000e+00
      vertex   -3.436750e+00 -6.623794e-01 2.000000e+00
      vertex   -3.500000e+00 -4.286264e-16 2.000000e+00
    endloop
  endfacet
  facet normal -9.999686e-01 0.000000e+00 -7.923887e-03
    outer loop
      vertex   -3.484152e+00 -3.326962e-01 0.000000e+00
      vertex   -3.500000e+00 -4.286264e-16 2.000000e+00
      vertex   -3.484152e+00 3.326962e-01 0.000000e+00
    endloop
  endfacet
  facet normal -9.954407e-01 9.505306e-02 7.923887e-03
    outer loop
      vertex   -3.484152e+00 3.326962e-01 0.000000e+00
      vertex   -3.500000e+00 -4.286264e-16 2.000000e+00
      vertex   -3.436750e+00 6.623794e-01 2.000000e+00
    endloop
  endfacet
  facet normal -9.818979e-01 1.892453e-01 -7.923887e-03
    outer loop
      vertex   -3.484152e+00 3.326962e-01 0.000000e+00
      vertex   -3.436750e+00 6.623794e-01 2.000000e+00
      vertex   -3.358225e+00 9.860639e-01 0.000000e+00
    endloop
  endfacet
  facet normal -9.594629e-01 2.817237e-01 7.923887e-03
    outer loop
      vertex   -3.358225e+00 9.860639e-01 0.000000e+00
      vertex   -3.436750e+00 6.623794e-01 2.000000e+00
      vertex   -3.249288e+00 1.300819e+00 2.000000e+00
    endloop
  endfacet
  facet normal -9.283388e-01 3.716508e-01 -7.923887e-03
    outer loop
      vertex   -3.358225e+00 9.860639e-01 0.000000e+00
      vertex   -3.249288e+00 1.300819e+00 2.000000e+00
      vertex   -3.110924e+00 1.603793e+00 0.000000e+00
    endloop
  endfacet
  facet normal -8.888075e-01 4.582121e-01 7.923887e-03
    outer loop
      vertex   -3.110924e+00 1.603793e+00 0.000000e+00
      vertex   -3.249288e+00 1.300819e+00 2.000000e+00
      vertex   -2.944387e+00 1.892243e+00 2.000000e+00
    endloop
  endfacet
  facet normal -8.412271e-01 5.406238e-01 -7.923887e-03
    outer loop
      vertex   -3.110924e+00 1.603793e+00 0.000000e+00
      vertex   -2.944387e+00 1.892243e+00 2.000000e+00
      vertex   -2.751186e+00 2.163556e+00 0.000000e+00
    endloop
  endfacet
  facet normal -7.860284e-01 6.181396e-01 7.923887e-03
    outer loop
      vertex   -2.751186e+00 2.163556e+00 0.000000e+00
      vertex   -2.944387e+00 1.892243e+00 2.000000e+00
      vertex   -2.533069e+00 2.415277e+00 2.000000e+00
    endloop
  endfacet
  facet normal -7.237113e-01 6.900573e-01 -7.923887e-03
    outer loop
      vertex   -2.751186e+00 2.163556e+00 0.000000e+00
      vertex   -2.533069e+00 2.415277e+00 2.000000e+00
      vertex   -2.292013e+00 2.645124e+00 0.000000e+00
    endloop
  endfacet
  facet normal -6.548402e-01 7.557258e-01 7.923887e-03
    outer loop
      vertex   -2.292013e+00 2.645124e+00 0.000000e+00
      vertex   -2.533069e+00 2.415277e+00 2.000000e+00
      vertex   -2.030199e+00 2.851016e+00 2.000000e+00
    endloop
  endfacet
  facet normal -5.800387e-01 8.145504e-01 -7.923887e-03
    outer loop
      vertex   -2.292013e+00 2.645124e+00 0.000000e+00
      vertex   -2.030199e+00 2.851016e+00 2.000000e+00
      vertex   -1.750000e+00 3.031089e+00 0.000000e+00
    endloop
  endfacet
  facet normal -4.999843e-01 8.659982e-01 7.923887e-03
    outer loop
      vertex   -1.750000e+00 3.031089e+00 0.000000e+00
      vertex   -2.030199e+00 2.851016e+00 2.000000e+00
      vertex   -1.453953e+00 3.183712e+00 2.000000e+00
    endloop
  endfacet
  facet normal -4.154020e-01 9.096034e-01 -7.923887e-03
    outer loop
      vertex   -1.750000e+00 3.031089e+00 0.000000e+00
      vertex   -1.453953e+00 3.183712e+00 2.000000e+00
      vertex   -1.144738e+00 3.307503e+00 0.000000e+00
    endloop
  endfacet
  facet normal -3.270577e-01 9.449712e-01 7.923887e-03
    outer loop
      vertex   -1.144738e+00 3.307503e+00 0.000000e+00
      vertex   -1.453953e+00 3.183712e+00 2.000000e+00
      vertex   -8.251563e-01 3.401340e+00 2.000000e+00
    endloop
  endfacet
  facet normal -2.357515e-01 9.717811e-01 -7.923887e-03
    outer loop
      vertex   -1.144738e+00 3.307503e+00 0.000000e+00
      vertex   -8.251563e-01 3.401340e+00 2.000000e+00
      vertex   -4.981019e-01 3.464375e+00 0.000000e+00
    endloop
  endfacet
  facet normal -1.423104e-01 9.897904e-01 7.923887e-03
    outer loop
      vertex   -4.981019e-01 3.464375e+00 0.000000e+00
      vertex   -8.251563e-01 3.401340e+00 2.000000e+00
      vertex   -1.665367e-01 3.496036e+00 2.000000e+00
    endloop
  endfacet
  facet normal -4.758042e-02 9.988360e-01 -7.923887e-03
    outer loop
      vertex   -4.981019e-01 3.464375e+00 0.000000e+00
      vertex   -1.665367e-01 3.496036e+00 2.000000e+00
      vertex   1.665367e-01 3.496036e+00 0.000000e+00
    endloop
  endfacet
  facet normal 4.758042e-02 9.988360e-01 7.923887e-03
    outer loop
      vertex   1.665367e-01 3.496036e+00 0.000000e+00
      vertex   -1.665367e-01 3.496036e+00 2.000000e+00
      vertex   4.981019e-01 3.464375e+00 2.000000e+00
    endloop
  endfacet
  facet normal 1.423104e-01 9.897904e-01 -7.923887e-03
    outer loop
      vertex   1.665367e-01 3.496036e+00 0.000000e+00
      vertex   4.981019e-01 3.464375e+00 2.000000e+00
      vertex   8.251563e-01 3.401340e+00 0.000000e+00
    endloop
  endfacet
  facet normal 2.357515e-01 9.717811e-01 7.923887e-03
    outer loop
      vertex   8.251563e-01 3.401340e+00 0.000000e+00
      vertex   4.981019e-01 3.464375e+00 2.000000e+00
      vertex   1.144738e+00 3.307503e+00 2.000000e+00
    endloop
  endfacet
  facet normal 3.270577e-01 9.449712e-01 -7.923887e-03
    outer loop
      vertex   8.251563e-01 3.401340e+00 0.000000e+00
      vertex   1.144738e+00 3.307503e+00 2.000000e+00
      vertex   1.453953e+00 3.183712e+00 0.000000e+00
    endloop
  endfacet
  facet normal 4.154020e-01 9.096034e-01 7.923887e-03
    outer loop
      vertex   1.453953e+00 3.183712e+00 0.000000e+00
      vertex   1.144738e+00 3.307503e+00 2.000000e+00
      vertex   1.750000e+00 3.031089e+00 2.000000e+00
    endloop
  endfacet
  facet normal 4.999843e-01 8.659982e-01 -7.923887e-03
    outer loop
      vertex   1.453953e+00 3.183712e+00 0.000000e+00
      vertex   1.750000e+00 3.031089e+00 2.000000e+00
      vertex   2.030199e+00 2.851016e+00 0.000000e+00
    endloop
  endfacet
  facet normal 5.800387e-01 8.145504e-01 7.923887e-03
    outer loop
      vertex   2.030199e+00 2.851016e+00 0.000000e+00
      vertex   1.750000e+00 3.031089e+00 2.000000e+00
      vertex   2.292013e+00 2.645124e+00 2.000000e+00
    endloop
  endfacet
  facet normal 6.548402e-01 7.557258e-01 -7.923887e-03
    outer loop
      vertex   2.030199e+00 2.851016e+00 0.000000e+00
      vertex   2.292013e+00 2.645124e+00 2.000000e+00
      vertex   2.533069e+00 2.415277e+00 0.000000e+00
    endloop
  endfacet
  facet normal 7.237113e-01 6.900573e-01 7.923887e-03
    outer loop
      vertex   2.533069e+00 2.415277e+00 0.000000e+00
      vertex   2.292013e+00 2.645124e+00 2.000000e+00
      vertex   2.751186e+00 2.163556e+00 2.000000e+00
    endloop
  endfacet
  facet normal 7.860284e-01 6.181396e-01 -7.923887e-03
    outer loop
      vertex   2.533069e+00 2.415277e+00 0.000000e+00
      vertex   2.751186e+00 2.163556e+00 2.000000e+00
      vertex   2.944387e+00 1.892243e+00 0.000000e+00
    endloop
  endfacet
  facet normal 8.412271e-01 5.406238e-01 7.923887e-03
    outer loop
      vertex   2.944387e+00 1.892243e+00 0.000000e+00
      vertex   2.751186e+00 2.163556e+00 2.000000e+00
      vertex   3.110924e+00 1.603793e+00 2.000000e+00
    endloop
  endfacet
  facet normal 8.888075e-01 4.582121e-01 -7.923887e-03
    outer loop
      vertex   2.944387e+00 1.892243e+00 0.000000e+00
      vertex   3.110924e+00 1.603793e+00 2.000000e+00
      vertex   3.249288e+00 1.300819e+00 0.000000e+00
    endloop
  endfacet
  facet normal 9.283388e-01 3.716508e-01 7.923887e-03
    outer loop
      vertex   3.249288e+00 1.300819e+00 0.000000e+00
      vertex   3.110924e+00 1.603793e+00 2.000000e+00
      vertex   3.358225e+00 9.860639e-01 2.000000e+00
    endloop
  endfacet
  facet normal 9.594629e-01 2.817237e-01 -7.923887e-03
    outer loop
      vertex   3.249288e+00 1.300819e+00 0.000000e+00
      vertex   3.358225e+00 9.860639e-01 2.000000e+00
      vertex   3.436750e+00 6.623794e-01 0.000000e+00
    endloop
  endfacet
  facet normal 9.818979e-01 1.892453e-01 7.923887e-03
    outer loop
      vertex   3.436750e+00 6.623794e-01 0.000000e+00
      vertex   3.358225e+00 9.860639e-01 2.000000e+00
      vertex   3.484152e+00 3.326962e-01 2.000000e+00
    endloop
  endfacet
  facet normal -9.954719e-01 -9.505604e-02 0.000000e+00
    outer loop
      vertex   -3.436750e+00 -6.623794e-01 3.000000e+00
      vertex   -3.436750e+00 -6.623794e-01 1.685714e+01
      vertex   -3.500000e+00 -4.286264e-16 3.000000e+00
    endloop
  endfacet
  facet normal -9.954719e-01 -9.505604e-02 5.880509e-18
    outer loop
      vertex   -3.500000e+00 -4.286264e-16 3.000000e+00
      vertex   -3.436750e+00 -6.623794e-01 1.685714e+01
      vertex   -3.500000e+00 4.286264e-16 1.685714e+01
    endloop
  endfacet
  facet normal -9.954719e-01 9.505604e-02 -5.880509e-18
    outer loop
      vertex   -3.500000e+00 -4.286264e-16 3.000000e+00
      vertex   -3.500000e+00 4.286264e-16 1.685714e+01
      vertex   -3.436750e+00 6.623794e-01 3.000000e+00
    endloop
  endfacet
  facet normal -9.954719e-01 9.505604e-02 0.000000e+00
    outer loop
      vertex   -3.436750e+00 6.623794e-01 3.000000e+00
      vertex   -3.500000e+00 4.286264e-16 1.685714e+01
      vertex   -3.436750e+00 6.623794e-01 1.685714e+01
    endloop
  endfacet
  facet normal -9.594930e-01 2.817326e-01 0.000000e+00
    outer loop
      vertex   -3.436750e+00 6.623794e-01 3.000000e+00
      vertex   -3.436750e+00 6.623794e-01 1.685714e+01
      vertex   -3.249288e+00 1.300819e+00 3.000000e+00
    endloop
  endfacet
  facet normal -9.594930e-01 2.817326e-01 0.000000e+00
    outer loop
      vertex   -3.249288e+00 1.300819e+00 3.000000e+00
      vertex   -3.436750e+00 6.623794e-01 1.685714e+01
      vertex   -3.249288e+00 1.300819e+00 1.685714e+01
    endloop
  endfacet
  facet normal -8.888354e-01 4.582265e-01 0.000000e+00
    outer loop
      vertex   -3.249288e+00 1.300819e+00 3.000000e+00
      vertex   -3.249288e+00 1.300819e+00 1.685714e+01
      vertex   -2.944387e+00 1.892243e+00 3.000000e+00
    endloop
  endfacet
  facet normal -8.888354e-01 4.582265e-01 0.000000e+00
    outer loop
      vertex   -2.944387e+00 1.892243e+00 3.000000e+00
      vertex   -3.249288e+00 1.300819e+00 1.685714e+01
      vertex   -2.944387e+00 1.892243e+00 1.685714e+01
    endloop
  endfacet
  facet normal -7.860531e-01 6.181590e-01 0.000000e+00
    outer loop
      vertex   -2.944387e+00 1.892243e+00 3.000000e+00
      vertex   -2.944387e+00 1.892243e+00 1.685714e+01
      vertex   -2.533069e+00 2.415277e+00 3.000000e+00
    endloop
  endfacet
  facet normal -7.860531e-01 6.181590e-01 0.000000e+00
    outer loop
      vertex   -2.533069e+00 2.415277e+00 3.000000e+00
      vertex   -2.944387e+00 1.892243e+00 1.685714e+01
      vertex   -2.533069e+00 2.415277e+00 1.685714e+01
    endloop
  endfacet
  facet normal -6.548607e-01 7.557496e-01 0.000000e+00
    outer loop
      vertex   -2.533069e+00 2.415277e+00 3.000000e+00
      vertex   -2.533069e+00 2.415277e+00 1.685714e+01
      vertex   -2.030199e+00 2.851016e+00 3.000000e+00
    endloop
  endfacet
  facet normal -6.548607e-01 7.557496e-01 0.000000e+00
    outer loop
      vertex   -2.030199e+00 2.851016e+00 3.000000e+00
      vertex   -2.533069e+00 2.415277e+00 1.685714e+01
      vertex   -2.030199e+00 2.851016e+00 1.685714e+01
    endloop
  endfacet
  facet normal -5.000000e-01 8.660254e-01 0.000000e+00
    outer loop
      vertex   -2.030199e+00 2.851016e+00 3.000000e+00
      vertex   -2.030199e+00 2.851016e+00 1.685714e+01
      vertex   -1.453953e+00 3.183712e+00 3.000000e+00
    endloop
  endfacet
  facet normal -5.000000e-01 8.660254e-01 0.000000e+00
    outer loop
      vertex   -1.453953e+00 3.183712e+00 3.000000e+00
      vertex   -2.030199e+00 2.851016e+00 1.685714e+01
      vertex   -1.453953e+00 3.183712e+00 1.685714e+01
    endloop
  endfacet
  facet normal -3.270680e-01 9.450008e-01 0.000000e+00
    outer loop
      vertex   -1.453953e+00 3.183712e+00 3.000000e+00
      vertex   -1.453953e+00 3.183712e+00 1.685714e+01
      vertex   -8.251563e-01 3.401340e+00 3.000000e+00
    endloop
  endfacet
  facet normal -3.270680e-01 9.450008e-01 0.000000e+00
    outer loop
      vertex   -8.251563e-01 3.401340e+00 3.000000e+00
      vertex   -1.453953e+00 3.183712e+00 1.685714e+01
      vertex   -8.251563e-01 3.401340e+00 1.685714e+01
    endloop
  endfacet
  facet normal -1.423148e-01 9.898214e-01 0.000000e+00
    outer loop
      vertex   -8.251563e-01 3.401340e+00 3.000000e+00
      vertex   -8.251563e-01 3.401340e+00 1.685714e+01
      vertex   -1.665367e-01 3.496036e+00 3.000000e+00
    endloop
  endfacet
  facet normal -1.423148e-01 9.898214e-01 0.000000e+00
    outer loop
      vertex   -1.665367e-01 3.496036e+00 3.000000e+00
      vertex   -8.251563e-01 3.401340e+00 1.685714e+01
      vertex   -1.665367e-01 3.496036e+00 1.685714e+01
    endloop
  endfacet
  facet normal 4.758192e-02 9.988673e-01 -0.000000e+00
    outer loop
      vertex   -1.665367e-01 3.496036e+00 3.000000e+00
      vertex   -1.665367e-01 3.496036e+00 1.685714e+01
      vertex   4.981019e-01 3.464375e+00 3.000000e+00
    endloop
  endfacet
  facet normal 4.758192e-02 9.988673e-01 -0.000000e+00
    outer loop
      vertex   4.981019e-01 3.464375e+00 3.000000e+00
      vertex   -1.665367e-01 3.496036e+00 1.685714e+01
      vertex   4.981019e-01 3.464375e+00 1.685714e+01
    endloop
  endfacet
  facet normal 2.357589e-01 9.718116e-01 -0.000000e+00
    outer loop
      vertex   4.981019e-01 3.464375e+00 3.000000e+00
      vertex   4.981019e-01 3.464375e+00 1.685714e+01
      vertex   1.144738e+00 3.307503e+00 3.000000e+00
    endloop
  endfacet
  facet normal 2.357589e-01 9.718116e-01 -0.000000e+00
    outer loop
      vertex   1.144738e+00 3.307503e+00 3.000000e+00
      vertex   4.981019e-01 3.464375e+00 1.685714e+01
      vertex   1.144738e+00 3.307503e+00 1.685714e+01
    endloop
  endfacet
  facet normal 4.154150e-01 9.096320e-01 -0.000000e+00
    outer loop
      vertex   1.144738e+00 3.307503e+00 3.000000e+00
      vertex   1.144738e+00 3.307503e+00 1.685714e+01
      vertex   1.750000e+00 3.031089e+00 3.000000e+00
    endloop
  endfacet
  facet normal 4.154150e-01 9.096320e-01 -0.000000e+00
    outer loop
      vertex   1.750000e+00 3.031089e+00 3.000000e+00
      vertex   1.144738e+00 3.307503e+00 1.685714e+01
      vertex   1.750000e+00 3.031089e+00 1.685714e+01
    endloop
  endfacet
  facet normal 5.800569e-01 8.145760e-01 -0.000000e+00
    outer loop
      vertex   1.750000e+00 3.031089e+00 3.000000e+00
      vertex   1.750000e+00 3.031089e+00 1.685714e+01
      vertex   2.292013e+00 2.645124e+00 3.000000e+00
    endloop
  endfacet
  facet normal 5.800569e-01 8.145760e-01 -0.000000e+00
    outer loop
      vertex   2.292013e+00 2.645124e+00 3.000000e+00
      vertex   1.750000e+00 3.031089e+00 1.685714e+01
      vertex   2.292013e+00 2.645124e+00 1.685714e+01
    endloop
  endfacet
  facet normal 7.237340e-01 6.900790e-01 -0.000000e+00
    outer loop
      vertex   2.292013e+00 2.645124e+00 3.000000e+00
      vertex   2.292013e+00 2.645124e+00 1.685714e+01
      vertex   2.751186e+00 2.163556e+00 3.000000e+00
    endloop
  endfacet
  facet normal 7.237340e-01 6.900790e-01 -0.000000e+00
    outer loop
      vertex   2.751186e+00 2.163556e+00 3.000000e+00
      vertex   2.292013e+00 2.645124e+00 1.685714e+01
      vertex   2.751186e+00 2.163556e+00 1.685714e+01
    endloop
  endfacet
  facet normal 8.412535e-01 5.406408e-01 -0.000000e+00
    outer loop
      vertex   2.751186e+00 2.163556e+00 3.000000e+00
      vertex   2.751186e+00 2.163556e+00 1.685714e+01
      vertex   3.110924e+00 1.603793e+00 3.000000e+00
    endloop
  endfacet
  facet normal 8.412535e-01 5.406408e-01 8.663141e-18
    outer loop
      vertex   3.110924e+00 1.603793e+00 3.000000e+00
      vertex   2.751186e+00 2.163556e+00 1.685714e+01
      vertex   3.110924e+00 1.603793e+00 1.685714e+01
    endloop
  endfacet
  facet normal 9.283679e-01 3.716625e-01 5.955459e-18
    outer loop
      vertex   3.110924e+00 1.603793e+00 3.000000e+00
      vertex   3.110924e+00 1.603793e+00 1.685714e+01
      vertex   3.358225e+00 9.860639e-01 3.000000e+00
    endloop
  endfacet
  facet normal 9.283679e-01 3.716625e-01 -0.000000e+00
    outer loop
      vertex   3.358225e+00 9.860639e-01 3.000000e+00
      vertex   3.110924e+00 1.603793e+00 1.685714e+01
      vertex   3.358225e+00 9.860639e-01 1.685714e+01
    endloop
  endfacet
  facet normal 9.819287e-01 1.892512e-01 -0.000000e+00
    outer loop
      vertex   3.358225e+00 9.860639e-01 3.000000e+00
      vertex   3.358225e+00 9.860639e-01 1.685714e+01
      vertex   3.484152e+00 3.326962e-01 3.000000e+00
    endloop
  endfacet
  facet normal 9.819287e-01 1.892512e-01 -0.000000e+00
    outer loop
      vertex   3.484152e+00 3.326962e-01 3.000000e+00
      vertex   3.358225e+00 9.860639e-01 1.685714e+01
      vertex   3.484152e+00 3.326962e-01 1.685714e+01
    endloop
  endfacet
  facet normal 1.000000e+00 0.000000e+00 -0.000000e+00
    outer loop
      vertex   3.484152e+00 3.326962e-01 3.000000e+00
      vertex   3.484152e+00 3.326962e-01 1.685714e+01
      vertex   3.484152e+00 -3.326962e-01 3.000000e+00
    endloop
  endfacet
  facet normal 1.000000e+00 0.000000e+00 0.000000e+00
    outer loop
      vertex   3.484152e+00 -3.326962e-01 3.000000e+00
      vertex   3.484152e+00 3.326962e-01 1.685714e+01
      vertex   3.484152e+00 -3.326962e-01 1.685714e+01
    endloop
  endfacet
  facet normal 9.819287e-01 -1.892512e-01 0.000000e+00
    outer loop
      vertex   3.484152e+00 -3.326962e-01 3.000000e+00
      vertex   3.484152e+00 -3.326962e-01 1.685714e+01
      vertex   3.358225e+00 -9.860639e-01 3.000000e+00
    endloop
  endfacet
  facet normal 9.819287e-01 -1.892512e-01 0.000000e+00
    outer loop
      vertex   3.358225e+00 -9.860639e-01 3.000000e+00
      vertex   3.484152e+00 -3.326962e-01 1.685714e+01
      vertex   3.358225e+00 -9.860639e-01 1.685714e+01
    endloop
  endfacet
  facet normal 9.283679e-01 -3.716625e-01 0.000000e+00
    outer loop
      vertex   3.358225e+00 -9.860639e-01 3.000000e+00
      vertex   3.358225e+00 -9.860639e-01 1.685714e+01
      vertex   3.110924e+00 -1.603793e+00 3.000000e+00
    endloop
  endfacet
  facet normal 9.283679e-01 -3.716625e-01 5.955459e-18
    outer loop
      vertex   3.110924e+00 -1.603793e+00 3.000000e+00
      vertex   3.358225e+00 -9.860639e-01 1.685714e+01
      vertex   3.110924e+00 -1.603793e+00 1.685714e+01
    endloop
  endfacet
  facet normal 8.412535e-01 -5.406408e-01 8.663141e-18
    outer loop
      vertex   3.110924e+00 -1.603793e+00 3.000000e+00
      vertex   3.110924e+00 -1.603793e+00 1.685714e+01
      vertex   2.751186e+00 -2.163556e+00 3.000000e+00
    endloop
  endfacet
  facet normal 8.412535e-01 -5.406408e-01 0.000000e+00
    outer loop
      vertex   2.751186e+00 -2.163556e+00 3.000000e+00
      vertex   3.110924e+00 -1.603793e+00 1.685714e+01
      vertex   2.751186e+00 -2.163556e+00 1.685714e+01
    endloop
  endfacet
  facet normal 7.237340e-01 -6.900790e-01 0.000000e+00
    outer loop
      vertex   2.751186e+00 -2.163556e+00 3.000000e+00
      vertex   2.751186e+00 -2.163556e+00 1.685714e+01
      vertex   2.292013e+00 -2.645124e+00 3.000000e+00
    endloop
  endfacet
  facet normal 7.237340e-01 -6.900790e-01 0.000000e+00
    outer loop
      vertex   2.292013e+00 -2.645124e+00 3.000000e+00
      vertex   2.751186e+00 -2.163556e+00 1.685714e+01
      vertex   2.292013e+00 -2.645124e+00 1.685714e+01
    endloop
  endfacet
  facet normal 5.800569e-01 -8.145760e-01 0.000000e+00
    outer loop
      vertex   2.292013e+00 -2.645124e+00 3.000000e+00
      vertex   2.292013e+00 -2.645124e+00 1.685714e+01
      vertex   1.750000e+00 -3.031089e+00 3.000000e+00
    endloop
  endfacet
  facet normal 5.800569e-01 -8.145760e-01 0.000000e+00
    outer loop
      vertex   1.750000e+00 -3.031089e+00 3.000000e+00
      vertex   2.292013e+00 -2.645124e+00 1.685714e+01
      vertex   1.750000e+00 -3.031089e+00 1.685714e+01
    endloop
  endfacet
  facet normal 4.154150e-01 -9.096320e-01 0.000000e+00
    outer loop
      vertex   1.750000e+00 -3.031089e+00 3.000000e+00
      vertex   1.750000e+00 -3.031089e+00 1.685714e+01
      vertex   1.144738e+00 -3.307503e+00 3.000000e+00
    endloop
  endfacet
  facet normal 4.154150e-01 -9.096320e-01 0.000000e+00
    outer loop
      vertex   1.144738e+00 -3.307503e+00 3.000000e+00
      vertex   1.750000e+00 -3.031089e+00 1.685714e+01
      vertex   1.144738e+00 -3.307503e+00 1.685714e+01
    endloop
  endfacet
  facet normal 2.357589e-01 -9.718116e-01 0.000000e+00
    outer loop
      vertex   1.144738e+00 -3.307503e+00 3.000000e+00
      vertex   1.144738e+00 -3.307503e+00 1.685714e+01
      vertex   4.981019e-01 -3.464375e+00 3.000000e+00
    endloop
  endfacet
  facet normal 2.357589e-01 -9.718116e-01 0.000000e+00
    outer loop
      vertex   4.981019e-01 -3.464375e+00 3.000000e+00
      vertex   1.144738e+00 -3.307503e+00 1.685714e+01
      vertex   4.981019e-01 -3.464375e+00 1.685714e+01
    endloop
  endfacet
  facet normal 4.758192e-02 -9.988673e-01 0.000000e+00
    outer loop
      vertex   4.981019e-01 -3.464375e+00 3.000000e+00
      vertex   4.981019e-01 -3.464375e+00 1.685714e+01
      vertex   -1.665367e-01 -3.496036e+00 3.000000e+00
    endloop
  endfacet
  facet normal 4.758192e-02 -9.988673e-01 0.000000e+00
    outer loop
      vertex   -1.665367e-01 -3.496036e+00 3.000000e+00
      vertex   4.981019e-01 -3.464375e+00 1.685714e+01
      vertex   -1.665367e-01 -3.496036e+00 1.685714e+01
    endloop
  endfacet
  facet normal -1.423148e-01 -9.898214e-01 0.000000e+00
    outer loop
      vertex   -1.665367e-01 -3.496036e+00 3.000000e+00
      vertex   -1.665367e-01 -3.496036e+00 1.685714e+01
      vertex   -8.251563e-01 -3.401340e+00 3.000000e+00
    endloop
  endfacet
  facet normal -1.423148e-01 -9.898214e-01 0.000000e+00
    outer loop
      vertex   -8.251563e-01 -3.401340e+00 3.000000e+00
      vertex   -1.665367e-01 -3.496036e+00 1.685714e+01
      vertex   -8.251563e-01 -3.401340e+00 1.685714e+01
    endloop
  endfacet
  facet normal -3.270680e-01 -9.450008e-01 0.000000e+00
    outer loop
      vertex   -8.251563e-01 -3.401340e+00 3.000000e+00
      vertex   -8.251563e-01 -3.401340e+00 1.685714e+01
      vertex   -1.453953e+00 -3.183712e+00 3.000000e+00
    endloop
  endfacet
  facet normal -3.270680e-01 -9.450008e-01 0.000000e+00
    outer loop
      vertex   -1.453953e+00 -3.183712e+00 3.000000e+00
      vertex   -8.251563e-01 -3.401340e+00 1.685714e+01
      vertex   -1.453953e+00 -3.183712e+00 1.685714e+01
    endloop
  endfacet
  facet normal -5.000000e-01 -8.660254e-01 0.000000e+00
    outer loop
      vertex   -1.453953e+00 -3.183712e+00 3.000000e+00
      vertex   -1.453953e+00 -3.183712e+00 1.685714e+01
      vertex   -2.030199e+00 -2.851016e+00 3.000000e+00
    endloop
  endfacet
  facet normal -5.000000e-01 -8.660254e-01 0.000000e+00
    outer loop
      vertex   -2.030199e+00 -2.851016e+00 3.000000e+00
      vertex   -1.453953e+00 -3.183712e+00 1.685714e+01
      vertex   -2.030199e+00 -2.851016e+00 1.685714e+01
    endloop
  endfacet
  facet normal -6.548607e-01 -7.557496e-01 0.000000e+00
    outer loop
      vertex   -2.030199e+00 -2.851016e+00 3.000000e+00
      vertex   -2.030199e+00 -2.851016e+00 1.685714e+01
      vertex   -2.533069e+00 -2.415277e+00 3.000000e+00
    endloop
  endfacet
  facet normal -6.548607e-01 -7.557496e-01 0.000000e+00
    outer loop
      vertex   -2.533069e+00 -2.415277e+00 3.000000e+00
      vertex   -2.030199e+00 -2.851016e+00 1.685714e+01
      vertex   -2.533069e+00 -2.415277e+00 1.685714e+01
    endloop
  endfacet
  facet normal -7.860531e-01 -6.181590e-01 0.000000e+00
    outer loop
      vertex   -2.533069e+00 -2.415277e+00 3.000000e+00
      vertex   -2.533069e+00 -2.415277e+00 1.685714e+01
      vertex   -2.944387e+00 -1.892243e+00 3.000000e+00
    endloop
  endfacet
  facet normal -7.860531e-01 -6.181590e-01 0.000000e+00
    outer loop
      vertex   -2.944387e+00 -1.892243e+00 3.000000e+00
      vertex   -2.533069e+00 -2.415277e+00 1.685714e+01
      vertex   -2.944387e+00 -1.892243e+00 1.685714e+01
    endloop
  endfacet
  facet normal -8.888354e-01 -4.582265e-01 0.000000e+00
    outer loop
      vertex   -2.944387e+00 -1.892243e+00 3.000000e+00
      vertex   -2.944387e+00 -1.892243e+00 1.685714e+01
      vertex   -3.249288e+00 -1.300819e+00 3.000000e+00
    endloop
  endfacet
  facet normal -8.888354e-01 -4.582265e-01 0.000000e+00
    outer loop
      vertex   -3.249288e+00 -1.300819e+00 3.000000e+00
      vertex   -2.944387e+00 -1.892243e+00 1.685714e+01
      vertex   -3.249288e+00 -1.300819e+00 1.685714e+01
    endloop
  endfacet
  facet normal -9.594930e-01 -2.817326e-01 0.000000e+00
    outer loop
      vertex   -3.249288e+00 -1.300819e+00 3.000000e+00
      vertex   -3.249288e+00 -1.300819e+00 1.685714e+01
      vertex   -3.436750e+00 -6.623794e-01 3.000000e+00
    endloop
  endfacet
  facet normal -9.594930e-01 -2.817326e-01 0.000000e+00
    outer loop
      vertex   -3.436750e+00 -6.623794e-01 3.000000e+00
      vertex   -3.249288e+00 -1.300819e+00 1.685714e+01
      vertex   -3.436750e+00 -6.623794e-01 1.685714e+01
    endloop
  endfacet
  facet normal 9.954713e-01 -9.505598e-02 1.143689e-03
    outer loop
      vertex   3.436750e+00 -6.623794e-01 1.000000e+02
      vertex   3.484152e+00 -3.326962e-01 8.614286e+01
      vertex   3.500000e+00 0.000000e+00 1.000000e+02
    endloop
  endfacet
  facet normal 9.999993e-01 0.000000e+00 -1.143689e-03
    outer loop
      vertex   3.500000e+00 0.000000e+00 1.000000e+02
      vertex   3.484152e+00 -3.326962e-01 8.614286e+01
      vertex   3.484152e+00 3.326962e-01 8.614286e+01
    endloop
  endfacet
  facet normal 9.954713e-01 9.505598e-02 1.143689e-03
    outer loop
      vertex   3.500000e+00 0.000000e+00 1.000000e+02
      vertex   3.484152e+00 3.326962e-01 8.614286e+01
      vertex   3.436750e+00 6.623794e-01 1.000000e+02
    endloop
  endfacet
  facet normal 9.819281e-01 1.892511e-01 -1.143689e-03
    outer loop
      vertex   3.436750e+00 6.623794e-01 1.000000e+02
      vertex   3.484152e+00 3.326962e-01 8.614286e+01
      vertex   3.358225e+00 9.860639e-01 8.614286e+01
    endloop
  endfacet
  facet normal 9.594923e-01 2.817324e-01 1.143689e-03
    outer loop
      vertex   3.436750e+00 6.623794e-01 1.000000e+02
      vertex   3.358225e+00 9.860639e-01 8.614286e+01
      vertex   3.249288e+00 1.300819e+00 1.000000e+02
    endloop
  endfacet
  facet normal 9.283673e-01 3.716622e-01 -1.143689e-03
    outer loop
      vertex   3.249288e+00 1.300819e+00 1.000000e+02
      vertex   3.358225e+00 9.860639e-01 8.614286e+01
      vertex   3.110924e+00 1.603793e+00 8.614286e+01
    endloop
  endfacet
  facet normal 8.888349e-01 4.582262e-01 1.143689e-03
    outer loop
      vertex   3.249288e+00 1.300819e+00 1.000000e+02
      vertex   3.110924e+00 1.603793e+00 8.614286e+01
      vertex   2.944387e+00 1.892243e+00 1.000000e+02
    endloop
  endfacet
  facet normal 8.412530e-01 5.406405e-01 -1.143689e-03
    outer loop
      vertex   2.944387e+00 1.892243e+00 1.000000e+02
      vertex   3.110924e+00 1.603793e+00 8.614286e+01
      vertex   2.751186e+00 2.163556e+00 8.614286e+01
    endloop
  endfacet
  facet normal 7.860526e-01 6.181586e-01 1.143689e-03
    outer loop
      vertex   2.944387e+00 1.892243e+00 1.000000e+02
      vertex   2.751186e+00 2.163556e+00 8.614286e+01
      vertex   2.533069e+00 2.415277e+00 1.000000e+02
    endloop
  endfacet
  facet normal 7.237336e-01 6.900786e-01 -1.143689e-03
    outer loop
      vertex   2.533069e+00 2.415277e+00 1.000000e+02
      vertex   2.751186e+00 2.163556e+00 8.614286e+01
      vertex   2.292013e+00 2.645124e+00 8.614286e+01
    endloop
  endfacet
  facet normal 6.548603e-01 7.557491e-01 1.143689e-03
    outer loop
      vertex   2.533069e+00 2.415277e+00 1.000000e+02
      vertex   2.292013e+00 2.645124e+00 8.614286e+01
      vertex   2.030199e+00 2.851016e+00 1.000000e+02
    endloop
  endfacet
  facet normal 5.800565e-01 8.145754e-01 -1.143689e-03
    outer loop
      vertex   2.030199e+00 2.851016e+00 1.000000e+02
      vertex   2.292013e+00 2.645124e+00 8.614286e+01
      vertex   1.750000e+00 3.031089e+00 8.614286e+01
    endloop
  endfacet
  facet normal 4.999997e-01 8.660248e-01 1.143689e-03
    outer loop
      vertex   2.030199e+00 2.851016e+00 1.000000e+02
      vertex   1.750000e+00 3.031089e+00 8.614286e+01
      vertex   1.453953e+00 3.183712e+00 1.000000e+02
    endloop
  endfacet
  facet normal 4.154147e-01 9.096314e-01 -1.143689e-03
    outer loop
      vertex   1.453953e+00 3.183712e+00 1.000000e+02
      vertex   1.750000e+00 3.031089e+00 8.614286e+01
      vertex   1.144738e+00 3.307503e+00 8.614286e+01
    endloop
  endfacet
  facet normal 3.270677e-01 9.450002e-01 1.143689e-03
    outer loop
      vertex   1.453953e+00 3.183712e+00 1.000000e+02
      vertex   1.144738e+00 3.307503e+00 8.614286e+01
      vertex   8.251563e-01 3.401340e+00 1.000000e+02
    endloop
  endfacet
  facet normal 2.357588e-01 9.718109e-01 -1.143689e-03
    outer loop
      vertex   8.251563e-01 3.401340e+00 1.000000e+02
      vertex   1.144738e+00 3.307503e+00 8.614286e+01
      vertex   4.981019e-01 3.464375e+00 8.614286e+01
    endloop
  endfacet
  facet normal 1.423147e-01 9.898208e-01 1.143689e-03
    outer loop
      vertex   8.251563e-01 3.401340e+00 1.000000e+02
      vertex   4.981019e-01 3.464375e+00 8.614286e+01
      vertex   1.665367e-01 3.496036e+00 1.000000e+02
    endloop
  endfacet
  facet normal 4.758188e-02 9.988667e-01 -1.143689e-03
    outer loop
      vertex   1.665367e-01 3.496036e+00 1.000000e+02
      vertex   4.981019e-01 3.464375e+00 8.614286e+01
      vertex   -1.665367e-01 3.496036e+00 8.614286e+01
    endloop
  endfacet
  facet normal -4.758188e-02 9.988667e-01 1.143689e-03
    outer loop
      vertex   1.665367e-01 3.496036e+00 1.000000e+02
      vertex   -1.665367e-01 3.496036e+00 8.614286e+01
      vertex   -4.981019e-01 3.464375e+00 1.000000e+02
    endloop
  endfacet
  facet normal -1.423147e-01 9.898208e-01 -1.143689e-03
    outer loop
      vertex   -4.981019e-01 3.464375e+00 1.000000e+02
      vertex   -1.665367e-01 3.496036e+00 8.614286e+01
      vertex   -8.251563e-01 3.401340e+00 8.614286e+01
    endloop
  endfacet
  facet normal -2.357588e-01 9.718109e-01 1.143689e-03
    outer loop
      vertex   -4.981019e-01 3.464375e+00 1.000000e+02
      vertex   -8.251563e-01 3.401340e+00 8.614286e+01
      vertex   -1.144738e+00 3.307503e+00 1.000000e+02
    endloop
  endfacet
  facet normal -3.270677e-01 9.450002e-01 -1.143689e-03
    outer loop
      vertex   -1.144738e+00 3.307503e+00 1.000000e+02
      vertex   -8.251563e-01 3.401340e+00 8.614286e+01
      vertex   -1.453953e+00 3.183712e+00 8.614286e+01
    endloop
  endfacet
  facet normal -4.154147e-01 9.096314e-01 1.143689e-03
    outer loop
      vertex   -1.144738e+00 3.307503e+00 1.000000e+02
      vertex   -1.453953e+00 3.183712e+00 8.614286e+01
      vertex   -1.750000e+00 3.031089e+00 1.000000e+02
    endloop
  endfacet
  facet normal -4.999997e-01 8.660248e-01 -1.143689e-03
    outer loop
      vertex   -1.750000e+00 3.031089e+00 1.000000e+02
      vertex   -1.453953e+00 3.183712e+00 8.614286e+01
      vertex   -2.030199e+00 2.851016e+00 8.614286e+01
    endloop
  endfacet
  facet normal -5.800565e-01 8.145754e-01 1.143689e-03
    outer loop
      vertex   -1.750000e+00 3.031089e+00 1.000000e+02
      vertex   -2.030199e+00 2.851016e+00 8.614286e+01
      vertex   -2.292013e+00 2.645124e+00 1.000000e+02
    endloop
  endfacet
  facet normal -6.548603e-01 7.557491e-01 -1.143689e-03
    outer loop
      vertex   -2.292013e+00 2.645124e+00 1.000000e+02
      vertex   -2.030199e+00 2.851016e+00 8.614286e+01
      vertex   -2.533069e+00 2.415277e+00 8.614286e+01
    endloop
  endfacet
  facet normal -7.237336e-01 6.900786e-01 1.143689e-03
    outer loop
      vertex   -2.292013e+00 2.645124e+00 1.000000e+02
      vertex   -2.533069e+00 2.415277e+00 8.614286e+01
      vertex   -2.751186e+00 2.163556e+00 1.000000e+02
    endloop
  endfacet
  facet normal -7.860526e-01 6.181586e-01 -1.143689e-03
    outer loop
      vertex   -2.751186e+00 2.163556e+00 1.000000e+02
      vertex   -2.533069e+00 2.415277e+00 8.614286e+01
      vertex   -2.944387e+00 1.892243e+00 8.614286e+01
    endloop
  endfacet
  facet normal -8.412530e-01 5.406405e-01 1.143689e-03
    outer loop
      vertex   -2.751186e+00 2.163556e+00 1.000000e+02
      vertex   -2.944387e+00 1.892243e+00 8.614286e+01
      vertex   -3.110924e+00 1.603793e+00 1.000000e+02
    endloop
  endfacet
  facet normal -8.888349e-01 4.582262e-01 -1.143689e-03
    outer loop
      vertex   -3.110924e+00 1.603793e+00 1.000000e+02
      vertex   -2.944387e+00 1.892243e+00 8.614286e+01
      vertex   -3.249288e+00 1.300819e+00 8.614286e+01
    endloop
  endfacet
  facet normal -9.283673e-01 3.716622e-01 1.143689e-03
    outer loop
      vertex   -3.110924e+00 1.603793e+00 1.000000e+02
      vertex   -3.249288e+00 1.300819e+00 8.614286e+01
      vertex   -3.358225e+00 9.860639e-01 1.000000e+02
    endloop
  endfacet
  facet normal -9.594923e-01 2.817324e-01 -1.143689e-03
    outer loop
      vertex   -3.358225e+00 9.860639e-01 1.000000e+02
      vertex   -3.249288e+00 1.300819e+00 8.614286e+01
      vertex   -3.436750e+00 6.623794e-01 8.614286e+01
    endloop
  endfacet
  facet normal -9.819281e-01 1.892511e-01 1.143689e-03
    outer loop
      vertex   -3.358225e+00 9.860639e-01 1.000000e+02
      vertex   -3.436750e+00 6.623794e-01 8.614286e+01
      vertex   -3.484152e+00 3.326962e-01 1.000000e+02
    endloop
  endfacet
  facet normal -9.954713e-01 9.505598e-02 -1.143689e-03
    outer loop
      vertex   -3.484152e+00 3.326962e-01 1.000000e+02
      vertex   -3.436750e+00 6.623794e-01 8.614286e+01
      vertex   -3.500000e+00 -4.286264e-16 8.614286e+01
    endloop
  endfacet
  facet normal -9.999993e-01 0.000000e+00 1.143689e-03
    outer loop
      vertex   -3.484152e+00 3.326962e-01 1.000000e+02
      vertex   -3.500000e+00 -4.286264e-16 8.614286e+01
      vertex   -3.484152e+00 -3.326962e-01 1.000000e+02
    endloop
  endfacet
  facet normal -9.954713e-01 -9.505598e-02 -1.143689e-03
    outer loop
      vertex   -3.484152e+00 -3.326962e-01 1.000000e+02
      vertex   -3.500000e+00 -4.286264e-16 8.614286e+01
      vertex   -3.436750e+00 -6.623794e-01 8.614286e+01
    endloop
  endfacet
  facet normal -9.819281e-01 -1.892511e-01 1.143689e-03
    outer loop
      vertex   -3.484152e+00 -3.326962e-01 1.000000e+02
      vertex   -3.436750e+00 -6.623794e-01 8.614286e+01
      vertex   -3.358225e+00 -9.860639e-01 1.000000e+02
    endloop
  endfacet
  facet normal -9.594923e-01 -2.817324e-01 -1.143689e-03
    outer loop
      vertex   -3.358225e+00 -9.860639e-01 1.000000e+02
      vertex   -3.436750e+00 -6.623794e-01 8.614286e+01
      vertex   -3.249288e+00 -1.300819e+00 8.614286e+01
    endloop
  endfacet
  facet normal -9.283673e-01 -3.716622e-01 1.143689e-03
    outer loop
      vertex   -3.358225e+00 -9.860639e-01 1.000000e+02
      vertex   -3.249288e+00 -1.300819e+00 8.614286e+01
      vertex   -3.110924e+00 -1.603793e+00 1.000000e+02
    endloop
  endfacet
  facet normal -8.888349e-01 -4.582262e-01 -1.143689e-03
    outer loop
      vertex   -3.110924e+00 -1.603793e+00 1.000000e+02
      vertex   -3.249288e+00 -1.300819e+00 8.614286e+01
      vertex   -2.944387e+00 -1.892243e+00 8.614286e+01
    endloop
  endfacet
  facet normal -8.412530e-01 -5.406405e-01 1.143689e-03
    outer loop
      vertex   -3.110924e+00 -1.603793e+00 1.000000e+02
      vertex   -2.944387e+00 -1.892243e+00 8.614286e+01
      vertex   -2.751186e+00 -2.163556e+00 1.000000e+02
    endloop
  endfacet
  facet normal -7.860526e-01 -6.181586e-01 -1.143689e-03
    outer loop
      vertex   -2.751186e+00 -2.163556e+00 1.000000e+02
      vertex   -2.944387e+00 -1.892243e+00 8.614286e+01
      vertex   -2.533069e+00 -2.415277e+00 8.614286e+01
    endloop
  endfacet
  facet normal -7.237336e-01 -6.900786e-01 1.143689e-03
    outer loop
      vertex   -2.751186e+00 -2.163556e+00 1.000000e+02
      vertex   -2.533069e+00 -2.415277e+00 8.614286e+01
      vertex   -2.292013e+00 -2.645124e+00 1.000000e+02
    endloop
  endfacet
  facet normal -6.548603e-01 -7.557491e-01 -1.143689e-03
    outer loop
      vertex   -2.292013e+00 -2.645124e+00 1.000000e+02
      vertex   -2.533069e+00 -2.415277e+00 8.614286e+01
      vertex   -2.030199e+00 -2.851016e+00 8.614286e+01
    endloop
  endfacet
  facet normal -5.800565e-01 -8.145754e-01 1.143689e-03
    outer loop
      vertex   -2.292013e+00 -2.645124e+00 1.000000e+02
      vertex   -2.030199e+00 -2.851016e+00 8.614286e+01
      vertex   -1.750000e+00 -3.031089e+00 1.000000e+02
    endloop
  endfacet
  facet normal -4.999997e-01 -8.660248e-01 -1.143689e-03
    outer loop
      vertex   -1.750000e+00 -3.031089e+00 1.000000e+02
      vertex   -2.030199e+00 -2.851016e+00 8.614286e+01
      vertex   -1.453953e+00 -3.183712e+00 8.614286e+01
    endloop
  endfacet
  facet normal -4.154147e-01 -9.096314e-01 1.143689e-03
    outer loop
      vertex   -1.750000e+00 -3.031089e+00 1.000000e+02
      vertex   -1.453953e+00 -3.183712e+00 8.614286e+01
      vertex   -1.144738e+00 -3.307503e+00 1.000000e+02
    endloop
  endfacet
  facet normal -3.270677e-01 -9.450002e-01 -1.143689e-03
    outer loop
      vertex   -1.144738e+00 -3.307503e+00 1.000000e+02
      vertex   -1.453953e+00 -3.183712e+00 8.614286e+01
      vertex   -8.251563e-01 -3.401340e+00 8.614286e+01
    endloop
  endfacet
  facet normal -2.357588e-01 -9.718109e-01 1.143689e-03
    outer loop
      vertex   -1.144738e+00 -3.307503e+00 1.000000e+02
      vertex   -8.251563e-01 -3.401340e+00 8.614286e+01
      vertex   -4.981019e-01 -3.464375e+00 1.000000e+02
    endloop
  endfacet
  facet normal -1.423147e-01 -9.898208e-01 -1.143689e-03
    outer loop
      vertex   -4.981019e-01 -3.464375e+00 1.000000e+02
      vertex   -8.251563e-01 -3.401340e+00 8.614286e+01
      vertex   -1.665367e-01 -3.496036e+00 8.614286e+01
    endloop
  endfacet
  facet normal -4.758188e-02 -9.988667e-01 1.143689e-03
    outer loop
      vertex   -4.981019e-01 -3.464375e+00 1.000000e+02
      vertex   -1.665367e-01 -3.496036e+00 8.614286e+01
      vertex   1.665367e-01 -3.496036e+00 1.000000e+02
    endloop
  endfacet
  facet normal 4.758188e-02 -9.988667e-01 -1.143689e-03
    outer loop
      vertex   1.665367e-01 -3.496036e+00 1.000000e+02
      vertex   -1.665367e-01 -3.496036e+00 8.614286e+01
      vertex   4.981019e-01 -3.464375e+00 8.614286e+01
    endloop
  endfacet
  facet normal 1.423147e-01 -9.898208e-01 1.143689e-03
    outer loop
      vertex   1.665367e-01 -3.496036e+00 1.000000e+02
      vertex   4.981019e-01 -3.464375e+00 8.614286e+01
      vertex   8.251563e-01 -3.401340e+00 1.000000e+02
    endloop
  endfacet
  facet normal 2.357588e-01 -9.718109e-01 -1.143689e-03
    outer loop
      vertex   8.251563e-01 -3.401340e+00 1.000000e+02
      vertex   4.981019e-01 -3.464375e+00 8.614286e+01
      vertex   1.144738e+00 -3.307503e+00 8.614286e+01
    endloop
  endfacet
  facet normal 3.270677e-01 -9.450002e-01 1.143689e-03
    outer loop
      vertex   8.251563e-01 -3.401340e+00 1.000000e+02
      vertex   1.144738e+00 -3.307503e+00 8.614286e+01
      vertex   1.453953e+00 -3.183712e+00 1.000000e+02
    endloop
  endfacet
  facet normal 4.154147e-01 -9.096314e-01 -1.143689e-03
    outer loop
      vertex   1.453953e+00 -3.183712e+00 1.000000e+02
      vertex   1.144738e+00 -3.307503e+00 8.614286e+01
      vertex   1.750000e+00 -3.031089e+00 8.614286e+01
    endloop
  endfacet
  facet normal 4.999997e-01 -8.660248e-01 1.143689e-03
    outer loop
      vertex   1.453953e+00 -3.183712e+00 1.000000e+02
      vertex   1.750000e+00 -3.031089e+00 8.614286e+01
      vertex   2.030199e+00 -2.851016e+00 1.000000e+02
    endloop
  endfacet
  facet normal 5.800565e-01 -8.145754e-01 -1.143689e-03
    outer loop
      vertex   2.030199e+00 -2.851016e+00 1.000000e+02
      vertex   1.750000e+00 -3.031089e+00 8.614286e+01
      vertex   2.292013e+00 -2.645124e+00 8.614286e+01
    endloop
  endfacet
  facet normal 6.548603e-01 -7.557491e-01 1.143689e-03
    outer loop
      vertex   2.030199e+00 -2.851016e+00 1.000000e+02
      vertex   2.292013e+00 -2.645124e+00 8.614286e+01
      vertex   2.533069e+00 -2.415277e+00 1.000000e+02
    endloop
  endfacet
  facet normal 7.237336e-01 -6.900786e-01 -1.143689e-03
    outer loop
      vertex   2.533069e+00 -2.415277e+00 1.000000e+02
      vertex   2.292013e+00 -2.645124e+00 8.614286e+01
      vertex   2.751186e+00 -2.163556e+00 8.614286e+01
    endloop
  endfacet
  facet normal 7.860526e-01 -6.181586e-01 1.143689e-03
    outer loop
      vertex   2.533069e+00 -2.415277e+00 1.000000e+02
      vertex   2.751186e+00 -2.163556e+00 8.614286e+01
      vertex   2.944387e+00 -1.892243e+00 1.000000e+02
    endloop
  endfacet
  facet normal 8.412530e-01 -5.406405e-01 -1.143689e-03
    outer loop
      vertex   2.944387e+00 -1.892243e+00 1.000000e+02
      vertex   2.751186e+00 -2.163556e+00 8.614286e+01
      vertex   3.110924e+00 -1.603793e+00 8.614286e+01
    endloop
  endfacet
  facet normal 8.888349e-01 -4.582262e-01 1.143689e-03
    outer loop
      vertex   2.944387e+00 -1.892243e+00 1.000000e+02
      vertex   3.110924e+00 -1.603793e+00 8.614286e+01
      vertex   3.249288e+00 -1.300819e+00 1.000000e+02
    endloop
  endfacet
  facet normal 9.283673e-01 -3.716622e-01 -1.143689e-03
    outer loop
      vertex   3.249288e+00 -1.300819e+00 1.000000e+02
      vertex   3.110924e+00 -1.603793e+00 8.614286e+01
      vertex   3.358225e+00 -9.860639e-01 8.614286e+01
    endloop
  endfacet
  facet normal 9.594923e-01 -2.817324e-01 1.143689e-03
    outer loop
      vertex   3.249288e+00 -1.300819e+00 1.000000e+02
      vertex   3.358225e+00 -9.860639e-01 8.614286e+01
      vertex   3.436750e+00 -6.623794e-01 1.000000e+02
    endloop
  endfacet
  facet normal 9.819281e-01 -1.892511e-01 -1.143689e-03
    outer loop
      vertex   3.436750e+00 -6.623794e-01 1.000000e+02
      vertex   3.358225e+00 -9.860639e-01 8.614286e+01
      vertex   3.484152e+00 -3.326962e-01 8.614286e+01
    endloop
  endfacet
  facet normal -9.954719e-01 9.505604e-02 0.000000e+00
    outer loop
      vertex   -3.500000e+00 4.286264e-16 1.685714e+01
      vertex   -3.500000e+00 4.286264e-16 3.071429e+01
      vertex   -3.436750e+00 6.623794e-01 1.685714e+01
    endloop
  endfacet
  facet normal -9.954719e-01 9.505604e-02 0.000000e+00
    outer loop
      vertex   -3.436750e+00 6.623794e-01 1.685714e+01
      vertex   -3.500000e+00 4.286264e-16 3.071429e+01
      vertex   -3.436750e+00 6.623794e-01 3.071429e+01
    endloop
  endfacet
  facet normal -9.594930e-01 2.817326e-01 0.000000e+00
    outer loop
      vertex   -3.436750e+00 6.623794e-01 1.685714e+01
      vertex   -3.436750e+00 6.623794e-01 3.071429e+01
      vertex   -3.249288e+00 1.300819e+00 1.685714e+01
    endloop
  endfacet
  facet normal -9.594930e-01 2.817326e-01 0.000000e+00
    outer loop
      vertex   -3.249288e+00 1.300819e+00 1.685714e+01
      vertex   -3.436750e+00 6.623794e-01 3.071429e+01
      vertex   -3.249288e+00 1.300819e+00 3.071429e+01
    endloop
  endfacet
  facet normal -8.888354e-01 4.582265e-01 0.000000e+00
    outer loop
      vertex   -3.249288e+00 1.300819e+00 1.685714e+01
      vertex   -3.249288e+00 1.300819e+00 3.071429e+01
      vertex   -2.944387e+00 1.892243e+00 1.685714e+01
    endloop
  endfacet
  facet normal -8.888354e-01 4.582265e-01 0.000000e+00
    outer loop
      vertex   -2.944387e+00 1.892243e+00 1.685714e+01
      vertex   -3.249288e+00 1.300819e+00 3.071429e+01
      vertex   -2.944387e+00 1.892243e+00 3.071429e+01
    endloop
  endfacet
  facet normal -7.860531e-01 6.181590e-01 0.000000e+00
    outer loop
      vertex   -2.944387e+00 1.892243e+00 1.685714e+01
      vertex   -2.944387e+00 1.892243e+00 3.071429e+01
      vertex   -2.533069e+00 2.415277e+00 1.685714e+01
    endloop
  endfacet
  facet normal -7.860531e-01 6.181590e-01 0.000000e+00
    outer loop
      vertex   -2.533069e+00 2.415277e+00 1.685714e+01
      vertex   -2.944387e+00 1.892243e+00 3.071429e+01
      vertex   -2.533069e+00 2.415277e+00 3.071429e+01
    endloop
  endfacet
  facet normal -6.548607e-01 7.557496e-01 0.000000e+00
    outer loop
      vertex   -2.533069e+00 2.415277e+00 1.685714e+01
      vertex   -2.533069e+00 2.415277e+00 3.071429e+01
      vertex   -2.030199e+00 2.851016e+00 1.685714e+01
    endloop
  endfacet
  facet normal -6.548607e-01 7.557496e-01 0.000000e+00
    outer loop
      vertex   -2.030199e+00 2.851016e+00 1.685714e+01
      vertex   -2.533069e+00 2.415277e+00 3.071429e+01
      vertex   -2.030199e+00 2.851016e+00 3.071429e+01
    endloop
  endfacet
  facet normal -5.000000e-01 8.660254e-01 0.000000e+00
    outer loop
      vertex   -2.030199e+00 2.851016e+00 1.685714e+01
      vertex   -2.030199e+00 2.851016e+00 3.071429e+01
      vertex   -1.453953e+00 3.183712e+00 1.685714e+01
    endloop
  endfacet
  facet normal -5.000000e-01 8.660254e-01 0.000000e+00
    outer loop
      vertex   -1.453953e+00 3.183712e+00 1.685714e+01
      vertex   -2.030199e+00 2.851016e+00 3.071429e+01
      vertex   -1.453953e+00 3.183712e+00 3.071429e+01
    endloop
  endfacet
  facet normal -3.270680e-01 9.450008e-01 0.000000e+00
    outer loop
      vertex   -1.453953e+00 3.183712e+00 1.685714e+01
      vertex   -1.453953e+00 3.183712e+00 3.071429e+01
      vertex   -8.251563e-01 3.401340e+00 1.685714e+01
    endloop
  endfacet
  facet normal -3.270680e-01 9.450008e-01 0.000000e+00
    outer loop
      vertex   -8.251563e-01 3.401340e+00 1.685714e+01
      vertex   -1.453953e+00 3.183712e+00 3.071429e+01
      vertex   -8.251563e-01 3.401340e+00 3.071429e+01
    endloop
  endfacet
  facet normal -1.423148e-01 9.898214e-01 0.000000e+00
    outer loop
      vertex   -8.251563e-01 3.401340e+00 1.685714e+01
      vertex   -8.251563e-01 3.401340e+00 3.071429e+01
      vertex   -1.665367e-01 3.496036e+00 1.685714e+01
    endloop
  endfacet
  facet normal -1.423148e-01 9.898214e-01 0.000000e+00
    outer loop
      vertex   -1.665367e-01 3.496036e+00 1.685714e+01
      vertex   -8.251563e-01 3.401340e+00 3.071429e+01
      vertex   -1.665367e-01 3.496036e+00 3.071429e+01
    endloop
  endfacet
  facet normal 4.758192e-02 9.988673e-01 -0.000000e+00
    outer loop
      vertex   -1.665367e-01 3.496036e+00 1.685714e+01
      vertex   -1.665367e-01 3.496036e+00 3.071429e+01
      vertex   4.981019e-01 3.464375e+00 1.685714e+01
    endloop
  endfacet
  facet normal 4.758192e-02 9.988673e-01 -0.000000e+00
    outer loop
      vertex   4.981019e-01 3.464375e+00 1.685714e+01
      vertex   -1.665367e-01 3.496036e+00 3.071429e+01
      vertex   4.981019e-01 3.464375e+00 3.071429e+01
    endloop
  endfacet
  facet normal 2.357589e-01 9.718116e-01 -0.000000e+00
    outer loop
      vertex   4.981019e-01 3.464375e+00 1.685714e+01
      vertex   4.981019e-01 3.464375e+00 3.071429e+01
      vertex   1.144738e+00 3.307503e+00 1.685714e+01
    endloop
  endfacet
  facet normal 2.357589e-01 9.718116e-01 -0.000000e+00
    outer loop
      vertex   1.144738e+00 3.307503e+00 1.685714e+01
      vertex   4.981019e-01 3.464375e+00 3.071429e+01
      vertex   1.144738e+00 3.307503e+00 3.071429e+01
    endloop
  endfacet
  facet normal 4.154150e-01 9.096320e-01 -0.000000e+00
    outer loop
      vertex   1.144738e+00 3.307503e+00 1.685714e+01
      vertex   1.144738e+00 3.307503e+00 3.071429e+01
      vertex   1.750000e+00 3.031089e+00 1.685714e+01
    endloop
  endfacet
  facet normal 4.154150e-01 9.096320e-01 -0.000000e+00
    outer loop
      vertex   1.750000e+00 3.031089e+00 1.685714e+01
      vertex   1.144738e+00 3.307503e+00 3.071429e+01
      vertex   1.750000e+00 3.031089e+00 3.071429e+01
    endloop
  endfacet
  facet normal 5.800569e-01 8.145760e-01 -0.000000e+00
    outer loop
      vertex   1.750000e+00 3.031089e+00 1.685714e+01
      vertex   1.750000e+00 3.031089e+00 3.071429e+01
      vertex   2.292013e+00 2.645124e+00 1.685714e+01
    endloop
  endfacet
  facet normal 5.800569e-01 8.145760e-01 -0.000000e+00
    outer loop
      vertex   2.292013e+00 2.645124e+00 1.685714e+01
      vertex   1.750000e+00 3.031089e+00 3.071429e+01
      vertex   2.292013e+00 2.645124e+00 3.071429e+01
    endloop
  endfacet
  facet normal 7.237340e-01 6.900790e-01 -0.000000e+00
    outer loop
      vertex   2.292013e+00 2.645124e+00 1.685714e+01
      vertex   2.292013e+00 2.645124e+00 3.071429e+01
      vertex   2.751186e+00 2.163556e+00 1.685714e+01
    endloop
  endfacet
  facet normal 7.237340e-01 6.900790e-01 -0.000000e+00
    outer loop
      vertex   2.751186e+00 2.163556e+00 1.685714e+01
      vertex   2.292013e+00 2.645124e+00 3.071429e+01
      vertex   2.751186e+00 2.163556e+00 3.071429e+01
    endloop
  endfacet
  facet normal 8.412535e-01 5.406408e-01 -0.000000e+00
    outer loop
      vertex   2.751186e+00 2.163556e+00 1.685714e+01
      vertex   2.751186e+00 2.163556e+00 3.071429e+01
      vertex   3.110924e+00 1.603793e+00 1.685714e+01
    endloop
  endfacet
  facet normal 8.412535e-01 5.406408e-01 -0.000000e+00
    outer loop
      vertex   3.110924e+00 1.603793e+00 1.685714e+01
      vertex   2.751186e+00 2.163556e+00 3.071429e+01
      vertex   3.110924e+00 1.603793e+00 3.071429e+01
    endloop
  endfacet
  facet normal 9.283679e-01 3.716625e-01 -0.000000e+00
    outer loop
      vertex   3.110924e+00 1.603793e+00 1.685714e+01
      vertex   3.110924e+00 1.603793e+00 3.071429e+01
      vertex   3.358225e+00 9.860639e-01 1.685714e+01
    endloop
  endfacet
  facet normal 9.283679e-01 3.716625e-01 -0.000000e+00
    outer loop
      vertex   3.358225e+00 9.860639e-01 1.685714e+01
      vertex   3.110924e+00 1.603793e+00 3.071429e+01
      vertex   3.358225e+00 9.860639e-01 3.071429e+01
    endloop
  endfacet
  facet normal 9.819287e-01 1.892512e-01 -0.000000e+00
    outer loop
      vertex   3.358225e+00 9.860639e-01 1.685714e+01
      vertex   3.358225e+00 9.860639e-01 3.071429e+01
      vertex   3.484152e+00 3.326962e-01 1.685714e+01
    endloop
  endfacet
  facet normal 9.819287e-01 1.892512e-01 -0.000000e+00
    outer loop
      vertex   3.484152e+00 3.326962e-01 1.685714e+01
      vertex   3.358225e+00 9.860639e-01 3.071429e+01
      vertex   3.484152e+00 3.326962e-01 3.071429e+01
    endloop
  endfacet
  facet normal 1.000000e+00 0.000000e+00 -0.000000e+00
    outer loop
      vertex   3.484152e+00 3.326962e-01 1.685714e+01
      vertex   3.484152e+00 3.326962e-01 3.071429e+01
      vertex   3.484152e+00 -3.326962e-01 1.685714e+01
    endloop
  endfacet
  facet normal 1.000000e+00 0.000000e+00 0.000000e+00
    outer loop
      vertex   3.484152e+00 -3.326962e-01 1.685714e+01
      vertex   3.484152e+00 3.326962e-01 3.071429e+01
      vertex   3.484152e+00 -3.326962e-01 3.071429e+01
    endloop
  endfacet
  facet normal 9.819287e-01 -1.892512e-01 0.000000e+00
    outer loop
      vertex   3.484152e+00 -3.326962e-01 1.685714e+01
      vertex   3.484152e+00 -3.326962e-01 3.071429e+01
      vertex   3.358225e+00 -9.860639e-01 1.685714e+01
    endloop
  endfacet
  facet normal 9.819287e-01 -1.892512e-01 0.000000e+00
    outer loop
      vertex   3.358225e+00 -9.860639e-01 1.685714e+01
      vertex   3.484152e+00 -3.326962e-01 3.071429e+01
      vertex   3.358225e+00 -9.860639e-01 3.071429e+01
    endloop
  endfacet
  facet normal 9.283679e-01 -3.716625e-01 0.000000e+00
    outer loop
      vertex   3.358225e+00 -9.860639e-01 1.685714e+01
      vertex   3.358225e+00 -9.860639e-01 3.071429e+01
      vertex   3.110924e+00 -1.603793e+00 1.685714e+01
    endloop
  endfacet
  facet normal 9.283679e-01 -3.716625e-01 0.000000e+00
    outer loop
      vertex   3.110924e+00 -1.603793e+00 1.685714e+01
      vertex   3.358225e+00 -9.860639e-01 3.071429e+01
      vertex   3.110924e+00 -1.603793e+00 3.071429e+01
    endloop
  endfacet
  facet normal 8.412535e-01 -5.406408e-01 0.000000e+00
    outer loop
      vertex   3.110924e+00 -1.603793e+00 1.685714e+01
      vertex   3.110924e+00 -1.603793e+00 3.071429e+01
      vertex   2.751186e+00 -2.163556e+00 1.685714e+01
    endloop
  endfacet
  facet normal 8.412535e-01 -5.406408e-01 0.000000e+00
    outer loop
      vertex   2.751186e+00 -2.163556e+00 1.685714e+01
      vertex   3.110924e+00 -1.603793e+00 3.071429e+01
      vertex   2.751186e+00 -2.163556e+00 3.071429e+01
    endloop
  endfacet
  facet normal 7.237340e-01 -6.900790e-01 0.000000e+00
    outer loop
      vertex   2.751186e+00 -2.163556e+00 1.685714e+01
      vertex   2.751186e+00 -2.163556e+00 3.071429e+01
      vertex   2.292013e+00 -2.645124e+00 1.685714e+01
    endloop
  endfacet
  facet normal 7.237340e-01 -6.900790e-01 0.000000e+00
    outer loop
      vertex   2.292013e+00 -2.645124e+00 1.685714e+01
      vertex   2.751186e+00 -2.163556e+00 3.071429e+01
      vertex   2.292013e+00 -2.645124e+00 3.071429e+01
    endloop
  endfacet
  facet normal 5.800569e-01 -8.145760e-01 0.000000e+00
    outer loop
      vertex   2.292013e+00 -2.645124e+00 1.685714e+01
      vertex   2.292013e+00 -2.645124e+00 3.071429e+01
      vertex   1.750000e+00 -3.031089e+00 1.685714e+01
    endloop
  endfacet
  facet normal 5.800569e-01 -8.145760e-01 0.000000e+00
    outer loop
      vertex   1.750000e+00 -3.031089e+00 1.685714e+01
      vertex   2.292013e+00 -2.645124e+00 3.071429e+01
      vertex   1.750000e+00 -3.031089e+00 3.071429e+01
    endloop
  endfacet
  facet normal 4.154150e-01 -9.096320e-01 0.000000e+00
    outer loop
      vertex   1.750000e+00 -3.031089e+00 1.685714e+01
      vertex   1.750000e+00 -3.031089e+00 3.071429e+01
      vertex   1.144738e+00 -3.307503e+00 1.685714e+01
    endloop
  endfacet
  facet normal 4.154150e-01 -9.096320e-01 0.000000e+00
    outer loop
      vertex   1.144738e+00 -3.307503e+00 1.685714e+01
      vertex   1.750000e+00 -3.031089e+00 3.071429e+01
      vertex   1.144738e+00 -3.307503e+00 3.071429e+01
    endloop
  endfacet
  facet normal 2.357589e-01 -9.718116e-01 0.000000e+00
    outer loop
      vertex   1.144738e+00 -3.307503e+00 1.685714e+01
      vertex   1.144738e+00 -3.307503e+00 3.071429e+01
      vertex   4.981019e-01 -3.464375e+00 1.685714e+01
    endloop
  endfacet
  facet normal 2.357589e-01 -9.718116e-01 0.000000e+00
    outer loop
      vertex   4.981019e-01 -3.464375e+00 1.685714e+01
      vertex   1.144738e+00 -3.307503e+00 3.071429e+01
      vertex   4.981019e-01 -3.464375e+00 3.071429e+01
    endloop
  endfacet
  facet normal 4.758192e-02 -9.988673e-01 0.000000e+00
    outer loop
      vertex   4.981019e-01 -3.464375e+00 1.685714e+01
      vertex   4.981019e-01 -3.464375e+00 3.071429e+01
      vertex   -1.665367e-01 -3.496036e+00 1.685714e+01
    endloop
  endfacet
  facet normal 4.758192e-02 -9.988673e-01 0.000000e+00
    outer loop
      vertex   -1.665367e-01 -3.496036e+00 1.685714e+01
      vertex   4.981019e-01 -3.464375e+00 3.071429e+01
      vertex   -1.665367e-01 -3.496036e+00 3.071429e+01
    endloop
  endfacet
  facet normal -1.423148e-01 -9.898214e-01 0.000000e+00
    outer loop
      vertex   -1.665367e-01 -3.496036e+00 1.685714e+01
      vertex   -1.665367e-01 -3.496036e+00 3.071429e+01
      vertex   -8.251563e-01 -3.401340e+00 1.685714e+01
    endloop
  endfacet
  facet normal -1.423148e-01 -9.898214e-01 0.000000e+00
    outer loop
      vertex   -8.251563e-01 -3.401340e+00 1.685714e+01
      vertex   -1.665367e-01 -3.496036e+00 3.071429e+01
      vertex   -8.251563e-01 -3.401340e+00 3.071429e+01
    endloop
  endfacet
  facet normal -3.270680e-01 -9.450008e-01 0.000000e+00
    outer loop
      vertex   -8.251563e-01 -3.401340e+00 1.685714e+01
      vertex   -8.251563e-01 -3.401340e+00 3.071429e+01
      vertex   -1.453953e+00 -3.183712e+00 1.685714e+01
    endloop
  endfacet
  facet normal -3.270680e-01 -9.450008e-01 0.000000e+00
    outer loop
      vertex   -1.453953e+00 -3.183712e+00 1.685714e+01
      vertex   -8.251563e-01 -3.401340e+00 3.071429e+01
      vertex   -1.453953e+00 -3.183712e+00 3.071429e+01
    endloop
  endfacet
  facet normal -5.000000e-01 -8.660254e-01 0.000000e+00
    outer loop
      vertex   -1.453953e+00 -3.183712e+00 1.685714e+01
      vertex   -1.453953e+00 -3.183712e+00 3.071429e+01
      vertex   -2.030199e+00 -2.851016e+00 1.685714e+01
    endloop
  endfacet
  facet normal -5.000000e-01 -8.660254e-01 0.000000e+00
    outer loop
      vertex   -2.030199e+00 -2.851016e+00 1.685714e+01
      vertex   -1.453953e+00 -3.183712e+00 3.071429e+01
      vertex   -2.030199e+00 -2.851016e+00 3.071429e+01
    endloop
  endfacet
  facet normal -6.548607e-01 -7.557496e-01 0.000000e+00
    outer loop
      vertex   -2.030199e+00 -2.851016e+00 1.685714e+01
      vertex   -2.030199e+00 -2.851016e+00 3.071429e+01
      vertex   -2.533069e+00 -2.415277e+00 1.685714e+01
    endloop
  endfacet
  facet normal -6.548607e-01 -7.557496e-01 0.000000e+00
    outer loop
      vertex   -2.533069e+00 -2.415277e+00 1.685714e+01
      vertex   -2.030199e+00 -2.851016e+00 3.071429e+01
      vertex   -2.533069e+00 -2.415277e+00 3.071429e+01
    endloop
  endfacet
  facet normal -7.860531e-01 -6.181590e-01 0.000000e+00
    outer loop
      vertex   -2.533069e+00 -2.415277e+00 1.685714e+01
      vertex   -2.533069e+00 -2.415277e+00 3.071429e+01
      vertex   -2.944387e+00 -1.892243e+00 1.685714e+01
    endloop
  endfacet
  facet normal -7.860531e-01 -6.181590e-01 0.000000e+00
    outer loop
      vertex   -2.944387e+00 -1.892243e+00 1.685714e+01
      vertex   -2.533069e+00 -2.415277e+00 3.071429e+01
      vertex   -2.944387e+00 -1.892243e+00 3.071429e+01
    endloop
  endfacet
  facet normal -8.888354e-01 -4.582265e-01 0.000000e+00
    outer loop
      vertex   -2.944387e+00 -1.892243e+00 1.685714e+01
      vertex   -2.944387e+00 -1.892243e+00 3.071429e+01
      vertex   -3.249288e+00 -1.300819e+00 1.685714e+01
    endloop
  endfacet
  facet normal -8.888354e-01 -4.582265e-01 0.000000e+00
    outer loop
      vertex   -3.249288e+00 -1.300819e+00 1.685714e+01
      vertex   -2.944387e+00 -1.892243e+00 3.071429e+01
      vertex   -3.249288e+00 -1.300819e+00 3.071429e+01
    endloop
  endfacet
  facet normal -9.594930e-01 -2.817326e-01 0.000000e+00
    outer loop
      vertex   -3.249288e+00 -1.300819e+00 1.685714e+01
      vertex   -3.249288e+00 -1.300819e+00 3.071429e+01
      vertex   -3.436750e+00 -6.623794e-01 1.685714e+01
    endloop
  endfacet
  facet normal -9.594930e-01 -2.817326e-01 0.000000e+00
    outer loop
      vertex   -3.436750e+00 -6.623794e-01 1.685714e+01
      vertex   -3.249288e+00 -1.300819e+00 3.071429e+01
      vertex   -3.436750e+00 -6.623794e-01 3.071429e+01
    endloop
  endfacet
  facet normal -9.954719e-01 -9.505604e-02 0.000000e+00
    outer loop
      vertex   -3.436750e+00 -6.623794e-01 1.685714e+01
      vertex   -3.436750e+00 -6.623794e-01 3.071429e+01
      vertex   -3.500000e+00 4.286264e-16 1.685714e+01
    endloop
  endfacet
  facet normal -9.954719e-01 -9.505604e-02 0.000000e+00
    outer loop
      vertex   -3.500000e+00 4.286264e-16 1.685714e+01
      vertex   -3.436750e+00 -6.623794e-01 3.071429e+01
      vertex   -3.500000e+00 4.286264e-16 3.071429e+01
    endloop
  endfacet
  facet normal -9.954719e-01 9.505604e-02 0.000000e+00
    outer loop
      vertex   -3.500000e+00 4.286264e-16 3.071429e+01
      vertex   -3.500000e+00 4.286264e-16 4.457143e+01
      vertex   -3.436750e+00 6.623794e-01 3.071429e+01
    endloop
  endfacet
  facet normal -9.954719e-01 9.505604e-02 0.000000e+00
    outer loop
      vertex   -3.436750e+00 6.623794e-01 3.071429e+01
      vertex   -3.500000e+00 4.286264e-16 4.457143e+01
      vertex   -3.436750e+00 6.623794e-01 4.457143e+01
    endloop
  endfacet
  facet normal -9.594930e-01 2.817326e-01 0.000000e+00
    outer loop
      vertex   -3.436750e+00 6.623794e-01 3.071429e+01
      vertex   -3.436750e+00 6.623794e-01 4.457143e+01
      vertex   -3.249288e+00 1.300819e+00 3.071429e+01
    endloop
  endfacet
  facet normal -9.594930e-01 2.817326e-01 0.000000e+00
    outer loop
      vertex   -3.249288e+00 1.300819e+00 3.071429e+01
      vertex   -3.436750e+00 6.623794e-01 4.457143e+01
      vertex   -3.249288e+00 1.300819e+00 4.457143e+01
    endloop
  endfacet
  facet normal -8.888354e-01 4.582265e-01 0.000000e+00
    outer loop
      vertex   -3.249288e+00 1.300819e+00 3.071429e+01
      vertex   -3.249288e+00 1.300819e+00 4.457143e+01
      vertex   -2.944387e+00 1.892243e+00 3.071429e+01
    endloop
  endfacet
  facet normal -8.888354e-01 4.582265e-01 0.000000e+00
    outer loop
      vertex   -2.944387e+00 1.892243e+00 3.071429e+01
      vertex   -3.249288e+00 1.300819e+00 4.457143e+01
      vertex   -2.944387e+00 1.892243e+00 4.457143e+01
    endloop
  endfacet
  facet normal -7.860531e-01 6.181590e-01 0.000000e+00
    outer loop
      vertex   -2.944387e+00 1.892243e+00 3.071429e+01
      vertex   -2.944387e+00 1.892243e+00 4.457143e+01
      vertex   -2.533069e+00 2.415277e+00 3.071429e+01
    endloop
  endfacet
  facet normal -7.860531e-01 6.181590e-01 0.000000e+00
    outer loop
      vertex   -2.533069e+00 2.415277e+00 3.071429e+01
      vertex   -2.944387e+00 1.892243e+00 4.457143e+01
      vertex   -2.533069e+00 2.415277e+00 4.457143e+01
    endloop
  endfacet
  facet normal -6.548607e-01 7.557496e-01 0.000000e+00
    outer loop
      vertex   -2.533069e+00 2.415277e+00 3.071429e+01
      vertex   -2.533069e+00 2.415277e+00 4.457143e+01
      vertex   -2.030199e+00 2.851016e+00 3.071429e+01
    endloop
  endfacet
  facet normal -6.548607e-01 7.557496e-01 0.000000e+00
    outer loop
      vertex   -2.030199e+00 2.851016e+00 3.071429e+01
      vertex   -2.533069e+00 2.415277e+00 4.457143e+01
      vertex   -2.030199e+00 2.851016e+00 4.457143e+01
    endloop
  endfacet
  facet normal -5.000000e-01 8.660254e-01 0.000000e+00
    outer loop
      vertex   -2.030199e+00 2.851016e+00 3.071429e+01
      vertex   -2.030199e+00 2.851016e+00 4.457143e+01
      vertex   -1.453953e+00 3.183712e+00 3.071429e+01
    endloop
  endfacet
  facet normal -5.000000e-01 8.660254e-01 0.000000e+00
    outer loop
      vertex   -1.453953e+00 3.183712e+00 3.071429e+01
      vertex   -2.030199e+00 2.851016e+00 4.457143e+01
      vertex   -1.453953e+00 3.183712e+00 4.457143e+01
    endloop
  endfacet
  facet normal -3.270680e-01 9.450008e-01 0.000000e+00
    outer loop
      vertex   -1.453953e+00 3.183712e+00 3.071429e+01
      vertex   -1.453953e+00 3.183712e+00 4.457143e+01
      vertex   -8.251563e-01 3.401340e+00 3.071429e+01
    endloop
  endfacet
  facet normal -3.270680e-01 9.450008e-01 0.000000e+00
    outer loop
      vertex   -8.251563e-01 3.401340e+00 3.071429e+01
      vertex   -1.453953e+00 3.183712e+00 4.457143e+01
      vertex   -8.251563e-01 3.401340e+00 4.457143e+01
    endloop
  endfacet
  facet normal -1.423148e-01 9.898214e-01 0.000000e+00
    outer loop
      vertex   -8.251563e-01 3.401340e+00 3.071429e+01
      vertex   -8.251563e-01 3.401340e+00 4.457143e+01
      vertex   -1.665367e-01 3.496036e+00 3.071429e+01
    endloop
  endfacet
  facet normal -1.423148e-01 9.898214e-01 0.000000e+00
    outer loop
      vertex   -1.665367e-01 3.496036e+00 3.071429e+01
      vertex   -8.251563e-01 3.401340e+00 4.457143e+01
      vertex   -1.665367e-01 3.496036e+00 4.457143e+01
    endloop
  endfacet
  facet normal 4.758192e-02 9.988673e-01 -0.000000e+00
    outer loop
      vertex   -1.665367e-01 3.496036e+00 3.071429e+01
      vertex   -1.665367e-01 3.496036e+00 4.457143e+01
      vertex   4.981019e-01 3.464375e+00 3.071429e+01
    endloop
  endfacet
  facet normal 4.758192e-02 9.988673e-01 -0.000000e+00
    outer loop
      vertex   4.981019e-01 3.464375e+00 3.071429e+01
      vertex   -1.665367e-01 3.496036e+00 4.457143e+01
      vertex   4.981019e-01 3.464375e+00 4.457143e+01
    endloop
  endfacet
  facet normal 2.357589e-01 9.718116e-01 -0.000000e+00
    outer loop
      vertex   4.981019e-01 3.464375e+00 3.071429e+01
      vertex   4.981019e-01 3.464375e+00 4.457143e+01
      vertex   1.144738e+00 3.307503e+00 3.071429e+01
    endloop
  endfacet
  facet normal 2.357589e-01 9.718116e-01 -0.000000e+00
    outer loop
      vertex   1.144738e+00 3.307503e+00 3.071429e+01
      vertex   4.981019e-01 3.464375e+00 4.457143e+01
      vertex   1.144738e+00 3.307503e+00 4.457143e+01
    endloop
  endfacet
  facet normal 4.154150e-01 9.096320e-01 -0.000000e+00
    outer loop
      vertex   1.144738e+00 3.307503e+00 3.071429e+01
      vertex   1.144738e+00 3.307503e+00 4.457143e+01
      vertex   1.750000e+00 3.031089e+00 3.071429e+01
    endloop
  endfacet
  facet normal 4.154150e-01 9.096320e-01 -0.000000e+00
    outer loop
      vertex   1.750000e+00 3.031089e+00 3.071429e+01
      vertex   1.144738e+00 3.307503e+00 4.457143e+01
      vertex   1.750000e+00 3.031089e+00 4.457143e+01
    endloop
  endfacet
  facet normal 5.800569e-01 8.145760e-01 -0.000000e+00
    outer loop
      vertex   1.750000e+00 3.031089e+00 3.071429e+01
      vertex   1.750000e+00 3.031089e+00 4.457143e+01
      vertex   2.292013e+00 2.645124e+00 3.071429e+01
    endloop
  endfacet
  facet normal 5.800569e-01 8.145760e-01 -0.000000e+00
    outer loop
      vertex   2.292013e+00 2.645124e+00 3.071429e+01
      vertex   1.750000e+00 3.031089e+00 4.457143e+01
      vertex   2.292013e+00 2.645124e+00 4.457143e+01
    endloop
  endfacet
  facet normal 7.237340e-01 6.900790e-01 -0.000000e+00
    outer loop
      vertex   2.292013e+00 2.645124e+00 3.071429e+01
      vertex   2.292013e+00 2.645124e+00 4.457143e+01
      vertex   2.751186e+00 2.163556e+00 3.071429e+01
    endloop
  endfacet
  facet normal 7.237340e-01 6.900790e-01 -0.000000e+00
    outer loop
      vertex   2.751186e+00 2.163556e+00 3.071429e+01
      vertex   2.292013e+00 2.645124e+00 4.457143e+01
      vertex   2.751186e+00 2.163556e+00 4.457143e+01
    endloop
  endfacet
  facet normal 8.412535e-01 5.406408e-01 -0.000000e+00
    outer loop
      vertex   2.751186e+00 2.163556e+00 3.071429e+01
      vertex   2.751186e+00 2.163556e+00 4.457143e+01
      vertex   3.110924e+00 1.603793e+00 3.071429e+01
    endloop
  endfacet
  facet normal 8.412535e-01 5.406408e-01 -0.000000e+00
    outer loop
      vertex   3.110924e+00 1.603793e+00 3.071429e+01
      vertex   2.751186e+00 2.163556e+00 4.457143e+01
      vertex   3.110924e+00 1.603793e+00 4.457143e+01
    endloop
  endfacet
  facet normal 9.283679e-01 3.716625e-01 -0.000000e+00
    outer loop
      vertex   3.110924e+00 1.603793e+00 3.071429e+01
      vertex   3.110924e+00 1.603793e+00 4.457143e+01
      vertex   3.358225e+00 9.860639e-01 3.071429e+01
    endloop
  endfacet
  facet normal 9.283679e-01 3.716625e-01 -0.000000e+00
    outer loop
      vertex   3.358225e+00 9.860639e-01 3.071429e+01
      vertex   3.110924e+00 1.603793e+00 4.457143e+01
      vertex   3.358225e+00 9.860639e-01 4.457143e+01
    endloop
  endfacet
  facet normal 9.819287e-01 1.892512e-01 -0.000000e+00
    outer loop
      vertex   3.358225e+00 9.860639e-01 3.071429e+01
      vertex   3.358225e+00 9.860639e-01 4.457143e+01
      vertex   3.484152e+00 3.326962e-01 3.071429e+01
    endloop
  endfacet
  facet normal 9.819287e-01 1.892512e-01 -0.000000e+00
    outer loop
      vertex   3.484152e+00 3.326962e-01 3.071429e+01
      vertex   3.358225e+00 9.860639e-01 4.457143e+01
      vertex   3.484152e+00 3.326962e-01 4.457143e+01
    endloop
  endfacet
  facet normal 1.000000e+00 0.000000e+00 -0.000000e+00
    outer loop
      vertex   3.484152e+00 3.326962e-01 3.071429e+01
      vertex   3.484152e+00 3.326962e-01 4.457143e+01
      vertex   3.484152e+00 -3.326962e-01 3.071429e+01
    endloop
  endfacet
  facet normal 1.000000e+00 0.000000e+00 0.000000e+00
    outer loop
      vertex   3.484152e+00 -3.326962e-01 3.071429e+01
      vertex   3.484152e+00 3.326962e-01 4.457143e+01
      vertex   3.484152e+00 -3.326962e-01 4.457143e+01
    endloop
  endfacet
  facet normal 9.819287e-01 -1.892512e-01 0.000000e+00
    outer loop
      vertex   3.484152e+00 -3.326962e-01 3.071429e+01
      vertex   3.484152e+00 -3.326962e-01 4.457143e+01
      vertex   3.358225e+00 -9.860639e-01 3.071429e+01
    endloop
  endfacet
  facet normal 9.819287e-01 -1.892512e-01 0.000000e+00
    outer loop
      vertex   3.358225e+00 -9.860639e-01 3.071429e+01
      vertex   3.484152e+00 -3.326962e-01 4.457143e+01
      vertex   3.358225e+00 -9.860639e-01 4.457143e+01
    endloop
  endfacet
  facet normal 9.283679e-01 -3.716625e-01 0.000000e+00
    outer loop
      vertex   3.358225e+00 -9.860639e-01 3.071429e+01
      vertex   3.358225e+00 -9.860639e-01 4.457143e+01
      vertex   3.110924e+00 -1.603793e+00 3.071429e+01
    endloop
  endfacet
  facet normal 9.283679e-01 -3.716625e-01 0.000000e+00
    outer loop
      vertex   3.110924e+00 -1.603793e+00 3.071429e+01
      vertex   3.358225e+00 -9.860639e-01 4.457143e+01
      vertex   3.110924e+00 -1.603793e+00 4.457143e+01
    endloop
  endfacet
  facet normal 8.412535e-01 -5.406408e-01 0.000000e+00
    outer loop
      vertex   3.110924e+00 -1.603793e+00 3.071429e+01
      vertex   3.110924e+00 -1.603793e+00 4.457143e+01
      vertex   2.751186e+00 -2.163556e+00 3.071429e+01
    endloop
  endfacet
  facet normal 8.412535e-01 -5.406408e-01 0.000000e+00
    outer loop
      vertex   2.751186e+00 -2.163556e+00 3.071429e+01
      vertex   3.110924e+00 -1.603793e+00 4.457143e+01
      vertex   2.751186e+00 -2.163556e+00 4.457143e+01
    endloop
  endfacet
  facet normal 7.237340e-01 -6.900790e-01 0.000000e+00
    outer loop
      vertex   2.751186e+00 -2.163556e+00 3.071429e+01
      vertex   2.751186e+00 -2.163556e+00 4.457143e+01
      vertex   2.292013e+00 -2.645124e+00 3.071429e+01
    endloop
  endfacet
  facet normal 7.237340e-01 -6.900790e-01 0.000000e+00
    outer loop
      vertex   2.292013e+00 -2.645124e+00 3.071429e+01
      vertex   2.751186e+00 -2.163556e+00 4.457143e+01
      vertex   2.292013e+00 -2.645124e+00 4.457143e+01
    endloop
  endfacet
  facet normal 5.800569e-01 -8.145760e-01 0.000000e+00
    outer loop
      vertex   2.292013e+00 -2.645124e+00 3.071429e+01
      vertex   2.292013e+00 -2.645124e+00 4.457143e+01
      vertex   1.750000e+00 -3.031089e+00 3.071429e+01
    endloop
  endfacet
  facet normal 5.800569e-01 -8.145760e-01 0.000000e+00
    outer loop
      vertex   1.750000e+00 -3.031089e+00 3.071429e+01
      vertex   2.292013e+00 -2.645124e+00 4.457143e+01
      vertex   1.750000e+00 -3.031089e+00 4.457143e+01
    endloop
  endfacet
  facet normal 4.154150e-01 -9.096320e-01 0.000000e+00
    outer loop
      vertex   1.750000e+00 -3.031089e+00 3.071429e+01
      vertex   1.750000e+00 -3.031089e+00 4.457143e+01
      vertex   1.144738e+00 -3.307503e+00 3.071429e+01
    endloop
  endfacet
  facet normal 4.154150e-01 -9.096320e-01 0.000000e+00
    outer loop
      vertex   1.144738e+00 -3.307503e+00 3.071429e+01
      vertex   1.750000e+00 -3.031089e+00 4.457143e+01
      vertex   1.144738e+00 -3.307503e+00 4.457143e+01
    endloop
  endfacet
  facet normal 2.357589e-01 -9.718116e-01 0.000000e+00
    outer loop
      vertex   1.144738e+00 -3.307503e+00 3.071429e+01
      vertex   1.144738e+00 -3.307503e+00 4.457143e+01
      vertex   4.981019e-01 -3.464375e+00 3.071429e+01
    endloop
  endfacet
  facet normal 2.357589e-01 -9.718116e-01 0.000000e+00
    outer loop
      vertex   4.981019e-01 -3.464375e+00 3.071429e+01
      vertex   1.144738e+00 -3.307503e+00 4.457143e+01
      vertex   4.981019e-01 -3.464375e+00 4.457143e+01
    endloop
  endfacet
  facet normal 4.758192e-02 -9.988673e-01 0.000000e+00
    outer loop
      vertex   4.981019e-01 -3.464375e+00 3.071429e+01
      vertex   4.981019e-01 -3.464375e+00 4.457143e+01
      vertex   -1.665367e-01 -3.496036e+00 3.071429e+01
    endloop
  endfacet
  facet normal 4.758192e-02 -9.988673e-01 0.000000e+00
    outer loop
      vertex   -1.665367e-01 -3.496036e+00 3.071429e+01
      vertex   4.981019e-01 -3.464375e+00 4.457143e+01
      vertex   -1.665367e-01 -3.496036e+00 4.457143e+01
    endloop
  endfacet
  facet normal -1.423148e-01 -9.898214e-01 0.000000e+00
    outer loop
      vertex   -1.665367e-01 -3.496036e+00 3.071429e+01
      vertex   -1.665367e-01 -3.496036e+00 4.457143e+01
      vertex   -8.251563e-01 -3.401340e+00 3.071429e+01
    endloop
  endfacet
  facet normal -1.423148e-01 -9.898214e-01 0.000000e+00
    outer loop
      vertex   -8.251563e-01 -3.401340e+00 3.071429e+01
      vertex   -1.665367e-01 -3.496036e+00 4.457143e+01
      vertex   -8.251563e-01 -3.401340e+00 4.457143e+01
    endloop
  endfacet
  facet normal -3.270680e-01 -9.450008e-01 0.000000e+00
    outer loop
      vertex   -8.251563e-01 -3.401340e+00 3.071429e+01
      vertex   -8.251563e-01 -3.401340e+00 4.457143e+01
      vertex   -1.453953e+00 -3.183712e+00 3.071429e+01
    endloop
  endfacet
  facet normal -3.270680e-01 -9.450008e-01 0.000000e+00
    outer loop
      vertex   -1.453953e+00 -3.183712e+00 3.071429e+01
      vertex   -8.251563e-01 -3.401340e+00 4.457143e+01
      vertex   -1.453953e+00 -3.183712e+00 4.457143e+01
    endloop
  endfacet
  facet normal -5.000000e-01 -8.660254e-01 0.000000e+00
    outer loop
      vertex   -1.453953e+00 -3.183712e+00 3.071429e+01
      vertex   -1.453953e+00 -3.183712e+00 4.457143e+01
      vertex   -2.030199e+00 -2.851016e+00 3.071429e+01
    endloop
  endfacet
  facet normal -5.000000e-01 -8.660254e-01 0.000000e+00
    outer loop
      vertex   -2.030199e+00 -2.851016e+00 3.071429e+01
      vertex   -1.453953e+00 -3.183712e+00 4.457143e+01
      vertex   -2.030199e+00 -2.851016e+00 4.457143e+01
    endloop
  endfacet
  facet normal -6.548607e-01 -7.557496e-01 0.000000e+00
    outer loop
      vertex   -2.030199e+00 -2.851016e+00 3.071429e+01
      vertex   -2.030199e+00 -2.851016e+00 4.457143e+01
      vertex   -2.533069e+00 -2.415277e+00 3.071429e+01
    endloop
  endfacet
  facet normal -6.548607e-01 -7.557496e-01 0.000000e+00
    outer loop
      vertex   -2.533069e+00 -2.415277e+00 3.071429e+01
      vertex   -2.030199e+00 -2.851016e+00 4.457143e+01
      vertex   -2.533069e+00 -2.415277e+00 4.457143e+01
    endloop
  endfacet
  facet normal -7.860531e-01 -6.181590e-01 0.000000e+00
    outer loop
      vertex   -2.533069e+00 -2.415277e+00 3.071429e+01
      vertex   -2.533069e+00 -2.415277e+00 4.457143e+01
      vertex   -2.944387e+00 -1.892243e+00 3.071429e+01
    endloop
  endfacet
  facet normal -7.860531e-01 -6.181590e-01 0.000000e+00
    outer loop
      vertex   -2.944387e+00 -1.892243e+00 3.071429e+01
      vertex   -2.533069e+00 -2.415277e+00 4.457143e+01
      vertex   -2.944387e+00 -1.892243e+00 4.457143e+01
    endloop
  endfacet
  facet normal -8.888354e-01 -4.582265e-01 0.000000e+00
    outer loop
      vertex   -2.944387e+00 -1.892243e+00 3.071429e+01
      vertex   -2.944387e+00 -1.892243e+00 4.457143e+01
      vertex   -3.249288e+00 -1.300819e+00 3.071429e+01
    endloop
  endfacet
  facet normal -8.888354e-01 -4.582265e-01 0.000000e+00
    outer loop
      vertex   -3.249288e+00 -1.300819e+00 3.071429e+01
      vertex   -2.944387e+00 -1.892243e+00 4.457143e+01
      vertex   -3.249288e+00 -1.300819e+00 4.457143e+01
    endloop
  endfacet
  facet normal -9.594930e-01 -2.817326e-01 0.000000e+00
    outer loop
      vertex   -3.249288e+00 -1.300819e+00 3.071429e+01
      vertex   -3.249288e+00 -1.300819e+00 4.457143e+01
      vertex   -3.436750e+00 -6.623794e-01 3.071429e+01
    endloop
  endfacet
  facet normal -9.594930e-01 -2.817326e-01 0.000000e+00
    outer loop
      vertex   -3.436750e+00 -6.623794e-01 3.071429e+01
      vertex   -3.249288e+00 -1.300819e+00 4.457143e+01
      vertex   -3.436750e+00 -6.623794e-01 4.457143e+01
    endloop
  endfacet
  facet normal -9.954719e-01 -9.505604e-02 0.000000e+00
    outer loop
      vertex   -3.436750e+00 -6.623794e-01 3.071429e+01
      vertex   -3.436750e+00 -6.623794e-01 4.457143e+01
      vertex   -3.500000e+00 4.286264e-16 3.071429e+01
    endloop
  endfacet
  facet normal -9.954719e-01 -9.505604e-02 0.000000e+00
    outer loop
      vertex   -3.500000e+00 4.286264e-16 3.071429e+01
      vertex   -3.436750e+00 -6.623794e-01 4.457143e+01
      vertex   -3.500000e+00 4.286264e-16 4.457143e+01
    endloop
  endfacet
  facet normal -9.954719e-01 9.505604e-02 0.000000e+00
    outer loop
      vertex   -3.500000e+00 4.286264e-16 4.457143e+01
      vertex   -3.500000e+00 4.286264e-16 5.842857e+01
      vertex   -3.436750e+00 6.623794e-01 4.457143e+01
    endloop
  endfacet
  facet normal -9.954719e-01 9.505604e-02 0.000000e+00
    outer loop
      vertex   -3.436750e+00 6.623794e-01 4.457143e+01
      vertex   -3.500000e+00 4.286264e-16 5.842857e+01
      vertex   -3.436750e+00 6.623794e-01 5.842857e+01
    endloop
  endfacet
  facet normal -9.594930e-01 2.817326e-01 0.000000e+00
    outer loop
      vertex   -3.436750e+00 6.623794e-01 4.457143e+01
      vertex   -3.436750e+00 6.623794e-01 5.842857e+01
      vertex   -3.249288e+00 1.300819e+00 4.457143e+01
    endloop
  endfacet
  facet normal -9.594930e-01 2.817326e-01 0.000000e+00
    outer loop
      vertex   -3.249288e+00 1.300819e+00 4.457143e+01
      vertex   -3.436750e+00 6.623794e-01 5.842857e+01
      vertex   -3.249288e+00 1.300819e+00 5.842857e+01
    endloop
  endfacet
  facet normal -8.888354e-01 4.582265e-01 0.000000e+00
    outer loop
      vertex   -3.249288e+00 1.300819e+00 4.457143e+01
      vertex   -3.249288e+00 1.300819e+00 5.842857e+01
      vertex   -2.944387e+00 1.892243e+00 4.457143e+01
    endloop
  endfacet
  facet normal -8.888354e-01 4.582265e-01 0.000000e+00
    outer loop
      vertex   -2.944387e+00 1.892243e+00 4.457143e+01
      vertex   -3.249288e+00 1.300819e+00 5.842857e+01
      vertex   -2.944387e+00 1.892243e+00 5.842857e+01
    endloop
  endfacet
  facet normal -7.860531e-01 6.181590e-01 0.000000e+00
    outer loop
      vertex   -2.944387e+00 1.892243e+00 4.457143e+01
      vertex   -2.944387e+00 1.892243e+00 5.842857e+01
      vertex   -2.533069e+00 2.415277e+00 4.457143e+01
    endloop
  endfacet
  facet normal -7.860531e-01 6.181590e-01 0.000000e+00
    outer loop
      vertex   -2.533069e+00 2.415277e+00 4.457143e+01
      vertex   -2.944387e+00 1.892243e+00 5.842857e+01
      vertex   -2.533069e+00 2.415277e+00 5.842857e+01
    endloop
  endfacet
  facet normal -6.548607e-01 7.557496e-01 0.000000e+00
    outer loop
      vertex   -2.533069e+00 2.415277e+00 4.457143e+01
      vertex   -2.533069e+00 2.415277e+00 5.842857e+01
      vertex   -2.030199e+00 2.851016e+00 4.457143e+01
    endloop
  endfacet
  facet normal -6.548607e-01 7.557496e-01 0.000000e+00
    outer loop
      vertex   -2.030199e+00 2.851016e+00 4.457143e+01
      vertex   -2.533069e+00 2.415277e+00 5.842857e+01
      vertex   -2.030199e+00 2.851016e+00 5.842857e+01
    endloop
  endfacet
  facet normal -5.000000e-01 8.660254e-01 0.000000e+00
    outer loop
      vertex   -2.030199e+00 2.851016e+00 4.457143e+01
      vertex   -2.030199e+00 2.851016e+00 5.842857e+01
      vertex   -1.453953e+00 3.183712e+00 4.457143e+01
    endloop
  endfacet
  facet normal -5.000000e-01 8.660254e-01 0.000000e+00
    outer loop
      vertex   -1.453953e+00 3.183712e+00 4.457143e+01
      vertex   -2.030199e+00 2.851016e+00 5.842857e+01
      vertex   -1.453953e+00 3.183712e+00 5.842857e+01
    endloop
  endfacet
  facet normal -3.270680e-01 9.450008e-01 0.000000e+00
    outer loop
      vertex   -1.453953e+00 3.183712e+00 4.457143e+01
      vertex   -1.453953e+00 3.183712e+00 5.842857e+01
      vertex   -8.251563e-01 3.401340e+00 4.457143e+01
    endloop
  endfacet
  facet normal -3.270680e-01 9.450008e-01 0.000000e+00
    outer loop
      vertex   -8.251563e-01 3.401340e+00 4.457143e+01
      vertex   -1.453953e+00 3.183712e+00 5.842857e+01
      vertex   -8.251563e-01 3.401340e+00 5.842857e+01
    endloop
  endfacet
  facet normal -1.423148e-01 9.898214e-01 0.000000e+00
    outer loop
      vertex   -8.251563e-01 3.401340e+00 4.457143e+01
      vertex   -8.251563e-01 3.401340e+00 5.842857e+01
      vertex   -1.665367e-01 3.496036e+00 4.457143e+01
    endloop
  endfacet
  facet normal -1.423148e-01 9.898214e-01 0.000000e+00
    outer loop
      vertex   -1.665367e-01 3.496036e+00 4.457143e+01
      vertex   -8.251563e-01 3.401340e+00 5.842857e+01
      vertex   -1.665367e-01 3.496036e+00 5.842857e+01
    endloop
  endfacet
  facet normal 4.758192e-02 9.988673e-01 -0.000000e+00
    outer loop
      vertex   -1.665367e-01 3.496036e+00 4.457143e+01
      vertex   -1.665367e-01 3.496036e+00 5.842857e+01
      vertex   4.981019e-01 3.464375e+00 4.457143e+01
    endloop
  endfacet
  facet normal 4.758192e-02 9.988673e-01 -0.000000e+00
    outer loop
      vertex   4.981019e-01 3.464375e+00 4.457143e+01
      vertex   -1.665367e-01 3.496036e+00 5.842857e+01
      vertex   4.981019e-01 3.464375e+00 5.842857e+01
    endloop
  endfacet
  facet normal 2.357589e-01 9.718116e-01 -0.000000e+00
    outer loop
      vertex   4.981019e-01 3.464375e+00 4.457143e+01
      vertex   4.981019e-01 3.464375e+00 5.842857e+01
      vertex   1.144738e+00 3.307503e+00 4.457143e+01
    endloop
  endfacet
  facet normal 2.357589e-01 9.718116e-01 -0.000000e+00
    outer loop
      vertex   1.144738e+00 3.307503e+00 4.457143e+01
      vertex   4.981019e-01 3.464375e+00 5.842857e+01
      vertex   1.144738e+00 3.307503e+00 5.842857e+01
    endloop
  endfacet
  facet normal 4.154150e-01 9.096320e-01 -0.000000e+00
    outer loop
      vertex   1.144738e+00 3.307503e+00 4.457143e+01
      vertex   1.144738e+00 3.307503e+00 5.842857e+01
      vertex   1.750000e+00 3.031089e+00 4.457143e+01
    endloop
  endfacet
  facet normal 4.154150e-01 9.096320e-01 -0.000000e+00
    outer loop
      vertex   1.750000e+00 3.031089e+00 4.457143e+01
      vertex   1.144738e+00 3.307503e+00 5.842857e+01
      vertex   1.750000e+00 3.031089e+00 5.842857e+01
    endloop
  endfacet
  facet normal 5.800569e-01 8.145760e-01 -0.000000e+00
    outer loop
      vertex   1.750000e+00 3.031089e+00 4.457143e+01
      vertex   1.750000e+00 3.031089e+00 5.842857e+01
      vertex   2.292013e+00 2.645124e+00 4.457143e+01
    endloop
  endfacet
  facet normal 5.800569e-01 8.145760e-01 -0.000000e+00
    outer loop
      vertex   2.292013e+00 2.645124e+00 4.457143e+01
      vertex   1.750000e+00 3.031089e+00 5.842857e+01
      vertex   2.292013e+00 2.645124e+00 5.842857e+01
    endloop
  endfacet
  facet normal 7.237340e-01 6.900790e-01 -0.000000e+00
    outer loop
      vertex   2.292013e+00 2.645124e+00 4.457143e+01
      vertex   2.292013e+00 2.645124e+00 5.842857e+01
      vertex   2.751186e+00 2.163556e+00 4.457143e+01
    endloop
  endfacet
  facet normal 7.237340e-01 6.900790e-01 -0.000000e+00
    outer loop
      vertex   2.751186e+00 2.163556e+00 4.457143e+01
      vertex   2.292013e+00 2.645124e+00 5.842857e+01
      vertex   2.751186e+00 2.163556e+00 5.842857e+01
    endloop
  endfacet
  facet normal 8.412535e-01 5.406408e-01 -0.000000e+00
    outer loop
      vertex   2.751186e+00 2.163556e+00 4.457143e+01
      vertex   2.751186e+00 2.163556e+00 5.842857e+01
      vertex   3.110924e+00 1.603793e+00 4.457143e+01
    endloop
  endfacet
  facet normal 8.412535e-01 5.406408e-01 -0.000000e+00
    outer loop
      vertex   3.110924e+00 1.603793e+00 4.457143e+01
      vertex   2.751186e+00 2.163556e+00 5.842857e+01
      vertex   3.110924e+00 1.603793e+00 5.842857e+01
    endloop
  endfacet
  facet normal 9.283679e-01 3.716625e-01 -0.000000e+00
    outer loop
      vertex   3.110924e+00 1.603793e+00 4.457143e+01
      vertex   3.110924e+00 1.603793e+00 5.842857e+01
      vertex   3.358225e+00 9.860639e-01 4.457143e+01
    endloop
  endfacet
  facet normal 9.283679e-01 3.716625e-01 -0.000000e+00
    outer loop
      vertex   3.358225e+00 9.860639e-01 4.457143e+01
      vertex   3.110924e+00 1.603793e+00 5.842857e+01
      vertex   3.358225e+00 9.860639e-01 5.842857e+01
    endloop
  endfacet
  facet normal 9.819287e-01 1.892512e-01 -0.000000e+00
    outer loop
      vertex   3.358225e+00 9.860639e-01 4.457143e+01
      vertex   3.358225e+00 9.860639e-01 5.842857e+01
      vertex   3.484152e+00 3.326962e-01 4.457143e+01
    endloop
  endfacet
  facet normal 9.819287e-01 1.892512e-01 -0.000000e+00
    outer loop
      vertex   3.484152e+00 3.326962e-01 4.457143e+01
      vertex   3.358225e+00 9.860639e-01 5.842857e+01
      vertex   3.484152e+00 3.326962e-01 5.842857e+01
    endloop
  endfacet
  facet normal 1.000000e+00 0.000000e+00 -0.000000e+00
    outer loop
      vertex   3.484152e+00 3.326962e-01 4.457143e+01
      vertex   3.484152e+00 3.326962e-01 5.842857e+01
      vertex   3.484152e+00 -3.326962e-01 4.457143e+01
    endloop
  endfacet
  facet normal 1.000000e+00 0.000000e+00 0.000000e+00
    outer loop
      vertex   3.484152e+00 -3.326962e-01 4.457143e+01
      vertex   3.484152e+00 3.326962e-01 5.842857e+01
      vertex   3.484152e+00 -3.326962e-01 5.842857e+01
    endloop
  endfacet
  facet normal 9.819287e-01 -1.892512e-01 0.000000e+00
    outer loop
      vertex   3.484152e+00 -3.326962e-01 4.457143e+01
      vertex   3.484152e+00 -3.326962e-01 5.842857e+01
      vertex   3.358225e+00 -9.860639e-01 4.457143e+01
    endloop
  endfacet
  facet normal 9.819287e-01 -1.892512e-01 0.000000e+00
    outer loop
      vertex   3.358225e+00 -9.860639e-01 4.457143e+01
      vertex   3.484152e+00 -3.326962e-01 5.842857e+01
      vertex   3.358225e+00 -9.860639e-01 5.842857e+01
    endloop
  endfacet
  facet normal 9.283679e-01 -3.716625e-01 0.000000e+00
    outer loop
      vertex   3.358225e+00 -9.860639e-01 4.457143e+01
      vertex   3.358225e+00 -9.860639e-01 5.842857e+01
      vertex   3.110924e+00 -1.603793e+00 4.457143e+01
    endloop
  endfacet
  facet normal 9.283679e-01 -3.716625e-01 0.000000e+00
    outer loop
      vertex   3.110924e+00 -1.603793e+00 4.457143e+01
      vertex   3.358225e+00 -9.860639e-01 5.842857e+01
      vertex   3.110924e+00 -1.603793e+00 5.842857e+01
    endloop
  endfacet
  facet normal 8.412535e-01 -5.406408e-01 0.000000e+00
    outer loop
      vertex   3.110924e+00 -1.603793e+00 4.457143e+01
      vertex   3.110924e+00 -1.603793e+00 5.842857e+01
      vertex   2.751186e+00 -2.163556e+00 4.457143e+01
    endloop
  endfacet
  facet normal 8.412535e-01 -5.406408e-01 0.000000e+00
    outer loop
      vertex   2.751186e+00 -2.163556e+00 4.457143e+01
      vertex   3.110924e+00 -1.603793e+00 5.842857e+01
      vertex   2.751186e+00 -2.163556e+00 5.842857e+01
    endloop
  endfacet
  facet normal 7.237340e-01 -6.900790e-01 0.000000e+00
    outer loop
      vertex   2.751186e+00 -2.163556e+00 4.457143e+01
      vertex   2.751186e+00 -2.163556e+00 5.842857e+01
      vertex   2.292013e+00 -2.645124e+00 4.457143e+01
    endloop
  endfacet
  facet normal 7.237340e-01 -6.900790e-01 0.000000e+00
    outer loop
      vertex   2.292013e+00 -2.645124e+00 4.457143e+01
      vertex   2.751186e+00 -2.163556e+00 5.842857e+01
      vertex   2.292013e+00 -2.645124e+00 5.842857e+01
    endloop
  endfacet
  facet normal 5.800569e-01 -8.145760e-01 0.000000e+00
    outer loop
      vertex   2.292013e+00 -2.645124e+00 4.457143e+01
      vertex   2.292013e+00 -2.645124e+00 5.842857e+01
      vertex   1.750000e+00 -3.031089e+00 4.457143e+01
    endloop
  endfacet
  facet normal 5.800569e-01 -8.145760e-01 0.000000e+00
    outer loop
      vertex   1.750000e+00 -3.031089e+00 4.457143e+01
      vertex   2.292013e+00 -2.645124e+00 5.842857e+01
      vertex   1.750000e+00 -3.031089e+00 5.842857e+01
    endloop
  endfacet
  facet normal 4.154150e-01 -9.096320e-01 0.000000e+00
    outer loop
      vertex   1.750000e+00 -3.031089e+00 4.457143e+01
      vertex   1.750000e+00 -3.031089e+00 5.842857e+01
      vertex   1.144738e+00 -3.307503e+00 4.457143e+01
    endloop
  endfacet
  facet normal 4.154150e-01 -9.096320e-01 0.000000e+00
    outer loop
      vertex   1.144738e+00 -3.307503e+00 4.457143e+01
      vertex   1.750000e+00 -3.031089e+00 5.842857e+01
      vertex   1.144738e+00 -3.307503e+00 5.842857e+01
    endloop
  endfacet
  facet normal 2.357589e-01 -9.718116e-01 0.000000e+00
    outer loop
      vertex   1.144738e+00 -3.307503e+00 4.457143e+01
      vertex   1.144738e+00 -3.307503e+00 5.842857e+01
      vertex   4.981019e-01 -3.464375e+00 4.457143e+01
    endloop
  endfacet
  facet normal 2.357589e-01 -9.718116e-01 0.000000e+00
    outer loop
      vertex   4.981019e-01 -3.464375e+00 4.457143e+01
      vertex   1.144738e+00 -3.307503e+00 5.842857e+01
      vertex   4.981019e-01 -3.464375e+00 5.842857e+01
    endloop
  endfacet
  facet normal 4.758192e-02 -9.988673e-01 0.000000e+00
    outer loop
      vertex   4.981019e-01 -3.464375e+00 4.457143e+01
      vertex   4.981019e-01 -3.464375e+00 5.842857e+01
      vertex   -1.665367e-01 -3.496036e+00 4.457143e+01
    endloop
  endfacet
  facet normal 4.758192e-02 -9.988673e-01 0.000000e+00
    outer loop
      vertex   -1.665367e-01 -3.496036e+00 4.457143e+01
      vertex   4.981019e-01 -3.464375e+00 5.842857e+01
      vertex   -1.665367e-01 -3.496036e+00 5.842857e+01
    endloop
  endfacet
  facet normal -1.423148e-01 -9.898214e-01 0.000000e+00
    outer loop
      vertex   -1.665367e-01 -3.496036e+00 4.457143e+01
      vertex   -1.665367e-01 -3.496036e+00 5.842857e+01
      vertex   -8.251563e-01 -3.401340e+00 4.457143e+01
    endloop
  endfacet
  facet normal -1.423148e-01 -9.898214e-01 0.000000e+00
    outer loop
      vertex   -8.251563e-01 -3.401340e+00 4.457143e+01
      vertex   -1.665367e-01 -3.496036e+00 5.842857e+01
      vertex   -8.251563e-01 -3.401340e+00 5.842857e+01
    endloop
  endfacet
  facet normal -3.270680e-01 -9.450008e-01 0.000000e+00
    outer loop
      vertex   -8.251563e-01 -3.401340e+00 4.457143e+01
      vertex   -8.251563e-01 -3.401340e+00 5.842857e+01
      vertex   -1.453953e+00 -3.183712e+00 4.457143e+01
    endloop
  endfacet
  facet normal -3.270680e-01 -9.450008e-01 0.000000e+00
    outer loop
      vertex   -1.453953e+00 -3.183712e+00 4.457143e+01
      vertex   -8.251563e-01 -3.401340e+00 5.842857e+01
      vertex   -1.453953e+00 -3.183712e+00 5.842857e+01
    endloop
  endfacet
  facet normal -5.000000e-01 -8.660254e-01 0.000000e+00
    outer loop
      vertex   -1.453953e+00 -3.183712e+00 4.457143e+01
      vertex   -1.453953e+00 -3.183712e+00 5.842857e+01
      vertex   -2.030199e+00 -2.851016e+00 4.457143e+01
    endloop
  endfacet
  facet normal -5.000000e-01 -8.660254e-01 0.000000e+00
    outer loop
      vertex   -2.030199e+00 -2.851016e+00 4.457143e+01
      vertex   -1.453953e+00 -3.183712e+00 5.842857e+01
      vertex   -2.030199e+00 -2.851016e+00 5.842857e+01
    endloop
  endfacet
  facet normal -6.548607e-01 -7.557496e-01 0.000000e+00
    outer loop
      vertex   -2.030199e+00 -2.851016e+00 4.457143e+01
      vertex   -2.030199e+00 -2.851016e+00 5.842857e+01
      vertex   -2.533069e+00 -2.415277e+00 4.457143e+01
    endloop
  endfacet
  facet normal -6.548607e-01 -7.557496e-01 0.000000e+00
    outer loop
      vertex   -2.533069e+00 -2.415277e+00 4.457143e+01
      vertex   -2.030199e+00 -2.851016e+00 5.842857e+01
      vertex   -2.533069e+00 -2.415277e+00 5.842857e+01
    endloop
  endfacet
  facet normal -7.860531e-01 -6.181590e-01 0.000000e+00
    outer loop
      vertex   -2.533069e+00 -2.415277e+00 4.457143e+01
      vertex   -2.533069e+00 -2.415277e+00 5.842857e+01
      vertex   -2.944387e+00 -1.892243e+00 4.457143e+01
    endloop
  endfacet
  facet normal -7.860531e-01 -6.181590e-01 0.000000e+00
    outer loop
      vertex   -2.944387e+00 -1.892243e+00 4.457143e+01
      vertex   -2.533069e+00 -2.415277e+00 5.842857e+01
      vertex   -2.944387e+00 -1.892243e+00 5.842857e+01
    endloop
  endfacet
  facet normal -8.888354e-01 -4.582265e-01 0.000000e+00
    outer loop
      vertex   -2.944387e+00 -1.892243e+00 4.457143e+01
      vertex   -2.944387e+00 -1.892243e+00 5.842857e+01
      vertex   -3.249288e+00 -1.300819e+00 4.457143e+01
    endloop
  endfacet
  facet normal -8.888354e-01 -4.582265e-01 0.000000e+00
    outer loop
      vertex   -3.249288e+00 -1.300819e+00 4.457143e+01
      vertex   -2.944387e+00 -1.892243e+00 5.842857e+01
      vertex   -3.249288e+00 -1.300819e+00 5.842857e+01
    endloop
  endfacet
  facet normal -9.594930e-01 -2.817326e-01 0.000000e+00
    outer loop
      vertex   -3.249288e+00 -1.300819e+00 4.457143e+01
      vertex   -3.249288e+00 -1.300819e+00 5.842857e+01
      vertex   -3.436750e+00 -6.623794e-01 4.457143e+01
    endloop
  endfacet
  facet normal -9.594930e-01 -2.817326e-01 0.000000e+00
    outer loop
      vertex   -3.436750e+00 -6.623794e-01 4.457143e+01
      vertex   -3.249288e+00 -1.300819e+00 5.842857e+01
      vertex   -3.436750e+00 -6.623794e-01 5.842857e+01
    endloop
  endfacet
  facet normal -9.954719e-01 -9.505604e-02 0.000000e+00
    outer loop
      vertex   -3.436750e+00 -6.623794e-01 4.457143e+01
      vertex   -3.436750e+00 -6.623794e-01 5.842857e+01
      vertex   -3.500000e+00 4.286264e-16 4.457143e+01
    endloop
  endfacet
  facet normal -9.954719e-01 -9.505604e-02 0.000000e+00
    outer loop
      vertex   -3.500000e+00 4.286264e-16 4.457143e+01
      vertex   -3.436750e+00 -6.623794e-01 5.842857e+01
      vertex   -3.500000e+00 4.286264e-16 5.842857e+01
    endloop
  endfacet
  facet normal -9.954719e-01 9.505604e-02 0.000000e+00
    outer loop
      vertex   -3.500000e+00 4.286264e-16 5.842857e+01
      vertex   -3.500000e+00 4.286264e-16 7.228571e+01
      vertex   -3.436750e+00 6.623794e-01 5.842857e+01
    endloop
  endfacet
  facet normal -9.954719e-01 9.505604e-02 0.000000e+00
    outer loop
      vertex   -3.436750e+00 6.623794e-01 5.842857e+01
      vertex   -3.500000e+00 4.286264e-16 7.228571e+01
      vertex   -3.436750e+00 6.623794e-01 7.228571e+01
    endloop
  endfacet
  facet normal -9.594930e-01 2.817326e-01 0.000000e+00
    outer loop
      vertex   -3.436750e+00 6.623794e-01 5.842857e+01
      vertex   -3.436750e+00 6.623794e-01 7.228571e+01
      vertex   -3.249288e+00 1.300819e+00 5.842857e+01
    endloop
  endfacet
  facet normal -9.594930e-01 2.817326e-01 0.000000e+00
    outer loop
      vertex   -3.249288e+00 1.300819e+00 5.842857e+01
      vertex   -3.436750e+00 6.623794e-01 7.228571e+01
      vertex   -3.249288e+00 1.300819e+00 7.228571e+01
    endloop
  endfacet
  facet normal -8.888354e-01 4.582265e-01 0.000000e+00
    outer loop
      vertex   -3.249288e+00 1.300819e+00 5.842857e+01
      vertex   -3.249288e+00 1.300819e+00 7.228571e+01
      vertex   -2.944387e+00 1.892243e+00 5.842857e+01
    endloop
  endfacet
  facet normal -8.888354e-01 4.582265e-01 0.000000e+00
    outer loop
      vertex   -2.944387e+00 1.892243e+00 5.842857e+01
      vertex   -3.249288e+00 1.300819e+00 7.228571e+01
      vertex   -2.944387e+00 1.892243e+00 7.228571e+01
    endloop
  endfacet
  facet normal -7.860531e-01 6.181590e-01 0.000000e+00
    outer loop
      vertex   -2.944387e+00 1.892243e+00 5.842857e+01
      vertex   -2.944387e+00 1.892243e+00 7.228571e+01
      vertex   -2.533069e+00 2.415277e+00 5.842857e+01
    endloop
  endfacet
  facet normal -7.860531e-01 6.181590e-01 0.000000e+00
    outer loop
      vertex   -2.533069e+00 2.415277e+00 5.842857e+01
      vertex   -2.944387e+00 1.892243e+00 7.228571e+01
      vertex   -2.533069e+00 2.415277e+00 7.228571e+01
    endloop
  endfacet
  facet normal -6.548607e-01 7.557496e-01 0.000000e+00
    outer loop
      vertex   -2.533069e+00 2.415277e+00 5.842857e+01
      vertex   -2.533069e+00 2.415277e+00 7.228571e+01
      vertex   -2.030199e+00 2.851016e+00 5.842857e+01
    endloop
  endfacet
  facet normal -6.548607e-01 7.557496e-01 0.000000e+00
    outer loop
      vertex   -2.030199e+00 2.851016e+00 5.842857e+01
      vertex   -2.533069e+00 2.415277e+00 7.228571e+01
      vertex   -2.030199e+00 2.851016e+00 7.228571e+01
    endloop
  endfacet
  facet normal -5.000000e-01 8.660254e-01 0.000000e+00
    outer loop
      vertex   -2.030199e+00 2.851016e+00 5.842857e+01
      vertex   -2.030199e+00 2.851016e+00 7.228571e+01
      vertex   -1.453953e+00 3.183712e+00 5.842857e+01
    endloop
  endfacet
  facet normal -5.000000e-01 8.660254e-01 0.000000e+00
    outer loop
      vertex   -1.453953e+00 3.183712e+00 5.842857e+01
      vertex   -2.030199e+00 2.851016e+00 7.228571e+01
      vertex   -1.453953e+00 3.183712e+00 7.228571e+01
    endloop
  endfacet
  facet normal -3.270680e-01 9.450008e-01 0.000000e+00
    outer loop
      vertex   -1.453953e+00 3.183712e+00 5.842857e+01
      vertex   -1.453953e+00 3.183712e+00 7.228571e+01
      vertex   -8.251563e-01 3.401340e+00 5.842857e+01
    endloop
  endfacet
  facet normal -3.270680e-01 9.450008e-01 0.000000e+00
    outer loop
      vertex   -8.251563e-01 3.401340e+00 5.842857e+01
      vertex   -1.453953e+00 3.183712e+00 7.228571e+01
      vertex   -8.251563e-01 3.401340e+00 7.228571e+01
    endloop
  endfacet
  facet normal -1.423148e-01 9.898214e-01 0.000000e+00
    outer loop
      vertex   -8.251563e-01 3.401340e+00 5.842857e+01
      vertex   -8.251563e-01 3.401340e+00 7.228571e+01
      vertex   -1.665367e-01 3.496036e+00 5.842857e+01
    endloop
  endfacet
  facet normal -1.423148e-01 9.898214e-01 0.000000e+00
    outer loop
      vertex   -1.665367e-01 3.496036e+00 5.842857e+01
      vertex   -8.251563e-01 3.401340e+00 7.228571e+01
      vertex   -1.665367e-01 3.496036e+00 7.228571e+01
    endloop
  endfacet
  facet normal 4.758192e-02 9.988673e-01 -0.000000e+00
    outer loop
      vertex   -1.665367e-01 3.496036e+00 5.842857e+01
      vertex   -1.665367e-01 3.496036e+00 7.228571e+01
      vertex   4.981019e-01 3.464375e+00 5.842857e+01
    endloop
  endfacet
  facet normal 4.758192e-02 9.988673e-01 -0.000000e+00
    outer loop
      vertex   4.981019e-01 3.464375e+00 5.842857e+01
      vertex   -1.665367e-01 3.496036e+00 7.228571e+01
      vertex   4.981019e-01 3.464375e+00 7.228571e+01
    endloop
  endfacet
  facet normal 2.357589e-01 9.718116e-01 -0.000000e+00
    outer loop
      vertex   4.981019e-01 3.464375e+00 5.842857e+01
      vertex   4.981019e-01 3.464375e+00 7.228571e+01
      vertex   1.144738e+00 3.307503e+00 5.842857e+01
    endloop
  endfacet
  facet normal 2.357589e-01 9.718116e-01 -0.000000e+00
    outer loop
      vertex   1.144738e+00 3.307503e+00 5.842857e+01
      vertex   4.981019e-01 3.464375e+00 7.228571e+01
      vertex   1.144738e+00 3.307503e+00 7.228571e+01
    endloop
  endfacet
  facet normal 4.154150e-01 9.096320e-01 -0.000000e+00
    outer loop
      vertex   1.144738e+00 3.307503e+00 5.842857e+01
      vertex   1.144738e+00 3.307503e+00 7.228571e+01
      vertex   1.750000e+00 3.031089e+00 5.842857e+01
    endloop
  endfacet
  facet normal 4.154150e-01 9.096320e-01 -0.000000e+00
    outer loop
      vertex   1.750000e+00 3.031089e+00 5.842857e+01
      vertex   1.144738e+00 3.307503e+00 7.228571e+01
      vertex   1.750000e+00 3.031089e+00 7.228571e+01
    endloop
  endfacet
  facet normal 5.800569e-01 8.145760e-01 -0.000000e+00
    outer loop
      vertex   1.750000e+00 3.031089e+00 5.842857e+01
      vertex   1.750000e+00 3.031089e+00 7.228571e+01
      vertex   2.292013e+00 2.645124e+00 5.842857e+01
    endloop
  endfacet
  facet normal 5.800569e-01 8.145760e-01 -0.000000e+00
    outer loop
      vertex   2.292013e+00 2.645124e+00 5.842857e+01
      vertex   1.750000e+00 3.031089e+00 7.228571e+01
      vertex   2.292013e+00 2.645124e+00 7.228571e+01
    endloop
  endfacet
  facet normal 7.237340e-01 6.900790e-01 -0.000000e+00
    outer loop
      vertex   2.292013e+00 2.645124e+00 5.842857e+01
      vertex   2.292013e+00 2.645124e+00 7.228571e+01
      vertex   2.751186e+00 2.163556e+00 5.842857e+01
    endloop
  endfacet
  facet normal 7.237340e-01 6.900790e-01 -0.000000e+00
    outer loop
      vertex   2.751186e+00 2.163556e+00 5.842857e+01
      vertex   2.292013e+00 2.645124e+00 7.228571e+01
      vertex   2.751186e+00 2.163556e+00 7.228571e+01
    endloop
  endfacet
  facet normal 8.412535e-01 5.406408e-01 -0.000000e+00
    outer loop
      vertex   2.751186e+00 2.163556e+00 5.842857e+01
      vertex   2.751186e+00 2.163556e+00 7.228571e+01
      vertex   3.110924e+00 1.603793e+00 5.842857e+01
    endloop
  endfacet
  facet normal 8.412535e-01 5.406408e-01 -0.000000e+00
    outer loop
      vertex   3.110924e+00 1.603793e+00 5.842857e+01
      vertex   2.751186e+00 2.163556e+00 7.228571e+01
      vertex   3.110924e+00 1.603793e+00 7.228571e+01
    endloop
  endfacet
  facet normal 9.283679e-01 3.716625e-01 -0.000000e+00
    outer loop
      vertex   3.110924e+00 1.603793e+00 5.842857e+01
      vertex   3.110924e+00 1.603793e+00 7.228571e+01
      vertex   3.358225e+00 9.860639e-01 5.842857e+01
    endloop
  endfacet
  facet normal 9.283679e-01 3.716625e-01 -0.000000e+00
    outer loop
      vertex   3.358225e+00 9.860639e-01 5.842857e+01
      vertex   3.110924e+00 1.603793e+00 7.228571e+01
      vertex   3.358225e+00 9.860639e-01 7.228571e+01
    endloop
  endfacet
  facet normal 9.819287e-01 1.892512e-01 -0.000000e+00
    outer loop
      vertex   3.358225e+00 9.860639e-01 5.842857e+01
      vertex   3.358225e+00 9.860639e-01 7.228571e+01
      vertex   3.484152e+00 3.326962e-01 5.842857e+01
    endloop
  endfacet
  facet normal 9.819287e-01 1.892512e-01 -0.000000e+00
    outer loop
      vertex   3.484152e+00 3.326962e-01 5.842857e+01
      vertex   3.358225e+00 9.860639e-01 7.228571e+01
      vertex   3.484152e+00 3.326962e-01 7.228571e+01
    endloop
  endfacet
  facet normal 1.000000e+00 0.000000e+00 -0.000000e+00
    outer loop
      vertex   3.484152e+00 3.326962e-01 5.842857e+01
      vertex   3.484152e+00 3.326962e-01 7.228571e+01
      vertex   3.484152e+00 -3.326962e-01 5.842857e+01
    endloop
  endfacet
  facet normal 1.000000e+00 0.000000e+00 0.000000e+00
    outer loop
      vertex   3.484152e+00 -3.326962e-01 5.842857e+01
      vertex   3.484152e+00 3.326962e-01 7.228571e+01
      vertex   3.484152e+00 -3.326962e-01 7.228571e+01
    endloop
  endfacet
  facet normal 9.819287e-01 -1.892512e-01 0.000000e+00
    outer loop
      vertex   3.484152e+00 -3.326962e-01 5.842857e+01
      vertex   3.484152e+00 -3.326962e-01 7.228571e+01
      vertex   3.358225e+00 -9.860639e-01 5.842857e+01
    endloop
  endfacet
  facet normal 9.819287e-01 -1.892512e-01 0.000000e+00
    outer loop
      vertex   3.358225e+00 -9.860639e-01 5.842857e+01
      vertex   3.484152e+00 -3.326962e-01 7.228571e+01
      vertex   3.358225e+00 -9.860639e-01 7.228571e+01
    endloop
  endfacet
  facet normal 9.283679e-01 -3.716625e-01 0.000000e+00
    outer loop
      vertex   3.358225e+00 -9.860639e-01 5.842857e+01
      vertex   3.358225e+00 -9.860639e-01 7.228571e+01
      vertex   3.110924e+00 -1.603793e+00 5.842857e+01
    endloop
  endfacet
  facet normal 9.283679e-01 -3.716625e-01 0.000000e+00
    outer loop
      vertex   3.110924e+00 -1.603793e+00 5.842857e+01
      vertex   3.358225e+00 -9.860639e-01 7.228571e+01
      vertex   3.110924e+00 -1.603793e+00 7.228571e+01
    endloop
  endfacet
  facet normal 8.412535e-01 -5.406408e-01 0.000000e+00
    outer loop
      vertex   3.110924e+00 -1.603793e+00 5.842857e+01
      vertex   3.110924e+00 -1.603793e+00 7.228571e+01
      vertex   2.751186e+00 -2.163556e+00 5.842857e+01
    endloop
  endfacet
  facet normal 8.412535e-01 -5.406408e-01 0.000000e+00
    outer loop
      vertex   2.751186e+00 -2.163556e+00 5.842857e+01
      vertex   3.110924e+00 -1.603793e+00 7.228571e+01
      vertex   2.751186e+00 -2.163556e+00 7.228571e+01
    endloop
  endfacet
  facet normal 7.237340e-01 -6.900790e-01 0.000000e+00
    outer loop
      vertex   2.751186e+00 -2.163556e+00 5.842857e+01
      vertex   2.751186e+00 -2.163556e+00 7.228571e+01
      vertex   2.292013e+00 -2.645124e+00 5.842857e+01
    endloop
  endfacet
  facet normal 7.237340e-01 -6.900790e-01 0.000000e+00
    outer loop
      vertex   2.292013e+00 -2.645124e+00 5.842857e+01
      vertex   2.751186e+00 -2.163556e+00 7.228571e+01
      vertex   2.292013e+00 -2.645124e+00 7.228571e+01
    endloop
  endfacet
  facet normal 5.800569e-01 -8.145760e-01 0.000000e+00
    outer loop
      vertex   2.292013e+00 -2.645124e+00 5.842857e+01
      vertex   2.292013e+00 -2.645124e+00 7.228571e+01
      vertex   1.750000e+00 -3.031089e+00 5.842857e+01
    endloop
  endfacet
  facet normal 5.800569e-01 -8.145760e-01 0.000000e+00
    outer loop
      vertex   1.750000e+00 -3.031089e+00 5.842857e+01
      vertex   2.292013e+00 -2.645124e+00 7.228571e+01
      vertex   1.750000e+00 -3.031089e+00 7.228571e+01
    endloop
  endfacet
  facet normal 4.154150e-01 -9.096320e-01 0.000000e+00
    outer loop
      vertex   1.750000e+00 -3.031089e+00 5.842857e+01
      vertex   1.750000e+00 -3.031089e+00 7.228571e+01
      vertex   1.144738e+00 -3.307503e+00 5.842857e+01
    endloop
  endfacet
  facet normal 4.154150e-01 -9.096320e-01 0.000000e+00
    outer loop
      vertex   1.144738e+00 -3.307503e+00 5.842857e+01
      vertex   1.750000e+00 -3.031089e+00 7.228571e+01
      vertex   1.144738e+00 -3.307503e+00 7.228571e+01
    endloop
  endfacet
  facet normal 2.357589e-01 -9.718116e-01 0.000000e+00
    outer loop
      vertex   1.144738e+00 -3.307503e+00 5.842857e+01
      vertex   1.144738e+00 -3.307503e+00 7.228571e+01
      vertex   4.981019e-01 -3.464375e+00 5.842857e+01
    endloop
  endfacet
  facet normal 2.357589e-01 -9.718116e-01 0.000000e+00
    outer loop
      vertex   4.981019e-01 -3.464375e+00 5.842857e+01
      vertex   1.144738e+00 -3.307503e+00 7.228571e+01
      vertex   4.981019e-01 -3.464375e+00 7.228571e+01
    endloop
  endfacet
  facet normal 4.758192e-02 -9.988673e-01 0.000000e+00
    outer loop
      vertex   4.981019e-01 -3.464375e+00 5.842857e+01
      vertex   4.981019e-01 -3.464375e+00 7.228571e+01
      vertex   -1.665367e-01 -3.496036e+00 5.842857e+01
    endloop
  endfacet
  facet normal 4.758192e-02 -9.988673e-01 0.000000e+00
    outer loop
      vertex   -1.665367e-01 -3.496036e+00 5.842857e+01
      vertex   4.981019e-01 -3.464375e+00 7.228571e+01
      vertex   -1.665367e-01 -3.496036e+00 7.228571e+01
    endloop
  endfacet
  facet normal -1.423148e-01 -9.898214e-01 0.000000e+00
    outer loop
      vertex   -1.665367e-01 -3.496036e+00 5.842857e+01
      vertex   -1.665367e-01 -3.496036e+00 7.228571e+01
      vertex   -8.251563e-01 -3.401340e+00 5.842857e+01
    endloop
  endfacet
  facet normal -1.423148e-01 -9.898214e-01 0.000000e+00
    outer loop
      vertex   -8.251563e-01 -3.401340e+00 5.842857e+01
      vertex   -1.665367e-01 -3.496036e+00 7.228571e+01
      vertex   -8.251563e-01 -3.401340e+00 7.228571e+01
    endloop
  endfacet
  facet normal -3.270680e-01 -9.450008e-01 0.000000e+00
    outer loop
      vertex   -8.251563e-01 -3.401340e+00 5.842857e+01
      vertex   -8.251563e-01 -3.401340e+00 7.228571e+01
      vertex   -1.453953e+00 -3.183712e+00 5.842857e+01
    endloop
  endfacet
  facet normal -3.270680e-01 -9.450008e-01 0.000000e+00
    outer loop
      vertex   -1.453953e+00 -3.183712e+00 5.842857e+01
      vertex   -8.251563e-01 -3.401340e+00 7.228571e+01
      vertex   -1.453953e+00 -3.183712e+00 7.228571e+01
    endloop
  endfacet
  facet normal -5.000000e-01 -8.660254e-01 0.000000e+00
    outer loop
      vertex   -1.453953e+00 -3.183712e+00 5.842857e+01
      vertex   -1.453953e+00 -3.183712e+00 7.228571e+01
      vertex   -2.030199e+00 -2.851016e+00 5.842857e+01
    endloop
  endfacet
  facet normal -5.000000e-01 -8.660254e-01 0.000000e+00
    outer loop
      vertex   -2.030199e+00 -2.851016e+00 5.842857e+01
      vertex   -1.453953e+00 -3.183712e+00 7.228571e+01
      vertex   -2.030199e+00 -2.851016e+00 7.228571e+01
    endloop
  endfacet
  facet normal -6.548607e-01 -7.557496e-01 0.000000e+00
    outer loop
      vertex   -2.030199e+00 -2.851016e+00 5.842857e+01
      vertex   -2.030199e+00 -2.851016e+00 7.228571e+01
      vertex   -2.533069e+00 -2.415277e+00 5.842857e+01
    endloop
  endfacet
  facet normal -6.548607e-01 -7.557496e-01 0.000000e+00
    outer loop
      vertex   -2.533069e+00 -2.415277e+00 5.842857e+01
      vertex   -2.030199e+00 -2.851016e+00 7.228571e+01
      vertex   -2.533069e+00 -2.415277e+00 7.228571e+01
    endloop
  endfacet
  facet normal -7.860531e-01 -6.181590e-01 0.000000e+00
    outer loop
      vertex   -2.533069e+00 -2.415277e+00 5.842857e+01
      vertex   -2.533069e+00 -2.415277e+00 7.228571e+01
      vertex   -2.944387e+00 -1.892243e+00 5.842857e+01
    endloop
  endfacet
  facet normal -7.860531e-01 -6.181590e-01 0.000000e+00
    outer loop
      vertex   -2.944387e+00 -1.892243e+00 5.842857e+01
      vertex   -2.533069e+00 -2.415277e+00 7.228571e+01
      vertex   -2.944387e+00 -1.892243e+00 7.228571e+01
    endloop
  endfacet
  facet normal -8.888354e-01 -4.582265e-01 0.000000e+00
    outer loop
      vertex   -2.944387e+00 -1.892243e+00 5.842857e+01
      vertex   -2.944387e+00 -1.892243e+00 7.228571e+01
      vertex   -3.249288e+00 -1.300819e+00 5.842857e+01
    endloop
  endfacet
  facet normal -8.888354e-01 -4.582265e-01 0.000000e+00
    outer loop
      vertex   -3.249288e+00 -1.300819e+00 5.842857e+01
      vertex   -2.944387e+00 -1.892243e+00 7.228571e+01
      vertex   -3.249288e+00 -1.300819e+00 7.228571e+01
    endloop
  endfacet
  facet normal -9.594930e-01 -2.817326e-01 0.000000e+00
    outer loop
      vertex   -3.249288e+00 -1.300819e+00 5.842857e+01
      vertex   -3.249288e+00 -1.300819e+00 7.228571e+01
      vertex   -3.436750e+00 -6.623794e-01 5.842857e+01
    endloop
  endfacet
  facet normal -9.594930e-01 -2.817326e-01 0.000000e+00
    outer loop
      vertex   -3.436750e+00 -6.623794e-01 5.842857e+01
      vertex   -3.249288e+00 -1.300819e+00 7.228571e+01
      vertex   -3.436750e+00 -6.623794e-01 7.228571e+01
    endloop
  endfacet
  facet normal -9.954719e-01 -9.505604e-02 0.000000e+00
    outer loop
      vertex   -3.436750e+00 -6.623794e-01 5.842857e+01
      vertex   -3.436750e+00 -6.623794e-01 7.228571e+01
      vertex   -3.500000e+00 4.286264e-16 5.842857e+01
    endloop
  endfacet
  facet normal -9.954719e-01 -9.505604e-02 0.000000e+00
    outer loop
      vertex   -3.500000e+00 4.286264e-16 5.842857e+01
      vertex   -3.436750e+00 -6.623794e-01 7.228571e+01
      vertex   -3.500000e+00 4.286264e-16 7.228571e+01
    endloop
  endfacet
  facet normal -9.954719e-01 9.505604e-02 5.880509e-18
    outer loop
      vertex   -3.500000e+00 4.286264e-16 7.228571e+01
      vertex   -3.500000e+00 -4.286264e-16 8.614286e+01
      vertex   -3.436750e+00 6.623794e-01 7.228571e+01
    endloop
  endfacet
  facet normal -9.954719e-01 9.505604e-02 0.000000e+00
    outer loop
      vertex   -3.436750e+00 6.623794e-01 7.228571e+01
      vertex   -3.500000e+00 -4.286264e-16 8.614286e+01
      vertex   -3.436750e+00 6.623794e-01 8.614286e+01
    endloop
  endfacet
  facet normal -9.594930e-01 2.817326e-01 0.000000e+00
    outer loop
      vertex   -3.436750e+00 6.623794e-01 7.228571e+01
      vertex   -3.436750e+00 6.623794e-01 8.614286e+01
      vertex   -3.249288e+00 1.300819e+00 7.228571e+01
    endloop
  endfacet
  facet normal -9.594930e-01 2.817326e-01 0.000000e+00
    outer loop
      vertex   -3.249288e+00 1.300819e+00 7.228571e+01
      vertex   -3.436750e+00 6.623794e-01 8.614286e+01
      vertex   -3.249288e+00 1.300819e+00 8.614286e+01
    endloop
  endfacet
  facet normal -8.888354e-01 4.582265e-01 0.000000e+00
    outer loop
      vertex   -3.249288e+00 1.300819e+00 7.228571e+01
      vertex   -3.249288e+00 1.300819e+00 8.614286e+01
      vertex   -2.944387e+00 1.892243e+00 7.228571e+01
    endloop
  endfacet
  facet normal -8.888354e-01 4.582265e-01 0.000000e+00
    outer loop
      vertex   -2.944387e+00 1.892243e+00 7.228571e+01
      vertex   -3.249288e+00 1.300819e+00 8.614286e+01
      vertex   -2.944387e+00 1.892243e+00 8.614286e+01
    endloop
  endfacet
  facet normal -7.860531e-01 6.181590e-01 0.000000e+00
    outer loop
      vertex   -2.944387e+00 1.892243e+00 7.228571e+01
      vertex   -2.944387e+00 1.892243e+00 8.614286e+01
      vertex   -2.533069e+00 2.415277e+00 7.228571e+01
    endloop
  endfacet
  facet normal -7.860531e-01 6.181590e-01 0.000000e+00
    outer loop
      vertex   -2.533069e+00 2.415277e+00 7.228571e+01
      vertex   -2.944387e+00 1.892243e+00 8.614286e+01
      vertex   -2.533069e+00 2.415277e+00 8.614286e+01
    endloop
  endfacet
  facet normal -6.548607e-01 7.557496e-01 0.000000e+00
    outer loop
      vertex   -2.533069e+00 2.415277e+00 7.228571e+01
      vertex   -2.533069e+00 2.415277e+00 8.614286e+01
      vertex   -2.030199e+00 2.851016e+00 7.228571e+01
    endloop
  endfacet
  facet normal -6.548607e-01 7.557496e-01 0.000000e+00
    outer loop
      vertex   -2.030199e+00 2.851016e+00 7.228571e+01
      vertex   -2.533069e+00 2.415277e+00 8.614286e+01
      vertex   -2.030199e+00 2.851016e+00 8.614286e+01
    endloop
  endfacet
  facet normal -5.000000e-01 8.660254e-01 0.000000e+00
    outer loop
      vertex   -2.030199e+00 2.851016e+00 7.228571e+01
      vertex   -2.030199e+00 2.851016e+00 8.614286e+01
      vertex   -1.453953e+00 3.183712e+00 7.228571e+01
    endloop
  endfacet
  facet normal -5.000000e-01 8.660254e-01 0.000000e+00
    outer loop
      vertex   -1.453953e+00 3.183712e+00 7.228571e+01
      vertex   -2.030199e+00 2.851016e+00 8.614286e+01
      vertex   -1.453953e+00 3.183712e+00 8.614286e+01
    endloop
  endfacet
  facet normal -3.270680e-01 9.450008e-01 0.000000e+00
    outer loop
      vertex   -1.453953e+00 3.183712e+00 7.228571e+01
      vertex   -1.453953e+00 3.183712e+00 8.614286e+01
      vertex   -8.251563e-01 3.401340e+00 7.228571e+01
    endloop
  endfacet
  facet normal -3.270680e-01 9.450008e-01 0.000000e+00
    outer loop
      vertex   -8.251563e-01 3.401340e+00 7.228571e+01
      vertex   -1.453953e+00 3.183712e+00 8.614286e+01
      vertex   -8.251563e-01 3.401340e+00 8.614286e+01
    endloop
  endfacet
  facet normal -1.423148e-01 9.898214e-01 0.000000e+00
    outer loop
      vertex   -8.251563e-01 3.401340e+00 7.228571e+01
      vertex   -8.251563e-01 3.401340e+00 8.614286e+01
      vertex   -1.665367e-01 3.496036e+00 7.228571e+01
    endloop
  endfacet
  facet normal -1.423148e-01 9.898214e-01 0.000000e+00
    outer loop
      vertex   -1.665367e-01 3.496036e+00 7.228571e+01
      vertex   -8.251563e-01 3.401340e+00 8.614286e+01
      vertex   -1.665367e-01 3.496036e+00 8.614286e+01
    endloop
  endfacet
  facet normal 4.758192e-02 9.988673e-01 -0.000000e+00
    outer loop
      vertex   -1.665367e-01 3.496036e+00 7.228571e+01
      vertex   -1.665367e-01 3.496036e+00 8.614286e+01
      vertex   4.981019e-01 3.464375e+00 7.228571e+01
    endloop
  endfacet
  facet normal 4.758192e-02 9.988673e-01 -0.000000e+00
    outer loop
      vertex   4.981019e-01 3.464375e+00 7.228571e+01
      vertex   -1.665367e-01 3.496036e+00 8.614286e+01
      vertex   4.981019e-01 3.464375e+00 8.614286e+01
    endloop
  endfacet
  facet normal 2.357589e-01 9.718116e-01 -0.000000e+00
    outer loop
      vertex   4.981019e-01 3.464375e+00 7.228571e+01
      vertex   4.981019e-01 3.464375e+00 8.614286e+01
      vertex   1.144738e+00 3.307503e+00 7.228571e+01
    endloop
  endfacet
  facet normal 2.357589e-01 9.718116e-01 -0.000000e+00
    outer loop
      vertex   1.144738e+00 3.307503e+00 7.228571e+01
      vertex   4.981019e-01 3.464375e+00 8.614286e+01
      vertex   1.144738e+00 3.307503e+00 8.614286e+01
    endloop
  endfacet
  facet normal 4.154150e-01 9.096320e-01 -0.000000e+00
    outer loop
      vertex   1.144738e+00 3.307503e+00 7.228571e+01
      vertex   1.144738e+00 3.307503e+00 8.614286e+01
      vertex   1.750000e+00 3.031089e+00 7.228571e+01
    endloop
  endfacet
  facet normal 4.154150e-01 9.096320e-01 -0.000000e+00
    outer loop
      vertex   1.750000e+00 3.031089e+00 7.228571e+01
      vertex   1.144738e+00 3.307503e+00 8.614286e+01
      vertex   1.750000e+00 3.031089e+00 8.614286e+01
    endloop
  endfacet
  facet normal 5.800569e-01 8.145760e-01 -0.000000e+00
    outer loop
      vertex   1.750000e+00 3.031089e+00 7.228571e+01
      vertex   1.750000e+00 3.031089e+00 8.614286e+01
      vertex   2.292013e+00 2.645124e+00 7.228571e+01
    endloop
  endfacet
  facet normal 5.800569e-01 8.145760e-01 -0.000000e+00
    outer loop
      vertex   2.292013e+00 2.645124e+00 7.228571e+01
      vertex   1.750000e+00 3.031089e+00 8.614286e+01
      vertex   2.292013e+00 2.645124e+00 8.614286e+01
    endloop
  endfacet
  facet normal 7.237340e-01 6.900790e-01 -0.000000e+00
    outer loop
      vertex   2.292013e+00 2.645124e+00 7.228571e+01
      vertex   2.292013e+00 2.645124e+00 8.614286e+01
      vertex   2.751186e+00 2.163556e+00 7.228571e+01
    endloop
  endfacet
  facet normal 7.237340e-01 6.900790e-01 -0.000000e+00
    outer loop
      vertex   2.751186e+00 2.163556e+00 7.228571e+01
      vertex   2.292013e+00 2.645124e+00 8.614286e+01
      vertex   2.751186e+00 2.163556e+00 8.614286e+01
    endloop
  endfacet
  facet normal 8.412535e-01 5.406408e-01 -0.000000e+00
    outer loop
      vertex   2.751186e+00 2.163556e+00 7.228571e+01
      vertex   2.751186e+00 2.163556e+00 8.614286e+01
      vertex   3.110924e+00 1.603793e+00 7.228571e+01
    endloop
  endfacet
  facet normal 8.412535e-01 5.406408e-01 -0.000000e+00
    outer loop
      vertex   3.110924e+00 1.603793e+00 7.228571e+01
      vertex   2.751186e+00 2.163556e+00 8.614286e+01
      vertex   3.110924e+00 1.603793e+00 8.614286e+01
    endloop
  endfacet
  facet normal 9.283679e-01 3.716625e-01 -0.000000e+00
    outer loop
      vertex   3.110924e+00 1.603793e+00 7.228571e+01
      vertex   3.110924e+00 1.603793e+00 8.614286e+01
      vertex   3.358225e+00 9.860639e-01 7.228571e+01
    endloop
  endfacet
  facet normal 9.283679e-01 3.716625e-01 -0.000000e+00
    outer loop
      vertex   3.358225e+00 9.860639e-01 7.228571e+01
      vertex   3.110924e+00 1.603793e+00 8.614286e+01
      vertex   3.358225e+00 9.860639e-01 8.614286e+01
    endloop
  endfacet
  facet normal 9.819287e-01 1.892512e-01 -0.000000e+00
    outer loop
      vertex   3.358225e+00 9.860639e-01 7.228571e+01
      vertex   3.358225e+00 9.860639e-01 8.614286e+01
      vertex   3.484152e+00 3.326962e-01 7.228571e+01
    endloop
  endfacet
  facet normal 9.819287e-01 1.892512e-01 -0.000000e+00
    outer loop
      vertex   3.484152e+00 3.326962e-01 7.228571e+01
      vertex   3.358225e+00 9.860639e-01 8.614286e+01
      vertex   3.484152e+00 3.326962e-01 8.614286e+01
    endloop
  endfacet
  facet normal 1.000000e+00 0.000000e+00 -0.000000e+00
    outer loop
      vertex   3.484152e+00 3.326962e-01 7.228571e+01
      vertex   3.484152e+00 3.326962e-01 8.614286e+01
      vertex   3.484152e+00 -3.326962e-01 7.228571e+01
    endloop
  endfacet
  facet normal 1.000000e+00 0.000000e+00 0.000000e+00
    outer loop
      vertex   3.484152e+00 -3.326962e-01 7.228571e+01
      vertex   3.484152e+00 3.326962e-01 8.614286e+01
      vertex   3.484152e+00 -3.326962e-01 8.614286e+01
    endloop
  endfacet
  facet normal 9.819287e-01 -1.892512e-01 0.000000e+00
    outer loop
      vertex   3.484152e+00 -3.326962e-01 7.228571e+01
      vertex   3.484152e+00 -3.326962e-01 8.614286e+01
      vertex   3.358225e+00 -9.860639e-01 7.228571e+01
    endloop
  endfacet
  facet normal 9.819287e-01 -1.892512e-01 0.000000e+00
    outer loop
      vertex   3.358225e+00 -9.860639e-01 7.228571e+01
      vertex   3.484152e+00 -3.326962e-01 8.614286e+01
      vertex   3.358225e+00 -9.860639e-01 8.614286e+01
    endloop
  endfacet
  facet normal 9.283679e-01 -3.716625e-01 0.000000e+00
    outer loop
      vertex   3.358225e+00 -9.860639e-01 7.228571e+01
      vertex   3.358225e+00 -9.860639e-01 8.614286e+01
      vertex   3.110924e+00 -1.603793e+00 7.228571e+01
    endloop
  endfacet
  facet normal 9.283679e-01 -3.716625e-01 0.000000e+00
    outer loop
      vertex   3.110924e+00 -1.603793e+00 7.228571e+01
      vertex   3.358225e+00 -9.860639e-01 8.614286e+01
      vertex   3.110924e+00 -1.603793e+00 8.614286e+01
    endloop
  endfacet
  facet normal 8.412535e-01 -5.406408e-01 0.000000e+00
    outer loop
      vertex   3.110924e+00 -1.603793e+00 7.228571e+01
      vertex   3.110924e+00 -1.603793e+00 8.614286e+01
      vertex   2.751186e+00 -2.163556e+00 7.228571e+01
    endloop
  endfacet
  facet normal 8.412535e-01 -5.406408e-01 0.000000e+00
    outer loop
      vertex   2.751186e+00 -2.163556e+00 7.228571e+01
      vertex   3.110924e+00 -1.603793e+00 8.614286e+01
      vertex   2.751186e+00 -2.163556e+00 8.614286e+01
    endloop
  endfacet
  facet normal 7.237340e-01 -6.900790e-01 0.000000e+00
    outer loop
      vertex   2.751186e+00 -2.163556e+00 7.228571e+01
      vertex   2.751186e+00 -2.163556e+00 8.614286e+01
      vertex   2.292013e+00 -2.645124e+00 7.228571e+01
    endloop
  endfacet
  facet normal 7.237340e-01 -6.900790e-01 0.000000e+00
    outer loop
      vertex   2.292013e+00 -2.645124e+00 7.228571e+01
      vertex   2.751186e+00 -2.163556e+00 8.614286e+01
      vertex   2.292013e+00 -2.645124e+00 8.614286e+01
    endloop
  endfacet
  facet normal 5.800569e-01 -8.145760e-01 0.000000e+00
    outer loop
      vertex   2.292013e+00 -2.645124e+00 7.228571e+01
      vertex   2.292013e+00 -2.645124e+00 8.614286e+01
      vertex   1.750000e+00 -3.031089e+00 7.228571e+01
    endloop
  endfacet
  facet normal 5.800569e-01 -8.145760e-01 0.000000e+00
    outer loop
      vertex   1.750000e+00 -3.031089e+00 7.228571e+01
      vertex   2.292013e+00 -2.645124e+00 8.614286e+01
      vertex   1.750000e+00 -3.031089e+00 8.614286e+01
    endloop
  endfacet
  facet normal 4.154150e-01 -9.096320e-01 0.000000e+00
    outer loop
      vertex   1.750000e+00 -3.031089e+00 7.228571e+01
      vertex   1.750000e+00 -3.031089e+00 8.614286e+01
      vertex   1.144738e+00 -3.307503e+00 7.228571e+01
    endloop
  endfacet
  facet normal 4.154150e-01 -9.096320e-01 0.000000e+00
    outer loop
      vertex   1.144738e+00 -3.307503e+00 7.228571e+01
      vertex   1.750000e+00 -3.031089e+00 8.614286e+01
      vertex   1.144738e+00 -3.307503e+00 8.614286e+01
    endloop
  endfacet
  facet normal 2.357589e-01 -9.718116e-01 0.000000e+00
    outer loop
      vertex   1.144738e+00 -3.307503e+00 7.228571e+01
      vertex   1.144738e+00 -3.307503e+00 8.614286e+01
      vertex   4.981019e-01 -3.464375e+00 7.228571e+01
    endloop
  endfacet
  facet normal 2.357589e-01 -9.718116e-01 0.000000e+00
    outer loop
      vertex   4.981019e-01 -3.464375e+00 7.228571e+01
      vertex   1.144738e+00 -3.307503e+00 8.614286e+01
      vertex   4.981019e-01 -3.464375e+00 8.614286e+01
    endloop
  endfacet
  facet normal 4.758192e-02 -9.988673e-01 0.000000e+00
    outer loop
      vertex   4.981019e-01 -3.464375e+00 7.228571e+01
      vertex   4.981019e-01 -3.464375e+00 8.614286e+01
      vertex   -1.665367e-01 -3.496036e+00 7.228571e+01
    endloop
  endfacet
  facet normal 4.758192e-02 -9.988673e-01 0.000000e+00
    outer loop
      vertex   -1.665367e-01 -3.496036e+00 7.228571e+01
      vertex   4.981019e-01 -3.464375e+00 8.614286e+01
      vertex   -1.665367e-01 -3.496036e+00 8.614286e+01
    endloop
  endfacet
  facet normal -1.423148e-01 -9.898214e-01 0.000000e+00
    outer loop
      vertex   -1.665367e-01 -3.496036e+00 7.228571e+01
      vertex   -1.665367e-01 -3.496036e+00 8.614286e+01
      vertex   -8.251563e-01 -3.401340e+00 7.228571e+01
    endloop
  endfacet
  facet normal -1.423148e-01 -9.898214e-01 0.000000e+00
    outer loop
      vertex   -8.251563e-01 -3.401340e+00 7.228571e+01
      vertex   -1.665367e-01 -3.496036e+00 8.614286e+01
      vertex   -8.251563e-01 -3.401340e+00 8.614286e+01
    endloop
  endfacet
  facet normal -3.270680e-01 -9.450008e-01 0.000000e+00
    outer loop
      vertex   -8.251563e-01 -3.401340e+00 7.228571e+01
      vertex   -8.251563e-01 -3.401340e+00 8.614286e+01
      vertex   -1.453953e+00 -3.183712e+00 7.228571e+01
    endloop
  endfacet
  facet normal -3.270680e-01 -9.450008e-01 0.000000e+00
    outer loop
      vertex   -1.453953e+00 -3.183712e+00 7.228571e+01
      vertex   -8.251563e-01 -3.401340e+00 8.614286e+01
      vertex   -1.453953e+00 -3.183712e+00 8.614286e+01
    endloop
  endfacet
  facet normal -5.000000e-01 -8.660254e-01 0.000000e+00
    outer loop
      vertex   -1.453953e+00 -3.183712e+00 7.228571e+01
      vertex   -1.453953e+00 -3.183712e+00 8.614286e+01
      vertex   -2.030199e+00 -2.851016e+00 7.228571e+01
    endloop
  endfacet
  facet normal -5.000000e-01 -8.660254e-01 0.000000e+00
    outer loop
      vertex   -2.030199e+00 -2.851016e+00 7.228571e+01
      vertex   -1.453953e+00 -3.183712e+00 8.614286e+01
      vertex   -2.030199e+00 -2.851016e+00 8.614286e+01
    endloop
  endfacet
  facet normal -6.548607e-01 -7.557496e-01 0.000000e+00
    outer loop
      vertex   -2.030199e+00 -2.851016e+00 7.228571e+01
      vertex   -2.030199e+00 -2.851016e+00 8.614286e+01
      vertex   -2.533069e+00 -2.415277e+00 7.228571e+01
    endloop
  endfacet
  facet normal -6.548607e-01 -7.557496e-01 0.000000e+00
    outer loop
      vertex   -2.533069e+00 -2.415277e+00 7.228571e+01
      vertex   -2.030199e+00 -2.851016e+00 8.614286e+01
      vertex   -2.533069e+00 -2.415277e+00 8.614286e+01
    endloop
  endfacet
  facet normal -7.860531e-01 -6.181590e-01 0.000000e+00
    outer loop
      vertex   -2.533069e+00 -2.415277e+00 7.228571e+01
      vertex   -2.533069e+00 -2.415277e+00 8.614286e+01
      vertex   -2.944387e+00 -1.892243e+00 7.228571e+01
    endloop
  endfacet
  facet normal -7.860531e-01 -6.181590e-01 0.000000e+00
    outer loop
      vertex   -2.944387e+00 -1.892243e+00 7.228571e+01
      vertex   -2.533069e+00 -2.415277e+00 8.614286e+01
      vertex   -2.944387e+00 -1.892243e+00 8.614286e+01
    endloop
  endfacet
  facet normal -8.888354e-01 -4.582265e-01 0.000000e+00
    outer loop
      vertex   -2.944387e+00 -1.892243e+00 7.228571e+01
      vertex   -2.944387e+00 -1.892243e+00 8.614286e+01
      vertex   -3.249288e+00 -1.300819e+00 7.228571e+01
    endloop
  endfacet
  facet normal -8.888354e-01 -4.582265e-01 0.000000e+00
    outer loop
      vertex   -3.249288e+00 -1.300819e+00 7.228571e+01
      vertex   -2.944387e+00 -1.892243e+00 8.614286e+01
      vertex   -3.249288e+00 -1.300819e+00 8.614286e+01
    endloop
  endfacet
  facet normal -9.594930e-01 -2.817326e-01 0.000000e+00
    outer loop
      vertex   -3.249288e+00 -1.300819e+00 7.228571e+01
      vertex   -3.249288e+00 -1.300819e+00 8.614286e+01
      vertex   -3.436750e+00 -6.623794e-01 7.228571e+01
    endloop
  endfacet
  facet normal -9.594930e-01 -2.817326e-01 0.000000e+00
    outer loop
      vertex   -3.436750e+00 -6.623794e-01 7.228571e+01
      vertex   -3.249288e+00 -1.300819e+00 8.614286e+01
      vertex   -3.436750e+00 -6.623794e-01 8.614286e+01
    endloop
  endfacet
  facet normal -9.954719e-01 -9.505604e-02 0.000000e+00
    outer loop
      vertex   -3.436750e+00 -6.623794e-01 7.228571e+01
      vertex   -3.436750e+00 -6.623794e-01 8.614286e+01
      vertex   -3.500000e+00 4.286264e-16 7.228571e+01
    endloop
  endfacet
  facet normal -9.954719e-01 -9.505604e-02 -5.880509e-18
    outer loop
      vertex   -3.500000e+00 4.286264e-16 7.228571e+01
      vertex   -3.436750e+00 -6.623794e-01 8.614286e+01
      vertex   -3.500000e+00 -4.286264e-16 8.614286e+01
    endloop
  endfacet
  facet normal 0.000000e+00 -0.000000e+00 -1.000000e+00
    outer loop
      vertex   3.436750e+00 6.623794e-01 0.000000e+00
      vertex   3.500000e+00 0.000000e+00 0.000000e+00
      vertex   -2.292013e+00 -2.645124e+00 0.000000e+00
    endloop
  endfacet
  facet normal 0.000000e+00 0.000000e+00 -1.000000e+00
    outer loop
      vertex   -2.292013e+00 -2.645124e+00 0.000000e+00
      vertex   3.500000e+00 0.000000e+00 0.000000e+00
      vertex   3.436750e+00 -6.623794e-01 0.000000e+00
    endloop
  endfacet
  facet normal 0.000000e+00 0.000000e+00 -1.000000e+00
    outer loop
      vertex   -2.292013e+00 -2.645124e+00 0.000000e+00
      vertex   3.436750e+00 -6.623794e-01 0.000000e+00
      vertex   3.249288e+00 -1.300819e+00 0.000000e+00
    endloop
  endfacet
  facet normal 0.000000e+00 0.000000e+00 -1.000000e+00
    outer loop
      vertex   3.249288e+00 -1.300819e+00 0.000000e+00
      vertex   2.944387e+00 -1.892243e+00 0.000000e+00
      vertex   -2.292013e+00 -2.645124e+00 0.000000e+00
    endloop
  endfacet
  facet normal 0.000000e+00 0.000000e+00 -1.000000e+00
    outer loop
      vertex   -2.292013e+00 -2.645124e+00 0.000000e+00
      vertex   2.944387e+00 -1.892243e+00 0.000000e+00
      vertex   2.533069e+00 -2.415277e+00 0.000000e+00
    endloop
  endfacet
  facet normal 0.000000e+00 0.000000e+00 -1.000000e+00
    outer loop
      vertex   -2.292013e+00 -2.645124e+00 0.000000e+00
      vertex   2.533069e+00 -2.415277e+00 0.000000e+00
      vertex   2.030199e+00 -2.851016e+00 0.000000e+00
    endloop
  endfacet
  facet normal 0.000000e+00 0.000000e+00 -1.000000e+00
    outer loop
      vertex   -2.292013e+00 -2.645124e+00 0.000000e+00
      vertex   2.030199e+00 -2.851016e+00 0.000000e+00
      vertex   -1.750000e+00 -3.031089e+00 0.000000e+00
    endloop
  endfacet
  facet normal 0.000000e+00 0.000000e+00 -1.000000e+00
    outer loop
      vertex   -1.750000e+00 -3.031089e+00 0.000000e+00
      vertex   2.030199e+00 -2.851016e+00 0.000000e+00
      vertex   1.453953e+00 -3.183712e+00 0.000000e+00
    endloop
  endfacet
  facet normal 0.000000e+00 0.000000e+00 -1.000000e+00
    outer loop
      vertex   -1.750000e+00 -3.031089e+00 0.000000e+00
      vertex   1.453953e+00 -3.183712e+00 0.000000e+00
      vertex   -1.144738e+00 -3.307503e+00 0.000000e+00
    endloop
  endfacet
  facet normal 0.000000e+00 0.000000e+00 -1.000000e+00
    outer loop
      vertex   -1.144738e+00 -3.307503e+00 0.000000e+00
      vertex   1.453953e+00 -3.183712e+00 0.000000e+00
      vertex   8.251563e-01 -3.401340e+00 0.000000e+00
    endloop
  endfacet
  facet normal 0.000000e+00 0.000000e+00 -1.000000e+00
    outer loop
      vertex   -1.144738e+00 -3.307503e+00 0.000000e+00
      vertex   8.251563e-01 -3.401340e+00 0.000000e+00
      vertex   -4.981019e-01 -3.464375e+00 0.000000e+00
    endloop
  endfacet
  facet normal 0.000000e+00 0.000000e+00 -1.000000e+00
    outer loop
      vertex   -4.981019e-01 -3.464375e+00 0.000000e+00
      vertex   8.251563e-01 -3.401340e+00 0.000000e+00
      vertex   1.665367e-01 -3.496036e+00 0.000000e+00
    endloop
  endfacet
  facet normal 0.000000e+00 0.000000e+00 -1.000000e+00
    outer loop
      vertex   -2.292013e+00 -2.645124e+00 0.000000e+00
      vertex   -2.751186e+00 -2.163556e+00 0.000000e+00
      vertex   3.436750e+00 6.623794e-01 0.000000e+00
    endloop
  endfacet
  facet normal -0.000000e+00 0.000000e+00 -1.000000e+00
    outer loop
      vertex   3.436750e+00 6.623794e-01 0.000000e+00
      vertex   -2.751186e+00 -2.163556e+00 0.000000e+00
      vertex   3.249288e+00 1.300819e+00 0.000000e+00
    endloop
  endfacet
  facet normal -0.000000e+00 0.000000e+00 -1.000000e+00
    outer loop
      vertex   3.249288e+00 1.300819e+00 0.000000e+00
      vertex   -2.751186e+00 -2.163556e+00 0.000000e+00
      vertex   2.944387e+00 1.892243e+00 0.000000e+00
    endloop
  endfacet
  facet normal -0.000000e+00 0.000000e+00 -1.000000e+00
    outer loop
      vertex   2.944387e+00 1.892243e+00 0.000000e+00
      vertex   -2.751186e+00 -2.163556e+00 0.000000e+00
      vertex   2.533069e+00 2.415277e+00 0.000000e+00
    endloop
  endfacet
  facet normal -0.000000e+00 0.000000e+00 -1.000000e+00
    outer loop
      vertex   2.533069e+00 2.415277e+00 0.000000e+00
      vertex   -2.751186e+00 -2.163556e+00 0.000000e+00
      vertex   2.030199e+00 2.851016e+00 0.000000e+00
    endloop
  endfacet
  facet normal -0.000000e+00 0.000000e+00 -1.000000e+00
    outer loop
      vertex   2.030199e+00 2.851016e+00 0.000000e+00
      vertex   -2.751186e+00 -2.163556e+00 0.000000e+00
      vertex   1.453953e+00 3.183712e+00 0.000000e+00
    endloop
  endfacet
  facet normal -0.000000e+00 0.000000e+00 -1.000000e+00
    outer loop
      vertex   1.453953e+00 3.183712e+00 0.000000e+00
      vertex   -2.751186e+00 -2.163556e+00 0.000000e+00
      vertex   8.251563e-01 3.401340e+00 0.000000e+00
    endloop
  endfacet
  facet normal -0.000000e+00 0.000000e+00 -1.000000e+00
    outer loop
      vertex   8.251563e-01 3.401340e+00 0.000000e+00
      vertex   -2.751186e+00 -2.163556e+00 0.000000e+00
      vertex   1.665367e-01 3.496036e+00 0.000000e+00
    endloop
  endfacet
  facet normal 0.000000e+00 0.000000e+00 -1.000000e+00
    outer loop
      vertex   1.665367e-01 3.496036e+00 0.000000e+00
      vertex   -2.751186e+00 -2.163556e+00 0.000000e+00
      vertex   -4.981019e-01 3.464375e+00 0.000000e+00
    endloop
  endfacet
  facet normal 0.000000e+00 0.000000e+00 -1.000000e+00
    outer loop
      vertex   -4.981019e-01 3.464375e+00 0.000000e+00
      vertex   -2.751186e+00 -2.163556e+00 0.000000e+00
      vertex   -1.144738e+00 3.307503e+00 0.000000e+00
    endloop
  endfacet
  facet normal 0.000000e+00 0.000000e+00 -1.000000e+00
    outer loop
      vertex   -1.144738e+00 3.307503e+00 0.000000e+00
      vertex   -2.751186e+00 -2.163556e+00 0.000000e+00
      vertex   -1.750000e+00 3.031089e+00 0.000000e+00
    endloop
  endfacet
  facet normal 0.000000e+00 0.000000e+00 -1.000000e+00
    outer loop
      vertex   -1.750000e+00 3.031089e+00 0.000000e+00
      vertex   -2.751186e+00 -2.163556e+00 0.000000e+00
      vertex   -2.292013e+00 2.645124e+00 0.000000e+00
    endloop
  endfacet
  facet normal 0.000000e+00 0.000000e+00 -1.000000e+00
    outer loop
      vertex   -2.292013e+00 2.645124e+00 0.000000e+00
      vertex   -2.751186e+00 -2.163556e+00 0.000000e+00
      vertex   -2.751186e+00 2.163556e+00 0.000000e+00
    endloop
  endfacet
  facet normal 0.000000e+00 -0.000000e+00 -1.000000e+00
    outer loop
      vertex   -2.751186e+00 2.163556e+00 0.000000e+00
      vertex   -2.751186e+00 -2.163556e+00 0.000000e+00
      vertex   -3.110924e+00 -1.603793e+00 0.000000e+00
    endloop
  endfacet
  facet normal 0.000000e+00 0.000000e+00 -1.000000e+00
    outer loop
      vertex   -2.751186e+00 2.163556e+00 0.000000e+00
      vertex   -3.110924e+00 -1.603793e+00 0.000000e+00
      vertex   -3.110924e+00 1.603793e+00 0.000000e+00
    endloop
  endfacet
  facet normal 0.000000e+00 -0.000000e+00 -1.000000e+00
    outer loop
      vertex   -3.110924e+00 1.603793e+00 0.000000e+00
      vertex   -3.110924e+00 -1.603793e+00 0.000000e+00
      vertex   -3.358225e+00 -9.860639e-01 0.000000e+00
    endloop
  endfacet
  facet normal 0.000000e+00 0.000000e+00 -1.000000e+00
    outer loop
      vertex   -3.110924e+00 1.603793e+00 0.000000e+00
      vertex   -3.358225e+00 -9.860639e-01 0.000000e+00
      vertex   -3.358225e+00 9.860639e-01 0.000000e+00
    endloop
  endfacet
  facet normal 0.000000e+00 -0.000000e+00 -1.000000e+00
    outer loop
      vertex   -3.358225e+00 9.860639e-01 0.000000e+00
      vertex   -3.358225e+00 -9.860639e-01 0.000000e+00
      vertex   -3.484152e+00 -3.326962e-01 0.000000e+00
    endloop
  endfacet
  facet normal 0.000000e+00 0.000000e+00 -1.000000e+00
    outer loop
      vertex   -3.358225e+00 9.860639e-01 0.000000e+00
      vertex   -3.484152e+00 -3.326962e-01 0.000000e+00
      vertex   -3.484152e+00 3.326962e-01 0.000000e+00
    endloop
  endfacet
  facet normal 0.000000e+00 -0.000000e+00 1.000000e+00
    outer loop
      vertex   3.436750e+00 -6.623794e-01 1.000000e+02
      vertex   3.500000e+00 0.000000e+00 1.000000e+02
      vertex   -2.292013e+00 -2.645124e+00 1.000000e+02
    endloop
  endfacet
  facet normal 0.000000e+00 0.000000e+00 1.000000e+00
    outer loop
      vertex   -2.292013e+00 -2.645124e+00 1.000000e+02
      vertex   3.500000e+00 0.000000e+00 1.000000e+02
      vertex   3.436750e+00 6.623794e-01 1.000000e+02
    endloop
  endfacet
  facet normal 0.000000e+00 -0.000000e+00 1.000000e+00
    outer loop
      vertex   -2.292013e+00 -2.645124e+00 1.000000e+02
      vertex   3.436750e+00 6.623794e-01 1.000000e+02
      vertex   -2.751186e+00 -2.163556e+00 1.000000e+02
    endloop
  endfacet
  facet normal 0.000000e+00 0.000000e+00 1.000000e+00
    outer loop
      vertex   -2.751186e+00 -2.163556e+00 1.000000e+02
      vertex   3.436750e+00 6.623794e-01 1.000000e+02
      vertex   3.249288e+00 1.300819e+00 1.000000e+02
    endloop
  endfacet
  facet normal 0.000000e+00 0.000000e+00 1.000000e+00
    outer loop
      vertex   -2.751186e+00 -2.163556e+00 1.000000e+02
      vertex   3.249288e+00 1.300819e+00 1.000000e+02
      vertex   2.944387e+00 1.892243e+00 1.000000e+02
    endloop
  endfacet
  facet normal 0.000000e+00 0.000000e+00 1.000000e+00
    outer loop
      vertex   2.944387e+00 1.892243e+00 1.000000e+02
      vertex   2.533069e+00 2.415277e+00 1.000000e+02
      vertex   -2.751186e+00 -2.163556e+00 1.000000e+02
    endloop
  endfacet
  facet normal 0.000000e+00 0.000000e+00 1.000000e+00
    outer loop
      vertex   -2.751186e+00 -2.163556e+00 1.000000e+02
      vertex   2.533069e+00 2.415277e+00 1.000000e+02
      vertex   2.030199e+00 2.851016e+00 1.000000e+02
    endloop
  endfacet
  facet normal 0.000000e+00 0.000000e+00 1.000000e+00
    outer loop
      vertex   -2.751186e+00 -2.163556e+00 1.000000e+02
      vertex   2.030199e+00 2.851016e+00 1.000000e+02
      vertex   1.453953e+00 3.183712e+00 1.000000e+02
    endloop
  endfacet
  facet normal 0.000000e+00 0.000000e+00 1.000000e+00
    outer loop
      vertex   1.453953e+00 3.183712e+00 1.000000e+02
      vertex   8.251563e-01 3.401340e+00 1.000000e+02
      vertex   -2.751186e+00 -2.163556e+00 1.000000e+02
    endloop
  endfacet
  facet normal 0.000000e+00 0.000000e+00 1.000000e+00
    outer loop
      vertex   -2.751186e+00 -2.163556e+00 1.000000e+02
      vertex   8.251563e-01 3.401340e+00 1.000000e+02
      vertex   1.665367e-01 3.496036e+00 1.000000e+02
    endloop
  endfacet
  facet normal 0.000000e+00 0.000000e+00 1.000000e+00
    outer loop
      vertex   -2.751186e+00 -2.163556e+00 1.000000e+02
      vertex   1.665367e-01 3.496036e+00 1.000000e+02
      vertex   -4.981019e-01 3.464375e+00 1.000000e+02
    endloop
  endfacet
  facet normal 0.000000e+00 0.000000e+00 1.000000e+00
    outer loop
      vertex   -4.981019e-01 3.464375e+00 1.000000e+02
      vertex   -1.144738e+00 3.307503e+00 1.000000e+02
      vertex   -2.751186e+00 -2.163556e+00 1.000000e+02
    endloop
  endfacet
  facet normal 0.000000e+00 0.000000e+00 1.000000e+00
    outer loop
      vertex   -2.751186e+00 -2.163556e+00 1.000000e+02
      vertex   -1.144738e+00 3.307503e+00 1.000000e+02
      vertex   -1.750000e+00 3.031089e+00 1.000000e+02
    endloop
  endfacet
  facet normal 0.000000e+00 0.000000e+00 1.000000e+00
    outer loop
      vertex   -2.751186e+00 -2.163556e+00 1.000000e+02
      vertex   -1.750000e+00 3.031089e+00 1.000000e+02
      vertex   -2.292013e+00 2.645124e+00 1.000000e+02
    endloop
  endfacet
  facet normal 0.000000e+00 0.000000e+00 1.000000e+00
    outer loop
      vertex   -2.292013e+00 2.645124e+00 1.000000e+02
      vertex   -2.751186e+00 2.163556e+00 1.000000e+02
      vertex   -2.751186e+00 -2.163556e+00 1.000000e+02
    endloop
  endfacet
  facet normal 0.000000e+00 -0.000000e+00 1.000000e+00
    outer loop
      vertex   -2.751186e+00 -2.163556e+00 1.000000e+02
      vertex   -2.751186e+00 2.163556e+00 1.000000e+02
      vertex   -3.110924e+00 -1.603793e+00 1.000000e+02
    endloop
  endfacet
  facet normal 0.000000e+00 0.000000e+00 1.000000e+00
    outer loop
      vertex   -3.110924e+00 -1.603793e+00 1.000000e+02
      vertex   -2.751186e+00 2.163556e+00 1.000000e+02
      vertex   -3.110924e+00 1.603793e+00 1.000000e+02
    endloop
  endfacet
  facet normal 0.000000e+00 -0.000000e+00 1.000000e+00
    outer loop
      vertex   -3.110924e+00 -1.603793e+00 1.000000e+02
      vertex   -3.110924e+00 1.603793e+00 1.000000e+02
      vertex   -3.358225e+00 -9.860639e-01 1.000000e+02
    endloop
  endfacet
  facet normal 0.000000e+00 0.000000e+00 1.000000e+00
    outer loop
      vertex   -3.358225e+00 -9.860639e-01 1.000000e+02
      vertex   -3.110924e+00 1.603793e+00 1.000000e+02
      vertex   -3.358225e+00 9.860639e-01 1.000000e+02
    endloop
  endfacet
  facet normal 0.000000e+00 -0.000000e+00 1.000000e+00
    outer loop
      vertex   -3.358225e+00 -9.860639e-01 1.000000e+02
      vertex   -3.358225e+00 9.860639e-01 1.000000e+02
      vertex   -3.484152e+00 -3.326962e-01 1.000000e+02
    endloop
  endfacet
  facet normal 0.000000e+00 0.000000e+00 1.000000e+00
    outer loop
      vertex   -3.484152e+00 -3.326962e-01 1.000000e+02
      vertex   -3.358225e+00 9.860639e-01 1.000000e+02
      vertex   -3.484152e+00 3.326962e-01 1.000000e+02
    endloop
  endfacet
  facet normal 0.000000e+00 -0.000000e+00 1.000000e+00
    outer loop
      vertex   -1.750000e+00 -3.031089e+00 1.000000e+02
      vertex   2.030199e+00 -2.851016e+00 1.000000e+02
      vertex   -2.292013e+00 -2.645124e+00 1.000000e+02
    endloop
  endfacet
  facet normal -0.000000e+00 0.000000e+00 1.000000e+00
    outer loop
      vertex   -2.292013e+00 -2.645124e+00 1.000000e+02
      vertex   2.030199e+00 -2.851016e+00 1.000000e+02
      vertex   2.533069e+00 -2.415277e+00 1.000000e+02
    endloop
  endfacet
  facet normal 0.000000e+00 0.000000e+00 1.000000e+00
    outer loop
      vertex   -2.292013e+00 -2.645124e+00 1.000000e+02
      vertex   2.533069e+00 -2.415277e+00 1.000000e+02
      vertex   2.944387e+00 -1.892243e+00 1.000000e+02
    endloop
  endfacet
  facet normal 0.000000e+00 0.000000e+00 1.000000e+00
    outer loop
      vertex   2.030199e+00 -2.851016e+00 1.000000e+02
      vertex   -1.750000e+00 -3.031089e+00 1.000000e+02
      vertex   1.453953e+00 -3.183712e+00 1.000000e+02
    endloop
  endfacet
  facet normal 0.000000e+00 0.000000e+00 1.000000e+00
    outer loop
      vertex   1.453953e+00 -3.183712e+00 1.000000e+02
      vertex   -1.750000e+00 -3.031089e+00 1.000000e+02
      vertex   -1.144738e+00 -3.307503e+00 1.000000e+02
    endloop
  endfacet
  facet normal 0.000000e+00 0.000000e+00 1.000000e+00
    outer loop
      vertex   1.453953e+00 -3.183712e+00 1.000000e+02
      vertex   -1.144738e+00 -3.307503e+00 1.000000e+02
      vertex   8.251563e-01 -3.401340e+00 1.000000e+02
    endloop
  endfacet
  facet normal 0.000000e+00 0.000000e+00 1.000000e+00
    outer loop
      vertex   8.251563e-01 -3.401340e+00 1.000000e+02
      vertex   -1.144738e+00 -3.307503e+00 1.000000e+02
      vertex   -4.981019e-01 -3.464375e+00 1.000000e+02
    endloop
  endfacet
  facet normal 0.000000e+00 0.000000e+00 1.000000e+00
    outer loop
      vertex   8.251563e-01 -3.401340e+00 1.000000e+02
      vertex   -4.981019e-01 -3.464375e+00 1.000000e+02
      vertex   1.665367e-01 -3.496036e+00 1.000000e+02
    endloop
  endfacet
  facet normal 0.000000e+00 -0.000000e+00 1.000000e+00
    outer loop
      vertex   2.944387e+00 -1.892243e+00 1.000000e+02
      vertex   3.249288e+00 -1.300819e+00 1.000000e+02
      vertex   -2.292013e+00 -2.645124e+00 1.000000e+02
    endloop
  endfacet
  facet normal 0.000000e+00 0.000000e+00 1.000000e+00
    outer loop
      vertex   -2.292013e+00 -2.645124e+00 1.000000e+02
      vertex   3.249288e+00 -1.300819e+00 1.000000e+02
      vertex   3.436750e+00 -6.623794e-01 1.000000e+02
    endloop
  endfacet
endsolid
