solid 
 facet normal  9.932384e-01  1.160929e-01  0.000000e+00
   outer loop
     vertex  6.811314e+00  1.614311e+00  2.000000e+00
     vertex  7.000000e+00 -1.714506e-15  1.000000e+00
     vertex  6.811314e+00  1.614311e+00  1.000000e+00
   endloop
 endfacet
 facet normal  9.932384e-01  1.160929e-01  0.000000e+00
   outer loop
     vertex  6.811314e+00  1.614311e+00  2.000000e+00
     vertex  7.000000e+00 -1.714506e-15  2.000000e+00
     vertex  7.000000e+00 -1.714506e-15  1.000000e+00
   endloop
 endfacet
 facet normal  9.396926e-01  3.420201e-01  0.000000e+00
   outer loop
     vertex  6.255428e+00  3.141594e+00  2.000000e+00
     vertex  6.811314e+00  1.614311e+00  1.000000e+00
     vertex  6.255428e+00  3.141594e+00  1.000000e+00
   endloop
 endfacet
 facet normal  9.396926e-01  3.420201e-01  0.000000e+00
   outer loop
     vertex  6.255428e+00  3.141594e+00  2.000000e+00
     vertex  6.811314e+00  1.614311e+00  2.000000e+00
     vertex  6.811314e+00  1.614311e+00  1.000000e+00
   endloop
 endfacet
 facet normal  8.354878e-01  5.495090e-01  0.000000e+00
   outer loop
     vertex  5.362311e+00  4.499513e+00  2.000000e+00
     vertex  6.255428e+00  3.141594e+00  1.000000e+00
     vertex  5.362311e+00  4.499513e+00  1.000000e+00
   endloop
 endfacet
 facet normal  8.354878e-01  5.495090e-01  0.000000e+00
   outer loop
     vertex  5.362311e+00  4.499513e+00  2.000000e+00
     vertex  6.255428e+00  3.141594e+00  2.000000e+00
     vertex  6.255428e+00  3.141594e+00  1.000000e+00
   endloop
 endfacet
 facet normal  6.862416e-01  7.273736e-01  0.000000e+00
   outer loop
     vertex  4.180110e+00  5.614862e+00  2.000000e+00
     vertex  5.362311e+00  4.499513e+00  1.000000e+00
     vertex  4.180110e+00  5.614862e+00  1.000000e+00
   endloop
 endfacet
 facet normal  6.862416e-01  7.273736e-01  0.000000e+00
   outer loop
     vertex  4.180110e+00  5.614862e+00  2.000000e+00
     vertex  5.362311e+00  4.499513e+00  2.000000e+00
     vertex  5.362311e+00  4.499513e+00  1.000000e+00
   endloop
 endfacet
 facet normal  5.000000e-01  8.660254e-01  0.000000e+00
   outer loop
     vertex  2.772558e+00  6.427513e+00  2.000000e+00
     vertex  4.180110e+00  5.614862e+00  1.000000e+00
     vertex  2.772558e+00  6.427513e+00  1.000000e+00
   endloop
 endfacet
 facet normal  5.000000e-01  8.660254e-01  0.000000e+00
   outer loop
     vertex  2.772558e+00  6.427513e+00  2.000000e+00
     vertex  4.180110e+00  5.614862e+00  2.000000e+00
     vertex  4.180110e+00  5.614862e+00  1.000000e+00
   endloop
 endfacet
 facet normal  2.868032e-01  9.579895e-01  0.000000e+00
   outer loop
     vertex  1.215537e+00  6.893654e+00  2.000000e+00
     vertex  2.772558e+00  6.427513e+00  1.000000e+00
     vertex  1.215537e+00  6.893654e+00  1.000000e+00
   endloop
 endfacet
 facet normal  2.868032e-01  9.579895e-01  0.000000e+00
   outer loop
     vertex  1.215537e+00  6.893654e+00  2.000000e+00
     vertex  2.772558e+00  6.427513e+00  2.000000e+00
     vertex  2.772558e+00  6.427513e+00  1.000000e+00
   endloop
 endfacet
 facet normal  5.814483e-02  9.983082e-01  0.000000e+00
   outer loop
     vertex -4.070138e-01  6.988157e+00  2.000000e+00
     vertex  1.215537e+00  6.893654e+00  1.000000e+00
     vertex -4.070138e-01  6.988157e+00  1.000000e+00
   endloop
 endfacet
 facet normal  5.814483e-02  9.983082e-01  0.000000e+00
   outer loop
     vertex -4.070138e-01  6.988157e+00  2.000000e+00
     vertex  1.215537e+00  6.893654e+00  2.000000e+00
     vertex  1.215537e+00  6.893654e+00  1.000000e+00
   endloop
 endfacet
 facet normal -1.736482e-01  9.848078e-01  0.000000e+00
   outer loop
     vertex -2.007623e+00  6.705927e+00  2.000000e+00
     vertex -4.070138e-01  6.988157e+00  1.000000e+00
     vertex -2.007623e+00  6.705927e+00  1.000000e+00
   endloop
 endfacet
 facet normal -1.736482e-01  9.848078e-01  0.000000e+00
   outer loop
     vertex -2.007623e+00  6.705927e+00  2.000000e+00
     vertex -4.070138e-01  6.988157e+00  2.000000e+00
     vertex -4.070138e-01  6.988157e+00  1.000000e+00
   endloop
 endfacet
 facet normal -3.960798e-01  9.182161e-01  0.000000e+00
   outer loop
     vertex -3.500000e+00  6.062178e+00  2.000000e+00
     vertex -2.007623e+00  6.705927e+00  1.000000e+00
     vertex -3.500000e+00  6.062178e+00  1.000000e+00
   endloop
 endfacet
 facet normal -3.960798e-01  9.182161e-01  0.000000e+00
   outer loop
     vertex -3.500000e+00  6.062178e+00  2.000000e+00
     vertex -2.007623e+00  6.705927e+00  2.000000e+00
     vertex -2.007623e+00  6.705927e+00  1.000000e+00
   endloop
 endfacet
 facet normal -5.971586e-01  8.021232e-01  0.000000e+00
   outer loop
     vertex -4.803691e+00  5.091615e+00  2.000000e+00
     vertex -3.500000e+00  6.062178e+00  1.000000e+00
     vertex -4.803691e+00  5.091615e+00  1.000000e+00
   endloop
 endfacet
 facet normal -5.971586e-01  8.021232e-01  0.000000e+00
   outer loop
     vertex -4.803691e+00  5.091615e+00  2.000000e+00
     vertex -3.500000e+00  6.062178e+00  2.000000e+00
     vertex -3.500000e+00  6.062178e+00  1.000000e+00
   endloop
 endfacet
 facet normal -7.660444e-01  6.427876e-01  0.000000e+00
   outer loop
     vertex -5.848415e+00  3.846563e+00  2.000000e+00
     vertex -4.803691e+00  5.091615e+00  2.000000e+00
     vertex -4.803691e+00  5.091615e+00  1.000000e+00
   endloop
 endfacet
 facet normal -7.660444e-01  6.427876e-01  0.000000e+00
   outer loop
     vertex -5.848415e+00  3.846563e+00  2.000000e+00
     vertex -4.803691e+00  5.091615e+00  1.000000e+00
     vertex -5.848415e+00  3.846563e+00  1.000000e+00
   endloop
 endfacet
 facet normal -8.936326e-01  4.487992e-01  0.000000e+00
   outer loop
     vertex -6.577848e+00  2.394141e+00  2.000000e+00
     vertex -5.848415e+00  3.846563e+00  2.000000e+00
     vertex -5.848415e+00  3.846563e+00  1.000000e+00
   endloop
 endfacet
 facet normal -8.936326e-01  4.487992e-01  0.000000e+00
   outer loop
     vertex -6.577848e+00  2.394141e+00  2.000000e+00
     vertex -5.848415e+00  3.846563e+00  1.000000e+00
     vertex -6.577848e+00  2.394141e+00  1.000000e+00
   endloop
 endfacet
 facet normal -9.730449e-01  2.306159e-01  0.000000e+00
   outer loop
     vertex -6.952669e+00  8.126504e-01  2.000000e+00
     vertex -6.577848e+00  2.394141e+00  1.000000e+00
     vertex -6.952669e+00  8.126504e-01  1.000000e+00
   endloop
 endfacet
 facet normal -9.730449e-01  2.306159e-01  0.000000e+00
   outer loop
     vertex -6.952669e+00  8.126504e-01  2.000000e+00
     vertex -6.577848e+00  2.394141e+00  2.000000e+00
     vertex -6.577848e+00  2.394141e+00  1.000000e+00
   endloop
 endfacet
 facet normal -1.000000e+00  0.000000e+00  0.000000e+00
   outer loop
     vertex -6.952669e+00 -8.126504e-01  2.000000e+00
     vertex -6.952669e+00  8.126504e-01  1.000000e+00
     vertex -6.952669e+00 -8.126504e-01  1.000000e+00
   endloop
 endfacet
 facet normal -1.000000e+00  0.000000e+00  0.000000e+00
   outer loop
     vertex -6.952669e+00 -8.126504e-01  2.000000e+00
     vertex -6.952669e+00  8.126504e-01  2.000000e+00
     vertex -6.952669e+00  8.126504e-01  1.000000e+00
   endloop
 endfacet
 facet normal -9.730449e-01 -2.306159e-01 -0.000000e+00
   outer loop
     vertex -6.577848e+00 -2.394141e+00  2.000000e+00
     vertex -6.952669e+00 -8.126504e-01  1.000000e+00
     vertex -6.577848e+00 -2.394141e+00  1.000000e+00
   endloop
 endfacet
 facet normal -8.936326e-01 -4.487992e-01 -0.000000e+00
   outer loop
     vertex -6.577848e+00 -2.394141e+00  2.000000e+00
     vertex -6.577848e+00 -2.394141e+00  1.000000e+00
     vertex -5.848415e+00 -3.846563e+00  1.000000e+00
   endloop
 endfacet
 facet normal -9.730449e-01 -2.306159e-01  0.000000e+00
   outer loop
     vertex -6.577848e+00 -2.394141e+00  2.000000e+00
     vertex -6.952669e+00 -8.126504e-01  2.000000e+00
     vertex -6.952669e+00 -8.126504e-01  1.000000e+00
   endloop
 endfacet
 facet normal -8.936326e-01 -4.487992e-01 -0.000000e+00
   outer loop
     vertex -5.848415e+00 -3.846563e+00  2.000000e+00
     vertex -6.577848e+00 -2.394141e+00  2.000000e+00
     vertex -5.848415e+00 -3.846563e+00  1.000000e+00
   endloop
 endfacet
 facet normal -7.660444e-01 -6.427876e-01 -0.000000e+00
   outer loop
     vertex -4.803691e+00 -5.091615e+00  2.000000e+00
     vertex -5.848415e+00 -3.846563e+00  1.000000e+00
     vertex -4.803691e+00 -5.091615e+00  1.000000e+00
   endloop
 endfacet
 facet normal -5.971586e-01 -8.021232e-01 -0.000000e+00
   outer loop
     vertex -4.803691e+00 -5.091615e+00  2.000000e+00
     vertex -4.803691e+00 -5.091615e+00  1.000000e+00
     vertex -3.500000e+00 -6.062178e+00  1.000000e+00
   endloop
 endfacet
 facet normal -7.660444e-01 -6.427876e-01  0.000000e+00
   outer loop
     vertex -4.803691e+00 -5.091615e+00  2.000000e+00
     vertex -5.848415e+00 -3.846563e+00  2.000000e+00
     vertex -5.848415e+00 -3.846563e+00  1.000000e+00
   endloop
 endfacet
 facet normal -5.971586e-01 -8.021232e-01 -0.000000e+00
   outer loop
     vertex -3.500000e+00 -6.062178e+00  2.000000e+00
     vertex -4.803691e+00 -5.091615e+00  2.000000e+00
     vertex -3.500000e+00 -6.062178e+00  1.000000e+00
   endloop
 endfacet
 facet normal -3.960798e-01 -9.182161e-01 -0.000000e+00
   outer loop
     vertex -2.007623e+00 -6.705927e+00  2.000000e+00
     vertex -3.500000e+00 -6.062178e+00  1.000000e+00
     vertex -2.007623e+00 -6.705927e+00  1.000000e+00
   endloop
 endfacet
 facet normal -1.736482e-01 -9.848078e-01 -0.000000e+00
   outer loop
     vertex -2.007623e+00 -6.705927e+00  2.000000e+00
     vertex -2.007623e+00 -6.705927e+00  1.000000e+00
     vertex -4.070138e-01 -6.988157e+00  1.000000e+00
   endloop
 endfacet
 facet normal -3.960798e-01 -9.182161e-01  0.000000e+00
   outer loop
     vertex -2.007623e+00 -6.705927e+00  2.000000e+00
     vertex -3.500000e+00 -6.062178e+00  2.000000e+00
     vertex -3.500000e+00 -6.062178e+00  1.000000e+00
   endloop
 endfacet
 facet normal -1.736482e-01 -9.848078e-01 -0.000000e+00
   outer loop
     vertex -4.070138e-01 -6.988157e+00  2.000000e+00
     vertex -2.007623e+00 -6.705927e+00  2.000000e+00
     vertex -4.070138e-01 -6.988157e+00  1.000000e+00
   endloop
 endfacet
 facet normal  5.814483e-02 -9.983082e-01  0.000000e+00
   outer loop
     vertex  1.215537e+00 -6.893654e+00  2.000000e+00
     vertex -4.070138e-01 -6.988157e+00  1.000000e+00
     vertex  1.215537e+00 -6.893654e+00  1.000000e+00
   endloop
 endfacet
 facet normal  5.814483e-02 -9.983082e-01  0.000000e+00
   outer loop
     vertex  1.215537e+00 -6.893654e+00  2.000000e+00
     vertex -4.070138e-01 -6.988157e+00  2.000000e+00
     vertex -4.070138e-01 -6.988157e+00  1.000000e+00
   endloop
 endfacet
 facet normal  2.868032e-01 -9.579895e-01  0.000000e+00
   outer loop
     vertex  2.772558e+00 -6.427513e+00  2.000000e+00
     vertex  1.215537e+00 -6.893654e+00  1.000000e+00
     vertex  2.772558e+00 -6.427513e+00  1.000000e+00
   endloop
 endfacet
 facet normal  2.868032e-01 -9.579895e-01  0.000000e+00
   outer loop
     vertex  2.772558e+00 -6.427513e+00  2.000000e+00
     vertex  1.215537e+00 -6.893654e+00  2.000000e+00
     vertex  1.215537e+00 -6.893654e+00  1.000000e+00
   endloop
 endfacet
 facet normal  5.000000e-01 -8.660254e-01  0.000000e+00
   outer loop
     vertex  4.180110e+00 -5.614862e+00  2.000000e+00
     vertex  2.772558e+00 -6.427513e+00  1.000000e+00
     vertex  4.180110e+00 -5.614862e+00  1.000000e+00
   endloop
 endfacet
 facet normal  5.000000e-01 -8.660254e-01  0.000000e+00
   outer loop
     vertex  4.180110e+00 -5.614862e+00  2.000000e+00
     vertex  2.772558e+00 -6.427513e+00  2.000000e+00
     vertex  2.772558e+00 -6.427513e+00  1.000000e+00
   endloop
 endfacet
 facet normal  6.862416e-01 -7.273736e-01  0.000000e+00
   outer loop
     vertex  5.362311e+00 -4.499513e+00  2.000000e+00
     vertex  4.180110e+00 -5.614862e+00  1.000000e+00
     vertex  5.362311e+00 -4.499513e+00  1.000000e+00
   endloop
 endfacet
 facet normal  6.862416e-01 -7.273736e-01  0.000000e+00
   outer loop
     vertex  5.362311e+00 -4.499513e+00  2.000000e+00
     vertex  4.180110e+00 -5.614862e+00  2.000000e+00
     vertex  4.180110e+00 -5.614862e+00  1.000000e+00
   endloop
 endfacet
 facet normal  8.354878e-01 -5.495090e-01  0.000000e+00
   outer loop
     vertex  6.255428e+00 -3.141594e+00  2.000000e+00
     vertex  5.362311e+00 -4.499513e+00  1.000000e+00
     vertex  6.255428e+00 -3.141594e+00  1.000000e+00
   endloop
 endfacet
 facet normal  8.354878e-01 -5.495090e-01  0.000000e+00
   outer loop
     vertex  6.255428e+00 -3.141594e+00  2.000000e+00
     vertex  5.362311e+00 -4.499513e+00  2.000000e+00
     vertex  5.362311e+00 -4.499513e+00  1.000000e+00
   endloop
 endfacet
 facet normal  9.396926e-01 -3.420201e-01  0.000000e+00
   outer loop
     vertex  6.811314e+00 -1.614311e+00  2.000000e+00
     vertex  6.255428e+00 -3.141594e+00  1.000000e+00
     vertex  6.811314e+00 -1.614311e+00  1.000000e+00
   endloop
 endfacet
 facet normal  9.396926e-01 -3.420201e-01  0.000000e+00
   outer loop
     vertex  6.811314e+00 -1.614311e+00  2.000000e+00
     vertex  6.255428e+00 -3.141594e+00  2.000000e+00
     vertex  6.255428e+00 -3.141594e+00  1.000000e+00
   endloop
 endfacet
 facet normal  9.932384e-01 -1.160929e-01  0.000000e+00
   outer loop
     vertex  7.000000e+00 -1.714506e-15  2.000000e+00
     vertex  6.811314e+00 -1.614311e+00  1.000000e+00
     vertex  7.000000e+00 -1.714506e-15  1.000000e+00
   endloop
 endfacet
 facet normal  9.932384e-01 -1.160929e-01  0.000000e+00
   outer loop
     vertex  7.000000e+00 -1.714506e-15  2.000000e+00
     vertex  6.811314e+00 -1.614311e+00  2.000000e+00
     vertex  6.811314e+00 -1.614311e+00  1.000000e+00
   endloop
 endfacet
 facet normal  0.000000e+00  0.000000e+00 -1.000000e+00
   outer loop
     vertex -2.007623e+00 -6.705927e+00  1.000000e+00
     vertex  1.215537e+00 -6.893654e+00  1.000000e+00
     vertex -4.070138e-01 -6.988157e+00  1.000000e+00
   endloop
 endfacet
 facet normal  0.000000e+00  0.000000e+00 -1.000000e+00
   outer loop
     vertex -4.803691e+00 -5.091615e+00  1.000000e+00
     vertex -2.007623e+00 -6.705927e+00  1.000000e+00
     vertex -3.500000e+00 -6.062178e+00  1.000000e+00
   endloop
 endfacet
 facet normal  0.000000e+00  0.000000e+00 -1.000000e+00
   outer loop
     vertex -4.803691e+00 -5.091615e+00  1.000000e+00
     vertex  1.215537e+00 -6.893654e+00  1.000000e+00
     vertex -2.007623e+00 -6.705927e+00  1.000000e+00
   endloop
 endfacet
 facet normal  0.000000e+00  0.000000e+00 -1.000000e+00
   outer loop
     vertex -6.952669e+00 -8.126504e-01  1.000000e+00
     vertex -5.848415e+00 -3.846563e+00  1.000000e+00
     vertex -6.577848e+00 -2.394141e+00  1.000000e+00
   endloop
 endfacet
 facet normal  0.000000e+00  0.000000e+00 -1.000000e+00
   outer loop
     vertex -6.952669e+00 -8.126504e-01  1.000000e+00
     vertex -4.803691e+00 -5.091615e+00  1.000000e+00
     vertex -5.848415e+00 -3.846563e+00  1.000000e+00
   endloop
 endfacet
 facet normal  0.000000e+00  0.000000e+00 -1.000000e+00
   outer loop
     vertex -6.952669e+00  8.126504e-01  1.000000e+00
     vertex -4.803691e+00 -5.091615e+00  1.000000e+00
     vertex -6.952669e+00 -8.126504e-01  1.000000e+00
   endloop
 endfacet
 facet normal  0.000000e+00  0.000000e+00 -1.000000e+00
   outer loop
     vertex  6.811314e+00  1.614311e+00  1.000000e+00
     vertex  6.255428e+00 -3.141594e+00  1.000000e+00
     vertex  5.362311e+00 -4.499513e+00  1.000000e+00
   endloop
 endfacet
 facet normal  0.000000e+00 -0.000000e+00 -1.000000e+00
   outer loop
     vertex  6.811314e+00  1.614311e+00  1.000000e+00
     vertex  6.811314e+00 -1.614311e+00  1.000000e+00
     vertex  6.255428e+00 -3.141594e+00  1.000000e+00
   endloop
 endfacet
 facet normal  0.000000e+00  0.000000e+00 -1.000000e+00
   outer loop
     vertex  6.811314e+00  1.614311e+00  1.000000e+00
     vertex  7.000000e+00 -1.714506e-15  1.000000e+00
     vertex  6.811314e+00 -1.614311e+00  1.000000e+00
   endloop
 endfacet
 facet normal  0.000000e+00  0.000000e+00 -1.000000e+00
   outer loop
     vertex  5.362311e+00  4.499513e+00  1.000000e+00
     vertex  6.255428e+00  3.141594e+00  1.000000e+00
     vertex  6.811314e+00  1.614311e+00  1.000000e+00
   endloop
 endfacet
 facet normal  0.000000e+00  0.000000e+00 -1.000000e+00
   outer loop
     vertex -4.803691e+00  5.091615e+00  1.000000e+00
     vertex -6.577848e+00  2.394141e+00  1.000000e+00
     vertex -5.848415e+00  3.846563e+00  1.000000e+00
   endloop
 endfacet
 facet normal  0.000000e+00  0.000000e+00 -1.000000e+00
   outer loop
     vertex -4.803691e+00  5.091615e+00  1.000000e+00
     vertex -6.952669e+00  8.126504e-01  1.000000e+00
     vertex -6.577848e+00  2.394141e+00  1.000000e+00
   endloop
 endfacet
 facet normal  0.000000e+00  0.000000e+00 -1.000000e+00
   outer loop
     vertex  4.180110e+00  5.614862e+00  1.000000e+00
     vertex  2.772558e+00 -6.427513e+00  1.000000e+00
     vertex  1.215537e+00 -6.893654e+00  1.000000e+00
   endloop
 endfacet
 facet normal  0.000000e+00  0.000000e+00 -1.000000e+00
   outer loop
     vertex  4.180110e+00  5.614862e+00  1.000000e+00
     vertex  4.180110e+00 -5.614862e+00  1.000000e+00
     vertex  2.772558e+00 -6.427513e+00  1.000000e+00
   endloop
 endfacet
 facet normal  0.000000e+00 -0.000000e+00 -1.000000e+00
   outer loop
     vertex  4.180110e+00  5.614862e+00  1.000000e+00
     vertex  5.362311e+00 -4.499513e+00  1.000000e+00
     vertex  4.180110e+00 -5.614862e+00  1.000000e+00
   endloop
 endfacet
 facet normal  0.000000e+00  0.000000e+00 -1.000000e+00
   outer loop
     vertex  4.180110e+00  5.614862e+00  1.000000e+00
     vertex  6.811314e+00  1.614311e+00  1.000000e+00
     vertex  5.362311e+00 -4.499513e+00  1.000000e+00
   endloop
 endfacet
 facet normal  0.000000e+00  0.000000e+00 -1.000000e+00
   outer loop
     vertex  4.180110e+00  5.614862e+00  1.000000e+00
     vertex  5.362311e+00  4.499513e+00  1.000000e+00
     vertex  6.811314e+00  1.614311e+00  1.000000e+00
   endloop
 endfacet
 facet normal  0.000000e+00 -0.000000e+00 -1.000000e+00
   outer loop
     vertex -3.500000e+00  6.062178e+00  1.000000e+00
     vertex  1.215537e+00 -6.893654e+00  1.000000e+00
     vertex -4.803691e+00 -5.091615e+00  1.000000e+00
   endloop
 endfacet
 facet normal  0.000000e+00  0.000000e+00 -1.000000e+00
   outer loop
     vertex -3.500000e+00  6.062178e+00  1.000000e+00
     vertex -4.803691e+00 -5.091615e+00  1.000000e+00
     vertex -6.952669e+00  8.126504e-01  1.000000e+00
   endloop
 endfacet
 facet normal  0.000000e+00  0.000000e+00 -1.000000e+00
   outer loop
     vertex -3.500000e+00  6.062178e+00  1.000000e+00
     vertex -6.952669e+00  8.126504e-01  1.000000e+00
     vertex -4.803691e+00  5.091615e+00  1.000000e+00
   endloop
 endfacet
 facet normal  0.000000e+00 -0.000000e+00 -1.000000e+00
   outer loop
     vertex -2.007623e+00  6.705927e+00  1.000000e+00
     vertex  1.215537e+00 -6.893654e+00  1.000000e+00
     vertex -3.500000e+00  6.062178e+00  1.000000e+00
   endloop
 endfacet
 facet normal  0.000000e+00  0.000000e+00 -1.000000e+00
   outer loop
     vertex -2.007623e+00  6.705927e+00  1.000000e+00
     vertex  4.180110e+00  5.614862e+00  1.000000e+00
     vertex  1.215537e+00 -6.893654e+00  1.000000e+00
   endloop
 endfacet
 facet normal  0.000000e+00  0.000000e+00 -1.000000e+00
   outer loop
     vertex  1.215537e+00  6.893654e+00  1.000000e+00
     vertex  2.772558e+00  6.427513e+00  1.000000e+00
     vertex  4.180110e+00  5.614862e+00  1.000000e+00
   endloop
 endfacet
 facet normal  0.000000e+00 -0.000000e+00 -1.000000e+00
   outer loop
     vertex -4.070138e-01  6.988157e+00  1.000000e+00
     vertex  4.180110e+00  5.614862e+00  1.000000e+00
     vertex -2.007623e+00  6.705927e+00  1.000000e+00
   endloop
 endfacet
 facet normal  0.000000e+00  0.000000e+00 -1.000000e+00
   outer loop
     vertex -4.070138e-01  6.988157e+00  1.000000e+00
     vertex  1.215537e+00  6.893654e+00  1.000000e+00
     vertex  4.180110e+00  5.614862e+00  1.000000e+00
   endloop
 endfacet
 facet normal  0.000000e+00  0.000000e+00  1.000000e+00
   outer loop
     vertex -5.848415e+00 -3.846563e+00  2.000000e+00
     vertex -6.952669e+00 -8.126504e-01  2.000000e+00
     vertex -6.577848e+00 -2.394141e+00  2.000000e+00
   endloop
 endfacet
 facet normal  0.000000e+00  0.000000e+00  1.000000e+00
   outer loop
     vertex -5.848415e+00  3.846563e+00  2.000000e+00
     vertex -6.577848e+00  2.394141e+00  2.000000e+00
     vertex -6.952669e+00  8.126504e-01  2.000000e+00
   endloop
 endfacet
 facet normal  0.000000e+00  0.000000e+00  1.000000e+00
   outer loop
     vertex -4.803691e+00 -5.091615e+00  2.000000e+00
     vertex -6.952669e+00  8.126504e-01  2.000000e+00
     vertex -6.952669e+00 -8.126504e-01  2.000000e+00
   endloop
 endfacet
 facet normal  0.000000e+00  0.000000e+00  1.000000e+00
   outer loop
     vertex -4.803691e+00 -5.091615e+00  2.000000e+00
     vertex -6.952669e+00 -8.126504e-01  2.000000e+00
     vertex -5.848415e+00 -3.846563e+00  2.000000e+00
   endloop
 endfacet
 facet normal  0.000000e+00  0.000000e+00  1.000000e+00
   outer loop
     vertex -3.500000e+00  6.062178e+00  2.000000e+00
     vertex -4.803691e+00  5.091615e+00  2.000000e+00
     vertex -5.848415e+00  3.846563e+00  2.000000e+00
   endloop
 endfacet
 facet normal  0.000000e+00  0.000000e+00  1.000000e+00
   outer loop
     vertex -2.007623e+00 -6.705927e+00  2.000000e+00
     vertex -4.803691e+00 -5.091615e+00  2.000000e+00
     vertex -3.500000e+00 -6.062178e+00  2.000000e+00
   endloop
 endfacet
 facet normal  0.000000e+00  0.000000e+00  1.000000e+00
   outer loop
     vertex -4.070138e-01  6.988157e+00  2.000000e+00
     vertex -2.007623e+00  6.705927e+00  2.000000e+00
     vertex -3.500000e+00  6.062178e+00  2.000000e+00
   endloop
 endfacet
 facet normal  0.000000e+00  0.000000e+00  1.000000e+00
   outer loop
     vertex  1.215537e+00 -6.893654e+00  2.000000e+00
     vertex -2.007623e+00 -6.705927e+00  2.000000e+00
     vertex -4.070138e-01 -6.988157e+00  2.000000e+00
   endloop
 endfacet
 facet normal  0.000000e+00  0.000000e+00  1.000000e+00
   outer loop
     vertex  1.215537e+00 -6.893654e+00  2.000000e+00
     vertex -4.803691e+00 -5.091615e+00  2.000000e+00
     vertex -2.007623e+00 -6.705927e+00  2.000000e+00
   endloop
 endfacet
 facet normal  0.000000e+00  0.000000e+00  1.000000e+00
   outer loop
     vertex  4.180110e+00  5.614862e+00  2.000000e+00
     vertex  2.772558e+00  6.427513e+00  2.000000e+00
     vertex  1.215537e+00  6.893654e+00  2.000000e+00
   endloop
 endfacet
 facet normal  0.000000e+00  0.000000e+00  1.000000e+00
   outer loop
     vertex  4.180110e+00  5.614862e+00  2.000000e+00
     vertex  1.215537e+00  6.893654e+00  2.000000e+00
     vertex -4.070138e-01  6.988157e+00  2.000000e+00
   endloop
 endfacet
 facet normal  0.000000e+00  0.000000e+00  1.000000e+00
   outer loop
     vertex  4.180110e+00  5.614862e+00  2.000000e+00
     vertex -4.070138e-01  6.988157e+00  2.000000e+00
     vertex -3.500000e+00  6.062178e+00  2.000000e+00
   endloop
 endfacet
 facet normal  0.000000e+00  0.000000e+00  1.000000e+00
   outer loop
     vertex  4.180110e+00 -5.614862e+00  2.000000e+00
     vertex  1.215537e+00 -6.893654e+00  2.000000e+00
     vertex  2.772558e+00 -6.427513e+00  2.000000e+00
   endloop
 endfacet
 facet normal  0.000000e+00  0.000000e+00  1.000000e+00
   outer loop
     vertex  4.180110e+00 -5.614862e+00  2.000000e+00
     vertex -5.848415e+00  3.846563e+00  2.000000e+00
     vertex -6.952669e+00  8.126504e-01  2.000000e+00
   endloop
 endfacet
 facet normal  0.000000e+00  0.000000e+00  1.000000e+00
   outer loop
     vertex  4.180110e+00 -5.614862e+00  2.000000e+00
     vertex -6.952669e+00  8.126504e-01  2.000000e+00
     vertex -4.803691e+00 -5.091615e+00  2.000000e+00
   endloop
 endfacet
 facet normal  0.000000e+00  0.000000e+00  1.000000e+00
   outer loop
     vertex  4.180110e+00 -5.614862e+00  2.000000e+00
     vertex -4.803691e+00 -5.091615e+00  2.000000e+00
     vertex  1.215537e+00 -6.893654e+00  2.000000e+00
   endloop
 endfacet
 facet normal  0.000000e+00  0.000000e+00  1.000000e+00
   outer loop
     vertex  5.362311e+00  4.499513e+00  2.000000e+00
     vertex -3.500000e+00  6.062178e+00  2.000000e+00
     vertex -5.848415e+00  3.846563e+00  2.000000e+00
   endloop
 endfacet
 facet normal  0.000000e+00  0.000000e+00  1.000000e+00
   outer loop
     vertex  5.362311e+00  4.499513e+00  2.000000e+00
     vertex -5.848415e+00  3.846563e+00  2.000000e+00
     vertex  4.180110e+00 -5.614862e+00  2.000000e+00
   endloop
 endfacet
 facet normal  0.000000e+00  0.000000e+00  1.000000e+00
   outer loop
     vertex  5.362311e+00  4.499513e+00  2.000000e+00
     vertex  4.180110e+00  5.614862e+00  2.000000e+00
     vertex -3.500000e+00  6.062178e+00  2.000000e+00
   endloop
 endfacet
 facet normal  0.000000e+00  0.000000e+00  1.000000e+00
   outer loop
     vertex  6.811314e+00  1.614311e+00  2.000000e+00
     vertex  6.255428e+00  3.141594e+00  2.000000e+00
     vertex  5.362311e+00  4.499513e+00  2.000000e+00
   endloop
 endfacet
 facet normal  0.000000e+00  0.000000e+00  1.000000e+00
   outer loop
     vertex  6.811314e+00 -1.614311e+00  2.000000e+00
     vertex  5.362311e+00 -4.499513e+00  2.000000e+00
     vertex  6.255428e+00 -3.141594e+00  2.000000e+00
   endloop
 endfacet
 facet normal  0.000000e+00  0.000000e+00  1.000000e+00
   outer loop
     vertex  7.000000e+00 -1.714506e-15  2.000000e+00
     vertex  4.180110e+00 -5.614862e+00  2.000000e+00
     vertex  5.362311e+00 -4.499513e+00  2.000000e+00
   endloop
 endfacet
 facet normal  0.000000e+00  0.000000e+00  1.000000e+00
   outer loop
     vertex  7.000000e+00 -1.714506e-15  2.000000e+00
     vertex  5.362311e+00  4.499513e+00  2.000000e+00
     vertex  4.180110e+00 -5.614862e+00  2.000000e+00
   endloop
 endfacet
 facet normal  0.000000e+00  0.000000e+00  1.000000e+00
   outer loop
     vertex  7.000000e+00 -1.714506e-15  2.000000e+00
     vertex  6.811314e+00  1.614311e+00  2.000000e+00
     vertex  5.362311e+00  4.499513e+00  2.000000e+00
   endloop
 endfacet
 facet normal  0.000000e+00  0.000000e+00  1.000000e+00
   outer loop
     vertex  7.000000e+00 -1.714506e-15  2.000000e+00
     vertex  5.362311e+00 -4.499513e+00  2.000000e+00
     vertex  6.811314e+00 -1.614311e+00  2.000000e+00
   endloop
 endfacet
 facet normal  9.932384e-01  1.160929e-01  0.000000e+00
   outer loop
     vertex  6.811314e+00  1.614311e+00  3.000000e+00
     vertex  7.000000e+00 -1.714506e-15  3.000000e+00
     vertex  7.000000e+00 -1.714506e-15  2.000000e+00
   endloop
 endfacet
 facet normal  9.932384e-01  1.160929e-01  0.000000e+00
   outer loop
     vertex  6.811314e+00  1.614311e+00  3.000000e+00
     vertex  7.000000e+00 -1.714506e-15  2.000000e+00
     vertex  6.811314e+00  1.614311e+00  2.000000e+00
   endloop
 endfacet
 facet normal  9.396926e-01  3.420201e-01  0.000000e+00
   outer loop
     vertex  6.255428e+00  3.141594e+00  3.000000e+00
     vertex  6.811314e+00  1.614311e+00  2.000000e+00
     vertex  6.255428e+00  3.141594e+00  2.000000e+00
   endloop
 endfacet
 facet normal  9.396926e-01  3.420201e-01  0.000000e+00
   outer loop
     vertex  6.255428e+00  3.141594e+00  3.000000e+00
     vertex  6.811314e+00  1.614311e+00  3.000000e+00
     vertex  6.811314e+00  1.614311e+00  2.000000e+00
   endloop
 endfacet
 facet normal  8.354878e-01  5.495090e-01  0.000000e+00
   outer loop
     vertex  5.362311e+00  4.499513e+00  3.000000e+00
     vertex  6.255428e+00  3.141594e+00  2.000000e+00
     vertex  5.362311e+00  4.499513e+00  2.000000e+00
   endloop
 endfacet
 facet normal  8.354878e-01  5.495090e-01  0.000000e+00
   outer loop
     vertex  5.362311e+00  4.499513e+00  3.000000e+00
     vertex  6.255428e+00  3.141594e+00  3.000000e+00
     vertex  6.255428e+00  3.141594e+00  2.000000e+00
   endloop
 endfacet
 facet normal  6.862416e-01  7.273736e-01  0.000000e+00
   outer loop
     vertex  4.180110e+00  5.614862e+00  3.000000e+00
     vertex  5.362311e+00  4.499513e+00  2.000000e+00
     vertex  4.180110e+00  5.614862e+00  2.000000e+00
   endloop
 endfacet
 facet normal  6.862416e-01  7.273736e-01  0.000000e+00
   outer loop
     vertex  4.180110e+00  5.614862e+00  3.000000e+00
     vertex  5.362311e+00  4.499513e+00  3.000000e+00
     vertex  5.362311e+00  4.499513e+00  2.000000e+00
   endloop
 endfacet
 facet normal  5.000000e-01  8.660254e-01  0.000000e+00
   outer loop
     vertex  2.772558e+00  6.427513e+00  3.000000e+00
     vertex  4.180110e+00  5.614862e+00  2.000000e+00
     vertex  2.772558e+00  6.427513e+00  2.000000e+00
   endloop
 endfacet
 facet normal  5.000000e-01  8.660254e-01  0.000000e+00
   outer loop
     vertex  2.772558e+00  6.427513e+00  3.000000e+00
     vertex  4.180110e+00  5.614862e+00  3.000000e+00
     vertex  4.180110e+00  5.614862e+00  2.000000e+00
   endloop
 endfacet
 facet normal  2.868032e-01  9.579895e-01  0.000000e+00
   outer loop
     vertex  1.215537e+00  6.893654e+00  3.000000e+00
     vertex  2.772558e+00  6.427513e+00  2.000000e+00
     vertex  1.215537e+00  6.893654e+00  2.000000e+00
   endloop
 endfacet
 facet normal  5.814483e-02  9.983082e-01  0.000000e+00
   outer loop
     vertex  1.215537e+00  6.893654e+00  3.000000e+00
     vertex  1.215537e+00  6.893654e+00  2.000000e+00
     vertex -4.070138e-01  6.988157e+00  2.000000e+00
   endloop
 endfacet
 facet normal  2.868032e-01  9.579895e-01  0.000000e+00
   outer loop
     vertex  1.215537e+00  6.893654e+00  3.000000e+00
     vertex  2.772558e+00  6.427513e+00  3.000000e+00
     vertex  2.772558e+00  6.427513e+00  2.000000e+00
   endloop
 endfacet
 facet normal  5.814483e-02  9.983082e-01  0.000000e+00
   outer loop
     vertex -4.070138e-01  6.988157e+00  3.000000e+00
     vertex  1.215537e+00  6.893654e+00  3.000000e+00
     vertex -4.070138e-01  6.988157e+00  2.000000e+00
   endloop
 endfacet
 facet normal -1.736482e-01  9.848078e-01  0.000000e+00
   outer loop
     vertex -2.007623e+00  6.705927e+00  3.000000e+00
     vertex -4.070138e-01  6.988157e+00  2.000000e+00
     vertex -2.007623e+00  6.705927e+00  2.000000e+00
   endloop
 endfacet
 facet normal -1.736482e-01  9.848078e-01  0.000000e+00
   outer loop
     vertex -2.007623e+00  6.705927e+00  3.000000e+00
     vertex -4.070138e-01  6.988157e+00  3.000000e+00
     vertex -4.070138e-01  6.988157e+00  2.000000e+00
   endloop
 endfacet
 facet normal -3.960798e-01  9.182161e-01  0.000000e+00
   outer loop
     vertex -3.500000e+00  6.062178e+00  3.000000e+00
     vertex -2.007623e+00  6.705927e+00  2.000000e+00
     vertex -3.500000e+00  6.062178e+00  2.000000e+00
   endloop
 endfacet
 facet normal -3.960798e-01  9.182161e-01  0.000000e+00
   outer loop
     vertex -3.500000e+00  6.062178e+00  3.000000e+00
     vertex -2.007623e+00  6.705927e+00  3.000000e+00
     vertex -2.007623e+00  6.705927e+00  2.000000e+00
   endloop
 endfacet
 facet normal -5.971586e-01  8.021232e-01  0.000000e+00
   outer loop
     vertex -4.803691e+00  5.091615e+00  3.000000e+00
     vertex -3.500000e+00  6.062178e+00  2.000000e+00
     vertex -4.803691e+00  5.091615e+00  2.000000e+00
   endloop
 endfacet
 facet normal -5.971586e-01  8.021232e-01  0.000000e+00
   outer loop
     vertex -4.803691e+00  5.091615e+00  3.000000e+00
     vertex -3.500000e+00  6.062178e+00  3.000000e+00
     vertex -3.500000e+00  6.062178e+00  2.000000e+00
   endloop
 endfacet
 facet normal -7.660444e-01  6.427876e-01  0.000000e+00
   outer loop
     vertex -5.848415e+00  3.846563e+00  3.000000e+00
     vertex -4.803691e+00  5.091615e+00  3.000000e+00
     vertex -4.803691e+00  5.091615e+00  2.000000e+00
   endloop
 endfacet
 facet normal -7.660444e-01  6.427876e-01  0.000000e+00
   outer loop
     vertex -5.848415e+00  3.846563e+00  3.000000e+00
     vertex -4.803691e+00  5.091615e+00  2.000000e+00
     vertex -5.848415e+00  3.846563e+00  2.000000e+00
   endloop
 endfacet
 facet normal -8.936326e-01  4.487992e-01  0.000000e+00
   outer loop
     vertex -6.577848e+00  2.394141e+00  3.000000e+00
     vertex -5.848415e+00  3.846563e+00  3.000000e+00
     vertex -5.848415e+00  3.846563e+00  2.000000e+00
   endloop
 endfacet
 facet normal -8.936326e-01  4.487992e-01  0.000000e+00
   outer loop
     vertex -6.577848e+00  2.394141e+00  3.000000e+00
     vertex -5.848415e+00  3.846563e+00  2.000000e+00
     vertex -6.577848e+00  2.394141e+00  2.000000e+00
   endloop
 endfacet
 facet normal -9.730449e-01  2.306159e-01  0.000000e+00
   outer loop
     vertex -6.952669e+00  8.126504e-01  3.000000e+00
     vertex -6.577848e+00  2.394141e+00  3.000000e+00
     vertex -6.577848e+00  2.394141e+00  2.000000e+00
   endloop
 endfacet
 facet normal -9.730449e-01  2.306159e-01  0.000000e+00
   outer loop
     vertex -6.952669e+00  8.126504e-01  3.000000e+00
     vertex -6.577848e+00  2.394141e+00  2.000000e+00
     vertex -6.952669e+00  8.126504e-01  2.000000e+00
   endloop
 endfacet
 facet normal -1.000000e+00  0.000000e+00  0.000000e+00
   outer loop
     vertex -6.952669e+00 -8.126504e-01  3.000000e+00
     vertex -6.952669e+00  8.126504e-01  2.000000e+00
     vertex -6.952669e+00 -8.126504e-01  2.000000e+00
   endloop
 endfacet
 facet normal -9.730449e-01 -2.306159e-01 -0.000000e+00
   outer loop
     vertex -6.952669e+00 -8.126504e-01  3.000000e+00
     vertex -6.952669e+00 -8.126504e-01  2.000000e+00
     vertex -6.577848e+00 -2.394141e+00  2.000000e+00
   endloop
 endfacet
 facet normal -1.000000e+00  0.000000e+00  0.000000e+00
   outer loop
     vertex -6.952669e+00 -8.126504e-01  3.000000e+00
     vertex -6.952669e+00  8.126504e-01  3.000000e+00
     vertex -6.952669e+00  8.126504e-01  2.000000e+00
   endloop
 endfacet
 facet normal -9.730449e-01 -2.306159e-01 -0.000000e+00
   outer loop
     vertex -6.577848e+00 -2.394141e+00  3.000000e+00
     vertex -6.952669e+00 -8.126504e-01  3.000000e+00
     vertex -6.577848e+00 -2.394141e+00  2.000000e+00
   endloop
 endfacet
 facet normal -8.936326e-01 -4.487992e-01 -0.000000e+00
   outer loop
     vertex -5.848415e+00 -3.846563e+00  3.000000e+00
     vertex -6.577848e+00 -2.394141e+00  2.000000e+00
     vertex -5.848415e+00 -3.846563e+00  2.000000e+00
   endloop
 endfacet
 facet normal -8.936326e-01 -4.487992e-01  0.000000e+00
   outer loop
     vertex -5.848415e+00 -3.846563e+00  3.000000e+00
     vertex -6.577848e+00 -2.394141e+00  3.000000e+00
     vertex -6.577848e+00 -2.394141e+00  2.000000e+00
   endloop
 endfacet
 facet normal -7.660444e-01 -6.427876e-01 -0.000000e+00
   outer loop
     vertex -4.803691e+00 -5.091615e+00  3.000000e+00
     vertex -5.848415e+00 -3.846563e+00  2.000000e+00
     vertex -4.803691e+00 -5.091615e+00  2.000000e+00
   endloop
 endfacet
 facet normal -7.660444e-01 -6.427876e-01  0.000000e+00
   outer loop
     vertex -4.803691e+00 -5.091615e+00  3.000000e+00
     vertex -5.848415e+00 -3.846563e+00  3.000000e+00
     vertex -5.848415e+00 -3.846563e+00  2.000000e+00
   endloop
 endfacet
 facet normal -5.971586e-01 -8.021232e-01 -0.000000e+00
   outer loop
     vertex -3.500000e+00 -6.062178e+00  3.000000e+00
     vertex -4.803691e+00 -5.091615e+00  2.000000e+00
     vertex -3.500000e+00 -6.062178e+00  2.000000e+00
   endloop
 endfacet
 facet normal -3.960798e-01 -9.182161e-01 -0.000000e+00
   outer loop
     vertex -3.500000e+00 -6.062178e+00  3.000000e+00
     vertex -3.500000e+00 -6.062178e+00  2.000000e+00
     vertex -2.007623e+00 -6.705927e+00  2.000000e+00
   endloop
 endfacet
 facet normal -5.971586e-01 -8.021232e-01  0.000000e+00
   outer loop
     vertex -3.500000e+00 -6.062178e+00  3.000000e+00
     vertex -4.803691e+00 -5.091615e+00  3.000000e+00
     vertex -4.803691e+00 -5.091615e+00  2.000000e+00
   endloop
 endfacet
 facet normal -1.736482e-01 -9.848078e-01 -0.000000e+00
   outer loop
     vertex -2.007623e+00 -6.705927e+00  3.000000e+00
     vertex -2.007623e+00 -6.705927e+00  2.000000e+00
     vertex -4.070138e-01 -6.988157e+00  2.000000e+00
   endloop
 endfacet
 facet normal -3.960798e-01 -9.182161e-01 -0.000000e+00
   outer loop
     vertex -2.007623e+00 -6.705927e+00  3.000000e+00
     vertex -3.500000e+00 -6.062178e+00  3.000000e+00
     vertex -2.007623e+00 -6.705927e+00  2.000000e+00
   endloop
 endfacet
 facet normal -1.736482e-01 -9.848078e-01 -0.000000e+00
   outer loop
     vertex -4.070138e-01 -6.988157e+00  3.000000e+00
     vertex -2.007623e+00 -6.705927e+00  3.000000e+00
     vertex -4.070138e-01 -6.988157e+00  2.000000e+00
   endloop
 endfacet
 facet normal  5.814483e-02 -9.983082e-01  0.000000e+00
   outer loop
     vertex  1.215537e+00 -6.893654e+00  3.000000e+00
     vertex -4.070138e-01 -6.988157e+00  2.000000e+00
     vertex  1.215537e+00 -6.893654e+00  2.000000e+00
   endloop
 endfacet
 facet normal  5.814483e-02 -9.983082e-01  0.000000e+00
   outer loop
     vertex  1.215537e+00 -6.893654e+00  3.000000e+00
     vertex -4.070138e-01 -6.988157e+00  3.000000e+00
     vertex -4.070138e-01 -6.988157e+00  2.000000e+00
   endloop
 endfacet
 facet normal  2.868032e-01 -9.579895e-01  0.000000e+00
   outer loop
     vertex  2.772558e+00 -6.427513e+00  3.000000e+00
     vertex  1.215537e+00 -6.893654e+00  2.000000e+00
     vertex  2.772558e+00 -6.427513e+00  2.000000e+00
   endloop
 endfacet
 facet normal  2.868032e-01 -9.579895e-01  0.000000e+00
   outer loop
     vertex  2.772558e+00 -6.427513e+00  3.000000e+00
     vertex  1.215537e+00 -6.893654e+00  3.000000e+00
     vertex  1.215537e+00 -6.893654e+00  2.000000e+00
   endloop
 endfacet
 facet normal  5.000000e-01 -8.660254e-01  0.000000e+00
   outer loop
     vertex  4.180110e+00 -5.614862e+00  3.000000e+00
     vertex  2.772558e+00 -6.427513e+00  2.000000e+00
     vertex  4.180110e+00 -5.614862e+00  2.000000e+00
   endloop
 endfacet
 facet normal  5.000000e-01 -8.660254e-01  0.000000e+00
   outer loop
     vertex  4.180110e+00 -5.614862e+00  3.000000e+00
     vertex  2.772558e+00 -6.427513e+00  3.000000e+00
     vertex  2.772558e+00 -6.427513e+00  2.000000e+00
   endloop
 endfacet
 facet normal  6.862416e-01 -7.273736e-01  0.000000e+00
   outer loop
     vertex  5.362311e+00 -4.499513e+00  3.000000e+00
     vertex  4.180110e+00 -5.614862e+00  2.000000e+00
     vertex  5.362311e+00 -4.499513e+00  2.000000e+00
   endloop
 endfacet
 facet normal  6.862416e-01 -7.273736e-01  0.000000e+00
   outer loop
     vertex  5.362311e+00 -4.499513e+00  3.000000e+00
     vertex  4.180110e+00 -5.614862e+00  3.000000e+00
     vertex  4.180110e+00 -5.614862e+00  2.000000e+00
   endloop
 endfacet
 facet normal  8.354878e-01 -5.495090e-01  0.000000e+00
   outer loop
     vertex  6.255428e+00 -3.141594e+00  3.000000e+00
     vertex  5.362311e+00 -4.499513e+00  2.000000e+00
     vertex  6.255428e+00 -3.141594e+00  2.000000e+00
   endloop
 endfacet
 facet normal  9.396926e-01 -3.420201e-01  0.000000e+00
   outer loop
     vertex  6.255428e+00 -3.141594e+00  3.000000e+00
     vertex  6.255428e+00 -3.141594e+00  2.000000e+00
     vertex  6.811314e+00 -1.614311e+00  2.000000e+00
   endloop
 endfacet
 facet normal  8.354878e-01 -5.495090e-01  0.000000e+00
   outer loop
     vertex  6.255428e+00 -3.141594e+00  3.000000e+00
     vertex  5.362311e+00 -4.499513e+00  3.000000e+00
     vertex  5.362311e+00 -4.499513e+00  2.000000e+00
   endloop
 endfacet
 facet normal  9.396926e-01 -3.420201e-01  0.000000e+00
   outer loop
     vertex  6.811314e+00 -1.614311e+00  3.000000e+00
     vertex  6.255428e+00 -3.141594e+00  3.000000e+00
     vertex  6.811314e+00 -1.614311e+00  2.000000e+00
   endloop
 endfacet
 facet normal  9.932384e-01 -1.160929e-01  0.000000e+00
   outer loop
     vertex  7.000000e+00 -1.714506e-15  3.000000e+00
     vertex  6.811314e+00 -1.614311e+00  2.000000e+00
     vertex  7.000000e+00 -1.714506e-15  2.000000e+00
   endloop
 endfacet
 facet normal  9.932384e-01 -1.160929e-01  0.000000e+00
   outer loop
     vertex  7.000000e+00 -1.714506e-15  3.000000e+00
     vertex  6.811314e+00 -1.614311e+00  3.000000e+00
     vertex  6.811314e+00 -1.614311e+00  2.000000e+00
   endloop
 endfacet
 facet normal  0.000000e+00  0.000000e+00  1.000000e+00
   outer loop
     vertex  1.215537e+00  6.893654e+00  3.000000e+00
     vertex  4.180110e+00  5.614862e+00  3.000000e+00
     vertex  2.772558e+00  6.427513e+00  3.000000e+00
   endloop
 endfacet
 facet normal  0.000000e+00  0.000000e+00  1.000000e+00
   outer loop
     vertex  6.811314e+00 -1.614311e+00  3.000000e+00
     vertex  7.000000e+00 -1.714506e-15  3.000000e+00
     vertex  6.811314e+00  1.614311e+00  3.000000e+00
   endloop
 endfacet
 facet normal  0.000000e+00  0.000000e+00  1.000000e+00
   outer loop
     vertex  5.362311e+00 -4.499513e+00  3.000000e+00
     vertex  6.811314e+00  1.614311e+00  3.000000e+00
     vertex  6.255428e+00  3.141594e+00  3.000000e+00
   endloop
 endfacet
 facet normal  0.000000e+00  0.000000e+00  1.000000e+00
   outer loop
     vertex  5.362311e+00 -4.499513e+00  3.000000e+00
     vertex  6.255428e+00  3.141594e+00  3.000000e+00
     vertex  5.362311e+00  4.499513e+00  3.000000e+00
   endloop
 endfacet
 facet normal  0.000000e+00  0.000000e+00  1.000000e+00
   outer loop
     vertex  5.362311e+00 -4.499513e+00  3.000000e+00
     vertex  6.255428e+00 -3.141594e+00  3.000000e+00
     vertex  6.811314e+00 -1.614311e+00  3.000000e+00
   endloop
 endfacet
 facet normal  0.000000e+00  0.000000e+00  1.000000e+00
   outer loop
     vertex  5.362311e+00 -4.499513e+00  3.000000e+00
     vertex  6.811314e+00 -1.614311e+00  3.000000e+00
     vertex  6.811314e+00  1.614311e+00  3.000000e+00
   endloop
 endfacet
 facet normal  0.000000e+00  0.000000e+00  1.000000e+00
   outer loop
     vertex -4.803691e+00  5.091615e+00  3.000000e+00
     vertex  1.215537e+00  6.893654e+00  3.000000e+00
     vertex -4.070138e-01  6.988157e+00  3.000000e+00
   endloop
 endfacet
 facet normal  0.000000e+00  0.000000e+00  1.000000e+00
   outer loop
     vertex -4.803691e+00  5.091615e+00  3.000000e+00
     vertex -4.070138e-01  6.988157e+00  3.000000e+00
     vertex -2.007623e+00  6.705927e+00  3.000000e+00
   endloop
 endfacet
 facet normal  0.000000e+00  0.000000e+00  1.000000e+00
   outer loop
     vertex -4.803691e+00  5.091615e+00  3.000000e+00
     vertex -2.007623e+00  6.705927e+00  3.000000e+00
     vertex -3.500000e+00  6.062178e+00  3.000000e+00
   endloop
 endfacet
 facet normal  0.000000e+00  0.000000e+00  1.000000e+00
   outer loop
     vertex -5.848415e+00  3.846563e+00  3.000000e+00
     vertex  1.215537e+00  6.893654e+00  3.000000e+00
     vertex -4.803691e+00  5.091615e+00  3.000000e+00
   endloop
 endfacet
 facet normal  0.000000e+00  0.000000e+00  1.000000e+00
   outer loop
     vertex  2.772558e+00 -6.427513e+00  3.000000e+00
     vertex  4.180110e+00 -5.614862e+00  3.000000e+00
     vertex  5.362311e+00 -4.499513e+00  3.000000e+00
   endloop
 endfacet
 facet normal  0.000000e+00  0.000000e+00  1.000000e+00
   outer loop
     vertex  1.215537e+00 -6.893654e+00  3.000000e+00
     vertex  2.772558e+00 -6.427513e+00  3.000000e+00
     vertex  5.362311e+00 -4.499513e+00  3.000000e+00
   endloop
 endfacet
 facet normal  0.000000e+00  0.000000e+00  1.000000e+00
   outer loop
     vertex -6.577848e+00 -2.394141e+00  3.000000e+00
     vertex -5.848415e+00  3.846563e+00  3.000000e+00
     vertex -6.577848e+00  2.394141e+00  3.000000e+00
   endloop
 endfacet
 facet normal  0.000000e+00 -0.000000e+00  1.000000e+00
   outer loop
     vertex -6.577848e+00 -2.394141e+00  3.000000e+00
     vertex -6.577848e+00  2.394141e+00  3.000000e+00
     vertex -6.952669e+00  8.126504e-01  3.000000e+00
   endloop
 endfacet
 facet normal  0.000000e+00  0.000000e+00  1.000000e+00
   outer loop
     vertex -6.577848e+00 -2.394141e+00  3.000000e+00
     vertex -6.952669e+00  8.126504e-01  3.000000e+00
     vertex -6.952669e+00 -8.126504e-01  3.000000e+00
   endloop
 endfacet
 facet normal  0.000000e+00  0.000000e+00  1.000000e+00
   outer loop
     vertex -4.803691e+00 -5.091615e+00  3.000000e+00
     vertex  5.362311e+00  4.499513e+00  3.000000e+00
     vertex  4.180110e+00  5.614862e+00  3.000000e+00
   endloop
 endfacet
 facet normal  0.000000e+00  0.000000e+00  1.000000e+00
   outer loop
     vertex -4.803691e+00 -5.091615e+00  3.000000e+00
     vertex -6.577848e+00 -2.394141e+00  3.000000e+00
     vertex -5.848415e+00 -3.846563e+00  3.000000e+00
   endloop
 endfacet
 facet normal  0.000000e+00  0.000000e+00  1.000000e+00
   outer loop
     vertex -4.803691e+00 -5.091615e+00  3.000000e+00
     vertex -3.500000e+00 -6.062178e+00  3.000000e+00
     vertex -2.007623e+00 -6.705927e+00  3.000000e+00
   endloop
 endfacet
 facet normal  0.000000e+00  0.000000e+00  1.000000e+00
   outer loop
     vertex -4.803691e+00 -5.091615e+00  3.000000e+00
     vertex -2.007623e+00 -6.705927e+00  3.000000e+00
     vertex -4.070138e-01 -6.988157e+00  3.000000e+00
   endloop
 endfacet
 facet normal  0.000000e+00  0.000000e+00  1.000000e+00
   outer loop
     vertex -4.803691e+00 -5.091615e+00  3.000000e+00
     vertex -4.070138e-01 -6.988157e+00  3.000000e+00
     vertex  1.215537e+00 -6.893654e+00  3.000000e+00
   endloop
 endfacet
 facet normal  0.000000e+00  0.000000e+00  1.000000e+00
   outer loop
     vertex -4.803691e+00 -5.091615e+00  3.000000e+00
     vertex  4.180110e+00  5.614862e+00  3.000000e+00
     vertex  1.215537e+00  6.893654e+00  3.000000e+00
   endloop
 endfacet
 facet normal  0.000000e+00  0.000000e+00  1.000000e+00
   outer loop
     vertex -4.803691e+00 -5.091615e+00  3.000000e+00
     vertex  5.362311e+00 -4.499513e+00  3.000000e+00
     vertex  5.362311e+00  4.499513e+00  3.000000e+00
   endloop
 endfacet
 facet normal  0.000000e+00 -0.000000e+00  1.000000e+00
   outer loop
     vertex -4.803691e+00 -5.091615e+00  3.000000e+00
     vertex  1.215537e+00  6.893654e+00  3.000000e+00
     vertex -5.848415e+00  3.846563e+00  3.000000e+00
   endloop
 endfacet
 facet normal -0.000000e+00  0.000000e+00  1.000000e+00
   outer loop
     vertex -4.803691e+00 -5.091615e+00  3.000000e+00
     vertex  1.215537e+00 -6.893654e+00  3.000000e+00
     vertex  5.362311e+00 -4.499513e+00  3.000000e+00
   endloop
 endfacet
 facet normal  0.000000e+00  0.000000e+00  1.000000e+00
   outer loop
     vertex -4.803691e+00 -5.091615e+00  3.000000e+00
     vertex -5.848415e+00  3.846563e+00  3.000000e+00
     vertex -6.577848e+00 -2.394141e+00  3.000000e+00
   endloop
 endfacet
 facet normal  0.000000e+00  0.000000e+00 -1.000000e+00
   outer loop
     vertex -5.848415e+00 -3.846563e+00  2.000000e+00
     vertex -6.577848e+00 -2.394141e+00  2.000000e+00
     vertex -6.952669e+00 -8.126504e-01  2.000000e+00
   endloop
 endfacet
 facet normal  0.000000e+00  0.000000e+00 -1.000000e+00
   outer loop
     vertex -5.848415e+00  3.846563e+00  2.000000e+00
     vertex -6.952669e+00  8.126504e-01  2.000000e+00
     vertex -6.577848e+00  2.394141e+00  2.000000e+00
   endloop
 endfacet
 facet normal  0.000000e+00  0.000000e+00 -1.000000e+00
   outer loop
     vertex -4.803691e+00 -5.091615e+00  2.000000e+00
     vertex -6.952669e+00 -8.126504e-01  2.000000e+00
     vertex -6.952669e+00  8.126504e-01  2.000000e+00
   endloop
 endfacet
 facet normal  0.000000e+00  0.000000e+00 -1.000000e+00
   outer loop
     vertex -4.803691e+00 -5.091615e+00  2.000000e+00
     vertex -5.848415e+00 -3.846563e+00  2.000000e+00
     vertex -6.952669e+00 -8.126504e-01  2.000000e+00
   endloop
 endfacet
 facet normal  0.000000e+00  0.000000e+00 -1.000000e+00
   outer loop
     vertex -3.500000e+00  6.062178e+00  2.000000e+00
     vertex -5.848415e+00  3.846563e+00  2.000000e+00
     vertex -4.803691e+00  5.091615e+00  2.000000e+00
   endloop
 endfacet
 facet normal  0.000000e+00  0.000000e+00 -1.000000e+00
   outer loop
     vertex -2.007623e+00 -6.705927e+00  2.000000e+00
     vertex -3.500000e+00 -6.062178e+00  2.000000e+00
     vertex -4.803691e+00 -5.091615e+00  2.000000e+00
   endloop
 endfacet
 facet normal  0.000000e+00  0.000000e+00 -1.000000e+00
   outer loop
     vertex -4.070138e-01  6.988157e+00  2.000000e+00
     vertex -3.500000e+00  6.062178e+00  2.000000e+00
     vertex -2.007623e+00  6.705927e+00  2.000000e+00
   endloop
 endfacet
 facet normal -0.000000e+00  0.000000e+00 -1.000000e+00
   outer loop
     vertex  1.215537e+00 -6.893654e+00  2.000000e+00
     vertex -4.070138e-01 -6.988157e+00  2.000000e+00
     vertex -2.007623e+00 -6.705927e+00  2.000000e+00
   endloop
 endfacet
 facet normal  0.000000e+00  0.000000e+00 -1.000000e+00
   outer loop
     vertex  1.215537e+00 -6.893654e+00  2.000000e+00
     vertex -2.007623e+00 -6.705927e+00  2.000000e+00
     vertex -4.803691e+00 -5.091615e+00  2.000000e+00
   endloop
 endfacet
 facet normal  0.000000e+00  0.000000e+00 -1.000000e+00
   outer loop
     vertex  4.180110e+00  5.614862e+00  2.000000e+00
     vertex  1.215537e+00  6.893654e+00  2.000000e+00
     vertex  2.772558e+00  6.427513e+00  2.000000e+00
   endloop
 endfacet
 facet normal  0.000000e+00  0.000000e+00 -1.000000e+00
   outer loop
     vertex  4.180110e+00  5.614862e+00  2.000000e+00
     vertex -4.070138e-01  6.988157e+00  2.000000e+00
     vertex  1.215537e+00  6.893654e+00  2.000000e+00
   endloop
 endfacet
 facet normal  0.000000e+00  0.000000e+00 -1.000000e+00
   outer loop
     vertex  4.180110e+00  5.614862e+00  2.000000e+00
     vertex -3.500000e+00  6.062178e+00  2.000000e+00
     vertex -4.070138e-01  6.988157e+00  2.000000e+00
   endloop
 endfacet
 facet normal  0.000000e+00  0.000000e+00 -1.000000e+00
   outer loop
     vertex  4.180110e+00 -5.614862e+00  2.000000e+00
     vertex  2.772558e+00 -6.427513e+00  2.000000e+00
     vertex  1.215537e+00 -6.893654e+00  2.000000e+00
   endloop
 endfacet
 facet normal  0.000000e+00  0.000000e+00 -1.000000e+00
   outer loop
     vertex  4.180110e+00 -5.614862e+00  2.000000e+00
     vertex -6.952669e+00  8.126504e-01  2.000000e+00
     vertex -5.848415e+00  3.846563e+00  2.000000e+00
   endloop
 endfacet
 facet normal  0.000000e+00  0.000000e+00 -1.000000e+00
   outer loop
     vertex  4.180110e+00 -5.614862e+00  2.000000e+00
     vertex -4.803691e+00 -5.091615e+00  2.000000e+00
     vertex -6.952669e+00  8.126504e-01  2.000000e+00
   endloop
 endfacet
 facet normal -0.000000e+00  0.000000e+00 -1.000000e+00
   outer loop
     vertex  4.180110e+00 -5.614862e+00  2.000000e+00
     vertex  1.215537e+00 -6.893654e+00  2.000000e+00
     vertex -4.803691e+00 -5.091615e+00  2.000000e+00
   endloop
 endfacet
 facet normal -0.000000e+00  0.000000e+00 -1.000000e+00
   outer loop
     vertex  5.362311e+00  4.499513e+00  2.000000e+00
     vertex -5.848415e+00  3.846563e+00  2.000000e+00
     vertex -3.500000e+00  6.062178e+00  2.000000e+00
   endloop
 endfacet
 facet normal  0.000000e+00  0.000000e+00 -1.000000e+00
   outer loop
     vertex  5.362311e+00  4.499513e+00  2.000000e+00
     vertex  4.180110e+00 -5.614862e+00  2.000000e+00
     vertex -5.848415e+00  3.846563e+00  2.000000e+00
   endloop
 endfacet
 facet normal  0.000000e+00  0.000000e+00 -1.000000e+00
   outer loop
     vertex  5.362311e+00  4.499513e+00  2.000000e+00
     vertex -3.500000e+00  6.062178e+00  2.000000e+00
     vertex  4.180110e+00  5.614862e+00  2.000000e+00
   endloop
 endfacet
 facet normal  0.000000e+00  0.000000e+00 -1.000000e+00
   outer loop
     vertex  6.811314e+00  1.614311e+00  2.000000e+00
     vertex  5.362311e+00  4.499513e+00  2.000000e+00
     vertex  6.255428e+00  3.141594e+00  2.000000e+00
   endloop
 endfacet
 facet normal  0.000000e+00  0.000000e+00 -1.000000e+00
   outer loop
     vertex  6.811314e+00 -1.614311e+00  2.000000e+00
     vertex  6.255428e+00 -3.141594e+00  2.000000e+00
     vertex  5.362311e+00 -4.499513e+00  2.000000e+00
   endloop
 endfacet
 facet normal  0.000000e+00  0.000000e+00 -1.000000e+00
   outer loop
     vertex  7.000000e+00 -1.714506e-15  2.000000e+00
     vertex  5.362311e+00 -4.499513e+00  2.000000e+00
     vertex  4.180110e+00 -5.614862e+00  2.000000e+00
   endloop
 endfacet
 facet normal -0.000000e+00  0.000000e+00 -1.000000e+00
   outer loop
     vertex  7.000000e+00 -1.714506e-15  2.000000e+00
     vertex  4.180110e+00 -5.614862e+00  2.000000e+00
     vertex  5.362311e+00  4.499513e+00  2.000000e+00
   endloop
 endfacet
 facet normal  0.000000e+00  0.000000e+00 -1.000000e+00
   outer loop
     vertex  7.000000e+00 -1.714506e-15  2.000000e+00
     vertex  5.362311e+00  4.499513e+00  2.000000e+00
     vertex  6.811314e+00  1.614311e+00  2.000000e+00
   endloop
 endfacet
 facet normal  0.000000e+00  0.000000e+00 -1.000000e+00
   outer loop
     vertex  7.000000e+00 -1.714506e-15  2.000000e+00
     vertex  6.811314e+00 -1.614311e+00  2.000000e+00
     vertex  5.362311e+00 -4.499513e+00  2.000000e+00
   endloop
 endfacet
 facet normal  9.932384e-01  1.160929e-01  0.000000e+00
   outer loop
     vertex  6.811314e+00  1.614311e+00  1.000000e+02
     vertex  7.000000e+00 -1.714506e-15  3.000000e+00
     vertex  6.811314e+00  1.614311e+00  3.000000e+00
   endloop
 endfacet
 facet normal  9.932384e-01  1.160929e-01  0.000000e+00
   outer loop
     vertex  6.811314e+00  1.614311e+00  1.000000e+02
     vertex  7.000000e+00 -1.714506e-15  1.000000e+02
     vertex  7.000000e+00 -1.714506e-15  3.000000e+00
   endloop
 endfacet
 facet normal  9.396926e-01  3.420201e-01  0.000000e+00
   outer loop
     vertex  6.255428e+00  3.141594e+00  1.000000e+02
     vertex  6.811314e+00  1.614311e+00  3.000000e+00
     vertex  6.255428e+00  3.141594e+00  3.000000e+00
   endloop
 endfacet
 facet normal  8.354878e-01  5.495090e-01  0.000000e+00
   outer loop
     vertex  6.255428e+00  3.141594e+00  1.000000e+02
     vertex  6.255428e+00  3.141594e+00  3.000000e+00
     vertex  5.362311e+00  4.499513e+00  3.000000e+00
   endloop
 endfacet
 facet normal  9.396926e-01  3.420201e-01  0.000000e+00
   outer loop
     vertex  6.255428e+00  3.141594e+00  1.000000e+02
     vertex  6.811314e+00  1.614311e+00  1.000000e+02
     vertex  6.811314e+00  1.614311e+00  3.000000e+00
   endloop
 endfacet
 facet normal  8.354878e-01  5.495090e-01  0.000000e+00
   outer loop
     vertex  5.362311e+00  4.499513e+00  1.000000e+02
     vertex  6.255428e+00  3.141594e+00  1.000000e+02
     vertex  5.362311e+00  4.499513e+00  3.000000e+00
   endloop
 endfacet
 facet normal  6.862416e-01  7.273736e-01  0.000000e+00
   outer loop
     vertex  4.180110e+00  5.614862e+00  1.000000e+02
     vertex  5.362311e+00  4.499513e+00  3.000000e+00
     vertex  4.180110e+00  5.614862e+00  3.000000e+00
   endloop
 endfacet
 facet normal  5.000000e-01  8.660254e-01  0.000000e+00
   outer loop
     vertex  4.180110e+00  5.614862e+00  1.000000e+02
     vertex  4.180110e+00  5.614862e+00  3.000000e+00
     vertex  2.772558e+00  6.427513e+00  3.000000e+00
   endloop
 endfacet
 facet normal  6.862416e-01  7.273736e-01  0.000000e+00
   outer loop
     vertex  4.180110e+00  5.614862e+00  1.000000e+02
     vertex  5.362311e+00  4.499513e+00  1.000000e+02
     vertex  5.362311e+00  4.499513e+00  3.000000e+00
   endloop
 endfacet
 facet normal  2.868032e-01  9.579895e-01  0.000000e+00
   outer loop
     vertex  2.772558e+00  6.427513e+00  1.000000e+02
     vertex  2.772558e+00  6.427513e+00  3.000000e+00
     vertex  1.215537e+00  6.893654e+00  3.000000e+00
   endloop
 endfacet
 facet normal  5.000000e-01  8.660254e-01  0.000000e+00
   outer loop
     vertex  2.772558e+00  6.427513e+00  1.000000e+02
     vertex  4.180110e+00  5.614862e+00  1.000000e+02
     vertex  2.772558e+00  6.427513e+00  3.000000e+00
   endloop
 endfacet
 facet normal  2.868032e-01  9.579895e-01  0.000000e+00
   outer loop
     vertex  1.215537e+00  6.893654e+00  1.000000e+02
     vertex  2.772558e+00  6.427513e+00  1.000000e+02
     vertex  1.215537e+00  6.893654e+00  3.000000e+00
   endloop
 endfacet
 facet normal  5.814483e-02  9.983082e-01  0.000000e+00
   outer loop
     vertex -4.070138e-01  6.988157e+00  1.000000e+02
     vertex  1.215537e+00  6.893654e+00  3.000000e+00
     vertex -4.070138e-01  6.988157e+00  3.000000e+00
   endloop
 endfacet
 facet normal  5.814483e-02  9.983082e-01  0.000000e+00
   outer loop
     vertex -4.070138e-01  6.988157e+00  1.000000e+02
     vertex  1.215537e+00  6.893654e+00  1.000000e+02
     vertex  1.215537e+00  6.893654e+00  3.000000e+00
   endloop
 endfacet
 facet normal -1.736482e-01  9.848078e-01  0.000000e+00
   outer loop
     vertex -2.007623e+00  6.705927e+00  1.000000e+02
     vertex -4.070138e-01  6.988157e+00  3.000000e+00
     vertex -2.007623e+00  6.705927e+00  3.000000e+00
   endloop
 endfacet
 facet normal -1.736482e-01  9.848078e-01  0.000000e+00
   outer loop
     vertex -2.007623e+00  6.705927e+00  1.000000e+02
     vertex -4.070138e-01  6.988157e+00  1.000000e+02
     vertex -4.070138e-01  6.988157e+00  3.000000e+00
   endloop
 endfacet
 facet normal -3.960798e-01  9.182161e-01  0.000000e+00
   outer loop
     vertex -3.500000e+00  6.062178e+00  1.000000e+02
     vertex -2.007623e+00  6.705927e+00  3.000000e+00
     vertex -3.500000e+00  6.062178e+00  3.000000e+00
   endloop
 endfacet
 facet normal -3.960798e-01  9.182161e-01  0.000000e+00
   outer loop
     vertex -3.500000e+00  6.062178e+00  1.000000e+02
     vertex -2.007623e+00  6.705927e+00  1.000000e+02
     vertex -2.007623e+00  6.705927e+00  3.000000e+00
   endloop
 endfacet
 facet normal -5.971586e-01  8.021232e-01  0.000000e+00
   outer loop
     vertex -4.803691e+00  5.091615e+00  1.000000e+02
     vertex -3.500000e+00  6.062178e+00  3.000000e+00
     vertex -4.803691e+00  5.091615e+00  3.000000e+00
   endloop
 endfacet
 facet normal -5.971586e-01  8.021232e-01  0.000000e+00
   outer loop
     vertex -4.803691e+00  5.091615e+00  1.000000e+02
     vertex -3.500000e+00  6.062178e+00  1.000000e+02
     vertex -3.500000e+00  6.062178e+00  3.000000e+00
   endloop
 endfacet
 facet normal -7.660444e-01  6.427876e-01  0.000000e+00
   outer loop
     vertex -5.848415e+00  3.846563e+00  1.000000e+02
     vertex -4.803691e+00  5.091615e+00  1.000000e+02
     vertex -4.803691e+00  5.091615e+00  3.000000e+00
   endloop
 endfacet
 facet normal -7.660444e-01  6.427876e-01  0.000000e+00
   outer loop
     vertex -5.848415e+00  3.846563e+00  1.000000e+02
     vertex -4.803691e+00  5.091615e+00  3.000000e+00
     vertex -5.848415e+00  3.846563e+00  3.000000e+00
   endloop
 endfacet
 facet normal -8.936326e-01  4.487992e-01  0.000000e+00
   outer loop
     vertex -5.848415e+00  3.846563e+00  1.000000e+02
     vertex -5.848415e+00  3.846563e+00  3.000000e+00
     vertex -6.577848e+00  2.394141e+00  3.000000e+00
   endloop
 endfacet
 facet normal -8.936326e-01  4.487992e-01  0.000000e+00
   outer loop
     vertex -6.577848e+00  2.394141e+00  1.000000e+02
     vertex -5.848415e+00  3.846563e+00  1.000000e+02
     vertex -6.577848e+00  2.394141e+00  3.000000e+00
   endloop
 endfacet
 facet normal -9.730449e-01  2.306159e-01  0.000000e+00
   outer loop
     vertex -6.952669e+00  8.126504e-01  1.000000e+02
     vertex -6.577848e+00  2.394141e+00  1.000000e+02
     vertex -6.577848e+00  2.394141e+00  3.000000e+00
   endloop
 endfacet
 facet normal -9.730449e-01  2.306159e-01  0.000000e+00
   outer loop
     vertex -6.952669e+00  8.126504e-01  1.000000e+02
     vertex -6.577848e+00  2.394141e+00  3.000000e+00
     vertex -6.952669e+00  8.126504e-01  3.000000e+00
   endloop
 endfacet
 facet normal -1.000000e+00  0.000000e+00  0.000000e+00
   outer loop
     vertex -6.952669e+00 -8.126504e-01  1.000000e+02
     vertex -6.952669e+00  8.126504e-01  1.000000e+02
     vertex -6.952669e+00  8.126504e-01  3.000000e+00
   endloop
 endfacet
 facet normal -1.000000e+00  0.000000e+00  0.000000e+00
   outer loop
     vertex -6.952669e+00 -8.126504e-01  1.000000e+02
     vertex -6.952669e+00  8.126504e-01  3.000000e+00
     vertex -6.952669e+00 -8.126504e-01  3.000000e+00
   endloop
 endfacet
 facet normal -9.730449e-01 -2.306159e-01 -0.000000e+00
   outer loop
     vertex -6.952669e+00 -8.126504e-01  1.000000e+02
     vertex -6.952669e+00 -8.126504e-01  3.000000e+00
     vertex -6.577848e+00 -2.394141e+00  3.000000e+00
   endloop
 endfacet
 facet normal -9.730449e-01 -2.306159e-01 -0.000000e+00
   outer loop
     vertex -6.577848e+00 -2.394141e+00  1.000000e+02
     vertex -6.952669e+00 -8.126504e-01  1.000000e+02
     vertex -6.577848e+00 -2.394141e+00  3.000000e+00
   endloop
 endfacet
 facet normal -8.936326e-01 -4.487992e-01 -0.000000e+00
   outer loop
     vertex -5.848415e+00 -3.846563e+00  1.000000e+02
     vertex -6.577848e+00 -2.394141e+00  3.000000e+00
     vertex -5.848415e+00 -3.846563e+00  3.000000e+00
   endloop
 endfacet
 facet normal -8.936326e-01 -4.487992e-01  0.000000e+00
   outer loop
     vertex -5.848415e+00 -3.846563e+00  1.000000e+02
     vertex -6.577848e+00 -2.394141e+00  1.000000e+02
     vertex -6.577848e+00 -2.394141e+00  3.000000e+00
   endloop
 endfacet
 facet normal -7.660444e-01 -6.427876e-01 -0.000000e+00
   outer loop
     vertex -4.803691e+00 -5.091615e+00  1.000000e+02
     vertex -5.848415e+00 -3.846563e+00  3.000000e+00
     vertex -4.803691e+00 -5.091615e+00  3.000000e+00
   endloop
 endfacet
 facet normal -7.660444e-01 -6.427876e-01  0.000000e+00
   outer loop
     vertex -4.803691e+00 -5.091615e+00  1.000000e+02
     vertex -5.848415e+00 -3.846563e+00  1.000000e+02
     vertex -5.848415e+00 -3.846563e+00  3.000000e+00
   endloop
 endfacet
 facet normal -5.971586e-01 -8.021232e-01 -0.000000e+00
   outer loop
     vertex -3.500000e+00 -6.062178e+00  1.000000e+02
     vertex -4.803691e+00 -5.091615e+00  3.000000e+00
     vertex -3.500000e+00 -6.062178e+00  3.000000e+00
   endloop
 endfacet
 facet normal -5.971586e-01 -8.021232e-01  0.000000e+00
   outer loop
     vertex -3.500000e+00 -6.062178e+00  1.000000e+02
     vertex -4.803691e+00 -5.091615e+00  1.000000e+02
     vertex -4.803691e+00 -5.091615e+00  3.000000e+00
   endloop
 endfacet
 facet normal -3.960798e-01 -9.182161e-01 -0.000000e+00
   outer loop
     vertex -2.007623e+00 -6.705927e+00  1.000000e+02
     vertex -3.500000e+00 -6.062178e+00  3.000000e+00
     vertex -2.007623e+00 -6.705927e+00  3.000000e+00
   endloop
 endfacet
 facet normal -1.736482e-01 -9.848078e-01 -0.000000e+00
   outer loop
     vertex -2.007623e+00 -6.705927e+00  1.000000e+02
     vertex -2.007623e+00 -6.705927e+00  3.000000e+00
     vertex -4.070138e-01 -6.988157e+00  3.000000e+00
   endloop
 endfacet
 facet normal -3.960798e-01 -9.182161e-01  0.000000e+00
   outer loop
     vertex -2.007623e+00 -6.705927e+00  1.000000e+02
     vertex -3.500000e+00 -6.062178e+00  1.000000e+02
     vertex -3.500000e+00 -6.062178e+00  3.000000e+00
   endloop
 endfacet
 facet normal -1.736482e-01 -9.848078e-01 -0.000000e+00
   outer loop
     vertex -4.070138e-01 -6.988157e+00  1.000000e+02
     vertex -2.007623e+00 -6.705927e+00  1.000000e+02
     vertex -4.070138e-01 -6.988157e+00  3.000000e+00
   endloop
 endfacet
 facet normal  5.814483e-02 -9.983082e-01  0.000000e+00
   outer loop
     vertex  1.215537e+00 -6.893654e+00  1.000000e+02
     vertex -4.070138e-01 -6.988157e+00  3.000000e+00
     vertex  1.215537e+00 -6.893654e+00  3.000000e+00
   endloop
 endfacet
 facet normal  5.814483e-02 -9.983082e-01  0.000000e+00
   outer loop
     vertex  1.215537e+00 -6.893654e+00  1.000000e+02
     vertex -4.070138e-01 -6.988157e+00  1.000000e+02
     vertex -4.070138e-01 -6.988157e+00  3.000000e+00
   endloop
 endfacet
 facet normal  2.868032e-01 -9.579895e-01  0.000000e+00
   outer loop
     vertex  2.772558e+00 -6.427513e+00  1.000000e+02
     vertex  1.215537e+00 -6.893654e+00  3.000000e+00
     vertex  2.772558e+00 -6.427513e+00  3.000000e+00
   endloop
 endfacet
 facet normal  2.868032e-01 -9.579895e-01  0.000000e+00
   outer loop
     vertex  2.772558e+00 -6.427513e+00  1.000000e+02
     vertex  1.215537e+00 -6.893654e+00  1.000000e+02
     vertex  1.215537e+00 -6.893654e+00  3.000000e+00
   endloop
 endfacet
 facet normal  5.000000e-01 -8.660254e-01  0.000000e+00
   outer loop
     vertex  4.180110e+00 -5.614862e+00  1.000000e+02
     vertex  2.772558e+00 -6.427513e+00  3.000000e+00
     vertex  4.180110e+00 -5.614862e+00  3.000000e+00
   endloop
 endfacet
 facet normal  6.862416e-01 -7.273736e-01  0.000000e+00
   outer loop
     vertex  4.180110e+00 -5.614862e+00  1.000000e+02
     vertex  4.180110e+00 -5.614862e+00  3.000000e+00
     vertex  5.362311e+00 -4.499513e+00  3.000000e+00
   endloop
 endfacet
 facet normal  5.000000e-01 -8.660254e-01  0.000000e+00
   outer loop
     vertex  4.180110e+00 -5.614862e+00  1.000000e+02
     vertex  2.772558e+00 -6.427513e+00  1.000000e+02
     vertex  2.772558e+00 -6.427513e+00  3.000000e+00
   endloop
 endfacet
 facet normal  6.862416e-01 -7.273736e-01  0.000000e+00
   outer loop
     vertex  5.362311e+00 -4.499513e+00  1.000000e+02
     vertex  4.180110e+00 -5.614862e+00  1.000000e+02
     vertex  5.362311e+00 -4.499513e+00  3.000000e+00
   endloop
 endfacet
 facet normal  8.354878e-01 -5.495090e-01  0.000000e+00
   outer loop
     vertex  6.255428e+00 -3.141594e+00  1.000000e+02
     vertex  5.362311e+00 -4.499513e+00  3.000000e+00
     vertex  6.255428e+00 -3.141594e+00  3.000000e+00
   endloop
 endfacet
 facet normal  8.354878e-01 -5.495090e-01  0.000000e+00
   outer loop
     vertex  6.255428e+00 -3.141594e+00  1.000000e+02
     vertex  5.362311e+00 -4.499513e+00  1.000000e+02
     vertex  5.362311e+00 -4.499513e+00  3.000000e+00
   endloop
 endfacet
 facet normal  9.396926e-01 -3.420201e-01  0.000000e+00
   outer loop
     vertex  6.811314e+00 -1.614311e+00  1.000000e+02
     vertex  6.255428e+00 -3.141594e+00  3.000000e+00
     vertex  6.811314e+00 -1.614311e+00  3.000000e+00
   endloop
 endfacet
 facet normal  9.396926e-01 -3.420201e-01  0.000000e+00
   outer loop
     vertex  6.811314e+00 -1.614311e+00  1.000000e+02
     vertex  6.255428e+00 -3.141594e+00  1.000000e+02
     vertex  6.255428e+00 -3.141594e+00  3.000000e+00
   endloop
 endfacet
 facet normal  9.932384e-01 -1.160929e-01  0.000000e+00
   outer loop
     vertex  7.000000e+00 -1.714506e-15  1.000000e+02
     vertex  6.811314e+00 -1.614311e+00  3.000000e+00
     vertex  7.000000e+00 -1.714506e-15  3.000000e+00
   endloop
 endfacet
 facet normal  9.932384e-01 -1.160929e-01  0.000000e+00
   outer loop
     vertex  7.000000e+00 -1.714506e-15  1.000000e+02
     vertex  6.811314e+00 -1.614311e+00  1.000000e+02
     vertex  6.811314e+00 -1.614311e+00  3.000000e+00
   endloop
 endfacet
 facet normal  0.000000e+00  0.000000e+00 -1.000000e+00
   outer loop
     vertex  1.215537e+00  6.893654e+00  3.000000e+00
     vertex  2.772558e+00  6.427513e+00  3.000000e+00
     vertex  4.180110e+00  5.614862e+00  3.000000e+00
   endloop
 endfacet
 facet normal  0.000000e+00  0.000000e+00 -1.000000e+00
   outer loop
     vertex  6.811314e+00 -1.614311e+00  3.000000e+00
     vertex  6.811314e+00  1.614311e+00  3.000000e+00
     vertex  7.000000e+00 -1.714506e-15  3.000000e+00
   endloop
 endfacet
 facet normal  0.000000e+00  0.000000e+00 -1.000000e+00
   outer loop
     vertex  5.362311e+00 -4.499513e+00  3.000000e+00
     vertex  6.255428e+00  3.141594e+00  3.000000e+00
     vertex  6.811314e+00  1.614311e+00  3.000000e+00
   endloop
 endfacet
 facet normal  0.000000e+00  0.000000e+00 -1.000000e+00
   outer loop
     vertex  5.362311e+00 -4.499513e+00  3.000000e+00
     vertex  5.362311e+00  4.499513e+00  3.000000e+00
     vertex  6.255428e+00  3.141594e+00  3.000000e+00
   endloop
 endfacet
 facet normal  0.000000e+00  0.000000e+00 -1.000000e+00
   outer loop
     vertex  5.362311e+00 -4.499513e+00  3.000000e+00
     vertex  6.811314e+00 -1.614311e+00  3.000000e+00
     vertex  6.255428e+00 -3.141594e+00  3.000000e+00
   endloop
 endfacet
 facet normal  0.000000e+00  0.000000e+00 -1.000000e+00
   outer loop
     vertex  5.362311e+00 -4.499513e+00  3.000000e+00
     vertex  6.811314e+00  1.614311e+00  3.000000e+00
     vertex  6.811314e+00 -1.614311e+00  3.000000e+00
   endloop
 endfacet
 facet normal  0.000000e+00  0.000000e+00 -1.000000e+00
   outer loop
     vertex -4.803691e+00  5.091615e+00  3.000000e+00
     vertex -4.070138e-01  6.988157e+00  3.000000e+00
     vertex  1.215537e+00  6.893654e+00  3.000000e+00
   endloop
 endfacet
 facet normal  0.000000e+00  0.000000e+00 -1.000000e+00
   outer loop
     vertex -4.803691e+00  5.091615e+00  3.000000e+00
     vertex -2.007623e+00  6.705927e+00  3.000000e+00
     vertex -4.070138e-01  6.988157e+00  3.000000e+00
   endloop
 endfacet
 facet normal  0.000000e+00  0.000000e+00 -1.000000e+00
   outer loop
     vertex -4.803691e+00  5.091615e+00  3.000000e+00
     vertex -3.500000e+00  6.062178e+00  3.000000e+00
     vertex -2.007623e+00  6.705927e+00  3.000000e+00
   endloop
 endfacet
 facet normal  0.000000e+00  0.000000e+00 -1.000000e+00
   outer loop
     vertex -5.848415e+00  3.846563e+00  3.000000e+00
     vertex -4.803691e+00  5.091615e+00  3.000000e+00
     vertex  1.215537e+00  6.893654e+00  3.000000e+00
   endloop
 endfacet
 facet normal  0.000000e+00  0.000000e+00 -1.000000e+00
   outer loop
     vertex  2.772558e+00 -6.427513e+00  3.000000e+00
     vertex  5.362311e+00 -4.499513e+00  3.000000e+00
     vertex  4.180110e+00 -5.614862e+00  3.000000e+00
   endloop
 endfacet
 facet normal  0.000000e+00  0.000000e+00 -1.000000e+00
   outer loop
     vertex  1.215537e+00 -6.893654e+00  3.000000e+00
     vertex  5.362311e+00 -4.499513e+00  3.000000e+00
     vertex  2.772558e+00 -6.427513e+00  3.000000e+00
   endloop
 endfacet
 facet normal  0.000000e+00  0.000000e+00 -1.000000e+00
   outer loop
     vertex -6.577848e+00 -2.394141e+00  3.000000e+00
     vertex -6.577848e+00  2.394141e+00  3.000000e+00
     vertex -5.848415e+00  3.846563e+00  3.000000e+00
   endloop
 endfacet
 facet normal  0.000000e+00  0.000000e+00 -1.000000e+00
   outer loop
     vertex -6.577848e+00 -2.394141e+00  3.000000e+00
     vertex -6.952669e+00  8.126504e-01  3.000000e+00
     vertex -6.577848e+00  2.394141e+00  3.000000e+00
   endloop
 endfacet
 facet normal  0.000000e+00  0.000000e+00 -1.000000e+00
   outer loop
     vertex -6.577848e+00 -2.394141e+00  3.000000e+00
     vertex -6.952669e+00 -8.126504e-01  3.000000e+00
     vertex -6.952669e+00  8.126504e-01  3.000000e+00
   endloop
 endfacet
 facet normal  0.000000e+00  0.000000e+00 -1.000000e+00
   outer loop
     vertex -4.803691e+00 -5.091615e+00  3.000000e+00
     vertex  4.180110e+00  5.614862e+00  3.000000e+00
     vertex  5.362311e+00  4.499513e+00  3.000000e+00
   endloop
 endfacet
 facet normal  0.000000e+00  0.000000e+00 -1.000000e+00
   outer loop
     vertex -4.803691e+00 -5.091615e+00  3.000000e+00
     vertex -5.848415e+00 -3.846563e+00  3.000000e+00
     vertex -6.577848e+00 -2.394141e+00  3.000000e+00
   endloop
 endfacet
 facet normal  0.000000e+00  0.000000e+00 -1.000000e+00
   outer loop
     vertex -4.803691e+00 -5.091615e+00  3.000000e+00
     vertex -2.007623e+00 -6.705927e+00  3.000000e+00
     vertex -3.500000e+00 -6.062178e+00  3.000000e+00
   endloop
 endfacet
 facet normal  0.000000e+00  0.000000e+00 -1.000000e+00
   outer loop
     vertex -4.803691e+00 -5.091615e+00  3.000000e+00
     vertex -4.070138e-01 -6.988157e+00  3.000000e+00
     vertex -2.007623e+00 -6.705927e+00  3.000000e+00
   endloop
 endfacet
 facet normal  0.000000e+00  0.000000e+00 -1.000000e+00
   outer loop
     vertex -4.803691e+00 -5.091615e+00  3.000000e+00
     vertex  1.215537e+00 -6.893654e+00  3.000000e+00
     vertex -4.070138e-01 -6.988157e+00  3.000000e+00
   endloop
 endfacet
 facet normal  0.000000e+00  0.000000e+00 -1.000000e+00
   outer loop
     vertex -4.803691e+00 -5.091615e+00  3.000000e+00
     vertex  1.215537e+00  6.893654e+00  3.000000e+00
     vertex  4.180110e+00  5.614862e+00  3.000000e+00
   endloop
 endfacet
 facet normal  0.000000e+00  0.000000e+00 -1.000000e+00
   outer loop
     vertex -4.803691e+00 -5.091615e+00  3.000000e+00
     vertex  5.362311e+00  4.499513e+00  3.000000e+00
     vertex  5.362311e+00 -4.499513e+00  3.000000e+00
   endloop
 endfacet
 facet normal  0.000000e+00  0.000000e+00 -1.000000e+00
   outer loop
     vertex -4.803691e+00 -5.091615e+00  3.000000e+00
     vertex -5.848415e+00  3.846563e+00  3.000000e+00
     vertex  1.215537e+00  6.893654e+00  3.000000e+00
   endloop
 endfacet
 facet normal  0.000000e+00  0.000000e+00 -1.000000e+00
   outer loop
     vertex -4.803691e+00 -5.091615e+00  3.000000e+00
     vertex  5.362311e+00 -4.499513e+00  3.000000e+00
     vertex  1.215537e+00 -6.893654e+00  3.000000e+00
   endloop
 endfacet
 facet normal  0.000000e+00  0.000000e+00 -1.000000e+00
   outer loop
     vertex -4.803691e+00 -5.091615e+00  3.000000e+00
     vertex -6.577848e+00 -2.394141e+00  3.000000e+00
     vertex -5.848415e+00  3.846563e+00  3.000000e+00
   endloop
 endfacet
 facet normal  0.000000e+00  0.000000e+00  1.000000e+00
   outer loop
     vertex -6.577848e+00 -2.394141e+00  1.000000e+02
     vertex -5.848415e+00 -3.846563e+00  1.000000e+02
     vertex -4.803691e+00 -5.091615e+00  1.000000e+02
   endloop
 endfacet
 facet normal  0.000000e+00  0.000000e+00  1.000000e+00
   outer loop
     vertex -2.007623e+00 -6.705927e+00  1.000000e+02
     vertex -4.803691e+00 -5.091615e+00  1.000000e+02
     vertex -3.500000e+00 -6.062178e+00  1.000000e+02
   endloop
 endfacet
 facet normal  0.000000e+00  0.000000e+00  1.000000e+00
   outer loop
     vertex -6.952669e+00  8.126504e-01  1.000000e+02
     vertex -6.952669e+00 -8.126504e-01  1.000000e+02
     vertex -6.577848e+00 -2.394141e+00  1.000000e+02
   endloop
 endfacet
 facet normal  0.000000e+00  0.000000e+00  1.000000e+00
   outer loop
     vertex -4.803691e+00  5.091615e+00  1.000000e+02
     vertex -5.848415e+00  3.846563e+00  1.000000e+02
     vertex -6.577848e+00  2.394141e+00  1.000000e+02
   endloop
 endfacet
 facet normal  0.000000e+00  0.000000e+00  1.000000e+00
   outer loop
     vertex -4.803691e+00  5.091615e+00  1.000000e+02
     vertex -6.577848e+00  2.394141e+00  1.000000e+02
     vertex -6.952669e+00  8.126504e-01  1.000000e+02
   endloop
 endfacet
 facet normal  0.000000e+00  0.000000e+00  1.000000e+00
   outer loop
     vertex -4.803691e+00  5.091615e+00  1.000000e+02
     vertex -6.952669e+00  8.126504e-01  1.000000e+02
     vertex -6.577848e+00 -2.394141e+00  1.000000e+02
   endloop
 endfacet
 facet normal  0.000000e+00  0.000000e+00  1.000000e+00
   outer loop
     vertex -3.500000e+00  6.062178e+00  1.000000e+02
     vertex -2.007623e+00 -6.705927e+00  1.000000e+02
     vertex -4.070138e-01 -6.988157e+00  1.000000e+02
   endloop
 endfacet
 facet normal  0.000000e+00  0.000000e+00  1.000000e+00
   outer loop
     vertex -3.500000e+00  6.062178e+00  1.000000e+02
     vertex -6.577848e+00 -2.394141e+00  1.000000e+02
     vertex -4.803691e+00 -5.091615e+00  1.000000e+02
   endloop
 endfacet
 facet normal  0.000000e+00  0.000000e+00  1.000000e+00
   outer loop
     vertex -3.500000e+00  6.062178e+00  1.000000e+02
     vertex -4.803691e+00 -5.091615e+00  1.000000e+02
     vertex -2.007623e+00 -6.705927e+00  1.000000e+02
   endloop
 endfacet
 facet normal  0.000000e+00  0.000000e+00  1.000000e+00
   outer loop
     vertex -3.500000e+00  6.062178e+00  1.000000e+02
     vertex -4.803691e+00  5.091615e+00  1.000000e+02
     vertex -6.577848e+00 -2.394141e+00  1.000000e+02
   endloop
 endfacet
 facet normal  0.000000e+00  0.000000e+00  1.000000e+00
   outer loop
     vertex  6.255428e+00 -3.141594e+00  1.000000e+02
     vertex  4.180110e+00 -5.614862e+00  1.000000e+02
     vertex  5.362311e+00 -4.499513e+00  1.000000e+02
   endloop
 endfacet
 facet normal  0.000000e+00  0.000000e+00  1.000000e+00
   outer loop
     vertex -2.007623e+00  6.705927e+00  1.000000e+02
     vertex -4.070138e-01 -6.988157e+00  1.000000e+02
     vertex  1.215537e+00 -6.893654e+00  1.000000e+02
   endloop
 endfacet
 facet normal  0.000000e+00  0.000000e+00  1.000000e+00
   outer loop
     vertex -2.007623e+00  6.705927e+00  1.000000e+02
     vertex -3.500000e+00  6.062178e+00  1.000000e+02
     vertex -4.070138e-01 -6.988157e+00  1.000000e+02
   endloop
 endfacet
 facet normal  0.000000e+00  0.000000e+00  1.000000e+00
   outer loop
     vertex -4.070138e-01  6.988157e+00  1.000000e+02
     vertex  1.215537e+00 -6.893654e+00  1.000000e+02
     vertex  2.772558e+00 -6.427513e+00  1.000000e+02
   endloop
 endfacet
 facet normal  0.000000e+00  0.000000e+00  1.000000e+00
   outer loop
     vertex -4.070138e-01  6.988157e+00  1.000000e+02
     vertex  2.772558e+00 -6.427513e+00  1.000000e+02
     vertex  4.180110e+00 -5.614862e+00  1.000000e+02
   endloop
 endfacet
 facet normal  0.000000e+00  0.000000e+00  1.000000e+00
   outer loop
     vertex -4.070138e-01  6.988157e+00  1.000000e+02
     vertex -2.007623e+00  6.705927e+00  1.000000e+02
     vertex  1.215537e+00 -6.893654e+00  1.000000e+02
   endloop
 endfacet
 facet normal  0.000000e+00  0.000000e+00  1.000000e+00
   outer loop
     vertex  7.000000e+00 -1.714506e-15  1.000000e+02
     vertex  6.255428e+00 -3.141594e+00  1.000000e+02
     vertex  6.811314e+00 -1.614311e+00  1.000000e+02
   endloop
 endfacet
 facet normal  0.000000e+00  0.000000e+00  1.000000e+00
   outer loop
     vertex  7.000000e+00 -1.714506e-15  1.000000e+02
     vertex  4.180110e+00 -5.614862e+00  1.000000e+02
     vertex  6.255428e+00 -3.141594e+00  1.000000e+02
   endloop
 endfacet
 facet normal  0.000000e+00  0.000000e+00  1.000000e+00
   outer loop
     vertex  4.180110e+00  5.614862e+00  1.000000e+02
     vertex  2.772558e+00  6.427513e+00  1.000000e+02
     vertex  1.215537e+00  6.893654e+00  1.000000e+02
   endloop
 endfacet
 facet normal  0.000000e+00  0.000000e+00  1.000000e+00
   outer loop
     vertex  4.180110e+00  5.614862e+00  1.000000e+02
     vertex  1.215537e+00  6.893654e+00  1.000000e+02
     vertex -4.070138e-01  6.988157e+00  1.000000e+02
   endloop
 endfacet
 facet normal  0.000000e+00  0.000000e+00  1.000000e+00
   outer loop
     vertex  4.180110e+00  5.614862e+00  1.000000e+02
     vertex -4.070138e-01  6.988157e+00  1.000000e+02
     vertex  4.180110e+00 -5.614862e+00  1.000000e+02
   endloop
 endfacet
 facet normal  0.000000e+00  0.000000e+00  1.000000e+00
   outer loop
     vertex  4.180110e+00  5.614862e+00  1.000000e+02
     vertex  4.180110e+00 -5.614862e+00  1.000000e+02
     vertex  7.000000e+00 -1.714506e-15  1.000000e+02
   endloop
 endfacet
 facet normal  0.000000e+00  0.000000e+00  1.000000e+00
   outer loop
     vertex  5.362311e+00  4.499513e+00  1.000000e+02
     vertex  7.000000e+00 -1.714506e-15  1.000000e+02
     vertex  6.811314e+00  1.614311e+00  1.000000e+02
   endloop
 endfacet
 facet normal  0.000000e+00  0.000000e+00  1.000000e+00
   outer loop
     vertex  5.362311e+00  4.499513e+00  1.000000e+02
     vertex  6.811314e+00  1.614311e+00  1.000000e+02
     vertex  6.255428e+00  3.141594e+00  1.000000e+02
   endloop
 endfacet
 facet normal  0.000000e+00  0.000000e+00  1.000000e+00
   outer loop
     vertex  5.362311e+00  4.499513e+00  1.000000e+02
     vertex  4.180110e+00  5.614862e+00  1.000000e+02
     vertex  7.000000e+00 -1.714506e-15  1.000000e+02
   endloop
 endfacet
 facet normal  9.932384e-01  1.160929e-01  0.000000e+00
   outer loop
     vertex  6.811314e+00  1.614311e+00  1.000000e+00
     vertex  7.000000e+00 -1.714506e-15  1.000000e+00
     vertex  7.000000e+00 -1.714506e-15  0.000000e+00
   endloop
 endfacet
 facet normal  9.932384e-01  1.160929e-01  0.000000e+00
   outer loop
     vertex  6.811314e+00  1.614311e+00  1.000000e+00
     vertex  7.000000e+00 -1.714506e-15  0.000000e+00
     vertex  6.811314e+00  1.614311e+00  0.000000e+00
   endloop
 endfacet
 facet normal  9.396926e-01  3.420201e-01  0.000000e+00
   outer loop
     vertex  6.255428e+00  3.141594e+00  1.000000e+00
     vertex  6.811314e+00  1.614311e+00  0.000000e+00
     vertex  6.255428e+00  3.141594e+00  0.000000e+00
   endloop
 endfacet
 facet normal  9.396926e-01  3.420201e-01  0.000000e+00
   outer loop
     vertex  6.255428e+00  3.141594e+00  1.000000e+00
     vertex  6.811314e+00  1.614311e+00  1.000000e+00
     vertex  6.811314e+00  1.614311e+00  0.000000e+00
   endloop
 endfacet
 facet normal  8.354878e-01  5.495090e-01  0.000000e+00
   outer loop
     vertex  5.362311e+00  4.499513e+00  1.000000e+00
     vertex  6.255428e+00  3.141594e+00  0.000000e+00
     vertex  5.362311e+00  4.499513e+00  0.000000e+00
   endloop
 endfacet
 facet normal  8.354878e-01  5.495090e-01  0.000000e+00
   outer loop
     vertex  5.362311e+00  4.499513e+00  1.000000e+00
     vertex  6.255428e+00  3.141594e+00  1.000000e+00
     vertex  6.255428e+00  3.141594e+00  0.000000e+00
   endloop
 endfacet
 facet normal  6.862416e-01  7.273736e-01  0.000000e+00
   outer loop
     vertex  4.180110e+00  5.614862e+00  1.000000e+00
     vertex  5.362311e+00  4.499513e+00  0.000000e+00
     vertex  4.180110e+00  5.614862e+00  0.000000e+00
   endloop
 endfacet
 facet normal  6.862416e-01  7.273736e-01  0.000000e+00
   outer loop
     vertex  4.180110e+00  5.614862e+00  1.000000e+00
     vertex  5.362311e+00  4.499513e+00  1.000000e+00
     vertex  5.362311e+00  4.499513e+00  0.000000e+00
   endloop
 endfacet
 facet normal  5.000000e-01  8.660254e-01  0.000000e+00
   outer loop
     vertex  2.772558e+00  6.427513e+00  1.000000e+00
     vertex  4.180110e+00  5.614862e+00  0.000000e+00
     vertex  2.772558e+00  6.427513e+00  0.000000e+00
   endloop
 endfacet
 facet normal  5.000000e-01  8.660254e-01  0.000000e+00
   outer loop
     vertex  2.772558e+00  6.427513e+00  1.000000e+00
     vertex  4.180110e+00  5.614862e+00  1.000000e+00
     vertex  4.180110e+00  5.614862e+00  0.000000e+00
   endloop
 endfacet
 facet normal  2.868032e-01  9.579895e-01  0.000000e+00
   outer loop
     vertex  1.215537e+00  6.893654e+00  1.000000e+00
     vertex  2.772558e+00  6.427513e+00  0.000000e+00
     vertex  1.215537e+00  6.893654e+00  0.000000e+00
   endloop
 endfacet
 facet normal  2.868032e-01  9.579895e-01  0.000000e+00
   outer loop
     vertex  1.215537e+00  6.893654e+00  1.000000e+00
     vertex  2.772558e+00  6.427513e+00  1.000000e+00
     vertex  2.772558e+00  6.427513e+00  0.000000e+00
   endloop
 endfacet
 facet normal  5.814483e-02  9.983082e-01  0.000000e+00
   outer loop
     vertex -4.070138e-01  6.988157e+00  1.000000e+00
     vertex  1.215537e+00  6.893654e+00  0.000000e+00
     vertex -4.070138e-01  6.988157e+00  0.000000e+00
   endloop
 endfacet
 facet normal -1.736482e-01  9.848078e-01  0.000000e+00
   outer loop
     vertex -4.070138e-01  6.988157e+00  1.000000e+00
     vertex -4.070138e-01  6.988157e+00  0.000000e+00
     vertex -2.007623e+00  6.705927e+00  0.000000e+00
   endloop
 endfacet
 facet normal  5.814483e-02  9.983082e-01  0.000000e+00
   outer loop
     vertex -4.070138e-01  6.988157e+00  1.000000e+00
     vertex  1.215537e+00  6.893654e+00  1.000000e+00
     vertex  1.215537e+00  6.893654e+00  0.000000e+00
   endloop
 endfacet
 facet normal -1.736482e-01  9.848078e-01  0.000000e+00
   outer loop
     vertex -2.007623e+00  6.705927e+00  1.000000e+00
     vertex -4.070138e-01  6.988157e+00  1.000000e+00
     vertex -2.007623e+00  6.705927e+00  0.000000e+00
   endloop
 endfacet
 facet normal -3.960798e-01  9.182161e-01  0.000000e+00
   outer loop
     vertex -3.500000e+00  6.062178e+00  1.000000e+00
     vertex -2.007623e+00  6.705927e+00  0.000000e+00
     vertex -3.500000e+00  6.062178e+00  0.000000e+00
   endloop
 endfacet
 facet normal -3.960798e-01  9.182161e-01  0.000000e+00
   outer loop
     vertex -3.500000e+00  6.062178e+00  1.000000e+00
     vertex -2.007623e+00  6.705927e+00  1.000000e+00
     vertex -2.007623e+00  6.705927e+00  0.000000e+00
   endloop
 endfacet
 facet normal -5.971586e-01  8.021232e-01  0.000000e+00
   outer loop
     vertex -4.803691e+00  5.091615e+00  1.000000e+00
     vertex -3.500000e+00  6.062178e+00  0.000000e+00
     vertex -4.803691e+00  5.091615e+00  0.000000e+00
   endloop
 endfacet
 facet normal -5.971586e-01  8.021232e-01  0.000000e+00
   outer loop
     vertex -4.803691e+00  5.091615e+00  1.000000e+00
     vertex -3.500000e+00  6.062178e+00  1.000000e+00
     vertex -3.500000e+00  6.062178e+00  0.000000e+00
   endloop
 endfacet
 facet normal -7.660444e-01  6.427876e-01  0.000000e+00
   outer loop
     vertex -5.848415e+00  3.846563e+00  1.000000e+00
     vertex -4.803691e+00  5.091615e+00  1.000000e+00
     vertex -4.803691e+00  5.091615e+00  0.000000e+00
   endloop
 endfacet
 facet normal -7.660444e-01  6.427876e-01  0.000000e+00
   outer loop
     vertex -5.848415e+00  3.846563e+00  1.000000e+00
     vertex -4.803691e+00  5.091615e+00  0.000000e+00
     vertex -5.848415e+00  3.846563e+00  0.000000e+00
   endloop
 endfacet
 facet normal -8.936326e-01  4.487992e-01  0.000000e+00
   outer loop
     vertex -6.577848e+00  2.394141e+00  1.000000e+00
     vertex -5.848415e+00  3.846563e+00  1.000000e+00
     vertex -5.848415e+00  3.846563e+00  0.000000e+00
   endloop
 endfacet
 facet normal -8.936326e-01  4.487992e-01  0.000000e+00
   outer loop
     vertex -6.577848e+00  2.394141e+00  1.000000e+00
     vertex -5.848415e+00  3.846563e+00  0.000000e+00
     vertex -6.577848e+00  2.394141e+00  0.000000e+00
   endloop
 endfacet
 facet normal -9.730449e-01  2.306159e-01  0.000000e+00
   outer loop
     vertex -6.952669e+00  8.126504e-01  1.000000e+00
     vertex -6.577848e+00  2.394141e+00  1.000000e+00
     vertex -6.577848e+00  2.394141e+00  0.000000e+00
   endloop
 endfacet
 facet normal -9.730449e-01  2.306159e-01  0.000000e+00
   outer loop
     vertex -6.952669e+00  8.126504e-01  1.000000e+00
     vertex -6.577848e+00  2.394141e+00  0.000000e+00
     vertex -6.952669e+00  8.126504e-01  0.000000e+00
   endloop
 endfacet
 facet normal -1.000000e+00  0.000000e+00  0.000000e+00
   outer loop
     vertex -6.952669e+00 -8.126504e-01  1.000000e+00
     vertex -6.952669e+00  8.126504e-01  1.000000e+00
     vertex -6.952669e+00  8.126504e-01  0.000000e+00
   endloop
 endfacet
 facet normal -1.000000e+00  0.000000e+00  0.000000e+00
   outer loop
     vertex -6.952669e+00 -8.126504e-01  1.000000e+00
     vertex -6.952669e+00  8.126504e-01  0.000000e+00
     vertex -6.952669e+00 -8.126504e-01  0.000000e+00
   endloop
 endfacet
 facet normal -9.730449e-01 -2.306159e-01 -0.000000e+00
   outer loop
     vertex -6.952669e+00 -8.126504e-01  1.000000e+00
     vertex -6.952669e+00 -8.126504e-01  0.000000e+00
     vertex -6.577848e+00 -2.394141e+00  0.000000e+00
   endloop
 endfacet
 facet normal -9.730449e-01 -2.306159e-01 -0.000000e+00
   outer loop
     vertex -6.577848e+00 -2.394141e+00  1.000000e+00
     vertex -6.952669e+00 -8.126504e-01  1.000000e+00
     vertex -6.577848e+00 -2.394141e+00  0.000000e+00
   endloop
 endfacet
 facet normal -8.936326e-01 -4.487992e-01 -0.000000e+00
   outer loop
     vertex -6.577848e+00 -2.394141e+00  1.000000e+00
     vertex -6.577848e+00 -2.394141e+00  0.000000e+00
     vertex -5.848415e+00 -3.846563e+00  0.000000e+00
   endloop
 endfacet
 facet normal -8.936326e-01 -4.487992e-01 -0.000000e+00
   outer loop
     vertex -5.848415e+00 -3.846563e+00  1.000000e+00
     vertex -6.577848e+00 -2.394141e+00  1.000000e+00
     vertex -5.848415e+00 -3.846563e+00  0.000000e+00
   endloop
 endfacet
 facet normal -7.660444e-01 -6.427876e-01  0.000000e+00
   outer loop
     vertex -4.803691e+00 -5.091615e+00  1.000000e+00
     vertex -5.848415e+00 -3.846563e+00  1.000000e+00
     vertex -5.848415e+00 -3.846563e+00  0.000000e+00
   endloop
 endfacet
 facet normal -7.660444e-01 -6.427876e-01 -0.000000e+00
   outer loop
     vertex -4.803691e+00 -5.091615e+00  1.000000e+00
     vertex -5.848415e+00 -3.846563e+00  0.000000e+00
     vertex -4.803691e+00 -5.091615e+00  0.000000e+00
   endloop
 endfacet
 facet normal -5.971586e-01 -8.021232e-01  0.000000e+00
   outer loop
     vertex -3.500000e+00 -6.062178e+00  1.000000e+00
     vertex -4.803691e+00 -5.091615e+00  1.000000e+00
     vertex -4.803691e+00 -5.091615e+00  0.000000e+00
   endloop
 endfacet
 facet normal -5.971586e-01 -8.021232e-01 -0.000000e+00
   outer loop
     vertex -3.500000e+00 -6.062178e+00  1.000000e+00
     vertex -4.803691e+00 -5.091615e+00  0.000000e+00
     vertex -3.500000e+00 -6.062178e+00  0.000000e+00
   endloop
 endfacet
 facet normal -3.960798e-01 -9.182161e-01  0.000000e+00
   outer loop
     vertex -2.007623e+00 -6.705927e+00  1.000000e+00
     vertex -3.500000e+00 -6.062178e+00  1.000000e+00
     vertex -3.500000e+00 -6.062178e+00  0.000000e+00
   endloop
 endfacet
 facet normal -3.960798e-01 -9.182161e-01 -0.000000e+00
   outer loop
     vertex -2.007623e+00 -6.705927e+00  1.000000e+00
     vertex -3.500000e+00 -6.062178e+00  0.000000e+00
     vertex -2.007623e+00 -6.705927e+00  0.000000e+00
   endloop
 endfacet
 facet normal -1.736482e-01 -9.848078e-01  0.000000e+00
   outer loop
     vertex -4.070138e-01 -6.988157e+00  1.000000e+00
     vertex -2.007623e+00 -6.705927e+00  1.000000e+00
     vertex -2.007623e+00 -6.705927e+00  0.000000e+00
   endloop
 endfacet
 facet normal -1.736482e-01 -9.848078e-01 -0.000000e+00
   outer loop
     vertex -4.070138e-01 -6.988157e+00  1.000000e+00
     vertex -2.007623e+00 -6.705927e+00  0.000000e+00
     vertex -4.070138e-01 -6.988157e+00  0.000000e+00
   endloop
 endfacet
 facet normal  5.814483e-02 -9.983082e-01  0.000000e+00
   outer loop
     vertex -4.070138e-01 -6.988157e+00  1.000000e+00
     vertex -4.070138e-01 -6.988157e+00  0.000000e+00
     vertex  1.215537e+00 -6.893654e+00  0.000000e+00
   endloop
 endfacet
 facet normal  5.814483e-02 -9.983082e-01  0.000000e+00
   outer loop
     vertex  1.215537e+00 -6.893654e+00  1.000000e+00
     vertex -4.070138e-01 -6.988157e+00  1.000000e+00
     vertex  1.215537e+00 -6.893654e+00  0.000000e+00
   endloop
 endfacet
 facet normal  2.868032e-01 -9.579895e-01  0.000000e+00
   outer loop
     vertex  2.772558e+00 -6.427513e+00  1.000000e+00
     vertex  1.215537e+00 -6.893654e+00  1.000000e+00
     vertex  1.215537e+00 -6.893654e+00  0.000000e+00
   endloop
 endfacet
 facet normal  2.868032e-01 -9.579895e-01  0.000000e+00
   outer loop
     vertex  2.772558e+00 -6.427513e+00  1.000000e+00
     vertex  1.215537e+00 -6.893654e+00  0.000000e+00
     vertex  2.772558e+00 -6.427513e+00  0.000000e+00
   endloop
 endfacet
 facet normal  5.000000e-01 -8.660254e-01  0.000000e+00
   outer loop
     vertex  2.772558e+00 -6.427513e+00  1.000000e+00
     vertex  2.772558e+00 -6.427513e+00  0.000000e+00
     vertex  4.180110e+00 -5.614862e+00  0.000000e+00
   endloop
 endfacet
 facet normal  5.000000e-01 -8.660254e-01  0.000000e+00
   outer loop
     vertex  4.180110e+00 -5.614862e+00  1.000000e+00
     vertex  2.772558e+00 -6.427513e+00  1.000000e+00
     vertex  4.180110e+00 -5.614862e+00  0.000000e+00
   endloop
 endfacet
 facet normal  6.862416e-01 -7.273736e-01  0.000000e+00
   outer loop
     vertex  5.362311e+00 -4.499513e+00  1.000000e+00
     vertex  4.180110e+00 -5.614862e+00  0.000000e+00
     vertex  5.362311e+00 -4.499513e+00  0.000000e+00
   endloop
 endfacet
 facet normal  6.862416e-01 -7.273736e-01  0.000000e+00
   outer loop
     vertex  5.362311e+00 -4.499513e+00  1.000000e+00
     vertex  4.180110e+00 -5.614862e+00  1.000000e+00
     vertex  4.180110e+00 -5.614862e+00  0.000000e+00
   endloop
 endfacet
 facet normal  8.354878e-01 -5.495090e-01  0.000000e+00
   outer loop
     vertex  6.255428e+00 -3.141594e+00  1.000000e+00
     vertex  5.362311e+00 -4.499513e+00  0.000000e+00
     vertex  6.255428e+00 -3.141594e+00  0.000000e+00
   endloop
 endfacet
 facet normal  8.354878e-01 -5.495090e-01  0.000000e+00
   outer loop
     vertex  6.255428e+00 -3.141594e+00  1.000000e+00
     vertex  5.362311e+00 -4.499513e+00  1.000000e+00
     vertex  5.362311e+00 -4.499513e+00  0.000000e+00
   endloop
 endfacet
 facet normal  9.396926e-01 -3.420201e-01  0.000000e+00
   outer loop
     vertex  6.811314e+00 -1.614311e+00  1.000000e+00
     vertex  6.255428e+00 -3.141594e+00  0.000000e+00
     vertex  6.811314e+00 -1.614311e+00  0.000000e+00
   endloop
 endfacet
 facet normal  9.396926e-01 -3.420201e-01  0.000000e+00
   outer loop
     vertex  6.811314e+00 -1.614311e+00  1.000000e+00
     vertex  6.255428e+00 -3.141594e+00  1.000000e+00
     vertex  6.255428e+00 -3.141594e+00  0.000000e+00
   endloop
 endfacet
 facet normal  9.932384e-01 -1.160929e-01  0.000000e+00
   outer loop
     vertex  7.000000e+00 -1.714506e-15  1.000000e+00
     vertex  6.811314e+00 -1.614311e+00  0.000000e+00
     vertex  7.000000e+00 -1.714506e-15  0.000000e+00
   endloop
 endfacet
 facet normal  9.932384e-01 -1.160929e-01  0.000000e+00
   outer loop
     vertex  7.000000e+00 -1.714506e-15  1.000000e+00
     vertex  6.811314e+00 -1.614311e+00  1.000000e+00
     vertex  6.811314e+00 -1.614311e+00  0.000000e+00
   endloop
 endfacet
 facet normal  0.000000e+00  0.000000e+00  1.000000e+00
   outer loop
     vertex -2.007623e+00 -6.705927e+00  1.000000e+00
     vertex -4.070138e-01 -6.988157e+00  1.000000e+00
     vertex  1.215537e+00 -6.893654e+00  1.000000e+00
   endloop
 endfacet
 facet normal  0.000000e+00  0.000000e+00  1.000000e+00
   outer loop
     vertex -4.803691e+00 -5.091615e+00  1.000000e+00
     vertex -3.500000e+00 -6.062178e+00  1.000000e+00
     vertex -2.007623e+00 -6.705927e+00  1.000000e+00
   endloop
 endfacet
 facet normal  0.000000e+00  0.000000e+00  1.000000e+00
   outer loop
     vertex -4.803691e+00 -5.091615e+00  1.000000e+00
     vertex -2.007623e+00 -6.705927e+00  1.000000e+00
     vertex  1.215537e+00 -6.893654e+00  1.000000e+00
   endloop
 endfacet
 facet normal  0.000000e+00  0.000000e+00  1.000000e+00
   outer loop
     vertex -6.952669e+00 -8.126504e-01  1.000000e+00
     vertex -6.577848e+00 -2.394141e+00  1.000000e+00
     vertex -5.848415e+00 -3.846563e+00  1.000000e+00
   endloop
 endfacet
 facet normal  0.000000e+00  0.000000e+00  1.000000e+00
   outer loop
     vertex -6.952669e+00 -8.126504e-01  1.000000e+00
     vertex -5.848415e+00 -3.846563e+00  1.000000e+00
     vertex -4.803691e+00 -5.091615e+00  1.000000e+00
   endloop
 endfacet
 facet normal  0.000000e+00  0.000000e+00  1.000000e+00
   outer loop
     vertex -6.952669e+00  8.126504e-01  1.000000e+00
     vertex -6.952669e+00 -8.126504e-01  1.000000e+00
     vertex -4.803691e+00 -5.091615e+00  1.000000e+00
   endloop
 endfacet
 facet normal  0.000000e+00  0.000000e+00  1.000000e+00
   outer loop
     vertex  6.811314e+00  1.614311e+00  1.000000e+00
     vertex  5.362311e+00 -4.499513e+00  1.000000e+00
     vertex  6.255428e+00 -3.141594e+00  1.000000e+00
   endloop
 endfacet
 facet normal  0.000000e+00  0.000000e+00  1.000000e+00
   outer loop
     vertex  6.811314e+00  1.614311e+00  1.000000e+00
     vertex  6.255428e+00 -3.141594e+00  1.000000e+00
     vertex  6.811314e+00 -1.614311e+00  1.000000e+00
   endloop
 endfacet
 facet normal  0.000000e+00  0.000000e+00  1.000000e+00
   outer loop
     vertex  6.811314e+00  1.614311e+00  1.000000e+00
     vertex  6.811314e+00 -1.614311e+00  1.000000e+00
     vertex  7.000000e+00 -1.714506e-15  1.000000e+00
   endloop
 endfacet
 facet normal  0.000000e+00  0.000000e+00  1.000000e+00
   outer loop
     vertex  5.362311e+00  4.499513e+00  1.000000e+00
     vertex  6.811314e+00  1.614311e+00  1.000000e+00
     vertex  6.255428e+00  3.141594e+00  1.000000e+00
   endloop
 endfacet
 facet normal  0.000000e+00  0.000000e+00  1.000000e+00
   outer loop
     vertex -4.803691e+00  5.091615e+00  1.000000e+00
     vertex -5.848415e+00  3.846563e+00  1.000000e+00
     vertex -6.577848e+00  2.394141e+00  1.000000e+00
   endloop
 endfacet
 facet normal  0.000000e+00  0.000000e+00  1.000000e+00
   outer loop
     vertex -4.803691e+00  5.091615e+00  1.000000e+00
     vertex -6.577848e+00  2.394141e+00  1.000000e+00
     vertex -6.952669e+00  8.126504e-01  1.000000e+00
   endloop
 endfacet
 facet normal  0.000000e+00  0.000000e+00  1.000000e+00
   outer loop
     vertex  4.180110e+00  5.614862e+00  1.000000e+00
     vertex  1.215537e+00 -6.893654e+00  1.000000e+00
     vertex  2.772558e+00 -6.427513e+00  1.000000e+00
   endloop
 endfacet
 facet normal  0.000000e+00  0.000000e+00  1.000000e+00
   outer loop
     vertex  4.180110e+00  5.614862e+00  1.000000e+00
     vertex  2.772558e+00 -6.427513e+00  1.000000e+00
     vertex  4.180110e+00 -5.614862e+00  1.000000e+00
   endloop
 endfacet
 facet normal  0.000000e+00  0.000000e+00  1.000000e+00
   outer loop
     vertex  4.180110e+00  5.614862e+00  1.000000e+00
     vertex  4.180110e+00 -5.614862e+00  1.000000e+00
     vertex  5.362311e+00 -4.499513e+00  1.000000e+00
   endloop
 endfacet
 facet normal  0.000000e+00  0.000000e+00  1.000000e+00
   outer loop
     vertex  4.180110e+00  5.614862e+00  1.000000e+00
     vertex  5.362311e+00 -4.499513e+00  1.000000e+00
     vertex  6.811314e+00  1.614311e+00  1.000000e+00
   endloop
 endfacet
 facet normal  0.000000e+00  0.000000e+00  1.000000e+00
   outer loop
     vertex  4.180110e+00  5.614862e+00  1.000000e+00
     vertex  6.811314e+00  1.614311e+00  1.000000e+00
     vertex  5.362311e+00  4.499513e+00  1.000000e+00
   endloop
 endfacet
 facet normal  0.000000e+00  0.000000e+00  1.000000e+00
   outer loop
     vertex -3.500000e+00  6.062178e+00  1.000000e+00
     vertex -4.803691e+00 -5.091615e+00  1.000000e+00
     vertex  1.215537e+00 -6.893654e+00  1.000000e+00
   endloop
 endfacet
 facet normal  0.000000e+00  0.000000e+00  1.000000e+00
   outer loop
     vertex -3.500000e+00  6.062178e+00  1.000000e+00
     vertex -6.952669e+00  8.126504e-01  1.000000e+00
     vertex -4.803691e+00 -5.091615e+00  1.000000e+00
   endloop
 endfacet
 facet normal  0.000000e+00  0.000000e+00  1.000000e+00
   outer loop
     vertex -3.500000e+00  6.062178e+00  1.000000e+00
     vertex -4.803691e+00  5.091615e+00  1.000000e+00
     vertex -6.952669e+00  8.126504e-01  1.000000e+00
   endloop
 endfacet
 facet normal  0.000000e+00  0.000000e+00  1.000000e+00
   outer loop
     vertex -2.007623e+00  6.705927e+00  1.000000e+00
     vertex -3.500000e+00  6.062178e+00  1.000000e+00
     vertex  1.215537e+00 -6.893654e+00  1.000000e+00
   endloop
 endfacet
 facet normal  0.000000e+00  0.000000e+00  1.000000e+00
   outer loop
     vertex -2.007623e+00  6.705927e+00  1.000000e+00
     vertex  1.215537e+00 -6.893654e+00  1.000000e+00
     vertex  4.180110e+00  5.614862e+00  1.000000e+00
   endloop
 endfacet
 facet normal  0.000000e+00  0.000000e+00  1.000000e+00
   outer loop
     vertex  1.215537e+00  6.893654e+00  1.000000e+00
     vertex  4.180110e+00  5.614862e+00  1.000000e+00
     vertex  2.772558e+00  6.427513e+00  1.000000e+00
   endloop
 endfacet
 facet normal  0.000000e+00  0.000000e+00  1.000000e+00
   outer loop
     vertex -4.070138e-01  6.988157e+00  1.000000e+00
     vertex -2.007623e+00  6.705927e+00  1.000000e+00
     vertex  4.180110e+00  5.614862e+00  1.000000e+00
   endloop
 endfacet
 facet normal  0.000000e+00  0.000000e+00  1.000000e+00
   outer loop
     vertex -4.070138e-01  6.988157e+00  1.000000e+00
     vertex  4.180110e+00  5.614862e+00  1.000000e+00
     vertex  1.215537e+00  6.893654e+00  1.000000e+00
   endloop
 endfacet
 facet normal  0.000000e+00  0.000000e+00 -1.000000e+00
   outer loop
     vertex -6.577848e+00 -2.394141e+00  0.000000e+00
     vertex -4.803691e+00 -5.091615e+00  0.000000e+00
     vertex -5.848415e+00 -3.846563e+00  0.000000e+00
   endloop
 endfacet
 facet normal  0.000000e+00  0.000000e+00 -1.000000e+00
   outer loop
     vertex -2.007623e+00 -6.705927e+00  0.000000e+00
     vertex -3.500000e+00 -6.062178e+00  0.000000e+00
     vertex -4.803691e+00 -5.091615e+00  0.000000e+00
   endloop
 endfacet
 facet normal  0.000000e+00  0.000000e+00 -1.000000e+00
   outer loop
     vertex -6.952669e+00  8.126504e-01  0.000000e+00
     vertex -6.577848e+00 -2.394141e+00  0.000000e+00
     vertex -6.952669e+00 -8.126504e-01  0.000000e+00
   endloop
 endfacet
 facet normal  0.000000e+00  0.000000e+00 -1.000000e+00
   outer loop
     vertex -4.803691e+00  5.091615e+00  0.000000e+00
     vertex -6.577848e+00  2.394141e+00  0.000000e+00
     vertex -5.848415e+00  3.846563e+00  0.000000e+00
   endloop
 endfacet
 facet normal  0.000000e+00  0.000000e+00 -1.000000e+00
   outer loop
     vertex -4.803691e+00  5.091615e+00  0.000000e+00
     vertex -6.952669e+00  8.126504e-01  0.000000e+00
     vertex -6.577848e+00  2.394141e+00  0.000000e+00
   endloop
 endfacet
 facet normal  0.000000e+00  0.000000e+00 -1.000000e+00
   outer loop
     vertex -4.803691e+00  5.091615e+00  0.000000e+00
     vertex -6.577848e+00 -2.394141e+00  0.000000e+00
     vertex -6.952669e+00  8.126504e-01  0.000000e+00
   endloop
 endfacet
 facet normal  0.000000e+00  0.000000e+00 -1.000000e+00
   outer loop
     vertex -3.500000e+00  6.062178e+00  0.000000e+00
     vertex -4.070138e-01 -6.988157e+00  0.000000e+00
     vertex -2.007623e+00 -6.705927e+00  0.000000e+00
   endloop
 endfacet
 facet normal  0.000000e+00  0.000000e+00 -1.000000e+00
   outer loop
     vertex -3.500000e+00  6.062178e+00  0.000000e+00
     vertex -4.803691e+00 -5.091615e+00  0.000000e+00
     vertex -6.577848e+00 -2.394141e+00  0.000000e+00
   endloop
 endfacet
 facet normal  0.000000e+00 -0.000000e+00 -1.000000e+00
   outer loop
     vertex -3.500000e+00  6.062178e+00  0.000000e+00
     vertex -2.007623e+00 -6.705927e+00  0.000000e+00
     vertex -4.803691e+00 -5.091615e+00  0.000000e+00
   endloop
 endfacet
 facet normal  0.000000e+00  0.000000e+00 -1.000000e+00
   outer loop
     vertex -3.500000e+00  6.062178e+00  0.000000e+00
     vertex -6.577848e+00 -2.394141e+00  0.000000e+00
     vertex -4.803691e+00  5.091615e+00  0.000000e+00
   endloop
 endfacet
 facet normal  0.000000e+00  0.000000e+00 -1.000000e+00
   outer loop
     vertex  6.255428e+00 -3.141594e+00  0.000000e+00
     vertex  5.362311e+00 -4.499513e+00  0.000000e+00
     vertex  4.180110e+00 -5.614862e+00  0.000000e+00
   endloop
 endfacet
 facet normal  0.000000e+00  0.000000e+00 -1.000000e+00
   outer loop
     vertex -2.007623e+00  6.705927e+00  0.000000e+00
     vertex  1.215537e+00 -6.893654e+00  0.000000e+00
     vertex -4.070138e-01 -6.988157e+00  0.000000e+00
   endloop
 endfacet
 facet normal  0.000000e+00 -0.000000e+00 -1.000000e+00
   outer loop
     vertex -2.007623e+00  6.705927e+00  0.000000e+00
     vertex -4.070138e-01 -6.988157e+00  0.000000e+00
     vertex -3.500000e+00  6.062178e+00  0.000000e+00
   endloop
 endfacet
 facet normal  0.000000e+00  0.000000e+00 -1.000000e+00
   outer loop
     vertex -4.070138e-01  6.988157e+00  0.000000e+00
     vertex  2.772558e+00 -6.427513e+00  0.000000e+00
     vertex  1.215537e+00 -6.893654e+00  0.000000e+00
   endloop
 endfacet
 facet normal  0.000000e+00  0.000000e+00 -1.000000e+00
   outer loop
     vertex -4.070138e-01  6.988157e+00  0.000000e+00
     vertex  4.180110e+00 -5.614862e+00  0.000000e+00
     vertex  2.772558e+00 -6.427513e+00  0.000000e+00
   endloop
 endfacet
 facet normal  0.000000e+00 -0.000000e+00 -1.000000e+00
   outer loop
     vertex -4.070138e-01  6.988157e+00  0.000000e+00
     vertex  1.215537e+00 -6.893654e+00  0.000000e+00
     vertex -2.007623e+00  6.705927e+00  0.000000e+00
   endloop
 endfacet
 facet normal  0.000000e+00  0.000000e+00 -1.000000e+00
   outer loop
     vertex  7.000000e+00 -1.714506e-15  0.000000e+00
     vertex  6.811314e+00 -1.614311e+00  0.000000e+00
     vertex  6.255428e+00 -3.141594e+00  0.000000e+00
   endloop
 endfacet
 facet normal  0.000000e+00  0.000000e+00 -1.000000e+00
   outer loop
     vertex  7.000000e+00 -1.714506e-15  0.000000e+00
     vertex  6.255428e+00 -3.141594e+00  0.000000e+00
     vertex  4.180110e+00 -5.614862e+00  0.000000e+00
   endloop
 endfacet
 facet normal  0.000000e+00  0.000000e+00 -1.000000e+00
   outer loop
     vertex  4.180110e+00  5.614862e+00  0.000000e+00
     vertex  1.215537e+00  6.893654e+00  0.000000e+00
     vertex  2.772558e+00  6.427513e+00  0.000000e+00
   endloop
 endfacet
 facet normal  0.000000e+00  0.000000e+00 -1.000000e+00
   outer loop
     vertex  4.180110e+00  5.614862e+00  0.000000e+00
     vertex -4.070138e-01  6.988157e+00  0.000000e+00
     vertex  1.215537e+00  6.893654e+00  0.000000e+00
   endloop
 endfacet
 facet normal -0.000000e+00  0.000000e+00 -1.000000e+00
   outer loop
     vertex  4.180110e+00  5.614862e+00  0.000000e+00
     vertex  4.180110e+00 -5.614862e+00  0.000000e+00
     vertex -4.070138e-01  6.988157e+00  0.000000e+00
   endloop
 endfacet
 facet normal  0.000000e+00 -0.000000e+00 -1.000000e+00
   outer loop
     vertex  4.180110e+00  5.614862e+00  0.000000e+00
     vertex  7.000000e+00 -1.714506e-15  0.000000e+00
     vertex  4.180110e+00 -5.614862e+00  0.000000e+00
   endloop
 endfacet
 facet normal  0.000000e+00  0.000000e+00 -1.000000e+00
   outer loop
     vertex  5.362311e+00  4.499513e+00  0.000000e+00
     vertex  6.811314e+00  1.614311e+00  0.000000e+00
     vertex  7.000000e+00 -1.714506e-15  0.000000e+00
   endloop
 endfacet
 facet normal  0.000000e+00  0.000000e+00 -1.000000e+00
   outer loop
     vertex  5.362311e+00  4.499513e+00  0.000000e+00
     vertex  6.255428e+00  3.141594e+00  0.000000e+00
     vertex  6.811314e+00  1.614311e+00  0.000000e+00
   endloop
 endfacet
 facet normal -0.000000e+00 -0.000000e+00 -1.000000e+00
   outer loop
     vertex  5.362311e+00  4.499513e+00  0.000000e+00
     vertex  7.000000e+00 -1.714506e-15  0.000000e+00
     vertex  4.180110e+00  5.614862e+00  0.000000e+00
   endloop
 endfacet
endsolid
