/*--------------------------------*- C++ -*----------------------------------*\
| =========                 |                                                 |
| \\      /  F ield         | OpenFOAM: The Open Source CFD Toolbox           |
|  \\    /   O peration     | Version:  2312                                  |
|   \\  /    A nd           | Website:  www.openfoam.com                      |
|    \\/     M anipulation  |                                                 |
\*---------------------------------------------------------------------------*/
FoamFile
{
    version     2.0;
    format      ascii;
    arch        "LSB;label=32;scalar=64";
    class       faceList;
    location    "constant/polyMesh";
    object      faces;
}
// * * * * * * * * * * * * * * * * * * * * * * * * * * * * * * * * * * * * * //


7050
(
4(0 630 1746 632)
4(0 632 1750 631)
5(234 1232 105 1724 344)
5(1724 106 1234 238 344)
6(238 1238 107 1237 234 344)
4(105 1232 1746 630)
4(107 632 1746 1237)
4(234 1237 1746 1232)
4(106 631 1750 1234)
4(107 1238 1750 632)
4(238 1234 1750 1238)
4(1 636 1757 637)
5(1 637 109 1743 633)
5(236 1240 108 1725 345)
4(1725 633 1743 345)
5(1743 109 1243 236 345)
4(108 1240 1757 636)
4(109 637 1757 1243)
4(236 1243 1757 1240)
4(2 640 1765 642)
4(2 642 1754 641)
4(1765 640 1764 346)
4(1764 641 1754 346)
4(1754 642 1765 346)
4(3 648 1777 647)
5(3 644 1744 114 648)
4(1744 644 1727 348)
5(1727 113 1258 244 348)
5(244 1261 114 1744 348)
4(113 647 1777 1258)
4(114 1261 1777 648)
4(244 1258 1777 1261)
4(4 649 1755 651)
4(4 651 1774 650)
4(1755 649 1729 349)
4(1729 650 1774 349)
4(1774 651 1755 349)
4(5 653 1794 655)
4(5 655 1784 654)
4(1794 653 1793 350)
4(1793 654 1784 350)
4(1784 655 1794 350)
4(6 661 1799 660)
4(6 659 1775 661)
4(1775 659 1798 351)
4(1798 660 1799 351)
4(1799 661 1775 351)
4(7 665 1803 664)
4(7 666 1804 665)
4(7 664 1785 666)
4(1785 664 1803 352)
4(1803 665 1804 352)
4(1804 666 1785 352)
3(8 671 670)
4(8 670 1808 672)
4(8 672 1809 671)
3(1809 672 1808)
4(9 678 1822 680)
4(9 680 1826 679)
6(9 679 126 1745 125 678)
5(254 1314 125 1745 354)
5(1745 126 1317 258 354)
6(258 1321 127 1320 254 354)
4(125 1314 1822 678)
4(127 680 1822 1320)
4(254 1320 1822 1314)
4(126 679 1826 1317)
4(127 1321 1826 680)
4(258 1317 1826 1321)
4(10 685 1833 686)
5(10 681 1756 128 685)
5(10 686 129 1819 681)
5(256 1324 128 1756 355)
4(1756 681 1819 355)
5(1819 129 1327 256 355)
4(128 1324 1833 685)
4(129 686 1833 1327)
4(256 1327 1833 1324)
4(11 691 1840 690)
4(11 690 1841 692)
4(11 692 1830 691)
4(1841 690 1840 356)
4(1840 691 1830 356)
4(1830 692 1841 356)
4(12 699 1853 698)
5(12 698 133 1776 694)
5(12 694 1820 134 699)
4(1820 694 1776 358)
5(1776 133 1345 264 358)
5(264 1348 134 1820 358)
4(133 698 1853 1345)
4(134 1348 1853 699)
4(264 1345 1853 1348)
4(13 701 1786 700)
4(13 700 1831 702)
4(13 702 1850 701)
4(1831 700 1786 359)
4(1786 701 1850 359)
4(1850 702 1831 359)
4(14 706 1869 705)
4(14 705 1870 707)
4(14 707 1860 706)
4(1870 705 1869 360)
4(1869 706 1860 360)
4(1860 707 1870 360)
4(15 713 1874 712)
4(15 714 1875 713)
4(15 712 1851 714)
4(1851 712 1874 361)
4(1874 713 1875 361)
4(1875 714 1851 361)
4(16 718 1879 717)
4(16 719 1880 718)
4(16 717 1861 719)
4(1861 717 1879 362)
4(1879 718 1880 362)
4(1880 719 1861 362)
3(17 724 723)
4(17 723 1884 725)
4(17 725 1885 724)
3(1885 725 1884)
4(18 731 1898 733)
4(18 733 1902 732)
6(18 732 146 1821 145 731)
5(274 1402 145 1821 364)
5(1821 146 1405 278 364)
6(278 1409 147 1408 274 364)
4(145 1402 1898 731)
4(147 733 1898 1408)
4(274 1408 1898 1402)
4(146 732 1902 1405)
4(147 1409 1902 733)
4(278 1405 1902 1409)
4(19 738 1909 739)
5(19 734 1832 148 738)
5(19 739 149 1895 734)
5(276 1412 148 1832 365)
4(1832 734 1895 365)
5(1895 149 1415 276 365)
4(148 1412 1909 738)
4(149 739 1909 1415)
4(276 1415 1909 1412)
4(20 744 1916 743)
4(20 743 1917 745)
4(20 745 1906 744)
4(1917 743 1916 366)
4(1916 744 1906 366)
4(1906 745 1917 366)
4(21 752 1929 751)
5(21 751 153 1852 747)
5(21 747 1896 154 752)
4(1896 747 1852 368)
5(1852 153 1433 284 368)
5(284 1436 154 1896 368)
4(153 751 1929 1433)
4(154 1436 1929 752)
4(284 1433 1929 1436)
4(22 754 1862 753)
4(22 753 1907 755)
4(22 755 1926 754)
4(1907 753 1862 369)
4(1862 754 1926 369)
4(1926 755 1907 369)
4(23 759 1945 758)
4(23 758 1946 760)
4(23 760 1936 759)
4(1946 758 1945 370)
4(1945 759 1936 370)
4(1936 760 1946 370)
4(24 766 1950 765)
4(24 767 1951 766)
4(24 765 1927 767)
4(1927 765 1950 371)
4(1950 766 1951 371)
4(1951 767 1927 371)
4(25 771 1955 770)
4(25 772 1956 771)
4(25 770 1937 772)
4(1937 770 1955 372)
4(1955 771 1956 372)
4(1956 772 1937 372)
3(26 777 776)
4(26 776 1960 778)
4(26 778 1961 777)
3(1961 778 1960)
4(27 784 1974 786)
4(27 786 1978 785)
6(27 785 166 1897 165 784)
5(294 1490 165 1897 374)
5(1897 166 1493 298 374)
6(298 1497 167 1496 294 374)
4(165 1490 1974 784)
4(167 786 1974 1496)
4(294 1496 1974 1490)
4(166 785 1978 1493)
4(167 1497 1978 786)
4(298 1493 1978 1497)
4(28 791 1985 792)
5(28 787 1908 168 791)
5(28 792 169 1971 787)
5(296 1500 168 1908 375)
4(1908 787 1971 375)
5(1971 169 1503 296 375)
4(168 1500 1985 791)
4(169 792 1985 1503)
4(296 1503 1985 1500)
4(29 797 1992 796)
4(29 796 1993 798)
4(29 798 1982 797)
4(1993 796 1992 376)
4(1992 797 1982 376)
4(1982 798 1993 376)
4(30 805 2005 804)
5(30 804 173 1928 800)
5(30 800 1972 174 805)
4(1972 800 1928 378)
5(1928 173 1521 304 378)
5(304 1524 174 1972 378)
4(173 804 2005 1521)
4(174 1524 2005 805)
4(304 1521 2005 1524)
4(31 807 1938 806)
4(31 806 1983 808)
4(31 808 2002 807)
4(1983 806 1938 379)
4(1938 807 2002 379)
4(2002 808 1983 379)
4(32 812 2021 811)
4(32 811 2022 813)
4(32 813 2012 812)
4(2022 811 2021 380)
4(2021 812 2012 380)
4(2012 813 2022 380)
4(33 819 2026 818)
4(33 820 2027 819)
4(33 818 2003 820)
4(2003 818 2026 381)
4(2026 819 2027 381)
4(2027 820 2003 381)
4(34 824 2031 823)
4(34 825 2032 824)
4(34 823 2013 825)
4(2013 823 2031 382)
4(2031 824 2032 382)
4(2032 825 2013 382)
3(35 830 829)
4(35 829 2036 831)
4(35 831 2037 830)
3(2037 831 2036)
4(36 837 2050 839)
4(36 839 2054 838)
6(36 838 186 1973 185 837)
5(314 1578 185 1973 384)
5(1973 186 1581 318 384)
6(318 1585 187 1584 314 384)
4(185 1578 2050 837)
4(187 839 2050 1584)
4(314 1584 2050 1578)
4(186 838 2054 1581)
4(187 1585 2054 839)
4(318 1581 2054 1585)
4(37 844 2061 845)
5(37 840 1984 188 844)
5(37 845 189 2047 840)
5(316 1588 188 1984 385)
4(1984 840 2047 385)
5(2047 189 1591 316 385)
4(188 1588 2061 844)
4(189 845 2061 1591)
4(316 1591 2061 1588)
4(38 850 2068 849)
4(38 849 2069 851)
4(38 851 2058 850)
4(2069 849 2068 386)
4(2068 850 2058 386)
4(2058 851 2069 386)
4(39 858 2081 857)
5(39 857 193 2004 853)
5(39 853 2048 194 858)
4(2048 853 2004 388)
5(2004 193 1609 324 388)
5(324 1612 194 2048 388)
4(193 857 2081 1609)
4(194 1612 2081 858)
4(324 1609 2081 1612)
4(40 860 2014 859)
4(40 859 2059 861)
4(40 861 2078 860)
4(2059 859 2014 389)
4(2014 860 2078 389)
4(2078 861 2059 389)
4(41 865 2097 864)
4(41 864 2098 866)
4(41 866 2088 865)
4(2098 864 2097 390)
4(2097 865 2088 390)
4(2088 866 2098 390)
4(42 872 2102 871)
4(42 873 2103 872)
4(42 871 2079 873)
4(2079 871 2102 391)
4(2102 872 2103 391)
4(2103 873 2079 391)
4(43 877 2107 876)
4(43 878 2108 877)
4(43 876 2089 878)
4(2089 876 2107 392)
4(2107 877 2108 392)
4(2108 878 2089 392)
3(44 883 882)
4(44 882 2112 884)
4(44 884 2113 883)
3(2113 884 2112)
4(46 896 2125 897)
5(46 892 2060 207 896)
5(46 897 208 2120 892)
5(335 1671 207 2060 395)
4(2060 892 2120 395)
4(207 1671 2125 896)
4(208 897 2125 1674)
4(335 1674 2125 1671)
4(47 902 2128 901)
4(47 901 2129 903)
4(47 903 2123 902)
4(2129 901 2128 396)
4(2128 902 2123 396)
4(2123 903 2129 396)
4(49 911 2090 910)
4(49 910 2124 912)
4(49 912 2134 911)
4(2124 910 2090 398)
4(2090 911 2134 398)
4(50 916 2139 915)
4(50 915 2140 917)
4(50 917 2135 916)
4(2140 915 2139 399)
4(2139 916 2135 399)
4(2135 917 2140 399)
4(52 927 2145 926)
4(52 926 2136 928)
4(2136 926 2145 400)
4(2145 927 2146 400)
4(2146 928 2136 400)
3(53 933 932)
4(53 932 2150 934)
4(53 934 2151 933)
3(2151 934 2150)
4(8 670 2169 667)
4(8 668 2170 670)
4(8 667 1730 668)
4(1730 667 2169 401)
4(2170 668 1730 401)
4(2169 670 2170 401)
4(7 662 2175 665)
4(7 665 2176 663)
4(7 663 1728 662)
4(2175 662 1728 402)
4(1728 663 2176 402)
4(2176 665 2175 402)
4(7 662 1731 664)
4(1731 662 2175 404)
4(1803 664 1731 404)
4(2175 665 1803 404)
4(8 667 2185 671)
4(8 671 2186 669)
4(8 669 1732 667)
4(2185 667 1732 405)
4(1732 669 2186 405)
4(2186 671 2185 405)
3(2169 667 2185)
4(0 632 2189 628)
4(0 629 2190 632)
3(2189 632 2190)
4(9 676 2191 675)
4(9 675 2192 677)
3(9 677 676)
3(2192 675 2191)
4(2189 628 2153 408)
4(2153 630 1746 408)
4(1746 632 2189 408)
4(1 637 2198 634)
4(1 635 1747 637)
4(2154 634 2198 409)
4(1747 635 2154 409)
4(2198 637 1747 409)
4(9 676 2205 678)
4(9 678 1748 675)
4(2191 675 1748 411)
4(2205 676 2191 411)
4(1748 678 2205 411)
4(10 683 2206 682)
4(10 684 2207 683)
4(10 682 1749 684)
4(1749 682 2206 412)
4(2206 683 2207 412)
4(2207 684 1749 412)
4(2198 634 2155 413)
4(2155 636 1757 413)
4(1757 637 2198 413)
4(2 642 2212 638)
4(2 639 1758 642)
4(2156 638 2212 414)
4(1758 639 2156 414)
4(2212 642 1758 414)
4(10 683 2217 685)
4(10 685 1759 682)
4(2206 682 1759 416)
4(2217 683 2206 416)
4(1759 685 2217 416)
4(11 688 2218 687)
4(11 689 2219 688)
4(11 687 1760 689)
4(1760 687 2218 417)
4(2218 688 2219 417)
4(2219 689 1760 417)
3(1765 642 2212)
4(11 690 2220 687)
3(11 688 690)
3(2218 687 2220)
4(2157 629 2190 418)
4(1750 631 2157 418)
4(2190 632 1750 418)
4(3 646 2226 648)
4(3 648 1751 645)
4(2159 645 1751 420)
4(2226 646 2159 420)
4(1751 648 2226 420)
4(9 679 2230 677)
4(9 675 1752 679)
4(1752 675 2192 421)
4(2192 677 2230 421)
4(2230 679 1752 421)
4(12 695 2234 697)
4(12 697 2235 696)
4(12 696 1753 695)
4(2234 695 1753 423)
4(1753 696 2235 423)
4(2235 697 2234 423)
4(5 652 1761 655)
4(1761 652 2160 424)
4(2160 653 1794 424)
4(1794 655 1761 424)
4(11 691 1762 687)
4(2220 687 1762 426)
4(1840 690 2220 426)
4(1762 691 1840 426)
4(14 705 2245 703)
4(14 704 2246 705)
4(14 703 1763 704)
4(1763 703 2245 427)
4(2246 704 1763 427)
4(2245 705 2246 427)
4(2162 646 2226 429)
4(1777 647 2162 429)
4(2226 648 1777 429)
4(6 658 2253 661)
4(6 661 1778 657)
4(2163 657 1778 430)
4(2253 658 2163 430)
4(1778 661 2253 430)
4(12 698 2257 697)
4(12 695 1779 698)
4(1779 695 2234 432)
4(2234 697 2257 432)
4(2257 698 1779 432)
4(15 709 2259 711)
4(15 711 2260 710)
4(15 710 1780 709)
4(2259 709 1780 433)
4(1780 710 2260 433)
4(2260 711 2259 433)
4(8 668 1787 672)
4(1787 668 2170 435)
4(2170 670 1808 435)
4(1808 672 1787 435)
4(14 706 1788 703)
4(2245 703 1788 436)
4(1869 705 2245 436)
4(1788 706 1869 436)
4(17 723 2270 720)
4(17 721 2271 723)
4(17 720 1789 721)
4(1789 720 2270 438)
4(2271 721 1789 438)
4(2270 723 2271 438)
3(2253 661 1799)
4(15 709 2272 713)
3(15 713 711)
3(2272 709 2259)
4(7 666 1781 663)
4(2176 663 1781 439)
4(1804 665 2176 439)
4(1781 666 1804 439)
4(15 709 1782 712)
4(1782 709 2272 441)
4(1874 712 1782 441)
4(2272 713 1874 441)
4(16 715 2281 718)
4(16 718 2282 716)
4(16 716 1783 715)
4(2281 715 1783 442)
4(1783 716 2282 442)
4(2282 718 2281 442)
4(8 672 1790 669)
4(2186 669 1790 444)
4(1809 671 2186 444)
4(1790 672 1809 444)
4(16 715 1791 717)
4(1791 715 2281 446)
4(1879 717 1791 446)
4(2281 718 1879 446)
4(17 720 2293 724)
4(17 724 2294 722)
4(17 722 1792 720)
4(2293 720 1792 447)
4(1792 722 2294 447)
4(2294 724 2293 447)
3(2270 720 2293)
4(9 680 2297 676)
4(9 677 2298 680)
3(2297 680 2298)
4(18 729 2299 728)
4(18 728 2300 730)
3(18 730 729)
3(2300 728 2299)
4(2297 676 2205 450)
4(2205 678 1822 450)
4(1822 680 2297 450)
4(10 686 2306 683)
4(10 684 1823 686)
4(2207 683 2306 451)
4(1823 684 2207 451)
4(2306 686 1823 451)
4(18 729 2313 731)
4(18 731 1824 728)
4(2299 728 1824 453)
4(2313 729 2299 453)
4(1824 731 2313 453)
4(19 736 2314 735)
4(19 737 2315 736)
4(19 735 1825 737)
4(1825 735 2314 454)
4(2314 736 2315 454)
4(2315 737 1825 454)
4(2306 683 2217 455)
4(2217 685 1833 455)
4(1833 686 2306 455)
4(11 692 2320 688)
4(11 689 1834 692)
4(2219 688 2320 456)
4(1834 689 2219 456)
4(2320 692 1834 456)
4(19 736 2325 738)
4(19 738 1835 735)
4(2314 735 1835 458)
4(2325 736 2314 458)
4(1835 738 2325 458)
4(20 741 2326 740)
4(20 742 2327 741)
4(20 740 1836 742)
4(1836 740 2326 459)
4(2326 741 2327 459)
4(2327 742 1836 459)
3(1841 692 2320)
4(20 743 2328 740)
3(20 741 743)
3(2326 740 2328)
4(2230 677 2298 460)
4(1826 679 2230 460)
4(2298 680 1826 460)
4(12 697 2334 699)
4(12 699 1827 696)
4(2235 696 1827 462)
4(2334 697 2235 462)
4(1827 699 2334 462)
4(18 732 2338 730)
4(18 728 1828 732)
4(1828 728 2300 463)
4(2300 730 2338 463)
4(2338 732 1828 463)
4(21 748 2342 750)
4(21 750 2343 749)
4(21 749 1829 748)
4(2342 748 1829 465)
4(1829 749 2343 465)
4(2343 750 2342 465)
4(14 704 1837 707)
4(1837 704 2246 466)
4(2246 705 1870 466)
4(1870 707 1837 466)
4(20 744 1838 740)
4(2328 740 1838 468)
4(1916 743 2328 468)
4(1838 744 1916 468)
4(23 758 2353 756)
4(23 757 2354 758)
4(23 756 1839 757)
4(1839 756 2353 469)
4(2354 757 1839 469)
4(2353 758 2354 469)
4(2257 697 2334 471)
4(1853 698 2257 471)
4(2334 699 1853 471)
4(15 711 2361 714)
4(15 714 1854 710)
4(2260 710 1854 472)
4(2361 711 2260 472)
4(1854 714 2361 472)
4(21 751 2365 750)
4(21 748 1855 751)
4(1855 748 2342 474)
4(2342 750 2365 474)
4(2365 751 1855 474)
4(24 762 2367 764)
4(24 764 2368 763)
4(24 763 1856 762)
4(2367 762 1856 475)
4(1856 763 2368 475)
4(2368 764 2367 475)
4(17 721 1863 725)
4(1863 721 2271 477)
4(2271 723 1884 477)
4(1884 725 1863 477)
4(23 759 1864 756)
4(2353 756 1864 478)
4(1945 758 2353 478)
4(1864 759 1945 478)
4(26 776 2378 773)
4(26 774 2379 776)
4(26 773 1865 774)
4(1865 773 2378 480)
4(2379 774 1865 480)
4(2378 776 2379 480)
3(2361 714 1875)
4(24 762 2380 766)
3(24 766 764)
3(2380 762 2367)
4(16 719 1857 716)
4(2282 716 1857 481)
4(1880 718 2282 481)
4(1857 719 1880 481)
4(24 762 1858 765)
4(1858 762 2380 483)
4(1950 765 1858 483)
4(2380 766 1950 483)
4(25 768 2389 771)
4(25 771 2390 769)
4(25 769 1859 768)
4(2389 768 1859 484)
4(1859 769 2390 484)
4(2390 771 2389 484)
4(17 725 1866 722)
4(2294 722 1866 486)
4(1885 724 2294 486)
4(1866 725 1885 486)
4(25 768 1867 770)
4(1867 768 2389 488)
4(1955 770 1867 488)
4(2389 771 1955 488)
4(26 773 2401 777)
4(26 777 2402 775)
4(26 775 1868 773)
4(2401 773 1868 489)
4(1868 775 2402 489)
4(2402 777 2401 489)
3(2378 773 2401)
4(18 733 2405 729)
4(18 730 2406 733)
3(2405 733 2406)
4(27 782 2407 781)
4(27 781 2408 783)
3(27 783 782)
3(2408 781 2407)
4(2405 729 2313 492)
4(2313 731 1898 492)
4(1898 733 2405 492)
4(19 739 2414 736)
4(19 737 1899 739)
4(2315 736 2414 493)
4(1899 737 2315 493)
4(2414 739 1899 493)
4(27 782 2421 784)
4(27 784 1900 781)
4(2407 781 1900 495)
4(2421 782 2407 495)
4(1900 784 2421 495)
4(28 789 2422 788)
4(28 790 2423 789)
4(28 788 1901 790)
4(1901 788 2422 496)
4(2422 789 2423 496)
4(2423 790 1901 496)
4(2414 736 2325 497)
4(2325 738 1909 497)
4(1909 739 2414 497)
4(20 745 2428 741)
4(20 742 1910 745)
4(2327 741 2428 498)
4(1910 742 2327 498)
4(2428 745 1910 498)
4(28 789 2433 791)
4(28 791 1911 788)
4(2422 788 1911 500)
4(2433 789 2422 500)
4(1911 791 2433 500)
4(29 794 2434 793)
4(29 795 2435 794)
4(29 793 1912 795)
4(1912 793 2434 501)
4(2434 794 2435 501)
4(2435 795 1912 501)
3(1917 745 2428)
4(29 796 2436 793)
3(29 794 796)
3(2434 793 2436)
4(2338 730 2406 502)
4(1902 732 2338 502)
4(2406 733 1902 502)
4(21 750 2442 752)
4(21 752 1903 749)
4(2343 749 1903 504)
4(2442 750 2343 504)
4(1903 752 2442 504)
4(27 785 2446 783)
4(27 781 1904 785)
4(1904 781 2408 505)
4(2408 783 2446 505)
4(2446 785 1904 505)
4(30 801 2450 803)
4(30 803 2451 802)
4(30 802 1905 801)
4(2450 801 1905 507)
4(1905 802 2451 507)
4(2451 803 2450 507)
4(23 757 1913 760)
4(1913 757 2354 508)
4(2354 758 1946 508)
4(1946 760 1913 508)
4(29 797 1914 793)
4(2436 793 1914 510)
4(1992 796 2436 510)
4(1914 797 1992 510)
4(32 811 2461 809)
4(32 810 2462 811)
4(32 809 1915 810)
4(1915 809 2461 511)
4(2462 810 1915 511)
4(2461 811 2462 511)
4(2365 750 2442 513)
4(1929 751 2365 513)
4(2442 752 1929 513)
4(24 764 2469 767)
4(24 767 1930 763)
4(2368 763 1930 514)
4(2469 764 2368 514)
4(1930 767 2469 514)
4(30 804 2473 803)
4(30 801 1931 804)
4(1931 801 2450 516)
4(2450 803 2473 516)
4(2473 804 1931 516)
4(33 815 2475 817)
4(33 817 2476 816)
4(33 816 1932 815)
4(2475 815 1932 517)
4(1932 816 2476 517)
4(2476 817 2475 517)
4(26 774 1939 778)
4(1939 774 2379 519)
4(2379 776 1960 519)
4(1960 778 1939 519)
4(32 812 1940 809)
4(2461 809 1940 520)
4(2021 811 2461 520)
4(1940 812 2021 520)
4(35 829 2486 826)
4(35 827 2487 829)
4(35 826 1941 827)
4(1941 826 2486 522)
4(2487 827 1941 522)
4(2486 829 2487 522)
3(2469 767 1951)
4(33 815 2488 819)
3(33 819 817)
3(2488 815 2475)
4(25 772 1933 769)
4(2390 769 1933 523)
4(1956 771 2390 523)
4(1933 772 1956 523)
4(33 815 1934 818)
4(1934 815 2488 525)
4(2026 818 1934 525)
4(2488 819 2026 525)
4(34 821 2497 824)
4(34 824 2498 822)
4(34 822 1935 821)
4(2497 821 1935 526)
4(1935 822 2498 526)
4(2498 824 2497 526)
4(26 778 1942 775)
4(2402 775 1942 528)
4(1961 777 2402 528)
4(1942 778 1961 528)
4(34 821 1943 823)
4(1943 821 2497 530)
4(2031 823 1943 530)
4(2497 824 2031 530)
4(35 826 2509 830)
4(35 830 2510 828)
4(35 828 1944 826)
4(2509 826 1944 531)
4(1944 828 2510 531)
4(2510 830 2509 531)
3(2486 826 2509)
4(27 786 2513 782)
4(27 783 2514 786)
3(2513 786 2514)
4(36 835 2515 834)
4(36 834 2516 836)
3(36 836 835)
3(2516 834 2515)
4(2513 782 2421 534)
4(2421 784 1974 534)
4(1974 786 2513 534)
4(28 792 2522 789)
4(28 790 1975 792)
4(2423 789 2522 535)
4(1975 790 2423 535)
4(2522 792 1975 535)
4(36 835 2529 837)
4(36 837 1976 834)
4(2515 834 1976 537)
4(2529 835 2515 537)
4(1976 837 2529 537)
4(37 842 2530 841)
4(37 843 2531 842)
4(37 841 1977 843)
4(1977 841 2530 538)
4(2530 842 2531 538)
4(2531 843 1977 538)
4(2522 789 2433 539)
4(2433 791 1985 539)
4(1985 792 2522 539)
4(29 798 2536 794)
4(29 795 1986 798)
4(2435 794 2536 540)
4(1986 795 2435 540)
4(2536 798 1986 540)
4(37 842 2541 844)
4(37 844 1987 841)
4(2530 841 1987 542)
4(2541 842 2530 542)
4(1987 844 2541 542)
4(38 847 2542 846)
4(38 848 2543 847)
4(38 846 1988 848)
4(1988 846 2542 543)
4(2542 847 2543 543)
4(2543 848 1988 543)
3(1993 798 2536)
4(38 849 2544 846)
3(38 847 849)
3(2542 846 2544)
4(2446 783 2514 544)
4(1978 785 2446 544)
4(2514 786 1978 544)
4(30 803 2550 805)
4(30 805 1979 802)
4(2451 802 1979 546)
4(2550 803 2451 546)
4(1979 805 2550 546)
4(36 838 2554 836)
4(36 834 1980 838)
4(1980 834 2516 547)
4(2516 836 2554 547)
4(2554 838 1980 547)
4(39 854 2558 856)
4(39 856 2559 855)
4(39 855 1981 854)
4(2558 854 1981 549)
4(1981 855 2559 549)
4(2559 856 2558 549)
4(32 810 1989 813)
4(1989 810 2462 550)
4(2462 811 2022 550)
4(2022 813 1989 550)
4(38 850 1990 846)
4(2544 846 1990 552)
4(2068 849 2544 552)
4(1990 850 2068 552)
4(41 864 2569 862)
4(41 863 2570 864)
4(41 862 1991 863)
4(1991 862 2569 553)
4(2570 863 1991 553)
4(2569 864 2570 553)
4(2473 803 2550 555)
4(2005 804 2473 555)
4(2550 805 2005 555)
4(33 817 2577 820)
4(33 820 2006 816)
4(2476 816 2006 556)
4(2577 817 2476 556)
4(2006 820 2577 556)
4(39 857 2581 856)
4(39 854 2007 857)
4(2007 854 2558 558)
4(2558 856 2581 558)
4(2581 857 2007 558)
4(42 868 2583 870)
4(42 870 2584 869)
4(42 869 2008 868)
4(2583 868 2008 559)
4(2008 869 2584 559)
4(2584 870 2583 559)
4(35 827 2015 831)
4(2015 827 2487 561)
4(2487 829 2036 561)
4(2036 831 2015 561)
4(41 865 2016 862)
4(2569 862 2016 562)
4(2097 864 2569 562)
4(2016 865 2097 562)
4(44 882 2594 879)
4(44 880 2595 882)
4(44 879 2017 880)
4(2017 879 2594 564)
4(2595 880 2017 564)
4(2594 882 2595 564)
3(2577 820 2027)
4(42 868 2596 872)
3(42 872 870)
3(2596 868 2583)
4(34 825 2009 822)
4(2498 822 2009 565)
4(2032 824 2498 565)
4(2009 825 2032 565)
4(42 868 2010 871)
4(2010 868 2596 567)
4(2102 871 2010 567)
4(2596 872 2102 567)
4(43 874 2605 877)
4(43 877 2606 875)
4(43 875 2011 874)
4(2605 874 2011 568)
4(2011 875 2606 568)
4(2606 877 2605 568)
4(35 831 2018 828)
4(2510 828 2018 570)
4(2037 830 2510 570)
4(2018 831 2037 570)
4(43 874 2019 876)
4(2019 874 2605 572)
4(2107 876 2019 572)
4(2605 877 2107 572)
4(44 879 2617 883)
4(44 883 2618 881)
4(44 881 2020 879)
4(2617 879 2020 573)
4(2020 881 2618 573)
4(2618 883 2617 573)
3(2594 879 2617)
4(36 839 2621 835)
4(36 836 2622 839)
3(2621 839 2622)
4(45 888 2623 887)
4(45 887 2624 889)
3(2624 887 2623)
4(2621 835 2529 576)
4(2529 837 2050 576)
4(2050 839 2621 576)
4(37 845 2630 842)
4(37 843 2051 845)
4(2531 842 2630 577)
4(2051 843 2531 577)
4(2630 845 2051 577)
4(45 890 2052 887)
4(2623 887 2052 579)
4(2637 888 2623 579)
4(2052 890 2637 579)
4(46 894 2638 893)
4(46 895 2639 894)
4(46 893 2053 895)
4(2053 893 2638 580)
4(2638 894 2639 580)
4(2639 895 2053 580)
4(2630 842 2541 581)
4(2541 844 2061 581)
4(2061 845 2630 581)
4(38 851 2644 847)
4(38 848 2062 851)
4(2543 847 2644 582)
4(2062 848 2543 582)
4(2644 851 2062 582)
4(46 894 2649 896)
4(46 896 2063 893)
4(2638 893 2063 584)
4(2649 894 2638 584)
4(2063 896 2649 584)
4(47 899 2650 898)
4(47 900 2651 899)
4(47 898 2064 900)
4(2064 898 2650 585)
4(2650 899 2651 585)
4(2651 900 2064 585)
3(2069 851 2644)
4(47 901 2652 898)
3(47 899 901)
3(2650 898 2652)
4(2554 836 2622 586)
4(2054 838 2554 586)
4(2622 839 2054 586)
4(39 856 2658 858)
4(39 858 2055 855)
4(2559 855 2055 588)
4(2658 856 2559 588)
4(2055 858 2658 588)
4(45 887 2056 891)
4(2056 887 2624 589)
4(2624 889 2662 589)
4(2662 891 2056 589)
4(48 906 2666 908)
4(48 907 2057 906)
4(2666 906 2057 591)
4(2057 907 2667 591)
4(2667 908 2666 591)
4(41 863 2065 866)
4(2065 863 2570 592)
4(2570 864 2098 592)
4(2098 866 2065 592)
4(47 902 2066 898)
4(2652 898 2066 594)
4(2128 901 2652 594)
4(2066 902 2128 594)
4(50 915 2677 913)
4(50 914 2678 915)
4(50 913 2067 914)
4(2067 913 2677 595)
4(2678 914 2067 595)
4(2677 915 2678 595)
4(2581 856 2658 597)
4(2081 857 2581 597)
4(2658 858 2081 597)
4(42 870 2685 873)
4(42 873 2082 869)
4(2584 869 2082 598)
4(2685 870 2584 598)
4(2082 873 2685 598)
4(48 906 2083 909)
4(2083 906 2666 600)
4(2666 908 2689 600)
4(2689 909 2083 600)
4(51 919 2691 921)
4(51 920 2084 919)
4(2691 919 2084 601)
4(2084 920 2692 601)
4(2692 921 2691 601)
4(44 880 2091 884)
4(2091 880 2595 603)
4(2595 882 2112 603)
4(2112 884 2091 603)
4(50 916 2092 913)
4(2677 913 2092 604)
4(2139 915 2677 604)
4(2092 916 2139 604)
4(53 932 2702 929)
4(53 930 2703 932)
4(53 929 2093 930)
4(2093 929 2702 606)
4(2703 930 2093 606)
4(2702 932 2703 606)
3(2685 873 2103)
4(51 919 2704 923)
3(2704 919 2691)
4(43 878 2085 875)
4(2606 875 2085 607)
4(2108 877 2606 607)
4(2085 878 2108 607)
4(51 919 2086 922)
4(2086 919 2704 609)
4(2144 922 2086 609)
4(2704 923 2144 609)
4(52 924 2713 927)
4(52 925 2087 924)
4(2713 924 2087 610)
4(2087 925 2714 610)
4(2714 927 2713 610)
4(44 884 2094 881)
4(2618 881 2094 612)
4(2113 883 2618 612)
4(2094 884 2113 612)
4(52 924 2095 926)
4(2095 924 2713 614)
4(2145 926 2095 614)
4(2713 927 2145 614)
4(53 929 2725 933)
4(53 933 2726 931)
4(53 931 2096 929)
4(2725 929 2096 615)
4(2096 931 2726 615)
4(2726 933 2725 615)
3(2702 929 2725)
4(46 897 2733 894)
4(46 895 2122 897)
4(2639 894 2733 618)
4(2122 895 2639 618)
4(2733 897 2122 618)
4(2733 894 2649 619)
4(2649 896 2125 619)
4(2125 897 2733 619)
4(47 903 2738 899)
4(47 900 2126 903)
4(2651 899 2738 620)
4(2126 900 2651 620)
4(2738 903 2126 620)
3(2129 903 2738)
4(50 914 2127 917)
4(2127 914 2678 621)
4(2678 915 2140 621)
4(2140 917 2127 621)
4(53 930 2137 934)
4(2137 930 2703 624)
4(2703 932 2150 624)
4(2150 934 2137 624)
4(53 934 2138 931)
4(2726 931 2138 625)
4(2151 933 2726 625)
4(2138 934 2151 625)
5(7 650 1726 102 662)
5(7 663 118 1727 650)
4(102 1213 1728 662)
4(118 663 1728 1274)
4(226 1274 1728 1213)
5(228 1282 120 1729 342)
5(7 650 1729 120 664)
4(102 662 1731 1214)
4(120 1282 1731 664)
4(228 1214 1731 1282)
6(8 669 120 1729 116 668)
4(103 667 1730 1216)
4(116 1265 1730 668)
4(227 1216 1730 1265)
4(103 1217 1732 667)
4(120 669 1732 1282)
4(228 1282 1732 1217)
3(1734 1735 949)
4(57 950 1734 949)
4(57 949 1735 951)
3(57 951 950)
4(221 949 1734 1221)
4(221 1222 1735 949)
4(1738 343 1739 955)
4(1739 343 1740 957)
4(58 956 1738 955)
4(58 955 1739 957)
4(58 957 1740 956)
4(1739 343 1736 1225)
4(1739 1226 1737 343)
4(104 627 1737 1226)
4(104 1226 1739 1225)
4(222 955 1738 1223)
4(222 1225 1739 955)
4(233 1226 1737 1227)
4(233 957 1739 1226)
4(233 1227 1740 957)
3(1741 1742 961)
4(59 962 1741 961)
4(59 961 1742 963)
3(59 963 962)
4(223 961 1741 1229)
4(223 1230 1742 961)
4(1743 633 1724 344)
5(234 1242 109 1743 344)
4(105 635 1747 1232)
4(109 1242 1747 637)
4(234 1232 1747 1242)
4(1744 344 1724 644)
5(1744 114 1259 238 344)
4(106 1234 1751 645)
4(114 648 1751 1259)
4(238 1259 1751 1234)
4(1744 344 1743 651)
4(4 651 1743 633)
4(4 644 1744 651)
5(1745 125 1312 234 344)
5(238 1315 126 1745 344)
4(107 1237 1748 675)
4(125 678 1748 1312)
4(234 1312 1748 1237)
4(107 675 1752 1238)
4(126 1315 1752 679)
4(238 1238 1752 1315)
4(1745 681 1743 344)
5(10 682 109 1743 681)
5(10 681 1745 125 684)
4(109 682 1749 1242)
4(125 1312 1749 684)
4(234 1242 1749 1312)
4(1745 344 1744 694)
5(12 694 1744 114 695)
5(12 696 126 1745 694)
4(114 1259 1753 695)
4(126 696 1753 1315)
4(238 1315 1753 1259)
4(13 681 1743 651)
4(13 651 1744 694)
4(13 694 1745 681)
5(241 1246 110 1725 345)
6(241 345 236 1248 111 1250)
4(110 1246 1754 641)
4(111 642 1754 1250)
4(241 1250 1754 1246)
4(108 639 1758 1240)
4(111 1248 1758 642)
4(236 1240 1758 1248)
4(1755 345 1725 649)
4(1755 651 1743 345)
5(241 1268 117 1755 345)
5(5 649 1755 117 655)
4(110 652 1761 1246)
4(117 1268 1761 655)
4(241 1246 1761 1268)
5(1756 128 1322 236 345)
4(1756 345 1743 681)
4(109 1243 1759 682)
4(128 685 1759 1322)
4(236 1322 1759 1243)
5(1756 130 1329 241 345)
6(11 691 130 1756 128 689)
4(111 687 1760 1248)
4(128 1322 1760 689)
4(236 1248 1760 1322)
4(111 1250 1762 687)
4(130 691 1762 1329)
4(241 1329 1762 1250)
4(1756 345 1755 700)
4(13 700 1755 651)
4(13 681 1756 700)
5(14 703 117 1755 700)
5(14 700 1756 130 704)
4(117 703 1763 1268)
4(130 1329 1763 704)
4(241 1268 1763 1329)
4(1766 346 1767 967)
4(1768 346 1766 968)
4(1767 346 1768 969)
4(60 968 1766 967)
4(60 967 1767 969)
4(60 969 1768 968)
4(1766 1244 1764 346)
3(1766 346 1765)
4(1767 346 1764 1245)
4(1767 1246 1754 346)
4(110 1246 1767 1245)
4(1768 1249 1765 346)
4(1768 346 1754 1250)
4(111 642 1765 1249)
4(111 1249 1768 1250)
4(224 967 1766 1244)
4(224 1245 1767 967)
3(968 1768 1249)
4(241 969 1767 1246)
4(241 1250 1768 969)
4(1771 347 1772 973)
4(1773 347 1771 974)
4(61 974 1771 973)
4(61 973 1772 975)
4(61 975 1773 974)
4(1771 1253 1769 347)
4(1771 347 1770 1254)
4(112 1254 1770 643)
4(112 1253 1771 1254)
4(225 973 1771 1253)
4(225 1255 1772 973)
4(239 1256 1770 1254)
4(239 1254 1771 974)
4(239 974 1773 1256)
4(1774 650 1727 348)
4(1774 348 1744 651)
5(246 348 1727 118 1276)
6(244 348 246 1280 119 1278)
4(118 659 1775 1276)
4(119 1280 1775 661)
4(246 1276 1775 1280)
4(113 1258 1778 657)
4(119 661 1778 1278)
4(244 1278 1778 1258)
5(1774 122 1289 246 348)
5(7 666 122 1774 650)
4(118 1276 1781 663)
4(122 666 1781 1289)
4(246 1289 1781 1276)
4(1776 694 1744 348)
5(244 1343 133 1776 348)
4(114 695 1779 1261)
4(133 1343 1779 698)
4(244 1261 1779 1343)
4(1776 701 1774 348)
4(13 651 1774 701)
4(13 701 1776 694)
5(246 1362 138 1776 348)
6(15 710 133 1776 138 712)
4(119 1278 1780 709)
4(133 710 1780 1343)
4(244 1343 1780 1278)
4(119 709 1782 1280)
4(138 1362 1782 712)
4(246 1280 1782 1362)
5(16 701 1774 122 715)
5(16 716 138 1776 701)
4(122 1289 1783 715)
4(138 716 1783 1362)
4(246 1362 1783 1289)
5(247 1267 116 1729 349)
5(247 349 1755 117 1270)
4(116 1267 1784 654)
4(117 655 1784 1270)
4(247 1270 1784 1267)
5(248 349 1729 120 1284)
5(248 1290 122 1774 349)
4(120 664 1785 1284)
4(122 1290 1785 666)
4(248 1284 1785 1290)
6(247 1294 123 1295 248 349)
4(116 668 1787 1267)
4(123 1294 1787 672)
4(247 1267 1787 1294)
4(120 1284 1790 669)
4(123 672 1790 1295)
4(248 1295 1790 1284)
4(1786 700 1755 349)
4(1786 349 1774 701)
5(1786 136 1353 247 349)
5(14 706 136 1786 700)
4(117 1270 1788 703)
4(136 706 1788 1353)
4(247 1353 1788 1270)
5(248 1370 140 1786 349)
5(16 701 1786 140 717)
4(122 715 1791 1290)
4(140 1370 1791 717)
4(248 1290 1791 1370)
6(17 722 140 1786 136 721)
4(123 720 1789 1294)
4(136 1353 1789 721)
4(247 1294 1789 1353)
4(123 1295 1792 720)
4(140 722 1792 1370)
4(248 1370 1792 1295)
4(1795 350 1796 979)
4(1797 350 1795 980)
4(1796 350 1797 981)
4(62 980 1795 979)
4(62 979 1796 981)
4(62 981 1797 980)
4(1795 1263 1793 350)
4(1795 350 1794 1264)
4(115 1264 1794 653)
4(115 1263 1795 1264)
4(1796 350 1793 1266)
4(1796 1267 1784 350)
4(116 1267 1796 1266)
4(1797 1269 1794 350)
4(1797 350 1784 1270)
4(117 655 1794 1269)
4(117 1269 1797 1270)
4(229 979 1795 1263)
4(229 1266 1796 979)
4(242 1269 1794 1264)
4(242 1264 1795 980)
4(242 980 1797 1269)
4(247 981 1796 1267)
4(247 1270 1797 981)
4(1800 351 1801 985)
4(1802 351 1800 986)
4(1801 351 1802 987)
4(63 986 1800 985)
4(63 985 1801 987)
4(63 987 1802 986)
4(1800 1275 1798 351)
4(1800 351 1775 1276)
4(118 1275 1800 1276)
4(1801 351 1798 1277)
3(1801 1799 351)
4(1802 1280 1775 351)
4(1802 351 1799 1281)
4(119 1281 1799 661)
4(119 1280 1802 1281)
4(231 985 1800 1275)
4(231 1277 1801 985)
4(246 1276 1800 986)
4(246 986 1802 1280)
3(1281 1802 987)
4(1805 352 1806 991)
4(1807 352 1805 992)
4(1806 352 1807 993)
4(64 992 1805 991)
4(64 991 1806 993)
4(64 993 1807 992)
4(1805 1283 1803 352)
4(1805 352 1785 1284)
4(120 664 1803 1283)
4(120 1283 1805 1284)
4(1806 352 1803 1287)
4(1806 1288 1804 352)
4(121 1287 1803 665)
4(121 665 1804 1288)
4(121 1288 1806 1287)
4(1807 1290 1785 352)
4(1807 352 1804 1291)
4(122 1291 1804 666)
4(122 1290 1807 1291)
4(232 1283 1803 1287)
4(232 991 1805 1283)
4(232 1287 1806 991)
4(248 1284 1805 992)
4(248 992 1807 1290)
4(250 1288 1804 1291)
4(250 993 1806 1288)
4(250 1291 1807 993)
4(123 672 1808 1296)
4(123 1297 1809 672)
3(123 1296 1297)
3(1810 1811 997)
4(65 998 1810 997)
4(65 997 1811 999)
3(65 999 998)
3(235 1301 1302)
4(235 997 1810 1301)
4(235 1302 1811 997)
4(1814 353 1815 1003)
4(1815 353 1816 1005)
4(66 1004 1814 1003)
4(66 1003 1815 1005)
4(66 1005 1816 1004)
4(1815 353 1812 1306)
4(1815 1307 1813 353)
4(124 1306 1812 674)
4(124 674 1813 1307)
4(124 1307 1815 1306)
4(237 1303 1812 1306)
4(237 1003 1814 1303)
4(237 1306 1815 1003)
4(253 1307 1813 1308)
4(253 1005 1815 1307)
4(253 1308 1816 1005)
3(1817 1818 1009)
4(67 1010 1817 1009)
4(67 1009 1818 1011)
3(67 1011 1010)
3(240 1310 1311)
4(240 1009 1817 1310)
4(240 1311 1818 1009)
4(1819 681 1745 354)
5(254 1326 129 1819 354)
4(125 684 1823 1314)
4(129 1326 1823 686)
4(254 1314 1823 1326)
4(1820 354 1745 694)
5(1820 134 1346 258 354)
4(126 1317 1827 696)
4(134 699 1827 1346)
4(258 1346 1827 1317)
4(1820 354 1819 702)
4(13 702 1819 681)
4(13 694 1820 702)
5(1821 145 1400 254 354)
5(258 1403 146 1821 354)
4(127 1320 1824 728)
4(145 731 1824 1400)
4(254 1400 1824 1320)
4(127 728 1828 1321)
4(146 1403 1828 732)
4(258 1321 1828 1403)
4(1821 734 1819 354)
5(19 735 129 1819 734)
5(19 734 1821 145 737)
4(129 735 1825 1326)
4(145 1400 1825 737)
4(254 1326 1825 1400)
4(1821 354 1820 747)
5(21 747 1820 134 748)
5(21 749 146 1821 747)
4(134 1346 1829 748)
4(146 749 1829 1403)
4(258 1403 1829 1346)
4(22 734 1819 702)
4(22 702 1820 747)
4(22 747 1821 734)
5(261 1331 130 1756 355)
6(261 355 256 1333 131 1335)
4(130 1331 1830 691)
4(131 692 1830 1335)
4(261 1335 1830 1331)
4(128 689 1834 1324)
4(131 1333 1834 692)
4(256 1324 1834 1333)
4(1831 355 1756 700)
4(1831 702 1819 355)
5(261 1356 137 1831 355)
5(14 700 1831 137 707)
4(130 704 1837 1331)
4(137 1356 1837 707)
4(261 1331 1837 1356)
5(1832 148 1410 256 355)
4(1832 355 1819 734)
4(129 1327 1835 735)
4(148 738 1835 1410)
4(256 1410 1835 1327)
5(1832 150 1417 261 355)
6(20 744 150 1832 148 742)
4(131 740 1836 1333)
4(148 1410 1836 742)
4(256 1333 1836 1410)
4(131 1335 1838 740)
4(150 744 1838 1417)
4(261 1417 1838 1335)
4(1832 355 1831 753)
4(22 753 1831 702)
4(22 734 1832 753)
5(23 756 137 1831 753)
5(23 753 1832 150 757)
4(137 756 1839 1356)
4(150 1417 1839 757)
4(261 1356 1839 1417)
4(1842 356 1843 1015)
4(1844 356 1842 1016)
4(1843 356 1844 1017)
4(68 1016 1842 1015)
4(68 1015 1843 1017)
4(68 1017 1844 1016)
4(1842 1328 1840 356)
3(1842 356 1841)
3(690 1840 1328)
4(1843 356 1840 1330)
4(1843 1331 1830 356)
4(130 1330 1840 691)
4(130 1331 1843 1330)
4(1844 1334 1841 356)
4(1844 356 1830 1335)
4(131 692 1841 1334)
4(131 1334 1844 1335)
4(243 1328 1840 1330)
4(243 1015 1842 1328)
4(243 1330 1843 1015)
3(1016 1844 1334)
4(261 1017 1843 1331)
4(261 1335 1844 1017)
4(1847 357 1848 1021)
4(1849 357 1847 1022)
4(69 1022 1847 1021)
4(69 1021 1848 1023)
4(69 1023 1849 1022)
4(1847 1339 1845 357)
4(1847 357 1846 1340)
4(132 693 1845 1339)
4(132 1340 1846 693)
4(132 1339 1847 1340)
4(245 1339 1845 1341)
4(245 1021 1847 1339)
4(245 1341 1848 1021)
4(259 1342 1846 1340)
4(259 1340 1847 1022)
4(259 1022 1849 1342)
4(1850 701 1776 358)
4(1850 358 1820 702)
5(266 358 1776 138 1364)
6(264 358 266 1368 139 1366)
4(138 712 1851 1364)
4(139 1368 1851 714)
4(266 1364 1851 1368)
4(133 1345 1854 710)
4(139 714 1854 1366)
4(264 1366 1854 1345)
5(1850 142 1377 266 358)
5(16 719 142 1850 701)
4(138 1364 1857 716)
4(142 719 1857 1377)
4(266 1377 1857 1364)
4(1852 747 1820 358)
5(264 1431 153 1852 358)
4(134 748 1855 1348)
4(153 1431 1855 751)
4(264 1348 1855 1431)
4(1852 754 1850 358)
4(22 702 1850 754)
4(22 754 1852 747)
5(266 1450 158 1852 358)
6(24 763 153 1852 158 765)
4(139 1366 1856 762)
4(153 763 1856 1431)
4(264 1431 1856 1366)
4(139 762 1858 1368)
4(158 1450 1858 765)
4(266 1368 1858 1450)
5(25 754 1850 142 768)
5(25 769 158 1852 754)
4(142 1377 1859 768)
4(158 769 1859 1450)
4(266 1450 1859 1377)
5(267 1355 136 1786 359)
5(267 359 1831 137 1358)
4(136 1355 1860 706)
4(137 707 1860 1358)
4(267 1358 1860 1355)
5(268 359 1786 140 1372)
5(268 1378 142 1850 359)
4(140 717 1861 1372)
4(142 1378 1861 719)
4(268 1372 1861 1378)
6(267 1382 143 1383 268 359)
4(136 721 1863 1355)
4(143 1382 1863 725)
4(267 1355 1863 1382)
4(140 1372 1866 722)
4(143 725 1866 1383)
4(268 1383 1866 1372)
4(1862 753 1831 359)
4(1862 359 1850 754)
5(1862 156 1441 267 359)
5(23 759 156 1862 753)
4(137 1358 1864 756)
4(156 759 1864 1441)
4(267 1441 1864 1358)
5(268 1458 160 1862 359)
5(25 754 1862 160 770)
4(142 768 1867 1378)
4(160 1458 1867 770)
4(268 1378 1867 1458)
6(26 775 160 1862 156 774)
4(143 773 1865 1382)
4(156 1441 1865 774)
4(267 1382 1865 1441)
4(143 1383 1868 773)
4(160 775 1868 1458)
4(268 1458 1868 1383)
4(1871 360 1872 1027)
4(1873 360 1871 1028)
4(1872 360 1873 1029)
4(70 1028 1871 1027)
4(70 1027 1872 1029)
4(70 1029 1873 1028)
4(1871 1351 1869 360)
4(1871 360 1870 1352)
4(135 705 1869 1351)
4(135 1352 1870 705)
4(135 1351 1871 1352)
4(1872 360 1869 1354)
4(1872 1355 1860 360)
4(136 1354 1869 706)
4(136 1355 1872 1354)
4(1873 1357 1870 360)
4(1873 360 1860 1358)
4(137 707 1870 1357)
4(137 1357 1873 1358)
4(249 1351 1869 1354)
4(249 1027 1871 1351)
4(249 1354 1872 1027)
4(262 1357 1870 1352)
4(262 1352 1871 1028)
4(262 1028 1873 1357)
4(267 1029 1872 1355)
4(267 1358 1873 1029)
4(1876 361 1877 1033)
4(1878 361 1876 1034)
4(1877 361 1878 1035)
4(71 1034 1876 1033)
4(71 1033 1877 1035)
4(71 1035 1878 1034)
4(1876 1363 1874 361)
4(1876 361 1851 1364)
4(138 712 1874 1363)
4(138 1363 1876 1364)
4(1877 361 1874 1365)
3(1877 1875 361)
3(1365 1874 713)
4(1878 1368 1851 361)
4(1878 361 1875 1369)
4(139 1369 1875 714)
4(139 1368 1878 1369)
4(251 1363 1874 1365)
4(251 1033 1876 1363)
4(251 1365 1877 1033)
4(266 1364 1876 1034)
4(266 1034 1878 1368)
3(1369 1878 1035)
4(1881 362 1882 1039)
4(1883 362 1881 1040)
4(1882 362 1883 1041)
4(72 1040 1881 1039)
4(72 1039 1882 1041)
4(72 1041 1883 1040)
4(1881 1371 1879 362)
4(1881 362 1861 1372)
4(140 717 1879 1371)
4(140 1371 1881 1372)
4(1882 362 1879 1375)
4(1882 1376 1880 362)
4(141 1375 1879 718)
4(141 718 1880 1376)
4(141 1376 1882 1375)
4(1883 1378 1861 362)
4(1883 362 1880 1379)
4(142 1379 1880 719)
4(142 1378 1883 1379)
4(252 1371 1879 1375)
4(252 1039 1881 1371)
4(252 1375 1882 1039)
4(268 1372 1881 1040)
4(268 1040 1883 1378)
4(270 1376 1880 1379)
4(270 1041 1882 1376)
4(270 1379 1883 1041)
4(143 725 1884 1384)
4(143 1385 1885 725)
3(143 1384 1385)
3(1886 1887 1045)
4(73 1046 1886 1045)
4(73 1045 1887 1047)
3(73 1047 1046)
3(255 1389 1390)
4(255 1045 1886 1389)
4(255 1390 1887 1045)
4(1890 363 1891 1051)
4(1891 363 1892 1053)
4(74 1052 1890 1051)
4(74 1051 1891 1053)
4(74 1053 1892 1052)
4(1891 363 1888 1394)
4(1891 1395 1889 363)
4(144 1394 1888 727)
4(144 727 1889 1395)
4(144 1395 1891 1394)
4(257 1391 1888 1394)
4(257 1051 1890 1391)
4(257 1394 1891 1051)
4(273 1395 1889 1396)
4(273 1053 1891 1395)
4(273 1396 1892 1053)
3(1893 1894 1057)
4(75 1058 1893 1057)
4(75 1057 1894 1059)
3(75 1059 1058)
3(260 1398 1399)
4(260 1057 1893 1398)
4(260 1399 1894 1057)
4(1895 734 1821 364)
5(274 1414 149 1895 364)
4(145 737 1899 1402)
4(149 1414 1899 739)
4(274 1402 1899 1414)
4(1896 364 1821 747)
5(1896 154 1434 278 364)
4(146 1405 1903 749)
4(154 752 1903 1434)
4(278 1434 1903 1405)
4(1896 364 1895 755)
4(22 755 1895 734)
4(22 747 1896 755)
5(1897 165 1488 274 364)
5(278 1491 166 1897 364)
4(147 1408 1900 781)
4(165 784 1900 1488)
4(274 1488 1900 1408)
4(147 781 1904 1409)
4(166 1491 1904 785)
4(278 1409 1904 1491)
4(1897 787 1895 364)
5(28 788 149 1895 787)
5(28 787 1897 165 790)
4(149 788 1901 1414)
4(165 1488 1901 790)
4(274 1414 1901 1488)
4(1897 364 1896 800)
5(30 800 1896 154 801)
5(30 802 166 1897 800)
4(154 1434 1905 801)
4(166 802 1905 1491)
4(278 1491 1905 1434)
4(31 787 1895 755)
4(31 755 1896 800)
4(31 800 1897 787)
5(281 1419 150 1832 365)
6(281 365 276 1421 151 1423)
4(150 1419 1906 744)
4(151 745 1906 1423)
4(281 1423 1906 1419)
4(148 742 1910 1412)
4(151 1421 1910 745)
4(276 1412 1910 1421)
4(1907 365 1832 753)
4(1907 755 1895 365)
5(281 1444 157 1907 365)
5(23 753 1907 157 760)
4(150 757 1913 1419)
4(157 1444 1913 760)
4(281 1419 1913 1444)
5(1908 168 1498 276 365)
4(1908 365 1895 787)
4(149 1415 1911 788)
4(168 791 1911 1498)
4(276 1498 1911 1415)
5(1908 170 1505 281 365)
6(29 797 170 1908 168 795)
4(151 793 1912 1421)
4(168 1498 1912 795)
4(276 1421 1912 1498)
4(151 1423 1914 793)
4(170 797 1914 1505)
4(281 1505 1914 1423)
4(1908 365 1907 806)
4(31 806 1907 755)
4(31 787 1908 806)
5(32 809 157 1907 806)
5(32 806 1908 170 810)
4(157 809 1915 1444)
4(170 1505 1915 810)
4(281 1444 1915 1505)
4(1918 366 1919 1063)
4(1920 366 1918 1064)
4(1919 366 1920 1065)
4(76 1064 1918 1063)
4(76 1063 1919 1065)
4(76 1065 1920 1064)
4(1918 1416 1916 366)
3(1918 366 1917)
3(743 1916 1416)
4(1919 366 1916 1418)
4(1919 1419 1906 366)
4(150 1418 1916 744)
4(150 1419 1919 1418)
4(1920 1422 1917 366)
4(1920 366 1906 1423)
4(151 745 1917 1422)
4(151 1422 1920 1423)
4(263 1416 1916 1418)
4(263 1063 1918 1416)
4(263 1418 1919 1063)
3(1064 1920 1422)
4(281 1065 1919 1419)
4(281 1423 1920 1065)
4(1923 367 1924 1069)
4(1925 367 1923 1070)
4(77 1070 1923 1069)
4(77 1069 1924 1071)
4(77 1071 1925 1070)
4(1923 1427 1921 367)
4(1923 367 1922 1428)
4(152 746 1921 1427)
4(152 1428 1922 746)
4(152 1427 1923 1428)
4(265 1427 1921 1429)
4(265 1069 1923 1427)
4(265 1429 1924 1069)
4(279 1430 1922 1428)
4(279 1428 1923 1070)
4(279 1070 1925 1430)
4(1926 754 1852 368)
4(1926 368 1896 755)
5(286 368 1852 158 1452)
6(284 368 286 1456 159 1454)
4(158 765 1927 1452)
4(159 1456 1927 767)
4(286 1452 1927 1456)
4(153 1433 1930 763)
4(159 767 1930 1454)
4(284 1454 1930 1433)
5(1926 162 1465 286 368)
5(25 772 162 1926 754)
4(158 1452 1933 769)
4(162 772 1933 1465)
4(286 1465 1933 1452)
4(1928 800 1896 368)
5(284 1519 173 1928 368)
4(154 801 1931 1436)
4(173 1519 1931 804)
4(284 1436 1931 1519)
4(1928 807 1926 368)
4(31 755 1926 807)
4(31 807 1928 800)
5(286 1538 178 1928 368)
6(33 816 173 1928 178 818)
4(159 1454 1932 815)
4(173 816 1932 1519)
4(284 1519 1932 1454)
4(159 815 1934 1456)
4(178 1538 1934 818)
4(286 1456 1934 1538)
5(34 807 1926 162 821)
5(34 822 178 1928 807)
4(162 1465 1935 821)
4(178 822 1935 1538)
4(286 1538 1935 1465)
5(287 1443 156 1862 369)
5(287 369 1907 157 1446)
4(156 1443 1936 759)
4(157 760 1936 1446)
4(287 1446 1936 1443)
5(288 369 1862 160 1460)
5(288 1466 162 1926 369)
4(160 770 1937 1460)
4(162 1466 1937 772)
4(288 1460 1937 1466)
6(287 1470 163 1471 288 369)
4(156 774 1939 1443)
4(163 1470 1939 778)
4(287 1443 1939 1470)
4(160 1460 1942 775)
4(163 778 1942 1471)
4(288 1471 1942 1460)
4(1938 806 1907 369)
4(1938 369 1926 807)
5(1938 176 1529 287 369)
5(32 812 176 1938 806)
4(157 1446 1940 809)
4(176 812 1940 1529)
4(287 1529 1940 1446)
5(288 1546 180 1938 369)
5(34 807 1938 180 823)
4(162 821 1943 1466)
4(180 1546 1943 823)
4(288 1466 1943 1546)
6(35 828 180 1938 176 827)
4(163 826 1941 1470)
4(176 1529 1941 827)
4(287 1470 1941 1529)
4(163 1471 1944 826)
4(180 828 1944 1546)
4(288 1546 1944 1471)
4(1947 370 1948 1075)
4(1949 370 1947 1076)
4(1948 370 1949 1077)
4(78 1076 1947 1075)
4(78 1075 1948 1077)
4(78 1077 1949 1076)
4(1947 1439 1945 370)
4(1947 370 1946 1440)
4(155 758 1945 1439)
4(155 1440 1946 758)
4(155 1439 1947 1440)
4(1948 370 1945 1442)
4(1948 1443 1936 370)
4(156 1442 1945 759)
4(156 1443 1948 1442)
4(1949 1445 1946 370)
4(1949 370 1936 1446)
4(157 760 1946 1445)
4(157 1445 1949 1446)
4(269 1439 1945 1442)
4(269 1075 1947 1439)
4(269 1442 1948 1075)
4(282 1445 1946 1440)
4(282 1440 1947 1076)
4(282 1076 1949 1445)
4(287 1077 1948 1443)
4(287 1446 1949 1077)
4(1952 371 1953 1081)
4(1954 371 1952 1082)
4(1953 371 1954 1083)
4(79 1082 1952 1081)
4(79 1081 1953 1083)
4(79 1083 1954 1082)
4(1952 1451 1950 371)
4(1952 371 1927 1452)
4(158 765 1950 1451)
4(158 1451 1952 1452)
4(1953 371 1950 1453)
3(1953 1951 371)
3(1453 1950 766)
4(1954 1456 1927 371)
4(1954 371 1951 1457)
4(159 1457 1951 767)
4(159 1456 1954 1457)
4(271 1451 1950 1453)
4(271 1081 1952 1451)
4(271 1453 1953 1081)
4(286 1452 1952 1082)
4(286 1082 1954 1456)
3(1457 1954 1083)
4(1957 372 1958 1087)
4(1959 372 1957 1088)
4(1958 372 1959 1089)
4(80 1088 1957 1087)
4(80 1087 1958 1089)
4(80 1089 1959 1088)
4(1957 1459 1955 372)
4(1957 372 1937 1460)
4(160 770 1955 1459)
4(160 1459 1957 1460)
4(1958 372 1955 1463)
4(1958 1464 1956 372)
4(161 1463 1955 771)
4(161 771 1956 1464)
4(161 1464 1958 1463)
4(1959 1466 1937 372)
4(1959 372 1956 1467)
4(162 1467 1956 772)
4(162 1466 1959 1467)
4(272 1459 1955 1463)
4(272 1087 1957 1459)
4(272 1463 1958 1087)
4(288 1460 1957 1088)
4(288 1088 1959 1466)
4(290 1464 1956 1467)
4(290 1089 1958 1464)
4(290 1467 1959 1089)
4(163 778 1960 1472)
4(163 1473 1961 778)
3(163 1472 1473)
3(1962 1963 1093)
4(81 1094 1962 1093)
4(81 1093 1963 1095)
3(81 1095 1094)
3(275 1477 1478)
4(275 1093 1962 1477)
4(275 1478 1963 1093)
4(1966 373 1967 1099)
4(1967 373 1968 1101)
4(82 1100 1966 1099)
4(82 1099 1967 1101)
4(82 1101 1968 1100)
4(1967 373 1964 1482)
4(1967 1483 1965 373)
4(164 1482 1964 780)
4(164 780 1965 1483)
4(164 1483 1967 1482)
4(277 1479 1964 1482)
4(277 1099 1966 1479)
4(277 1482 1967 1099)
4(293 1483 1965 1484)
4(293 1101 1967 1483)
4(293 1484 1968 1101)
3(1969 1970 1105)
4(83 1106 1969 1105)
4(83 1105 1970 1107)
3(83 1107 1106)
3(280 1486 1487)
4(280 1105 1969 1486)
4(280 1487 1970 1105)
4(1971 787 1897 374)
5(294 1502 169 1971 374)
4(165 790 1975 1490)
4(169 1502 1975 792)
4(294 1490 1975 1502)
4(1972 374 1897 800)
5(1972 174 1522 298 374)
4(166 1493 1979 802)
4(174 805 1979 1522)
4(298 1522 1979 1493)
4(1972 374 1971 808)
4(31 808 1971 787)
4(31 800 1972 808)
5(1973 185 1576 294 374)
5(298 1579 186 1973 374)
4(167 1496 1976 834)
4(185 837 1976 1576)
4(294 1576 1976 1496)
4(167 834 1980 1497)
4(186 1579 1980 838)
4(298 1497 1980 1579)
4(1973 840 1971 374)
5(37 841 169 1971 840)
5(37 840 1973 185 843)
4(169 841 1977 1502)
4(185 1576 1977 843)
4(294 1502 1977 1576)
4(1973 374 1972 853)
5(39 853 1972 174 854)
5(39 855 186 1973 853)
4(174 1522 1981 854)
4(186 855 1981 1579)
4(298 1579 1981 1522)
4(40 840 1971 808)
4(40 808 1972 853)
4(40 853 1973 840)
5(301 1507 170 1908 375)
6(301 375 296 1509 171 1511)
4(170 1507 1982 797)
4(171 798 1982 1511)
4(301 1511 1982 1507)
4(168 795 1986 1500)
4(171 1509 1986 798)
4(296 1500 1986 1509)
4(1983 375 1908 806)
4(1983 808 1971 375)
5(301 1532 177 1983 375)
5(32 806 1983 177 813)
4(170 810 1989 1507)
4(177 1532 1989 813)
4(301 1507 1989 1532)
5(1984 188 1586 296 375)
4(1984 375 1971 840)
4(169 1503 1987 841)
4(188 844 1987 1586)
4(296 1586 1987 1503)
5(1984 190 1593 301 375)
6(38 850 190 1984 188 848)
4(171 846 1988 1509)
4(188 1586 1988 848)
4(296 1509 1988 1586)
4(171 1511 1990 846)
4(190 850 1990 1593)
4(301 1593 1990 1511)
4(1984 375 1983 859)
4(40 859 1983 808)
4(40 840 1984 859)
5(41 862 177 1983 859)
5(41 859 1984 190 863)
4(177 862 1991 1532)
4(190 1593 1991 863)
4(301 1532 1991 1593)
4(1994 376 1995 1111)
4(1996 376 1994 1112)
4(1995 376 1996 1113)
4(84 1112 1994 1111)
4(84 1111 1995 1113)
4(84 1113 1996 1112)
4(1994 1504 1992 376)
3(1994 376 1993)
3(796 1992 1504)
4(1995 376 1992 1506)
4(1995 1507 1982 376)
4(170 1506 1992 797)
4(170 1507 1995 1506)
4(1996 1510 1993 376)
4(1996 376 1982 1511)
4(171 798 1993 1510)
4(171 1510 1996 1511)
4(283 1504 1992 1506)
4(283 1111 1994 1504)
4(283 1506 1995 1111)
3(1112 1996 1510)
4(301 1113 1995 1507)
4(301 1511 1996 1113)
4(1999 377 2000 1117)
4(2001 377 1999 1118)
4(85 1118 1999 1117)
4(85 1117 2000 1119)
4(85 1119 2001 1118)
4(1999 1515 1997 377)
4(1999 377 1998 1516)
4(172 799 1997 1515)
4(172 1516 1998 799)
4(172 1515 1999 1516)
4(285 1515 1997 1517)
4(285 1117 1999 1515)
4(285 1517 2000 1117)
4(299 1518 1998 1516)
4(299 1516 1999 1118)
4(299 1118 2001 1518)
4(2002 807 1928 378)
4(2002 378 1972 808)
5(306 378 1928 178 1540)
6(304 378 306 1544 179 1542)
4(178 818 2003 1540)
4(179 1544 2003 820)
4(306 1540 2003 1544)
4(173 1521 2006 816)
4(179 820 2006 1542)
4(304 1542 2006 1521)
5(2002 182 1553 306 378)
5(34 825 182 2002 807)
4(178 1540 2009 822)
4(182 825 2009 1553)
4(306 1553 2009 1540)
4(2004 853 1972 378)
5(304 1607 193 2004 378)
4(174 854 2007 1524)
4(193 1607 2007 857)
4(304 1524 2007 1607)
4(2004 860 2002 378)
4(40 808 2002 860)
4(40 860 2004 853)
5(306 1626 198 2004 378)
6(42 869 193 2004 198 871)
4(179 1542 2008 868)
4(193 869 2008 1607)
4(304 1607 2008 1542)
4(179 868 2010 1544)
4(198 1626 2010 871)
4(306 1544 2010 1626)
5(43 860 2002 182 874)
5(43 875 198 2004 860)
4(182 1553 2011 874)
4(198 875 2011 1626)
4(306 1626 2011 1553)
5(307 1531 176 1938 379)
5(307 379 1983 177 1534)
4(176 1531 2012 812)
4(177 813 2012 1534)
4(307 1534 2012 1531)
5(308 379 1938 180 1548)
5(308 1554 182 2002 379)
4(180 823 2013 1548)
4(182 1554 2013 825)
4(308 1548 2013 1554)
6(307 1558 183 1559 308 379)
4(176 827 2015 1531)
4(183 1558 2015 831)
4(307 1531 2015 1558)
4(180 1548 2018 828)
4(183 831 2018 1559)
4(308 1559 2018 1548)
4(2014 859 1983 379)
4(2014 379 2002 860)
5(2014 196 1617 307 379)
5(41 865 196 2014 859)
4(177 1534 2016 862)
4(196 865 2016 1617)
4(307 1617 2016 1534)
5(308 1634 200 2014 379)
5(43 860 2014 200 876)
4(182 874 2019 1554)
4(200 1634 2019 876)
4(308 1554 2019 1634)
6(44 881 200 2014 196 880)
4(183 879 2017 1558)
4(196 1617 2017 880)
4(307 1558 2017 1617)
4(183 1559 2020 879)
4(200 881 2020 1634)
4(308 1634 2020 1559)
4(2023 380 2024 1123)
4(2025 380 2023 1124)
4(2024 380 2025 1125)
4(86 1124 2023 1123)
4(86 1123 2024 1125)
4(86 1125 2025 1124)
4(2023 1527 2021 380)
4(2023 380 2022 1528)
4(175 811 2021 1527)
4(175 1528 2022 811)
4(175 1527 2023 1528)
4(2024 380 2021 1530)
4(2024 1531 2012 380)
4(176 1530 2021 812)
4(176 1531 2024 1530)
4(2025 1533 2022 380)
4(2025 380 2012 1534)
4(177 813 2022 1533)
4(177 1533 2025 1534)
4(289 1527 2021 1530)
4(289 1123 2023 1527)
4(289 1530 2024 1123)
4(302 1533 2022 1528)
4(302 1528 2023 1124)
4(302 1124 2025 1533)
4(307 1125 2024 1531)
4(307 1534 2025 1125)
4(2028 381 2029 1129)
4(2030 381 2028 1130)
4(2029 381 2030 1131)
4(87 1130 2028 1129)
4(87 1129 2029 1131)
4(87 1131 2030 1130)
4(2028 1539 2026 381)
4(2028 381 2003 1540)
4(178 818 2026 1539)
4(178 1539 2028 1540)
4(2029 381 2026 1541)
3(2029 2027 381)
3(1541 2026 819)
4(2030 1544 2003 381)
4(2030 381 2027 1545)
4(179 1545 2027 820)
4(179 1544 2030 1545)
4(291 1539 2026 1541)
4(291 1129 2028 1539)
4(291 1541 2029 1129)
4(306 1540 2028 1130)
4(306 1130 2030 1544)
3(1545 2030 1131)
4(2033 382 2034 1135)
4(2035 382 2033 1136)
4(2034 382 2035 1137)
4(88 1136 2033 1135)
4(88 1135 2034 1137)
4(88 1137 2035 1136)
4(2033 1547 2031 382)
4(2033 382 2013 1548)
4(180 823 2031 1547)
4(180 1547 2033 1548)
4(2034 382 2031 1551)
4(2034 1552 2032 382)
4(181 1551 2031 824)
4(181 824 2032 1552)
4(181 1552 2034 1551)
4(2035 1554 2013 382)
4(2035 382 2032 1555)
4(182 1555 2032 825)
4(182 1554 2035 1555)
4(292 1547 2031 1551)
4(292 1135 2033 1547)
4(292 1551 2034 1135)
4(308 1548 2033 1136)
4(308 1136 2035 1554)
4(310 1552 2032 1555)
4(310 1137 2034 1552)
4(310 1555 2035 1137)
4(183 831 2036 1560)
4(183 1561 2037 831)
3(183 1560 1561)
3(2038 2039 1141)
4(89 1142 2038 1141)
4(89 1141 2039 1143)
3(89 1143 1142)
3(295 1565 1566)
4(295 1141 2038 1565)
4(295 1566 2039 1141)
4(2042 383 2043 1147)
4(2043 383 2044 1149)
4(90 1148 2042 1147)
4(90 1147 2043 1149)
4(90 1149 2044 1148)
4(2043 383 2040 1570)
4(2043 1571 2041 383)
4(184 1570 2040 833)
4(184 833 2041 1571)
4(184 1571 2043 1570)
4(297 1567 2040 1570)
4(297 1147 2042 1567)
4(297 1570 2043 1147)
4(313 1571 2041 1572)
4(313 1149 2043 1571)
4(313 1572 2044 1149)
3(2045 2046 1153)
4(91 1154 2045 1153)
4(91 1153 2046 1155)
3(91 1155 1154)
3(300 1574 1575)
4(300 1153 2045 1574)
4(300 1575 2046 1153)
4(2047 840 1973 384)
5(314 1590 189 2047 384)
4(185 843 2051 1578)
4(189 1590 2051 845)
4(314 1578 2051 1590)
4(2048 384 1973 853)
5(2048 194 1610 318 384)
4(186 1581 2055 855)
4(194 858 2055 1610)
4(318 1610 2055 1581)
4(2048 384 2047 861)
4(40 861 2047 840)
4(40 853 2048 861)
5(2049 205 1664 314 384)
5(318 1667 206 2049 384)
4(187 1584 2052 887)
4(205 890 2052 1664)
4(314 1664 2052 1584)
4(187 887 2056 1585)
4(206 1667 2056 891)
4(318 1585 2056 1667)
4(2049 892 2047 384)
5(46 893 189 2047 892)
5(46 892 2049 205 895)
4(189 893 2053 1590)
4(205 1664 2053 895)
4(314 1590 2053 1664)
4(2049 384 2048 905)
5(48 905 2048 194 906)
4(194 1610 2057 906)
4(206 907 2057 1667)
4(318 1667 2057 1610)
4(49 892 2047 861)
4(49 861 2048 905)
4(49 905 2049 892)
5(321 1595 190 1984 385)
6(321 385 316 1597 191 1599)
4(190 1595 2058 850)
4(191 851 2058 1599)
4(321 1599 2058 1595)
4(188 848 2062 1588)
4(191 1597 2062 851)
4(316 1588 2062 1597)
4(2059 385 1984 859)
4(2059 861 2047 385)
5(321 1620 197 2059 385)
5(41 859 2059 197 866)
4(190 863 2065 1595)
4(197 1620 2065 866)
4(321 1595 2065 1620)
5(2060 207 1669 316 385)
4(2060 385 2047 892)
4(189 1591 2063 893)
4(207 896 2063 1669)
4(316 1669 2063 1591)
5(2060 209 1676 321 385)
6(47 902 209 2060 207 900)
4(191 898 2064 1597)
4(207 1669 2064 900)
4(316 1597 2064 1669)
4(191 1599 2066 898)
4(209 902 2066 1676)
4(321 1676 2066 1599)
4(2060 385 2059 910)
4(49 910 2059 861)
4(49 892 2060 910)
5(50 913 197 2059 910)
5(50 910 2060 209 914)
4(197 913 2067 1620)
4(209 1676 2067 914)
4(321 1620 2067 1676)
4(2070 386 2071 1159)
4(2072 386 2070 1160)
4(2071 386 2072 1161)
4(92 1160 2070 1159)
4(92 1159 2071 1161)
4(92 1161 2072 1160)
4(2070 1592 2068 386)
3(2070 386 2069)
3(849 2068 1592)
4(2071 386 2068 1594)
4(2071 1595 2058 386)
4(190 1594 2068 850)
4(190 1595 2071 1594)
4(2072 1598 2069 386)
4(2072 386 2058 1599)
4(191 851 2069 1598)
4(191 1598 2072 1599)
4(303 1592 2068 1594)
4(303 1159 2070 1592)
4(303 1594 2071 1159)
3(1160 2072 1598)
4(321 1161 2071 1595)
4(321 1599 2072 1161)
4(2075 387 2076 1165)
4(2077 387 2075 1166)
4(93 1166 2075 1165)
4(93 1165 2076 1167)
4(93 1167 2077 1166)
4(2075 1603 2073 387)
4(2075 387 2074 1604)
4(192 852 2073 1603)
4(192 1604 2074 852)
4(192 1603 2075 1604)
4(305 1603 2073 1605)
4(305 1165 2075 1603)
4(305 1605 2076 1165)
4(319 1606 2074 1604)
4(319 1604 2075 1166)
4(319 1166 2077 1606)
4(2078 860 2004 388)
4(2078 388 2048 861)
5(326 388 2004 198 1628)
6(324 388 326 1632 199 1630)
4(198 871 2079 1628)
4(199 1632 2079 873)
4(326 1628 2079 1632)
4(193 1609 2082 869)
4(199 873 2082 1630)
4(324 1630 2082 1609)
5(2078 202 1641 326 388)
5(43 878 202 2078 860)
4(198 1628 2085 875)
4(202 878 2085 1641)
4(326 1641 2085 1628)
4(2080 905 2048 388)
5(324 1688 212 2080 388)
4(194 906 2083 1612)
4(212 1688 2083 909)
4(324 1612 2083 1688)
4(2080 911 2078 388)
4(49 861 2078 911)
4(49 911 2080 905)
5(326 1703 216 2080 388)
4(199 1630 2084 919)
4(212 920 2084 1688)
4(324 1688 2084 1630)
4(199 919 2086 1632)
4(216 1703 2086 922)
4(326 1632 2086 1703)
5(52 911 2078 202 924)
4(202 1641 2087 924)
4(216 925 2087 1703)
4(326 1703 2087 1641)
5(327 1619 196 2014 389)
5(327 389 2059 197 1622)
4(196 1619 2088 865)
4(197 866 2088 1622)
4(327 1622 2088 1619)
5(328 389 2014 200 1636)
5(328 1642 202 2078 389)
4(200 876 2089 1636)
4(202 1642 2089 878)
4(328 1636 2089 1642)
6(327 1646 203 1647 328 389)
4(196 880 2091 1619)
4(203 1646 2091 884)
4(327 1619 2091 1646)
4(200 1636 2094 881)
4(203 884 2094 1647)
4(328 1647 2094 1636)
4(2090 910 2059 389)
4(2090 389 2078 911)
5(2090 214 1694 327 389)
5(50 916 214 2090 910)
4(197 1622 2092 913)
4(214 916 2092 1694)
4(327 1694 2092 1622)
5(328 1706 217 2090 389)
5(52 911 2090 217 926)
4(202 924 2095 1642)
4(217 1706 2095 926)
4(328 1642 2095 1706)
6(53 931 217 2090 214 930)
4(203 929 2093 1646)
4(214 1694 2093 930)
4(327 1646 2093 1694)
4(203 1647 2096 929)
4(217 931 2096 1706)
4(328 1706 2096 1647)
4(2099 390 2100 1171)
4(2101 390 2099 1172)
4(2100 390 2101 1173)
4(94 1172 2099 1171)
4(94 1171 2100 1173)
4(94 1173 2101 1172)
4(2099 1615 2097 390)
4(2099 390 2098 1616)
4(195 864 2097 1615)
4(195 1616 2098 864)
4(195 1615 2099 1616)
4(2100 390 2097 1618)
4(2100 1619 2088 390)
4(196 1618 2097 865)
4(196 1619 2100 1618)
4(2101 1621 2098 390)
4(2101 390 2088 1622)
4(197 866 2098 1621)
4(197 1621 2101 1622)
4(309 1615 2097 1618)
4(309 1171 2099 1615)
4(309 1618 2100 1171)
4(322 1621 2098 1616)
4(322 1616 2099 1172)
4(322 1172 2101 1621)
4(327 1173 2100 1619)
4(327 1622 2101 1173)
4(2104 391 2105 1177)
4(2106 391 2104 1178)
4(2105 391 2106 1179)
4(95 1178 2104 1177)
4(95 1177 2105 1179)
4(95 1179 2106 1178)
4(2104 1627 2102 391)
4(2104 391 2079 1628)
4(198 871 2102 1627)
4(198 1627 2104 1628)
4(2105 391 2102 1629)
3(2105 2103 391)
3(1629 2102 872)
4(2106 1632 2079 391)
4(2106 391 2103 1633)
4(199 1633 2103 873)
4(199 1632 2106 1633)
4(311 1627 2102 1629)
4(311 1177 2104 1627)
4(311 1629 2105 1177)
4(326 1628 2104 1178)
4(326 1178 2106 1632)
3(1633 2106 1179)
4(2109 392 2110 1183)
4(2111 392 2109 1184)
4(2110 392 2111 1185)
4(96 1184 2109 1183)
4(96 1183 2110 1185)
4(96 1185 2111 1184)
4(2109 1635 2107 392)
4(2109 392 2089 1636)
4(200 876 2107 1635)
4(200 1635 2109 1636)
4(2110 392 2107 1639)
4(2110 1640 2108 392)
4(201 1639 2107 877)
4(201 877 2108 1640)
4(201 1640 2110 1639)
4(2111 1642 2089 392)
4(2111 392 2108 1643)
4(202 1643 2108 878)
4(202 1642 2111 1643)
4(312 1635 2107 1639)
4(312 1183 2109 1635)
4(312 1639 2110 1183)
4(328 1636 2109 1184)
4(328 1184 2111 1642)
4(330 1640 2108 1643)
4(330 1185 2110 1640)
4(330 1643 2111 1185)
4(203 884 2112 1648)
4(203 1649 2113 884)
3(203 1648 1649)
4(2117 393 2118 1193)
4(2118 393 2119 1195)
4(98 1194 2117 1193)
4(98 1193 2118 1195)
4(2118 393 2115 1658)
4(2118 1659 2116 393)
4(204 1658 2115 886)
4(204 886 2116 1659)
4(204 1659 2118 1658)
4(317 1655 2115 1658)
4(317 1193 2117 1655)
4(317 1658 2118 1193)
4(333 1659 2116 1660)
4(333 1195 2118 1659)
4(2120 892 2049 394)
4(205 895 2122 1666)
4(208 1673 2122 897)
4(334 1666 2122 1673)
4(49 912 2120 892)
4(49 905 2121 912)
5(336 1678 209 2060 395)
4(209 1678 2123 902)
4(210 903 2123 1682)
4(336 1682 2123 1678)
4(207 900 2126 1671)
4(210 1680 2126 903)
4(335 1671 2126 1680)
4(2124 395 2060 910)
5(50 910 2124 215 917)
4(209 914 2127 1678)
4(215 1697 2127 917)
4(336 1678 2127 1697)
4(2130 396 2131 1198)
4(2132 396 2130 1199)
4(2131 396 2132 1200)
4(99 1199 2130 1198)
4(99 1198 2131 1200)
4(2130 1675 2128 396)
3(2130 396 2129)
3(901 2128 1675)
4(2131 396 2128 1677)
4(2131 1678 2123 396)
4(209 1677 2128 902)
4(209 1678 2131 1677)
4(2132 1681 2129 396)
4(2132 396 2123 1682)
4(210 903 2129 1681)
4(323 1675 2128 1677)
4(323 1198 2130 1675)
4(323 1677 2131 1198)
4(336 1200 2131 1678)
5(338 1696 214 2090 398)
4(214 1696 2135 916)
4(215 917 2135 1699)
4(338 1699 2135 1696)
5(339 398 2090 217 1708)
4(217 926 2136 1708)
4(219 1713 2136 928)
4(339 1708 2136 1713)
4(214 930 2137 1696)
4(220 1717 2137 934)
4(338 1696 2137 1717)
4(217 1708 2138 931)
4(220 934 2138 1718)
4(339 1718 2138 1708)
4(2141 399 2142 1203)
4(2143 399 2141 1204)
4(2142 399 2143 1205)
4(100 1204 2141 1203)
4(100 1203 2142 1205)
4(2141 1692 2139 399)
4(2141 399 2140 1693)
4(213 915 2139 1692)
4(213 1693 2140 915)
4(213 1692 2141 1693)
4(2142 399 2139 1695)
4(2142 1696 2135 399)
4(214 1695 2139 916)
4(214 1696 2142 1695)
4(2143 1698 2140 399)
4(2143 399 2135 1699)
4(215 917 2140 1698)
4(329 1692 2139 1695)
4(329 1203 2141 1692)
4(329 1695 2142 1203)
4(337 1698 2140 1693)
4(337 1693 2141 1204)
4(338 1205 2142 1696)
4(2147 400 2148 1208)
4(2149 400 2147 1209)
4(2148 400 2149 1210)
4(101 1209 2147 1208)
4(101 1208 2148 1210)
4(2147 1707 2145 400)
4(2147 400 2136 1708)
4(217 926 2145 1707)
4(217 1707 2147 1708)
4(2148 400 2145 1711)
4(2148 1712 2146 400)
4(218 1711 2145 927)
4(218 1712 2148 1711)
4(2149 1713 2136 400)
4(2149 400 2146 1714)
4(332 1707 2145 1711)
4(332 1208 2147 1707)
4(332 1711 2148 1208)
4(339 1708 2147 1209)
4(340 1210 2148 1712)
4(220 934 2150 1719)
4(220 1720 2151 934)
4(2164 936 2165 401)
4(2164 401 2168 938)
4(2168 401 2165 939)
4(54 938 2168 939)
4(1730 1216 2164 401)
4(2169 401 2164 1218)
4(103 667 2169 1218)
4(1730 401 2165 1265)
4(2165 401 2170 1266)
4(116 1266 2170 668)
3(2169 2168 401)
4(2170 401 2168 1292)
3(670 2170 1292)
4(229 939 2168 1292)
4(229 1292 2170 1266)
3(2166 2168 939)
3(229 1271 1292)
4(2171 402 2173 940)
4(2174 402 2171 941)
4(2173 402 2174 943)
4(55 943 2174 941)
4(1728 402 2171 1213)
4(2171 402 2175 1215)
4(102 1215 2175 662)
4(1728 1274 2173 402)
4(2176 402 2173 1275)
4(118 663 2176 1275)
4(2175 402 2174 1285)
4(2176 1286 2174 402)
4(121 1285 2174 1286)
4(121 665 2175 1285)
4(121 1286 2176 665)
4(230 941 2174 1285)
4(230 1285 2175 1215)
4(231 1286 2174 943)
4(231 1275 2176 1286)
4(2172 403 2174 941)
4(2174 403 2177 943)
4(2178 1285 2174 403)
4(2179 403 2174 1286)
4(121 1285 2178 673)
4(121 673 2179 1286)
4(230 1220 2178 1285)
4(231 1286 2179 1298)
4(2182 404 1733 944)
4(1733 404 2183 945)
4(2183 404 2182 948)
4(56 948 2182 944)
4(56 945 2183 948)
4(1731 1214 1733 404)
4(1733 1215 2175 404)
4(2182 1282 1731 404)
4(2182 404 1803 1283)
4(120 1282 2182 1283)
4(2183 404 2175 1285)
4(2183 1287 1803 404)
4(121 1287 2183 1285)
4(228 944 2182 1282)
4(230 1285 2183 945)
4(232 1283 2182 948)
4(232 948 2183 1287)
4(2180 405 2182 944)
4(2184 405 2180 946)
4(2182 405 2184 948)
4(56 948 2184 946)
4(1732 405 2180 1217)
4(2180 405 2185 1219)
4(103 1219 2185 667)
4(1732 1282 2182 405)
4(2186 405 2182 1283)
4(120 669 2186 1283)
3(2185 405 2184)
4(2186 1293 2184 405)
3(1293 2186 671)
4(232 1293 2184 948)
4(232 1283 2186 1293)
4(2181 945 2183 406)
4(2187 406 2183 948)
4(56 947 2187 948)
4(2178 406 2183 1285)
4(2183 406 2188 1287)
4(121 1287 2188 673)
4(232 948 2187 1299)
4(232 1299 2188 1287)
3(2184 2187 948)
3(232 1293 1299)
3(107 1236 1235)
4(107 1235 2189 632)
4(107 632 2190 1236)
4(107 675 2191 1235)
4(107 1236 2192 675)
4(2193 407 1734 949)
4(2194 407 2193 952)
4(57 952 2193 949)
4(57 950 2194 952)
4(2193 1224 2152 407)
4(2193 407 1737 1226)
4(104 1224 2193 1226)
4(221 949 2193 1224)
4(233 1226 2193 952)
4(233 952 2194 1227)
4(1735 408 2195 949)
4(2196 408 1735 951)
4(2195 408 2196 953)
4(57 949 2195 953)
4(57 953 2196 951)
4(1735 1222 2153 408)
3(1735 408 2189)
4(2195 408 2153 1231)
4(2195 1232 1746 408)
4(105 1232 2195 1231)
4(2196 1235 2189 408)
4(2196 408 1746 1237)
4(107 1235 2196 1237)
4(221 1231 2195 949)
3(951 2196 1235)
4(234 953 2195 1232)
4(234 1237 2196 953)
4(2193 949 2195 409)
4(2193 409 2197 952)
4(2197 409 2195 953)
4(57 952 2197 953)
4(2154 1224 2193 409)
4(2198 409 2193 1226)
4(104 634 2198 1226)
4(2154 409 2195 1231)
4(2195 409 1747 1232)
4(2198 1241 2197 409)
4(2197 1242 1747 409)
4(109 1242 2197 1241)
4(109 1241 2198 637)
4(233 1241 2197 952)
4(233 1226 2198 1241)
4(234 953 2197 1242)
3(2200 2199 954)
4(57 954 2199 950)
4(57 951 2200 954)
4(235 1301 2199 954)
4(235 954 2200 1302)
4(2201 410 2194 952)
4(2199 410 2201 954)
4(57 954 2201 952)
4(2202 410 2201 1304)
4(2203 1305 2201 410)
4(124 1304 2201 1305)
4(124 674 2202 1304)
4(124 1305 2203 674)
4(233 952 2201 1304)
4(233 1304 2202 1227)
4(235 1305 2201 954)
4(235 1301 2203 1305)
4(2196 951 2200 411)
4(2196 411 2204 953)
4(2204 411 2200 954)
4(57 953 2204 954)
4(2191 1235 2196 411)
4(1748 411 2196 1237)
3(2191 411 2200)
4(2200 411 2205 1302)
3(1302 2205 676)
4(2204 411 1748 1312)
4(2205 411 2204 1313)
4(125 1313 2204 1312)
4(125 678 2205 1313)
4(234 1312 2204 953)
4(235 954 2204 1313)
4(235 1313 2205 1302)
4(2197 412 2201 952)
4(2197 953 2204 412)
4(2201 412 2204 954)
4(2206 412 2197 1241)
4(2197 412 1749 1242)
4(109 682 2206 1241)
4(2206 1304 2201 412)
4(2207 412 2201 1305)
4(124 1304 2206 683)
4(124 683 2207 1305)
4(1749 412 2204 1312)
4(2204 412 2207 1313)
4(125 1313 2207 684)
4(233 1241 2206 1304)
4(235 1305 2207 1313)
3(2208 1738 955)
4(58 958 2208 955)
3(58 956 958)
4(222 955 2208 1228)
4(1739 413 2209 955)
4(2210 413 1739 957)
4(2209 413 2210 959)
4(58 955 2209 959)
4(58 959 2210 957)
4(1739 1225 2155 413)
4(1739 413 2198 1226)
4(2209 413 2155 1239)
4(2209 1240 1757 413)
4(108 1240 2209 1239)
4(2210 1241 2198 413)
4(2210 413 1757 1243)
4(109 1241 2210 1243)
4(222 1239 2209 955)
4(233 957 2210 1241)
4(236 959 2209 1240)
4(236 1243 2210 959)
4(2208 955 2209 414)
4(2208 414 2211 958)
4(2211 414 2209 959)
4(58 958 2211 959)
4(2156 1228 2208 414)
3(2212 414 2208)
4(2156 414 2209 1239)
4(2209 414 1758 1240)
4(2212 1247 2211 414)
4(2211 1248 1758 414)
4(111 1248 2211 1247)
4(111 1247 2212 642)
3(1247 2211 958)
4(236 959 2211 1248)
4(1740 415 2214 957)
4(2214 415 2213 960)
4(58 960 2213 956)
4(58 957 2214 960)
4(2214 415 2202 1304)
4(2214 1306 1812 415)
4(124 1306 2214 1304)
4(233 1304 2214 957)
4(237 1303 2213 960)
4(237 960 2214 1306)
3(2213 2215 960)
4(58 960 2215 958)
4(237 1309 2215 960)
3(237 1303 1309)
4(2210 957 2214 416)
4(2210 416 2216 959)
4(2216 416 2214 960)
4(58 959 2216 960)
4(2206 1241 2210 416)
4(1759 416 2210 1243)
4(2206 416 2214 1304)
4(2214 416 2217 1306)
4(124 1306 2217 683)
4(2216 416 1759 1322)
4(2217 416 2216 1323)
4(128 1323 2216 1322)
4(128 685 2217 1323)
4(236 1322 2216 959)
4(237 960 2216 1323)
4(237 1323 2217 1306)
4(2211 417 2215 958)
4(2211 959 2216 417)
4(2215 417 2216 960)
4(2218 417 2211 1247)
4(2211 417 1760 1248)
4(111 687 2218 1247)
3(2218 2215 417)
4(2219 417 2215 1309)
3(688 2219 1309)
4(1760 417 2216 1322)
4(2216 417 2219 1323)
4(128 1323 2219 689)
4(237 1309 2219 1323)
3(111 1247 1249)
4(111 687 2220 1249)
4(2221 418 1741 961)
4(1741 418 2222 962)
4(2222 418 2221 964)
4(59 964 2221 961)
4(59 962 2222 964)
4(1741 418 2157 1229)
3(1741 2190 418)
4(2221 1233 2157 418)
4(2221 418 1750 1234)
4(106 1233 2221 1234)
4(2222 418 2190 1236)
4(2222 1238 1750 418)
4(107 1238 2222 1236)
4(223 961 2221 1233)
3(1236 2222 962)
4(238 1234 2221 964)
4(238 964 2222 1238)
4(1742 419 2223 961)
4(2223 419 2224 965)
4(59 961 2223 965)
4(59 965 2224 963)
4(2223 419 2158 1252)
4(2223 1254 1770 419)
4(112 1254 2223 1252)
4(223 1252 2223 961)
4(239 965 2223 1254)
4(239 1256 2224 965)
4(2221 961 2223 420)
4(2221 420 2225 964)
4(2225 420 2223 965)
4(59 964 2225 965)
4(2159 1233 2221 420)
4(1751 420 2221 1234)
4(2159 420 2223 1252)
4(2223 420 2226 1254)
4(112 1254 2226 646)
4(2225 420 1751 1259)
4(2226 420 2225 1260)
4(114 1260 2225 1259)
4(114 648 2226 1260)
4(238 1259 2225 964)
4(239 965 2225 1260)
4(239 1260 2226 1254)
3(2228 2227 966)
4(59 966 2227 962)
4(59 963 2228 966)
4(240 1310 2227 966)
4(240 966 2228 1311)
4(2222 421 2227 962)
4(2229 421 2222 964)
4(2227 421 2229 966)
4(59 966 2229 964)
4(2192 421 2222 1236)
4(2222 421 1752 1238)
3(2192 2227 421)
4(2230 421 2227 1310)
3(677 2230 1310)
4(2229 1315 1752 421)
4(2230 1316 2229 421)
4(126 1315 2229 1316)
4(126 1316 2230 679)
4(238 964 2229 1315)
4(240 1316 2229 966)
4(240 1310 2230 1316)
4(2224 422 2231 965)
4(2231 422 2228 966)
4(59 965 2231 966)
4(2232 1337 2231 422)
4(2233 422 2231 1338)
4(132 1338 2231 1337)
4(132 1337 2232 693)
4(132 693 2233 1338)
4(239 1337 2231 965)
4(239 1256 2232 1337)
4(240 966 2231 1338)
4(240 1338 2233 1311)
4(2225 423 2229 964)
4(2225 965 2231 423)
4(2229 423 2231 966)
4(1753 423 2225 1259)
4(2225 423 2234 1260)
4(114 1260 2234 695)
4(1753 1315 2229 423)
4(2235 423 2229 1316)
4(126 696 2235 1316)
4(2234 423 2231 1337)
4(2231 423 2235 1338)
4(132 697 2234 1337)
4(132 1338 2235 697)
4(239 1337 2234 1260)
4(240 1316 2235 1338)
3(2236 1766 967)
4(60 970 2236 967)
3(60 968 970)
4(224 967 2236 1251)
4(1767 424 2237 967)
4(2238 424 1767 969)
4(2237 424 2238 971)
4(60 967 2237 971)
4(60 971 2238 969)
4(1767 1245 2160 424)
4(1761 1246 1767 424)
4(2237 424 2160 1262)
4(2237 1264 1794 424)
4(115 1264 2237 1262)
4(2238 1268 1761 424)
4(2238 424 1794 1269)
4(117 1268 2238 1269)
4(224 1262 2237 967)
4(241 969 2238 1268)
4(242 971 2237 1264)
4(242 1269 2238 971)
4(2236 967 2237 425)
4(2239 425 2237 971)
4(60 970 2239 971)
4(2161 425 2237 1262)
4(2237 425 2240 1264)
4(115 1264 2240 656)
4(242 971 2239 1272)
4(242 1272 2240 1264)
4(2241 426 1768 968)
4(1768 426 2242 969)
4(2242 426 2241 972)
4(60 972 2241 968)
4(60 969 2242 972)
4(1768 426 2220 1249)
4(1762 426 1768 1250)
3(2241 2220 426)
4(2241 426 1840 1328)
4(2242 426 1762 1329)
4(2242 1330 1840 426)
4(130 1330 2242 1329)
4(241 1329 2242 969)
4(243 1328 2241 972)
4(243 972 2242 1330)
3(2241 2243 972)
4(60 972 2243 970)
4(243 1336 2243 972)
3(243 1328 1336)
4(2238 969 2242 427)
4(2238 427 2244 971)
4(2244 427 2242 972)
4(60 971 2244 972)
4(1763 1268 2238 427)
4(2245 427 2238 1269)
4(117 703 2245 1269)
4(1763 427 2242 1329)
4(2242 427 2246 1330)
4(130 1330 2246 704)
4(2245 1349 2244 427)
4(2246 427 2244 1350)
4(135 1350 2244 1349)
4(135 1349 2245 705)
4(135 705 2246 1350)
4(242 1349 2244 971)
4(242 1269 2245 1349)
4(243 972 2244 1350)
4(243 1350 2246 1330)
4(2239 971 2244 428)
4(2243 428 2244 972)
4(2247 428 2244 1349)
4(2244 428 2248 1350)
4(135 708 2247 1349)
4(135 1350 2248 708)
4(242 1349 2247 1272)
4(243 1336 2248 1350)
4(2249 429 1771 973)
4(1771 429 2250 974)
4(2250 429 2249 976)
4(61 976 2249 973)
4(61 974 2250 976)
4(1771 429 2162 1253)
4(1771 1254 2226 429)
4(2249 1257 2162 429)
4(2249 429 1777 1258)
4(113 1257 2249 1258)
4(2250 429 2226 1260)
4(2250 1261 1777 429)
4(114 1261 2250 1260)
4(225 973 2249 1257)
4(239 1260 2250 974)
4(244 1258 2249 976)
4(244 976 2250 1261)
3(1772 2251 973)
4(61 973 2251 977)
3(61 977 975)
4(225 1273 2251 973)
4(2249 973 2251 430)
4(2249 430 2252 976)
4(2252 430 2251 977)
4(61 976 2252 977)
4(2163 1257 2249 430)
4(1778 430 2249 1258)
4(2163 430 2251 1273)
3(2251 430 2253)
4(2252 430 1778 1278)
4(2253 430 2252 1279)
4(119 1279 2252 1278)
4(119 661 2253 1279)
4(244 1278 2252 976)
3(977 2252 1279)
4(2254 431 1773 974)
4(2255 431 2254 978)
4(61 978 2254 974)
4(61 975 2255 978)
4(2254 1337 2232 431)
4(2254 431 1845 1339)
4(132 1337 2254 1339)
4(239 974 2254 1337)
4(245 1339 2254 978)
4(245 978 2255 1341)
4(2250 432 2254 974)
4(2256 432 2250 976)
4(2254 432 2256 978)
4(61 978 2256 976)
4(2234 432 2250 1260)
4(2250 432 1779 1261)
4(2234 1337 2254 432)
4(2257 432 2254 1339)
4(132 697 2257 1339)
4(2256 1343 1779 432)
4(2257 1344 2256 432)
4(133 1343 2256 1344)
4(133 1344 2257 698)
4(244 976 2256 1343)
4(245 1344 2256 978)
4(245 1339 2257 1344)
3(2258 2255 978)
4(61 977 2258 978)
4(245 978 2258 1361)
3(245 1361 1341)
4(2252 433 2256 976)
4(2252 977 2258 433)
4(2256 433 2258 978)
4(1780 433 2252 1278)
4(2252 433 2259 1279)
4(119 1279 2259 709)
4(1780 1343 2256 433)
4(2260 433 2256 1344)
4(133 710 2260 1344)
3(2259 433 2258)
4(2258 433 2260 1361)
3(1361 2260 711)
4(245 1344 2260 1361)
4(2261 434 1795 979)
4(1795 434 2262 980)
4(62 982 2261 979)
4(62 980 2262 982)
4(1795 434 2167 1263)
4(1795 1264 2240 434)
4(229 979 2261 1271)
4(242 1272 2262 980)
4(1796 435 2263 979)
4(2264 435 1796 981)
4(2263 435 2264 983)
4(62 979 2263 983)
4(62 983 2264 981)
4(1796 1266 2170 435)
4(1787 1267 1796 435)
4(2263 435 2170 1292)
3(2263 1808 435)
4(2264 1294 1787 435)
4(2264 435 1808 1296)
4(123 1294 2264 1296)
4(229 1292 2263 979)
4(247 981 2264 1294)
3(1296 2264 983)
3(2261 979 2263)
3(62 982 983)
4(2265 436 1797 980)
4(1797 436 2266 981)
4(2266 436 2265 984)
4(62 984 2265 980)
4(62 981 2266 984)
4(1797 436 2245 1269)
4(1788 436 1797 1270)
4(2265 1349 2245 436)
4(2265 436 1869 1351)
4(135 1349 2265 1351)
4(2266 436 1788 1353)
4(2266 1354 1869 436)
4(136 1354 2266 1353)
4(242 980 2265 1349)
4(247 1353 2266 981)
4(249 1351 2265 984)
4(249 984 2266 1354)
4(2262 437 2265 980)
4(2265 437 2267 984)
4(62 984 2267 982)
4(2247 1349 2265 437)
4(2268 437 2265 1351)
4(135 708 2268 1351)
4(249 1359 2267 984)
4(249 1351 2268 1359)
4(2264 981 2266 438)
4(2264 438 2269 983)
4(2269 438 2266 984)
4(62 983 2269 984)
4(1789 1294 2264 438)
4(2270 438 2264 1296)
4(123 720 2270 1296)
4(1789 438 2266 1353)
4(2266 438 2271 1354)
4(136 1354 2271 721)
3(2270 2269 438)
4(2271 438 2269 1380)
3(723 2271 1380)
4(249 984 2269 1380)
4(249 1380 2271 1354)
3(2267 2269 984)
3(249 1359 1380)
3(119 1281 1279)
4(119 1281 2272 709)
4(2273 439 1800 985)
4(1800 439 2274 986)
4(2274 439 2273 988)
4(63 988 2273 985)
4(63 986 2274 988)
4(1800 439 2176 1275)
4(1781 439 1800 1276)
4(2273 1286 2176 439)
4(2273 439 1804 1288)
4(121 1286 2273 1288)
4(2274 439 1781 1289)
4(2274 1291 1804 439)
4(122 1291 2274 1289)
4(231 985 2273 1286)
4(246 1289 2274 986)
4(250 1288 2273 988)
4(250 988 2274 1291)
3(1801 2275 985)
4(63 985 2275 989)
3(63 989 987)
4(231 1298 2275 985)
4(2273 985 2275 440)
4(2273 440 2276 988)
4(63 988 2276 989)
4(2179 1286 2273 440)
4(2277 440 2273 1288)
4(121 673 2277 1288)
4(250 1300 2276 988)
4(250 1288 2277 1300)
4(2278 441 1802 986)
4(1802 441 2279 987)
4(2279 441 2278 990)
4(63 990 2278 986)
4(63 987 2279 990)
4(1782 1280 1802 441)
4(1802 1281 2272 441)
4(2278 1362 1782 441)
4(2278 441 1874 1363)
4(138 1362 2278 1363)
3(2279 441 2272)
4(2279 1365 1874 441)
4(246 986 2278 1362)
4(251 1363 2278 990)
4(251 990 2279 1365)
4(2274 442 2278 986)
4(2280 442 2274 988)
4(2278 442 2280 990)
4(63 990 2280 988)
4(1783 442 2274 1289)
4(2274 442 2281 1291)
4(122 1291 2281 715)
4(1783 1362 2278 442)
4(2282 442 2278 1363)
4(138 716 2282 1363)
4(2281 442 2280 1373)
4(2282 1374 2280 442)
4(141 1373 2280 1374)
4(141 718 2281 1373)
4(141 1374 2282 718)
4(250 988 2280 1373)
4(250 1373 2281 1291)
4(251 1374 2280 990)
4(251 1363 2282 1374)
3(2283 2279 990)
4(63 989 2283 990)
4(251 990 2283 1386)
3(251 1386 1365)
4(2276 443 2280 988)
4(2280 443 2283 990)
4(2284 1373 2280 443)
4(2285 443 2280 1374)
4(141 1373 2284 726)
4(141 726 2285 1374)
4(250 1300 2284 1373)
4(251 1374 2285 1386)
4(2286 444 1805 991)
4(1805 444 2287 992)
4(2287 444 2286 994)
4(64 994 2286 991)
4(64 992 2287 994)
4(1805 444 2186 1283)
4(1790 444 1805 1284)
4(2286 1293 2186 444)
3(2286 444 1809)
4(2287 444 1790 1295)
4(2287 1297 1809 444)
4(123 1297 2287 1295)
4(232 991 2286 1293)
4(248 1295 2287 992)
3(994 2287 1297)
4(1806 445 2288 991)
4(2289 445 1806 993)
4(64 991 2288 995)
4(64 995 2289 993)
4(1806 1287 2188 445)
4(1806 445 2277 1288)
4(232 1299 2288 991)
4(250 993 2289 1300)
3(2286 991 2288)
3(64 994 995)
4(2290 446 1807 992)
4(1807 446 2291 993)
4(2291 446 2290 996)
4(64 996 2290 992)
4(64 993 2291 996)
4(1791 1290 1807 446)
4(1807 1291 2281 446)
4(2290 1370 1791 446)
4(2290 446 1879 1371)
4(140 1370 2290 1371)
4(2291 446 2281 1373)
4(2291 1375 1879 446)
4(141 1375 2291 1373)
4(248 992 2290 1370)
4(250 1373 2291 993)
4(252 1371 2290 996)
4(252 996 2291 1375)
4(2287 447 2290 992)
4(2292 447 2287 994)
4(2290 447 2292 996)
4(64 996 2292 994)
4(1792 447 2287 1295)
4(2287 447 2293 1297)
4(123 1297 2293 720)
4(1792 1370 2290 447)
4(2294 447 2290 1371)
4(140 722 2294 1371)
3(2293 447 2292)
4(2294 1381 2292 447)
3(1381 2294 724)
4(252 1381 2292 996)
4(252 1371 2294 1381)
4(2289 993 2291 448)
4(2295 448 2291 996)
4(64 995 2295 996)
4(2284 448 2291 1373)
4(2291 448 2296 1375)
4(141 1375 2296 726)
4(252 996 2295 1387)
4(252 1387 2296 1375)
3(2292 2295 996)
3(252 1381 1387)
3(127 1319 1318)
4(127 1318 2297 680)
4(127 680 2298 1319)
4(127 728 2299 1318)
4(127 1319 2300 728)
4(2301 449 1810 997)
4(2302 449 2301 1000)
4(65 1000 2301 997)
4(65 998 2302 1000)
4(2301 1305 2203 449)
4(2301 449 1813 1307)
4(124 1305 2301 1307)
4(235 997 2301 1305)
4(253 1307 2301 1000)
4(253 1000 2302 1308)
4(1811 450 2303 997)
4(2304 450 1811 999)
4(2303 450 2304 1001)
4(65 997 2303 1001)
4(65 1001 2304 999)
4(1811 1302 2205 450)
3(1811 450 2297)
4(2303 450 2205 1313)
4(2303 1314 1822 450)
4(125 1314 2303 1313)
4(2304 1318 2297 450)
4(2304 450 1822 1320)
4(127 1318 2304 1320)
4(235 1313 2303 997)
3(999 2304 1318)
4(254 1001 2303 1314)
4(254 1320 2304 1001)
4(2301 997 2303 451)
4(2301 451 2305 1000)
4(2305 451 2303 1001)
4(65 1000 2305 1001)
4(2207 1305 2301 451)
4(2306 451 2301 1307)
4(124 683 2306 1307)
4(2207 451 2303 1313)
4(2303 451 1823 1314)
4(2306 1325 2305 451)
4(2305 1326 1823 451)
4(129 1326 2305 1325)
4(129 1325 2306 686)
4(253 1325 2305 1000)
4(253 1307 2306 1325)
4(254 1001 2305 1326)
3(2308 2307 1002)
4(65 1002 2307 998)
4(65 999 2308 1002)
4(255 1389 2307 1002)
4(255 1002 2308 1390)
4(2309 452 2302 1000)
4(2307 452 2309 1002)
4(65 1002 2309 1000)
4(2310 452 2309 1392)
4(2311 1393 2309 452)
4(144 1392 2309 1393)
4(144 727 2310 1392)
4(144 1393 2311 727)
4(253 1000 2309 1392)
4(253 1392 2310 1308)
4(255 1393 2309 1002)
4(255 1389 2311 1393)
4(2304 999 2308 453)
4(2304 453 2312 1001)
4(2312 453 2308 1002)
4(65 1001 2312 1002)
4(2299 1318 2304 453)
4(1824 453 2304 1320)
3(2299 453 2308)
4(2308 453 2313 1390)
3(1390 2313 729)
4(2312 453 1824 1400)
4(2313 453 2312 1401)
4(145 1401 2312 1400)
4(145 731 2313 1401)
4(254 1400 2312 1001)
4(255 1002 2312 1401)
4(255 1401 2313 1390)
4(2305 454 2309 1000)
4(2305 1001 2312 454)
4(2309 454 2312 1002)
4(2314 454 2305 1325)
4(2305 454 1825 1326)
4(129 735 2314 1325)
4(2314 1392 2309 454)
4(2315 454 2309 1393)
4(144 1392 2314 736)
4(144 736 2315 1393)
4(1825 454 2312 1400)
4(2312 454 2315 1401)
4(145 1401 2315 737)
4(253 1325 2314 1392)
4(255 1393 2315 1401)
3(2316 1814 1003)
4(66 1006 2316 1003)
3(66 1004 1006)
4(237 1003 2316 1309)
4(1815 455 2317 1003)
4(2318 455 1815 1005)
4(2317 455 2318 1007)
4(66 1003 2317 1007)
4(66 1007 2318 1005)
4(1815 1306 2217 455)
4(1815 455 2306 1307)
4(2317 455 2217 1323)
4(2317 1324 1833 455)
4(128 1324 2317 1323)
4(2318 1325 2306 455)
4(2318 455 1833 1327)
4(129 1325 2318 1327)
4(237 1323 2317 1003)
4(253 1005 2318 1325)
4(256 1007 2317 1324)
4(256 1327 2318 1007)
4(2316 1003 2317 456)
4(2316 456 2319 1006)
4(2319 456 2317 1007)
4(66 1006 2319 1007)
4(2219 1309 2316 456)
3(2320 456 2316)
4(2219 456 2317 1323)
4(2317 456 1834 1324)
4(2320 1332 2319 456)
4(2319 1333 1834 456)
4(131 1333 2319 1332)
4(131 1332 2320 692)
3(1332 2319 1006)
4(256 1007 2319 1333)
4(1816 457 2322 1005)
4(2322 457 2321 1008)
4(66 1008 2321 1004)
4(66 1005 2322 1008)
4(2322 457 2310 1392)
4(2322 1394 1888 457)
4(144 1394 2322 1392)
4(253 1392 2322 1005)
4(257 1391 2321 1008)
4(257 1008 2322 1394)
3(2321 2323 1008)
4(66 1008 2323 1006)
4(257 1397 2323 1008)
3(257 1391 1397)
4(2318 1005 2322 458)
4(2318 458 2324 1007)
4(2324 458 2322 1008)
4(66 1007 2324 1008)
4(2314 1325 2318 458)
4(1835 458 2318 1327)
4(2314 458 2322 1392)
4(2322 458 2325 1394)
4(144 1394 2325 736)
4(2324 458 1835 1410)
4(2325 458 2324 1411)
4(148 1411 2324 1410)
4(148 738 2325 1411)
4(256 1410 2324 1007)
4(257 1008 2324 1411)
4(257 1411 2325 1394)
4(2319 459 2323 1006)
4(2319 1007 2324 459)
4(2323 459 2324 1008)
4(2326 459 2319 1332)
4(2319 459 1836 1333)
4(131 740 2326 1332)
3(2326 2323 459)
4(2327 459 2323 1397)
3(741 2327 1397)
4(1836 459 2324 1410)
4(2324 459 2327 1411)
4(148 1411 2327 742)
4(257 1397 2327 1411)
3(131 1332 1334)
4(131 740 2328 1334)
4(2329 460 1817 1009)
4(1817 460 2330 1010)
4(2330 460 2329 1012)
4(67 1012 2329 1009)
4(67 1010 2330 1012)
4(1817 460 2230 1310)
3(1817 2298 460)
4(2329 1316 2230 460)
4(2329 460 1826 1317)
4(126 1316 2329 1317)
4(2330 460 2298 1319)
4(2330 1321 1826 460)
4(127 1321 2330 1319)
4(240 1009 2329 1316)
3(1319 2330 1010)
4(258 1317 2329 1012)
4(258 1012 2330 1321)
4(1818 461 2331 1009)
4(2331 461 2332 1013)
4(67 1009 2331 1013)
4(67 1013 2332 1011)
4(2331 461 2233 1338)
4(2331 1340 1846 461)
4(132 1340 2331 1338)
4(240 1338 2331 1009)
4(259 1013 2331 1340)
4(259 1342 2332 1013)
4(2329 1009 2331 462)
4(2329 462 2333 1012)
4(2333 462 2331 1013)
4(67 1012 2333 1013)
4(2235 1316 2329 462)
4(1827 462 2329 1317)
4(2235 462 2331 1338)
4(2331 462 2334 1340)
4(132 1340 2334 697)
4(2333 462 1827 1346)
4(2334 462 2333 1347)
4(134 1347 2333 1346)
4(134 699 2334 1347)
4(258 1346 2333 1012)
4(259 1013 2333 1347)
4(259 1347 2334 1340)
3(2336 2335 1014)
4(67 1014 2335 1010)
4(67 1011 2336 1014)
4(260 1398 2335 1014)
4(260 1014 2336 1399)
4(2330 463 2335 1010)
4(2337 463 2330 1012)
4(2335 463 2337 1014)
4(67 1014 2337 1012)
4(2300 463 2330 1319)
4(2330 463 1828 1321)
3(2300 2335 463)
4(2338 463 2335 1398)
3(730 2338 1398)
4(2337 1403 1828 463)
4(2338 1404 2337 463)
4(146 1403 2337 1404)
4(146 1404 2338 732)
4(258 1012 2337 1403)
4(260 1404 2337 1014)
4(260 1398 2338 1404)
4(2332 464 2339 1013)
4(2339 464 2336 1014)
4(67 1013 2339 1014)
4(2340 1425 2339 464)
4(2341 464 2339 1426)
4(152 1426 2339 1425)
4(152 1425 2340 746)
4(152 746 2341 1426)
4(259 1425 2339 1013)
4(259 1342 2340 1425)
4(260 1014 2339 1426)
4(260 1426 2341 1399)
4(2333 465 2337 1012)
4(2333 1013 2339 465)
4(2337 465 2339 1014)
4(1829 465 2333 1346)
4(2333 465 2342 1347)
4(134 1347 2342 748)
4(1829 1403 2337 465)
4(2343 465 2337 1404)
4(146 749 2343 1404)
4(2342 465 2339 1425)
4(2339 465 2343 1426)
4(152 750 2342 1425)
4(152 1426 2343 750)
4(259 1425 2342 1347)
4(260 1404 2343 1426)
3(2344 1842 1015)
4(68 1018 2344 1015)
3(68 1016 1018)
4(243 1015 2344 1336)
4(1843 466 2345 1015)
4(2346 466 1843 1017)
4(2345 466 2346 1019)
4(68 1015 2345 1019)
4(68 1019 2346 1017)
4(1843 1330 2246 466)
4(1837 1331 1843 466)
4(2345 466 2246 1350)
4(2345 1352 1870 466)
4(135 1352 2345 1350)
4(2346 1356 1837 466)
4(2346 466 1870 1357)
4(137 1356 2346 1357)
4(243 1350 2345 1015)
4(261 1017 2346 1356)
4(262 1019 2345 1352)
4(262 1357 2346 1019)
4(2344 1015 2345 467)
4(2347 467 2345 1019)
4(68 1018 2347 1019)
4(2248 467 2345 1350)
4(2345 467 2348 1352)
4(135 1352 2348 708)
4(262 1019 2347 1360)
4(262 1360 2348 1352)
4(2349 468 1844 1016)
4(1844 468 2350 1017)
4(2350 468 2349 1020)
4(68 1020 2349 1016)
4(68 1017 2350 1020)
4(1844 468 2328 1334)
4(1838 468 1844 1335)
3(2349 2328 468)
4(2349 468 1916 1416)
4(2350 468 1838 1417)
4(2350 1418 1916 468)
4(150 1418 2350 1417)
4(261 1417 2350 1017)
4(263 1416 2349 1020)
4(263 1020 2350 1418)
3(2349 2351 1020)
4(68 1020 2351 1018)
4(263 1424 2351 1020)
3(263 1416 1424)
4(2346 1017 2350 469)
4(2346 469 2352 1019)
4(2352 469 2350 1020)
4(68 1019 2352 1020)
4(1839 1356 2346 469)
4(2353 469 2346 1357)
4(137 756 2353 1357)
4(1839 469 2350 1417)
4(2350 469 2354 1418)
4(150 1418 2354 757)
4(2353 1437 2352 469)
4(2354 469 2352 1438)
4(155 1438 2352 1437)
4(155 1437 2353 758)
4(155 758 2354 1438)
4(262 1437 2352 1019)
4(262 1357 2353 1437)
4(263 1020 2352 1438)
4(263 1438 2354 1418)
4(2347 1019 2352 470)
4(2351 470 2352 1020)
4(2355 470 2352 1437)
4(2352 470 2356 1438)
4(155 761 2355 1437)
4(155 1438 2356 761)
4(262 1437 2355 1360)
4(263 1424 2356 1438)
4(2357 471 1847 1021)
4(1847 471 2358 1022)
4(2358 471 2357 1024)
4(69 1024 2357 1021)
4(69 1022 2358 1024)
4(1847 471 2257 1339)
4(1847 1340 2334 471)
4(2357 1344 2257 471)
4(2357 471 1853 1345)
4(133 1344 2357 1345)
4(2358 471 2334 1347)
4(2358 1348 1853 471)
4(134 1348 2358 1347)
4(245 1021 2357 1344)
4(259 1347 2358 1022)
4(264 1345 2357 1024)
4(264 1024 2358 1348)
3(1848 2359 1021)
4(69 1021 2359 1025)
3(69 1025 1023)
4(245 1361 2359 1021)
4(2357 1021 2359 472)
4(2357 472 2360 1024)
4(2360 472 2359 1025)
4(69 1024 2360 1025)
4(2260 1344 2357 472)
4(1854 472 2357 1345)
4(2260 472 2359 1361)
3(2359 472 2361)
4(2360 472 1854 1366)
4(2361 472 2360 1367)
4(139 1367 2360 1366)
4(139 714 2361 1367)
4(264 1366 2360 1024)
3(1025 2360 1367)
4(2362 473 1849 1022)
4(2363 473 2362 1026)
4(69 1026 2362 1022)
4(69 1023 2363 1026)
4(2362 1425 2340 473)
4(2362 473 1921 1427)
4(152 1425 2362 1427)
4(259 1022 2362 1425)
4(265 1427 2362 1026)
4(265 1026 2363 1429)
4(2358 474 2362 1022)
4(2364 474 2358 1024)
4(2362 474 2364 1026)
4(69 1026 2364 1024)
4(2342 474 2358 1347)
4(2358 474 1855 1348)
4(2342 1425 2362 474)
4(2365 474 2362 1427)
4(152 750 2365 1427)
4(2364 1431 1855 474)
4(2365 1432 2364 474)
4(153 1431 2364 1432)
4(153 1432 2365 751)
4(264 1024 2364 1431)
4(265 1432 2364 1026)
4(265 1427 2365 1432)
3(2366 2363 1026)
4(69 1025 2366 1026)
4(265 1026 2366 1449)
3(265 1449 1429)
4(2360 475 2364 1024)
4(2360 1025 2366 475)
4(2364 475 2366 1026)
4(1856 475 2360 1366)
4(2360 475 2367 1367)
4(139 1367 2367 762)
4(1856 1431 2364 475)
4(2368 475 2364 1432)
4(153 763 2368 1432)
3(2367 475 2366)
4(2366 475 2368 1449)
3(1449 2368 764)
4(265 1432 2368 1449)
4(2369 476 1871 1027)
4(1871 476 2370 1028)
4(70 1030 2369 1027)
4(70 1028 2370 1030)
4(1871 476 2268 1351)
4(1871 1352 2348 476)
4(249 1027 2369 1359)
4(262 1360 2370 1028)
4(1872 477 2371 1027)
4(2372 477 1872 1029)
4(2371 477 2372 1031)
4(70 1027 2371 1031)
4(70 1031 2372 1029)
4(1872 1354 2271 477)
4(1863 1355 1872 477)
4(2371 477 2271 1380)
3(2371 1884 477)
4(2372 1382 1863 477)
4(2372 477 1884 1384)
4(143 1382 2372 1384)
4(249 1380 2371 1027)
4(267 1029 2372 1382)
3(1384 2372 1031)
3(2369 1027 2371)
3(70 1030 1031)
4(2373 478 1873 1028)
4(1873 478 2374 1029)
4(2374 478 2373 1032)
4(70 1032 2373 1028)
4(70 1029 2374 1032)
4(1873 478 2353 1357)
4(1864 478 1873 1358)
4(2373 1437 2353 478)
4(2373 478 1945 1439)
4(155 1437 2373 1439)
4(2374 478 1864 1441)
4(2374 1442 1945 478)
4(156 1442 2374 1441)
4(262 1028 2373 1437)
4(267 1441 2374 1029)
4(269 1439 2373 1032)
4(269 1032 2374 1442)
4(2370 479 2373 1028)
4(2373 479 2375 1032)
4(70 1032 2375 1030)
4(2355 1437 2373 479)
4(2376 479 2373 1439)
4(155 761 2376 1439)
4(269 1447 2375 1032)
4(269 1439 2376 1447)
4(2372 1029 2374 480)
4(2372 480 2377 1031)
4(2377 480 2374 1032)
4(70 1031 2377 1032)
4(1865 1382 2372 480)
4(2378 480 2372 1384)
4(143 773 2378 1384)
4(1865 480 2374 1441)
4(2374 480 2379 1442)
4(156 1442 2379 774)
3(2378 2377 480)
4(2379 480 2377 1468)
3(776 2379 1468)
4(269 1032 2377 1468)
4(269 1468 2379 1442)
3(2375 2377 1032)
3(269 1447 1468)
3(139 1369 1367)
4(139 1369 2380 762)
4(2381 481 1876 1033)
4(1876 481 2382 1034)
4(2382 481 2381 1036)
4(71 1036 2381 1033)
4(71 1034 2382 1036)
4(1876 481 2282 1363)
4(1857 481 1876 1364)
4(2381 1374 2282 481)
4(2381 481 1880 1376)
4(141 1374 2381 1376)
4(2382 481 1857 1377)
4(2382 1379 1880 481)
4(142 1379 2382 1377)
4(251 1033 2381 1374)
4(266 1377 2382 1034)
4(270 1376 2381 1036)
4(270 1036 2382 1379)
3(1877 2383 1033)
4(71 1033 2383 1037)
3(71 1037 1035)
4(251 1386 2383 1033)
4(2381 1033 2383 482)
4(2381 482 2384 1036)
4(71 1036 2384 1037)
4(2285 1374 2381 482)
4(2385 482 2381 1376)
4(141 726 2385 1376)
4(270 1388 2384 1036)
4(270 1376 2385 1388)
4(2386 483 1878 1034)
4(1878 483 2387 1035)
4(2387 483 2386 1038)
4(71 1038 2386 1034)
4(71 1035 2387 1038)
4(1858 1368 1878 483)
4(1878 1369 2380 483)
4(2386 1450 1858 483)
4(2386 483 1950 1451)
4(158 1450 2386 1451)
3(2387 483 2380)
4(2387 1453 1950 483)
4(266 1034 2386 1450)
4(271 1451 2386 1038)
4(271 1038 2387 1453)
4(2382 484 2386 1034)
4(2388 484 2382 1036)
4(2386 484 2388 1038)
4(71 1038 2388 1036)
4(1859 484 2382 1377)
4(2382 484 2389 1379)
4(142 1379 2389 768)
4(1859 1450 2386 484)
4(2390 484 2386 1451)
4(158 769 2390 1451)
4(2389 484 2388 1461)
4(2390 1462 2388 484)
4(161 1461 2388 1462)
4(161 771 2389 1461)
4(161 1462 2390 771)
4(270 1036 2388 1461)
4(270 1461 2389 1379)
4(271 1462 2388 1038)
4(271 1451 2390 1462)
3(2391 2387 1038)
4(71 1037 2391 1038)
4(271 1038 2391 1474)
3(271 1474 1453)
4(2384 485 2388 1036)
4(2388 485 2391 1038)
4(2392 1461 2388 485)
4(2393 485 2388 1462)
4(161 1461 2392 779)
4(161 779 2393 1462)
4(270 1388 2392 1461)
4(271 1462 2393 1474)
4(2394 486 1881 1039)
4(1881 486 2395 1040)
4(2395 486 2394 1042)
4(72 1042 2394 1039)
4(72 1040 2395 1042)
4(1881 486 2294 1371)
4(1866 486 1881 1372)
4(2394 1381 2294 486)
3(2394 486 1885)
4(2395 486 1866 1383)
4(2395 1385 1885 486)
4(143 1385 2395 1383)
4(252 1039 2394 1381)
4(268 1383 2395 1040)
3(1042 2395 1385)
4(1882 487 2396 1039)
4(2397 487 1882 1041)
4(72 1039 2396 1043)
4(72 1043 2397 1041)
4(1882 1375 2296 487)
4(1882 487 2385 1376)
4(252 1387 2396 1039)
4(270 1041 2397 1388)
3(2394 1039 2396)
3(72 1042 1043)
4(2398 488 1883 1040)
4(1883 488 2399 1041)
4(2399 488 2398 1044)
4(72 1044 2398 1040)
4(72 1041 2399 1044)
4(1867 1378 1883 488)
4(1883 1379 2389 488)
4(2398 1458 1867 488)
4(2398 488 1955 1459)
4(160 1458 2398 1459)
4(2399 488 2389 1461)
4(2399 1463 1955 488)
4(161 1463 2399 1461)
4(268 1040 2398 1458)
4(270 1461 2399 1041)
4(272 1459 2398 1044)
4(272 1044 2399 1463)
4(2395 489 2398 1040)
4(2400 489 2395 1042)
4(2398 489 2400 1044)
4(72 1044 2400 1042)
4(1868 489 2395 1383)
4(2395 489 2401 1385)
4(143 1385 2401 773)
4(1868 1458 2398 489)
4(2402 489 2398 1459)
4(160 775 2402 1459)
3(2401 489 2400)
4(2402 1469 2400 489)
3(1469 2402 777)
4(272 1469 2400 1044)
4(272 1459 2402 1469)
4(2397 1041 2399 490)
4(2403 490 2399 1044)
4(72 1043 2403 1044)
4(2392 490 2399 1461)
4(2399 490 2404 1463)
4(161 1463 2404 779)
4(272 1044 2403 1475)
4(272 1475 2404 1463)
3(2400 2403 1044)
3(272 1469 1475)
3(147 1407 1406)
4(147 1406 2405 733)
4(147 733 2406 1407)
4(147 781 2407 1406)
4(147 1407 2408 781)
4(2409 491 1886 1045)
4(2410 491 2409 1048)
4(73 1048 2409 1045)
4(73 1046 2410 1048)
4(2409 1393 2311 491)
4(2409 491 1889 1395)
4(144 1393 2409 1395)
4(255 1045 2409 1393)
4(273 1395 2409 1048)
4(273 1048 2410 1396)
4(1887 492 2411 1045)
4(2412 492 1887 1047)
4(2411 492 2412 1049)
4(73 1045 2411 1049)
4(73 1049 2412 1047)
4(1887 1390 2313 492)
3(1887 492 2405)
4(2411 492 2313 1401)
4(2411 1402 1898 492)
4(145 1402 2411 1401)
4(2412 1406 2405 492)
4(2412 492 1898 1408)
4(147 1406 2412 1408)
4(255 1401 2411 1045)
3(1047 2412 1406)
4(274 1049 2411 1402)
4(274 1408 2412 1049)
4(2409 1045 2411 493)
4(2409 493 2413 1048)
4(2413 493 2411 1049)
4(73 1048 2413 1049)
4(2315 1393 2409 493)
4(2414 493 2409 1395)
4(144 736 2414 1395)
4(2315 493 2411 1401)
4(2411 493 1899 1402)
4(2414 1413 2413 493)
4(2413 1414 1899 493)
4(149 1414 2413 1413)
4(149 1413 2414 739)
4(273 1413 2413 1048)
4(273 1395 2414 1413)
4(274 1049 2413 1414)
3(2416 2415 1050)
4(73 1050 2415 1046)
4(73 1047 2416 1050)
4(275 1477 2415 1050)
4(275 1050 2416 1478)
4(2417 494 2410 1048)
4(2415 494 2417 1050)
4(73 1050 2417 1048)
4(2418 494 2417 1480)
4(2419 1481 2417 494)
4(164 1480 2417 1481)
4(164 780 2418 1480)
4(164 1481 2419 780)
4(273 1048 2417 1480)
4(273 1480 2418 1396)
4(275 1481 2417 1050)
4(275 1477 2419 1481)
4(2412 1047 2416 495)
4(2412 495 2420 1049)
4(2420 495 2416 1050)
4(73 1049 2420 1050)
4(2407 1406 2412 495)
4(1900 495 2412 1408)
3(2407 495 2416)
4(2416 495 2421 1478)
3(1478 2421 782)
4(2420 495 1900 1488)
4(2421 495 2420 1489)
4(165 1489 2420 1488)
4(165 784 2421 1489)
4(274 1488 2420 1049)
4(275 1050 2420 1489)
4(275 1489 2421 1478)
4(2413 496 2417 1048)
4(2413 1049 2420 496)
4(2417 496 2420 1050)
4(2422 496 2413 1413)
4(2413 496 1901 1414)
4(149 788 2422 1413)
4(2422 1480 2417 496)
4(2423 496 2417 1481)
4(164 1480 2422 789)
4(164 789 2423 1481)
4(1901 496 2420 1488)
4(2420 496 2423 1489)
4(165 1489 2423 790)
4(273 1413 2422 1480)
4(275 1481 2423 1489)
3(2424 1890 1051)
4(74 1054 2424 1051)
3(74 1052 1054)
4(257 1051 2424 1397)
4(1891 497 2425 1051)
4(2426 497 1891 1053)
4(2425 497 2426 1055)
4(74 1051 2425 1055)
4(74 1055 2426 1053)
4(1891 1394 2325 497)
4(1891 497 2414 1395)
4(2425 497 2325 1411)
4(2425 1412 1909 497)
4(148 1412 2425 1411)
4(2426 1413 2414 497)
4(2426 497 1909 1415)
4(149 1413 2426 1415)
4(257 1411 2425 1051)
4(273 1053 2426 1413)
4(276 1055 2425 1412)
4(276 1415 2426 1055)
4(2424 1051 2425 498)
4(2424 498 2427 1054)
4(2427 498 2425 1055)
4(74 1054 2427 1055)
4(2327 1397 2424 498)
3(2428 498 2424)
4(2327 498 2425 1411)
4(2425 498 1910 1412)
4(2428 1420 2427 498)
4(2427 1421 1910 498)
4(151 1421 2427 1420)
4(151 1420 2428 745)
3(1420 2427 1054)
4(276 1055 2427 1421)
4(1892 499 2430 1053)
4(2430 499 2429 1056)
4(74 1056 2429 1052)
4(74 1053 2430 1056)
4(2430 499 2418 1480)
4(2430 1482 1964 499)
4(164 1482 2430 1480)
4(273 1480 2430 1053)
4(277 1479 2429 1056)
4(277 1056 2430 1482)
3(2429 2431 1056)
4(74 1056 2431 1054)
4(277 1485 2431 1056)
3(277 1479 1485)
4(2426 1053 2430 500)
4(2426 500 2432 1055)
4(2432 500 2430 1056)
4(74 1055 2432 1056)
4(2422 1413 2426 500)
4(1911 500 2426 1415)
4(2422 500 2430 1480)
4(2430 500 2433 1482)
4(164 1482 2433 789)
4(2432 500 1911 1498)
4(2433 500 2432 1499)
4(168 1499 2432 1498)
4(168 791 2433 1499)
4(276 1498 2432 1055)
4(277 1056 2432 1499)
4(277 1499 2433 1482)
4(2427 501 2431 1054)
4(2427 1055 2432 501)
4(2431 501 2432 1056)
4(2434 501 2427 1420)
4(2427 501 1912 1421)
4(151 793 2434 1420)
3(2434 2431 501)
4(2435 501 2431 1485)
3(794 2435 1485)
4(1912 501 2432 1498)
4(2432 501 2435 1499)
4(168 1499 2435 795)
4(277 1485 2435 1499)
3(151 1420 1422)
4(151 793 2436 1422)
4(2437 502 1893 1057)
4(1893 502 2438 1058)
4(2438 502 2437 1060)
4(75 1060 2437 1057)
4(75 1058 2438 1060)
4(1893 502 2338 1398)
3(1893 2406 502)
4(2437 1404 2338 502)
4(2437 502 1902 1405)
4(146 1404 2437 1405)
4(2438 502 2406 1407)
4(2438 1409 1902 502)
4(147 1409 2438 1407)
4(260 1057 2437 1404)
3(1407 2438 1058)
4(278 1405 2437 1060)
4(278 1060 2438 1409)
4(1894 503 2439 1057)
4(2439 503 2440 1061)
4(75 1057 2439 1061)
4(75 1061 2440 1059)
4(2439 503 2341 1426)
4(2439 1428 1922 503)
4(152 1428 2439 1426)
4(260 1426 2439 1057)
4(279 1061 2439 1428)
4(279 1430 2440 1061)
4(2437 1057 2439 504)
4(2437 504 2441 1060)
4(2441 504 2439 1061)
4(75 1060 2441 1061)
4(2343 1404 2437 504)
4(1903 504 2437 1405)
4(2343 504 2439 1426)
4(2439 504 2442 1428)
4(152 1428 2442 750)
4(2441 504 1903 1434)
4(2442 504 2441 1435)
4(154 1435 2441 1434)
4(154 752 2442 1435)
4(278 1434 2441 1060)
4(279 1061 2441 1435)
4(279 1435 2442 1428)
3(2444 2443 1062)
4(75 1062 2443 1058)
4(75 1059 2444 1062)
4(280 1486 2443 1062)
4(280 1062 2444 1487)
4(2438 505 2443 1058)
4(2445 505 2438 1060)
4(2443 505 2445 1062)
4(75 1062 2445 1060)
4(2408 505 2438 1407)
4(2438 505 1904 1409)
3(2408 2443 505)
4(2446 505 2443 1486)
3(783 2446 1486)
4(2445 1491 1904 505)
4(2446 1492 2445 505)
4(166 1491 2445 1492)
4(166 1492 2446 785)
4(278 1060 2445 1491)
4(280 1492 2445 1062)
4(280 1486 2446 1492)
4(2440 506 2447 1061)
4(2447 506 2444 1062)
4(75 1061 2447 1062)
4(2448 1513 2447 506)
4(2449 506 2447 1514)
4(172 1514 2447 1513)
4(172 1513 2448 799)
4(172 799 2449 1514)
4(279 1513 2447 1061)
4(279 1430 2448 1513)
4(280 1062 2447 1514)
4(280 1514 2449 1487)
4(2441 507 2445 1060)
4(2441 1061 2447 507)
4(2445 507 2447 1062)
4(1905 507 2441 1434)
4(2441 507 2450 1435)
4(154 1435 2450 801)
4(1905 1491 2445 507)
4(2451 507 2445 1492)
4(166 802 2451 1492)
4(2450 507 2447 1513)
4(2447 507 2451 1514)
4(172 803 2450 1513)
4(172 1514 2451 803)
4(279 1513 2450 1435)
4(280 1492 2451 1514)
3(2452 1918 1063)
4(76 1066 2452 1063)
3(76 1064 1066)
4(263 1063 2452 1424)
4(1919 508 2453 1063)
4(2454 508 1919 1065)
4(2453 508 2454 1067)
4(76 1063 2453 1067)
4(76 1067 2454 1065)
4(1919 1418 2354 508)
4(1913 1419 1919 508)
4(2453 508 2354 1438)
4(2453 1440 1946 508)
4(155 1440 2453 1438)
4(2454 1444 1913 508)
4(2454 508 1946 1445)
4(157 1444 2454 1445)
4(263 1438 2453 1063)
4(281 1065 2454 1444)
4(282 1067 2453 1440)
4(282 1445 2454 1067)
4(2452 1063 2453 509)
4(2455 509 2453 1067)
4(76 1066 2455 1067)
4(2356 509 2453 1438)
4(2453 509 2456 1440)
4(155 1440 2456 761)
4(282 1067 2455 1448)
4(282 1448 2456 1440)
4(2457 510 1920 1064)
4(1920 510 2458 1065)
4(2458 510 2457 1068)
4(76 1068 2457 1064)
4(76 1065 2458 1068)
4(1920 510 2436 1422)
4(1914 510 1920 1423)
3(2457 2436 510)
4(2457 510 1992 1504)
4(2458 510 1914 1505)
4(2458 1506 1992 510)
4(170 1506 2458 1505)
4(281 1505 2458 1065)
4(283 1504 2457 1068)
4(283 1068 2458 1506)
3(2457 2459 1068)
4(76 1068 2459 1066)
4(283 1512 2459 1068)
3(283 1504 1512)
4(2454 1065 2458 511)
4(2454 511 2460 1067)
4(2460 511 2458 1068)
4(76 1067 2460 1068)
4(1915 1444 2454 511)
4(2461 511 2454 1445)
4(157 809 2461 1445)
4(1915 511 2458 1505)
4(2458 511 2462 1506)
4(170 1506 2462 810)
4(2461 1525 2460 511)
4(2462 511 2460 1526)
4(175 1526 2460 1525)
4(175 1525 2461 811)
4(175 811 2462 1526)
4(282 1525 2460 1067)
4(282 1445 2461 1525)
4(283 1068 2460 1526)
4(283 1526 2462 1506)
4(2455 1067 2460 512)
4(2459 512 2460 1068)
4(2463 512 2460 1525)
4(2460 512 2464 1526)
4(175 814 2463 1525)
4(175 1526 2464 814)
4(282 1525 2463 1448)
4(283 1512 2464 1526)
4(2465 513 1923 1069)
4(1923 513 2466 1070)
4(2466 513 2465 1072)
4(77 1072 2465 1069)
4(77 1070 2466 1072)
4(1923 513 2365 1427)
4(1923 1428 2442 513)
4(2465 1432 2365 513)
4(2465 513 1929 1433)
4(153 1432 2465 1433)
4(2466 513 2442 1435)
4(2466 1436 1929 513)
4(154 1436 2466 1435)
4(265 1069 2465 1432)
4(279 1435 2466 1070)
4(284 1433 2465 1072)
4(284 1072 2466 1436)
3(1924 2467 1069)
4(77 1069 2467 1073)
3(77 1073 1071)
4(265 1449 2467 1069)
4(2465 1069 2467 514)
4(2465 514 2468 1072)
4(2468 514 2467 1073)
4(77 1072 2468 1073)
4(2368 1432 2465 514)
4(1930 514 2465 1433)
4(2368 514 2467 1449)
3(2467 514 2469)
4(2468 514 1930 1454)
4(2469 514 2468 1455)
4(159 1455 2468 1454)
4(159 767 2469 1455)
4(284 1454 2468 1072)
3(1073 2468 1455)
4(2470 515 1925 1070)
4(2471 515 2470 1074)
4(77 1074 2470 1070)
4(77 1071 2471 1074)
4(2470 1513 2448 515)
4(2470 515 1997 1515)
4(172 1513 2470 1515)
4(279 1070 2470 1513)
4(285 1515 2470 1074)
4(285 1074 2471 1517)
4(2466 516 2470 1070)
4(2472 516 2466 1072)
4(2470 516 2472 1074)
4(77 1074 2472 1072)
4(2450 516 2466 1435)
4(2466 516 1931 1436)
4(2450 1513 2470 516)
4(2473 516 2470 1515)
4(172 803 2473 1515)
4(2472 1519 1931 516)
4(2473 1520 2472 516)
4(173 1519 2472 1520)
4(173 1520 2473 804)
4(284 1072 2472 1519)
4(285 1520 2472 1074)
4(285 1515 2473 1520)
3(2474 2471 1074)
4(77 1073 2474 1074)
4(285 1074 2474 1537)
3(285 1537 1517)
4(2468 517 2472 1072)
4(2468 1073 2474 517)
4(2472 517 2474 1074)
4(1932 517 2468 1454)
4(2468 517 2475 1455)
4(159 1455 2475 815)
4(1932 1519 2472 517)
4(2476 517 2472 1520)
4(173 816 2476 1520)
3(2475 517 2474)
4(2474 517 2476 1537)
3(1537 2476 817)
4(285 1520 2476 1537)
4(2477 518 1947 1075)
4(1947 518 2478 1076)
4(78 1078 2477 1075)
4(78 1076 2478 1078)
4(1947 518 2376 1439)
4(1947 1440 2456 518)
4(269 1075 2477 1447)
4(282 1448 2478 1076)
4(1948 519 2479 1075)
4(2480 519 1948 1077)
4(2479 519 2480 1079)
4(78 1075 2479 1079)
4(78 1079 2480 1077)
4(1948 1442 2379 519)
4(1939 1443 1948 519)
4(2479 519 2379 1468)
3(2479 1960 519)
4(2480 1470 1939 519)
4(2480 519 1960 1472)
4(163 1470 2480 1472)
4(269 1468 2479 1075)
4(287 1077 2480 1470)
3(1472 2480 1079)
3(2477 1075 2479)
3(78 1078 1079)
4(2481 520 1949 1076)
4(1949 520 2482 1077)
4(2482 520 2481 1080)
4(78 1080 2481 1076)
4(78 1077 2482 1080)
4(1949 520 2461 1445)
4(1940 520 1949 1446)
4(2481 1525 2461 520)
4(2481 520 2021 1527)
4(175 1525 2481 1527)
4(2482 520 1940 1529)
4(2482 1530 2021 520)
4(176 1530 2482 1529)
4(282 1076 2481 1525)
4(287 1529 2482 1077)
4(289 1527 2481 1080)
4(289 1080 2482 1530)
4(2478 521 2481 1076)
4(2481 521 2483 1080)
4(78 1080 2483 1078)
4(2463 1525 2481 521)
4(2484 521 2481 1527)
4(175 814 2484 1527)
4(289 1535 2483 1080)
4(289 1527 2484 1535)
4(2480 1077 2482 522)
4(2480 522 2485 1079)
4(2485 522 2482 1080)
4(78 1079 2485 1080)
4(1941 1470 2480 522)
4(2486 522 2480 1472)
4(163 826 2486 1472)
4(1941 522 2482 1529)
4(2482 522 2487 1530)
4(176 1530 2487 827)
3(2486 2485 522)
4(2487 522 2485 1556)
3(829 2487 1556)
4(289 1080 2485 1556)
4(289 1556 2487 1530)
3(2483 2485 1080)
3(289 1535 1556)
3(159 1457 1455)
4(159 1457 2488 815)
4(2489 523 1952 1081)
4(1952 523 2490 1082)
4(2490 523 2489 1084)
4(79 1084 2489 1081)
4(79 1082 2490 1084)
4(1952 523 2390 1451)
4(1933 523 1952 1452)
4(2489 1462 2390 523)
4(2489 523 1956 1464)
4(161 1462 2489 1464)
4(2490 523 1933 1465)
4(2490 1467 1956 523)
4(162 1467 2490 1465)
4(271 1081 2489 1462)
4(286 1465 2490 1082)
4(290 1464 2489 1084)
4(290 1084 2490 1467)
3(1953 2491 1081)
4(79 1081 2491 1085)
3(79 1085 1083)
4(271 1474 2491 1081)
4(2489 1081 2491 524)
4(2489 524 2492 1084)
4(79 1084 2492 1085)
4(2393 1462 2489 524)
4(2493 524 2489 1464)
4(161 779 2493 1464)
4(290 1476 2492 1084)
4(290 1464 2493 1476)
4(2494 525 1954 1082)
4(1954 525 2495 1083)
4(2495 525 2494 1086)
4(79 1086 2494 1082)
4(79 1083 2495 1086)
4(1934 1456 1954 525)
4(1954 1457 2488 525)
4(2494 1538 1934 525)
4(2494 525 2026 1539)
4(178 1538 2494 1539)
3(2495 525 2488)
4(2495 1541 2026 525)
4(286 1082 2494 1538)
4(291 1539 2494 1086)
4(291 1086 2495 1541)
4(2490 526 2494 1082)
4(2496 526 2490 1084)
4(2494 526 2496 1086)
4(79 1086 2496 1084)
4(1935 526 2490 1465)
4(2490 526 2497 1467)
4(162 1467 2497 821)
4(1935 1538 2494 526)
4(2498 526 2494 1539)
4(178 822 2498 1539)
4(2497 526 2496 1549)
4(2498 1550 2496 526)
4(181 1549 2496 1550)
4(181 824 2497 1549)
4(181 1550 2498 824)
4(290 1084 2496 1549)
4(290 1549 2497 1467)
4(291 1550 2496 1086)
4(291 1539 2498 1550)
3(2499 2495 1086)
4(79 1085 2499 1086)
4(291 1086 2499 1562)
3(291 1562 1541)
4(2492 527 2496 1084)
4(2496 527 2499 1086)
4(2500 1549 2496 527)
4(2501 527 2496 1550)
4(181 1549 2500 832)
4(181 832 2501 1550)
4(290 1476 2500 1549)
4(291 1550 2501 1562)
4(2502 528 1957 1087)
4(1957 528 2503 1088)
4(2503 528 2502 1090)
4(80 1090 2502 1087)
4(80 1088 2503 1090)
4(1957 528 2402 1459)
4(1942 528 1957 1460)
4(2502 1469 2402 528)
3(2502 528 1961)
4(2503 528 1942 1471)
4(2503 1473 1961 528)
4(163 1473 2503 1471)
4(272 1087 2502 1469)
4(288 1471 2503 1088)
3(1090 2503 1473)
4(1958 529 2504 1087)
4(2505 529 1958 1089)
4(80 1087 2504 1091)
4(80 1091 2505 1089)
4(1958 1463 2404 529)
4(1958 529 2493 1464)
4(272 1475 2504 1087)
4(290 1089 2505 1476)
3(2502 1087 2504)
3(80 1090 1091)
4(2506 530 1959 1088)
4(1959 530 2507 1089)
4(2507 530 2506 1092)
4(80 1092 2506 1088)
4(80 1089 2507 1092)
4(1943 1466 1959 530)
4(1959 1467 2497 530)
4(2506 1546 1943 530)
4(2506 530 2031 1547)
4(180 1546 2506 1547)
4(2507 530 2497 1549)
4(2507 1551 2031 530)
4(181 1551 2507 1549)
4(288 1088 2506 1546)
4(290 1549 2507 1089)
4(292 1547 2506 1092)
4(292 1092 2507 1551)
4(2503 531 2506 1088)
4(2508 531 2503 1090)
4(2506 531 2508 1092)
4(80 1092 2508 1090)
4(1944 531 2503 1471)
4(2503 531 2509 1473)
4(163 1473 2509 826)
4(1944 1546 2506 531)
4(2510 531 2506 1547)
4(180 828 2510 1547)
3(2509 531 2508)
4(2510 1557 2508 531)
3(1557 2510 830)
4(292 1557 2508 1092)
4(292 1547 2510 1557)
4(2505 1089 2507 532)
4(2511 532 2507 1092)
4(80 1091 2511 1092)
4(2500 532 2507 1549)
4(2507 532 2512 1551)
4(181 1551 2512 832)
4(292 1092 2511 1563)
4(292 1563 2512 1551)
3(2508 2511 1092)
3(292 1557 1563)
3(167 1495 1494)
4(167 1494 2513 786)
4(167 786 2514 1495)
4(167 834 2515 1494)
4(167 1495 2516 834)
4(2517 533 1962 1093)
4(2518 533 2517 1096)
4(81 1096 2517 1093)
4(81 1094 2518 1096)
4(2517 1481 2419 533)
4(2517 533 1965 1483)
4(164 1481 2517 1483)
4(275 1093 2517 1481)
4(293 1483 2517 1096)
4(293 1096 2518 1484)
4(1963 534 2519 1093)
4(2520 534 1963 1095)
4(2519 534 2520 1097)
4(81 1093 2519 1097)
4(81 1097 2520 1095)
4(1963 1478 2421 534)
3(1963 534 2513)
4(2519 534 2421 1489)
4(2519 1490 1974 534)
4(165 1490 2519 1489)
4(2520 1494 2513 534)
4(2520 534 1974 1496)
4(167 1494 2520 1496)
4(275 1489 2519 1093)
3(1095 2520 1494)
4(294 1097 2519 1490)
4(294 1496 2520 1097)
4(2517 1093 2519 535)
4(2517 535 2521 1096)
4(2521 535 2519 1097)
4(81 1096 2521 1097)
4(2423 1481 2517 535)
4(2522 535 2517 1483)
4(164 789 2522 1483)
4(2423 535 2519 1489)
4(2519 535 1975 1490)
4(2522 1501 2521 535)
4(2521 1502 1975 535)
4(169 1502 2521 1501)
4(169 1501 2522 792)
4(293 1501 2521 1096)
4(293 1483 2522 1501)
4(294 1097 2521 1502)
3(2524 2523 1098)
4(81 1098 2523 1094)
4(81 1095 2524 1098)
4(295 1565 2523 1098)
4(295 1098 2524 1566)
4(2525 536 2518 1096)
4(2523 536 2525 1098)
4(81 1098 2525 1096)
4(2526 536 2525 1568)
4(2527 1569 2525 536)
4(184 1568 2525 1569)
4(184 833 2526 1568)
4(184 1569 2527 833)
4(293 1096 2525 1568)
4(293 1568 2526 1484)
4(295 1569 2525 1098)
4(295 1565 2527 1569)
4(2520 1095 2524 537)
4(2520 537 2528 1097)
4(2528 537 2524 1098)
4(81 1097 2528 1098)
4(2515 1494 2520 537)
4(1976 537 2520 1496)
3(2515 537 2524)
4(2524 537 2529 1566)
3(1566 2529 835)
4(2528 537 1976 1576)
4(2529 537 2528 1577)
4(185 1577 2528 1576)
4(185 837 2529 1577)
4(294 1576 2528 1097)
4(295 1098 2528 1577)
4(295 1577 2529 1566)
4(2521 538 2525 1096)
4(2521 1097 2528 538)
4(2525 538 2528 1098)
4(2530 538 2521 1501)
4(2521 538 1977 1502)
4(169 841 2530 1501)
4(2530 1568 2525 538)
4(2531 538 2525 1569)
4(184 1568 2530 842)
4(184 842 2531 1569)
4(1977 538 2528 1576)
4(2528 538 2531 1577)
4(185 1577 2531 843)
4(293 1501 2530 1568)
4(295 1569 2531 1577)
3(2532 1966 1099)
4(82 1102 2532 1099)
3(82 1100 1102)
4(277 1099 2532 1485)
4(1967 539 2533 1099)
4(2534 539 1967 1101)
4(2533 539 2534 1103)
4(82 1099 2533 1103)
4(82 1103 2534 1101)
4(1967 1482 2433 539)
4(1967 539 2522 1483)
4(2533 539 2433 1499)
4(2533 1500 1985 539)
4(168 1500 2533 1499)
4(2534 1501 2522 539)
4(2534 539 1985 1503)
4(169 1501 2534 1503)
4(277 1499 2533 1099)
4(293 1101 2534 1501)
4(296 1103 2533 1500)
4(296 1503 2534 1103)
4(2532 1099 2533 540)
4(2532 540 2535 1102)
4(2535 540 2533 1103)
4(82 1102 2535 1103)
4(2435 1485 2532 540)
3(2536 540 2532)
4(2435 540 2533 1499)
4(2533 540 1986 1500)
4(2536 1508 2535 540)
4(2535 1509 1986 540)
4(171 1509 2535 1508)
4(171 1508 2536 798)
3(1508 2535 1102)
4(296 1103 2535 1509)
4(1968 541 2538 1101)
4(2538 541 2537 1104)
4(82 1104 2537 1100)
4(82 1101 2538 1104)
4(2538 541 2526 1568)
4(2538 1570 2040 541)
4(184 1570 2538 1568)
4(293 1568 2538 1101)
4(297 1567 2537 1104)
4(297 1104 2538 1570)
3(2537 2539 1104)
4(82 1104 2539 1102)
4(297 1573 2539 1104)
3(297 1567 1573)
4(2534 1101 2538 542)
4(2534 542 2540 1103)
4(2540 542 2538 1104)
4(82 1103 2540 1104)
4(2530 1501 2534 542)
4(1987 542 2534 1503)
4(2530 542 2538 1568)
4(2538 542 2541 1570)
4(184 1570 2541 842)
4(2540 542 1987 1586)
4(2541 542 2540 1587)
4(188 1587 2540 1586)
4(188 844 2541 1587)
4(296 1586 2540 1103)
4(297 1104 2540 1587)
4(297 1587 2541 1570)
4(2535 543 2539 1102)
4(2535 1103 2540 543)
4(2539 543 2540 1104)
4(2542 543 2535 1508)
4(2535 543 1988 1509)
4(171 846 2542 1508)
3(2542 2539 543)
4(2543 543 2539 1573)
3(847 2543 1573)
4(1988 543 2540 1586)
4(2540 543 2543 1587)
4(188 1587 2543 848)
4(297 1573 2543 1587)
3(171 1508 1510)
4(171 846 2544 1510)
4(2545 544 1969 1105)
4(1969 544 2546 1106)
4(2546 544 2545 1108)
4(83 1108 2545 1105)
4(83 1106 2546 1108)
4(1969 544 2446 1486)
3(1969 2514 544)
4(2545 1492 2446 544)
4(2545 544 1978 1493)
4(166 1492 2545 1493)
4(2546 544 2514 1495)
4(2546 1497 1978 544)
4(167 1497 2546 1495)
4(280 1105 2545 1492)
3(1495 2546 1106)
4(298 1493 2545 1108)
4(298 1108 2546 1497)
4(1970 545 2547 1105)
4(2547 545 2548 1109)
4(83 1105 2547 1109)
4(83 1109 2548 1107)
4(2547 545 2449 1514)
4(2547 1516 1998 545)
4(172 1516 2547 1514)
4(280 1514 2547 1105)
4(299 1109 2547 1516)
4(299 1518 2548 1109)
4(2545 1105 2547 546)
4(2545 546 2549 1108)
4(2549 546 2547 1109)
4(83 1108 2549 1109)
4(2451 1492 2545 546)
4(1979 546 2545 1493)
4(2451 546 2547 1514)
4(2547 546 2550 1516)
4(172 1516 2550 803)
4(2549 546 1979 1522)
4(2550 546 2549 1523)
4(174 1523 2549 1522)
4(174 805 2550 1523)
4(298 1522 2549 1108)
4(299 1109 2549 1523)
4(299 1523 2550 1516)
3(2552 2551 1110)
4(83 1110 2551 1106)
4(83 1107 2552 1110)
4(300 1574 2551 1110)
4(300 1110 2552 1575)
4(2546 547 2551 1106)
4(2553 547 2546 1108)
4(2551 547 2553 1110)
4(83 1110 2553 1108)
4(2516 547 2546 1495)
4(2546 547 1980 1497)
3(2516 2551 547)
4(2554 547 2551 1574)
3(836 2554 1574)
4(2553 1579 1980 547)
4(2554 1580 2553 547)
4(186 1579 2553 1580)
4(186 1580 2554 838)
4(298 1108 2553 1579)
4(300 1580 2553 1110)
4(300 1574 2554 1580)
4(2548 548 2555 1109)
4(2555 548 2552 1110)
4(83 1109 2555 1110)
4(2556 1601 2555 548)
4(2557 548 2555 1602)
4(192 1602 2555 1601)
4(192 1601 2556 852)
4(192 852 2557 1602)
4(299 1601 2555 1109)
4(299 1518 2556 1601)
4(300 1110 2555 1602)
4(300 1602 2557 1575)
4(2549 549 2553 1108)
4(2549 1109 2555 549)
4(2553 549 2555 1110)
4(1981 549 2549 1522)
4(2549 549 2558 1523)
4(174 1523 2558 854)
4(1981 1579 2553 549)
4(2559 549 2553 1580)
4(186 855 2559 1580)
4(2558 549 2555 1601)
4(2555 549 2559 1602)
4(192 856 2558 1601)
4(192 1602 2559 856)
4(299 1601 2558 1523)
4(300 1580 2559 1602)
3(2560 1994 1111)
4(84 1114 2560 1111)
3(84 1112 1114)
4(283 1111 2560 1512)
4(1995 550 2561 1111)
4(2562 550 1995 1113)
4(2561 550 2562 1115)
4(84 1111 2561 1115)
4(84 1115 2562 1113)
4(1995 1506 2462 550)
4(1989 1507 1995 550)
4(2561 550 2462 1526)
4(2561 1528 2022 550)
4(175 1528 2561 1526)
4(2562 1532 1989 550)
4(2562 550 2022 1533)
4(177 1532 2562 1533)
4(283 1526 2561 1111)
4(301 1113 2562 1532)
4(302 1115 2561 1528)
4(302 1533 2562 1115)
4(2560 1111 2561 551)
4(2563 551 2561 1115)
4(84 1114 2563 1115)
4(2464 551 2561 1526)
4(2561 551 2564 1528)
4(175 1528 2564 814)
4(302 1115 2563 1536)
4(302 1536 2564 1528)
4(2565 552 1996 1112)
4(1996 552 2566 1113)
4(2566 552 2565 1116)
4(84 1116 2565 1112)
4(84 1113 2566 1116)
4(1996 552 2544 1510)
4(1990 552 1996 1511)
3(2565 2544 552)
4(2565 552 2068 1592)
4(2566 552 1990 1593)
4(2566 1594 2068 552)
4(190 1594 2566 1593)
4(301 1593 2566 1113)
4(303 1592 2565 1116)
4(303 1116 2566 1594)
3(2565 2567 1116)
4(84 1116 2567 1114)
4(303 1600 2567 1116)
3(303 1592 1600)
4(2562 1113 2566 553)
4(2562 553 2568 1115)
4(2568 553 2566 1116)
4(84 1115 2568 1116)
4(1991 1532 2562 553)
4(2569 553 2562 1533)
4(177 862 2569 1533)
4(1991 553 2566 1593)
4(2566 553 2570 1594)
4(190 1594 2570 863)
4(2569 1613 2568 553)
4(2570 553 2568 1614)
4(195 1614 2568 1613)
4(195 1613 2569 864)
4(195 864 2570 1614)
4(302 1613 2568 1115)
4(302 1533 2569 1613)
4(303 1116 2568 1614)
4(303 1614 2570 1594)
4(2563 1115 2568 554)
4(2567 554 2568 1116)
4(2571 554 2568 1613)
4(2568 554 2572 1614)
4(195 867 2571 1613)
4(195 1614 2572 867)
4(302 1613 2571 1536)
4(303 1600 2572 1614)
4(2573 555 1999 1117)
4(1999 555 2574 1118)
4(2574 555 2573 1120)
4(85 1120 2573 1117)
4(85 1118 2574 1120)
4(1999 555 2473 1515)
4(1999 1516 2550 555)
4(2573 1520 2473 555)
4(2573 555 2005 1521)
4(173 1520 2573 1521)
4(2574 555 2550 1523)
4(2574 1524 2005 555)
4(174 1524 2574 1523)
4(285 1117 2573 1520)
4(299 1523 2574 1118)
4(304 1521 2573 1120)
4(304 1120 2574 1524)
3(2000 2575 1117)
4(85 1117 2575 1121)
3(85 1121 1119)
4(285 1537 2575 1117)
4(2573 1117 2575 556)
4(2573 556 2576 1120)
4(2576 556 2575 1121)
4(85 1120 2576 1121)
4(2476 1520 2573 556)
4(2006 556 2573 1521)
4(2476 556 2575 1537)
3(2575 556 2577)
4(2576 556 2006 1542)
4(2577 556 2576 1543)
4(179 1543 2576 1542)
4(179 820 2577 1543)
4(304 1542 2576 1120)
3(1121 2576 1543)
4(2578 557 2001 1118)
4(2579 557 2578 1122)
4(85 1122 2578 1118)
4(85 1119 2579 1122)
4(2578 1601 2556 557)
4(2578 557 2073 1603)
4(192 1601 2578 1603)
4(299 1118 2578 1601)
4(305 1603 2578 1122)
4(305 1122 2579 1605)
4(2574 558 2578 1118)
4(2580 558 2574 1120)
4(2578 558 2580 1122)
4(85 1122 2580 1120)
4(2558 558 2574 1523)
4(2574 558 2007 1524)
4(2558 1601 2578 558)
4(2581 558 2578 1603)
4(192 856 2581 1603)
4(2580 1607 2007 558)
4(2581 1608 2580 558)
4(193 1607 2580 1608)
4(193 1608 2581 857)
4(304 1120 2580 1607)
4(305 1608 2580 1122)
4(305 1603 2581 1608)
3(2582 2579 1122)
4(85 1121 2582 1122)
4(305 1122 2582 1625)
3(305 1625 1605)
4(2576 559 2580 1120)
4(2576 1121 2582 559)
4(2580 559 2582 1122)
4(2008 559 2576 1542)
4(2576 559 2583 1543)
4(179 1543 2583 868)
4(2008 1607 2580 559)
4(2584 559 2580 1608)
4(193 869 2584 1608)
3(2583 559 2582)
4(2582 559 2584 1625)
3(1625 2584 870)
4(305 1608 2584 1625)
4(2585 560 2023 1123)
4(2023 560 2586 1124)
4(86 1126 2585 1123)
4(86 1124 2586 1126)
4(2023 560 2484 1527)
4(2023 1528 2564 560)
4(289 1123 2585 1535)
4(302 1536 2586 1124)
4(2024 561 2587 1123)
4(2588 561 2024 1125)
4(2587 561 2588 1127)
4(86 1123 2587 1127)
4(86 1127 2588 1125)
4(2024 1530 2487 561)
4(2015 1531 2024 561)
4(2587 561 2487 1556)
3(2587 2036 561)
4(2588 1558 2015 561)
4(2588 561 2036 1560)
4(183 1558 2588 1560)
4(289 1556 2587 1123)
4(307 1125 2588 1558)
3(1560 2588 1127)
3(2585 1123 2587)
3(86 1126 1127)
4(2589 562 2025 1124)
4(2025 562 2590 1125)
4(2590 562 2589 1128)
4(86 1128 2589 1124)
4(86 1125 2590 1128)
4(2025 562 2569 1533)
4(2016 562 2025 1534)
4(2589 1613 2569 562)
4(2589 562 2097 1615)
4(195 1613 2589 1615)
4(2590 562 2016 1617)
4(2590 1618 2097 562)
4(196 1618 2590 1617)
4(302 1124 2589 1613)
4(307 1617 2590 1125)
4(309 1615 2589 1128)
4(309 1128 2590 1618)
4(2586 563 2589 1124)
4(2589 563 2591 1128)
4(86 1128 2591 1126)
4(2571 1613 2589 563)
4(2592 563 2589 1615)
4(195 867 2592 1615)
4(309 1623 2591 1128)
4(309 1615 2592 1623)
4(2588 1125 2590 564)
4(2588 564 2593 1127)
4(2593 564 2590 1128)
4(86 1127 2593 1128)
4(2017 1558 2588 564)
4(2594 564 2588 1560)
4(183 879 2594 1560)
4(2017 564 2590 1617)
4(2590 564 2595 1618)
4(196 1618 2595 880)
3(2594 2593 564)
4(2595 564 2593 1644)
3(882 2595 1644)
4(309 1128 2593 1644)
4(309 1644 2595 1618)
3(2591 2593 1128)
3(309 1623 1644)
3(179 1545 1543)
4(179 1545 2596 868)
4(2597 565 2028 1129)
4(2028 565 2598 1130)
4(2598 565 2597 1132)
4(87 1132 2597 1129)
4(87 1130 2598 1132)
4(2028 565 2498 1539)
4(2009 565 2028 1540)
4(2597 1550 2498 565)
4(2597 565 2032 1552)
4(181 1550 2597 1552)
4(2598 565 2009 1553)
4(2598 1555 2032 565)
4(182 1555 2598 1553)
4(291 1129 2597 1550)
4(306 1553 2598 1130)
4(310 1552 2597 1132)
4(310 1132 2598 1555)
3(2029 2599 1129)
4(87 1129 2599 1133)
3(87 1133 1131)
4(291 1562 2599 1129)
4(2597 1129 2599 566)
4(2597 566 2600 1132)
4(87 1132 2600 1133)
4(2501 1550 2597 566)
4(2601 566 2597 1552)
4(181 832 2601 1552)
4(310 1564 2600 1132)
4(310 1552 2601 1564)
4(2602 567 2030 1130)
4(2030 567 2603 1131)
4(2603 567 2602 1134)
4(87 1134 2602 1130)
4(87 1131 2603 1134)
4(2010 1544 2030 567)
4(2030 1545 2596 567)
4(2602 1626 2010 567)
4(2602 567 2102 1627)
4(198 1626 2602 1627)
3(2603 567 2596)
4(2603 1629 2102 567)
4(306 1130 2602 1626)
4(311 1627 2602 1134)
4(311 1134 2603 1629)
4(2598 568 2602 1130)
4(2604 568 2598 1132)
4(2602 568 2604 1134)
4(87 1134 2604 1132)
4(2011 568 2598 1553)
4(2598 568 2605 1555)
4(182 1555 2605 874)
4(2011 1626 2602 568)
4(2606 568 2602 1627)
4(198 875 2606 1627)
4(2605 568 2604 1637)
4(2606 1638 2604 568)
4(201 1637 2604 1638)
4(201 877 2605 1637)
4(201 1638 2606 877)
4(310 1132 2604 1637)
4(310 1637 2605 1555)
4(311 1638 2604 1134)
4(311 1627 2606 1638)
3(2607 2603 1134)
4(87 1133 2607 1134)
4(311 1134 2607 1650)
3(311 1650 1629)
4(2600 569 2604 1132)
4(2604 569 2607 1134)
4(2608 1637 2604 569)
4(2609 569 2604 1638)
4(201 1637 2608 885)
4(201 885 2609 1638)
4(310 1564 2608 1637)
4(311 1638 2609 1650)
4(2610 570 2033 1135)
4(2033 570 2611 1136)
4(2611 570 2610 1138)
4(88 1138 2610 1135)
4(88 1136 2611 1138)
4(2033 570 2510 1547)
4(2018 570 2033 1548)
4(2610 1557 2510 570)
3(2610 570 2037)
4(2611 570 2018 1559)
4(2611 1561 2037 570)
4(183 1561 2611 1559)
4(292 1135 2610 1557)
4(308 1559 2611 1136)
3(1138 2611 1561)
4(2034 571 2612 1135)
4(2613 571 2034 1137)
4(88 1135 2612 1139)
4(88 1139 2613 1137)
4(2034 1551 2512 571)
4(2034 571 2601 1552)
4(292 1563 2612 1135)
4(310 1137 2613 1564)
3(2610 1135 2612)
3(88 1138 1139)
4(2614 572 2035 1136)
4(2035 572 2615 1137)
4(2615 572 2614 1140)
4(88 1140 2614 1136)
4(88 1137 2615 1140)
4(2019 1554 2035 572)
4(2035 1555 2605 572)
4(2614 1634 2019 572)
4(2614 572 2107 1635)
4(200 1634 2614 1635)
4(2615 572 2605 1637)
4(2615 1639 2107 572)
4(201 1639 2615 1637)
4(308 1136 2614 1634)
4(310 1637 2615 1137)
4(312 1635 2614 1140)
4(312 1140 2615 1639)
4(2611 573 2614 1136)
4(2616 573 2611 1138)
4(2614 573 2616 1140)
4(88 1140 2616 1138)
4(2020 573 2611 1559)
4(2611 573 2617 1561)
4(183 1561 2617 879)
4(2020 1634 2614 573)
4(2618 573 2614 1635)
4(200 881 2618 1635)
3(2617 573 2616)
4(2618 1645 2616 573)
3(1645 2618 883)
4(312 1645 2616 1140)
4(312 1635 2618 1645)
4(2613 1137 2615 574)
4(2619 574 2615 1140)
4(88 1139 2619 1140)
4(2608 574 2615 1637)
4(2615 574 2620 1639)
4(201 1639 2620 885)
4(312 1140 2619 1651)
4(312 1651 2620 1639)
3(2616 2619 1140)
3(312 1645 1651)
3(187 1583 1582)
4(187 1582 2621 839)
4(187 839 2622 1583)
4(187 887 2623 1582)
4(187 1583 2624 887)
4(2625 575 2038 1141)
4(2626 575 2625 1144)
4(89 1144 2625 1141)
4(89 1142 2626 1144)
4(2625 1569 2527 575)
4(2625 575 2041 1571)
4(184 1569 2625 1571)
4(295 1141 2625 1569)
4(313 1571 2625 1144)
4(313 1144 2626 1572)
4(2039 576 2627 1141)
4(2628 576 2039 1143)
4(2627 576 2628 1145)
4(89 1141 2627 1145)
4(89 1145 2628 1143)
4(2039 1566 2529 576)
3(2039 576 2621)
4(2627 576 2529 1577)
4(2627 1578 2050 576)
4(185 1578 2627 1577)
4(2628 1582 2621 576)
4(2628 576 2050 1584)
4(187 1582 2628 1584)
4(295 1577 2627 1141)
3(1143 2628 1582)
4(314 1145 2627 1578)
4(314 1584 2628 1145)
4(2625 1141 2627 577)
4(2625 577 2629 1144)
4(2629 577 2627 1145)
4(89 1144 2629 1145)
4(2531 1569 2625 577)
4(2630 577 2625 1571)
4(184 842 2630 1571)
4(2531 577 2627 1577)
4(2627 577 2051 1578)
4(2630 1589 2629 577)
4(2629 1590 2051 577)
4(189 1590 2629 1589)
4(189 1589 2630 845)
4(313 1589 2629 1144)
4(313 1571 2630 1589)
4(314 1145 2629 1590)
3(2632 2631 1146)
4(89 1146 2631 1142)
4(89 1143 2632 1146)
4(315 1653 2631 1146)
4(315 1146 2632 1654)
4(2633 578 2626 1144)
4(2631 578 2633 1146)
4(89 1146 2633 1144)
4(2634 578 2633 1656)
4(2635 1657 2633 578)
4(204 1656 2633 1657)
4(204 886 2634 1656)
4(204 1657 2635 886)
4(313 1144 2633 1656)
4(313 1656 2634 1572)
4(315 1657 2633 1146)
4(315 1653 2635 1657)
4(2628 1143 2632 579)
4(2628 579 2636 1145)
4(2636 579 2632 1146)
4(89 1145 2636 1146)
4(2623 1582 2628 579)
4(2052 579 2628 1584)
3(2623 579 2632)
4(2632 579 2637 1654)
4(2636 579 2052 1664)
4(2637 579 2636 1665)
4(205 1665 2636 1664)
4(314 1664 2636 1145)
4(315 1146 2636 1665)
4(2629 580 2633 1144)
4(2629 1145 2636 580)
4(2633 580 2636 1146)
4(2638 580 2629 1589)
4(2629 580 2053 1590)
4(189 893 2638 1589)
4(2638 1656 2633 580)
4(2639 580 2633 1657)
4(204 1656 2638 894)
4(204 894 2639 1657)
4(2053 580 2636 1664)
4(2636 580 2639 1665)
4(205 1665 2639 895)
4(313 1589 2638 1656)
4(315 1657 2639 1665)
3(2640 2042 1147)
4(90 1150 2640 1147)
3(90 1148 1150)
4(297 1147 2640 1573)
4(2043 581 2641 1147)
4(2642 581 2043 1149)
4(2641 581 2642 1151)
4(90 1147 2641 1151)
4(90 1151 2642 1149)
4(2043 1570 2541 581)
4(2043 581 2630 1571)
4(2641 581 2541 1587)
4(2641 1588 2061 581)
4(188 1588 2641 1587)
4(2642 1589 2630 581)
4(2642 581 2061 1591)
4(189 1589 2642 1591)
4(297 1587 2641 1147)
4(313 1149 2642 1589)
4(316 1151 2641 1588)
4(316 1591 2642 1151)
4(2640 1147 2641 582)
4(2640 582 2643 1150)
4(2643 582 2641 1151)
4(90 1150 2643 1151)
4(2543 1573 2640 582)
3(2644 582 2640)
4(2543 582 2641 1587)
4(2641 582 2062 1588)
4(2644 1596 2643 582)
4(2643 1597 2062 582)
4(191 1597 2643 1596)
4(191 1596 2644 851)
3(1596 2643 1150)
4(316 1151 2643 1597)
4(2044 583 2646 1149)
4(2646 583 2645 1152)
4(90 1152 2645 1148)
4(90 1149 2646 1152)
4(2646 583 2634 1656)
4(2646 1658 2115 583)
4(204 1658 2646 1656)
4(313 1656 2646 1149)
4(317 1655 2645 1152)
4(317 1152 2646 1658)
3(2645 2647 1152)
4(90 1152 2647 1150)
4(317 1661 2647 1152)
3(317 1655 1661)
4(2642 1149 2646 584)
4(2642 584 2648 1151)
4(2648 584 2646 1152)
4(90 1151 2648 1152)
4(2638 1589 2642 584)
4(2063 584 2642 1591)
4(2638 584 2646 1656)
4(2646 584 2649 1658)
4(204 1658 2649 894)
4(2648 584 2063 1669)
4(2649 584 2648 1670)
4(207 1670 2648 1669)
4(207 896 2649 1670)
4(316 1669 2648 1151)
4(317 1152 2648 1670)
4(317 1670 2649 1658)
4(2643 585 2647 1150)
4(2643 1151 2648 585)
4(2647 585 2648 1152)
4(2650 585 2643 1596)
4(2643 585 2064 1597)
4(191 898 2650 1596)
3(2650 2647 585)
4(2651 585 2647 1661)
3(899 2651 1661)
4(2064 585 2648 1669)
4(2648 585 2651 1670)
4(207 1670 2651 900)
4(317 1661 2651 1670)
3(191 1596 1598)
4(191 898 2652 1598)
4(2653 586 2045 1153)
4(2045 586 2654 1154)
4(2654 586 2653 1156)
4(91 1156 2653 1153)
4(91 1154 2654 1156)
4(2045 586 2554 1574)
3(2045 2622 586)
4(2653 1580 2554 586)
4(2653 586 2054 1581)
4(186 1580 2653 1581)
4(2654 586 2622 1583)
4(2654 1585 2054 586)
4(187 1585 2654 1583)
4(300 1153 2653 1580)
3(1583 2654 1154)
4(318 1581 2653 1156)
4(318 1156 2654 1585)
4(2046 587 2655 1153)
4(2655 587 2656 1157)
4(91 1153 2655 1157)
4(91 1157 2656 1155)
4(2655 587 2557 1602)
4(2655 1604 2074 587)
4(192 1604 2655 1602)
4(300 1602 2655 1153)
4(319 1157 2655 1604)
4(319 1606 2656 1157)
4(2653 1153 2655 588)
4(2653 588 2657 1156)
4(2657 588 2655 1157)
4(91 1156 2657 1157)
4(2559 1580 2653 588)
4(2055 588 2653 1581)
4(2559 588 2655 1602)
4(2655 588 2658 1604)
4(192 1604 2658 856)
4(2657 588 2055 1610)
4(2658 588 2657 1611)
4(194 1611 2657 1610)
4(194 858 2658 1611)
4(318 1610 2657 1156)
4(319 1157 2657 1611)
4(319 1611 2658 1604)
3(2660 2659 1158)
4(91 1158 2659 1154)
4(91 1155 2660 1158)
4(320 1662 2659 1158)
4(320 1158 2660 1663)
4(2654 589 2659 1154)
4(2661 589 2654 1156)
4(2659 589 2661 1158)
4(91 1158 2661 1156)
4(2624 589 2654 1583)
4(2654 589 2056 1585)
3(2624 2659 589)
4(2662 589 2659 1662)
4(2661 1667 2056 589)
4(2662 1668 2661 589)
4(206 1667 2661 1668)
4(318 1156 2661 1667)
4(320 1668 2661 1158)
4(2656 590 2663 1157)
4(2663 590 2660 1158)
4(91 1157 2663 1158)
4(2664 1684 2663 590)
4(2665 590 2663 1685)
4(211 1685 2663 1684)
4(211 1684 2664 904)
4(319 1684 2663 1157)
4(319 1606 2664 1684)
4(320 1158 2663 1685)
4(2657 591 2661 1156)
4(2657 1157 2663 591)
4(2661 591 2663 1158)
4(2057 591 2657 1610)
4(2657 591 2666 1611)
4(194 1611 2666 906)
4(2057 1667 2661 591)
4(2667 591 2661 1668)
4(2666 591 2663 1684)
4(2663 591 2667 1685)
4(211 908 2666 1684)
4(319 1684 2666 1611)
3(2668 2070 1159)
4(92 1162 2668 1159)
3(92 1160 1162)
4(303 1159 2668 1600)
4(2071 592 2669 1159)
4(2670 592 2071 1161)
4(2669 592 2670 1163)
4(92 1159 2669 1163)
4(92 1163 2670 1161)
4(2071 1594 2570 592)
4(2065 1595 2071 592)
4(2669 592 2570 1614)
4(2669 1616 2098 592)
4(195 1616 2669 1614)
4(2670 1620 2065 592)
4(2670 592 2098 1621)
4(197 1620 2670 1621)
4(303 1614 2669 1159)
4(321 1161 2670 1620)
4(322 1163 2669 1616)
4(322 1621 2670 1163)
4(2668 1159 2669 593)
4(2671 593 2669 1163)
4(92 1162 2671 1163)
4(2572 593 2669 1614)
4(2669 593 2672 1616)
4(195 1616 2672 867)
4(322 1163 2671 1624)
4(322 1624 2672 1616)
4(2673 594 2072 1160)
4(2072 594 2674 1161)
4(2674 594 2673 1164)
4(92 1164 2673 1160)
4(92 1161 2674 1164)
4(2072 594 2652 1598)
4(2066 594 2072 1599)
3(2673 2652 594)
4(2673 594 2128 1675)
4(2674 594 2066 1676)
4(2674 1677 2128 594)
4(209 1677 2674 1676)
4(321 1676 2674 1161)
4(323 1675 2673 1164)
4(323 1164 2674 1677)
3(2673 2675 1164)
4(92 1164 2675 1162)
4(323 1683 2675 1164)
3(323 1675 1683)
4(2670 1161 2674 595)
4(2670 595 2676 1163)
4(2676 595 2674 1164)
4(92 1163 2676 1164)
4(2067 1620 2670 595)
4(2677 595 2670 1621)
4(197 913 2677 1621)
4(2067 595 2674 1676)
4(2674 595 2678 1677)
4(209 1677 2678 914)
4(2677 1690 2676 595)
4(2678 595 2676 1691)
4(213 1691 2676 1690)
4(213 1690 2677 915)
4(213 915 2678 1691)
4(322 1690 2676 1163)
4(322 1621 2677 1690)
4(323 1164 2676 1691)
4(323 1691 2678 1677)
4(2671 1163 2676 596)
4(2675 596 2676 1164)
4(2679 596 2676 1690)
4(2676 596 2680 1691)
4(213 918 2679 1690)
4(213 1691 2680 918)
4(322 1690 2679 1624)
4(323 1683 2680 1691)
4(2681 597 2075 1165)
4(2075 597 2682 1166)
4(2682 597 2681 1168)
4(93 1168 2681 1165)
4(93 1166 2682 1168)
4(2075 597 2581 1603)
4(2075 1604 2658 597)
4(2681 1608 2581 597)
4(2681 597 2081 1609)
4(193 1608 2681 1609)
4(2682 597 2658 1611)
4(2682 1612 2081 597)
4(194 1612 2682 1611)
4(305 1165 2681 1608)
4(319 1611 2682 1166)
4(324 1609 2681 1168)
4(324 1168 2682 1612)
3(2076 2683 1165)
4(93 1165 2683 1169)
3(93 1169 1167)
4(305 1625 2683 1165)
4(2681 1165 2683 598)
4(2681 598 2684 1168)
4(2684 598 2683 1169)
4(93 1168 2684 1169)
4(2584 1608 2681 598)
4(2082 598 2681 1609)
4(2584 598 2683 1625)
3(2683 598 2685)
4(2684 598 2082 1630)
4(2685 598 2684 1631)
4(199 1631 2684 1630)
4(199 873 2685 1631)
4(324 1630 2684 1168)
3(1169 2684 1631)
4(2686 599 2077 1166)
4(2687 599 2686 1170)
4(93 1170 2686 1166)
4(93 1167 2687 1170)
4(2686 1684 2664 599)
4(2686 599 2133 1686)
4(211 1684 2686 1686)
4(319 1166 2686 1684)
4(325 1686 2686 1170)
4(325 1170 2687 1687)
4(2682 600 2686 1166)
4(2688 600 2682 1168)
4(2686 600 2688 1170)
4(93 1170 2688 1168)
4(2666 600 2682 1611)
4(2682 600 2083 1612)
4(2666 1684 2686 600)
4(2689 600 2686 1686)
4(2688 1688 2083 600)
4(2689 1689 2688 600)
4(212 1688 2688 1689)
4(324 1168 2688 1688)
4(325 1689 2688 1170)
3(2690 2687 1170)
4(93 1169 2690 1170)
4(325 1170 2690 1702)
4(2684 601 2688 1168)
4(2684 1169 2690 601)
4(2688 601 2690 1170)
4(2084 601 2684 1630)
4(2684 601 2691 1631)
4(199 1631 2691 919)
4(2084 1688 2688 601)
4(2692 601 2688 1689)
3(2691 601 2690)
4(2690 601 2692 1702)
4(2693 602 2099 1171)
4(2099 602 2694 1172)
4(94 1174 2693 1171)
4(94 1172 2694 1174)
4(2099 602 2592 1615)
4(2099 1616 2672 602)
4(309 1171 2693 1623)
4(322 1624 2694 1172)
4(2100 603 2695 1171)
4(2696 603 2100 1173)
4(2695 603 2696 1175)
4(94 1171 2695 1175)
4(94 1175 2696 1173)
4(2100 1618 2595 603)
4(2091 1619 2100 603)
4(2695 603 2595 1644)
3(2695 2112 603)
4(2696 1646 2091 603)
4(2696 603 2112 1648)
4(203 1646 2696 1648)
4(309 1644 2695 1171)
4(327 1173 2696 1646)
3(1648 2696 1175)
3(2693 1171 2695)
3(94 1174 1175)
4(2697 604 2101 1172)
4(2101 604 2698 1173)
4(2698 604 2697 1176)
4(94 1176 2697 1172)
4(94 1173 2698 1176)
4(2101 604 2677 1621)
4(2092 604 2101 1622)
4(2697 1690 2677 604)
4(2697 604 2139 1692)
4(213 1690 2697 1692)
4(2698 604 2092 1694)
4(2698 1695 2139 604)
4(214 1695 2698 1694)
4(322 1172 2697 1690)
4(327 1694 2698 1173)
4(329 1692 2697 1176)
4(329 1176 2698 1695)
4(2694 605 2697 1172)
4(2697 605 2699 1176)
4(94 1176 2699 1174)
4(2679 1690 2697 605)
4(2700 605 2697 1692)
4(213 918 2700 1692)
4(329 1700 2699 1176)
4(329 1692 2700 1700)
4(2696 1173 2698 606)
4(2696 606 2701 1175)
4(2701 606 2698 1176)
4(94 1175 2701 1176)
4(2093 1646 2696 606)
4(2702 606 2696 1648)
4(203 929 2702 1648)
4(2093 606 2698 1694)
4(2698 606 2703 1695)
4(214 1695 2703 930)
3(2702 2701 606)
4(2703 606 2701 1715)
3(932 2703 1715)
4(329 1176 2701 1715)
4(329 1715 2703 1695)
3(2699 2701 1176)
3(329 1700 1715)
3(199 1633 1631)
4(199 1633 2704 919)
4(2705 607 2104 1177)
4(2104 607 2706 1178)
4(2706 607 2705 1180)
4(95 1180 2705 1177)
4(95 1178 2706 1180)
4(2104 607 2606 1627)
4(2085 607 2104 1628)
4(2705 1638 2606 607)
4(2705 607 2108 1640)
4(201 1638 2705 1640)
4(2706 607 2085 1641)
4(2706 1643 2108 607)
4(202 1643 2706 1641)
4(311 1177 2705 1638)
4(326 1641 2706 1178)
4(330 1640 2705 1180)
4(330 1180 2706 1643)
3(2105 2707 1177)
4(95 1177 2707 1181)
3(95 1181 1179)
4(311 1650 2707 1177)
4(2705 1177 2707 608)
4(2705 608 2708 1180)
4(95 1180 2708 1181)
4(2609 1638 2705 608)
4(2709 608 2705 1640)
4(201 885 2709 1640)
4(330 1652 2708 1180)
4(330 1640 2709 1652)
4(2710 609 2106 1178)
4(2106 609 2711 1179)
4(2711 609 2710 1182)
4(95 1182 2710 1178)
4(95 1179 2711 1182)
4(2086 1632 2106 609)
4(2106 1633 2704 609)
4(2710 1703 2086 609)
4(2710 609 2144 1704)
4(216 1703 2710 1704)
3(2711 609 2704)
4(2711 1705 2144 609)
4(326 1178 2710 1703)
4(331 1704 2710 1182)
4(331 1182 2711 1705)
4(2706 610 2710 1178)
4(2712 610 2706 1180)
4(2710 610 2712 1182)
4(95 1182 2712 1180)
4(2087 610 2706 1641)
4(2706 610 2713 1643)
4(202 1643 2713 924)
4(2087 1703 2710 610)
4(2714 610 2710 1704)
4(2713 610 2712 1709)
4(2714 1710 2712 610)
4(218 1709 2712 1710)
4(218 927 2713 1709)
4(330 1180 2712 1709)
4(330 1709 2713 1643)
4(331 1710 2712 1182)
3(2715 2711 1182)
4(95 1181 2715 1182)
4(331 1182 2715 1721)
4(2708 611 2712 1180)
4(2712 611 2715 1182)
4(2716 1709 2712 611)
4(2717 611 2712 1710)
4(218 1709 2716 935)
4(330 1652 2716 1709)
4(2718 612 2109 1183)
4(2109 612 2719 1184)
4(2719 612 2718 1186)
4(96 1186 2718 1183)
4(96 1184 2719 1186)
4(2109 612 2618 1635)
4(2094 612 2109 1636)
4(2718 1645 2618 612)
3(2718 612 2113)
4(2719 612 2094 1647)
4(2719 1649 2113 612)
4(203 1649 2719 1647)
4(312 1183 2718 1645)
4(328 1647 2719 1184)
3(1186 2719 1649)
4(2110 613 2720 1183)
4(2721 613 2110 1185)
4(96 1183 2720 1187)
4(96 1187 2721 1185)
4(2110 1639 2620 613)
4(2110 613 2709 1640)
4(312 1651 2720 1183)
4(330 1185 2721 1652)
3(2718 1183 2720)
3(96 1186 1187)
4(2722 614 2111 1184)
4(2111 614 2723 1185)
4(2723 614 2722 1188)
4(96 1188 2722 1184)
4(96 1185 2723 1188)
4(2095 1642 2111 614)
4(2111 1643 2713 614)
4(2722 1706 2095 614)
4(2722 614 2145 1707)
4(217 1706 2722 1707)
4(2723 614 2713 1709)
4(2723 1711 2145 614)
4(218 1711 2723 1709)
4(328 1184 2722 1706)
4(330 1709 2723 1185)
4(332 1707 2722 1188)
4(332 1188 2723 1711)
4(2719 615 2722 1184)
4(2724 615 2719 1186)
4(2722 615 2724 1188)
4(96 1188 2724 1186)
4(2096 615 2719 1647)
4(2719 615 2725 1649)
4(203 1649 2725 929)
4(2096 1706 2722 615)
4(2726 615 2722 1707)
4(217 931 2726 1707)
3(2725 615 2724)
4(2726 1716 2724 615)
3(1716 2726 933)
4(332 1716 2724 1188)
4(332 1707 2726 1716)
4(2721 1185 2723 616)
4(2727 616 2723 1188)
4(96 1187 2727 1188)
4(2716 616 2723 1709)
4(2723 616 2728 1711)
4(218 1711 2728 935)
4(332 1188 2727 1722)
4(332 1722 2728 1711)
3(2724 2727 1188)
3(332 1716 1722)
4(2729 617 2114 1189)
4(2730 617 2729 1191)
4(97 1191 2729 1189)
4(2729 1657 2635 617)
4(2729 617 2116 1659)
4(204 1657 2729 1659)
4(315 1189 2729 1657)
4(333 1659 2729 1191)
4(2729 1189 2731 618)
4(2729 618 2732 1191)
4(2732 618 2731 1192)
4(2639 1657 2729 618)
4(2733 618 2729 1659)
4(204 894 2733 1659)
4(2639 618 2731 1665)
4(2731 618 2122 1666)
4(2733 1672 2732 618)
4(2732 1673 2122 618)
4(208 1672 2733 897)
4(333 1659 2733 1672)
3(2734 2117 1193)
4(98 1196 2734 1193)
4(317 1193 2734 1661)
4(2118 619 2735 1193)
4(2736 619 2118 1195)
4(2735 619 2736 1197)
4(98 1193 2735 1197)
4(2118 1658 2649 619)
4(2118 619 2733 1659)
4(2735 619 2649 1670)
4(2735 1671 2125 619)
4(207 1671 2735 1670)
4(2736 1672 2733 619)
4(2736 619 2125 1674)
4(317 1670 2735 1193)
4(335 1197 2735 1671)
4(2734 1193 2735 620)
4(2734 620 2737 1196)
4(2737 620 2735 1197)
4(2651 1661 2734 620)
3(2738 620 2734)
4(2651 620 2735 1670)
4(2735 620 2126 1671)
4(2738 1679 2737 620)
4(2737 1680 2126 620)
4(210 1679 2738 903)
3(2739 2130 1198)
4(99 1201 2739 1198)
4(323 1198 2739 1683)
4(2131 621 2740 1198)
4(2741 621 2131 1200)
4(2740 621 2741 1202)
4(99 1198 2740 1202)
4(2131 1677 2678 621)
4(2127 1678 2131 621)
4(2740 621 2678 1691)
4(2740 1693 2140 621)
4(213 1693 2740 1691)
4(2741 1697 2127 621)
4(2741 621 2140 1698)
4(323 1691 2740 1198)
4(337 1202 2740 1693)
4(2739 1198 2740 622)
4(2742 622 2740 1202)
4(2680 622 2740 1691)
4(2740 622 2743 1693)
4(213 1693 2743 918)
4(337 1701 2743 1693)
4(2744 623 2141 1203)
4(2141 623 2745 1204)
4(100 1206 2744 1203)
4(2141 623 2700 1692)
4(2141 1693 2743 623)
4(329 1203 2744 1700)
4(2142 624 2746 1203)
4(2747 624 2142 1205)
4(2746 624 2747 1207)
4(100 1203 2746 1207)
4(2142 1695 2703 624)
4(2137 1696 2142 624)
4(2746 624 2703 1715)
3(2746 2150 624)
4(2747 1717 2137 624)
4(2747 624 2150 1719)
4(329 1715 2746 1203)
3(2744 1203 2746)
4(2749 625 2147 1208)
4(2147 625 2750 1209)
4(2750 625 2749 1211)
4(101 1211 2749 1208)
4(2147 625 2726 1707)
4(2138 625 2147 1708)
4(2749 1716 2726 625)
3(2749 625 2151)
4(2750 625 2138 1718)
4(2750 1720 2151 625)
4(332 1208 2749 1716)
4(2148 626 2751 1208)
4(2752 626 2148 1210)
4(101 1208 2751 1212)
4(2148 1711 2728 626)
4(2148 626 2748 1712)
4(332 1722 2751 1208)
3(2749 1208 2751)
4(1808 670 671 1809)
4(1884 723 724 1885)
4(1960 776 777 1961)
4(2036 829 830 2037)
4(2112 882 883 2113)
4(2150 932 933 2151)
4(670 2169 2185 671)
4(628 2189 2190 629)
4(2191 676 677 2192)
4(2212 638 640 1765)
4(688 2218 2220 690)
4(658 2253 1799 660)
4(2259 711 713 2272)
4(723 2270 2293 724)
4(676 2297 2298 677)
4(2299 729 730 2300)
4(2320 688 690 1841)
4(741 2326 2328 743)
4(711 2361 1875 713)
4(2367 764 766 2380)
4(776 2378 2401 777)
4(729 2405 2406 730)
4(2407 782 783 2408)
4(2428 741 743 1917)
4(794 2434 2436 796)
4(764 2469 1951 766)
4(2475 817 819 2488)
4(829 2486 2509 830)
4(782 2513 2514 783)
4(2515 835 836 2516)
4(2536 794 796 1993)
4(847 2542 2544 849)
4(817 2577 2027 819)
4(2583 870 872 2596)
4(882 2594 2617 883)
4(835 2621 2622 836)
4(2623 888 889 2624)
4(2644 847 849 2069)
4(899 2650 2652 901)
4(870 2685 2103 872)
4(2691 921 923 2704)
4(932 2702 2725 933)
4(2738 899 901 2129)
4(1734 950 951 1735)
4(1740 343 1738 956)
4(1741 962 963 1742)
4(1765 640 1244 1766)
4(1249 1765 1766 968)
4(1772 347 1773 975)
4(660 1799 1801 1277)
4(1799 1281 987 1801)
4(1809 1297 1296 1808)
4(1810 998 999 1811)
4(1816 353 1814 1004)
4(1817 1010 1011 1818)
4(1841 690 1328 1842)
4(1334 1841 1842 1016)
4(1848 357 1849 1023)
4(713 1875 1877 1365)
4(1875 1369 1035 1877)
4(1885 1385 1384 1884)
4(1886 1046 1047 1887)
4(1892 363 1890 1052)
4(1893 1058 1059 1894)
4(1917 743 1416 1918)
4(1422 1917 1918 1064)
4(1924 367 1925 1071)
4(766 1951 1953 1453)
4(1951 1457 1083 1953)
4(1961 1473 1472 1960)
4(1962 1094 1095 1963)
4(1968 373 1966 1100)
4(1969 1106 1107 1970)
4(1993 796 1504 1994)
4(1510 1993 1994 1112)
4(2000 377 2001 1119)
4(819 2027 2029 1541)
4(2027 1545 1131 2029)
4(2037 1561 1560 2036)
4(2038 1142 1143 2039)
4(2044 383 2042 1148)
4(2045 1154 1155 2046)
4(2069 849 1592 2070)
4(1598 2069 2070 1160)
4(2076 387 2077 1167)
4(872 2103 2105 1629)
4(2103 1633 1179 2105)
4(2113 1649 1648 2112)
4(2119 393 2117 1194)
4(2129 901 1675 2130)
4(1681 2129 2130 1199)
4(2151 1720 1719 2150)
4(1292 2168 2169 670)
4(2168 938 1218 2169)
4(2166 937 938 2168)
4(2172 942 2177 403)
4(2184 1293 671 2185)
4(946 2184 2185 1219)
4(2181 406 2187 947)
4(2184 946 947 2187)
4(1219 2185 2169 1218)
4(2189 1235 1236 2190)
4(2191 2192 1236 1235)
4(1734 407 2194 950)
4(2199 2200 951 950)
4(2194 410 2199 950)
4(1738 2208 958 956)
4(2213 415 1740 956)
4(2213 956 958 2215)
4(2218 688 1309 2215)
4(1247 2218 2215 958)
4(1247 2212 1765 1249)
4(2218 1247 1249 2220)
4(2224 419 1742 963)
4(2228 963 962 2227)
4(2224 963 2228 422)
4(1766 2236 970 968)
4(2236 425 2239 970)
4(2243 2241 968 970)
4(2239 428 2243 970)
4(1772 975 977 2251)
4(1773 431 2255 975)
4(2258 977 975 2255)
4(711 2259 2258 1361)
4(2259 1279 977 2258)
4(2262 434 2261 982)
4(2261 2263 983 982)
4(2267 437 2262 982)
4(1380 2269 2270 723)
4(2269 983 1296 2270)
4(2267 982 983 2269)
4(1281 1799 2253 1279)
4(2259 2272 1281 1279)
4(1801 987 989 2275)
4(2276 440 2275 989)
4(987 2279 2283 989)
4(2276 989 2283 443)
4(2286 994 1297 1809)
4(2288 445 2289 995)
4(2286 2288 995 994)
4(2292 1381 724 2293)
4(994 2292 2293 1297)
4(2289 448 2295 995)
4(2292 994 995 2295)
4(1297 2293 2270 1296)
4(2297 1318 1319 2298)
4(2299 2300 1319 1318)
4(1810 449 2302 998)
4(2307 2308 999 998)
4(2302 452 2307 998)
4(1814 2316 1006 1004)
4(2321 457 1816 1004)
4(2321 1004 1006 2323)
4(2326 741 1397 2323)
4(1332 2326 2323 1006)
4(1332 2320 1841 1334)
4(2326 1332 1334 2328)
4(2332 461 1818 1011)
4(2336 1011 1010 2335)
4(2332 1011 2336 464)
4(1842 2344 1018 1016)
4(2344 467 2347 1018)
4(2351 2349 1016 1018)
4(2347 470 2351 1018)
4(1848 1023 1025 2359)
4(1849 473 2363 1023)
4(2366 1025 1023 2363)
4(764 2367 2366 1449)
4(2367 1367 1025 2366)
4(2370 476 2369 1030)
4(2369 2371 1031 1030)
4(2375 479 2370 1030)
4(1468 2377 2378 776)
4(2377 1031 1384 2378)
4(2375 1030 1031 2377)
4(1369 1875 2361 1367)
4(2367 2380 1369 1367)
4(1877 1035 1037 2383)
4(2384 482 2383 1037)
4(1035 2387 2391 1037)
4(2384 1037 2391 485)
4(2394 1042 1385 1885)
4(2396 487 2397 1043)
4(2394 2396 1043 1042)
4(2400 1469 777 2401)
4(1042 2400 2401 1385)
4(2397 490 2403 1043)
4(2400 1042 1043 2403)
4(1385 2401 2378 1384)
4(2405 1406 1407 2406)
4(2407 2408 1407 1406)
4(1886 491 2410 1046)
4(2415 2416 1047 1046)
4(2410 494 2415 1046)
4(1890 2424 1054 1052)
4(2429 499 1892 1052)
4(2429 1052 1054 2431)
4(2434 794 1485 2431)
4(1420 2434 2431 1054)
4(1420 2428 1917 1422)
4(2434 1420 1422 2436)
4(2440 503 1894 1059)
4(2444 1059 1058 2443)
4(2440 1059 2444 506)
4(1918 2452 1066 1064)
4(2452 509 2455 1066)
4(2459 2457 1064 1066)
4(2455 512 2459 1066)
4(1924 1071 1073 2467)
4(1925 515 2471 1071)
4(2474 1073 1071 2471)
4(817 2475 2474 1537)
4(2475 1455 1073 2474)
4(2478 518 2477 1078)
4(2477 2479 1079 1078)
4(2483 521 2478 1078)
4(1556 2485 2486 829)
4(2485 1079 1472 2486)
4(2483 1078 1079 2485)
4(1457 1951 2469 1455)
4(2475 2488 1457 1455)
4(1953 1083 1085 2491)
4(2492 524 2491 1085)
4(1083 2495 2499 1085)
4(2492 1085 2499 527)
4(2502 1090 1473 1961)
4(2504 529 2505 1091)
4(2502 2504 1091 1090)
4(2508 1557 830 2509)
4(1090 2508 2509 1473)
4(2505 532 2511 1091)
4(2508 1090 1091 2511)
4(1473 2509 2486 1472)
4(2513 1494 1495 2514)
4(2515 2516 1495 1494)
4(1962 533 2518 1094)
4(2523 2524 1095 1094)
4(2518 536 2523 1094)
4(1966 2532 1102 1100)
4(2537 541 1968 1100)
4(2537 1100 1102 2539)
4(2542 847 1573 2539)
4(1508 2542 2539 1102)
4(1508 2536 1993 1510)
4(2542 1508 1510 2544)
4(2548 545 1970 1107)
4(2552 1107 1106 2551)
4(2548 1107 2552 548)
4(1994 2560 1114 1112)
4(2560 551 2563 1114)
4(2567 2565 1112 1114)
4(2563 554 2567 1114)
4(2000 1119 1121 2575)
4(2001 557 2579 1119)
4(2582 1121 1119 2579)
4(870 2583 2582 1625)
4(2583 1543 1121 2582)
4(2586 560 2585 1126)
4(2585 2587 1127 1126)
4(2591 563 2586 1126)
4(1644 2593 2594 882)
4(2593 1127 1560 2594)
4(2591 1126 1127 2593)
4(1545 2027 2577 1543)
4(2583 2596 1545 1543)
4(2029 1131 1133 2599)
4(2600 566 2599 1133)
4(1131 2603 2607 1133)
4(2600 1133 2607 569)
4(2610 1138 1561 2037)
4(2612 571 2613 1139)
4(2610 2612 1139 1138)
4(2616 1645 883 2617)
4(1138 2616 2617 1561)
4(2613 574 2619 1139)
4(2616 1138 1139 2619)
4(1561 2617 2594 1560)
4(2621 1582 1583 2622)
4(2623 2624 1583 1582)
4(2038 575 2626 1142)
4(2631 2632 1143 1142)
4(2626 578 2631 1142)
4(2042 2640 1150 1148)
4(2645 583 2044 1148)
4(2645 1148 1150 2647)
4(2650 899 1661 2647)
4(1596 2650 2647 1150)
4(1596 2644 2069 1598)
4(2650 1596 1598 2652)
4(2656 587 2046 1155)
4(2660 1155 1154 2659)
4(2656 1155 2660 590)
4(2070 2668 1162 1160)
4(2668 593 2671 1162)
4(2675 2673 1160 1162)
4(2671 596 2675 1162)
4(2076 1167 1169 2683)
4(2077 599 2687 1167)
4(2690 1169 1167 2687)
4(921 2691 2690 1702)
4(2691 1631 1169 2690)
4(2694 602 2693 1174)
4(2693 2695 1175 1174)
4(2699 605 2694 1174)
4(1715 2701 2702 932)
4(2701 1175 1648 2702)
4(2699 1174 1175 2701)
4(1633 2103 2685 1631)
4(2691 2704 1633 1631)
4(2105 1179 1181 2707)
4(2708 608 2707 1181)
4(1179 2711 2715 1181)
4(2708 1181 2715 611)
4(2718 1186 1649 2113)
4(2720 613 2721 1187)
4(2718 2720 1187 1186)
4(2724 1716 933 2725)
4(1186 2724 2725 1649)
4(2721 616 2727 1187)
4(2724 1186 1187 2727)
4(1649 2725 2702 1648)
4(2114 617 2730 1190)
4(2117 2734 1196 1194)
4(1679 2738 2129 1681)
4(2130 2739 1201 1199)
4(2739 622 2742 1201)
4(2745 623 2744 1206)
4(2744 2746 1207 1206)
4(2749 1211 1720 2151)
4(2751 626 2752 1212)
4(2749 2751 1212 1211)
4(1736 343 1737 627)
4(1770 347 1769 643)
4(1812 353 1813 674)
4(1846 357 1845 693)
4(1888 363 1889 727)
4(1922 367 1921 746)
4(1964 373 1965 780)
4(1998 377 1997 799)
4(2040 383 2041 833)
4(2074 387 2073 852)
4(2115 393 2116 886)
4(2178 403 2179 673)
4(2188 406 2178 673)
4(1737 407 2152 627)
4(2203 410 2202 674)
4(2202 415 1812 674)
4(2158 419 1770 643)
4(2232 422 2233 693)
4(2240 425 2161 656)
4(2248 428 2247 708)
4(1845 431 2232 693)
4(2167 434 2240 656)
4(2247 437 2268 708)
4(2179 440 2277 673)
4(2284 443 2285 726)
4(2277 445 2188 673)
4(2296 448 2284 726)
4(1813 449 2203 674)
4(2311 452 2310 727)
4(2310 457 1888 727)
4(2233 461 1846 693)
4(2340 464 2341 746)
4(2348 467 2248 708)
4(2356 470 2355 761)
4(1921 473 2340 746)
4(2268 476 2348 708)
4(2355 479 2376 761)
4(2285 482 2385 726)
4(2392 485 2393 779)
4(2385 487 2296 726)
4(2404 490 2392 779)
4(1889 491 2311 727)
4(2419 494 2418 780)
4(2418 499 1964 780)
4(2341 503 1922 746)
4(2448 506 2449 799)
4(2456 509 2356 761)
4(2464 512 2463 814)
4(1997 515 2448 799)
4(2376 518 2456 761)
4(2463 521 2484 814)
4(2393 524 2493 779)
4(2500 527 2501 832)
4(2493 529 2404 779)
4(2512 532 2500 832)
4(1965 533 2419 780)
4(2527 536 2526 833)
4(2526 541 2040 833)
4(2449 545 1998 799)
4(2556 548 2557 852)
4(2564 551 2464 814)
4(2572 554 2571 867)
4(2073 557 2556 852)
4(2484 560 2564 814)
4(2571 563 2592 867)
4(2501 566 2601 832)
4(2608 569 2609 885)
4(2601 571 2512 832)
4(2620 574 2608 885)
4(2041 575 2527 833)
4(2635 578 2634 886)
4(2634 583 2115 886)
4(2557 587 2074 852)
4(2664 590 2665 904)
4(2672 593 2572 867)
4(2680 596 2679 918)
4(2133 599 2664 904)
4(2592 602 2672 867)
4(2679 605 2700 918)
4(2609 608 2709 885)
4(2716 611 2717 935)
4(2709 613 2620 885)
4(2728 616 2716 935)
4(2116 617 2635 886)
4(2743 622 2680 918)
4(2700 623 2743 918)
4(2748 626 2728 935)
4(1734 1735 1222 1221)
4(1222 1735 2189 628)
4(1738 343 1736 1223)
4(1740 1227 1737 343)
4(1741 1742 1230 1229)
4(1741 1229 629 2190)
4(1772 1255 1769 347)
4(1773 347 1770 1256)
4(670 1808 2263 1292)
4(1809 671 1293 2286)
4(1808 1296 983 2263)
4(1810 1811 1302 1301)
4(1302 1811 2297 676)
4(1814 353 1812 1303)
4(1816 1308 1813 353)
4(1817 1818 1311 1310)
4(1817 1310 677 2298)
4(1848 1341 1845 357)
4(1849 357 1846 1342)
4(723 1884 2371 1380)
4(1885 724 1381 2394)
4(1884 1384 1031 2371)
4(1886 1887 1390 1389)
4(1390 1887 2405 729)
4(1890 363 1888 1391)
4(1892 1396 1889 363)
4(1893 1894 1399 1398)
4(1893 1398 730 2406)
4(1924 1429 1921 367)
4(1925 367 1922 1430)
4(776 1960 2479 1468)
4(1961 777 1469 2502)
4(1960 1472 1079 2479)
4(1962 1963 1478 1477)
4(1478 1963 2513 782)
4(1966 373 1964 1479)
4(1968 1484 1965 373)
4(1969 1970 1487 1486)
4(1969 1486 783 2514)
4(2000 1517 1997 377)
4(2001 377 1998 1518)
4(829 2036 2587 1556)
4(2037 830 1557 2610)
4(2036 1560 1127 2587)
4(2038 2039 1566 1565)
4(1566 2039 2621 835)
4(2042 383 2040 1567)
4(2044 1572 2041 383)
4(2045 2046 1575 1574)
4(2045 1574 836 2622)
4(2076 1605 2073 387)
4(2077 387 2074 1606)
4(882 2112 2695 1644)
4(2113 883 1645 2718)
4(2112 1648 1175 2695)
4(2117 393 2115 1655)
4(2119 1660 2116 393)
4(932 2150 2746 1715)
4(2151 933 1716 2749)
4(2150 1719 1207 2746)
4(1271 2166 2168 1292)
4(2178 1220 2172 403)
4(2177 1298 2179 403)
4(2178 406 2181 1220)
4(2188 1299 2187 406)
4(1293 2184 2187 1299)
4(1235 2189 1735 951)
4(2190 1236 962 1741)
4(2192 677 1310 2227)
4(1236 2192 2227 962)
4(1734 1221 2152 407)
4(2194 407 1737 1227)
4(2199 1301 1302 2200)
4(2200 1302 676 2191)
4(951 2200 2191 1235)
4(2194 1227 2202 410)
4(2203 1301 2199 410)
4(1738 1223 1228 2208)
4(2208 1228 638 2212)
4(958 2208 2212 1247)
4(1740 415 2202 1227)
4(2213 1303 1812 415)
4(1303 2213 2215 1309)
4(690 2220 2241 1328)
4(2220 1249 968 2241)
4(1742 419 2158 1230)
4(2224 1256 1770 419)
4(2227 1310 1311 2228)
4(2232 1256 2224 422)
4(2228 1311 2233 422)
4(1766 1244 1251 2236)
4(2161 425 2236 1251)
4(2240 1272 2239 425)
4(1328 2241 2243 1336)
4(2239 1272 2247 428)
4(2248 1336 2243 428)
4(1772 2251 1273 1255)
4(1273 2251 2253 658)
4(2251 977 1279 2253)
4(1773 1256 2232 431)
4(2255 431 1845 1341)
4(2255 1341 1361 2258)
4(2261 434 2167 1271)
4(2262 1272 2240 434)
4(2261 1271 1292 2263)
4(2247 1272 2262 437)
4(2268 437 2267 1359)
4(1359 2267 2269 1380)
4(2272 713 1365 2279)
4(1281 2272 2279 987)
4(1801 2275 1298 1277)
4(2179 1298 2275 440)
4(2277 440 2276 1300)
4(2279 1365 1386 2283)
4(2284 1300 2276 443)
4(2283 1386 2285 443)
4(2288 1299 2188 445)
4(2289 445 2277 1300)
4(2286 1293 1299 2288)
4(2284 448 2289 1300)
4(2296 1387 2295 448)
4(1381 2292 2295 1387)
4(1318 2297 1811 999)
4(2298 1319 1010 1817)
4(2300 730 1398 2335)
4(1319 2300 2335 1010)
4(1810 1301 2203 449)
4(2302 449 1813 1308)
4(2307 1389 1390 2308)
4(2308 1390 729 2299)
4(999 2308 2299 1318)
4(2302 1308 2310 452)
4(2311 1389 2307 452)
4(1814 1303 1309 2316)
4(2316 1309 688 2320)
4(1006 2316 2320 1332)
4(1816 457 2310 1308)
4(2321 1391 1888 457)
4(1391 2321 2323 1397)
4(743 2328 2349 1416)
4(2328 1334 1016 2349)
4(1818 461 2233 1311)
4(2332 1342 1846 461)
4(2335 1398 1399 2336)
4(2340 1342 2332 464)
4(2336 1399 2341 464)
4(1842 1328 1336 2344)
4(2248 467 2344 1336)
4(2348 1360 2347 467)
4(1416 2349 2351 1424)
4(2347 1360 2355 470)
4(2356 1424 2351 470)
4(1848 2359 1361 1341)
4(1361 2359 2361 711)
4(2359 1025 1367 2361)
4(1849 1342 2340 473)
4(2363 473 1921 1429)
4(2363 1429 1449 2366)
4(2369 476 2268 1359)
4(2370 1360 2348 476)
4(2369 1359 1380 2371)
4(2355 1360 2370 479)
4(2376 479 2375 1447)
4(1447 2375 2377 1468)
4(2380 766 1453 2387)
4(1369 2380 2387 1035)
4(1877 2383 1386 1365)
4(2285 1386 2383 482)
4(2385 482 2384 1388)
4(2387 1453 1474 2391)
4(2392 1388 2384 485)
4(2391 1474 2393 485)
4(2396 1387 2296 487)
4(2397 487 2385 1388)
4(2394 1381 1387 2396)
4(2392 490 2397 1388)
4(2404 1475 2403 490)
4(1469 2400 2403 1475)
4(1406 2405 1887 1047)
4(2406 1407 1058 1893)
4(2408 783 1486 2443)
4(1407 2408 2443 1058)
4(1886 1389 2311 491)
4(2410 491 1889 1396)
4(2415 1477 1478 2416)
4(2416 1478 782 2407)
4(1047 2416 2407 1406)
4(2410 1396 2418 494)
4(2419 1477 2415 494)
4(1890 1391 1397 2424)
4(2424 1397 741 2428)
4(1054 2424 2428 1420)
4(1892 499 2418 1396)
4(2429 1479 1964 499)
4(1479 2429 2431 1485)
4(796 2436 2457 1504)
4(2436 1422 1064 2457)
4(1894 503 2341 1399)
4(2440 1430 1922 503)
4(2443 1486 1487 2444)
4(2448 1430 2440 506)
4(2444 1487 2449 506)
4(1918 1416 1424 2452)
4(2356 509 2452 1424)
4(2456 1448 2455 509)
4(1504 2457 2459 1512)
4(2455 1448 2463 512)
4(2464 1512 2459 512)
4(1924 2467 1449 1429)
4(1449 2467 2469 764)
4(2467 1073 1455 2469)
4(1925 1430 2448 515)
4(2471 515 1997 1517)
4(2471 1517 1537 2474)
4(2477 518 2376 1447)
4(2478 1448 2456 518)
4(2477 1447 1468 2479)
4(2463 1448 2478 521)
4(2484 521 2483 1535)
4(1535 2483 2485 1556)
4(2488 819 1541 2495)
4(1457 2488 2495 1083)
4(1953 2491 1474 1453)
4(2393 1474 2491 524)
4(2493 524 2492 1476)
4(2495 1541 1562 2499)
4(2500 1476 2492 527)
4(2499 1562 2501 527)
4(2504 1475 2404 529)
4(2505 529 2493 1476)
4(2502 1469 1475 2504)
4(2500 532 2505 1476)
4(2512 1563 2511 532)
4(1557 2508 2511 1563)
4(1494 2513 1963 1095)
4(2514 1495 1106 1969)
4(2516 836 1574 2551)
4(1495 2516 2551 1106)
4(1962 1477 2419 533)
4(2518 533 1965 1484)
4(2523 1565 1566 2524)
4(2524 1566 835 2515)
4(1095 2524 2515 1494)
4(2518 1484 2526 536)
4(2527 1565 2523 536)
4(1966 1479 1485 2532)
4(2532 1485 794 2536)
4(1102 2532 2536 1508)
4(1968 541 2526 1484)
4(2537 1567 2040 541)
4(1567 2537 2539 1573)
4(849 2544 2565 1592)
4(2544 1510 1112 2565)
4(1970 545 2449 1487)
4(2548 1518 1998 545)
4(2551 1574 1575 2552)
4(2556 1518 2548 548)
4(2552 1575 2557 548)
4(1994 1504 1512 2560)
4(2464 551 2560 1512)
4(2564 1536 2563 551)
4(1592 2565 2567 1600)
4(2563 1536 2571 554)
4(2572 1600 2567 554)
4(2000 2575 1537 1517)
4(1537 2575 2577 817)
4(2575 1121 1543 2577)
4(2001 1518 2556 557)
4(2579 557 2073 1605)
4(2579 1605 1625 2582)
4(2585 560 2484 1535)
4(2586 1536 2564 560)
4(2585 1535 1556 2587)
4(2571 1536 2586 563)
4(2592 563 2591 1623)
4(1623 2591 2593 1644)
4(2596 872 1629 2603)
4(1545 2596 2603 1131)
4(2029 2599 1562 1541)
4(2501 1562 2599 566)
4(2601 566 2600 1564)
4(2603 1629 1650 2607)
4(2608 1564 2600 569)
4(2607 1650 2609 569)
4(2612 1563 2512 571)
4(2613 571 2601 1564)
4(2610 1557 1563 2612)
4(2608 574 2613 1564)
4(2620 1651 2619 574)
4(1645 2616 2619 1651)
4(1582 2621 2039 1143)
4(2622 1583 1154 2045)
4(2624 889 1662 2659)
4(1583 2624 2659 1154)
4(2038 1565 2527 575)
4(2626 575 2041 1572)
4(2631 1653 1654 2632)
4(2632 1654 888 2623)
4(1143 2632 2623 1582)
4(2626 1572 2634 578)
4(2635 1653 2631 578)
4(2042 1567 1573 2640)
4(2640 1573 847 2644)
4(1150 2640 2644 1596)
4(2044 583 2634 1572)
4(2645 1655 2115 583)
4(1655 2645 2647 1661)
4(901 2652 2673 1675)
4(2652 1598 1160 2673)
4(2046 587 2557 1575)
4(2656 1606 2074 587)
4(2659 1662 1663 2660)
4(2664 1606 2656 590)
4(2660 1663 2665 590)
4(2070 1592 1600 2668)
4(2572 593 2668 1600)
4(2672 1624 2671 593)
4(1675 2673 2675 1683)
4(2671 1624 2679 596)
4(2680 1683 2675 596)
4(2076 2683 1625 1605)
4(1625 2683 2685 870)
4(2683 1169 1631 2685)
4(2077 1606 2664 599)
4(2687 599 2133 1687)
4(2687 1687 1702 2690)
4(2693 602 2592 1623)
4(2694 1624 2672 602)
4(2693 1623 1644 2695)
4(2679 1624 2694 605)
4(2700 605 2699 1700)
4(1700 2699 2701 1715)
4(2704 923 1705 2711)
4(1633 2704 2711 1179)
4(2105 2707 1650 1629)
4(2609 1650 2707 608)
4(2709 608 2708 1652)
4(2711 1705 1721 2715)
4(2716 1652 2708 611)
4(2715 1721 2717 611)
4(2720 1651 2620 613)
4(2721 613 2709 1652)
4(2718 1645 1651 2720)
4(2716 616 2721 1652)
4(2728 1722 2727 616)
4(1716 2724 2727 1722)
4(2114 1653 2635 617)
4(2730 617 2116 1660)
4(2117 1655 1661 2734)
4(2734 1661 899 2738)
4(1196 2734 2738 1679)
4(2130 1675 1683 2739)
4(2680 622 2739 1683)
4(2743 1701 2742 622)
4(2744 623 2700 1700)
4(2745 1701 2743 623)
4(2744 1700 1715 2746)
4(2751 1722 2728 626)
4(2752 626 2748 1723)
4(2749 1716 1722 2751)
6(0 631 106 1724 105 630)
5(1 633 1725 108 636)
4(2 641 1764 640)
5(3 647 113 1727 644)
4(4 650 1729 649)
4(5 654 1793 653)
4(6 660 1798 659)
3(0 628 629)
4(0 630 2153 628)
4(1 634 2154 635)
4(1 636 2155 634)
4(2 638 2156 639)
3(2 640 638)
4(0 629 2157 631)
4(3 645 2159 646)
4(5 653 2160 652)
4(3 646 2162 647)
4(6 657 2163 658)
3(6 658 660)
5(1 635 105 1724 633)
5(3 644 1724 106 645)
4(4 633 1724 644)
6(2 639 108 1725 110 641)
4(4 649 1725 633)
5(5 652 110 1725 649)
5(1726 341 226 1213 102)
4(1727 341 1726 650)
4(4 644 1727 650)
5(226 341 1727 118 1274)
6(6 659 118 1727 113 657)
5(228 342 1726 102 1214)
6(227 342 228 1217 103 1216)
4(1729 650 1726 342)
5(1729 342 227 1265 116)
5(5 649 1729 116 654)
4(56 944 1733 945)
4(102 1215 1733 1214)
4(228 1214 1733 944)
4(230 945 1733 1215)
3(103 1219 1218)
3(221 1221 1222)
4(104 1225 1736 627)
4(222 1223 1736 1225)
3(223 1229 1230)
3(640 1764 1244)
4(110 1245 1764 641)
4(224 1244 1764 1245)
4(112 643 1769 1253)
4(225 1253 1769 1255)
4(115 653 1793 1263)
4(116 1266 1793 654)
4(229 1263 1793 1266)
4(118 659 1798 1275)
3(1277 1798 660)
4(231 1275 1798 1277)
4(104 627 2152 1224)
4(221 1224 2152 1221)
3(1222 628 2153)
4(105 1231 2153 630)
4(221 1222 2153 1231)
4(104 1224 2154 634)
4(105 635 2154 1231)
4(221 1231 2154 1224)
3(222 1228 1223)
4(104 634 2155 1225)
4(108 1239 2155 636)
4(222 1225 2155 1239)
3(638 1228 2156)
4(108 639 2156 1239)
4(222 1239 2156 1228)
3(629 1229 2157)
4(106 631 2157 1233)
4(223 1233 2157 1229)
4(112 1252 2158 643)
4(223 1230 2158 1252)
4(106 1233 2159 645)
4(112 646 2159 1252)
4(223 1252 2159 1233)
3(224 1251 1244)
4(110 652 2160 1245)
4(115 1262 2160 653)
4(224 1245 2160 1262)
4(115 656 2161 1262)
4(224 1262 2161 1251)
4(112 1253 2162 646)
4(113 647 2162 1257)
4(225 1257 2162 1253)
3(225 1255 1273)
4(113 1257 2163 657)
3(1273 658 2163)
4(225 1273 2163 1257)
4(54 936 2164 938)
4(103 1218 2164 1216)
4(227 1216 2164 936)
3(1218 938 2164)
3(54 938 937)
4(54 939 2165 936)
4(116 1265 2165 1266)
4(227 936 2165 1265)
4(229 1266 2165 939)
4(54 937 2166 939)
4(115 1263 2167 656)
4(229 939 2166 1271)
4(229 1271 2167 1263)
4(55 941 2171 940)
4(102 1213 2171 1215)
4(226 940 2171 1213)
4(230 1215 2171 941)
4(55 942 2172 941)
4(230 941 2172 1220)
4(55 940 2173 943)
4(118 1275 2173 1274)
4(226 1274 2173 940)
4(231 943 2173 1275)
4(55 943 2177 942)
4(231 1298 2177 943)
3(231 1277 1298)
4(56 946 2180 944)
4(103 1217 2180 1219)
4(228 944 2180 1217)
3(946 1219 2180)
4(56 945 2181 947)
4(230 1220 2181 945)
3(56 947 946)
6(45 890 205 2049 206 891)
5(334 394 2049 205 1666)
5(2120 208 1674 335 395)
5(48 905 2080 212 909)
4(2121 397 2080 905)
4(2134 912 2124 398)
4(51 922 2144 923)
4(52 928 2146 927)
3(45 889 888)
4(45 888 2637 890)
4(45 891 2662 889)
4(48 908 2667 907)
4(48 909 2689 908)
4(51 921 2692 920)
3(51 923 921)
4(52 927 2714 925)
5(48 907 206 2049 905)
6(51 920 212 2080 216 922)
5(52 925 216 2080 911)
4(97 1189 2114 1190)
3(315 1654 1653)
4(315 1653 2114 1189)
4(98 1195 2119 1194)
4(333 1660 2119 1195)
3(320 1663 1662)
5(334 1673 208 2120 394)
4(2121 905 2049 394)
4(2121 394 2120 912)
6(336 395 335 1680 210 1682)
4(2124 912 2120 395)
5(336 1697 215 2124 395)
4(99 1200 2132 1199)
4(210 1681 2132 1682)
3(1199 2132 1681)
4(336 1682 2132 1200)
4(211 1686 2133 904)
4(325 1687 2133 1686)
4(2134 911 2080 397)
4(2134 397 2121 912)
5(52 911 2134 219 928)
5(338 398 2124 215 1699)
5(339 1713 219 2134 398)
6(338 1717 220 1718 339 398)
4(100 1205 2143 1204)
4(215 1698 2143 1699)
4(337 1204 2143 1698)
4(338 1699 2143 1205)
4(216 1704 2144 922)
3(1705 923 2144)
4(331 1705 2144 1704)
4(101 1210 2149 1209)
4(218 927 2146 1712)
4(219 1714 2146 928)
4(219 1713 2149 1714)
4(339 1209 2149 1713)
4(340 1712 2146 1714)
4(340 1714 2149 1210)
3(220 1719 1720)
3(1654 2637 888)
4(205 890 2637 1665)
4(315 1665 2637 1654)
3(889 2662 1662)
4(206 1668 2662 891)
4(320 1662 2662 1668)
4(211 904 2665 1685)
4(320 1685 2665 1663)
4(206 907 2667 1668)
4(211 1685 2667 908)
4(320 1668 2667 1685)
4(211 908 2689 1686)
4(212 1689 2689 909)
4(325 1686 2689 1689)
3(325 1702 1687)
4(212 920 2692 1689)
3(1702 2692 921)
4(325 1689 2692 1702)
4(216 925 2714 1704)
4(218 1710 2714 927)
4(331 1704 2714 1710)
3(331 1721 1705)
4(218 935 2717 1710)
4(331 1710 2717 1721)
4(97 1190 2730 1191)
4(333 1191 2730 1660)
4(97 1192 2731 1189)
4(205 1665 2731 1666)
4(315 1189 2731 1665)
4(334 1666 2731 1192)
4(97 1191 2732 1192)
4(208 1673 2732 1672)
4(333 1672 2732 1191)
4(334 1192 2732 1673)
3(98 1194 1196)
4(98 1197 2736 1195)
4(208 1672 2736 1674)
4(333 1195 2736 1672)
4(335 1674 2736 1197)
4(98 1196 2737 1197)
4(210 1680 2737 1679)
3(1679 2737 1196)
4(335 1197 2737 1680)
3(210 1679 1681)
3(99 1199 1201)
4(99 1202 2741 1200)
4(215 1697 2741 1698)
4(336 1200 2741 1697)
4(337 1698 2741 1202)
4(99 1201 2742 1202)
4(337 1202 2742 1701)
4(100 1204 2745 1206)
4(337 1701 2745 1204)
4(100 1207 2747 1205)
4(220 1717 2747 1719)
4(338 1205 2747 1717)
3(1719 2747 1207)
3(100 1206 1207)
4(218 1712 2748 935)
4(340 1723 2748 1712)
4(101 1209 2750 1211)
4(220 1720 2750 1718)
4(339 1718 2750 1209)
3(1211 2750 1720)
4(101 1212 2752 1210)
4(340 1210 2752 1723)
3(101 1211 1212)
)


// ************************************************************************* //
