/*--------------------------------*- C++ -*----------------------------------*\
| =========                 |                                                 |
| \\      /  F ield         | OpenFOAM: The Open Source CFD Toolbox           |
|  \\    /   O peration     | Version:  2312                                  |
|   \\  /    A nd           | Website:  www.openfoam.com                      |
|    \\/     M anipulation  |                                                 |
\*---------------------------------------------------------------------------*/
FoamFile
{
    version     2.0;
    format      ascii;
    arch        "LSB;label=32;scalar=64";
    class       volScalarField;
    location    "0.849882";
    object      p;
}
// * * * * * * * * * * * * * * * * * * * * * * * * * * * * * * * * * * * * * //

dimensions      [1 -1 -2 0 0 0 0];

internalField   nonuniform List<scalar> 
21822
(
103965
103378
103829
102736
102138
103023
103119
102187
101354
103249
103308
104372
102035
101499
104881
106681
102288
125091
103512
103282
104428
102688
102197
103164
106120
102983
104658
103839
103360
104307
103605
102894
103498
105168
103937
104311
104096
103661
104059
103913
103266
103483
104397
103912
104200
103876
103552
103890
103823
103400
103585
104069
103844
104106
103539
103449
103703
103645
103386
103553
103897
103780
103931
103426
103349
103469
103540
103406
103425
103713
103725
103747
103324
103282
103307
103432
103441
103433
103545
103610
103626
103241
103335
103395
103281
103350
103431
103335
103382
103434
103161
103252
103332
103142
103205
103291
103147
103175
103226
103082
103105
103143
103070
103098
103133
103060
103085
103112
103075
103046
103030
103091
103072
103049
103092
103090
103076
103128
103093
103059
103143
103112
103074
103146
103126
103100
103183
103162
103141
103190
103169
103149
103184
103164
103153
103214
103200
103188
103219
103212
103201
103222
103219
103214
103194
103181
103176
103200
103207
103205
103211
103226
103231
103119
103129
103143
103125
103142
103163
103137
103154
103169
103016
103052
103089
103015
103036
103074
103025
103035
103051
102895
102924
102965
102891
102910
102946
102902
102912
102926
102781
102783
102807
102773
102782
102806
102777
102790
102803
102680
102682
102697
102669
102675
102697
102666
102672
102688
102588
102610
102632
102582
102601
102625
102585
102593
102608
102539
102544
102555
102530
102535
102547
102532
102534
102537
102505
102477
102467
102491
102464
102457
102484
102467
102456
102425
102405
102395
102421
102400
102390
102423
102405
102393
102330
102326
102330
102336
102330
102330
102349
102342
102334
102257
102251
102258
102262
102255
102259
102275
102269
102263
102205
102195
102195
102210
102200
102197
102219
102210
102202
102165
102154
102150
102173
102161
102155
102182
102174
102164
102116
102105
102103
102124
102114
102109
102138
102132
102121
102042
102035
102040
102050
102044
102047
102068
102065
102057
101961
101965
101976
101968
101972
101983
101983
101986
101987
101919
101932
101943
101918
101933
101946
101924
101934
101944
101947
101962
101968
101939
101954
101964
101928
101941
101955
102030
102041
102039
102021
102032
102033
102002
102010
102022
102129
102137
102132
102128
102136
102132
102112
102118
102126
102219
102229
102226
102221
102232
102229
102212
102220
102227
102278
102289
102290
102273
102285
102290
102267
102276
102285
102294
102297
102300
102284
102287
102293
102279
102282
102287
102283
102275
102272
102276
102267
102265
102272
102265
102262
102277
102263
102254
102275
102261
102250
102272
102260
102251
102284
102273
102263
102289
102276
102264
102288
102279
102269
102298
102290
102283
102308
102300
102289
102311
102305
102297
102298
102291
102287
102306
102300
102294
102315
102310
102302
102239
102231
102234
102242
102234
102235
102255
102248
102241
102086
102078
102095
102083
102075
102090
102104
102096
102091
101846
101841
101870
101841
101835
101864
101870
101864
101862
101592
101551
101587
101551
101546
101586
101587
101585
101582
104267
104084
103805
103910
104779
104668
104241
103852
104295
102378
103814
103173
102288
102022
103422
103169
101798
101981
101792
101787
104288
105840
103970
103762
104284
104118
103772
104474
104186
101677
104123
106131
104314
103599
104705
103662
102991
100952
105984
103758
103314
104028
104430
101466
106572
108036
103557
107863
101816
106712
101492
101318
101726
106481
161189
103904
103745
103490
102512
103752
103901
102246
102028
103351
102178
102855
101695
101969
101848
101677
102023
107553
104771
102420
102878
98475.9
104220
105423
104639
103061
103187
102455
103800
102899
103125
101959
103377
102567
102339
103140
102649
102274
100952
101429
104729
103315
103725
103540
102427
103299
103159
104229
104218
103875
102234
102883
101755
102627
101626
103895
100859
102000
102032
101629
102057
100843
100202
100836
101969
102454
103447
103603
102590
102762
102541
103068
105829
105987
104640
104173
104480
104065
103980
105013
103684
104825
105579
105157
105290
103356
105252
103568
104144
104315
103375
103791
104604
104043
104996
113423
102986
104782
109140
108010
101560
106648
102272
108893
103070
104072
105518
101594
101349
101593
101594
101345
101360
101593
101590
101361
101373
101589
101370
101593
101593
101345
101360
101586
101372
101360
101592
101589
101360
101345
101583
101360
101371
101588
101349
101585
101344
101359
101582
101360
101372
101369
104041
104781
104472
103462
104259
104370
104124
104601
104001
104004
104181
106526
104009
103739
104891
105022
104661
104646
104961
104340
104227
104920
104177
104661
104204
104641
104899
102827
105090
107011
104355
102563
104579
116264
103904
102992
106214
108131
100532
112104
97693.8
103841
101788
103321
104093
100782
103468
104561
103237
102551
105298
105663
104011
104102
104711
107615
103814
103710
104013
104430
103791
105289
106105
104381
104286
104652
104309
103707
104056
105203
104185
105636
103993
105095
101198
103768
101372
104439
103791
102378
98922.8
103348
107396
103088
102127
102472
94192.6
108258
102843
106831
98954.3
93208.2
118268
104073
104501
103520
103411
104004
103088
104032
103306
104221
103349
105312
103885
105116
103822
105608
103983
103140
103887
105945
103433
104265
104981
101366
104148
103830
102277
99392.2
102804
102771
100823
103798
101819
98880.6
101319
104179
92819.5
130505
100754
89661.2
88442.5
98923.9
97569.6
111936
101349
98501.1
88639
106127
218838
103385
104693
104060
102851
104486
102258
103138
103040
102336
104311
104371
106074
103141
103113
104039
106009
117330
107083
111924
105558
114967
101375
101984
101878
102252
102977
101568
102582
104113
102487
102814
103253
103089
103511
101378
103433
100194
126043
100448
102884
110443
103156
112122
104830
115517
100634
140372
108717
102636
103713
102852
104401
103272
104221
103275
101946
101962
102300
102467
102248
102063
102524
102207
101536
101445
101264
101838
101524
101680
105447
105373
105040
103846
104840
105391
107108
107340
102717
102513
101917
103448
102904
102737
102004
102763
102216
101611
103288
103220
102510
102238
106662
103267
103217
103439
104548
104422
103815
106250
106011
105919
106167
100717
101270
100054
102427
101094
102155
100484
99661.1
100770
101034
101762
101186
101415
101841
103352
103165
96420
100294
103962
102946
102973
102574
107481
103479
104851
107368
103426
108182
101820
102177
103281
103427
102784
102549
102705
111824
106047
105706
104656
104156
104605
104048
103719
104869
103619
104558
105217
104995
105366
103724
105152
104099
103617
104334
103916
104139
104751
104442
104892
104500
103392
104130
107157
105599
102416
105216
103390
103671
103798
103997
104236
105483
104777
104496
104070
104476
104224
103681
104517
103910
104384
104913
104683
105058
104180
104590
104324
103957
104115
103803
104384
104646
104465
104507
104184
103440
104032
105227
104506
103647
104484
103702
104016
103891
103820
104194
104618
104299
104371
104202
104231
104177
103945
104353
103957
104208
104611
104399
104540
104314
104213
104068
103815
103982
103865
104409
104392
104113
104081
104044
103574
104000
104426
104149
103758
104110
103714
103841
103852
103818
104130
104150
103714
104095
104055
103708
103723
103894
104166
103627
103931
104317
104128
104149
104034
103709
103746
103836
103777
103785
104068
104036
103816
103895
103997
103585
103898
104097
103947
103726
103925
103690
103809
103793
103762
103986
103643
103471
103630
103650
103459
103461
103569
103842
103398
103572
104008
103649
103636
103699
103470
103543
103711
103566
103578
103764
103864
103600
103705
103855
103469
103720
103913
103749
103705
103747
103680
103719
103737
103669
103794
103453
103367
103435
103426
103356
103328
103382
103520
103277
103336
103552
103351
103457
103528
103376
103436
103489
103362
103436
103574
103670
103474
103549
103688
103421
103625
103710
103575
103689
103585
103622
103635
103645
103652
103653
103338
103260
103325
103306
103263
103295
103285
103329
103306
103338
103317
103357
103347
103405
103262
103297
103396
103377
103420
103434
103504
103318
103364
103625
103433
103487
103533
103379
103594
103390
103426
103620
103440
103484
103484
103235
103185
103240
103287
103199
103268
103308
103365
103297
103356
103378
103364
103234
103258
103177
103172
103424
103365
103343
103273
103310
103174
103181
103445
103326
103286
103325
103186
103370
103190
103209
103426
103217
103255
103269
103160
103106
103173
103240
103115
103147
103266
103322
103160
103188
103330
103193
103150
103140
103100
103086
103308
103194
103180
103138
103140
103082
103071
103243
103171
103144
103144
103071
103166
103072
103092
103210
103100
103127
103135
103085
103068
103090
103110
103066
103056
103117
103137
103052
103045
103141
103045
103081
103071
103071
103074
103137
103046
103056
103068
103058
103076
103078
103118
103062
103078
103059
103079
103077
103080
103086
103106
103086
103084
103081
103069
103108
103066
103049
103103
103081
103043
103030
103072
103050
103029
103047
103073
103079
103112
103123
103042
103046
103056
103082
103089
103127
103136
103071
103064
103087
103090
103138
103093
103138
103127
103081
103120
103100
103094
103120
103168
103116
103093
103163
103145
103084
103063
103139
103126
103060
103125
103125
103136
103171
103179
103068
103125
103132
103139
103145
103181
103181
103094
103134
103140
103146
103179
103133
103177
103162
103107
103156
103144
103142
103178
103210
103174
103157
103208
103197
103152
103141
103193
103184
103141
103185
103182
103189
103211
103215
103148
103185
103193
103190
103189
103217
103218
103153
103195
103202
103187
103218
103169
103217
103212
103155
103209
103205
103204
103212
103211
103211
103200
103210
103200
103196
103187
103195
103184
103187
103184
103214
103217
103212
103213
103197
103185
103204
103219
103222
103214
103218
103212
103212
103232
103222
103220
103220
103223
103231
103216
103234
103237
103236
103199
103152
103198
103188
103152
103150
103183
103174
103149
103149
103174
103151
103200
103201
103151
103153
103197
103155
103174
103202
103206
103153
103157
103227
103181
103194
103208
103160
103222
103164
103177
103232
103182
103193
103194
103127
103054
103128
103130
103058
103078
103130
103137
103085
103105
103140
103108
103126
103126
103051
103050
103157
103110
103107
103127
103131
103050
103054
103170
103104
103092
103134
103056
103149
103058
103067
103166
103070
103082
103087
103023
102939
103028
103052
102946
102974
103061
103084
102984
103004
103087
103007
103018
103015
102933
102927
103079
103007
102993
103016
103020
102927
102931
103057
102985
102966
103023
102934
103032
102936
102944
103045
102947
102956
102960
102904
102821
102911
102937
102826
102837
102946
102964
102841
102847
102966
102848
102898
102891
102817
102809
102952
102848
102845
102891
102895
102808
102807
102930
102844
102839
102898
102809
102910
102811
102822
102921
102825
102834
102837
102791
102719
102795
102801
102721
102721
102803
102806
102721
102720
102807
102721
102788
102779
102717
102709
102806
102722
102724
102777
102774
102706
102697
102804
102724
102721
102776
102696
102787
102696
102701
102800
102703
102714
102718
102691
102621
102693
102694
102624
102635
102694
102696
102638
102648
102696
102650
102689
102681
102619
102612
102697
102651
102648
102678
102669
102610
102606
102691
102645
102633
102667
102605
102670
102605
102610
102683
102613
102623
102628
102596
102553
102600
102613
102556
102567
102617
102629
102571
102578
102631
102579
102593
102586
102550
102544
102629
102579
102575
102585
102584
102543
102544
102612
102572
102562
102585
102545
102590
102547
102551
102603
102552
102557
102559
102541
102524
102544
102551
102523
102515
102553
102556
102510
102498
102555
102494
102539
102532
102523
102515
102550
102491
102484
102531
102531
102512
102504
102539
102481
102478
102532
102502
102534
102499
102490
102536
102487
102480
102478
102512
102467
102511
102499
102464
102448
102492
102476
102441
102423
102471
102419
102512
102505
102469
102465
102459
102415
102408
102501
102490
102462
102451
102455
102407
102408
102487
102447
102472
102442
102427
102458
102422
102411
102409
102442
102368
102439
102425
102366
102359
102419
102403
102357
102351
102399
102349
102444
102442
102371
102375
102391
102349
102348
102440
102432
102375
102374
102391
102349
102351
102428
102372
102409
102370
102363
102395
102361
102354
102352
102343
102282
102340
102335
102281
102277
102334
102331
102277
102276
102330
102276
102344
102349
102285
102290
102330
102277
102278
102350
102351
102292
102295
102333
102279
102281
102351
102294
102343
102294
102290
102336
102288
102284
102282
102265
102224
102263
102259
102222
102216
102258
102257
102214
102210
102257
102209
102267
102272
102227
102231
102259
102209
102210
102273
102276
102233
102234
102261
102211
102214
102276
102233
102270
102232
102226
102264
102224
102217
102215
102212
102181
102209
102202
102178
102171
102200
102196
102168
102162
102195
102162
102214
102219
102184
102189
102196
102162
102164
102220
102221
102191
102192
102200
102166
102171
102220
102192
102213
102191
102185
102203
102183
102176
102173
102170
102136
102167
102160
102134
102126
102157
102151
102124
102118
102151
102117
102173
102179
102139
102145
102153
102117
102121
102180
102183
102147
102151
102161
102123
102131
102182
102152
102176
102152
102147
102166
102145
102138
102134
102122
102070
102120
102112
102069
102063
102110
102104
102061
102057
102103
102057
102125
102131
102072
102078
102107
102057
102062
102133
102138
102080
102086
102118
102064
102072
102138
102087
102134
102088
102086
102124
102084
102078
102075
102051
101988
102049
102044
101987
101987
102043
102040
101987
101988
102040
101989
102052
102058
101989
101993
102045
101990
101996
102060
102066
101995
102001
102055
101998
102002
102067
102002
102066
102003
102005
102059
102005
102004
102003
101969
101926
101969
101969
101927
101932
101970
101973
101935
101942
101975
101944
101970
101974
101926
101927
101981
101946
101949
101975
101980
101928
101930
101987
101950
101950
101982
101932
101985
101933
101940
101987
101942
101948
101949
101920
101926
101921
101927
101929
101939
101930
101939
101943
101953
101941
101955
101920
101919
101924
101919
101946
101956
101954
101920
101921
101918
101917
101945
101953
101948
101922
101918
101931
101920
101929
101942
101932
101942
101945
101939
101994
101942
101953
101997
102007
101956
101965
102010
102017
101967
102018
101936
101929
101990
101982
101966
102018
102013
101928
101926
101980
101977
101958
102011
102003
101927
101977
101937
101978
101985
101951
101988
101997
102000
102017
102091
102020
102030
102093
102100
102032
102038
102102
102107
102039
102108
102014
102007
102089
102085
102035
102108
102106
102005
102001
102084
102083
102025
102105
102100
102001
102083
102008
102084
102088
102019
102090
102097
102099
102115
102186
102117
102123
102187
102192
102125
102130
102194
102200
102131
102202
102114
102112
102184
102184
102132
102204
102206
102111
102111
102184
102187
102128
102207
102206
102111
102189
102117
102190
102196
102124
102198
102204
102205
102206
102258
102207
102213
102260
102267
102215
102222
102270
102276
102224
102278
102205
102205
102256
102254
102229
102279
102280
102206
102208
102254
102255
102229
102280
102278
102210
102257
102218
102258
102265
102226
102268
102275
102277
102270
102293
102273
102280
102294
102300
102282
102288
102301
102304
102289
102304
102269
102266
102290
102285
102290
102303
102299
102265
102265
102283
102279
102287
102298
102293
102266
102279
102274
102279
102283
102283
102285
102290
102291
102294
102290
102296
102299
102291
102290
102300
102301
102288
102284
102301
102283
102292
102286
102289
102284
102295
102281
102276
102284
102279
102281
102276
102288
102274
102270
102279
102275
102281
102274
102271
102286
102270
102269
102269
102286
102280
102287
102284
102279
102272
102282
102276
102269
102261
102274
102259
102286
102281
102280
102279
102267
102257
102253
102279
102275
102278
102275
102262
102252
102251
102273
102273
102267
102271
102263
102262
102260
102253
102252
102279
102282
102277
102270
102280
102272
102267
102258
102269
102262
102256
102261
102279
102279
102284
102286
102250
102260
102259
102279
102276
102286
102286
102250
102259
102262
102274
102285
102264
102284
102276
102252
102273
102265
102263
102283
102294
102281
102273
102292
102285
102271
102265
102283
102279
102264
102279
102285
102289
102296
102302
102263
102280
102283
102290
102290
102304
102307
102267
102284
102290
102289
102307
102281
102307
102302
102271
102300
102294
102292
102296
102302
102294
102287
102300
102294
102286
102282
102292
102290
102282
102290
102298
102305
102304
102312
102287
102291
102296
102307
102310
102314
102319
102295
102298
102305
102311
102320
102307
102319
102316
102299
102315
102309
102307
102299
102272
102296
102290
102269
102263
102289
102286
102261
102257
102286
102256
102301
102308
102274
102279
102291
102256
102259
102310
102314
102280
102281
102300
102260
102264
102315
102281
102311
102280
102276
102304
102274
102268
102266
102251
102156
102249
102242
102155
102150
102240
102236
102148
102142
102235
102140
102252
102255
102157
102158
102234
102139
102138
102256
102257
102158
102155
102239
102137
102137
102256
102153
102250
102152
102146
102243
102145
102139
102138
102112
101945
102111
102106
101945
101943
102104
102098
101941
101936
102097
101934
102112
102111
101946
101944
102091
101933
101929
102110
102108
101943
101938
102090
101928
101925
102106
101936
102098
101934
101930
102092
101929
101925
101925
101881
101669
101881
101878
101669
101669
101877
101873
101668
101665
101872
101664
101881
101878
101669
101668
101866
101663
101661
101877
101873
101667
101663
101862
101660
101657
101872
101662
101865
101661
101659
101862
101658
101657
101657
101518
101594
101519
101593
101593
101517
101519
101593
101553
101553
101548
101342
101359
101359
101401
101552
101547
101549
101359
101372
101401
101359
101514
101587
101587
101516
101587
101515
101515
101517
101591
101591
101515
101547
101587
101549
101359
101400
101342
101358
101547
101547
101548
101400
101359
101358
101371
101512
101585
101585
101512
101585
101512
101512
101512
101587
101586
101514
101586
101513
101512
101511
101584
101584
101511
101584
101512
101511
101512
104462
104930
105139
104463
103662
104389
105126
104528
104293
104630
103919
104871
103997
104600
104302
103885
104123
103805
104346
103834
104241
105252
103494
104447
101120
105387
102949
105243
104015
104439
104311
104412
104336
104871
105371
104904
107326
104673
106755
104757
104962
104886
104743
104521
104740
104408
105165
104105
105090
104245
104518
104918
104203
104774
104086
104848
104052
104065
104408
104239
104685
104595
103365
104331
104922
103408
104747
102984
103665
103948
103996
102952
101950
102815
102952
102420
102491
103232
103195
103706
102755
103719
104716
104389
104793
104372
104511
104003
104348
103617
104690
103831
104165
104831
104493
104561
103380
103550
103971
103674
104136
104188
102642
101877
102818
102295
102408
101982
102870
102887
103467
102639
103598
102662
102697
102565
103445
102261
103891
103280
102765
103883
103385
102461
102991
102329
103088
102175
102999
102882
102356
101752
102038
102061
101921
102069
102335
102283
102789
102153
102153
101915
102993
102533
101942
102131
102193
102041
102191
102407
102800
102582
102339
102939
102326
104457
102691
102415
102344
102081
102819
103997
103637
102883
104871
104662
104455
104165
104677
104614
104542
103630
103146
103344
103911
103917
103789
103699
103537
103831
104136
103736
103853
103949
103866
105028
104917
104299
103866
104046
105124
104746
104587
104102
104269
103402
104416
103965
104192
102633
102993
103741
104429
103175
103621
104505
103807
104174
103391
103535
103916
104203
102999
103669
103738
103540
103419
103374
103631
103546
102132
102365
101955
101944
102297
102430
101851
104044
103923
103820
103999
103953
103755
103664
103742
103676
103752
103433
103303
103366
103228
103668
103712
103863
103590
103184
103309
103499
103226
102581
103046
102649
103034
102843
103120
103761
103926
103842
103204
103190
103253
103257
103898
103831
103107
103860
102971
103004
103097
102684
102342
102827
102254
102816
102215
102793
101861
102554
102355
102413
101943
101975
102404
103498
103114
103289
102742
102888
102998
102698
102341
102275
102491
102079
102600
102033
102435
102851
103067
102281
103144
102221
102330
102312
101596
101865
101733
101965
101687
101617
102036
101868
102019
101971
101894
101964
101891
101918
101722
101904
101735
101788
101697
101791
101706
101624
101797
101788
101687
101724
101666
101670
102091
101968
102100
101813
102003
101869
101923
110248
108188
102981
103064
106227
109258
103293
108874
100979
128301
103035
106133
117766
102176
103514
104311
104273
104252
103917
103910
103753
104704
104987
104161
103938
104874
104663
103831
104750
103942
104242
104820
104817
103979
104836
103350
103547
103378
103416
103333
103463
103299
101915
101497
101517
101650
105896
106099
105001
105213
105068
105037
105219
104584
105037
104840
104432
105061
104558
104245
103771
104269
104128
104089
104135
103661
105615
105497
105187
105081
105149
105091
105016
104707
105202
104598
105358
104795
104884
104280
104159
104179
103618
104236
103762
104193
104789
105691
104325
104100
104218
104288
103931
104286
104301
106740
103652
104461
104024
105028
105409
104089
105087
105118
105199
105092
105779
105745
104442
103800
104116
104215
104229
104341
104324
104397
104979
105266
104217
105476
104249
104417
105288
105224
105890
104261
104956
104620
105042
105952
104199
106514
106360
106252
106514
104263
104358
104640
104484
103371
104199
104245
107436
107293
104888
105354
106079
104352
106153
104379
104851
106511
106709
106797
106411
104718
103529
104337
104496
104330
104456
104718
108851
104115
103284
102398
101842
102713
103379
103167
102217
110906
112065
104240
106622
103997
104369
104435
104060
104445
103932
104045
104350
104345
103259
103236
103297
103155
103209
102693
103451
104399
104331
104769
104247
104376
103179
104193
104197
103840
104307
103258
106568
106755
104297
106150
105418
105393
104910
104563
106284
106196
106382
106452
106169
104458
104008
104575
103534
104525
103458
104551
106884
106809
105558
104891
104812
106172
104673
106212
105624
112540
100626
103730
110215
101786
111216
102853
104611
108388
103147
105676
136562
113927
101983
103101
103271
103068
103043
103002
102815
105544
104994
105969
104741
104709
106406
103078
104553
103670
105020
104142
109081
105771
109235
108635
102535
101310
101449
102443
101686
102786
102059
117831
116564
110720
110803
110257
109988
105024
107000
103826
107529
103583
107944
105110
103239
101843
103320
103309
102909
102749
103649
113623
111418
108859
107659
108664
107875
103688
114840
107263
105705
105868
104232
108277
111025
112073
109542
109295
115330
110282
103458
102592
102764
103440
102215
102994
103704
105071
104439
103917
104901
103617
105916
104812
107773
106831
107749
106739
107893
106497
107735
101516
101445
101519
101593
101594
101517
101518
101593
101594
101519
101594
101517
101518
101519
101593
101595
101517
101594
101518
101519
101342
101444
101340
101343
101441
101436
101367
101363
101364
101440
101456
101436
101439
101341
101361
101345
101438
101436
101437
101437
101519
101593
101517
101593
101592
101517
101592
101517
101517
101517
101590
101591
101517
101591
101516
101517
101340
101344
101440
101435
101344
101442
101341
101362
101344
101436
101436
101436
101435
101368
101369
101364
101434
101432
101429
101434
101516
101426
101516
101592
101593
101518
101592
101516
101517
101518
101592
101593
101516
101517
101593
101592
101517
101593
101517
101516
101341
101440
101360
101364
101363
101436
101455
101435
101438
101339
101338
101438
101435
101360
101340
101340
101436
101436
101436
101436
101516
101588
101513
101587
101586
101512
101587
101513
101512
101514
101586
101587
101511
101365
101367
101362
101430
101430
101427
101431
101339
101436
101362
101339
101340
101432
101432
101432
101432
101339
101337
101434
101432
101515
101592
101591
101516
101591
101516
101516
101517
101591
101514
101590
101589
101515
101589
101515
101513
101339
101338
101437
101435
101340
101360
101340
101435
101436
101436
101435
101340
101439
101364
101360
101363
101435
101453
101436
101433
101513
101585
101585
101511
101512
101584
101582
101512
101584
101512
101512
101515
101585
101339
101361
101340
101431
101432
101432
101431
101339
101337
101433
101432
101367
101364
101362
101429
101428
101430
101425
101339
101435
101512
101443
101512
101587
101585
101511
101586
101513
101511
101511
101586
101512
101584
101586
101510
101362
101366
101363
101436
101452
101436
101433
101360
101340
101344
101435
101433
101434
101433
101342
101441
101340
101343
101438
101432
101511
101584
101582
101512
101583
101512
101511
101512
101584
101584
101510
101513
101584
101361
101340
101344
101432
101432
101432
101433
101368
101367
101363
101431
101429
101431
101426
101340
101344
101436
101432
101344
101438
101423
104657
104779
104954
104641
108011
109555
103545
103906
108574
109584
103412
108780
104658
105923
104264
111658
107888
104256
104569
104695
104777
104638
104785
104555
104992
103547
105573
106034
107227
104501
105000
104751
105619
105532
104625
104360
103841
104417
104844
105125
104482
104203
104130
104919
105010
104144
103803
104664
105050
103928
104701
103823
105507
104127
105631
105057
103954
105045
104967
104221
104704
104768
104353
105356
104268
103281
104580
103960
104431
104253
103659
103624
103833
104173
104228
103879
104174
103654
104081
104674
103907
104114
103581
104401
104658
103357
103314
103402
104451
102867
103957
103886
101022
101993
102951
101554
101116
102195
101537
103900
103903
103578
103606
103406
102875
102578
102808
103057
102955
103401
103362
103353
102542
103132
103039
102753
103588
101291
101190
102682
101297
101055
101729
101719
103694
102974
102329
103097
103098
102937
103623
104074
103382
102560
103732
103313
103116
104498
105563
105445
105109
105118
105010
104995
107163
106970
102965
102920
102298
103732
103181
103331
102673
103445
102751
102952
103263
103517
102916
103164
104594
104279
104276
104405
104419
104672
104400
106289
106059
106009
106198
101628
102685
101520
103213
102282
103335
102505
102209
102050
102564
102620
102786
102753
103040
103596
103409
103396
103560
103208
103635
103546
103895
106816
104902
104684
105716
103930
106157
102614
103512
103629
103719
103457
103061
103638
104260
105019
105089
104743
104766
104787
104724
105669
106043
103417
103658
103174
103973
103667
103932
103522
103510
103100
103222
103550
103592
103355
103296
104308
104656
104390
104184
104456
104516
104259
105145
105417
105282
105235
102874
103772
103135
103903
103312
104014
103512
102989
103118
103262
103121
103131
103280
103340
103875
103863
103882
103433
103903
103812
103824
104577
104282
105072
104853
104646
104164
104745
103954
103580
104049
103946
103985
103589
104048
104244
104631
104622
104676
104598
104618
104644
104473
104709
103864
104037
103738
104092
103858
104017
103807
103631
103544
103439
103651
103620
103631
103519
104137
104314
104140
104081
104123
104303
104179
104449
104654
104628
104466
103504
103960
103620
103884
103578
103898
103655
103251
103382
103416
103363
103351
103464
103494
103838
103751
103817
103506
103843
103762
103817
104109
104127
104345
104253
104214
104034
104245
103812
103610
103926
103875
103840
103582
103891
104164
104089
104319
104571
104732
104786
104351
104002
104151
103727
103900
103758
103680
103602
103733
103656
103529
103633
103554
103486
103478
103565
103524
104011
104096
104066
103875
104033
104058
104062
104016
104130
104105
104027
103597
103843
103661
103736
103580
103799
103658
103409
103513
103551
103401
103425
103527
103562
103854
103793
103841
103603
103860
103794
103842
103931
103962
104085
103997
103987
103904
104018
103768
103611
103853
103815
103789
103597
103822
104071
103580
103677
103668
103780
103765
103657
103598
103685
103508
103602
103565
103470
103443
103525
103509
103433
103485
103458
103406
103371
103411
103406
103772
103837
103832
103682
103825
103784
103789
103732
103787
103810
103705
103548
103740
103632
103583
103524
103677
103614
103414
103519
103531
103382
103400
103518
103504
103714
103702
103743
103533
103759
103663
103706
103836
103854
103912
103841
103869
103816
103861
103730
103586
103790
103764
103738
103585
103775
103885
103398
103437
103390
103445
103463
103376
103467
103499
103398
103476
103466
103375
103364
103428
103421
103300
103349
103382
103284
103302
103338
103357
103497
103530
103505
103447
103542
103484
103484
103558
103576
103597
103540
103511
103625
103609
103494
103488
103571
103577
103385
103535
103499
103437
103386
103559
103519
103545
103526
103557
103425
103576
103499
103543
103701
103730
103738
103665
103746
103682
103689
103709
103614
103739
103698
103715
103628
103719
103722
103296
103312
103258
103277
103272
103273
103340
103376
103327
103374
103377
103281
103305
103315
103340
103326
103367
103337
103327
103343
103363
103380
103390
103358
103322
103344
103385
103368
103369
103405
103428
103445
103389
103443
103492
103511
103358
103383
103398
103422
103415
103534
103514
103410
103429
103453
103474
103478
103450
103495
103437
103487
103451
103476
103523
103569
103563
103494
103579
103509
103512
103575
103609
103624
103552
103627
103561
103568
103573
103258
103260
103332
103304
103319
103314
103212
103237
103286
103258
103296
103204
103253
103203
103246
103380
103344
103384
103311
103356
103298
103339
103408
103402
103405
103394
103414
103401
103397
103238
103262
103273
103229
103312
103301
103324
103208
103239
103211
103232
103384
103354
103380
103278
103313
103259
103287
103405
103437
103439
103392
103442
103407
103391
103296
103348
103343
103284
103351
103293
103290
103328
103396
103381
103319
103391
103331
103318
103371
103191
103210
103256
103269
103287
103241
103119
103134
103203
103151
103188
103116
103142
103106
103132
103290
103234
103269
103176
103200
103164
103187
103292
103334
103329
103292
103332
103294
103288
103110
103130
103131
103111
103170
103134
103154
103093
103115
103082
103099
103236
103181
103206
103143
103164
103124
103145
103246
103299
103276
103249
103284
103259
103237
103120
103153
103149
103116
103152
103121
103117
103149
103184
103170
103144
103177
103155
103139
103191
103083
103101
103092
103117
103124
103090
103072
103074
103091
103077
103089
103067
103062
103069
103067
103115
103104
103114
103059
103055
103065
103062
103105
103144
103143
103104
103144
103105
103105
103064
103066
103063
103067
103082
103063
103076
103072
103073
103075
103079
103108
103092
103103
103074
103071
103082
103081
103104
103135
103128
103103
103130
103105
103103
103066
103064
103061
103062
103064
103066
103063
103087
103092
103083
103082
103090
103089
103081
103099
103066
103055
103042
103040
103037
103048
103091
103078
103062
103082
103070
103099
103082
103107
103091
103033
103056
103043
103062
103045
103072
103054
103030
103030
103032
103029
103032
103029
103032
103100
103082
103083
103098
103084
103100
103097
103117
103105
103126
103117
103059
103088
103077
103087
103070
103102
103087
103054
103047
103056
103050
103054
103047
103058
103112
103093
103093
103110
103094
103111
103111
103102
103089
103093
103102
103091
103098
103105
103081
103123
103104
103097
103083
103076
103104
103150
103132
103112
103136
103120
103157
103144
103163
103150
103078
103102
103086
103129
103118
103135
103124
103082
103058
103060
103082
103059
103081
103084
103158
103139
103141
103157
103129
103147
103135
103167
103154
103168
103156
103097
103121
103107
103140
103130
103143
103134
103096
103072
103081
103095
103077
103092
103100
103155
103143
103146
103158
103144
103155
103157
103133
103120
103129
103137
103124
103131
103139
103114
103180
103164
103165
103150
103146
103168
103200
103188
103172
103187
103177
103203
103195
103206
103198
103155
103166
103159
103187
103181
103190
103185
103163
103142
103143
103162
103143
103162
103164
103205
103193
103193
103205
103180
103190
103180
103209
103202
103211
103205
103163
103170
103164
103194
103190
103198
103194
103170
103148
103151
103170
103150
103168
103171
103193
103179
103182
103197
103179
103194
103196
103178
103160
103165
103181
103161
103178
103181
103173
103211
103205
103196
103195
103191
103200
103220
103217
103208
103216
103211
103212
103207
103214
103211
103192
103205
103200
103197
103190
103205
103201
103195
103189
103190
103192
103190
103193
103195
103223
103220
103220
103222
103217
103223
103222
103217
103218
103222
103226
103209
103220
103219
103217
103216
103229
103230
103213
103201
103205
103209
103204
103208
103215
103229
103221
103222
103228
103222
103229
103228
103231
103218
103221
103230
103220
103230
103231
103227
103183
103193
103170
103182
103178
103173
103190
103201
103189
103197
103196
103162
103161
103165
103167
103176
103192
103190
103157
103157
103167
103170
103178
103179
103181
103171
103183
103173
103177
103190
103201
103202
103190
103204
103204
103211
103168
103175
103172
103180
103209
103219
103224
103181
103187
103190
103198
103209
103206
103214
103202
103213
103202
103210
103206
103214
103214
103201
103217
103204
103204
103223
103229
103229
103218
103231
103221
103220
103225
103111
103128
103120
103130
103130
103118
103102
103125
103124
103122
103128
103070
103082
103071
103082
103137
103134
103143
103095
103109
103093
103106
103142
103146
103148
103136
103150
103139
103139
103104
103125
103126
103102
103133
103127
103136
103073
103083
103075
103082
103151
103145
103154
103093
103104
103089
103098
103152
103164
103166
103148
103168
103150
103149
103119
103141
103140
103115
103142
103118
103117
103133
103158
103155
103130
103158
103134
103130
103146
103018
103040
103050
103061
103068
103042
102986
103012
103033
103014
103029
102957
102975
102953
102969
103068
103043
103058
102994
103009
102984
102997
103069
103090
103087
103069
103089
103070
103067
102987
103012
103013
102985
103026
103016
103023
102954
102964
102954
102961
103047
103028
103036
102974
102984
102967
102974
103047
103077
103068
103049
103072
103053
103043
103002
103027
103027
102999
103028
103001
103000
103009
103037
103033
103008
103035
103011
103007
103023
102898
102927
102920
102948
102954
102915
102865
102889
102910
102891
102904
102835
102843
102831
102839
102935
102917
102926
102851
102856
102847
102852
102928
102965
102962
102929
102963
102929
102927
102862
102887
102888
102862
102901
102891
102899
102830
102837
102829
102836
102918
102905
102912
102845
102850
102843
102849
102913
102949
102940
102915
102943
102917
102911
102878
102905
102903
102874
102905
102877
102876
102888
102914
102911
102886
102913
102889
102886
102898
102774
102800
102775
102804
102805
102775
102761
102782
102782
102776
102779
102730
102729
102725
102726
102784
102782
102784
102727
102727
102726
102727
102778
102807
102807
102776
102807
102777
102777
102753
102776
102774
102754
102777
102769
102774
102720
102722
102714
102717
102785
102780
102785
102724
102728
102720
102725
102781
102807
102806
102779
102807
102780
102779
102754
102780
102778
102751
102780
102754
102752
102766
102794
102789
102763
102792
102766
102762
102775
102674
102694
102678
102694
102694
102677
102663
102685
102682
102675
102678
102631
102637
102627
102634
102685
102680
102683
102644
102651
102641
102649
102684
102697
102698
102683
102698
102684
102683
102654
102677
102675
102656
102672
102663
102666
102622
102628
102619
102623
102680
102669
102675
102635
102642
102628
102635
102681
102698
102695
102680
102697
102682
102679
102646
102666
102665
102647
102665
102647
102646
102654
102676
102671
102652
102674
102656
102651
102668
102592
102607
102607
102617
102620
102603
102572
102588
102598
102584
102595
102557
102566
102553
102562
102619
102607
102616
102577
102584
102574
102581
102620
102633
102633
102619
102633
102620
102619
102569
102584
102584
102569
102590
102581
102587
102551
102559
102551
102557
102609
102595
102602
102569
102575
102564
102569
102609
102627
102622
102611
102623
102613
102608
102575
102586
102586
102573
102586
102575
102574
102582
102596
102591
102581
102594
102584
102580
102594
102541
102549
102541
102553
102554
102541
102531
102534
102541
102534
102536
102525
102518
102519
102512
102545
102540
102541
102511
102503
102505
102499
102533
102554
102554
102535
102553
102534
102533
102524
102530
102530
102525
102532
102528
102529
102512
102506
102507
102501
102536
102530
102531
102499
102493
102495
102490
102524
102546
102544
102527
102544
102526
102524
102522
102533
102532
102523
102533
102523
102523
102520
102535
102534
102521
102534
102520
102520
102520
102495
102507
102475
102494
102490
102480
102503
102510
102492
102499
102486
102471
102457
102467
102453
102464
102470
102458
102441
102427
102436
102423
102446
102465
102465
102451
102463
102448
102448
102492
102503
102500
102495
102478
102483
102472
102460
102446
102453
102441
102453
102460
102451
102431
102419
102429
102418
102438
102456
102456
102441
102455
102439
102440
102467
102481
102481
102473
102479
102469
102470
102450
102464
102467
102453
102464
102449
102453
102441
102411
102432
102397
102420
102416
102401
102426
102447
102416
102424
102414
102376
102371
102377
102372
102394
102402
102392
102366
102361
102366
102361
102378
102393
102393
102382
102391
102380
102380
102424
102445
102442
102425
102411
102418
102409
102378
102372
102378
102373
102390
102399
102390
102367
102361
102367
102362
102376
102388
102390
102378
102388
102376
102378
102402
102418
102420
102408
102416
102404
102405
102389
102401
102405
102392
102401
102389
102392
102381
102317
102337
102314
102334
102333
102315
102327
102348
102328
102333
102330
102291
102289
102293
102291
102324
102328
102326
102287
102286
102289
102288
102314
102329
102329
102314
102329
102314
102314
102332
102352
102352
102331
102333
102338
102335
102296
102294
102299
102296
102327
102331
102328
102292
102289
102293
102290
102315
102329
102331
102315
102330
102315
102316
102330
102347
102348
102331
102347
102330
102331
102324
102340
102342
102326
102340
102324
102326
102319
102245
102259
102242
102257
102257
102242
102257
102270
102254
102260
102257
102229
102225
102231
102227
102249
102253
102251
102220
102217
102222
102219
102241
102257
102258
102241
102258
102241
102241
102262
102274
102275
102261
102259
102264
102261
102233
102229
102235
102231
102252
102257
102253
102224
102220
102226
102222
102243
102259
102260
102243
102259
102242
102243
102259
102274
102275
102260
102274
102259
102260
102252
102267
102269
102253
102267
102251
102254
102246
102194
102205
102187
102200
102198
102189
102208
102218
102201
102208
102203
102185
102180
102188
102183
102191
102197
102193
102173
102169
102176
102172
102183
102194
102195
102184
102194
102183
102184
102212
102221
102221
102212
102206
102212
102208
102191
102186
102193
102189
102195
102202
102197
102180
102175
102183
102178
102187
102196
102197
102186
102197
102186
102188
102208
102217
102218
102210
102217
102208
102209
102200
102208
102211
102201
102208
102199
102202
102192
102153
102162
102145
102156
102154
102146
102168
102177
102160
102169
102164
102143
102138
102147
102142
102149
102157
102152
102132
102127
102136
102130
102141
102150
102151
102141
102150
102141
102141
102172
102181
102182
102172
102168
102176
102172
102151
102146
102155
102151
102156
102166
102161
102140
102135
102145
102140
102147
102154
102157
102146
102155
102145
102148
102172
102180
102181
102173
102180
102172
102173
102165
102171
102174
102165
102172
102163
102167
102155
102100
102115
102093
102109
102107
102094
102113
102129
102111
102120
102115
102081
102078
102085
102082
102100
102109
102104
102072
102068
102076
102072
102090
102103
102104
102089
102104
102089
102090
102119
102133
102135
102118
102120
102129
102125
102090
102087
102095
102092
102109
102119
102114
102081
102077
102087
102082
102097
102108
102112
102096
102110
102095
102098
102124
102137
102138
102124
102138
102123
102124
102118
102130
102133
102118
102131
102116
102120
102107
102026
102046
102022
102042
102041
102023
102033
102055
102039
102045
102043
102000
101999
102003
102003
102033
102039
102036
101998
101998
102001
102001
102025
102041
102042
102023
102042
102024
102025
102039
102059
102061
102037
102048
102055
102053
102008
102008
102012
102012
102041
102049
102046
102006
102006
102010
102010
102032
102047
102050
102030
102049
102030
102032
102048
102068
102068
102046
102068
102047
102047
102045
102063
102066
102045
102064
102043
102046
102039
101952
101969
101955
101969
101970
101954
101953
101971
101963
101964
101966
101932
101936
101934
101938
101967
101968
101970
101941
101947
101944
101949
101966
101977
101978
101963
101979
101965
101965
101957
101975
101976
101956
101970
101971
101973
101936
101941
101938
101942
101974
101975
101977
101946
101951
101947
101952
101971
101983
101984
101969
101985
101970
101971
101966
101984
101984
101964
101985
101965
101965
101970
101986
101987
101969
101987
101970
101969
101972
101922
101923
101932
101930
101932
101929
101914
101919
101925
101918
101925
101924
101931
101921
101929
101939
101933
101940
101939
101946
101937
101945
101945
101944
101944
101943
101945
101944
101944
101912
101919
101919
101912
101925
101919
101925
101920
101927
101918
101925
101940
101932
101939
101936
101944
101933
101941
101945
101947
101946
101944
101947
101945
101943
101920
101926
101925
101917
101927
101920
101919
101932
101937
101935
101929
101937
101932
101929
101940
101964
101949
101975
101957
101960
101972
101944
101931
101954
101943
101950
101984
101991
101979
101986
101969
101958
101965
101998
102004
101993
101999
101982
101969
101968
101982
101969
101982
101981
101938
101926
101925
101939
101946
101936
101943
101974
101981
101970
101976
101962
101950
101957
101988
101994
101983
101989
101975
101966
101963
101976
101965
101977
101974
101943
101931
101929
101941
101931
101943
101941
101954
101944
101940
101952
101943
101956
101951
101966
102050
102026
102057
102033
102035
102056
102033
102009
102036
102026
102031
102080
102084
102077
102082
102046
102037
102042
102089
102093
102086
102090
102060
102039
102038
102061
102039
102061
102060
102028
102003
102002
102029
102026
102018
102022
102074
102078
102072
102076
102037
102028
102033
102083
102087
102080
102084
102054
102034
102031
102055
102032
102056
102053
102029
102003
102002
102028
102003
102029
102028
102036
102013
102010
102035
102012
102038
102034
102046
102144
102120
102150
102125
102126
102149
102137
102112
102133
102129
102133
102176
102180
102177
102181
102141
102137
102141
102185
102189
102186
102190
102158
102133
102132
102156
102133
102157
102157
102136
102110
102110
102136
102132
102128
102131
102178
102183
102179
102183
102140
102135
102139
102187
102191
102188
102192
102157
102133
102131
102157
102132
102158
102157
102142
102113
102113
102140
102114
102142
102141
102148
102120
102118
102147
102120
102148
102146
102154
102230
102210
102237
102215
102217
102235
102222
102204
102223
102220
102225
102254
102259
102253
102258
102234
102230
102235
102265
102270
102265
102270
102248
102227
102227
102246
102228
102247
102247
102223
102204
102205
102222
102226
102222
102227
102253
102259
102253
102259
102236
102232
102237
102265
102271
102265
102270
102250
102231
102230
102249
102231
102250
102249
102233
102214
102213
102231
102214
102233
102232
102242
102223
102220
102240
102222
102242
102240
102248
102287
102277
102294
102282
102284
102292
102275
102266
102283
102275
102280
102291
102295
102287
102291
102294
102287
102292
102299
102302
102296
102299
102298
102291
102290
102298
102291
102298
102298
102272
102263
102263
102272
102279
102272
102277
102283
102286
102280
102283
102291
102283
102289
102292
102296
102288
102292
102296
102290
102289
102296
102290
102297
102295
102276
102269
102268
102274
102270
102276
102274
102283
102279
102276
102282
102279
102284
102281
102291
102298
102299
102300
102301
102302
102300
102289
102288
102296
102289
102291
102290
102289
102285
102284
102298
102293
102294
102287
102285
102283
102280
102294
102299
102299
102296
102298
102295
102294
102283
102284
102282
102284
102285
102280
102281
102280
102279
102276
102275
102289
102283
102285
102278
102276
102274
102272
102287
102294
102292
102289
102292
102289
102287
102278
102279
102279
102278
102279
102278
102278
102279
102283
102281
102279
102283
102280
102278
102282
102283
102287
102277
102284
102282
102279
102283
102284
102280
102280
102276
102278
102273
102277
102271
102270
102271
102266
102266
102260
102263
102257
102264
102271
102271
102267
102270
102265
102265
102278
102280
102279
102280
102272
102273
102269
102274
102268
102271
102266
102263
102264
102260
102261
102255
102259
102254
102258
102265
102264
102260
102264
102259
102259
102268
102270
102271
102271
102269
102270
102270
102260
102264
102265
102263
102264
102261
102262
102257
102274
102274
102265
102268
102265
102267
102282
102281
102270
102277
102270
102279
102273
102280
102274
102257
102262
102255
102266
102260
102266
102260
102252
102253
102252
102255
102251
102253
102254
102282
102280
102280
102283
102268
102274
102267
102280
102274
102280
102274
102254
102260
102254
102266
102260
102267
102261
102250
102249
102249
102251
102248
102250
102251
102272
102270
102271
102275
102269
102273
102274
102261
102257
102261
102264
102258
102261
102264
102254
102281
102277
102273
102270
102268
102275
102292
102288
102279
102287
102281
102291
102287
102295
102291
102268
102274
102269
102282
102278
102285
102281
102269
102263
102263
102269
102262
102269
102269
102296
102290
102291
102295
102283
102290
102285
102299
102295
102302
102297
102271
102278
102273
102289
102284
102292
102288
102272
102263
102265
102272
102264
102271
102273
102293
102286
102287
102295
102286
102293
102294
102284
102276
102279
102286
102276
102284
102287
102277
102293
102289
102288
102284
102283
102289
102307
102302
102294
102303
102299
102302
102298
102307
102303
102288
102294
102292
102295
102293
102300
102297
102289
102283
102284
102288
102284
102288
102289
102314
102307
102308
102313
102304
102311
102308
102312
102309
102316
102313
102296
102304
102301
102305
102302
102310
102307
102296
102288
102291
102295
102290
102294
102297
102316
102310
102311
102317
102310
102316
102317
102311
102303
102306
102311
102304
102310
102313
102304
102288
102291
102282
102287
102286
102284
102302
102306
102294
102302
102299
102279
102276
102282
102278
102288
102295
102292
102272
102269
102274
102271
102283
102287
102288
102282
102287
102282
102283
102308
102311
102312
102307
102303
102310
102307
102285
102282
102287
102284
102297
102304
102300
102278
102274
102280
102277
102289
102292
102296
102288
102294
102287
102290
102309
102314
102314
102309
102314
102308
102309
102304
102308
102310
102304
102309
102303
102305
102296
102222
102245
102215
102240
102239
102217
102231
102255
102236
102241
102237
102175
102171
102175
102171
102228
102232
102228
102167
102163
102166
102162
102209
102233
102234
102210
102233
102209
102209
102232
102257
102257
102232
102238
102243
102239
102175
102170
102174
102170
102230
102235
102231
102166
102162
102166
102162
102210
102234
102236
102210
102235
102210
102211
102226
102254
102254
102228
102253
102227
102227
102220
102246
102248
102221
102247
102219
102221
102213
102060
102109
102055
102104
102103
102056
102063
102112
102082
102085
102081
101975
101971
101973
101969
102075
102077
102073
101968
101965
101966
101963
102044
102093
102093
102046
102092
102046
102045
102061
102111
102111
102062
102079
102081
102077
101970
101966
101967
101964
102071
102073
102070
101963
101960
101961
101958
102041
102090
102090
102042
102089
102042
102041
102050
102102
102103
102053
102101
102051
102052
102044
102094
102096
102046
102095
102044
102045
102040
101813
101880
101810
101878
101877
101811
101812
101880
101843
101844
101841
101706
101702
101703
101700
101839
101839
101837
101700
101699
101698
101697
101802
101869
101868
101804
101867
101803
101803
101809
101878
101876
101810
101838
101839
101836
101700
101697
101699
101695
101833
101833
101831
101695
101694
101694
101693
101798
101864
101863
101799
101863
101799
101798
101801
101868
101869
101802
101867
101801
101802
101797
101863
101863
101798
101863
101797
101797
101795
105948
105882
105145
105150
105020
105035
105301
104729
104957
104851
104584
105210
104656
104257
103756
104273
104185
104064
104181
103672
105393
105280
104984
104885
104999
104879
104834
104636
105113
104674
105196
104701
104763
104217
104117
104151
103753
104206
103789
104173
105748
105613
104136
104258
104335
104248
103636
104062
104159
105260
104276
104470
104352
104732
105106
104154
104969
104833
104949
104852
105518
105346
104247
103677
104013
104097
104066
104181
104177
104333
104734
104887
104058
105058
104176
104228
105157
105167
106111
104518
104952
104945
105283
106029
104542
106607
106361
106244
106475
104459
104606
104797
104829
103860
104533
104678
106709
106421
104945
105278
105763
104632
105942
104638
104901
106035
105994
106203
105849
104826
103962
104604
104704
104552
104678
104809
104541
104675
103526
103539
103734
103885
103759
103648
103734
104266
104295
104353
104313
104548
104496
104693
104412
104808
104519
104494
104861
104836
104075
103909
103779
104000
103814
103941
104084
104521
104550
104488
104538
104650
103579
104589
104707
104310
104737
103822
106509
106432
104669
105780
105516
105602
104953
104968
105782
105730
105755
105923
105602
104637
104284
104742
103980
104712
103750
104695
105984
105803
105376
104716
104870
105317
104673
105380
105362
104638
104362
104261
104426
103464
104468
104305
104068
104147
103319
104149
104930
104602
103752
103384
103791
103774
103764
103767
103801
104327
104475
104460
104347
103991
104231
103578
104224
103630
104245
103893
104590
104553
106579
106035
103371
103473
103745
103806
102830
103654
103612
109371
107760
106601
106800
105977
105820
104612
105497
104069
105267
104095
105714
104544
103896
103085
103975
103845
103798
103712
103996
106616
105785
105371
104843
105210
104981
103524
104219
104416
104348
103912
103847
104127
105914
105764
105182
105340
105352
104855
103789
103529
103457
103913
103177
103789
103898
104253
103966
103972
104075
103821
104063
104263
104736
104643
104877
104528
104501
104389
104255
105249
104999
104747
104801
104785
104758
104643
104918
104565
104555
104663
104867
104627
104199
104152
103835
104117
104164
104182
103916
104802
104764
104635
104674
104668
104638
104510
104403
104619
104520
104644
104445
104524
104173
104116
104239
104066
104177
103941
104242
105122
105228
104193
104023
104113
103736
104179
104060
104129
104215
104810
104069
104423
104223
104728
104047
104683
104654
104659
104675
105013
104934
104210
103809
104141
104200
104084
104144
104250
104239
104417
104640
104082
104684
104077
104278
104787
104742
104721
105553
104644
104882
104831
105275
104542
105312
105647
105553
105390
104664
104556
104651
104289
104740
104548
104634
105326
104956
104652
104788
104745
104344
105036
104500
104500
105062
104842
105118
104791
104593
104328
104414
104496
104498
104589
104451
104719
104852
103991
103819
104059
103859
104114
103696
103970
104440
104613
104568
104528
104210
104150
104399
104179
104448
104200
104162
104610
104521
103928
103847
103674
103874
103696
103923
103887
104345
104349
104435
104264
104643
104677
103938
104527
104599
104679
104203
105155
105336
105044
104542
104935
104766
105109
104687
104844
104939
104799
105006
104773
104602
104502
104563
104299
104647
104255
104547
104883
104736
104856
104599
104516
104539
104525
104655
104733
104398
104541
104436
104482
103889
103745
104313
104086
103945
103686
104263
104591
104629
103893
103478
103756
103805
103798
103859
103847
104381
104344
104424
104310
103909
104107
103697
104227
103749
104286
103856
104583
104512
104899
104703
104205
104150
104033
103685
104189
104121
104064
104893
105314
104612
104675
104811
104491
104533
104763
104107
104410
104286
104622
104319
104231
103790
104066
103970
104181
104082
104107
104688
104475
104496
104222
104386
104324
104173
104016
104136
103907
104256
103972
104064
104305
104543
104430
104417
104288
104362
103932
103969
103563
103943
103628
104037
103849
104119
103908
103908
103991
103976
104067
104027
104227
104207
104337
104110
104247
104153
104262
104496
104434
104594
104610
104579
104666
104462
104489
104379
104393
104443
104483
104450
104259
104226
104071
104280
104234
104224
104164
104595
104555
104618
104777
104749
104612
104395
104285
104373
104288
104427
104328
104302
104158
104208
104036
104084
104115
104107
104074
104984
104837
104136
104141
104171
104014
104225
104103
104177
104137
104569
104061
104303
104237
104484
104050
104786
104915
104814
104941
105229
105929
103953
103965
103879
104086
103971
104110
103856
103934
104246
104238
104048
104365
104029
103629
104548
104452
104339
104603
104358
104391
104450
104433
104235
104437
104662
104623
104467
104314
104393
104441
104202
104413
104273
104326
104361
104232
104302
104359
104227
104130
104370
104249
104209
104347
104206
104344
104218
104267
104179
104138
104144
104253
104252
104157
104413
104428
103898
103708
103862
103839
103876
103751
103877
104211
104291
104215
104275
104097
103999
104192
104140
104218
104124
104095
104348
104330
103890
103836
103784
103896
103757
103878
103904
104179
104236
104243
104174
104322
104496
104256
104291
104456
104350
104153
104443
104597
104430
104415
104436
104265
104596
104307
104305
104311
104204
104338
104178
104220
104225
104138
104003
104255
104101
104107
104315
104187
104307
104192
104113
104108
104217
104223
104181
104239
104294
104270
104270
103845
103730
104222
104010
103858
103721
104189
104427
104472
103849
103540
103796
103846
103775
103829
103861
104218
104229
104242
104205
103858
104020
103758
104158
103754
104182
103861
104395
104362
104307
104253
104010
104078
103946
103714
104070
104010
103900
104308
104392
104177
104169
104251
104108
104089
104212
103969
104133
104049
104219
104016
104009
103759
103951
103865
104018
103907
103954
104288
104216
104165
104051
104104
104102
103974
103928
104001
103811
104009
103902
103972
104033
104169
104080
104115
104101
104139
103822
103893
103602
103867
103623
103902
103798
103973
103828
103895
103958
103913
103979
103947
104029
104060
104108
103991
104096
104062
104160
103968
103870
104070
104478
104331
104128
103958
104163
104129
103975
104100
103977
103999
103849
103914
103985
103943
103943
103818
103883
103923
103775
103935
103822
103953
103795
103839
103852
103713
103736
103849
103876
103715
103770
103835
103668
103681
103755
103797
103672
106191
106238
103703
103767
104003
103812
103754
103695
103923
103252
104140
104007
104108
103403
104142
103888
104224
103885
104061
103915
105526
104654
103714
103732
103594
103742
103652
103839
103663
103267
104049
104087
103752
104135
103856
103360
104265
104206
103969
104127
104069
103973
104119
103978
103914
104007
104130
104138
104013
103972
104098
104077
103916
104096
103954
103969
103900
103763
103862
103866
103725
103694
103868
103841
103724
103913
103815
103931
103787
103880
103863
103748
103783
103881
103891
103762
104211
104248
103863
103755
103878
103847
103872
103762
103875
104094
104186
104121
104158
103941
103796
103926
103945
103968
103974
103905
104118
104065
103811
103792
103693
103806
103697
103832
103786
104020
104037
104086
103976
103970
104075
103975
103967
104046
103982
103901
104038
104117
104032
104066
104058
103970
104110
104000
103990
103960
103856
103958
103871
103921
103917
103824
103801
103918
103878
103844
103989
103912
103984
103950
103902
103901
103966
103960
103913
104143
104186
104173
104155
103857
103777
104138
103967
103867
103768
104099
104271
104320
103830
103589
103745
103792
103767
103814
103801
104088
104037
104090
104035
103839
103942
103733
104004
103763
104059
103807
104207
104138
104030
104000
103881
103935
103848
103693
103927
103886
103813
104098
104166
104005
104017
104062
103967
103915
103970
103863
103941
103904
103981
103881
103866
103706
103849
103789
103877
103804
103842
104055
104006
103976
103912
103942
103940
103903
103879
103941
103801
103927
103867
103920
103929
104027
103964
103983
103999
104032
103758
103805
103591
103793
103595
103811
103746
103877
103772
103826
103864
103835
103886
103859
103903
103927
103955
103879
103962
103936
104029
103551
103520
103591
103721
103699
103616
103552
103635
103653
103541
103636
103550
103564
103539
103615
103621
103562
103618
103541
103539
103526
103473
103537
103481
103552
103472
103506
103504
103463
103472
103509
103520
103458
103499
103520
103446
103453
103504
103506
103450
103824
104081
103550
103568
103675
103486
103625
103507
103585
103551
104018
103678
103730
103527
103820
103575
103607
103494
103582
103520
103712
103594
103512
103459
103420
103462
103471
103543
103446
103530
103669
103590
103438
103703
103531
103458
103876
103750
103566
103648
103641
103545
103648
103564
103548
103626
103742
103709
103659
103609
103686
103714
103616
103685
103602
103638
103563
103518
103535
103517
103488
103482
103530
103532
103494
103587
103569
103617
103543
103570
103592
103526
103556
103572
103599
103531
103893
103960
103679
103609
103746
103689
103719
103595
103703
103831
103948
103888
103886
103682
103592
103626
103627
103682
103663
103626
103779
103712
103606
103602
103488
103591
103505
103637
103562
103737
103728
103790
103679
103719
103761
103766
103685
103789
103687
103696
103780
103854
103787
103856
103861
103801
103858
103789
103796
103684
103608
103659
103631
103675
103649
103599
103615
103644
103665
103626
103728
103674
103734
103761
103692
103697
103742
103752
103681
103895
103957
103961
103889
103722
103708
103949
103804
103768
103664
103887
103979
104058
103665
103487
103573
103614
103612
103647
103621
103815
103744
103808
103755
103677
103761
103596
103779
103633
103832
103635
103903
103833
103852
103809
103803
103840
103787
103689
103837
103801
103772
103921
103968
103877
103894
103920
103866
103816
103803
103750
103772
103800
103825
103771
103792
103703
103748
103743
103782
103769
103764
103880
103825
103854
103806
103840
103812
103815
103783
103822
103709
103833
103772
103798
103837
103906
103857
103879
103872
103897
103725
103751
103598
103755
103587
103769
103719
103792
103665
103729
103742
103730
103755
103783
103816
103827
103854
103799
103835
103815
103830
103419
103397
103386
103441
103431
103393
103393
103434
103439
103406
103428
103404
103407
103383
103415
103425
103385
103422
103372
103387
103366
103338
103357
103318
103350
103327
103365
103380
103350
103352
103374
103376
103340
103356
103352
103315
103335
103342
103360
103330
103421
103516
103343
103390
103425
103326
103404
103342
103354
103355
103518
103402
103436
103419
103426
103320
103342
103300
103341
103288
103365
103299
103309
103315
103285
103284
103316
103322
103274
103326
103400
103314
103239
103377
103300
103276
103472
103400
103450
103470
103476
103426
103479
103441
103440
103488
103544
103520
103509
103481
103508
103532
103493
103508
103476
103500
103442
103409
103428
103406
103387
103390
103416
103425
103397
103460
103444
103480
103427
103453
103471
103420
103439
103452
103473
103423
103554
103606
103466
103394
103533
103484
103498
103394
103500
103546
103642
103592
103594
103436
103362
103392
103387
103413
103380
103415
103470
103443
103421
103416
103361
103444
103320
103460
103412
103481
103501
103527
103461
103557
103568
103592
103540
103593
103537
103555
103592
103632
103599
103651
103658
103626
103638
103613
103616
103524
103469
103505
103486
103524
103508
103469
103492
103502
103527
103488
103551
103513
103558
103590
103534
103539
103572
103577
103520
103641
103671
103685
103621
103574
103577
103733
103662
103601
103553
103691
103716
103769
103516
103409
103459
103500
103470
103507
103497
103590
103536
103569
103558
103560
103652
103533
103620
103560
103660
103545
103668
103622
103659
103624
103708
103728
103739
103669
103745
103688
103711
103734
103787
103737
103784
103781
103747
103671
103633
103606
103607
103658
103655
103621
103680
103662
103615
103647
103663
103689
103635
103696
103642
103703
103669
103717
103653
103755
103695
103707
103657
103767
103701
103702
103755
103789
103783
103762
103763
103784
103684
103683
103626
103664
103631
103703
103663
103736
103633
103656
103659
103668
103677
103695
103731
103684
103729
103693
103725
103695
103686
103311
103281
103292
103297
103304
103286
103297
103320
103322
103306
103314
103301
103305
103296
103299
103313
103298
103308
103289
103302
103277
103273
103280
103289
103282
103281
103276
103277
103265
103271
103276
103280
103269
103282
103288
103289
103284
103284
103285
103281
103257
103270
103259
103275
103274
103282
103269
103277
103262
103266
103300
103261
103293
103259
103280
103263
103275
103298
103280
103303
103279
103309
103277
103290
103300
103314
103284
103289
103305
103283
103316
103319
103316
103293
103289
103312
103318
103332
103332
103355
103364
103318
103366
103324
103329
103354
103407
103391
103369
103352
103386
103404
103369
103386
103352
103368
103303
103272
103297
103286
103263
103269
103290
103297
103268
103314
103292
103327
103281
103313
103330
103284
103293
103315
103327
103281
103399
103396
103399
103345
103424
103416
103393
103376
103425
103424
103462
103428
103450
103390
103354
103386
103389
103372
103367
103401
103400
103408
103410
103420
103400
103430
103394
103433
103415
103425
103436
103447
103421
103410
103428
103453
103398
103447
103391
103416
103426
103467
103433
103488
103491
103461
103474
103446
103451
103358
103307
103344
103320
103362
103353
103310
103332
103346
103369
103325
103375
103335
103383
103409
103352
103355
103394
103397
103341
103503
103503
103529
103481
103529
103552
103595
103570
103544
103509
103553
103540
103586
103475
103452
103448
103452
103454
103486
103463
103490
103451
103472
103468
103517
103554
103467
103485
103519
103527
103487
103514
103480
103482
103430
103539
103579
103607
103535
103592
103522
103550
103536
103595
103548
103624
103607
103563
103469
103443
103402
103402
103462
103456
103411
103481
103490
103414
103433
103473
103495
103422
103479
103418
103490
103438
103504
103426
103598
103621
103628
103594
103657
103580
103588
103588
103637
103648
103576
103594
103651
103520
103503
103454
103445
103518
103509
103456
103540
103548
103468
103476
103530
103539
103472
103527
103447
103515
103458
103535
103467
103546
103221
103198
103274
103287
103272
103293
103250
103245
103252
103231
103254
103238
103246
103272
103287
103270
103292
103270
103292
103269
103242
103234
103260
103275
103283
103253
103233
103209
103210
103216
103218
103227
103224
103256
103277
103271
103243
103280
103252
103249
103348
103332
103335
103306
103326
103317
103320
103315
103339
103355
103350
103344
103377
103339
103367
103361
103326
103298
103306
103318
103343
103333
103329
103305
103298
103319
103306
103330
103319
103350
103370
103351
103342
103363
103353
103340
103387
103382
103212
103233
103239
103217
103236
103213
103218
103215
103251
103243
103220
103217
103249
103253
103231
103244
103225
103223
103181
103161
103183
103192
103170
103173
103186
103190
103164
103181
103160
103184
103159
103184
103195
103172
103163
103192
103188
103163
103410
103420
103408
103414
103430
103396
103422
103395
103410
103413
103438
103429
103415
103394
103388
103369
103362
103391
103390
103370
103396
103369
103390
103379
103351
103354
103384
103385
103361
103395
103357
103391
103364
103242
103265
103284
103242
103276
103233
103250
103247
103284
103252
103299
103300
103268
103290
103260
103261
103195
103163
103189
103166
103199
103200
103166
103176
103192
103205
103169
103202
103171
103205
103218
103179
103177
103212
103212
103173
103410
103445
103449
103413
103401
103445
103445
103382
103450
103385
103392
103405
103452
103367
103369
103339
103315
103377
103360
103328
103375
103345
103384
103333
103357
103335
103297
103299
103348
103344
103311
103364
103319
103277
103226
103302
103357
103370
103309
103360
103300
103310
103300
103357
103304
103373
103364
103311
103241
103233
103196
103192
103241
103237
103195
103247
103256
103201
103206
103247
103253
103200
103244
103197
103248
103205
103253
103200
103341
103408
103414
103360
103406
103344
103350
103327
103381
103392
103317
103335
103400
103269
103264
103229
103213
103276
103260
103223
103281
103304
103240
103245
103289
103292
103233
103267
103211
103259
103219
103276
103227
103320
103146
103121
103207
103248
103228
103223
103182
103183
103192
103159
103200
103169
103174
103202
103245
103216
103215
103222
103220
103197
103158
103132
103169
103151
103183
103141
103151
103132
103120
103123
103139
103145
103128
103165
103178
103150
103136
103182
103161
103139
103268
103301
103258
103268
103288
103239
103289
103241
103257
103273
103317
103308
103285
103307
103281
103274
103209
103161
103197
103170
103219
103177
103211
103195
103161
103171
103196
103210
103171
103223
103234
103185
103181
103231
103224
103180
103291
103240
103123
103142
103145
103137
103137
103129
103130
103115
103130
103131
103112
103119
103142
103133
103122
103134
103126
103115
103097
103088
103100
103111
103095
103095
103105
103106
103091
103093
103081
103090
103085
103096
103097
103091
103082
103101
103093
103087
103290
103331
103283
103318
103313
103267
103323
103277
103273
103284
103317
103326
103275
103241
103242
103196
103192
103243
103238
103194
103240
103193
103234
103222
103187
103183
103231
103225
103189
103235
103184
103228
103190
103111
103132
103138
103119
103134
103113
103116
103110
103133
103111
103138
103137
103113
103135
103114
103111
103085
103078
103088
103075
103087
103092
103079
103077
103089
103089
103075
103084
103073
103084
103084
103074
103070
103085
103083
103072
103250
103305
103291
103263
103229
103259
103254
103206
103268
103218
103218
103237
103277
103202
103209
103175
103163
103215
103197
103167
103207
103177
103218
103170
103191
103171
103152
103151
103184
103179
103158
103197
103162
103114
103085
103125
103158
103162
103135
103156
103127
103132
103122
103154
103125
103162
103156
103131
103091
103087
103077
103073
103092
103088
103076
103097
103106
103083
103089
103098
103104
103082
103093
103078
103097
103089
103103
103082
103158
103198
103198
103178
103189
103165
103169
103145
103167
103175
103137
103152
103183
103120
103116
103110
103097
103124
103112
103106
103129
103146
103118
103121
103136
103137
103113
103117
103095
103110
103103
103124
103109
103158
103077
103066
103085
103112
103105
103087
103081
103093
103096
103079
103098
103080
103081
103084
103111
103103
103087
103103
103087
103084
103063
103059
103062
103053
103062
103056
103064
103066
103063
103063
103065
103065
103061
103062
103063
103054
103059
103063
103063
103057
103095
103128
103093
103117
103125
103090
103125
103089
103094
103096
103135
103131
103100
103130
103098
103097
103061
103050
103060
103048
103061
103046
103062
103061
103050
103050
103060
103062
103048
103061
103063
103045
103047
103062
103062
103045
103102
103065
103073
103079
103078
103076
103076
103075
103074
103071
103068
103071
103068
103071
103075
103070
103070
103073
103073
103069
103067
103073
103067
103067
103072
103072
103067
103067
103073
103067
103074
103066
103074
103067
103066
103074
103074
103067
103066
103074
103106
103144
103105
103141
103138
103104
103142
103105
103105
103106
103139
103142
103106
103069
103067
103047
103049
103067
103068
103048
103070
103050
103071
103073
103052
103056
103071
103073
103052
103071
103056
103073
103052
103064
103067
103064
103068
103063
103067
103065
103063
103061
103062
103061
103059
103061
103060
103063
103061
103064
103075
103065
103076
103064
103066
103076
103076
103066
103064
103076
103064
103077
103064
103063
103078
103077
103064
103064
103077
103104
103136
103132
103105
103103
103123
103121
103101
103126
103101
103102
103104
103128
103077
103076
103061
103067
103076
103078
103065
103077
103060
103075
103064
103081
103084
103073
103075
103082
103082
103071
103080
103069
103061
103064
103070
103070
103076
103077
103069
103070
103076
103067
103066
103070
103075
103070
103075
103069
103065
103082
103081
103068
103067
103083
103072
103076
103083
103086
103071
103076
103084
103070
103083
103072
103087
103075
103084
103091
103099
103102
103097
103097
103093
103095
103085
103081
103088
103080
103089
103093
103082
103079
103087
103087
103082
103079
103088
103084
103085
103085
103086
103084
103085
103087
103081
103087
103078
103088
103083
103088
103085
103081
103090
103060
103046
103051
103054
103068
103063
103061
103077
103058
103072
103072
103061
103048
103055
103058
103053
103055
103064
103073
103091
103067
103079
103061
103086
103077
103086
103099
103097
103082
103080
103094
103070
103064
103079
103089
103062
103072
103087
103038
103033
103042
103041
103038
103049
103037
103047
103043
103036
103031
103032
103032
103032
103032
103036
103047
103071
103053
103064
103042
103059
103047
103055
103071
103064
103054
103047
103063
103040
103034
103052
103056
103036
103039
103056
103030
103031
103090
103076
103075
103085
103077
103088
103088
103093
103080
103079
103095
103093
103078
103080
103094
103079
103091
103095
103102
103119
103101
103095
103115
103116
103098
103098
103118
103104
103124
103106
103122
103104
103105
103119
103124
103102
103106
103121
103031
103033
103035
103037
103041
103042
103036
103037
103039
103035
103040
103036
103039
103032
103031
103044
103047
103031
103032
103045
103032
103046
103036
103043
103051
103053
103037
103041
103049
103035
103053
103040
103049
103101
103082
103084
103098
103084
103098
103101
103103
103085
103104
103087
103088
103108
103087
103106
103107
103111
103127
103108
103129
103112
103109
103127
103130
103109
103112
103130
103114
103132
103116
103119
103134
103135
103116
103118
103133
103052
103046
103052
103046
103063
103064
103067
103074
103061
103067
103069
103059
103058
103055
103051
103061
103071
103048
103059
103067
103053
103059
103046
103065
103064
103076
103080
103081
103067
103071
103075
103059
103072
103110
103121
103110
103093
103095
103107
103094
103109
103109
103112
103094
103111
103095
103094
103110
103123
103122
103137
103138
103122
103123
103138
103120
103116
103132
103130
103119
103118
103134
103123
103137
103121
103132
103119
103135
103096
103085
103085
103087
103088
103092
103091
103104
103093
103092
103107
103099
103090
103108
103109
103114
103124
103104
103112
103118
103101
103090
103106
103105
103096
103096
103111
103110
103127
103114
103121
103104
103115
103083
103139
103151
103117
103090
103098
103111
103126
103112
103109
103134
103107
103130
103128
103118
103092
103101
103113
103100
103111
103121
103135
103153
103129
103143
103123
103148
103138
103146
103160
103158
103143
103140
103155
103131
103126
103143
103152
103124
103133
103149
103093
103071
103097
103084
103076
103105
103076
103103
103097
103091
103065
103068
103086
103069
103087
103090
103112
103137
103117
103133
103108
103130
103112
103118
103137
103133
103118
103112
103132
103106
103102
103126
103129
103104
103106
103128
103083
103100
103148
103128
103129
103143
103131
103145
103146
103153
103137
103134
103155
103152
103132
103137
103153
103134
103150
103154
103163
103178
103161
103155
103174
103175
103159
103159
103177
103165
103183
103167
103181
103165
103165
103177
103181
103162
103167
103179
103082
103059
103084
103064
103066
103091
103062
103087
103088
103084
103065
103061
103087
103101
103100
103125
103127
103100
103101
103126
103101
103126
103103
103108
103129
103130
103105
103106
103128
103102
103130
103105
103128
103158
103139
103141
103155
103142
103156
103157
103159
103143
103159
103144
103145
103159
103144
103159
103160
103169
103184
103169
103184
103169
103167
103183
103181
103168
103168
103183
103170
103184
103170
103168
103182
103182
103168
103169
103183
103095
103070
103075
103091
103101
103087
103089
103109
103084
103105
103105
103099
103080
103112
103111
103132
103137
103109
103114
103134
103111
103132
103108
103134
103115
103121
103138
103138
103117
103118
103136
103113
103135
103160
103166
103150
103138
103136
103144
103140
103149
103145
103154
103143
103151
103136
103140
103147
103160
103164
103173
103175
103160
103163
103172
103155
103149
103167
103162
103154
103150
103166
103158
103170
103155
103162
103150
103166
103127
103112
103111
103119
103117
103124
103123
103136
103131
103125
103141
103131
103120
103139
103143
103151
103156
103137
103144
103152
103134
103128
103147
103145
103132
103131
103148
103140
103157
103145
103153
103136
103150
103124
103192
103199
103177
103154
103159
103172
103182
103171
103168
103189
103166
103186
103185
103178
103156
103163
103175
103161
103173
103180
103189
103201
103186
103195
103182
103198
103191
103196
103206
103205
103194
103192
103203
103187
103184
103195
103201
103183
103188
103199
103163
103144
103165
103151
103147
103170
103146
103168
103166
103162
103142
103143
103161
103143
103161
103163
103175
103191
103178
103188
103173
103186
103175
103179
103191
103189
103179
103176
103188
103173
103171
103184
103186
103172
103173
103185
103161
103171
103199
103184
103184
103195
103187
103197
103197
103202
103192
103190
103204
103201
103187
103191
103201
103189
103199
103202
103206
103215
103206
103202
103212
103213
103204
103204
103214
103208
103218
103209
103216
103207
103207
103214
103217
103206
103209
103215
103164
103143
103165
103145
103147
103168
103145
103166
103167
103165
103146
103144
103167
103174
103172
103185
103188
103173
103174
103187
103175
103188
103176
103178
103190
103192
103176
103178
103189
103176
103192
103178
103190
103204
103192
103191
103202
103193
103204
103202
103205
103193
103204
103190
103191
103201
103192
103203
103203
103211
103219
103210
103219
103210
103208
103218
103218
103210
103209
103218
103211
103219
103211
103209
103219
103219
103209
103210
103219
103169
103147
103149
103168
103171
103152
103152
103173
103151
103172
103171
103170
103150
103182
103180
103194
103198
103180
103182
103197
103181
103194
103180
103197
103183
103185
103200
103201
103184
103184
103199
103183
103198
103200
103207
103189
103174
103170
103186
103174
103190
103185
103191
103177
103188
103169
103173
103185
103202
103205
103216
103216
103202
103204
103215
103199
103196
103213
103212
103199
103196
103213
103200
103215
103198
103212
103196
103213
103175
103157
103156
103174
103158
103175
103174
103179
103165
103162
103181
103177
103159
103191
103192
103207
103210
103190
103193
103208
103189
103186
103206
103205
103188
103188
103206
103191
103210
103193
103209
103190
103207
103186
103217
103214
103208
103198
103202
103204
103212
103209
103208
103216
103207
103214
103213
103208
103199
103204
103206
103203
103204
103210
103207
103204
103204
103197
103200
103201
103209
103212
103208
103207
103211
103209
103206
103205
103202
103198
103204
103201
103206
103202
103194
103189
103196
103195
103192
103201
103192
103200
103197
103193
103187
103189
103191
103188
103191
103194
103192
103193
103196
103189
103189
103186
103192
103197
103193
103190
103196
103193
103188
103188
103186
103183
103186
103187
103189
103185
103191
103186
103220
103215
103215
103218
103216
103219
103219
103221
103219
103218
103222
103221
103216
103219
103221
103218
103220
103221
103216
103213
103216
103215
103212
103212
103216
103215
103212
103217
103213
103217
103213
103217
103216
103213
103213
103216
103217
103213
103196
103191
103199
103193
103197
103204
103193
103199
103203
103199
103197
103193
103204
103192
103187
103187
103190
103189
103191
103190
103193
103192
103197
103202
103196
103203
103196
103203
103196
103197
103204
103202
103197
103223
103220
103220
103222
103221
103222
103223
103224
103221
103224
103221
103222
103226
103221
103225
103224
103218
103214
103218
103214
103219
103217
103213
103215
103218
103219
103214
103219
103215
103220
103222
103217
103217
103220
103221
103215
103212
103200
103203
103208
103218
103209
103211
103224
103208
103220
103222
103216
103206
103215
103209
103211
103219
103209
103216
103218
103214
103210
103208
103217
103221
103228
103227
103229
103222
103225
103225
103218
103222
103227
103223
103230
103221
103221
103230
103222
103229
103231
103230
103222
103231
103221
103222
103232
103229
103225
103225
103224
103227
103227
103227
103231
103231
103229
103233
103229
103233
103230
103230
103229
103232
103235
103234
103232
103231
103217
103218
103229
103219
103230
103230
103232
103221
103220
103232
103232
103219
103236
103232
103236
103236
103233
103235
103238
103236
103233
103238
103239
103234
103235
103239
103236
103237
103235
103239
103237
103240
103231
103188
103169
103180
103186
103190
103177
103184
103197
103195
103188
103194
103186
103186
103181
103187
103192
103179
103191
103177
103183
103165
103150
103163
103148
103160
103149
103166
103168
103152
103152
103168
103167
103151
103164
103162
103148
103151
103161
103164
103150
103168
103176
103170
103182
103179
103175
103178
103173
103172
103167
103174
103176
103168
103175
103166
103169
103156
103147
103158
103146
103155
103146
103156
103159
103147
103148
103159
103157
103146
103155
103156
103147
103148
103155
103156
103146
103169
103158
103189
103201
103200
103189
103201
103189
103190
103190
103201
103201
103190
103189
103201
103201
103190
103201
103190
103189
103170
103151
103170
103169
103151
103152
103169
103170
103151
103170
103151
103170
103151
103170
103170
103152
103151
103170
103170
103151
103181
103185
103185
103188
103198
103193
103190
103185
103193
103187
103198
103191
103194
103169
103161
103157
103160
103164
103166
103162
103171
103165
103176
103182
103167
103175
103174
103183
103168
103177
103176
103184
103170
103190
103202
103202
103191
103202
103190
103192
103191
103203
103191
103204
103205
103195
103203
103193
103193
103170
103152
103170
103152
103171
103170
103152
103154
103170
103171
103153
103171
103153
103172
103175
103156
103156
103172
103173
103154
103208
103205
103212
103201
103217
103221
103225
103223
103220
103218
103221
103214
103218
103198
103190
103181
103187
103191
103197
103187
103197
103182
103191
103187
103204
103208
103192
103194
103204
103207
103192
103201
103190
103198
103178
103212
103219
103225
103213
103221
103210
103215
103209
103219
103213
103226
103222
103216
103187
103181
103168
103166
103185
103184
103169
103192
103194
103173
103178
103190
103196
103174
103189
103171
103193
103178
103197
103175
103226
103232
103234
103226
103234
103225
103226
103223
103229
103232
103221
103225
103233
103205
103200
103186
103182
103203
103201
103186
103208
103210
103190
103192
103208
103209
103190
103205
103183
103202
103186
103207
103189
103210
103105
103077
103113
103129
103128
103115
103110
103128
103128
103107
103128
103109
103110
103113
103129
103129
103116
103129
103115
103113
103087
103068
103090
103078
103094
103073
103085
103080
103062
103064
103082
103084
103065
103089
103094
103078
103071
103094
103089
103072
103123
103132
103121
103130
103132
103119
103131
103118
103122
103125
103135
103134
103130
103133
103128
103126
103103
103085
103099
103090
103107
103095
103104
103099
103085
103092
103099
103105
103091
103109
103115
103102
103099
103113
103110
103098
103133
103119
103102
103125
103125
103104
103125
103103
103104
103102
103125
103125
103102
103102
103125
103125
103105
103125
103104
103103
103071
103046
103071
103074
103049
103049
103072
103073
103047
103070
103046
103071
103045
103071
103073
103049
103047
103073
103071
103047
103144
103153
103144
103152
103160
103145
103155
103142
103148
103146
103161
103157
103149
103126
103122
103112
103110
103124
103123
103113
103127
103114
103126
103124
103108
103111
103123
103127
103111
103128
103111
103128
103113
103105
103126
103128
103105
103126
103103
103107
103105
103127
103106
103129
103129
103109
103127
103108
103108
103073
103046
103071
103048
103073
103074
103048
103052
103072
103076
103049
103074
103049
103075
103078
103053
103053
103076
103076
103051
103152
103165
103168
103151
103152
103169
103171
103149
103170
103150
103151
103152
103170
103125
103123
103107
103101
103126
103122
103105
103127
103108
103128
103105
103123
103117
103096
103096
103120
103120
103100
103125
103102
103112
103081
103123
103145
103150
103125
103147
103122
103126
103120
103144
103123
103150
103147
103126
103087
103084
103061
103060
103086
103086
103062
103090
103093
103064
103067
103090
103093
103065
103089
103063
103091
103067
103093
103065
103137
103163
103164
103142
103162
103138
103140
103133
103155
103158
103130
103136
103161
103098
103097
103073
103069
103100
103096
103072
103103
103109
103077
103079
103105
103105
103075
103098
103069
103096
103071
103101
103074
103114
102998
102964
103026
103053
103046
103033
103015
103031
103035
103004
103037
103009
103012
103024
103053
103043
103031
103045
103033
103022
102987
102962
102994
102977
103003
102969
102983
102971
102951
102954
102976
102980
102958
102992
103000
102976
102964
103002
102990
102968
103056
103074
103051
103061
103069
103041
103069
103043
103050
103058
103081
103077
103065
103076
103063
103058
103019
102985
103012
102992
103025
102997
103019
103010
102985
102992
103011
103019
102993
103027
103034
103003
102999
103031
103027
103000
103068
103037
102988
103014
103017
102993
103013
102990
102991
102985
103011
103011
102984
102986
103015
103012
102990
103011
102990
102986
102950
102924
102951
102958
102929
102930
102954
102956
102926
102948
102922
102948
102922
102949
102953
102928
102924
102953
102949
102924
103068
103089
103064
103083
103082
103056
103086
103061
103060
103065
103084
103087
103061
103035
103037
103007
103004
103037
103033
103005
103034
103004
103030
103021
102998
102995
103027
103024
103001
103031
102995
103026
103000
102989
103013
103017
102990
103014
102987
102992
102989
103015
102990
103018
103018
102994
103016
102992
102993
102950
102922
102949
102924
102952
102953
102924
102928
102950
102955
102926
102952
102926
102954
102958
102929
102930
102956
102956
102927
103049
103079
103074
103055
103040
103062
103061
103030
103066
103036
103035
103043
103069
103011
103014
102989
102979
103017
103007
102982
103013
102990
103020
102984
103004
102994
102972
102970
103000
102998
102975
103007
102978
102996
102961
103004
103030
103031
103005
103030
103004
103005
103002
103029
103004
103031
103030
103005
102967
102964
102939
102938
102966
102965
102940
102968
102970
102942
102944
102968
102970
102942
102967
102941
102969
102944
102970
102942
103012
103041
103042
103018
103039
103014
103015
103008
103033
103035
103006
103010
103037
102973
102973
102949
102946
102975
102971
102948
102976
102982
102952
102953
102978
102978
102950
102973
102945
102971
102947
102974
102949
102988
102878
102846
102904
102941
102933
102910
102895
102916
102920
102885
102923
102890
102892
102902
102939
102928
102907
102931
102909
102900
102862
102833
102866
102839
102871
102836
102859
102851
102829
102830
102855
102857
102832
102864
102868
102839
102834
102869
102862
102835
102923
102958
102920
102947
102953
102914
102954
102915
102920
102925
102963
102959
102928
102960
102927
102924
102878
102842
102875
102844
102881
102845
102878
102873
102842
102843
102874
102877
102844
102881
102884
102847
102845
102883
102881
102846
102929
102885
102866
102893
102894
102873
102890
102870
102870
102863
102886
102887
102861
102864
102891
102887
102866
102888
102867
102863
102833
102810
102834
102840
102815
102814
102837
102836
102812
102831
102807
102829
102808
102832
102832
102812
102808
102834
102830
102810
102927
102962
102925
102957
102954
102920
102959
102923
102921
102925
102955
102959
102922
102883
102884
102848
102847
102884
102883
102848
102883
102848
102881
102878
102846
102846
102880
102879
102847
102881
102847
102880
102847
102864
102888
102891
102866
102889
102863
102866
102864
102889
102865
102893
102893
102868
102891
102867
102867
102829
102805
102829
102805
102829
102831
102807
102807
102829
102831
102806
102829
102805
102830
102833
102807
102806
102831
102831
102806
102914
102950
102945
102918
102909
102935
102933
102902
102938
102906
102905
102910
102941
102874
102875
102845
102843
102876
102872
102844
102875
102846
102877
102845
102871
102867
102841
102841
102870
102869
102843
102873
102843
102871
102836
102881
102907
102909
102883
102907
102880
102883
102879
102906
102881
102909
102908
102883
102843
102839
102815
102813
102843
102840
102815
102845
102849
102818
102822
102845
102848
102818
102844
102817
102846
102822
102849
102819
102891
102917
102918
102895
102916
102892
102893
102888
102911
102913
102885
102889
102915
102854
102852
102828
102825
102855
102851
102828
102857
102861
102831
102832
102858
102859
102830
102853
102824
102851
102827
102856
102829
102864
102769
102741
102775
102803
102801
102775
102774
102796
102797
102771
102799
102773
102773
102775
102802
102799
102774
102800
102775
102774
102744
102722
102744
102722
102744
102722
102744
102743
102722
102721
102743
102743
102722
102744
102743
102722
102721
102743
102743
102722
102775
102805
102775
102803
102804
102775
102804
102775
102775
102775
102806
102805
102775
102805
102775
102775
102743
102721
102743
102721
102743
102720
102743
102743
102721
102720
102743
102742
102721
102742
102742
102720
102720
102742
102742
102720
102776
102743
102763
102786
102785
102766
102783
102765
102764
102759
102777
102780
102757
102760
102781
102778
102758
102780
102761
102757
102734
102713
102735
102739
102716
102715
102737
102736
102714
102732
102708
102729
102711
102732
102730
102712
102709
102733
102729
102712
102778
102807
102779
102806
102807
102779
102807
102778
102779
102779
102808
102807
102780
102744
102743
102723
102723
102743
102744
102724
102745
102724
102745
102745
102724
102725
102744
102746
102724
102746
102726
102746
102725
102753
102776
102775
102756
102774
102755
102753
102751
102774
102751
102774
102774
102750
102774
102751
102750
102724
102706
102726
102703
102724
102727
102706
102703
102726
102724
102703
102722
102701
102722
102720
102700
102698
102721
102720
102700
102781
102808
102807
102780
102780
102805
102805
102778
102806
102779
102780
102780
102807
102747
102746
102726
102724
102746
102746
102726
102747
102726
102747
102726
102746
102744
102723
102723
102745
102745
102724
102747
102725
102750
102719
102756
102783
102786
102759
102783
102756
102759
102754
102781
102756
102786
102783
102759
102720
102719
102696
102696
102721
102719
102696
102721
102725
102698
102700
102722
102724
102698
102720
102696
102722
102699
102724
102697
102769
102797
102798
102773
102796
102770
102771
102765
102789
102792
102762
102767
102795
102730
102728
102707
102702
102732
102727
102706
102734
102739
102710
102712
102736
102737
102709
102730
102702
102727
102705
102733
102707
102742
102670
102642
102675
102694
102694
102676
102674
102693
102694
102671
102694
102673
102673
102675
102694
102694
102675
102694
102676
102674
102648
102630
102649
102635
102651
102633
102647
102644
102627
102628
102645
102646
102629
102649
102651
102635
102631
102651
102648
102632
102678
102694
102678
102694
102694
102676
102694
102677
102678
102679
102695
102695
102680
102695
102680
102679
102655
102638
102653
102641
102657
102643
102655
102653
102638
102642
102653
102656
102642
102658
102660
102647
102645
102659
102658
102644
102682
102662
102664
102688
102687
102667
102686
102666
102665
102661
102680
102683
102659
102662
102684
102680
102660
102683
102663
102659
102634
102613
102635
102639
102617
102616
102637
102637
102614
102632
102610
102630
102612
102632
102631
102614
102611
102634
102630
102612
102684
102698
102684
102697
102698
102682
102698
102683
102684
102685
102699
102699
102684
102664
102663
102652
102651
102664
102663
102653
102664
102653
102663
102661
102650
102650
102662
102662
102652
102664
102651
102663
102652
102654
102677
102674
102657
102674
102656
102654
102652
102673
102651
102672
102670
102649
102672
102651
102650
102627
102609
102628
102608
102626
102629
102609
102608
102628
102627
102608
102625
102607
102625
102623
102607
102606
102625
102624
102607
102682
102699
102698
102683
102678
102693
102693
102672
102695
102675
102676
102679
102696
102657
102658
102647
102642
102660
102655
102645
102659
102649
102661
102646
102654
102648
102637
102637
102652
102651
102640
102656
102642
102647
102622
102647
102668
102668
102650
102666
102648
102649
102646
102666
102646
102668
102666
102648
102621
102621
102606
102605
102622
102621
102606
102622
102624
102608
102609
102623
102623
102607
102621
102606
102622
102608
102623
102607
102657
102680
102680
102663
102677
102659
102661
102653
102670
102673
102650
102655
102676
102628
102628
102616
102611
102630
102626
102614
102632
102638
102619
102620
102635
102635
102617
102627
102610
102625
102612
102630
102615
102643
102581
102562
102595
102614
102610
102599
102590
102602
102604
102585
102605
102587
102588
102595
102613
102608
102598
102609
102599
102594
102573
102562
102576
102568
102580
102565
102572
102566
102558
102559
102568
102570
102561
102575
102579
102568
102563
102580
102574
102564
102610
102623
102608
102617
102621
102603
102621
102603
102608
102611
102627
102625
102615
102624
102614
102611
102587
102571
102584
102574
102590
102576
102588
102584
102571
102574
102584
102588
102575
102591
102594
102578
102576
102593
102591
102576
102617
102596
102573
102591
102590
102578
102589
102576
102575
102571
102585
102586
102570
102572
102588
102586
102572
102587
102573
102570
102554
102545
102556
102559
102548
102548
102557
102557
102546
102553
102542
102552
102544
102554
102553
102546
102543
102554
102553
102544
102620
102634
102618
102631
102630
102615
102632
102617
102616
102619
102631
102633
102616
102597
102597
102579
102579
102597
102597
102579
102597
102578
102595
102593
102577
102575
102595
102593
102577
102595
102575
102593
102577
102570
102585
102584
102571
102584
102570
102570
102569
102584
102570
102584
102584
102571
102584
102571
102570
102551
102542
102551
102542
102552
102552
102542
102543
102552
102552
102542
102552
102542
102552
102554
102543
102543
102553
102553
102543
102610
102628
102625
102614
102605
102617
102616
102599
102620
102603
102602
102607
102622
102587
102590
102572
102569
102590
102586
102569
102587
102572
102591
102570
102583
102578
102565
102563
102582
102580
102566
102585
102567
102572
102555
102576
102588
102589
102579
102587
102576
102578
102575
102587
102576
102589
102588
102578
102559
102557
102548
102547
102559
102558
102548
102560
102562
102549
102551
102560
102562
102549
102559
102549
102560
102551
102561
102549
102585
102599
102599
102590
102597
102587
102588
102581
102591
102593
102579
102583
102595
102565
102564
102554
102551
102566
102563
102553
102566
102570
102555
102556
102568
102568
102554
102564
102551
102562
102553
102565
102553
102574
102537
102528
102541
102552
102550
102542
102540
102545
102546
102538
102548
102539
102539
102540
102552
102548
102541
102549
102542
102540
102529
102521
102528
102516
102527
102519
102529
102529
102523
102522
102529
102529
102522
102527
102526
102516
102518
102526
102527
102519
102540
102555
102542
102553
102554
102540
102554
102541
102541
102540
102556
102555
102538
102555
102540
102539
102522
102512
102524
102509
102520
102505
102522
102523
102511
102507
102524
102520
102509
102519
102515
102501
102502
102517
102518
102503
102537
102513
102532
102538
102537
102535
102536
102534
102533
102529
102531
102532
102527
102529
102534
102532
102528
102533
102530
102527
102523
102520
102524
102527
102523
102521
102526
102525
102521
102521
102515
102519
102518
102521
102519
102518
102516
102522
102519
102518
102532
102552
102531
102552
102549
102529
102551
102531
102529
102530
102549
102551
102529
102506
102510
102489
102489
102508
102508
102487
102506
102486
102504
102503
102486
102483
102505
102502
102485
102504
102482
102502
102484
102524
102530
102530
102526
102530
102525
102525
102524
102530
102524
102530
102530
102524
102530
102524
102524
102515
102513
102517
102511
102515
102516
102513
102509
102517
102514
102510
102514
102508
102513
102511
102506
102506
102513
102512
102507
102524
102547
102544
102526
102522
102541
102539
102520
102541
102522
102521
102523
102542
102498
102501
102481
102480
102500
102499
102479
102498
102480
102500
102479
102496
102496
102478
102477
102497
102496
102478
102497
102478
102523
102510
102522
102533
102534
102522
102533
102522
102521
102522
102533
102522
102534
102533
102521
102507
102509
102497
102498
102508
102508
102496
102504
102504
102493
102490
102505
102503
102492
102506
102494
102504
102489
102503
102492
102520
102535
102535
102520
102535
102520
102520
102520
102534
102534
102520
102520
102534
102500
102501
102484
102486
102500
102501
102485
102498
102497
102482
102481
102498
102497
102482
102500
102486
102501
102484
102499
102483
102496
102502
102484
102491
102500
102504
102486
102496
102510
102509
102501
102508
102499
102497
102491
102499
102504
102486
102504
102486
102491
102475
102457
102471
102448
102466
102453
102477
102482
102462
102460
102480
102478
102459
102471
102466
102449
102455
102466
102472
102454
102470
102485
102474
102493
102486
102478
102488
102479
102472
102467
102479
102480
102460
102483
102463
102464
102454
102443
102460
102438
102449
102433
102453
102458
102443
102435
102459
102451
102437
102447
102439
102427
102428
102442
102444
102431
102455
102434
102503
102512
102511
102503
102511
102504
102502
102501
102505
102508
102498
102501
102508
102505
102497
102508
102499
102498
102486
102471
102486
102485
102471
102469
102486
102485
102471
102485
102469
102483
102470
102484
102480
102467
102468
102482
102482
102470
102444
102462
102443
102462
102459
102443
102460
102445
102441
102442
102458
102460
102440
102425
102430
102412
102412
102427
102427
102410
102423
102408
102422
102422
102410
102406
102424
102421
102408
102421
102405
102419
102407
102491
102502
102497
102492
102499
102494
102489
102489
102497
102487
102494
102493
102481
102496
102484
102484
102477
102466
102480
102463
102475
102476
102465
102459
102479
102472
102462
102473
102460
102471
102464
102455
102455
102469
102467
102458
102438
102456
102455
102439
102438
102455
102454
102439
102454
102439
102438
102438
102454
102418
102420
102405
102407
102419
102420
102405
102418
102404
102418
102404
102418
102420
102407
102406
102419
102419
102405
102418
102405
102477
102460
102462
102475
102471
102459
102474
102463
102458
102464
102477
102461
102470
102473
102457
102448
102455
102438
102439
102451
102452
102435
102443
102441
102432
102427
102445
102439
102431
102446
102433
102442
102426
102439
102430
102446
102461
102459
102443
102461
102446
102444
102450
102467
102464
102453
102448
102462
102431
102435
102418
102422
102431
102435
102419
102428
102424
102414
102413
102427
102426
102415
102432
102422
102435
102419
102429
102416
102422
102420
102392
102408
102424
102429
102405
102412
102437
102435
102417
102434
102415
102413
102409
102425
102430
102405
102429
102405
102409
102384
102362
102382
102359
102379
102360
102385
102389
102365
102364
102387
102386
102363
102382
102380
102359
102361
102379
102383
102361
102394
102412
102397
102420
102414
102400
102415
102401
102396
102393
102406
102408
102387
102410
102390
102391
102374
102357
102377
102355
102372
102354
102374
102377
102357
102355
102377
102374
102355
102371
102368
102352
102353
102369
102370
102353
102384
102365
102425
102445
102444
102422
102446
102424
102423
102426
102446
102447
102426
102426
102444
102445
102423
102446
102423
102425
102398
102375
102397
102394
102373
102372
102396
102395
102374
102399
102377
102399
102376
102398
102396
102374
102376
102396
102398
102375
102377
102390
102377
102392
102388
102378
102390
102379
102376
102376
102387
102388
102375
102360
102363
102348
102348
102361
102361
102347
102359
102347
102359
102361
102348
102347
102361
102359
102347
102359
102346
102358
102346
102423
102443
102438
102421
102440
102424
102420
102422
102439
102420
102435
102434
102415
102438
102418
102418
102398
102377
102399
102377
102397
102396
102377
102375
102398
102395
102377
102397
102377
102396
102393
102375
102375
102395
102394
102376
102375
102387
102387
102375
102377
102390
102390
102380
102389
102379
102378
102376
102388
102360
102361
102347
102349
102359
102361
102348
102359
102346
102358
102347
102360
102363
102350
102350
102362
102361
102349
102360
102348
102412
102390
102399
102413
102409
102396
102412
102400
102396
102401
102415
102398
102408
102412
102395
102383
102387
102368
102369
102384
102385
102367
102380
102378
102365
102363
102381
102377
102365
102382
102366
102380
102363
102377
102365
102387
102398
102396
102383
102398
102385
102385
102390
102405
102402
102392
102388
102400
102372
102375
102358
102361
102372
102375
102359
102370
102367
102356
102355
102369
102368
102357
102373
102361
102375
102359
102371
102358
102365
102321
102300
102316
102334
102336
102315
102317
102339
102338
102320
102337
102318
102318
102316
102335
102336
102316
102336
102315
102317
102295
102278
102294
102276
102293
102277
102295
102298
102280
102279
102296
102296
102278
102294
102294
102277
102278
102294
102295
102277
102314
102332
102314
102333
102333
102315
102332
102315
102315
102314
102331
102332
102314
102332
102314
102314
102293
102276
102293
102276
102293
102276
102293
102294
102276
102276
102293
102293
102276
102293
102293
102276
102276
102293
102293
102276
102313
102294
102327
102346
102346
102324
102347
102325
102325
102329
102351
102350
102330
102328
102348
102350
102329
102349
102327
102330
102305
102288
102304
102302
102286
102287
102303
102303
102288
102307
102291
102308
102290
102306
102307
102289
102291
102305
102308
102289
102314
102329
102314
102329
102329
102315
102329
102314
102314
102314
102329
102329
102314
102294
102294
102277
102277
102294
102294
102277
102294
102277
102295
102295
102278
102278
102295
102295
102278
102295
102278
102295
102278
102332
102351
102351
102331
102352
102331
102332
102333
102352
102333
102352
102352
102333
102352
102332
102333
102311
102293
102310
102294
102310
102309
102293
102293
102309
102310
102294
102311
102294
102311
102312
102294
102295
102311
102312
102295
102315
102329
102330
102314
102316
102332
102332
102318
102331
102317
102317
102316
102330
102296
102296
102278
102279
102295
102296
102279
102296
102278
102295
102279
102297
102298
102280
102280
102297
102297
102279
102296
102279
102332
102312
102329
102345
102343
102327
102345
102329
102327
102330
102346
102329
102343
102345
102327
102310
102311
102293
102294
102310
102310
102293
102308
102307
102292
102290
102308
102307
102292
102309
102293
102308
102290
102307
102292
102323
102338
102337
102320
102338
102322
102322
102325
102342
102340
102326
102323
102339
102304
102305
102287
102289
102303
102305
102287
102303
102301
102285
102285
102302
102301
102286
102304
102289
102306
102288
102303
102287
102299
102251
102236
102244
102258
102259
102243
102246
102261
102261
102249
102260
102247
102247
102245
102258
102260
102244
102259
102243
102245
102230
102218
102229
102215
102227
102216
102231
102234
102220
102220
102232
102232
102219
102229
102228
102215
102218
102227
102230
102217
102241
102257
102242
102257
102257
102243
102257
102242
102242
102241
102257
102257
102241
102257
102241
102241
102225
102213
102226
102212
102225
102211
102225
102227
102213
102212
102226
102225
102212
102224
102224
102210
102211
102224
102225
102211
102241
102224
102256
102268
102269
102253
102270
102255
102255
102258
102273
102272
102260
102258
102270
102273
102258
102271
102257
102259
102242
102231
102241
102238
102229
102229
102239
102240
102230
102243
102233
102245
102232
102243
102243
102230
102233
102242
102244
102232
102241
102258
102241
102258
102258
102242
102258
102242
102242
102241
102258
102258
102242
102223
102223
102209
102209
102223
102223
102209
102223
102209
102223
102224
102210
102210
102224
102224
102210
102223
102210
102224
102209
102261
102274
102274
102260
102275
102261
102261
102262
102276
102262
102276
102276
102262
102276
102261
102262
102246
102234
102245
102234
102246
102244
102234
102233
102245
102245
102234
102246
102235
102246
102246
102234
102234
102246
102246
102235
102242
102258
102259
102242
102243
102260
102260
102245
102260
102244
102244
102243
102259
102225
102225
102210
102212
102224
102225
102211
102225
102210
102224
102211
102226
102227
102213
102213
102226
102226
102212
102225
102212
102261
102245
102257
102272
102271
102255
102272
102257
102256
102258
102273
102257
102271
102272
102256
102242
102244
102230
102231
102242
102243
102230
102240
102238
102228
102226
102240
102239
102228
102242
102229
102240
102226
102239
102228
102250
102265
102264
102248
102266
102250
102249
102252
102269
102268
102254
102251
102267
102235
102236
102221
102224
102234
102237
102222
102233
102230
102219
102219
102232
102231
102220
102235
102224
102237
102223
102234
102221
102229
102202
102190
102193
102201
102203
102191
102195
102207
102207
102199
102206
102197
102197
102193
102201
102204
102192
102203
102191
102194
102183
102173
102181
102169
102179
102171
102184
102188
102177
102176
102186
102185
102175
102181
102180
102170
102173
102179
102182
102172
102186
102197
102187
102200
102198
102189
102198
102189
102187
102186
102196
102197
102184
102197
102185
102186
102175
102167
102177
102166
102174
102164
102175
102178
102168
102166
102177
102175
102166
102173
102172
102163
102164
102172
102174
102164
102184
102171
102208
102215
102216
102204
102217
102206
102206
102210
102220
102219
102211
102209
102217
102220
102209
102218
102208
102210
102197
102188
102196
102193
102186
102185
102194
102195
102187
102198
102191
102199
102189
102197
102198
102188
102190
102196
102199
102189
102184
102194
102184
102195
102195
102185
102195
102184
102185
102184
102195
102195
102185
102171
102171
102162
102162
102171
102171
102162
102171
102162
102172
102173
102163
102164
102172
102172
102163
102171
102163
102172
102162
102212
102221
102220
102210
102221
102211
102211
102212
102222
102212
102221
102221
102211
102222
102211
102212
102200
102191
102200
102192
102200
102199
102191
102191
102200
102200
102192
102201
102193
102201
102201
102192
102193
102201
102201
102193
102186
102196
102196
102185
102188
102199
102199
102190
102198
102189
102189
102187
102197
102175
102175
102165
102167
102174
102176
102166
102174
102164
102173
102166
102177
102179
102170
102170
102178
102178
102168
102176
102167
102211
102200
102206
102215
102213
102204
102215
102206
102204
102207
102216
102206
102213
102215
102204
102197
102199
102190
102191
102197
102198
102190
102195
102193
102188
102186
102195
102193
102188
102196
102189
102195
102186
102193
102188
102197
102206
102205
102194
102206
102196
102196
102200
102211
102209
102202
102198
102207
102189
102191
102181
102184
102188
102191
102182
102187
102183
102178
102177
102186
102185
102179
102189
102184
102191
102182
102188
102180
102181
102160
102149
102151
102158
102160
102148
102154
102166
102165
102158
102164
102156
102155
102152
102159
102162
102150
102161
102149
102153
102141
102129
102139
102125
102136
102127
102142
102146
102132
102131
102144
102143
102130
102139
102138
102126
102129
102137
102141
102128
102143
102153
102145
102156
102155
102147
102154
102147
102145
102143
102151
102153
102141
102152
102142
102143
102133
102123
102134
102121
102131
102120
102132
102135
102123
102121
102135
102133
102121
102131
102129
102118
102119
102130
102131
102119
102141
102129
102167
102174
102175
102163
102176
102165
102165
102169
102180
102178
102170
102169
102177
102179
102169
102178
102167
102170
102155
102143
102155
102151
102141
102141
102153
102153
102143
102157
102147
102158
102145
102156
102157
102143
102146
102156
102158
102145
102141
102151
102142
102152
102152
102144
102151
102142
102143
102142
102152
102151
102143
102129
102129
102117
102118
102128
102129
102118
102129
102118
102130
102132
102119
102120
102131
102131
102119
102130
102120
102131
102119
102173
102181
102181
102171
102181
102172
102172
102173
102182
102173
102182
102182
102174
102182
102173
102174
102161
102148
102160
102149
102161
102159
102148
102149
102159
102161
102149
102162
102150
102162
102163
102150
102151
102162
102162
102151
102146
102154
102155
102144
102149
102160
102159
102153
102158
102151
102151
102148
102157
102135
102134
102122
102125
102133
102136
102124
102134
102121
102133
102123
102138
102142
102128
102129
102140
102139
102127
102136
102125
102174
102163
102171
102178
102176
102168
102178
102170
102169
102172
102180
102171
102177
102178
102169
102162
102163
102151
102152
102161
102162
102152
102160
102158
102149
102149
102160
102158
102150
102161
102151
102160
102149
102159
102150
102162
102169
102168
102158
102170
102160
102160
102165
102175
102173
102167
102163
102171
102154
102155
102143
102147
102153
102156
102145
102152
102148
102140
102140
102151
102150
102142
102155
102147
102157
102145
102153
102143
102145
102107
102089
102098
102111
102113
102096
102101
102118
102117
102105
102116
102103
102102
102099
102111
102115
102098
102113
102097
102100
102083
102065
102081
102062
102079
102063
102084
102087
102068
102067
102086
102085
102066
102082
102080
102062
102065
102080
102083
102064
102091
102106
102093
102109
102107
102095
102107
102095
102093
102091
102104
102106
102090
102105
102090
102091
102076
102060
102078
102059
102075
102058
102076
102078
102060
102059
102078
102076
102059
102075
102074
102057
102058
102074
102075
102058
102089
102073
102112
102126
102127
102109
102128
102111
102111
102115
102132
102130
102116
102114
102129
102131
102115
102130
102113
102116
102095
102076
102094
102091
102074
102074
102093
102093
102075
102096
102079
102098
102077
102096
102097
102076
102079
102095
102098
102077
102090
102104
102091
102105
102106
102094
102105
102092
102093
102091
102106
102105
102093
102074
102074
102058
102058
102074
102075
102058
102075
102059
102076
102078
102060
102062
102076
102077
102060
102076
102062
102077
102060
102119
102133
102135
102117
102134
102118
102119
102120
102136
102121
102136
102137
102122
102136
102121
102122
102101
102080
102100
102082
102101
102099
102080
102082
102099
102101
102082
102102
102083
102103
102105
102084
102086
102104
102104
102084
102096
102108
102110
102094
102100
102115
102115
102104
102113
102101
102102
102098
102112
102081
102080
102064
102067
102079
102082
102066
102081
102063
102079
102065
102084
102088
102069
102070
102085
102086
102068
102083
102067
102123
102106
102123
102136
102135
102120
102137
102122
102122
102124
102138
102123
102136
102137
102122
102107
102107
102088
102089
102106
102107
102089
102106
102103
102087
102087
102105
102105
102088
102107
102088
102106
102087
102105
102088
102115
102127
102126
102111
102129
102113
102113
102118
102134
102132
102120
102117
102130
102101
102102
102082
102086
102099
102103
102084
102099
102094
102080
102080
102097
102096
102082
102102
102086
102104
102084
102100
102083
102091
102029
102009
102025
102043
102045
102024
102026
102048
102047
102028
102046
102028
102027
102025
102043
102046
102025
102045
102024
102026
102006
101986
102006
101986
102005
101986
102006
102008
101987
101987
102007
102007
101987
102006
102005
101986
101987
102005
102006
101986
102021
102040
102022
102042
102041
102024
102040
102023
102023
102021
102039
102040
102022
102040
102021
102022
102004
101985
102004
101986
102004
101986
102004
102005
101986
101987
102004
102004
101986
102004
102005
101987
101987
102004
102004
101986
102022
102006
102033
102053
102054
102031
102054
102032
102032
102034
102058
102056
102036
102034
102056
102057
102036
102056
102034
102036
102012
101990
102011
102010
101989
101990
102011
102011
101990
102013
101993
102014
101991
102013
102015
101992
101993
102013
102014
101991
102026
102042
102027
102043
102045
102028
102043
102026
102029
102027
102045
102043
102029
102009
102007
101992
101992
102007
102008
101993
102009
101994
102010
102012
101994
101996
102010
102012
101995
102011
101997
102012
101995
102040
102059
102062
102038
102061
102038
102040
102041
102063
102042
102064
102065
102044
102063
102042
102043
102017
101994
102016
101996
102018
102017
101995
101997
102016
102019
101996
102019
101997
102020
102022
101999
102000
102021
102021
101998
102032
102047
102048
102030
102034
102052
102053
102037
102051
102035
102036
102033
102050
102015
102014
101998
101999
102014
102016
102000
102015
101998
102014
101999
102017
102019
102001
102002
102018
102018
102001
102017
102000
102045
102024
102047
102067
102067
102046
102068
102047
102047
102048
102069
102048
102068
102068
102047
102026
102025
102004
102004
102025
102026
102005
102026
102025
102005
102005
102025
102026
102005
102026
102005
102027
102005
102026
102005
102043
102061
102061
102041
102063
102042
102042
102045
102067
102065
102046
102044
102064
102024
102024
102004
102005
102024
102025
102005
102024
102022
102004
102004
102023
102023
102005
102025
102005
102026
102005
102025
102005
102021
101951
101938
101952
101969
101969
101953
101952
101969
101969
101951
101969
101951
101952
101952
101969
101969
101954
101969
101953
101953
101939
101928
101940
101931
101941
101929
101938
101938
101927
101928
101938
101938
101928
101940
101941
101931
101930
101941
101940
101929
101956
101970
101955
101969
101971
101955
101970
101954
101956
101957
101972
101972
101960
101971
101959
101958
101944
101933
101943
101935
101946
101937
101944
101943
101934
101937
101943
101945
101936
101947
101950
101941
101940
101948
101948
101939
101961
101952
101953
101970
101971
101952
101971
101952
101953
101954
101973
101972
101955
101954
101972
101973
101955
101972
101954
101955
101938
101926
101938
101938
101926
101926
101938
101938
101926
101939
101927
101940
101926
101939
101940
101927
101927
101939
101940
101926
101966
101980
101967
101979
101982
101968
101980
101966
101969
101968
101982
101981
101969
101956
101953
101947
101947
101954
101955
101948
101957
101949
101957
101958
101948
101950
101956
101959
101949
101958
101951
101959
101950
101957
101975
101977
101957
101976
101956
101958
101958
101977
101959
101978
101979
101961
101978
101959
101960
101942
101927
101941
101928
101942
101941
101927
101929
101941
101942
101928
101942
101928
101943
101944
101929
101930
101943
101943
101929
101971
101984
101985
101970
101972
101986
101986
101972
101986
101972
101972
101972
101986
101960
101959
101951
101950
101959
101959
101951
101961
101951
101960
101951
101961
101960
101951
101951
101960
101961
101951
101961
101951
101962
101946
101967
101985
101986
101967
101986
101966
101968
101966
101985
101967
101986
101986
101968
101950
101947
101935
101934
101949
101948
101936
101951
101952
101937
101940
101951
101953
101938
101950
101937
101952
101940
101953
101938
101971
101987
101987
101971
101987
101971
101971
101970
101987
101987
101969
101970
101987
101956
101954
101944
101942
101956
101955
101944
101957
101959
101947
101947
101958
101958
101946
101956
101942
101955
101944
101957
101946
101960
101917
101920
101924
101927
101925
101926
101921
101922
101922
101918
101923
101919
101921
101924
101927
101925
101927
101925
101926
101923
101927
101935
101930
101940
101932
101937
101926
101922
101931
101932
101924
101925
101933
101929
101931
101940
101936
101932
101928
101936
101934
101934
101932
101930
101933
101930
101933
101929
101933
101936
101938
101937
101939
101936
101938
101937
101938
101943
101935
101946
101940
101948
101938
101935
101943
101947
101935
101938
101946
101941
101945
101951
101950
101943
101942
101949
101941
101947
101914
101919
101919
101916
101919
101915
101915
101913
101919
101919
101913
101913
101919
101919
101914
101919
101915
101913
101915
101919
101916
101919
101922
101922
101917
101917
101920
101914
101917
101913
101918
101915
101915
101920
101917
101916
101914
101918
101946
101946
101945
101945
101947
101944
101946
101944
101946
101946
101948
101947
101946
101951
101949
101956
101956
101950
101949
101957
101951
101957
101951
101949
101955
101956
101949
101951
101956
101951
101957
101951
101957
101913
101919
101920
101914
101919
101913
101914
101913
101919
101913
101920
101920
101915
101920
101914
101914
101912
101916
101913
101915
101913
101914
101916
101917
101913
101914
101915
101912
101915
101913
101914
101916
101916
101914
101913
101915
101945
101948
101948
101946
101944
101945
101946
101941
101946
101942
101943
101945
101947
101949
101948
101955
101951
101950
101947
101953
101950
101956
101950
101954
101947
101944
101950
101949
101945
101946
101951
101948
101953
101916
101915
101923
101928
101932
101926
101929
101923
101926
101921
101928
101924
101932
101930
101926
101920
101917
101922
101921
101919
101918
101923
101923
101926
101925
101928
101922
101926
101925
101921
101924
101923
101928
101926
101926
101935
101940
101941
101938
101939
101936
101936
101931
101934
101937
101929
101934
101938
101932
101929
101936
101931
101933
101929
101934
101935
101939
101940
101940
101936
101938
101938
101931
101931
101929
101934
101934
101937
101942
101954
101973
101966
101954
101951
101969
101962
101944
101945
101957
101947
101959
101960
101965
101954
101949
101968
101951
101969
101964
101983
102004
101986
102009
101989
102006
101982
101976
101999
102001
101979
101980
102002
101985
101987
102008
102004
101988
101984
102005
101977
101962
101975
101957
101960
101971
101960
101972
101975
101977
101964
101963
101980
101963
101979
101978
101994
102011
101991
102013
101995
102015
101994
101990
102011
102013
101991
101993
102013
101996
101998
102017
102015
101997
101996
102015
101981
101999
101945
101934
101933
101950
101932
101948
101947
101942
101927
101929
101940
101943
101931
101928
101943
101930
101945
101941
101964
101984
101965
101970
101988
101987
101968
101967
101985
101961
101980
101959
101982
101963
101962
101985
101981
101964
101960
101983
101982
101969
101981
101968
101968
101978
101969
101980
101979
101981
101968
101969
101980
101999
101999
102018
102017
102000
101999
102017
101999
102017
101998
101996
102015
102014
101997
101997
102016
101998
102015
101997
102016
101938
101927
101927
101941
101926
101939
101939
101937
101925
101937
101926
101925
101938
101925
101938
101938
101957
101979
101958
101977
101957
101960
101979
101978
101959
101958
101977
101956
101977
101956
101956
101977
101976
101957
101956
101977
101977
101967
101965
101979
101973
101960
101960
101969
101962
101971
101971
101974
101963
101993
101993
102012
102008
101995
101991
102010
101993
102013
101995
102011
101990
101985
102006
102005
101988
101988
102007
101991
102009
101939
101956
101945
101934
101937
101949
101934
101946
101948
101944
101932
101946
101937
101934
101948
101960
101958
101980
101979
101960
101959
101980
101962
101966
101982
101984
101963
101965
101982
101961
101980
101962
101984
101965
101982
101957
101948
101949
101963
101947
101959
101960
101954
101940
101943
101951
101956
101945
101971
101969
101991
101986
101972
101968
101989
101974
101978
101994
101995
101975
101976
101992
101970
101986
101967
101989
101972
101991
101982
102042
102066
102052
102031
102029
102054
102048
102023
102024
102044
102025
102046
102047
102051
102031
102027
102052
102028
102053
102050
102073
102097
102075
102101
102077
102099
102072
102068
102094
102095
102070
102071
102096
102074
102076
102100
102097
102077
102074
102098
102059
102036
102057
102033
102035
102055
102035
102055
102057
102059
102038
102037
102060
102037
102060
102059
102080
102102
102079
102104
102081
102105
102080
102078
102102
102103
102079
102080
102104
102082
102083
102106
102105
102083
102082
102105
102061
102084
102034
102012
102012
102039
102010
102037
102036
102032
102005
102007
102030
102032
102009
102006
102032
102008
102034
102030
102060
102086
102061
102064
102088
102088
102062
102062
102086
102058
102084
102057
102085
102059
102059
102086
102084
102060
102058
102085
102060
102038
102059
102037
102036
102057
102038
102058
102058
102059
102036
102038
102058
102084
102084
102108
102108
102084
102084
102108
102084
102108
102084
102082
102107
102107
102083
102083
102108
102084
102107
102083
102108
102028
102004
102003
102030
102002
102029
102029
102027
102001
102027
102002
102001
102027
102001
102028
102027
102055
102083
102056
102082
102056
102057
102083
102083
102057
102056
102082
102055
102082
102055
102055
102083
102082
102055
102055
102082
102055
102034
102033
102057
102052
102028
102027
102048
102029
102050
102050
102053
102030
102080
102080
102106
102103
102081
102078
102105
102080
102107
102082
102105
102078
102074
102102
102102
102076
102076
102103
102079
102104
102027
102054
102030
102006
102007
102033
102005
102031
102032
102029
102004
102030
102007
102005
102032
102056
102055
102085
102084
102057
102056
102085
102058
102060
102087
102088
102058
102060
102086
102057
102086
102058
102088
102059
102086
102039
102016
102017
102043
102015
102040
102041
102036
102009
102011
102034
102038
102013
102064
102062
102092
102090
102065
102061
102091
102065
102069
102094
102095
102067
102067
102093
102063
102089
102061
102091
102064
102092
102071
102140
102163
102146
102123
102122
102147
102144
102118
102119
102142
102120
102142
102143
102145
102123
102121
102147
102122
102147
102145
102167
102189
102168
102192
102170
102191
102166
102164
102188
102188
102165
102166
102189
102168
102169
102192
102190
102170
102168
102190
102151
102128
102150
102125
102127
102149
102127
102149
102151
102152
102129
102128
102154
102128
102153
102152
102173
102194
102171
102196
102174
102197
102173
102171
102194
102196
102171
102173
102196
102175
102177
102199
102198
102176
102175
102198
102156
102179
102137
102113
102113
102139
102112
102138
102138
102136
102110
102111
102136
102136
102113
102111
102137
102112
102137
102136
102160
102183
102161
102162
102183
102184
102161
102161
102183
102160
102182
102160
102182
102161
102162
102184
102183
102162
102161
102183
102158
102134
102158
102133
102133
102157
102134
102157
102158
102159
102134
102134
102159
102183
102180
102205
102205
102182
102181
102206
102183
102207
102184
102183
102206
102207
102182
102184
102207
102184
102208
102184
102207
102136
102110
102111
102137
102110
102136
102137
102136
102110
102136
102111
102110
102138
102110
102137
102137
102161
102183
102160
102183
102162
102162
102183
102185
102161
102162
102184
102161
102184
102162
102164
102186
102186
102163
102163
102185
102158
102133
102132
102159
102157
102129
102129
102155
102131
102156
102156
102158
102131
102184
102183
102208
102207
102184
102183
102208
102184
102208
102185
102208
102183
102181
102207
102207
102182
102183
102208
102184
102208
102139
102164
102143
102115
102116
102145
102115
102143
102145
102142
102114
102143
102116
102115
102145
102168
102166
102192
102191
102168
102167
102193
102170
102171
102194
102196
102169
102171
102194
102169
102193
102170
102197
102171
102195
102150
102122
102123
102152
102122
102150
102151
102148
102118
102119
102146
102149
102121
102175
102173
102200
102198
102175
102173
102200
102176
102178
102202
102203
102177
102178
102202
102174
102198
102173
102200
102176
102201
102180
102226
102242
102232
102213
102211
102234
102230
102208
102209
102227
102209
102228
102229
102231
102213
102211
102234
102211
102233
102231
102248
102264
102249
102268
102251
102266
102247
102244
102261
102262
102245
102246
102263
102249
102251
102267
102265
102251
102249
102265
102239
102218
102237
102215
102218
102236
102217
102235
102238
102239
102221
102219
102242
102219
102241
102240
102255
102269
102253
102271
102256
102273
102256
102253
102270
102272
102253
102256
102272
102257
102260
102275
102274
102259
102258
102274
102244
102262
102223
102204
102205
102224
102204
102223
102224
102222
102203
102203
102222
102222
102205
102204
102224
102204
102223
102222
102239
102254
102240
102241
102255
102255
102241
102241
102254
102239
102252
102238
102253
102239
102240
102254
102253
102240
102239
102253
102249
102229
102249
102228
102230
102249
102230
102248
102250
102250
102231
102230
102250
102266
102264
102279
102279
102265
102265
102280
102266
102281
102267
102266
102280
102281
102265
102267
102280
102267
102281
102267
102281
102223
102205
102207
102224
102205
102223
102225
102224
102206
102224
102207
102208
102227
102206
102226
102226
102239
102252
102238
102252
102240
102241
102253
102254
102239
102241
102253
102240
102253
102241
102243
102254
102254
102242
102242
102253
102251
102231
102231
102251
102250
102229
102230
102249
102230
102249
102249
102250
102231
102267
102266
102281
102279
102267
102266
102280
102268
102281
102268
102281
102267
102265
102279
102279
102266
102266
102280
102267
102280
102229
102244
102235
102216
102219
102237
102216
102235
102238
102234
102215
102236
102219
102217
102238
102249
102246
102261
102259
102248
102247
102261
102251
102253
102263
102265
102250
102253
102263
102250
102262
102251
102265
102253
102263
102244
102224
102225
102246
102224
102244
102245
102241
102220
102222
102240
102243
102223
102258
102255
102270
102267
102258
102256
102270
102260
102262
102273
102274
102260
102261
102272
102257
102267
102255
102269
102259
102271
102264
102281
102288
102289
102280
102278
102291
102286
102274
102275
102283
102276
102284
102285
102288
102280
102277
102290
102278
102290
102287
102294
102298
102295
102301
102297
102299
102293
102290
102296
102296
102291
102292
102297
102295
102296
102300
102298
102297
102294
102299
102295
102285
102294
102282
102284
102292
102284
102292
102294
102296
102287
102286
102297
102286
102297
102296
102300
102302
102298
102303
102301
102303
102300
102298
102302
102302
102298
102300
102303
102301
102302
102304
102303
102302
102301
102304
102298
102302
102276
102268
102267
102279
102266
102277
102277
102274
102264
102265
102273
102275
102266
102265
102274
102265
102276
102273
102282
102287
102283
102286
102289
102289
102284
102284
102288
102281
102284
102279
102285
102281
102280
102286
102284
102282
102280
102286
102298
102291
102298
102290
102291
102297
102291
102297
102297
102298
102291
102291
102298
102301
102302
102303
102302
102302
102301
102302
102301
102302
102301
102299
102301
102300
102300
102300
102301
102301
102300
102300
102301
102272
102264
102265
102273
102264
102273
102272
102271
102263
102271
102264
102264
102272
102264
102272
102272
102277
102282
102278
102281
102277
102279
102282
102281
102278
102278
102281
102277
102280
102277
102276
102280
102279
102277
102276
102280
102296
102291
102290
102297
102295
102288
102288
102292
102289
102294
102293
102295
102289
102298
102298
102298
102296
102299
102297
102297
102298
102299
102299
102297
102296
102294
102294
102294
102295
102295
102295
102297
102296
102273
102276
102277
102271
102274
102280
102272
102277
102279
102276
102270
102277
102274
102272
102279
102279
102277
102280
102279
102278
102278
102280
102280
102282
102281
102282
102280
102282
102281
102279
102280
102280
102282
102282
102281
102286
102281
102282
102289
102281
102287
102287
102283
102276
102278
102281
102285
102279
102286
102284
102286
102284
102286
102284
102286
102287
102290
102288
102289
102288
102289
102287
102285
102284
102283
102285
102286
102286
102292
102294
102292
102299
102301
102300
102300
102298
102297
102297
102296
102298
102297
102297
102298
102300
102298
102298
102299
102299
102297
102295
102292
102295
102291
102295
102291
102295
102293
102291
102291
102294
102294
102291
102295
102294
102291
102290
102295
102294
102291
102299
102302
102299
102301
102301
102298
102302
102299
102298
102299
102302
102301
102297
102302
102298
102298
102294
102290
102295
102289
102293
102288
102294
102293
102289
102287
102294
102293
102288
102293
102291
102286
102286
102292
102292
102287
102297
102289
102290
102291
102290
102293
102289
102292
102291
102288
102285
102287
102286
102288
102288
102285
102286
102287
102289
102286
102288
102286
102288
102291
102288
102287
102290
102289
102287
102286
102284
102285
102285
102287
102285
102285
102284
102287
102285
102285
102293
102298
102292
102297
102296
102291
102297
102292
102290
102292
102296
102297
102290
102286
102288
102280
102279
102287
102286
102279
102285
102278
102284
102282
102277
102275
102284
102282
102277
102284
102275
102282
102277
102282
102284
102282
102284
102282
102284
102282
102281
102281
102281
102280
102280
102279
102281
102281
102280
102281
102282
102283
102280
102281
102283
102282
102279
102283
102281
102280
102280
102279
102279
102278
102278
102277
102279
102278
102278
102287
102294
102293
102289
102285
102290
102289
102283
102291
102285
102284
102286
102291
102279
102280
102274
102272
102281
102279
102272
102279
102274
102281
102272
102277
102276
102271
102270
102277
102276
102271
102278
102271
102279
102277
102278
102280
102280
102279
102279
102278
102278
102277
102279
102277
102280
102279
102278
102275
102276
102273
102273
102275
102275
102272
102274
102274
102272
102270
102275
102274
102271
102274
102272
102273
102270
102273
102271
102280
102284
102285
102281
102283
102280
102280
102279
102281
102282
102278
102279
102283
102273
102274
102269
102269
102274
102273
102269
102273
102274
102269
102268
102274
102274
102268
102273
102269
102273
102269
102273
102268
102275
102284
102281
102282
102285
102286
102281
102283
102287
102286
102284
102287
102284
102283
102282
102285
102285
102280
102286
102280
102281
102279
102276
102277
102273
102276
102275
102279
102280
102278
102277
102280
102279
102277
102277
102275
102273
102275
102276
102277
102275
102275
102280
102276
102283
102280
102277
102282
102278
102275
102274
102278
102278
102270
102279
102272
102273
102271
102271
102274
102268
102269
102266
102271
102272
102270
102267
102273
102270
102267
102268
102264
102263
102264
102266
102267
102265
102268
102262
102283
102285
102285
102284
102284
102284
102283
102282
102282
102283
102281
102282
102283
102282
102280
102283
102281
102281
102281
102281
102281
102281
102281
102280
102281
102281
102281
102281
102280
102280
102281
102280
102279
102280
102280
102280
102280
102281
102263
102269
102262
102269
102267
102261
102268
102263
102260
102261
102266
102268
102260
102257
102260
102255
102255
102259
102258
102254
102256
102253
102256
102255
102254
102251
102257
102254
102252
102255
102251
102254
102252
102278
102280
102278
102279
102278
102279
102277
102277
102278
102276
102276
102276
102274
102277
102276
102275
102278
102280
102279
102279
102277
102277
102279
102277
102278
102276
102278
102277
102278
102276
102274
102276
102276
102275
102275
102277
102258
102265
102264
102259
102258
102263
102262
102257
102263
102258
102257
102258
102263
102253
102254
102250
102251
102253
102253
102250
102252
102250
102253
102250
102252
102253
102251
102250
102253
102252
102250
102252
102250
102273
102272
102266
102269
102266
102265
102268
102267
102264
102268
102269
102266
102266
102267
102264
102267
102270
102269
102270
102268
102269
102268
102265
102263
102266
102263
102265
102262
102265
102266
102267
102264
102263
102262
102265
102259
102262
102262
102258
102262
102259
102258
102261
102265
102264
102262
102259
102263
102258
102260
102257
102260
102257
102260
102257
102256
102254
102255
102253
102255
102254
102255
102258
102260
102260
102258
102256
102256
102253
102279
102280
102272
102270
102272
102270
102275
102276
102275
102278
102275
102276
102276
102272
102270
102273
102270
102273
102270
102273
102273
102275
102271
102271
102269
102274
102274
102278
102278
102277
102276
102275
102276
102272
102270
102271
102275
102269
102272
102274
102263
102263
102264
102267
102264
102267
102265
102267
102264
102262
102260
102261
102259
102262
102260
102261
102265
102269
102267
102267
102263
102265
102264
102266
102269
102266
102267
102264
102266
102262
102259
102263
102264
102260
102261
102264
102257
102257
102282
102280
102280
102280
102281
102281
102281
102283
102281
102281
102283
102282
102280
102280
102281
102281
102281
102282
102284
102286
102283
102281
102285
102285
102282
102282
102286
102284
102288
102284
102287
102284
102283
102286
102287
102283
102284
102287
102252
102250
102251
102251
102249
102252
102250
102253
102251
102251
102248
102249
102250
102254
102256
102259
102259
102255
102255
102258
102253
102258
102253
102254
102259
102258
102254
102253
102258
102253
102258
102252
102258
102281
102280
102278
102281
102279
102282
102280
102281
102279
102281
102277
102277
102279
102278
102280
102280
102284
102288
102284
102288
102284
102283
102287
102286
102284
102283
102287
102283
102287
102283
102281
102286
102286
102282
102282
102287
102250
102248
102248
102250
102251
102249
102249
102253
102249
102252
102251
102250
102248
102253
102254
102258
102260
102253
102254
102259
102252
102258
102252
102258
102253
102255
102261
102260
102254
102254
102259
102253
102259
102277
102280
102270
102267
102263
102267
102266
102270
102267
102271
102268
102269
102263
102266
102267
102275
102278
102282
102283
102276
102277
102281
102273
102270
102279
102276
102273
102270
102279
102274
102280
102272
102276
102270
102279
102258
102255
102254
102255
102255
102258
102256
102261
102261
102258
102264
102259
102256
102265
102267
102270
102273
102264
102267
102271
102262
102259
102268
102266
102261
102260
102268
102265
102274
102267
102271
102263
102269
102257
102287
102289
102279
102272
102275
102277
102282
102280
102279
102285
102278
102283
102283
102279
102273
102276
102278
102276
102277
102280
102283
102287
102281
102284
102279
102286
102284
102287
102290
102289
102286
102285
102288
102282
102280
102284
102287
102279
102283
102286
102272
102267
102273
102271
102268
102275
102268
102275
102273
102271
102265
102266
102270
102267
102270
102271
102276
102282
102277
102281
102275
102280
102276
102278
102282
102281
102277
102276
102281
102274
102274
102279
102280
102274
102275
102280
102269
102273
102292
102287
102287
102289
102288
102290
102291
102294
102290
102289
102295
102293
102288
102290
102293
102289
102292
102294
102295
102300
102294
102291
102297
102298
102293
102293
102299
102296
102303
102297
102301
102296
102297
102300
102302
102295
102297
102301
102269
102262
102269
102263
102263
102271
102263
102270
102270
102269
102262
102262
102270
102274
102273
102280
102280
102273
102274
102280
102274
102281
102275
102276
102282
102283
102275
102276
102281
102275
102283
102275
102282
102295
102290
102290
102294
102290
102295
102295
102296
102291
102296
102290
102290
102296
102290
102296
102296
102299
102304
102298
102305
102299
102298
102304
102305
102298
102299
102305
102300
102306
102300
102300
102306
102307
102300
102300
102306
102272
102263
102263
102271
102273
102266
102266
102276
102265
102274
102274
102273
102264
102278
102277
102284
102286
102277
102279
102286
102277
102284
102276
102285
102279
102282
102288
102289
102280
102281
102288
102279
102287
102296
102300
102291
102284
102282
102289
102284
102291
102289
102293
102285
102291
102281
102284
102289
102299
102300
102306
102307
102298
102299
102306
102297
102295
102304
102303
102297
102295
102305
102298
102306
102297
102303
102295
102305
102282
102273
102272
102279
102274
102281
102280
102285
102279
102277
102287
102283
102275
102291
102292
102298
102301
102290
102293
102299
102289
102285
102296
102295
102288
102287
102297
102291
102302
102293
102300
102290
102298
102284
102300
102300
102292
102286
102288
102290
102294
102292
102292
102298
102290
102296
102295
102292
102286
102290
102292
102288
102290
102293
102294
102295
102292
102292
102290
102294
102295
102298
102298
102298
102297
102296
102296
102293
102292
102293
102296
102291
102294
102294
102287
102283
102288
102285
102284
102290
102284
102289
102288
102287
102282
102283
102287
102283
102287
102287
102288
102291
102289
102290
102288
102289
102288
102291
102291
102291
102290
102289
102290
102288
102288
102289
102290
102288
102288
102289
102287
102288
102306
102299
102300
102302
102301
102304
102305
102309
102305
102304
102311
102308
102303
102305
102310
102303
102307
102310
102307
102310
102306
102303
102306
102307
102304
102305
102308
102309
102314
102311
102312
102309
102310
102310
102313
102308
102311
102311
102290
102284
102291
102286
102287
102292
102285
102291
102292
102291
102286
102285
102292
102290
102289
102291
102292
102290
102290
102292
102291
102292
102292
102294
102294
102295
102292
102293
102293
102292
102295
102293
102293
102314
102307
102308
102312
102308
102312
102314
102315
102309
102315
102310
102310
102316
102310
102315
102316
102315
102315
102313
102317
102315
102313
102315
102316
102313
102314
102317
102316
102318
102316
102317
102318
102319
102316
102317
102318
102295
102288
102290
102294
102298
102293
102294
102301
102292
102299
102300
102297
102291
102297
102296
102297
102300
102295
102299
102299
102296
102296
102294
102298
102299
102303
102302
102303
102301
102302
102301
102298
102300
102317
102318
102315
102309
102308
102313
102309
102315
102314
102316
102310
102316
102308
102309
102315
102317
102318
102319
102319
102317
102318
102319
102316
102315
102317
102317
102316
102315
102318
102317
102319
102317
102318
102316
102319
102309
102301
102301
102306
102302
102308
102307
102312
102306
102305
102313
102310
102303
102312
102313
102313
102316
102311
102314
102314
102311
102308
102311
102311
102309
102309
102313
102313
102317
102314
102315
102312
102314
102305
102295
102284
102286
102288
102290
102285
102289
102294
102294
102293
102293
102291
102290
102287
102289
102292
102287
102291
102286
102288
102277
102265
102276
102262
102274
102264
102278
102282
102268
102267
102280
102279
102266
102276
102275
102263
102265
102275
102277
102265
102282
102285
102283
102287
102288
102285
102286
102284
102283
102282
102285
102286
102281
102285
102281
102282
102272
102261
102273
102259
102271
102258
102272
102274
102261
102260
102273
102272
102259
102271
102270
102257
102258
102270
102271
102258
102281
102270
102301
102303
102303
102298
102305
102299
102300
102304
102309
102307
102305
102303
102306
102309
102304
102307
102302
102305
102291
102278
102290
102287
102275
102276
102288
102289
102277
102292
102280
102293
102279
102291
102292
102278
102280
102290
102293
102278
102283
102288
102284
102290
102290
102286
102289
102285
102285
102284
102290
102288
102285
102270
102270
102256
102257
102269
102270
102256
102270
102256
102271
102273
102258
102258
102271
102272
102257
102271
102257
102271
102257
102308
102311
102312
102306
102312
102307
102307
102309
102313
102309
102313
102314
102309
102314
102308
102309
102295
102281
102294
102281
102295
102293
102280
102281
102294
102294
102281
102296
102281
102296
102296
102281
102282
102295
102296
102282
102288
102291
102293
102286
102291
102298
102298
102294
102296
102292
102292
102289
102295
102275
102274
102259
102261
102273
102276
102260
102274
102258
102273
102259
102276
102279
102262
102263
102278
102278
102261
102275
102261
102309
102296
102308
102313
102312
102306
102313
102307
102307
102308
102314
102308
102312
102313
102307
102294
102296
102279
102280
102295
102295
102279
102293
102292
102278
102276
102293
102292
102278
102294
102279
102293
102276
102292
102278
102302
102306
102306
102298
102307
102300
102300
102304
102311
102309
102306
102303
102308
102289
102290
102272
102275
102288
102290
102273
102287
102284
102270
102269
102286
102285
102271
102289
102275
102291
102273
102288
102272
102282
102226
102194
102220
102242
102243
102219
102222
102247
102247
102225
102246
102224
102223
102221
102242
102244
102219
102244
102219
102221
102189
102153
102188
102150
102186
102152
102190
102193
102154
102154
102192
102191
102153
102188
102187
102150
102152
102187
102189
102152
102214
102238
102215
102240
102238
102217
102239
102217
102215
102213
102236
102237
102211
102237
102212
102213
102183
102149
102185
102147
102182
102145
102183
102185
102148
102146
102185
102182
102147
102181
102179
102143
102144
102180
102181
102145
102210
102178
102230
102253
102254
102228
102255
102229
102230
102232
102257
102256
102232
102231
102254
102256
102231
102255
102231
102232
102196
102159
102196
102195
102158
102158
102195
102195
102159
102197
102159
102197
102159
102196
102196
102159
102159
102196
102196
102159
102208
102233
102209
102234
102233
102210
102233
102210
102209
102208
102233
102233
102209
102174
102176
102139
102139
102175
102175
102138
102174
102137
102173
102174
102138
102137
102174
102173
102137
102173
102136
102173
102137
102232
102257
102257
102231
102257
102232
102231
102232
102257
102232
102257
102257
102230
102257
102231
102231
102196
102159
102197
102158
102196
102196
102159
102157
102196
102195
102158
102196
102158
102196
102194
102156
102156
102195
102195
102157
102209
102234
102235
102209
102211
102237
102237
102212
102236
102211
102212
102210
102236
102174
102174
102137
102137
102173
102174
102136
102173
102136
102173
102136
102174
102176
102137
102137
102175
102175
102136
102174
102136
102229
102193
102225
102252
102250
102223
102252
102225
102223
102226
102253
102225
102250
102252
102223
102189
102192
102150
102151
102190
102191
102150
102187
102186
102149
102146
102188
102186
102148
102189
102149
102187
102146
102186
102148
102218
102245
102244
102215
102245
102217
102216
102220
102249
102247
102222
102219
102246
102182
102184
102143
102144
102182
102184
102143
102181
102179
102141
102140
102180
102180
102141
102183
102144
102184
102143
102181
102142
102177
102062
102006
102059
102106
102107
102057
102060
102110
102109
102061
102109
102061
102060
102059
102106
102108
102057
102108
102057
102059
102004
101945
102003
101943
102002
101944
102004
102006
101945
101945
102005
102004
101945
102003
102002
101943
101944
102002
102003
101944
102053
102102
102054
102104
102102
102056
102102
102056
102054
102052
102099
102100
102049
102101
102051
102052
102000
101942
102001
101941
101998
101940
101999
102000
101942
101940
102001
101998
101940
101998
101995
101937
101938
101996
101997
101939
102048
101994
102063
102112
102112
102062
102112
102063
102062
102063
102112
102112
102062
102063
102111
102111
102062
102112
102062
102062
102005
101946
102005
102006
101946
101945
102006
102005
101946
102005
101945
102004
101945
102005
102004
101945
101945
102004
102004
101945
102044
102092
102043
102092
102090
102043
102091
102044
102042
102043
102090
102091
102042
101989
101992
101932
101932
101990
101990
101931
101988
101930
101987
101987
101931
101929
101988
101986
101930
101987
101928
101986
101929
102060
102111
102109
102061
102110
102061
102060
102060
102110
102059
102109
102108
102056
102109
102058
102058
102002
101944
102003
101943
102002
102002
101944
101942
102003
102001
101942
102001
101941
102001
101999
101940
101939
102000
102000
101941
102041
102090
102089
102041
102040
102090
102090
102040
102089
102041
102040
102040
102089
101984
101986
101928
101927
101985
101985
101927
101985
101927
101985
101927
101984
101984
101926
101925
101985
101984
101926
101984
101926
102054
101997
102049
102100
102098
102048
102100
102050
102047
102050
102101
102048
102098
102099
102047
101993
101995
101933
101934
101993
101994
101932
101991
101990
101932
101929
101991
101989
101931
101992
101932
101990
101929
101989
101930
102043
102093
102093
102041
102093
102043
102042
102044
102096
102095
102045
102043
102094
101987
101988
101928
101928
101987
101988
101927
101986
101985
101926
101925
101986
101985
101926
101987
101928
101988
101927
101986
101926
101985
101813
101742
101813
101879
101880
101812
101813
101881
101880
101813
101880
101813
101813
101813
101879
101879
101812
101880
101812
101813
101669
101742
101669
101669
101742
101741
101669
101670
101670
101742
101742
101742
101742
101669
101670
101670
101742
101741
101741
101742
101809
101876
101810
101878
101876
101811
101876
101811
101810
101809
101874
101874
101806
101875
101807
101808
101668
101668
101740
101740
101667
101739
101668
101668
101668
101739
101740
101740
101739
101666
101667
101667
101738
101737
101737
101738
101805
101736
101813
101880
101880
101813
101880
101813
101812
101812
101878
101879
101811
101812
101879
101878
101811
101879
101812
101811
101668
101741
101668
101669
101668
101741
101741
101741
101741
101667
101668
101740
101739
101669
101668
101668
101740
101740
101741
101740
101802
101867
101801
101867
101865
101801
101866
101802
101800
101801
101865
101866
101800
101663
101663
101662
101732
101734
101733
101733
101662
101732
101662
101661
101662
101731
101731
101732
101730
101660
101661
101731
101730
101809
101877
101875
101810
101876
101810
101809
101808
101875
101808
101874
101874
101805
101875
101807
101806
101667
101666
101738
101739
101667
101666
101666
101738
101739
101739
101738
101665
101737
101665
101664
101665
101737
101735
101736
101736
101798
101864
101863
101799
101797
101863
101862
101796
101862
101797
101796
101797
101862
101660
101660
101659
101728
101730
101729
101729
101659
101659
101729
101729
101658
101658
101658
101728
101727
101728
101727
101659
101728
101804
101734
101800
101866
101865
101799
101866
101800
101798
101800
101867
101799
101864
101865
101798
101660
101660
101660
101731
101732
101731
101731
101660
101658
101659
101730
101729
101730
101729
101659
101730
101658
101659
101729
101728
101796
101862
101862
101796
101862
101796
101796
101796
101863
101862
101797
101796
101862
101658
101658
101657
101727
101728
101728
101728
101657
101656
101657
101727
101727
101727
101726
101657
101657
101727
101728
101657
101727
101727
104584
104625
104723
104824
104439
104571
104606
104453
104806
104779
104653
104544
105026
104770
104608
104830
104514
104365
104746
104732
104664
104315
104287
104712
104952
104646
104506
104475
104839
104601
104745
105917
104896
105219
105152
105172
105565
104803
104646
104845
105006
104949
104362
104813
104526
106429
105505
106248
105719
105976
105750
105709
106706
106149
105817
105393
104770
105463
105737
104866
105335
104725
105162
104782
104997
104582
104773
104680
104579
104981
104686
104809
105335
104836
105069
105016
104780
105204
104738
104825
104998
105058
105004
104669
104715
104945
104515
104390
103938
103919
104878
104310
104319
103638
103735
104201
103499
103109
103824
103588
103340
103853
103115
102851
103356
103464
103498
102885
102936
103497
104823
104690
105042
104876
104626
104677
104639
104756
104993
104947
104857
104693
104920
104638
104381
104668
104306
104431
104070
104136
104010
104015
104273
103965
102593
103900
103245
103303
102918
102681
103731
102652
103310
103296
103418
102781
103447
102767
102880
103370
103001
103003
103847
103397
103200
103826
103199
103809
103756
103405
103487
103479
103352
103702
103411
102542
102993
102730
102759
102959
103065
102727
102694
102499
102683
101870
103463
102743
102628
102393
102021
103048
101909
102649
102660
102580
101986
102023
102567
104463
103260
102974
102874
104193
103701
102952
102486
103415
103883
103029
102704
102467
103895
102187
102774
103025
102785
102128
102682
102210
103149
103332
104159
103078
103022
103234
103233
102750
102944
102822
103990
103716
103838
103847
103600
103498
103666
104550
104438
104855
104847
104397
104568
104579
104322
104015
104263
104283
104161
104359
104058
105387
104480
105165
105025
104727
105402
104359
105158
104589
105409
105502
104716
105213
104678
104398
104065
104185
104306
104354
104507
104190
104511
103688
104122
104071
104284
104479
103645
103308
103511
103613
103691
103366
103619
103467
101894
102224
102201
102507
102435
102611
102254
103681
103463
103517
103521
103440
103729
103469
102930
103028
102774
102768
103123
103068
102895
101770
101968
102161
102584
102187
102438
102112
101941
101762
102126
102726
102371
102521
102380
103888
104108
103991
103793
103925
103870
103769
103672
104136
103843
103437
104032
103771
102502
104534
103448
104575
104251
104319
104062
104704
99419.2
104941
103988
101268
102499
102680
99947.8
103662
103730
104514
103312
104184
103127
103912
94561.9
104440
99457.7
102271
101229
101273
86501.4
100840
101761
102715
99531.1
102589
100572
100692
101012
102203
100953
100701
100930
101521
102267
107419
104451
109770
106258
102753
103184
102204
104091
103989
103750
106894
104390
104248
106598
107462
104503
104949
104427
104904
105029
103861
103947
103708
103877
103614
103527
103520
103398
103050
103302
103315
102753
103050
102878
102177
102198
101483
102906
101721
102400
102537
102486
102135
101087
100694
101994
102029
101113
103161
103870
102435
103220
103459
103664
102390
103138
102899
103635
103402
103670
103101
102664
103032
102121
103866
100735
103545
103108
101722
104397
103115
103534
105236
103723
104312
104370
104452
103713
103889
104335
104449
103706
104605
102925
102203
102887
103075
102122
102076
102163
102965
103381
101707
102871
101766
101684
101367
101974
102067
100971
101714
101601
102468
102116
98851.2
98122.5
99548.3
100115
100350
102171
99767.4
103099
102294
102809
103731
102530
103398
103731
103227
103348
103335
104047
103149
103382
103439
102977
102331
102401
103445
102981
102331
103359
103535
103631
103735
104558
103714
103463
103788
103732
101722
103887
104166
101941
102698
105297
100495
99970.5
103180
101871
101348
101347
101367
101387
101379
101378
101377
101347
101348
101366
101386
101378
101376
101376
105273
104129
104878
103801
107896
104872
103929
106589
105365
105240
104734
106491
104498
107593
104633
108937
104757
105740
105642
104149
104451
105611
106367
104124
105876
103898
103129
104250
104699
105669
104573
103513
103939
103995
104364
104076
104161
104089
103970
104036
103768
104465
104934
104486
104263
104594
104568
105374
106314
104317
106502
104833
104018
104045
104216
104499
104136
104075
104329
104168
104633
103196
103614
103403
105545
103127
102884
102762
103208
103048
104297
103000
102960
102847
103000
103868
104561
103929
105616
103750
103009
104000
103260
103331
102594
105905
109164
102610
106790
102303
102757
102035
101332
101854
102267
101560
102858
101626
104948
103368
101406
102572
103501
104027
104266
109713
105549
103194
103926
104104
104532
103663
103785
103178
103960
103951
104136
104108
104263
104031
104174
104202
104105
104022
104692
104379
104047
104320
104146
104012
103907
105447
105726
104322
104825
104354
103630
104653
103852
105520
103863
106386
103937
105160
104570
103863
103790
104331
104573
103940
104323
104339
104254
104553
104146
104119
104624
104248
103223
104267
103821
105603
103556
104144
102401
105003
104458
105460
106771
102507
105999
104161
105628
104294
106996
99412
103130
99841.2
102346
101959
99865.1
99587.5
104311
104474
105133
103538
103780
103793
103352
103919
103999
103563
103302
103153
103336
103466
103347
103311
103234
103597
103652
104085
104142
103797
103918
103777
103607
103638
104987
103890
104177
103497
103547
103968
102923
103490
104189
103298
103735
104270
103618
103083
100896
102438
102945
103773
101729
104854
101824
105107
103181
104247
105791
103080
100597
101937
98426.9
97210
100927
100906
98085.9
102126
100921
100294
100866
101068
101417
100584
101984
103003
102994
103531
102169
102993
102538
100399
96364.1
100878
99567.3
100508
100468
97740.5
104388
104182
103496
101593
98960.2
100811
101058
98147.6
102991
103776
104307
103438
104219
104066
103467
103785
104578
104388
104190
104509
103722
103053
103119
103689
103597
103395
103443
106307
102671
104138
105077
103604
103225
102775
104390
102818
105096
103499
103518
104851
103774
104891
103671
103798
105146
100850
101946
101128
100677
101027
101149
101191
101150
101478
101178
102758
101029
101940
101236
101461
102606
102171
102880
101635
101973
102328
100877
101417
101374
102826
101341
100578
101575
104204
102901
103720
104990
103291
104000
104686
103854
103826
103146
104459
103288
103726
104133
103558
103919
104210
99426.5
102413
101531
103045
100043
99525.8
103320
101360
101359
101438
101439
101438
101359
101435
101360
101432
101360
101435
101361
101431
101429
101359
101433
101359
101435
101361
101431
101429
101360
101432
101359
101431
101360
101428
101428
101364
101364
101427
101430
101430
101358
101431
101360
101429
101359
101429
101360
101428
101427
101359
101433
101359
101434
101360
101430
101429
101359
101359
101436
101436
101436
101359
101434
101359
101430
101359
101432
101360
101429
101427
101360
101429
101359
101428
101359
101427
101426
101360
101429
101359
101429
101359
101427
101427
101363
101363
101425
101428
101428
101358
101429
104698
104764
104926
104888
104700
104814
104880
104833
104749
104743
104134
104098
103435
104060
104580
104278
104222
104572
104945
104637
104497
104879
104584
104675
104438
104382
104324
104276
104337
104507
104555
104363
104458
104132
104360
104329
104272
104436
104127
104665
104628
104469
104504
104724
104630
104766
104372
104127
104171
104284
104169
104328
104105
104263
103958
104150
104297
104056
104169
104109
104173
103532
104330
104878
104281
104675
104467
108326
103847
104779
105017
105066
105949
104900
105332
104962
106776
104819
104945
104499
105126
104517
104802
104929
104640
104371
104164
104365
104104
104411
104586
105787
105010
105627
105598
105359
105730
105066
105529
104519
105246
105228
104899
105495
104532
105721
106803
105266
105119
106619
106029
105504
105825
105740
104924
105045
106176
106177
104876
105187
104880
104793
105050
104791
104485
104671
104572
104673
104763
104371
104592
104295
104463
104424
104377
104557
104263
104451
104870
104283
104461
105105
104656
104862
104964
104272
105050
105042
104567
104608
104919
106269
104145
105229
105124
104527
105865
104579
104558
104750
104341
104769
104476
104458
104690
104741
104373
104403
104601
104489
104687
104254
103437
103111
103431
103415
103368
103681
103084
104393
103574
103950
103942
104244
104374
103520
104393
104558
103949
103970
104973
104419
104648
104835
104043
104840
102751
102804
102498
103068
102519
102706
102860
102560
102236
102161
102602
102236
102665
102201
104276
103611
104183
103933
103368
103364
103949
104375
103661
104101
103970
103694
104276
103541
104864
104333
104787
104835
104645
104903
104561
104421
104612
104762
104825
104549
104609
104635
104625
104256
104237
104384
104387
104503
104083
104637
104207
104448
104606
104317
104356
104530
104019
104658
104173
104325
104395
104142
103930
104442
104156
104336
103498
103704
103785
103709
103268
103621
103427
103868
104121
103894
103995
104020
104206
103963
102374
102224
102042
102737
101969
102493
102360
102434
102145
102033
102532
102055
102087
102552
104103
103380
103976
103746
103148
103816
103122
103047
104242
103726
103575
103356
102882
104083
102214
103100
102840
102962
102828
102365
103238
102267
102966
102620
102623
102620
102866
102270
102467
103428
102706
102989
103771
103551
102927
104449
103537
104302
103802
103819
103423
103376
103823
103760
103201
103229
102165
102625
102500
102557
102512
102241
102667
102723
102910
102591
102592
103031
102924
102750
103321
102963
103170
103041
103010
103285
102778
102046
102095
101817
102332
101781
102096
102142
102092
101855
101771
102057
101831
102083
101770
102903
102590
102790
102698
102421
102822
102601
101849
102079
102496
102403
103154
102896
102622
102620
102040
102957
102350
102477
102201
102596
102158
102371
102476
102281
101981
101909
102191
101971
101943
102278
102637
102509
102642
102748
102827
102704
102981
102351
102900
102925
102808
102441
102788
102285
101898
103297
102100
102520
103636
103697
102488
102744
102249
102676
102625
102061
102595
102027
102528
103481
102893
102841
102613
102346
103291
104120
103289
103642
102431
103023
102046
102807
103424
103381
103438
103494
101338
101340
101338
101375
101377
101376
101375
101360
101344
101362
101387
101373
101386
101377
101422
101422
101455
101456
101423
101422
101456
101338
101340
101338
101375
101377
101375
101377
101361
101345
101361
101388
101376
101387
101377
101421
101422
101454
101455
101422
101422
101454
101336
101339
101337
101375
101377
101376
101375
101340
101355
101383
101374
101374
101336
101338
101336
101373
101375
101375
101373
101339
101354
101381
101372
101373
101337
101339
101337
101375
101377
101375
101376
101340
101355
101383
101374
101374
101420
101421
101452
101452
101421
101452
101420
101336
101338
101336
101373
101375
101373
101375
101339
101354
101381
101372
101372
101420
101420
101453
101452
101420
101452
101420
101337
101339
101338
101373
101375
101374
101373
101344
101359
101360
101385
101371
101375
101384
101337
101340
101338
101373
101375
101373
101375
101344
101360
101360
101386
101374
101375
101385
101593
101592
101518
101519
101518
101516
101593
101350
101343
101345
101376
101377
101377
101381
101349
101343
101343
101373
101376
101375
101379
101343
101348
101343
101372
101374
101373
101378
101343
101349
101344
101374
101375
101375
101379
101341
101341
101378
101375
101375
101375
101341
101588
101587
101514
101514
101514
101514
101588
101340
101341
101376
101374
101374
101374
101341
101364
101377
101362
101375
101349
101366
101362
101341
101375
101340
101375
101340
101375
101375
101344
101341
101374
101376
101340
101376
101373
101375
101370
101391
101341
101374
101340
101375
101340
101374
101375
101344
101341
101373
101376
101340
101376
101372
101368
101372
101388
101339
101375
101340
101375
101340
101375
101375
101340
101342
101374
101375
101340
101373
101375
101368
101370
101388
101339
101373
101339
101373
101339
101373
101373
101340
101341
101372
101373
101339
101372
101374
101339
101374
101340
101375
101340
101375
101374
101342
101340
101373
101374
101340
101375
101373
101368
101371
101388
101339
101373
101339
101373
101339
101373
101373
101341
101340
101372
101373
101339
101373
101371
101368
101369
101388
101361
101374
101363
101376
101340
101373
101339
101373
101339
101373
101373
101340
101343
101372
101374
101340
101371
101375
101349
101365
101361
101340
101372
101339
101373
101339
101373
101373
101340
101343
101371
101374
101340
101370
101374
101373
101368
101389
)
;

boundaryField
{
    outlet
    {
        type            calculated;
        value           nonuniform List<scalar> 
248
(
101324
101324
101324
101324
101324
101325
101324
101324
101324
101324
101324
101325
101324
101324
101324
101324
101325
101325
101324
101324
101324
101324
101324
101325
101324
101324
101325
101324
101324
101324
101324
101324
101324
101324
101324
101324
101324
101325
101324
101324
101324
101324
101324
101324
101324
101324
101324
101324
101324
101324
101324
101324
101325
101324
101324
101324
101325
101324
101324
101325
101325
101325
101324
101325
101324
101324
101324
101324
101324
101324
101324
101324
101324
101325
101324
101324
101324
101324
101325
101324
101324
101324
101324
101324
101325
101325
101324
101324
101324
101325
101323
101324
101323
101324
101323
101324
101325
101325
101323
101324
101324
101323
101324
101324
101323
101323
101323
101324
101323
101323
101323
101323
101323
101325
101325
101324
101324
101324
101324
101324
101324
101323
101324
101324
101324
101324
101324
101324
101324
101323
101324
101324
101324
101324
101324
101324
101324
101324
101324
101324
101324
101324
101324
101324
101324
101323
101324
101324
101324
101324
101324
101324
101324
101324
101324
101324
101324
101324
101324
101324
101324
101324
101324
101324
101324
101324
101324
101324
101324
101324
101324
101325
101324
101324
101324
101324
101324
101324
101324
101324
101324
101324
101324
101324
101324
101324
101324
101324
101324
101324
101324
101324
101324
101324
101324
101324
101324
101324
101324
101325
101323
101323
101323
101323
101323
101323
101324
101323
101323
101323
101324
101323
101323
101323
101323
101324
101323
101323
101323
101323
101323
101324
101323
101323
101323
101323
101323
101323
101323
101323
101323
101323
101323
101323
101323
101323
101323
101323
101323
101323
101323
101323
101323
101323
101323
101323
101324
101323
)
;
    }
    inlet
    {
        type            calculated;
        value           nonuniform List<scalar> 
92
(
105837
106128
107863
161189
104747
104747
103732
105012
102991
112098
100756
102550
102550
105246
104184
102127
108258
106830
103346
103819
104260
92819.4
111936
98501
98500.9
106127
104690
104690
103112
106008
107083
126043
102884
102884
103156
100634
108716
108716
104660
106214
105635
98954.3
105311
130505
111924
112122
104650
105773
103640
104677
104890
104918
104656
104644
104960
108126
100532
97693.8
103318
100770
107396
109485
102127
103182
106103
104648
103677
103981
105095
102843
93208.1
118268
103879
105115
105607
105944
104263
100754
89661.1
218838
106074
104325
103111
104477
117330
105558
114967
104830
115517
140372
100494
103179
)
;
    }
    wall
    {
        type            calculated;
        value           nonuniform List<scalar> 
8028
(
101366
101365
101360
101360
101355
101359
101361
101355
101354
101353
101358
101359
101359
101359
101368
101363
101361
101374
101368
101367
101367
101360
101363
101373
125091
104658
104311
104200
104106
103931
103747
103626
103434
103226
103112
103076
103100
103153
103214
103231
103169
103051
102926
102803
102688
102608
102537
102456
102393
102334
102263
102202
102164
102121
102057
101987
101944
101955
102022
102126
102227
102285
102287
102262
102251
102269
102297
102302
102241
102091
101862
101582
107355
108078
107472
104773
105363
105581
105398
104639
104729
102427
103447
102540
105829
105987
105579
105157
109140
108010
105518
101594
101589
101370
101370
101588
101369
101369
104856
105011
104881
102829
101197
101199
101197
103769
104065
104096
104070
104501
104004
101318
101321
101319
104179
104060
104062
104060
102851
101878
102582
103086
103095
103088
103511
102207
101838
105373
104840
107340
106662
104422
105919
107481
108182
111824
106047
105706
105217
104995
107157
105599
104236
105483
104777
104913
104683
105227
104506
104194
104618
104299
104611
104399
104426
104149
104130
104150
103714
104317
104128
104097
103947
103986
103643
103471
104008
103649
103913
103749
103794
103453
103367
103552
103351
103710
103575
103653
103338
103260
103317
103357
103533
103379
103484
103235
103185
103378
103364
103325
103186
103269
103160
103106
103330
103193
103144
103071
103135
103085
103068
103141
103045
103059
103079
103081
103069
103108
103029
103047
103090
103138
103094
103120
103168
103060
103125
103146
103179
103142
103178
103210
103141
103185
103187
103218
103204
103212
103211
103187
103184
103222
103220
103236
103199
103152
103174
103151
103208
103160
103194
103127
103054
103140
103108
103134
103056
103087
103023
102939
103087
103007
103023
102934
102960
102904
102821
102966
102848
102898
102809
102837
102791
102719
102807
102721
102776
102696
102718
102691
102621
102696
102650
102667
102605
102628
102596
102553
102631
102579
102585
102545
102559
102541
102524
102555
102494
102532
102502
102478
102512
102467
102471
102419
102487
102447
102409
102442
102368
102399
102349
102428
102372
102352
102343
102282
102330
102276
102351
102294
102282
102265
102224
102257
102209
102276
102233
102215
102212
102181
102195
102162
102220
102192
102173
102170
102136
102151
102117
102182
102152
102134
102122
102070
102103
102057
102138
102087
102075
102051
101988
102040
101989
102067
102002
102003
101969
101926
101975
101944
101982
101932
101949
101920
101926
101941
101955
101922
101918
101945
101939
101994
101967
102018
101927
101977
102000
102017
102091
102039
102108
102001
102083
102099
102115
102186
102131
102202
102111
102189
102205
102206
102258
102224
102278
102210
102257
102277
102270
102293
102289
102304
102266
102279
102291
102294
102290
102301
102283
102279
102275
102269
102286
102280
102274
102259
102273
102273
102252
102279
102282
102256
102261
102274
102285
102263
102283
102294
102264
102279
102289
102307
102292
102296
102302
102282
102290
102311
102320
102307
102299
102272
102286
102256
102315
102281
102266
102251
102156
102235
102140
102256
102153
102138
102112
101945
102097
101934
102106
101936
101925
101881
101669
101872
101664
101872
101662
101657
101518
101519
101519
101587
101515
101517
101586
101512
101512
104929
105139
105387
102949
107326
106755
104743
104521
104747
103948
103996
104831
104493
104136
103445
103891
103891
102764
103883
102999
102282
102789
102939
104456
104456
103996
103637
104871
104677
105028
105124
103669
103631
104273
104252
103753
104820
104836
103378
103416
103299
105896
106099
105068
105615
105187
105691
105087
105779
105476
105288
105224
106252
107436
106511
104115
104240
104350
104399
106755
106150
106284
106196
106884
106172
106212
103730
113927
105544
104553
105020
109081
109235
108635
116564
110257
113623
108859
108277
109542
110282
104901
105916
107773
107893
107735
101516
101445
101445
101519
101343
101444
101442
101368
101519
101440
101344
101442
101368
101429
101516
101426
101518
101341
101440
101361
101338
101438
101516
101514
101365
101340
101436
101337
101434
101517
101589
101513
101338
101437
101341
101439
101360
101513
101512
101515
101337
101433
101365
101364
101425
101340
101435
101512
101443
101443
101511
101512
101366
101366
101343
101441
101438
101582
101512
101513
101368
101368
101426
101436
101344
101438
101424
105925
104777
104637
104780
106034
107226
104999
104844
105125
104482
105507
104173
104228
104174
104451
102951
101537
103900
103578
103132
102682
101718
104498
105445
105010
106970
104594
104672
106009
106816
106157
104260
105019
104743
105669
104656
104516
105145
105072
104745
104244
104631
104676
104473
104314
104303
104449
104345
104245
104164
104089
104571
104002
104096
104058
104016
104085
104018
104071
103580
103668
103598
103837
103784
103732
103912
103861
103885
103398
103390
103467
103530
103484
103558
103738
103689
103722
103296
103258
103340
103358
103368
103405
103563
103512
103573
103258
103332
103212
103402
103401
103238
103343
103290
103371
103191
103256
103119
103334
103294
103110
103149
103117
103191
103083
103092
103072
103144
103105
103064
103061
103063
103099
103066
103042
103091
103030
103029
103100
103093
103111
103081
103123
103097
103150
103058
103081
103158
103146
103157
103114
103180
103165
103200
103142
103162
103205
103182
103196
103173
103211
103196
103220
103189
103193
103223
103222
103228
103227
103183
103170
103190
103179
103173
103190
103214
103204
103225
103111
103120
103102
103146
103139
103104
103140
103117
103146
103018
103050
102986
103090
103070
102987
103027
103000
103023
102898
102920
102865
102965
102929
102862
102903
102876
102898
102774
102775
102761
102807
102777
102753
102778
102752
102775
102674
102678
102663
102697
102684
102654
102665
102646
102668
102592
102607
102572
102633
102620
102569
102586
102574
102594
102541
102541
102531
102554
102534
102524
102532
102523
102520
102495
102475
102503
102465
102448
102492
102481
102470
102441
102411
102397
102426
102393
102380
102424
102420
102405
102381
102317
102314
102327
102329
102314
102332
102348
102331
102319
102245
102242
102257
102257
102241
102262
102275
102260
102246
102194
102187
102208
102194
102183
102212
102218
102209
102192
102153
102145
102168
102150
102141
102172
102181
102173
102155
102100
102093
102113
102103
102089
102119
102138
102124
102107
102026
102022
102033
102041
102024
102039
102068
102047
102039
101952
101955
101953
101977
101965
101957
101984
101965
101972
101922
101932
101914
101944
101944
101912
101925
101919
101940
101964
101975
101944
101969
101982
101938
101929
101941
101966
102050
102057
102033
102039
102061
102028
102002
102028
102046
102144
102150
102137
102133
102157
102136
102113
102141
102154
102230
102237
102222
102227
102247
102223
102213
102232
102248
102287
102294
102275
102291
102298
102272
102268
102274
102291
102298
102300
102289
102299
102295
102283
102279
102278
102282
102283
102277
102283
102271
102265
102278
102271
102270
102257
102274
102265
102282
102253
102253
102282
102271
102274
102254
102281
102273
102292
102263
102269
102296
102287
102294
102277
102293
102288
102307
102283
102288
102314
102311
102317
102304
102288
102282
102302
102287
102282
102308
102314
102309
102296
102222
102215
102231
102233
102209
102232
102254
102227
102213
102060
102055
102063
102093
102046
102061
102103
102052
102040
101813
101810
101812
101869
101803
101809
101869
101802
101795
105948
105882
105020
105393
104984
105613
104969
105518
104887
105058
105157
105167
106244
106709
106035
104675
104353
104861
104521
106432
105730
105984
105317
105380
104261
104602
104327
104224
104245
104590
106579
106035
107760
105977
106616
105371
104127
105182
104855
104075
104063
104736
104501
104255
105249
104999
104747
104802
104635
105122
104683
105013
104640
104684
104787
104742
105312
105326
105062
104719
104440
104610
104345
105155
104939
104883
104539
104655
104398
104591
104381
104227
104286
104583
104899
104703
104893
104612
104688
104496
104064
104305
104288
103991
104067
104227
104247
104262
104496
104434
104594
104595
104618
104984
104786
105229
104238
104365
104548
104452
104437
104361
104347
104413
104211
104348
104179
104443
104311
104315
104108
104223
104239
104427
104218
104158
104182
104395
104307
104253
104308
104177
104288
104165
103972
104033
104101
103958
103979
104029
104096
104160
103968
103870
104070
103923
103935
106191
104224
105526
104087
104135
104265
104206
104007
103900
103913
104211
104094
104118
104020
104038
103960
103989
103901
103960
104143
104271
104088
104004
104059
104207
104030
104000
104098
104005
104055
103976
103920
103929
103999
103864
103886
103903
103962
104029
103551
103520
103591
103526
103537
103824
103607
103712
103590
103703
103876
103750
103626
103563
103587
103893
103831
103779
103737
103780
103684
103728
103697
103752
103895
103979
103815
103779
103832
103903
103852
103809
103921
103877
103880
103854
103798
103837
103872
103742
103755
103816
103835
103830
103419
103397
103386
103366
103357
103421
103342
103365
103314
103377
103472
103400
103488
103442
103460
103554
103546
103470
103481
103592
103524
103551
103539
103577
103641
103716
103590
103620
103660
103668
103659
103624
103734
103737
103696
103703
103702
103755
103763
103659
103677
103731
103725
103686
103311
103281
103292
103277
103280
103257
103275
103279
103319
103293
103318
103332
103354
103303
103314
103399
103424
103400
103425
103426
103358
103375
103355
103397
103503
103540
103490
103485
103527
103514
103482
103430
103536
103548
103479
103490
103588
103588
103594
103476
103539
103527
103535
103546
103221
103198
103274
103242
103260
103348
103326
103343
103351
103363
103387
103382
103215
103181
103181
103410
103413
103396
103395
103247
103195
103202
103177
103212
103410
103405
103375
103299
103344
103364
103277
103226
103300
103304
103244
103248
103350
103327
103335
103245
103292
103267
103276
103320
103146
103121
103207
103158
103169
103268
103209
103219
103185
103231
103291
103240
103115
103097
103093
103290
103284
103240
103235
103110
103085
103084
103070
103083
103250
103237
103207
103151
103179
103197
103114
103085
103122
103125
103093
103097
103169
103145
103152
103121
103137
103117
103124
103158
103077
103066
103085
103063
103062
103095
103061
103061
103045
103062
103102
103065
103071
103067
103067
103106
103106
103070
103071
103063
103064
103064
103077
103064
103104
103104
103077
103075
103082
103080
103061
103064
103067
103070
103070
103072
103095
103085
103089
103086
103085
103081
103083
103085
103081
103090
103060
103073
103067
103038
103047
103042
103052
103036
103030
103031
103093
103102
103104
103031
103035
103032
103035
103103
103111
103114
103135
103118
103052
103059
103053
103081
103071
103059
103110
103121
103112
103111
103123
103121
103091
103104
103099
103105
103096
103110
103104
103083
103139
103151
103117
103135
103129
103093
103112
103108
103126
103104
103083
103100
103153
103163
103165
103082
103084
103101
103102
103159
103169
103170
103182
103169
103095
103099
103111
103138
103118
103113
103160
103166
103154
103151
103158
103155
103123
103136
103131
103145
103131
103140
103136
103124
103192
103199
103177
103189
103186
103163
103175
103173
103184
103172
103161
103171
103202
103206
103208
103164
103165
103175
103176
103205
103211
103211
103219
103210
103169
103170
103181
103201
103184
103183
103200
103207
103191
103188
103200
103198
103174
103179
103177
103205
103188
103191
103190
103186
103217
103214
103208
103207
103204
103194
103192
103189
103183
103187
103191
103186
103221
103216
103217
103196
103199
103193
103197
103224
103218
103219
103217
103221
103212
103216
103214
103229
103225
103218
103227
103223
103230
103231
103230
103232
103230
103232
103232
103239
103235
103236
103237
103231
103188
103169
103180
103165
103163
103168
103156
103155
103147
103155
103169
103158
103190
103170
103170
103181
103187
103171
103177
103191
103170
103171
103156
103173
103208
103214
103197
103194
103207
103201
103198
103178
103209
103213
103189
103193
103226
103223
103225
103192
103209
103205
103207
103210
103105
103077
103113
103087
103090
103123
103103
103107
103102
103113
103133
103119
103102
103071
103070
103144
103146
103127
103128
103105
103073
103074
103053
103076
103152
103152
103127
103096
103120
103125
103112
103081
103120
103123
103089
103091
103140
103133
103136
103079
103105
103098
103101
103114
102998
102964
103026
102987
102994
103056
103019
103025
103003
103031
103068
103037
102985
102950
102948
103068
103065
103034
103031
102989
102950
102952
102930
102956
103049
103043
103013
102970
102998
103007
102996
102961
103002
103004
102967
102969
103015
103008
103010
102953
102978
102973
102974
102988
102878
102846
102904
102862
102866
102923
102878
102881
102847
102883
102929
102885
102863
102833
102831
102927
102925
102883
102881
102864
102829
102829
102806
102831
102914
102910
102875
102841
102869
102873
102871
102836
102879
102881
102844
102846
102893
102888
102889
102832
102859
102853
102856
102864
102769
102741
102775
102744
102744
102775
102743
102743
102720
102742
102776
102743
102759
102734
102732
102778
102779
102745
102746
102751
102724
102722
102698
102720
102781
102780
102747
102723
102745
102747
102750
102719
102754
102756
102720
102722
102771
102765
102767
102712
102737
102730
102733
102742
102670
102642
102675
102648
102649
102678
102655
102657
102647
102659
102682
102662
102661
102634
102632
102684
102685
102664
102664
102652
102627
102625
102606
102624
102682
102679
102659
102637
102651
102656
102647
102622
102646
102646
102621
102622
102661
102653
102655
102620
102635
102627
102630
102643
102581
102562
102595
102573
102576
102610
102587
102590
102578
102593
102617
102596
102571
102554
102553
102620
102619
102597
102595
102569
102551
102552
102543
102553
102610
102607
102587
102563
102580
102585
102572
102555
102575
102576
102559
102560
102588
102581
102583
102556
102568
102564
102565
102574
102537
102528
102541
102529
102528
102540
102522
102520
102501
102517
102537
102513
102529
102523
102521
102532
102530
102506
102504
102524
102515
102514
102506
102512
102524
102523
102498
102477
102496
102497
102523
102510
102522
102522
102506
102504
102520
102520
102520
102481
102497
102500
102499
102496
102502
102484
102491
102475
102471
102470
102454
102449
102427
102442
102455
102434
102501
102486
102485
102444
102442
102423
102421
102489
102477
102473
102455
102467
102438
102438
102418
102406
102419
102418
102477
102460
102464
102461
102446
102442
102444
102450
102448
102413
102426
102432
102429
102422
102420
102392
102408
102384
102382
102394
102374
102372
102352
102369
102384
102365
102426
102398
102399
102377
102376
102359
102359
102422
102398
102397
102375
102394
102375
102376
102359
102350
102361
102360
102412
102390
102401
102398
102382
102380
102385
102390
102388
102355
102368
102373
102371
102365
102321
102300
102316
102295
102294
102314
102293
102293
102276
102293
102313
102294
102329
102305
102307
102314
102314
102294
102295
102333
102311
102311
102295
102312
102315
102316
102296
102280
102297
102296
102332
102312
102330
102329
102309
102308
102322
102325
102323
102285
102301
102304
102303
102299
102251
102236
102244
102230
102229
102241
102225
102225
102210
102224
102241
102224
102258
102242
102243
102241
102241
102223
102223
102262
102246
102246
102234
102246
102242
102243
102225
102213
102226
102225
102261
102245
102258
102257
102242
102240
102249
102252
102251
102219
102231
102235
102234
102229
102202
102190
102193
102183
102181
102186
102175
102174
102163
102172
102184
102171
102210
102197
102198
102184
102184
102171
102171
102212
102200
102201
102193
102201
102186
102187
102174
102170
102178
102176
102211
102200
102207
102206
102196
102195
102196
102200
102198
102177
102185
102189
102188
102181
102160
102149
102151
102141
102139
102143
102133
102131
102118
102130
102141
102129
102169
102155
102157
102141
102142
102129
102130
102173
102161
102162
102151
102162
102146
102148
102134
102129
102139
102136
102174
102163
102172
102171
102161
102160
102160
102165
102163
102140
102150
102155
102153
102145
102107
102089
102098
102083
102081
102091
102076
102075
102057
102074
102089
102073
102115
102095
102096
102090
102091
102075
102076
102120
102101
102102
102086
102104
102096
102098
102081
102070
102086
102083
102123
102106
102124
102123
102107
102106
102113
102118
102117
102080
102096
102102
102100
102091
102029
102009
102025
102006
102006
102021
102004
102004
101987
102004
102022
102006
102034
102012
102013
102026
102027
102009
102011
102041
102017
102019
102000
102021
102032
102033
102015
102002
102018
102017
102045
102024
102048
102048
102026
102027
102042
102045
102044
102004
102023
102025
102025
102021
101951
101938
101952
101939
101940
101956
101944
101946
101941
101948
101961
101952
101954
101938
101939
101966
101968
101957
101958
101958
101942
101942
101930
101943
101971
101972
101961
101951
101961
101961
101962
101946
101966
101967
101950
101952
101971
101970
101970
101947
101958
101956
101957
101960
101917
101920
101924
101927
101930
101934
101938
101940
101951
101943
101941
101947
101913
101915
101914
101946
101946
101951
101951
101913
101912
101912
101916
101913
101945
101945
101950
101949
101946
101948
101916
101915
101921
101924
101921
101923
101936
101931
101934
101940
101938
101931
101934
101942
101954
101973
101966
101983
101986
101977
101994
101995
102017
101997
101981
101999
101942
101964
101961
101982
101981
101999
101998
101937
101957
101956
101976
101956
101977
101974
101993
102005
101988
101991
101939
101956
101944
101946
101961
101962
101960
101954
101956
101995
101976
101970
101972
101982
102042
102066
102052
102073
102075
102059
102080
102081
102106
102083
102061
102084
102032
102060
102058
102060
102059
102084
102084
102027
102055
102055
102082
102055
102055
102053
102080
102102
102076
102079
102027
102054
102029
102030
102057
102058
102041
102036
102038
102095
102067
102063
102064
102071
102140
102163
102146
102167
102168
102151
102173
102174
102199
102176
102156
102179
102136
102160
102160
102158
102159
102183
102184
102136
102161
102161
102186
102163
102158
102158
102184
102207
102183
102184
102139
102164
102142
102143
102169
102170
102151
102148
102149
102203
102178
102174
102176
102180
102226
102242
102232
102248
102249
102239
102255
102256
102275
102259
102244
102262
102222
102239
102239
102249
102250
102266
102267
102224
102239
102240
102254
102242
102251
102250
102268
102279
102266
102267
102229
102244
102234
102236
102250
102251
102245
102241
102243
102274
102261
102257
102259
102264
102281
102288
102289
102294
102295
102295
102300
102301
102304
102302
102298
102302
102274
102282
102281
102298
102298
102301
102301
102271
102277
102277
102279
102276
102296
102295
102298
102294
102295
102297
102273
102276
102276
102277
102279
102280
102287
102283
102285
102289
102289
102285
102286
102292
102294
102292
102299
102295
102295
102299
102294
102293
102286
102292
102297
102289
102288
102288
102286
102293
102292
102285
102284
102281
102281
102280
102277
102278
102287
102286
102279
102270
102276
102278
102279
102277
102277
102277
102274
102273
102280
102279
102279
102268
102274
102273
102273
102275
102284
102281
102282
102279
102277
102275
102271
102269
102263
102266
102268
102262
102282
102281
102281
102263
102261
102256
102255
102277
102278
102277
102276
102275
102258
102258
102252
102250
102252
102252
102273
102272
102268
102266
102266
102264
102258
102261
102259
102253
102254
102258
102256
102253
102279
102280
102272
102273
102271
102263
102265
102263
102263
102260
102257
102257
102283
102284
102284
102252
102251
102253
102253
102281
102284
102283
102286
102282
102250
102250
102252
102260
102254
102253
102277
102280
102271
102269
102274
102272
102256
102261
102259
102266
102260
102265
102263
102257
102287
102289
102279
102283
102281
102272
102276
102275
102279
102274
102269
102273
102294
102295
102296
102269
102269
102274
102275
102296
102299
102300
102307
102300
102272
102273
102277
102289
102281
102279
102296
102300
102293
102291
102298
102297
102280
102285
102283
102295
102287
102291
102290
102284
102300
102300
102292
102294
102292
102287
102288
102288
102289
102288
102287
102288
102309
102307
102309
102290
102291
102291
102292
102315
102315
102316
102319
102317
102295
102297
102296
102303
102302
102298
102317
102318
102316
102316
102317
102317
102307
102312
102310
102311
102309
102313
102312
102305
102295
102284
102286
102277
102276
102282
102272
102271
102257
102270
102281
102270
102304
102291
102292
102283
102284
102270
102271
102309
102295
102296
102282
102296
102288
102289
102274
102263
102278
102275
102309
102296
102308
102308
102294
102293
102300
102304
102303
102269
102285
102289
102288
102282
102226
102194
102220
102189
102188
102214
102183
102182
102143
102180
102210
102178
102232
102196
102197
102208
102208
102174
102173
102232
102196
102196
102156
102195
102209
102210
102173
102137
102175
102174
102229
102193
102226
102225
102189
102187
102216
102220
102219
102140
102180
102183
102181
102177
102062
102006
102059
102004
102003
102053
102000
101998
101937
101996
102048
101994
102063
102005
102005
102044
102043
101988
101987
102060
102002
102001
101939
102000
102041
102040
101985
101925
101984
101984
102054
101997
102050
102048
101992
101990
102042
102044
102043
101925
101985
101987
101986
101985
101813
101742
101813
101742
101742
101809
101740
101739
101666
101737
101805
101736
101812
101741
101740
101802
101801
101732
101731
101808
101738
101737
101664
101736
101798
101797
101729
101658
101727
101728
101804
101734
101800
101799
101730
101729
101796
101796
101796
101656
101726
101727
101727
101727
104723
104723
104824
104452
104453
104454
104806
104779
104652
105025
104770
104746
104732
104664
104712
104953
104647
104507
105917
105916
105219
105152
105565
104845
105005
104949
104813
106429
106429
106430
105505
105720
105977
105751
106706
105463
105463
105737
105161
105162
105163
104782
104584
104774
104681
105334
105069
105016
105204
104998
105058
105004
104945
104515
104516
104391
103939
104878
104319
103638
103638
103639
103735
104201
103499
103824
103588
103356
103463
103498
103497
104690
104690
105041
104876
104639
104993
104946
104856
104920
104381
104381
104382
104668
104306
104432
104071
104137
103900
103899
103245
103303
103731
103309
103296
103418
103447
102880
102881
103371
103002
103847
103397
103826
103826
103827
103199
103809
103487
103487
103479
102542
102543
102995
102731
102958
102727
102694
102694
102695
102499
102683
103462
102742
102628
102647
102658
102580
102567
104463
104468
103263
102976
104193
103700
103415
103414
103881
103029
103895
102772
103023
102785
102681
103147
103148
103152
103332
104159
103233
103233
103232
104855
104847
105409
105502
103517
103521
102126
102726
107520
106256
103180
104084
103745
104429
102120
103866
103108
104397
105234
104311
104367
103631
103735
103463
103732
105297
100495
103180
101367
101387
101366
101386
105272
107872
106670
105298
106489
107574
108910
105736
105341
106478
104636
105893
109163
106785
104948
104263
109736
103195
105441
105726
104823
104652
105514
106381
105154
103223
104267
105603
104143
105003
105460
104313
103636
104987
104176
103618
102438
103773
101729
96364
100878
100468
104389
104307
104576
104395
104512
103053
103597
106306
104138
105077
101417
101374
100578
104204
104990
103999
104685
103559
103919
104698
104926
104700
104880
104743
104383
104324
104277
108326
105949
104962
105788
105011
105628
106619
105825
104924
106176
104875
104793
104792
104486
104672
103438
103112
103432
104558
104648
104835
104043
104612
104658
104326
104396
104143
104020
102214
103101
102841
103428
103771
103551
103537
103823
103201
102166
102626
102501
102963
102778
102903
102590
102638
102514
102643
103297
103636
103697
103481
103288
103423
103438
101338
101339
101375
101375
101360
101362
101388
101387
101338
101339
101375
101375
101361
101362
101388
101387
101337
101337
101375
101375
101356
101383
101374
101337
101337
101374
101373
101355
101381
101373
101337
101337
101375
101375
101383
101374
101337
101337
101374
101373
101381
101372
101338
101338
101373
101374
101360
101361
101386
101385
101338
101338
101373
101374
101360
101361
101386
101385
101364
101362
101350
101366
101370
101372
101369
101370
101368
101371
101369
101369
101364
101350
101365
101368
105040
106250
105109
106289
104766
105417
104598
104654
104732
104130
103780
103787
103445
103576
103277
103428
103304
103262
103269
103130
103117
103066
103040
103082
103083
103139
103150
103193
103195
103220
103182
103201
103130
103125
103061
103012
102948
102887
102804
102776
102694
102677
102617
102584
102553
102530
102494
102503
102420
102445
102334
102352
102257
102274
102200
102221
102156
102181
102109
102133
102042
102059
101969
101975
101930
101919
101957
101926
102033
102003
102125
102110
102215
102204
102282
102263
102301
102284
102284
102280
102268
102280
102270
102290
102284
102307
102287
102311
102240
102257
102104
102111
101878
101878
101593
101591
104931
105253
104448
104744
103366
104332
104748
102986
104717
104794
102462
102992
102177
103001
102884
102771
101915
101517
98880.5
100495
103180
105001
105081
105118
106514
106709
110906
104331
106382
112540
104994
110720
107659
111025
106831
101593
101592
101586
101585
101584
101584
104463
104465
104390
104529
104294
104872
103999
105388
105372
104905
106756
104759
104887
104741
104409
105091
104246
104919
104775
103949
103196
102756
104832
104562
103381
103676
104137
102888
102640
102663
102698
102262
103892
102765
103387
102283
102154
101916
102802
102583
102328
104461
102419
102082
104001
104601
104657
105663
104954
106484
106668
107608
105298
107011
116249
105619
104625
109736
103195
104219
104395
104512
104046
104001
103955
103757
103762
103843
103206
103255
103500
103291
102744
102999
101869
102021
101965
101893
102643
101879
102409
101983
102534
101943
102043
102192
110247
108187
106226
109257
104704
104987
104874
104663
105447
103846
105391
107108
105890
106011
106167
111216
114840
105676
105145
104885
104833
106607
105994
104266
104550
105755
104638
104475
106601
104843
105914
104643
104801
104674
104654
105647
104842
104613
104349
104799
104541
104344
104675
104222
104543
104207
104610
104777
104915
104662
104206
104291
104236
104204
104294
104229
104169
104051
104169
104060
104478
103822
103885
104130
103815
104186
104037
103856
104186
104037
104017
103912
104027
103927
103721
103481
103494
103742
103569
103948
103728
103608
103957
103744
103894
103806
103906
103827
103441
103318
103300
103544
103444
103642
103501
103469
103671
103536
103784
103669
103789
103684
103297
103289
103298
103407
103292
103462
103436
103307
103503
103451
103624
103438
103637
103447
103287
103275
103298
103251
103160
103438
103357
103163
103445
103345
103373
103205
103381
103211
103248
103151
103161
103130
103081
103317
103184
103078
103305
103177
103162
103089
103167
103095
103112
103053
103050
103068
103074
103139
103056
103075
103136
103060
103075
103087
103081
103087
103046
103079
103071
103080
103124
103040
103053
103127
103046
103059
103095
103132
103093
103127
103090
103143
103137
103137
103183
103065
103130
103184
103070
103132
103136
103162
103131
103157
103154
103195
103191
103192
103218
103146
103192
103219
103147
103194
103169
103212
103165
103210
103198
103197
103193
103219
103213
103197
103204
103214
103200
103210
103221
103235
103221
103237
103186
103148
103147
103201
103151
103198
103176
103152
103205
103182
103226
103178
103229
103183
103129
103078
103085
103125
103046
103161
103111
103046
103165
103108
103150
103067
103155
103069
103053
102977
102985
103011
102922
103084
102995
102922
103079
102990
103031
102944
103033
102945
102941
102839
102842
102886
102807
102955
102847
102805
102950
102846
102909
102822
102911
102824
102803
102722
102721
102777
102708
102808
102726
102706
102808
102726
102786
102699
102789
102702
102694
102635
102638
102680
102610
102699
102651
102609
102699
102649
102668
102608
102670
102610
102614
102568
102571
102585
102542
102631
102575
102542
102628
102572
102589
102551
102591
102551
102552
102516
102512
102531
102515
102549
102482
102513
102547
102480
102534
102489
102534
102486
102500
102448
102443
102505
102469
102458
102405
102466
102456
102404
102470
102426
102467
102422
102424
102359
102357
102446
102377
102387
102346
102377
102387
102346
102408
102363
102405
102361
102334
102276
102276
102351
102291
102329
102278
102293
102329
102278
102343
102290
102342
102289
102258
102215
102213
102273
102233
102258
102210
102234
102258
102210
102271
102226
102269
102224
102201
102169
102167
102220
102191
102195
102163
102191
102196
102164
102213
102186
102211
102184
102158
102125
102123
102180
102147
102152
102120
102148
102154
102121
102177
102149
102175
102147
102111
102062
102060
102132
102079
102106
102062
102080
102108
102063
102136
102087
102134
102086
102043
101986
101985
102058
101993
102045
101997
101994
102047
101998
102068
102005
102067
102005
101969
101931
101933
101973
101927
101982
101951
101927
101984
101951
101986
101940
101987
101942
101927
101940
101943
101919
101917
101948
101957
101916
101948
101956
101932
101928
101934
101931
101954
102009
102011
101927
101980
101968
102015
101979
101967
102013
101937
101984
101940
101986
102031
102101
102102
102005
102084
102036
102107
102083
102034
102107
102007
102088
102009
102089
102123
102192
102194
102110
102182
102134
102208
102183
102133
102208
102116
102197
102118
102198
102213
102268
102269
102203
102252
102231
102281
102252
102231
102281
102219
102265
102220
102267
102280
102301
102302
102264
102284
102291
102300
102282
102291
102299
102274
102282
102276
102284
102301
102291
102290
102285
102284
102296
102275
102282
102294
102274
102280
102270
102281
102269
102285
102273
102271
102282
102280
102266
102251
102280
102265
102250
102266
102263
102265
102260
102270
102271
102269
102281
102288
102248
102258
102288
102248
102258
102263
102276
102261
102274
102272
102284
102282
102290
102303
102262
102283
102304
102263
102284
102281
102303
102279
102302
102286
102292
102291
102305
102314
102286
102295
102315
102288
102296
102308
102318
102306
102317
102288
102262
102261
102309
102280
102290
102257
102281
102291
102258
102312
102276
102311
102275
102242
102150
102149
102257
102159
102233
102136
102159
102234
102136
102250
102146
102249
102144
102106
101943
101942
102112
101945
102090
101928
101944
102090
101927
102098
101929
102096
101928
101879
101669
101668
101878
101667
101865
101660
101667
101864
101659
101864
101658
101863
101657
101594
101593
101593
101517
101592
101593
101591
101515
101582
101511
104630
105165
104870
104700
105090
104880
104303
103887
104347
103836
104870
105244
104016
104413
104338
106755
104922
106176
104747
104875
104849
104053
104241
104686
105090
102953
101951
102422
102491
104512
104005
104690
103833
103971
104136
103802
103088
103423
103823
102999
103201
102357
101753
101923
102070
102431
102046
103423
103438
108010
109553
108572
109583
104919
105009
104664
105050
105045
104967
104768
105356
104081
104674
104401
104658
103406
102875
103057
103401
103694
102974
102937
103623
105918
104897
105220
104647
104846
105007
103743
103754
103435
103367
103669
103865
103591
103310
103228
102583
103036
102845
103900
103862
102972
103005
102685
102343
102817
102216
101863
102357
102415
101977
104824
104691
105042
104757
104994
104948
102343
102277
102602
102034
102853
103146
102223
102332
101597
101735
101967
101618
101724
101737
101790
101793
101626
101789
101689
101667
102093
101815
102004
101871
103079
103024
103235
108868
128303
106129
117757
104750
104817
101497
101554
101650
101297
105219
105061
105952
106079
106153
105213
105037
105497
105202
105358
105149
105091
104789
106740
105409
105199
105092
105745
105266
104435
104445
106360
106514
107293
106797
106411
108851
112065
106622
104345
104769
104247
106568
106452
106169
106809
100626
110215
136562
105969
104741
105771
107529
107944
117831
110803
109988
111418
108664
107875
112073
109295
115330
107749
106739
106497
101517
101516
101436
101435
101594
101517
101367
101349
101363
101436
101593
101590
101516
101436
101369
101375
101391
101365
101427
101593
101516
101361
101369
101436
101588
101587
101511
101432
101591
101435
101361
101433
101585
101511
101585
101432
101361
101375
101433
101376
101586
101586
101510
101349
101433
101584
101510
101584
101432
101374
104585
104626
104724
104654
104545
105027
104366
104747
104733
105394
104772
105464
105336
104837
105070
104826
104999
105059
103500
103110
103825
102851
103357
103464
102594
103900
103246
102653
103310
103297
103757
103407
103488
101871
103464
102745
101910
102652
102662
102488
103419
103886
102189
102776
103028
104779
104641
108774
111629
107884
105532
104360
104701
105630
105057
104268
104580
104431
104252
103357
103957
103886
103903
103606
103362
103039
103588
104074
103732
103115
105563
105301
105118
104995
107163
106111
106059
106198
104468
104219
104149
105089
104918
104787
104724
106043
105553
105282
105235
104313
104136
104263
104622
104489
104618
104644
104709
104603
104628
104466
104222
104001
104189
104319
104163
104786
104351
104151
104127
104105
104027
104138
103941
104099
103677
103635
103765
103657
103685
103648
103810
103705
103949
103822
103887
103437
103434
103463
103376
103499
103470
103597
103540
103733
103707
103691
103312
103320
103272
103273
103376
103355
103445
103389
103595
103628
103553
103260
103245
103319
103314
103237
103233
103273
103229
103445
103414
103392
103210
103183
103287
103241
103134
103142
103131
103111
103254
103198
103218
103101
103093
103124
103090
103074
103079
103063
103067
103121
103102
103102
103055
103063
103037
103048
103078
103076
103083
103098
103067
103085
103069
103104
103112
103076
103104
103132
103128
103141
103157
103089
103111
103105
103164
103171
103146
103168
103188
103184
103193
103205
103152
103156
103171
103205
103209
103191
103200
103217
103215
103220
103222
103211
103218
103222
103193
103197
103178
103173
103201
103201
103202
103190
103225
103234
103221
103128
103128
103130
103118
103125
103125
103126
103102
103171
103164
103151
103040
103031
103068
103042
103012
103014
103013
102985
103061
103042
103035
102927
102916
102954
102915
102889
102893
102888
102862
102933
102918
102905
102800
102796
102805
102775
102782
102786
102774
102754
102805
102798
102780
102694
102693
102694
102677
102685
102688
102675
102656
102693
102680
102676
102607
102602
102620
102603
102588
102591
102584
102569
102616
102599
102602
102549
102545
102554
102541
102534
102538
102530
102525
102539
102535
102521
102507
102510
102490
102480
102510
102512
102500
102495
102454
102459
102438
102432
102437
102416
102401
102447
102445
102442
102425
102390
102396
102378
102337
102339
102333
102315
102348
102346
102352
102331
102332
102337
102317
102259
102261
102257
102242
102270
102268
102275
102261
102260
102264
102244
102205
102207
102198
102189
102218
102215
102221
102212
102199
102205
102189
102162
102166
102154
102146
102177
102174
102182
102172
102159
102168
102151
102115
102118
102107
102094
102129
102126
102135
102118
102115
102126
102102
102046
102048
102041
102023
102055
102053
102061
102037
102053
102061
102036
101969
101969
101970
101954
101971
101970
101976
101956
101986
101987
101972
101923
101922
101932
101929
101919
101919
101919
101912
101946
101941
101943
101949
101944
101960
101972
101931
101934
101925
101939
101960
101949
101971
102026
102023
102035
102056
102009
102012
102002
102029
102027
102017
102050
102120
102118
102126
102149
102112
102113
102110
102136
102129
102123
102156
102210
102208
102217
102235
102204
102204
102205
102222
102230
102225
102249
102277
102274
102284
102292
102266
102268
102263
102272
102288
102282
102293
102299
102297
102302
102300
102288
102291
102282
102284
102289
102285
102284
102287
102287
102282
102279
102284
102285
102279
102280
102262
102262
102257
102274
102276
102265
102267
102281
102280
102280
102283
102249
102254
102251
102277
102280
102268
102275
102288
102287
102291
102295
102266
102272
102274
102289
102292
102283
102289
102302
102299
102308
102313
102294
102301
102300
102291
102294
102286
102284
102306
102303
102312
102307
102298
102306
102292
102245
102247
102239
102217
102255
102253
102257
102232
102237
102244
102212
102109
102110
102103
102056
102112
102112
102111
102062
102090
102093
102040
101880
101881
101877
101811
101880
101880
101876
101810
101862
101862
101796
105210
106029
105763
105942
105150
105035
105280
105113
105196
104999
104879
105748
105260
105106
104949
104852
105346
104693
104808
106361
106475
106421
106203
105849
104541
104295
104313
104836
104488
104538
106509
105780
105782
105923
105602
105803
104362
104426
104930
104460
104347
104553
105267
105714
109371
106800
105820
105785
105210
104981
105764
105340
105352
104877
104528
104389
104867
105275
104745
105036
104785
104758
104764
104619
104644
104668
104638
105228
104810
104728
104659
104675
104934
104399
104448
105553
105390
104956
105118
104791
104852
104568
104528
104521
104435
104264
105336
104935
104844
105006
104773
104736
104436
104482
104629
104424
104310
104512
104410
104622
105314
104811
104491
104475
104386
104324
104430
104417
104362
104337
104110
104153
104483
104433
104227
104370
104579
104666
104555
104373
104427
104749
104612
104837
104569
104484
104814
104941
105929
104192
104218
104623
104467
104232
104344
104218
104428
104215
104275
104330
104243
104174
104597
104436
104305
104338
104178
104187
104270
104270
104472
104242
104205
104362
104133
104219
104392
104251
104108
104216
104104
104102
104080
104115
104139
104108
103991
104062
103977
103978
103725
103868
104331
104128
103775
103713
103849
103953
103795
106238
104140
104142
104061
103915
104654
103926
103968
104138
104013
103763
103931
103787
104248
104121
104158
104065
104086
103976
104117
104058
103990
103958
103871
103912
104173
104155
104320
104090
104035
104138
103941
103981
104166
104062
103967
104006
103942
103940
103964
103983
104032
103955
103879
103936
103550
103564
103488
103530
103699
103616
103473
103463
103509
103552
103472
104081
104018
103820
103582
103520
103594
103626
103682
103709
103659
103518
103617
103543
103960
103888
103886
103712
103790
103679
103854
103861
103796
103659
103631
103674
103961
103889
104058
103808
103755
103833
103772
103825
103968
103920
103866
103825
103840
103812
103857
103879
103897
103854
103799
103815
103404
103441
103387
103416
103431
103393
103338
103350
103374
103350
103327
103516
103518
103426
103341
103288
103299
103392
103413
103520
103509
103409
103480
103427
103606
103592
103594
103443
103527
103461
103632
103658
103616
103505
103486
103513
103685
103621
103769
103569
103558
103622
103607
103655
103787
103781
103747
103642
103717
103653
103783
103762
103784
103729
103693
103695
103301
103324
103263
103290
103304
103286
103273
103265
103276
103282
103281
103270
103300
103280
103280
103303
103309
103386
103372
103391
103369
103272
103327
103281
103396
103428
103450
103408
103447
103421
103467
103491
103451
103344
103320
103335
103529
103481
103586
103472
103468
103480
103402
103456
103595
103607
103563
103418
103504
103426
103648
103576
103651
103515
103458
103467
103238
103213
103170
103186
103272
103293
103234
103210
103218
103283
103253
103332
103350
103367
103306
103318
103333
103369
103391
103243
103220
103161
103184
103159
103420
103429
103415
103369
103391
103364
103284
103300
103261
103189
103166
103171
103449
103413
103452
103384
103333
103319
103192
103237
103357
103364
103311
103197
103253
103200
103392
103317
103400
103259
103219
103227
103169
103129
103095
103105
103228
103223
103132
103120
103139
103183
103141
103301
103317
103281
103197
103170
103177
103196
103243
103131
103112
103088
103090
103085
103331
103326
103275
103193
103228
103190
103133
103137
103111
103088
103075
103073
103291
103263
103277
103218
103170
103162
103073
103088
103154
103156
103131
103078
103103
103082
103175
103137
103183
103110
103103
103109
103080
103075
103072
103067
103105
103087
103059
103063
103065
103062
103056
103128
103135
103098
103060
103048
103046
103047
103067
103071
103068
103073
103066
103074
103144
103142
103106
103050
103073
103052
103061
103059
103061
103065
103076
103077
103132
103105
103128
103075
103064
103069
103081
103067
103066
103070
103075
103083
103075
103084
103088
103080
103093
103078
103088
103088
103072
103088
103115
103098
103051
103054
103091
103099
103082
103061
103086
103033
103031
103032
103053
103064
103059
103044
103031
103079
103095
103119
103106
103122
103033
103036
103039
103046
103040
103049
103085
103088
103107
103108
103129
103132
103052
103046
103058
103046
103065
103072
103138
103123
103094
103094
103110
103137
103119
103135
103092
103107
103090
103114
103121
103115
103130
103145
103174
103159
103098
103111
103153
103160
103143
103123
103148
103071
103065
103087
103117
103133
103130
103125
103100
103134
103155
103178
103167
103181
103059
103061
103087
103126
103105
103128
103143
103145
103160
103169
103184
103184
103075
103091
103080
103108
103134
103135
103175
103163
103143
103140
103147
103170
103150
103166
103125
103141
103120
103145
103153
103150
103186
103197
103212
103204
103159
103172
103201
103206
103194
103182
103198
103144
103142
103161
103178
103188
103186
103185
103173
103190
103204
103215
103209
103216
103143
103144
103167
103188
103178
103190
103193
103191
103203
103210
103219
103219
103149
103168
103150
103180
103197
103198
103216
103204
103177
103173
103185
103215
103196
103213
103162
103181
103159
103193
103209
103207
103214
103219
103212
103216
103202
103204
103204
103208
103211
103200
103201
103189
103187
103191
103196
103189
103186
103187
103189
103218
103222
103213
103217
103213
103191
103193
103204
103192
103202
103197
103221
103222
103224
103218
103214
103215
103203
103208
103206
103208
103217
103222
103224
103227
103222
103222
103232
103229
103234
103232
103220
103232
103219
103235
103239
103240
103186
103189
103151
103169
103190
103177
103150
103152
103168
103160
103149
103176
103174
103166
103158
103146
103146
103157
103164
103201
103190
103151
103170
103151
103185
103191
103194
103165
103184
103170
103203
103205
103193
103170
103152
103153
103212
103201
103218
103191
103187
103190
103166
103184
103219
103222
103216
103171
103197
103175
103232
103221
103233
103202
103186
103189
103109
103103
103049
103072
103128
103115
103068
103062
103082
103094
103073
103132
103135
103128
103099
103090
103095
103112
103124
103125
103102
103046
103071
103045
103153
103157
103149
103114
103128
103113
103127
103129
103108
103071
103048
103049
103168
103151
103170
103128
103105
103102
103060
103086
103144
103147
103126
103063
103093
103065
103158
103130
103161
103096
103071
103074
103009
102990
102929
102954
103046
103033
102962
102951
102976
103003
102969
103074
103081
103063
103012
102992
102997
103007
103037
103011
102984
102924
102948
102922
103089
103087
103061
103004
103026
103000
103015
103018
102993
102949
102924
102926
103074
103055
103069
103020
102984
102978
102938
102965
103029
103030
103005
102941
102970
102942
103035
103006
103037
102971
102947
102949
102890
102870
102815
102837
102933
102910
102833
102829
102855
102871
102836
102958
102963
102927
102875
102844
102845
102848
102884
102887
102861
102810
102829
102808
102962
102959
102922
102848
102880
102847
102889
102893
102867
102829
102805
102805
102945
102918
102941
102877
102845
102843
102813
102840
102906
102908
102883
102817
102849
102819
102913
102885
102915
102851
102827
102829
102773
102765
102716
102737
102801
102775
102722
102722
102743
102744
102722
102805
102806
102775
102743
102721
102720
102723
102743
102780
102757
102713
102729
102711
102807
102807
102780
102724
102746
102725
102774
102774
102750
102726
102703
102701
102807
102780
102807
102747
102726
102725
102696
102719
102781
102783
102759
102696
102724
102697
102792
102762
102795
102727
102705
102707
102673
102666
102617
102637
102694
102676
102630
102627
102645
102651
102633
102694
102695
102680
102653
102641
102643
102652
102664
102683
102659
102613
102630
102612
102698
102699
102684
102653
102663
102652
102673
102670
102650
102628
102608
102607
102698
102683
102696
102661
102646
102642
102605
102621
102666
102666
102648
102606
102623
102607
102673
102650
102676
102625
102612
102615
102587
102576
102548
102557
102610
102599
102562
102558
102568
102580
102565
102623
102627
102614
102584
102574
102576
102579
102597
102586
102570
102545
102552
102544
102634
102633
102616
102578
102593
102577
102584
102584
102570
102551
102542
102542
102625
102614
102622
102591
102570
102567
102547
102558
102587
102588
102578
102549
102561
102549
102593
102579
102595
102562
102553
102553
102539
102534
102523
102526
102550
102542
102521
102523
102529
102527
102519
102555
102556
102540
102524
102509
102505
102489
102508
102532
102527
102520
102519
102518
102552
102551
102529
102486
102502
102484
102530
102530
102524
102517
102511
102508
102544
102526
102542
102500
102479
102478
102498
102508
102533
102533
102521
102494
102503
102492
102534
102520
102534
102501
102484
102483
102499
102504
102471
102486
102504
102486
102457
102462
102480
102466
102453
102485
102479
102463
102460
102438
102433
102412
102427
102508
102498
102471
102483
102470
102462
102460
102440
102408
102419
102407
102497
102493
102484
102480
102463
102460
102455
102439
102454
102418
102404
102405
102439
102452
102477
102473
102457
102433
102439
102430
102464
102453
102462
102435
102419
102416
102415
102424
102373
102396
102429
102405
102362
102365
102387
102379
102360
102412
102406
102390
102377
102355
102354
102348
102361
102447
102426
102375
102399
102376
102390
102388
102375
102347
102358
102346
102439
102434
102418
102399
102377
102377
102387
102375
102388
102358
102347
102348
102369
102385
102415
102412
102395
102366
102377
102365
102402
102392
102400
102375
102359
102358
102318
102325
102286
102303
102336
102315
102278
102280
102296
102293
102277
102332
102331
102314
102293
102276
102276
102277
102294
102350
102330
102288
102308
102290
102329
102329
102314
102277
102295
102278
102352
102352
102333
102310
102294
102294
102330
102314
102330
102295
102279
102279
102294
102310
102346
102345
102327
102293
102307
102292
102340
102326
102339
102306
102288
102287
102247
102255
102229
102239
102259
102243
102218
102220
102232
102227
102216
102257
102257
102241
102226
102212
102211
102209
102223
102272
102260
102231
102245
102232
102258
102258
102242
102209
102224
102209
102276
102276
102262
102245
102234
102235
102259
102242
102259
102224
102211
102212
102231
102243
102273
102272
102256
102229
102239
102228
102268
102254
102267
102237
102223
102221
102197
102206
102186
102194
102203
102191
102173
102177
102186
102179
102171
102197
102196
102185
102177
102166
102164
102162
102171
102219
102211
102188
102199
102189
102194
102195
102185
102162
102172
102162
102222
102221
102212
102200
102192
102193
102196
102185
102197
102173
102166
102167
102191
102198
102216
102215
102204
102189
102193
102188
102209
102202
102207
102191
102182
102180
102156
102165
102141
102153
102160
102148
102129
102132
102144
102136
102127
102153
102151
102142
102134
102121
102120
102117
102128
102178
102170
102143
102158
102145
102151
102151
102143
102118
102131
102119
102182
102182
102174
102160
102149
102150
102155
102144
102157
102133
102123
102125
102152
102162
102180
102178
102169
102151
102159
102150
102173
102167
102171
102157
102145
102143
102103
102111
102074
102093
102113
102096
102065
102068
102086
102079
102063
102106
102104
102090
102078
102059
102058
102058
102074
102130
102116
102076
102098
102077
102104
102105
102093
102059
102077
102060
102136
102137
102122
102100
102082
102083
102110
102094
102112
102079
102065
102067
102089
102107
102138
102137
102122
102088
102105
102088
102132
102120
102130
102104
102084
102083
102028
102032
101989
102011
102045
102024
101986
101987
102007
102005
101986
102040
102039
102021
102004
101986
101986
101992
102007
102056
102036
101990
102014
101991
102042
102043
102029
101994
102012
101995
102063
102065
102043
102016
101996
101997
102048
102030
102050
102014
101999
102000
102004
102026
102069
102068
102047
102005
102026
102005
102065
102046
102064
102026
102005
102005
101951
101952
101926
101938
101969
101953
101928
101927
101938
101941
101929
101970
101972
101959
101943
101935
101937
101947
101954
101972
101955
101926
101940
101926
101980
101981
101969
101949
101959
101950
101977
101979
101960
101941
101928
101928
101985
101970
101986
101960
101951
101951
101934
101948
101985
101986
101968
101937
101953
101938
101987
101969
101987
101955
101944
101946
101919
101915
101922
101917
101925
101926
101935
101931
101924
101932
101937
101934
101938
101938
101935
101946
101948
101956
101950
101919
101913
101919
101913
101918
101946
101947
101946
101957
101951
101957
101919
101920
101914
101913
101915
101915
101948
101946
101947
101950
101954
101953
101921
101918
101928
101930
101926
101924
101926
101926
101937
101929
101938
101929
101934
101937
101959
101948
101988
101968
101951
101969
102004
101999
101979
101989
102006
101962
101964
101979
101991
102013
102015
102018
102000
101929
101940
101984
101959
101982
101969
101969
101980
102017
101997
102016
101925
101925
101938
101958
101977
101977
101965
101979
101963
101995
102011
102009
101979
101959
101932
101934
101948
101980
101965
101982
101943
101951
101945
101967
101989
101991
102046
102037
102088
102062
102029
102054
102097
102094
102070
102077
102099
102036
102038
102060
102079
102104
102105
102108
102084
102007
102030
102086
102057
102085
102038
102038
102058
102108
102083
102108
102001
102001
102027
102056
102082
102082
102033
102057
102030
102082
102105
102104
102084
102056
102004
102005
102032
102086
102059
102086
102011
102034
102013
102061
102091
102092
102142
102138
102183
102161
102122
102147
102189
102188
102165
102170
102191
102128
102129
102153
102171
102196
102197
102205
102182
102111
102136
102183
102160
102182
102134
102134
102159
102207
102184
102207
102110
102110
102137
102160
102183
102184
102132
102159
102131
102185
102208
102208
102191
102167
102114
102115
102145
102193
102171
102195
102119
102146
102121
102173
102200
102201
102228
102223
102255
102241
102211
102234
102264
102261
102245
102251
102266
102218
102221
102241
102253
102271
102273
102279
102265
102203
102222
102254
102238
102253
102229
102230
102250
102281
102267
102281
102206
102208
102226
102238
102252
102253
102231
102251
102231
102268
102281
102280
102259
102247
102215
102217
102238
102262
102253
102263
102222
102240
102223
102255
102269
102271
102284
102277
102289
102284
102278
102291
102298
102296
102291
102297
102299
102285
102287
102297
102298
102303
102303
102303
102302
102265
102273
102287
102279
102285
102291
102291
102298
102302
102300
102301
102263
102264
102272
102278
102281
102280
102290
102297
102289
102299
102297
102296
102279
102278
102270
102272
102279
102280
102282
102281
102278
102281
102279
102283
102285
102286
102297
102292
102288
102290
102300
102300
102292
102291
102294
102295
102291
102302
102302
102298
102295
102289
102288
102280
102287
102287
102286
102286
102285
102285
102298
102297
102290
102278
102282
102277
102281
102280
102280
102283
102280
102279
102293
102289
102291
102281
102272
102271
102273
102275
102279
102279
102278
102272
102273
102271
102282
102278
102283
102273
102269
102268
102284
102284
102281
102281
102286
102281
102276
102278
102280
102276
102275
102280
102278
102272
102274
102268
102266
102255
102259
102283
102281
102281
102280
102281
102269
102268
102260
102253
102254
102252
102278
102276
102275
102279
102279
102278
102264
102259
102263
102253
102250
102250
102270
102269
102269
102267
102264
102267
102262
102265
102264
102262
102263
102260
102258
102256
102276
102281
102285
102282
102272
102270
102275
102278
102276
102269
102274
102263
102260
102260
102267
102267
102265
102259
102255
102281
102283
102286
102284
102287
102250
102249
102250
102258
102252
102258
102279
102277
102280
102284
102288
102287
102248
102250
102248
102252
102258
102259
102283
102277
102268
102266
102267
102280
102270
102279
102258
102264
102256
102267
102271
102269
102283
102290
102297
102293
102275
102277
102287
102290
102286
102279
102286
102267
102265
102270
102277
102281
102280
102280
102273
102289
102295
102300
102297
102301
102262
102262
102270
102281
102275
102282
102291
102290
102296
102298
102305
102306
102263
102271
102264
102276
102285
102287
102307
102299
102285
102284
102289
102306
102295
102305
102277
102287
102275
102293
102300
102298
102296
102304
102306
102304
102288
102290
102295
102298
102297
102290
102294
102283
102282
102287
102289
102290
102289
102291
102290
102304
102311
102310
102311
102312
102284
102285
102292
102292
102293
102293
102309
102310
102316
102313
102317
102318
102290
102294
102291
102294
102298
102300
102319
102318
102310
102309
102315
102319
102316
102319
102305
102313
102303
102314
102315
102314
102291
102299
102275
102288
102290
102285
102265
102268
102280
102274
102264
102285
102285
102281
102273
102259
102258
102256
102269
102307
102305
102278
102293
102279
102288
102288
102285
102256
102271
102257
102313
102314
102309
102294
102281
102281
102293
102286
102295
102273
102259
102261
102280
102295
102314
102313
102307
102279
102292
102278
102309
102306
102308
102291
102273
102272
102224
102229
102158
102195
102243
102219
102153
102154
102192
102186
102152
102238
102236
102212
102185
102147
102145
102139
102175
102256
102232
102159
102197
102159
102233
102233
102209
102137
102173
102137
102257
102257
102231
102197
102158
102158
102235
102209
102236
102173
102136
102136
102151
102191
102253
102252
102223
102149
102186
102148
102247
102222
102246
102184
102143
102142
102061
102063
101946
102006
102107
102057
101945
101945
102005
102002
101944
102102
102099
102051
102001
101941
101940
101932
101990
102112
102062
101946
102004
101945
102092
102091
102042
101930
101986
101929
102110
102108
102058
102003
101943
101941
102089
102041
102089
101985
101927
101926
101934
101994
102101
102099
102047
101932
101989
101930
102095
102045
102094
101988
101927
101926
101813
101813
101668
101741
101880
101812
101669
101669
101742
101669
101741
101876
101874
101807
101668
101740
101667
101663
101733
101879
101811
101668
101668
101739
101867
101866
101800
101662
101661
101730
101875
101874
101806
101666
101739
101665
101863
101799
101862
101659
101729
101659
101660
101731
101867
101865
101798
101659
101659
101728
101862
101797
101862
101657
101728
101657
104653
104830
104952
104838
104745
106248
105719
106148
105335
104997
104582
104981
104809
103499
103853
104431
104014
104273
103463
103048
104098
104059
104580
104572
104172
104329
104878
104675
104964
105050
105042
104919
104276
104183
103933
103949
104864
104787
104835
104903
104103
103976
103746
103816
102698
102822
102601
102495
102744
102676
102625
102595
104394
103574
103951
102723
102912
102592
103425
103441
104452
109757
106887
106568
107452
104930
104904
105029
104451
104332
104448
104601
99970.5
101871
104701
104881
104458
104133
104361
105530
104520
105247
106177
104877
104593
104296
104464
103498
103705
103786
102268
102967
102621
103824
103203
102352
102902
102926
105365
106309
104734
105641
105592
106363
105872
103196
103612
105549
103926
104570
104328
104573
104316
103821
106771
104160
104294
106996
104474
105132
104854
103181
105791
103080
104182
103496
104190
103722
103119
103689
103604
104389
105096
103499
103854
104459
103726
104133
104210
102375
102225
101969
102435
102034
102056
102351
102478
102159
102282
101910
101972
104764
104888
104814
104833
104373
104128
104170
104264
104151
104057
104749
104627
104724
104766
104134
104675
104945
104497
104879
104820
104946
104518
104641
104164
104412
104779
105017
105332
106802
106776
106029
105740
105045
104972
106177
105187
104559
104751
104477
104742
104404
104490
104880
104870
105105
105050
104862
106269
105229
105124
105865
102751
102805
102520
102560
102162
102236
104840
104375
104276
104101
103970
104625
104257
104388
104638
104449
104357
104762
104825
104635
104019
104121
104173
104206
104242
103726
103575
104083
104449
104301
103819
103376
103010
103760
103229
102047
102096
101782
102093
101771
101832
103154
102790
102957
102896
102622
102893
102841
103291
104120
103642
103023
102807
103381
103494
101356
101355
101377
101376
101389
101388
101388
101388
101362
101389
)
;
    }
}


// ************************************************************************* //
