/*--------------------------------*- C++ -*----------------------------------*\
| =========                 |                                                 |
| \\      /  F ield         | OpenFOAM: The Open Source CFD Toolbox           |
|  \\    /   O peration     | Version:  2312                                  |
|   \\  /    A nd           | Website:  www.openfoam.com                      |
|    \\/     M anipulation  |                                                 |
\*---------------------------------------------------------------------------*/
FoamFile
{
    version     2.0;
    format      ascii;
    arch        "LSB;label=32;scalar=64";
    class       volScalarField;
    location    "0.849882";
    object      T;
}
// * * * * * * * * * * * * * * * * * * * * * * * * * * * * * * * * * * * * * //

dimensions      [0 0 0 1 0 0 0];

internalField   nonuniform List<scalar> 
21822
(
308.331
293.24
286.598
281.533
283.665
283.668
273.121
286.115
277.033
275.561
277.556
323.796
281.909
286.581
293.331
261.247
283.803
252.973
273.288
283.896
276.335
281.219
286.547
284.786
263.174
281.59
280.615
278.25
294.261
275.734
277.536
283.62
290.678
274.72
284.904
282.598
299.232
297.916
287.807
286.509
282.353
292.958
274.89
284.413
285.177
298.924
291.83
299.418
296.533
282.208
291.844
278.333
279.894
285.86
297.382
287.585
298.345
299.298
283.048
287.231
297.431
277.21
282.782
299.675
288.469
289.889
299.881
289.657
280.435
299.995
282.621
276.893
299.978
296.718
279.361
299.999
299.436
278.484
300.001
299.931
280.055
300
299.996
296.731
300.001
300
299.882
300.001
300
299.99
300
300
300
300.001
300
300
300.001
300
300
300
300
300
300
300
300
300
300
300
300
300
300.001
300
300
300.001
300
300
300.001
300
300
300
300
300
300
300
300
300
300
300
300
300
300
300
300
300
300
300
300
300
300
300
300
300
300
300
300
300
300
300
300
300
300
300
300
300
300
300
300
300
300
300
300
300
300
300
300
300
300
300
300
300
300
300
300
300
300
300
300
300
300
300
300
300
300
300
300
300
300
300
300
300
300
300
300
300
300
300
300
300
300
300
300
300
300
300
300
300
300
300
300
300
300
300
300
300
300
300
300
300
300
300
300
300
300
300
300
300
300
300
300
300
300
300
300
300
300
300
300
300
300
300
300
300
300
300
300
300
300
300
300
300
300
300
300
300
300
300
300
300
300
300
300
300
300
300
300
300
300
300
300
300
300
300
300
300
300
300
300
300
300
300
300
300
300
300
300
300
300
300
300
300
300
300
300
300
300
300
300
300
300
300
300
300
300
300
300
300
300
300
300
300
300
300
300
300
300
300
300
300
300
300
300
300
300
300
300
300
300
300
300
300
300
300
300
300
300
300
300
300
300
300
300
300
300
300
300
300
300
300
300
300
300
300
300
300
300
300
300
300
300
300
300
300
300
300
300
300
300
300
300
300
300
300
300
300
300
300
300
300
300
300
300
300
300
300
300
300
300
300
300
300
300
300
300
300
300
300
300
300
300
300
300
300
300
300
300
300
300
300
300
300
300
300
300
300
300
300
300
300
300
300
300
300
300
300
300
300
300
300
300
300
300
300
300
300
300
300
300
300
300
300
300
305.267
298.165
277.33
270.771
283.266
289.732
305.504
280.727
278.436
281.112
278.753
276.166
282.021
274.738
275.231
276.705
283.945
283.584
277.939
274.934
320.539
345.832
319.339
305.733
327.485
299.331
295.923
308.467
302.938
332.191
300.541
326.712
321.466
287.058
335.133
285.692
284.396
326.37
300.835
285.489
283.35
284.379
307.062
276.479
297.897
250.34
274.367
332.203
285.692
291.148
285.754
283.37
286.089
248.77
287.923
294.903
281.39
279.443
280.678
279.615
275.364
280.801
281.59
279.125
282.001
280.245
285.08
282.026
282.366
285.349
278.929
346.139
346.263
344.305
342.425
340.872
344.435
346.69
330.757
292.424
283.094
282.352
301.888
289.346
282.006
282.356
290.685
283.391
285.773
297.321
319.694
284.811
294.79
288.628
272.742
284.67
299.638
267.251
307.256
291.212
339.526
321.049
318.284
334.509
281.946
276.531
285.197
281.528
283.504
281.341
286.036
284.036
285.522
282.782
285.41
289.311
286.974
283.627
264.969
275.669
268.123
286.075
276.762
269.659
314.154
282.05
272.519
265.166
272.676
275.394
266.276
271.489
276.49
321.89
271.372
272.84
325.054
274.814
272.986
278.146
266.001
277.514
293.558
276.603
281.967
278.166
265.598
277.742
263.634
267.304
281.941
284.039
261.53
258.799
284.473
261.403
281.079
258.509
281.578
280.849
281.051
300
300
300
300
300
300
300
300
300
300
300
299.999
300
300
300
300
300
299.999
300
300
300
300
300
300
300
299.999
300
300
300
300
300
300
300
300
299.999
340.15
344.731
345.429
345.06
345.399
344.645
343.819
331.025
315.024
333.717
344.99
346.453
322.559
346.368
344.21
344.326
338.42
343.887
341.383
339.536
334.135
346.515
300.406
347.364
316.167
335.181
344.454
339.993
341.971
326.944
297.442
326.436
334.747
342.395
324.806
327.454
331.465
342.313
245.395
338.88
202.151
339.447
331.342
334.098
309.552
339.83
337.231
299.152
326.086
326.995
345.888
329.584
304.281
336.266
324.176
346.592
312.713
346.642
321.949
330.091
336.525
349.403
348.087
346.075
338.371
348.661
303.392
348.379
321.015
339.877
348.482
346.98
348.154
345.828
277.411
264.645
279.885
271.143
265.604
279.344
288.049
321.969
302.262
319.458
245.883
312.675
311.688
202.217
213.026
200.663
211.937
237.204
204.048
340.566
316.684
332.323
283.399
295.617
291.418
305.678
289.18
340.252
346.733
346.687
347.52
345.826
345.664
345.294
327.585
299.636
290.286
339.622
292.292
344.587
323.223
273.748
272.207
265.136
279.623
278.004
282.031
263.668
281.532
270.46
283.998
265.814
264.348
262.84
214.405
300
210.049
205.376
275.297
286.65
293.521
207.26
291.198
201.312
273.606
204.481
300
308.736
336.073
262.252
272.321
232.866
288.232
280.896
267.623
275.172
293.064
271.389
316.421
273.027
321.079
269.159
304.498
285.945
228.503
222.556
220.904
221.671
296.809
284.271
302.075
284.274
301.409
284.95
287.275
296.964
290.932
301.24
279.412
301.391
303.073
251.562
271.244
277.447
222.756
286.988
201.216
238.603
218.402
216.896
215.477
216.642
209.056
290.762
202.45
282.38
280.783
283.256
286.25
279.091
283.538
285.413
289.507
285.582
286.626
286.454
290.187
286.003
286.641
283.413
274.731
281.708
278.009
282.712
275.211
282.824
273.281
268.096
279.61
282.35
273.179
271.494
272.283
265.745
276.139
280.644
283.331
275.091
278.05
280.575
283.515
285.507
283.702
285.604
278.421
276.769
286.606
283.9
323.449
314.075
322.186
307.066
296.491
309.835
292.463
273.564
273.117
265.582
266.626
284.432
280.398
286.2
281.777
284.68
279.901
285.209
286.963
286.477
286.105
286.749
286.124
285.523
284.291
304.076
292.308
301
289.162
286.998
290.728
285.813
278.726
253.423
252.531
256.292
260.394
278.651
253.449
281.551
273.895
267.556
268.346
283.566
282.016
273.405
266.287
264.802
266.797
265.788
272.488
267.757
277.285
272.527
272.58
278.883
271.19
273.855
270.62
265.306
276.659
267.409
274.09
284.76
274.921
288.533
277.237
266.896
274.286
270.092
282.383
289.018
281.672
261.746
268.897
281.092
271.353
284.072
280.917
284.622
281.715
280.886
267.567
272.833
268.625
281.701
277.374
292.557
283.525
271.564
296.103
279.992
270.573
276.788
268.728
273.745
279.697
294.067
290.515
283.127
292.543
274.069
271.878
285.386
274.419
283.295
292.488
285.963
271.263
274.436
284.154
275.059
283.853
283.803
285.143
285.327
284.854
281.143
305.967
285.021
298.312
305.806
301.807
300.723
286.749
300.069
302.933
283.304
300.819
290.497
297.628
302.625
299.725
293.28
298.927
293.331
293.133
275.363
298.996
282.503
286.236
292.307
287.633
274.747
280.215
282.67
276.561
278.787
286.076
281.98
286.307
285.933
305.139
293.506
304.482
298.895
293.686
292.043
297.437
303.514
292.036
301.949
302.76
302.226
301.336
299.822
297.362
299.911
292.547
299.266
290.352
299.464
289.44
299.867
298.828
287.695
289.452
286.236
284.478
297.875
277.443
293.452
276.909
285.565
277.351
282.876
283.807
289.681
288.455
289.535
288.07
290.37
292.537
287.721
300.83
284.978
294.382
301.408
296.538
297.087
299.929
296.924
299.969
287.994
293.974
283.677
299.919
299.646
299.972
299.954
284.923
282.033
278.847
299.36
300.003
277.104
299.978
285.57
281.026
278.872
277.051
277.459
292.503
299.809
294.081
296.679
299.895
299.131
287.775
290.201
294.66
279.839
292.997
280.775
298.487
299.984
299.941
299.998
281.596
280.176
279.142
299.988
299.991
299.999
300
277.609
278.964
278.344
300.001
300.001
293.695
300
299.949
276.98
299.53
279.688
277.953
299.971
300
299.985
299.281
300
299.994
295.073
278.613
299.925
286.212
279.069
284.213
299.987
300
300
300
278.729
285.783
297.689
300
300.001
300.001
300.001
278.886
298.893
299.554
300.001
300.001
299.995
300.001
300
287.883
300
299.965
299.843
300
300
300
300
300
300
299.998
297.662
300
300
296.316
300
300
300
300.001
300.001
299.717
300
300
300
300.001
300.001
300.001
299.964
300
300
300.001
300.001
300.001
300.001
300
299.999
300
300
300
300
300
300
300
300
300
300
300
300
300
300
300
300
300
300.001
300.001
300
300
300
300.001
300.001
300.001
300.001
300
300
300
300.001
300.001
300
300.001
300
300
300
300
300
300
300
300
300
300
300
300
300
300.001
300.001
300
300.001
300
300
300
300
300
300.001
300.001
300
300
300
300
300
300.001
300.001
300
300
300
300
300
300
300
300.001
300.001
300
300
300
300
300
300
300
300.001
300
300
300.001
300
300
300
300
300
300.001
300.001
300.001
300
300
300
300
300.001
300.001
300
300
300
300
300
300
300.001
300
300
300
300
300
300
300
300
300
300
300
300
300
300
300
300
300
300
300
300
300
300
300
300
300
300
300
300
300
300
300
300
300
300
300
300
300
300
300
300
300
300
300
300
300
300
300
300
300
300
300
300
300
300
300
300
300
300
300
300
300
300
300
300
300
300
300
300
300
300
300
300
300
300
300
300
300
300
300
300
300
300
300
300
300
300
300
300
300
300
300
300
300
300
300
300
300
300
300
300
300
300
300
300
300
300
300
300
300
300
300
300
300
300
300
300
300
300
300
300
300
300
300
300
300
300
300
300
300
300
300
300
300
300
300
300
300
300
300
300
300
300
300
300
300
300
300
300
300
300
300
300
300
300
300
300
300
300
300
300
300
300
300
300
300
300
300
300
300
300
300
300
300
300
300
300
300
300
300
300
300
300
300
300
300
300
300
300
300
300
300
300
300
300
300
300
300
300
300
300
300
300
300
300
300
300
300
300
300
300
300
300
300
300
300
300
300
300
300
300
300
300
300
300
300
300
300
300
300
300
300
300
300
300
300
300
300
300
300
300
300
300
300
300
300
300
300
300
300
300
300
300
300
300
300
300
300
300
300
300
300
300
300
300
300
300
300
300
300
300
300
300
300
300
300
300
300
300
300
300
300
300
300
300
300
300
300
300
300
300
300
300
300
300
300
300
300
300
300
300
300
300
300
300
300
300
300
300
300
300
300
300
300
300
300
300
300
300
300
300
300
300
300
300
300
300
300
300
300
300
300
300
300
300
300
300
300
300
300
300
300
300
300
300
300
300
300
300
300
300
300
300
300
300
300
300
300
300
300
300
300
300
300
300
300
300
300
300
300
300
300
300
300
300
300
300
300
300
300
300
300
300
300
300
300
300
300
300
300
300
300
300
300
300
300
300
300
300
300
300
300
300
300
300
300
300
300
300
300
300
300
300
300
300
300
300
300
300
300
300
300
300
300
300
300
300
300
300
300
300
300
300
300
300
300
300
300
300
300
300
300
300
300
300
300
300
300
300
300
300
300
300
300
300
300
300
300
300
300
300
300
300
300
300
300
300
300
300
300
300
300
300
300
300
300
300
300
300
300
300
300
300
300
300
300
300
300
300
300
300
300
300
300
300
300
300
300
300
300
300
300
300
300
300
300
300
300
300
300
300
300
300
300
300
300
300
300
300
300
300
300
300
300
300
300
300
300
300
300
300
300
300
300
300
300
300
300
300
300
300
300
300
300
300
300
300
300
300
300
300
300
300
300
300
300
300
300
300
300
300
300
300
300
300
300
300
300
300
300
300
300
300
300
300
300
300
300
300
300
300
300
300
300
300
300
300
300
300
300
300
300
300
300
300
300
300
300
300
300
300
300
300
300
300
300
300
300
300
300
300
300
300
300
300
300
300
300
300
300
300
300
300
300
300
300
300
300
300
300
300
300
300
300
300
300
300
300
300
300
300
300
300
300
300
300
300
300
300
300
300
300
300
300
300
300
300
300
300
300
300
300
300
300
300
300
300
300
300
300
300
300
300
300
300
300
300
300
300
300
300
300
300
300
300
300
300
300
300
300
300
300
300
300
300
300
300
300
300
300
300
300
300
300
300
300
300
300
300
300
300
300
300
300
300
300
300
300
300
300
300
300
300
300
300
300
300
300
300
300
300
300
300
300
300
300
300
300
300
300
300
300
300
300
300
300
300
300
300
300
300
300
300
300
300
300
300
300
300
300
300
300
300
300
300
300
300
300
300
300
300
300
300
300
300
300
300
300
300
300
300
300
300
300
300
300
300
300
300
300
300
300
300
300
300
300
300
300
300
300
300
300
300
300
300
300
300
300
300
300
300
300
300
300
300
300
300
300
300
300
300
300
300
300
300
300
300
300
300
300
300
300
300
300
300
300
300
300
300
300
300
300
300
300
300
300
300
300
300
300
300
300
300
300
300
300
300
300
300
300
300
300
300
300
300
300
300
300
300
300
300
300
300
300
300
300
300
300
300
300
300
300
300
300
300
300
300
300
300
300
300
300
300
300
300
300
300
300
300
300
300
300
300
300
300
300
300
300
300
300
300
300
300
300
300
300
300
300
300
300
300
300
300
300
300
300
300
300
300
300
300
300
300
300
300
300
300
300
300
300
300
300
300
300
300
300
300
300
300
300
300
300
300
300
300
300
300
300
300
300
300
300
300
300
300
300
300
300
300
300
300
300
300
300
300
300
300
300
300
300
300
300
300
300
300
300
300
300
300
300
300
300
300
300
300
300
300
300
300
300
300
300
300
300
300
300
300
300
300
300
300
300
300
300
300
300
300
300
300
300
300
300
300
300
300
300
300
300
300
300
300
300
300
300
300
300
300
300
300
300
300
300
300
300
300
300
300
300
300
300
300
300
300
300
300
300
300
300
300
300
300
300
300
300
300
300
300
300
300
300
300
300
300
300
300
300
300
300
300
300
300
300
300
300
300
300
300
300
300
300
300
300
300
300
300
300
300
300
300
300
300
300
300
300
300
300
300
300
300
300
300
300
300
300
300
300
300
300
300
300
300
300
300
300
300
300
300
300
300
300
300
300
300
300
300
300
300
300
300
300
300
300
300
300
300
300
300
300
300
300
300
300
300
300
300
300
300
300
300
300
300
300
300
300
300
300
300
300
300
300
300
300
300
300
300
300
300
300
300
300
300
300
300
300
300
300
300
300
300
300
300
300
300
300
300
300
300
300
300
300
300
300
300
300
300
300
300
300
300
300
300
300
300
300
300
300
300
300
300
300
300
300
300
300
300
300
300
300
300
299.999
299.999
300
300
300
300
300
300
300
300
300
300
300
300
300
300
300
300
300
300
300
300
300
300
300
300
300
300
300
300
300
300
300
300
300
300
300
300
300
300
300
300
300
300
300
300
300
300
300
300
300
300
300
300
299.999
300
300
300
300
300
300
300
300
300
300
300
300
300
300
257.044
251.521
310.312
251.5
332.494
251.483
306.012
253.313
258.786
290.391
288.711
252.758
263.433
281.662
253.691
264.766
268.617
282.158
255.294
263.806
273.478
249.335
331.803
251.275
340.248
249.018
340.833
253.039
265.205
268.636
270.568
255.27
265.816
283.554
251.805
262.026
320.774
279.237
247.82
265.005
326.186
255.946
261.079
320.631
259.965
258.981
314.122
296.437
257.916
265.846
311.407
262.107
307.094
259.464
319.487
259.739
264.967
284.321
288.575
265.19
259.618
296.551
259.554
266.787
266.245
275.788
250.377
277.225
264.647
253.849
263.494
265.821
282.565
279.532
277.742
281.547
277.288
272.827
255.411
269.947
263.253
264.167
261.196
306.012
259.959
297.697
262.298
265.674
285.477
277.133
260.092
268.453
280.912
262
296.521
263.596
283.484
276.826
276.883
273.799
270.242
279.805
273.284
282.449
278.876
281.97
277.516
281.508
277.055
259.343
270.529
264.519
263.429
266.088
270.85
278.164
265.138
275.447
263.424
265.457
258.435
261.695
287.833
285.562
287.894
283.763
276.303
284.662
292.453
284.317
282.91
284.584
283.986
283.679
283.837
281.341
283.796
292.064
283.766
292.472
289.077
291.508
285.51
298.231
283.583
281.741
286.37
280.338
282.027
292.748
308.352
276.139
280.608
301.563
277.947
313.213
300.188
311.687
291.633
296.17
300.542
312.712
301.407
275.619
335.76
320.031
322.354
326.567
321.763
334.217
332.444
341.989
337.002
310.181
325.741
340.643
340.876
325.079
338.123
331.81
291.837
325.853
332.983
340.247
322.735
305.086
307.266
295.681
305.37
301.4
299.043
314.123
320.118
291.251
304.935
288.507
317.742
292.194
313.336
283.38
284.511
280.614
285.559
278.206
286.08
283.296
309.846
301.66
284.593
287.597
300.241
308.991
288.417
298.944
279.148
274.866
280.888
284.048
280.611
298.432
261.983
283.873
285.245
285.718
281.958
277.31
283.368
266.04
288.983
285.041
266.284
265.85
266.98
282.089
267.195
284.902
266.627
267.581
280.176
269.057
280.891
267.169
280.439
265.989
267.621
279.627
270.045
279.892
269.574
278.74
279.893
280.126
273.876
274.636
279.83
268.306
275.742
271.282
277.354
279.485
272.413
279.277
272.969
275.593
277.572
273.854
279.948
280.115
278.678
281.367
281.146
280.11
281.164
278.24
282.746
280.861
283.493
280.602
282.786
282.863
281.63
283.612
280.881
270.589
279.664
275.333
279.404
280.922
274.879
282.557
282.494
282.097
282.112
282.461
279.37
283.546
283.032
284.174
279.983
283.731
280.172
284.442
283.05
283.445
285.803
284.53
284.772
284.198
285.388
285.925
284.308
283.156
282.67
282.109
282.457
282.894
283.274
282.504
283.465
282.881
283.301
283.6
282.369
283.563
282.689
284.996
284.744
283.916
284.079
284.65
284.943
283.868
274.273
282.87
283.343
281.892
281.598
283.837
283.877
344.811
346.249
340.715
344.322
345.423
345.617
343.043
343.359
341.298
342.01
341.324
343.041
342.224
341.602
282.425
280.835
269.768
279.927
279.923
285.668
275.18
337.08
330.436
320.29
329.819
324.845
337.798
330.169
334.506
328.249
318.618
321.429
321.834
328.947
333.473
266.369
269.894
266.997
269.196
269.389
270.794
264.534
269.187
268.83
294.421
295.004
266.725
265.73
276.411
275.156
269.098
269.963
272.971
273.477
273.307
268.058
267.449
267.349
269.979
275.336
274.241
274.191
269.417
272.785
270.969
271.165
267.567
266.982
268.145
267.121
268.745
267.106
267.5
266.671
266.146
269.129
266.599
269.659
266.943
268.46
271.552
267.927
270.163
269.226
270.49
267.584
287.697
276.942
278.132
278.77
279.714
273.078
273.449
271.914
274.664
324.072
282.009
284.148
276.179
281.537
286.267
275.375
270.044
267.178
269.229
267.475
272.172
268.874
270.024
271.564
267.895
270.765
269.514
271.633
268.065
271.601
275.716
272.136
270.348
275.97
272.26
268.884
298.545
280.115
272.313
275.568
272.648
267.691
267.934
266.561
274.998
273.444
272.032
266.332
266.621
277.66
274.257
273.832
271.326
278.147
277.416
271.556
264.912
264.544
266.572
266.748
264.876
273.518
265.484
274.07
266.026
265.459
265.784
265.805
265.298
270.274
277.762
276.491
270.547
276.858
270.754
269.893
321.183
312.955
300.01
313.643
318.52
302.913
287.305
289.903
293.698
302.224
313.748
312.184
310.576
281.945
279.391
277.076
277.548
282.129
278.984
277.643
281.803
277.589
281.304
281.441
279.113
277.87
279.668
279.501
277.902
287.131
277.56
301.063
276.82
273.979
276.237
272.174
268.292
278.22
271.265
276.604
271.438
264.518
271.411
267.259
269.617
264.478
263.131
271.62
262.747
265.668
266.115
266.04
266.068
268.38
277.914
270.705
276.532
270.78
276.527
268.91
264.596
265.379
264.501
262.944
272.096
263.437
271.743
262.7
265.274
287.031
276.672
299.777
304.874
290.419
256.426
280.129
283.541
277.946
285.774
273.648
252.51
279.331
285.234
281.761
278.198
281.288
280.825
281.798
280.016
301.006
286.224
302.242
293.575
288.855
283.593
282.867
287.413
283.966
286.239
288.365
295.418
294.355
257.57
257.741
284.077
275.487
274.361
273.569
284.044
283.497
274.526
238.036
245.576
239.943
237.028
248.772
251.079
260.458
260.967
275.477
257.803
277.123
256.353
261.432
271.802
282.142
279.754
272.005
281.155
273.028
270.538
254.109
257.292
257.224
263.172
259.496
260.879
274.413
249.128
253.312
262.483
269.842
276.287
260.281
241.072
242.577
255.029
253.289
249.254
257.47
272.24
282.311
281.228
273.039
281.696
273.297
273.71
271.753
278.468
280.838
275.556
280.01
271.178
275.17
263.479
265.109
261.511
267.193
266.591
270.236
277.551
300
300
300
300
300
300
299.999
300
300
300
300
300
300
300
300
300
300
300
300
300
300
299.999
299.999
300
300
299.999
300
299.999
299.999
299.999
300
300
300
300
300
300
300
300
300
300
300
300
300
300
300
300
300
300
300
300
300
300
300
300
300
300
299.999
300
300
299.999
300
300
300
300
300
300
300
300
300
299.999
300
299.999
299.999
300
299.999
300
300
300
300
300
300
300
300
300
300
300
300
300
300
300
300
300
300
300
300
300
299.999
299.999
300
300
299.999
299.999
300
300
300
299.999
299.999
300
299.999
300
300
299.999
300
300
300
300
300
300
300
300
300
300
300
300
300
300
300
300
300
299.999
300
299.999
299.999
300
299.999
300
299.999
299.999
300
299.999
299.999
300
300
300
300
299.999
299.999
299.999
299.999
300
300
300
300
300
300
300
300
300
300
300
300
300
300
300
300
299.999
299.999
300
299.999
300
300
299.999
300
300
300
300
299.999
299.999
300
300
299.999
299.999
300
300
300
300
300
300
300
300
300
300
300
300
300
300
300
300
299.999
300
299.999
300
300
300
300
299.999
299.999
299.999
299.999
300
299.999
299.999
299.999
300
300
299.999
299.999
299.999
300
300
300
300
300
300
300
300
300
299.999
299.999
300
300
300
300
300
300
299.999
299.999
300
300
300
300
300
300
300
300
300
300
300
299.999
299.999
300
300
299.999
300
300
300
300
300
300
300
300
300
300
300
300
300
300
300
300
300
300
300
300
300
299.999
299.999
299.999
300
300
299.999
299.999
300
300
299.999
300
300
300
319.026
340.299
325.498
335.12
345.972
346.382
345.724
344.993
345.864
346.398
345.232
346.138
346.874
346.193
345.689
346.606
346.352
345.584
346.015
321.581
343.507
347.409
348.09
324.161
344.831
335.119
324.098
333.762
336.15
328.806
338.146
334.456
312.55
330.493
284.505
291.811
333.908
326.593
329.359
335.272
336.802
325.521
335.046
337.926
331.88
323.004
330.125
337.766
331.837
331.121
338.667
338.624
332.55
323.699
338.904
331.896
332.437
264.398
263.878
269.584
272.34
263.968
271.009
264.216
264.572
267.461
264.301
267.13
264.016
265.147
268.838
306.722
290.315
305.962
319.498
291.913
324.347
309.991
263.675
263.712
272.183
273.478
273.487
263.346
264.039
263.131
265.429
271.542
261.308
272.804
262.769
261.63
267.024
265.602
262.026
262.151
265.435
266.054
261.468
287.006
309.838
273.075
283.53
284.195
289.314
285.995
286.829
286.94
284.884
286.92
278.342
259.458
285.047
280.792
284.989
279.962
266.033
292.859
293.728
303.727
301.636
294.115
291.16
303.19
293.466
292.751
293.629
289.261
292.754
295.309
289.51
296.602
300.793
297.046
300.464
296.027
297.481
299.722
266.167
265.869
266.007
266.274
265.336
265.21
263.968
263.73
278.993
279.302
283.603
273.573
281.522
277.864
284.499
280.626
287.382
286.652
288.216
284.97
287.628
289.261
276.439
278.583
277.008
276.125
274.715
274.991
278.658
266.548
267.06
267.211
266.448
283.743
281
285.878
279.061
282.431
280.613
285.845
288.971
286.707
285.488
284.57
290.497
287.805
287.94
277.899
283.477
277.926
278.74
286.111
279.869
285.512
275.408
260.313
262.887
266.093
266.836
276.793
264.662
281.243
273.116
274.004
276.005
282.68
282.171
275.115
278.808
266.822
266.116
267.005
265.48
266.035
266.266
269.69
268.094
287.377
281.864
287.267
290.777
295.576
292.755
291.758
290.538
288.123
291.428
297.759
294.858
288.583
292.956
280.634
275.943
284.77
277.659
278.3
277.575
287.35
272.144
269.67
269.84
271.734
281.462
278.364
283.422
279.494
281.271
276.115
281.153
291.466
288.15
289.249
282.647
291.892
287.301
289.209
286.53
285.221
290.31
291.2
284.936
286.829
290.906
278.939
280.552
273.682
276.697
277.178
280.228
276.391
283.715
285.386
282.8
285.11
283.18
285.668
283.281
283.953
295.391
281.223
300.206
285.01
284.409
301.086
298.045
290.645
298.641
296.678
294.153
300.822
298.762
298.374
295.699
297.008
288.715
293.415
294.896
298.674
288.395
290.929
291.309
287
293.342
292.589
288.07
290.761
294.856
298.124
297.793
295.632
299.43
282.599
276.426
279.25
292.47
285.578
278.718
278.37
290.809
285.95
288.563
282.253
288.097
282.947
287.82
291.039
290.614
292.29
293.262
289.896
291.944
292.533
275.383
276.129
275.079
275.233
275.831
275.758
275.053
283.567
285.717
283.013
284.248
284.145
285.599
282.378
285.601
306.51
308.234
307.325
308.246
307.555
307.885
299.767
300.008
296.848
299.145
296.523
297.43
295.845
299.332
296.848
296.921
287.864
289.81
289.214
293.728
287.189
288.267
297.333
297.873
297.735
299.908
297.215
298.5
297.61
299.948
299.974
299.872
299.989
288.663
284.868
278.886
298.476
291.687
292.749
280.901
285.88
280.922
286.285
282.384
283.572
279.958
283.544
290.956
292.068
290.89
291.418
291.088
291.934
290.506
276.564
275.9
278.374
282.029
275.94
277.268
280.218
280.525
282.464
278.866
279.133
281.598
281.809
277.805
285.11
283.906
290.327
299.25
300.596
301.566
296.24
299.493
299.493
296.025
299.577
297.362
298.417
297.943
299.78
297.842
290.601
286.974
285.475
286.982
287.727
288.183
282.262
295.263
297.567
294.771
297.422
295.929
296.793
293.789
299.999
299.999
299.997
299.999
294.074
297.675
286.086
299.655
296.725
299.343
293.273
281.312
279.706
280.646
284.977
279.872
280.996
278.851
288.086
290.163
286.78
285.885
289.299
289.126
284.974
294.954
290.206
296.294
299.222
290.12
295.012
298.463
276.53
277.704
276.448
277.263
276.599
277.275
276.717
280.748
296.66
287.901
281.197
281.211
284.786
280.113
299.989
299.973
298.845
299.862
298.387
299.891
299.064
299.957
299.38
283.095
289.935
279.693
293.826
279.215
293.747
279.746
285.045
289.882
286.592
285.956
288.952
285.767
284.094
300.001
300
300
300
298.528
299.849
297.957
299.976
299.622
299.984
299.654
279.484
287.221
278.718
296.402
282.868
296.155
282.39
279.394
282.34
279.867
279.537
280.965
280.091
279.22
299.992
299.891
299.994
300
299.941
299.991
300
282.73
278.482
285.501
290.638
278.584
280.574
294.612
277.107
299.996
299.976
287.44
295.795
283.342
298.263
300
300
299.731
299.994
299.884
300
299.98
300
299.997
281.371
298.558
289.517
299.629
295.971
299.918
298.744
278.965
279.281
279.194
278.822
279.178
278.914
278.929
300.001
300.001
300.001
300.001
299.966
300
299.981
300
300
300.001
300
294.44
299.552
294.775
299.984
299.617
299.983
299.65
280.721
279.002
278.866
281.805
278.998
279.794
285.812
300
300.001
300.001
300.001
300.001
300.001
300.001
299.985
299.32
299.983
299.996
299.819
299.924
299.999
291.455
300
300
300
299.999
299.994
300
300
300
300
300
300
300
300
300
300
299.866
300
299.97
300
299.999
300
300
299.734
298.25
298.155
299.631
297.634
299.832
299.819
300.001
300
300
300.001
300
300.001
300
300.001
300
300.001
300
299.991
300
299.991
300
300
300
300
299.983
299.603
299.942
299.992
299.766
299.968
299.997
300.001
300.001
300.001
300.001
300.001
300.001
300.001
300
300
300
300
300
300
300
300
300
300
300
300
300
300
300.001
300
300
300
300
300
300
300
300
300
300
300
300
300
300
300
300
300
300
300
300
300
300
300.001
300.001
300.001
300.001
300
300.001
300
300
300
300
300
300
300
300
300
300
300
300
300
300
300
300
300
300
300
300.001
300.001
300.001
300.001
300.001
300.001
300.001
300
300
300
300
300
300
300
300
300
300
300
300
300
300
300
300
300
300
300
300
300
300
300
300
300
300
300
300.001
300
300.001
300
300
300
300
300
300
300
300
300
300
300
300
300
300
300
300
300
300
300
300
300
300
300.001
300
300.001
300
300
300
300
300
300
300
300
300
300
300
300
300
300
300
300
300
300
300
300
300
300
300
300
300.001
300
300
300
300
300
300
300
300
300
300
300
300
300.001
300
300.001
300
300
300
300
300.001
300.001
300.001
300.001
300.001
300.001
300.001
300
300
300
300
300
300
300
300
300
300
300
300.001
300
300.001
300
300
300
300
300.001
300.001
300.001
300.001
300.001
300.001
300.001
300
300
300
300
300
300
300
300
300
300
300
300
300
300
300.001
300
300
300
300
300
300
300
300
300
300
300
300
300
300
300
300
300
300
300
300
300
300
300
300
300
300
300
300
300
300
300
300
300
300
300
300
300
300
300
300
300
300
300
300
300
300
300
300
300
300
300
300
300
300
300
300
300
300
300
300
300
300
300
300
300
300
300
300
300
300
300
300
300
300
300
300
300
300
300
300
300
300
300
300
300
300
300
300
300
300
300
300
300
300
300
300
300
300
300
300
300
300
300
300
300
300
300
300
300
300
300
300
300
300
300
300
300
300
300
300
300
300
300
300
300
300
300
300
300
300
300
300
300
300
300
300
300
300
300
300
300
300
300
300
300
300
300
300
300
300
300
300
300
300
300
300
300
300
300
300
300
300
300
300
300
300
300
300
300
300
300
300
300
300
300
300
300
300
300
300
300
300
300
300
300
300
300
300
300
300
300
300
300
300
300
300
300
300
300
300
300
300
300
300
300
300
300
300
300
300
300
300
300
300
300
300
300
300
300
300
300
300
300
300
300
300
300
300
300
300
300
300
300
300
300
300
300
300
300
300
300
300
300
300
300
300
300
300
300
300
300
300
300
300
300
300
300
300
300
300
300
300
300
300
300
300
300
300
300
300
300
300
300
300
300
300
300
300
300
300
300
300
300
300
300
300
300
300
300
300
300
300
300
300
300
300
300
300
300
300
300
300
300
300
300
300
300
300
300
300
300
300
300
300
300
300
300
300
300
300
300
300
300
300
300
300
300
300
300
300
300
300
300
300
300
300
300
300
300
300
300
300
300
300
300
300
300
300
300
300
300
300
300
300
300
300
300
300
300
300
300
300
300
300
300
300
300
300
300
300
300
300
300
300
300
300
300
300
300
300
300
300
300
300
300
300
300
300
300
300
300
300
300
300
300
300
300
300
300
300
300
300
300
300
300
300
300
300
300
300
300
300
300
300
300
300
300
300
300
300
300
300
300
300
300
300
300
300
300
300
300
300
300
300
300
300
300
300
300
300
300
300
300
300
300
300
300
300
300
300
300
300
300
300
300
300
300
300
300
300
300
300
300
300
300
300
300
300
300
300
300
300
300
300
300
300
300
300
300
300
300
300
300
300
300
300
300
300
300
300
300
300
300
300
300
300
300
300
300
300
300
300
300
300
300
300
300
300
300
300
300
300
300
300
300
300
300
300
300
300
300
300
300
300
300
300
300
300
300
300
300
300
300
300
300
300
300
300
300
300
300
300
300
300
300
300
300
300
300
300
300
300
300
300
300
300
300
300
300
300
300
300
300
300
300
300
300
300
300
300
300
300
300
300
300
300
300
300
300
300
300
300
300
300
300
300
300
300
300
300
300
300
300
300
300
300
300
300
300
300
300
300
300
300
300
300
300
300
300
300
300
300
300
300
300
300
300
300
300
300
300
300
300
300
300
300
300
300
300
300
300
300
300
300
300
300
300
300
300
300
300
300
300
300
300
300
300
300
300
300
300
300
300
300
300
300
300
300
300
300
300
300
300
300
300
300
300
300
300
300
300
300
300
300
300
300
300
300
300
300
300
300
300
300
300
300
300
300
300
300
300
300
300
300
300
300
300
300
300
300
300
300
300
300
300
300
300
300
300
300
300
300
300
300
300
300
300
300
300
300
300
300
300
300
300
300
300
300
300
300
300
300
300
300
300
300
300
300
300
300
300
300
300
300
300
300
300
300
300
300
300
300
300
300
300
300
300
300
300
300
300
300
300
300
300
300
300
300
300
300
300
300
300
300
300
300
300
300
300
300
300
300
300
300
300
300
300
300
300
300
300
300
300
300
300
300
300
300
300
300
300
300
300
300
300
300
300
300
300
300
300
300
300
300
300
300
300
300
300
300
300
300
300
300
300
300
300
300
300
300
300
300
300
300
300
300
300
300
300
300
300
300
300
300
300
300
300
300
300
300
300
300
300
300
300
300
300
300
300
300
300
300
300
300
300
300
300
300
300
300
300
300
300
300
300
300
300
300
300
300
300
300
300
300
300
300
300
300
300
300
300
300
300
300
300
300
300
300
300
300
300
300
300
300
300
300
300
300
300
300
300
300
300
300
300
300
300
300
300
300
300
300
300
300
300
300
300
300
300
300
300
300
300
300
300
300
300
300
300
300
300
300
300
300
300
300
300
300
300
300
300
300
300
300
300
300
300
300
300
300
300
300
300
300
300
300
300
300
300
300
300
300
300
300
300
300
300
300
300
300
300
300
300
300
300
300
300
300
300
300
300
300
300
300
300
300
300
300
300
300
300
300
300
300
300
300
300
300
300
300
300
300
300
300
300
300
300
300
300
300
300
300
300
300
300
300
300
300
300
300
300
300
300
300
300
300
300
300
300
300
300
300
300
300
300
300
300
300
300
300
300
300
300
300
300
300
300
300
300
300
300
300
300
300
300
300
300
300
300
300
300
300
300
300
300
300
300
300
300
300
300
300
300
300
300
300
300
300
300
300
300
300
300
300
300
300
300
300
300
300
300
300
300
300
300
300
300
300
300
300
300
300
300
300
300
300
300
300
300
300
300
300
300
300
300
300
300
300
300
300
300
300
300
300
300
300
300
300
300
300
300
300
300
300
300
300
300
300
300
300
300
300
300
300
300
300
300
300
300
300
300
300
300
300
300
300
300
300
300
300
300
300
300
300
300
300
300
300
300
300
300
300
300
300
300
300
300
300
300
300
300
300
300
300
300
300
300
300
300
300
300
300
300
300
300
300
300
300
300
300
300
300
300
300
300
300
300
300
300
300
300
300
300
300
300
300
300
300
300
300
300
300
300
300
300
300
300
300
300
300
300
300
300
300
300
300
300
300
300
300
300
300
300
300
300
300
300
300
300
300
300
300
300
300
300
300
300
300
300
300
300
300
300
300
300
300
300
300
300
300
300
300
300
300
300
300
300
300
300
300
300
300
300
300
300
300
300
300
300
300
300
300
300
300
300
300
300
300
300
300
300
300
300
300
300
300
300
300
300
300
300
300
300
300
300
300
300
300
300
300
300
300
300
300
300
300
300
300
300
300
300
300
300
300
300
300
300
300
300
300
300
300
300
300
300
300
300
300
300
300
300
300
300
300
300
300
300
300
300
300
300
300
300
300
300
300
300
300
300
300
300
300
300
300
300
300
300
300
300
300
300
300
300
300
300
300
300
300
300
300
300
300
300
300
300
300
300
300
300
300
300
300
300
300
300
300
300
300
300
300
300
300
300
300
300
300
300
300
300
300
300
300
300
300
300
300
300
300
300
300
300
300
300
300
300
300
300
300
300
300
300
300
300
300
300
300
300
300
300
300
300
300
300
300
300
300
300
300
300
300
300
300
300
300
300
300
300
300
300
300
300
300
300
300
300
300
300
300
300
300
300
300
300
300
300
300
300
300
300
300
300
300
300
300
300
300
300
300
300
300
300
300
300
300
300
300
300
300
300
300
300
300
300
300
300
300
300
300
300
300
300
300
300
300
300
300
300
300
300
300
300
300
300
300
300
300
300
300
300
300
300
300
300
300
300
300
300
300
300
300
300
300
300
300
300
300
300
300
300
300
300
300
300
300
300
300
300
300
300
300
300
300
300
300
300
300
300
300
300
300
300
300
300
300
300
300
300
300
300
300
300
300
300
300
300
300
300
300
300
300
300
300
300
300
300
300
300
300
300
300
300
300
300
300
300
300
300
300
300
300
300
300
300
300
300
300
300
300
300
300
300
300
300
300
300
300
300
300
300
300
300
300
300
300
300
300
300
300
300
300
300
300
300
300
300
300
300
300
300
300
300
300
300
300
300
300
300
300
300
300
300
300
300
300
300
300
300
300
300
300
300
300
300
300
300
300
300
300
300
300
300
300
300
300
300
300
300
300
300
300
300
300
300
300
300
300
300
300
300
300
300
300
300
300
300
300
300
300
300
300
300
300
300
300
300
300
300
300
300
300
300
300
300
300
300
300
300
300
300
300
300
300
300
300
300
300
300
300
300
300
300
300
300
300
300
300
300
300
300
300
300
300
300
300
300
300
300
300
300
300
300
300
300
300
300
300
300
300
300
300
300
300
300
300
300
300
300
300
300
300
300
300
300
300
300
300
300
300
300
300
300
300
300
300
300
300
300
300
300
300
300
300
300
300
300
300
300
300
300
300
300
300
300
300
300
300
300
300
300
300
300
300
300
300
300
300
300
300
300
300
300
300
300
300
300
300
300
300
300
300
300
300
300
300
300
300
300
300
300
300
300
300
300
300
300
300
300
300
300
300
300
300
300
300
300
300
300
300
300
300
300
300
300
300
300
300
300
300
300
300
300
300
300
300
300
300
300
300
300
300
300
300
300
300
300
300
300
300
300
300
300
300
300
300
300
300
300
300
300
300
300
300
300
300
300
300
300
300
300
300
300
300
300
300
300
300
300
300
300
300
300
300
300
300
300
300
300
300
300
300
300
300
300
300
300
300
300
300
300
300
300
300
300
300
300
300
300
300
300
300
300
300
300
300
300
300
300
300
300
300
300
300
300
300
300
300
300
300
300
300
300
300
300
300
300
300
300
300
300
300
300
300
300
300
300
300
300
300
300
300
300
300
300
300
300
300
300
300
300
300
300
300
300
300
300
300
300
300
300
300
300
300
300
300
300
300
300
300
300
300
300
300
300
300
300
300
300
300
300
300
300
300
300
300
300
300
300
300
300
300
300
300
300
300
300
300
300
300
300
300
300
300
300
300
300
300
300
300
300
300
300
300
300
300
300
300
300
300
300
300
300
300
300
300
300
300
300
300
300
300
300
300
300
300
300
300
300
300
300
300
300
300
300
300
300
300
300
300
300
300
300
300
300
300
300
300
300
300
300
300
300
300
300
300
300
300
300
300
300
300
300
300
300
300
300
300
300
300
300
300
300
300
300
300
300
300
300
300
300
300
300
300
300
300
300
300
300
300
300
300
300
300
300
300
300
300
300
300
300
300
300
300
300
300
300
300
300
300
300
300
300
300
300
300
300
300
300
300
300
300
300
300
300
300
300
300
300
300
300
300
300
300
300
300
300
300
300
300
300
300
300
300
300
300
300
300
300
300
300
300
300
300
300
300
300
300
300
300
300
300
300
300
300
300
300
300
300
300
300
300
300
300
300
300
300
300
300
300
300
300
300
300
300
300
300
300
300
300
300
300
300
300
300
300
300
300
300
300
300
300
300
300
300
300
300
300
300
300
300
300
300
300
300
300
300
300
300
300
300
300
300
300
300
300
300
300
300
300
300
300
300
300
300
300
300
300
300
300
300
300
300
300
300
300
300
300
300
300
300
300
300
300
300
300
300
300
300
300
300
300
300
300
300
300
300
300
300
300
300
300
300
300
300
300
300
300
300
300
300
300
300
300
300
300
300
300
300
300
300
300
300
300
300
300
300
300
300
300
300
300
300
300
300
300
300
300
300
300
300
300
300
300
300
300
300
300
300
300
300
300
300
300
300
300
300
264.764
265.024
266.029
266.106
265.583
265.355
265.544
268.776
266.398
266.428
266.021
265.756
268.667
267.37
270.093
266.973
266.887
273.422
267.375
270.452
265.806
265.886
265.454
265.324
265.221
265.536
266.67
266.435
266.544
270.417
266.01
269.708
266.979
267.121
275.326
268.635
273.901
267.722
271.652
267.588
267.739
266.482
267.215
271.791
267.293
266.987
274.388
267.146
273.959
271.003
270.609
268.052
267.185
271.624
269.804
271.618
265.209
265.138
265.057
265.352
266.364
266.604
267.259
276.893
268.408
278.356
267.461
276.371
268.157
267.42
271.209
269.084
275.446
269.025
273.366
268.035
272.432
271.757
264.246
272.009
265.17
264.77
265.174
264.014
271.375
265.75
264.959
264.648
265.407
275.222
270.045
268.961
267.782
275.932
274.27
269.117
263.82
264.909
264.829
265.317
265.836
271.696
264.224
270.778
266.184
264.61
265.95
265.246
265.462
267.486
274.129
273.289
268.85
273.046
268.165
268.524
276.382
276.232
281.892
278.465
277.536
277.489
285.73
283.028
279.983
275.424
275.981
276.433
276.594
275.688
273.955
275.025
282.062
274.057
280.092
277.286
275.888
277.526
278.254
287.936
286.496
283.576
285.487
281.841
280.262
276.611
279.179
277.287
278.435
270.523
277.13
270.433
270.307
276.715
270.026
276.782
267.151
267.804
274.042
266.528
267.915
268.925
268.604
274.619
267.92
266.909
266.555
266.082
267.117
269.231
274.736
269.096
273.652
268.877
274.925
268.884
267.687
267.648
268.872
270.028
272.545
268.297
273.691
268.275
268.612
275.967
278.059
276.528
276.431
282.291
283.154
282.576
278.427
279.607
282.194
279.021
284.961
277.85
281.479
288.221
283.714
288.701
281.87
287.775
283.469
278.099
279.403
277.629
280.015
279.117
279.578
286.727
280.781
284.516
279.173
281.099
278.215
279.949
265.486
267.794
279.732
271.674
270.352
272.004
282.268
280.939
273.402
259.865
263.905
264.796
262.858
266.408
268.087
269.584
269.522
279.816
270.461
278.533
268.087
273.495
275.877
283.502
282.827
280.459
282.226
277.482
279.069
267.683
271.91
270.626
277.741
272.695
275.598
280.992
275.611
275.359
276.517
279.707
281.096
276.426
266.661
268.978
272.716
270.062
271.895
274.348
279.204
283.971
284.764
281.364
283.998
278.737
281.673
279.22
280.072
284.232
281.319
282.674
278.916
281.65
277.078
279.675
275.363
280.629
278.376
281.414
278.815
268.345
269.127
266.574
265.635
265.81
266.408
268.326
266.946
271.398
269.921
267.388
267.782
273.443
269.528
269.743
276.697
283.567
268.19
271.46
280.295
269
272.669
268.55
272.191
268.216
272.367
271.228
273.034
273.867
284.336
270.255
279.204
274.98
273.245
291.103
280.441
290.061
275.478
287.362
276.987
267.957
267.278
271.057
269.764
282.79
285.064
269.71
271.233
284.402
269.687
269.506
278.824
272.574
268.888
269.893
280.72
268.629
271.987
267.929
272.236
269.021
271.738
273.772
292.289
280.857
296.299
274.551
291.271
280.329
271.115
274.5
272.857
292.878
270.709
286.258
275.055
271.084
272.36
270.565
268.636
271.517
270.278
269.454
269.496
274.475
270.555
269.252
268.77
271.144
272.273
272.467
271.342
275.2
271.153
275.742
272.674
271.665
277.73
273.348
272.134
275.768
294.492
271.098
283.635
281.98
273.689
288.055
274.985
284.451
278.321
285.005
297.32
294.349
287.647
279.175
293.474
280.701
278.533
284.158
288.866
285.2
291.018
281.998
289.933
286.832
281.185
280.234
279.356
281.709
282.463
280.768
282.757
290.813
280.757
289.072
284.317
282.505
284.294
285.946
292.285
292.125
289.336
291.433
288.239
287.715
283.214
285.243
284.059
284.955
272.928
271.364
273.909
274.268
270.736
272.849
274.381
272.625
269.809
273.163
272.996
270.063
274.493
270.203
274.627
273.262
275.408
289.474
275.688
287.253
274.177
276.869
290.08
276.756
277.243
274.608
279.821
273.519
277.953
273.84
274.423
274.897
274.83
274.357
273.864
275.018
282.55
280.811
281.401
282.235
283.797
288.338
282.173
284.761
282.54
289.338
283.251
282.367
281.336
287.884
292.259
289.197
292.057
288.218
291.823
288.668
284.135
285.109
284.181
284.937
285.178
285.684
290.436
284.931
290.165
284.451
285.841
283.849
284.629
274.333
274.842
281.046
282.648
281.832
284.229
280.847
282.067
282.155
278.541
276.104
280.498
280.821
279.272
281.407
278.65
276.53
277.187
275.486
278.837
276.542
276.942
280.405
283.904
280.589
281.844
281.265
282.111
279.32
278.543
277.038
280.371
280.758
281.251
279.11
283.824
285.48
283.158
284.55
283.278
285.843
283.73
282.966
281.891
282.54
282.262
283.674
283.115
284.042
284.975
285.84
283.381
285.671
283.45
284.178
284.213
285.204
286.047
284.316
285.875
284.149
284.433
282.879
281.932
282.141
282.766
283.755
283.654
284.588
293.978
303.372
298.045
284.435
282.085
300.905
295.655
281.361
293.493
295.064
282.784
294.552
298.128
297.719
291.108
296.056
301.753
285.612
299.727
300.82
305.932
308.266
306.768
308.464
306.943
308.479
304.297
303.483
307.383
304.84
304.325
303.798
307.133
305.491
302.317
307.22
303.457
305.908
303.599
307.248
297.188
282.595
300.374
292.087
300.69
301.935
291.681
300.478
301.874
297.817
281.04
298.183
295.588
285.812
292.759
300.999
305.717
308.079
306.651
307.381
303.878
306.513
304.685
300.991
306.477
300.308
305.465
301.237
305.769
303.525
300.67
303.84
302.639
299.888
302.415
305.704
290.826
296.767
298.906
287.008
298.529
297.925
293.971
296.751
300.025
299.472
297.402
295.655
299.697
300.003
299.479
298.823
298.849
298.841
299.902
299.613
300.55
300.849
300.467
301.686
302.947
299.965
301.823
300.162
300.642
300.095
299.966
299.917
300.018
299.956
299.462
299.829
299.933
299.843
299.856
299.927
290.31
287.421
292.367
293.346
290.905
294.097
290.406
294.511
292.295
290.011
287.442
287.618
289.495
294.269
296.823
296.788
298.081
294.27
297.119
296.528
292.594
294.452
294.093
293.957
296.086
293.938
295.921
293.437
295.35
291.563
291.526
290.774
292.803
294.867
296.695
282.26
296.005
289.929
298.646
286.653
293.9
288.64
285.287
277.122
276.865
276.613
278.748
278.93
280.575
299.21
299.933
299.819
299.661
297.587
298.064
299.74
295.754
299.428
293.141
298.829
297.241
298.701
292.143
279.328
288.738
292.054
284.704
286.418
295.729
287.423
287.004
286.355
288.445
287.213
290.588
285.295
286.709
286.573
290.783
285.754
286.064
285.404
291.171
292.768
292.196
291.608
292.205
292.018
291.153
287.956
289.525
289.112
288.348
287.475
287.262
290.235
286.429
290.422
286.049
287.787
286.45
286.898
275.818
277.403
277.248
278.923
281.12
281.554
278.198
277.843
280.125
275.36
275.85
276.531
279.65
277.598
278.48
275.319
275.623
275.952
276.087
275.519
275.624
275.466
276.295
279.737
276.62
277.813
276.804
278.731
275.998
275.187
275.328
275.78
276.506
277.28
275.544
284.453
286.238
284.646
286.163
284.693
286.265
284.489
281.971
281.459
282.553
280.558
282.873
283.433
283.332
282.661
284.369
280.705
284.931
281.71
282.696
284.338
286.361
286.042
284.534
286.178
284.748
283.773
281.619
278.445
279.554
280.705
282.763
282.172
285.925
300.734
297.65
307.585
308.573
308.525
308.133
303.431
307.126
302.81
300.559
306.863
303.733
300.018
303.563
306.641
300.621
297.79
306.715
303.713
298.888
300.563
295.367
303.536
301.843
305.62
298.684
298.219
297.285
293.965
293.505
298.216
296.97
294.302
298.472
294.784
295.356
293.125
298.841
296.167
294.776
306.795
306.915
304.846
306.097
297.966
296.617
305.701
304.052
297.036
305.854
305.174
301.978
303.527
306.092
305.558
300.736
306.022
303.148
306.335
303.716
305.983
303.796
301.831
294.382
296.394
292.948
299.589
294.995
298.951
304.898
303.305
303.037
297.321
304.887
299.289
302.76
303.153
303.08
299.742
301.407
299.699
299.072
299.945
299.376
299.65
299.965
299.988
299.948
299.991
299.932
299.82
299.959
299.875
299.918
299.814
299.967
299.675
299.546
299.669
298.088
298.628
299.641
298.87
299.693
299.581
299.948
299.991
299.992
299.926
299.918
299.895
299.842
299.978
299.811
299.973
299.914
295.376
295.253
295.289
295.68
293.909
292.068
295.425
295.229
293.735
293.756
292.105
293.557
292.35
297.1
299.643
298.345
295.801
298.538
296.937
296.616
295.282
295.182
294.849
291.089
293.175
292.609
294.329
293.17
294.291
293.66
292.065
292.276
293.413
299.777
299.887
298.063
299.686
299.519
299.943
298.861
299.776
299.485
299.11
294.46
296.242
293.956
298.164
296.487
298.197
299.981
299.998
299.995
299.992
299.909
299.818
299.98
299.674
299.97
299.512
299.952
299.919
299.964
299.676
297.661
299.078
299.729
298.601
299.369
299.84
289.378
290.077
288.945
290.466
288.752
289.829
286.756
287.622
288.334
289.407
286.838
287.709
287.411
290.675
290.201
291.172
288.577
291.603
289.621
290.252
289.41
290.378
290.469
289.344
288.855
287.272
288.023
286.149
289.016
286.661
288.67
287.705
287.608
289.671
294.829
276.021
276.244
276.601
277.089
275.821
276.792
276.266
276.405
275.673
275.709
275.847
275.512
275.725
278.885
288.03
283.148
290.556
278.601
286.403
282.126
276.511
276.746
277.892
276.378
277.078
276.196
277.358
278.327
280.953
276.217
276.147
275.845
277.167
282.138
284.743
283.737
284.994
283.163
284.178
282.603
278.115
277.121
279.377
276.387
280.283
281.49
278.453
277.841
278.746
276.398
279.78
276.702
277.258
280.992
283.517
281.32
280.505
282.354
281.737
279.369
276.818
275.998
275.972
276.256
278.58
277.244
284.904
287.926
287.681
287.012
297.238
292.877
291.136
283.959
288.292
289.598
288.847
288.872
283.898
289.494
284.604
290.785
289.55
287.622
289.952
286.016
289.257
280.849
281.474
281.635
281.049
285.521
280.149
282.916
288.882
284.207
292.826
282.902
290.435
284.502
282.265
289.293
281.567
293.84
281.984
290.672
284.039
300.805
302.139
292.216
292.309
288.858
285.177
295.801
288.165
286
299.287
301.171
294.738
298.927
301.063
299.831
291.685
295.425
285.156
290.692
290.287
298.75
295.179
287.542
283.832
281.244
282.066
283.439
283.586
283.009
297.114
297.506
295.884
284.937
298.446
288.061
292.91
299.713
298.671
299.566
297.887
299.569
296.633
299.559
297.556
299.515
299.912
299.99
299.915
299.99
299.924
299.854
299.984
299.943
299.917
299.872
299.986
299.642
299.914
299.639
296.444
297.313
299.667
297.292
299.457
299.8
299.93
299.997
299.991
299.977
299.928
299.958
299.929
299.994
299.883
299.99
299.952
294.616
294.951
292.198
290.681
291.331
287.119
293.038
289.441
290.431
292.028
291.501
292.756
290.864
293.962
295.85
293.838
290.456
295.526
291.897
292.543
293.632
292.26
291.07
284.776
285.863
287.602
286.896
289.404
289.7
291.405
288.956
290.297
290.403
299.987
299.988
299.851
299.936
299.979
299.992
299.884
299.994
299.987
299.967
299.689
299.915
299.803
299.943
299.772
299.957
300
300
300
300
299.995
299.963
299.997
299.966
299.996
299.954
299.997
299.999
300
299.99
299.943
299.942
299.992
299.928
299.987
299.994
288.511
290.091
289.105
289.513
286.477
286.731
285.015
282.855
287.934
284.653
283.281
286.328
287.251
286.23
283.584
285.316
281.124
287.699
282.797
283.571
287.201
286.343
288.55
284.478
284.16
280.877
280.549
279.156
282.507
281.174
281.512
284.275
281.638
299.863
299.974
285.263
280.157
276.961
278.026
280.312
284.553
278.151
293.595
287.729
285.239
276.955
279.933
278.549
298.522
299.814
299.455
299.934
298.294
299.685
299.605
293.368
280.289
296.492
289.141
291.656
282.008
297.432
298.101
299.537
293.888
292.736
284.195
297.997
276.753
279.209
278.859
279.504
277.59
278.056
277.432
276.38
276.234
276.174
276.751
276.364
276.456
276.811
277.843
277.543
279.483
277.352
277.623
277.447
276.614
277.677
277.15
276.663
277.413
276.679
276.893
276.819
281.931
277.962
277.355
276.611
276.926
278.864
296.993
299.167
293.724
280.17
282.904
282.653
296.668
289.788
296.611
297.618
289.829
297.148
298.13
297.334
287.681
297.544
298.34
290.234
295.948
299.014
299.395
299.887
298.672
297.972
292.054
299.634
299.405
299.496
299.909
299.936
299.45
299.721
299.905
299.442
298.938
299.233
299.842
298.575
299.659
299.848
285.079
290.655
280.95
281.317
281.099
291.664
281.282
285.89
280.495
284.15
291.664
282.503
285.531
288.29
287.008
280.938
279.823
287.826
281.236
280.358
281.172
279.552
280.992
293.87
294.361
280.18
290.685
280.055
281.54
281.268
282.309
280.092
278.916
282.726
279.864
279.626
287.605
283.497
299.95
298.172
299.815
299.489
299.893
299.526
299.906
299.997
299.999
299.991
300
299.989
299.963
299.997
299.99
299.976
299.981
299.999
299.996
299.999
299.976
299.804
299.962
299.985
299.856
299.949
299.993
299.999
300
300
300
299.995
299.996
299.996
300
299.991
300
299.999
284.717
288.959
283.043
283.391
284.562
280.277
286.545
281.534
281.582
283.185
285.537
287.649
281.732
281.639
282.2
280.134
279.423
282.157
280.832
279.889
281.378
279.819
280.479
279.5
279.291
279.244
279.966
279.837
279.489
280.403
279.078
279.684
279.429
300
299.999
299.989
299.992
299.999
300
299.992
300.001
300
300
299.988
299.999
299.992
299.999
299.99
299.999
300.001
300.001
300.001
300.001
300
299.999
300
299.999
300
299.999
300
300.001
300.001
300
300
300
300
300
300
300.001
279.163
282.982
281.322
280.14
278.107
279.204
277.833
277.391
279.256
278.598
277.403
278.036
279.322
278.881
279.148
278.978
278.896
279.172
278.899
278.834
278.407
278.67
278.872
278.381
277.968
277.669
278.598
278.158
278.41
277.659
278.199
277.765
277.943
300.001
300.001
299.89
298.996
296.188
297.917
299.397
299.868
299.068
299.994
299.936
299.944
297.918
299.606
299.588
300
300
300
300.001
299.999
300.001
300
299.988
299.569
299.999
299.984
299.974
299.849
299.999
300
300.001
299.995
299.996
299.949
300
277.871
277.609
277.079
277.429
277.542
278.234
277.643
290.917
291.898
280.507
297.701
279.432
276.841
293.38
297.186
296.437
299.817
288.581
298.761
298.616
280.872
278.205
287.575
283.902
280.379
278.386
292.682
297.776
299.955
299.603
299.657
291.131
298.151
277.606
299.997
300
299.967
299.324
299.886
299.732
299.998
299.989
299.988
299.998
299.985
299.999
299.997
299.983
299.512
299.932
299.813
299.948
299.819
299.976
300
300
299.991
299.99
299.893
300
300
300
300
300
300
300
300
299.997
299.95
299.997
300
299.951
299.996
300
280.193
279.692
290.674
297
285.304
298.343
282.708
298.283
291.076
278.952
278.981
278.379
278.442
279.172
278.725
278.898
295.153
299.912
299.061
299.575
285.397
298.847
297.244
299.502
299.96
299.371
299.561
296.571
299.668
286.201
278.931
291.405
295.689
281.326
283.882
297.771
278.523
278.863
300
299.993
299.996
299.998
299.999
300
299.999
300
300
300
300
300
299.999
300
300
300
300
300
300
300
300
300
300
300
300
300
300
300
300
300
300
300
300
300
300
300
300
300
279.057
279.146
279.084
278.803
279.043
279.851
279.064
279.069
279.315
279.113
278.968
279.08
279.161
280.058
279.102
289.924
289.798
280.126
279.94
288.477
280.754
291.13
281.494
288.438
295.389
295.554
282.837
284.094
292.788
281.243
293.128
282.075
291.786
300.001
300.001
300
300
300.001
300.001
300
300.001
300.001
300.001
300.001
300.001
300.001
300.001
300.001
300.001
300
300.001
300
300.001
300
300.001
300.001
300.001
300
300
300.001
300.001
300.001
300.001
300.001
300.001
300.001
300.001
300.001
300.001
279.409
278.735
278.576
279.164
280.243
278.771
278.763
286.244
278.666
284.86
281.802
279.37
278.361
290.248
293.4
296.991
299.407
287.175
296.119
298.019
284.84
294.134
282.807
295.706
289.078
296.621
299.325
298.957
295.626
293.316
297.683
285.058
295.849
300.001
300.001
300
300
299.999
300
300
300
300
300.001
300.001
300
300
300.001
300
300.001
300.001
300
300.001
300.001
300.001
300.001
300
300.001
300
300
300.001
300
300
300.001
300.001
300.001
300
300.001
300
299.847
296.37
294.975
296.927
298.635
299.414
299.289
299.998
299.997
299.966
300
299.979
299.755
300
300
300
300
299.995
300
300
299.989
299.584
299.997
299.996
299.94
299.932
300
300
300
300
300
299.999
300
298.494
300
300
300
300
300
300
300
300
300
300
300
300
300
300
300
300
300
300
300
300
300
300
300
300
300
300
300
300
300
300
300
300
300
300
300
300
300
300
300
300
300
299.978
300
300
299.972
300
299.989
300
300
299.998
298.943
299.679
299.827
299.861
299.968
299.987
300
300
300
300
300
300
300
300
300
300
300
300
300
300
299.994
300
300
300
300
300
299.625
299.981
300
300
300
300
300
300
300
300.001
300
300
300.001
300.001
300
300
300.001
300
300.001
300.001
300
300.001
300
300
300.001
300.001
300
300
300.001
300
300.001
300
300.001
300
300
300.001
300.001
300
300
300.001
299.85
298.494
299.892
299.356
299.355
299.979
298.868
299.945
299.943
299.848
298.862
298.548
299.887
299.983
299.978
300
300
299.991
299.99
300
299.991
300
299.994
299.999
300
300
299.997
299.997
300
299.991
300
299.994
300
300.001
300
300
300.001
300
300.001
300.001
300.001
300.001
300.001
300.001
300.001
300.001
300
300.001
300.001
300.001
300.001
300.001
300.001
300.001
300
300.001
300.001
300
300
300.001
300.001
300.001
300.001
300.001
300.001
300.001
300.001
300.001
300.001
299.945
299.053
299.359
299.91
299.98
299.937
299.904
299.999
299.724
299.997
299.995
299.951
299.401
300
300
300
300
299.999
300
300
299.997
300
299.995
300
300
300
300
300
300
300
300
299.998
300
300.001
300.001
300
300.001
300
300
300
300
300
300.001
300.001
300
300.001
300.001
300
300.001
300.001
300.001
300.001
300.001
300.001
300.001
300
300
300
300
300
300
300.001
300.001
300.001
300
300
300
300
300
300
300
300
300
300
300
300
300
300
300
300
300
300
300
300
300
300
300
300
300
300
300
300
300
300
300
300
300
300
300
300
300
300
300.001
300
300
300
300
300
300
300
300
300
300
300
300
300
300
300
300
300
300
300
300
300
300
300
300
300
300
300
300
300
300
300
300
300
300
300
300
300
300
300
300
300
300
300
300
300
300
300
300
300
300
300
300
300
300
300
300
300
300
300
300
300
300
300
300
300
300
300
300
300
300
300
300
300
300
300
300
300
300.001
300
300
300.001
300
300.001
300.001
300.001
300.001
300.001
300.001
300.001
300
300.001
300.001
300
300.001
300.001
300
300.001
300
300
300.001
300.001
300
300
300.001
300
300.001
300
300.001
300
300
300.001
300.001
300
300
300.001
300
300
300
300
300
300
300
300
300
300
300
300
300
300
300
300
300
300
300
300
300
300
300
300
300
300
300
300
300
300
300
300
300
300.001
300.001
300.001
300.001
300.001
300.001
300.001
300.001
300.001
300.001
300.001
300.001
300.001
300.001
300.001
300.001
300
300.001
300
300.001
300
300
300.001
300.001
300
300
300.001
300.001
300.001
300
300
300.001
300.001
300.001
300
300.001
300
300
300
300
300
300
300
300
300
300
300
300
300
300
300
300
300
300
300
300
300
300
300
300
300
300
300
300
300
300
300
300
300
300.001
300.001
300.001
300
300
300
300
300
300
300.001
300.001
300
300
300
300
300
300
300
300.001
300
300
300
300
300
300
300
300
300
300
300
300
300
300
300
300
300
300
300
300
300
300
300
300
300
300
300
300
300
300
300
300
300
300
300
300
300
300
300
300
300
300
300
300
300
300
300
300
300
300
300
300
300
300
300
300
300
300
300
300
300
300
300
300
300
300
300
300
300
300
300
300
300
300
300
300
300
300
300
300
300
300
300
300
300
300
300
300
300
300
300
300
300
300
300
300
300
300
300
300
300
300
300
300
300
300
300
300.001
300
300.001
300
300.001
300
300
300.001
300.001
300
300
300.001
300
300
300.001
300.001
300
300
300.001
300
300.001
300
300
300
300
300
300
300
300
300
300
300
300
300
300
300
300
300
300
300
300
300
300
300
300
300
300
300
300
300
300
300
300
300
300
300
300
300
300
300
300
300
300
300
300
300
300
300
300
300
300
300
300
300
300.001
300.001
300
300.001
300.001
300
300.001
300
300
300.001
300.001
300
300
300.001
300
300.001
300
300.001
300
300
300
300
300
300
300
300
300
300
300
300
300
300
300
300
300
300
300
300
300
300
300
300
300
300
300
300
300
300
300
300
300
300
300
300
300
300
300
300
300
300
300
300
300
300
300
300
300
300
300
300.001
300.001
300
300
300.001
300
300.001
300
300.001
300
300
300.001
300.001
300.001
300
300.001
300
300.001
300
300
300
300
300
300
300
300
300
300
300
300
300
300
300
300
300
300
300
300
300
300
300
300
300
300
300
300
300
300
300
300
300
300
300
300
300
300
300
300
300
300
300
300
300
300
300
300
300
300
300
300
300
300
300.001
300
300
300.001
300.001
300
300
300.001
300
300
300
300
300
300.001
300
300
300
300
300
300
300
300
300
300
300
300
300
300
300
300
300
300
300
300
300
300
300
300
300
300
300
300
300
300
300
300
300
300
300
300
300
300
300
300
300
300.001
300
300.001
300
300
300
300
300
300.001
300.001
300.001
300.001
300.001
300
300.001
300.001
300
300
300
300
300
300
300
300
300
300
300
300
300
300
300
300
300
300
300
300
300.001
300.001
300
300
300
300
300
300
300
300
300
300
300
300
300
300
300
300
300
300
300
300
300
300
300
300
300
300
300
300
300
300
300
300
300
300
300
300
300
300
300.001
300.001
300.001
300.001
300.001
300.001
300.001
300.001
300.001
300.001
300.001
300.001
300.001
300.001
300.001
300.001
300.001
300.001
300.001
300.001
300.001
300.001
300.001
300.001
300.001
300.001
300.001
300.001
300.001
300.001
300.001
300.001
300.001
300
300
300
300
300
300
300
300
300
300
300
300
300
300
300
300
300
300
300
300
300
300
300
300
300
300
300
300
300
300
300
300
300
300
300
300
300.001
300.001
300.001
300.001
300.001
300.001
300.001
300.001
300.001
300.001
300.001
300.001
300.001
300.001
300.001
300.001
300.001
300.001
300.001
300.001
300.001
300.001
300.001
300.001
300.001
300.001
300
300.001
300.001
300.001
300.001
300.001
300.001
300
300
300
300
300
300
300
300
300
300
300
300
300
300
300
300
300
300
300
300
300
300
300
300
300
300
300
300
300
300
300
300
300
300
300
300.001
300
300
300.001
300
300.001
300.001
300
300
300
300
300
300
300
300
300
300
300
300
300
300
300
300
300
300
300
300
300
300
300
300
300
300
300
300
300
300
300
300
300
300
300
300
300
300
300
300
300
300
300
300
300
300
300
300
300
300
300
300
300
300
300
300
300
300
300
300
300
300
300
300
300
300
300
300
300
300
300
300
300
300
300
300
300
300
300
300
300
300
300
300
300
300
300
300
300
300
300
300
300
300
300
300
300
300
300
300
300
300
300
300
300
300
300
300
300
300
300
300
300
300
300
300
300
300
300
300
300
300
300
300
300
300
300
300
300
300
300
300
300
300
300
300
300
300
300
300
300
300
300
300
300
300
300
300
300
300
300
300
300
300
300
300
300
300
300
300
300
300
300
300
300
300
300
300
300
300
300
300
300
300
300
300
300
300
300
300
300
300
300
300
300
300
300
300
300
300
300
300
300
300
300
300
300
300
300
300
300
300
300
300
300
300
300
300
300
300
300
300
300
300
300
300
300
300
300
300
300
300
300
300
300
300
300
300
300
300
300
300
300
300
300
300
300
300
300
300
300
300
300
300
300
300
300
300
300
300
300
300
300
300
300
300
300
300
300
300
300
300
300
300
300
300
300
300
300
300
300
300
300
300
300
300
300
300
300
300
300
300
300
300
300
300
300
300
300
300
300
300
300
300
300
300
300
300
300
300
300
300
300
300
300
300
300
300
300
300
300
300
300
300
300
300
300
300
300
300
300
300
300
300
300
300
300
300
300
300
300
300
300
300
300
300
300
300
300
300
300
300
300
300
300
300
300
300
300
300
300
300
300
300
300
300
300
300
300
300
300
300
300
300
300
300
300
300
300
300
300
300
300
300
300
300
300
300
300
300
300
300
300
300
300
300
300
300
300
300
300
300
300
300
300
300
300
300
300
300
300
300
300
300
300
300
300
300
300
300
300
300
300
300
300
300
300
300
300
300
300
300
300
300
300
300
300
300
300
300
300
300
300
300
300
300
300
300
300
300
300
300
300
300
300
300
300
300
300
300
300
300
300
300
300
300
300
300
300
300
300
300
300
300
300
300
300
300
300
300
300
300
300
300
300
300
300
300
300
300
300
300
300
300
300
300
300
300
300
300
300
300
300
300
300
300
300
300
300
300
300
300
300
300
300
300
300
300
300
300
300
300
300
300
300
300
300
300
300
300
300
300
300
300
300
300
300
300
300
300
300
300
300
300
300
300
300
300
300
300
300
300
300
300
300
300
300
300
300
300
300
300
300
300
300
300
300
300
300
300
300
300
300
300
300
300
300
300
300
300
300
300
300
300
300
300
300
300
300
300
300
300
300
300
300
300
300
300
300
300
300
300
300
300
300
300
300
300
300
300
300
300
300
300
300
300
300
300
300
300
300
300
300
300
300
300
300
300
300
300
300
300
300
300
300
300
300
300
300
300
300
300
300
300
300
300
300
300
300
300
300
300
300
300
300
300
300
300
300
300
300
300
300
300
300
300
300
300
300
300
300
300
300
300
300
300
300
300
300
300
300
300
300
300
300
300
300
300
300
300
300
300
300
300
300
300
300
300
300
300
300
300
300
300
300
300
300
300
300
300
300
300
300
300
300
300
300
300
300
300
300
300
300
300
300
300
300
300
300
300
300
300
300
300
300
300
300
300
300
300
300
300
300
300
300
300
300
300
300
300
300
300
300
300
300
300
300
300
300
300
300
300
300
300
300
300
300
300
300
300
300
300
300
300
300
300
300
300
300
300
300
300
300
300
300
300
300
300
300
300
300
300
300
300
300
300
300
300
300
300
300
300
300
300
300
300
300
300
300
300
300
300
300
300
300
300
300
300
300
300
300
300
300
300
300
300
300
300
300
300
300
300
300
300
300
300
300
300
300
300
300
300
300
300
300
300
300
300
300
300
300
300
300
300
300
300
300
300
300
300
300
300
300
300
300
300
300
300
300
300
300
300
300
300
300
300
300
300
300
300
300
300
300
300
300
300
300
300
300
300
300
300
300
300
300
300
300
300
300
300
300
300
300
300
300
300
300
300
300
300
300
300
300
300
300
300
300
300
300
300
300
300
300
300
300
300
300
300
300
300
300
300
300
300
300
300
300
300
300
300
300
300
300
300
300
300
300
300
300
300
300
300
300
300
300
300
300
300
300
300
300
300
300
300
300
300
300
300
300
300
300
300
300
300
300
300
300
300
300
300
300
300
300
300
300
300
300
300
300
300
300
300
300
300
300
300
300
300
300
300
300
300
300
300
300
300
300
300
300
300
300
300
300
300
300
300
300
300
300
300
300
300
300
300
300
300
300
300
300
300
300
300
300
300
300
300
300
300
300
300
300
300
300
300
300
300
300
300
300
300
300
300
300
300
300
300
300
300
300
300
300
300
300
300
300
300
300
300
300
300
300
300
300
300
300
300
300
300
300
300
300
300
300
300
300
300
300
300
300
300
300
300
300
300
300
300
300
300
300
300
300
300
300
300
300
300
300
300
300
300
300
300
300
300
300
300
300
300
300
300
300
300
300
300
300
300
300
300
300
300
300
300
300
300
300
300
300
300
300
300
300
300
300
300
300
300
300
300
300
300
300
300
300
300
300
300
300
300
300
300
300
300
300
300
300
300
300
300
300
300
300
300
300
300
300
300
300
300
300
300
300
300
300
300
300
300
300
300
300
300
300
300
300
300
300
300
300
300
300
300
300
300
300
300
300
300
300
300
300
300
300
300
300
300
300
300
300
300
300
300
300
300
300
300
300
300
300
300
300
300
300
300
300
300
300
300
300
300
300
300
300
300
300
300
300
300
300
300
300
300
300
300
300
300
300
300
300
300
300
300
300
300
300
300
300
300
300
300
300
300
300
300
300
300
300
300
300
300
300
300
300
300
300
300
300
300
300
300
300
300
300
300
300
300
300
300
300
300
300
300
300
300
300
300
300
300
300
300
300
300
300
300
300
300
300
300
300
300
300
300
300
300
300
300
300
300
300
300
300
300
300
300
300
300
300
300
300
300
300
300
300
300
300
300
300
300
300
300
300
300
300
300
300
300
300
300
300
300
300
300
300
300
300
300
300
300
300
300
300
300
300
300
300
300
300
300
300
300
300
300
300
300
300
300
300
300
300
300
300
300
300
300
300
300
300
300
300
300
300
300
300
300
300
300
300
300
300
300
300
300
300
300
300
300
300
300
300
300
300
300
300
300
300
300
300
300
300
300
300
300
300
300
300
300
300
300
300
300
300
300
300
300
300
300
300
300
300
300
300
300
300
300
300
300
300
300
300
300
300
300
300
300
300
300
300
300
300
300
300
300
300
300
300
300
300
300
300
300
300
300
300
300
300
300
300
300
300
300
300
300
300
300
300
300
300
300
300
300
300
300
300
300
300
300
300
300
300
300
300
300
300
300
300
300
300
300
300
300
300
300
300
300
300
300
300
300
300
300
300
300
300
300
300
300
300
300
300
300
300
300
300
300
300
300
300
300
300
300
300
300
300
300
300
300
300
300
300
300
300
300
300
300
300
300
300
300
300
300
300
300
300
300
300
300
300
300
300
300
300
300
300
300
300
300
300
300
300
300
300
300
300
300
300
300
300
300
300
300
300
300
300
300
300
300
300
300
300
300
300
300
300
300
300
300
300
300
300
300
300
300
300
300
300
300
300
300
300
300
300
300
300
300
300
300
300
300
300
300
300
300
300
300
300
300
300
300
300
300
300
300
300
300
300
300
300
300
300
300
300
300
300
300
300
300
300
300
300
300
300
300
300
300
300
300
300
300
300
300
300
300
300
300
300
300
300
300
300
300
300
300
300
300
300
300
300
300
300
300
300
300
300
300
300
300
300
300
300
300
300
300
300
300
300
300
300
300
300
300
300
300
300
300
300
300
300
300
300
300
300
300
300
300
300
300
300
300
300
300
300
300
300
300
300
300
300
300
300
300
300
300
300
300
300
300
300
300
300
300
300
300
300
300
300
300
300
300
300
300
300
300
300
300
300
300
300
300
300
300
300
300
300
300
300
300
300
300
300
300
300
300
300
300
300
300
300
300
300
300
300
300
300
300
300
300
300
300
300
300
300
300
300
300
300
300
300
300
300
300
300
300
300
300
300
300
300
300
300
300
300
300
300
300
300
300
300
300
300
300
300
300
300
300
300
300
300
300
300
300
300
300
300
300
300
300
300
300
300
300
300
300
300
300
300
300
300
300
300
300
300
300
300
300
300
300
300
300
300
300
300
300
300
300
300
300
300
300
300
300
300
300
300
300
300
300
300
300
300
300
300
300
300
300
300
300
300
300
300
300
300
300
300
300
300
300
300
300
300
300
300
300
300
300
300
300
300
300
300
300
300
300
300
300
300
300
300
300
300
300
300
300
300
300
300
300
300
300
300
300
300
300
300
300
300
300
300
300
300
300
300
300
300
300
300
300
300
300
300
300
300
300
300
300
300
300
300
300
300
300
300
300
300
300
300
300
300
300
300
300
300
300
300
300
300
300
300
300
300
300
300
300
300
300
300
300
300
300
300
300
300
300
300
300
300
300
300
300
300
300
300
300
300
300
300
300
300
300
300
300
300
300
300
300
300
300
300
300
300
300
300
300
300
300
300
300
300
300
300
300
300
300
300
300
300
300
300
300
300
300
300
300
300
300
300
300
300
300
300
300
300
300
300
300
300
300
300
300
300
300
300
300
300
300
300
300
300
300
300
300
300
300
300
300
300
300
300
300
300
300
300
300
300
300
300
300
300
300
300
300
300
300
300
300
300
300
300
300
300
300
300
300
300
300
300
300
300
300
300
300
300
300
300
300
300
300
300
300
300
300
300
300
300
300
300
300
300
300
300
300
300
300
300
300
300
300
300
300
300
300
300
300
300
300
300
300
300
300
300
300
300
300
300
300
300
300
300
300
300
300
300
300
300
300
300
300
300
300
300
300
300
300
300
300
300
300
300
300
300
300
300
300
300
300
300
300
300
300
300
300
300
300
300
300
300
300
300
300
300
300
300
300
300
300
300
300
300
300
300
300
300
300
300
300
300
300
300
300
300
300
300
300
300
300
300
300
300
300
300
300
300
300
300
300
300
300
300
300
300
300
300
300
300
300
300
300
300
300
300
300
300
300
300
300
300
300
300
300
300
300
300
300
300
300
300
300
300
300
300
300
300
300
300
300
300
300
300
300
300
300
300
300
300
300
300
300
300
300
300
300
300
300
300
300
300
300
300
300
300
300
300
300
300
300
300
300
300
300
300
300
300
300
300
300
300
300
300
300
300
300
300
300
300
300
300
300
300
300
300
300
300
300
300
300
300
300
300
300
300
300
300
300
300
300
300
300
300
300
300
300
300
300
300
300
300
300
300
300
300
300
300
300
300
300
300
300
300
300
300
300
300
300
300
300
300
300
300
300
300
300
300
300
300
300
300
300
300
300
300
300
300
300
300
300
300
300
300
300
300
300
300
300
300
300
300
300
300
300
300
300
300
300
300
300
300
300
300
300
300
300
300
300
300
300
300
300
300
300
300
300
300
300
300
300
300
300
300
300
300
300
300
300
300
300
300
300
300
300
300
300
300
300
300
300
300
300
300
300
300
300
300
300
300
300
300
300
300
300
300
300
300
300
300
300
300
300
300
300
300
300
300
300
300
300
300
300
300
300
300
300
300
300
300
300
300
300
300
300
300
300
300
300
300
300
300
300
300
300
300
300
300
300
300
300
300
300
300
300
300
300
300
300
300
300
300
300
300
300
300
300
300
300
300
300
300
300
300
300
300
300
300
300
300
300
300
300
300
300
300
300
300
300
300
300
300
300
300
300
300
300
300
300
300
300
300
300
300
300
300
300
300
300
300
300
300
300
300
300
300
300
300
300
300
300
300
300
300
300
300
300
300
300
300
300
300
300
300
300
300
300
300
300
300
300
300
300
300
300
300
300
300
300
300
300
300
300
300
300
300
300
300
300
300
300
300
300
300
300
300
300
300
300
300
300
300
300
300
300
300
300
300
300
300
300
300
300
300
300
300
300
300
300
300
300
300
300
300
300
300
300
300
300
300
300
300
300
300
300
300
300
300
300
300
300
300
300
300
300
300
300
300
300
300
300
300
300
300
300
300
300
300
300
300
300
300
300
300
300
300
300
300
300
300
300
300
300
300
300
300
300
300
300
300
300
300
300
300
300
300
300
300
300
300
300
300
300
300
300
300
300
300
300
300
300
300
300
300
300
300
300
300
300
300
300
300
300
300
300
300
300
300
300
300
300
300
300
300
300
300
300
300
300
300
300
300
300
300
300
300
300
300
300
300
300
300
300
300
300
300
300
300
300
300
300
300
300
300
300
300
300
300
300
300
300
300
300
300
300
300
300
300
300
300
300
300
300
300
300
300
300
300
300
300
300
300
300
300
300
300
300
300
300
300
300
300
300
300
300
300
300
300
300
300
300
300
300
300
300
300
300
300
300
300
300
300
300
300
300
300
300
300
300
300
300
300
300
300
300
300
300
300
300
300
300
300
300
300
300
300
300
300
300
300
300
300
300
300
300
300
300
300
300
300
300
300
300
300
300
300
300
300
300
300
300
300
300
300
300
300
300
300
300
300
300
300
300
300
300
300
300
300
300
300
300
300
300
300
300
300
300
300
300
300
300
300
300
300
300
300
300
300
300
300
300
300
300
300
300
300
300
300
300
300
300
300
300
300
300
300
300
300
300
300
300
300
300
300
300
300
300
300
300
300
300
300
300
300
300
300
300
300
300
300
300
300
300
300
300
300
300
300
300
300
300
300
300
300
300
300
300
300
300
300
300
300
300
300
300
300
300
300
300
300
300
300
300
300
300
300
300
300
300
300
300
300
300
300
300
300
300
300
300
300
300
300
300
300
300
300
300
300
300
300
300
300
300
300
300
300
300
300
300
300
300
300
300
300
300
300
300
300
300
300
300
300
300
300
300
300
300
300
300
300
300
300
300
300
300
300
300
300
300
300
300
300
300
300
300
300
300
300
300
300
300
300
300
300
300
300
300
300
300
300
300
300
300
300
300
300
300
300
300
300
300
300
300
300
300
300
300
300
300
300
300
300
300
300
300
300
300
300
300
300
300
300
300
300
300
300
300
300
300
300
300
300
300
300
300
300
300
300
300
300
300
300
300
300
300
300
300
300
300
300
300
300
300
300
300
300
300
300
300
300
300
300
300
300
300
300
300
300
300
300
300
300
300
300
300
300
300
300
300
300
300
300
300
300
300
300
300
300
300
300
300
300
300
300
300
300
300
300
300
300
300
300
300
300
300
300
300
300
300
300
300
300
300
300
300
300
300
300
300
300
300
300
300
300
300
300
300
300
300
300
300
300
300
300
300
300
300
300
300
300
300
300
300
300
300
300
300
300
300
300
300
300
300
300
300
300
300
300
300
300
300
300
300
300
300
300
300
300
300
300
300
300
300
300
300
300
300
300
300
300
300
300
300
300
300
300
300
300
300
300
300
300
300
300
300
300
300
300
300
300
300
300
300
300
300
300
300
300
300
300
300
300
300
300
300
300
300
300
300
300
300
300
300
300
300
300
300
300
300
300
300
300
300
300
300
300
300
300
300
300
300
300
300
300
300
300
300
300
300
300
300
300
300
300
300
300
300
300
300
300
300
300
300
300
300
300
300
300
300
300
300
300
300
300
300
300
300
300
300
300
300
300
300
300
300
300
300
300
300
300
300
300
300
300
300
300
300
300
300
300
300
300
300
300
300
300
300
300
300
300
300
300
300
300
300
300
300
300
300
300
300
300
300
300
300
300
300
300
300
300
300
300
300
300
300
300
300
300
300
300
300
300
300
300
300
300
300
300
300
300
300
300
300
300
300
300
300
300
300
300
300
300
300
300
300
300
300
300
300
300
300
300
300
300
300
300
300
300
300
300
300
300
300
300
300
300
300
300
300
300
300
300
300
300
300
300
300
300
300
300
300
300
300
300
300
300
300
300
300
300
300
300
300
300
300
300
300
300
300
300
300
300
300
300
300
300
300
300
300
300
300
300
300
300
300
300
300
300
300
300
300
300
300
300
300
300
300
300
300
300
300
300
300
300
300
300
300
300
300
300
300
300
300
300
300
300
300
300
300
300
300
300
300
300
300
300
300
300
300
300
300
300
300
300
300
300
300
300
300
300
300
300
300
300
300
300
300
300
300
300
300
300
300
300
300
300
300
300
300
300
300
300
300
300
300
300
300
300
300
300
300
300
300
300
300
300
300
300
300
300
300
300
300
300
300
300
300
300
300
300
300
300
300
300
300
300
300
300
300
300
300
300
300
300
300
300
300
300
300
300
300
300
300
300
300
300
300
300
300
300
300
300
300
300
300
300
300
300
300
300
300
300
300
300
300
300
300
300
300
300
300
300
300
300
300
300
300
300
300
300
300
300
300
300
300
300
300
300
300
300
300
300
300
300
300
300
300
300
300
300
300
300
300
300
300
300
300
300
300
300
300
300
300
300
300
300
300
300
300
300
300
300
300
300
300
300
300
300
300
300
300
300
300
300
300
300
300
300
300
300
300
300
300
300
300
300
300
300
300
300
300
300
300
300
300
300
300
300
300
300
300
300
300
300
300
300
300
300
300
300
300
300
300
300
300
300
300
300
300
300
300
300
300
300
300
300
300
300
300
300
300
300
300
300
300
300
300
300
300
300
300
300
300
300
300
300
300
300
300
300
300
300
300
300
300
300
300
300
300
300
300
300
300
300
300
300
300
300
300
300
300
300
300
300
300
300
300
300
300
300
300
300
300
300
300
300
300
300
300
300
300
300
300
300
300
300
300
300
300
300
300
300
300
300
300
300
300
300
300
300
300
300
300
300
300
300
300
300
300
300
300
300
300
300
300
300
300
300
300
300
300
300
300
300
300
300
300
300
300
300
300
300
300
300
300
300
300
300
300
300
300
300
300
300
300
300
300
300
300
300
300
300
300
300
300
300
300
300
300
300
300
300
300
300
300
300
300
300
300
300
300
300
300
300
300
300
300
300
300
300
300
300
300
300
300
300
300
300
300
300
300
300
300
300
300
300
300
300
300
300
300
300
300
300
300
300
300
300
300
300
300
300
300
300
300
300
300
300
300
300
300
300
300
300
300
300
300
300
300
300
300
300
300
300
300
300
300
300
300
300
300
300
300
300
300
300
300
300
300
300
300
300
300
300
300
300
300
300
300
300
300
300
300
300
300
300
300
300
300
300
300
300
300
300
300
300
300
300
300
300
300
300
300
300
300
300
300
300
300
300
300
300
300
300
300
300
300
300
300
300
300
300
300
300
300
300
300
300
300
300
300
300
300
300
300
300
300
300
300
300
300
300
300
300
300
300
300
300
300
300
300
300
300
300
300
300
300
300
300
300
300
300
300
300
300
300
300
300
300
300
300
300
300
300
300
300
300
300
300
300
300
300
300
300
300
300
300
300
300
300
300
300
300
300
300
300
300
300
300
300
300
300
300
300
300
300
300
300
300
300
300
300
300
300
300
300
300
300
300
300
300
300
300
300
300
300
300
300
300
300
300
300
300
300
300
300
300
300
300
300
300
300
300
300
300
300
300
300
300
300
300
300
300
300
300
300
300
300
300
300
300
300
300
300
300
300
300
300
300
300
300
300
300
300
300
300
300
300
300
300
300
300
300
300
300
300
300
300
300
300
300
300
300
300
300
300
300
300
300
300
300
300
300
300
300
300
300
300
300
300
300
300
300
300
300
300
300
300
300
300
300
300
300
300
300
300
300
300
300
300
300
300
300
300
300
300
300
300
300
300
300
300
300
300
300
300
300
300
300
300
300
300
300
300
300
300
300
300
300
300
300
300
300
300
300
300
300
300
300
300
300
300
300
300
300
300
300
300
300
300
300
300
300
300
300
300
300
300
300
300
300
300
300
300
300
300
300
300
300
300
300
300
300
300
300
300
300
300
300
300
300
300
300
300
300
300
300
300
300
300
300
300
300
300
300
300
300
300
300
300
300
300
300
300
300
300
300
300
300
300
300
300
300
300
300
300
300
300
300
300
300
300
300
300
300
300
300
300
300
300
300
300
300
300
300
300
300
300
300
300
300
300
300
300
300
300
300
300
300
300
300
300
300
300
300
300
300
300
300
300
300
300
300
300
300
300
300
300
300
300
300
300
300
300
300
300
300
300
300
300
300
300
300
300
300
300
300
300
300
300
300
300
300
300
300
300
300
300
300
300
300
300
300
300
300
300
300
300
300
300
300
300
300
300
300
300
300
300
300
300
300
300
300
300
300
300
300
300
300
300
300
300
300
300
300
300
300
300
300
300
300
300
300
300
300
300
300
300
300
300
300
300
300
300
300
300
300
300
300
300
300
300
300
300
300
300
300
300
300
300
300
300
300
300
300
300
300
300
300
300
300
300
300
300
300
300
300
300
300
300
300
300
300
300
300
300
300
300
300
300
300
300
300
300
300
300
300
300
300
300
300
300
300
300
300
300
300
300
300
300
300
300
300
300
300
300
300
300
300
300
300
300
300
300
300
300
300
300
300
300
300
300
300
300
300
300
300
300
300
300
300
300
300
300
300
300
300
300
300
300
300
300
300
300
300
300
300
300
300
300
300
300
300
300
300
300
300
300
300
300
300
300
300
300
300
300
300
300
300
300
300
300
300
300
300
300
300
300
300
300
300
300
300
300
300
300
300
300
300
300
300
300
300
300
300
300
300
300
300
300
300
300
300
300
300
300
300
300
300
300
300
300
300
300
300
300
300
300
300
300
300
300
300
300
300
300
300
300
300
300
300
300
300
300
300
300
300
300
300
300
300
300
300
300
300
300
300
300
300
300
300
300
300
300
300
300
300
300
300
300
300
300
300
300
300
300
300
300
300
300
300
300
300
300
300
300
300
300
300
300
300
300
300
300
300
300
300
300
300
300
300
300
300
300
300
300
300
300
300
300
300
300
300
300
300
300
300
300
300
300
300
300
300
300
300
300
300
300
300
300
300
300
300
300
300
300
300
300
300
300
300
300
300
300
300
300
300
300
300
300
300
300
300
300
300
300
300
300
300
300
300
300
300
300
300
300
300
300
300
300
300
300
300
300
300
300
300
300
300
300
300
300
300
300
300
300
300
300
300
300
300
300
300
300
300
300
300
300
300
300
300
300
300
300
300
300
300
300
300
300
300
300
300
300
300
300
300
300
300
300
300
300
300
300
300
300
300
300
300
300
300
300
300
300
300
300
300
300
300
300
300
300
300
300
300
300
300
300
300
300
300
300
300
300
300
300
300
300
300
300
300
300
300
300
300
300
300
300
300
300
300
300
300
300
300
300
300
300
300
300
300
300
300
300
300
300
300
300
300
300
300
300
300
300
300
300
300
300
300
300
300
300
300
300
300
300
300
300
300
300
300
300
300
300
300
300
300
300
300
300
300
300
300
300
300
300
300
300
300
300
300
300
300
300
300
300
300
300
300
300
300
300
300
300
300
300
300
300
300
300
300
300
300
300
300
300
300
300
300
300
300
300
300
300
300
300
300
300
300
300
300
300
300
300
300
300
300
300
300
300
300
300
300
300
300
300
300
300
300
300
300
300
300
300
300
300
300
300
300
300
300
300
300
300
300
300
300
300
300
300
300
300
300
300
300
300
300
300
300
300
300
300
300
300
300
300
300
300
300
300
300
300
300
300
300
300
300
300
300
300
300
300
300
300
300
300
300
300
300
300
300
300
300
300
300
300
300
300
300
300
300
300
300
300
300
300
300
300
300
300
300
300
300
300
300
300
300
300
300
300
300
300
300
300
300
300
300
300
300
300
300
300
300
300
300
300
300
300
300
300
300
300
300
300
300
300
300
300
300
300
300
300
300
300
300
300
300
300
300
300
300
300
300
300
300
300
300
300
300
300
300
300
300
300
300
300
300
300
300
300
300
300
300
300
300
300
300
300
300
300
300
300
300
300
300
300
300
300
300
300
300
300
300
300
300
300
300
300
300
300
300
300
300
300
300
300
300
300
300
300
300
300
300
300
300
300
300
300
300
300
300
300
300
300
300
300
300
300
300
300
300
300
300
300
300
300
300
300
300
300
300
300
300
300
300
300
300
300
300
300
300
300
300
300
300
300
300
300
300
300
300
300
300
300
300
300
300
300
300
300
300
300
300
300
300
300
300
300
300
300
300
300
300
300
300
300
300
300
300
300
300
300
300
300
300
300
300
300
300
300
300
300
300
300
300
300
300
300
300
300
300
300
300
300
300
300
300
300
300
300
300
300
300
300
300
300
300
300
300
300
300
300
300
300
300
300
300
300
300
300
300
300
300
300
300
300
300
300
300
300
300
300
300
300
300
300
300
300
300
300
300
300
300
300
300
300
300
300
300
300
300
300
300
300
300
300
300
300
300
300
300
300
300
300
300
300
300
300
300
300
300
300
300
300
300
300
300
300
300
300
300
300
300
300
300
300
300
300
300
300
300
300
300
300
300
300
300
300
300
300
300
300
300
300
300
300
300
300
300
300
300
300
300
300
300
300
300
300
300
300
300
300
300
300
300
300
300
300
300
300
300
300
300
300
300
300
300
300
300
300
300
300
300
300
300
300
300
300
300
300
300
300
300
300
300
300
300
300
300
300
300
300
300
300
300
300
300
300
300
300
300
300
300
300
300
300
300
300
300
300
300
300
300
300
300
300
300
300
300
300
300
300
300
300
300
300
300
300
300
300
300
300
300
300
300
300
300
300
300
300
300
300
300
300
300
300
300
300
300
300
300
300
300
300
300
300
300
300
300
300
300
300
300
300
300
300
300
300
300
300
300
300
300
300
300
300
300
300
300
300
300
300
300
300
300
300
300
300
300
300
300
300
300
300
300
300
300
300
300
300
300
300
300
300
300
300
300
300
300
300
300
300
300
300
300
300
300
300
300
300
300
300
300
300
300
300
300
300
300
300
300
300
300
300
300
300
300
300
300
300
300
300
300
300
300
300
300
300
300
300
300
300
300
300
300
300
300
300
300
300
300
300
300
300
300
300
300
300
300
300
300
300
300
300
300
300
300
300
300
300
300
300
300
300
300
300
300
300
300
300
300
300
300
300
300
300
300
300
300
300
300
300
300
300
300
300
300
300
300
300
300
300
300
300
300
300
300
300
300
300
300
300
300
300
300
300
300
300
300
300
300
300
300
300
300
300
300
300
300
300
300
300
300
300
300
300
300
300
300
300
300
300
300
300
300
300
300
300
300
300
300
300
300
300
300
300
300
300
300
300
300
300
300
300
300
300
300
300
300
300
300
300
300
300
300
300
300
300
300
300
300
300
300
300
300
300
300
300
300
300
300
300
300
300
300
300
300
300
300
300
300
300
300
300
300
300
300
300
300
300
300
300
300
300
300
300
300
300
300
300
300
300
300
300
300
300
300
300
300
300
300
300
300
300
300
300
300
300
300
300
300
300
300
300
300
300
300
300
300
300
300
300
300
300
300
300
300
300
300
300
300
300
300
300
300
300
300
300
300
300
300
300
300
300
300
300
300
300
300
300
300
300
300
300
300
300
300
300
300
300
300
300
300
300
300
300
300
300
300
300
300
300
300
300
300
300
300
300
300
300
300
300
300
300
300
300
300
300
300
300
300
300
300
300
300
300
300
300
300
300
300
300
300
300
300
300
300
300
300
300
300
300
300
300
300
300
300
300
300
300
300
300
300
300
300
300
300
300
300
300
300
300
300
300
300
300
300
300
300
300
300
300
300
300
300
300
300
300
300
300
300
300
300
300
300
300
300
300
300
300
300
300
300
300
300
300
300
300
300
300
300
300
300
300
300
300
300
300
300
300
300
300
300
300
300
300
300
300
300
300
300
300
300
300
300
300
300
300
300
300
300
300
300
300
300
300
300
300
300
300
300
300
300
300
300
300
300
300
300
300
300
300
300
300
300
300
300
300
300
300
300
300
300
300
300
300
300
300
300
300
300
300
300
300
300
300
300
300
300
300
300
300
300
300
300
300
300
300
300
300
300
300
300
300
300
300
300
300
300
300
300
300
300
300
300
300
300
300
300
300
300
300
300
300
300
300
300
300
300
300
300
300
300
300
300
300
300
300
300
300
300
300
300
300
300
300
300
300
300
300
300
300
300
300
300
300
300
300
300
300
300
300
300
300
300
300
300
300
300
300
300
300
300
300
300
300
300
300
300
300
300
300
300
300
300
300
300
300
300
300
300
300
300
300
300
300
300
300
300
300
300
300
300
300
300
300
300
300
300
300
300
300
300
300
300
300
300
300
300
300
300
300
300
300
300
300
300
300
300
300
300
300
300
300
300
300
300
300
300
300
300
300
300
300
300
300
300
300
300
300
300
300
300
300
300
300
300
300
300
300
300
300
300
300
300
300
300
300
300
300
300
300
300
300
300
300
300
300
300
300
300
300
300
300
300
300
300
300
300
300
300
300
300
300
300
300
300
300
300
300
300
300
300
300
300
300
300
300
300
300
300
300
300
300
300
300
300
300
300
300
300
300
300
300
300
300
300
300
300
300
300
300
300
300
300
300
300
300
300
300
300
300
300
300
300
300
300
300
300
300
300
300
300
300
300
300
300
300
300
300
300
300
300
300
300
300
300
300
300
300
300
300
300
300
300
300
300
300
300
300
300
300
300
300
300
300
300
300
300
300
300
300
300
300
300
300
300
300
300
300
300
300
300
300
300
300
300
300
300
300
300
300
300
300
300
300
300
300
300
300
300
300
300
300
300
300
300
300
300
300
300
300
300
300
300
300
300
300
300
300
300
300
300
300
300
300
300
300
300
300
300
300
300
300
300
300
300
300
300
300
300
300
300
300
300
300
300
300
300
300
300
300
300
300
300
300
300
300
300
300
300
300
300
300
300
300
300
300
300
300
300
300
300
300
300
300
300
300
300
300
300
300
300
300
300
300
300
300
300
300
300
300
300
300
300
300
300
300
300
300
300
300
300
300
300
300
300
300
300
300
300
300
300
300
300
300
300
300
300
300
300
300
300
300
300
300
300
300
300
300
300
300
300
300
300
300
300
300
300
300
300
300
300
300
300
300
300
300
300
300
300
300
300
300
300
300
300
300
300
300
300
300
300
300
300
300
300
300
300
300
300
300
300
300
300
300
300
300
300
300
300
300
300
300
300
300
300
300
300
300
300
300
300
300
300
300
300
300
300
300
300
300
300
300
300
300
300
300
300
300
300
300
300
300
300
300
300
300
300
300
300
300
300
300
300
300
300
300
300
300
300
300
300
300
300
300
300
300
300
300
300
300
300
300
300
300
300
300
300
300
300
300
300
300
300
300
300
300
300
300
300
300
300
300
300
300
300
300
300
300
300
300
300
300
300
300
300
300
300
300
300
300
300
300
300
300
300
300
300
300
300
300
300
300
300
300
300
300
300
300
300
300
300
300
300
300
300
300
300
300
300
300
300
300
300
300
300
300
300
300
300
300
300
300
300
300
300
300
300
300
300
300
300
300
300
300
300
300
300
300
300
300
300
300
300
300
300
300
300
300
300
300
300
300
300
300
300
300
300
300
300
300
300
300
300
300
300
300
300
300
300
300
300
300
300
300
300
300
300
300
300
300
300
300
300
300
300
300
300
300
300
300
300
300
300
300
300
300
300
300
300
300
300
300
300
300
300
300
300
300
300
300
300
300
300
300
300
300
300
300
300
300
300
300
300
300
300
300
300
300
300
300
300
300
300
300
300
300
300
300
300
300
300
300
300
300
300
300
300
300
300
300
300
300
300
300
300
300
300
300
300
300
300
300
300
300
300
300
300
300
300
300
300
300
300
300
300
300
300
300
300
300
300
300
300
300
300
300
300
300
300
300
300
300
300
300
300
300
300
300
300
300
300
300
300
300
300
300
300
300
300
300
300
300
300
300
300
300
300
300
300
300
300
300
300
300
300
300
300
300
300
300
300
300
300
300
300
300
300
300
300
300
300
300
300
300
300
300
300
300
300
300
300
300
300
300
300
300
300
300
300
300
300
300
300
300
300
300
300
300
300
300
300
300
300
300
300
300
300
300
300
300
300
300
300
300
300
300
300
300
300
300
300
300
300
300
300
300
300
300
300
300
300
300
300
300
300
300
300
300
300
300
300
300
300
300
300
300
300
300
300
300
300
300
300
300
300
300
300
300
300
300
300
300
300
300
300
300
300
300
300
300
300
300
300
300
300
300
300
300
300
300
300
300
300
300
300
300
300
300
300
300
300
300
300
300
300
300
300
300
300
300
300
300
300
300
300
300
300
300
300
300
300
300
300
300
300
300
300
300
300
300
300
300
300
300
300
300
300
300
300
300
300
300
300
300
300
300
300
300
300
300
300
300
300
300
300
300
300
300
300
300
300
300
300
300
300
300
300
300
300
300
300
300
300
300
300
300
300
300
300
300
300
300
300
300
300
300
300
300
300
300
300
300
300
300
300
300
300
300
300
300
300
300
300
300
300
300
300
300
300
300
300
300
300
300
300
300
300
300
300
300
300
300
300
300
300
300
300
300
300
300
300
300
300
300
300
300
300
300
300
300
300
300
300
300
300
300
300
300
300
300
300
300
300
300
300
300
300
300
300
300
300
300
300
300
300
300
300
300
300
300
300
300
300
300
300
300
300
300
300
300
300
300
300
300
300
300
300
300
300
300
300
300
300
300
300
300
300
300
300
300
300
300
300
300
300
300
300
300
300
300
300
300
300
300
300
300
300
300
300
300
300
300
300
300
300
300
300
300
300
300
300
300
300
300
300
300
300
300
300
300
300
300
300
300
300
300
300
300
300
300
300
300
300
300
300
300
300
300
300
300
300
300
300
300
300
300
300
300
300
300
300
300
300
300
300
300
300
300
300
300
300
300
300
300
300
300
300
300
300
300
300
300
300
300
300
300
300
300
300
300
300
300
300
300
300
300
300
300
300
300
300
300
300
300
300
300
300
300
300
300
300
300
300
300
300
300
300
300
300
300
300
300
300
300
300
300
300
300
300
300
300
300
300
300
300
300
300
300
300
300
300
300
300
300
300
300
300
300
300
300
300
300
300
300
300
300
300
300
300
300
300
300
300
300
300
300
300
300
300
300
300
300
300
300
300
300
300
300
300
300
300
300
300
300
300
300
300
300
300
300
300
300
300
300
300
300
300
300
300
300
300
300
300
300
300
300
300
300
300
300
300
300
300
300
300
300
300
300
300
300
300
300
300
300
300
300
300
300
300
300
300
300
300
300
300
300
300
300
300
300
300
300
300
300
300
300
300
300
300
300
300
300
300
300
300
300
300
300
300
300
300
300
300
300
300
300
300
300
300
300
300
300
300
300
300
300
300
300
300
300
300
300
300
300
300
300
300
300
300
300
300
300
300
300
300
300
300
300
300
300
300
300
300
300
300
300
300
300
300
300
300
300
300
300
300
300
300
300
300
300
300
300
300
300
300
300
300
300
300
300
300
300
300
300
300
300
300
300
300
300
300
300
300
300
300
300
300
300
300
300
300
300
300
300
300
300
300
300
300
300
300
300
300
300
300
300
300
300
300
300
300
300
300
300
300
300
300
300
300
300
300
300
300
300
300
300
300
300
300
300
300
300
300
300
300
300
300
300
300
300
300
300
300
300
300
300
300
300
300
300
300
300
300
300
300
300
300
300
300
300
300
300
300
300
300
300
300
300
300
300
300
300
300
300
300
300
300
300
300
300
300
300
300
300
300
300
300
300
300
300
300
300
300
300
300
300
300
300
300
300
300
300
300
300
300
300
300
300
300
300
300
300
300
300
300
300
300
300
300
300
300
300
300
300
300
300
300
300
300
300
300
300
300
300
300
300
300
300
300
300
300
300
300
300
300
300
300
300
300
300
300
300
300
300
300
300
300
300
300
300
300
300
300
300
300
300
300
300
300
300
300
300
300
300
300
300
300
300
300
300
300
300
300
300
300
300
300
300
300
300
300
300
300
300
300
300
300
300
300
300
300
300
300
300
300
300
300
300
300
300
300
300
300
300
300
300
300
300
300
300
300
300
300
300
300
300
300
300
300
300
300
300
300
300
300
300
300
300
300
300
300
300
300
300
300
300
300
300
300
300
300
300
300
300
300
300
300
300
300
300
300
300
300
300
300
300
300
300
300
300
300
300
300
300
300
300
300
300
300
300
300
300
300
300
300
300
300
300
300
300
300
300
300
300
300
300
300
300
300
300
300
300
300
300
300
300
300
300
300
300
300
300
300
300
300
300
300
300
300
300
300
300
300
300
300
300
300
300
300
300
300
300
300
300
300
300
300
300
300
300
300
300
300
300
300
300
300
300
300
300
300
300
300
300
300
300
300
300
300
300
300
300
300
300
300
300
300
300
300
300
300
300
300
300
300
300
300
300
300
300
300
300
300
300
300
300
300
300
300
300
300
300
300
300
300
300
300
300
300
300
300
300
300
300
300
300
300
300
300
300
300
300
300
300
300
300
300
300
300
300
300
300
300
300
300
300
300
300
300
300
300
300
300
300
300
300
300
300
300
300
300
300
300
300
300
300
300
300
300
300
300
300
300
300
300
300
300
300
300
300
300
300
300
300
300
300
300
300
300
300
300
300
300
300
300
300
300
300
300
300
300
300
300
300
300
300
300
300
300
300
300
300
300
300
300
300
300
300
300
300
300
300
300
300
300
300
300
300
300
300
300
300
300
300
300
300
300
300
300
300
300
300
300
300
300
300
300
300
300
300
300
300
300
300
300
300
300
300
300
300
300
300
300
300
300
300
300
300
300
300
300
300
300
300
300
300
300
300
300
300
300
300
300
300
300
300
300
300
300
300
300
300
300
300
300
300
300
300
300
300
300
300
300
300
300
300
300
300
300
300
300
300
300
300
300
300
300
300
300
300
300
300
300
300
300
300
300
300
300
300
300
300
300
300
300
300
300
300
300
300
300
300
300
300
300
300
300
300
300
300
300
300
300
300
300
300
300
300
300
300
300
300
300
300
300
300
300
300
300
300
300
300
300
300
300
300
300
300
300
300
300
300
300
300
300
300
300
300
300
300
300
300
300
300
300
300
300
300
300
300
300
300
300
300
300
300
300
300
300
300
300
300
300
300
300
300
300
300
300
300
300
300
300
300
300
300
300
300
300
300
300
300
300
300
300
300
300
300
300
300
300
300
300
300
300
300
300
300
300
300
300
300
300
300
300
300
300
300
300
300
300
300
300
300
300
300
300
300
300
300
300
300
300
300
300
300
300
300
300
300
300
300
300
300
300
300
300
300
300
300
300
300
300
300
300
300
300
300
300
300
300
300
300
300
300
300
300
300
300
300
300
300
300
300
300
300
300
300
300
300
300
300
300
300
300
300
300
300
300
300
300
300
300
300
300
300
300
300
300
300
300
300
300
300
300
300
300
300
300
300
300
300
300
300
300
300
300
300
300
300
300
300
300
300
300
300
300
300
300
300
300
300
300
300
300
300
300
300
300
300
300
300
300
300
300
300
300
300
300
300
300
300
300
300
300
300
300
300
300
300
300
300
300
300
300
300
300
300
300
300
300
300
300
300
300
300
300
300
300
300
300
300
300
300
300
300
300
300
300
300
300
300
300
300
300
300
300
300
300
300
300
300
300
300
300
300
300
300
300
300
300
300
300
300
300
300
300
300
300
300
300
300
300
300
300
300
300
300
300
300
300
300
300
300
300
300
300
300
300
300
300
300
300
300
300
300
300
300
300
300
300
300
300
300
300
300
300
300
300
300
300
300
300
300
300
300
300
300
300
300
300
300
300
300
300
300
300
300
300
300
300
300
300
300
300
300
300
300
300
300
300
300
300
300
300
300
300
300
300
300
300
300
300
300
300
300
300
300
300
300
300
300
300
300
300
300
300
300
300
300
300
300
300
300
300
300
300
300
300
300
300
300
300
300
300
300
300
300
300
300
300
300
300
300
300
300
300
300
300
300
300
300
300
300
300
300
300
300
300
300
300
300
300
300
300
300
300
300
300
300
300
300
300
300
300
300
300
300
300
300
300
300
300
300
300
300
300
300
300
300
300
300
300
300
300
300
300
300
300
300
300
300
300
300
300
300
300
300
300
300
300
300
300
300
300
300
300
300
300
300
300
300
300
300
300
300
300
300
300
300
300
300
300
300
300
300
300
300
300
300
300
300
300
300
300
300
300
300
300
300
300
300
300
300
300
300
300
300
300
300
300
300
300
300
300
300
300
300
300
300
300
300
300
300
300
300
300
300
300
300
300
300
300
300
300
300
300
300
300
300
300
300
300
300
300
300
300
300
300
300
300
300
300
300
300
300
300
300
300
300
300
300
300
300
300
300
300
300
300
300
300
300
300
300
300
300
300
300
300
300
300
300
300
300
300
300
300
300
300
300
300
300
300
300
300
300
300
300
300
300
300
300
300
300
300
300
300
300
300
300
300
300
300
300
300
300
300
300
300
300
300
300
300
300
300
300
300
300
300
300
300
300
300
300
300
300
300
300
300
300
300
300
300
300
300
300
300
300
300
300
300
300
300
300
300
300
300
300
300
300
300
300
300
300
300
300
300
300
300
300
300
300
300
300
300
300
300
300
300
300
300
300
300
300
300
300
300
300
300
300
300
300
300
300
300
300
300
300
300
300
300
300
300
300
300
300
300
300
300
300
300
300
300
300
300
300
300
300
300
300
300
300
300
300
300
300
300
300
300
300
300
300
300
300
300
300
300
300
300
300
300
300
300
300
300
300
300
300
300
300
300
300
300
300
300
300
300
300
300
300
300
300
300
300
300
300
300
300
300
300
300
300
300
300
300
300
300
300
300
300
300
300
300
300
300
300
300
300
300
300
300
300
300
300
300
300
300
300
300
300
300
300
300
300
300
300
300
300
300
300
300
300
300
300
300
300
300
300
300
300
300
300
300
300
300
300
300
300
300
300
300
300
300
300
300
300
300
300
300
300
300
300
300
300
300
300
300
300
300
300
300
300
300
300
300
300
300
300
300
300
300
300
300
300
300
300
300
300
300
300
300
300
300
300
300
300
300
300
300
300
300
300
300
300
300
300
300
300
300
300
300
300
300
300
300
300
300
300
300
300
300
300
300
300
300
300
300
300
300
300
300
300
300
300
300
300
300
300
300
300
300
300
300
300
300
300
300
300
300
300
300
300
300
300
300
300
300
300
300
300
300
300
300
300
300
300
300
300
300
300
300
300
300
300
300
300
300
300
300
300
300
300
300
300
300
300
300
300
300
300
300
300
300
300
300
300
300
300
300
300
300
300
300
300
300
300
300
300
300
300
300
300
300
300
300
300
300
300
300
300
300
300
300
300
300
300
300
300
300
300
300
300
300
300
300
300
300
300
300
300
300
300
300
300
300
300
300
300
300
300
300
300
300
300
300
300
300
300
300
300
300
300
300
300
300
300
300
300
300
300
300
300
300
300
300
300
300
300
300
300
300
300
300
300
300
300
300
300
300
300
300
300
300
300
300
300
300
300
300
300
300
300
300
300
300
300
300
300
300
300
300
300
300
300
300
300
300
300
300
300
300
300
300
300
300
300
300
300
300
300
300
300
300
300
300
300
300
300
300
300
300
300
300
300
300
300
300
300
300
300
300
300
300
300
300
300
300
300
300
300
300
300
300
300
300
300
300
300
300
300
300
300
300
300
300
300
300
300
300
300
300
300
300
300
300
300
300
300
300
300
300
300
300
300
300
300
300
300
300
300
300
300
300
300
300
300
300
300
300
300
300
300
300
300
300
300
300
300
300
300
300
300
300
300
300
300
300
300
300
300
300
300
300
300
300
300
300
300
300
300
300
300
300
300
300
300
300
300
300
300
300
300
300
300
300
300
300
300
300
300
300
300
300
300
300
300
300
300
300
300
300
300
300
300
300
300
300
300
300
300
300
300
300
300
300
300
300
300
300
300
300
300
300
300
300
300
300
300
300
300
300
300
300
300
300
300
300
300
300
300
300
300
300
300
300
300
300
300
300
300
300
300
300
300
300
300
300
300
300
300
300
300
300
300
300
300
300
300
300
300
300
300
300
300
300
300
300
300
300
300
300
300
300
300
300
300
300
300
300
300
300
300
300
300
300
300
300
300
300
300
300
300
300
300
300
300
300
300
300
300
300
300
300
300
300
300
300
300
300
300
300
300
300
300
300
300
300
300
300
300
300
300
300
300
300
300
300
300
300
300
300
300
300
300
300
300
300
300
300
300
300
300
300
300
300
300
300
300
300
300
300
300
300
300
300
300
300
300
300
300
300
300
300
300
300
300
300
300
300
300
300
300
300
300
300
300
300
300
300
300
300
300
300
300
300
300
300
300
300
300
300
300
300
300
300
300
300
300
300
300
300
300
300
300
300
300
300
300
300
300
300
300
300
300
300
300
300
300
300
300
300
300
300
300
300
300
300
300
300
300
300
300
300
300
300
300
300
300
300
300
300
300
300
300
300
300
300
300
300
300
300
300
300
300
300
300
300
300
300
300
300
300
300
300
300
300
300
300
300
300
300
300
300
300
300
300
300
300
300
300
300
300
300
300
300
300
300
300
300
300
300
300
300
300
300
300
300
300
300
300
300
300
300
300
300
300
300
300
300
300
300
300
300
300
300
300
300
300
300
300
300
300
300
300
300
300
300
300
300
300
300
300
300
300
300
300
300
300
300
300
300
300
300
300
300
300
300
300
300
300
300
300
300
300
300
300
300
300
300
300
300
300
300
300
300
300
300
300
300
300
300
300
300
300
300
300
300
300
300
300
300
300
300
300
300
300
300
300
300
300
300
300
300
300
300
300
300
300
300
300
300
300
300
300
300
300
300
300
300
254.747
256.23
254.446
271.766
272.505
270.848
274.802
251.738
256.299
257.022
250.915
251.62
250.595
254.464
255.842
254.921
255.513
251.584
249.904
250.229
253.716
254.192
254.786
252.953
252.466
253.807
254.223
264.134
262.994
265.877
260.626
248.491
249.846
248.45
250.743
259.116
260.899
251.466
250.905
249.456
249.06
251.367
253.411
252.29
252.829
248.71
265.032
267.077
248.623
249.082
252.461
259.426
259.818
262.023
257.445
249.557
250.122
248.559
251.641
257.951
254.277
252.615
259.779
288.381
283.267
258.704
256.84
256.506
279.062
280
278.793
280.615
264.057
259.232
263.089
293.892
290.292
299.016
276.413
259.371
260.856
261.38
285.86
273.661
274.784
280.849
251.173
250.73
256.184
256.805
251.729
252.436
252.427
253.1
254.736
253.803
255.481
258.252
255.988
256.388
256.03
256.027
258.716
260.488
256.838
256.368
256.634
263.094
260.638
256.93
260.588
260.862
260.795
275.133
270.017
270.472
272.771
260.189
260.777
260.825
277.677
273.175
279.002
271.827
262.386
270.477
269.039
266.415
273.388
270.753
272.043
273.407
270.026
275.181
263.562
256.474
256.994
257.287
259.428
263.438
256.793
264.168
257.12
257.152
257.398
264.124
257.357
263.968
260.127
264.88
263.803
261.834
260.055
258.915
261.172
257.813
258.338
257.684
284.214
290.008
285.751
284.548
285.924
283.523
288.311
291.908
291.913
290.797
288.805
290.178
289.86
289.426
292.509
288.94
289.473
289.781
296.384
296.528
294.103
289.01
286.013
294.33
289.87
302.592
298.885
296.596
289.075
286.494
300.019
312.998
309.663
304.599
296.109
308.874
309.37
299.969
308.244
311.574
310.333
308.387
309.493
305.095
309.569
301.553
306.393
308.765
306.938
293.169
304.071
298.25
313.053
310.253
310.764
279
298.984
301.046
284.482
270.463
268.78
282.233
299.194
290.865
311.498
303.92
292.727
286.463
285.675
303.38
308.409
304.132
297.288
298.895
296.564
303.072
298.41
296.352
295.654
287.594
294.393
293.414
290.807
308.613
280.561
303.271
289.309
276.544
288.159
277.62
305.3
287.785
292.176
266.917
273.345
283.288
264.821
308.709
302.011
306.368
303.702
297.875
304.722
297.181
277.639
275.093
274.032
270.915
272.976
267.086
273.701
278.003
276.054
277.357
274.34
277.646
275.883
277.925
276.43
268.57
270.836
269.972
272.252
267.711
274.504
275.524
275.313
275.832
276.965
278.794
276.375
280.028
279.97
276.78
280.652
283.85
282.507
282.882
283.856
278.663
281.061
280.254
279.308
277.097
280.687
277.602
270.478
280.922
282.019
282.712
272.774
269.824
280.79
338.36
320.515
318.922
298.405
338.427
316.904
326.083
338.664
329.313
321.474
312.796
339.649
335.471
322.714
322.381
288.118
290.297
319.148
292.543
319.941
320.184
296.539
299.456
308.974
310.427
301.771
295.598
312.486
313.58
287.068
310.682
286.702
311.342
289.27
309.662
294.531
297.013
307.7
295.793
294.185
295.197
310.333
252.388
285.392
281.65
277.711
273.19
277.214
259.145
278.36
286.656
284.508
277.921
286.804
281.841
267.148
347.616
346.472
347.771
344.774
343.488
344.367
344.363
344.174
344.232
344.5
344.975
344.307
344.987
344.802
345.248
344.6
344.397
338.249
331.167
338.584
313.458
288.452
288.041
300.36
292.51
285.081
283.429
291.546
288.239
299.728
296.91
292.619
293.09
290.582
328.663
305.103
307.552
322.289
313.142
305.401
299.631
286.607
277.496
290.674
290.402
277.646
287.226
290.543
294.47
300.873
314.25
298.672
297.02
298.309
297.768
281.348
274.324
268.733
277.369
276.885
274.954
281.417
287.489
294.939
283.725
312.186
291.54
278.874
297.796
340.615
339.066
338.008
341.169
336.265
340.211
343.442
341.218
333.939
333.036
345.964
342.202
334.337
344.436
279.361
280.432
278.238
281.098
277.211
281.057
282.972
280.969
280.924
276.864
281.293
276.963
280.533
280.281
283.966
285.073
283.78
284.445
285.38
284.971
284.434
286.898
290.076
288.738
288.077
288.309
288.947
289.39
264.599
262.574
264.151
266.602
263.312
262.91
267.917
271.428
277.375
274.038
301.075
271.157
284.312
277.457
266.082
267.93
280.725
267.094
273.711
273.08
263.432
269.481
298.711
289.34
312.706
293.105
268.607
286.456
284.672
280.354
252.972
281.793
276.235
284.216
275.866
200.122
268.175
240.699
294.499
300
300
300
300
300
300
300
300
300
300
300
300
300
300
343.601
335.924
344.494
344.866
345.508
342.302
342.017
346.627
345.595
346.195
343.343
345.746
345.887
345.808
344.715
345.899
345.461
345.532
345.702
344.65
345.128
345.096
345.485
345.239
345.587
346.363
346.64
346.206
333.56
346.607
344.248
341.334
335.076
325.51
343.081
322.53
317.565
339.626
341.811
345.851
348.326
345.931
304.952
347.959
321.698
344.05
346.194
346.426
346.778
346.373
346.784
345.477
345.695
326.665
329.285
339.978
324.683
325.795
338.07
338.881
340.664
341.139
343.012
339.432
341.728
343.36
338.204
343.016
336.667
340.24
328.296
319.239
338.961
324.114
319.456
330.041
331.885
333.049
333.014
336.826
330.922
330.824
339.014
332.1
340.342
343.355
341.202
341.91
342.519
341.678
339.876
336.741
335.661
338.481
335.838
336.706
334.635
338.302
321.38
317.266
338.438
330.852
311.922
331.839
336.151
340.039
337.685
315.925
298.518
336.329
342.961
346.187
328.298
344.732
324.474
344.096
326.504
330.529
344.292
321.466
317.425
339.752
334.101
331.21
328.927
329.402
318.688
337.612
322.517
321.19
341.206
345.969
342.929
346.532
343.684
342.411
344.7
344.509
340.879
347.279
344.828
343.702
341.659
346.864
344.21
340.592
333.702
346.349
342.81
336.46
346.916
333.592
334.526
343.432
327.712
331.962
341.866
335.952
267.192
266.069
270.165
266.076
274.82
274.435
279.658
268.123
273.344
269.98
265.352
279.449
274.608
267.183
273.942
268.863
264.976
328.115
326.663
325.38
320.616
326.817
307.686
328.156
327.183
314.976
326.817
311.073
331.366
310.501
340.657
303.178
336.018
318.058
297.44
285.665
286.245
322.81
281.735
307.89
312.342
297.976
326.475
285.989
305.341
290.498
293.718
326.038
320.13
342.415
331.933
334.739
336.078
324.399
327.879
312.835
301.522
291.364
326.987
294.472
313.084
326.883
263.751
267.723
279.426
262.896
274.972
261.933
266.886
264.284
279.392
275.267
267.706
275.199
264.656
266.615
275.999
274.268
282.156
266.867
279.779
266.741
280.475
280.962
280.531
283.131
278.726
282.071
277.569
283.401
272.41
272.219
275.691
262.022
277.247
270.445
262.274
269.148
266.054
262.462
268.645
265.946
262.708
276.404
262.663
259.819
260.361
278.632
286.466
286.137
252.771
289.757
276.85
232.199
319.743
292.68
330.817
319.797
307.406
319.372
331.335
339.255
329.62
329.389
312.525
260.37
265.807
260.95
261.692
243.603
237.672
233.408
263.492
245.075
242.273
274.884
247.304
284.972
270.664
278.377
251.271
283.214
287.564
293.324
278.876
309.564
281.286
285.178
309.751
288.456
299.066
285.793
299.178
286.426
302.313
288.363
284.967
284.015
284.487
286.451
284.241
285.352
286.234
288.8
299.549
290.232
303.119
286.947
290.872
302.72
292.58
294.775
300.752
272.535
294.34
302.231
289.313
295.881
299.798
293.612
301.077
295.822
299.355
292.903
292.157
286.448
288.088
275.643
291.909
286.992
292.624
303.264
303.296
303.808
279.251
271.397
284.472
248.463
287.538
285.908
228.845
300
300
300
300
300
300
300
300
300
300
300
300
300
300
300
300
300
300
300
300
300
300
300
300
300
300
300
300
300
300
300
300
300
300
300
300
300
300
300
300
300
300
300
300
300
300
300
300
300
300
300
300
300
300
300
300
300
300
300
300
300
300
300
300
300
300
300
300
300
300
300
300
300
300
300
300
300
300
300
300
300
300
300
300
297.887
290.778
310.949
303.67
253.07
267.001
255.975
276.237
299.748
269.029
269.06
344.889
332.583
344.926
320.292
276.83
272.806
324.611
343.63
331.776
344.873
301.279
269.369
271.243
270.003
252.447
257.317
254.83
262.18
259.504
259.777
262.033
256.598
261.672
256.412
265.918
268.097
267.698
266.578
296.076
291.84
296.492
283.623
287.696
288.773
276.306
254.58
257.535
262.051
259.013
259.143
258.798
261.907
254.802
262.098
260.141
257.804
259.117
258.177
262.332
344.233
331.615
343.369
325.678
277.245
325.223
278.064
342.457
330.909
342.516
328.517
329.563
338.717
279.804
343.787
329.135
325.844
254.596
259.666
261.84
255.306
259.838
254.766
260.516
255.118
262.117
259.952
257.12
262.248
260.364
256.571
250.119
257.915
255.728
260.685
257.562
263.391
260.201
256.314
263.509
261.148
262.854
263.484
259.426
264.83
319.635
324.827
323.613
316.444
316.589
323.701
310.803
307.011
288.523
276.512
257.785
247.57
253.987
249.439
251.378
325.153
307.087
306.552
259.915
256.189
256.265
279.274
280.12
280.829
277.015
257.409
263.129
260.59
273.048
273.005
275.364
271.368
312.792
312.841
311.889
309.284
308.691
308.108
310.578
323.276
309.365
324.474
314.845
292.737
295.359
305.78
324.471
313.438
324.275
315.917
309.173
316.843
299.93
257.309
259.142
273.137
275.786
257.2
274.156
272.909
259.45
271.56
258.265
270.954
258.314
272.4
270.688
253.23
272.716
267.117
267.411
260.004
254.125
272.696
256.59
271.553
267.859
268.19
267.718
258.086
271.936
272.37
262.939
271.791
262.91
257.03
258.023
253.161
264.274
262.022
263.619
277.231
272.497
279.306
266.038
279.623
277.331
272.356
275.499
280.416
281.044
276.882
280.544
275.251
280.793
263.036
267.815
263.106
260.865
268.699
266.45
260.761
263.09
266.04
263.124
261.09
262.546
261.43
264.28
314.03
304.778
308.568
296.639
291.729
299.488
289.612
301.334
304.702
306.713
293.631
284.262
286.05
289.45
261.285
262.923
268.892
268.778
262.263
268.755
269.404
260.424
269.211
259.759
270.467
269.633
260.002
269.104
292.388
283.661
280.908
265.874
265.176
266.749
270.823
268.926
269.997
269.274
279.77
280.474
273.645
276.005
281.936
279.785
281.202
277.411
287.734
279.791
272.73
273.478
271.176
273.766
276.399
279.322
280.102
272.417
280.205
275.766
278.92
277.314
280.581
280.872
277.003
280.773
280.762
276.779
262.853
270.478
262.495
260.294
269.216
260.63
269.066
269.703
260.668
261.934
259.838
261.895
268.155
258.909
276.788
259.927
268.839
267.87
265.086
276.295
259.27
271.131
269.152
269.375
268.216
269.187
266
270.849
264.828
264.547
264.515
263.918
264.173
263.716
264.063
257.753
260.346
257.088
276.303
274.149
274.819
280.744
275.801
277.186
291.162
289.405
283.14
290.504
286.412
285.569
283.759
282.864
288.064
287.329
290.288
288.4
287.136
286.158
288.398
285.815
276.041
280.535
280.747
284.432
283.695
283.567
284.451
282.298
281.523
281.996
282.084
281.972
282.149
281.005
281.197
282.185
281.24
280.786
282.025
280.728
281.59
278.958
286.849
287.811
291.818
286.822
289.234
292.095
289.154
287.059
294.428
285.726
286.511
287.184
289.954
287.056
286.274
289.817
282.252
287.983
280.018
290.999
280.69
280.701
284.422
283.488
280.202
281.217
281.125
280.577
280.957
281.808
284.644
312.37
295.152
286.967
303.218
281.524
308.638
274.839
291.675
280.471
276.7
273.736
279.905
274.069
294.976
306.004
289.446
291.03
302.679
308.829
297.064
294.279
294.474
296.415
300.093
291.79
297.308
294.997
297.608
300.056
298.01
301.682
302.401
299.654
302.486
301.393
302.934
302.949
269.303
268.53
295.406
297.721
279.394
267.181
310.486
301.735
299.999
299.999
299.999
299.999
299.999
299.999
299.999
300
299.999
299.999
300
300
300
299.999
300
300
300
300
300
300
300
299.999
299.999
299.999
299.999
299.999
299.999
299.999
300
299.999
299.999
300
300
300
299.999
300
300
300
300
300
300
300
299.999
299.999
299.999
299.999
299.999
299.999
299.999
299.999
300
300
299.999
299.999
299.999
299.999
299.999
299.999
299.999
299.999
299.999
299.999
300
300
299.999
299.999
299.999
299.999
299.999
299.999
299.999
299.999
299.999
299.999
300
300
299.999
299.999
300
300
300
300
300
300
300
299.999
299.999
299.999
299.999
299.999
299.999
299.999
299.999
300
300
299.999
299.999
300
300
300
300
300
300
300
299.999
299.999
299.999
299.999
299.999
299.999
299.999
299.999
300
299.999
300
300
299.999
300
299.999
299.999
299.999
299.999
299.999
299.999
299.999
299.999
300
299.999
300
300
299.999
300
300
300
300
300
300
300
300
300
300
300
300
300
300
300
300
300
300
300
300
300
300
300
300
300
300
300
300
300
300
300
300
300
300
300
300
300
300
300
300
300
300
300
300
300
300
300
300
300
300
300
300
300
300
300
300
300
300
300
300
300
299.999
300
299.999
300
299.999
300
300
299.999
300
300
300
300
300
300
300
300
300
299.999
299.999
300
300
300
300
300
300
300
300
300
300
300
300
300
300
300
299.999
299.999
299.999
300
300
300
300
300
300
300
299.999
300
300
299.999
300
299.999
300
299.999
299.999
299.999
299.999
300
300
299.999
300
299.999
300
300
300
300
299.999
300
300
300
300
300
300
300
300
300
300
300
299.999
300
299.999
300
300
299.999
299.999
299.999
299.999
299.999
300
300
299.999
300
300
299.999
300
300
300
299.999
300
300
300
299.999
299.999
299.999
300
300
300
300
300
299.999
300
300
299.999
300
300
300
300
300
300
300
300
300
299.999
299.999
299.999
300
300
300
300
300
300
300
300
300
300
300
300
300
300
299.999
299.999
300
)
;

boundaryField
{
    outlet
    {
        type            zeroGradient;
    }
    inlet
    {
        type            fixedValue;
        value           uniform 350;
    }
    wall
    {
        type            zeroGradient;
    }
}


// ************************************************************************* //
