/*--------------------------------*- C++ -*----------------------------------*\
| =========                 |                                                 |
| \\      /  F ield         | OpenFOAM: The Open Source CFD Toolbox           |
|  \\    /   O peration     | Version:  2312                                  |
|   \\  /    A nd           | Website:  www.openfoam.com                      |
|    \\/     M anipulation  |                                                 |
\*---------------------------------------------------------------------------*/
FoamFile
{
    version     2.0;
    format      ascii;
    arch        "LSB;label=32;scalar=64";
    class       volVectorField;
    location    "4.599969249053928";
    object      U;
}
// * * * * * * * * * * * * * * * * * * * * * * * * * * * * * * * * * * * * * //

dimensions      [0 1 -1 0 0 0 0];

internalField   nonuniform List<vector> 
21822
(
(53.1062 -46.5278 24.2881)
(62.4015 -7.73802 13.9485)
(38.326 23.2263 12.0112)
(-6.30086 -63.02 22.0821)
(23.0464 8.13482 -32.4971)
(29.8377 35.549 0.569898)
(-150.661 -134.771 -12.463)
(-84.0419 -0.381935 -0.99575)
(-104.139 94.4228 -44.7264)
(39.6296 -46.4873 45.304)
(50.8793 0.875131 13.8423)
(39.5389 40.6232 -41.5244)
(0.769824 -55.2712 24.7586)
(15.6273 19.8035 -47.6018)
(41.6301 46.6947 -30.857)
(-77.4246 -67.5843 42.7914)
(-28.4509 15.798 -46.3492)
(-43.1479 50.5298 52.6652)
(32.2893 -29.9936 33.7803)
(38.0319 6.03956 2.54223)
(34.0894 41.5274 -6.58492)
(4.56983 -25.4577 6.49905)
(-3.68003 16.0619 -42.4013)
(-5.13287 37.3312 -20.5284)
(-23.0351 -19.5767 5.05885)
(-21.8065 9.15979 -30.9376)
(-18.2676 19.4007 -13.0746)
(34.5187 -22.4877 20.9118)
(35.7056 -0.559238 0.547508)
(31.545 39.3423 5.838)
(7.899 -17.2428 -6.99819)
(-3.08998 11.6194 -36.8147)
(-7.58945 35.2945 -15.1505)
(-18.8241 -14.0832 -1.26916)
(-20.9378 7.18958 -25.4919)
(-16.988 18.2947 -6.51419)
(22.4885 -24.5082 12.6298)
(22.2477 9.09701 -2.87749)
(24.2616 36.6747 14.4839)
(10.2007 -16.219 -19.5476)
(0.265873 12.4248 -26.6428)
(-3.19799 31.2688 -7.45831)
(-14.9766 -12.066 -2.66276)
(-17.326 9.63927 -17.1017)
(-14.8143 16.4421 1.60058)
(17.8181 -3.51522 -1.64421)
(12.4262 16.4338 0.338588)
(12.835 23.1036 9.9826)
(2.35121 -8.83215 -16.0313)
(2.49863 13.2673 -15.041)
(4.92158 19.5898 0.998266)
(-15.7265 -13.1536 -4.88091)
(-14.9791 9.4468 -7.48991)
(-13.7156 15.0135 9.37254)
(8.80956 2.14197 -6.26199)
(9.43356 11.2308 0.258582)
(8.86018 11.8416 6.21004)
(-1.29682 -5.37472 -10.3662)
(0.684319 10.8581 -8.93257)
(1.21328 15.1556 2.32231)
(-14.7404 -12.6368 -3.43771)
(-14.2341 5.17098 -0.652639)
(-14.6396 14.5013 10.3245)
(7.15758 -3.36165 -6.52236)
(5.09565 7.5181 -4.58686)
(6.50961 10.0343 3.36845)
(-2.25159 -5.05034 -6.79517)
(-1.88902 8.77765 -8.00007)
(0.836598 11.9932 2.67278)
(-12.3676 -10.0281 -0.389281)
(-10.5379 6.86503 2.75329)
(-10.3987 11.7741 13.0489)
(5.84935 -5.70535 -4.66416)
(3.96793 4.54194 -5.91887)
(4.10809 7.35915 -2.94936)
(-3.1723 -5.78219 -4.12687)
(-3.7236 5.09141 -6.99875)
(-0.932444 9.97387 1.41354)
(-11.2905 -8.85973 4.19262)
(-10.4765 4.25377 6.16783)
(-10.2081 10.8984 15.3488)
(5.51118 -5.83591 -1.11806)
(4.76407 2.27707 -5.08436)
(4.29537 5.70955 -4.70319)
(-2.0792 -6.52257 -1.57638)
(-2.31203 0.142864 -5.72173)
(-1.43284 5.65312 -3.05287)
(-9.4721 -8.01851 6.37274)
(-8.96067 1.19178 6.5662)
(-7.5118 7.84253 10.1354)
(7.32595 -3.65984 -0.743653)
(5.74 0.853163 -2.70315)
(4.26412 5.21592 -2.73446)
(-0.875352 -5.5786 -0.630326)
(-1.61407 -1.17639 -4.05724)
(-1.42233 3.1984 -2.62715)
(-6.32992 -5.30359 5.74984)
(-5.5596 -1.57131 4.28147)
(-4.77297 4.09881 5.66285)
(3.9304 -3.21402 -0.582546)
(4.08492 0.282695 -0.249014)
(3.46576 4.70352 0.307074)
(0.969921 -3.60142 0.585369)
(-0.971343 -0.360376 -2.37635)
(-0.767814 2.87658 -0.576048)
(-4.28664 -4.02357 4.72053)
(-2.38018 -0.960841 0.559569)
(-1.78434 1.73308 0.257856)
(1.91345 -2.81707 -0.0051205)
(1.63319 0.551094 -0.0270732)
(1.99976 3.22811 2.3835)
(0.186291 -2.52234 0.479656)
(-0.982702 -0.16969 -1.09053)
(-0.415235 2.48351 0.39296)
(-1.11326 -1.95061 3.62355)
(-0.919848 -0.365152 -0.133673)
(-1.32088 1.31604 0.437284)
(1.18229 -1.46448 0.718656)
(0.567218 1.24157 0.409712)
(1.34347 2.25312 2.38758)
(-0.549464 -1.05569 0.024688)
(-0.864864 0.172049 0.238114)
(-0.541256 1.46655 1.40512)
(-0.787975 -0.77554 1.19048)
(-0.489015 -0.155977 0.587844)
(-0.674194 0.659985 1.04117)
(0.469684 -0.282827 1.35394)
(-0.0493522 0.492385 1.46621)
(0.665315 1.16727 2.5421)
(-0.291953 -0.214165 0.785455)
(-0.482234 0.205954 1.19047)
(-0.364084 0.630932 1.88918)
(-0.212006 -0.158861 1.03353)
(-0.302122 0.0692387 1.21246)
(-0.275608 0.267857 1.5479)
(-0.0159439 0.284981 1.84292)
(-0.101404 0.343276 2.0912)
(0.167709 0.409167 2.52966)
(-0.0765541 0.0747203 1.65693)
(-0.17402 0.17762 1.86897)
(-0.155658 0.248389 2.13072)
(-0.0120687 -0.0132119 1.69394)
(-0.121287 0.114705 1.81305)
(-0.0628828 0.0738803 1.96979)
(-0.023613 0.146715 2.50689)
(-0.0326788 0.110512 2.58472)
(0.067785 0.161588 2.6194)
(-0.0308133 0.0625025 2.40408)
(-0.0557883 0.0902138 2.46989)
(-0.0548771 0.0777272 2.4549)
(0.0485387 0.00633317 2.37501)
(-0.0365896 0.0557106 2.40198)
(-0.00458586 0.0305931 2.42872)
(-0.0123593 0.0198142 2.99721)
(-0.0234162 0.0158036 3.01412)
(0.0540844 0.0397885 2.94642)
(-0.030909 0.0198557 2.96365)
(-0.0332338 0.0350109 2.97627)
(0.00535674 0.00479926 2.8728)
(0.0248942 0.0170396 2.93932)
(-0.0169138 -0.00385943 2.92196)
(-0.0396615 0.0658972 2.9043)
(-0.0242705 0.00115053 3.30065)
(-0.0417454 -0.00107732 3.29246)
(0.0311415 -0.0132649 3.27398)
(-0.0370695 0.00205774 3.29851)
(-0.0449352 0.0130015 3.28582)
(0.0190933 -0.01183 3.25402)
(0.00544218 0.0137219 3.30906)
(-0.0339917 0.00438878 3.27451)
(-0.0556539 0.0783223 3.28402)
(-0.0581642 0.0179526 3.4495)
(-0.0606579 -0.0172334 3.44231)
(0.00802776 -0.00292691 3.46384)
(-0.0722221 -0.00428494 3.45538)
(-0.0655249 0.000838266 3.4445)
(-0.0305843 0.00553356 3.47442)
(0.0277529 0.00842973 3.47612)
(-0.0556696 0.0215336 3.45364)
(-0.0295541 0.0383072 3.49047)
(-0.0730004 0.0176314 3.52646)
(-0.057948 -0.0260699 3.53708)
(0.00980264 0.022365 3.55076)
(-0.0891256 -0.00463275 3.53181)
(-0.0655189 -0.0034906 3.54216)
(-0.0649155 0.0264692 3.56323)
(0.0501055 0.0113921 3.54034)
(-0.0581203 0.03829 3.53979)
(0.00613699 -0.000783139 3.57664)
(-0.0425578 0.0138767 3.57152)
(-0.0338643 -0.0146671 3.5929)
(0.0378076 0.0270815 3.6112)
(-0.0615959 0.00145563 3.57902)
(-0.0395127 -0.000147909 3.60265)
(-0.0367535 0.0332418 3.60756)
(0.0520008 0.0189557 3.5859)
(-0.0399938 0.034387 3.59501)
(0.0165721 -0.0101562 3.62593)
(-0.00812002 0.0146962 3.58726)
(-0.00437303 0.00626547 3.6111)
(0.034665 0.0310501 3.62808)
(-0.0226139 0.00756723 3.5907)
(-0.00690027 0.00876918 3.61644)
(-0.00965595 0.0313678 3.62223)
(0.046789 0.028453 3.6108)
(-0.0193533 0.0422796 3.61696)
(0.0209687 -0.0154352 3.64363)
(0.0314767 -0.00612811 3.56745)
(0.0198731 0.00702928 3.57877)
(0.0421819 0.0333812 3.58733)
(0.00206522 0.00638157 3.56217)
(0.01786 0.00902652 3.57343)
(0.00433789 0.0290502 3.58174)
(0.0526474 0.0195045 3.59171)
(-0.00448989 0.0287243 3.59387)
(0.0165609 -0.0129726 3.60919)
(0.0362193 -0.0290387 3.52318)
(0.0210863 -0.00776479 3.51368)
(0.0341045 0.0457216 3.52144)
(-0.00524603 -0.00218225 3.51291)
(0.0191857 0.00343262 3.50494)
(0.00484899 0.0219574 3.51148)
(0.0679601 -0.000510563 3.53365)
(0.000120991 0.00614116 3.52622)
(-0.00284284 0.00386929 3.53579)
(0.01539 -0.0322458 3.48436)
(0.00831718 -0.00709106 3.46904)
(0.0184053 0.0465 3.47354)
(-0.0252305 -0.00637026 3.48166)
(0.00575215 0.0011613 3.46855)
(-0.00907931 0.0186157 3.4604)
(0.0698759 -0.0130884 3.48129)
(-0.0052622 0.00314635 3.46278)
(-0.0100893 0.0113871 3.47754)
(0.0171243 -0.0313162 3.46787)
(0.00247271 0.00553047 3.46616)
(0.0119361 0.0258524 3.46529)
(-0.0188839 -0.00405702 3.46985)
(0.000584955 0.0023352 3.46975)
(0.00340995 0.0156089 3.45053)
(0.0470589 -0.0159048 3.46527)
(-0.0104577 0.00243942 3.45314)
(-0.00863148 0.0102833 3.46909)
(0.0256161 -0.0284202 3.48051)
(0.00360824 0.0105095 3.4833)
(0.0129783 0.0119955 3.4904)
(-0.00368154 -0.00164235 3.48521)
(0.00365818 0.00278569 3.48541)
(0.0195537 0.00842665 3.4808)
(0.0295207 -0.0203828 3.46763)
(-0.00821583 -0.00938733 3.4649)
(-0.00673547 0.00934857 3.49215)
(0.00399526 -0.01305 3.52859)
(0.00242171 0.0123168 3.53125)
(0.00172665 0.0112998 3.5384)
(-0.0165429 0.000933403 3.53156)
(0.00149417 0.00611383 3.5307)
(-0.00137994 0.00199347 3.53053)
(0.0245839 -0.011369 3.50238)
(-0.00162294 -0.00296458 3.50346)
(0.00708806 -0.00476421 3.53811)
(-0.0045073 -0.00292737 3.61183)
(0.00531463 0.0141905 3.61744)
(-0.00485227 0.00326549 3.60762)
(-0.00566117 0.00287617 3.6088)
(0.00562411 0.00717788 3.61513)
(-0.00266451 -0.00163764 3.59439)
(0.00898746 0.00329077 3.58888)
(0.00556146 0.00488814 3.5859)
(0.0169545 -0.0131149 3.61084)
(0.00721974 -0.00827679 3.64242)
(0.00931971 0.0112061 3.64498)
(2.5309e-05 -0.0109489 3.64342)
(0.016266 0.000707444 3.63858)
(0.012641 0.00206977 3.64046)
(0.0197404 -0.0055269 3.63459)
(-0.00859699 0.00407485 3.64581)
(0.00900278 -0.00568568 3.63956)
(0.00923553 -0.0044957 3.65635)
(0.00166921 -0.00563053 3.50925)
(0.00619894 0.0051219 3.50462)
(-0.00224483 -0.0119314 3.54151)
(0.0150734 -0.00259255 3.51305)
(0.00807383 -0.00124299 3.50567)
(0.00914735 -0.00765627 3.53999)
(-0.0119229 -0.00151714 3.5397)
(0.00713808 -0.0104008 3.5326)
(0.00872297 -0.00689548 3.5558)
(-0.0125776 0.00843971 3.20778)
(-0.000109378 0.00693563 3.20336)
(-0.0118511 -0.0050551 3.25335)
(-0.00335464 -0.000354374 3.21351)
(-0.00266128 0.00265138 3.20329)
(-0.0125973 -0.00553604 3.25585)
(-0.00836147 -0.00303536 3.25929)
(0.00310373 0.00516348 3.25411)
(0.0174076 -0.0171559 3.2728)
(-0.0142894 0.0167918 2.82864)
(-0.0017346 0.00766719 2.83025)
(-0.00663179 -0.0075433 2.8684)
(-0.00836641 0.00346762 2.8323)
(-0.00660708 0.00608181 2.83223)
(-0.0179113 -0.00135886 2.86727)
(-0.0103892 -0.000785701 2.89331)
(-0.000297338 0.00986137 2.88755)
(0.0101863 -0.00791482 2.89638)
(0.00300113 0.0102647 2.48173)
(0.00350677 0.0129475 2.48755)
(0.00538078 -0.0224505 2.51088)
(0.0134876 0.00699223 2.48191)
(0.000783523 0.00607628 2.48799)
(0.0102363 0.00389192 2.50583)
(-0.0245306 0.00826995 2.54139)
(-0.00239497 0.00421245 2.53576)
(-0.0125279 0.0177748 2.54083)
(0.0134928 -0.00432116 2.232)
(0.0056166 0.00878052 2.23329)
(0.0140023 -0.0282382 2.2579)
(0.0175329 0.00466832 2.2304)
(0.00587224 0.00180022 2.23117)
(0.027087 0.00528219 2.2535)
(-0.025281 0.00347874 2.26764)
(-0.00435583 -0.00988712 2.26339)
(-0.0289189 0.036473 2.27894)
(0.0146697 -0.00767018 2.07792)
(0.00664815 0.00705922 2.07961)
(0.00907056 -0.0240272 2.09866)
(0.0109468 0.00107013 2.07636)
(0.00712454 -2.27502e-05 2.07899)
(0.0140182 0.00605127 2.09613)
(-0.0157655 -4.77401e-05 2.09542)
(-0.00505321 -0.00391973 2.09146)
(-0.0267934 0.0328361 2.11459)
(0.010778 -0.00880608 1.99891)
(0.00813554 0.00815834 1.99924)
(0.00358653 -0.0220344 2.01431)
(0.00762132 -0.00104972 1.99603)
(0.0093045 -0.00122361 1.99807)
(0.0115643 0.00665493 2.00964)
(-0.0105844 -0.00325107 2.0119)
(-0.00431725 -0.00243764 2.00681)
(-0.0201936 0.0252421 2.02955)
(0.0161597 -0.0147977 1.95843)
(0.0097666 0.00459849 1.958)
(0.00672264 -0.0217425 1.96654)
(0.00992626 -0.00341335 1.95412)
(0.010795 -0.00388638 1.95483)
(0.0168776 0.00560386 1.96296)
(-0.00928471 -0.00709775 1.97153)
(-0.00456231 -0.00139336 1.96531)
(-0.0179208 0.022651 1.98569)
(0.0183124 -0.0212208 1.90316)
(0.00829516 -0.000336624 1.89895)
(0.00905323 -0.0195101 1.92123)
(0.00767905 -0.00570326 1.90157)
(0.0086937 -0.00594952 1.89752)
(0.0184139 0.004953 1.91659)
(-0.00763074 -0.00932273 1.92352)
(-0.00591459 -0.00188717 1.91623)
(-0.0181746 0.0229348 1.93737)
(0.0123878 -0.0154117 1.78081)
(0.00358806 0.00157676 1.77439)
(-0.00100705 -0.0122714 1.81886)
(-0.000411392 -0.00692767 1.78217)
(0.00297521 -0.00636629 1.7744)
(0.0087429 0.00444456 1.81476)
(0.000405819 -0.0149566 1.81451)
(-0.00871254 -0.00158772 1.80839)
(-0.0136718 0.0167426 1.83241)
(0.00625139 -0.00780019 1.56298)
(-0.000880775 0.00506266 1.55883)
(-0.00346417 -0.00712614 1.60996)
(-0.00797002 -0.00653115 1.56525)
(-0.0029037 -0.00526555 1.56045)
(-0.00148868 0.00359286 1.60722)
(0.00738375 -0.0142257 1.6053)
(-0.010384 0.000943371 1.59998)
(-0.00599425 0.00794373 1.62589)
(0.00735884 -0.00479198 1.26745)
(-0.00520408 0.00783227 1.26461)
(-0.00596372 -0.00143268 1.3113)
(-0.00784614 -0.00603852 1.27059)
(-0.00773348 -0.0044082 1.26863)
(-0.00702335 0.00315719 1.30837)
(0.0101725 -0.0150714 1.3102)
(-0.0109539 -0.00211352 1.30392)
(-0.00346515 0.00409548 1.3285)
(0.0101009 -0.0030145 0.959414)
(-0.00971499 0.0119641 0.957991)
(-0.0110371 0.00490608 0.977133)
(-0.00432005 -0.00541368 0.966184)
(-0.0119194 -0.0041567 0.96758)
(-0.0114492 0.0048724 0.976395)
(0.00818735 -0.0160093 0.985319)
(-0.0128569 -0.0059913 0.978653)
(-0.00523557 0.00313933 0.99253)
(0.0137424 0.00200439 0.719288)
(-0.0117442 0.0221174 0.719968)
(-0.0158774 0.0142338 0.674925)
(0.00684031 -0.00536668 0.732993)
(-0.0146534 -0.00581341 0.740051)
(-0.0185658 0.00390189 0.692148)
(0.00168435 -0.0208426 0.703366)
(-0.018091 -0.0204574 0.701695)
(-0.0152278 0.000365409 0.651591)
(0.011564 0.00859154 0.607349)
(-0.0118689 0.0313005 0.613151)
(-0.0298962 0.0570413 0.452858)
(0.0212479 -0.00765717 0.632268)
(-0.0160154 -0.00866316 0.645772)
(-0.0356648 0.00056825 0.536234)
(-0.00244206 -0.0284122 0.512178)
(-0.0311507 -0.0341366 0.538858)
(-0.0322751 -0.0150649 0.183296)
(0.00303656 0.00277703 0.636358)
(0.000456582 0.0245991 0.653922)
(-0.0481288 0.111919 0.338885)
(0.0443125 -0.0109938 0.67419)
(-0.00461858 -0.00954447 0.689603)
(-0.0542026 0.0103056 0.546357)
(0.00908465 -0.0377828 0.410956)
(-0.0256332 -0.0445666 0.531829)
(-0.0114568 0.0159979 -0.508972)
(-0.028152 -0.0469966 0.739116)
(0.04093 -0.0282413 0.771017)
(-0.0295154 0.133147 0.406721)
(0.0598789 -0.0136539 0.787692)
(0.0321802 0.00160341 0.773917)
(-0.055078 0.0665435 0.681264)
(0.0136751 -0.0303727 0.373079)
(0.0490816 -0.0354456 0.640477)
(0.0715371 0.125938 -0.844497)
(-0.0719954 -0.0823592 0.706935)
(0.105772 -0.0778233 0.801497)
(0.128222 0.121859 0.534213)
(0.114195 -0.0113082 0.758204)
(0.10545 0.0340677 0.73648)
(-0.0186013 0.153766 0.800353)
(-0.046329 -0.0245481 0.44331)
(0.146603 0.0462578 0.741359)
(0.170427 0.194011 -0.478355)
(24.6264 -20.2752 0.815869)
(34.8809 -26.8259 7.80756)
(67.813 -14.5294 15.5712)
(66.4506 -4.48692 16.0265)
(37.3444 19.5013 5.90744)
(30.3283 17.7058 5.80763)
(37.0366 -37.3312 4.43589)
(23.3142 -94.7326 20.5475)
(45.6955 22.9555 11.1604)
(10.2489 39.4336 2.93902)
(-12.4248 -106.452 20.571)
(-111.65 -142.011 -4.16716)
(-2.97342 42.2135 3.70941)
(-59.5328 53.0616 -17.9953)
(-136.415 -149.808 -15.7147)
(-129.977 -133.638 -8.71797)
(-91.9459 -55.8323 8.93756)
(-90.3332 -38.5259 5.53757)
(-81.322 48.7502 -22.283)
(-91.078 71.4966 -39.1277)
(25.5684 -22.7417 4.31016)
(7.30319 -14.4584 4.93988)
(27.1745 -19.6351 9.74065)
(62.2851 -18.5879 24.341)
(21.3282 -22.7584 23.873)
(63.0655 -18.6879 31.6376)
(66.4487 -5.24001 24.462)
(38.492 10.8608 11.8837)
(69.9437 -9.4674 26.4546)
(84.424 56.721 -25.462)
(32.3452 14.9496 8.9968)
(192.567 168.591 -47.226)
(31.8725 -32.3713 7.18003)
(31.039 -101.956 35.9955)
(12.2223 -27.5413 18.2893)
(37.9408 -75.817 66.8195)
(27.1539 22.4687 6.34436)
(99.6001 109.475 -32.4347)
(81.0837 17.1107 -17.7712)
(-8.45253 -112.069 29.8428)
(-111.472 -153.557 0.880727)
(20.7226 -84.2142 54.1002)
(-41.9875 -71.5795 29.6252)
(-68.8846 89.2368 -28.7934)
(76.3628 59.7571 -11.7855)
(-169.277 277.152 -83.4992)
(-149.806 -153.473 -16.7596)
(-48.0768 -53.8594 22.5301)
(-93.7294 -23.7048 10.2458)
(-82.9125 -80.1901 29.6643)
(-58.81 11.4627 -35.9151)
(-101.769 66.991 -33.3367)
(-50.5869 25.1039 -45.2411)
(-217.278 202.634 -41.9752)
(-260.491 342.297 -51.3987)
(56.7549 -49.1569 14.2712)
(65.562 -23.8377 13.4669)
(10.4682 -77.1305 20.9985)
(-9.61429 -26.3928 3.22185)
(67.8658 -9.96926 12.0352)
(55.8 21.8712 9.92628)
(-15.1785 -16.4121 -1.55115)
(7.3961 27.6777 1.63712)
(-19.824 -78.6934 21.7623)
(-30.2129 -25.8736 1.56846)
(-91.7308 -117.182 3.5798)
(-68.4526 -42.3344 7.11897)
(-23.1247 -13.3641 -12.6785)
(-11.1547 30.0183 6.22798)
(-61.6724 -22.8479 4.31939)
(-42.8226 15.6305 0.821578)
(18.1902 -5.75876 0.490242)
(15.6552 -4.78044 0.803769)
(30.4272 -2.14751 9.58024)
(23.855 6.95012 5.39645)
(14.2322 3.8327 -1.74214)
(36.778 -1.49463 9.64502)
(16.2005 -21.6015 5.27728)
(27.3896 -48.1218 5.55515)
(58.1725 -32.5849 22.693)
(50.2699 -64.9273 30.6188)
(28.2138 -34.4918 12.4205)
(41.4274 -46.6659 38.7327)
(62.9091 -25.6777 31.0208)
(55.6751 -65.1925 46.1124)
(46.8332 -34.3147 16.183)
(54.8862 21.3502 12.6088)
(34.5093 -16.5968 -1.85583)
(25.0343 10.8999 11.876)
(66.0327 -6.65982 19.0801)
(89.8189 16.7304 -3.06546)
(50.2648 -14.0833 -10.7019)
(32.5941 31.1781 -17.0477)
(32.8795 45.911 53.9575)
(19.6268 27.2826 10.7031)
(45.1773 30.2836 7.25934)
(59.3871 22.99 16.7458)
(22.1259 43.5134 7.6342)
(18.8323 32.5867 17.8749)
(59.918 23.9178 22.7879)
(-39.5352 -160.503 47.1066)
(-0.608586 -153.038 26.1258)
(-53.8675 -175.862 19.5704)
(10.9339 -142.369 51.4744)
(-15.0835 -23.5487 2.12291)
(-99.8124 -117.923 9.08929)
(-38.6826 -28.9035 8.55514)
(8.51781 -68.1142 19.721)
(14.4309 -5.57014 -29.5504)
(-55.3657 -93.9545 25.504)
(-21.3552 -16.0423 -40.5324)
(16.1461 24.6407 8.70571)
(-15.6567 -7.23389 -15.741)
(-35.8503 49.0914 2.86068)
(40.1347 18.9509 -42.4742)
(7.61212 29.6624 -44.8449)
(-4.82676 5.25311 -62.3774)
(-88.0174 122.014 -83.5349)
(-226.085 -92.6528 -34.0916)
(-134.481 -96.8574 5.13902)
(-212.956 -133.421 -60.7768)
(-130.61 -127.483 -12.2367)
(-202.574 -91.7352 -42.3252)
(-129.712 -76.7166 -13.0571)
(-204.33 -123.71 -16.6936)
(-183.546 217.824 -54.479)
(12.6687 -21.8905 14.1423)
(29.7195 -36.5575 38.1719)
(21.5562 -23.359 23.4613)
(52.701 -17.811 28.7705)
(39.3821 -30.2165 34.0469)
(44.1638 -12.9909 20.4068)
(58.2485 -9.38951 22.8679)
(51.7659 20.2167 -31.9936)
(47.7834 -5.83383 13.9622)
(44.1039 33.2835 -8.59226)
(46.0097 34.0942 -4.47917)
(41.5303 39.4401 -11.7256)
(11.5538 -26.9617 20.4978)
(25.5082 -69.301 62.2508)
(20.5373 -40.084 38.8374)
(-0.811666 -52.7581 52.7945)
(46.6603 30.0585 -36.0579)
(33.2601 41.8094 -12.2741)
(10.7497 35.3766 -25.7147)
(14.9949 -73.3104 53.8563)
(-47.603 -67.2192 37.0169)
(-4.21694 -53.0216 44.6861)
(-28.0478 -48.1096 31.6243)
(-23.7279 50.4442 -53.7522)
(-7.6662 37.3869 -26.0219)
(-18.4133 21.3459 -20.3021)
(-62.5772 -62.1618 37.7418)
(-36.8765 -39.0155 28.9812)
(-37.9864 5.07317 -36.6221)
(-30.8499 -28.7237 15.5094)
(-24.8215 1.04635 -35.1134)
(-40.8521 21.442 -10.6215)
(-23.6624 6.67431 -34.8624)
(-21.7553 14.6731 -18.611)
(-18.7933 18.6613 -16.9856)
(-0.198902 0.129764 0.26716)
(-0.176022 0.379229 0.634251)
(-0.0532386 0.0193053 0.443471)
(0.020455 -0.07623 0.783074)
(-0.113626 0.130988 0.759174)
(0.155299 -0.12498 0.824397)
(0.145651 -0.0587631 0.743494)
(-0.0598918 -0.106573 0.5214)
(0.197891 -0.0463025 0.848983)
(-0.109375 -0.199041 0.608556)
(0.174884 -0.192789 -0.476552)
(0.373231 -0.315006 0.232973)
(-0.143532 0.115143 0.574008)
(-0.00861937 -0.0123783 0.848485)
(-0.135717 0.251729 0.844058)
(0.0147958 -0.00276942 0.872359)
(-0.0205091 -0.150767 0.797054)
(0.272731 0.212205 0.665443)
(0.0052133 -0.159606 0.860717)
(-0.0177071 0.0198336 0.848262)
(-0.149845 -0.107191 0.579929)
(0.00570509 0.0105603 0.873611)
(-0.140808 -0.24295 0.848436)
(0.127012 -0.110841 0.527791)
(0.00670714 0.163517 0.861244)
(0.273756 -0.207621 0.669148)
(-0.192664 -0.124985 0.262628)
(-0.177415 -0.370718 0.631747)
(0.0195999 0.068697 0.781267)
(-0.115919 -0.125846 0.75757)
(0.154706 0.123737 0.824309)
(-0.0662159 0.106075 0.516942)
(0.199013 0.0446667 0.849932)
(-0.113245 0.198675 0.608108)
(0.369525 0.316637 0.236282)
(20.5472 -22.7278 9.35807)
(7.34788 -8.04947 -1.76432)
(23.2045 -4.8023 1.52452)
(24.2636 2.93796 4.09762)
(17.1541 -4.4161 0.321053)
(33.9153 0.553145 7.668)
(31.8101 -21.3575 8.96302)
(15.1224 -9.10725 1.02488)
(48.1445 -28.869 20.3183)
(37.9405 -39.5617 22.8699)
(23.4395 -8.03825 4.83142)
(12.4834 -8.07279 0.228927)
(50.401 -36.9908 25.2223)
(16.7293 -4.01692 3.62111)
(15.5775 -5.39318 3.66513)
(16.3562 -2.42384 -0.993333)
(19.4112 -2.7384 0.915746)
(21.7976 -3.1564 2.31049)
(18.9442 -4.16932 1.76005)
(28.7191 -11.1518 13.0492)
(36.5693 -38.2553 23.2145)
(9.33508 -7.54077 7.03085)
(50.7586 -38.5136 38.2111)
(8.22102 -3.48072 1.69415)
(54.0329 -40.3013 32.2013)
(24.1263 -12.0989 15.93)
(18.0484 1.53432 2.75912)
(13.4212 3.64017 -1.09687)
(45.9759 1.9292 21.5942)
(15.3757 9.45667 4.08129)
(56.8948 7.45205 16.579)
(59.139 15.9209 47.2164)
(23.5071 5.35675 5.37218)
(21.6327 6.21544 12.769)
(64.2822 6.21136 25.2718)
(27.19 -8.08699 25.9451)
(28.7864 3.968 -3.73333)
(26.4217 3.07714 2.5485)
(26.892 -12.1721 -12.6697)
(70.0263 31.7984 21.8886)
(103.374 31.2791 -69.8038)
(58.9017 27.949 28.0523)
(92.4013 42.5668 35.5587)
(150.281 88.379 -61.6251)
(82.3196 -2.28625 6.696)
(144.916 104.905 36.1851)
(60.4805 0.00105356 21.1571)
(67.3483 23.9793 -31.3377)
(38.1636 12.3012 28.3484)
(190.766 175.913 22.8577)
(19.9039 -28.0062 6.50411)
(15.9181 -24.9841 -0.231568)
(67.5633 -70.859 20.2215)
(28.2976 -35.8138 18.0773)
(39.8428 -53.4911 9.9076)
(10.8992 -15.3066 1.85235)
(69.0362 -73.0332 37.4822)
(50.6065 -58.6964 59.3234)
(16.1481 -140.51 26.6104)
(36.2729 -59.9381 8.21892)
(29.1812 -132.087 56.3319)
(5.65783 -10.8453 8.84871)
(3.11327 -9.30813 5.20374)
(12.3264 -19.2826 12.9902)
(28.2223 -36.4812 23.497)
(3.33929 -12.8467 4.67374)
(37.4511 -59.3405 43.4648)
(5.51756 -13.7775 3.80025)
(50.7664 -62.6887 43.181)
(8.40765 -19.2468 15.1548)
(21.1062 -22.7133 51.115)
(4.62244 -17.114 21.4575)
(16.7 -31.3481 45.5924)
(5.34447 -13.093 20.8437)
(29.5426 48.6859 27.8502)
(18.243 40.4844 9.41714)
(42.7966 60.8357 18.5171)
(-8.28665 45.4431 19.0801)
(11.8677 41.3389 10.4193)
(-11.7874 91.6938 -14.8725)
(122.315 175.266 35.2812)
(124.505 88.4095 14.2388)
(202.246 259.87 -49.8513)
(90.7959 29.3683 -21.0269)
(235.722 281.189 31.7144)
(102.657 23.9218 22.4913)
(120.006 186.904 -53.1492)
(209.462 339.1 75.5704)
(256.165 442.014 -95.7611)
(200.797 374.386 54.3899)
(179.577 412.477 -60.3839)
(178.632 417.346 37.6018)
(212.086 449.045 -84.3103)
(-63.1538 -163.188 46.2325)
(-72.662 -176.14 12.349)
(-56.9834 -147.136 36.018)
(-79.2202 -143.331 15.5559)
(-113.975 -168.469 -4.13534)
(-105.198 -133.247 1.59423)
(-71.9627 -173.016 11.8965)
(-69.1851 -127.151 10.8352)
(-92.4859 -134.837 25.6993)
(0.355045 -37.8655 43.7173)
(3.95813 -20.8059 28.1572)
(11.582 -38.6718 44.6081)
(0.0637345 -20.0444 25.4832)
(2.54943 -17.7919 27.2738)
(-0.324323 -15.5134 19.2966)
(-5.36732 -91.1678 27.7112)
(-54.5795 -89.854 11.8598)
(-22.3731 -90.3673 36.4645)
(-15.0712 -33.58 20.7443)
(-33.095 -108.983 20.8137)
(-19.1643 -42.543 14.6042)
(-12.092 -49.7882 28.0133)
(-77.3233 198.617 -18.8209)
(-9.8511 46.972 21.4529)
(-50.0461 87.7398 -12.4927)
(10.2511 157.003 -57.2318)
(-103.8 230.626 -37.292)
(-6.98182 60.3019 1.05389)
(-119.705 174.862 -107.489)
(-84.132 174.88 -1.65934)
(-37.9638 63.6121 -0.472646)
(33.7697 87.1117 23.2485)
(-196.799 332.844 -77.1248)
(-64.0528 319.598 -186.125)
(-66.9719 103.45 -68.8877)
(153.844 456.202 2.10451)
(132.083 515.921 -45.7187)
(148.573 572.692 -19.0893)
(109.577 462.415 -97.5468)
(-232.661 383.951 3.60847)
(-187.183 295.371 -29.2711)
(-28.1811 171.542 -82.9704)
(-304.021 497.387 -101.542)
(-18.2402 191.415 -24.3716)
(-329.567 522.376 -11.8885)
(-233.83 393.726 -84.3234)
(58.7204 527.971 -38.7857)
(21.3609 588.499 -33.3741)
(-128.931 -140.427 -6.05445)
(-53.8507 -63.5823 12.4744)
(-269.515 -93.4515 -79.4241)
(-243.813 -106.477 -91.9362)
(-258.909 -79.4035 -70.9454)
(-242.141 -28.1708 -66.9489)
(-247.645 -98.6321 -92.7006)
(-299.243 -0.532515 -71.2771)
(-190.172 -136.991 2.82159)
(-92.9881 -101.043 1.45962)
(-98.2548 -89.9331 20.2424)
(-88.5493 -74.6987 28.1437)
(-128.588 -92.1955 -8.30381)
(-115.057 -84.7877 22.7242)
(-147.021 -123.582 39.9286)
(-206.998 -42.4388 -9.0589)
(-177.951 -51.2568 71.396)
(-260.58 3.07382 -30.111)
(-262.692 22.9027 66.8643)
(-319.944 55.8061 -40.2267)
(-219.105 -20.141 75.8882)
(-300.746 132.559 -88.7986)
(-81.5127 50.715 -15.364)
(-145.417 94.2433 -83.8832)
(-145.5 160.318 -45.6409)
(-182.184 54.2049 -82.3497)
(-102.949 91.5913 -27.6658)
(-301.275 210.319 -116.582)
(-306.576 103.327 -93.5125)
(-237.923 -3.74134 -72.263)
(-210.253 56.735 -96.3573)
(-302.991 28.9882 -74.5017)
(-303.352 132.356 -112.265)
(-197.998 75.3739 -103.529)
(-329.817 194.398 -56.1178)
(-238.981 268.524 -56.6971)
(-116.874 85.6143 -49.7774)
(-285.862 236.889 -5.1992)
(-151.849 133.642 -50.3467)
(-366.648 299.239 -61.8291)
(-245.152 130.074 -11.17)
(-374.783 153.812 -59.8167)
(-295.683 59.7195 54.6359)
(-356.239 105.721 -52.5609)
(-320.067 93.1416 38.2951)
(-384.085 201.387 -57.9966)
(-341.202 139.107 26.5881)
(-308.904 388.602 -55.0987)
(56.0185 88.9322 87.1172)
(24.3724 50.1841 19.4183)
(28.6819 48.6573 14.4127)
(48.206 51.0766 -37.9985)
(4.27535 67.2976 21.6563)
(50.0752 70.6658 51.2209)
(62.0709 54.6435 1.24702)
(-211.195 74.4325 -57.7884)
(-77.3966 25.381 -9.31514)
(-166.45 17.4491 -34.2305)
(-74.9347 23.3882 -31.1275)
(-166.002 34.8818 -50.4002)
(-79.0132 50.2914 -29.3205)
(-192.408 47.5234 -35.2407)
(-142.151 143.072 -75.0113)
(-115.133 118.217 -64.8127)
(-126.056 103.625 -64.3518)
(-115.965 106.726 -45.6861)
(-120.861 121.933 -72.0026)
(-131.394 137.435 -60.0685)
(-149.425 121.74 -66.7012)
(23.681 -12.3364 10.3812)
(35.2056 -18.3369 20.9419)
(42.5234 -5.47628 -3.40291)
(48.9025 -0.864405 -25.3846)
(50.9627 0.946704 -7.68629)
(52.8294 -4.81089 -1.14477)
(2.71311 -18.0424 5.6143)
(-1.27977 -29.3639 15.2261)
(46.5378 -18.977 25.2915)
(35.8537 -57.3093 46.8227)
(37.3377 -22.3706 4.72322)
(39.1346 -37.8035 40.6278)
(37.4313 -12.6014 20.21)
(27.7812 -45.8632 37.9428)
(23.2363 -11.1543 -4.24565)
(46.2494 24.7862 -7.80888)
(31.9005 0.791739 -16.0562)
(27.3048 31.334 -35.6428)
(43.4736 6.36062 8.70845)
(37.3997 31.5769 -4.59223)
(25.4392 4.57432 -20.3101)
(20.2823 29.1033 -25.2082)
(35.2395 47.8915 -5.02332)
(50.0702 28.061 -28.1729)
(40.6858 48.236 -43.6739)
(27.6611 48.8919 -31.1245)
(33.8936 41.5207 -23.2021)
(28.6566 46.8004 -27.5909)
(39.7022 32.6693 -18.8425)
(-2.32797 -24.792 24.1999)
(-6.03945 -28.3936 24.3391)
(-11.2021 -40.6801 33.1914)
(-6.687 -33.0779 27.6867)
(7.93026 8.60027 -47.9093)
(-32.7803 -66.6886 17.9803)
(-18.6878 -13.6679 -51.0265)
(3.14829 -40.5963 16.5508)
(2.79921 7.96652 -51.1231)
(-17.361 -43.3466 5.86067)
(-18.3372 -13.1462 -48.1494)
(2.04641 28.2187 -66.083)
(-14.0628 7.6222 -59.3143)
(-28.4923 17.4732 -62.1732)
(4.68518 18.6184 -44.3989)
(-6.36653 30.2663 -46.3513)
(-16.7186 8.69861 -44.6454)
(-27.5141 17.8853 -35.2612)
(11.8351 76.84 -90.6166)
(50.3127 39.1617 -75.6742)
(24.8535 56.6784 -147.212)
(-16.7839 39.6952 -94.0343)
(7.48576 40.847 -33.0791)
(-15.6805 60.3463 -59.1349)
(13.1442 33.8291 -59.3139)
(-67.9943 -65.5875 26.1422)
(-95.8375 -71.6613 44.9454)
(-109.731 -87.2083 50.1121)
(-68.3452 -58.8394 32.527)
(-62.3541 -58.1551 43.4318)
(-52.6275 -51.3311 18.1093)
(-77.4246 -56.3169 39.3806)
(-24.0992 13.0002 -43.2415)
(-48.9306 -10.7519 -16.9754)
(-45.209 -0.408165 -12.1518)
(-33.6964 -7.26224 -21.1079)
(-28.5639 3.9223 -39.8382)
(-28.5543 3.31799 -35.9756)
(-35.2529 -13.8085 -17.8326)
(-27.5728 12.5027 -21.4804)
(31.0064 -37.2532 40.3117)
(32.1912 -34.2205 44.4462)
(39.5953 -30.3759 35.5601)
(42.7996 -11.8143 18.2372)
(37.0198 -27.2031 34.5437)
(42.1371 -10.2645 13.4128)
(46.4378 -5.32954 12.3393)
(44.5238 32.4773 -3.33066)
(44.178 -4.364 9.79823)
(42.2813 31.6809 6.89934)
(42.9931 40.0856 -5.28816)
(41.2066 38.8222 6.13982)
(23.519 -39.8484 41.4866)
(-0.687816 -46.1685 48.1035)
(27.1483 -34.1385 43.1991)
(7.9503 -31.8592 32.7111)
(9.81298 35.8668 -19.5731)
(31.6438 39.5871 1.72541)
(1.73862 35.9662 -14.2595)
(-3.94495 -45.2428 39.9313)
(-21.9575 -38.6599 20.9285)
(3.65146 -28.357 24.5629)
(-14.8256 -22.0082 3.64926)
(-17.1056 21.9893 -15.8129)
(-8.89186 36.4866 -18.216)
(-16.7409 20.6793 -11.0066)
(-28.7619 -30.0244 15.2514)
(-18.8506 -16.5957 1.04543)
(-23.1824 4.62985 -32.7683)
(-19.8349 -14.2342 -0.649794)
(-23.8997 2.44944 -30.6435)
(-20.0665 15.6953 -13.4021)
(-22.3568 6.61053 -27.198)
(-19.5222 14.8791 -9.46301)
(-17.6375 18.6801 -8.78447)
(33.076 -32.9539 40.5796)
(25.7781 -27.5235 17.5925)
(37.4799 -26.3078 31.285)
(42.7118 -12.5764 12.7856)
(33.1874 -23.9089 21.9124)
(38.4084 -11.8824 14.7751)
(43.9185 -6.77675 10.2402)
(42.1978 30.2743 11.1067)
(40.5457 -4.85958 14.2368)
(38.2999 30.8541 22.7801)
(41.3856 38.1872 10.6276)
(37.393 36.3727 22.4588)
(28.3405 -32.0924 39.0775)
(10.6647 -27.9901 26.5787)
(21.0485 -27.4028 21.7898)
(6.41487 -22.9482 11.8013)
(1.50311 34.9481 -10.7219)
(26.7591 37.8822 12.8903)
(-0.830915 34.1175 -6.27251)
(5.40593 -24.243 18.7392)
(-14.2383 -20.3834 2.29088)
(1.51707 -18.6335 6.71132)
(-11.252 -17.5951 0.241408)
(-15.8461 20.3419 -8.46615)
(-5.41245 33.6982 -10.2727)
(-14.0908 18.9897 -2.36896)
(-18.3675 -16.6167 0.977541)
(-15.1379 -15.2429 -0.545793)
(-22.3876 3.37566 -29.529)
(-15.3192 -12.326 -3.10732)
(-19.9627 5.55356 -23.3647)
(-18.7297 14.674 -6.93093)
(-18.5173 9.1827 -19.7849)
(-17.1668 14.1081 -1.30079)
(-15.3823 16.9362 -0.611143)
(22.5074 -26.8691 19.2141)
(21.0004 -23.344 21.0254)
(28.7812 -24.6471 19.217)
(34.0201 -9.88644 13.6563)
(24.908 -20.3878 16.0652)
(26.6386 -1.76804 10.0298)
(37.22 -2.34995 13.783)
(35.8046 30.2357 24.6036)
(27.3356 5.65944 10.5216)
(24.1657 25.107 21.7036)
(35.3489 35.0931 24.0654)
(24.4417 26.8356 19.7455)
(18.9361 -26.906 20.4271)
(3.86274 -21.8298 5.08418)
(17.859 -22.0538 16.6266)
(8.89267 -15.7799 -11.8891)
(-0.665811 32.1876 -3.56462)
(15.8142 28.5211 10.6072)
(3.21443 25.8048 0.387608)
(1.62437 -17.5108 0.611967)
(-9.42551 -16.7343 -2.65303)
(2.99827 -14.7563 -11.4738)
(-8.58826 -18.9009 -10.2027)
(-13.3032 18.2768 0.0319621)
(3.07167 24.1473 -0.927379)
(-12.2375 16.3179 6.32415)
(-14.3697 -14.5121 -1.52544)
(-17.3737 -17.2023 -5.7613)
(-18.9597 6.33064 -20.9166)
(-15.1943 -12.4274 -3.57064)
(-17.5713 6.15585 -13.1545)
(-16.5582 13.7326 0.883214)
(-15.7478 9.9596 -10.3507)
(-15.1277 12.6535 6.23788)
(-13.6513 15.1599 7.65185)
(21.8093 -21.5569 19.8536)
(8.28761 -7.6994 -0.124515)
(24.5875 -15.7516 13.9177)
(22.0229 1.97114 10.4137)
(10.2658 -6.04356 2.16959)
(11.9034 4.69482 7.69228)
(21.4344 8.56459 10.9055)
(18.3093 22.0297 18.9811)
(12.7651 8.93272 9.32439)
(11.7023 10.0517 9.41865)
(19.2785 22.733 15.749)
(11.4348 11.1046 7.90059)
(17.8637 -17.4869 11.8212)
(7.77532 -12.405 -12.757)
(7.06931 -7.14265 -2.10892)
(2.62694 -9.95751 -10.5848)
(6.54 20.4171 2.39517)
(9.64244 12.7098 6.77154)
(5.22216 14.5514 2.72785)
(1.76106 -12.3497 -11.9741)
(-9.37276 -17.4934 -10.5594)
(-1.44213 -10.1576 -9.84074)
(-9.73406 -15.3352 -7.24563)
(-12.0035 15.8318 7.97364)
(1.94249 16.0742 2.3492)
(-13.2761 15.6625 9.64466)
(-17.0429 -16.8793 -7.00625)
(-15.6676 -15.8232 -4.70526)
(-16.7489 5.23777 -10.3576)
(-16.2158 -13.4416 -3.84908)
(-17.9265 1.13055 -3.85863)
(-14.9891 12.1077 7.73156)
(-16.7723 5.64763 -2.84918)
(-15.5422 10.5498 7.06501)
(-15.3184 15.0339 10.721)
(7.5785 -7.25037 -2.97889)
(8.35163 -8.66997 -4.70414)
(8.74929 -4.22841 -1.32387)
(10.9778 4.82134 5.60309)
(8.5122 -5.28533 -3.99881)
(7.08225 1.93544 -2.49132)
(12.1584 7.18643 7.26025)
(11.2759 9.13208 8.60151)
(7.96368 4.79324 -0.799703)
(8.45676 8.34219 6.35997)
(10.5818 10.2907 7.70055)
(8.5471 9.19402 6.60229)
(6.40813 -6.88181 -4.0187)
(0.956213 -9.07787 -10.6197)
(6.41254 -7.69699 -4.6604)
(-0.561803 -9.29985 -7.58686)
(4.4952 13.6294 2.05042)
(6.77052 9.8077 4.21006)
(2.78834 12.1505 2.36605)
(-1.9448 -9.14901 -9.42155)
(-9.21144 -13.7995 -5.85577)
(-2.69725 -8.87091 -6.93853)
(-8.99162 -12.5572 -1.8502)
(-12.0844 14.9484 9.92235)
(1.27366 12.7744 3.09396)
(-8.84509 12.2269 12.4647)
(-14.389 -14.6493 -4.28691)
(-13.0958 -13.0397 -1.26894)
(-15.817 0.285654 -2.17126)
(-12.9952 -10.7325 -0.7581)
(-13.1797 2.54839 0.868747)
(-14.2952 10.8286 8.20711)
(-11.1687 6.75347 1.79097)
(-11.9204 10.3995 11.5171)
(-10.6938 12.1285 12.1927)
(8.01295 -8.56726 -4.7334)
(8.04165 -8.60693 -2.98044)
(8.10783 -5.75468 -4.23723)
(6.8594 1.50081 -3.88712)
(8.36667 -6.45646 -3.1065)
(6.40459 0.00295944 -4.51145)
(7.65444 4.47479 -2.45305)
(8.30682 8.27166 4.47647)
(7.16562 2.61446 -4.05601)
(5.55514 6.38417 -1.61744)
(8.80778 9.50909 5.01792)
(6.28517 7.12213 -0.954856)
(6.20016 -7.94796 -4.93531)
(-0.742578 -9.25378 -6.76192)
(6.2344 -8.71196 -3.4916)
(-0.694049 -9.83434 -3.93849)
(2.48363 11.7294 1.96381)
(4.62025 7.88182 -1.36443)
(0.580222 10.5607 -0.612955)
(-2.83284 -8.66373 -6.15044)
(-8.80689 -11.8592 -0.642728)
(-3.2464 -9.21915 -3.55853)
(-8.8383 -11.4192 2.32337)
(-8.64556 11.9657 13.0927)
(-0.57936 10.6606 1.35304)
(-8.46827 10.6603 13.6256)
(-12.4379 -12.265 -0.597616)
(-11.4546 -10.7726 2.92124)
(-12.3409 3.34468 1.45285)
(-11.6652 -8.78206 3.09898)
(-11.9146 2.66846 3.95277)
(-11.79 10.0763 12.1998)
(-10.8092 5.49636 5.6988)
(-11.0993 9.14108 13.9014)
(-10.0772 11.052 15.2636)
(7.64148 -8.27682 -2.51885)
(6.92049 -7.7844 -0.0314647)
(8.01552 -6.43005 -2.67946)
(6.33662 -0.239954 -4.83047)
(7.69548 -6.39744 -0.487441)
(6.55135 -1.02716 -4.32375)
(7.17143 2.19721 -4.62546)
(5.70313 5.95386 -3.01099)
(7.26941 1.00794 -4.58728)
(5.65563 5.12668 -4.48295)
(6.09978 6.74204 -2.79233)
(5.89138 6.07542 -4.86981)
(6.16787 -8.49735 -2.97962)
(-0.514917 -9.72141 -3.46038)
(5.7537 -7.9527 -0.0790389)
(1.11396 -10.7075 -1.81716)
(-0.144473 9.54101 -0.875105)
(4.05464 6.0694 -4.88886)
(-0.567529 6.08785 -3.55573)
(-3.35344 -9.22456 -2.67361)
(-8.71131 -11.17 3.1302)
(-1.42592 -10.0979 -0.958923)
(-7.81709 -11.307 3.8763)
(-8.13321 9.90572 12.7311)
(-1.68751 6.5783 -1.98484)
(-6.61011 7.96684 9.2758)
(-11.02 -10.251 3.95028)
(-10.0764 -9.56662 6.3171)
(-11.1741 1.4521 4.28844)
(-10.2959 -7.88567 6.34928)
(-11.2281 -1.04883 5.16604)
(-10.9928 8.59923 13.9021)
(-10.3542 0.43056 6.01859)
(-8.75714 5.90905 10.156)
(-8.06944 7.63782 10.2747)
(6.67981 -7.56364 0.535861)
(6.38539 -7.40641 2.72788)
(7.61812 -6.22675 0.161359)
(6.74198 -1.1806 -4.09128)
(7.9401 -5.91984 1.00789)
(7.63645 -1.25456 -2.29649)
(7.31802 0.80683 -4.4479)
(5.80928 5.08027 -4.69092)
(7.60167 0.213164 -2.63243)
(5.56411 4.26257 -3.30737)
(5.86477 5.91689 -4.98422)
(5.40052 5.13368 -3.32958)
(5.52365 -7.73749 0.547325)
(0.912723 -10.1096 -1.11052)
(5.12381 -7.26388 2.33399)
(-1.3657 -7.73524 0.621844)
(-0.0716227 5.2783 -3.99797)
(4.30611 5.33108 -3.36797)
(0.209425 3.57389 -3.56334)
(-1.04798 -9.46806 -0.306511)
(-6.91889 -10.4014 4.20237)
(-2.11249 -7.32405 1.06349)
(-5.46924 -7.28372 4.70231)
(-6.30311 7.89348 9.15044)
(-1.66185 3.57685 -3.23043)
(-4.96407 4.19887 5.54923)
(-9.48001 -9.7699 5.9001)
(-6.62418 -6.45402 5.67948)
(-9.80348 0.339392 5.88511)
(-6.77525 -5.71545 5.95132)
(-6.89908 -1.77197 4.24999)
(-8.32179 6.11597 9.63135)
(-6.71293 -0.436795 4.629)
(-6.65711 4.54302 6.71803)
(-6.1264 6.03551 8.40597)
(6.95199 -7.47553 2.66774)
(4.30235 -4.32137 -1.24565)
(8.22215 -5.49517 0.733232)
(7.50322 -1.41382 -1.52977)
(5.5984 -3.9427 -0.244929)
(6.62575 -1.23876 0.109523)
(7.31704 -0.00238134 -2.03832)
(5.53568 4.21614 -2.86465)
(6.87426 -0.798319 0.00590979)
(5.18442 3.42152 -0.53262)
(5.31693 5.04677 -2.8981)
(4.92713 4.24239 -0.0125016)
(5.54478 -6.94895 2.18994)
(-0.868446 -6.80331 1.47495)
(3.50847 -4.18632 -1.32911)
(2.88655 -4.83644 2.59696)
(0.46648 3.21751 -2.96456)
(3.95478 4.73801 -0.35205)
(0.286623 2.99801 -0.532269)
(-2.0007 -6.33206 1.83562)
(-4.99015 -6.80616 4.70706)
(1.14864 -4.67138 3.73359)
(-3.06038 -5.06904 3.8778)
(-3.80181 2.02797 2.90715)
(-0.800369 3.14115 -0.779615)
(-1.99759 1.40514 0.144199)
(-6.24751 -6.06237 5.80558)
(-4.70174 -5.00458 5.50757)
(-5.9139 -2.40698 4.09722)
(-4.68215 -4.38066 5.03425)
(-3.63119 -1.55192 1.68676)
(-5.22007 2.85183 5.03625)
(-3.07527 -1.4294 1.26331)
(-2.05098 0.74315 0.694213)
(-1.94101 1.71215 0.553822)
(3.58015 -3.89391 -1.73478)
(3.01079 -3.59184 -0.840979)
(4.53212 -3.4313 -0.741004)
(5.5008 -1.68276 0.520392)
(3.42071 -2.90355 -0.701317)
(3.2406 -1.83079 1.50348)
(5.89601 -1.15931 0.523638)
(5.0065 3.3338 0.275221)
(3.8581 -1.2986 2.00719)
(3.65032 2.49808 2.77987)
(4.80932 4.23921 0.811595)
(3.57631 3.3701 3.10781)
(2.95864 -3.87933 -1.79504)
(1.82519 -4.46798 2.75029)
(2.35887 -3.77312 -1.37217)
(-0.311431 -4.48849 2.12108)
(0.222522 2.73547 -0.0486466)
(2.30344 3.47239 2.05553)
(-0.0376267 2.66994 0.783715)
(1.16457 -4.16969 4.09778)
(-2.69178 -4.61217 4.00572)
(0.185537 -4.12203 2.80361)
(-1.16079 -2.48651 3.38529)
(-1.7055 1.57306 -0.0258652)
(-0.418144 2.75585 0.243684)
(-1.41796 1.53728 0.387577)
(-4.38196 -4.67405 5.2807)
(-1.84133 -2.33998 4.4397)
(-2.80459 -0.990172 0.897547)
(-1.67263 -2.42109 4.0685)
(-1.1999 -0.494245 0.163026)
(-1.88474 0.935802 0.267499)
(-1.2907 -0.382438 -0.0731523)
(-1.55761 0.807482 0.0393135)
(-1.52557 1.49983 0.377993)
(2.91967 -3.38048 -0.147368)
(2.42531 -2.58456 2.17686)
(3.18649 -2.49969 -0.471031)
(2.69426 -1.90638 1.61377)
(2.33716 -1.98316 1.52369)
(2.05896 -0.891002 1.91884)
(3.34922 -1.11206 2.0943)
(3.25021 2.31841 3.17939)
(2.37201 0.203239 1.87)
(2.15564 2.32611 3.40232)
(3.2394 3.14569 3.47577)
(2.19374 2.46596 3.47297)
(2.16601 -3.80235 -0.680049)
(-0.610714 -4.19279 1.71249)
(1.74384 -2.83453 1.72335)
(-0.732121 -2.35411 0.81368)
(0.15407 2.53131 0.907146)
(1.42866 2.45714 2.48153)
(-0.18195 2.06328 1.42127)
(-0.35217 -3.62897 2.18966)
(-1.4448 -2.21292 2.35417)
(-0.849089 -1.94753 0.772847)
(-0.991536 -1.62016 0.815585)
(-1.1983 1.37073 0.50672)
(-0.60671 1.84212 1.18453)
(-0.818527 0.884261 1.05346)
(-1.46896 -1.91606 3.37103)
(-1.35851 -1.44999 1.32599)
(-0.696085 -0.509806 -0.0293704)
(-0.938522 -1.12974 1.69801)
(-0.368174 -0.413777 0.392271)
(-1.344 0.772905 0.0881486)
(-0.569718 -0.222711 0.469904)
(-0.822702 0.413766 0.672545)
(-0.828883 0.784154 0.94144)
(2.44321 -2.59232 2.53405)
(1.81199 -1.74026 3.00687)
(2.40022 -1.85526 1.92752)
(1.83612 -0.462538 2.05056)
(1.73776 -1.0528 2.43854)
(1.30157 0.206645 2.16784)
(1.97336 0.439547 1.87705)
(1.90167 2.13557 3.2608)
(1.29886 0.457629 1.98565)
(1.30465 1.17262 2.8871)
(1.99981 2.28876 3.1984)
(1.37914 1.39 2.8572)
(1.64153 -2.66618 2.07472)
(-0.656962 -1.75424 0.480666)
(1.5636 -1.63184 2.59839)
(-0.0769617 -0.692601 0.646568)
(-0.136381 1.68195 1.60297)
(0.806461 1.40324 2.46225)
(-0.386444 0.910713 2.04879)
(-0.79091 -1.42143 0.460776)
(-0.853675 -1.1599 0.67239)
(-0.360429 -0.611366 0.646615)
(-0.259374 -0.348236 0.910033)
(-0.627378 0.739861 1.14896)
(-0.486139 0.828359 1.84214)
(-0.3813 0.375118 1.5422)
(-1.06138 -1.1062 1.00677)
(-0.326364 -0.360948 1.03993)
(-0.360515 -0.244033 0.486794)
(-0.251097 -0.2596 1.01447)
(-0.357156 -0.0615489 1.02694)
(-0.689559 0.396115 0.810261)
(-0.375812 0.00315553 1.11676)
(-0.3582 0.148745 1.32085)
(-0.347745 0.314778 1.47321)
(1.50616 -1.45638 2.9532)
(0.27626 -0.214616 2.68645)
(1.40485 -0.941795 2.52616)
(1.01135 0.0597523 2.28995)
(0.2609 -0.293912 2.61973)
(0.239806 0.405094 2.58479)
(0.972402 0.241485 2.15914)
(1.06611 0.854874 2.92178)
(0.210806 0.445583 2.5547)
(0.320809 0.422548 2.85003)
(1.15008 1.15371 2.90378)
(0.404298 0.473127 2.78884)
(1.16178 -1.28033 2.59322)
(-0.0318338 -0.347045 0.752748)
(0.1903 -0.00186528 2.55251)
(-0.00601409 0.197311 1.46202)
(-0.284534 0.712127 2.09255)
(0.194371 0.523182 2.56454)
(-0.24262 0.370805 2.19298)
(-0.317526 -0.324279 0.751026)
(-0.203472 -0.248379 0.964933)
(-0.0346861 0.121506 1.41269)
(0.00304642 -0.00964041 1.48687)
(-0.249967 0.310408 1.60847)
(-0.262385 0.327746 2.09069)
(-0.145928 0.0920833 1.92828)
(-0.253057 -0.269883 1.05133)
(-0.0441605 -0.0461724 1.54698)
(-0.286949 0.0293943 1.10806)
(-0.0417562 -0.0556907 1.55846)
(-0.154901 0.0234497 1.64806)
(-0.292829 0.165994 1.41439)
(-0.153327 0.0829985 1.70165)
(-0.0937057 0.0450101 1.81911)
(-0.0832333 0.0705739 1.89335)
(0.0631455 -0.043482 2.54628)
(-0.105064 0.105331 2.56451)
(0.112059 -0.0898061 2.61341)
(0.0527094 0.363999 2.61041)
(-0.04427 0.112192 2.62049)
(-0.0343573 0.208724 2.64855)
(0.0498059 0.343984 2.58034)
(0.234306 0.317812 2.73852)
(-0.00912572 0.165979 2.6636)
(0.118956 0.134696 2.67168)
(0.303698 0.353357 2.68887)
(0.152484 0.176532 2.64699)
(-0.0178319 0.150619 2.43643)
(-0.0908483 0.239851 1.6603)
(-0.00633506 0.165636 2.51207)
(-0.00769638 0.137671 2.27039)
(-0.128026 0.286044 2.21925)
(0.034746 0.21787 2.5802)
(-0.140239 0.125195 2.42433)
(-0.0987592 0.161491 1.62242)
(-0.0395552 0.0302879 1.64761)
(0.0275059 0.117191 2.23965)
(0.0287273 0.0540773 2.21406)
(-0.0618042 0.0795856 1.99746)
(-0.149971 0.107673 2.38126)
(-0.0443943 -0.023397 2.32023)
(-0.0112339 0.00221213 1.68873)
(0.0323919 0.0424944 2.23161)
(-0.115305 0.0531517 1.76259)
(0.0355284 -0.0180481 2.22661)
(-0.0502775 0.00924083 2.2518)
(-0.0777153 0.0891716 1.91134)
(-0.0418281 0.0512992 2.27221)
(0.00146616 0.00652372 2.30728)
(0.0195931 -0.00758951 2.32479)
(-0.105309 0.0825221 2.63365)
(-0.0549948 0.037949 2.94067)
(-0.0459684 0.0318069 2.66955)
(-0.0290412 0.11501 2.68839)
(-0.0111784 -0.000499941 2.93926)
(-0.0171188 0.0555233 2.93393)
(-0.0113515 0.0828229 2.69612)
(0.0953556 0.0883138 2.69249)
(-0.0107103 0.0499266 2.94153)
(0.039574 0.0316707 2.91858)
(0.118471 0.127136 2.67301)
(0.0558093 0.0556263 2.90546)
(-0.0698542 0.126963 2.59022)
(-0.0814003 0.112374 2.42856)
(0.0279178 0.0553567 2.92253)
(0.0114538 0.0328091 2.86928)
(-0.0372597 0.0929366 2.4901)
(0.0119984 0.0784575 2.86836)
(-0.0813433 0.0225743 2.80025)
(-0.054726 0.0932969 2.40151)
(-0.0276981 0.0664793 2.37421)
(0.0206378 0.0370751 2.85101)
(0.0394722 0.0276073 2.83259)
(0.0286111 0.00344861 2.41293)
(-0.0730111 0.0166515 2.78007)
(0.0279221 -0.00489914 2.76869)
(0.0433912 0.0638581 2.38575)
(0.0186225 0.024371 2.83199)
(-0.0369387 0.0149576 2.38444)
(0.0250725 0.00166631 2.8145)
(-0.0193768 0.00559308 2.7982)
(-0.0207741 0.0360214 2.42031)
(-0.0112706 -0.0196737 2.80445)
(-0.023987 -0.0257011 2.79982)
(-0.0105308 0.0270835 2.7955)
(-0.0605602 0.0341095 3.03152)
(-0.0431035 0.0316847 3.27074)
(-0.0235266 -0.0479225 3.02081)
(-0.0143169 -0.00546153 3.00536)
(-0.0178528 -0.00323837 3.26006)
(-0.0259501 0.0176174 3.24443)
(-0.0114136 0.00627015 3.00879)
(0.0172278 0.00677943 2.98956)
(-0.0247415 0.0183968 3.2396)
(-0.0148529 0.00950971 3.23219)
(0.0278298 0.0191735 2.97976)
(-0.00671031 -0.010875 3.2298)
(-0.0199965 0.0474031 3.01733)
(-0.0429231 0.0248217 2.9828)
(0.0219127 0.0336271 3.25368)
(0.0328888 -0.00187421 3.2407)
(-0.0100304 0.0104889 2.88936)
(0.011059 0.00548123 3.21196)
(-0.0567936 -0.0147245 3.18574)
(-0.0402523 0.023999 2.96801)
(0.00296624 0.0272346 2.95432)
(0.0178364 0.00112326 3.23601)
(0.0338059 -0.00992504 3.23273)
(0.0823532 0.0280783 2.8746)
(-0.018772 -0.0130255 3.18305)
(0.0447638 0.0354603 3.19209)
(0.0159097 0.0278883 2.95472)
(-0.017262 -0.00913144 3.23777)
(-0.0188744 0.021571 2.91892)
(0.00097755 0.000356391 3.23589)
(-0.0262005 0.00443671 3.21285)
(-0.0523334 -0.00141253 2.91102)
(-0.0221859 -0.0421006 3.20195)
(-0.0674193 -0.0256408 3.19513)
(-0.0527789 0.0703545 3.20739)
(-0.0358661 0.0177116 3.32297)
(-0.0276658 0.0172398 3.42838)
(-0.0169641 -0.0277191 3.31044)
(-0.0269668 -0.0123334 3.29335)
(-0.0132217 0.00761589 3.42151)
(-0.0407825 0.0237152 3.41301)
(-0.02633 -0.0139321 3.28873)
(-0.0285222 0.00928892 3.28686)
(-0.0381354 -0.0102276 3.40706)
(-0.0246512 0.027245 3.41513)
(-0.0257459 -0.0310499 3.28779)
(-0.018991 -0.0169713 3.42791)
(-0.0270927 0.0209314 3.30771)
(-0.0186022 -0.00019587 3.29977)
(-0.00317234 0.0177283 3.41088)
(0.00777775 -0.0033752 3.40478)
(-0.0117076 -0.0129783 3.25339)
(-0.00982374 -0.00114418 3.43074)
(-0.0654597 -0.00886843 3.43011)
(-0.0382558 -0.00261647 3.2977)
(-0.00241131 -0.00349212 3.29918)
(-0.01062 -0.00538404 3.40662)
(0.00463416 -0.0130504 3.41685)
(0.0642898 0.0425554 3.26894)
(-0.0515865 -0.0022283 3.43889)
(-0.00377981 0.0232682 3.45396)
(-0.0159588 0.00175935 3.30661)
(-0.0268916 -0.00034965 3.43204)
(-0.0341264 0.025715 3.28827)
(0.013193 -0.00798162 3.44718)
(-0.047317 -0.032264 3.43724)
(-0.0684208 0.0118188 3.26911)
(-0.0466841 -0.026653 3.42197)
(-0.0549429 -0.00549286 3.42948)
(-0.0430008 0.0488489 3.45632)
(-0.0145439 -0.00486233 3.45134)
(-0.010764 -0.00396642 3.51089)
(-0.00318194 -0.0153435 3.44467)
(-0.040396 0.00221783 3.43843)
(-8.31919e-06 0.00469804 3.49987)
(-0.0431806 0.0376641 3.49813)
(-0.0395004 -0.04274 3.43319)
(-0.0225743 0.0158708 3.44546)
(-0.0403183 -0.0252017 3.50169)
(-0.00141048 0.0293935 3.51747)
(-0.019297 -0.019509 3.45896)
(0.00703919 0.011908 3.53182)
(-0.0479741 -3.01933e-05 3.43423)
(-0.051633 0.000234823 3.42898)
(-0.0249046 -0.000239282 3.50017)
(-0.0398824 0.00403134 3.49546)
(-0.0303386 0.000709214 3.46398)
(-0.0279764 0.0263699 3.53255)
(-0.078855 0.0130232 3.53978)
(-0.0724846 -0.00559087 3.43147)
(-0.0392764 0.00566805 3.44555)
(-0.0478379 0.0017774 3.49792)
(-0.0188114 0.0110343 3.51091)
(0.00280076 0.0146471 3.4901)
(-0.0987788 0.020585 3.54685)
(-0.0591309 -0.0132341 3.56057)
(-0.0134698 0.0251538 3.46076)
(-0.00673972 0.0336556 3.52144)
(-0.0537501 -0.0144251 3.46724)
(0.0413267 -0.011118 3.52738)
(-0.0572171 -0.053469 3.52596)
(-0.0412248 0.025262 3.46286)
(-0.057797 0.00244323 3.52395)
(-0.0183156 0.010491 3.53849)
(-0.00284167 0.00249441 3.56106)
(-0.0056466 -0.0139804 3.52836)
(-0.00657436 -0.00533598 3.5867)
(0.00244262 -0.0163102 3.51695)
(-0.037592 0.0133481 3.51807)
(0.0012869 -0.00201765 3.57101)
(-0.0286839 0.0318436 3.57259)
(-0.0369731 -0.0385059 3.52103)
(0.00144528 0.0112462 3.54174)
(-0.0232929 -0.0203386 3.57793)
(0.0132206 0.050466 3.59782)
(0.00991005 0.00931891 3.55351)
(0.0165416 0.0240811 3.60734)
(-0.0516685 -0.00859642 3.51638)
(-0.0873576 0.00580254 3.51101)
(-0.0139695 -5.7223e-05 3.57605)
(-0.0353561 0.00796583 3.57204)
(-0.0369415 0.0221658 3.55585)
(-0.0041336 0.0318216 3.59729)
(-0.0485898 0.0286045 3.59722)
(-0.0896614 0.00153382 3.51253)
(-0.054791 0.0266463 3.5266)
(-0.0348391 0.00886461 3.57132)
(-0.00642656 0.0255951 3.58061)
(-0.0390971 -0.0152543 3.575)
(-0.0864424 0.0316651 3.59784)
(-0.0602934 -0.0266528 3.60728)
(0.0048005 0.0521 3.53661)
(0.0131343 0.0477144 3.58554)
(-0.0549931 -0.0291673 3.53875)
(0.0510027 -0.0103256 3.57734)
(-0.0445155 -0.0289735 3.57865)
(-0.00866359 0.037841 3.5549)
(-0.0452974 0.012878 3.5851)
(0.00283811 0.0171624 3.60227)
(0.018669 -0.0163936 3.61656)
(-0.00779169 -0.00578519 3.59849)
(0.000379824 -0.0068134 3.6245)
(-0.00105693 -0.0147139 3.5833)
(-0.0211163 0.0105311 3.58765)
(0.00747398 -0.00196884 3.60445)
(-0.00767798 0.039517 3.60831)
(-0.0180125 -0.0266984 3.59273)
(0.0145714 0.0285824 3.61347)
(-0.00095491 0.000738263 3.61352)
(0.0201548 0.0618898 3.63191)
(0.018201 0.0190154 3.62219)
(0.0169324 0.0255144 3.64148)
(-0.0366006 -0.00117473 3.58498)
(-0.0673697 0.00899412 3.58016)
(-0.00352691 0.00122613 3.61422)
(-0.0109112 0.0106684 3.60703)
(-0.0101274 0.034005 3.60742)
(0.00462988 0.0334309 3.63162)
(-0.0264905 0.0313999 3.62694)
(-0.0614282 0.00742877 3.57811)
(-0.0393819 0.0324893 3.5891)
(-0.0172161 0.0142935 3.60588)
(0.0163989 0.0317083 3.61707)
(-0.0275337 -0.0180243 3.61546)
(-0.043764 0.0307783 3.6244)
(-0.0399729 -0.0217445 3.6331)
(0.0150732 0.0538039 3.59519)
(0.0217743 0.04447 3.62179)
(-0.0361748 -0.0164429 3.58857)
(0.050223 0.00722641 3.60968)
(-0.0229587 -0.0165899 3.61071)
(0.00404458 0.0296281 3.6115)
(-0.0249319 0.0258296 3.6161)
(0.0118508 0.0187625 3.62954)
(0.023328 -0.019478 3.64425)
(-0.00635399 -4.11657e-05 3.62339)
(-0.00973701 0.00651726 3.6014)
(0.000991671 -0.013067 3.60226)
(-0.00157673 0.0234863 3.60586)
(0.00322927 -0.0118507 3.57913)
(0.0125536 0.0293398 3.57824)
(0.00354464 -0.0095213 3.61289)
(0.0231248 0.0424223 3.6286)
(0.0181892 0.0129496 3.58511)
(0.0251189 0.0569613 3.59907)
(0.0203276 0.0231557 3.63875)
(0.0210382 0.0250646 3.61149)
(-0.0160415 0.00519965 3.6138)
(-0.030209 0.0114723 3.60712)
(0.0226552 0.0159418 3.59763)
(0.0173466 0.0070075 3.5908)
(0.00432052 0.0343296 3.62376)
(0.0229177 0.0327144 3.60391)
(-0.00818904 0.0309241 3.59971)
(-0.0336112 0.0131073 3.60362)
(-0.00664382 0.032617 3.61569)
(-0.00551817 0.0128839 3.58597)
(0.034313 0.0346332 3.59858)
(-0.0208273 -0.0147851 3.63067)
(-0.00969146 0.0287001 3.59752)
(-0.032672 -0.0147546 3.60617)
(0.0195748 0.0439857 3.62231)
(0.0294891 0.0421749 3.60702)
(-0.0163061 -0.00230544 3.61233)
(0.0522221 0.00793248 3.60175)
(-0.00600187 -0.0107025 3.60041)
(0.0132492 0.0265145 3.62879)
(-0.00808351 0.0250053 3.6045)
(0.01561 0.0250874 3.60995)
(0.0218846 -0.0184253 3.62285)
(-0.0211988 0.016959 3.58797)
(-0.030672 0.0217232 3.5421)
(-0.00649606 -0.0224178 3.5657)
(0.0164591 0.0122389 3.56396)
(-0.0107476 -0.0304871 3.52508)
(0.0236441 0.000609204 3.52006)
(0.0215778 0.00485544 3.57012)
(0.0300287 0.0413263 3.5814)
(0.0275047 -0.00499304 3.52191)
(0.0372714 0.0337677 3.53017)
(0.0266669 0.0262849 3.59519)
(0.0368882 0.0345509 3.54523)
(0.0190839 0.0242345 3.58503)
(0.0127305 0.0058905 3.58025)
(0.0229624 0.033471 3.5362)
(0.0235872 0.00332647 3.5298)
(0.00239601 0.0324592 3.58409)
(0.0307634 0.0410006 3.53884)
(-0.00779226 0.027008 3.52994)
(-0.0102286 0.0106915 3.57646)
(0.0224444 0.0359776 3.58549)
(-0.0140661 0.00909428 3.52942)
(0.0244123 0.0468219 3.53668)
(-0.0235032 -0.00818163 3.59005)
(0.00320554 0.0234759 3.52734)
(-0.0164244 0.00224893 3.53258)
(0.0296131 0.0437598 3.59531)
(0.0457 0.0557957 3.5474)
(-0.00146837 -0.00297726 3.59034)
(0.0656086 -0.00531882 3.54783)
(0.0020091 -0.0232037 3.5399)
(0.0144915 0.0306529 3.59783)
(-4.38247e-05 0.00410766 3.54101)
(0.00273686 0.0142597 3.54265)
(0.00237033 -0.000784964 3.55256)
(-0.0352887 0.0248569 3.53194)
(-0.0383541 0.024307 3.50476)
(-0.0155732 -0.0330406 3.51446)
(0.0243066 -0.00564615 3.50876)
(-0.0193463 -0.0388047 3.48995)
(0.0226552 -0.0136632 3.48461)
(0.0286223 -0.00815503 3.50956)
(0.0426054 0.0258406 3.51526)
(0.0262906 -0.0157056 3.4836)
(0.0426545 0.0175842 3.48293)
(0.0431453 0.0388821 3.52954)
(0.0456026 0.0416464 3.49233)
(0.01843 0.0358366 3.52597)
(0.0166243 0.00316316 3.52085)
(0.00623904 0.0363375 3.49421)
(0.00696346 0.00221389 3.48585)
(-0.0113345 0.0261952 3.51278)
(0.0214232 0.0468195 3.4779)
(-0.0123558 0.0231499 3.4644)
(-0.0135062 0.00821527 3.52024)
(0.0180483 0.0484435 3.52454)
(-0.0208378 0.00649762 3.48533)
(0.00278536 0.0548455 3.48437)
(-0.0144208 0.00650221 3.51544)
(-0.0093747 0.0193879 3.46437)
(-0.00565041 0.0129876 3.46712)
(0.0475825 0.060039 3.53485)
(0.0562549 0.0684381 3.49286)
(0.00283036 -0.0237537 3.52529)
(0.0722907 -0.0142423 3.48614)
(-0.000909987 -0.0280947 3.46862)
(-0.000356662 0.0139082 3.52638)
(-0.00260197 -0.0057746 3.46833)
(-0.0117419 0.00473093 3.46849)
(-0.0130794 0.0140532 3.48246)
(-0.0370163 0.0213284 3.50707)
(-0.0360389 0.0217853 3.50159)
(-0.0192709 -0.0386507 3.49255)
(0.0218372 -0.014595 3.48538)
(-0.0200288 -0.032744 3.48457)
(0.0169984 -0.00832974 3.47735)
(0.0249838 -0.0139235 3.48491)
(0.0417456 0.0124669 3.48211)
(0.0199059 0.00809763 3.47985)
(0.0255926 0.0109007 3.47628)
(0.0458488 0.0413513 3.49004)
(0.0305136 0.0273915 3.48227)
(-0.00176713 0.0340739 3.49678)
(0.00068444 0.00240583 3.48647)
(0.00377502 0.0351256 3.49379)
(0.0067146 -0.00116445 3.48346)
(-0.0139493 0.022523 3.46071)
(0.0114356 0.0313019 3.45944)
(-0.00789252 0.0180362 3.44631)
(-0.0276992 0.0054469 3.48488)
(-0.00513532 0.053923 3.48404)
(-0.0213386 0.0014355 3.48075)
(-0.0137559 0.0444166 3.47538)
(-0.00893363 0.0109262 3.46401)
(-0.00620622 0.0175473 3.44397)
(-0.0193313 0.0112536 3.44756)
(0.0548325 0.0693111 3.49155)
(0.0477028 0.0587963 3.48024)
(-0.00325293 -0.0221517 3.46359)
(0.0547521 -0.0176629 3.46268)
(-0.00916694 -0.00801255 3.44562)
(-0.00962808 0.0108562 3.46247)
(-0.00983135 0.00356127 3.44876)
(-0.0113579 0.0150706 3.44833)
(-0.00947832 0.00944198 3.4627)
(-0.0381129 0.0231629 3.50519)
(-0.0340064 0.0241573 3.50031)
(-0.0218525 -0.034794 3.48859)
(0.017667 -0.015421 3.48153)
(-0.0197875 -0.0204651 3.48633)
(0.0145379 -0.00932335 3.48643)
(0.0192128 0.00856226 3.48408)
(0.0200425 0.00527357 3.48228)
(0.0167288 0.0223262 3.48655)
(0.00520493 0.0131407 3.49037)
(0.0262603 0.0213559 3.48859)
(0.0123136 0.00815823 3.50146)
(0.00311032 0.0367431 3.49644)
(0.0074163 -0.00141429 3.48571)
(0.0168022 0.0362322 3.48576)
(0.0330078 -0.00639617 3.4739)
(-0.00151414 0.0161961 3.45314)
(0.00823401 0.013804 3.48183)
(5.62805e-05 0.0108087 3.47429)
(-0.017049 -0.000403435 3.48272)
(-0.0173259 0.0387062 3.47844)
(0.00214472 -0.00509226 3.47195)
(-0.0115119 0.027584 3.47148)
(-0.0160292 0.0121667 3.45423)
(0.0119771 0.0121944 3.47141)
(-0.0206586 0.0122142 3.46935)
(0.0420033 0.0526251 3.48405)
(0.0350693 0.0383725 3.48169)
(-0.00913038 -0.00250593 3.45004)
(0.0333124 -0.0239752 3.46434)
(-0.00980473 -0.00498332 3.45813)
(-0.0115137 0.0203742 3.45428)
(-0.0101256 -0.0114607 3.46008)
(-0.0125246 0.0173664 3.46803)
(-0.00817729 0.00883614 3.48357)
(-0.0326917 0.022002 3.50325)
(-0.0132237 0.00677191 3.52775)
(-0.0191149 -0.03071 3.49033)
(0.0156593 -0.0184887 3.49177)
(-0.00540415 -0.0178035 3.5209)
(0.0138017 -0.000786335 3.52573)
(0.0166436 0.0107112 3.49165)
(0.00581505 0.00483214 3.49669)
(0.0139374 0.018907 3.52409)
(0.00292314 0.0067686 3.5294)
(0.012885 0.00693256 3.50902)
(0.0109843 0.0066251 3.54329)
(0.0127838 0.0330321 3.48593)
(0.0286734 -0.00661614 3.47399)
(0.0111457 0.0143986 3.50176)
(0.00978591 -0.00926428 3.48902)
(0.00754648 0.00814117 3.48265)
(-0.00161605 0.0111871 3.52726)
(-0.0105978 0.00443161 3.52089)
(-0.00300797 -0.00606894 3.47239)
(-0.0152052 0.025458 3.47339)
(-0.0126239 -0.00804479 3.49123)
(-0.0147942 0.0247304 3.49424)
(-0.00663202 0.0122415 3.47829)
(-0.00232279 0.00501249 3.51999)
(-0.0102822 0.00265695 3.51564)
(0.0324593 0.0356744 3.48513)
(0.0315053 0.0341631 3.50754)
(-0.00755907 -0.00315319 3.46365)
(0.0273596 -0.0185276 3.4897)
(-0.00429297 -0.00637259 3.4896)
(-0.0109773 0.0202942 3.47557)
(-0.00441469 -0.00646017 3.49075)
(-0.00460809 0.00999765 3.50494)
(0.000568309 0.00161917 3.52549)
(-0.00252071 -0.0032141 3.5421)
(0.0138994 -0.0177997 3.6083)
(0.00180003 -0.0233504 3.53468)
(0.0141203 -0.0047648 3.53776)
(0.0144969 -0.0091178 3.59859)
(0.0127694 0.00192044 3.59538)
(0.0138855 0.0140209 3.53647)
(0.00570447 -0.00014197 3.54177)
(0.01104 0.0168154 3.5957)
(0.00111571 -0.00215806 3.59806)
(0.0122287 0.00828873 3.55572)
(0.00742111 0.00316219 3.60952)
(0.00296237 0.00341517 3.51562)
(-0.000533911 -0.00791748 3.50287)
(-0.000984491 -0.0122666 3.58758)
(-0.0111861 -0.00832295 3.58085)
(-0.00743578 0.00168279 3.53124)
(-0.0037034 0.0053074 3.59037)
(-0.0075431 -0.000155036 3.57967)
(-0.0185891 -0.00625265 3.50534)
(-0.0173932 0.0233743 3.50847)
(-0.0190513 -0.00696935 3.58419)
(-0.0161301 0.0172084 3.58213)
(-0.00174015 -0.00235963 3.52711)
(-0.00474028 -0.0003462 3.57927)
(-0.0030422 -0.00982293 3.57947)
(0.0291789 0.0323073 3.5216)
(0.0198779 0.0243098 3.59044)
(-0.00178977 -0.00304298 3.50197)
(0.0177236 -0.0028482 3.56709)
(0.00309766 0.00485278 3.56273)
(0.00139461 0.0129607 3.5175)
(0.00236489 0.00165447 3.56554)
(0.00643609 0.00996347 3.57395)
(0.013655 -0.00868407 3.59205)
(0.0188786 -0.0202233 3.63011)
(0.0177256 -0.019892 3.67343)
(0.017617 -0.00879199 3.6189)
(0.0127248 0.00327282 3.61359)
(0.0173217 -0.00308977 3.65654)
(0.0121106 -0.00508225 3.64774)
(0.0120137 0.0203044 3.614)
(0.000328233 -0.00288332 3.61701)
(0.00973685 0.0189667 3.64756)
(-0.0102512 -0.00283724 3.65072)
(0.00426484 0.00216781 3.6281)
(-0.00683389 -0.0118854 3.6621)
(-0.00411617 -0.0164096 3.6101)
(-0.00829693 -0.0068058 3.60331)
(-0.0021568 -0.0149971 3.65928)
(0.00775609 -0.00711572 3.65521)
(-0.00632578 -0.00283563 3.59706)
(-0.000666915 -0.00924735 3.64221)
(0.0154334 -0.00554998 3.63416)
(-0.0126091 -0.0046494 3.60628)
(-0.0143532 0.00910673 3.60515)
(0.0049305 -0.00675452 3.65615)
(-0.00543511 -0.00460262 3.65704)
(-0.000321632 -0.0125948 3.59699)
(0.0209121 -0.00542698 3.63298)
(0.00881928 -0.00808724 3.63695)
(0.0113946 0.014069 3.61325)
(-0.0039129 -0.00132117 3.66588)
(0.00487358 0.0108908 3.58321)
(-0.00206846 0.00515057 3.64353)
(0.00716279 0.0168565 3.63666)
(0.0104601 0.0142206 3.59313)
(0.00685569 0.00227808 3.6378)
(0.0061807 0.0113052 3.64029)
(0.0122242 -0.00447349 3.65413)
(0.0150727 -0.013633 3.67287)
(0.0120856 -0.0139471 3.60208)
(0.0137675 -0.004712 3.65525)
(0.0112744 -0.0038504 3.64734)
(0.0137535 -0.0121551 3.58824)
(0.00939824 -0.00713871 3.58182)
(0.0108413 0.0206029 3.64636)
(-0.00940146 -0.00284351 3.6504)
(0.00651329 0.00641684 3.57786)
(-0.0118674 -0.00891853 3.58346)
(-0.00924882 -0.0117838 3.66279)
(-0.0111843 -0.0163439 3.59964)
(0.00354138 -0.0121478 3.65874)
(0.0210981 -0.00734982 3.65432)
(0.00632572 -0.011175 3.58401)
(0.0136227 -0.00656245 3.57754)
(0.0139259 -0.00747058 3.63638)
(0.00153223 -0.0139457 3.58376)
(0.0194097 -0.00880241 3.5815)
(0.0170154 -0.00522603 3.65586)
(0.0020732 -0.011778 3.65782)
(0.0153911 -0.0062416 3.58063)
(0.00432296 -0.0163923 3.58671)
(0.0110716 -0.00679684 3.63934)
(0.0214035 -0.00868214 3.58102)
(0.0148443 -0.00586659 3.58615)
(-0.00933195 -0.0107172 3.66773)
(-0.0138799 -0.01392 3.60184)
(0.00685267 0.0117837 3.639)
(-0.0101445 -6.39969e-06 3.58307)
(0.00570913 0.00270013 3.57766)
(0.00599578 0.00865993 3.64229)
(0.00686097 -0.00740349 3.575)
(0.00273368 -0.00188405 3.58065)
(0.00573357 -0.000137584 3.59851)
(0.0155033 -0.0148974 3.55706)
(0.0203691 -0.0239878 3.35476)
(0.0150885 -0.0087767 3.54405)
(0.0064667 0.00272185 3.53848)
(0.021589 -0.00608395 3.34236)
(0.0028009 0.00862207 3.33439)
(0.00575175 0.0112755 3.53443)
(-0.00822238 -0.00800663 3.54002)
(0.000667217 0.0032745 3.33074)
(-0.008775 -0.00469957 3.33676)
(-0.0097903 -0.011095 3.55688)
(-0.00823616 -0.00938747 3.3536)
(0.00743807 -0.0138241 3.53893)
(0.01634 -0.00629468 3.53377)
(-0.00269131 -0.0193724 3.33663)
(-0.00567667 -0.00331363 3.3294)
(0.00787687 -0.00951111 3.53955)
(-0.00851592 -0.0075176 3.33686)
(-0.00343181 -0.00750224 3.33536)
(0.021201 -0.00392859 3.53657)
(0.00700354 -0.0165142 3.54254)
(0.00232104 -0.00286373 3.33036)
(-0.000562276 -0.0132292 3.33975)
(0.00961581 -0.00980765 3.54471)
(-0.00107769 -0.00700015 3.33672)
(-0.000999383 -0.0163443 3.34343)
(-0.0137985 -0.0165699 3.55791)
(-0.0122102 -0.0113056 3.35721)
(0.00364123 -0.0029719 3.53526)
(-0.00977987 -1.56928e-05 3.34044)
(0.00126095 0.00405918 3.33539)
(0.00735958 -0.00530858 3.53747)
(0.0035777 0.00859577 3.33334)
(0.0119361 -0.00128035 3.3379)
(0.0149048 -0.0126769 3.35523)
(0.0235875 -0.0259222 3.27446)
(0.0233795 -0.0269324 3.00019)
(0.0236504 -0.00153566 3.26268)
(4.014e-05 0.0178838 3.25522)
(0.0231748 0.00297411 2.98256)
(-0.00437329 0.0182058 2.96841)
(-0.000981397 0.00864848 3.25174)
(-0.00671823 -0.00285708 3.2553)
(-0.00578173 0.00526162 2.96729)
(-0.0106178 -0.00563807 2.97023)
(-0.00631906 -0.0048701 3.27039)
(-0.00877309 -0.00859022 2.98119)
(-0.000344484 -0.0216774 3.25707)
(-0.0070412 -0.00298271 3.25084)
(-0.00498771 -0.0213301 2.98643)
(-0.0259543 -0.000885873 2.98477)
(-0.0136552 -0.00705684 3.25419)
(-0.00683835 -0.00662353 2.96125)
(-0.0145498 -0.00368555 2.9572)
(0.000896591 -0.00113441 3.25181)
(-7.66868e-05 -0.00996587 3.25973)
(-0.0164003 -0.000213566 2.98512)
(-0.00606541 -0.00921521 2.99305)
(-0.00482899 -0.0191737 3.26067)
(-0.0186331 -0.00293833 2.95918)
(-0.00120924 -0.0153457 2.96991)
(-0.00933402 -0.00955496 3.27591)
(-0.0100519 -0.00758916 3.00438)
(-0.000328137 -0.00083579 3.25572)
(-0.0086762 0.000371587 2.98476)
(-0.00155296 0.00791471 2.97699)
(0.0144332 -0.00359371 3.25659)
(0.000626482 0.0120138 2.9774)
(0.0105716 0.000871208 2.97649)
(0.0142287 -0.012776 2.98907)
(0.0173036 -0.0212692 2.90888)
(0.00789383 -0.00737168 2.63665)
(0.0177961 0.00288454 2.89069)
(-0.00526733 0.0141274 2.87736)
(0.0067438 0.0134372 2.61234)
(-0.00876532 0.0174413 2.5969)
(-0.00687125 0.00276441 2.87639)
(-0.0118985 -0.00888777 2.87772)
(-0.00880977 0.0116227 2.59898)
(-0.0232308 -0.00549165 2.60316)
(-0.00905944 -0.00983619 2.88715)
(-0.0191918 -0.0220538 2.60809)
(-0.00564367 -0.0158343 2.89635)
(-0.024531 0.000876333 2.89707)
(-0.00112812 -0.00434906 2.62763)
(-0.00455466 0.00312166 2.62954)
(-0.0129834 -0.00215158 2.86635)
(-0.000929443 -0.0165671 2.58815)
(-0.00128921 0.000153562 2.58146)
(-0.014318 0.000720437 2.89723)
(-0.00589919 -0.0111582 2.90379)
(0.00575349 0.00294655 2.63007)
(0.00264434 -0.0232292 2.63701)
(-0.00109317 -0.0114102 2.87703)
(-0.00526793 0.00279647 2.58154)
(-0.000673936 0.00338933 2.59448)
(-0.0126319 -0.00975408 2.9126)
(-0.0246806 -0.0215101 2.64175)
(-0.00187662 0.00554176 2.88672)
(-0.0207284 0.00709217 2.62173)
(-0.0021214 0.012594 2.61185)
(0.0062602 0.00193051 2.88474)
(-0.000836555 0.00371602 2.61421)
(-0.00555552 0.00628666 2.61159)
(-0.0032627 0.0048256 2.61989)
(-0.00459288 0.00385157 2.55421)
(-0.0156776 0.0194112 2.33264)
(-0.00308529 0.0106842 2.53007)
(-0.00672326 0.00804854 2.51709)
(-0.0157701 0.0126374 2.31171)
(-0.00651315 0.00274553 2.30282)
(-0.00786194 0.00923313 2.51962)
(-0.0297397 -0.00543115 2.52353)
(-0.00550034 0.0142756 2.30519)
(-0.0338397 -0.00449277 2.31469)
(-0.0245727 -0.0308685 2.52868)
(-0.0289561 -0.0360507 2.32455)
(-0.000993728 0.00744054 2.5461)
(0.000287368 0.00573589 2.54919)
(0.00929939 0.0189266 2.32283)
(0.0248724 0.00432282 2.3196)
(0.014092 0.00216511 2.50558)
(0.00806649 -0.0265892 2.31076)
(0.0146143 0.00192053 2.30681)
(0.00920276 0.00333176 2.54953)
(0.00511826 -0.0289582 2.55535)
(0.0239095 0.00392509 2.31908)
(0.014785 -0.0332919 2.32715)
(0.00680208 0.0131816 2.51672)
(0.0127577 0.00590708 2.30561)
(0.00556057 0.0249385 2.31531)
(-0.031056 -0.0265334 2.55988)
(-0.0338541 -0.0328528 2.33944)
(-0.00169993 0.0169906 2.53333)
(-0.0285975 0.00436042 2.32638)
(-0.00256766 0.00753404 2.32074)
(-0.0154362 0.00985289 2.53321)
(-0.001557 -0.0149331 2.32076)
(-0.0257731 0.00423228 2.32525)
(-0.024092 0.0272995 2.33478)
(-0.0252138 0.0247501 2.27345)
(-0.0238503 0.0255982 2.13657)
(-0.0217981 0.00488492 2.2543)
(-0.003495 -0.0118533 2.24772)
(-0.0230629 0.00817563 2.12217)
(-0.00209181 -0.00688535 2.11967)
(-0.00456932 0.00505275 2.25019)
(-0.0361613 -0.00576488 2.26028)
(-0.000648488 0.010232 2.12084)
(-0.0312223 -0.00141116 2.1318)
(-0.0298305 -0.0400411 2.27086)
(-0.0276058 -0.0335458 2.1445)
(0.0053214 0.0266051 2.26326)
(0.0184268 0.00600674 2.26031)
(0.00512125 0.0255441 2.12432)
(0.0165449 0.00239264 2.1164)
(0.0268699 0.00354414 2.25379)
(0.00444096 -0.0244504 2.13236)
(0.00671454 0.00291166 2.12835)
(0.0152776 0.00329607 2.25866)
(0.0112429 -0.0305384 2.26592)
(0.0108686 0.00157328 2.11605)
(0.00493733 -0.0226308 2.12307)
(0.0127671 0.0294403 2.26159)
(0.00367059 0.00700379 2.12979)
(-0.00214658 0.0262891 2.13475)
(-0.0323005 -0.0295521 2.27996)
(-0.0240906 -0.0243051 2.14063)
(-0.0027672 0.0100232 2.26391)
(-0.0214507 -0.000740702 2.1286)
(-0.0036964 0.000408968 2.12604)
(-0.0325465 0.00629804 2.26836)
(-0.00289089 -0.0113715 2.1251)
(-0.0277417 0.00314279 2.13415)
(-0.0263811 0.0288336 2.14816)
(-0.0274482 0.0252531 2.10417)
(-0.0220094 0.0217506 2.03742)
(-0.0232171 0.00180801 2.08977)
(0.000456358 -0.0169537 2.08723)
(-0.019379 0.00279541 2.02484)
(0.00206229 -0.00682703 2.02219)
(-0.000493184 0.000874387 2.08852)
(-0.0309862 -0.00450535 2.09976)
(0.0028113 0.011368 2.02281)
(-0.0289329 0.000593599 2.03254)
(-0.0259653 -0.0344697 2.11176)
(-0.0261017 -0.0315502 2.04465)
(0.00219225 0.0282806 2.09196)
(0.00586376 0.00295944 2.08413)
(0.00181096 0.0224256 2.02467)
(0.0102182 0.000471795 2.0172)
(0.017784 0.00444076 2.09351)
(0.00790884 -0.0252638 2.03204)
(0.0176191 0.0036185 2.02628)
(0.00114577 0.000107869 2.08319)
(0.000480372 -0.0184112 2.09065)
(0.00830904 -0.000444589 2.01733)
(-0.000192582 -0.014484 2.02274)
(0.00465811 0.0264665 2.10057)
(0.0115338 0.00644776 2.02804)
(0.00330743 0.0217705 2.03326)
(-0.0206406 -0.0186644 2.10822)
(-0.0159539 -0.0160475 2.04042)
(-0.00317761 0.0052284 2.0922)
(-0.0144188 -0.000955948 2.02589)
(-0.00335762 0.00389899 2.02195)
(-0.0301727 0.00574518 2.10004)
(-0.00335625 -0.00305657 2.0218)
(-0.0215765 0.00972206 2.02939)
(-0.0213097 0.0254538 2.04568)
(-0.0216753 0.0196698 2.02207)
(-0.0217973 0.0206637 1.99032)
(-0.0172124 0.00327745 2.0087)
(0.00325423 -0.0089712 2.00506)
(-0.0177087 0.000691588 1.97481)
(0.00401758 -0.00621539 1.96873)
(0.00265241 0.00859757 2.0056)
(-0.0280056 0.000450547 2.01475)
(0.00444573 0.0113816 1.96924)
(-0.0262385 0.00087023 1.97777)
(-0.0238537 -0.0302604 2.02711)
(-0.0230235 -0.0281104 1.99028)
(0.000296667 0.0219211 2.01005)
(0.00510177 0.000336467 2.0029)
(0.00218193 0.0216857 1.98167)
(0.013531 -0.00216376 1.97485)
(0.0183306 0.005161 2.00976)
(0.00405425 -0.0228536 1.97631)
(0.0167699 0.00350214 1.97258)
(0.00385771 -0.00179318 2.00281)
(-0.00271573 -0.0125021 2.00873)
(0.0119674 -0.00290696 1.97404)
(-0.00162499 -0.0121082 1.97986)
(-0.000324652 0.0194931 2.01636)
(0.00933027 0.00636683 1.97222)
(-0.00439137 0.0175926 1.97997)
(-0.0134754 -0.0120796 2.02667)
(-0.0112111 -0.0119745 1.99664)
(-0.00290024 0.0037449 2.00713)
(-0.0115128 -0.0062455 1.97966)
(-0.00379288 -0.000962811 1.97289)
(-0.021538 0.00893486 2.01361)
(-0.00348228 -0.00519635 1.97289)
(-0.0176551 0.00963827 1.97978)
(-0.0186174 0.0213797 1.99481)
(-0.0248195 0.0214044 1.98108)
(-0.0295503 0.026374 1.94692)
(-0.0175912 -0.000993609 1.96533)
(0.00535122 -0.0125359 1.95929)
(-0.0231043 -0.00746617 1.9326)
(0.0045247 -0.0170215 1.92731)
(0.00414931 0.00630978 1.95977)
(-0.0266768 0.000164208 1.96704)
(0.00479576 0.00218618 1.92683)
(-0.0211586 -0.00416962 1.93436)
(-0.021926 -0.0290132 1.98033)
(-0.018669 -0.024696 1.94879)
(0.00266006 0.0243241 1.97319)
(0.0110211 -0.00247837 1.96704)
(0.00520801 0.0273683 1.93755)
(0.0184401 -0.0047523 1.92892)
(0.0232415 0.00429431 1.96308)
(0.00825291 -0.0203418 1.93474)
(0.0186635 0.00340334 1.93055)
(0.00816982 -0.00444496 1.96616)
(-0.00168044 -0.0126125 1.97192)
(0.0155288 -0.005373 1.92841)
(0.000710376 -0.0130965 1.93495)
(-0.0037602 0.0165381 1.9704)
(0.0131066 0.00603248 1.93068)
(-0.0030824 0.0186633 1.93642)
(-0.0117085 -0.0110783 1.98887)
(-0.0110302 -0.0119673 1.95386)
(-0.00299345 0.00296488 1.96543)
(-0.0117377 -0.00579679 1.93724)
(-0.00450142 0.00144633 1.93057)
(-0.0190963 0.00917153 1.97126)
(-0.00429811 -0.0042956 1.92989)
(-0.0181822 0.00926601 1.93662)
(-0.0199334 0.0225619 1.95143)
(-0.0297904 0.0242848 1.93331)
(-0.0287048 0.0248851 1.85807)
(-0.0205798 -0.00678915 1.91905)
(0.00540865 -0.018344 1.91398)
(-0.0225529 -0.00935748 1.84602)
(0.00276105 -0.0138475 1.84256)
(0.00419329 0.000384565 1.9135)
(-0.0220921 -0.000440857 1.92036)
(0.00342978 0.0011055 1.84116)
(-0.0150522 -0.00474593 1.8487)
(-0.0185543 -0.0252803 1.9356)
(-0.0140952 -0.0179449 1.8661)
(0.00623816 0.0279935 1.92347)
(0.0136511 -0.00453968 1.9151)
(0.00391696 0.0258875 1.84322)
(0.0149377 -0.0058802 1.8327)
(0.0246148 0.0037271 1.91677)
(0.0029557 -0.015061 1.85177)
(0.0161309 0.00293448 1.84753)
(0.0104375 -0.00623674 1.91446)
(0.000423205 -0.0113309 1.92047)
(0.0098802 -0.00642124 1.83299)
(-0.00360667 -0.00728256 1.83979)
(-0.00193641 0.0167138 1.92227)
(0.00901968 0.00612347 1.84644)
(-0.00542266 0.0181258 1.85172)
(-0.00953549 -0.00914384 1.94005)
(-0.00481341 -0.00555014 1.86208)
(-0.0041503 0.00346829 1.91721)
(-0.0062274 -0.0093144 1.84705)
(-0.00677481 -0.00190468 1.84205)
(-0.0196827 0.0070951 1.92252)
(-0.00675553 -0.00337764 1.84045)
(-0.0178157 0.00836088 1.84802)
(-0.0189157 0.0201797 1.86519)
(-0.0237659 0.0175713 1.82577)
(-0.0174157 0.0154804 1.67814)
(-0.0156662 -0.0057107 1.81396)
(0.00343563 -0.011969 1.8111)
(-0.0139628 -0.00310217 1.66445)
(-8.04279e-05 0.000166534 1.66115)
(0.0022383 0.000415936 1.80972)
(-0.0150339 -0.000293108 1.81677)
(0.00127044 0.00655277 1.66044)
(-0.0105648 -0.000749407 1.66857)
(-0.012473 -0.016067 1.83404)
(-0.0105615 -0.0108653 1.68695)
(0.00347519 0.0224596 1.81059)
(0.00838 -0.00417091 1.80098)
(0.000878307 0.0159112 1.66243)
(0.00580623 -0.00598674 1.65255)
(0.0154209 0.00283647 1.81418)
(-0.00199517 -0.00926166 1.66986)
(0.00403956 0.00292309 1.6662)
(0.00345627 -0.00597761 1.80069)
(-0.00403809 -0.00297509 1.80706)
(0.00226007 -0.00596178 1.65182)
(-0.00775853 -0.000314916 1.65915)
(-0.00884191 0.0124501 1.81886)
(-0.00368933 0.00633566 1.66678)
(-0.0125358 0.0114721 1.67147)
(-0.000289849 0.000467948 1.82946)
(0.00370629 0.00351303 1.68094)
(-0.00672738 -0.0029967 1.81003)
(0.00114613 -0.011784 1.66515)
(-0.00936596 -0.0108927 1.66016)
(-0.0165784 0.00616021 1.81521)
(-0.00874574 -0.00541721 1.65925)
(-0.0121128 0.00740238 1.66786)
(-0.0128116 0.0109898 1.68652)
(-0.014022 0.00802903 1.61821)
(-0.0119345 0.0110955 1.40247)
(-0.00757151 -0.00186066 1.6044)
(0.00172665 -0.00261693 1.6024)
(-0.0104095 -0.00412831 1.38612)
(-0.00111124 0.00362119 1.38162)
(0.00028488 0.00284129 1.60189)
(-0.010558 0.00221551 1.60894)
(0.000733887 0.00959947 1.3814)
(-0.00750628 0.00321938 1.38842)
(-0.00819835 -0.00960748 1.62744)
(-0.00843038 -0.00617688 1.40944)
(0.000538403 0.0136268 1.60272)
(-0.00389386 -0.00400263 1.59403)
(0.00124156 0.0113063 1.3885)
(0.00273145 -0.00572336 1.38102)
(0.00573253 0.00280461 1.6069)
(-0.00273767 -0.00581254 1.39105)
(-0.00270838 0.00338534 1.3877)
(-0.00670534 -0.00601376 1.59438)
(-0.00876937 0.00419125 1.60016)
(-0.00147995 -0.00491244 1.38256)
(-0.0070887 0.00308148 1.38733)
(-0.0138048 0.00470726 1.61076)
(-0.00891285 0.00653498 1.38666)
(-0.013255 0.00639162 1.39207)
(0.00705249 0.00964745 1.62118)
(0.0071668 0.00694463 1.40695)
(-0.00807567 -0.00566821 1.60067)
(0.00426007 -0.0110579 1.38984)
(-0.00988723 -0.0118493 1.38341)
(-0.0102052 0.00709151 1.60696)
(-0.00910933 -0.00657588 1.38333)
(-0.00752855 0.0063892 1.3901)
(-0.00786422 0.00421409 1.40903)
(-0.0121098 0.00626325 1.32361)
(-0.0142284 0.0133666 1.08103)
(-0.00635078 -0.00207406 1.30712)
(0.00101377 -0.00200362 1.30337)
(-0.0128342 -0.00331247 1.06365)
(-0.00292507 0.00693097 1.05781)
(-0.000553541 0.00312133 1.30289)
(-0.0062834 0.00391584 1.30853)
(-0.000820035 0.0119027 1.057)
(-0.00458803 0.0065473 1.05945)
(-0.00409584 -0.00415508 1.3294)
(-0.00480136 0.000585214 1.07833)
(0.00198209 0.0123574 1.3103)
(-0.00594292 -0.00252344 1.30394)
(0.00191919 0.0159113 1.06991)
(0.00784274 -0.00337748 1.06678)
(-0.00192044 0.00326122 1.30775)
(-0.00891183 0.00112753 1.06038)
(-0.014178 0.00341216 1.05746)
(-0.0106555 -0.00463005 1.30472)
(-0.00826671 0.0068502 1.30858)
(0.000693928 -0.00269652 1.06606)
(-0.00460745 0.00366884 1.06835)
(-0.0167102 0.00180656 1.31193)
(-0.0179647 0.00599799 1.05815)
(-0.0170629 0.00388609 1.06076)
(0.00978841 0.0125644 1.32748)
(0.00774189 0.00552595 1.08597)
(-0.00807471 -0.00745427 1.30399)
(0.00370562 -0.0133396 1.06632)
(-0.0112232 -0.0133478 1.05959)
(-0.00876255 0.00353706 1.30936)
(-0.0107756 -0.0102357 1.05925)
(-0.00859955 0.00442488 1.06094)
(-0.00666996 0.000830532 1.07715)
(-0.0166372 0.0109788 1.00091)
(-0.0212876 0.0207005 0.783741)
(-0.010317 -0.00241629 0.983542)
(-0.000900038 -2.05909e-05 0.977689)
(-0.01751 0.00100021 0.768478)
(-0.0070053 0.00855548 0.765178)
(-0.00267547 0.00526656 0.976366)
(-0.00597704 0.00781774 0.975874)
(-0.00627335 0.0163861 0.761812)
(-0.0132439 0.0092799 0.745189)
(-0.0023092 0.000529768 0.99279)
(-0.00869242 0.00467424 0.739773)
(0.00226557 0.018184 0.989901)
(0.0011179 -0.00105786 0.987513)
(0.00317542 0.0250767 0.775297)
(0.0172887 -0.00150852 0.78039)
(-0.00997008 0.00577229 0.97626)
(-0.0134548 0.009092 0.743786)
(-0.0207596 0.00421645 0.752514)
(-0.00710049 -0.00354469 0.986679)
(-0.00556354 0.00525082 0.987764)
(0.00686748 -0.00261382 0.779679)
(-0.00227771 -0.00329518 0.774447)
(-0.0178542 0.00135099 0.978081)
(-0.0226684 0.00512793 0.752481)
(-0.0209715 -0.00195491 0.744515)
(0.00796801 0.00910734 1.00509)
(0.00185878 -0.00246108 0.787596)
(-0.00917671 -0.00819999 0.979349)
(-0.00157592 -0.0154274 0.766302)
(-0.0145691 -0.0179139 0.763841)
(-0.0127345 0.00156864 0.977969)
(-0.0153749 -0.0190965 0.761608)
(-0.0190113 0.000728251 0.745157)
(-0.0125641 -0.000872229 0.738241)
(-0.0233442 0.0201694 0.720915)
(-0.0263626 0.0289798 0.560679)
(-0.0147029 0.00822154 0.706717)
(-0.00702945 0.00868392 0.707216)
(-0.0165913 0.0176158 0.549692)
(-0.0177886 0.0263544 0.573262)
(-0.0101561 0.0176526 0.702594)
(-0.0220551 0.0150964 0.67581)
(-0.0207238 0.0368239 0.562141)
(-0.0552593 0.021836 0.482431)
(-0.0115926 0.00326071 0.652204)
(-0.0305549 0.0129048 0.32368)
(0.00493653 0.0276358 0.713036)
(0.0168609 -0.000300107 0.722001)
(-0.00200933 0.0320835 0.561506)
(0.0302905 1.68823e-05 0.587517)
(-0.017148 0.00610907 0.691846)
(-0.0203054 0.0368495 0.493577)
(-0.0328304 0.00548592 0.551978)
(0.00596148 -0.00413921 0.722144)
(0.000799756 -0.00563277 0.711954)
(0.0209432 -0.00331743 0.589882)
(-0.00250126 -0.0157046 0.561006)
(-0.023995 -0.00682743 0.676183)
(-0.0330379 0.00346229 0.552207)
(-0.0293849 -0.0351269 0.491067)
(-0.00143364 -0.00310302 0.723731)
(-0.0102222 -0.0166512 0.560133)
(-0.013212 -0.0165899 0.704886)
(-0.00478455 -0.0223503 0.543759)
(-0.0221494 -0.0295186 0.56757)
(-0.0282774 -0.00571577 0.675913)
(-0.0266308 -0.0369482 0.557729)
(-0.0576684 -0.0120217 0.47927)
(-0.0308673 -0.0119838 0.319975)
(-0.0318166 0.0309103 0.526165)
(-0.0356441 0.0403258 0.415155)
(-0.0141289 0.0239803 0.518724)
(-0.0194875 0.0259861 0.557436)
(-0.000882209 0.0378329 0.424665)
(-0.0270675 0.0545852 0.538489)
(-0.0264477 0.0351153 0.543777)
(-0.0706612 0.0288628 0.436316)
(-0.0267492 0.059087 0.512935)
(-0.116128 0.0501309 0.302643)
(-0.0321268 0.016236 0.187543)
(-0.0344419 0.00168924 -0.347823)
(0.000174494 0.0386799 0.532645)
(0.0292878 0.00390804 0.570789)
(-0.00831255 0.0447097 0.458189)
(0.0525505 0.00327582 0.546972)
(-0.0350709 0.00681112 0.537695)
(-0.0427614 0.0960617 0.343124)
(-0.0583555 -0.00151309 0.517211)
(0.020793 -0.00415255 0.570519)
(-0.00030658 -0.0235568 0.531492)
(0.0468509 -0.00524927 0.547627)
(-0.00829043 -0.0364449 0.458576)
(-0.0367968 -0.054378 0.448651)
(-0.0600862 0.00772213 0.516841)
(-0.0513165 -0.0981136 0.331504)
(-0.0182594 -0.0208044 0.523788)
(-0.0279186 -0.0349307 0.408786)
(-0.0226879 -0.0269681 0.551076)
(0.00445798 -0.0364703 0.418759)
(-0.0297585 -0.050704 0.532307)
(-0.0734782 -0.0193007 0.433255)
(-0.0302548 -0.0546138 0.508203)
(-0.115335 -0.040255 0.30031)
(-0.0303603 -0.00273972 -0.352787)
(-0.0473902 0.045425 0.394095)
(-0.0679049 0.064374 0.279974)
(0.00325704 0.0384193 0.415615)
(-0.0258391 0.0457932 0.566505)
(0.0144019 0.0338654 0.362616)
(-0.0213303 0.0480054 0.65213)
(-0.023222 0.0472706 0.535466)
(-0.122638 0.0501348 0.292622)
(0.0274732 0.0456031 0.600374)
(-0.12454 0.0499929 0.323673)
(-0.015699 -0.0174053 -0.506233)
(0.0335865 -0.0871958 -0.824417)
(-0.011631 0.0564951 0.458362)
(0.0485447 0.00862222 0.571288)
(-0.0369816 0.0662744 0.445069)
(0.0654518 0.00805413 0.657414)
(-0.0519406 -0.00494298 0.548591)
(-0.0448026 0.130661 0.361164)
(-0.0628006 -0.0454865 0.63267)
(0.0438132 -0.00756205 0.571334)
(-0.01262 -0.0487773 0.458956)
(0.0602688 -0.00604573 0.658444)
(-0.0402253 -0.0590508 0.448472)
(-0.0547939 -0.112625 0.324907)
(-0.0628776 0.0488142 0.630351)
(-0.0511429 -0.129046 0.342257)
(-0.0417419 -0.0415432 0.386351)
(-0.0628299 -0.0612984 0.272352)
(-0.0271445 -0.0419801 0.561363)
(0.0175764 -0.0337103 0.363597)
(-0.0235382 -0.0481994 0.651352)
(-0.122291 -0.0402501 0.293095)
(0.0237608 -0.0510178 0.600026)
(-0.127999 -0.0493185 0.323066)
(0.0343872 0.0880489 -0.823757)
(-0.0906912 0.0749978 0.26174)
(-0.148686 0.116012 0.243533)
(0.00738615 0.027233 0.371802)
(-0.0150339 0.0308645 0.698357)
(-0.0454638 0.0360359 0.402269)
(-0.00609296 -0.0448276 0.794247)
(0.0508285 0.0250595 0.641513)
(-0.118543 0.0323407 0.383467)
(0.125261 -0.0221915 0.747454)
(-0.0923341 -0.0162965 0.52888)
(0.0731581 -0.125886 -0.844937)
(0.142618 -0.156974 -0.499764)
(-0.050224 0.0770163 0.468537)
(0.0622223 0.0113932 0.70962)
(-0.0945947 0.0908151 0.533712)
(0.0152009 -0.0118195 0.834636)
(-0.0556816 -0.0644309 0.6821)
(0.0354896 0.161868 0.531956)
(-0.0597619 -0.133453 0.788718)
(0.0561379 -0.0066984 0.70887)
(-0.0547075 -0.0693922 0.47235)
(0.00946391 0.0157732 0.831733)
(-0.0988754 -0.0822439 0.53853)
(-0.0338212 -0.129272 0.387812)
(-0.0584793 0.139037 0.788183)
(0.0341285 -0.153755 0.523145)
(-0.0864317 -0.0713927 0.254562)
(-0.141784 -0.110342 0.239072)
(-0.0156978 -0.0358199 0.69816)
(-0.039011 -0.038832 0.403374)
(-0.00776737 0.0374546 0.792872)
(-0.122386 -0.0343907 0.38049)
(0.125368 0.010886 0.745161)
(-0.0960109 0.0174062 0.525225)
(0.140551 0.15645 -0.499321)
(-0.296485 -0.0496767 0.564027)
(-0.22845 0.0406861 0.569875)
(-0.104223 -0.146203 0.35439)
(-0.00280862 -0.0284252 0.495767)
(-0.0368794 -0.0866913 0.337826)
(-0.0579946 -0.0937463 0.525386)
(-0.0456966 -0.149778 0.528965)
(0.00555519 -0.171356 0.445269)
(0.000607325 -0.108278 0.774169)
(0.119265 0.0134292 0.756823)
(0.0250721 -0.116673 0.728897)
(-0.0530422 0.0767839 0.836516)
(0.0795602 -0.0825528 0.678481)
(0.171933 0.00140358 0.647727)
(0.117797 -0.0766729 0.612997)
(0.14098 -0.121225 0.878264)
(0.105807 -0.0352018 0.736992)
(0.116079 -0.0958911 0.809341)
(0.132976 -0.0164544 0.698791)
(0.352327 -0.279914 0.672583)
(0.0665044 0.0290699 0.623459)
(0.0871895 -0.0776291 0.732836)
(0.0943746 0.251028 0.57268)
(0.109953 -0.0413958 -0.268755)
(0.173166 -0.209664 0.60923)
(0.0886 0.220931 0.573659)
(0.0472724 0.132028 0.458261)
(0.118421 0.117311 0.0788671)
(0.162376 -0.167605 0.678604)
(-0.141784 0.0118137 0.636267)
(-0.0627376 0.0697599 0.608976)
(-0.0845074 0.0375994 0.609366)
(-0.116038 0.0613348 0.627672)
(0.0212959 0.121786 0.728291)
(-0.0817715 0.0754498 0.706961)
(-0.00649381 0.107332 0.773677)
(0.167658 0.00474096 0.646575)
(0.113747 0.0831195 0.613979)
(-0.059718 -0.0726532 0.839439)
(0.0740757 0.0840459 0.679824)
(0.118124 0.101425 0.809223)
(0.102769 0.069747 0.80173)
(0.139527 0.124899 0.878288)
(0.0657835 -0.0258771 0.624269)
(0.0880247 0.0815872 0.731169)
(0.130986 0.0162738 0.699111)
(0.350808 0.28122 0.676082)
(0.122144 -0.197906 0.769204)
(0.0699711 0.0253679 0.846712)
(0.00705693 -0.150634 0.754319)
(-0.0280705 0.177106 0.823041)
(0.0507964 -0.146734 0.706145)
(0.15708 0.0132818 0.896802)
(0.00185817 -0.204437 0.758735)
(-0.130314 0.0428319 0.738476)
(-0.00230659 0.149033 0.667418)
(-0.199849 -0.103535 0.275439)
(-0.0799651 -0.0260681 0.453815)
(-0.113449 -0.0903149 0.744405)
(-0.0208503 0.207565 0.738438)
(-0.181827 -0.145186 0.39424)
(-0.165971 0.0857296 0.642393)
(-0.0543566 -0.0309406 0.691335)
(-0.00530822 0.134735 0.794203)
(0.165329 0.0449023 0.779039)
(-0.106057 0.0205229 0.592479)
(-0.0978174 -0.0454847 0.697747)
(-0.0341964 0.234443 0.84501)
(0.0840974 0.0644047 -0.0889823)
(32.079 -19.7948 1.15133)
(15.9647 -5.0283 -1.50095)
(15.6345 -5.84364 0.972763)
(17.0529 -3.56077 -1.10483)
(21.965 -1.72063 2.54315)
(16.4092 2.09155 0.510598)
(17.7664 -5.12303 1.09925)
(24.2875 -3.60218 -0.922904)
(39.1911 -16.3813 1.49795)
(15.6631 -9.3722 0.969446)
(55.4953 -22.1303 14.0253)
(19.3055 -12.8905 -0.993895)
(46.6869 -17.4902 2.68386)
(19.2871 -7.09003 2.24553)
(23.7976 -1.8666 0.993918)
(60.5563 -3.79388 5.87433)
(30.7883 -5.6645 5.92439)
(63.6968 -23.6725 15.911)
(17.3815 -0.644283 0.641769)
(56.5781 -12.3853 3.02623)
(26.1948 -7.20203 4.61821)
(14.3358 5.44008 -0.528132)
(22.6764 4.08458 2.13733)
(15.6068 3.68663 0.192319)
(15.3229 4.1449 -1.80028)
(13.9261 5.59039 -0.719709)
(14.7247 4.97023 -1.56133)
(15.1662 3.18358 -0.689045)
(53.1269 -0.0843596 6.2292)
(30.7072 -0.0692865 6.26146)
(60.8467 4.24821 12.8107)
(17.0519 2.04422 0.329602)
(47.4065 4.46273 5.74594)
(29.8709 5.1357 5.83727)
(15.163 4.26993 -0.898296)
(24.3017 18.1118 2.37909)
(17.4504 11.2455 2.2323)
(50.0895 8.51163 8.91953)
(13.2132 9.79805 -1.00208)
(36.3918 8.14335 3.34973)
(20.7935 8.94928 2.93702)
(17.1979 14.938 0.982498)
(29.5786 -36.1779 -10.2822)
(24.24 -49.0693 2.70083)
(30.1093 -38.2634 -7.00794)
(40.2095 -29.7409 0.825726)
(19.8494 -29.014 -2.74727)
(56.3662 -62.6594 3.34822)
(21.9564 -26.4495 -3.08921)
(47.1092 -48.9136 -2.06432)
(24.2622 -40.8258 -3.90397)
(31.4129 -43.6664 -2.35319)
(15.3554 -129.418 20.534)
(-1.02439 -42.0754 0.470792)
(23.8551 -54.2067 2.46653)
(17.2882 -36.8372 0.243637)
(35.665 -62.1678 -1.271)
(55.0374 -86.2619 6.98815)
(21.11 -115.452 10.4166)
(37.6401 -52.7787 -4.76248)
(1.16535 -40.6006 -0.627055)
(41.959 -81.0177 2.00407)
(9.37288 23.812 0.998628)
(31.4463 18.8499 3.31473)
(20.336 25.2219 8.46116)
(39.4541 37.1971 5.6536)
(13.0398 16.1459 0.0402407)
(32.1008 37.3451 2.89301)
(21.2198 34.9686 4.55518)
(10.378 22.0374 1.1045)
(18.23 38.9291 5.58845)
(8.28153 29.8057 1.05204)
(2.41519 34.6574 4.82476)
(27.1768 44.6517 2.34416)
(8.04887 40.7569 16.4888)
(20.1693 42.3071 1.632)
(-1.92315 33.4718 3.12679)
(19.4982 41.4627 7.34598)
(8.95153 24.9853 1.40666)
(0.79724 42.5044 7.5046)
(-4.86714 24.1729 3.78669)
(14.3785 40.3567 4.10152)
(-16.2881 -43.8163 -1.23722)
(-0.493453 -144.353 21.4919)
(-4.31575 -42.0923 0.987791)
(-47.4228 -162.925 10.8563)
(-12.9766 -48.619 -2.99575)
(21.7124 -73.3665 1.99897)
(-12.7767 -136.861 13.3968)
(-38.609 -117.488 15.3287)
(-1.37303 -43.3028 -2.04726)
(-0.0340604 -76.8093 -0.228903)
(-41.5326 -155.093 8.48961)
(-18.1937 -42.9472 -1.95429)
(-62.6567 -156.373 5.41816)
(-13.7325 -47.7422 -3.05489)
(-17.881 -59.6154 -3.99983)
(-63.6671 -131.6 6.84423)
(-110.658 -163.726 -8.87215)
(-12.6989 -75.2075 -2.17254)
(-24.4883 -42.5925 -2.60707)
(-70.8208 -163.634 0.55089)
(-6.73571 8.51516 0.940917)
(-10.7524 25.4416 7.72754)
(4.10791 42.1742 19.4995)
(-11.9399 31.0946 5.96795)
(-4.71971 27.9889 2.18435)
(-19.6345 3.46762 2.21885)
(-11.5722 25.5532 6.52987)
(-5.04769 10.371 0.0465124)
(-0.25014 41.7181 8.90174)
(-4.71279 21.2141 3.79585)
(-28.7524 47.81 -7.56112)
(-8.30767 6.87299 -1.37235)
(-17.746 2.59843 -5.5759)
(-29.1836 30.9713 -6.47569)
(-77.912 110.293 -76.3178)
(-29.1752 1.6119 -4.42345)
(-10.4291 7.74361 -3.21297)
(-29.8836 38.5259 -16.5456)
(-6.20064 8.52742 -1.34073)
(-39.9583 55.8691 -38.3178)
(-21.8082 -49.4634 -4.72363)
(-19.8824 -24.5361 0.527185)
(-24.74 -42.8302 -2.66041)
(-119.491 -113.283 2.71547)
(-182.803 -119.906 -48.7976)
(-32.612 -45.5912 0.668842)
(-27.0434 -21.3755 -1.51753)
(-175.432 -110.571 -37.5521)
(-17.6176 -36.1776 -0.121612)
(-37.265 -24.9336 -2.9822)
(-101.442 -79.7486 8.91268)
(-148.898 -55.6195 -6.3994)
(-31.6296 -39.6979 0.0707196)
(-26.8181 -3.05676 -2.63192)
(-156.039 -85.8199 -17.1018)
(-24.5945 -20.9107 -0.792242)
(-223.523 -96.1162 -82.3973)
(-24.961 -27.7892 -2.69127)
(-212.309 -36.4027 -49.3661)
(-26.7276 -3.35938 -2.88318)
(-226.787 -92.6809 -81.0266)
(-23.1009 3.09338 -4.03129)
(-38.8012 -22.6527 -3.82781)
(-83.9771 -20.4885 1.23945)
(-141.692 -28.6469 -11.7333)
(-38.0167 -24.7478 -2.81879)
(-26.6755 -0.56395 -3.43835)
(-139.244 -2.86578 -23.4102)
(-20.9755 4.95874 -3.89392)
(-19.2155 3.4273 -5.41776)
(-85.8778 -3.81856 -3.06229)
(-117.24 73.9089 -64.0534)
(-31.8614 -17.023 -1.31557)
(-17.4452 7.52362 -3.99451)
(-131.585 29.651 -42.1138)
(-21.6674 5.38976 -3.63705)
(-205.08 -17.7462 -52.4)
(-25.9216 -0.115481 -3.04772)
(-165.789 37.2159 -68.3068)
(-20.2353 6.07826 -3.65705)
(-145.083 49.6226 -71.1176)
(-16.843 4.8666 -4.46566)
(11.8276 -12.2709 0.7926)
(16.8507 -14.212 2.51086)
(15.7826 -15.8279 0.460102)
(24.7467 -22.5084 5.36596)
(13.7049 -13.9625 0.988322)
(15.5381 -13.6186 2.08746)
(14.0653 -13.9009 1.89414)
(49.8497 -15.1287 19.0859)
(39.5391 -6.56473 13.5695)
(57.8029 -24.9656 25.3987)
(63.5626 -19.2715 27.3914)
(36.5397 -9.74561 12.2978)
(54.2336 -9.82279 22.3186)
(57.6074 -28.4317 26.0853)
(54.1869 -5.036 20.4949)
(42.9272 1.81236 14.7204)
(62.4301 4.2373 20.7469)
(70.0965 -5.4694 26.4388)
(32.1822 2.15138 9.88327)
(59.808 -3.18284 25.0882)
(69.4768 3.02458 24.2164)
(16.8014 13.2043 6.99556)
(18.6309 11.1927 5.10102)
(22.2658 19.913 6.77888)
(32.9848 12.6308 9.31667)
(21.4338 16.5085 7.66106)
(18.426 15.409 5.34105)
(17.5163 10.0256 6.80734)
(71.0092 -81.9729 58.6285)
(69.0638 -87.3871 32.5599)
(28.9058 -121.792 37.1549)
(44.0687 -95.0291 43.162)
(64.7315 -87.7109 30.5344)
(81.8942 -84.7817 51.0469)
(39.009 -111.973 56.8671)
(46.7251 39.7769 45.4133)
(32.4854 29.7973 2.80648)
(20.4494 40.9455 13.6189)
(37.4049 27.6135 -3.84789)
(26.612 46.9057 9.61099)
(39.5291 30.4122 1.8776)
(43.1291 44.2729 59.1473)
(-35.0577 -144.09 33.5462)
(-13.2859 -138.666 32.4959)
(-40.8 -123.682 24.9675)
(1.46219 -104.42 28.5812)
(-44.628 -157.054 24.1961)
(-2.99788 -129.196 43.2969)
(-33.6823 -113.002 21.355)
(-163.469 -158.208 -17.4513)
(-146.341 -162.707 -20.0188)
(-167.7 -157.793 -27.4627)
(-150.167 -153.192 -12.5778)
(-168.99 -157.302 -19.7059)
(-162.728 -158.265 -26.3596)
(-147.068 -163.449 -10.7175)
(-199.772 -34.7107 -9.87129)
(-113.091 -56.4621 11.9555)
(-172.881 -12.4916 -21.3514)
(-80.9325 3.51004 -26.7572)
(-191.222 -56.859 -26.4415)
(-97.2938 -28.2816 -11.3861)
(-188.761 16.8675 -13.8086)
(58.2323 -38.3576 2.01815)
(62.4412 -47.3524 15.3115)
(58.8583 -69.6846 14.0276)
(63.2381 -37.3905 1.40295)
(47.9694 -52.1287 -0.68462)
(51.3977 -49.4468 -0.225626)
(54.2871 -57.8309 11.6228)
(77.7124 -19.3171 4.80025)
(63.6992 -38.6711 13.65)
(72.7803 -30.2777 1.51067)
(57.951 -40.7579 1.11321)
(44.3316 -32.5498 10.6576)
(59.7537 -28.0089 6.92545)
(45.3151 -45.9266 10.683)
(33.8609 -63.3077 3.26081)
(45.0913 -75.4858 12.1203)
(38.5362 -56.0692 -2.65284)
(38.5576 -56.9863 -0.158711)
(0.9314 -56.8865 18.4235)
(18.5675 -59.866 7.26819)
(36.909 -60.2496 11.1912)
(39.6184 -49.3041 1.91201)
(-7.61041 -34.1841 10.9723)
(21.0689 -33.4137 9.24402)
(-10.6137 -42.2858 10.0893)
(31.2195 -36.4132 11.8261)
(-0.504439 -46.56 5.0841)
(20.6204 -45.6728 10.2156)
(77.2419 -9.96811 5.84597)
(71.2664 5.17717 10.3744)
(74.348 0.319705 5.88781)
(53.9762 -1.6672 8.39537)
(43.8714 -19.3054 8.98461)
(56.2305 -16.8943 9.01656)
(48.8367 -2.98976 5.10763)
(50.0144 18.0614 5.01963)
(66.9556 14.4846 10.1903)
(43.9903 29.7372 3.13403)
(64.151 10.2482 6.01485)
(41.5863 27.949 5.80508)
(49.4672 14.069 6.54812)
(49.1377 14.8879 4.25957)
(16.8818 -7.14798 5.12754)
(-22.8644 -26.9434 9.69587)
(14.5521 -18.2719 8.43712)
(-0.481899 -14.2119 -10.1943)
(18.737 -25.0644 10.4363)
(-20.4977 -17.2222 4.10131)
(23.0617 -0.87602 4.89978)
(-3.43105 26.0046 6.42837)
(27.099 32.9322 3.38109)
(20.4919 31.2645 3.59483)
(22.5317 14.0079 3.14244)
(4.27576 6.53379 -4.21571)
(-8.47529 5.87257 3.22936)
(29.8561 17.051 3.13906)
(14.0942 -62.4187 5.80219)
(-39.2104 -84.4296 16.809)
(-9.21648 -59.2853 1.78214)
(-24.4475 -45.4526 1.82623)
(-26.0813 -57.331 17.7377)
(-10.753 -49.603 5.36445)
(-41.7557 -62.0981 16.0126)
(-32.9757 -36.5796 -0.127556)
(-32.8994 -30.9127 5.13642)
(-29.4411 -42.075 8.86388)
(-42.2946 -27.3409 4.57659)
(-24.8199 -39.7818 1.87964)
(-38.0475 -29.2432 0.612979)
(-41.7872 -42.7714 9.29192)
(-27.9226 -56.3912 -3.6927)
(-58.7929 -97.2884 11.8258)
(-81.7856 -89.6238 10.3367)
(-20.8362 -57.5709 -1.47479)
(-31.9665 -50.8606 -2.04686)
(-29.0788 -44.869 -0.028168)
(-55.5335 -71.636 16.3014)
(-38.7521 -27.23 -4.12488)
(-70.6296 -59.6944 13.1086)
(-35.0345 -35.3301 -1.59999)
(-35.2142 -35.2776 -1.24169)
(-52.5535 -34.452 8.34039)
(-39.7524 -28.7281 -2.00014)
(-51.6402 -49.1892 12.0503)
(-37.7818 -15.3634 2.98253)
(-39.7985 -22.2331 5.49429)
(-6.98508 -7.5983 -17.1593)
(-35.8237 -8.27939 -1.50987)
(-32.9712 -12.474 3.64757)
(-43.0861 -21.9574 2.45572)
(-15.2012 7.2197 -2.5382)
(-22.9423 16.2542 8.49103)
(-19.6553 21.2428 7.93289)
(-28.3773 -3.36844 3.31287)
(-35.2341 -10.8483 3.18204)
(-13.6843 9.98058 2.96408)
(-29.3854 1.49205 5.50205)
(-19.9374 10.9984 5.20425)
(-41.1736 -25.5709 -5.20845)
(-47.39 -5.62279 3.10022)
(-39.0535 -25.474 -4.23298)
(-43.4171 -21.6071 0.709495)
(-47.2961 -17.0422 7.07754)
(-43.6649 -25.9385 -1.33781)
(-33.5314 0.576787 5.71012)
(-34.9761 -13.9363 -1.62888)
(-26.3599 22.636 0.20134)
(-40.8147 6.18307 1.64291)
(-36.13 -10.0534 -0.736876)
(-37.4468 -22.4251 -2.50082)
(-41.0073 -16.5032 1.34519)
(-27.1287 12.4501 3.39793)
(12.8425 0.381952 -3.40751)
(14.8378 2.68405 -1.18929)
(20.1582 6.04718 3.85207)
(26.445 6.12134 6.06494)
(12.5422 1.11745 -3.3056)
(14.1479 0.93736 -2.43877)
(23.3472 4.9352 5.02461)
(12.308 0.735658 -3.45666)
(15.2752 4.17745 -0.81303)
(11.7713 1.88762 -4.01446)
(18.114 3.37272 1.31072)
(11.6989 0.988089 -3.68447)
(12.2284 2.04917 -2.83606)
(20.6774 3.99024 2.78578)
(29.8108 29.8269 15.6209)
(23.5582 25.0599 8.99007)
(23.2313 34.6689 9.89913)
(19.2029 26.7612 11.2769)
(30.2785 28.756 11.4653)
(24.8508 25.5497 11.2324)
(22.3504 36.3669 14.475)
(-21.2652 -157.32 40.2271)
(-8.55886 -146.057 25.0505)
(-18.3036 -162.877 24.9803)
(-1.17179 -153.565 38.5036)
(-20.4547 -157.068 23.941)
(-10.2919 -148.015 41.7639)
(-19.0424 -162.894 36.0763)
(-34.9394 -163.083 38.5446)
(-55.6991 -177.737 28.5271)
(-36.6295 -171.407 22.704)
(-47.0493 -168.571 21.3915)
(-34.6533 -164.704 22.7577)
(-37.9358 -171.459 32.7357)
(-47.4655 -167.031 35.6671)
(-204.313 -128.641 -36.2751)
(-195.082 -147.2 -44.8031)
(-215.754 -126.216 -59.8893)
(-220.213 -135.746 -51.1718)
(-196.358 -130.456 -34.6929)
(-200.552 -147.223 -37.6159)
(-226.735 -129.616 -54.2681)
(-125.123 147 -85.4866)
(-144.89 177.627 -78.8146)
(-135.734 106.661 -75.4668)
(-165.488 129.266 -86.1109)
(19.6974 -30.0114 25.0512)
(27.1133 -35.5321 33.6863)
(33.6204 -10.6355 3.25827)
(29.6605 -12.4288 7.885)
(43.4102 -16.28 13.8741)
(45.9525 -12.0755 6.91888)
(16.296 -14.7911 13.3899)
(37.9109 -35.3732 35.6175)
(23.7869 -16.8974 17.6772)
(31.606 -21.6214 23.9929)
(27.6982 -27.3666 27.9331)
(27.1139 -22.3557 24.5335)
(34.5888 -36.2152 35.7638)
(43.1494 -14.0321 21.9157)
(50.9113 -26.2422 33.2348)
(36.4378 -16.971 21.684)
(38.6466 -18.1569 21.6585)
(46.9299 -17.9062 25.9468)
(42.7413 -14.3985 18.366)
(47.0635 -25.9174 30.1847)
(41.0667 -18.7254 26.9209)
(44.7271 -18.8252 29.3547)
(47.5881 -14.8405 18.7706)
(51.5246 -7.07977 14.7329)
(49.8502 -10.1077 12.2007)
(50.0072 -12.7144 21.2858)
(37.7324 -22.8767 27.6128)
(35.5241 -29.0315 29.9734)
(36.3658 -24.1213 32.1624)
(39.4516 -29.4382 35.8875)
(33.4185 -23.6777 29.5988)
(36.8344 -31.7679 34.7916)
(41.1542 -23.4501 30.0238)
(43.0872 -16.6938 22.1804)
(43.5705 -15.5062 22.5899)
(48.7863 -9.96914 16.6001)
(45.1608 -20.1583 25.9533)
(45.841 -11.7594 16.9805)
(44.5762 -22.771 27.1281)
(46.3675 -15.2433 22.9779)
(59.6381 9.24283 -31.2314)
(54.7563 15.1412 -16.8332)
(48.4223 -5.83496 15.5532)
(57.6483 -2.0036 11.0721)
(55.6991 -1.96057 0.378606)
(51.9912 -0.681435 4.27911)
(51.8191 -9.73596 20.1426)
(47.7035 -4.95935 12.0727)
(49.1193 -3.27139 12.3747)
(52.5395 19.5734 -18.6286)
(64.9352 -2.01968 -4.41537)
(56.0452 8.92493 -27.831)
(49.2233 19.6978 -12.6893)
(42.9677 30.1159 -18.286)
(45.0366 28.5788 -18.6358)
(52.313 6.1086 -0.235535)
(51.3088 2.69597 -0.92607)
(54.8578 -0.341106 8.29561)
(53.7502 -3.69504 6.13347)
(52.1485 5.67022 3.2873)
(56.5903 16.0415 -5.07951)
(55.6798 17.1761 -0.114602)
(52.4857 5.48887 3.08205)
(47.7918 -8.17595 17.2283)
(51.6734 0.723253 9.60322)
(47.306 2.41757 7.26087)
(49.111 -1.52022 10.5117)
(47.1261 -0.386775 9.88053)
(53.43 7.44846 3.50122)
(52.5669 24.0784 -5.75879)
(46.4863 32.0928 -9.19986)
(48.2319 29.4908 -6.80583)
(50.2826 16.4643 -0.615409)
(49.4447 29.9655 -8.29274)
(52.3847 12.3554 1.57501)
(51.8299 25.0313 -3.25756)
(37.9282 40.313 -21.2538)
(43.6738 39.9768 -11.0224)
(7.00594 -18.3382 12.0173)
(16.68 -55.4343 44.1095)
(11.6355 -27.4688 22.7695)
(23.0955 -37.1502 27.088)
(14.5255 -32.6854 27.2494)
(18.1713 -29.5234 25.2426)
(7.22098 -55.4295 50.396)
(-1.91921 -21.3746 17.858)
(-2.54247 -19.3908 15.0798)
(-6.70264 -27.6699 19.4579)
(-6.41084 -30.4708 22.1322)
(38.7286 -62.416 75.5819)
(9.76923 -43.9779 50.9137)
(14.27 -45.006 52.7121)
(11.2358 -50.6662 55.6951)
(8.85921 -65.8408 59.194)
(18.3239 -55.2406 69.9083)
(7.46079 -52.3655 53.3352)
(-0.116481 -33.0616 25.0445)
(2.65412 -35.4343 36.0764)
(27.6636 -40.9519 29.8051)
(17.4801 -39.1583 34.3493)
(26.0529 -38.9615 32.9949)
(4.47787 -48.1618 54.8399)
(25.8803 -36.8982 30.0602)
(4.84707 -51.6872 52.9755)
(25.7733 -42.765 35.11)
(-7.70722 -31.7222 25.9752)
(-4.6993 -40.5183 41.4949)
(-7.46121 -36.5293 28.9673)
(-5.53344 -31.9874 35.2613)
(10.9079 -55.8763 47.6826)
(1.87012 -57.8816 56.0253)
(6.19909 -45.7769 61.406)
(1.77397 -54.6024 48.256)
(9.89512 -49.3461 64.4389)
(4.81596 -54.7091 49.8958)
(8.63036 -57.7089 47.4159)
(32.863 48.344 -33.8858)
(17.7292 39.3503 -37.4972)
(40.9478 38.874 -30.332)
(43.26 55.7516 -79.3651)
(37.4435 59.6929 -60.934)
(17.4299 56.3562 -36.7373)
(27.7795 30.8986 -34.55)
(28.5577 39.9506 -25.8285)
(16.3697 48.1643 -51.4804)
(24.4597 46.7704 -12.1601)
(28.1025 73.7355 -16.9266)
(3.13049 52.7744 -42.3696)
(-5.81838 31.0498 -59.9341)
(28.4162 49.1781 -18.1268)
(35.022 43.2539 -13.2171)
(30.6218 44.3677 -15.047)
(30.7933 39.5688 -11.4901)
(31.887 46.4108 -14.8787)
(34.4562 39.9343 -11.3617)
(25.9194 47.5136 -17.2818)
(22.0698 49.1488 -19.7558)
(19.9922 46.9064 -19.4373)
(20.6916 52.9057 -23.179)
(18.0136 35.023 -25.9835)
(18.8519 40.472 -18.0739)
(9.52845 45.0311 -30.054)
(23.7483 42.4966 -17.5367)
(16.3755 45.1622 -35.1986)
(16.3474 49.5765 -21.421)
(15.5377 57.0327 -18.5629)
(2.91963 43.2219 -31.3776)
(8.09216 43.1823 -28.1713)
(11.7771 50.9623 -22.6175)
(3.35909 -52.3038 50.777)
(-6.63957 -74.3639 40.5542)
(-7.91006 -55.4421 40.5958)
(-11.9138 -57.1441 44.5533)
(1.57286 -67.1075 52.5479)
(-2.55287 -56.5572 51.9214)
(-14.5813 -69.3011 41.4811)
(-10.7337 -31.8629 24.3153)
(-18.6972 -46.9013 37.8548)
(-24.9798 -74.5255 34.1829)
(-26.2382 -45.4564 30.0078)
(-20.5422 -49.694 32.8409)
(-24.0369 -55.2667 42.3013)
(-44.5489 -65.8265 43.0126)
(-28.3796 -70.1288 38.9167)
(-35.0463 -55.0341 42.9818)
(-12.6879 -46.6979 44.5208)
(-7.56484 -42.1527 47.3151)
(-8.91913 -40.0901 37.3159)
(-10.5642 -46.9527 51.576)
(-13.3892 -56.7061 46.1232)
(-3.81103 -58.3177 48.9957)
(-7.73088 -55.8146 48.6786)
(-10.6853 -54.3212 35.2557)
(-6.62739 -56.8474 49.6357)
(-14.018 -60.4333 38.8923)
(-11.4515 -54.9428 46.3305)
(-20.1558 -51.0654 48.705)
(-18.476 -49.6013 51.9511)
(-23.2789 -55.928 46.9912)
(-36.7306 -58.297 39.5152)
(-17.429 -53.0297 31.7537)
(-28.2611 -47.142 42.4248)
(-23.557 -60.6451 36.7171)
(-33.4103 -53.7464 46.746)
(-20.9328 -52.0001 46.5336)
(10.9435 132.044 93.3896)
(5.01446 70.3804 41.5425)
(-43.231 57.7037 -63.6876)
(-28.7783 72.0418 -11.6002)
(-12.3113 58.3067 -72.0952)
(-61.9855 88.4086 -61.9204)
(-83.1407 121.904 -32.907)
(-64.9812 67.2708 -18.9696)
(-25.6308 16.7081 -28.448)
(-46.3595 35.2523 -35.2022)
(-36.1755 48.3776 -28.1156)
(-30.7261 217.16 192.064)
(-49.5257 113.575 75.2174)
(-6.68919 31.2246 -60.2419)
(-0.468178 38.8668 -22.7899)
(-7.1163 44.0255 -31.0024)
(-15.5274 31.1767 -37.2336)
(-4.7796 47.7885 -38.2575)
(-6.12562 30.1715 -41.951)
(-13.6473 34.1513 -43.3971)
(-18.6329 40.6034 -32.9835)
(-11.3408 43.5641 -24.2994)
(-11.8111 50.0727 -5.12691)
(-18.7282 37.3394 -39.8668)
(-31.5379 27.3133 -5.41419)
(-19.2682 25.0614 -16.1647)
(-31.0798 27.2498 -23.6395)
(-16.0326 26.3991 -19.9194)
(-37.1249 25.8119 -20.733)
(-20.8243 32.7237 -15.8823)
(-21.8361 23.5222 -17.1519)
(-31.594 37.5094 35.1365)
(-17.7879 17.7418 -15.8153)
(-62.0618 -61.2593 48.8228)
(-51.1971 -52.1578 41.9497)
(-45.1383 -18.2392 -12.1834)
(-56.7734 -25.2378 -13.9485)
(-66.8755 -48.5339 6.75672)
(-43.3026 -29.9947 -3.14698)
(-31.927 -1.51251 -34.5089)
(-36.548 -12.2172 -16.4878)
(-41.0646 -21.7999 -13.1627)
(-157.512 -56.4843 97.7802)
(-94.3358 -41.0133 57.5205)
(-127.888 -11.4699 61.0588)
(-143.336 -39.8332 84.9767)
(-61.9912 -23.4291 23.892)
(-45.2735 -10.2607 7.18997)
(-42.1186 -37.1915 13.2935)
(-43.1041 -40.3167 30.1249)
(-27.1204 -17.6513 -5.3022)
(-30.8646 -25.164 5.60969)
(-35.8241 -33.9418 7.91227)
(-44.3736 -35.3828 21.769)
(-31.4039 -24.2002 -0.0391134)
(-30.4176 -15.6152 -6.71935)
(-23.0934 2.61418 -34.5049)
(-23.5175 -1.95203 -26.7489)
(-26.5857 -8.9217 -15.682)
(-23.6569 -2.67972 -21.2442)
(-29.0671 -9.44858 -12.9379)
(-27.3808 -10.806 -10.7994)
(-40.9547 -17.606 9.6313)
(-28.5609 -7.40537 -1.96922)
(-30.7601 -6.41322 3.36724)
(-23.102 1.57422 -7.71516)
(-25.8349 0.080094 -1.69543)
(-23.5168 -1.01553 -4.28467)
(-28.9273 11.5754 -35.7796)
(-48.4005 23.6205 34.7516)
(-44.7925 11.6391 5.95972)
(-31.7218 3.2084 -20.6883)
(-36.5554 7.79916 -27.1458)
(-34.4192 -0.275899 -32.3933)
(-28.827 8.74852 -21.3427)
(-103.644 7.42442 47.4895)
(-77.9775 15.263 37.1955)
(-24.867 -0.410908 -11.7893)
(-33.5178 -3.3922 -2.6532)
(-60.1337 20.8188 36.609)
(-24.7953 4.87738 -17.4792)
(-22.173 4.0036 -16.5356)
(-20.6955 7.94852 -34.8886)
(-22.4403 8.97468 -29.8587)
(-25.6535 -2.36538 -20.0584)
(-19.1326 11.4384 -27.979)
(-24.5884 -2.95604 -18.5454)
(-24.5073 4.44487 -18.6896)
(-20.5647 10.2978 -12.6934)
(-23.8068 16.5651 -12.8207)
(-22.9479 11.0158 -24.2539)
(-20.121 13.2041 -16.5085)
(-20.2764 13.5839 -22.3284)
(-20.1736 13.2266 -12.4038)
(-21.7806 10.263 -16.8765)
(-21.448 4.78317 -9.21895)
(-22.5198 2.6235 -10.8318)
(-22.5677 3.0607 -6.28427)
(-22.6597 4.16482 -14.5133)
(-20.246 8.09859 -11.7993)
(-21.5435 8.36994 -15.9683)
(-20.7073 21.4961 -11.8987)
(-0.158074 0.183445 0.301759)
(-0.286967 0.128846 0.233097)
(-0.194697 -0.0784343 0.624662)
(-0.13895 -0.0243578 0.561092)
(-0.117115 -0.0101122 0.599492)
(-0.17527 -0.087642 0.56078)
(-0.130942 -0.042888 0.742241)
(-0.201768 0.106359 0.277962)
(-0.0036238 -0.153038 0.672173)
(-0.0905423 0.0190653 0.457425)
(-0.115079 0.0917103 0.746802)
(-0.182515 0.146114 0.39934)
(-0.0279517 -0.212633 0.742884)
(-0.0496418 -0.167283 0.92966)
(-0.0690741 -0.116391 0.850346)
(0.139929 -0.105315 0.776626)
(0.0175605 -0.0870578 0.801377)
(-0.0219607 -0.0873798 0.864556)
(-0.0806642 -0.21904 0.87117)
(0.187652 -0.0948218 0.800078)
(-0.602576 0.478217 0.640698)
(-0.410274 0.0449253 1.50972)
(-0.0337534 -0.105023 1.20035)
(-0.594707 0.104803 0.35912)
(-0.1505 0.0208584 0.896778)
(-0.156773 -0.0465288 0.816054)
(-0.467459 0.281575 0.72482)
(0.127203 0.0100529 0.82157)
(-0.305703 0.664172 0.691193)
(-0.240892 0.143509 0.851391)
(-0.0779942 0.0595952 0.652966)
(-0.263862 0.130446 0.360397)
(0.0140886 -0.0907123 0.58472)
(-0.0204096 -0.158699 1.00813)
(0.402433 -0.116665 0.820155)
(-0.116904 -0.0947652 0.826697)
(-0.00837887 -0.0721997 0.883864)
(0.0827683 -0.136913 0.703384)
(-0.0583918 -0.131773 0.866588)
(0.201203 -0.156441 0.689682)
(0.0223022 -0.0223714 0.238232)
(0.111164 0.0523122 0.112343)
(-0.16122 -0.0861057 0.642972)
(-0.00544152 -0.136337 0.795124)
(-0.0458138 0.0198639 0.692838)
(0.163231 -0.0532927 0.78114)
(-0.100691 -0.0213669 0.591888)
(-0.0347214 -0.234436 0.845676)
(-0.0885637 0.0375124 0.700494)
(-0.286473 -0.120066 0.518455)
(0.0741181 -0.129097 -0.322889)
(0.218248 -0.160058 0.567756)
(-0.105377 -0.0611332 0.563894)
(-0.170072 -0.0878278 0.392978)
(-0.0741628 -0.120416 0.0168564)
(0.21036 -0.137979 0.646369)
(-0.127261 -0.0904709 1.17721)
(0.18327 -0.0849821 0.237318)
(-0.0364757 -0.0609125 0.542163)
(-0.0233161 -0.0307043 0.811733)
(-0.0570871 0.665573 0.0213807)
(0.203744 0.0782761 0.45598)
(0.0110816 -0.129826 0.993768)
(-0.154831 0.042475 0.77176)
(-0.186326 -0.0173709 0.935286)
(-0.0732186 -0.00538182 0.667121)
(0.176457 -0.0867829 0.699874)
(0.0121648 -0.152771 0.871608)
(-0.053455 -0.0261503 0.620366)
(0.0220718 -0.292416 0.324904)
(0.269615 -0.119286 0.759805)
(-0.305905 0.240451 1.05898)
(-0.17699 0.00559793 0.493149)
(0.0328681 -0.256987 0.565711)
(-0.0841782 -0.172819 -0.408171)
(0.224121 -0.290613 0.551864)
(0.0897773 -0.0618416 -0.090576)
(0.183374 -0.162024 -0.665253)
(0.103596 0.182099 0.774207)
(-0.0961376 0.153139 0.401098)
(-0.0866291 0.0796122 0.696283)
(-0.17385 0.10846 0.598383)
(0.119436 0.138605 0.653331)
(-0.0862523 0.17984 0.493989)
(-0.111539 0.0773924 0.787939)
(-0.128074 -0.0314667 0.624974)
(-0.0503213 -0.0936991 0.593708)
(-0.0722221 -0.0581953 0.592896)
(-0.101863 -0.102806 0.612326)
(-0.075529 0.165268 0.941387)
(-0.00949868 0.189485 0.860844)
(-0.115696 -0.0288161 0.900059)
(0.0266896 -0.0257109 0.840607)
(-0.0221297 0.140108 0.870825)
(0.0423582 0.243453 0.848553)
(-0.192494 -0.0381966 0.946418)
(0.434468 -0.0807276 0.144626)
(0.0647195 -0.338818 0.797399)
(-0.0975048 0.31642 0.863717)
(0.202302 0.239073 0.949197)
(0.582288 0.22698 1.14554)
(0.254057 0.112658 0.796695)
(-0.212738 0.149616 0.783414)
(-0.268987 0.284539 0.464563)
(-0.0147386 0.134034 0.743722)
(-0.079435 -0.00164776 1.22533)
(-0.147378 -0.239423 0.645814)
(0.0251996 -0.136671 0.856873)
(-0.0590393 -0.108895 0.868401)
(0.129159 0.406706 0.887197)
(-0.126355 -0.0229301 1.02122)
(-0.146699 0.135523 1.132)
(0.0181665 0.133735 0.943358)
(-0.00990018 -0.00597388 0.794733)
(0.0619429 0.265534 0.818099)
(-0.13683 -0.0435516 0.933181)
(0.016703 -0.0816929 0.267851)
(-0.0570052 -0.164169 0.213535)
(0.120947 0.200228 0.762659)
(0.00526048 0.159971 0.749805)
(0.0764179 -0.0181475 0.841503)
(-0.0328846 -0.167037 0.821542)
(0.0529071 0.155822 0.70034)
(-0.000263977 0.215393 0.75508)
(0.150511 -0.0111039 0.89501)
(0.153229 0.0795902 0.536849)
(0.0333432 -0.0492954 0.5573)
(0.0828879 0.026023 0.509173)
(0.0838257 -0.0438374 0.593798)
(0.285682 0.0618196 0.485821)
(0.194061 -0.205756 0.808814)
(-0.161869 0.302634 1.16434)
(-0.0218784 0.138458 0.609094)
(0.29703 0.0549072 0.586311)
(0.157308 0.100307 -0.281441)
(0.347453 -0.202504 0.625194)
(-0.323209 0.0894945 0.0539695)
(-0.135012 -0.226593 0.600607)
(0.0715631 0.264085 0.818675)
(0.042897 -0.0364925 1.0463)
(0.267913 0.178549 1.13596)
(0.0431183 0.150698 0.827902)
(0.0338791 -0.159736 0.765876)
(0.102455 0.181894 0.727438)
(0.0818116 -0.0192849 0.939346)
(0.0192567 0.0556702 1.34257)
(0.284392 -0.0516312 0.735215)
(0.0292854 0.0140419 0.831924)
(0.0356811 -0.0264335 0.910659)
(-0.0821057 -0.180194 0.939746)
(-0.117305 0.0239281 0.901186)
(-0.0150732 -0.180934 0.862955)
(0.0182859 0.0320608 0.841175)
(-0.0271752 -0.150691 0.869499)
(-0.194087 0.0273727 0.94797)
(0.0354826 -0.233247 0.849962)
(-0.0492805 0.131841 0.529751)
(0.00120405 0.156172 0.445803)
(0.0886812 -0.203596 0.77708)
(-0.102633 -0.0743253 0.699714)
(-0.103838 -0.152902 0.408348)
(-0.184115 -0.0956474 0.604618)
(0.104672 -0.155399 0.656624)
(-0.127539 -0.0684481 0.788612)
(-0.0959038 -0.179866 0.50023)
(-0.0955994 -0.0373837 1.22696)
(-0.158163 0.218342 0.640548)
(0.00910221 0.11563 0.861091)
(-0.0784439 0.0661672 0.871606)
(-0.128007 0.0228521 1.02399)
(0.120759 -0.399204 0.885211)
(-0.150431 -0.149088 1.13056)
(0.00904575 -0.152637 0.943456)
(-0.0193289 0.0138958 0.794948)
(-0.143016 0.0351997 0.932881)
(0.0533452 -0.259129 0.815576)
(0.433804 0.0641777 0.140595)
(0.0608318 0.324496 0.799307)
(0.188068 -0.235551 0.944906)
(-0.105922 -0.314976 0.861304)
(0.568484 -0.243502 1.1464)
(0.238407 -0.133781 0.798286)
(-0.220775 -0.144536 0.791078)
(-0.0319573 -0.128036 0.741735)
(-0.277 -0.285879 0.472408)
(0.153823 -0.0728354 0.544643)
(0.033485 0.0615593 0.563703)
(0.0828623 -0.0153215 0.521007)
(0.0952191 0.0235462 0.593035)
(0.0903974 -0.246945 0.576965)
(0.169427 0.216421 0.61112)
(0.105816 0.0488437 -0.274513)
(0.0909784 -0.208641 0.574227)
(0.0390852 -0.124694 0.462454)
(0.163232 0.181389 0.683653)
(0.118818 -0.117178 0.0786101)
(0.0157332 0.0758678 0.272032)
(-0.060252 0.172857 0.22256)
(0.0420289 0.0436112 1.04184)
(0.0714984 -0.262804 0.819617)
(0.267182 -0.182034 1.13836)
(0.0443431 -0.150038 0.833558)
(0.0365724 0.161398 0.764172)
(0.0792939 0.0201751 0.938143)
(0.104181 -0.175411 0.729035)
(0.0318205 -0.0619255 1.33194)
(0.284658 0.0512541 0.737798)
(0.0306404 -0.00717947 0.831914)
(0.0413427 0.0240075 0.907023)
(0.194983 0.2085 0.812449)
(0.286026 -0.0622953 0.49115)
(-0.1644 -0.303859 1.16956)
(-0.0238736 -0.134822 0.614455)
(0.298422 -0.0453782 0.589754)
(0.348537 0.207232 0.63062)
(0.155222 -0.0951737 -0.279554)
(-0.323795 -0.0890125 0.0565487)
(-0.137724 0.232107 0.601089)
(-0.150484 -0.177668 0.297082)
(-0.28467 -0.125226 0.22967)
(-0.0481976 0.169482 0.927676)
(0.141529 0.0998771 0.771156)
(-0.0681177 0.114746 0.850147)
(0.0174247 0.0829289 0.799731)
(-0.0210799 0.0877661 0.862909)
(0.192417 0.0921135 0.796414)
(-0.07976 0.219355 0.870808)
(-0.296779 0.0493574 0.562293)
(-0.226066 -0.0396382 0.567963)
(-0.192566 0.0775978 0.623857)
(-0.13684 0.0207353 0.560238)
(-0.113296 0.00895408 0.599188)
(-0.173399 0.0855942 0.559927)
(0.126632 -0.00557715 0.819598)
(-0.465056 -0.279243 0.721373)
(-0.301596 -0.663275 0.686644)
(-0.240625 -0.143342 0.844753)
(-0.0745541 -0.0608117 0.649129)
(0.0159422 0.090018 0.581187)
(-0.261632 -0.128598 0.351581)
(0.403068 0.117903 0.819729)
(-0.0188771 0.157708 1.0076)
(-0.114627 0.0972953 0.825968)
(-0.00787717 0.0733817 0.880694)
(0.0826941 0.133422 0.702284)
(0.202925 0.156121 0.688077)
(-0.0580145 0.131094 0.86559)
(-0.600947 -0.476748 0.638886)
(-0.407261 -0.0431055 1.50381)
(-0.0309464 0.104544 1.20046)
(-0.592224 -0.102828 0.35958)
(-0.147341 -0.0204649 0.895244)
(-0.154468 0.0440581 0.815134)
(-0.288966 0.122497 0.519918)
(0.213696 0.160932 0.567322)
(0.0735589 0.130936 -0.32497)
(-0.11159 0.0620723 0.561427)
(-0.173279 0.0892596 0.395437)
(0.205183 0.140318 0.645692)
(-0.075004 0.122442 0.0179572)
(-0.10628 0.143209 0.354663)
(-0.0029152 0.0244578 0.494575)
(-0.0396113 0.0840884 0.338292)
(-0.0575035 0.0906686 0.524672)
(0.0176689 0.0236299 0.238839)
(0.107581 -0.0514976 0.111728)
(-0.157808 -0.0444723 0.771728)
(0.0123859 0.128773 0.994701)
(-0.186346 0.0172254 0.934917)
(-0.0750997 0.00463016 0.666219)
(0.1777 0.0815543 0.698792)
(-0.058783 0.0209251 0.618481)
(0.0130489 0.152303 0.871316)
(0.267668 0.121832 0.759643)
(0.0225884 0.292711 0.326119)
(-0.306518 -0.238052 1.06024)
(-0.179125 -0.00406077 0.493018)
(0.0268601 0.256065 0.564409)
(0.22094 0.290978 0.549566)
(-0.0856945 0.174945 -0.407054)
(-0.126176 0.0895828 1.17863)
(0.183018 0.0852948 0.238814)
(-0.0374526 0.0589799 0.542845)
(-0.0224467 0.0276843 0.81165)
(-0.0576631 -0.664947 0.0228293)
(0.200505 -0.0779521 0.456551)
(0.177647 0.165881 -0.664264)
(14.8691 -11.8086 1.57747)
(13.6427 -11.1882 1.07265)
(15.277 -17.7036 -0.909469)
(13.3325 -15.1567 1.10061)
(20.3086 0.637272 0.0125117)
(18.2208 1.4439 2.71389)
(22.8548 -1.59385 2.82843)
(27.7636 4.70141 5.3461)
(17.7873 2.22321 -0.37537)
(18.6708 -0.993414 3.07116)
(26.2958 0.439158 3.4223)
(20.4041 -2.52359 -0.800085)
(20.6338 -5.53678 -0.184554)
(16.3001 -4.21871 0.99675)
(21.9371 -3.80996 2.05287)
(18.9204 -4.59203 -1.03881)
(17.6648 -3.00957 1.72759)
(24.8525 -3.22061 1.74175)
(23.7626 -12.6817 6.5113)
(17.2905 -11.045 2.59889)
(15.5058 -7.29006 0.562016)
(14.3373 -8.51548 1.04568)
(15.1223 -7.16433 0.711269)
(23.0467 -12.0118 7.23578)
(17.0226 -10.8205 2.83643)
(19.9658 7.05146 7.83974)
(15.4808 11.0052 3.86589)
(16.1541 8.43925 4.54967)
(14.5403 8.21107 2.68518)
(19.0483 10.0478 6.01439)
(15.6171 7.36533 3.07932)
(14.903 8.96488 3.6327)
(13.9566 9.88848 3.44573)
(13.4242 8.8249 3.71724)
(20.1055 20.3022 5.7386)
(19.5351 18.169 7.79463)
(20.5399 -31.7446 4.34511)
(18.6533 -24.0781 -0.239585)
(18.4379 -31.6592 1.15749)
(14.1765 -22.5345 2.1363)
(15.6988 -27.8387 2.95852)
(23.9584 -34.7611 0.207358)
(16.8702 -21.8874 2.23836)
(12.3556 -117.361 40.2743)
(5.09387 -132.21 24.9884)
(30.622 -121.013 24.194)
(16.8904 -141.102 40.0673)
(2.94949 -135.708 41.4774)
(14.2886 -113.913 22.1325)
(32.4808 -120.342 40.0762)
(21.1475 -94.064 33.2554)
(37.5914 -53.591 19.4744)
(18.8463 -55.1373 10.596)
(46.3629 -102.602 15.6216)
(19.2942 -50.131 19.8197)
(21.5947 -89.1756 12.7071)
(50.4347 -101.338 34.3222)
(-1.46378 49.2111 -8.18315)
(3.23944 42.2889 10.1547)
(-4.6673 46.6874 12.9611)
(-8.70458 58.1121 6.39125)
(4.69472 42.6538 10.145)
(2.34677 57.2122 3.82512)
(-7.82226 50.5902 -9.13152)
(6.47558 49.3151 -3.68663)
(16.8248 50.6234 13.2618)
(10.0198 40.2 10.7238)
(4.31179 45.1551 12.0473)
(5.92094 42.0174 10.1191)
(15.081 48.7632 1.56758)
(11.0708 52.3076 9.27928)
(-107.547 -169.874 5.14665)
(-121.134 -172.196 -7.35479)
(-104.661 -171.951 1.79801)
(-116.078 -170.859 3.733)
(-106.457 -169.622 -1.00779)
(-107.132 -174.51 9.72781)
(-122.146 -172.927 0.350662)
(-12.403 97.3062 -58.7178)
(0.0391625 44.7525 3.91412)
(-15.8255 55.7836 21.0222)
(-14.5313 59.3574 3.42451)
(-26.7228 74.2135 2.59384)
(-6.21547 59.0843 -16.1563)
(-10.2606 60.7291 -22.76)
(-23.2913 147.158 -94.2336)
(-74.4152 124.642 -29.5308)
(-29.0599 64.5818 12.2866)
(-32.0477 116.811 -68.0708)
(-46.4266 101.773 -15.0154)
(-18.3787 87.2503 -45.9311)
(-45.7115 175.94 -98.378)
(-109.896 156.338 -56.8774)
(-118.64 142.151 -79.5489)
(-113.816 163.054 -100.007)
(-143.889 221.164 -112.448)
(-137.569 178.679 -75.2478)
(-93.8132 114.399 -47.37)
(-140.081 218.875 -113.528)
(-142.16 -169.014 -18.5419)
(-143.152 -169.836 -6.00678)
(-193.796 -154.522 -43.0935)
(-197.074 -153.895 -32.0044)
(-291.403 -9.28199 -122.146)
(-261.62 3.75905 -118.381)
(-246.484 -52.0925 -66.2763)
(-267.438 -21.7155 -76.3472)
(-267.413 -12.6894 -119.227)
(-267.424 -48.244 -73.3235)
(-289.439 8.90688 -123.736)
(-282.655 -30.1086 -121.112)
(-261.181 -102.719 -89.8393)
(-245.609 -72.7859 -72.3077)
(-264.759 -52.7599 -124.254)
(-262.81 -32.9896 -120.036)
(-263.161 -71.5195 -77.9478)
(-282.899 -54.1446 -117.094)
(-169.262 90.2328 -76.8283)
(-137.638 89.2055 -69.3804)
(-160.188 90.7842 -92.241)
(-184.353 121.567 -107.886)
(-168.568 111.69 -84.5241)
(-139.458 71.4434 -63.3169)
(-207.391 120.663 -117.876)
(-283.244 44.3986 -125.736)
(-255.16 20.6358 -116.965)
(-228.695 17.7941 -78.8637)
(-266.164 5.00309 -82.7864)
(-260.966 27.5383 -89.7048)
(-245.883 33.8765 -115.303)
(-287.409 28.5411 -124.703)
(-275.717 59.0087 -126.394)
(-250.333 70.4547 -110.59)
(-218.759 36.5735 -86.8888)
(-220.403 56.1068 -110.979)
(-254.805 47.599 -99.1352)
(-233.744 46.0211 -113.618)
(-263.855 71.6784 -124.871)
(45.415 -18.4654 28.6878)
(45.482 -18.6233 28.1907)
(54.7486 1.24894 10.753)
(51.7915 7.09573 6.19146)
(51.6646 7.26769 7.3882)
(54.559 1.46241 11.3264)
(6.0199 -37.913 46.4317)
(9.19963 -39.7994 54.5724)
(32.0703 -10.0789 12.9195)
(21.3805 -33.5127 25.3194)
(18.8665 -8.69147 -11.8792)
(31.7933 -23.4754 26.211)
(31.9465 -10.1099 7.39378)
(21.3565 -25.8518 11.7052)
(19.3885 -11.4251 -15.1433)
(34.5326 27.6216 -4.80891)
(19.1028 2.61811 -25.0572)
(15.1837 25.333 -23.756)
(36.448 2.74674 0.167172)
(32.3383 25.0797 -1.25491)
(16.5014 -0.12809 -26.9481)
(10.9662 23.0364 -18.6271)
(30.6712 43.7414 -8.05635)
(31.0125 39.1969 -6.99582)
(25.7885 46.8629 -9.8698)
(24.4581 46.0167 -8.86444)
(32.961 40.6172 -5.22639)
(29.7473 42.48 -6.55773)
(29.0524 38.8798 -6.57087)
(-5.08124 -40.3645 53.0205)
(-8.13257 -44.0261 53.391)
(-6.63801 -40.0507 51.9249)
(-3.31581 -37.9433 54.6586)
(2.49644 2.40062 -46.2829)
(-10.1235 -24.8984 -6.6438)
(-19.6771 -9.5187 -45.94)
(6.89346 -18.1518 -3.42491)
(3.08659 -1.15873 -41.1497)
(-11.0631 -17.7821 -7.66656)
(-18.0887 -8.48784 -40.8458)
(-9.11059 27.5331 -37.7467)
(-20.4301 9.52485 -40.372)
(-23.2675 19.3952 -30.6911)
(-5.20174 13.4398 -39.8908)
(-11.5037 27.1455 -29.7915)
(-20.4974 8.57926 -34.7382)
(-22.944 19.1273 -22.7225)
(-6.13005 43.0591 -22.6472)
(-14.7144 31.9085 -27.8311)
(-12.495 37.1679 -29.6659)
(-13.0949 37.3334 -25.5773)
(-8.28186 36.9699 -21.7189)
(-7.72079 42.128 -21.1255)
(-17.1296 32.5828 -26.5476)
(-21.326 -9.42362 -9.09732)
(-23.1477 -17.8968 -1.31743)
(-25.4401 -17.3975 -4.1955)
(-24.1416 -14.8144 -3.77198)
(-20.3848 -15.4541 0.602106)
(-23.1783 -7.0874 -8.10178)
(-21.3769 -15.1295 -3.05138)
(-21.6792 12.1025 -25.9144)
(-23.1702 1.06333 -16.8167)
(-22.3315 6.33382 -14.9826)
(-22.5906 5.61845 -13.7833)
(-23.1902 8.06098 -30.092)
(-22.4529 10.7758 -25.8223)
(-23.4203 1.44902 -14.9631)
(-18.005 18.9548 -12.4361)
(45.5946 -18.6283 25.9832)
(44.9039 -18.1102 25.4418)
(50.5966 5.44356 22.1854)
(53.8532 -0.224129 17.7525)
(50.9452 5.6936 16.4187)
(53.7123 -0.70191 22.776)
(15.8432 -33.1105 42.0526)
(13.4989 -36.2335 51.2984)
(34.6992 -13.571 6.09881)
(22.5228 -24.7028 3.64715)
(21.7782 -13.6221 -16.6066)
(29.8228 -23.7015 15.9455)
(27.9897 -12.7652 4.07325)
(20.5557 -24.0019 -2.72552)
(18.5115 -11.1618 -19.8406)
(30.6994 23.0358 1.98667)
(15.4958 -0.174618 -27.5235)
(7.49978 22.4675 -17.1301)
(29.1029 4.94264 -0.944701)
(23.9964 27.0955 4.82223)
(12.6112 2.73973 -24.3795)
(3.68849 24.3536 -12.4948)
(20.9783 42.5902 3.2724)
(27.7197 40.3216 4.63477)
(25.4821 37.2657 2.34231)
(30.4809 38.4035 8.91292)
(21.8376 43.637 1.5246)
(26.8387 39.1914 7.77473)
(24.103 36.8352 3.81269)
(0.561483 -19.2765 24.6617)
(0.0258222 -27.5772 43.1145)
(-2.9338 -25.7919 34.9628)
(3.59944 -22.119 34.417)
(5.55887 -2.2577 -37.0418)
(-7.71676 -17.2256 -8.17815)
(-14.165 -7.89487 -38.6378)
(9.36665 -15.2016 -13.926)
(4.56291 0.226923 -35.4403)
(-3.5558 -17.0226 -13.1202)
(-12.0686 -7.2292 -34.7697)
(-11.4434 26.6844 -25.3902)
(-18.9254 8.36305 -30.3779)
(-21.2955 19.512 -18.7842)
(-0.830262 11.9667 -31.8241)
(-11.2778 27.2928 -19.3704)
(-16.5574 8.36321 -25.2013)
(-19.9241 19.4041 -13.2557)
(-10.7125 35.2574 -10.6461)
(-8.78817 39.1303 -11.7785)
(-13.6297 31.4487 -16.9017)
(-7.66743 35.0272 -14.4281)
(-11.2464 36.0104 -12.8247)
(-8.71046 38.3541 -10.224)
(-12.7849 31.1041 -15.4835)
(-20.1684 -12.4756 -3.26276)
(-20.3076 -7.08523 -10.5068)
(-19.7765 -12.7497 -0.997676)
(-17.2869 -13.5308 -1.84847)
(-20.472 -11.4599 -3.59385)
(-18.5332 -6.38296 -10.4955)
(-18.9495 -13.0124 -0.968668)
(-20.8646 5.55542 -6.96225)
(-21.3666 10.7094 -19.6522)
(-22.0054 1.94019 -9.68466)
(-20.2437 8.04792 -23.7886)
(-21.0793 5.07745 -8.37797)
(-20.7615 11.1894 -18.1436)
(-21.9786 1.86249 -8.58707)
(-16.5416 17.9771 -4.75332)
(37.2514 -15.8413 22.544)
(39.3559 -15.9985 22.7984)
(43.251 6.28674 36.158)
(48.7569 0.494838 33.6568)
(45.7749 6.09734 35.0831)
(46.2334 0.93343 34.2891)
(5.09427 -24.512 20.333)
(5.26801 -25.2488 16.835)
(21.6327 -10.5638 1.78527)
(19.461 -20.6236 -12.898)
(13.0891 -6.94641 -20.9384)
(21.1707 -17.3145 4.03074)
(20.1411 -0.663626 -2.31796)
(15.4779 -13.1371 -18.4119)
(10.2628 -1.03909 -19.9288)
(17.1166 28.3689 5.37191)
(8.86294 6.75578 -19.9999)
(0.300008 26.1659 -8.43927)
(17.2324 14.1869 -2.72217)
(10.6536 28.757 5.34628)
(6.96136 11.025 -14.9927)
(-0.0108817 26.2242 -4.80329)
(13.9057 33.9209 6.68417)
(21.2117 34.1853 12.2874)
(15.0796 36.0275 8.63267)
(22.1259 34.1423 13.7793)
(15.2729 36.0627 7.65745)
(19.7698 31.9584 11.2127)
(13.0962 34.663 7.88655)
(-4.35456 -20.1955 9.16387)
(-4.17727 -22.0549 13.6318)
(-5.71223 -21.109 10.6703)
(-3.63543 -21.5388 12.7608)
(3.08645 0.622737 -30.5174)
(1.15442 -17.7371 -16.1048)
(-11.8067 -6.32419 -30.4265)
(6.2685 -13.5153 -19.2373)
(2.18453 3.44627 -26.2393)
(-0.181951 -17.4064 -17.8582)
(-11.2603 -4.97921 -25.455)
(-10.2471 26.6307 -13.9976)
(-14.4205 8.83708 -21.3298)
(-18.5009 18.4154 -9.1629)
(1.86359 13.4657 -20.5466)
(-7.8207 24.052 -9.71533)
(-12.8231 9.42459 -17.1996)
(-16.9122 16.5064 -5.16104)
(-7.94155 28.7729 -0.290496)
(-6.27331 33.3157 -1.85208)
(-5.66634 26.8069 -8.39708)
(-1.36996 29.9244 -6.06318)
(-7.83692 30.5544 -1.93328)
(-5.67084 30.9429 -0.630908)
(-3.34941 25.2367 -6.44856)
(-20.9844 -13.576 0.887217)
(-16.8019 -4.52057 -7.80416)
(-17.8795 -12.8231 -0.390431)
(-14.5484 -11.7653 -2.76838)
(-20.4828 -13.0151 -0.287514)
(-16.6152 -5.01597 -6.84902)
(-17.3834 -13.075 0.365967)
(-19.5757 5.8035 -0.643885)
(-18.2469 11.8674 -12.269)
(-21.1046 2.15598 -4.55648)
(-16.8367 9.86763 -15.2703)
(-19.6462 6.06772 -2.0371)
(-17.9397 11.8949 -10.9299)
(-21.0264 2.08959 -2.94829)
(-14.4382 16.024 3.641)
(22.2416 -7.55722 16.3621)
(28.7441 -10.7691 21.0599)
(22.8483 6.75234 27.5768)
(31.0892 2.21883 30.72)
(29.1462 6.28381 32.4412)
(24.2877 3.41507 26.1885)
(6.67975 -12.3031 4.32825)
(8.54828 -21.2598 19.1425)
(15.4743 7.16743 -2.4714)
(11.5023 -6.13222 -16.3189)
(8.80302 4.08572 -15.7618)
(11.4202 -1.76597 -2.44836)
(10.6004 7.06072 -1.59688)
(8.17387 -4.32732 -13.862)
(4.84424 5.40073 -13.9964)
(7.90086 24.2435 5.49818)
(7.2725 13.0303 -9.02007)
(3.62145 21.024 -1.08169)
(10.6257 13.9373 2.64846)
(9.98601 14.7793 6.3838)
(6.42211 11.7508 -6.42344)
(4.84692 14.7664 -0.188585)
(8.16247 17.5192 5.67348)
(12.6804 20.4048 6.57793)
(8.35713 24.1458 7.29984)
(10.9188 17.6227 8.09141)
(8.4833 21.021 5.72407)
(10.3485 16.3178 5.82968)
(8.84311 19.5425 6.52296)
(-2.1728 -12.7918 -8.80265)
(1.64084 -10.8033 -8.80376)
(-1.29836 -12.4511 -8.72418)
(0.564213 -11.1031 -9.81233)
(0.790011 6.321 -21.8845)
(-4.35708 -14.5525 -15.2555)
(-10.6725 -3.21385 -20.5959)
(-0.151992 -7.20819 -13.0625)
(-1.29066 6.70646 -18.6204)
(-6.50895 -11.8918 -11.6017)
(-10.1283 -2.05418 -15.028)
(-4.12169 18.7773 -6.84414)
(-11.3494 8.67848 -13.2253)
(-15.7507 12.9534 -2.93135)
(1.36174 11.7665 -11.1757)
(-3.14102 14.7612 -4.80506)
(-9.90731 7.59776 -8.58588)
(-14.4381 10.3055 -0.278934)
(-5.59376 20.5876 3.82726)
(-1.07296 21.5277 3.33088)
(2.31784 17.0552 1.00005)
(4.54283 18.3779 2.17098)
(-5.67897 22.084 3.62561)
(-1.25246 20.3537 3.71095)
(1.15589 16.338 2.7817)
(-21.1375 -16.3049 0.417328)
(-16.7836 -8.99435 -5.51308)
(-16.0595 -13.7015 -1.81404)
(-16.6904 -13.8109 -5.05399)
(-21.5118 -16.4648 1.48059)
(-17.5673 -10.4638 -4.87943)
(-17.42 -13.5007 -2.92836)
(-17.8904 5.751 5.54803)
(-15.3815 10.6692 -3.72805)
(-19.1027 2.59632 2.62341)
(-15.9932 8.70019 -6.10904)
(-17.7562 5.73535 4.77709)
(-16.2913 10.1258 -2.75009)
(-19.3151 2.50221 3.13365)
(-13.9453 14.8352 10.6426)
(7.75145 -2.1565 2.2182)
(9.95679 -3.0835 7.14219)
(11.5081 1.62477 9.44077)
(11.7114 1.45056 10.11)
(11.5833 2.44493 10.9706)
(11.8088 0.525489 7.6896)
(2.3008 -9.87556 -4.76689)
(2.44239 -9.37679 -5.49558)
(8.29669 8.24329 -4.70724)
(5.60203 -2.85964 -11.7047)
(2.91499 5.61565 -12.7069)
(8.30165 -1.03155 -5.98005)
(5.75624 4.52078 -5.55687)
(4.99733 -4.6069 -9.08167)
(0.873371 3.46118 -11.6467)
(9.18046 12.1985 4.57687)
(5.38877 10.2359 -6.53723)
(3.87176 13.1051 -1.72874)
(6.43054 9.06914 -2.70511)
(6.1806 11.742 1.93606)
(3.7495 8.88196 -6.67581)
(2.15919 12.0348 -2.39509)
(6.29664 12.6884 5.68126)
(7.89668 12.043 6.05742)
(8.74506 12.5692 5.58933)
(8.17617 10.9236 6.04552)
(6.88233 13.5511 5.83762)
(7.39843 11.1586 5.92981)
(8.11837 12.204 5.42868)
(-3.23931 -13.8093 -5.97291)
(-0.357801 -12.3105 -8.99217)
(-3.01892 -13.5694 -7.23889)
(-0.599642 -12.6429 -7.62842)
(-1.97914 6.43831 -15.6553)
(-7.01415 -9.98025 -7.75289)
(-8.78288 -1.33498 -9.54546)
(-1.77664 -5.35152 -8.11652)
(-2.8989 5.31 -13.4763)
(-6.76125 -9.4529 -4.74757)
(-8.20776 -1.57163 -5.77072)
(-2.49238 14.2146 -2.86935)
(-7.59066 7.66064 -4.09907)
(-10.944 11.4773 3.23064)
(-0.467358 9.68851 -8.02854)
(-2.07207 13.6883 -2.35444)
(-6.32963 7.27814 -1.56005)
(-8.90973 11.4255 5.43654)
(-4.64248 15.806 6.66575)
(-2.64543 16.7106 4.58231)
(-2.50462 14.583 4.26439)
(1.39267 14.9323 2.96582)
(-5.42848 16.5376 5.4156)
(-2.67117 15.4975 5.98763)
(-2.05979 14.6557 4.98295)
(-18.2036 -10.6525 1.6317)
(-16.2588 -9.89452 -2.44268)
(-17.3272 -11.0523 -1.88967)
(-14.1813 -12.0186 -1.7775)
(-19.0347 -11.5345 0.0190998)
(-15.83 -8.90401 -0.990394)
(-16.3247 -10.6117 0.130607)
(-16.6663 5.20084 6.29167)
(-14.0923 7.43348 2.0858)
(-19.6324 1.79122 2.65292)
(-13.4243 5.52948 0.056318)
(-18.0917 4.36145 5.05344)
(-13.1703 7.91367 3.07239)
(-18.2296 2.6075 4.46759)
(-12.8604 13.3295 10.3464)
(9.21734 -3.65604 -3.07704)
(9.08149 -3.54933 -3.16112)
(8.20206 2.67737 1.39792)
(10.2085 1.9145 1.60623)
(9.41582 3.18981 3.91866)
(9.2704 1.40286 -0.190273)
(2.866 -12.3071 -1.00788)
(2.54693 -11.6243 -2.04197)
(4.94711 1.88853 -6.54746)
(4.34947 -5.34159 -8.51373)
(-0.427658 2.12316 -11.7466)
(6.57154 -4.67948 -5.80026)
(4.38732 0.636821 -6.45784)
(3.82392 -6.17123 -7.48535)
(-1.40788 0.75699 -11.2588)
(4.49048 10.7127 -0.54997)
(2.17212 7.56882 -8.0509)
(0.634925 11.3281 -4.03179)
(4.3612 6.1259 -5.53297)
(2.81545 9.36757 -3.04033)
(0.898204 5.87162 -8.62411)
(-1.67799 10.1895 -5.03048)
(4.39018 10.7838 3.55395)
(5.97724 9.67332 4.20453)
(5.30437 11.7272 3.1174)
(5.9762 9.21208 1.98953)
(4.66369 11.1571 4.44484)
(5.67697 9.02499 2.85226)
(4.71443 11.362 1.85886)
(-2.87826 -13.3077 -2.33205)
(-1.16283 -12.0172 -3.86392)
(-2.84257 -13.3111 -3.30941)
(-1.53412 -11.9571 -2.6056)
(-3.52784 4.18694 -11.6694)
(-6.78331 -8.76795 -2.75829)
(-8.14624 -1.67351 -4.1805)
(-2.78012 -5.23023 -5.29108)
(-4.2832 2.642 -9.68242)
(-6.9411 -8.71995 -0.913937)
(-8.69335 -2.41791 -2.96373)
(-2.77117 12.0399 -2.70998)
(-7.42168 6.54444 -0.886929)
(-8.24155 10.895 6.56868)
(-3.13896 7.28233 -7.55605)
(-4.5395 10.002 -3.14167)
(-8.98145 5.17791 -0.265753)
(-9.01863 9.39021 6.36084)
(-4.06391 13.9564 7.18763)
(-1.43364 12.7367 5.21064)
(-2.2901 12.4624 4.93819)
(0.494351 11.6306 2.44679)
(-4.02809 15.0922 7.13834)
(-1.26816 12.0169 5.08266)
(-2.62855 11.6552 4.90987)
(-15.7942 -11.2365 4.08727)
(-13.4081 -7.64735 -0.0613653)
(-13.8124 -9.64403 1.35611)
(-12.253 -9.32697 0.803124)
(-15.9452 -10.8956 2.99524)
(-13.4543 -7.00317 0.922706)
(-13.3327 -9.58693 2.24601)
(-14.72 5.55507 10.6863)
(-11.739 8.36263 5.76504)
(-15.1561 3.3746 8.09929)
(-10.6503 6.70223 3.96267)
(-14.8265 5.53572 9.68726)
(-11.9117 8.08795 6.7145)
(-15.1387 3.38102 9.27213)
(-10.1544 11.4333 14.0311)
(9.35353 -3.8131 -2.19928)
(9.30363 -3.80394 -2.76015)
(7.89176 1.51097 -3.00528)
(9.41936 0.753227 -3.06172)
(8.00453 1.80496 -2.8428)
(9.35357 0.540315 -3.06446)
(5.09032 -13.0444 -0.36093)
(4.96224 -13.6725 -0.158506)
(3.81561 -0.438102 -6.48378)
(2.99234 -6.80453 -6.50842)
(-1.61316 -0.556933 -10.4282)
(5.52558 -6.23791 -2.8295)
(3.38767 -1.31058 -5.87119)
(2.61864 -7.58574 -4.59534)
(-1.33698 -2.1501 -8.92411)
(2.12692 7.53333 -4.91016)
(0.117423 3.78132 -8.67337)
(-2.40585 7.82442 -5.94283)
(4.15678 3.1952 -5.63133)
(2.57406 6.11348 -5.14976)
(0.252336 1.60666 -8.15697)
(-1.46898 5.62291 -5.90171)
(2.36166 7.19615 -3.24079)
(4.0253 6.92583 -2.0625)
(2.2454 9.13983 -2.66855)
(3.6995 6.51965 -4.31359)
(3.08963 8.64822 -0.878308)
(3.2431 5.69832 -4.1815)
(1.64384 8.07062 -4.33097)
(-3.78355 -12.1135 1.92323)
(-2.58047 -11.8465 0.733098)
(-3.56142 -11.813 0.695797)
(-2.56418 -12.333 1.80434)
(-4.65686 0.373164 -7.86398)
(-7.30638 -8.70008 0.803703)
(-8.6462 -3.2107 -1.78413)
(-2.50362 -6.59602 -3.18342)
(-4.07378 -1.63228 -6.39121)
(-6.80889 -8.76151 1.92889)
(-8.19701 -3.96055 -0.526694)
(-4.93745 8.27756 -3.97432)
(-8.60395 2.62259 -0.120053)
(-9.36365 6.19885 5.19788)
(-3.15859 2.37096 -6.09486)
(-4.1902 6.43507 -3.98164)
(-7.4404 0.58011 0.564802)
(-8.41042 5.10641 4.34718)
(-3.25449 10.5381 6.09875)
(-1.84886 11.0381 4.91317)
(-2.47203 9.44785 4.06763)
(-2.18162 8.79227 -0.206909)
(-3.2522 10.6666 6.39062)
(-2.43546 10.5743 4.06558)
(-2.78693 9.04223 3.57181)
(-13.6996 -9.1796 6.11317)
(-12.7442 -7.06946 3.98233)
(-12.8669 -8.85312 4.39265)
(-11.014 -8.49135 5.1524)
(-14.5848 -11.0576 5.43821)
(-12.9848 -6.8275 4.84677)
(-12.3101 -8.1152 5.37509)
(-13.5227 4.24613 12.4837)
(-11.476 5.99036 8.12919)
(-14.4226 2.72876 11.2561)
(-11.2591 2.80092 6.0627)
(-13.8474 4.84934 12.612)
(-11.827 4.81853 7.68042)
(-14.1899 2.18307 11.0951)
(-9.56357 9.61925 14.3673)
(9.27254 -3.52888 -0.907658)
(9.09282 -3.57023 -1.32547)
(7.64956 1.47369 -3.29302)
(8.94252 0.481368 -3.32325)
(7.76723 1.54449 -3.58567)
(8.82869 0.464338 -2.90927)
(1.94555 -8.02214 0.234521)
(2.64788 -8.44709 -0.550095)
(3.59293 -1.89901 -4.92235)
(2.39455 -7.6322 -2.37388)
(-1.05643 -3.10067 -7.47552)
(6.23376 -4.97584 -0.620261)
(4.15654 -1.94518 -3.78747)
(2.69926 -6.5957 -1.76778)
(-0.595039 -3.35848 -5.81833)
(3.71942 4.95015 -5.02924)
(0.432275 -0.0288309 -7.50279)
(-0.180123 4.22661 -5.98218)
(5.27845 1.57302 -4.16851)
(4.2859 3.96374 -4.14821)
(0.352436 -1.15654 -6.66175)
(0.425154 2.7476 -5.11963)
(2.93658 5.86785 -3.99297)
(3.65959 5.47304 -4.58572)
(3.26648 6.0745 -4.76351)
(4.28263 5.56583 -4.30151)
(2.90703 5.96348 -4.2373)
(3.48298 5.32871 -4.18151)
(3.57625 5.71324 -4.55574)
(-1.57405 -10.2168 2.00258)
(0.483316 -10.8915 2.16433)
(-1.85165 -11.4414 2.97768)
(0.0442816 -9.5231 1.23134)
(-3.0918 -2.70123 -5.24012)
(-5.3365 -9.04135 1.71687)
(-6.95558 -4.5497 -1.15552)
(-1.88263 -6.2506 -0.658322)
(-3.03633 -2.84551 -4.41726)
(-5.14278 -7.18409 2.31274)
(-5.71798 -4.45169 -1.98419)
(-3.25151 3.51904 -4.63278)
(-6.66216 -0.522054 0.351667)
(-7.01676 4.61785 3.60046)
(-2.23181 -1.17776 -5.18576)
(-2.97804 0.82057 -4.66358)
(-5.58015 -2.57958 -1.95385)
(-6.0787 1.23389 0.654004)
(-2.98147 6.57449 -0.0837096)
(-1.95849 6.67508 -2.4139)
(-2.57804 6.45429 -0.0988414)
(-1.65849 4.93434 -3.6567)
(-2.89239 8.74862 1.23321)
(-2.06064 5.96418 -3.21026)
(-2.80456 5.06276 -1.25546)
(-10.7581 -6.54061 7.65831)
(-10.5021 -4.28428 6.38827)
(-10.359 -7.04483 7.52783)
(-8.35268 -7.54075 6.07673)
(-11.5835 -6.46742 7.80536)
(-9.21941 -4.94064 5.7834)
(-9.41322 -6.82498 7.19681)
(-10.336 2.21247 9.32136)
(-9.1657 2.63463 6.92146)
(-12.0235 -0.731941 9.27637)
(-8.18994 1.57836 6.09384)
(-11.0183 0.803471 9.61386)
(-8.73745 3.07414 6.27805)
(-10.9543 0.738787 8.978)
(-7.28809 7.52918 9.99124)
(7.81397 -3.04368 -0.0488864)
(8.05894 -3.07289 -0.60233)
(6.06564 1.08475 -2.83128)
(7.63426 0.801005 -2.45906)
(6.47206 1.51291 -3.38331)
(7.48129 0.985248 -1.88737)
(2.75301 -8.38281 4.65808)
(1.66336 -8.08664 4.1671)
(5.27944 -1.97039 -2.2197)
(3.75767 -5.36289 -1.82863)
(1.07805 -3.25702 -3.8924)
(5.88197 -3.75586 -0.417103)
(4.73947 -1.77357 -0.793687)
(3.40983 -4.7477 -0.547188)
(1.80924 -2.90132 -2.23415)
(4.59608 3.65924 -2.74626)
(0.837311 -1.53911 -5.48159)
(0.682652 1.8744 -3.68742)
(5.30037 0.624389 -1.13591)
(3.91765 3.17286 -1.09714)
(1.05982 -1.50697 -3.92632)
(0.661344 1.39963 -2.3814)
(3.15711 5.36332 -1.45142)
(3.51201 5.10637 -2.47161)
(3.9116 4.89312 -2.66281)
(4.25598 5.07718 -1.99263)
(3.18823 5.48796 -2.26126)
(3.35855 4.9205 -1.53148)
(3.99854 4.72753 -1.96139)
(-2.17187 -7.53852 4.56824)
(-1.85196 -8.36491 4.00027)
(-2.55779 -8.42599 4.24844)
(-1.36222 -7.35585 4.48222)
(-2.05675 -2.3318 -3.48049)
(-3.83608 -6.21715 1.48984)
(-4.33234 -3.9299 -1.64671)
(0.470583 -4.20378 0.0684538)
(-1.04512 -1.66711 -2.64472)
(-2.46826 -4.70362 1.4274)
(-3.04651 -2.47416 -1.41343)
(-2.34898 0.574921 -3.21873)
(-3.77043 -3.00935 -2.30311)
(-4.22676 -0.672456 -1.11723)
(-1.05093 -0.721107 -3.08752)
(-1.78726 0.839618 -2.07185)
(-2.33064 -2.04844 -2.11136)
(-2.85421 -0.32769 -1.21116)
(-1.39841 2.23677 -0.957707)
(-1.45955 3.84234 -2.01687)
(-2.0841 1.30641 -1.92692)
(-1.19757 3.23841 -1.77996)
(-1.55022 2.01864 -1.53526)
(-1.40956 3.67007 -1.14445)
(-1.83973 1.72342 -1.21312)
(-6.666 -3.8467 6.38739)
(-6.95457 -4.35147 5.49514)
(-6.93221 -4.51566 6.3112)
(-5.74419 -5.11712 5.48058)
(-7.2198 -4.37653 6.86206)
(-6.48932 -3.98476 5.00826)
(-6.51048 -4.21486 6.23417)
(-5.78602 -0.509444 4.32825)
(-5.80182 -0.464609 3.23371)
(-8.02724 -0.952285 6.05243)
(-4.77917 -2.11153 3.03303)
(-7.78161 0.399203 6.29387)
(-4.59617 -1.27276 2.00177)
(-6.22766 -1.20307 4.66077)
(-2.92257 2.2133 2.81971)
(5.00989 -1.93457 0.283748)
(5.69371 -2.14908 0.13609)
(5.4792 -0.256635 0.299707)
(5.84889 -0.502567 -0.580864)
(5.19854 -0.145386 -0.615355)
(5.72076 -0.655391 0.0829546)
(0.914286 -3.78593 -2.9818)
(1.05142 -3.76974 -2.93792)
(3.56586 -1.82313 -0.235343)
(2.2713 -4.38986 0.303873)
(1.1202 -2.61269 -1.30984)
(2.71537 -3.02613 -0.343651)
(2.20326 -2.01307 0.131894)
(1.41755 -4.22661 0.412938)
(0.331804 -2.16004 -0.933852)
(2.93331 2.72702 0.128425)
(0.652869 -1.31061 -2.62833)
(0.0140502 1.22919 -1.20457)
(2.68517 0.0510728 0.00682793)
(1.78892 2.29206 0.731596)
(0.173934 -0.845307 -1.77834)
(-0.351507 1.32074 -0.449195)
(2.09248 3.84939 1.21885)
(2.44508 3.98149 0.574421)
(2.71047 4.0981 0.348819)
(3.07076 4.22194 1.02671)
(2.29644 4.16313 0.500507)
(2.30334 3.66588 1.21147)
(2.24452 3.88189 1.01387)
(0.366129 -3.31444 3.67771)
(0.983127 -3.2453 2.98299)
(0.133265 -3.72153 4.7312)
(0.81955 -3.93467 1.62027)
(-0.525613 -1.11448 -1.99579)
(-1.45662 -3.64947 1.55306)
(-1.97596 -1.38168 -1.16204)
(0.840827 -3.13472 0.827466)
(-0.521764 -1.02957 -1.51867)
(-0.418854 -2.91187 1.54474)
(-1.08211 -1.02318 -0.868014)
(-1.55243 1.09068 -1.33905)
(-1.75492 -1.22179 -1.746)
(-2.27403 0.152551 -0.976426)
(-0.907254 -0.313254 -1.7127)
(-1.34828 1.14784 -0.873595)
(-1.34554 -0.82894 -1.36191)
(-1.8625 0.328492 -0.637702)
(-0.872151 2.66036 -0.0357308)
(-0.942087 3.22137 -0.103319)
(-1.13511 2.04627 -0.454288)
(-0.672767 2.98562 -0.220503)
(-0.940208 2.62303 -0.269447)
(-0.843588 3.15018 0.0972917)
(-0.921757 2.1848 -0.171156)
(-4.1604 -2.60989 4.37938)
(-4.42735 -2.67269 3.64029)
(-4.81673 -3.14759 5.26616)
(-3.39635 -3.48724 4.55557)
(-4.88161 -2.85232 4.83965)
(-3.55485 -2.41116 3.37883)
(-4.07491 -2.75018 4.93286)
(-2.11439 -0.115071 0.551938)
(-2.33731 -0.43554 0.130071)
(-2.8981 -0.442356 1.50401)
(-2.04996 -0.695968 0.263203)
(-2.52304 -0.166614 1.01244)
(-2.12503 -0.314772 -0.0517271)
(-2.3572 -0.337109 0.965666)
(-1.78555 1.7336 0.252393)
(3.29634 -1.36216 1.71811)
(3.57386 -1.54495 1.09691)
(3.88343 0.479907 3.21561)
(4.65312 -0.212766 2.20619)
(4.28187 0.348196 2.55594)
(4.25561 -0.0370253 2.78019)
(1.05906 -3.82102 0.610735)
(0.986019 -4.08823 -0.559044)
(1.27742 -1.68048 0.264672)
(0.7396 -3.58479 0.144526)
(-0.274555 -1.36655 -0.614729)
(1.41561 -2.28563 0.398706)
(0.751454 -0.94629 0.323819)
(0.0252392 -2.46517 -0.222992)
(-0.567799 -0.708195 -0.39899)
(1.05147 2.27185 1.03851)
(-0.176122 -0.354158 -1.15)
(-0.355835 1.50718 0.0496774)
(0.977876 1.15455 0.0774631)
(0.668158 2.46525 1.20819)
(-0.406033 0.11821 -0.520054)
(-0.375311 1.55603 0.489409)
(1.19977 2.72788 1.98891)
(1.5687 2.66523 2.25973)
(1.14124 3.03813 2.046)
(1.75402 2.90939 2.51224)
(1.28003 2.81914 1.99424)
(1.53145 2.56325 2.31494)
(0.892102 2.94965 2.0665)
(-1.08741 -3.34723 -0.0373529)
(-0.890253 -3.89678 -0.723217)
(-1.14698 -3.85409 -0.0351717)
(-0.897423 -3.42083 -0.131853)
(-0.763164 -0.823687 -0.938391)
(-0.509627 -2.38103 1.19832)
(-0.824468 -0.798593 -0.465459)
(-0.347048 -1.78939 0.0343645)
(-0.851234 -0.664992 -0.431263)
(-0.356173 -1.72357 0.682732)
(-0.633369 -0.590825 -0.112743)
(-1.2972 1.12057 -0.396491)
(-1.19247 -0.605128 -0.771837)
(-1.54431 0.338621 -0.16918)
(-0.976688 0.0133333 -0.425739)
(-1.18318 0.9759 0.195447)
(-0.963338 -0.359984 -0.181078)
(-1.17402 0.351249 0.320129)
(-0.669532 1.97816 0.861682)
(-0.508816 2.63415 0.575589)
(-0.751106 1.83856 0.449573)
(-0.446719 2.4052 0.673241)
(-0.684541 2.18493 0.536182)
(-0.482374 2.47784 0.836458)
(-0.895848 1.73448 0.745276)
(-1.4216 -1.32137 2.93457)
(-1.16895 -1.73443 2.65568)
(-1.5901 -1.3072 3.66112)
(-0.960972 -1.62155 3.05327)
(-1.96402 -1.51752 3.26766)
(-0.823183 -1.61374 2.41739)
(-1.19587 -1.151 3.1878)
(-0.766872 -0.0399919 0.0445385)
(-1.19845 -0.0752872 -0.252407)
(-1.04996 0.0447965 0.00565271)
(-0.760482 -0.374154 0.0790559)
(-1.05121 0.0540342 -0.0756954)
(-1.04571 -0.179473 -0.00950704)
(-0.705559 0.00180666 0.0651007)
(-1.18412 1.13151 0.633346)
(2.59716 -0.967499 2.9402)
(2.82698 -1.10545 2.80007)
(2.53176 0.626486 3.73517)
(3.13367 0.177144 3.53421)
(2.83786 0.605333 3.83054)
(2.79525 0.258203 3.50467)
(0.940015 -2.83394 2.83864)
(0.988325 -3.08696 2.48196)
(0.497464 0.0378423 0.448996)
(-0.413646 -1.30601 -0.18575)
(-0.677084 -0.205696 0.0345532)
(1.15498 -0.604606 1.06983)
(0.430019 0.295798 0.920254)
(-0.40267 -0.449029 0.148879)
(-0.503556 0.125971 0.550078)
(0.495501 2.06944 1.47666)
(-0.527982 0.338626 0.260657)
(-0.532126 1.17519 1.05496)
(0.325428 0.666305 0.987142)
(0.163645 1.17468 1.80567)
(-0.518767 0.320336 0.853077)
(-0.557594 0.752504 1.45226)
(0.726181 1.81385 2.16263)
(1.22963 2.02873 2.1702)
(0.864121 2.3354 2.02361)
(1.21468 1.95523 2.36423)
(0.873296 2.10616 1.96941)
(1.08044 1.81292 2.21723)
(0.595891 2.02426 2.10906)
(-0.403224 -1.50823 1.21126)
(-0.407433 -2.00521 1.31391)
(-0.536854 -1.80432 1.05323)
(-0.294461 -1.7805 1.51927)
(-0.826112 -0.304394 0.090423)
(-0.509376 -0.94362 0.563763)
(-0.655561 -0.363948 0.324804)
(-0.485329 -0.531587 0.311732)
(-0.639484 -0.0868158 0.572658)
(-0.341289 -0.442439 0.634159)
(-0.516094 -0.121527 0.671015)
(-1.00054 0.758137 0.80344)
(-0.790578 -0.167709 0.416485)
(-0.89419 0.274757 0.802475)
(-0.663441 0.17511 0.768649)
(-0.780154 0.502525 1.21687)
(-0.565844 -0.015145 0.839422)
(-0.63292 0.2193 1.14572)
(-0.453416 0.915892 1.63393)
(-0.431427 1.47458 1.56302)
(-0.696615 1.01902 1.40223)
(-0.607369 1.26078 1.6179)
(-0.495959 1.11256 1.47295)
(-0.418492 1.20148 1.75347)
(-0.682463 0.873175 1.5681)
(-0.473307 -0.381174 1.09481)
(-0.553535 -0.717109 1.03455)
(-0.689117 -0.556565 1.16854)
(-0.521654 -0.576411 1.06448)
(-0.582802 -0.500106 1.27013)
(-0.528598 -0.502142 0.959824)
(-0.514519 -0.40995 1.06158)
(-0.342251 -0.0211082 0.816671)
(-0.615855 -0.0159985 0.548142)
(-0.319722 0.0101855 0.582187)
(-0.49039 -0.11623 0.812861)
(-0.394963 0.00374605 0.570942)
(-0.572824 -0.070347 0.800124)
(-0.30763 -0.00539134 0.812283)
(-0.556457 0.513263 1.22539)
(1.17131 -0.396569 2.85035)
(1.50414 -0.539988 2.90017)
(1.16641 0.315756 3.28052)
(1.59306 0.135441 3.21428)
(1.49358 0.352554 3.3594)
(1.24085 0.137117 3.17803)
(0.492615 -1.24607 2.42563)
(0.66955 -1.77121 2.64643)
(0.170668 0.205167 1.40228)
(-0.225519 -0.0543066 0.686979)
(-0.466391 0.12053 1.00043)
(0.0245464 0.0809763 1.56168)
(-0.131452 0.364813 1.62575)
(-0.173919 0.0632661 1.15462)
(-0.345851 0.205265 1.40907)
(-0.105883 0.779463 2.00222)
(-0.473123 0.263469 1.23958)
(-0.511721 0.480611 1.67458)
(-0.142942 0.486781 1.7702)
(-0.16929 0.52815 2.10927)
(-0.311221 0.268669 1.59944)
(-0.371194 0.332195 1.88962)
(0.188081 0.645209 2.42637)
(0.433626 0.913219 2.46588)
(0.0295477 1.06566 2.40893)
(0.379352 0.880768 2.59005)
(0.234456 0.851242 2.42786)
(0.338521 0.68771 2.48806)
(-0.0689914 0.848754 2.42838)
(-0.0656087 -0.337214 1.09566)
(-0.0977301 -0.820238 1.21153)
(-0.148747 -0.60573 1.00941)
(-0.0313767 -0.47154 1.20325)
(-0.458072 0.0557489 1.02074)
(-0.192188 -0.183067 0.951821)
(-0.37918 -0.0228013 1.06261)
(-0.165828 -0.010792 1.222)
(-0.305088 0.138452 1.38969)
(-0.102193 -0.0518405 1.29409)
(-0.238565 0.0534487 1.40992)
(-0.573074 0.375938 1.51904)
(-0.389525 0.053659 1.20775)
(-0.444506 0.159135 1.44093)
(-0.29979 0.213524 1.53595)
(-0.386871 0.277157 1.75687)
(-0.23458 0.0993613 1.52572)
(-0.294872 0.143108 1.69544)
(-0.218515 0.36527 1.93079)
(-0.220984 0.585389 1.94731)
(-0.355993 0.459899 1.80354)
(-0.367798 0.531903 1.97058)
(-0.237121 0.457765 1.84579)
(-0.205228 0.475333 2.0128)
(-0.367646 0.368477 1.89134)
(-0.181393 -0.0836251 1.31693)
(-0.274564 -0.098022 1.0293)
(-0.195088 -0.138416 1.09331)
(-0.123197 -0.129663 1.23629)
(-0.22601 -0.0962761 1.12084)
(-0.224446 -0.0815007 1.25786)
(-0.14585 -0.102833 1.28928)
(-0.155662 0.0285679 1.43976)
(-0.31473 0.0797162 1.22845)
(-0.209404 0.0442978 1.22471)
(-0.254245 0.0456956 1.40624)
(-0.203138 0.0419092 1.24169)
(-0.259249 0.020509 1.42837)
(-0.169198 0.0373511 1.41646)
(-0.197191 0.170504 1.68838)
(-0.0146241 0.0312247 2.67247)
(0.131289 -0.0266583 2.69988)
(0.113839 0.118527 2.81161)
(0.202747 0.104155 2.86907)
(0.22455 0.169818 2.89787)
(0.0786171 0.0858088 2.80032)
(-0.0465516 0.17563 2.13251)
(-0.022836 0.102855 2.04057)
(-0.134852 0.345886 1.98394)
(-0.0976526 0.144165 1.65243)
(-0.219182 0.19584 1.82688)
(-0.0318555 0.239434 2.20678)
(-0.114849 0.236822 2.28439)
(-0.0618965 0.11225 2.08027)
(-0.133853 0.141096 2.17965)
(-0.154181 0.321447 2.25558)
(-0.185045 0.202166 1.94427)
(-0.260419 0.20807 2.10165)
(-0.0588642 0.206673 2.33883)
(-0.11401 0.182251 2.40705)
(-0.102016 0.132805 2.24147)
(-0.175073 0.126667 2.32183)
(0.0619147 0.233272 2.43146)
(0.139675 0.312274 2.43715)
(-0.0359975 0.404233 2.42524)
(0.084695 0.333928 2.53275)
(0.0837158 0.297269 2.40247)
(0.116453 0.249577 2.46078)
(-0.104918 0.318389 2.4456)
(0.021482 0.0829148 1.83562)
(-0.0126086 0.0817116 1.60929)
(-0.0111693 0.0532412 1.59605)
(0.0175772 0.112771 1.84587)
(-0.183436 0.144993 1.77808)
(-0.0475968 -0.00178531 1.68334)
(-0.143897 0.0532834 1.76782)
(-0.0447732 0.0820046 2.05165)
(-0.112603 0.115603 2.1199)
(-0.0340092 0.00686928 2.04861)
(-0.0832006 0.0418832 2.10096)
(-0.262899 0.201301 2.00202)
(-0.131178 0.0932886 1.84157)
(-0.198452 0.1137 1.94874)
(-0.0969179 0.132414 2.17306)
(-0.174825 0.138874 2.24169)
(-0.0659201 0.0735326 2.14464)
(-0.122732 0.0887153 2.20303)
(-0.0948306 0.118815 2.20222)
(-0.0835268 0.222767 2.15604)
(-0.148899 0.171253 2.08003)
(-0.201867 0.193871 2.22249)
(-0.0954148 0.165202 2.11058)
(-0.0871014 0.170688 2.23847)
(-0.197951 0.119662 2.18049)
(-0.0508032 -0.000345484 1.94583)
(-0.0753659 0.0221857 1.70485)
(-0.0439036 -0.0240538 1.74331)
(0.0103577 -0.0342354 1.89859)
(-0.0697119 -0.00520385 1.7533)
(-0.0637191 -0.00231219 1.91102)
(-0.0264154 -0.00610383 1.94067)
(-0.0428561 0.030981 2.01303)
(-0.11892 0.0886735 1.82499)
(-0.0876416 0.0459736 1.82775)
(-0.0839183 0.0713355 1.98883)
(-0.0696519 0.0419972 1.83724)
(-0.0805366 0.0303823 1.99992)
(-0.0555468 0.0385329 2.0045)
(-0.0110065 0.0128098 2.10175)
(-0.054436 0.0251866 2.80765)
(-0.0723001 0.0302357 2.73386)
(0.0220561 0.0216459 2.81806)
(-0.00431927 0.0203518 2.76367)
(0.029586 0.0352762 2.75633)
(-0.0044413 0.0179754 2.82843)
(-0.017611 0.0686317 2.67113)
(-0.0444303 0.115701 2.51559)
(-0.0787447 0.137856 2.55854)
(-0.0427873 0.0666277 2.44436)
(-0.0846461 0.0818966 2.49523)
(-0.0173833 0.0659038 2.77443)
(-0.0590351 0.0702477 2.79971)
(-0.0327922 0.025657 2.74369)
(-0.057926 0.0404352 2.76778)
(-0.0826165 0.0960032 2.60729)
(-0.059536 0.0728615 2.52695)
(-0.122573 0.0663028 2.55754)
(-0.0231877 0.0486537 2.8125)
(-0.0566678 0.0440505 2.811)
(-0.0392397 0.0318567 2.78242)
(-0.0856885 0.0280343 2.78674)
(0.0170007 0.0793642 2.65674)
(0.0441498 0.111049 2.58752)
(-0.0138912 0.146718 2.57612)
(0.0104481 0.138184 2.70024)
(0.031869 0.104923 2.56688)
(0.0395777 0.0901335 2.67415)
(-0.0789116 0.107971 2.66709)
(0.0130997 0.0498493 2.57683)
(-0.00261777 0.0815589 2.413)
(-0.00438637 0.0612228 2.39982)
(0.0157089 0.0633163 2.58839)
(-0.0721305 0.079077 2.44413)
(-0.0279966 0.00250058 2.39689)
(-0.0514232 0.0193111 2.42345)
(-0.0308409 0.0383491 2.70993)
(-0.0518045 0.0476769 2.73051)
(-0.026031 -0.0023716 2.70365)
(-0.0346854 0.00433678 2.71484)
(-0.116185 0.092341 2.49852)
(-0.031641 0.0436756 2.44736)
(-0.0678708 0.0519224 2.46872)
(-0.0377827 0.0570624 2.74152)
(-0.0705375 0.0575921 2.74595)
(-0.0174764 0.0149134 2.72526)
(-0.0188059 0.0154471 2.72494)
(-0.043044 0.0165951 2.55557)
(-0.0318037 0.0667362 2.46116)
(-0.042925 0.0410606 2.43306)
(-0.113836 0.0523653 2.56979)
(-0.0363455 0.0387934 2.44169)
(-0.040577 0.0410293 2.57011)
(-0.102612 0.0182106 2.55291)
(-0.00456608 0.00980483 2.54416)
(-0.00277645 0.00649846 2.37291)
(0.00755013 0.00676519 2.39836)
(0.0368375 -0.00710305 2.53473)
(-0.00726024 0.00991503 2.3919)
(-0.0108796 -0.0126117 2.53128)
(0.00720917 0.0106618 2.55377)
(-0.0133632 0.0162237 2.55333)
(-0.0434411 0.0366294 2.40021)
(-0.0270247 0.0237317 2.4165)
(-0.0201342 0.0166821 2.54833)
(-0.0214298 0.0208669 2.40853)
(-0.0266566 0.00393111 2.54595)
(-0.0124942 0.0200692 2.56047)
(0.0145819 0.000119615 2.55962)
(-0.00731696 0.00207201 3.14076)
(-0.00198328 -0.00382797 3.04705)
(-0.00625188 -0.00442011 3.11783)
(-0.00868962 0.00113456 3.03523)
(-0.00110304 -0.00502694 3.02818)
(-0.0135631 0.00488842 3.12229)
(0.00839403 -0.000279239 3.1385)
(-0.00738585 0.0217319 3.03969)
(-0.047264 0.0329123 3.01246)
(-0.0259435 0.0014458 2.98792)
(-0.0459894 0.0148627 2.99786)
(-0.0160848 0.00134025 3.17256)
(-0.0440364 0.0168264 3.181)
(-0.0229863 -0.0106616 3.1732)
(-0.0426823 0.00169673 3.17693)
(-0.0416471 0.0189406 3.00386)
(-0.0345738 0.00711702 3.00122)
(-0.0646443 0.00511164 2.99239)
(-0.0310805 0.0025897 3.174)
(-0.0347828 0.0134376 3.16201)
(-0.0381215 -0.0044999 3.17023)
(-0.0509633 -0.00358298 3.15788)
(-0.00828773 0.0175858 3.02541)
(-0.00100533 0.0355448 2.93475)
(-0.0060938 0.0355302 2.92656)
(0.0123374 0.0334843 3.0484)
(-0.000748462 0.029112 2.91995)
(0.00168562 0.0297867 3.04091)
(-0.0588614 0.0163853 3.03145)
(0.0119771 0.0120655 3.09264)
(-0.0018616 0.0213483 2.99084)
(-0.00420309 0.0172045 2.98672)
(0.0100898 0.0156512 3.09242)
(-0.0422126 0.0264321 2.97546)
(-0.0240053 -0.0100965 2.96452)
(-0.0296352 -0.00654364 2.96645)
(-0.0314856 0.00843021 3.15876)
(-0.0391351 0.0140732 3.16567)
(-0.0250477 -0.018761 3.16427)
(-0.0321154 -0.0116032 3.16141)
(-0.0384505 0.0361309 2.97084)
(-0.0168392 -0.00578958 2.96519)
(0.0131064 -0.0147229 2.95598)
(-0.0362037 0.0214234 3.15697)
(-0.0209097 0.0246536 3.14973)
(-0.0233208 -0.0119309 3.14904)
(0.0249475 -0.02418 3.14004)
(-0.0228168 -0.0132954 2.9848)
(-0.0153685 -0.00377245 2.86815)
(0.0210921 -0.000290463 2.86765)
(-0.0397473 -0.00443968 2.99236)
(-0.0175054 -0.0060152 2.86589)
(-0.0216745 -0.0148261 2.98419)
(-0.026297 -0.00721417 2.98877)
(-0.00414789 0.00105737 3.04581)
(0.00310516 0.00393313 2.92901)
(0.000118457 -0.00533256 2.9509)
(0.00938153 0.00115046 3.05124)
(0.000401991 0.00252046 2.93478)
(-0.00989677 -0.00722859 3.04062)
(-0.00822938 -0.00696143 3.06279)
(-0.0215243 0.00864069 3.02486)
(-0.0336821 0.0093321 2.91357)
(-0.0103017 0.00863557 2.9301)
(-0.012728 -0.0439205 3.02463)
(-0.0204116 0.010197 2.91924)
(-0.0290435 -0.0184887 3.01826)
(-0.0059559 0.0064456 3.03152)
(-0.0368358 0.0549088 3.01659)
(-0.018641 0.00693861 3.38056)
(-0.00590233 -0.00164221 3.3307)
(-0.0200368 -0.00571178 3.35141)
(-0.0231494 -0.00381361 3.30101)
(-0.0180584 -0.00711467 3.30161)
(-0.0285504 0.000820056 3.34862)
(0.00750772 -0.00674982 3.38083)
(-0.000510676 0.000790384 3.34081)
(-0.0463662 0.0123838 3.30715)
(-0.027528 -0.0146551 3.30657)
(-0.0467749 -0.00400427 3.30891)
(-0.0385095 0.00809692 3.38944)
(-0.0520504 0.00986909 3.39557)
(-0.0400983 -0.0148605 3.397)
(-0.0546559 -0.00518569 3.4008)
(-0.0377495 0.0167061 3.28523)
(-0.0481974 -0.010056 3.29277)
(-0.049953 -0.00636634 3.28332)
(-0.0527893 -0.0086919 3.37819)
(-0.0511347 0.0151741 3.37677)
(-0.0601217 -0.0122232 3.38039)
(-0.0622785 -0.00612824 3.37691)
(-0.0163882 -0.00502393 3.33596)
(-0.0230969 0.000505093 3.28028)
(-0.0145011 -0.00862166 3.26131)
(0.00417054 -0.00705727 3.34028)
(-0.0177544 -0.0041774 3.26572)
(-0.0130098 0.00552955 3.35015)
(-0.0547696 -0.0146035 3.33057)
(0.00558906 -0.00188657 3.35794)
(-0.0070248 -0.000423757 3.3163)
(-0.00529637 -0.00427865 3.31552)
(0.00656878 -0.00293592 3.35809)
(-0.0430612 0.00723891 3.30476)
(-0.0308171 -0.0305577 3.3062)
(-0.0416281 -0.0171047 3.30262)
(-0.0520003 -0.00176899 3.39292)
(-0.0507779 0.00334663 3.40009)
(-0.0449541 -0.0468085 3.40008)
(-0.054916 -0.022811 3.39873)
(-0.0244479 0.0197839 3.28263)
(-0.0348637 -0.0120632 3.27922)
(0.0116131 -0.0195662 3.27574)
(-0.0561959 0.00647075 3.37678)
(-0.0448491 0.0170799 3.37923)
(-0.0486291 -0.00634345 3.36971)
(-0.0209385 -0.00420462 3.37322)
(-0.0190862 -0.00575671 3.33993)
(-0.0171153 -0.0170307 3.25704)
(0.0235027 -0.00243257 3.25559)
(-0.0253833 -0.011023 3.33461)
(-0.0188592 -0.00568196 3.26105)
(-0.0179659 -0.015866 3.33664)
(-0.023919 -0.00289986 3.33571)
(-0.031004 -0.00672187 3.36914)
(-0.0169588 0.00797448 3.30146)
(-0.0200841 -0.0274601 3.32308)
(0.00101688 -0.00245746 3.36537)
(-0.0232191 -0.00551358 3.30979)
(-0.0279455 -0.026968 3.35952)
(-0.0204051 -0.0281862 3.38149)
(-0.0357002 0.00578381 3.34272)
(-0.0459097 0.00723311 3.27289)
(-0.0256246 0.00667577 3.27974)
(-0.0346847 -0.0370717 3.33295)
(-0.0335884 0.00823468 3.28259)
(-0.0443276 -0.0366978 3.33309)
(-0.0275781 0.00430705 3.33932)
(-0.054743 0.0675044 3.3551)
(-0.0434949 0.0156139 3.49162)
(-0.0337101 0.00862565 3.47092)
(-0.0184563 -0.00293726 3.47218)
(-0.0359461 -0.0112026 3.44291)
(-0.0201383 -0.00502697 3.44846)
(-0.0381736 -0.00708376 3.46793)
(-0.00371455 0.00885993 3.48586)
(-0.00935424 0.0105699 3.46286)
(-0.0573687 0.0109151 3.45583)
(-0.0604109 -0.0134919 3.45766)
(-0.0620164 -0.00388074 3.46322)
(-0.0738678 0.0222522 3.49274)
(-0.0591534 0.0144626 3.49812)
(-0.0773068 -0.0111261 3.50053)
(-0.0653362 -0.000487443 3.50641)
(-0.0621831 0.00850978 3.44602)
(-0.0701244 -0.0127252 3.44589)
(-0.0749241 -0.00442684 3.44824)
(-0.0626524 -0.022107 3.49357)
(-0.0622242 0.00277943 3.50068)
(-0.0742901 -0.0111588 3.4977)
(-0.0804931 -0.00069991 3.50502)
(-0.0118234 0.00189167 3.49831)
(-0.0214097 -0.0037477 3.48045)
(-0.0275812 0.000429677 3.45612)
(-0.0239407 0.0124126 3.49089)
(-0.0160707 -0.00100887 3.46667)
(-0.00750758 0.00209501 3.50875)
(-0.0650095 0.00189187 3.48597)
(-0.00818191 -0.00275751 3.47195)
(-0.0165606 -0.00711075 3.45425)
(-0.0193999 -0.00908507 3.44783)
(-0.00349336 -0.00506358 3.47563)
(-0.0581688 0.000915476 3.464)
(-0.0652204 -0.0617965 3.46119)
(-0.0671802 -0.0290745 3.46388)
(-0.0874809 -0.00487995 3.49905)
(-0.0607418 0.000844077 3.50768)
(-0.076813 -0.0660136 3.50258)
(-0.0727973 -0.0321152 3.509)
(-0.0671968 0.0154746 3.45195)
(-0.0607317 0.00193351 3.43882)
(-0.0563175 0.0156911 3.44758)
(-0.0692623 -0.00186904 3.49763)
(-0.0822686 0.0157617 3.50894)
(-0.0670146 0.0127901 3.4943)
(-0.0806737 0.0353375 3.5063)
(-0.0234638 0.00940418 3.51689)
(-0.0245783 0.00656195 3.48124)
(-0.0262441 0.00688273 3.47606)
(-0.0799222 0.00993386 3.50594)
(-0.0244535 0.0100299 3.48362)
(-0.0250774 0.0109338 3.51429)
(-0.0731141 0.00708983 3.50776)
(-0.0506518 -0.00735397 3.50335)
(-0.0267436 -0.0313866 3.47311)
(-0.0156837 -0.0378099 3.4941)
(0.0286289 -0.0125045 3.49498)
(-0.045028 -0.00695688 3.48343)
(-0.0333421 -0.0668419 3.49327)
(-0.0154882 -0.0366437 3.51237)
(-0.0440637 0.00380489 3.49212)
(-0.0537241 -5.4866e-05 3.45696)
(-0.050073 0.00891053 3.45757)
(-0.0550709 -0.0116054 3.48101)
(-0.0433958 0.00600731 3.46495)
(-0.0513956 -0.0359009 3.48513)
(-0.0509845 0.00692658 3.48513)
(-0.0234244 0.024155 3.51959)
(-0.0405805 0.0133485 3.56412)
(-0.0365004 0.0101969 3.5471)
(-0.00626366 0.00108378 3.55919)
(-0.0330137 -0.0113449 3.5335)
(-0.0123302 -0.00602893 3.54083)
(-0.0300711 -0.00765932 3.55313)
(-0.00860694 0.0192719 3.57122)
(-0.0170027 0.0244314 3.54409)
(-0.056232 0.0149362 3.53134)
(-0.0807838 -0.0089389 3.5324)
(-0.0637589 0.0033827 3.53828)
(-0.0587712 0.0120503 3.55139)
(-0.0474883 0.0145351 3.55777)
(-0.0698113 -0.00692718 3.55502)
(-0.055104 0.00727418 3.5628)
(-0.0516898 0.000879953 3.54609)
(-0.0711368 -0.00936274 3.54129)
(-0.0762663 0.00376074 3.55179)
(-0.0475971 -0.0232681 3.5699)
(-0.0319026 0.00655371 3.58191)
(-0.060374 -0.00634714 3.57385)
(-0.0575783 0.00882639 3.58788)
(-0.00390402 0.0228388 3.5735)
(-0.00445278 0.0125062 3.5628)
(-0.0233664 0.027019 3.54979)
(-0.0186929 0.0315645 3.56586)
(-0.00457551 0.0217784 3.55591)
(0.00404143 0.012852 3.57816)
(-0.0519769 0.0269604 3.56679)
(-0.0154605 0.00255601 3.5535)
(-0.0176411 -0.00563153 3.53111)
(-0.0296925 -0.00254602 3.52772)
(-0.00707452 0.00128796 3.55128)
(-0.0585191 0.0019306 3.54022)
(-0.0762851 -0.0625167 3.534)
(-0.0720238 -0.0302197 3.54319)
(-0.0781229 -0.00246544 3.55786)
(-0.0490244 0.00553729 3.56649)
(-0.0659826 -0.0540881 3.55926)
(-0.0637441 -0.0241495 3.57059)
(-0.0849492 0.0163165 3.55541)
(-0.0661362 0.0205757 3.54082)
(-0.0910051 0.0474823 3.55321)
(-0.0545124 -0.0031428 3.57721)
(-0.0702883 0.0167354 3.59209)
(-0.0587255 0.0223151 3.57807)
(-0.0830516 0.0482083 3.59094)
(-0.0246724 0.0183683 3.58034)
(-0.0248522 0.0301439 3.56613)
(-0.0560941 0.0141777 3.56345)
(-0.10466 0.0280445 3.57498)
(-0.0233637 0.0192725 3.56574)
(-0.0279842 0.0317519 3.57972)
(-0.0889622 0.0132529 3.57568)
(-0.0446279 -0.00190416 3.55505)
(-0.0181469 -0.0404701 3.53577)
(-0.00337378 -0.0321048 3.55439)
(0.0474717 -0.0119353 3.55407)
(-0.0431759 -0.00238082 3.5417)
(-0.0228347 -0.0528268 3.54996)
(-0.00841647 -0.0279615 3.56586)
(-0.0404944 0.00516229 3.56179)
(-0.0474471 0.00955878 3.54181)
(-0.0559055 0.0113667 3.54235)
(-0.0541777 0.0108179 3.55859)
(-0.0413208 0.0050624 3.54319)
(-0.0444183 -0.00758921 3.56097)
(-0.0520868 0.0106194 3.56086)
(0.0123829 -0.011361 3.59201)
(-0.0289972 0.00938159 3.62871)
(-0.0235211 0.00488878 3.6171)
(0.0113748 0.012007 3.62396)
(-0.0158926 -0.00903255 3.60652)
(0.00306656 -0.000971758 3.6144)
(-0.0105636 -0.00425756 3.6166)
(-0.00487726 0.0131636 3.62922)
(-0.0131408 0.0223081 3.61335)
(-0.035894 0.0191906 3.57829)
(-0.0540063 -0.0034488 3.57333)
(-0.0431886 0.0119504 3.58146)
(-0.0261409 0.0163789 3.58446)
(-0.0235455 0.0242126 3.59061)
(-0.0349384 -0.000354408 3.58526)
(-0.030136 0.0157322 3.59284)
(-0.0158052 0.0161486 3.60694)
(-0.0456843 -0.00193305 3.59615)
(-0.0407077 0.0143554 3.61193)
(-0.0195005 -0.00238471 3.60779)
(-0.00536771 0.024261 3.62086)
(-0.0297462 0.00365517 3.60976)
(-0.0272893 0.0191467 3.62447)
(0.00571141 0.0312642 3.62404)
(0.00672476 0.0285533 3.62174)
(0.00540936 0.0400614 3.60855)
(0.00146277 0.0318581 3.62275)
(0.00469882 0.0367925 3.61351)
(0.0108673 0.0209872 3.63445)
(-0.0148501 0.0364723 3.61918)
(-0.00960209 0.0107492 3.61089)
(-0.00933739 0.000618085 3.58351)
(-0.0240829 0.00752441 3.5951)
(-0.00489302 0.0074104 3.59775)
(-0.0373951 0.010202 3.5864)
(-0.0500799 -0.0417384 3.57954)
(-0.0515555 -0.0171899 3.5906)
(-0.041901 0.00517018 3.59079)
(-0.0233474 0.0150707 3.59723)
(-0.0316808 -0.0310168 3.59085)
(-0.0364938 -0.00984291 3.60073)
(-0.0545671 0.0184901 3.61685)
(-0.0459857 0.0225994 3.60543)
(-0.0684388 0.0462735 3.6176)
(-0.0232964 0.0051556 3.61722)
(-0.0397786 0.0211329 3.62899)
(-0.030754 0.0259218 3.61971)
(-0.0523475 0.0446998 3.63055)
(-0.0164594 0.0224228 3.62175)
(-0.0132 0.0374386 3.60952)
(-0.031792 0.0178922 3.60944)
(-0.0669091 0.0322197 3.61642)
(-0.0155165 0.0238204 3.61165)
(-0.0179461 0.0360844 3.61856)
(-0.0575016 0.0167628 3.61941)
(-0.0263483 0.00375448 3.59689)
(-0.00338006 -0.0219752 3.58415)
(0.00759703 -0.0193497 3.59454)
(0.0501865 0.00118571 3.59665)
(-0.026535 0.00256393 3.58747)
(-0.00491456 -0.0263934 3.59483)
(0.00321014 -0.0146607 3.60538)
(-0.0246184 0.00646732 3.60985)
(-0.0306269 0.0172679 3.59918)
(-0.0403293 0.0111966 3.59492)
(-0.0347859 0.0178007 3.60467)
(-0.0272391 0.00474205 3.59998)
(-0.0266756 0.00536403 3.60914)
(-0.034538 0.0117143 3.60472)
(0.0213052 -0.0181242 3.63516)
(-0.0164552 0.00611146 3.63178)
(-0.0162331 0.00393974 3.63627)
(0.0248062 0.0166965 3.62524)
(0.00210221 -0.00495841 3.62638)
(0.0179883 0.00862251 3.63077)
(0.00772473 0.00140322 3.62112)
(-0.00113843 0.00775688 3.64284)
(-0.00720065 0.0176867 3.64249)
(-0.00968974 0.0251749 3.59246)
(-0.0149033 0.00239722 3.58803)
(-0.0162456 0.0188577 3.59474)
(0.0137376 0.00649245 3.58151)
(0.00309916 0.0210787 3.58405)
(0.00470841 0.00301658 3.58253)
(-0.00372927 0.0199413 3.58586)
(0.00568901 0.0299055 3.62224)
(-0.0140545 0.00778129 3.61186)
(-0.0152068 0.022543 3.62442)
(0.00955492 0.00957213 3.60182)
(0.0152352 0.0303209 3.60881)
(-0.000139303 0.00942428 3.6012)
(-0.00597779 0.0236673 3.60913)
(0.0113191 0.0310848 3.6263)
(0.0121062 0.0315268 3.63913)
(0.0224671 0.0417803 3.6266)
(0.0135636 0.0319313 3.62448)
(0.0117118 0.0358889 3.63054)
(0.0142257 0.0278697 3.63621)
(0.00211371 0.0365624 3.62211)
(0.000819881 0.0189572 3.62016)
(-0.00752659 0.012304 3.61011)
(-0.0109996 0.0104517 3.62081)
(-0.00131305 0.0135955 3.61093)
(-0.0087951 0.0179683 3.59659)
(-0.0136111 -0.0223062 3.59104)
(-0.0211321 -0.00300817 3.5993)
(-0.00758554 0.00834107 3.58084)
(0.0045338 0.0188218 3.58354)
(-5.32913e-06 -0.0188536 3.58149)
(-0.00766013 -0.00155052 3.58575)
(-0.0266286 0.0228258 3.6267)
(-0.0146994 0.028937 3.61785)
(-0.039979 0.0458321 3.62776)
(0.00759672 0.0101119 3.60131)
(-0.01399 0.0227845 3.60769)
(-0.000813849 0.0266526 3.60242)
(-0.0283748 0.0448726 3.60847)
(-0.00803064 0.0255266 3.62128)
(-0.00762552 0.0350093 3.62266)
(-0.021024 0.0197042 3.62397)
(-0.0255348 0.0299148 3.61879)
(-0.00855862 0.0274328 3.62638)
(-0.00560546 0.0328671 3.61926)
(-0.0381153 0.0176231 3.61921)
(-0.010581 0.00826077 3.61368)
(0.0098133 -0.00309951 3.60939)
(0.0175605 -0.00843367 3.62259)
(0.0491755 0.010435 3.6123)
(-0.00985122 0.00557913 3.61321)
(0.00994867 -0.0145372 3.60973)
(0.0156063 -0.00338492 3.62522)
(-0.00991641 0.00654955 3.62186)
(-0.0123546 0.0196609 3.62158)
(-0.0211643 0.0121231 3.61759)
(-0.0157619 0.0317241 3.617)
(-0.0104652 0.00494597 3.623)
(-0.00958272 0.0108234 3.62079)
(-0.018567 0.0129501 3.61828)
(0.0246998 -0.0206848 3.64066)
(-0.00092822 -0.000895041 3.58438)
(-0.00156294 -0.00108049 3.597)
(0.0309804 0.0104521 3.57154)
(0.016536 -0.000286441 3.58412)
(0.0272959 0.00829877 3.58583)
(0.0199628 0.00153297 3.56948)
(0.00411541 -0.000974666 3.59847)
(0.000694125 0.00559493 3.6154)
(0.0129832 0.0115928 3.56691)
(0.0200585 0.00203436 3.56813)
(0.00485344 0.0183966 3.56775)
(0.0381443 -0.019397 3.54717)
(0.0159832 -0.00040629 3.54403)
(0.0261858 -0.00173316 3.54651)
(0.00754804 0.0144589 3.5433)
(0.0214977 0.0263641 3.58079)
(0.00914172 0.00771964 3.57742)
(-0.000727812 0.0214195 3.58008)
(0.0233904 -0.000300324 3.54701)
(0.0191437 0.0179989 3.54465)
(0.0122658 0.00454196 3.54531)
(-0.000933413 0.0175764 3.54328)
(0.0148455 0.0348436 3.57722)
(0.0153684 0.036714 3.59991)
(0.0279936 0.0411518 3.58623)
(0.0325471 0.0342595 3.57447)
(0.0134755 0.0382474 3.59115)
(0.0176902 0.0364013 3.5876)
(0.0167283 0.0369167 3.57162)
(0.00753117 0.0229381 3.57604)
(-0.000786356 0.0112385 3.58894)
(0.00326037 0.0196962 3.59255)
(0.000303858 0.0111702 3.57363)
(0.013587 0.0165505 3.56118)
(0.00748272 -0.0198116 3.56293)
(0.00196258 -0.00568121 3.56296)
(0.00123808 0.00263679 3.53795)
(0.0174252 0.0126399 3.53404)
(0.00397576 -0.0273914 3.53809)
(0.00627786 -0.0149026 3.53483)
(-0.00455194 0.0212489 3.57455)
(0.00925892 0.0191573 3.57482)
(-0.018059 0.0393171 3.57554)
(0.0214943 0.00669791 3.53853)
(0.00333995 0.0182173 3.53471)
(0.012786 0.00879723 3.54022)
(-0.00771758 0.0291412 3.5359)
(-0.00216264 0.0264297 3.56691)
(0.00203419 0.0332939 3.58339)
(-0.0138223 0.0202379 3.58267)
(0.000551076 0.0265688 3.5643)
(-0.00423718 0.0272275 3.58361)
(0.000263816 0.0290543 3.56704)
(-0.0165344 0.0201772 3.56552)
(0.000828916 0.0127699 3.57985)
(0.0212185 -0.00162418 3.58833)
(0.0218898 8.29913e-05 3.60719)
(0.0575106 0.0038607 3.57886)
(0.000832138 0.00920211 3.59356)
(0.0218528 -0.0142218 3.57485)
(0.021081 0.00567442 3.59433)
(-0.00577761 0.00356379 3.582)
(-0.00312315 0.0128313 3.59612)
(-0.00875248 0.00828877 3.59668)
(-0.00261206 0.0142407 3.57773)
(-0.00447035 0.00180096 3.59816)
(-0.00327208 0.00136143 3.57945)
(-0.00765511 0.00947346 3.57991)
(0.013803 -0.0114798 3.5919)
(0.00400262 -0.0052053 3.53322)
(0.00509986 -0.00496443 3.54573)
(0.0300418 0.0028776 3.51254)
(0.0221099 -0.00347516 3.52588)
(0.029595 0.00324533 3.5261)
(0.0223893 -0.00456195 3.51289)
(0.00236815 0.0009517 3.54066)
(0.00236074 0.00389321 3.55771)
(0.0137267 -0.0134878 3.51863)
(0.0241955 -0.00614265 3.52105)
(0.00524238 0.00895366 3.51623)
(0.0271806 -0.0341274 3.50094)
(0.00748625 -0.0192661 3.49435)
(0.0156189 -0.0110495 3.4987)
(-0.000395535 0.00423835 3.49226)
(0.0150209 0.00800852 3.50944)
(0.00951959 -0.000213021 3.5115)
(-0.00411791 0.0120683 3.50705)
(0.0153294 -0.0101958 3.48487)
(0.00901366 0.00278955 3.48028)
(0.00406583 -0.00348483 3.4837)
(-0.0090693 0.00743505 3.4788)
(0.0148173 0.0343184 3.50176)
(0.0181485 0.0406332 3.53482)
(0.00883599 0.0426179 3.51647)
(0.0278591 0.0455054 3.50427)
(0.0140467 0.0363977 3.52161)
(0.0196545 0.0384311 3.51699)
(0.0038042 0.0408128 3.49688)
(0.000925247 0.0194071 3.52052)
(-0.00307021 0.00913906 3.54047)
(0.000934863 0.0163925 3.53583)
(-0.00245449 0.00800099 3.5217)
(0.0156313 0.00712541 3.50763)
(-0.00137708 -0.0364856 3.51182)
(0.00592925 -0.0246304 3.50728)
(-0.0153945 -0.00566215 3.49423)
(0.0109884 0.00378114 3.4879)
(-0.0113142 -0.0431634 3.49236)
(0.00203037 -0.0296394 3.48732)
(0.00627288 0.0145973 3.49849)
(0.0113917 -0.00270177 3.5061)
(-0.000320079 0.0174882 3.49915)
(0.013287 0.00128311 3.4804)
(0.0034767 0.0113721 3.47323)
(0.00582976 -0.0077067 3.48091)
(-0.000321915 0.0114044 3.47302)
(-0.000465113 0.021083 3.48844)
(0.00100803 0.0231529 3.51328)
(-0.00780067 0.0199358 3.51022)
(-9.09361e-05 0.0212628 3.49252)
(-0.00260739 0.0235912 3.50923)
(0.001841 0.0207302 3.49343)
(-0.00407323 0.0199178 3.48985)
(0.00514856 0.0136914 3.50953)
(0.0273142 -0.0186678 3.52787)
(0.0230417 0.00698449 3.54695)
(0.0704347 -0.0100864 3.5141)
(0.00506614 0.0110189 3.53081)
(0.0272403 -0.0233489 3.50611)
(0.0210157 0.0109642 3.52702)
(-0.00656663 -0.000296394 3.50236)
(-0.00410323 -0.0117162 3.52593)
(-0.00427229 0.00375368 3.52637)
(6.82622e-05 -0.0051534 3.50114)
(-0.00432389 -0.00278337 3.52766)
(-0.00638678 -0.0190616 3.49988)
(-0.00397006 0.00521823 3.5019)
(-0.00823176 0.00946686 3.51339)
(0.00654515 -0.00417695 3.51484)
(0.00796081 -0.00638719 3.52299)
(0.0217281 0.00165817 3.49153)
(0.0197917 -0.00494223 3.50176)
(0.0231397 -0.000522702 3.49892)
(0.0187869 -0.00160452 3.4949)
(0.000122501 0.00290189 3.52214)
(-0.0010309 0.00456191 3.52736)
(-0.000522937 -0.0163412 3.47633)
(0.00426749 -0.0125254 3.48245)
(-0.00777335 0.00341624 3.47505)
(0.0136638 -0.0330346 3.47308)
(-0.00538887 -0.0135784 3.46654)
(0.00230721 -0.0132401 3.47129)
(-0.0117875 0.00356075 3.46556)
(0.00241067 0.0034822 3.46429)
(-0.00239526 -0.00388035 3.46865)
(-0.01369 0.00604918 3.46387)
(0.00434097 -0.00164085 3.4644)
(0.00207409 0.00781624 3.46014)
(-0.00532066 -0.00306068 3.46509)
(-0.0103421 0.00562019 3.4611)
(0.0114931 0.0269104 3.45568)
(0.0157301 0.030235 3.48414)
(0.00114397 0.0405625 3.46711)
(0.0139348 0.04083 3.46242)
(0.0117627 0.0295646 3.46771)
(0.0159006 0.0268405 3.47265)
(0.000268808 0.0354484 3.456)
(-0.00672893 0.00991402 3.49693)
(-0.00601229 -0.00165447 3.50372)
(-0.0079731 0.0113036 3.50346)
(-0.0051295 -0.00113225 3.49676)
(0.0035226 0.00356929 3.47467)
(-0.0222798 -0.0423603 3.47895)
(-0.00456898 -0.0259025 3.4738)
(-0.0265085 -0.00605162 3.47301)
(-0.000248454 0.00471903 3.46738)
(-0.0272068 -0.0371582 3.47012)
(-0.00848245 -0.0197474 3.46643)
(-0.00506822 0.0101218 3.46143)
(-0.00158444 -0.0031597 3.46802)
(-0.00804618 0.014116 3.46004)
(0.0014183 0.00150115 3.46697)
(-0.00632017 0.00886534 3.46101)
(-0.0066067 0.00251433 3.46538)
(-0.0101368 0.0159989 3.45876)
(-0.00335357 0.0185589 3.44657)
(-0.0013514 0.0179258 3.45851)
(-0.005437 0.0173583 3.46051)
(-0.0135146 0.0186097 3.44758)
(-0.00378898 0.0184014 3.45957)
(-0.000982231 0.0184699 3.44497)
(-0.0122129 0.0175117 3.44766)
(0.000493232 0.0105121 3.46047)
(0.0232362 -0.0222783 3.47344)
(0.0163229 0.00921181 3.49115)
(0.0653426 -0.0146429 3.46934)
(0.0016386 0.0104806 3.47323)
(0.0199832 -0.0222467 3.46014)
(0.0136383 0.0100703 3.47942)
(-0.0122448 0.000659285 3.4463)
(-0.0104299 -0.0142582 3.46017)
(-0.00808412 0.00365235 3.46111)
(-0.00672692 0.00264479 3.45131)
(-0.0102592 -0.00107799 3.45921)
(-0.0123135 -0.0128985 3.44747)
(-0.00934507 0.00451902 3.45086)
(-0.0113747 0.0114114 3.46563)
(0.014435 -0.00369888 3.51518)
(0.0154653 -0.00641687 3.51775)
(0.0128191 -5.57556e-05 3.4954)
(0.0172851 0.00149578 3.49918)
(0.0136188 -0.00381038 3.49656)
(0.0169823 0.00625972 3.49684)
(0.00349431 -0.000410948 3.52105)
(0.000426204 0.00333701 3.52611)
(-0.00667008 -0.00912008 3.46501)
(0.00797908 -0.0115411 3.46618)
(-0.011386 0.00527935 3.46357)
(0.0249152 -0.0298862 3.4714)
(-0.0050831 -0.00670092 3.4726)
(0.019272 -0.0100013 3.46954)
(-0.00832073 0.00593444 3.46966)
(0.00449842 0.0150133 3.46397)
(-0.00530518 -0.000244877 3.4672)
(-0.00199477 0.00807974 3.46579)
(0.00321178 0.00935931 3.47426)
(0.00459821 0.0182006 3.47447)
(-0.00220367 0.00180192 3.47333)
(0.00241074 0.00954914 3.47406)
(0.00719501 0.0138768 3.46327)
(0.00864667 0.0161935 3.47635)
(0.00849723 0.0236652 3.46151)
(0.0109452 0.0193625 3.46709)
(0.00777953 0.0168055 3.46014)
(0.00760911 0.0135088 3.47921)
(0.00885042 0.0183368 3.46476)
(-0.00315775 0.00144757 3.4952)
(-0.00424605 -0.00403184 3.49906)
(-0.00780297 0.0021477 3.50041)
(-0.000687104 -0.00494817 3.49325)
(-0.000699315 0.00668844 3.46634)
(-0.0252577 -0.0294023 3.46678)
(-0.00932087 -0.0147147 3.46478)
(-0.00777215 -0.00212898 3.47419)
(0.00124235 0.00787448 3.47264)
(-0.0217241 -0.0256137 3.46897)
(-0.00808415 -0.0140326 3.46921)
(-0.00170352 0.00882759 3.46678)
(-0.00815545 0.00439165 3.46732)
(-0.00761803 0.0158027 3.46419)
(0.00261471 0.00242774 3.47627)
(0.00258 0.00798904 3.4755)
(-0.00647651 0.00184461 3.47296)
(-0.00388728 0.0125043 3.47278)
(-0.00326648 0.0201201 3.45255)
(-4.42137e-06 0.017064 3.44639)
(-0.00867377 0.015475 3.45168)
(0.00583822 0.015458 3.45364)
(-0.00357077 0.0189767 3.45078)
(0.000813517 0.0179149 3.44943)
(-0.0118729 0.0151569 3.45433)
(-0.00267504 0.00706006 3.4556)
(0.0123908 -0.00985725 3.45792)
(0.00375898 0.00745971 3.47682)
(0.040532 -0.0189143 3.46197)
(-0.00207748 0.00756617 3.45744)
(0.00857161 -0.00810086 3.45605)
(0.000694787 0.00846464 3.47421)
(-0.0188733 0.00447905 3.44894)
(-0.0132489 0.0055845 3.44954)
(-0.0136313 0.00350279 3.45357)
(-0.0110847 -0.00360582 3.45366)
(-0.0174319 0.00294343 3.44734)
(-0.0140772 0.00842315 3.45127)
(-0.0140832 0.00387959 3.45337)
(-0.00833162 0.00882619 3.47027)
(0.0180544 -0.00435242 3.53604)
(0.0213953 -0.0074463 3.52557)
(0.00836259 -0.000280758 3.51744)
(0.0168695 0.00377635 3.50638)
(0.00836579 -0.00365669 3.5071)
(0.0161402 0.00680708 3.51618)
(0.00564757 -0.00635174 3.51174)
(0.00435533 -0.0028498 3.5124)
(-0.00296259 -0.00563395 3.48461)
(0.020501 -0.00776805 3.47914)
(-0.0059747 0.00642831 3.4813)
(0.0156348 -0.0216679 3.4983)
(-0.00265615 -0.000741784 3.50334)
(0.00939144 -0.00469649 3.4961)
(-0.00587031 0.00771452 3.49915)
(0.00426589 0.0161628 3.48551)
(-0.000769037 0.00318792 3.48118)
(0.0039284 0.00988558 3.48308)
(0.00286978 0.0113857 3.50007)
(0.00128964 0.0126749 3.50371)
(-0.000937484 0.00541987 3.49659)
(0.00153675 0.0100556 3.49988)
(0.00367338 0.00547334 3.5051)
(0.00276403 0.00939912 3.50771)
(0.0114529 0.0101179 3.48833)
(0.0048315 0.0104199 3.5024)
(0.00399774 0.0071122 3.49137)
(0.00364312 0.00815255 3.52177)
(0.000303574 0.00741075 3.50034)
(0.000655098 -0.00311624 3.48651)
(-0.00149164 -0.00802168 3.48502)
(-0.00146148 -0.00397598 3.48727)
(-7.90534e-05 -0.00814387 3.48658)
(0.00250156 0.00797127 3.48515)
(-0.0205637 -0.0219437 3.47818)
(-0.00568682 -0.0112628 3.48048)
(-0.0106419 -0.00031584 3.50337)
(0.0019732 0.00874377 3.50324)
(-0.0241766 -0.0176457 3.4962)
(-0.00456059 -0.00792626 3.49829)
(0.00470757 0.0076764 3.4854)
(-0.00421746 0.000477851 3.48239)
(0.00104883 0.0103967 3.48345)
(0.00258371 0.00452868 3.50118)
(0.00273559 0.00791385 3.50174)
(-0.0035019 0.00358643 3.49893)
(0.00234131 0.011617 3.50044)
(-0.00214722 0.0144283 3.49389)
(0.00110291 0.0106011 3.48087)
(0.00168922 0.0101558 3.47905)
(0.00815133 0.0083293 3.4938)
(-0.00256028 0.0158043 3.47903)
(0.00132238 0.0099855 3.49572)
(-0.00949748 0.00914016 3.49283)
(-0.0012941 0.00456958 3.47128)
(0.00684053 -0.00909879 3.46585)
(-0.000602666 0.00879266 3.48189)
(0.0283934 -0.0239908 3.47126)
(-0.000612067 0.00497776 3.46615)
(0.00528871 -0.016531 3.47074)
(-7.90686e-05 0.00995691 3.48613)
(-0.0153619 0.00286779 3.47338)
(-0.0109475 0.00543554 3.46731)
(-0.0123613 4.33643e-05 3.46295)
(-0.00752472 -0.0114952 3.47037)
(-0.0178606 0.00223966 3.46686)
(-0.0102039 -0.000529228 3.47375)
(-0.0108579 0.00076775 3.46865)
(-0.00579409 0.00699399 3.50185)
(0.0191555 -0.00432057 3.59195)
(0.0217414 -0.00613487 3.57183)
(0.00513088 -0.00126942 3.57345)
(0.0147362 0.00489394 3.55182)
(0.00537591 -0.00199022 3.5532)
(0.013673 0.00557082 3.57197)
(0.00132305 -0.00614325 3.56535)
(0.00113102 -0.00143181 3.54142)
(-0.00226278 0.00458433 3.53362)
(-0.00240946 -0.00216816 3.52467)
(-0.00585579 0.00772003 3.5282)
(-0.00317042 -0.0064029 3.5691)
(-0.00126038 0.00848309 3.5731)
(-0.00755801 -0.00101977 3.56374)
(-0.00424133 0.00675194 3.56706)
(-0.000851397 0.00988966 3.53564)
(-0.000998301 0.00586677 3.52697)
(-0.00193228 0.00858732 3.53173)
(0.00332642 0.0127127 3.5731)
(-0.00154838 0.00652016 3.5773)
(0.00142205 0.00630914 3.56939)
(-0.00239199 0.00694277 3.57456)
(0.00124943 0.00189756 3.55705)
(0.00458258 0.00843629 3.55733)
(-0.00516363 0.00460725 3.53545)
(-0.00204192 0.00861338 3.55608)
(0.00261398 0.00397923 3.5394)
(0.00222928 0.00426696 3.57546)
(-0.00790729 0.00432813 3.55257)
(-0.00410227 -0.00230455 3.54455)
(-0.00559571 -0.00169403 3.52244)
(-0.00410481 -0.00582899 3.51872)
(-0.00443917 -0.0037154 3.54654)
(0.000449425 0.00870639 3.53125)
(-0.0250939 -0.0129628 3.52526)
(-0.00376232 -0.00496106 3.52668)
(-0.0151788 0.00211691 3.56918)
(0.00109785 0.00860805 3.56875)
(-0.0209912 -0.00645877 3.56441)
(-0.00193094 -0.000303738 3.5648)
(-0.0025837 0.0082093 3.5321)
(-0.00242559 0.00603215 3.52864)
(-4.8037e-05 0.0111338 3.53025)
(0.00257678 0.00720858 3.57188)
(-0.00458284 0.00750308 3.57375)
(-0.000361151 0.00969322 3.56955)
(-0.00104795 0.0106768 3.57108)
(-0.00134757 0.00221169 3.54645)
(-0.000895123 0.00109903 3.52995)
(-0.00629723 0.000158693 3.52822)
(-0.00758344 0.00223413 3.54777)
(-0.000967004 0.00382527 3.52801)
(0.00139554 0.00185958 3.54729)
(-0.0113154 -0.000908758 3.54586)
(0.00402367 0.00405048 3.52073)
(0.00812193 -0.00888269 3.50224)
(0.00541171 0.0106785 3.51615)
(0.0236201 -0.0104137 3.52203)
(0.00463602 0.00472288 3.50147)
(0.00839178 -0.00929953 3.52133)
(0.00443155 0.0089906 3.53586)
(-0.00433771 0.00389022 3.52282)
(-0.00170883 0.00609009 3.50657)
(-0.005661 2.6422e-05 3.50104)
(-0.000916089 -0.00288318 3.52277)
(-0.00777852 0.00208003 3.50413)
(-0.000477482 0.00671301 3.52554)
(-0.00380576 0.00127683 3.52064)
(0.0079468 -0.00455108 3.55543)
(0.0233012 -0.00516996 3.66555)
(0.0253701 -0.00594366 3.64912)
(0.00145839 -0.00152527 3.64645)
(0.0129732 0.00676392 3.62905)
(0.00190484 -0.000885339 3.6304)
(0.0119391 0.00627633 3.6449)
(0.00146983 -0.00949521 3.66633)
(0.000596254 -0.00436793 3.6395)
(0.000502382 0.00961775 3.61452)
(-0.00448327 -0.00131532 3.60553)
(-0.000870078 0.00463832 3.60841)
(0.000668992 -0.00452633 3.64128)
(0.00324603 0.006758 3.64354)
(0.0052549 -0.00342981 3.63567)
(0.00419707 0.00146461 3.6383)
(0.000429793 0.0062286 3.62)
(0.00537473 0.00588364 3.61442)
(0.00304938 0.00517768 3.61835)
(0.00786204 0.0139973 3.64696)
(0.0056169 0.00682754 3.64813)
(0.0103215 0.00483613 3.64434)
(0.0129284 0.00343538 3.64712)
(-0.00073915 -0.00700973 3.62034)
(0.0020558 0.000913535 3.62455)
(-0.00441905 -0.00150595 3.60374)
(-0.0041325 -0.00193636 3.62244)
(0.0013638 -0.00164503 3.60529)
(-0.00368655 -0.00553837 3.63935)
(0.00175482 -0.00344404 3.61839)
(-0.00289758 -0.00245212 3.64632)
(-0.00491858 -0.0042766 3.62454)
(-0.0046785 -0.00606936 3.61958)
(-0.00267342 -0.00548577 3.64866)
(0.00323615 0.00752922 3.60829)
(-0.0102311 0.00172485 3.60505)
(0.000861777 0.00581601 3.60452)
(0.00744071 0.00247118 3.63644)
(0.0077197 0.00540891 3.63624)
(0.00147232 0.00628671 3.63295)
(0.00482518 0.00815171 3.63207)
(-0.000862648 0.00612777 3.61663)
(0.00355042 0.0118835 3.61193)
(0.00157328 0.00884632 3.61317)
(0.0100583 0.00537543 3.6428)
(0.00870035 0.00343814 3.64411)
(0.00817241 0.00993643 3.63888)
(0.00933045 0.0037585 3.64008)
(0.000824588 -0.00390243 3.60942)
(0.00173836 -0.00252924 3.59115)
(-0.00772236 -0.00680068 3.59433)
(0.00634475 -0.00282191 3.61053)
(-0.000577196 -0.00612449 3.59361)
(0.00213527 -0.00251803 3.60817)
(-0.000974093 -0.0065806 3.60981)
(0.0054132 0.00293436 3.61061)
(0.00632684 0.00672572 3.58595)
(0.00396281 0.00616791 3.60257)
(0.00707301 0.00366482 3.61361)
(0.00783334 0.00424256 3.58534)
(0.00689859 0.0096313 3.61017)
(-0.000167743 0.00196648 3.62839)
(0.00387328 0.00598838 3.6086)
(0.0076724 0.0180885 3.58667)
(0.0013233 0.000933628 3.58399)
(0.0050257 0.0045601 3.60979)
(0.00149373 0.00420298 3.5841)
(0.00755319 0.0195528 3.61019)
(0.00251513 0.00200632 3.60879)
(0.0154976 -0.0087949 3.62923)
(0.0224326 -0.00626494 3.6722)
(0.0258385 -0.0064634 3.68333)
(-0.00040356 -0.00143447 3.65095)
(0.0109862 0.00683541 3.66054)
(-0.000745749 -0.00032139 3.66364)
(0.00967681 0.00459859 3.64756)
(0.00477536 -0.0126105 3.67737)
(0.00484963 -0.00956763 3.69088)
(0.00529441 0.0013983 3.6439)
(0.0131096 -0.00579998 3.63832)
(0.00766272 -0.00217882 3.63979)
(0.00779073 -0.0090522 3.60015)
(0.00520588 -0.00131244 3.60034)
(0.0137572 -0.00736944 3.59853)
(0.00807162 -0.00457802 3.59832)
(0.00963386 0.00508576 3.64493)
(0.0132357 0.00214157 3.64214)
(0.0191239 0.000813934 3.64308)
(0.00869599 0.00732927 3.59851)
(0.00898824 -0.000538779 3.59723)
(0.0127302 0.000384445 3.59646)
(0.0175392 -0.00165745 3.59488)
(-0.00223645 -0.0136671 3.63551)
(-0.00362821 -0.00697924 3.66046)
(0.0083593 -0.0116695 3.64126)
(0.00344033 -0.0143342 3.63428)
(-0.000233957 -0.00964374 3.64356)
(-0.00941847 -0.0115501 3.6523)
(0.0124874 -0.0117225 3.63293)
(0.0041777 -0.00246545 3.65797)
(0.00209772 -0.00502212 3.67656)
(0.00440492 -0.00548926 3.67126)
(0.00248007 -0.00674669 3.65878)
(0.0101448 0.00164013 3.6377)
(0.0102397 0.00586551 3.63382)
(0.00717308 0.00471697 3.63264)
(0.0180251 -0.00166292 3.60003)
(0.0102103 -0.00166455 3.59814)
(0.0131498 0.00229873 3.59495)
(0.00765909 0.000702311 3.59386)
(0.0143006 -0.00012749 3.64038)
(0.011475 0.00321947 3.63596)
(0.0143047 -0.00396399 3.63635)
(0.0118705 -0.000706153 3.59672)
(0.0133715 -0.00300001 3.59445)
(0.0117243 -0.000468142 3.59319)
(0.0135788 -0.00796543 3.59179)
(0.00380808 -0.00521521 3.62797)
(0.0051553 -0.00640467 3.63415)
(0.00918731 -0.00760002 3.63453)
(0.0267972 -0.0073941 3.62936)
(0.00235918 -0.0080151 3.63423)
(0.00506658 -0.00665572 3.62931)
(0.0174082 -0.0074001 3.62831)
(0.00242391 2.22629e-05 3.63811)
(-0.000279152 0.0117474 3.64233)
(-0.00343169 -0.000358229 3.66299)
(-0.00849097 0.00298353 3.6372)
(0.00569949 0.00136918 3.6452)
(0.00179976 0.0104892 3.63485)
(-0.00699018 -0.00457479 3.65529)
(0.00517559 0.00355273 3.63346)
(0.0101266 0.0123821 3.63993)
(0.00500642 -0.00128729 3.63998)
(0.00756616 -0.00592393 3.62988)
(0.00354763 0.00241067 3.64136)
(0.00858363 0.0104457 3.63085)
(0.00524818 -7.30218e-05 3.6306)
(0.00724197 -1.57604e-06 3.64876)
(0.0117379 -0.00360655 3.51633)
(0.0155903 -0.00408711 3.57481)
(-0.00125019 0.000477804 3.49258)
(0.0050885 0.00357251 3.54783)
(-0.00170952 0.00125735 3.55182)
(0.00348849 0.00107064 3.48875)
(0.00326118 -0.00767054 3.50905)
(0.00450007 -0.00796264 3.5703)
(0.00330616 0.000305203 3.50796)
(0.00817618 -0.00636968 3.51004)
(0.00565861 -0.0042914 3.50834)
(-0.00655248 0.000417824 3.37505)
(0.000448108 0.00609547 3.37339)
(-0.00104149 -0.00397438 3.37708)
(0.00188743 -0.00199094 3.37457)
(0.00499483 -0.00350577 3.50179)
(0.00896718 0.000227871 3.50375)
(0.0106808 -0.00237514 3.50012)
(0.0025319 0.00575635 3.36957)
(-2.50073e-06 -0.0030955 3.36707)
(0.00387204 0.00134741 3.36861)
(0.00241763 -0.0017238 3.36527)
(-0.00149913 -0.0114704 3.48642)
(-0.00303654 -0.00651913 3.5624)
(0.00104454 -0.0136902 3.53953)
(-0.00413216 -0.0108428 3.48364)
(-0.00138978 -0.00886594 3.54486)
(-0.00644571 -0.0100659 3.50413)
(0.00159745 -0.0105981 3.48171)
(0.00138639 -0.00390091 3.48913)
(0.00509727 -0.00688011 3.55097)
(0.00446984 -0.00389933 3.5514)
(0.00215595 -0.0061614 3.48834)
(0.00723353 -0.00289459 3.51038)
(0.0133243 0.00166986 3.5095)
(0.00604559 0.000534211 3.50839)
(0.00667446 -0.00199928 3.38099)
(0.00316353 -0.0017172 3.37782)
(0.0083623 0.00132853 3.3793)
(0.00359724 0.00134623 3.37753)
(0.0058321 -0.00344728 3.50179)
(0.00922446 0.00159837 3.50494)
(0.00639271 -0.00528545 3.50195)
(0.00253141 0.000365877 3.3711)
(-0.00296685 -0.00166086 3.36752)
(0.00515049 0.00564768 3.37267)
(-0.00226949 -0.000400464 3.36969)
(0.00236168 -0.0070489 3.4859)
(0.00210331 -0.00809869 3.54318)
(0.00639883 -0.00915251 3.54058)
(0.0092377 -0.00845425 3.48216)
(0.0012632 -0.00902657 3.54323)
(0.00253333 -0.00773485 3.48441)
(0.00665373 -0.00944253 3.4833)
(-0.00179596 -0.00244009 3.48345)
(-0.00417736 -0.00167177 3.53857)
(-0.00418872 -0.00259842 3.55863)
(-0.0109974 -0.000192354 3.48165)
(0.00131771 -0.00205157 3.54159)
(-0.00153887 0.00266849 3.48054)
(-0.00718726 -0.00614437 3.50042)
(0.0058021 0.000654778 3.47601)
(0.00922403 -0.00297811 3.53402)
(0.0042779 -0.0019695 3.53177)
(0.00542729 -0.00105406 3.47382)
(0.00433104 -0.000716812 3.53521)
(0.00763891 0.00358657 3.47515)
(0.00364266 -0.000284006 3.47259)
(0.00959869 -0.00599691 3.49886)
(0.00184327 0.000586639 3.19719)
(0.00416075 -0.000142102 3.29268)
(-0.00248507 0.00295856 3.17129)
(-0.0011036 0.00183702 3.26493)
(-0.00203772 0.0033198 3.26734)
(-0.00253004 0.00119964 3.16959)
(6.98499e-05 -0.00336285 3.2001)
(0.00106393 -0.00358294 3.28839)
(-0.00205721 0.0125001 3.20633)
(-0.0115738 -0.000460002 3.20994)
(-0.00256303 0.000444961 3.20724)
(-0.0150754 0.0140764 3.02123)
(-0.00371405 0.0144191 3.01898)
(-0.0177079 0.00208427 3.02332)
(-0.00579774 0.00188069 3.02022)
(-0.00424332 -0.00124078 3.20176)
(-0.000781201 0.00172087 3.20172)
(-0.00680217 -0.00187022 3.19949)
(-0.00186165 0.00607881 3.01869)
(-0.00726223 -0.000934901 3.01704)
(-0.00386622 0.00139194 3.01835)
(-0.0136596 -0.00224335 3.01622)
(-0.00198166 -0.00573982 3.15702)
(-0.00124814 -0.00543179 3.27273)
(-0.0119333 -0.00716339 3.2529)
(-0.00766237 -0.00630598 3.15696)
(-0.0016254 -0.00557418 3.25528)
(-0.00451492 -0.00792177 3.17494)
(-0.00556102 -0.00471583 3.15511)
(-0.00393049 -0.00283307 3.1795)
(6.5823e-06 -0.0029935 3.26601)
(-0.0015496 -0.00301807 3.26765)
(-0.00264342 -0.00269034 3.17721)
(-0.00224762 -0.000122931 3.20981)
(0.00340027 0.000473036 3.21349)
(-4.5581e-05 0.00176097 3.21067)
(-0.00987696 0.00124787 3.02546)
(-0.00621091 0.00156776 3.02183)
(0.000506922 -0.00128455 3.02777)
(-0.00300653 0.00151762 3.02417)
(-0.012309 0.000673285 3.20117)
(0.00146346 0.00737177 3.20602)
(-0.00970507 0.00136642 3.20404)
(-0.00606687 0.00443023 3.01894)
(-0.0181207 0.00271795 3.01734)
(-0.00127761 0.0059871 3.0221)
(-0.0136714 0.000792326 3.02004)
(-0.00231198 -0.00706597 3.1563)
(-0.0030328 -0.00562813 3.2558)
(-0.0160231 -0.00988422 3.25656)
(-0.0120067 -0.00506582 3.15696)
(-0.00280224 -0.00811939 3.25589)
(-0.00288382 -0.00470911 3.15644)
(-0.0128107 -0.00935654 3.15745)
(-0.00438249 -0.00276557 3.17113)
(-0.00533546 -0.00279205 3.25876)
(-0.00409841 -0.00327631 3.27812)
(-0.00877339 0.000544685 3.17073)
(-0.00301612 -0.00290969 3.26131)
(-0.00416282 0.00395777 3.16832)
(-0.00592638 -0.00545558 3.18842)
(0.00536195 0.000520757 3.16348)
(0.00776974 0.00305776 3.25447)
(0.00108323 -7.08655e-06 3.25302)
(0.00198114 0.0131314 3.16356)
(0.00493474 -0.000794548 3.25455)
(0.00632219 0.00958797 3.1632)
(0.000962295 0.0014453 3.16259)
(0.0168502 -0.0150984 3.18009)
(-0.0055231 0.00363742 2.81855)
(-0.0041653 0.00208964 2.91737)
(-0.00667613 0.00221208 2.793)
(-0.00648343 0.000165656 2.89024)
(-0.00529864 0.000825794 2.89104)
(-0.00770346 0.00190178 2.79214)
(-0.00173312 0.00132798 2.84092)
(-0.0020177 0.000546009 2.93364)
(-0.00408528 0.0148678 2.82604)
(-0.0170199 0.00450481 2.83086)
(-0.00674442 0.00364435 2.82803)
(-0.00709743 0.0155287 2.64478)
(-0.00150954 0.0127178 2.64336)
(-0.00763805 0.00632177 2.64663)
(-0.00370244 0.00507539 2.64518)
(-0.00503993 0.00180657 2.82804)
(-0.00448707 0.00199222 2.83195)
(-0.0123139 -0.0015555 2.82931)
(0.000532291 0.0105399 2.65019)
(0.00254477 0.00697946 2.64811)
(-0.00192419 0.00332411 2.65284)
(-0.00259972 0.000347845 2.65055)
(-0.00370718 -0.00316202 2.76312)
(-0.00529601 -0.00822802 2.88531)
(-0.00735167 -0.00307169 2.867)
(-0.00542885 -0.0102695 2.76693)
(-0.00290978 -0.00315042 2.86739)
(-0.0060631 -0.00861064 2.78165)
(-0.00561027 -0.00505455 2.76357)
(-0.00194237 0.000199018 2.82391)
(-0.00298752 0.00386677 2.90834)
(-0.00371205 0.0004295 2.91502)
(-0.00196689 0.00537923 2.81798)
(-0.00759261 0.00352388 2.82913)
(0.00274552 0.00168749 2.83613)
(-0.00450161 0.00425024 2.83177)
(0.00184451 0.00563188 2.64692)
(-0.00465307 0.00500331 2.64518)
(0.0111027 0.0096322 2.65131)
(-0.0029547 0.0093306 2.6473)
(-0.0166087 0.00473957 2.8306)
(-0.00215751 0.0043744 2.83465)
(-0.0131594 0.000232062 2.83209)
(-0.00367276 0.00670021 2.65248)
(-0.00688433 0.00595819 2.65158)
(-0.000431901 0.00308619 2.65343)
(-0.00613184 -0.000907859 2.6516)
(-0.0040784 -0.0037 2.76087)
(-0.00465397 -0.00209027 2.86464)
(-0.0125798 -0.00503843 2.86917)
(-0.0169035 -0.000136337 2.76204)
(-0.00373102 -0.00503564 2.86641)
(-0.00546135 -0.00132208 2.75892)
(-0.0119156 -0.00319496 2.76345)
(-0.00577674 -0.00319515 2.79562)
(-0.00659359 0.000979358 2.89029)
(-0.00764772 -0.00691818 2.91001)
(-0.0131579 0.00301897 2.7978)
(-0.00649892 -0.00320394 2.8932)
(-0.00785768 0.00622408 2.79271)
(-0.00836623 -0.0077203 2.81316)
(0.000950309 0.000745219 2.78948)
(0.00235805 0.00598745 2.88617)
(-0.00135847 0.000678053 2.88801)
(-0.000401143 0.00956925 2.79024)
(0.00206514 0.000429905 2.88708)
(0.00157708 0.00676558 2.78805)
(-0.000756438 0.000891674 2.79134)
(0.00749498 -0.00613908 2.7979)
(-0.00837285 0.00486851 2.47552)
(-0.00871292 0.0041453 2.55605)
(-0.00877278 0.00163861 2.45409)
(-0.00738414 0.00200859 2.53281)
(-0.00761995 0.00121054 2.53347)
(-0.00772862 0.00362708 2.4532)
(0.000986776 0.00156153 2.50241)
(-0.000711699 0.00174296 2.58522)
(0.00217363 0.00765546 2.48078)
(0.00409495 0.0067621 2.48308)
(0.000684995 0.00518623 2.48197)
(0.0113488 0.00208059 2.34399)
(0.00520374 0.000180994 2.34337)
(0.0130668 0.00598098 2.34462)
(0.00426039 0.00422984 2.34379)
(0.0109326 0.0135924 2.48505)
(0.00155928 0.00390723 2.48971)
(0.00914392 0.00196859 2.48734)
(0.00537096 0.0118911 2.34778)
(0.0165937 0.01775 2.34491)
(0.00409576 0.00324699 2.34871)
(0.0166514 0.0029325 2.34619)
(-0.0039389 -0.00648528 2.433)
(-0.0138865 -0.0154629 2.5258)
(0.0133657 -0.0076605 2.50823)
(0.00401137 -0.0232506 2.43532)
(-0.00401405 -0.00808033 2.50854)
(-0.0110157 -0.012636 2.45002)
(0.0104536 -0.0112846 2.43258)
(0.0078236 0.00144224 2.48504)
(0.00225269 0.00433513 2.5633)
(0.0041963 0.00224905 2.56858)
(0.00503311 0.00327284 2.47922)
(-0.000144949 0.00514882 2.48051)
(0.019307 0.0158484 2.48492)
(-0.000516657 0.0124281 2.4813)
(0.0194648 0.00634198 2.34248)
(0.00340961 0.00381072 2.34144)
(0.0220965 0.0167918 2.3432)
(0.00160987 0.0112579 2.34124)
(0.00437781 0.00627216 2.48773)
(0.00260478 0.000342911 2.48768)
(0.00327185 -0.0036831 2.48681)
(0.00436452 0.00393207 2.34622)
(0.0122215 0.00552225 2.34602)
(0.00513913 -0.0041841 2.34523)
(0.0109292 -0.00686406 2.34493)
(-0.0018082 0.00412037 2.42855)
(0.000451328 0.0016215 2.50398)
(0.0117472 0.00548961 2.50777)
(0.00550253 0.00508623 2.42915)
(0.000114076 0.00354368 2.50545)
(-0.00101822 0.00194926 2.42724)
(0.00655905 0.00767406 2.43061)
(-0.00515837 -0.0021327 2.46334)
(-0.00850083 0.0195867 2.53568)
(-0.0164066 -0.0139638 2.55905)
(-0.0268715 0.00746201 2.46326)
(-0.00756268 -0.00242167 2.54098)
(-0.0114342 0.0189348 2.45751)
(-0.0151137 -0.0116646 2.48134)
(-0.00585324 0.00117064 2.45948)
(-0.00559131 0.00784739 2.53379)
(-0.00191158 0.000492329 2.53922)
(-0.00109534 -0.00515398 2.45672)
(-0.00403766 0.00256809 2.53722)
(-0.00513696 -0.000336235 2.45509)
(-0.000649071 -0.000667012 2.46074)
(-0.0151743 0.0175101 2.46446)
(-0.0056877 0.00295164 2.2349)
(-0.00744725 0.002557 2.2845)
(-0.00643255 -0.000545135 2.21618)
(-0.00395505 0.00161917 2.26405)
(-0.00624095 -0.00153297 2.2659)
(-0.00320826 0.00309835 2.21404)
(0.00147777 0.00273811 2.24212)
(0.00183352 5.3913e-05 2.29839)
(0.00672558 -0.00690807 2.23099)
(0.0143694 0.00452342 2.23284)
(0.00586336 0.00258863 2.23152)
(0.0135824 -0.005915 2.14334)
(0.00687718 -0.00948965 2.14189)
(0.0129121 0.00351458 2.14431)
(0.00549063 0.00202333 2.14249)
(0.0170623 0.0185756 2.23072)
(0.00433041 0.00170884 2.23341)
(0.0181526 0.00280111 2.23079)
(0.00549243 0.00756184 2.14399)
(0.015153 0.0187297 2.14279)
(0.00351619 0.000659197 2.14381)
(0.0141942 0.00235937 2.14222)
(-0.00280055 -0.00665196 2.21312)
(-0.0176526 -0.0165173 2.27611)
(0.0218443 -0.00916412 2.25428)
(0.00673412 -0.0257307 2.21126)
(-0.00396864 -0.00991836 2.25917)
(-0.0117587 -0.0115521 2.23049)
(0.00998801 -0.0121352 2.20786)
(0.00878249 -0.000288129 2.2167)
(0.003086 -0.00229254 2.2712)
(0.00813268 -0.000208124 2.27443)
(0.00441543 0.0016152 2.21241)
(0.00498449 0.00196193 2.22934)
(0.0180273 0.0142755 2.23005)
(0.00272142 0.00887928 2.2295)
(0.0127668 0.0030337 2.14178)
(0.00491785 0.00122889 2.14075)
(0.0133339 0.00954417 2.14097)
(0.00302073 0.00659134 2.14154)
(0.0142178 0.0048833 2.23049)
(0.00617826 -0.00671295 2.23097)
(0.0130037 -0.00778293 2.23029)
(0.00568894 0.000783763 2.14207)
(0.0106309 0.00466521 2.14211)
(0.00569434 -0.00743869 2.14253)
(0.00881657 -0.0070148 2.14212)
(-0.00201884 0.00893288 2.21154)
(0.00245202 0.00483156 2.25565)
(0.024681 0.0113327 2.25416)
(0.0108382 0.00652378 2.20805)
(0.000635551 0.0102242 2.2562)
(-0.000681573 0.00507431 2.21126)
(0.00782735 0.0129502 2.20893)
(-0.00501598 -0.00196566 2.2182)
(-0.00811971 0.0161513 2.26466)
(-0.0184833 -0.0142011 2.288)
(-0.0259696 0.00143181 2.21391)
(-0.00758233 -0.0021265 2.27157)
(-0.0125532 0.00949231 2.2116)
(-0.0135608 -0.009252 2.23415)
(-0.00965318 -0.00028148 2.21419)
(-0.0127774 -0.00502293 2.26386)
(-0.00193658 3.29391e-05 2.26521)
(-0.00225756 -0.0152372 2.2097)
(-0.00894177 0.00256684 2.26718)
(-0.010227 -0.0127109 2.21084)
(-0.00135852 -0.00190757 2.21155)
(-0.0274173 0.0304616 2.23011)
(-0.00311489 0.00180578 2.09898)
(-0.00525597 0.00150177 2.12321)
(-0.00238602 0.000669764 2.08102)
(0.000405869 0.000777257 2.10293)
(-0.00264206 -0.00143909 2.10566)
(0.00142433 0.00291757 2.07839)
(0.000333502 0.00487231 2.09472)
(3.59424e-05 0.00254898 2.12208)
(0.00757735 -0.0109361 2.07723)
(0.0131717 0.00218642 2.07845)
(0.0057257 0.00109441 2.07798)
(0.0127463 -0.00958687 2.03091)
(0.00859883 -0.0112923 2.03026)
(0.0124559 0.0013007 2.03109)
(0.00725588 0.00132366 2.03133)
(0.015745 0.0188544 2.07966)
(0.00393762 -0.000509785 2.08002)
(0.013536 0.00186905 2.08013)
(0.00791518 0.00722235 2.03174)
(0.0193184 0.0184611 2.03168)
(0.00546673 -8.03655e-05 2.03277)
(0.0174687 0.00271048 2.03311)
(-0.00260465 -0.00527998 2.07493)
(-0.0152287 -0.0154041 2.1175)
(0.0171906 -0.00607749 2.0943)
(0.00503836 -0.0241593 2.0734)
(-0.00321687 -0.00794974 2.09928)
(-0.0107715 -0.0123705 2.09306)
(0.0117253 -0.00968763 2.06898)
(0.00401953 -0.00126323 2.07047)
(0.00158743 0.000329056 2.09289)
(0.00368061 0.000384941 2.09699)
(0.00271061 0.00238347 2.0675)
(0.00553676 0.000475238 2.07671)
(0.0115398 0.00540047 2.07551)
(0.00428401 0.00447438 2.07753)
(0.00948278 -0.000169928 2.02917)
(0.00763481 0.000366882 2.03024)
(0.0083901 0.0055624 2.02932)
(0.00612741 0.00547566 2.0315)
(0.0108797 0.00445072 2.08028)
(0.00650342 -0.00805615 2.07893)
(0.00816797 -0.00638036 2.07948)
(0.00896197 -0.000645037 2.03188)
(0.0149661 0.00387356 2.03281)
(0.00736287 -0.00580506 2.03177)
(0.0106868 -0.00291018 2.03206)
(0.000786898 0.00851174 2.07234)
(0.0020843 0.00424289 2.09853)
(0.016401 0.0115956 2.09446)
(0.00433601 0.00725306 2.06944)
(0.00197548 0.0106912 2.09696)
(0.00177417 0.0044215 2.07282)
(0.00807038 0.0121539 2.06907)
(-0.00610811 -0.00206145 2.07042)
(-0.00579589 0.00627823 2.09235)
(-0.0128888 -0.0103563 2.11498)
(-0.0162133 -0.00335528 2.06676)
(-0.00787482 -0.00209117 2.09841)
(-0.00984286 0.000485726 2.06428)
(-0.0091668 -0.00633531 2.08687)
(-0.00888261 -0.000733839 2.06645)
(-0.0137109 -0.00576393 2.0924)
(-0.00274881 0.000790132 2.09181)
(-0.00304592 -0.00869932 2.06397)
(-0.00853566 0.00237066 2.09348)
(-0.0101117 -0.010693 2.06512)
(-0.00286267 -0.00180447 2.06523)
(-0.0241861 0.0272252 2.0874)
(-0.00112723 0.00136924 2.02881)
(-0.00329318 0.00182794 2.04172)
(-0.000324045 0.00150635 2.00932)
(0.0035694 0.002905 2.0199)
(0.000373659 0.00116444 2.02209)
(0.00385296 0.00325122 2.00717)
(-0.000777178 0.00719794 2.02976)
(-0.000324711 0.00485624 2.03993)
(0.00852457 -0.00981651 1.99799)
(0.0116396 3.6211e-05 1.99813)
(0.00761217 0.00103622 1.99822)
(0.0129908 -0.0103149 1.97717)
(0.00918152 -0.0102842 1.9761)
(0.0145493 -0.00171658 1.97588)
(0.00901963 0.00016782 1.97583)
(0.0171339 0.0186832 1.99918)
(0.0054823 -0.000404093 1.99954)
(0.0164156 0.00278771 1.99981)
(0.00926584 0.00816066 1.97783)
(0.0178676 0.0185237 1.97754)
(0.00683943 -0.00124184 1.97757)
(0.0187338 0.00196546 1.97802)
(-0.000782775 -0.00474392 2.00043)
(-0.0126436 -0.0163523 2.03358)
(0.0180263 -0.00487712 2.00965)
(0.00277333 -0.0228878 1.99955)
(-0.00147901 -0.00705293 2.01526)
(-0.00920297 -0.0132405 2.0183)
(0.0165807 -0.00911113 1.99565)
(0.000659646 -0.00412102 2.00795)
(0.00184454 0.00020688 2.01589)
(0.000921718 -0.00242445 2.01818)
(0.00245241 -0.000649826 2.00584)
(0.00831836 0.000254853 1.9968)
(0.00468291 0.00272585 1.9966)
(0.00644748 0.00357967 1.99827)
(0.00867388 -0.00212574 1.97321)
(0.00988013 5.0494e-05 1.97378)
(0.00421258 0.000463755 1.97387)
(0.00730398 0.00180718 1.97534)
(0.0131618 0.00343282 1.99863)
(0.00680974 -0.0050956 1.99789)
(0.00730107 -0.00122778 1.99807)
(0.0103496 -0.00246809 1.9754)
(0.0147588 0.00220882 1.97576)
(0.00683143 -0.00620107 1.9751)
(0.0064495 -0.00257338 1.9752)
(0.00167937 0.00907611 1.99811)
(0.0043373 0.00661364 2.01135)
(0.0142678 0.0102869 2.00949)
(0.0083676 0.00628602 1.99556)
(0.00403376 0.00996297 2.01223)
(0.000519098 0.00689728 1.99717)
(0.0110768 0.0114841 1.99536)
(-0.00620473 -0.00220996 1.99989)
(-0.00449518 0.00236241 2.00826)
(-0.010136 -0.00747334 2.03091)
(-0.0112383 -0.00447242 1.99864)
(-0.00761857 -0.00223854 2.01404)
(-0.00769977 0.000286215 1.99502)
(-0.00763051 -0.00470034 2.01691)
(-0.00919619 -0.000383639 1.99396)
(-0.0110982 -0.00295726 2.00704)
(-0.00375995 0.000943307 2.00758)
(-0.0035184 -0.0025653 1.99367)
(-0.00790032 0.00196689 2.00787)
(-0.00852962 -0.00220024 1.99365)
(-0.0050037 -0.0013539 1.9937)
(-0.0188077 0.0223495 2.01646)
(0.000906394 -0.000187518 1.98678)
(-0.00163314 0.00112536 1.99651)
(4.08156e-05 -0.000335368 1.96645)
(0.00542802 0.00263598 1.97459)
(0.00166929 0.0011384 1.97621)
(0.00507107 0.00161537 1.96461)
(4.1073e-05 0.00788291 1.99368)
(0.000574809 0.00526418 2.00433)
(0.00952475 -0.0139462 1.95745)
(0.0176442 -0.00392995 1.95719)
(0.00975909 -0.00120733 1.95706)
(0.0188834 -0.0190343 1.93629)
(0.00916177 -0.0167696 1.93534)
(0.0195609 -0.00591081 1.93566)
(0.00959029 -0.00243771 1.93517)
(0.0185773 0.0150971 1.95751)
(0.00740317 -0.00285337 1.95723)
(0.0204273 0.000794779 1.95777)
(0.00960866 0.0017515 1.93402)
(0.0186778 0.0129761 1.93367)
(0.00729368 -0.00439254 1.93332)
(0.0202386 -0.000437111 1.93406)
(0.00039334 -0.00329842 1.95792)
(-0.0113863 -0.0152711 1.98519)
(0.0220734 -0.00624791 1.96317)
(0.00660621 -0.0211537 1.95623)
(0.00014355 -0.00593821 1.96789)
(-0.00797392 -0.0113362 1.97533)
(0.0186479 -0.00936877 1.95358)
(0.00106953 -0.00559844 1.9719)
(0.00328898 -0.00196952 1.98052)
(0.000961281 -0.00415842 1.98267)
(0.00380006 -0.0024169 1.96959)
(0.0108119 -0.000616047 1.95473)
(0.00402549 -0.00118732 1.95509)
(0.00763726 0.00112892 1.9563)
(0.0105683 -0.00452627 1.93294)
(0.0110044 -0.00106647 1.93321)
(0.00423015 -0.00207441 1.93371)
(0.00717442 0.000759689 1.93461)
(0.0166476 0.000752346 1.95527)
(0.00633017 -0.00623169 1.95489)
(0.00648162 -0.0035646 1.95507)
(0.0103878 -0.00506348 1.9312)
(0.0165401 -0.000315262 1.93162)
(0.00523644 -0.00642176 1.93159)
(0.00588344 -0.00475214 1.93189)
(0.0031751 0.0109105 1.95452)
(0.0051174 0.0077235 1.96399)
(0.0171586 0.0097773 1.96318)
(0.0129518 0.00623008 1.95284)
(0.00596469 0.0116377 1.96514)
(0.00266711 0.00749757 1.95384)
(0.012916 0.0116134 1.95281)
(-0.00693662 -0.00311064 1.96125)
(-0.0039866 0.000381002 1.96706)
(-0.0116264 -0.00778784 1.98911)
(-0.0109467 -0.00652253 1.96063)
(-0.00928741 -0.00315099 1.97221)
(-0.00840004 -0.000863828 1.95577)
(-0.00831434 -0.00455342 1.97835)
(-0.00976819 -0.000856704 1.95574)
(-0.00959221 -5.01211e-05 1.96529)
(-0.00525414 0.000314955 1.96638)
(-0.00363456 -0.00464837 1.95391)
(-0.00793762 0.00163262 1.9666)
(-0.00755423 -0.00282641 1.95371)
(-0.00591611 -0.00197772 1.95543)
(-0.0191575 0.02175 1.97509)
(0.00171003 -0.00156702 1.93207)
(-0.00108252 7.66926e-05 1.95171)
(-0.000415827 -0.00160987 1.91004)
(0.00557393 0.00101965 1.92844)
(0.00200386 0.000347867 1.93014)
(0.00448041 -0.000402919 1.9082)
(0.000397654 0.00820996 1.92907)
(0.00161058 0.00482386 1.95384)
(0.00764869 -0.0173976 1.90241)
(0.0177887 -0.00727041 1.90327)
(0.00781555 -0.00317688 1.90263)
(0.0156186 -0.0199709 1.85243)
(0.00521704 -0.014991 1.85183)
(0.0142947 -0.00784677 1.85328)
(0.00526383 -0.0032129 1.85256)
(0.0173582 0.0100355 1.89889)
(0.00597293 -0.00557444 1.8988)
(0.0186609 -0.00130374 1.89941)
(0.00609543 9.25543e-05 1.84681)
(0.0141996 0.00859897 1.84744)
(0.00372301 -0.00559979 1.8471)
(0.0159751 -0.00170176 1.84768)
(0.00148451 -0.00186524 1.90406)
(-0.0100739 -0.0135567 1.94146)
(0.0226821 -0.00544627 1.91661)
(0.00684395 -0.0170722 1.9021)
(0.000753014 -0.00432445 1.92263)
(-0.00687651 -0.0104858 1.92327)
(0.0196816 -0.00645738 1.89792)
(0.000518345 -0.00654565 1.90694)
(0.0043265 -0.00287469 1.92913)
(0.00158791 -0.00447484 1.93166)
(0.00387618 -0.00362711 1.90418)
(0.00944798 -0.00157684 1.9014)
(0.000979143 -0.00432701 1.90185)
(0.00558976 -0.000143942 1.90228)
(0.00388176 -0.00640874 1.85229)
(0.00720935 -0.00181207 1.85174)
(-0.00221154 -0.00694458 1.85262)
(0.00333242 -0.00219726 1.85236)
(0.0149777 -0.0013402 1.89757)
(0.00325386 -0.00591331 1.89795)
(0.00474714 -0.00474922 1.89804)
(0.00603541 -0.00630335 1.84635)
(0.0122266 -0.00193023 1.84663)
(0.000624779 -0.00557245 1.84711)
(0.00185533 -0.00401332 1.84753)
(0.00183844 0.0109154 1.90028)
(0.00459926 0.0083279 1.91831)
(0.0195275 0.00926885 1.91672)
(0.0126621 0.00611045 1.89801)
(0.00559578 0.0122501 1.91844)
(0.00172306 0.00802947 1.90036)
(0.0138198 0.011587 1.89767)
(-0.0083067 -0.00305217 1.90355)
(-0.00412708 0.00118705 1.91853)
(-0.0133866 -0.00807616 1.94184)
(-0.00875968 -0.00762625 1.90136)
(-0.0111375 -0.00298992 1.925)
(-0.00824974 -0.000106117 1.89687)
(-0.00914536 -0.00479213 1.92038)
(-0.0105112 -0.000611936 1.89712)
(-0.0100949 0.000454786 1.91604)
(-0.00633038 0.000744285 1.91794)
(-0.00540665 -0.00318425 1.89432)
(-0.00834267 0.00228261 1.9186)
(-0.00847234 -0.00140744 1.89423)
(-0.00739438 -0.00167485 1.89631)
(-0.020045 0.0224192 1.91722)
(-0.000427919 -8.14901e-05 1.80412)
(-0.0033433 0.00095884 1.8495)
(-0.00131115 -0.000393847 1.78109)
(0.00341964 0.000598385 1.82473)
(0.00148245 0.000784438 1.82649)
(0.00202113 8.60424e-06 1.77932)
(4.54347e-05 0.0071655 1.79266)
(0.00159941 0.0032109 1.84022)
(0.00214986 -0.0106519 1.78005)
(0.0101272 -0.00771547 1.78244)
(0.00149198 -0.00296936 1.78127)
(0.00791702 -0.0100492 1.68435)
(-0.00128102 -0.00514082 1.68409)
(0.00447059 -0.0067988 1.6864)
(-0.00278107 -0.00190082 1.6856)
(0.00778475 0.00844032 1.77555)
(0.00063162 -0.00575587 1.77473)
(0.00945899 -0.00200018 1.77564)
(0.00111849 0.00383076 1.6787)
(0.00295206 0.00920133 1.67994)
(-0.00240166 -0.00527513 1.67951)
(0.00295333 -0.00178094 1.68059)
(0.00125424 -0.00146524 1.77748)
(-0.00725281 -0.0127851 1.84038)
(0.0132307 -0.00274019 1.81431)
(-0.00161767 -0.0104845 1.77425)
(0.000592659 -0.00409081 1.82147)
(-0.00441925 -0.00923913 1.7959)
(0.0102341 -0.00354251 1.77104)
(-0.00154984 -0.00660199 1.7713)
(0.00204752 -0.00337326 1.81429)
(-0.00114785 -0.00503944 1.81733)
(0.00263216 -0.00302634 1.77025)
(0.00358021 -0.00219199 1.7811)
(-0.00602812 -0.0119102 1.78268)
(0.000113926 -0.00698771 1.78172)
(-0.00497266 -0.00654212 1.68652)
(-0.000574942 -0.00168273 1.68616)
(-0.00932376 -0.014439 1.68692)
(-0.00355782 -0.00902877 1.68642)
(0.00618787 -0.0018294 1.77529)
(-0.00202007 -0.00748955 1.77582)
(-0.00360901 -0.00398824 1.77683)
(-0.000439893 -0.00562496 1.67969)
(-0.00156013 -0.00106173 1.68085)
(-0.00475826 -0.00702821 1.68087)
(-0.00976074 -0.00201418 1.68191)
(-0.00117879 0.00979845 1.77432)
(0.00161123 0.00857011 1.81792)
(0.00876211 0.0076215 1.81499)
(0.00319524 0.00646289 1.77083)
(0.00238968 0.0112713 1.81848)
(-0.000349373 0.0077463 1.77378)
(0.00215827 0.0103493 1.77102)
(-0.00842034 -0.00293079 1.77071)
(-0.00285847 -0.00810698 1.81042)
(-0.011227 -0.00577365 1.83442)
(-0.000841195 -0.0123913 1.76804)
(-0.0125017 -0.00300583 1.81762)
(-0.00696459 -0.00985573 1.76467)
(-0.00583078 -0.00188122 1.78753)
(-0.0116065 -0.00117965 1.76504)
(-0.0113747 -0.0013155 1.80878)
(-0.00889874 0.00106513 1.81064)
(-0.00791287 -0.00561678 1.76231)
(-0.00880614 0.00217076 1.81179)
(-0.0100945 -0.00507921 1.76255)
(-0.00991169 -0.00170013 1.76403)
(-0.0164039 0.0159314 1.78909)
(-0.000914109 0.000803749 1.56985)
(-0.00539481 0.00225486 1.64049)
(-0.00121649 0.000914967 1.54759)
(0.00166349 0.00101539 1.61678)
(0.00173761 0.00138358 1.61852)
(0.000829683 0.00124958 1.54591)
(-0.000304819 0.00532363 1.56587)
(0.000614453 0.000962016 1.63317)
(-0.00365901 -0.00249921 1.56308)
(0.00124958 -0.00603067 1.56494)
(-0.00587178 -0.000839184 1.56467)
(0.00662453 -0.00618365 1.42169)
(-0.00568938 -0.000213937 1.42169)
(0.000677087 -0.00528759 1.4237)
(-0.00824672 0.000112827 1.4237)
(-0.000535371 0.0101652 1.5588)
(-0.00483914 -0.00464719 1.56004)
(-0.00129803 -0.00108241 1.56011)
(-0.00304306 0.00686827 1.41827)
(-0.00371582 0.0115945 1.41646)
(-0.00708077 -0.00378095 1.42049)
(-0.00563774 -0.000268066 1.41886)
(0.000713791 0.000773355 1.54257)
(-0.00582721 -0.0100819 1.63162)
(0.00526002 0.000566398 1.6065)
(-0.00157181 -0.0065319 1.53982)
(-0.000794739 -0.00263503 1.61299)
(-0.00278713 -0.00612863 1.56149)
(0.0060682 -0.00113095 1.53659)
(-0.00347084 -0.00613584 1.54388)
(-0.000533341 -0.00270866 1.61182)
(-0.00401766 -0.00343764 1.61123)
(0.00046396 -0.00363764 1.54283)
(-0.00341522 -0.0015268 1.56536)
(-0.0117042 -0.0160734 1.5651)
(-0.00604365 -0.00975027 1.56486)
(-0.0082322 -0.00631639 1.4244)
(-0.00562284 -0.00119827 1.42453)
(-0.0111624 -0.0168607 1.42375)
(-0.00801347 -0.00996338 1.4235)
(-0.00617308 -0.000749772 1.56074)
(-0.00683381 -0.0063309 1.56074)
(-0.0125824 -0.00123659 1.56096)
(-0.00530558 -0.00479053 1.42105)
(-0.0104531 -0.000278112 1.41929)
(-0.00868472 -0.00631626 1.42053)
(-0.0149827 -0.00132323 1.41907)
(-0.0052241 0.00715644 1.54026)
(-0.00177064 0.00818679 1.60912)
(-0.00163089 0.00456845 1.60722)
(-0.0048977 0.0061499 1.53737)
(-0.000571081 0.0096807 1.6098)
(-0.00513906 0.00781608 1.53922)
(-0.00561132 0.00793125 1.5372)
(-0.0071057 -0.0024862 1.53866)
(-0.00108673 -0.0129278 1.60124)
(-0.00741262 -0.00398976 1.62481)
(0.00437038 -0.0113466 1.53716)
(-0.0119565 -0.00283966 1.60727)
(-0.00654722 -0.0141408 1.53318)
(-0.00160795 0.000530278 1.55654)
(-0.0114948 -0.00199473 1.53461)
(-0.0114035 -0.000385849 1.60028)
(-0.0100757 0.0013351 1.60181)
(-0.00897827 -0.00521478 1.53161)
(-0.00805701 0.00213068 1.60264)
(-0.00956661 -0.00613827 1.53169)
(-0.0108237 -0.00200108 1.53387)
(-0.00989737 0.00729383 1.55835)
(-0.000851536 0.000897455 1.25965)
(-0.00583684 0.00218683 1.34178)
(-0.00121702 0.00151241 1.23635)
(0.00133761 0.000872419 1.31722)
(0.00223512 0.00119759 1.31894)
(0.000432043 0.00179112 1.23462)
(0.00106315 0.00172339 1.26309)
(0.00172589 -0.00389901 1.34181)
(-0.0072438 0.00161883 1.26775)
(0.00163278 -0.0042663 1.26974)
(-0.009845 0.00117814 1.27069)
(0.0081423 -0.00386355 1.10994)
(-0.00872157 0.00265315 1.11097)
(0.0033286 -0.00359755 1.11323)
(-0.0109616 0.00189643 1.11561)
(-0.00777438 0.0115309 1.26106)
(-0.00919902 -0.0026505 1.26826)
(-0.010192 0.000720326 1.26482)
(-0.00743157 0.00950493 1.10743)
(-0.0115509 0.0129295 1.10178)
(-0.0111355 -0.00150617 1.11355)
(-0.0141304 0.00152509 1.10774)
(-0.00047924 0.00124951 1.22951)
(-0.00550047 -0.00786446 1.33386)
(-0.00127247 0.00432123 1.30743)
(-0.00657891 -0.000736329 1.22734)
(-0.00193774 -0.00244405 1.31425)
(-0.000887909 -0.00311694 1.24928)
(-0.00394148 0.00177298 1.2241)
(-0.00399328 -0.00755172 1.24218)
(-0.00245205 -0.0108912 1.31875)
(-0.00585351 -0.0044119 1.32211)
(-0.000777764 -0.00996944 1.23851)
(-0.00733427 -0.000845174 1.27127)
(-0.0107528 -0.018217 1.2692)
(-0.00936281 -0.010829 1.26944)
(-0.0063699 -0.00583783 1.11421)
(-0.0085523 -0.000432611 1.11615)
(-0.0095735 -0.018083 1.11171)
(-0.0103591 -0.011397 1.11274)
(-0.0143005 7.22394e-05 1.26498)
(-0.0105422 -0.0068202 1.26697)
(-0.0170655 -0.00152726 1.26405)
(-0.00988056 -0.00410808 1.114)
(-0.0177984 0.000600832 1.10804)
(-0.0120818 -0.00812789 1.11001)
(-0.0193116 -0.00257255 1.10526)
(-0.00642575 0.00499139 1.22687)
(-0.00478372 0.00693924 1.31052)
(-0.00882678 0.00285839 1.3086)
(-0.0136995 0.00676519 1.22494)
(-0.00302713 0.00876618 1.31118)
(-0.00533752 0.0057271 1.22608)
(-0.0152639 0.00582064 1.22536)
(-0.00648562 -0.00222978 1.2288)
(0.000234172 -0.0154306 1.30541)
(-0.00619776 -0.00327115 1.32933)
(0.00605419 -0.0129886 1.22902)
(-0.0113986 -0.00270871 1.31057)
(-0.00639809 -0.0161217 1.22479)
(-0.00066554 0.00172096 1.24763)
(-0.0120472 -0.00242728 1.22364)
(-0.0114782 -0.00193358 1.30336)
(-0.00987517 0.00133151 1.30517)
(-0.00957792 -0.00797396 1.22264)
(-0.00761852 0.00241137 1.30514)
(-0.00924127 -0.00678027 1.22196)
(-0.0112881 -0.00286601 1.22379)
(-0.00672533 0.0020058 1.24607)
(-0.00262601 0.001616 0.939534)
(-0.0075104 0.00267372 1.01499)
(-0.00410809 0.00193842 0.913894)
(-5.85897e-05 0.00139634 0.988773)
(0.000869359 0.00200437 0.990244)
(-0.0018167 0.00235048 0.91243)
(0.00124189 0.00298346 0.950282)
(0.00210497 -0.00333634 1.02342)
(-0.00991977 0.00386485 0.961657)
(0.00647894 -0.00210555 0.964687)
(-0.0116222 0.00304835 0.968523)
(0.0122094 -0.00144646 0.826227)
(-0.0105726 0.00607142 0.830212)
(0.0114294 -0.000524013 0.834321)
(-0.0117732 0.00349498 0.84049)
(-0.0165569 0.0146553 0.949531)
(-0.0131646 0.000404743 0.967283)
(-0.0185516 0.00321755 0.957994)
(-0.0110567 0.0158399 0.826228)
(-0.0188997 0.0183283 0.813923)
(-0.0142368 0.00201939 0.840172)
(-0.0210867 0.00375689 0.826135)
(-0.000462551 0.00373503 0.898214)
(-0.00581751 -0.00645035 0.997788)
(-0.00990931 0.00924742 0.974871)
(-0.0136947 0.0066563 0.895575)
(-0.0034984 -0.0023735 0.97924)
(0.00107981 0.000664997 0.914811)
(-0.015186 0.00580806 0.895242)
(-0.00114759 -0.00621106 0.929063)
(-0.00150934 -0.0060936 0.998289)
(-0.00277041 -0.00311381 1.00208)
(0.000520114 -0.00588607 0.92505)
(-0.00943043 -5.09766e-05 0.969014)
(-0.00903652 -0.0184726 0.961464)
(-0.0112109 -0.0129014 0.962839)
(0.000996426 -0.00533833 0.836106)
(-0.0102195 0.00027235 0.841188)
(-0.00608786 -0.0172764 0.82842)
(-0.0121892 -0.0145617 0.831343)
(-0.0209522 0.00104571 0.958098)
(-0.0137088 -0.0106086 0.959948)
(-0.0220228 -0.00446136 0.952273)
(-0.0133984 -0.00483908 0.840405)
(-0.0235233 0.000956849 0.825946)
(-0.0147821 -0.0152372 0.827761)
(-0.0241685 -0.00844922 0.815734)
(-0.0100586 0.00224679 0.896065)
(-0.00318485 0.00562598 0.976047)
(-0.0142048 0.00200614 0.976244)
(-0.0211925 0.00584122 0.896671)
(-0.00446919 0.00678717 0.976662)
(-0.00876728 0.00470568 0.895723)
(-0.0235517 0.00413586 0.89723)
(-0.00647503 -0.00367342 0.908203)
(0.0010077 -0.0158011 0.981677)
(-0.00769176 -0.00447621 1.00303)
(0.00347418 -0.0154823 0.908638)
(-0.0113946 -0.00397951 0.985017)
(-0.00738545 -0.0195007 0.906187)
(-0.00137477 0.00140237 0.925247)
(-0.0164122 -0.00345214 0.901113)
(-0.0150241 -0.00370054 0.97728)
(-0.0112292 0.000180259 0.97844)
(-0.0125396 -0.0132431 0.902891)
(-0.0101724 0.00194267 0.977682)
(-0.0135813 -0.00994784 0.90158)
(-0.0140403 -0.00496329 0.902121)
(-0.00810013 -1.39661e-05 0.908038)
(-0.00559655 0.00381774 0.672125)
(-0.0112299 0.00522387 0.733492)
(-0.016279 0.00204758 0.645979)
(-0.00611079 0.00511202 0.705522)
(-0.00750051 0.00339262 0.707085)
(-0.0101624 0.00611522 0.643984)
(0.00119208 0.00499145 0.688927)
(0.00267252 -0.0010289 0.746792)
(-0.0106808 0.0112561 0.725521)
(0.0169794 0.00175703 0.731208)
(-0.0109564 0.00463712 0.740054)
(0.0142169 0.00617342 0.644578)
(-0.0114343 0.0165218 0.654873)
(0.0229672 0.00384946 0.662087)
(-0.0106189 0.00457354 0.674242)
(-0.0211035 0.023577 0.701986)
(-0.01512 0.00463089 0.739686)
(-0.0234704 0.00496095 0.718749)
(-0.0122789 0.0285273 0.647206)
(-0.0246196 0.0286843 0.621242)
(-0.016181 0.00698906 0.674046)
(-0.0282883 0.00481651 0.644832)
(0.000184775 0.017953 0.614976)
(-0.00559398 5.09016e-05 0.680476)
(-0.0165866 0.0160622 0.681723)
(-0.0151138 0.0201049 0.607875)
(-0.00287989 0.0066917 0.67966)
(0.000559171 0.0101472 0.603334)
(-0.0165955 0.0155187 0.619401)
(0.00107455 -0.00905449 0.669227)
(0.00279524 -0.0051519 0.724546)
(0.00247328 -0.00274295 0.729338)
(0.00271502 -0.0107089 0.663241)
(-0.00989056 0.00103028 0.741008)
(-0.00349757 -0.0176124 0.721017)
(-0.0124222 -0.0176062 0.726316)
(0.0149337 -0.00629364 0.664023)
(-0.00983441 0.00218418 0.675208)
(9.91402e-05 -0.0169274 0.645885)
(-0.013342 -0.0193414 0.655068)
(-0.0255966 0.000913782 0.719312)
(-0.0158637 -0.021223 0.720988)
(-0.0261759 -0.0138674 0.703387)
(-0.0156531 -0.00707642 0.674278)
(-0.0301344 0.00160476 0.645429)
(-0.0164269 -0.0266737 0.647528)
(-0.029908 -0.0194577 0.622405)
(-0.0130565 -0.00521848 0.626266)
(-0.00760132 0.00542956 0.686696)
(-0.0226375 -0.00384399 0.689898)
(-0.0240444 0.00471502 0.635069)
(-0.00812322 0.00194708 0.684993)
(-0.0127152 0.00558255 0.628972)
(-0.0264874 -0.00508019 0.631508)
(-0.00571524 -0.00798242 0.643949)
(-0.000881847 -0.0199203 0.70457)
(-0.00995619 -0.00833656 0.712116)
(-0.00158315 -0.0192663 0.641987)
(-0.0116695 -0.00808987 0.703494)
(-0.00840381 -0.0200251 0.648075)
(-0.00281317 -0.00322004 0.645064)
(-0.032069 -0.00780347 0.630952)
(-0.0255961 -0.0163308 0.69741)
(-0.0174953 -0.00448566 0.69703)
(-0.0199545 -0.0272537 0.643645)
(-0.0215272 -0.002124 0.692483)
(-0.0273701 -0.0203869 0.638503)
(-0.0226698 -0.0104829 0.636871)
(-0.0200191 -0.00438043 0.552987)
(-0.014554 0.00764702 0.491876)
(-0.0188112 0.00862086 0.536639)
(-0.039698 0.00034576 0.481571)
(-0.0216566 0.0112212 0.515588)
(-0.0292402 0.00146642 0.52073)
(-0.0266074 0.014332 0.474859)
(-0.000359293 0.0123537 0.516998)
(0.00287116 0.00204557 0.558463)
(-0.0109389 0.0191495 0.623078)
(0.0289702 0.00726646 0.630212)
(-0.00865039 0.00402836 0.645391)
(0.0106306 0.00888722 0.601554)
(-0.0115293 0.0197772 0.626243)
(0.0406149 0.00854623 0.633836)
(-0.00675469 -0.00110208 0.650595)
(-0.0262664 0.0291686 0.580137)
(-0.0162595 0.0098734 0.645962)
(-0.0318557 0.00471615 0.609873)
(-0.00785785 0.0322243 0.615197)
(-0.0243414 0.0273103 0.574211)
(-0.0126192 0.0102441 0.653912)
(-0.0324566 0.000495997 0.611022)
(0.00414531 0.0586735 0.428963)
(-0.0124185 0.0173547 0.370469)
(-0.026628 0.0411843 0.498702)
(-0.0271881 0.0688349 0.401321)
(0.000835544 0.0384019 0.476102)
(-0.0110819 0.0301406 0.263726)
(-0.0244219 0.0392725 0.463659)
(0.00424708 -0.0121406 0.51179)
(0.00680674 -0.00903266 0.538193)
(0.00316118 -0.00958853 0.547232)
(0.01002 0.00547644 0.502313)
(-0.00853595 0.00429009 0.646042)
(-0.00118403 -0.0156279 0.607801)
(-0.0131613 -0.0189455 0.621817)
(0.034559 -0.0082276 0.635416)
(-0.00729106 0.00893178 0.650579)
(0.00047222 -0.0117449 0.601441)
(-0.0143615 -0.0177629 0.623749)
(-0.0333203 0.00257787 0.610132)
(-0.0163351 -0.0284183 0.612017)
(-0.0317093 -0.0191735 0.580227)
(-0.0123579 -0.00920453 0.653003)
(-0.0343349 0.00607663 0.610704)
(-0.0120069 -0.0293768 0.613016)
(-0.0306937 -0.0173878 0.57363)
(-0.0176993 -0.0327133 0.481421)
(-0.00974294 -0.000765197 0.522569)
(-0.0373782 -0.0293215 0.52872)
(-0.0426193 0.0027964 0.51191)
(-0.00929713 -0.0205471 0.511891)
(-0.0174049 -0.00115348 0.495433)
(-0.0425098 -0.0335619 0.502376)
(0.00107213 -0.0173169 0.491765)
(-0.00373077 -0.0263152 0.539308)
(-0.00561117 -0.016489 0.478528)
(0.000339008 -0.0291865 0.469483)
(-0.00841435 -0.0171319 0.526728)
(-0.00847309 -0.0285884 0.510378)
(0.00624066 -0.0101733 0.412496)
(-0.0651279 -0.0158704 0.474612)
(-0.0523817 -0.0326339 0.530933)
(-0.0346901 -0.00945287 0.524685)
(-0.0321477 -0.0441254 0.512435)
(-0.0504958 -0.00873758 0.50986)
(-0.0576857 -0.0423538 0.504377)
(-0.0413523 -0.0149828 0.494232)
(-0.0387345 -0.0165509 0.00861587)
(-0.045823 0.0147052 0.408037)
(-0.0416541 0.0134216 0.431578)
(-0.0470783 -0.00192454 0.40589)
(-0.0312986 0.0230326 0.422867)
(-0.0433348 -0.00219536 0.433262)
(-0.0308732 0.0284067 0.3976)
(0.00333022 0.0017953 0.419191)
(0.00458977 -0.00159492 0.449091)
(-0.00806057 0.0116799 0.668515)
(0.0498922 0.012465 0.673019)
(-0.00201827 -0.00841608 0.687183)
(-0.00773816 -0.0179755 0.675922)
(-0.0126396 -0.00474803 0.726858)
(0.0618025 0.00706625 0.73153)
(-0.00081004 -0.0259007 0.733857)
(-0.00716278 0.00790822 0.613162)
(-0.004672 0.0105742 0.690977)
(-0.0215216 -0.00520291 0.649112)
(0.018597 0.00652166 0.709879)
(0.0193869 -0.020414 0.667308)
(0.0113907 0.00334882 0.740344)
(-0.00182325 -0.0223564 0.70218)
(0.0166382 0.0952412 0.36003)
(-0.0559513 -0.0044784 -0.0883979)
(-0.0146135 0.049555 0.461846)
(-0.0447228 0.117457 0.324135)
(0.0123914 0.081336 0.379875)
(-0.0609108 -0.0191985 -0.233326)
(-0.00229936 0.0267292 0.461332)
(0.00113112 -0.0203462 0.459994)
(0.0148627 0.000603758 0.460933)
(0.00154623 -0.0176588 0.476403)
(0.0174128 0.0156008 0.440071)
(-0.00347845 0.0159211 0.686576)
(-0.00608789 -0.00237172 0.635328)
(-0.0116059 -0.00833362 0.664514)
(0.0573564 -0.00624172 0.731836)
(-0.00292316 0.0311006 0.731952)
(-0.015664 0.0184461 0.673371)
(-0.0173918 0.00664249 0.720564)
(-0.0235346 0.0113327 0.648085)
(-0.00341995 -0.0217416 0.650312)
(-0.0138964 0.00256966 0.611002)
(0.0112309 -0.00379075 0.737734)
(-0.00326028 0.0254607 0.700506)
(0.014743 -0.00744096 0.704192)
(0.0134418 0.0254259 0.663241)
(-0.0298353 -0.061068 0.490928)
(-0.010169 -0.00290767 0.519019)
(-0.0545434 -0.0660815 0.534494)
(-0.0630644 0.0205411 0.56006)
(-0.0157779 -0.0506164 0.487692)
(-0.0188212 -0.00204857 0.529758)
(-0.0629659 -0.071251 0.547923)
(0.00979533 -0.0306647 0.475053)
(0.00209924 -0.02754 0.511521)
(0.00553463 -0.0258984 0.250361)
(0.0161081 -0.0377661 0.382254)
(0.00183834 -0.0295785 0.478453)
(-0.00186348 -0.0264766 0.51239)
(0.0125377 -0.0183355 0.182004)
(-0.0833783 -0.0333824 0.45942)
(-0.0781275 -0.0544959 0.528932)
(-0.0488169 -0.00623077 0.501966)
(-0.0131134 -0.0562338 0.540912)
(-0.0760367 -0.0218079 0.462009)
(-0.0764797 -0.0684273 0.542605)
(-0.0498431 -0.00922421 0.507905)
(-0.00249736 0.0358398 -0.65682)
(-0.116549 0.0316747 0.405377)
(-0.102823 0.0286421 0.40986)
(-0.0576313 -0.0163361 0.313889)
(-0.0213834 0.0280101 0.370287)
(-0.0425075 -0.00555008 0.342859)
(-0.0251386 0.0165072 0.364921)
(0.0106106 -0.0429812 0.354282)
(0.0109144 -0.0336154 0.374537)
(-0.00545215 -0.0394017 0.790776)
(0.0651583 0.0138076 0.786644)
(0.00147399 -0.0475481 0.775434)
(-0.0534699 -0.0976626 0.70994)
(-0.0257604 -0.0648302 0.821835)
(0.0797487 -0.0172743 0.835224)
(0.00388755 -0.0780592 0.769118)
(0.076538 -0.0788057 0.750208)
(0.0324392 -0.00426721 0.775589)
(0.0378121 -0.0402818 0.762404)
(0.0899662 -0.0493883 0.796325)
(0.0962184 -0.0897028 0.775552)
(0.0622304 -0.0213251 0.766882)
(0.0551997 -0.084392 0.785512)
(0.0544692 0.100352 0.370405)
(-0.0651491 -0.118468 -0.520215)
(0.0568195 -0.0601832 0.541604)
(0.00954926 0.140045 0.452194)
(0.0403246 0.0864493 0.36921)
(-0.0321887 -0.121251 -0.524779)
(0.0993999 -0.107601 0.56999)
(-0.0211515 -0.0133149 0.486733)
(0.00455437 0.0279616 0.457373)
(-0.0104968 -0.0162892 0.486466)
(-0.0102908 0.036149 0.460659)
(-0.00155912 0.0505407 0.773722)
(-0.0372065 0.0447467 0.735779)
(-0.0112309 0.0364341 0.784766)
(0.0752133 0.0190132 0.835947)
(0.000511256 0.0845634 0.768404)
(-0.0625227 0.0971133 0.708884)
(-0.0321891 0.0658625 0.818481)
(0.0381819 0.0403725 0.762342)
(0.0367381 0.020447 0.765329)
(0.0722805 0.0779744 0.747277)
(0.0624413 0.0235472 0.766205)
(0.0561245 0.0870223 0.786659)
(0.0880566 0.0465197 0.793102)
(0.0939295 0.0947308 0.773625)
(-0.0371903 -0.109963 0.586643)
(0.00499559 0.00729599 0.646623)
(-0.0607268 -0.110671 0.66763)
(-0.0438223 0.0913084 0.716489)
(-0.0316604 -0.0872881 0.568107)
(0.00946994 0.00860566 0.680809)
(-0.0473175 -0.127537 0.698213)
(-0.0267489 -0.0381209 0.57759)
(0.00377608 0.0220407 0.591663)
(-0.0409323 -0.0386141 0.098329)
(0.00319585 -0.0167931 0.362921)
(-0.0154012 -0.0404722 0.554367)
(-0.00791427 0.0629577 0.612331)
(-0.0661032 -0.0424324 0.0931555)
(-0.100297 -0.0480516 0.522152)
(-0.0783752 -0.0810285 0.64775)
(-0.0365647 0.0298102 0.605424)
(0.074146 -0.0211524 0.672619)
(-0.0838034 -0.0439306 0.511521)
(-0.0799692 -0.0764835 0.670259)
(-0.0353272 0.0445123 0.639642)
(0.10274 0.148865 -0.773457)
(31.1882 -36.2316 43.2467)
(31.5465 -35.5627 44.737)
(51.5929 -5.72339 16.3433)
(49.9572 -11.5622 22.0948)
(49.813 -11.4874 21.9551)
(51.4488 -5.49666 16.519)
(37.3034 -24.3369 32.3412)
(38.1212 -26.7423 34.4869)
(41.8451 -22.7561 30.3768)
(42.4032 -22.9414 30.7731)
(38.4358 -30.288 37.146)
(37.9338 -25.5089 33.7634)
(37.748 -25.889 34.0726)
(49.1277 -8.47427 17.1057)
(43.2031 -17.9622 24.1036)
(46.6748 -13.5557 23.4195)
(46.651 -13.3604 23.6279)
(42.2566 -10.8842 16.4472)
(49.0915 -7.99171 17.4516)
(42.4002 -17.0388 22.809)
(44.7876 -18.1572 28.3834)
(44.5746 -17.7505 27.053)
(48.9323 -11.3689 22.4102)
(50.7408 -6.01409 18.1747)
(50.9883 -5.76033 17.5507)
(48.444 -11.2979 22.0979)
(42.2026 -21.802 30.6296)
(37.9768 -28.7341 36.4907)
(37.7018 -24.7674 32.9672)
(38.3766 -21.4612 29.6034)
(37.7381 -24.9373 34.3002)
(37.4546 -23.3323 31.9134)
(42.4788 -20.9849 29.2235)
(46.2304 -13.0475 23.4812)
(41.9477 -10.5531 14.3468)
(48.9211 -7.68817 17.6165)
(41.4564 -14.8518 18.9978)
(48.8809 -7.96337 17.6789)
(41.3613 -15.7404 20.5013)
(46.3183 -12.596 22.7072)
(55.49 17.7558 3.67803)
(55.1299 17.6879 4.81211)
(51.8833 1.89172 10.9025)
(46.5492 2.56903 6.76988)
(53.3141 8.72877 5.61271)
(53.0785 9.30664 7.38749)
(45.6778 -4.40554 10.5876)
(51.8084 2.46178 11.9118)
(45.7284 3.61553 5.95296)
(49.0732 30.2557 -1.72541)
(49.6368 15.7553 1.52453)
(51.932 25.6232 0.860265)
(51.4335 25.8702 3.42375)
(43.1705 32.7803 -0.732747)
(48.2727 29.9916 1.21758)
(48.2017 17.0099 2.41234)
(51.4433 6.76112 9.95795)
(53.8261 0.644973 15.039)
(54.1678 1.03557 13.1832)
(51.1107 6.36244 12.7476)
(54.9405 17.2417 7.82334)
(54.5069 16.8944 11.1985)
(52.8614 8.83503 9.41324)
(44.8 -4.3667 9.61254)
(51.197 2.15752 14.0163)
(44.42 2.51974 7.67296)
(51.5009 2.00814 13.0704)
(45.3114 3.05348 6.4963)
(52.3679 8.83859 11.3927)
(51.2867 25.6693 6.57581)
(43.2969 32.3547 3.3278)
(47.6493 29.679 8.5719)
(46.7084 15.1231 7.31125)
(48.3183 30.0327 4.93614)
(47.8371 15.9267 4.77611)
(50.7477 25.6012 9.74383)
(41.6814 39.5438 -2.4474)
(42.4513 39.9358 2.27654)
(24.4409 -40.7597 37.0462)
(5.15372 -45.6739 54.4692)
(20.9816 -44.0784 40.2061)
(18.6982 -43.3112 44.1209)
(25.4538 -38.821 44.0181)
(23.6248 -41.3384 42.1479)
(8.58277 -43.5504 53.1382)
(-0.544313 -40.6138 52.1033)
(-1.67656 -32.3574 47.2873)
(1.9266 -33.9554 54.4553)
(2.05967 -39.1412 57.2475)
(4.93511 -42.111 56.7208)
(1.55165 -51.7027 46.9503)
(6.03755 -55.0966 46.919)
(7.18988 -50.936 47.5681)
(0.963673 -41.2507 43.8458)
(5.92523 -39.4785 51.9197)
(4.11188 -47.2743 46.5955)
(11.578 -39.8961 58.388)
(12.8734 -38.5614 57.443)
(18.4543 -40.8926 46.4423)
(26.0689 -36.8073 44.439)
(23.012 -37.4594 46.8627)
(16.9539 -36.5486 44.6782)
(23.5367 -40.0606 45.8618)
(12.1843 -40.145 49.1017)
(19.1349 -38.1014 46.6108)
(4.34026 -34.388 56.8265)
(3.86158 -34.1307 54.6812)
(3.02828 -36.8712 57.3799)
(6.30146 -33.5225 55.6486)
(9.01739 -45.1411 46.9623)
(3.96189 -35.9562 38.388)
(12.1912 -32.1671 39.6578)
(8.29618 -37.2527 41.5698)
(8.33863 -35.6897 45.7838)
(6.33436 -41.9755 44.7491)
(11.0322 -39.6115 44.8202)
(20.3457 48.1148 -11.0759)
(19.368 47.283 -10.2583)
(19.3708 39.6557 -13.1445)
(7.89294 45.0134 -20.5575)
(15.7285 47.8564 -13.7672)
(13.3844 46.7306 -12.8122)
(5.87623 36.022 -19.1985)
(16.5503 38.7211 -13.2843)
(5.22843 44.9775 -18.3899)
(4.78995 45.8199 -18.9202)
(12.9824 51.1598 -13.2624)
(11.2563 48.8515 -13.5676)
(2.95007 44.4933 -18.7384)
(23.659 45.9523 -3.67782)
(32.7435 40.7479 -0.483932)
(28.5522 41.2226 0.504439)
(26.3325 37.9392 -1.40901)
(29.4243 42.4488 -1.45578)
(27.6322 38.7044 -2.2129)
(22.8301 44.8559 -2.53662)
(19.0935 47.5177 -5.01983)
(18.372 46.3161 -4.26603)
(11.617 46.3522 -7.8284)
(3.62454 36.1886 -14.4035)
(13.2346 37.9218 -8.90593)
(2.69208 43.8224 -12.1716)
(14.8399 38.6553 -8.78418)
(3.47078 44.7723 -12.9775)
(10.5815 45.2097 -7.34089)
(10.9538 48.1359 -8.48946)
(1.80749 41.5989 -12.555)
(2.9491 43.7463 -13.0728)
(9.91001 46.2412 -8.27526)
(-5.78951 -51.8799 47.5053)
(-7.87743 -45.3307 30.7472)
(-8.01626 -49.1818 44.3604)
(-5.76599 -42.5774 40.6374)
(-1.96027 -39.1102 35.315)
(-3.20371 -45.9766 45.3704)
(-4.95403 -38.2509 26.0197)
(-15.9393 -44.9115 49.7841)
(-13.7061 -39.4308 44.7753)
(-12.9058 -42.4058 24.6625)
(-22.4945 -38.9523 33.5515)
(-17.5392 -44.7588 41.6239)
(-14.807 -37.5325 34.5869)
(-17.3599 -31.1088 13.0323)
(-9.35415 -34.415 17.3631)
(-17.4286 -31.4727 24.3962)
(-5.62629 -35.576 48.0343)
(-1.13947 -31.4995 49.7672)
(-2.24088 -34.9373 53.2023)
(-4.41714 -30.8662 42.6071)
(-3.3753 -36.5227 35.5129)
(0.500165 -32.8945 29.9817)
(1.19945 -34.7563 37.2608)
(0.00186179 -26.9962 15.6822)
(-0.815675 -39.9689 41.8552)
(-2.63744 -32.1846 20.7144)
(-1.12638 -31.1975 29.7181)
(-11.7902 -34.3293 38.1938)
(-9.79347 -29.3217 31.2912)
(-12.2047 -31.5451 26.6009)
(-15.6533 -25.6639 5.75937)
(-6.50658 -22.8957 6.90496)
(-10.8769 -21.0324 9.43581)
(-7.95804 -27.9039 10.7024)
(-13.8122 -25.7818 15.1473)
(-9.58545 -26.0534 19.4608)
(-5.19718 44.0196 -16.816)
(-11.6162 38.7873 -23.5537)
(-11.1396 36.2882 -23.4784)
(-6.07948 41.8717 -20.1197)
(-21.2248 30.2137 -19.7319)
(-14.7761 25.0046 -15.8501)
(-15.67 26.2588 -15.342)
(-14.8621 26.1166 -16.5641)
(-17.224 20.9427 -15.0934)
(-20.9998 30.0402 -20.7854)
(-14.0881 23.4053 -14.3745)
(-12.1515 25.3716 -14.56)
(-11.693 27.1692 -16.9998)
(-12.7767 37.5615 -19.172)
(-8.02957 36.8211 -17.9125)
(-8.84616 40.5429 -15.5028)
(-15.9191 32.457 -20.4831)
(-8.49332 41.5506 -16.4314)
(-16.143 32.56 -21.2607)
(-12.051 36.998 -17.0594)
(-8.86804 32.8446 -16.7957)
(-5.90796 37.8343 -14.8739)
(-5.27411 40.4008 -15.3866)
(-7.73428 28.7559 -14.8969)
(-13.743 25.6869 -13.2403)
(-16.9361 20.8671 -12.0495)
(-17.4165 29.7513 -17.3385)
(-13.3955 22.6525 -10.1688)
(-18.54 29.9851 -17.5309)
(-13.7088 22.956 -11.4918)
(-12.9482 25.1016 -11.9688)
(-10.0435 25.8183 -13.4777)
(-8.7305 24.4082 -11.8479)
(-22.2462 -22.4414 6.04254)
(-19.8457 -18.1986 0.883877)
(-21.0912 0.367177 -25.6916)
(-24.3557 -5.92538 -14.4101)
(-25.4091 -8.12364 -10.4074)
(-26.0899 -6.84198 -9.92465)
(-24.673 4.10637 -31.9229)
(-23.5485 -1.10414 -25.209)
(-24.2484 -5.08528 -13.9062)
(-23.7107 -5.06261 -3.99011)
(-22.4154 -5.29543 -2.8721)
(-22.282 1.9112 -7.28537)
(-20.8514 0.18339 -4.97555)
(-20.1973 -0.518979 -4.73013)
(-22.2008 0.81965 -7.29712)
(-22.3497 -12.5148 -3.30997)
(-20.0411 -14.1503 -1.05925)
(-22.3412 -8.05714 -7.83532)
(-20.3454 -13.0375 -1.23081)
(-22.3986 -7.57343 -7.94383)
(-20.5502 -13.4211 -2.24159)
(-21.3958 -11.3664 -3.22484)
(-24.6098 -5.51067 -9.53818)
(-23.897 2.91269 -31.1077)
(-19.354 -3.70693 -25.1635)
(-22.6316 -1.95488 -10.9251)
(-20.6721 -2.95679 -25.1199)
(-23.0424 -3.05386 -12.4824)
(-23.4405 -4.86066 -8.9505)
(-21.3723 -5.9381 -1.39791)
(-20.7266 -6.38818 -1.34956)
(-19.3022 -2.03188 -3.77071)
(-21.4596 -0.689432 -5.88042)
(-21.8314 -0.756492 -6.46956)
(-18.7278 -3.18416 -3.56532)
(-20.268 15.145 -20.0529)
(-18.8525 13.3151 -12.1731)
(-20.4177 10.623 -13.1629)
(-20.9098 10.2131 -12.4492)
(-20.0161 15.267 -13.4406)
(-21.261 13.9236 -19.5891)
(-19.048 13.1931 -11.5807)
(-21.8138 3.21147 -9.89979)
(-21.8051 6.11587 -11.5878)
(-21.5123 6.02784 -10.5515)
(-21.8402 3.35355 -9.63764)
(-20.6533 8.91123 -12.3647)
(-20.6966 8.53607 -11.0513)
(-21.7851 5.57911 -11.3315)
(-22.31 7.36701 -27.6586)
(-22.428 9.83196 -22.1757)
(-22.1127 2.88312 -10.9018)
(-22.353 10.1569 -22.8506)
(-22.4597 2.41806 -12.4608)
(-21.5328 5.48549 -10.0583)
(-20.386 9.80293 -9.8899)
(-19.6479 15.0874 -10.4367)
(-20.7356 13.3924 -15.3708)
(-18.4061 12.69 -7.98494)
(-20.7711 13.5495 -16.1333)
(-18.6335 12.8574 -9.01632)
(-20.1653 9.59264 -8.7815)
(-20.9543 5.87828 -8.4297)
(-20.9662 3.64491 -6.50963)
(-21.2425 3.4501 -8.09992)
(-20.7616 5.99777 -6.89979)
(-20.2093 8.2966 -8.82642)
(-19.975 8.23188 -7.526)
(-17.8287 18.8465 -9.91239)
(34.8161 -33.1755 34.4843)
(33.1356 -30.1393 26.1561)
(49.1046 -12.7304 24.6215)
(50.9037 -6.99904 19.5581)
(48.5861 -12.0969 22.194)
(51.0677 -7.58332 23.41)
(43.9054 -21.8693 26.4832)
(38.178 -25.0904 30.3191)
(39.9076 -21.8253 26.4834)
(38.1976 -26.6919 28.2225)
(43.0696 -21.1289 27.2305)
(39.2114 -26.2412 27.9193)
(40.9884 -22.4244 24.9742)
(46.9806 -14.4152 23.1088)
(48.9366 -9.05321 18.0379)
(41.9661 -16.4471 17.4495)
(43.0249 -13.4632 14.6415)
(46.541 -13.6957 22.0324)
(48.9128 -9.70924 20.4842)
(42.6598 -17.2024 18.3898)
(44.5334 -18.0744 26.3684)
(41.7088 -16.8981 25.6373)
(48.0552 -12.4526 26.7636)
(48.204 -6.41903 29.7908)
(50.0427 -7.34492 26.9544)
(45.897 -11.4624 28.097)
(42.5373 -21.1157 25.3047)
(35.9961 -24.9975 24.7513)
(33.6535 -21.2652 21.3562)
(34.8284 -21.306 20.5705)
(37.8702 -25.3467 25.8363)
(38.4926 -21.4251 21.7106)
(38.8276 -19.6957 23.5941)
(45.4094 -13.4256 23.565)
(40.625 -12.719 14.509)
(45.3916 -8.36191 23.4643)
(37.6423 -16.0549 17.731)
(47.4635 -8.86061 22.2089)
(39.817 -16.4018 17.4424)
(42.6376 -12.6564 23.6693)
(53.7507 16.3289 21.836)
(54.2271 16.4893 15.5127)
(51.3687 6.94183 18.5925)
(50.886 0.778052 15.5507)
(44.0425 -0.0821439 9.36847)
(43.6805 -7.76955 13.4133)
(52.0183 7.75495 14.194)
(50.3645 -0.002234 18.9657)
(43.4182 -0.99136 13.3783)
(49.6045 24.3424 19.3233)
(47.4195 29.4429 12.9677)
(46.3651 12.8912 10.4258)
(41.2249 29.7919 16.4584)
(50.3967 25.1255 13.8173)
(46.5556 28.56 18.7991)
(45.5828 12.7279 15.1886)
(49.3654 5.42391 27.6002)
(50.8809 0.164803 31.4933)
(52.5803 -0.644881 27.4685)
(47.9411 6.04687 32.2557)
(52.5913 16.2059 27.8955)
(51.222 16.1902 33.0491)
(50.2748 7.542 22.4805)
(42.1125 -7.08122 14.3024)
(47.634 1.5285 24.1399)
(39.9879 3.28619 15.884)
(49.123 1.08358 21.9718)
(41.7848 0.283212 15.1257)
(48.5429 7.84251 25.273)
(48.6806 23.8758 24.1806)
(40.3647 30.198 20.3264)
(44.0414 27.3731 28.1555)
(42.2045 16.6154 19.6031)
(45.9032 28.3314 24.1483)
(44.1345 14.0663 18.0562)
(47.1576 23.5282 27.8266)
(40.1565 37.136 16.317)
(39.4015 37.2528 20.3033)
(23.5528 -32.3503 37.4156)
(22.9691 -35.1606 43.0487)
(20.9109 -33.338 38.8226)
(30.3173 -31.1137 34.0988)
(20.2787 -35.3507 42.6034)
(24.3018 -33.8373 37.2382)
(26.4275 -30.3753 32.8955)
(11.9345 -28.0468 41.7287)
(4.73631 -30.6818 48.2564)
(7.93537 -31.481 49.8395)
(8.26715 -25.9491 39.7773)
(18.1868 -29.3435 34.7597)
(15.4673 -29.0877 33.2077)
(10.8761 -32.7034 36.5068)
(15.6585 -24.9018 21.447)
(13.4232 -34.7573 40.3103)
(20.3534 -26.2335 27.7818)
(15.6402 -27.928 30.9673)
(12.632 -28.8035 11.8729)
(5.92917 -26.4258 13.7589)
(18.7647 -29.528 26.4469)
(27.625 -27.9206 27.5126)
(17.8087 -27.5679 19.6483)
(13.1779 -28.8321 21.8265)
(20.2191 -29.2844 23.4548)
(23.9781 -28.5162 27.7667)
(15.3433 -28.1775 20.9197)
(10.4685 -23.5949 21.6669)
(0.453647 -23.6853 14.9949)
(8.36577 -22.5297 21.607)
(1.91336 -22.7185 15.4973)
(17.0464 -27.2684 28.5058)
(15.242 -22.2825 18.2223)
(11.5985 -26.273 18.5744)
(9.80282 -26.1162 19.7947)
(19.7486 -24.7141 24.3843)
(15.3141 -24.7699 25.911)
(11.9371 -30.1697 21.7458)
(16.9844 43.6438 1.26936)
(17.7135 44.89 -0.193362)
(8.28137 42.7818 -2.74251)
(12.3683 37.3889 -5.50964)
(1.62321 42.2296 -8.36828)
(0.228409 34.6724 -10.2436)
(9.33766 43.6824 -3.57545)
(10.9272 37.0785 -5.42402)
(0.897762 41.345 -7.29494)
(8.23235 42.3362 -3.84488)
(1.38944 39.0886 -8.6693)
(9.2266 44.0519 -4.50813)
(0.48422 37.0941 -7.57636)
(18.5692 40.581 6.02742)
(28.3067 39.5142 12.0501)
(23.7127 36.7915 10.9692)
(18.3303 37.4276 7.12173)
(24.5796 38.1222 10.6131)
(20.0323 38.012 6.73632)
(17.6862 39.2253 6.30048)
(15.4311 40.8071 3.89758)
(14.6236 39.1104 3.80304)
(6.48834 40.7844 0.0768612)
(-0.477709 34.359 -6.99421)
(7.57527 36.8651 -1.80485)
(0.0692917 38.8101 -3.34644)
(8.55646 37.237 -2.08838)
(-0.0361301 39.4582 -4.29097)
(6.03006 39.8271 0.325926)
(6.67249 38.6322 -1.39983)
(-0.563075 31.0678 -3.97264)
(-0.165417 33.3096 -4.80007)
(5.78798 36.9477 -1.47911)
(5.60561 -21.2594 15.9793)
(4.15023 -29.7019 31.0157)
(1.16095 -22.0319 10.421)
(8.9654 -20.7858 14.5292)
(2.30568 -25.8504 22.4205)
(8.60695 -24.8799 24.7166)
(2.99831 -18.5412 8.50687)
(-5.11868 -18.4357 13.341)
(-7.52323 -23.934 22.8291)
(-6.3045 -17.7895 8.31742)
(-6.06124 -19.3116 3.65319)
(-8.92738 -17.6861 5.02543)
(-13.7564 -19.0437 3.87124)
(-6.63031 -20.6125 12.0445)
(-6.46477 -17.3615 3.90977)
(-9.84406 -16.8585 5.36468)
(-1.05271 -18.4871 13.067)
(-2.74837 -21.7756 14.1155)
(3.44502 -19.7745 18.3024)
(-5.18165 -20.8527 11.8414)
(0.802352 -19.2867 12.9006)
(7.65717 -17.7356 11.8425)
(1.41927 -23.2738 14.4415)
(-3.87301 -17.9514 2.39324)
(7.32733 -21.8455 19.6408)
(0.577087 -17.2019 7.08049)
(-4.14003 -20.6568 10.0496)
(-6.2837 -18.1956 9.68223)
(-7.64486 -19.6341 9.11847)
(-8.01967 -18.3402 8.22777)
(-12.7945 -18.7579 2.4969)
(-7.32851 -17.4339 0.467975)
(-10.3361 -17.5063 4.40895)
(-6.49227 -17.1729 2.94491)
(-10.6613 -17.8282 5.94281)
(-8.37586 -18.9406 6.88463)
(-5.20407 23.2975 -8.68361)
(-5.4845 34.6989 -10.8879)
(-6.01105 25.1851 -10.7585)
(-5.42299 32.2998 -9.40503)
(-11.9059 24.1335 -7.44037)
(-14.6715 28.8145 -14.5921)
(-13.0526 22.2083 -7.78269)
(-15.3786 20.0775 -6.72122)
(-12.1074 24.4193 -9.22461)
(-13.6286 28.4991 -13.2429)
(-12.9215 21.9121 -6.02794)
(-6.83251 22.376 -7.16589)
(-7.38226 23.0203 -8.94456)
(-9.55084 33.7079 -7.35657)
(-6.59728 34.0765 -11.5998)
(-7.38155 35.9002 -5.20368)
(-8.75288 29.0989 -11.0268)
(-8.0284 36.7165 -6.9405)
(-10.5222 29.9097 -12.6403)
(-8.84426 32.772 -5.35707)
(-3.68497 21.0448 -5.8897)
(-3.42608 26.2909 -5.16959)
(-4.48322 28.4905 -6.50922)
(-2.5335 20.2961 -4.57251)
(-11.7107 23.5435 -4.95788)
(-14.6184 19.4731 -4.30339)
(-10.2946 26.7796 -8.64867)
(-12.6191 20.9225 -1.94705)
(-11.9106 27.352 -10.6767)
(-12.6313 21.2461 -3.67946)
(-11.9998 23.4433 -3.28051)
(-6.10207 21.4047 -5.02848)
(-5.55138 21.1091 -3.86004)
(-17.4175 -16.4564 1.54812)
(-16.6023 -16.2454 0.848729)
(-22.8981 -6.24294 -7.48294)
(-17.7516 -2.57044 -25.2913)
(-22.6668 -3.1066 -9.46567)
(-21.4495 4.16706 -27.4359)
(-22.4642 -5.35493 -8.20808)
(-17.6984 -1.24994 -24.2564)
(-23.0616 -4.09544 -8.52128)
(-19.7274 -5.48564 -2.28339)
(-20.0827 -6.12784 -1.7623)
(-18.4094 -0.452987 -2.76179)
(-20.5969 1.17203 -4.11464)
(-18.2417 -1.72168 -3.56741)
(-20.8811 1.81671 -2.79834)
(-20.0088 -12.783 -2.80322)
(-16.2075 -12.9188 -2.61701)
(-16.8439 -4.85825 -8.64777)
(-17.8913 -12.7546 -1.40851)
(-17.6113 -5.27321 -10.1203)
(-18.1966 -12.8846 -1.70975)
(-20.2749 -12.7194 -1.6316)
(-23.2262 -6.65427 -6.26949)
(-20.5151 4.82142 -25.4888)
(-16.7664 0.317053 -20.6089)
(-23.0506 -4.92625 -6.58182)
(-17.405 -0.329564 -22.6199)
(-23.1834 -4.73718 -7.6301)
(-23.8206 -6.6783 -4.94571)
(-19.1467 -4.60897 -1.91933)
(-19.0324 -4.20246 -0.539174)
(-18.0863 -0.0164879 -1.59444)
(-20.909 1.24675 -0.893292)
(-20.758 1.66452 -1.59246)
(-17.689 -0.0962124 -0.515749)
(-19.2359 9.78798 -5.07293)
(-19.6106 14.0938 -12.3982)
(-17.757 12.4372 -5.62834)
(-18.3296 14.6023 -5.24023)
(-19.4516 9.64167 -6.54012)
(-19.1696 14.2353 -10.971)
(-17.5524 12.4093 -4.05117)
(-20.3715 6.03134 -3.95855)
(-20.3768 3.85886 -4.54912)
(-20.3987 6.01025 -5.07105)
(-20.5382 4.06408 -3.42014)
(-19.2932 8.1631 -4.22188)
(-19.525 8.11018 -5.61825)
(-20.4214 5.84682 -5.19624)
(-19.0638 8.66321 -21.4692)
(-19.4109 11.7547 -14.6369)
(-21.6538 1.89256 -6.31554)
(-19.7888 11.4907 -15.8325)
(-21.7383 1.91269 -7.41966)
(-20.279 5.98537 -3.96836)
(-18.7273 9.81208 -2.95707)
(-17.5961 14.314 -2.95157)
(-17.8587 14.5317 -6.85427)
(-16.854 12.1258 -0.435615)
(-18.166 14.3881 -8.10279)
(-17.0772 12.2108 -1.95662)
(-18.5364 9.91131 -1.6414)
(-20.2627 6.04109 -2.18939)
(-20.7311 3.90896 -1.03893)
(-20.5377 3.92884 -1.95718)
(-20.3565 6.0521 -1.06686)
(-19.0324 8.11325 -2.25262)
(-18.9943 8.14311 -1.04586)
(-15.8955 17.4311 -2.49068)
(22.1847 -25.8746 20.2709)
(21.7565 -25.0569 20.9975)
(42.6014 -10.4135 26.5948)
(46.2614 -5.57933 30.7481)
(44.0704 -10.6147 27.2872)
(44.1141 -4.92369 30.9489)
(34.2293 -19.6983 20.3665)
(30.5937 -21.0448 18.2454)
(28.9978 -22.2076 17.1943)
(28.0565 -24.0761 19.7199)
(36.3422 -19.3154 20.675)
(29.5539 -21.0358 19.6936)
(26.8037 -22.9636 17.374)
(37.4402 -11.4068 20.9902)
(42.927 -6.43036 23.3739)
(33.4638 -14.7694 15.3702)
(31.1914 -8.34947 12.8638)
(39.9715 -11.3077 22.256)
(40.348 -5.33338 22.4841)
(31.0361 -14.8272 14.1053)
(35.5635 -14.9023 22.9848)
(33.1625 -13.3335 22.3161)
(39.8069 -9.62549 26.1962)
(36.342 -3.30682 29.6876)
(40.6573 -4.38691 30.8224)
(35.7935 -8.04359 25.0003)
(33.086 -17.881 19.8804)
(27.1917 -22.5464 18.7823)
(26.9447 -18.5462 19.1357)
(26.3949 -16.4496 13.0473)
(28.6226 -19.7617 20.0877)
(26.1042 -20.0953 15.3754)
(31.2886 -15.7362 18.5137)
(35.4588 -9.0367 19.9872)
(28.3717 -5.21126 12.1233)
(33.8975 -1.33542 19.7689)
(28.2127 -8.02547 8.68186)
(37.3312 -2.76679 21.5263)
(29.7602 -11.7793 12.0652)
(32.9397 -6.88342 18.0689)
(45.9556 14.8319 37.6573)
(48.8205 15.5264 36.3088)
(42.6692 10.7656 26.5613)
(45.5422 4.14091 24.8221)
(36.2832 6.01389 16.3385)
(34.2627 0.163102 12.6692)
(46.076 9.86216 26.6204)
(42.6699 5.39495 24.1926)
(33.0776 8.27994 15.9456)
(41.635 23.75 30.5469)
(41.5843 26.8867 30.4327)
(38.682 18.315 20.8812)
(32.5936 29.003 24.7398)
(44.8069 24.0982 30.0083)
(38.2523 25.3862 30.8356)
(35.2406 19.469 20.8956)
(39.4375 6.10306 36.2317)
(37.5924 1.62104 32.8798)
(42.2883 1.08377 34.1791)
(35.1128 6.20383 34.869)
(41.7272 13.7277 37.9846)
(37.0046 12.5745 36.7535)
(38.1498 11.7225 25.8976)
(30.2276 2.69006 12.315)
(34.4421 7.53081 21.493)
(24.916 11.8701 14.4286)
(38.8115 6.9987 23.2633)
(28.4655 9.88549 16.0326)
(33.0041 11.552 24.1185)
(37.4094 22.6556 30.2047)
(28.7506 27.2139 24.4447)
(29.3646 20.7501 27.9905)
(25.8005 20.569 18.9094)
(34.2225 23.4504 30.361)
(30.3024 20.0713 21.0054)
(32.503 20.8898 28.2798)
(32.299 32.657 23.9366)
(28.8515 30.1176 23.4426)
(14.6196 -27.5929 17.876)
(17.0758 -27.205 19.4714)
(9.43999 -29.0015 18.3571)
(18.3834 -26.1297 19.6221)
(15.0145 -28.2359 19.2472)
(16.7607 -26.7692 19.2353)
(8.51832 -28.5236 16.0336)
(-0.618275 -21.7803 18.5173)
(-2.23794 -23.6537 15.7633)
(-0.627806 -22.6093 16.9532)
(-1.93147 -23.2004 16.3664)
(7.85175 -32.0138 12.3214)
(7.25352 -24.7818 12.2193)
(5.23513 -26.8987 14.3775)
(9.00054 -21.3704 -4.54811)
(8.03247 -31.4272 17.2717)
(10.1349 -23.5381 3.8194)
(6.20282 -26.7624 6.87162)
(5.52325 -24.0455 23.1391)
(7.11914 -24.4037 24.4024)
(13.2148 -25.6984 17.2856)
(18.0213 -24.7353 18.6992)
(15.3135 -24.0511 18.526)
(12.1517 -20.2265 8.09237)
(15.8827 -25.9517 19.0932)
(7.80323 -25.7955 12.4063)
(12.7119 -23.2624 16.0174)
(0.756955 -20.2082 19.6835)
(6.54612 -18.5178 6.80961)
(1.46051 -21.8263 15.6631)
(5.35577 -18.3357 15.9916)
(9.22759 -29.0203 5.06263)
(8.84552 -18.7773 -9.31975)
(12.4536 -15.3987 -7.71319)
(9.82716 -17.5735 -9.28144)
(11.8266 -19.9309 -3.05401)
(9.17484 -22.2295 -4.21336)
(11.2158 -20.4058 -2.56429)
(11.4669 32.8264 3.94577)
(12.8937 35.3519 5.2051)
(3.91508 35.378 1.99176)
(5.64923 35.1186 0.769447)
(-0.0779124 36.3631 -0.467204)
(-0.343432 31.3801 -3.20621)
(4.4846 37.0467 2.29696)
(4.63504 34.1395 0.277685)
(-0.0799126 34.257 0.265577)
(3.15003 29.4237 0.384332)
(-0.126887 26.5477 -1.44722)
(4.12484 32.85 0.737916)
(0.962839 23.5124 -0.839998)
(11.2892 30.2976 6.86997)
(18.724 31.787 13.6279)
(14.9467 25.1866 7.39447)
(7.48976 30.42 6.49819)
(16.9523 28.7581 10.8894)
(9.57788 32.4915 8.30926)
(9.71098 26.6944 5.26801)
(9.57451 28.8247 4.66738)
(8.25847 23.8959 2.67002)
(3.77409 31.5523 4.07188)
(1.93172 27.9743 -0.299556)
(4.26817 28.9285 2.39952)
(2.29928 24.8725 3.27604)
(3.90789 31.1698 2.2283)
(1.28653 29.1326 2.6512)
(3.91937 26.9881 4.04659)
(3.57677 24.3818 2.02937)
(4.7604 20.8711 2.96534)
(3.60026 21.3954 1.59631)
(5.25573 21.2023 2.43034)
(0.709657 -19.5007 -0.582176)
(-1.30691 -24.0674 10.7202)
(-1.07866 -16.7017 -3.20997)
(6.65773 -18.4165 -7.42639)
(-4.38722 -20.9269 7.0803)
(1.98669 -23.4642 2.45422)
(3.89448 -17.7019 -9.54859)
(-5.90037 -18.161 4.88538)
(-7.45638 -19.4816 7.63626)
(-4.62347 -16.8769 -1.65832)
(-3.70973 -16.3556 -2.18436)
(-8.91091 -16.6263 1.75241)
(-8.42825 -16.9049 -6.68446)
(-7.54581 -18.4951 4.40266)
(0.455833 -17.4978 -7.60602)
(-6.89053 -14.9829 -4.13669)
(-0.299219 -14.3981 0.0448709)
(2.67225 -12.7345 -3.60987)
(0.105693 -17.7859 7.71282)
(-0.0987491 -12.0226 -6.98975)
(2.60784 -15.6076 -8.1549)
(5.2289 -16.702 -10.3182)
(3.73602 -15.0172 -9.49541)
(0.234586 -15.6084 -11.2918)
(4.6465 -19.0807 -6.79592)
(3.20777 -16.5106 -11.1044)
(1.06063 -14.034 -9.54996)
(-3.52015 -13.4575 -5.87039)
(-4.20891 -12.7524 -8.27762)
(-3.4953 -13.9667 -7.19415)
(-7.61592 -17.8797 -8.67068)
(-1.00762 -17.3754 -11.074)
(-7.43356 -14.3639 -9.97536)
(1.65065 -17.572 -9.4122)
(-6.23599 -13.4432 -8.1674)
(-4.85286 -13.7886 -8.74899)
(0.447074 20.2022 -0.240637)
(-0.952661 23.0862 -2.02742)
(-0.754523 19.6771 -1.92351)
(1.24617 22.2474 -0.618893)
(-12.9946 23.0103 1.11155)
(-7.90981 25.1948 -5.77599)
(-12.4965 20.2413 0.631244)
(-13.0049 17.7554 2.09468)
(-12.21 23.0284 -0.63166)
(-6.81017 24.2207 -3.44136)
(-12.7563 19.8391 2.58938)
(-4.59751 21.3759 0.886394)
(-4.76867 20.7998 -1.36145)
(-6.96077 25.8852 1.78016)
(1.80522 26.0046 -2.82461)
(-2.81559 23.9827 2.58579)
(0.953196 20.5113 -1.25021)
(-3.96949 26.6958 1.78291)
(-0.12432 22.1595 -3.3168)
(-6.35782 24.0098 2.77668)
(1.05453 20.7922 2.12384)
(2.97255 21.9134 3.78053)
(2.60616 21.9264 1.72248)
(0.977414 21.7159 4.81019)
(-13.5459 22.563 3.33118)
(-12.4482 16.9942 4.44798)
(-5.46857 21.0057 1.96055)
(-12.7297 18.3699 6.83395)
(-5.12104 22.2274 -0.547973)
(-12.6924 19.0671 4.91168)
(-14.4364 22.4223 5.17989)
(-4.51802 22.0668 3.78934)
(-4.69508 23.1244 6.99999)
(-14.6941 -14.4038 -2.4275)
(-15.7859 -15.3762 -3.37734)
(-23.5901 -6.44179 -1.85489)
(-15.698 1.39071 -18.3994)
(-22.4154 -4.46656 -4.9772)
(-18.5309 6.81026 -18.7044)
(-23.6352 -6.50588 -3.27059)
(-14.3508 1.91427 -16.3946)
(-22.1622 -4.15803 -3.47337)
(-19.4889 -3.81904 2.29794)
(-18.9919 -4.02289 0.861788)
(-17.9678 0.688298 2.14695)
(-20.5339 1.38345 0.369358)
(-17.4828 0.242201 0.795128)
(-20.5185 1.82759 1.5959)
(-21.2203 -14.7563 1.91274)
(-14.2706 -11.7933 -2.68787)
(-16.7792 -6.38148 -6.08026)
(-16.2727 -14.2857 0.150318)
(-16.4366 -5.72509 -6.31663)
(-16.784 -13.7256 0.749901)
(-21.76 -16.3553 2.13205)
(-22.6081 -6.23852 -0.672608)
(-17.5086 6.71212 -15.6382)
(-12.6455 1.43243 -11.7359)
(-21.2783 -3.15137 -0.803861)
(-12.6818 2.11252 -13.9867)
(-21.4171 -3.4651 -1.8133)
(-22.0728 -6.4434 -0.290024)
(-20.0305 -3.49208 4.58813)
(-21.0651 -2.78587 7.4151)
(-18.5169 1.1984 3.81811)
(-20.8478 3.02782 5.08201)
(-20.4717 2.38702 3.2883)
(-19.7212 1.62903 5.68222)
(-17.7483 9.48961 1.92647)
(-16.7122 14.3133 -4.06451)
(-16.3604 11.8125 1.54985)
(-16.2163 13.423 2.59303)
(-17.9277 9.73434 0.455459)
(-16.6285 14.0998 -2.89232)
(-16.0785 11.5931 3.1574)
(-19.6716 5.90949 1.99327)
(-20.3008 3.889 0.528593)
(-19.8566 5.99923 0.717542)
(-20.1354 3.86746 1.7142)
(-18.1738 7.77285 2.35952)
(-18.4094 7.95127 0.963034)
(-18.6882 5.75169 1.38097)
(-15.6202 10.3289 -12.2178)
(-16.5549 11.575 -6.47166)
(-19.7974 2.75545 1.16161)
(-16.4193 11.8958 -8.0382)
(-20.1395 2.48603 -0.670867)
(-18.4061 5.81351 3.08231)
(-17.1234 9.15486 3.88018)
(-15.6485 13.0218 4.64809)
(-15.427 13.1698 1.40878)
(-15.2893 11.0595 6.49282)
(-15.2202 13.5298 0.159623)
(-15.6283 11.2475 4.92308)
(-16.8803 8.9236 5.40352)
(-19.0532 5.89336 3.52773)
(-19.7288 4.41663 4.71435)
(-19.6539 4.04603 3.17315)
(-18.8042 5.99029 4.97105)
(-17.5609 7.54364 4.05061)
(-17.2514 7.42908 5.53412)
(-14.0216 15.6427 5.70534)
(15.5445 -13.0054 10.2211)
(9.86035 -8.22989 2.66575)
(22.3131 -3.25827 19.7206)
(30.0258 -2.08994 27.946)
(29.4397 -5.96091 23.5193)
(23.2853 -0.1159 23.763)
(21.0482 -7.21295 12.9218)
(24.2278 -14.6178 18.5617)
(25.4909 -10.0144 11.5549)
(18.1901 -9.65897 7.91708)
(27.2918 -11.1824 17.1072)
(18.1455 -10.14 11.6245)
(21.6638 -4.393 7.50038)
(22.4365 0.853581 13.7022)
(28.3819 1.81528 18.2124)
(24.383 -3.52702 8.40819)
(18.4209 5.83236 8.54482)
(28.3686 -2.58798 16.6559)
(22.1537 3.94548 15.4288)
(20.2844 1.12279 6.47057)
(14.3049 -4.67906 10.947)
(11.4701 -3.96422 8.27625)
(14.6438 -1.10475 14.2263)
(12.5496 1.41925 12.2805)
(15.8132 1.52573 18.1793)
(11.4703 -0.723964 9.78452)
(13.1532 -4.35352 8.83527)
(12.0815 -6.27508 4.0954)
(9.92769 -5.62068 4.57465)
(12.1497 -2.99146 4.06831)
(11.4889 -6.01168 6.90808)
(14.4625 -2.42751 5.62116)
(11.1612 -4.15448 7.02269)
(14.9513 2.17421 10.3799)
(12.7212 6.18977 9.15702)
(13.2292 3.31943 10.257)
(12.2836 0.616967 5.60367)
(15.3797 4.98581 12.742)
(13.8055 1.68548 7.30876)
(12.345 0.0967028 8.48693)
(23.5792 9.72076 29.1002)
(30.538 11.0998 34.261)
(19.2827 11.9679 18.9456)
(28.2193 8.79408 19.7599)
(18.4497 13.4432 14.5025)
(17.6897 11.2205 9.63936)
(26.0643 11.8289 22.0549)
(21.8184 9.86843 17.0079)
(14.6905 14.9661 13.0586)
(19.1236 16.5106 21.7413)
(22.9365 17.2329 24.3916)
(18.9072 20.4891 17.8559)
(13.3927 17.8548 15.1267)
(25.9044 18.4322 25.5706)
(16.698 14.1542 18.4859)
(14.0964 20.2696 15.6752)
(15.9193 6.68134 21.4197)
(13.0139 3.30788 13.2835)
(16.7648 4.31323 20.1655)
(12.1351 4.70626 14.2869)
(16.4116 7.98036 20.4772)
(13.3621 5.78523 12.3564)
(13.5825 10.988 16.3093)
(12.7503 11.1351 10.3476)
(13.3784 7.98899 11.9265)
(11.3315 11.1222 11.9579)
(15.4576 9.76045 14.5665)
(10.4948 14.3327 13.5041)
(12.6341 8.58185 13.1722)
(13.451 12.4788 17.3542)
(11.7444 12.3547 11.4718)
(12.8004 8.72912 9.95487)
(12.4829 11.5973 12.3272)
(12.9997 10.354 11.8622)
(10.9559 17.2581 14.3685)
(12.5089 8.82083 12.9349)
(14.5787 16.8058 9.49794)
(12.628 12.7255 7.97332)
(10.5615 -9.87704 0.614141)
(14.4069 -19.7852 14.6293)
(15.553 -12.9253 1.97678)
(12.7806 -9.21724 4.9684)
(13.4655 -17.8217 7.95777)
(10.4644 -11.8905 4.95702)
(12.7526 -6.64007 -1.89276)
(5.17894 -7.9711 -6.53909)
(5.686 -12.6121 -4.72692)
(8.12241 -14.4707 4.18957)
(3.51718 -10.257 -9.17246)
(6.74516 -7.34288 -8.61042)
(10.5928 -9.18564 -10.2601)
(7.36336 -13.2192 -11.2211)
(6.3838 -10.6826 -11.5887)
(9.39619 -11.2844 -7.12301)
(8.57528 -7.07223 -10.0339)
(6.16161 -11.4884 -10.1516)
(3.36902 -7.25883 -5.04372)
(2.54884 -8.91724 -5.29188)
(6.15282 -7.31214 -3.02662)
(8.1077 -6.65801 0.344984)
(5.92058 -8.33485 -3.26666)
(5.88843 -6.90825 -5.5003)
(6.0592 -7.27278 -1.31087)
(8.36434 -5.47989 -4.11766)
(5.56994 -8.97218 -4.17857)
(2.76705 -6.51946 -7.66942)
(1.79561 -11.5067 -9.31203)
(2.59351 -10.8375 -9.85221)
(1.77028 -8.25886 -7.22373)
(4.16055 -8.54932 -8.43372)
(4.76968 -9.90989 -11.3095)
(4.34777 -7.33736 -9.50829)
(3.57223 -12.4744 -8.72604)
(6.39571 -6.69333 -10.0859)
(4.17204 -11.8383 -9.43862)
(3.9107 -10.8965 -7.8198)
(7.35046 17.6999 5.12537)
(7.73827 19.214 4.16574)
(6.7382 18.7448 5.15156)
(7.29084 22.4091 4.49867)
(4.3625 21.047 4.13332)
(6.84379 18.1674 2.85736)
(6.25921 21.1555 4.84587)
(7.83859 19.3008 4.81361)
(4.63571 19.3584 4.6278)
(6.25642 19.1946 5.39234)
(5.10615 20.4902 4.52265)
(6.4268 19.7517 4.17007)
(5.05128 20.4313 6.19069)
(8.01237 15.9 5.68686)
(10.3342 13.8775 7.03977)
(8.63687 12.9605 6.31102)
(9.5953 13.6438 6.09485)
(9.60309 14.2653 6.04457)
(9.73953 14.9784 5.91079)
(7.58032 14.6116 5.95948)
(6.92383 16.5067 5.72626)
(6.59368 15.5469 6.35774)
(6.61146 17.2159 5.16698)
(6.22733 15.1025 2.85946)
(7.77343 15.2668 4.08843)
(4.39536 16.9277 4.57979)
(8.05392 16.0454 4.38308)
(4.50921 17.948 4.70697)
(6.38673 16.017 5.33537)
(6.10031 18.5069 6.30012)
(4.0948 19.9098 8.16466)
(4.908 20.0967 7.39717)
(5.85182 17.9745 6.78396)
(-2.12432 -12.7325 -8.86997)
(1.3953 -12.5354 -10.6938)
(-1.19781 -13.8615 -11.2257)
(0.536004 -11.4407 -11.2078)
(-1.44088 -13.1541 -9.83195)
(0.66602 -11.9677 -9.82853)
(-2.36438 -13.0494 -10.5428)
(-5.06852 -13.1499 -8.43279)
(-4.76603 -13.044 -9.15552)
(-6.16518 -13.3748 -8.38526)
(-3.30992 -15.8423 -11.2297)
(-8.37464 -14.2562 -10.2849)
(-9.82671 -17.4236 -9.78792)
(-5.87768 -13.5054 -9.2325)
(-4.53182 -15.4359 -10.4327)
(-8.45268 -14.1017 -9.13458)
(-2.58475 -13.2733 -8.61432)
(-0.357839 -12.2852 -9.36083)
(0.083423 -11.6563 -9.96854)
(-2.91907 -13.5533 -7.79777)
(-3.01123 -12.6409 -8.32238)
(-0.406707 -10.4501 -10.7991)
(-0.809261 -12.4828 -8.51309)
(-3.91396 -11.6605 -8.82699)
(-0.569748 -12.2088 -9.37215)
(-3.21375 -12.0097 -9.92097)
(-3.22761 -12.6094 -7.29709)
(-5.21746 -13.2745 -7.86122)
(-5.33262 -13.4508 -6.70522)
(-6.54329 -13.1862 -7.66166)
(-9.73217 -15.8062 -8.93861)
(-6.26508 -13.7148 -7.94274)
(-8.41834 -13.2141 -6.36097)
(-5.6525 -14.0815 -9.36858)
(-8.568 -13.5165 -8.07675)
(-6.60674 -13.139 -6.37507)
(0.731072 23.6958 9.38901)
(3.15025 22.2668 5.93823)
(1.1862 23.1983 7.33177)
(3.28922 22.467 7.85349)
(-15.6134 21.529 7.47275)
(-6.58056 19.2884 4.55814)
(-12.8819 17.6399 8.33657)
(-12.4003 15.6057 9.16818)
(-16.0519 22.2939 6.69305)
(-8.29573 18.798 6.36957)
(-12.4499 17.0075 9.21572)
(-6.02403 26.1188 13.6107)
(-5.13867 25.5494 10.2895)
(-4.82862 18.5075 3.61521)
(3.50907 16.3515 2.68437)
(-1.53832 17.8866 3.79661)
(-2.18294 15.3126 3.81187)
(-0.964222 18.913 3.68042)
(-0.0569332 14.9542 3.66511)
(-5.36063 17.5634 4.21311)
(-0.953138 23.9641 11.3347)
(0.453791 22.9051 10.4967)
(2.86362 22.5503 9.33153)
(-4.66555 23.5224 11.9631)
(-14.146 20.2633 8.09641)
(-12.7188 15.6689 9.71983)
(-9.88026 17.888 7.36517)
(-11.536 17.673 9.4804)
(-9.20101 17.8759 7.55055)
(-11.8762 17.1172 9.35012)
(-12.5631 19.6574 8.88455)
(-8.12783 26.6216 15.9392)
(-9.5159 25.1789 14.7692)
(-17.0008 -17.1056 -6.5109)
(-16.0349 -16.1285 -6.57896)
(-19.9832 -6.33628 -1.42283)
(-12.7251 0.402465 -9.64649)
(-20.7794 -2.98251 -0.144344)
(-17.4558 4.17787 -8.06406)
(-20.5595 -6.07575 -0.760469)
(-14.0807 -1.33909 -7.66727)
(-21.0156 -3.25812 -0.0667111)
(-24.568 -6.34245 12.6716)
(-23.3634 -4.33931 10.9787)
(-22.1306 0.770343 8.54053)
(-21.3892 3.60797 6.82636)
(-21.3009 1.55769 7.40734)
(-21.9261 3.65296 8.0961)
(-20.2694 -14.8726 -0.842836)
(-16.3404 -13.4069 -5.52671)
(-17.7353 -10.6165 -2.8458)
(-18.6551 -12.2647 -2.55209)
(-17.1915 -10.4745 -4.51875)
(-18.0469 -12.5869 -4.0726)
(-20.3495 -13.3393 -0.105658)
(-19.0944 -5.77332 -2.24761)
(-17.246 2.7946 -5.5063)
(-15.6537 -3.78 -4.18236)
(-21.6476 -2.76908 0.294273)
(-14.4373 -2.33337 -6.11547)
(-20.8659 -2.50423 0.126513)
(-19.8071 -5.96608 -1.5349)
(-25.3836 -8.46857 11.1605)
(-24.8413 -9.55401 8.63275)
(-22.6464 -0.880766 8.99857)
(-22.378 1.2928 9.75194)
(-22.2082 3.01127 9.0907)
(-22.7477 -3.43192 8.61391)
(-16.6232 8.45716 7.87489)
(-14.8434 11.9337 4.09676)
(-15.1532 10.7657 8.12429)
(-14.9831 11.7294 7.79008)
(-16.5348 8.5973 7.14843)
(-15.893 11.1777 4.05744)
(-15.2623 10.7504 8.9735)
(-18.7432 6.34769 7.99432)
(-19.8435 4.95458 6.49547)
(-18.6301 6.16869 6.61712)
(-20.2345 5.1566 7.96053)
(-17.0656 7.42197 8.4019)
(-17.0534 7.37919 7.22698)
(-18.16 5.4031 6.31113)
(-16.2164 7.17989 -3.23052)
(-16.342 7.26551 -0.22526)
(-20.399 2.25476 2.97863)
(-16.2135 8.5623 -0.244215)
(-19.5231 2.61959 3.64314)
(-18.7815 4.62599 5.54783)
(-16.8816 7.96773 8.80356)
(-15.5604 11.0924 8.2138)
(-16.3272 8.48274 4.5715)
(-15.369 10.1707 9.05428)
(-16.3025 9.56401 5.73939)
(-15.5618 10.5576 10.007)
(-17.1249 7.68983 8.16501)
(-18.5447 6.28027 9.33017)
(-20.3682 4.02468 10.0258)
(-20.2478 5.01302 9.20929)
(-18.6232 5.61237 10.0161)
(-16.9749 7.22365 9.73291)
(-17.1053 6.85627 10.1621)
(-14.802 15.1254 11.3058)
(7.21362 -6.96859 -3.33039)
(7.96352 -7.87683 -4.15019)
(9.10468 -1.09515 3.56956)
(11.2701 0.318239 9.41779)
(10.044 -0.677999 8.26427)
(10.692 -0.54275 5.67288)
(7.20055 -1.53402 1.68527)
(7.84083 -3.95235 2.67584)
(10.421 -0.979496 2.03405)
(7.40958 -2.95606 -3.25603)
(9.49339 -2.99673 5.77629)
(4.73339 -1.8248 -1.48898)
(9.08247 1.25828 -1.87496)
(9.24061 1.83825 2.7365)
(12.5091 2.9994 8.47653)
(10.7892 2.02772 3.07572)
(9.96077 4.47459 2.17867)
(11.1896 0.714472 7.18496)
(11.1485 2.44357 4.2048)
(9.2449 3.23623 -0.246125)
(8.42391 -3.00474 -1.83269)
(8.85951 -3.41096 -2.38453)
(9.61663 -1.82372 0.0841128)
(10.2658 -0.319183 1.81158)
(10.972 -0.897395 3.1197)
(9.40284 -1.9865 -0.86119)
(7.69914 -2.86013 -2.25562)
(7.94514 -4.25756 -3.31531)
(7.58417 -4.60505 -3.67833)
(8.54563 -3.29696 -3.89956)
(6.24417 -3.68697 -2.99834)
(8.53328 -1.29664 -3.01236)
(8.31929 -3.69464 -2.97062)
(9.06427 -0.638201 -1.31025)
(8.09376 2.22414 -1.00433)
(9.22052 0.805893 -1.3333)
(8.06824 -1.1225 -3.5087)
(10.3461 0.721135 0.415964)
(8.16414 0.346355 -2.26178)
(8.93097 -1.06745 -2.29076)
(12.3292 4.00885 10.6254)
(12.6574 4.37776 10.9332)
(12.9364 4.82715 7.69635)
(12.914 5.356 9.396)
(11.7957 8.23596 9.31098)
(11.3567 5.41309 4.31813)
(13.1695 5.79983 10.3175)
(12.3158 3.99085 5.77044)
(11.2555 6.5841 6.85281)
(12.0064 6.61875 9.55342)
(12.1113 7.81113 9.33177)
(12.944 8.17032 10.0741)
(10.481 8.62179 8.33438)
(12.4833 6.84623 10.7552)
(11.4297 7.36742 9.27272)
(12.1669 7.23171 9.01929)
(11.3947 1.83784 8.40771)
(11.2029 1.27652 4.77286)
(11.9585 0.452553 6.13262)
(10.4295 2.65727 7.08796)
(12.1808 4.1175 10.6574)
(11.3798 4.36448 9.6745)
(11.6165 4.57089 5.33429)
(9.58852 4.34953 0.974038)
(9.70836 4.22198 0.54598)
(7.37961 6.40643 2.01442)
(11.4007 3.41397 2.69767)
(9.36636 6.10122 3.7654)
(9.47416 5.11202 3.39876)
(11.2617 6.66553 8.2445)
(9.76548 8.36043 7.42361)
(9.62892 6.99909 7.7491)
(9.07451 7.75607 5.32587)
(10.7045 7.24876 8.94516)
(10.9153 7.21926 7.03588)
(10.0204 6.91459 6.75936)
(9.73864 9.63683 7.91506)
(9.46521 9.71163 7.59082)
(6.28475 -10.2005 -4.13932)
(5.99769 -8.60684 -3.9036)
(4.28625 -6.73844 -6.91419)
(6.32323 -6.64531 -3.84196)
(5.73536 -9.58515 -4.73311)
(6.38233 -8.74424 -3.57143)
(3.86467 -7.18524 -6.31419)
(0.84455 -8.87342 -5.58874)
(1.48325 -11.3596 -8.98213)
(1.35699 -8.4025 -6.77855)
(0.894657 -11.515 -7.35086)
(3.6694 -11.9591 -6.10807)
(2.59807 -6.56575 -9.84814)
(2.61365 -12.4095 -8.37402)
(0.104078 -9.17798 -9.18466)
(3.33323 -11.355 -7.48642)
(1.83456 -6.58053 -8.42924)
(2.60242 -12.8046 -7.02509)
(2.3461 -10.4058 -4.15413)
(2.28894 -10.881 -3.02684)
(6.65696 -10.645 -4.08927)
(6.60554 -7.05696 -4.37395)
(7.00241 -8.81257 -3.8847)
(4.00204 -8.11696 -6.23536)
(6.57526 -8.71124 -3.73204)
(4.3479 -7.70708 -6.60266)
(7.37251 -11.0056 -3.79589)
(0.589674 -9.47533 -4.79269)
(-0.258031 -11.5371 -4.39637)
(0.418629 -11.4065 -6.13046)
(0.234849 -10.093 -3.67225)
(3.67796 -12.0779 -5.61091)
(0.0565514 -9.11829 -8.7303)
(1.37444 -6.7239 -7.11964)
(2.48895 -13.1845 -5.56328)
(1.96871 -6.53964 -8.17628)
(2.30595 -13.0664 -6.53617)
(3.86188 -12.0274 -4.78381)
(5.53816 13.5796 6.08042)
(6.04964 14.5226 6.36918)
(4.17254 14.3811 5.06117)
(6.81692 14.4194 3.04517)
(3.04962 15.8774 4.39537)
(3.90277 13.5412 2.45391)
(5.28261 15.1306 5.14004)
(6.16325 13.9491 2.79991)
(1.94673 15.0532 5.07682)
(4.41331 15.4639 6.24256)
(2.80699 18.2598 7.53871)
(5.10861 16.7488 6.62237)
(2.31679 16.2043 6.78614)
(5.56761 11.932 5.35224)
(7.42624 10.6528 5.51872)
(6.43133 9.99927 4.9234)
(6.01089 11.7615 3.91187)
(6.79427 10.5711 5.7085)
(6.74435 12.0278 4.85486)
(5.10846 11.4117 4.81287)
(5.09557 12.5905 5.58628)
(4.75873 11.6971 5.14823)
(3.69835 13.2185 4.78516)
(3.11347 12.3295 2.41922)
(4.60009 12.4256 2.14806)
(2.13117 13.0449 4.93831)
(5.06275 12.9043 2.42339)
(1.74397 13.8518 5.17962)
(3.72813 12.2712 4.46711)
(3.94023 14.1085 5.79271)
(2.12954 13.8815 6.40976)
(2.29465 14.7786 6.60558)
(3.66239 12.9532 5.42773)
(-3.7755 -12.5217 -5.2869)
(-1.40857 -12.269 -7.92477)
(-4.22945 -10.7072 -7.97367)
(-2.37838 -9.09584 -8.34527)
(-3.65836 -12.3871 -6.50716)
(-1.46634 -12.5383 -6.65429)
(-4.54125 -10.7166 -6.87697)
(-5.44314 -13.3065 -4.51245)
(-5.32994 -13.2382 -5.86143)
(-6.5647 -12.8164 -4.13528)
(-6.58211 -12.4628 -6.52722)
(-8.27056 -12.616 -5.19653)
(-9.24315 -13.484 -4.31003)
(-6.59804 -12.7799 -5.3775)
(-6.88579 -12.3111 -5.30176)
(-8.19673 -12.5259 -3.81661)
(-3.16811 -13.7088 -5.19056)
(-0.992568 -12.502 -5.09774)
(-0.634061 -12.5639 -6.70576)
(-3.13729 -13.7704 -4.06715)
(-3.86206 -12.4814 -4.49049)
(-2.35387 -8.8633 -7.73608)
(-1.54494 -12.9788 -5.08312)
(-4.63103 -10.3625 -5.15984)
(-1.67369 -12.7284 -6.00588)
(-4.46703 -10.3455 -5.92257)
(-3.80696 -12.6482 -3.66827)
(-5.30568 -13.0366 -3.52184)
(-5.28913 -13.1043 -2.54997)
(-6.4314 -12.5487 -3.15557)
(-8.85186 -12.7329 -3.01266)
(-7.06043 -11.4113 -3.10026)
(-7.96268 -12.0784 -1.72595)
(-6.76228 -11.6168 -3.92142)
(-8.02149 -12.1592 -2.76306)
(-6.49603 -12.577 -2.2401)
(-4.00703 17.9477 8.11057)
(-1.62615 20.7018 9.02139)
(-5.65127 20.7984 10.0769)
(-0.818292 17.7496 7.12601)
(-9.09776 16.3924 10.0476)
(-8.48262 16.9066 7.51522)
(-10.5651 16.7191 9.6477)
(-10.4045 13.7834 10.8039)
(-10.7911 18.1884 9.18866)
(-6.58884 16.498 8.16837)
(-9.39926 15.0138 10.4072)
(-7.19809 19.3895 9.265)
(-8.90787 22.4024 11.7707)
(-4.22089 15.685 7.01941)
(1.40773 13.3536 2.98706)
(-1.83012 13.5676 5.6327)
(-2.00769 13.5901 5.19924)
(-2.2799 14.3509 6.10722)
(-1.83871 13.7676 4.99816)
(-4.12026 15.8428 7.20112)
(-2.61917 15.4676 8.00267)
(-0.473886 15.1981 7.10173)
(-0.0786861 15.9112 6.91694)
(-2.15481 13.9873 8.97463)
(-7.31202 14.7007 10.9585)
(-9.39827 12.7261 11.5542)
(-4.53563 15.0178 9.3033)
(-7.76219 13.1272 12.3766)
(-4.99742 15.5117 8.63423)
(-8.19169 13.6297 11.3447)
(-6.76368 13.6699 11.7256)
(-5.19092 15.6742 9.64009)
(-4.27671 13.9219 11.4184)
(-14.053 -14.1921 -2.61844)
(-13.2524 -13.4864 -2.35508)
(-18.2232 -4.9892 2.50004)
(-14.1717 -4.15614 -2.72938)
(-20.651 -3.46858 0.84256)
(-15.2533 0.924972 -0.688512)
(-18.9017 -5.96266 -0.417204)
(-13.7708 -3.38594 -0.852546)
(-19.5241 -2.85326 3.47928)
(-21.5177 -8.10663 3.18399)
(-22.849 -9.29237 4.87499)
(-20.4937 -5.17817 4.49734)
(-22.4436 -1.8349 8.58803)
(-21.8066 -5.69701 6.35317)
(-21.7122 -2.82743 5.9094)
(-16.8649 -10.4309 1.72003)
(-13.1653 -11.4432 -1.66891)
(-14.2967 -8.02135 -0.2291)
(-14.589 -9.91313 1.00826)
(-14.4277 -8.78196 -0.901597)
(-15.0104 -10.0391 0.257027)
(-16.4633 -10.4831 2.38811)
(-16.4556 -4.35157 3.58629)
(-13.3987 1.35299 0.28494)
(-11.4728 -1.8201 0.557889)
(-16.6117 -1.23011 6.13383)
(-11.8764 -3.04598 -0.221141)
(-17.7322 -2.02296 5.00035)
(-15.5047 -3.7382 4.76694)
(-20.6547 -7.37629 2.7169)
(-20.8883 -7.29993 2.54465)
(-19.4288 -3.60009 4.00323)
(-20.4832 0.800894 5.48513)
(-20.5238 -0.809556 5.02713)
(-19.5276 -2.81901 4.22765)
(-15.2408 8.45465 8.12733)
(-14.3988 9.58273 5.88948)
(-14.3492 9.77449 8.37105)
(-13.0842 10.6685 9.42242)
(-16.4722 8.05115 7.60652)
(-13.0173 10.2858 6.45989)
(-13.2735 9.30754 8.66115)
(-18.3293 2.99236 7.43208)
(-20.5481 1.52404 9.53545)
(-18.6967 3.91751 9.54188)
(-20.12 -0.0780203 6.8016)
(-16.339 6.25838 7.27975)
(-17.0993 6.39418 8.95121)
(-15.5963 5.89136 7.65391)
(-11.5439 5.83559 1.16631)
(-11.9641 8.61384 4.8389)
(-15.6337 3.77103 7.05723)
(-12.1074 8.23403 4.18896)
(-16.6014 3.35589 5.98061)
(-15.0852 5.88495 8.72372)
(-14.6443 8.6489 8.92297)
(-12.2186 10.6728 10.6255)
(-10.7969 10.8263 8.16494)
(-12.9146 9.41746 11.0048)
(-11.4018 10.6453 7.44774)
(-12.9842 9.37839 9.61256)
(-14.2557 8.21323 10.0824)
(-17.7662 4.37734 6.62781)
(-18.5668 3.58742 6.72399)
(-18.9745 1.70029 5.62177)
(-17.3781 5.63846 8.27756)
(-15.7262 6.65844 7.00032)
(-15.2895 6.8633 9.21907)
(-11.4277 12.5832 11.1416)
(8.27799 -8.86537 -4.08247)
(8.02227 -8.53881 -3.74687)
(9.53812 -1.93761 -2.46938)
(9.76906 0.281479 -0.789612)
(9.60299 -1.803 -2.23403)
(9.31263 -0.111597 -1.50066)
(8.60911 -4.24882 -3.36865)
(7.75957 -5.01322 -3.97636)
(8.10556 -4.07656 -4.44804)
(8.4965 -6.20938 -3.91385)
(8.49061 -4.13427 -3.55015)
(7.98257 -5.09123 -3.5949)
(8.14462 -4.53863 -4.30775)
(8.68827 -1.29834 -3.16871)
(8.82541 0.586225 -2.6564)
(7.8317 -1.45579 -4.41922)
(6.53526 0.871086 -3.87266)
(8.8128 -1.38057 -3.21684)
(8.46684 0.645995 -2.73377)
(7.67051 -1.80263 -4.40042)
(9.28431 -3.72378 -3.2251)
(9.34628 -3.78807 -2.90716)
(9.73812 -2.04533 -3.03508)
(9.39038 -0.487357 -2.66552)
(9.47778 -0.164411 -2.60165)
(9.72914 -2.16973 -2.93999)
(8.65443 -4.51269 -3.34256)
(8.2489 -6.2599 -3.68648)
(8.02534 -5.28304 -2.90229)
(7.7949 -5.13809 -3.86432)
(8.02022 -5.28798 -3.42328)
(7.90705 -4.83091 -4.22922)
(8.64011 -4.55626 -2.9665)
(8.68931 -1.68883 -3.44396)
(6.56595 0.685646 -4.54853)
(8.35352 0.031397 -3.3966)
(7.5246 -2.22658 -4.5692)
(8.44275 0.0433695 -3.35238)
(7.69509 -1.94909 -4.6731)
(8.57312 -1.66418 -3.32408)
(9.2437 3.82323 2.90108)
(10.4561 4.39919 6.20507)
(7.33579 4.61296 -0.165266)
(8.86565 4.14054 -1.20571)
(6.73306 6.27122 -0.318741)
(7.22297 3.81851 -2.87978)
(8.29686 4.83668 1.16382)
(8.31819 4.0214 -1.71701)
(5.87953 5.53458 -1.27815)
(8.21139 6.24532 2.15977)
(9.10701 6.65012 5.28751)
(8.53452 7.78842 2.9519)
(7.20502 7.64882 2.6244)
(9.18484 6.62754 4.37404)
(8.14081 6.11608 3.01322)
(7.34433 7.25194 1.05248)
(8.03652 2.37856 -1.01822)
(9.32369 0.753256 -2.27646)
(9.37617 1.1608 -1.8591)
(7.80859 1.79426 -1.82346)
(8.85113 3.48507 -0.228068)
(8.52836 3.01265 -1.62519)
(7.26252 3.77688 -1.73702)
(7.30705 3.32155 -3.80378)
(8.34248 3.09554 -2.96816)
(5.62356 4.15288 -3.16884)
(8.36793 3.23185 -2.6892)
(5.87176 5.01138 -2.70557)
(7.16743 3.49442 -2.36916)
(7.73861 5.61889 -0.307084)
(6.82608 7.36737 0.407889)
(6.46507 4.9914 -1.56872)
(6.38429 5.90591 -2.42503)
(7.45448 5.51981 0.461704)
(7.01551 6.74532 -1.17354)
(7.3148 5.38419 -1.73062)
(7.83613 8.54028 3.33592)
(7.73363 8.51836 1.41686)
(8.1771 -11.1243 -3.42545)
(6.83853 -8.54866 -4.18496)
(4.35248 -8.33111 -5.96503)
(6.12264 -8.5214 -4.4735)
(7.83672 -11.0426 -3.72611)
(6.94331 -8.87568 -4.00186)
(4.51858 -8.84716 -5.07831)
(0.148473 -11.3507 -1.64517)
(-0.708598 -11.586 -3.14176)
(0.179973 -10.7987 -2.70845)
(-1.00681 -11.8378 -2.05416)
(3.74942 -11.4497 -3.60697)
(1.28319 -6.70557 -6.53318)
(2.34467 -12.9455 -4.81267)
(-0.959867 -9.53916 -5.60544)
(3.64687 -11.6128 -4.24871)
(1.18976 -7.09662 -5.56005)
(2.42207 -12.8069 -3.81082)
(3.5941 -13.045 -0.294152)
(4.39019 -13.8127 0.247983)
(7.80291 -10.7822 -3.49855)
(6.20305 -8.50069 -4.27437)
(6.57302 -9.51048 -3.38916)
(5.44775 -9.37425 -3.99737)
(6.62327 -9.1058 -3.98996)
(5.07459 -8.95657 -4.64892)
(7.5466 -10.7374 -3.23345)
(0.425433 -11.9078 -0.870037)
(-1.23046 -12.3076 0.0150947)
(-1.17208 -12.0033 -1.06996)
(0.683569 -12.484 -0.00784593)
(3.3847 -10.8659 -3.23491)
(-0.74845 -9.61344 -4.71134)
(1.94803 -7.69428 -4.32682)
(1.66108 -11.8334 -2.11327)
(1.59923 -7.28202 -4.95052)
(1.92032 -12.2076 -2.92242)
(3.34543 -10.6042 -2.96252)
(4.24617 10.6784 4.8932)
(4.51974 11.0958 5.07502)
(3.04655 11.3767 3.89313)
(3.93203 12.0946 1.47477)
(2.21874 12.3205 4.74791)
(2.06873 11.6063 1.29408)
(3.51102 11.7228 4.29671)
(3.29193 11.8074 0.568308)
(2.01326 11.8256 4.5302)
(3.2753 11.3368 5.29892)
(2.01239 12.9427 6.23894)
(3.48012 12.0568 5.33809)
(1.88815 11.9585 6.0188)
(3.89261 10.4098 2.47898)
(5.45911 9.22407 0.568527)
(4.67431 7.74113 -0.402181)
(2.98722 10.0656 -1.2543)
(5.24542 8.68397 1.70895)
(3.58857 11.1646 0.641537)
(3.66578 9.52941 0.598381)
(3.8932 10.5089 4.65446)
(3.42899 10.0175 2.87325)
(2.15221 11.2614 3.36926)
(1.26709 11.2655 1.04351)
(1.48722 10.4882 -1.9665)
(0.754203 11.1771 3.79687)
(2.06071 11.5312 -0.13451)
(1.39964 11.4902 4.41139)
(1.37506 10.7052 1.71027)
(3.06203 10.8272 5.40265)
(1.68714 10.4157 6.06369)
(1.82643 11.1464 6.09841)
(2.56635 10.2566 4.99472)
(-3.63472 -12.7111 -2.0887)
(-1.51945 -12.9187 -4.40448)
(-4.63084 -9.98724 -4.17364)
(-3.0772 -8.85972 -5.35823)
(-3.75045 -12.5035 -2.92952)
(-1.37202 -13.0142 -3.42713)
(-4.62287 -10.1432 -3.60779)
(-5.07229 -12.914 -0.961736)
(-5.0707 -12.7381 -1.76439)
(-6.42503 -12.3244 -0.477072)
(-7.05598 -10.7052 -1.8053)
(-7.76377 -11.6507 -0.639252)
(-8.93451 -11.7859 0.399933)
(-6.41762 -12.2509 -1.28372)
(-7.2025 -10.6301 -1.17084)
(-7.63031 -11.5678 0.416992)
(-2.9176 -12.5935 -1.40052)
(-2.44165 -11.7902 -0.199925)
(-2.09986 -11.7401 -1.32705)
(-3.11714 -12.1621 -0.40796)
(-3.33981 -12.7387 -1.44273)
(-3.11113 -8.99501 -4.39496)
(-1.48049 -12.2341 -1.51266)
(-4.68368 -10.2234 -2.0214)
(-1.44543 -12.6677 -2.54859)
(-4.59464 -10.0527 -2.70258)
(-3.01761 -12.6959 -0.568109)
(-4.75555 -12.7175 -0.342037)
(-4.69097 -12.8398 0.113967)
(-6.26026 -12.1819 0.316678)
(-8.75828 -11.4176 1.41843)
(-6.94667 -10.169 0.431004)
(-7.26932 -11.1451 2.14695)
(-6.86942 -10.245 -0.0450941)
(-7.41794 -11.2786 1.38196)
(-6.1391 -12.3051 0.861289)
(-2.76644 12.2625 9.88179)
(-1.14468 14.3804 7.3192)
(-2.3837 12.8754 9.96855)
(-1.29715 13.3263 7.10869)
(-6.1987 12.5221 12.9423)
(-4.13529 14.0649 9.50492)
(-7.4931 12.8686 13.1396)
(-8.49555 11.6545 13.7154)
(-6.33298 12.9715 12.429)
(-4.38444 13.3332 9.5384)
(-7.36534 12.6169 13.9814)
(-4.12821 12.8414 14.0066)
(-4.06783 13.1627 12.8734)
(-4.07297 12.2462 7.03857)
(-0.279193 11.2499 2.39464)
(-1.54188 11.1601 4.98862)
(-2.99385 10.0078 4.03586)
(-1.41742 11.4918 5.15709)
(-3.10753 10.8075 4.78513)
(-3.4519 10.9223 6.57841)
(-2.87752 11.6154 9.12996)
(-0.020201 10.9242 6.70017)
(-0.766397 12.0672 6.8035)
(-2.20198 10.9366 7.77574)
(-6.4796 12.1304 12.7431)
(-8.50127 11.3824 14.0241)
(-6.21039 10.8153 8.28329)
(-7.65128 11.9972 14.2218)
(-5.0598 12.3914 9.12874)
(-7.54292 12.4998 14.4675)
(-6.91963 11.3016 11.274)
(-4.40299 12.6412 14.245)
(-4.74845 12.2707 12.5618)
(-12.2289 -11.7802 0.707669)
(-11.652 -11.1401 1.70374)
(-14.6442 -3.39129 6.61199)
(-10.2628 -0.662331 0.825109)
(-15.8398 -0.836326 7.11079)
(-12.4454 3.62753 2.41537)
(-14.6795 -3.3828 5.67162)
(-10.2028 0.104089 1.75992)
(-15.8008 -0.805435 8.11914)
(-21.3292 -6.53949 4.22265)
(-21.3416 -7.08017 3.07916)
(-19.7205 -0.542629 6.9025)
(-20.1044 2.04063 6.87347)
(-19.7775 -1.59567 5.29183)
(-19.4324 2.48094 8.51698)
(-15.5323 -11.8331 5.02754)
(-11.7652 -8.94605 1.68278)
(-13.0244 -7.05457 2.91861)
(-12.7372 -9.38371 3.59781)
(-12.8129 -6.79769 1.57527)
(-12.8673 -9.55615 2.93998)
(-15.3327 -12.2104 5.24275)
(-14.7405 -3.77415 7.29221)
(-11.7758 3.36141 3.13295)
(-9.89489 -0.692427 3.1717)
(-15.3205 -0.766698 9.4615)
(-9.48019 0.0920165 2.27967)
(-15.5521 -0.764917 8.94354)
(-14.8015 -4.16966 7.46996)
(-20.6177 -5.51257 6.36046)
(-19.8903 -5.19604 8.85797)
(-19.0588 0.0802946 8.63155)
(-18.1718 2.15814 11.149)
(-18.7844 2.37712 9.86748)
(-18.3927 0.17715 10.2198)
(-13.7676 7.527 11.8482)
(-10.4551 10.4965 9.25813)
(-12.7388 9.12745 11.9448)
(-11.5539 9.75918 13.0127)
(-13.9814 7.84417 10.9743)
(-10.5146 10.0916 10.1354)
(-12.4471 8.85765 12.906)
(-16.4235 5.2804 10.5551)
(-18.1455 4.09431 8.14479)
(-17.0474 5.55645 9.36832)
(-17.6918 3.98595 9.53658)
(-14.6335 6.36421 11.4664)
(-15.1076 6.67225 10.3828)
(-14.4612 5.35847 11.4539)
(-10.4218 6.12448 4.84125)
(-11.7492 7.09553 7.83014)
(-14.812 3.20972 10.8551)
(-11.7289 7.52998 7.31264)
(-14.9435 3.31117 10.1728)
(-14.2336 5.21004 12.1133)
(-13.497 7.1604 12.6377)
(-11.5276 9.45044 13.6405)
(-10.9974 8.89274 11.3729)
(-11.9328 8.40003 14.2085)
(-10.6235 9.46001 10.9259)
(-12.1701 8.5225 13.632)
(-13.2748 6.95305 13.348)
(-15.7662 4.92722 11.5918)
(-16.5969 3.4622 11.8368)
(-17.1323 3.73076 10.7877)
(-15.2274 4.64013 12.4919)
(-14.0814 6.03191 12.4194)
(-13.6417 5.77726 13.2543)
(-10.1898 11.3338 14.8031)
(7.45835 -8.21044 -1.54027)
(7.08739 -7.86344 -0.999693)
(9.73975 -2.21081 -2.85744)
(9.42416 -0.442983 -3.18516)
(9.81049 -2.19572 -3.13546)
(9.31701 -0.626855 -2.98552)
(8.50962 -4.68194 -2.0905)
(7.91624 -5.38276 -2.5202)
(7.43281 -5.41265 -3.43003)
(8.02389 -6.48584 -1.913)
(8.56499 -4.74074 -2.68097)
(7.81802 -5.26948 -1.73567)
(7.30683 -5.57179 -2.92374)
(8.43756 -1.7269 -3.07486)
(8.35231 -0.372888 -3.71907)
(7.42702 -2.45967 -4.57731)
(6.29094 -0.663306 -4.664)
(8.52847 -1.91459 -3.35814)
(8.29216 -0.295404 -3.56797)
(7.29335 -2.56311 -4.35054)
(9.23797 -3.7218 -1.98712)
(9.42849 -3.72876 -1.45819)
(9.6268 -2.17916 -2.94394)
(9.17831 -0.67712 -2.81912)
(9.23569 -0.570285 -3.23253)
(9.57318 -2.1412 -2.508)
(8.38403 -4.70856 -1.66632)
(7.74799 -6.31979 -1.31059)
(7.59616 -5.17778 -0.388648)
(7.03536 -5.57151 -1.56254)
(7.68468 -5.24138 -1.23554)
(7.06053 -5.48671 -2.14661)
(8.4776 -4.65997 -1.06283)
(8.41478 -1.87117 -2.98419)
(6.32268 -0.811699 -4.70587)
(8.36785 -0.544162 -3.31747)
(7.35592 -2.64976 -3.68094)
(8.31652 -0.594358 -3.66003)
(7.22341 -2.73661 -4.0633)
(8.46442 -1.6679 -2.57398)
(8.6244 2.88113 -3.06474)
(8.66114 3.02755 -2.77078)
(7.41277 2.89561 -3.42798)
(8.39273 2.4931 -3.56793)
(5.76397 3.69641 -3.9785)
(7.1496 1.64601 -4.64482)
(7.35119 2.9298 -3.23537)
(8.39164 2.49265 -3.61557)
(5.75581 3.04705 -4.10441)
(7.43708 4.93553 -3.31498)
(6.54955 4.68237 -2.91378)
(6.6127 5.14535 -3.5388)
(5.44953 5.53468 -3.66223)
(7.42118 4.93647 -2.88192)
(6.42734 4.66838 -3.43381)
(6.52761 4.66876 -3.91403)
(7.94189 1.61769 -3.54218)
(9.20826 0.453928 -3.18778)
(9.26874 0.571509 -3.4703)
(7.86047 1.42787 -3.36821)
(8.54379 2.93464 -3.64568)
(8.50366 2.83929 -3.54659)
(7.49911 2.48354 -3.87563)
(7.13816 1.34656 -4.90166)
(8.43658 2.02531 -3.66707)
(5.96583 2.48335 -4.27815)
(8.40101 2.01343 -3.90718)
(5.85539 2.90188 -4.50083)
(7.54102 2.47655 -3.74298)
(7.40894 4.54996 -3.89722)
(5.66318 5.50615 -4.33079)
(6.44912 4.58436 -4.19233)
(6.69898 4.12849 -4.44309)
(6.50936 4.48689 -4.08251)
(6.63502 4.4275 -4.46745)
(7.41949 4.56598 -3.94026)
(5.68054 6.17626 -3.89271)
(5.8697 6.22469 -4.57509)
(6.50803 -10.3276 -2.14363)
(6.18299 -9.48539 -2.9092)
(5.24826 -9.46337 -3.75477)
(6.10061 -8.4342 -1.84654)
(6.99843 -10.3681 -3.00572)
(5.93036 -9.28724 -1.82957)
(5.36097 -9.93362 -2.85505)
(2.54973 -13.3016 0.636142)
(-1.06055 -12.591 0.775649)
(1.48376 -12.9474 0.319701)
(-0.646356 -13.2661 1.61834)
(4.00972 -10.5137 -2.74877)
(2.52006 -7.89106 -4.12283)
(1.22361 -11.3005 -1.5774)
(-0.134739 -10.0425 -2.9326)
(3.40843 -10.2115 -3.02163)
(3.15573 -8.5128 -3.37598)
(1.43995 -11.4313 -1.16773)
(4.48618 -11.1332 -0.801992)
(3.743 -9.83242 -0.711381)
(5.64536 -9.74561 -1.47041)
(6.02032 -8.09747 -1.16015)
(5.06323 -8.53392 0.0753515)
(4.02239 -10.2233 -1.24962)
(5.43412 -8.96834 -1.05705)
(4.41373 -9.95495 -2.45084)
(4.85765 -9.32902 -0.34167)
(3.61291 -12.3664 0.244201)
(2.27181 -12.6739 1.78015)
(0.516385 -13.3002 1.88469)
(3.72926 -10.7545 0.235498)
(4.26723 -10.6445 -2.27158)
(0.475184 -10.1574 -2.63644)
(3.45266 -9.67919 -1.70158)
(2.8151 -11.6842 -0.250466)
(3.4536 -8.94748 -2.94213)
(1.94812 -11.3877 -1.00141)
(4.18999 -11.2284 -0.782424)
(2.27001 7.46232 -1.63578)
(2.99751 9.04579 1.22491)
(-0.188319 8.42409 -1.80574)
(0.710523 9.54865 -2.50568)
(0.145306 10.8427 2.90156)
(-1.50289 8.12811 -2.8372)
(0.554086 9.95998 0.438868)
(-0.298317 8.0525 -4.21781)
(-0.782664 9.69771 0.956705)
(1.07992 8.13543 1.79178)
(1.5347 9.87101 6.04979)
(1.96 9.65729 4.18255)
(1.09627 9.22106 5.5098)
(2.22071 6.26055 -4.23677)
(3.82543 6.28685 -4.51561)
(3.39703 5.39223 -5.12298)
(2.68169 6.7837 -5.04259)
(3.2185 5.41574 -4.7158)
(1.85536 7.37778 -4.50893)
(2.58307 6.0443 -4.56971)
(1.93851 6.15729 -3.81052)
(2.15021 5.95749 -4.22938)
(-0.0891232 6.83988 -3.49406)
(-1.61103 6.81418 -2.98299)
(1.00873 6.39465 -4.5631)
(-0.364918 6.69515 -2.87687)
(-0.0487404 7.07506 -3.99008)
(-1.09495 7.73425 -1.86834)
(0.772778 6.16949 -3.80606)
(0.388412 6.0632 -1.3097)
(-0.351421 6.32197 -0.323164)
(0.000818771 7.43431 3.00486)
(0.749779 5.7437 -2.74457)
(-3.87649 -11.7877 1.5059)
(-1.98386 -11.5194 -0.565535)
(-4.92943 -10.3404 -1.05571)
(-3.17875 -9.46054 -1.91037)
(-3.35054 -12.1712 0.382112)
(-2.39591 -11.4513 0.413107)
(-4.77477 -10.8443 -0.533198)
(-4.87637 -11.8215 2.22354)
(-4.62869 -12.0954 0.696885)
(-5.70558 -11.8464 2.45057)
(-6.96762 -10.102 1.40244)
(-7.10074 -10.9408 2.74093)
(-8.62654 -10.9645 3.70115)
(-6.00512 -12.1072 1.55939)
(-6.71983 -10.3045 1.84875)
(-6.91594 -10.9028 3.33131)
(-3.67814 -12.1056 2.86335)
(-0.995493 -12.3653 2.99815)
(-2.26694 -12.4123 2.62528)
(-3.22663 -12.1057 3.35892)
(-3.60909 -11.5473 1.91868)
(-2.22456 -9.71606 -1.32671)
(-1.29077 -11.641 0.754978)
(-3.4288 -11.052 0.10111)
(-2.04924 -11.3552 0.654239)
(-3.86967 -10.9694 -0.117593)
(-3.04936 -11.4608 2.02159)
(-4.75174 -11.6241 3.06973)
(-4.60944 -11.4358 3.63426)
(-5.33818 -11.5687 2.87635)
(-8.34657 -11.0376 4.13136)
(-5.318 -11.007 2.50832)
(-6.46214 -10.7186 3.62915)
(-5.73926 -10.7881 2.26113)
(-6.594 -10.8919 3.68209)
(-5.14675 -11.2481 3.13669)
(-0.975414 9.74431 7.49479)
(0.280106 10.233 6.92662)
(-1.22677 10.2698 7.46171)
(0.279988 9.74414 6.87912)
(-6.02146 9.97567 8.52511)
(-6.18903 9.74383 7.71441)
(-7.57741 10.8127 12.898)
(-7.93042 8.22417 11.1575)
(-7.06273 10.3763 9.56779)
(-5.46496 9.25648 7.01544)
(-6.76189 9.09585 10.6851)
(-3.37429 10.4018 7.38254)
(-4.26667 11.301 9.19876)
(-3.24193 10.6174 5.12121)
(-2.22891 7.27341 -0.878269)
(-2.63021 7.64135 -0.771383)
(-2.84903 7.82239 1.33783)
(-2.95396 9.137 1.63894)
(-2.87394 8.22722 2.74987)
(-3.00975 10.1072 3.20139)
(-0.85466 8.88301 7.50528)
(-0.929801 8.00513 3.79628)
(-0.253549 9.03557 6.25886)
(-0.964105 8.20589 7.24658)
(-5.55855 9.94979 8.3024)
(-7.46852 7.95188 9.85454)
(-3.79382 8.99727 6.26958)
(-5.59556 8.75144 8.9466)
(-4.13422 9.16781 6.80808)
(-5.89768 8.61396 9.03639)
(-5.06036 9.54494 7.90907)
(-2.44422 9.51833 8.13937)
(-2.48647 9.23931 8.73826)
(-10.6977 -9.86396 4.93231)
(-10.3017 -9.48262 5.83952)
(-14.1125 -6.09796 6.46901)
(-10.023 -2.17188 3.48553)
(-14.8276 -1.36537 9.50383)
(-11.7596 -0.0567504 4.39426)
(-14.2576 -5.03866 7.07052)
(-11.241 -3.6996 3.91503)
(-14.4891 -2.29428 9.1259)
(-16.1914 -6.42798 7.54091)
(-18.6611 -6.25045 9.48527)
(-16.5378 -2.48287 11.2394)
(-17.5319 1.87485 12.263)
(-17.6678 -0.552758 11.2171)
(-16.8881 1.02446 12.7535)
(-12.6952 -7.51876 6.79527)
(-10.6425 -8.09613 5.89315)
(-11.607 -4.24904 6.11355)
(-11.106 -7.23207 7.08767)
(-12.4152 -5.20815 5.5839)
(-11.7831 -7.56615 6.26373)
(-12.0532 -6.73268 7.47785)
(-14.3859 -6.51522 6.89248)
(-11.3098 -1.19229 4.62307)
(-11.1851 -2.00006 5.72812)
(-13.636 -4.8151 8.40482)
(-11.5385 -3.55622 4.84269)
(-13.999 -4.33919 8.45919)
(-14.2628 -4.89639 7.85159)
(-13.3674 -4.76015 6.43053)
(-11.9089 -3.32331 6.88593)
(-13.8871 -3.76255 9.64503)
(-13.3587 -2.3174 10.143)
(-15.7186 -0.88629 12.5833)
(-11.1134 -1.92612 7.9687)
(-12.5724 6.03784 13.7599)
(-11.3985 7.81731 11.7435)
(-11.6785 8.00854 14.6918)
(-10.1243 7.6121 12.3465)
(-12.9473 6.54126 13.9217)
(-11.4996 6.60213 10.6786)
(-11.1881 7.66993 14.2526)
(-14.3387 4.19621 13.8861)
(-16.1366 3.18462 12.8568)
(-14.7723 4.41055 13.3206)
(-15.6133 2.87646 13.5384)
(-12.9193 5.36792 14.3124)
(-13.3054 5.57738 13.9912)
(-12.9472 2.83627 11.7863)
(-10.6672 1.37492 6.15669)
(-10.287 2.43293 6.70496)
(-13.0994 -1.20517 9.41103)
(-11.0921 3.29475 7.31351)
(-13.722 0.471343 10.3595)
(-12.0836 1.0063 10.3554)
(-11.9442 5.24581 13.0893)
(-9.66534 6.52847 11.2253)
(-9.75086 4.30379 8.86866)
(-9.13101 5.75789 11.4548)
(-10.8998 5.12291 9.78276)
(-10.2476 6.74635 13.4426)
(-10.8036 4.47649 11.2523)
(-13.6537 3.68947 14.0185)
(-13.1641 0.185326 12.4194)
(-14.7083 2.09649 13.7798)
(-12.4936 2.38093 13.0607)
(-12.4263 4.99411 14.232)
(-11.4271 4.22483 12.9966)
(-9.29577 8.53996 12.3463)
(6.51291 -7.52338 1.39653)
(6.28433 -7.36196 2.10781)
(9.13027 -1.96192 -1.96183)
(8.92649 -0.632355 -2.85499)
(9.24406 -2.08922 -2.49063)
(8.85088 -0.660774 -2.34887)
(8.54728 -4.43141 -0.316266)
(7.42416 -4.91874 0.11175)
(6.95651 -5.23499 -0.792588)
(7.54445 -6.33127 0.795838)
(8.24831 -4.48763 -0.716287)
(7.45544 -4.93259 0.702816)
(7.13901 -4.83791 -0.38256)
(8.58092 -1.57544 -1.93842)
(8.35291 -0.717633 -3.208)
(7.30848 -2.85494 -3.34056)
(7.16333 -1.14093 -3.53751)
(8.39686 -1.77326 -2.43346)
(8.46811 -0.696339 -2.6797)
(7.76856 -2.41844 -2.89751)
(8.81803 -3.36962 -0.955251)
(8.98174 -3.38026 -0.647427)
(8.63653 -1.86884 -1.95171)
(8.19446 -0.665455 -1.65336)
(8.41064 -0.639449 -2.27756)
(8.50235 -1.76788 -1.41688)
(8.32284 -4.05729 -0.452444)
(7.65883 -6.08678 1.14719)
(7.60225 -4.6513 0.773978)
(8.07245 -4.22623 -0.0958386)
(7.38059 -4.58696 0.904039)
(7.49103 -4.35372 -0.214789)
(8.48033 -4.0525 -0.242251)
(8.40688 -1.56051 -1.86516)
(7.34316 -1.22614 -3.02147)
(8.24279 -0.819013 -1.72815)
(8.23186 -2.16602 -2.00542)
(8.26254 -0.798723 -2.40284)
(7.90086 -2.46256 -2.62106)
(8.472 -1.56477 -1.29429)
(8.02412 2.82693 -3.69364)
(8.20953 2.86542 -3.78908)
(7.56953 2.30448 -3.51005)
(8.38475 1.63894 -3.631)
(6.08134 2.49955 -4.3246)
(7.57785 0.721699 -3.87982)
(7.51713 2.20858 -3.86174)
(8.39013 1.66041 -3.15225)
(6.33895 2.25862 -3.81607)
(7.20074 4.14255 -4.07031)
(6.48576 4.35021 -4.46436)
(6.72434 3.97317 -4.61545)
(5.77349 4.60782 -4.39827)
(7.26186 4.21979 -4.17389)
(6.36964 4.32332 -4.26652)
(6.92116 3.83859 -4.32257)
(7.35694 1.63375 -3.40776)
(8.14152 0.565548 -2.42729)
(8.35434 0.490942 -2.91868)
(7.15988 1.64332 -3.18912)
(7.41357 2.74364 -3.93877)
(7.17152 2.62025 -3.79453)
(7.44452 2.16359 -3.36133)
(7.49694 0.413173 -3.4155)
(7.98215 1.25356 -2.17425)
(6.67813 1.97554 -2.75793)
(8.1498 1.29944 -2.88715)
(6.39556 2.23057 -3.51228)
(7.64119 2.20845 -2.71654)
(6.85515 3.64211 -3.98633)
(5.63949 4.46407 -4.00299)
(5.97562 3.76962 -3.29384)
(7.00701 3.08055 -3.45045)
(6.24246 3.94564 -3.95564)
(6.87895 3.20443 -4.15272)
(6.692 3.41631 -3.4306)
(5.70265 5.51804 -4.42924)
(5.44242 5.24114 -3.98432)
(4.40817 -8.71611 1.69768)
(4.89727 -8.34476 0.909062)
(2.48058 -9.73383 -0.6951)
(5.33752 -7.59122 1.39621)
(4.30335 -8.76407 0.626543)
(4.988 -8.05974 1.78626)
(2.23656 -9.27491 0.430075)
(0.838271 -7.34945 0.120747)
(2.65753 -10.6985 0.679715)
(2.53119 -8.39355 -0.400279)
(1.27958 -9.4191 0.35948)
(2.55787 -11.1366 1.72022)
(2.57185 -9.34007 -1.02214)
(3.1053 -11.2658 0.82485)
(-0.299496 -9.52389 -0.0892805)
(3.54 -11.0751 0.469837)
(1.08167 -8.83772 -0.0537735)
(2.15851 -10.6589 2.10813)
(1.56267 -7.80952 1.45209)
(1.55927 -7.95039 2.84128)
(4.91658 -8.6475 2.3337)
(5.16833 -7.43296 1.87801)
(5.23281 -7.57008 2.85205)
(2.10755 -8.10319 1.4838)
(5.18599 -7.88247 2.36674)
(1.78399 -8.67314 0.879117)
(5.17294 -8.55448 2.71918)
(-0.191251 -7.23246 1.58779)
(-1.15241 -8.55879 2.93404)
(-0.490321 -8.68394 1.3274)
(-0.433392 -7.47085 2.83315)
(2.62698 -10.396 2.23728)
(-1.20988 -8.42968 0.0245298)
(-0.265791 -7.06505 0.794402)
(2.18862 -8.84604 2.43281)
(0.167762 -7.86286 0.0537246)
(1.77819 -9.66555 2.45239)
(3.2102 -9.6747 2.44491)
(2.42074 6.09144 -3.73945)
(2.34781 6.12311 -4.09613)
(1.43361 5.86073 -3.84406)
(1.58112 5.7277 -4.61647)
(0.490586 6.28119 -3.48171)
(0.00829225 4.70346 -4.22278)
(1.35072 5.99745 -3.89711)
(1.77703 5.49879 -4.72148)
(0.504394 5.82321 -3.7446)
(1.5683 6.17734 -3.14465)
(0.191901 6.28946 -1.42547)
(1.29717 6.07848 -3.18462)
(0.277069 6.19257 -2.0622)
(3.06666 5.77155 -3.48339)
(4.25135 5.33159 -3.94077)
(3.47907 5.19836 -3.10502)
(3.93689 5.07646 -3.51219)
(3.57961 5.288 -3.77314)
(3.78344 5.27141 -4.04825)
(3.12371 5.60384 -2.88265)
(2.45186 6.04178 -3.30291)
(2.5354 6.15933 -2.69763)
(1.52045 5.61425 -3.64779)
(0.132895 3.97674 -4.10904)
(1.94702 4.81395 -4.0798)
(0.39494 4.89211 -3.12603)
(1.8097 5.0948 -4.50228)
(0.596119 5.2243 -3.74338)
(1.38233 5.41843 -3.16439)
(1.65709 6.27163 -3.05379)
(0.261403 5.61424 -2.11438)
(0.247775 5.91674 -2.51203)
(1.65559 6.37341 -2.56914)
(-2.1034 -10.2411 2.62564)
(-0.191395 -11.3315 1.1481)
(-3.05617 -9.90424 0.834024)
(-1.52075 -8.91168 0.32111)
(-1.92537 -10.9554 1.89838)
(-0.729265 -10.7451 2.25191)
(-3.21129 -9.32456 1.30944)
(-3.74075 -10.3977 2.31686)
(-4.05728 -11.1832 3.65101)
(-4.77958 -9.86556 3.32585)
(-4.99792 -9.91258 3.15025)
(-6.11592 -9.77593 3.7379)
(-6.6145 -9.21639 4.46804)
(-4.97359 -10.4221 3.27987)
(-4.87059 -9.02241 3.09926)
(-5.72279 -8.97588 3.88574)
(-2.54303 -9.38696 2.82337)
(-1.8403 -8.72092 3.2189)
(-1.34662 -8.95355 1.86964)
(-2.59888 -8.86855 3.6346)
(-2.63671 -9.31027 3.03154)
(-1.99702 -7.79524 0.611419)
(-0.997227 -8.96956 2.85068)
(-3.5643 -8.03781 1.72455)
(-1.20316 -9.59417 2.59455)
(-3.57629 -8.45362 1.62195)
(-2.49831 -8.58493 3.35961)
(-3.69327 -9.10083 3.32807)
(-3.41503 -8.42003 4.03459)
(-4.39175 -8.89061 3.71962)
(-6.03706 -8.16118 4.54054)
(-4.82125 -7.3673 3.64557)
(-4.78573 -7.36183 4.55402)
(-5.02558 -7.99714 3.3952)
(-5.2168 -8.13008 4.19976)
(-3.98257 -8.11445 4.10249)
(-2.02567 6.77241 4.4636)
(-1.27775 7.31971 1.88499)
(-1.39964 7.63243 6.24007)
(-1.35682 6.88536 0.435075)
(-4.55813 8.09322 6.79497)
(-3.61401 8.45865 5.34268)
(-5.42205 8.51275 9.00115)
(-6.15569 7.37003 8.70559)
(-4.64601 8.97202 7.63402)
(-4.25634 7.2251 4.13977)
(-5.2674 8.08673 8.68267)
(-2.91673 8.77125 8.84182)
(-2.66743 9.09113 9.09477)
(-2.56096 4.1424 -1.2805)
(-1.75439 4.03228 -3.82515)
(-1.79679 4.28554 -2.68034)
(-2.53363 1.81304 -2.16935)
(-1.8692 4.97313 -3.38022)
(-2.7492 2.98159 -2.20544)
(-2.16987 2.64553 -1.59206)
(-2.2001 5.579 2.12091)
(-0.780157 5.23457 -1.31738)
(-1.20635 6.07227 -0.955253)
(-1.80614 4.29361 0.316486)
(-4.5723 6.32796 4.62647)
(-5.69587 6.50974 7.61918)
(-4.45481 2.78521 0.441316)
(-4.04599 5.0123 5.28136)
(-4.70381 4.82006 2.22233)
(-4.9215 7.06566 7.69265)
(-4.12208 4.14587 2.18546)
(-2.96231 7.59341 6.72563)
(-2.45352 5.66518 3.36928)
(-8.31806 -8.38692 5.48594)
(-7.46144 -7.25042 5.55658)
(-11.8308 -3.4168 7.94169)
(-9.40373 -1.43894 6.1602)
(-12.4167 -3.03972 8.75802)
(-8.69232 0.291343 5.20376)
(-12.8979 -3.54822 8.31464)
(-8.35302 -2.03317 5.48728)
(-11.3513 -1.91633 8.33621)
(-10.6602 -2.83129 9.15983)
(-11.0227 -2.88362 7.95151)
(-10.2857 -0.315853 9.24866)
(-11.697 -0.180074 8.83803)
(-10.4579 -0.579232 8.41914)
(-11.3149 0.679541 9.40973)
(-9.29169 -6.35333 7.35528)
(-7.44738 -6.40918 6.04713)
(-7.48597 -4.89542 5.84905)
(-7.50598 -5.19672 6.40429)
(-7.70888 -5.02451 5.88368)
(-8.34877 -6.09242 6.68581)
(-8.09534 -5.37889 7.1678)
(-10.4783 -3.81428 7.32732)
(-7.28334 -0.67299 4.98772)
(-6.94824 -3.41466 5.24414)
(-9.49602 -2.61697 6.76163)
(-7.06726 -2.85165 5.57569)
(-10.4742 -2.0267 7.72018)
(-9.26831 -4.07518 6.63521)
(-9.9242 -3.0064 9.87745)
(-8.71685 -3.08095 9.69871)
(-9.96091 -0.377524 10.0968)
(-10.3624 0.588764 10.6309)
(-10.9742 0.840592 10.1728)
(-8.94544 -0.991005 10.6172)
(-9.46976 4.32752 9.80822)
(-8.52493 4.39995 8.19167)
(-8.52945 5.37935 10.2864)
(-7.99253 6.0906 9.51134)
(-9.81257 4.22478 10.2087)
(-8.18347 4.77863 8.17308)
(-8.3967 5.52462 9.92993)
(-10.4702 2.53419 9.82624)
(-11.2931 0.365375 9.77937)
(-10.8166 1.63517 10.3209)
(-10.937 1.62226 9.64342)
(-9.71183 3.82885 9.98323)
(-10.2308 3.59766 10.5894)
(-9.82454 2.33533 8.85882)
(-7.04485 0.879854 5.84285)
(-7.47677 1.09373 3.88594)
(-9.6073 0.228853 7.45987)
(-8.00719 2.39613 5.4534)
(-10.277 0.726456 8.46543)
(-9.22646 1.74486 7.83225)
(-9.10274 4.1332 9.44826)
(-7.70069 5.61576 8.72266)
(-7.61657 2.69181 5.76988)
(-7.51391 4.78087 8.53136)
(-7.84128 4.08474 7.52237)
(-8.09966 5.19804 9.54503)
(-8.53337 3.66018 8.54416)
(-10.071 2.75186 9.98641)
(-10.0049 1.8149 10.3748)
(-10.5771 1.90172 10.1181)
(-9.48956 2.61468 9.95236)
(-9.32793 3.74522 9.93885)
(-8.80018 3.45939 9.57541)
(-6.99231 7.18888 9.40421)
(7.78015 -7.80275 1.65021)
(6.10492 -5.93861 0.454543)
(7.57119 -1.58427 -0.382396)
(7.60357 -0.609858 -1.37883)
(7.67184 -1.68257 -1.02415)
(7.47169 -0.485447 -0.910278)
(7.79868 -3.69843 -0.0796546)
(7.39382 -4.41742 0.44612)
(8.27375 -3.49158 0.0117072)
(8.28667 -5.36466 0.391245)
(7.93939 -3.65564 -0.319164)
(7.48704 -4.69317 0.266209)
(8.29767 -3.54598 -0.0265626)
(7.6623 -1.82412 -0.371555)
(7.74986 -0.967198 -1.18929)
(8.04274 -2.31177 -1.50435)
(7.35062 -1.60477 -0.769455)
(7.95186 -1.75769 -1.13764)
(7.72102 -0.976665 -0.489998)
(7.78838 -2.52842 -0.765463)
(7.17224 -2.72644 0.338659)
(6.63459 -2.39773 0.242134)
(7.02832 -1.09061 -0.0871035)
(6.45515 -0.137464 -1.08347)
(6.91789 0.079429 -0.677317)
(6.49446 -0.91607 -0.255928)
(6.95663 -3.39725 0.40485)
(6.86807 -4.5377 0.597735)
(5.57864 -3.48317 -0.0241269)
(6.25276 -3.09807 0.148839)
(6.44259 -4.13893 0.490468)
(7.14153 -3.59916 0.379369)
(6.4094 -3.14709 0.296344)
(7.25328 -1.57779 0.0282762)
(6.8417 -1.28943 -0.215642)
(7.51031 -0.650976 0.487139)
(6.59945 -2.06938 0.0429204)
(7.60732 -0.638575 -0.0428722)
(7.02196 -2.30724 -0.0686601)
(6.96725 -1.48217 0.372058)
(6.18538 1.90471 -2.99712)
(6.49844 2.22013 -3.59822)
(7.98233 1.68932 -1.49182)
(7.64338 0.888775 -1.76227)
(6.61141 1.63455 -2.25321)
(7.38737 -0.401126 -1.24906)
(7.5425 1.86588 -2.27196)
(7.80071 0.977862 -0.983811)
(6.83454 1.25829 -1.46329)
(6.4434 3.14084 -2.23692)
(5.89731 3.61417 -2.83168)
(6.89971 2.35571 -3.0863)
(5.45374 3.96918 -2.15929)
(6.44365 3.10675 -2.88546)
(5.72801 3.6065 -2.22634)
(6.92711 2.36039 -2.37035)
(5.45258 0.656541 -2.28099)
(6.18393 0.0748808 -1.49186)
(6.83971 0.896896 -1.9354)
(5.25526 0.138896 -1.41708)
(5.6747 1.51921 -2.45631)
(5.45322 1.28288 -1.61902)
(7.65093 1.56423 -0.975065)
(7.15454 -0.23648 -0.734194)
(7.50876 0.83389 0.326897)
(6.27583 0.189747 0.0347827)
(7.79625 1.07567 -0.385034)
(6.51283 0.941073 -0.879663)
(7.59633 1.47469 -0.191613)
(6.24787 3.08554 -1.54816)
(5.42979 3.70738 -1.47296)
(5.40715 3.4578 -0.680002)
(6.42283 1.44513 -0.614995)
(5.70823 3.54108 -1.55779)
(6.65378 1.34759 -1.66862)
(6.166 3.12048 -0.806834)
(5.24226 4.81514 -2.1313)
(5.19187 4.5476 -1.33142)
(6.59696 -7.85875 1.6592)
(5.49606 -7.40659 2.85606)
(2.97939 -7.43269 1.47588)
(6.14843 -6.7719 1.31147)
(5.52769 -8.39691 2.74797)
(5.79785 -6.99861 1.67676)
(5.52101 -6.7696 1.04426)
(1.07286 -7.04468 3.92543)
(-1.0881 -8.36809 3.79926)
(-0.253935 -7.5614 3.76247)
(-0.29342 -7.33051 4.18907)
(4.33475 -6.9298 1.55008)
(0.762631 -6.22766 1.46862)
(2.67711 -8.44051 2.28751)
(0.83665 -5.88606 1.47836)
(3.55025 -8.81061 2.42104)
(2.93599 -5.12492 1.26951)
(2.73476 -7.36049 1.82117)
(2.49124 -4.93283 -1.06162)
(1.35294 -4.13066 -2.53776)
(4.09422 -5.09325 -0.887942)
(4.87061 -5.07851 0.0479221)
(2.87623 -4.12247 -2.14122)
(2.8982 -4.76652 -0.736884)
(3.84861 -4.95155 -1.09204)
(5.32382 -5.25396 0.282874)
(2.74437 -4.42302 -1.78853)
(2.29462 -4.36924 0.392336)
(1.41817 -3.33999 0.186811)
(1.66848 -4.82272 3.29785)
(0.799364 -3.52285 -1.8549)
(4.46379 -4.85959 0.262055)
(2.95027 -4.67436 2.38031)
(2.63631 -4.69569 1.6496)
(3.36356 -4.85923 1.58765)
(4.3561 -4.59259 1.71437)
(4.02097 -5.19667 1.85048)
(2.65421 -4.75794 -0.479752)
(2.45179 6.0913 -1.31745)
(2.48791 6.13381 -2.15189)
(1.18473 5.01456 -1.86629)
(1.76478 4.61447 -3.38656)
(0.433853 4.42719 -2.51255)
(0.438535 3.27285 -2.03892)
(1.32371 5.14736 -2.63768)
(1.89062 4.55829 -2.6866)
(0.364566 4.25965 -1.49641)
(1.49964 5.91158 -1.31534)
(0.252662 5.13131 -1.68932)
(1.52663 6.15316 -2.17315)
(0.27034 4.80587 -0.763957)
(2.83682 4.92773 -0.742677)
(4.04813 4.9424 -1.16836)
(2.83169 4.45008 -0.0726599)
(2.73133 4.32254 -0.414069)
(2.96145 4.59178 -0.830725)
(3.46934 4.3401 -1.04392)
(2.64913 4.77501 -0.0730837)
(2.24253 5.64598 -0.546555)
(1.98801 5.23281 0.235294)
(0.956404 4.46318 -1.09018)
(0.56002 2.93048 -1.39081)
(1.27817 4.07864 -1.07306)
(0.2184 3.58241 -0.0335083)
(1.87349 4.15509 -1.9439)
(0.278931 3.83495 -0.807615)
(0.750275 4.14176 -0.206458)
(1.31812 5.24445 -0.612556)
(0.153175 3.92203 0.407099)
(0.245152 4.24602 -0.208098)
(1.12164 4.77181 0.190124)
(-1.6865 -7.24765 3.39084)
(-0.407198 -8.1755 2.92303)
(-2.95262 -7.17679 1.95804)
(-1.25009 -5.8075 2.28783)
(-2.11543 -7.85895 3.52182)
(-0.192691 -7.39754 2.68588)
(-2.41912 -6.59173 1.9977)
(-2.8994 -7.21943 4.8913)
(-3.22905 -7.91624 4.57706)
(-3.28292 -6.99752 4.48377)
(-4.28396 -6.83288 3.80467)
(-4.39957 -6.83288 4.78766)
(-4.48648 -6.20243 4.34262)
(-3.64407 -7.51086 4.41504)
(-3.66251 -6.61111 3.69012)
(-4.1473 -6.32646 4.84439)
(-1.36724 -6.26292 4.86166)
(1.1203 -3.51564 4.30791)
(-0.15708 -5.41633 4.69986)
(-0.284862 -4.82006 4.89829)
(-0.741393 -6.21075 3.56462)
(0.285678 -4.69747 3.36261)
(1.21665 -5.23815 3.41851)
(-0.43057 -4.97458 2.8867)
(0.835363 -5.71553 2.93562)
(-1.10984 -5.63636 2.71724)
(-0.0558611 -5.28853 3.72553)
(-2.45941 -6.47228 5.24464)
(-1.85455 -5.50096 5.14179)
(-2.75208 -6.27615 4.5559)
(-3.7999 -5.94156 4.26904)
(-1.9532 -5.4382 3.79957)
(-3.03931 -4.77155 4.36715)
(-2.72468 -6.11025 3.96444)
(-3.55595 -5.66477 4.90007)
(-2.31556 -5.42346 4.37286)
(-0.960697 3.03318 -0.51305)
(-0.564811 4.61064 -1.22029)
(-1.30888 3.27533 -0.608777)
(-0.412718 4.3198 -0.605919)
(-2.37871 2.19195 -0.298605)
(-3.56835 1.59953 -0.81892)
(-2.48959 2.74297 2.30237)
(-2.59294 0.958201 1.30517)
(-2.97685 2.60803 0.345187)
(-2.58681 1.7076 -0.833965)
(-1.64384 1.73183 0.637757)
(-1.17071 3.29213 -0.313226)
(-1.69002 3.95871 0.77043)
(-1.09263 2.39374 -0.774378)
(-0.968797 3.00865 -1.42053)
(-1.11962 3.37647 -0.236273)
(-1.12259 2.07465 -0.559722)
(-1.18076 3.46759 -0.72878)
(-1.38236 1.76129 -1.04666)
(-1.05135 2.63925 -0.373096)
(-0.742527 2.89462 -0.49878)
(-0.339116 3.76659 0.0151002)
(-0.377519 3.92417 -0.346834)
(-0.645656 2.95027 -0.190086)
(-1.80557 2.37675 -0.47951)
(-2.14677 1.14119 0.394116)
(-1.57337 2.25424 -0.633142)
(-1.40178 2.0006 -0.115714)
(-1.8954 1.94312 -1.00241)
(-1.29492 1.70588 -0.0775502)
(-1.7646 2.60364 -0.303239)
(-1.02246 3.2183 -0.563591)
(-0.988789 3.26498 -0.300626)
(-5.75229 -5.76536 5.90995)
(-5.56471 -5.68441 5.72818)
(-6.93128 -2.92361 5.60224)
(-6.33139 -3.36379 5.22033)
(-7.84703 -3.04486 5.79368)
(-5.3169 -2.54962 3.29721)
(-7.93949 -3.67887 6.25896)
(-5.88206 -3.11518 4.45255)
(-6.40098 -2.61326 4.84733)
(-7.15569 -2.57593 8.75643)
(-7.70201 -2.81883 9.17362)
(-6.57762 -1.80023 9.53985)
(-9.07479 -0.29862 10.8076)
(-7.63278 -1.68085 10.4771)
(-7.28513 -1.23111 9.82218)
(-6.01827 -3.46443 5.74915)
(-5.41079 -4.5876 5.09437)
(-5.17819 -3.10511 4.15822)
(-5.36073 -3.55445 5.68751)
(-5.84141 -3.57093 4.45084)
(-5.88135 -3.87675 5.91967)
(-5.51175 -3.24379 5.35114)
(-5.96652 -2.22079 4.86962)
(-4.25081 -1.97773 2.4303)
(-4.35309 -1.99083 2.90053)
(-4.31756 -1.60632 3.07044)
(-5.05267 -2.51477 3.64347)
(-5.20226 -1.90664 3.94735)
(-5.17097 -1.93814 4.15545)
(-6.56929 -2.43246 8.08552)
(-6.02064 -2.26799 7.2598)
(-5.80047 -1.65252 8.29815)
(-4.95077 -1.0708 6.50677)
(-5.86752 -1.30501 8.18155)
(-5.18951 -1.41772 7.0661)
(-5.05599 1.379 4.79603)
(-6.241 1.13537 4.69881)
(-5.94984 3.4572 6.93781)
(-3.35231 1.29799 2.66956)
(-7.15693 2.46844 7.04632)
(-4.72262 -0.0420239 2.71818)
(-3.76891 2.03288 4.17716)
(-6.28322 0.828054 7.80689)
(-8.96436 1.23685 10.2535)
(-8.45543 2.03785 9.63502)
(-6.96139 0.0666524 9.04636)
(-5.54139 1.74917 6.35143)
(-7.74017 2.8584 8.88312)
(-4.13301 -0.544589 2.96702)
(-3.62766 -1.83658 2.1815)
(-2.87944 -0.893908 0.656371)
(-3.69855 -0.766263 2.36996)
(-3.37722 -1.12436 1.3645)
(-4.6912 -0.946485 3.44667)
(-3.14699 -0.485704 1.80296)
(-3.40687 0.829247 3.08225)
(-2.42982 0.868036 1.54038)
(-2.81886 -0.155166 0.843954)
(-1.79202 0.977647 1.13974)
(-3.39319 -0.249095 1.81647)
(-2.39191 1.26208 2.37551)
(-2.54064 0.673588 1.72391)
(-4.28896 0.145863 5.67256)
(-4.03495 -0.427091 5.28116)
(-5.10956 -0.442773 7.18194)
(-3.20691 0.0408311 3.76621)
(-3.66143 1.05752 4.15655)
(-2.75657 0.791014 2.42355)
(-2.1932 1.79827 1.2455)
(3.29565 -3.78863 -1.84013)
(3.18767 -3.8108 -1.60777)
(5.34504 -1.43637 0.260762)
(5.77344 -0.947939 -0.404493)
(5.79524 -1.32979 -0.0685403)
(5.52155 -1.04592 0.0672936)
(4.86529 -2.42342 -0.0060552)
(4.629 -2.98561 -0.595674)
(4.83766 -3.12686 -0.152251)
(4.16603 -3.27439 -1.00098)
(5.40964 -2.73484 0.0381415)
(4.37801 -2.84636 -0.636234)
(4.32602 -2.36658 -0.296927)
(5.2475 -1.40138 0.239031)
(6.59496 -0.790685 0.723437)
(5.47477 -2.21044 0.116556)
(4.8519 -1.40703 0.748693)
(6.11609 -1.36353 0.314389)
(5.70934 -0.82009 0.546508)
(4.87022 -1.99351 0.147822)
(4.72106 -1.91916 0.176139)
(3.88198 -1.64891 0.767119)
(5.03766 -1.47276 0.461007)
(4.52698 -0.97354 1.37667)
(5.14608 -1.11741 0.660974)
(4.28455 -1.40366 1.08912)
(4.38521 -2.32757 -0.130301)
(3.78213 -3.14275 -1.22356)
(3.51823 -2.4616 -0.0763723)
(3.00241 -2.27074 0.0993966)
(3.92078 -2.70217 -0.745355)
(3.4123 -2.70717 -0.315701)
(3.8433 -2.05994 0.246557)
(4.59915 -1.3878 0.193686)
(3.76358 -2.03522 1.08151)
(4.0734 -1.13195 1.10845)
(3.42874 -2.10548 0.632494)
(4.85402 -0.897199 0.662823)
(3.94444 -2.09862 0.277669)
(3.84718 -1.44625 0.550996)
(6.07871 1.20529 0.798712)
(5.45158 1.08539 -0.594992)
(6.10992 1.01167 0.763331)
(6.91262 0.615523 0.616612)
(5.35166 -0.146805 0.820034)
(5.26943 -1.20397 1.17997)
(7.04964 1.40977 0.374155)
(5.87383 0.367557 0.709155)
(4.6131 -0.697889 1.64437)
(5.75761 3.68583 0.583788)
(5.42862 3.5538 0.191931)
(5.81453 0.516539 0.133186)
(4.55999 2.93824 1.28758)
(6.05555 3.27644 -0.254226)
(4.85091 3.46723 0.947226)
(5.29633 0.547008 1.3771)
(5.10142 -0.0579808 1.07637)
(4.98107 -0.420445 1.65735)
(5.41219 -0.636165 0.886077)
(4.72541 0.227434 1.95083)
(5.66213 1.41659 1.90963)
(5.35969 1.58988 2.58102)
(5.07994 0.790505 1.20288)
(4.414 -1.43401 1.56489)
(4.26313 -0.0791625 1.45483)
(3.26709 -0.705951 2.64876)
(5.11963 0.198664 0.954238)
(3.80168 -0.855373 2.16581)
(4.29336 0.395462 1.83579)
(5.15331 3.11542 1.18169)
(4.15706 2.6851 2.07557)
(4.01945 2.62073 2.36781)
(4.19357 0.541713 2.93833)
(4.47779 3.06016 1.5724)
(4.75501 0.364609 2.24915)
(4.55862 2.59711 2.06934)
(4.40803 3.96108 1.78129)
(4.10025 3.74139 2.45447)
(2.24167 -4.23657 -2.65435)
(2.57822 -3.96278 -2.57912)
(2.13077 -4.40125 -1.15143)
(2.67833 -3.80059 -1.95574)
(2.30496 -4.20324 -2.42162)
(2.50577 -3.92724 -2.61247)
(1.82344 -4.58905 -1.07902)
(0.294485 -3.37735 -2.78125)
(0.641888 -3.4197 -1.10986)
(0.405189 -3.28069 -2.50316)
(0.751385 -3.98136 -1.962)
(1.56778 -5.42236 -1.19726)
(1.74392 -4.41327 1.51502)
(2.10575 -4.85964 1.09405)
(1.45629 -4.77019 2.53785)
(1.76175 -4.78095 -1.20397)
(1.21422 -4.85149 1.53106)
(1.64447 -5.33559 0.702776)
(0.736363 -3.68112 -2.45853)
(0.660102 -3.80043 -1.64724)
(2.16248 -4.15942 -2.51138)
(2.5683 -3.80517 -2.01779)
(2.51874 -4.082 -2.00907)
(-0.345593 -4.80081 0.091771)
(2.4548 -3.9835 -2.35526)
(0.633664 -4.57026 -0.936563)
(2.21688 -4.23585 -1.81452)
(0.0899922 -3.36681 -2.36848)
(-0.372772 -3.89005 -1.49861)
(0.201947 -3.99212 -2.14823)
(-0.167891 -3.43909 -1.82798)
(1.22449 -5.39059 -1.03502)
(0.431655 -4.60318 2.17016)
(-0.284221 -4.55934 1.8356)
(0.584712 -4.79616 0.366314)
(0.608546 -4.68416 1.54411)
(0.991596 -5.40637 0.3143)
(1.09126 -5.04282 -0.4236)
(1.57296 4.30629 1.42747)
(1.80412 4.73608 0.800711)
(0.379617 3.45758 0.84482)
(1.01106 3.75371 -0.361119)
(0.0832007 3.26166 0.308516)
(-0.00374388 2.84804 0.419808)
(0.474561 3.69381 0.318634)
(0.710884 3.63267 0.269167)
(0.0949629 3.16734 0.674877)
(0.739154 3.78976 1.01253)
(0.145663 3.47648 0.594584)
(0.898118 4.17365 0.621151)
(0.0968382 3.30967 0.809657)
(1.69489 3.33101 1.61764)
(2.62605 3.92838 1.6288)
(1.82475 2.98602 2.03565)
(1.3688 3.2926 1.82925)
(1.91084 3.17287 1.69623)
(1.83596 3.48896 1.55087)
(1.54225 3.13687 1.90325)
(1.36542 3.7707 1.7039)
(1.21027 3.46561 1.859)
(0.261963 3.10151 1.08498)
(-0.0293758 2.5995 0.657038)
(0.368837 3.15799 0.972733)
(0.100928 2.88382 0.825639)
(0.567671 3.23015 0.69702)
(0.0574196 2.90943 0.747159)
(0.257543 3.01593 1.25576)
(0.640747 3.33649 1.10451)
(0.189855 2.92378 0.935781)
(0.176364 3.02096 0.82166)
(0.581074 3.15833 1.16437)
(0.422752 -4.13572 3.61466)
(1.16624 -4.89997 3.49962)
(-0.0661013 -4.26378 3.42812)
(1.22394 -4.39878 3.79173)
(0.275106 -4.47441 3.97291)
(0.932755 -5.13308 2.98941)
(0.347394 -3.96639 3.28015)
(-1.0533 -3.88437 4.43957)
(-1.40389 -4.57404 5.02303)
(-1.37098 -3.87918 4.09513)
(-1.413 -4.76622 4.05211)
(-2.45637 -3.97344 4.27572)
(-2.10184 -3.7122 3.8663)
(-1.74882 -4.5299 4.39567)
(-0.719731 -4.22011 3.89097)
(-2.04511 -3.26821 4.01388)
(0.35781 -3.34903 1.81293)
(-0.560456 -3.85632 -0.876669)
(0.373592 -4.08804 -0.4363)
(-0.407571 -3.64157 -0.17097)
(0.47007 -4.05073 2.86876)
(0.76205 -4.19849 3.35629)
(0.0515201 -4.71661 1.3706)
(0.147906 -3.67453 2.66693)
(0.621799 -5.07467 2.09313)
(0.461207 -3.62716 3.11039)
(-0.0337756 -4.0646 1.92088)
(-0.814649 -3.30174 3.42204)
(-0.925803 -3.38514 1.40979)
(-0.865537 -3.37415 3.49637)
(-1.54009 -3.14476 3.82108)
(-0.227901 -3.43107 3.12204)
(-1.47085 -2.51536 2.56469)
(-0.278395 -3.64497 3.78207)
(-1.4465 -2.64125 3.70015)
(-1.0166 -3.30972 2.38677)
(-0.521828 2.76567 0.115637)
(-0.306626 3.46624 0.0569556)
(-0.621151 2.82566 -0.131274)
(-0.248498 3.34338 0.238424)
(-1.56808 2.59334 -0.0272754)
(-1.54063 2.21676 -0.615126)
(-1.38266 1.96807 -0.16309)
(-1.71943 1.67356 0.102841)
(-1.58357 2.53564 -0.231171)
(-1.37539 2.35336 -0.287571)
(-1.39681 2.0631 0.0553587)
(-0.934511 3.05579 0.124538)
(-0.963436 3.09005 -0.175232)
(-0.757164 2.53523 0.127992)
(-0.314963 2.71009 -0.0608817)
(-0.618863 2.90034 0.465279)
(-0.971814 2.07869 0.255513)
(-0.682668 2.94413 0.205171)
(-0.786985 2.05061 -0.0223886)
(-0.738081 2.45993 0.363242)
(-0.421638 2.60713 0.332202)
(-0.120897 2.95381 0.613105)
(-0.138614 3.06341 0.361799)
(-0.462752 2.55199 0.6476)
(-1.40672 2.38512 0.128652)
(-1.47275 1.60115 0.158246)
(-1.23507 2.06641 0.195668)
(-1.21286 1.80206 0.484377)
(-1.27421 2.13207 -0.140187)
(-1.28878 1.87694 0.2053)
(-1.32317 2.22223 0.42595)
(-0.881696 2.85111 0.30633)
(-0.848934 2.66741 0.669773)
(-3.44902 -3.79667 5.12963)
(-2.81915 -3.1811 4.84317)
(-3.53626 -1.38835 2.84775)
(-3.5419 -1.43824 2.08384)
(-3.46437 -1.14188 2.21776)
(-2.30261 -0.664688 0.643976)
(-4.31606 -1.55855 3.40053)
(-2.88131 -1.05589 1.77215)
(-2.82639 -0.982811 1.66687)
(-4.62988 -1.7703 5.48234)
(-5.34629 -2.05462 6.34781)
(-3.84616 -0.984576 4.75485)
(-4.11878 -0.825228 4.94713)
(-4.53392 -1.23458 5.83873)
(-3.4497 -0.567524 3.71601)
(-3.38097 -2.18326 3.87175)
(-2.71766 -2.85378 4.2549)
(-1.88218 -1.80688 2.88056)
(-2.3562 -1.74843 4.21431)
(-2.70704 -1.93409 2.99076)
(-3.2923 -2.26633 4.50834)
(-2.65065 -1.86106 3.59367)
(-2.83668 -1.06083 2.34426)
(-1.68254 -0.307901 0.212391)
(-1.56535 -0.577912 1.2065)
(-1.7308 -0.579924 0.922578)
(-2.17773 -0.735107 1.32696)
(-2.26672 -0.663845 1.19263)
(-2.15725 -0.881262 2.08438)
(-3.7918 -1.43128 4.61561)
(-3.11326 -1.11659 4.09492)
(-3.1648 -0.757836 3.83562)
(-2.36775 -0.254101 2.2826)
(-2.84559 -0.337354 2.789)
(-2.58403 -0.554715 3.30453)
(-1.84176 0.658301 0.453182)
(-2.31968 0.138651 0.339118)
(-1.64137 0.933373 0.507034)
(-1.85616 0.887002 0.094274)
(-2.0888 0.678055 0.902474)
(-2.17623 0.293047 0.0804927)
(-1.49321 0.871861 0.203498)
(-2.17413 0.20296 1.48984)
(-3.2187 -0.293874 3.67664)
(-2.54142 0.121206 2.35391)
(-2.68914 -0.125767 2.53497)
(-1.98539 0.659942 0.787699)
(-2.19217 0.693648 1.36483)
(-1.75291 0.0674361 0.173912)
(-1.57778 -0.457036 -0.0945735)
(-1.52801 -0.110139 -0.239104)
(-1.48128 -0.0676745 0.236655)
(-1.74749 -0.0683705 -0.32392)
(-1.87564 -0.115114 0.471546)
(-1.38236 0.0103556 0.0578836)
(-1.58591 0.641123 0.142274)
(-1.67862 0.954213 -0.0463958)
(-1.71519 0.414036 -0.0348165)
(-1.15873 0.700504 0.0244533)
(-1.86047 0.429358 -0.101707)
(-1.37708 0.799141 -0.0164841)
(-1.35438 0.573766 0.103769)
(-1.8732 0.282212 0.86762)
(-1.87982 0.0177542 1.26022)
(-2.25229 -0.0243632 1.70662)
(-1.56553 0.239393 0.579312)
(-1.68588 0.605497 0.38494)
(-1.51146 0.536509 0.270804)
(-1.60846 1.6204 0.212731)
(2.60493 -2.95347 0.819706)
(2.62297 -2.91394 1.46554)
(3.60365 -1.02059 1.90044)
(4.13631 -0.796617 1.84612)
(3.94429 -1.19025 1.43869)
(3.80026 -0.570395 2.44678)
(2.98042 -1.95224 1.13124)
(3.02001 -2.11501 0.144671)
(2.68916 -2.53065 0.402239)
(2.69298 -2.43509 0.402622)
(3.31313 -1.9523 0.433099)
(2.67457 -1.92816 0.781966)
(2.31974 -2.4119 1.06509)
(2.92752 -1.36303 1.35744)
(3.44979 -1.1978 1.38521)
(2.9828 -1.9011 0.869997)
(2.37187 -1.58344 1.82326)
(3.31775 -1.34066 0.873062)
(3.14209 -1.24631 1.9579)
(2.55222 -1.83803 1.21851)
(3.23286 -1.30329 2.05196)
(3.03354 -1.20022 2.5527)
(3.38192 -0.922035 2.32672)
(3.24796 -0.328832 3.21564)
(3.49633 -0.493422 2.84977)
(3.14811 -0.763409 2.72176)
(2.75497 -1.85654 1.52168)
(2.64544 -2.19916 0.889037)
(2.33219 -1.72664 1.85485)
(2.16766 -2.03089 1.75406)
(2.46905 -1.79361 1.30631)
(2.30939 -2.25771 1.33729)
(2.61627 -1.73404 2.06732)
(2.7012 -1.13744 1.79775)
(2.15052 -1.31134 1.82277)
(2.75276 -0.73586 2.50676)
(2.22348 -1.24956 1.58003)
(2.88909 -0.957694 2.21276)
(2.41454 -1.63733 1.40207)
(2.57975 -0.966135 2.15628)
(4.46363 1.4305 3.70481)
(4.93087 1.50731 3.14376)
(3.36541 0.278566 2.75986)
(3.80728 -0.13751 1.83552)
(2.68628 -0.496975 2.74668)
(2.92119 -0.679781 2.09628)
(3.75637 0.309909 2.28384)
(3.42913 -0.165522 2.24817)
(2.35586 -0.0151275 2.78469)
(3.68295 1.99365 3.25958)
(3.63324 2.37535 2.99469)
(3.62291 0.730199 3.20326)
(2.82918 2.38378 3.46354)
(4.10647 2.23733 2.72674)
(3.23095 2.09123 3.50041)
(3.205 1.18507 3.30277)
(3.48978 0.505192 3.59566)
(3.54237 0.149033 3.44013)
(3.87533 0.0107849 3.19248)
(3.19478 0.608608 3.79676)
(3.99276 1.31842 3.99914)
(3.61615 1.25751 4.098)
(3.04827 0.502888 2.95152)
(2.57703 -0.354292 2.04087)
(2.99404 0.26316 2.63268)
(1.87843 0.9055 2.49333)
(3.19953 0.0850667 2.49712)
(2.02447 0.426182 2.67788)
(2.74776 0.61764 3.03009)
(3.31396 1.88996 3.48978)
(2.46822 2.3336 3.52807)
(2.58526 1.73808 3.68646)
(2.43776 1.77137 3.00398)
(2.91489 1.95311 3.69493)
(2.72834 1.46882 3.2353)
(2.97146 1.77427 3.53131)
(2.82955 2.89749 3.67789)
(2.50476 2.68149 3.6841)
(1.49944 -3.69371 -0.11181)
(2.18495 -4.04863 -1.23875)
(-0.417172 -4.762 0.63277)
(1.70387 -3.42058 0.371534)
(1.78991 -4.15763 -1.2005)
(1.99718 -3.62709 0.0302447)
(-0.447333 -4.29104 1.41845)
(0.0576532 -3.46267 0.139719)
(-0.445545 -4.00378 -0.869325)
(-0.04864 -3.77825 -1.0871)
(-0.323567 -3.61768 0.0868103)
(0.0214785 -3.95881 0.301401)
(-0.490798 -4.22654 1.75015)
(0.0906393 -4.19054 0.155323)
(-0.796012 -3.78571 1.51585)
(0.424516 -4.53236 -0.218115)
(-0.575693 -3.74058 1.63379)
(-0.299617 -3.63888 0.239013)
(1.10862 -3.58856 1.29587)
(1.04754 -3.32722 2.04121)
(1.17462 -3.35034 0.721081)
(1.74434 -3.25034 1.07861)
(1.66842 -3.03874 1.65146)
(0.0748074 -3.19988 1.85565)
(1.82106 -3.36125 0.862974)
(-0.274638 -3.7878 1.62273)
(1.13171 -3.04655 1.46361)
(0.177572 -3.07206 0.979755)
(-0.0845299 -2.67237 1.47474)
(-0.136761 -3.0571 0.789072)
(0.211952 -2.80325 1.7575)
(-0.246724 -3.29131 0.735514)
(-0.873931 -2.98651 1.00244)
(-0.456987 -2.48015 1.08239)
(-0.510614 -2.38879 0.744758)
(-0.633813 -3.05458 1.26953)
(-0.660254 -2.91274 0.471612)
(-0.122086 -2.85416 1.07681)
(1.02723 2.946 1.72496)
(1.08688 3.10927 1.8107)
(0.348438 2.72745 1.26676)
(0.336402 2.87546 1.13136)
(0.111937 2.69761 0.903699)
(0.0997048 2.49531 1.05046)
(0.295737 2.78078 1.26373)
(0.329199 2.82096 1.20902)
(0.141661 2.59142 1.04268)
(0.571572 2.75486 1.23856)
(0.272363 2.69748 0.99609)
(0.578756 2.86946 1.16374)
(0.25544 2.55984 1.21604)
(1.06896 2.4939 1.89839)
(1.56893 2.67761 2.57911)
(1.3662 2.28048 2.17496)
(0.787387 2.6249 1.98803)
(1.36605 2.34385 2.27698)
(0.8323 2.76492 2.07246)
(1.00829 2.38303 1.88684)
(0.973425 2.65762 1.73445)
(0.89369 2.45268 1.78946)
(0.369815 2.49387 1.35324)
(0.163448 2.24608 1.20062)
(0.435785 2.42277 1.47144)
(0.0567079 2.10197 1.48275)
(0.602592 2.56771 1.30329)
(0.124497 2.34448 1.25633)
(0.348361 2.35435 1.57214)
(0.592546 2.48813 1.38353)
(0.148302 1.99164 1.72021)
(0.267046 2.27067 1.4377)
(0.517615 2.26111 1.63995)
(-0.924562 -3.2037 0.554821)
(-0.42835 -4.02727 0.775687)
(-0.397193 -3.25946 1.9971)
(-0.725524 -3.29044 1.64216)
(-0.853489 -3.65051 1.06784)
(-0.763291 -3.52162 0.470713)
(-0.853425 -3.00983 1.36307)
(-1.1979 -2.96238 0.490561)
(-1.29225 -3.49862 0.793751)
(-1.16232 -2.80872 0.838856)
(-0.580977 -2.97625 2.19874)
(-1.56307 -2.67884 1.79027)
(-1.26508 -2.04346 1.82578)
(-1.27525 -3.24381 1.47612)
(-1.00586 -2.60063 1.58491)
(-1.46381 -2.37192 1.0659)
(-0.86435 -2.75953 0.356932)
(-0.527666 -2.30996 1.09222)
(-0.668353 -2.74492 0.412211)
(-0.714277 -2.20636 0.847387)
(-1.10369 -2.57289 0.377746)
(-0.93164 -2.50236 1.0302)
(-0.853913 -2.19629 0.646208)
(-0.928743 -1.82229 0.669413)
(-1.00365 -2.77456 0.425426)
(-0.922144 -2.33298 0.815551)
(-0.945684 -1.96224 0.533623)
(-1.04058 -2.50446 0.578441)
(-0.791442 -1.89791 0.854691)
(-1.14829 -2.39399 0.661059)
(-1.13253 -1.91275 1.0947)
(-0.733043 -1.68933 0.85627)
(-1.10196 -1.69787 0.641002)
(-1.04076 -2.14931 1.06139)
(-1.40099 -2.10668 0.819199)
(-0.936619 -1.88596 0.632306)
(-0.451173 2.13707 1.21308)
(-0.0728183 2.68806 0.834523)
(-0.410404 2.31674 0.894754)
(-0.10265 2.50693 1.1455)
(-1.07056 1.72938 0.925467)
(-1.0883 1.7716 0.399044)
(-1.07603 1.57199 0.643402)
(-1.13804 1.22395 0.727995)
(-1.15789 1.95413 0.642614)
(-1.10689 1.62672 0.70816)
(-0.957018 1.42444 0.873883)
(-0.732715 2.11836 1.26697)
(-0.76701 2.35142 0.964604)
(-0.604995 1.65208 1.07766)
(-0.429842 2.06842 0.888934)
(-0.4693 1.8202 1.37102)
(-0.833769 1.26559 1.24484)
(-0.449181 2.14283 1.0717)
(-0.793541 1.43555 0.974367)
(-0.582271 1.38722 1.3426)
(-0.388792 1.79342 1.43756)
(-0.152229 1.83939 1.68921)
(-0.101738 2.1483 1.40407)
(-0.395666 1.52987 1.6578)
(-0.888011 1.42674 1.08646)
(-0.894395 1.0462 0.84286)
(-0.852488 1.16415 1.13838)
(-0.687402 1.03442 1.18395)
(-0.927538 1.31955 0.888731)
(-0.805565 1.18585 0.985991)
(-0.775913 1.20637 1.30456)
(-0.625644 1.75946 1.42395)
(-0.552514 1.49033 1.59642)
(-1.4453 -1.7469 2.47832)
(-1.52062 -1.67193 1.728)
(-0.830741 -0.552228 1.5819)
(-0.921612 -0.461677 1.00711)
(-1.13887 -0.393133 0.545795)
(-0.471617 -0.628377 0.0889661)
(-1.46757 -0.652675 1.75081)
(-0.573288 -0.411923 1.0085)
(-0.657821 -0.407684 0.437602)
(-1.86784 -0.701339 3.35448)
(-2.46201 -0.886486 3.73986)
(-1.42341 -0.378835 2.51542)
(-1.8323 -0.230268 1.76675)
(-2.03896 -0.460367 2.84674)
(-1.26989 -0.249484 1.43026)
(-1.06508 -1.00736 2.33593)
(-1.001 -1.49885 2.30124)
(-0.646402 -1.02882 1.49633)
(-0.953987 -0.842652 1.67429)
(-0.646065 -1.34765 1.90374)
(-1.07556 -0.976302 2.2769)
(-0.813613 -0.828341 1.77861)
(-0.422184 -0.410806 1.3359)
(-0.316916 -0.451422 0.124105)
(-0.297752 -0.394302 0.889077)
(-0.223189 -0.303906 0.504121)
(-0.273495 -0.330675 0.882315)
(-0.325833 -0.287456 0.33418)
(-0.204965 -0.373641 1.18541)
(-1.30767 -0.56126 2.70497)
(-0.949538 -0.423217 2.0278)
(-0.876002 -0.326068 2.0809)
(-0.380219 -0.18754 0.884396)
(-0.719285 -0.227541 1.03621)
(-0.476044 -0.256736 1.6906)
(-0.90492 0.42645 0.213121)
(-1.42717 0.384584 0.00387869)
(-0.992638 0.582744 0.0265238)
(-1.17395 0.587541 0.289584)
(-1.09729 0.495894 0.0514029)
(-1.28021 0.309261 0.214152)
(-0.784618 0.500861 0.220881)
(-0.87063 0.0640529 0.268325)
(-1.40801 -0.0347397 0.838401)
(-1.20478 0.175105 0.281435)
(-0.952423 -0.0908561 0.651715)
(-1.04881 0.349346 0.252457)
(-1.21067 0.437932 0.140282)
(-0.579064 0.00180139 0.137954)
(-0.584754 -0.271018 0.187029)
(-0.761487 -0.101565 0.416884)
(-0.367764 -0.0190907 0.43077)
(-0.829321 -0.0510598 0.114261)
(-0.468854 0.0323036 0.14326)
(-0.460445 -0.0501483 0.428252)
(-0.718896 0.353101 0.313939)
(-0.978426 0.575248 0.424615)
(-0.924569 0.267584 0.61085)
(-0.512461 0.349167 0.607035)
(-1.03989 0.307892 0.350207)
(-0.662659 0.402753 0.338719)
(-0.605252 0.308314 0.579114)
(-0.610443 0.0346611 0.265797)
(-0.380195 -0.104575 0.608884)
(-0.562232 -0.11849 0.489737)
(-0.457258 -0.0106814 0.498332)
(-0.805386 0.27463 0.323943)
(-0.717752 0.222302 0.57781)
(-0.975161 0.961313 0.727211)
(2.20607 -2.26218 2.86317)
(2.13638 -2.1694 2.99335)
(2.59142 -0.505331 3.00358)
(2.92774 -0.255851 3.36125)
(2.88147 -0.676933 2.92788)
(2.64271 -0.125162 3.398)
(2.33229 -1.2703 2.56748)
(2.23087 -1.53267 2.23211)
(2.2165 -1.64721 2.00844)
(2.12928 -1.58115 2.1928)
(2.47773 -1.43797 2.36484)
(2.09961 -1.45835 2.47042)
(2.10287 -1.26935 2.15782)
(2.3052 -0.465653 2.49069)
(2.53212 -0.36642 2.63167)
(2.16297 -0.915484 1.7712)
(1.78878 0.00182972 2.02058)
(2.43959 -0.627168 2.39063)
(2.34237 -0.232893 2.66884)
(2.03283 -0.473995 1.74894)
(2.22818 -0.834849 2.99204)
(1.88314 -0.660105 2.96132)
(2.20279 -0.439413 3.022)
(1.90083 -0.0443761 3.30235)
(2.23325 -0.101141 3.36942)
(1.8338 -0.297896 3.00898)
(2.05025 -0.976059 2.68403)
(2.10307 -1.39488 2.41726)
(1.66938 -1.0656 2.59757)
(1.74025 -0.495602 2.37707)
(1.90784 -1.20234 2.61232)
(1.94504 -0.922721 2.35336)
(1.77038 -0.808937 2.70734)
(2.01317 -0.313764 2.5428)
(1.42781 0.0987637 2.13891)
(1.68263 0.0157373 2.65213)
(1.51859 -0.0606588 1.99282)
(1.99076 -0.0755302 2.64027)
(1.72528 -0.359704 1.90011)
(1.7236 -0.204175 2.58127)
(2.78908 1.04618 3.91412)
(3.14371 1.13518 4.06982)
(2.11508 0.746022 2.85801)
(2.68317 0.424336 2.66897)
(1.56668 1.08354 2.41788)
(1.85155 0.805665 1.78059)
(2.4231 0.73048 2.98682)
(2.40415 0.507639 2.62576)
(1.45069 1.24629 2.23786)
(2.2833 1.47736 3.30008)
(2.28755 1.56039 3.57468)
(2.00327 1.74893 2.86143)
(1.64477 2.07692 2.98968)
(2.59467 1.61119 3.47174)
(2.01901 1.38136 3.32642)
(1.81 1.78772 2.64241)
(2.13504 0.541716 3.60993)
(1.99534 0.203493 3.33757)
(2.32662 0.222247 3.42638)
(1.84166 0.460281 3.45895)
(2.30875 0.881321 3.71303)
(1.97476 0.735139 3.55388)
(1.7889 0.694149 2.72165)
(1.4344 0.634073 1.84237)
(1.70653 0.501686 2.55839)
(1.12082 0.689669 2.31854)
(1.99177 0.467034 2.54357)
(1.22289 0.975417 2.20158)
(1.55618 0.66372 2.67684)
(1.92874 1.25182 3.08766)
(1.54453 1.55832 2.79442)
(1.5399 1.09726 3.0479)
(1.32054 0.992655 2.63002)
(1.76324 1.22517 3.05148)
(1.50563 1.37839 2.50086)
(1.66062 1.11984 3.03412)
(1.75091 1.98876 2.87659)
(1.67276 1.72927 2.7585)
(1.18492 -2.55929 2.23186)
(1.62662 -2.80894 2.15701)
(0.247479 -2.78536 1.79991)
(1.70096 -2.27595 2.41248)
(1.14543 -2.8164 1.87728)
(1.49154 -2.51462 2.56729)
(0.568633 -2.36569 1.90731)
(0.316836 -2.37688 2.47182)
(-0.0155669 -2.40548 1.76099)
(0.256709 -2.5881 2.1549)
(0.0529225 -2.18584 2.01732)
(0.249033 -2.2567 1.41081)
(-0.456097 -2.05125 0.784987)
(-0.373759 -2.05484 0.789808)
(-0.384122 -1.40467 0.562837)
(0.0253394 -2.53777 1.20026)
(-0.190307 -1.73706 0.857284)
(-0.13954 -1.8125 0.918579)
(0.872268 -2.56359 2.90209)
(0.807674 -2.25793 2.87478)
(1.18175 -2.29252 2.33085)
(1.57345 -2.07221 2.55389)
(1.23085 -1.89606 2.74396)
(0.84884 -1.57492 1.84408)
(1.42904 -2.25214 2.71437)
(0.677723 -1.99501 1.8831)
(1.12133 -1.96595 2.36035)
(0.33288 -2.1356 2.47607)
(0.162276 -1.58995 1.89239)
(0.102664 -1.92772 1.97276)
(0.361913 -1.84214 2.42804)
(0.370693 -1.91839 1.38093)
(-0.253843 -1.02037 0.480226)
(-0.143341 -1.00423 0.941436)
(0.0648665 -1.11448 0.864071)
(-0.159819 -1.39684 0.801366)
(0.00124229 -1.51401 0.825333)
(0.406504 -1.48157 1.46273)
(0.639081 1.79672 2.16152)
(0.811885 2.15984 1.97069)
(0.110409 1.68661 1.96024)
(0.325079 2.07171 1.61928)
(-0.0376177 1.71849 1.66778)
(-0.308358 1.42253 1.82106)
(0.229005 2.00816 1.7544)
(0.112079 1.77721 1.78631)
(-0.0990391 1.40733 1.91475)
(0.295446 1.5199 2.09188)
(0.128609 1.61543 1.93125)
(0.412304 1.87954 1.86107)
(0.0438138 1.30805 2.10596)
(0.500276 1.44042 2.28159)
(1.09072 1.72828 2.40978)
(0.635912 1.18901 2.40365)
(0.14192 1.34069 2.30875)
(0.829901 1.49263 2.33611)
(0.391632 1.65065 2.21044)
(0.370232 1.12837 2.40026)
(0.50437 1.39344 2.29057)
(0.367734 1.08013 2.3771)
(0.0139482 1.30856 2.12232)
(-0.315639 1.09911 1.95638)
(-0.184423 1.14083 2.0907)
(-0.136395 0.852639 2.09121)
(0.0466968 1.3805 1.95521)
(-0.132846 1.08933 2.00957)
(-0.0477864 1.03133 2.22324)
(0.221513 1.15078 2.20658)
(-0.0100167 0.808618 2.18731)
(0.0331314 1.01238 2.15194)
(0.128904 0.90246 2.26613)
(-0.550956 -1.22204 0.763842)
(-0.683569 -1.80006 0.658123)
(-0.827809 -1.2989 0.464531)
(-0.57582 -1.16222 0.521765)
(-0.777244 -1.52119 0.633024)
(-0.476817 -1.54235 0.771011)
(-0.571219 -1.0119 0.554965)
(-0.477085 -1.2204 1.1044)
(-0.627069 -1.52245 0.974803)
(-0.582698 -1.0917 0.874713)
(-0.869196 -1.18158 0.708595)
(-0.860236 -1.23633 0.714532)
(-0.552338 -0.780816 0.802323)
(-0.771505 -1.42215 0.702685)
(-0.607465 -0.880247 0.831022)
(-0.638274 -0.891554 0.877059)
(-0.311842 -1.22096 1.10469)
(-0.137113 -1.19417 1.38237)
(-0.228365 -1.51373 1.42371)
(-0.20532 -0.906159 1.10154)
(-0.405677 -0.943625 0.705224)
(-0.533417 -0.856151 0.463607)
(-0.259496 -0.943243 0.778928)
(-0.337364 -0.488405 0.684986)
(-0.337535 -1.25928 0.689792)
(-0.477104 -0.717121 0.507533)
(-0.297054 -0.669772 0.796449)
(-0.382578 -0.980103 0.992987)
(-0.267816 -0.713969 1.02982)
(-0.433066 -0.836529 0.820347)
(-0.429727 -0.562583 0.760029)
(-0.291837 -0.431195 0.895353)
(-0.336392 -0.46117 0.961192)
(-0.478381 -0.64245 0.763503)
(-0.459219 -0.658924 0.844669)
(-0.32348 -0.587387 0.919222)
(-0.302598 1.01265 1.84731)
(-0.14488 1.46668 1.83745)
(-0.321663 1.22303 1.74564)
(-0.161429 1.20286 1.9631)
(-0.523883 0.807332 1.5377)
(-0.707963 0.927475 1.25513)
(-0.562029 0.830163 1.26871)
(-0.581578 0.596613 1.31705)
(-0.615171 0.96996 1.39619)
(-0.636322 0.797485 1.42386)
(-0.468284 0.70871 1.42304)
(-0.383677 0.985586 1.74232)
(-0.451649 1.19552 1.64784)
(-0.355372 0.721703 1.69455)
(-0.501469 0.966315 1.72667)
(-0.305925 0.755965 1.9171)
(-0.496012 0.578601 1.75513)
(-0.334577 0.933015 1.82598)
(-0.516669 0.695197 1.64547)
(-0.320557 0.586529 1.80205)
(-0.232036 0.791084 1.86768)
(-0.136098 0.758063 2.04229)
(-0.137516 0.930157 1.99033)
(-0.209817 0.645124 1.93216)
(-0.397044 0.634284 1.59455)
(-0.412373 0.496469 1.39224)
(-0.437888 0.51251 1.63661)
(-0.306745 0.459216 1.62475)
(-0.48938 0.619743 1.49829)
(-0.375823 0.552371 1.48778)
(-0.335695 0.516861 1.71048)
(-0.302129 0.770573 1.76282)
(-0.250378 0.623268 1.84267)
(-0.701235 -0.75699 1.04598)
(-0.522762 -0.564772 0.913234)
(-0.20972 -0.191813 0.974558)
(-0.278626 -0.348779 0.791328)
(-0.209586 -0.174842 0.585658)
(-0.41998 -0.224698 0.719455)
(-0.172561 -0.24067 0.988393)
(-0.36956 -0.299528 0.865071)
(-0.259076 -0.173225 0.789076)
(-0.51796 -0.192749 1.15014)
(-0.630706 -0.290526 1.37338)
(-0.209531 -0.122634 1.139)
(-0.223602 -0.120341 0.768259)
(-0.25875 -0.197348 1.27839)
(-0.235298 -0.0807303 0.884255)
(-0.34861 -0.206126 0.955457)
(-0.40162 -0.364646 0.885709)
(-0.362087 -0.186246 0.999989)
(-0.26773 -0.207092 1.0561)
(-0.416184 -0.2786 0.818473)
(-0.351601 -0.258451 0.926513)
(-0.290999 -0.180282 1.08161)
(-0.224986 -0.0825503 0.94067)
(-0.364992 -0.0576395 0.781677)
(-0.328361 -0.0909754 1.04461)
(-0.24648 -0.0763919 1.07634)
(-0.336226 -0.134625 0.853461)
(-0.248253 -0.0708759 0.859025)
(-0.215169 -0.0664209 1.09319)
(-0.372024 -0.130851 1.00281)
(-0.329677 -0.0976187 1.12613)
(-0.184817 -0.0729241 1.03502)
(-0.223429 -0.0290721 1.1159)
(-0.217989 -0.0386563 0.916874)
(-0.174113 -0.036875 1.15602)
(-0.418413 0.219079 0.936387)
(-0.742639 0.227315 0.754821)
(-0.444066 0.273114 0.740727)
(-0.561956 0.249926 1.02399)
(-0.491525 0.245245 0.712232)
(-0.651812 0.182835 0.972295)
(-0.33748 0.242531 0.967701)
(-0.314539 -0.0142708 0.85336)
(-0.284735 -0.084304 0.684741)
(-0.364462 0.00567724 0.616706)
(-0.277437 -0.0517685 0.888025)
(-0.504192 0.147786 0.933792)
(-0.550522 0.178999 0.707026)
(-0.295675 0.0287037 0.919654)
(-0.407395 -0.0218742 0.903245)
(-0.404855 0.00142799 1.13165)
(-0.246045 0.0237984 1.12183)
(-0.456297 0.0372325 0.901537)
(-0.274279 0.0303776 0.915409)
(-0.245239 0.0123952 1.1419)
(-0.338561 0.175981 1.04255)
(-0.465687 0.258084 1.13377)
(-0.432893 0.144571 1.27718)
(-0.208392 0.164177 1.27)
(-0.515447 0.180032 1.08969)
(-0.292128 0.186861 1.0704)
(-0.278869 0.156616 1.23764)
(-0.269757 0.0151754 0.952003)
(-0.224409 -0.00752938 1.16645)
(-0.240229 -0.025 0.970853)
(-0.227009 -0.000261288 1.16682)
(-0.384559 0.124848 1.0385)
(-0.341548 0.0992285 1.23699)
(-0.445517 0.434187 1.31044)
(1.00499 -0.907272 2.92107)
(0.672331 -0.601727 2.80125)
(1.12731 -0.185862 2.92468)
(1.53367 -0.0645608 3.17299)
(1.47633 -0.272244 2.93384)
(1.19719 -0.0317386 3.12825)
(1.12776 -0.449169 2.72002)
(1.35402 -0.823358 2.57999)
(1.40035 -0.434837 2.47658)
(0.897122 -0.721578 2.5522)
(1.44054 -0.591302 2.70284)
(0.990437 -0.636809 2.60344)
(1.02728 -0.365213 2.49401)
(1.10608 -0.0489411 2.66927)
(1.3732 0.0747418 2.62875)
(1.16372 -0.167679 2.11674)
(0.778571 0.133495 2.46169)
(1.40673 -0.134206 2.57519)
(1.07828 0.113414 2.73348)
(0.867813 -0.0621997 2.30624)
(0.784354 -0.269581 2.8182)
(0.42326 -0.115969 2.74536)
(0.747882 -0.128235 2.87488)
(0.462998 0.0649584 2.92855)
(0.796958 -0.000630954 3.02279)
(0.41562 -0.0422467 2.82369)
(0.80011 -0.232074 2.77892)
(0.593823 -0.592834 2.60859)
(0.398915 -0.187832 2.68757)
(0.38125 0.135494 2.54555)
(0.667952 -0.370488 2.68004)
(0.687524 -0.231192 2.56874)
(0.473837 -0.096119 2.75414)
(0.756364 0.0354783 2.69613)
(0.451715 0.241767 2.55111)
(0.402107 0.176192 2.72758)
(0.265396 0.227579 2.46064)
(0.709914 0.159395 2.73701)
(0.507277 0.054936 2.39837)
(0.440392 0.102127 2.69807)
(1.24078 0.480057 3.40973)
(1.57777 0.588506 3.46557)
(0.923781 0.482827 2.80609)
(1.3701 0.417733 2.60713)
(0.845918 0.462247 2.43542)
(0.733864 0.373809 2.36362)
(1.26046 0.551898 2.75871)
(1.05396 0.392422 2.71671)
(0.606066 0.530674 2.59155)
(1.0011 0.734379 3.06007)
(1.21792 0.894088 3.0914)
(0.975912 0.782723 2.6571)
(0.727072 0.825118 2.98234)
(1.31572 0.898577 3.03738)
(0.916381 0.66832 3.10347)
(0.714395 0.721966 2.77235)
(0.775212 0.272818 3.14127)
(0.474734 0.132112 2.97207)
(0.819487 0.125298 3.06054)
(0.457265 0.224145 3.03135)
(0.795479 0.347955 3.25174)
(0.480663 0.235496 3.11623)
(0.555368 0.386094 2.77446)
(0.396939 0.417121 2.46806)
(0.355299 0.295646 2.72786)
(0.160868 0.468833 2.67661)
(0.670313 0.331408 2.7057)
(0.308427 0.51724 2.65517)
(0.286844 0.307257 2.77329)
(0.615875 0.513093 2.97908)
(0.49102 0.591727 2.90576)
(0.379877 0.295902 2.90749)
(0.244372 0.486858 2.77384)
(0.598198 0.444436 2.97343)
(0.390343 0.600928 2.77345)
(0.354218 0.366118 2.93597)
(0.808214 0.871253 2.94166)
(0.580578 0.643854 2.86202)
(0.713972 -0.939662 2.17571)
(1.00203 -1.44653 2.61483)
(0.649886 -0.953872 1.76362)
(0.832659 -0.751084 2.6329)
(0.92382 -1.46949 2.2211)
(0.712515 -0.971077 2.52888)
(0.401287 -0.448672 1.81357)
(0.323426 -0.959583 1.96268)
(0.16162 -1.17242 1.65289)
(0.345592 -1.41949 2.18536)
(0.145754 -0.724854 1.51154)
(0.24114 -0.373179 1.41815)
(-0.0398716 -0.440367 1.02985)
(0.0442768 -0.710382 0.823741)
(0.0464888 -0.0960624 0.994514)
(0.37153 -0.918473 1.43692)
(0.099168 -0.120166 1.19659)
(-0.00296301 -0.333092 0.97347)
(0.25351 -0.630423 2.20101)
(0.104073 -0.202985 2.10475)
(0.43564 -0.39999 2.10875)
(0.367649 -0.3917 2.58266)
(0.102956 -0.0712682 2.37023)
(0.237603 0.212931 1.97124)
(0.396309 -0.467781 2.40793)
(0.157135 0.0246922 1.81553)
(0.213308 -0.0169912 2.10004)
(0.187251 -0.444862 1.75533)
(0.0403678 -0.0458175 1.52751)
(0.0634148 -0.305182 1.41517)
(0.110684 -0.0992572 1.74968)
(0.0935674 0.0116515 1.43681)
(-0.0651833 0.124353 1.19104)
(0.0148868 0.236516 1.60228)
(-0.0628829 0.107512 1.41831)
(-0.065381 0.170137 1.36214)
(-0.0481667 -0.0375014 1.14468)
(-0.00759896 0.178116 1.61411)
(0.212836 0.649253 2.3643)
(0.285195 0.81759 2.37401)
(-0.0566596 0.620489 2.24835)
(-0.160312 0.872957 2.16038)
(-0.11712 0.659523 2.10195)
(-0.30887 0.590768 2.12323)
(-0.0429719 0.775499 2.22507)
(-0.207765 0.733333 2.21228)
(-0.11308 0.524847 2.14054)
(0.0533102 0.560632 2.27019)
(-0.00394746 0.627599 2.17826)
(0.100501 0.696568 2.25581)
(-0.0269746 0.500116 2.19839)
(0.134748 0.495198 2.40189)
(0.306657 0.676378 2.57793)
(0.193538 0.410008 2.45137)
(-0.084968 0.526535 2.42995)
(0.240466 0.524 2.44804)
(-0.0239061 0.656275 2.43759)
(0.106267 0.390743 2.40781)
(0.174874 0.504391 2.3479)
(0.127993 0.396883 2.3628)
(-0.0258569 0.474391 2.24052)
(-0.195514 0.460831 2.14465)
(-0.181338 0.464422 2.27096)
(-0.0834101 0.320332 2.20168)
(-0.131105 0.560198 2.22755)
(-0.0789694 0.405645 2.15314)
(-0.0403108 0.384224 2.27423)
(0.0441099 0.434176 2.26288)
(-0.0313548 0.303861 2.23989)
(-0.0144299 0.388144 2.19992)
(0.0152465 0.346338 2.29656)
(-0.154683 -0.220304 0.993989)
(-0.179347 -0.593349 0.800723)
(-0.284163 -0.289129 0.781592)
(-0.142898 -0.129967 0.970224)
(-0.201475 -0.418109 0.821075)
(-0.158307 -0.293519 0.972336)
(-0.141841 -0.122178 0.994949)
(-0.0975784 -0.276092 1.11527)
(-0.192223 -0.491345 0.99041)
(-0.156073 -0.207038 1.08575)
(-0.23317 -0.282 0.936085)
(-0.212749 -0.310617 0.985963)
(-0.0684693 -0.129571 1.14715)
(-0.215667 -0.382414 0.929981)
(-0.0872679 -0.12557 1.10747)
(-0.159119 -0.192026 1.14146)
(-0.0518763 -0.148095 1.18795)
(0.00496818 -0.0133222 1.42385)
(-0.0358406 -0.185495 1.2313)
(0.000917187 -0.0151019 1.40999)
(-0.101396 -0.0618298 1.14052)
(-0.158143 0.0509675 1.16007)
(-0.0909423 0.0645103 1.38176)
(-0.0317654 0.0684955 1.41389)
(-0.113307 -0.0579007 1.12561)
(-0.145595 -0.00386453 1.16958)
(-0.0736131 0.0192032 1.38558)
(-0.0611405 -0.135705 1.21884)
(-0.0070359 -0.0220381 1.43803)
(-0.0858483 -0.0890808 1.20502)
(-0.0891302 -0.0651176 1.27334)
(-0.0188427 0.0328491 1.45442)
(-0.0561277 -0.0372242 1.47114)
(-0.116595 -0.0452721 1.23898)
(-0.0744044 -0.0976732 1.25442)
(-0.0549313 -0.00832878 1.43108)
(-0.141565 0.402466 2.0098)
(-0.108846 0.582007 2.04401)
(-0.154297 0.497689 1.94752)
(-0.10505 0.471812 2.09256)
(-0.208765 0.314396 1.86255)
(-0.320967 0.392204 1.69432)
(-0.245367 0.349167 1.68539)
(-0.241567 0.210646 1.73847)
(-0.247498 0.398939 1.76172)
(-0.310004 0.308558 1.81089)
(-0.191306 0.2771 1.80434)
(-0.158591 0.379949 1.94734)
(-0.191823 0.47963 1.86786)
(-0.151022 0.282145 1.97131)
(-0.239642 0.404432 2.00424)
(-0.13173 0.289581 2.11576)
(-0.256364 0.219768 2.03079)
(-0.134552 0.366265 2.04162)
(-0.231467 0.290664 1.93347)
(-0.143898 0.21704 2.06079)
(-0.0970721 0.303143 2.03491)
(-0.0750692 0.287943 2.1653)
(-0.0764672 0.361625 2.1045)
(-0.0923175 0.240688 2.11048)
(-0.14793 0.24069 1.91292)
(-0.136718 0.174488 1.80204)
(-0.220445 0.17168 1.97716)
(-0.110502 0.149919 1.97737)
(-0.205098 0.234136 1.86351)
(-0.153789 0.204781 1.86279)
(-0.123192 0.180856 2.01392)
(-0.116423 0.288581 1.98233)
(-0.0969245 0.222328 2.07049)
(-0.144506 -0.161222 1.23589)
(-0.100978 -0.0980757 1.33666)
(-0.153242 -0.015113 1.35431)
(-0.264396 0.00134829 1.10957)
(-0.209618 -0.021466 1.16492)
(-0.25107 -0.0139013 1.33025)
(-0.193325 -0.0150782 1.162)
(-0.223273 -0.0136301 1.31536)
(-0.179814 -0.0290908 1.37325)
(-0.213257 -0.0594189 1.36132)
(-0.247893 -0.0745272 1.16472)
(-0.120513 -0.00828695 1.39105)
(-0.187662 -0.0088944 1.19375)
(-0.147421 -0.0163629 1.20392)
(-0.165349 -0.0137677 1.39907)
(-0.135999 -0.0364986 1.41475)
(-0.0942002 -0.0549269 1.33761)
(-0.125668 -0.00918274 1.58046)
(-0.0729074 -0.0424632 1.60998)
(-0.158971 -0.00992582 1.35191)
(-0.102669 -0.0679068 1.39361)
(-0.10241 -0.0275026 1.62717)
(-0.125453 0.0143255 1.45814)
(-0.190268 0.0620455 1.42916)
(-0.131088 0.0288745 1.63387)
(-0.115397 -0.00286317 1.67982)
(-0.169033 0.0619912 1.4176)
(-0.145223 0.00400726 1.47205)
(-0.0881305 0.0100679 1.66517)
(-0.154927 -0.0406543 1.45722)
(-0.124188 -0.0310758 1.6655)
(-0.0914534 0.00605735 1.48704)
(-0.105797 -0.00562989 1.69805)
(-0.130967 0.000990921 1.49714)
(-0.0655873 0.00475133 1.68667)
(-0.172612 0.106818 1.51031)
(-0.341594 0.164071 1.37875)
(-0.171685 0.119094 1.36451)
(-0.20589 0.0725956 1.57396)
(-0.223024 0.124266 1.33541)
(-0.267387 0.11268 1.54079)
(-0.106681 0.101496 1.53818)
(-0.147158 0.00292563 1.45756)
(-0.186663 0.00949199 1.25498)
(-0.19103 0.0227417 1.26115)
(-0.15733 0.00936793 1.44393)
(-0.215822 0.0615823 1.51341)
(-0.260097 0.0870034 1.33366)
(-0.124459 0.0480524 1.53714)
(-0.199367 0.11476 1.50796)
(-0.150353 0.0434172 1.7194)
(-0.102235 0.0442102 1.71413)
(-0.199367 0.0991306 1.52568)
(-0.141342 0.0513533 1.52006)
(-0.0860218 0.0361359 1.73089)
(-0.139976 0.0884716 1.60341)
(-0.161955 0.117707 1.66107)
(-0.152387 0.113916 1.79679)
(-0.034656 0.0522097 1.80206)
(-0.216306 0.156527 1.63489)
(-0.0853973 0.0682234 1.62885)
(-0.0983588 0.074525 1.77852)
(-0.123622 0.023436 1.55552)
(-0.0994164 0.0170589 1.73077)
(-0.128611 0.0233995 1.5429)
(-0.0868974 0.00456502 1.7448)
(-0.168732 0.0590275 1.60903)
(-0.131231 0.0381648 1.78662)
(-0.149811 0.149088 1.75797)
(-0.0778032 0.096506 2.5036)
(-0.12185 0.111822 2.50465)
(0.0188785 0.0481643 2.73559)
(0.18463 0.0816166 2.84193)
(0.156578 0.00489184 2.77906)
(0.0500891 0.0881231 2.77252)
(0.0300068 0.0739995 2.66233)
(0.185443 -0.0282844 2.65021)
(0.147039 0.274848 2.57141)
(-0.0134024 0.0803222 2.58431)
(0.196749 0.0305599 2.70189)
(0.0432801 0.0349897 2.61649)
(0.0113929 0.336747 2.55057)
(0.0434306 0.137527 2.66536)
(0.157186 0.165776 2.69186)
(0.057793 0.250268 2.52558)
(-0.00605231 0.344982 2.60221)
(0.182259 0.122025 2.68422)
(0.0361733 0.155342 2.67207)
(-0.0153213 0.2953 2.55292)
(-0.0849166 0.0436624 2.66987)
(-0.0873119 0.0462214 2.69466)
(-0.032408 0.0369385 2.70863)
(-0.024499 0.0541675 2.73115)
(-0.0127758 0.0681274 2.72829)
(-0.0429749 0.0384358 2.72344)
(-0.0465092 0.0839583 2.64671)
(-0.0520501 0.0801708 2.58821)
(-0.0355065 0.067804 2.63827)
(-0.0593939 0.250996 2.61421)
(-0.0123277 0.0696955 2.60898)
(-0.0498279 0.274037 2.58158)
(-0.0639499 0.0790162 2.66352)
(-0.0155014 0.0979982 2.65168)
(-0.0392335 0.24068 2.61384)
(-0.0233823 0.101025 2.68022)
(-0.0465028 0.180256 2.63466)
(-0.0115192 0.11121 2.65725)
(-0.0541758 0.191078 2.58265)
(-0.032215 0.093223 2.68023)
(0.131887 0.0901538 2.83452)
(0.231132 0.143414 2.93958)
(0.0619004 0.172675 2.69666)
(0.142573 0.206244 2.70184)
(0.0523929 0.368243 2.65364)
(0.0162165 0.304293 2.608)
(0.127778 0.211506 2.72134)
(0.0463478 0.17631 2.69331)
(0.0330264 0.299344 2.64336)
(0.120736 0.161787 2.76647)
(0.251318 0.182572 2.78347)
(0.128352 0.350989 2.69775)
(0.177737 0.240308 2.69332)
(0.190786 0.216397 2.82558)
(0.184477 0.139761 2.72617)
(0.101571 0.267865 2.68126)
(0.0615058 0.0845962 2.74526)
(0.00187043 0.0398671 2.75058)
(0.0163657 0.0539229 2.74439)
(0.0412736 0.0539723 2.74439)
(0.0615906 0.0553284 2.75452)
(0.0497101 0.0392519 2.75566)
(0.0378723 0.10884 2.67143)
(-0.0148751 0.190474 2.61193)
(-0.00391601 0.0925251 2.70318)
(0.0184631 0.161665 2.6647)
(0.00683486 0.104372 2.67435)
(0.0157654 0.203238 2.62843)
(0.0285376 0.0945239 2.69214)
(0.0805502 0.0920976 2.71037)
(0.145114 0.176734 2.64786)
(0.114223 0.0833249 2.69471)
(0.0619292 0.130474 2.68143)
(0.141698 0.0951275 2.67807)
(0.0677433 0.16723 2.64379)
(0.0640676 0.0788631 2.72191)
(0.234787 0.280523 2.65121)
(0.184536 0.211161 2.61765)
(-0.0390123 0.214814 2.17999)
(-0.0328327 0.134503 2.29485)
(0.0505121 0.314598 2.01732)
(0.014343 0.228227 2.42921)
(0.040412 0.17955 2.07333)
(-0.114228 0.193161 2.32775)
(0.0606606 0.270496 2.15892)
(0.00634697 0.16294 1.99152)
(-0.0126639 0.102353 1.66375)
(0.0075201 0.119725 1.81199)
(0.000296525 0.139077 1.89305)
(-0.0599302 0.233538 1.9744)
(-0.0831948 0.287893 1.78202)
(-0.062276 0.181045 1.62405)
(-0.000102748 0.208744 1.89343)
(-0.0487545 0.246855 1.76239)
(0.0167504 0.245889 1.98797)
(-0.0513532 0.176474 1.87516)
(-0.0686217 0.190378 2.22429)
(-0.0425984 0.140049 2.38394)
(-0.0659529 0.196328 2.25988)
(-0.0770114 0.204351 2.43169)
(-0.0956672 0.131624 2.46615)
(0.0101595 0.164312 2.40127)
(-0.0992991 0.180164 2.35466)
(-0.0438507 0.242851 2.2544)
(-0.0624579 0.145489 2.40509)
(-0.0316672 0.172126 2.14045)
(-0.00483105 0.113001 2.27829)
(-0.0259497 0.142412 2.07124)
(-0.00345641 0.125732 2.32856)
(-0.0594667 0.194294 2.12689)
(-0.0865737 0.18557 2.0718)
(0.0124608 0.1562 2.32502)
(-0.0336665 0.125056 2.26702)
(-0.0779038 0.214747 2.14583)
(-0.0462711 0.162792 2.05525)
(-0.0457557 0.144832 2.31808)
(0.0708211 0.234545 2.40955)
(0.105311 0.310265 2.36791)
(-0.032006 0.230628 2.34162)
(-0.096576 0.351219 2.28565)
(-0.0509237 0.245371 2.22776)
(-0.184546 0.221779 2.28726)
(-0.015363 0.288564 2.2871)
(-0.152936 0.284639 2.34361)
(-0.060407 0.189623 2.29471)
(-0.00440675 0.207472 2.36467)
(-0.014468 0.233828 2.25945)
(0.0160788 0.267555 2.30923)
(-0.0280392 0.175919 2.32082)
(0.0534863 0.177429 2.45111)
(0.0995341 0.257585 2.53202)
(0.0699061 0.15057 2.53811)
(-0.0890053 0.190758 2.52623)
(0.0816352 0.187666 2.47731)
(-0.0286798 0.245748 2.46422)
(0.0356064 0.138232 2.51579)
(0.0625955 0.190609 2.43927)
(0.0383512 0.137569 2.51248)
(-0.0115762 0.170549 2.37749)
(-0.074834 0.16989 2.33148)
(-0.126561 0.170521 2.46101)
(-0.0438981 0.105297 2.42607)
(-0.0635295 0.214336 2.37758)
(-0.0340838 0.14321 2.33839)
(-0.0270144 0.135034 2.4567)
(0.0029296 0.158577 2.40023)
(-0.0228437 0.0975732 2.4471)
(-0.0103624 0.136266 2.36168)
(-0.0126393 0.118461 2.4789)
(-0.0237655 0.0849132 1.82239)
(-0.0561835 0.128574 1.58526)
(-0.0891186 0.102143 1.60998)
(0.0117911 0.156341 1.85259)
(-0.0402474 0.0810081 1.57942)
(-0.0394039 0.135625 1.83497)
(0.0127976 0.108166 1.83517)
(0.0256075 0.0691651 1.84932)
(-0.000996123 0.02909 1.61747)
(-0.00445711 0.0592016 1.83482)
(-0.0656439 0.0556169 1.62951)
(0.000144102 0.00972474 1.63485)
(0.0377308 0.0394 1.85632)
(-0.0145593 0.0388162 1.60704)
(0.0221064 0.0801691 1.84161)
(-0.00426558 0.0279959 1.8536)
(-0.0010758 0.0849063 2.02129)
(0.018333 0.0988655 2.24702)
(-0.00361669 0.113543 2.03546)
(0.0184418 0.07654 2.2319)
(-0.0141881 0.0944579 2.00382)
(-0.0658102 0.140918 2.0394)
(-0.0163803 0.106509 2.23419)
(0.0153094 0.0876213 2.21795)
(-0.0260283 0.129241 2.02118)
(-0.0642581 0.103797 2.01719)
(-0.00654896 0.0723187 2.21707)
(0.0147967 0.0678433 2.03028)
(0.0267079 0.0750596 2.23805)
(0.0101264 0.0669546 2.00924)
(-0.026511 0.0647712 2.02001)
(0.0172183 0.0764991 2.21116)
(0.015957 0.0428983 2.22343)
(-0.0480315 0.0741752 2.01627)
(0.0298822 0.0450586 2.01961)
(0.00963572 0.0624773 2.21553)
(-0.0629075 0.137425 2.23684)
(-0.0506824 0.218397 2.19556)
(-0.0595621 0.178403 2.15065)
(-0.0546756 0.167234 2.27389)
(-0.0686207 0.0938086 2.17241)
(-0.132044 0.128264 2.03516)
(-0.0941616 0.107768 2.04158)
(-0.0884837 0.014008 2.11798)
(-0.084481 0.136562 2.07047)
(-0.165635 0.0847394 2.14632)
(-0.0591432 0.068526 2.15235)
(-0.0578076 0.119871 2.21445)
(-0.0677632 0.164605 2.11852)
(-0.0587971 0.0880252 2.26147)
(-0.0965153 0.145951 2.27692)
(-0.0574188 0.0927521 2.38967)
(-0.144113 0.0554233 2.35406)
(-0.0495381 0.129528 2.29185)
(-0.0900048 0.0910578 2.24232)
(-0.0629138 0.0554694 2.36539)
(-0.0342926 0.0948259 2.29248)
(-0.0377829 0.093006 2.41569)
(-0.0319844 0.127004 2.32269)
(-0.0410731 0.0692082 2.39356)
(-0.0429547 0.0695777 2.23819)
(-0.010878 0.0238322 2.19705)
(-0.114831 0.0327862 2.33427)
(-0.0316835 0.0220892 2.33971)
(-0.0783971 0.0618461 2.2169)
(-0.0575405 0.047143 2.2242)
(-0.0346328 0.0400126 2.34826)
(-0.0357968 0.0846895 2.27646)
(-0.0309634 0.0550671 2.38298)
(0.0101838 0.014656 1.89231)
(0.0324503 0.05155 2.04562)
(-0.0427606 0.0133205 1.97189)
(-0.0894444 0.0545192 1.75512)
(-0.0933971 0.0091147 1.79305)
(-0.0896733 0.014761 1.95459)
(-0.0666234 0.0192374 1.78568)
(-0.0654741 0.0168759 1.94733)
(-0.0701799 0.0029553 1.97814)
(-0.0660145 -0.0161595 1.97702)
(-0.0849486 -0.0186753 1.78712)
(-0.0290382 0.00469652 1.98748)
(-0.0828909 0.00228864 1.81101)
(-0.0452517 0.0108536 1.80394)
(-0.0635884 -0.00537079 1.99258)
(-0.0290275 0.00769326 2.08)
(0.0337347 -0.00214638 2.04421)
(-0.0277738 -0.00323005 2.23055)
(-0.00179735 0.00871095 2.25563)
(-0.0275852 0.020324 2.04868)
(-0.00941873 -0.000441069 2.07968)
(-0.0200478 0.00926777 2.25308)
(-0.0293559 0.014476 2.10028)
(-0.065765 0.0303894 2.07921)
(-0.0289099 0.00027853 2.25095)
(-0.042114 0.00357259 2.26512)
(-0.0394394 0.0278829 2.07775)
(-0.0576283 0.0067453 2.09902)
(-0.0186776 0.0108332 2.26618)
(-0.0400294 -0.0070984 2.10862)
(-0.0303156 -0.0078944 2.27909)
(-0.0178329 0.00673559 2.11492)
(-0.0372141 -0.00559624 2.27946)
(-0.0501692 -0.000361092 2.1151)
(-0.0109029 0.000150222 2.28062)
(-0.050812 0.0504731 2.04406)
(-0.132561 0.140336 1.89489)
(-0.0285908 0.0287227 1.90131)
(-0.0274883 0.023055 2.06067)
(-0.0842004 0.0614213 1.88003)
(-0.078509 0.0972947 2.04744)
(0.00795706 0.0180619 2.06428)
(-0.0471843 0.000628986 2.02517)
(-0.0822347 0.0240609 1.84186)
(-0.0749257 0.0184586 1.85215)
(-0.0588089 0.0143654 2.01562)
(-0.076543 0.0213739 2.05761)
(-0.106499 0.0386867 1.89127)
(-0.0373841 0.031377 2.12517)
(-0.0681375 0.0875575 2.10944)
(-0.0427828 0.0208177 2.27638)
(-0.0272557 0.0297713 2.28625)
(-0.0695887 0.0610593 2.11443)
(-0.0502042 0.0352156 2.12521)
(-0.0207614 0.0236881 2.28636)
(-0.0481442 0.0418557 2.15513)
(-0.0336096 0.0603374 2.16196)
(-0.0351033 0.0729482 2.30383)
(0.022924 0.00308606 2.32337)
(-0.0787813 0.112032 2.15548)
(0.00119902 0.00669398 2.17044)
(-0.0223146 0.0337888 2.30921)
(-0.0433241 0.0110824 2.14098)
(-0.0333654 0.00838515 2.29591)
(-0.0500655 0.0179028 2.13648)
(-0.0242578 -0.00137415 2.29978)
(-0.0652028 0.0236162 2.17201)
(-0.0406492 0.00982762 2.32739)
(-0.0155614 0.0374529 2.19162)
(-0.0716506 0.0589464 2.73678)
(-0.0770712 0.0486251 2.82966)
(-0.0257663 0.0177802 2.81885)
(-0.0233852 0.0328698 2.75119)
(-0.0313905 0.0166122 2.74898)
(-0.0189347 0.0261505 2.81477)
(-0.0415915 0.0490637 2.77482)
(-0.0270496 0.0664128 2.6839)
(-0.0505068 0.142952 2.66875)
(-0.0189391 0.0414642 2.75591)
(-0.0541659 0.0562252 2.70097)
(-0.023012 0.054004 2.76983)
(-0.0394699 0.130978 2.75109)
(-0.0222157 0.0530858 2.79139)
(-0.0175157 0.0606482 2.7141)
(-0.0398886 0.0810861 2.68075)
(-0.0228925 0.114632 2.76845)
(-0.0259958 0.0532841 2.7144)
(-0.0154596 0.0588463 2.78382)
(-0.0285884 0.0951368 2.76963)
(-0.0290387 0.00854676 2.87554)
(-0.0223203 0.008949 2.97207)
(-0.0129719 0.00344972 2.87876)
(-0.0135779 0.0107395 2.96343)
(-0.0132717 0.0102246 2.8728)
(-0.0134624 0.00907206 2.97217)
(-0.0258394 0.0285214 2.84563)
(-0.0285166 -0.0257483 2.83341)
(-0.0134303 0.0396777 2.9517)
(-0.0233706 0.0511005 2.93044)
(-0.0153015 0.0505067 2.8463)
(-0.0266537 0.0358587 2.82586)
(-0.0204187 0.0262403 2.94412)
(-0.0133916 0.0272273 2.8549)
(-0.0165923 0.035998 2.83244)
(-0.00996383 0.0327839 2.94231)
(-0.0177113 0.0497641 2.94038)
(-0.0077547 0.0304053 2.84826)
(-0.0206738 0.0206908 2.8356)
(-0.0135835 0.0308644 2.95299)
(0.0293882 0.0215264 2.83138)
(0.027737 0.0254913 2.76625)
(0.0186082 0.0499988 2.78687)
(-0.00403365 0.047035 2.73037)
(0.0139245 0.0870148 2.69216)
(-0.00857734 0.0900137 2.78175)
(0.0250848 0.0535279 2.71919)
(-0.00627515 0.0470169 2.80228)
(0.0123782 0.0767264 2.77173)
(0.039555 0.0410057 2.803)
(0.0878903 0.0594593 2.71763)
(0.0433336 0.0702781 2.7003)
(0.0756726 0.0740235 2.76484)
(0.0480202 0.0434904 2.73741)
(0.0688885 0.0510952 2.78653)
(0.0384828 0.0704343 2.77955)
(0.0132885 0.00874258 2.8718)
(-0.00744907 0.00880603 2.96998)
(-0.00499678 0.00641875 2.8808)
(0.00683902 0.00410767 2.96114)
(0.0169995 0.0123869 2.8844)
(0.0177157 0.0111095 2.97514)
(0.0138827 0.0230111 2.847)
(-0.00818688 0.0297812 2.83997)
(-0.00822797 0.0223785 2.95198)
(0.00230104 0.0281561 2.9304)
(-0.00314254 0.0191873 2.85939)
(0.0066534 0.0190101 2.83016)
(0.00581035 0.0229332 2.93897)
(0.0276045 0.0196707 2.8561)
(0.0530811 0.0368516 2.82202)
(0.0326007 0.0272265 2.93904)
(0.0187179 0.0381333 2.93161)
(0.0470931 0.0344804 2.84441)
(0.0227353 0.0277202 2.83353)
(0.0192483 0.0196301 2.94705)
(0.0984766 0.108331 2.74734)
(0.0686013 0.0660725 2.80822)
(-0.041974 0.0704953 2.66907)
(-0.0583909 0.0964193 2.56441)
(-0.0635484 0.137241 2.51879)
(0.00752225 0.0906068 2.70676)
(-0.0536699 0.111166 2.52266)
(-0.051257 0.0576637 2.70152)
(0.00704629 0.0799644 2.65989)
(0.0024797 0.0640926 2.63831)
(-0.0220563 0.0946465 2.44103)
(-0.0245804 0.104235 2.4756)
(-0.000889902 0.0656657 2.61209)
(-0.0298564 0.0721949 2.62782)
(-0.0708947 0.124249 2.46776)
(-0.0319383 0.101673 2.42803)
(-2.30286e-05 0.0748874 2.59559)
(-0.0422259 0.106053 2.4621)
(0.0146255 0.08334 2.62483)
(-0.0236227 0.0701688 2.60212)
(-0.0210262 0.0558572 2.79939)
(-0.000200935 0.0227909 2.93044)
(-0.0349234 0.0529555 2.78877)
(-0.0401266 0.0731484 2.80757)
(-0.0311005 0.0244436 2.93456)
(0.0263146 0.0341335 2.90141)
(-0.0282231 0.041969 2.81223)
(-0.0454541 0.0707129 2.77781)
(-0.0279491 0.0287195 2.91431)
(-0.0147001 0.0523474 2.7705)
(0.00470251 0.0314526 2.8911)
(-0.0146425 0.0523075 2.75296)
(0.00669184 0.0267812 2.90372)
(-0.0297228 0.0499778 2.75629)
(-0.0633051 0.0585256 2.7327)
(0.0199017 0.041205 2.88424)
(-0.0190045 0.0314066 2.88028)
(-0.0534752 0.0658667 2.75232)
(-0.0245481 0.0538634 2.74134)
(-0.0220575 0.0321142 2.89179)
(0.0181737 0.0742286 2.66539)
(0.0373577 0.113778 2.5699)
(-0.0247765 0.073743 2.61428)
(-0.0400472 0.126277 2.52016)
(-0.0219581 0.0766595 2.49154)
(-0.107273 0.0625905 2.59907)
(-0.0112025 0.096459 2.51644)
(-0.104152 0.0962686 2.62212)
(-0.0335239 0.0509732 2.597)
(-0.013658 0.0625336 2.63594)
(-0.0047512 0.0724063 2.51088)
(-0.00130311 0.0908689 2.53834)
(-0.0167916 0.0461265 2.61516)
(0.0141928 0.0598855 2.72944)
(0.058814 0.0909186 2.76691)
(0.0171545 0.0534795 2.85173)
(-0.0646476 0.0547799 2.84542)
(0.0185551 0.0651908 2.7456)
(-0.00469607 0.0802295 2.73853)
(0.00261732 0.0428131 2.83642)
(0.0213738 0.0616238 2.74259)
(0.00623919 0.0317794 2.85134)
(-0.0123551 0.0489424 2.69259)
(-0.0153396 0.0427186 2.68131)
(-0.0778389 0.0474158 2.81359)
(-0.0285387 0.0163005 2.79576)
(-0.0193128 0.0671446 2.69924)
(-0.0175867 0.0339788 2.67938)
(-0.0236083 0.0345444 2.80374)
(0.000245924 0.0464398 2.71464)
(-0.0118953 0.0137457 2.81337)
(-0.000519021 0.0315417 2.69932)
(-0.0100387 0.0266603 2.82421)
(-0.00387802 0.0462396 2.5649)
(-0.0153923 0.0871521 2.39821)
(-0.0644262 0.0743703 2.38227)
(0.0295059 0.0719863 2.57109)
(-0.00765262 0.0691999 2.38433)
(-0.00889743 0.0646978 2.57647)
(0.0120319 0.0554012 2.55448)
(0.0205301 0.0569048 2.5812)
(0.0120965 0.0588957 2.40433)
(0.00800781 0.0490733 2.55711)
(-0.0506728 0.0615052 2.37293)
(0.0356494 0.0479069 2.38715)
(0.0309271 0.0457053 2.54495)
(0.0123489 0.0584905 2.38003)
(0.011177 0.0564445 2.543)
(0.0163501 0.0407413 2.56462)
(-0.00529724 0.0354868 2.72331)
(0.0124479 0.0326195 2.87244)
(-0.00188429 0.0473269 2.73185)
(0.0113989 0.0269762 2.86637)
(-0.0086656 0.0420076 2.71025)
(-0.0435692 0.0526092 2.71072)
(-0.00897852 0.0323138 2.85993)
(0.0132681 0.0274722 2.8403)
(-0.0119395 0.0494058 2.71626)
(-0.0545654 0.0439717 2.69799)
(-0.00742407 0.023962 2.85445)
(0.00697934 0.0389748 2.72748)
(0.0133243 0.0336315 2.87261)
(0.00629344 0.0424259 2.70119)
(-0.0136662 0.0495267 2.68959)
(-0.000696312 0.0340457 2.82957)
(0.00708192 0.0342112 2.85525)
(-0.0488058 0.0409235 2.68657)
(0.0269974 0.041093 2.70977)
(0.000138328 0.0324406 2.84697)
(-0.0241799 0.0270134 2.57998)
(-0.0189469 0.06552 2.48633)
(-0.0161351 0.0437144 2.46809)
(-0.025776 0.0422973 2.59193)
(-0.0168974 0.0071778 2.54719)
(-0.0318965 0.0226088 2.42071)
(-0.03932 0.0140453 2.42545)
(-0.00931171 -0.026044 2.53822)
(-0.0192033 0.0274859 2.42955)
(-0.069944 0.00538683 2.54336)
(-0.0208815 1.02841e-05 2.54613)
(-0.0124048 0.0135924 2.57865)
(-0.0143162 0.0326761 2.46274)
(-0.0231266 0.00898422 2.64491)
(-0.0230369 0.0330729 2.65723)
(-0.0289732 0.00612674 2.77334)
(-0.057542 -0.000585435 2.77106)
(-0.0210456 0.0240862 2.65566)
(-0.0049869 0.0127904 2.6446)
(-0.0305489 -0.00487536 2.7678)
(-0.00156259 0.0106573 2.6696)
(-0.0133756 0.00996462 2.79108)
(-0.00816416 0.024817 2.6765)
(-0.00940635 0.00124147 2.78881)
(-0.00771192 0.00126553 2.6412)
(0.0615733 0.0102205 2.64058)
(-0.0229758 -0.00584355 2.76792)
(-0.0199784 -0.00683473 2.77032)
(0.00986064 0.00273721 2.64083)
(-0.0326305 -0.00056811 2.64274)
(-0.00875459 -0.0120976 2.76502)
(0.00114605 -0.000584062 2.67192)
(0.00123692 -0.0123241 2.79387)
(0.0320715 0.0412977 2.5498)
(0.03399 0.0504274 2.69272)
(-0.0101774 0.00528809 2.55042)
(-0.0135997 0.00852486 2.38769)
(-0.0345828 0.00231433 2.39534)
(-0.0290734 -0.00129524 2.53555)
(-0.0124166 0.00787373 2.4019)
(-0.0125086 -0.0164912 2.54031)
(-0.0245508 0.00178516 2.54191)
(-0.0106483 -0.00477309 2.56745)
(-0.0148759 -0.00198551 2.4161)
(-0.00598901 -0.00694614 2.56366)
(-0.0299142 -0.00224037 2.40932)
(-0.00550702 0.0021091 2.41513)
(-0.0225451 -0.00609364 2.55664)
(0.00188208 0.00732937 2.67822)
(0.04073 0.0135937 2.67579)
(-0.00500884 -0.00999769 2.80564)
(0.00272169 0.00360761 2.82758)
(0.0053152 0.00109525 2.66841)
(0.00927535 0.00396616 2.69057)
(0.000751043 0.0060151 2.81259)
(-0.00975701 0.00195499 2.68302)
(-0.0224774 0.0114181 2.66634)
(-0.00998703 -0.0299099 2.80641)
(-0.0152986 0.000596789 2.80014)
(-0.00585222 -0.00780559 2.67399)
(-0.0216781 -4.32256e-05 2.67012)
(-0.0132433 -6.79265e-05 2.81273)
(-0.000692895 0.000414585 2.70081)
(0.000329159 -0.00289228 2.83435)
(-0.00421624 -0.00413194 2.69529)
(-0.016067 -0.00363821 2.81602)
(-0.0196283 -0.00135975 2.68563)
(-0.0090035 -0.0140811 2.8262)
(-0.00842588 0.0215386 2.57192)
(-0.0468032 0.0742537 2.42317)
(0.00812899 0.000107015 2.4399)
(-0.000857264 -0.0113498 2.55785)
(-0.0271882 0.0265619 2.43159)
(-0.0138001 0.0284392 2.56117)
(0.0161235 0.00371034 2.58094)
(-0.012701 -0.00252351 2.56788)
(-0.0300186 0.010496 2.42474)
(-0.0248959 0.00653374 2.42422)
(-0.018719 -0.000359085 2.5689)
(-0.0145509 0.000142708 2.59259)
(-0.0366785 0.0126975 2.45119)
(-0.0172678 0.0135407 2.67607)
(-0.0206465 0.0212535 2.67764)
(-0.0243623 -0.00793802 2.79761)
(-0.00529447 0.0118533 2.81385)
(-0.0336017 0.0162255 2.67048)
(-0.0142072 0.014445 2.68941)
(-0.0153149 0.0115432 2.80293)
(-0.0166727 0.0172717 2.69525)
(-0.0315564 0.011456 2.67499)
(-0.00912579 -0.0212783 2.80656)
(-0.00263554 0.0124342 2.82306)
(-0.0317041 0.0287396 2.68353)
(-0.000577307 0.00514488 2.69868)
(-0.00425717 0.0151245 2.81807)
(-0.0169969 0.00497578 2.69276)
(-0.0117484 -0.00929031 2.82323)
(-0.0189214 0.00241641 2.69674)
(-0.0101261 -0.000857613 2.81957)
(-0.0162576 0.00421717 2.71675)
(0.00368538 -0.00733726 2.84098)
(-0.0185222 0.0444787 2.67026)
(-0.0485143 0.0337271 3.12712)
(-0.0477469 0.0261892 3.20078)
(-0.0118071 0.00807841 3.1318)
(-0.0111992 -0.000614968 3.03287)
(-0.00606439 0.000968956 3.04187)
(-0.0158358 0.00446295 3.12296)
(-0.0145591 0.0136722 3.118)
(-0.0136676 0.0394357 3.0328)
(-0.0144197 -0.0256412 3.00818)
(-0.0144619 -0.00922432 3.11781)
(-0.0106542 0.0132567 3.02193)
(-0.0154487 0.0309876 3.13067)
(-0.0190272 0.00861717 3.10737)
(-0.0137036 0.0201593 3.11568)
(-0.00716019 0.0147431 3.01559)
(-0.0135753 -0.00154514 3.01177)
(-0.0194178 0.0273872 3.10332)
(-0.00947758 0.0157884 3.02379)
(-0.0132625 0.0183799 3.10893)
(-0.0164367 0.0312857 3.10862)
(0.00392972 -0.00599756 3.2064)
(-0.00811233 0.00255433 3.28105)
(-0.00795173 0.00225306 3.19445)
(-0.0225077 0.00346319 3.25887)
(-0.0162472 -0.00306457 3.186)
(-0.016261 0.00889317 3.26497)
(-0.0100781 0.0065052 3.18467)
(-0.0211276 -0.0404559 3.1865)
(-0.0194288 0.0259131 3.27213)
(-0.0220336 -0.00137137 3.25218)
(-0.0167807 0.0315317 3.19799)
(-0.0136982 -0.0432915 3.17418)
(-0.0176428 0.00846706 3.26094)
(-0.0123213 0.0115519 3.17872)
(-0.0191493 -0.0168351 3.16689)
(-0.0210093 0.0113913 3.24848)
(-0.0211059 0.0256723 3.24619)
(-0.0137108 0.00781385 3.17297)
(-0.0151917 -0.00572165 3.17208)
(-0.0188145 0.0151653 3.24858)
(0.0081782 0.00434421 3.13122)
(0.00832576 0.00437125 3.04189)
(-0.00669196 0.00659447 3.10304)
(-0.0065631 0.00544476 3.01876)
(-0.00486892 -0.0150105 2.99922)
(-0.0171263 0.0288597 3.10385)
(0.000666216 0.00602879 3.00994)
(-0.0139716 0.00879451 3.10744)
(-0.00989672 0.00496069 3.09657)
(0.00298316 0.00657317 3.10353)
(0.0154547 0.0147325 3.01014)
(0.00414221 0.0104984 2.99825)
(0.00803951 0.0101324 3.08625)
(0.010224 0.0057751 3.01369)
(0.00639552 0.00902824 3.10579)
(0.000642132 0.0240658 3.09201)
(-0.011781 -0.00872316 3.18004)
(-0.0209894 0.00301577 3.25248)
(-0.0152695 -0.00130761 3.18334)
(-0.0154554 -0.00681755 3.25254)
(-0.00130265 -0.000764533 3.19401)
(-0.000272033 0.000242405 3.26562)
(-0.00973328 -0.00297367 3.16628)
(-0.0185846 -0.00417318 3.16601)
(-0.0209156 0.00133832 3.23813)
(-0.0206775 -0.00223521 3.23799)
(-0.0125817 -0.00156604 3.1693)
(-0.0169034 -0.0216654 3.1603)
(-0.0155843 -0.00217243 3.24223)
(-0.00275044 -0.00262597 3.16659)
(-0.0123924 0.00177556 3.15351)
(-0.0066673 -0.00368583 3.24859)
(-0.0124157 0.0179635 3.23067)
(-0.00226216 -0.000146165 3.17181)
(-0.012454 0.00394113 3.15598)
(-0.00697612 -0.000964549 3.23831)
(0.0202013 0.0158123 3.07733)
(-0.0055653 -0.0143699 3.1483)
(-0.0196767 0.0123509 3.1144)
(-0.016746 0.0206259 3.03237)
(-0.0231071 0.0363469 3.0049)
(0.0325073 0.04169 3.11096)
(-0.0233597 0.0243364 3.01837)
(-0.0252089 0.0172436 3.12731)
(0.043909 0.0142113 3.10137)
(0.00801379 0.00853918 3.11502)
(-0.00798481 0.0243064 3.00749)
(-0.00860071 0.0244145 3.01512)
(0.0100335 0.0149015 3.1125)
(-0.0193498 0.0142905 3.10032)
(-0.0359046 0.0340105 2.9922)
(-0.0200676 0.0226572 2.99456)
(0.02527 0.00865548 3.08577)
(-0.0227189 0.0218524 3.00005)
(0.0257973 0.01989 3.09297)
(-0.0165987 0.00971051 3.09681)
(-0.00137592 0.00581977 3.22009)
(0.0105097 -0.00960724 3.28583)
(-0.0162442 0.0138462 3.193)
(-0.018141 0.0325705 3.18662)
(-0.0235087 0.0198156 3.26906)
(0.0504574 0.0078127 3.24823)
(-0.0133175 0.0173913 3.20302)
(-0.00694535 0.0205714 3.18131)
(-0.0148163 0.00966386 3.25802)
(-0.00769415 0.0113069 3.19771)
(0.0119827 0.000816175 3.26392)
(-0.00235051 0.0134187 3.2007)
(0.00840359 0.00127682 3.26461)
(-0.0200891 0.00957956 3.18293)
(-0.0257122 0.00683829 3.17178)
(0.0280271 0.0102381 3.24412)
(-0.0150752 0.000391969 3.24839)
(-0.0275746 0.0177 3.17605)
(-0.01711 0.00712132 3.18135)
(-0.01736 0.00741751 3.24882)
(-0.00204857 0.00138526 3.04387)
(0.00997381 0.0244455 2.93759)
(-0.0239054 0.00992001 3.0023)
(-0.00582619 0.0271627 2.89926)
(-0.0194872 0.00632448 2.88673)
(-0.0666566 -0.00266379 3.0032)
(-0.0155632 0.0177486 2.89206)
(-0.055968 0.0144442 3.01087)
(-0.0276666 -0.00505219 2.99848)
(-0.00565188 0.00464596 3.02036)
(0.000418979 0.00614845 2.90598)
(0.00357396 0.0169934 2.91161)
(-0.00945402 -0.00853824 3.0137)
(-0.01193 0.00758856 3.1061)
(0.0446878 0.00363345 3.12336)
(-0.0085489 0.01435 3.21374)
(-0.0543291 -0.00513207 3.19824)
(-0.0147146 0.0145595 3.12044)
(-0.0102631 0.00505055 3.10752)
(-0.0144431 0.00179314 3.19808)
(0.00242661 0.00051793 3.12641)
(-0.00694314 -0.0155622 3.21905)
(-0.0188095 -0.00121458 3.08783)
(-0.00934029 -0.00706348 3.08624)
(-0.0387593 -0.00360412 3.18931)
(-0.0263863 -0.0136524 3.18264)
(0.00317567 0.00153174 3.09085)
(-0.0240056 -0.00889725 3.08554)
(-0.0219681 -0.00244714 3.18607)
(0.00679799 -0.00113072 3.10508)
(-0.00945742 -0.0125215 3.19674)
(0.000188545 -0.00648107 3.10048)
(-0.00192653 -0.00590382 3.19998)
(-0.0115265 0.00825447 3.07902)
(-0.0118177 0.0222725 2.9772)
(-0.0447125 0.0196749 2.9591)
(0.0162796 0.0137938 3.07433)
(-0.0117517 0.0220164 2.9732)
(-0.0115569 0.010752 3.08263)
(0.0164243 0.00757209 3.06666)
(0.00925292 0.0170136 3.10368)
(0.00276346 0.019676 2.99525)
(-0.00757467 0.017184 3.07664)
(-0.0454368 0.0208273 2.95166)
(0.014155 0.0318702 2.97493)
(0.0439641 0.00572196 3.06323)
(-0.00163276 0.0270339 2.96842)
(0.000500969 0.0138755 3.06119)
(-0.00350421 0.0232587 3.08271)
(-0.00267611 0.00542419 3.18459)
(0.00959062 -0.000412155 3.25478)
(-0.0039425 0.00970483 3.18058)
(0.009824 0.00313912 3.25473)
(-0.0141937 0.00856082 3.16745)
(-0.0383301 0.00627527 3.16428)
(-0.0147526 -0.00256603 3.24149)
(0.0136748 -0.00478258 3.23021)
(-0.0137775 0.00555714 3.17227)
(-0.037189 0.0033071 3.1575)
(-0.0167345 -0.00249809 3.23792)
(4.98459e-05 0.00665853 3.19729)
(0.00700607 0.00635179 3.26983)
(-0.00817453 0.0133364 3.16968)
(0.00592348 0.00713104 3.15704)
(0.00619021 -0.000833119 3.2311)
(-0.0102977 0.00992972 3.24666)
(-0.0394035 0.00390767 3.15643)
(0.00437896 0.0206653 3.17317)
(-0.0133712 0.00445246 3.24126)
(-0.000182578 -0.0114215 3.00174)
(0.00263506 -2.45924e-05 2.88365)
(0.00848315 -0.00863698 2.88631)
(-0.00445025 -0.0118996 2.99975)
(-0.00520884 -0.0193318 2.98662)
(0.0454436 -0.00375872 2.86766)
(-0.0327857 -0.0011171 2.87482)
(0.0466252 0.0201801 2.99397)
(-0.00439473 -0.0127521 2.8667)
(0.0123508 -0.00542304 2.98901)
(-0.0231674 -0.0019625 2.99795)
(0.00851959 -0.0254296 3.01162)
(0.011604 -0.0199961 2.89355)
(-0.0165466 -0.00975254 3.07855)
(0.0229174 -0.00908534 3.07805)
(-0.0178993 -0.0207494 3.17972)
(-0.0138182 -0.00636801 3.18311)
(-0.01313 -0.0170802 3.07571)
(0.0317499 -0.00401235 3.07764)
(-0.0198427 -0.012028 3.18257)
(0.0130627 -0.0169798 3.09327)
(0.000315991 -0.0142834 3.18945)
(0.00980634 -0.0114162 3.08902)
(0.00107041 -0.0123689 3.19561)
(-0.0050437 -0.015093 3.08282)
(0.0825933 0.0414826 3.08962)
(0.0264166 -0.000386127 3.18598)
(-0.0261472 0.00700883 3.20396)
(0.064249 -0.00224257 3.08056)
(-0.0351251 0.00636218 3.09656)
(-0.00550486 -0.0163834 3.18928)
(0.0161178 -0.0263417 3.10569)
(0.00959642 -0.0249952 3.21004)
(-0.000334856 0.00364191 3.06348)
(-0.00329463 0.0088747 3.16018)
(-0.0213773 -0.00527202 3.03867)
(-0.00938656 -0.0173439 2.92721)
(-0.017849 -0.00109283 2.92082)
(-0.0191532 0.0114207 3.02765)
(-0.0168549 -0.00339453 2.93211)
(-0.0153619 -0.0378968 3.0352)
(-0.0146675 -0.000973784 3.03007)
(0.00174675 -0.00332389 3.06702)
(0.00491889 0.00113825 2.95593)
(-0.0160893 -0.0193908 3.05417)
(-0.0177654 0.00192958 2.93571)
(-0.0099313 -0.0101016 2.94569)
(-0.0175031 -0.00168112 3.04512)
(-0.00925698 -0.00204942 3.14875)
(0.00989985 0.016183 3.15218)
(-0.0181235 -0.0124457 3.22615)
(-0.0167356 -0.0184939 3.24925)
(-0.00700213 0.00954628 3.14204)
(-0.0117699 -0.0167836 3.16376)
(-0.0166689 -0.00347135 3.23341)
(-0.0262035 -0.00678726 3.13594)
(-0.024087 0.0290954 3.12863)
(-0.0238504 -0.0333417 3.21713)
(-0.0219703 -0.00311499 3.21777)
(-0.0182848 -0.0144415 3.13338)
(-0.0224572 -0.00176163 3.13339)
(-0.029414 -0.00765987 3.21985)
(0.00176979 9.42256e-05 3.16898)
(-0.00846182 -0.00692968 3.25441)
(-0.0179497 -0.012552 3.15263)
(-0.025386 -0.00331256 3.23091)
(-0.0229124 0.00411052 3.14585)
(-0.0242824 -0.0197819 3.2367)
(-0.00861893 0.0130493 3.03166)
(-0.0290434 -0.0109466 2.92007)
(-0.0166662 0.0135605 2.93355)
(-0.0515124 -0.0315704 3.01566)
(-0.0146461 0.0138428 2.93104)
(-0.0150509 -0.0596026 3.02154)
(-0.0224352 0.0216726 3.0368)
(-0.0132927 0.00058212 3.04198)
(-0.0156545 -0.00316182 2.9396)
(-0.0172844 0.00715416 2.93586)
(-0.0121634 -0.0140517 3.04461)
(0.0100154 -0.0107688 3.05787)
(-0.00458018 -0.000887988 2.95497)
(-0.0267172 0.0090714 3.12436)
(-0.0227558 -0.00726545 3.12103)
(-0.0367474 -0.0285896 3.19861)
(-0.0145886 0.00471096 3.20724)
(-0.0388813 0.00735896 3.1161)
(-0.0147779 0.00676745 3.12628)
(-0.0284478 0.00704106 3.20667)
(-0.0209582 0.0145916 3.125)
(-0.0671391 0.000262985 3.1108)
(-0.0264219 -0.0670805 3.19749)
(-0.0353949 0.0282247 3.21339)
(-0.0340898 -0.0265564 3.11646)
(-0.0312539 0.0211413 3.13071)
(-0.0204462 0.013768 3.20546)
(-0.0226299 0.00897505 3.13985)
(-0.0195401 -0.0124314 3.22323)
(-0.0196682 -0.00343498 3.14067)
(-0.0197201 -0.000283378 3.22331)
(-0.00647655 -0.000477839 3.15264)
(0.0011308 -0.00797236 3.23427)
(-0.053643 0.0799301 3.11305)
(-0.0362799 0.0268025 3.36731)
(-0.0250617 0.00738901 3.40107)
(-0.0228428 0.00947996 3.36077)
(-0.0244356 -0.000699475 3.30772)
(-0.0136823 0.00201568 3.31363)
(-0.0308516 0.00558469 3.35754)
(-0.0231959 0.00872415 3.35973)
(-0.0162858 0.0259986 3.32101)
(-0.0187584 -0.0292331 3.30233)
(-0.0175556 0.00324027 3.35812)
(-0.016213 0.00554635 3.30981)
(-0.0192503 0.0226869 3.36902)
(-0.0277445 0.0102203 3.35318)
(-0.0243902 0.0130833 3.34375)
(-0.0227044 0.00547262 3.29686)
(-0.0210828 -0.00711505 3.29527)
(-0.0340211 0.0191252 3.3451)
(-0.0175716 0.00953607 3.29779)
(-0.0299679 0.00860805 3.34749)
(-0.0277546 0.0264145 3.344)
(-0.020698 0.00396019 3.41474)
(-0.032149 0.0114903 3.44615)
(-0.0193967 -1.45624e-05 3.3945)
(-0.0377447 0.0084039 3.42453)
(-0.0324979 0.00249077 3.39252)
(-0.0272147 0.00663152 3.42546)
(-0.0228585 0.00683383 3.3928)
(-0.011088 -0.0196846 3.39197)
(-0.0154581 0.019842 3.43188)
(-0.0331038 0.0238059 3.4184)
(-0.0123915 0.0221654 3.40205)
(-0.0243564 -0.00980468 3.38734)
(-0.0288408 0.0101393 3.42374)
(-0.0219222 0.00760157 3.37768)
(-0.0349488 -0.00613991 3.37995)
(-0.0376651 0.00743469 3.41393)
(-0.0328049 0.0200675 3.41044)
(-0.0311272 0.00447172 3.38192)
(-0.0269991 -0.0103131 3.37829)
(-0.0272825 0.010439 3.40897)
(-0.00700907 -0.00171928 3.36559)
(-0.0114735 -0.00439826 3.31612)
(-0.0188547 -0.00727243 3.34157)
(-0.0192654 -0.00581665 3.28738)
(-0.0261078 -0.0151575 3.2878)
(-0.0320837 0.00857041 3.33796)
(-0.0149312 -0.0074745 3.29128)
(-0.026987 -0.00367088 3.33413)
(-0.0284279 0.000764467 3.33952)
(-0.0114506 -0.00449413 3.33885)
(-0.00656113 -0.00913105 3.30128)
(-0.0230515 -0.00330454 3.28206)
(-0.0277496 0.0207896 3.34066)
(-0.010913 -0.00707923 3.28954)
(-0.0073478 -0.00980177 3.35234)
(-0.0216713 0.0151139 3.33369)
(-0.0204952 -0.00548783 3.38748)
(-0.034882 -0.00367124 3.41629)
(-0.0306844 -0.00750013 3.38363)
(-0.0207893 -0.00415815 3.4204)
(-0.0188317 -0.00649428 3.4022)
(-0.0131858 -0.00344327 3.43603)
(-0.0153214 -0.0113432 3.37692)
(-0.0338833 -0.0281097 3.37361)
(-0.0325389 -0.00842098 3.40238)
(-0.0306827 -7.37627e-05 3.40956)
(-0.0257403 -0.0102803 3.36884)
(-0.0308004 -0.01286 3.37625)
(-0.0172357 -0.0104016 3.40841)
(-0.0141621 -0.00907946 3.37556)
(-0.0319164 0.0175426 3.38035)
(-0.000812897 -0.00970302 3.42197)
(-0.0227763 0.00497849 3.40771)
(-0.00253239 -0.0116293 3.38971)
(-0.0284324 -0.0109653 3.37188)
(-0.0126881 -0.00608365 3.40955)
(-0.0214866 -0.0227234 3.3466)
(-0.0298595 -0.0317447 3.38917)
(-0.013464 0.0107319 3.3507)
(-0.0108483 0.0183622 3.32295)
(-0.00614794 0.0137592 3.30277)
(0.0114141 0.0265823 3.34981)
(-0.0119355 0.0114181 3.31082)
(-0.0216257 0.0199691 3.36386)
(0.0360373 0.00685018 3.34486)
(0.0063467 6.59755e-05 3.36179)
(0.000129988 0.00511537 3.3212)
(-0.00811787 0.00372378 3.32237)
(0.0103418 0.000235161 3.36104)
(-0.0177574 0.00610861 3.34471)
(-0.0283096 0.00917115 3.30188)
(-0.0135546 0.00124066 3.30387)
(0.0255738 -0.00495328 3.34195)
(-0.0185397 0.00508455 3.30585)
(0.0212745 0.00670887 3.34306)
(-0.0155632 -0.00151341 3.3435)
(-0.00410937 0.00317004 3.41484)
(0.00225777 -0.000772266 3.43976)
(-0.0114736 0.0109294 3.38402)
(-0.0355644 0.0107678 3.3844)
(-0.0183846 0.017725 3.42367)
(0.00990297 0.00696436 3.40625)
(-0.00801021 0.0166283 3.39749)
(-0.0225558 0.010617 3.37982)
(-0.0144246 0.0119838 3.40909)
(-0.0116204 0.00524498 3.39726)
(0.00484936 -0.00440838 3.41722)
(-0.00365308 0.00189648 3.39563)
(0.00273985 0.00247383 3.42303)
(-0.0191192 0.00403459 3.37991)
(-0.0291086 -0.00209853 3.37935)
(0.00350427 0.00624929 3.40568)
(-0.0179596 -0.00183611 3.40302)
(-0.0393429 0.00569158 3.3794)
(-0.0161169 -0.000922286 3.37907)
(-0.0187252 0.00697477 3.40569)
(-0.00969092 -0.0219907 3.35795)
(-0.00129634 -0.0107162 3.28704)
(-0.0222377 -0.0056443 3.33317)
(0.0008683 -0.00941744 3.25562)
(-0.0253043 -0.0128244 3.25559)
(-0.0557022 -0.0157046 3.32931)
(-0.0215584 -0.00923469 3.25803)
(-0.0388053 -0.00999833 3.33109)
(-0.0260414 -0.0128625 3.33021)
(-0.00437851 -0.00871172 3.34463)
(2.15354e-05 -0.0104192 3.26767)
(0.00723717 -0.00640537 3.26979)
(-0.0108631 -0.016781 3.33971)
(-0.0193327 -0.00623568 3.3867)
(0.0200463 -0.0146364 3.38755)
(-0.0121165 0.00210273 3.44704)
(-0.0624838 -0.00943333 3.42356)
(-0.025527 -0.00521709 3.40125)
(-0.0198215 -0.00929484 3.37715)
(-0.0151529 -0.0041298 3.43442)
(-0.00267753 -0.00958252 3.40861)
(-0.0109121 -0.0169867 3.4572)
(-0.0241526 -0.00859022 3.3877)
(-0.0199181 -0.00868016 3.37922)
(-0.0551615 -0.00458045 3.42962)
(-0.0257839 -0.00450555 3.43477)
(-0.00952485 -0.0091759 3.38013)
(-0.0287141 -0.00701696 3.3837)
(-0.0222011 -0.00192053 3.43768)
(0.00340279 -0.00744237 3.3975)
(-0.0148333 -0.00630931 3.44438)
(-0.00262441 -0.00637453 3.39182)
(-0.0108193 -0.00652158 3.44796)
(-0.0214391 -0.00667315 3.33975)
(-0.0193436 -0.00402243 3.30225)
(-0.0392985 -0.00614262 3.29273)
(0.0115151 -0.00486084 3.33999)
(-0.0184491 0.000840986 3.29756)
(-0.0189227 -0.00774884 3.34246)
(0.00194453 -0.0108689 3.33703)
(0.00552875 0.00400475 3.37602)
(-0.00250388 -0.000802563 3.3334)
(-0.0166722 -0.00135618 3.34681)
(-0.0372557 -0.00649308 3.29694)
(0.000343211 0.0115972 3.31013)
(0.0211599 -0.0181974 3.3457)
(-0.012926 0.00383821 3.30489)
(0.00606661 -0.010099 3.34171)
(-0.0108877 0.00267308 3.3542)
(-0.0107258 -0.00616377 3.39782)
(0.00182733 -0.00940342 3.42814)
(-0.0110434 -0.00542877 3.39864)
(-0.00112195 -0.00342645 3.42317)
(-0.0238107 -0.000618515 3.37914)
(-0.0523743 -0.00660284 3.37959)
(-0.024244 -0.00926449 3.40735)
(-0.0182531 -0.009832 3.40509)
(-0.022828 -0.00827676 3.38062)
(-0.0540521 -0.00818542 3.37791)
(-0.027638 -0.00562292 3.40424)
(-0.0046375 -0.00321494 3.41688)
(0.00297783 0.00282412 3.4437)
(-0.0151957 0.000560377 3.38728)
(-0.0162638 -0.00413636 3.38892)
(-0.0113106 -0.0103511 3.41223)
(-0.00649359 0.00319616 3.42193)
(-0.0467862 -0.0113317 3.38395)
(0.0030971 0.00935498 3.39601)
(-0.0187976 -0.00204638 3.41371)
(-0.00262533 -0.0056121 3.34997)
(0.00980121 -0.0131555 3.26483)
(0.0115758 -0.0125227 3.2725)
(-0.00324255 -0.016116 3.34499)
(-0.00936824 -0.00784436 3.35022)
(0.0525829 0.00150585 3.26012)
(-0.0370783 0.0135526 3.28503)
(0.0270936 0.0361119 3.34673)
(-0.0104227 -0.00885136 3.26951)
(0.00684914 0.00478097 3.34042)
(-0.0264917 0.0119276 3.36611)
(0.00409099 -0.0147918 3.36943)
(0.0134636 -0.0204999 3.28905)
(-0.0222794 0.0017615 3.39612)
(-0.00210521 -0.00540674 3.38652)
(-0.0211959 -0.00311774 3.44614)
(-0.0487381 0.00212468 3.44126)
(-0.0198302 -0.00726266 3.39338)
(0.000737022 0.00140708 3.38825)
(-0.0216513 0.00229996 3.44924)
(0.00637132 -0.00540474 3.4039)
(-0.0109961 -0.00236684 3.45096)
(0.00525095 -0.0066314 3.39905)
(-0.0110095 0.00535008 3.45738)
(-0.0166717 0.00139874 3.40759)
(0.0357967 0.0319813 3.40249)
(-0.0337387 0.00977921 3.44642)
(-0.0234484 0.0137255 3.4775)
(0.0175124 0.00570516 3.39409)
(-0.0363291 0.0165193 3.42462)
(-0.0140595 0.00447688 3.46059)
(0.00610188 -0.00561024 3.42602)
(-0.00596803 0.0044411 3.47968)
(-0.0275526 -0.0113379 3.35677)
(-0.0193768 0.00806612 3.40152)
(-0.0353623 -0.00886004 3.35206)
(-0.0273861 -0.00765602 3.28998)
(-0.0327789 -0.00361456 3.29556)
(-0.0367783 -0.0127493 3.34829)
(-0.0342716 -0.00833447 3.29251)
(-0.0325865 -0.0301577 3.34853)
(-0.0326477 -0.00589082 3.35589)
(-0.0242616 -0.0124298 3.39028)
(-0.00941047 -0.00338384 3.3303)
(-0.031445 -0.0187758 3.36896)
(-0.0325216 0.00276626 3.30627)
(-0.0257467 -0.0122755 3.30992)
(-0.0362027 -0.00808761 3.36647)
(-0.0361094 -0.00704413 3.41866)
(0.0119175 0.012475 3.41346)
(-0.0324423 -0.0486048 3.44457)
(-0.0196958 -0.0349051 3.46581)
(-0.0246856 -0.00660405 3.40831)
(-0.0208924 -0.0349546 3.43026)
(-0.0435434 -0.00798742 3.45605)
(-0.0390362 -0.00826896 3.40065)
(-0.0449913 0.00946926 3.39783)
(-0.0377178 -0.0295642 3.43456)
(-0.0443265 -0.00808472 3.44634)
(-0.034307 -0.00323176 3.39665)
(-0.0435222 -0.00607819 3.40604)
(-0.0391795 -0.0083671 3.43918)
(-0.0251573 -0.00898136 3.43992)
(-0.041089 -0.0187039 3.47794)
(-0.0315887 -0.0110183 3.41728)
(-0.046631 -0.0139253 3.45509)
(-0.0431002 -0.00229117 3.41592)
(-0.0364253 -0.0175913 3.45525)
(-0.0341638 0.0156867 3.33698)
(-0.0425764 -0.0189862 3.26962)
(-0.0393201 0.0253009 3.28663)
(-0.0677987 -0.0149915 3.33279)
(-0.0322809 0.0167285 3.27686)
(-0.0376895 -0.0574657 3.32965)
(-0.0401906 0.0309066 3.34953)
(-0.0273892 -0.00262278 3.35819)
(-0.028929 -3.16768e-05 3.29556)
(-0.0301202 0.00915608 3.29746)
(-0.0304681 -0.00913527 3.35505)
(-0.015933 -0.00216685 3.36639)
(-0.0194644 0.00436024 3.3062)
(-0.0399152 0.00742815 3.39284)
(-0.0462952 0.0115703 3.38175)
(-0.0495971 -0.0377484 3.42551)
(-0.0410466 0.00539746 3.42764)
(-0.0513186 0.00599969 3.38328)
(-0.0388861 0.0075979 3.38713)
(-0.0413114 0.00476368 3.43557)
(-0.0431017 0.0191376 3.38495)
(-0.0581356 0.0222844 3.38441)
(-0.0443961 -0.0326691 3.42049)
(-0.0355366 0.0289048 3.44569)
(-0.0494872 -0.00213827 3.37835)
(-0.0392535 0.0257997 3.40034)
(-0.0440977 0.0180196 3.42723)
(-0.0370806 0.00704054 3.40812)
(-0.0410201 -0.00494899 3.44364)
(-0.0396047 0.00336031 3.40375)
(-0.0341674 -0.00539685 3.44979)
(-0.036639 0.0102743 3.41498)
(-0.0350834 0.00482638 3.45668)
(-0.0465359 0.062297 3.40901)
(-0.0180517 0.00500556 3.4719)
(-0.00715683 -0.0135418 3.49038)
(-0.0285017 0.00378064 3.47258)
(-0.0378785 0.00539182 3.45073)
(-0.0227452 -0.00291176 3.45016)
(-0.0413671 0.0115811 3.47238)
(-0.0303477 0.0116678 3.46757)
(-0.00660685 0.0188017 3.45431)
(-0.0272063 0.00832005 3.44242)
(-0.00572161 0.00649428 3.4646)
(-0.0268382 0.0084919 3.44784)
(-0.00776328 0.0167218 3.47518)
(-0.0344194 0.0438676 3.46196)
(-0.0270142 0.0081126 3.45857)
(-0.0366628 0.00455715 3.43997)
(-0.0304098 -0.0147042 3.43474)
(-0.0443096 0.033712 3.46039)
(-0.0237042 0.0056741 3.43385)
(-0.0410442 0.00740434 3.46052)
(-0.0345648 0.0161807 3.45855)
(-0.0398017 0.0114661 3.51087)
(-0.0456357 0.016033 3.52765)
(-0.0232086 -0.00301951 3.49281)
(-0.0403014 0.0129761 3.51195)
(-0.0390282 0.0076019 3.49445)
(-0.0258437 0.00300835 3.51144)
(-0.0252504 0.00969885 3.48516)
(0.00250489 -0.01431 3.48279)
(-0.00283945 0.0135961 3.51039)
(-0.0313294 0.0472034 3.49608)
(-0.000407904 0.0151663 3.49319)
(-0.0262774 0.0255557 3.47991)
(-0.0271245 0.0116163 3.50086)
(-0.0231225 0.00515063 3.47863)
(-0.0413974 0.0121767 3.48096)
(-0.0394827 0.00782268 3.49728)
(-0.0318153 0.0191326 3.49742)
(-0.0374972 0.00555058 3.48149)
(-0.0301584 -0.00842387 3.47785)
(-0.0231981 0.00693495 3.49862)
(-0.0162139 -0.003944 3.4903)
(-0.022993 -0.00786304 3.46449)
(-0.0135577 -0.0120369 3.45765)
(-0.0317223 -0.013972 3.42943)
(-0.0306553 -0.0167311 3.43678)
(-0.0418271 -0.0229571 3.45902)
(-0.0133589 -0.013364 3.4362)
(-0.0367368 -0.0121853 3.45655)
(-0.0288211 -0.00411038 3.46015)
(-0.0114024 -0.00563563 3.46457)
(0.00347021 -0.00878508 3.45155)
(-0.0268045 -0.0205187 3.43611)
(-0.0144028 0.0270535 3.47041)
(-0.0148626 -0.00905982 3.43838)
(0.00710625 -0.0054662 3.47486)
(-0.0201329 -0.00204325 3.46372)
(-0.0173717 -0.00549776 3.49703)
(-0.0364126 -0.00796249 3.51175)
(-0.0369704 -0.0119534 3.49056)
(-0.0136094 -0.00119212 3.51661)
(-0.0213809 -0.00723011 3.51473)
(-0.0153558 -0.00283506 3.53661)
(-0.0109307 -0.0132359 3.4828)
(-0.0409375 -0.0430098 3.48008)
(-0.0356259 -0.0134891 3.5012)
(-0.0234554 -0.00727874 3.50218)
(-0.0348054 -0.0150146 3.47895)
(-0.0270288 -0.0216357 3.48333)
(-0.00892082 -0.0111047 3.50007)
(-0.0123816 -0.00667223 3.48908)
(-0.0104782 0.0107582 3.49674)
(0.015409 -0.00066972 3.5222)
(-0.0123904 -0.00663311 3.51046)
(0.00837964 -0.00295763 3.50239)
(-0.0217916 -0.0218479 3.48662)
(-0.00607869 -0.00464412 3.51119)
(-0.00682626 -0.00288892 3.48569)
(-0.00377515 -0.0040225 3.51066)
(-0.0172824 0.0129555 3.4553)
(-0.00458128 0.0129124 3.44701)
(-0.049358 0.00899561 3.42929)
(-0.0173678 0.00716944 3.45696)
(-0.0126384 0.0118101 3.43188)
(-0.0152894 0.0136782 3.4709)
(-0.0221955 0.00631539 3.45278)
(-0.00178714 0.00554891 3.46925)
(-0.00955056 0.00206849 3.43971)
(-0.0150859 0.0059178 3.4473)
(-0.00116632 0.00102375 3.46389)
(-0.0219203 0.00798 3.45328)
(-0.0561661 0.00427814 3.42903)
(-0.0184308 -5.38019e-05 3.42666)
(-0.0188609 9.70532e-05 3.45269)
(-0.0208905 0.00371947 3.42896)
(-0.0191973 0.00651603 3.45253)
(-0.0225329 0.00132382 3.45023)
(-0.0145485 0.0178864 3.50288)
(-0.00766269 0.0154931 3.52851)
(-0.015598 0.013138 3.47318)
(-0.055022 -0.00739137 3.47525)
(-0.0133962 0.00955926 3.5164)
(-0.045081 0.00547067 3.49586)
(-0.00280298 0.0092695 3.48922)
(-0.07231 0.00763218 3.47047)
(-0.0197963 0.0131183 3.49973)
(-0.0174545 0.0121084 3.48651)
(-0.00724263 0.00113388 3.50492)
(-0.0179765 0.000371068 3.47857)
(-0.00403129 0.00748927 3.51286)
(-0.0224862 0.00501741 3.47059)
(-0.0715822 0.00283791 3.46991)
(-0.0336684 0.00675186 3.49674)
(-0.0255958 0.00379517 3.49402)
(-0.0685408 0.00470813 3.47018)
(-0.0253469 0.00148373 3.46782)
(-0.0236195 0.00851028 3.49882)
(-0.00979995 -0.00632148 3.5216)
(-0.00218226 -0.00100508 3.48949)
(-0.0236641 0.00570933 3.50405)
(-0.0275623 0.000666417 3.46386)
(-0.0264184 0.00302049 3.46838)
(-0.0742546 0.00198247 3.49553)
(-0.024389 -0.00165242 3.47214)
(-0.0743583 0.00653406 3.49449)
(-0.0256242 0.00553908 3.50209)
(-0.0188485 -0.000941671 3.5154)
(-0.00492471 0.00197361 3.47784)
(-0.00296553 -0.000916232 3.48163)
(-0.0169653 -0.000677879 3.50966)
(-0.0105083 0.0091813 3.51938)
(0.00252769 0.0113536 3.51429)
(-0.00171668 0.00627051 3.54812)
(-0.063292 0.0168187 3.5314)
(-0.0133853 0.00234436 3.52961)
(-0.027875 0.0140154 3.50983)
(-0.00800539 0.0119585 3.54175)
(-0.000275444 0.0121408 3.54344)
(-0.00671795 0.00809806 3.56625)
(-0.0228701 0.00827391 3.52459)
(-0.0374994 0.0123883 3.51903)
(-0.0863843 0.0192366 3.53719)
(-0.0244337 0.0162674 3.54503)
(-0.0421689 0.0134701 3.51803)
(-0.0255888 0.0143206 3.52175)
(-0.0233352 0.0147355 3.54491)
(-0.0094404 0.00453499 3.53796)
(-0.0183187 0.0117191 3.55596)
(-0.00842342 0.0116517 3.53111)
(-0.023103 0.00607795 3.55997)
(-0.0332745 -0.00163759 3.45513)
(-0.0291618 -0.00835994 3.43272)
(-0.0793497 -0.00549321 3.43119)
(-0.0328757 -0.00308334 3.45435)
(-0.0299638 0.00061501 3.4308)
(-0.0291181 -0.00625517 3.45681)
(-0.0436637 -0.00543596 3.45553)
(0.00139383 0.00759141 3.49329)
(-0.00762254 -0.00209044 3.47009)
(-0.0191531 0.00137545 3.46528)
(-0.0669612 -0.00988305 3.43876)
(0.0103854 0.0106353 3.45115)
(-0.0156193 -0.00193748 3.46846)
(-0.0162744 0.000760338 3.44107)
(-0.0305244 -0.00727399 3.46261)
(0.0010651 0.00702948 3.47534)
(-0.0255759 -0.00431877 3.48992)
(-0.00597333 -0.00505445 3.51832)
(-0.0173186 -0.00953621 3.49543)
(-0.0134544 -0.00050785 3.5136)
(-0.034706 0.00528481 3.47453)
(-0.0862534 -0.00278066 3.47287)
(-0.0325387 -0.00204073 3.50143)
(-0.0590428 0.00111019 3.49853)
(-0.0301162 -0.00609971 3.47486)
(-0.0957643 0.000450609 3.47425)
(-0.0366115 0.00421564 3.49907)
(-0.00800256 0.00202091 3.51246)
(0.00119211 0.0135642 3.53663)
(-0.01438 0.00444452 3.48485)
(-0.0522283 0.0170118 3.48907)
(-0.0411194 0.00190127 3.50482)
(0.00700592 0.0133027 3.52149)
(-0.0768306 -0.00418502 3.48133)
(0.0173561 0.0137677 3.49788)
(-0.017259 0.00850043 3.50992)
(-0.0184956 0.0156891 3.52531)
(-0.00383912 0.00463573 3.4861)
(-0.00199034 0.00705907 3.49214)
(-0.0207738 0.00599515 3.52197)
(-0.0168319 0.0166665 3.52658)
(-0.0261857 0.0103584 3.48186)
(-0.0314224 0.0162852 3.51319)
(-0.0358913 0.00446741 3.52063)
(-0.0204378 0.0129428 3.49517)
(-0.0709427 0.0139714 3.5123)
(-0.0184827 0.0145854 3.54435)
(-0.0157539 0.0215465 3.54832)
(-0.00429096 0.0122323 3.51537)
(-0.0247212 0.01548 3.53505)
(-0.0542141 0.0179119 3.52899)
(-0.0280382 0.0235385 3.55427)
(-0.0898234 0.0106533 3.54867)
(-0.0243938 0.0203118 3.53405)
(-0.0480712 0.0108894 3.52992)
(-0.0257244 0.0147553 3.55578)
(-0.00960985 0.0141924 3.54534)
(-0.0264267 0.0199629 3.56396)
(-0.0114943 0.0162668 3.5438)
(-0.0242902 0.0232548 3.56726)
(-0.0200736 0.0223686 3.54565)
(-0.0258261 -0.00317516 3.54282)
(-0.0934544 0.0163152 3.55314)
(-0.0143387 0.015351 3.58081)
(-0.0565601 0.0141225 3.53539)
(-0.0242648 0.015379 3.56338)
(-0.0178755 0.0260976 3.5642)
(-0.0125358 0.0264248 3.56889)
(-0.0224187 0.0345302 3.58886)
(-0.0185071 0.017807 3.48226)
(-0.00482247 0.0411561 3.50205)
(-0.0395323 -0.00739922 3.49161)
(-0.0365899 -0.00552608 3.46477)
(-0.0533367 -0.00803983 3.47441)
(-0.0550375 -0.0500393 3.49114)
(-0.0398963 -0.00726382 3.46885)
(-0.0385517 -0.0307394 3.48765)
(-0.0539654 -0.00955039 3.49785)
(-0.0525723 -0.023141 3.52833)
(-0.0403706 -0.0150875 3.50678)
(-0.0379626 -0.0165699 3.50736)
(-0.0517834 -0.00928662 3.4846)
(-0.0344506 -0.0101402 3.48475)
(-0.0539099 -0.0189257 3.50835)
(-0.0470813 -0.00516228 3.51824)
(0.0409746 0.0116065 3.51295)
(-0.0284704 -0.0678269 3.52385)
(-0.0110032 -0.034176 3.54267)
(-0.0242113 -0.0433185 3.50961)
(-0.00833755 -0.0367744 3.52927)
(-0.0501012 -0.00519056 3.53174)
(-0.0369914 -0.00550167 3.51136)
(-0.0573845 -0.0287559 3.50909)
(-0.0344346 -0.0318652 3.5237)
(-0.0582584 -0.00918215 3.52938)
(-0.0337193 -0.00470025 3.50716)
(-0.0583 -0.00868172 3.5132)
(-0.0367691 -0.00573356 3.52793)
(-0.0477475 -0.0177243 3.54505)
(-0.0538897 -0.0232692 3.55954)
(-0.0331422 -0.00849696 3.52602)
(-0.055763 -0.0199553 3.54248)
(-0.0555114 -0.0135039 3.52604)
(-0.035663 -0.0159142 3.5416)
(-0.0487866 0.0201792 3.48779)
(-0.0521621 0.0234523 3.45283)
(-0.0306059 0.0227028 3.47759)
(-0.0366535 0.000743561 3.49283)
(-0.0501135 0.0214674 3.45771)
(-0.0464126 0.000766414 3.48324)
(-0.0243961 0.0232471 3.507)
(-0.0387079 -0.00792315 3.50796)
(-0.0479573 0.00679985 3.47464)
(-0.0416902 0.00244243 3.48077)
(-0.0481447 -0.000511235 3.50086)
(-0.0516737 0.0115847 3.51658)
(-0.0540886 0.0162561 3.48768)
(-0.0437395 0.00518399 3.50965)
(-0.060024 0.0323781 3.50239)
(-0.049716 -0.0231814 3.5269)
(-0.0550115 0.00896587 3.52701)
(-0.0521461 0.00201664 3.50514)
(-0.0563372 0.0102946 3.50556)
(-0.0439681 0.00414259 3.5303)
(-0.0528199 0.0225282 3.5089)
(-0.0227766 0.0330031 3.51511)
(-0.0444077 0.0290263 3.53008)
(-0.0144311 0.0161494 3.55168)
(-0.051046 0.0484959 3.50532)
(-0.0207293 0.0165278 3.52824)
(-0.0481755 0.0216611 3.53295)
(-0.0433507 5.54387e-05 3.52759)
(-0.0501488 0.0028595 3.54083)
(-0.0518059 0.00982222 3.52137)
(-0.0400816 -0.00717727 3.54765)
(-0.0653911 0.0208451 3.53754)
(-0.0595591 0.0158352 3.55999)
(-0.00956202 0.0149805 3.54114)
(-0.00810213 -0.00585231 3.55052)
(-0.00793268 -0.00896849 3.56657)
(-0.0195676 0.00190001 3.54884)
(-0.0354962 0.00740623 3.5337)
(-0.0198992 -0.00223259 3.53104)
(-0.0348022 0.0127833 3.55056)
(-0.0209863 0.00981398 3.53583)
(0.00150895 0.012922 3.52805)
(-0.0227233 0.0233106 3.51396)
(0.000832321 -0.00134115 3.53561)
(-0.0200311 0.00956891 3.51946)
(0.000194705 0.0105877 3.54638)
(-0.0260173 0.0372385 3.53172)
(-0.0166821 0.00571937 3.53572)
(-0.0335115 0.00654448 3.51888)
(-0.0266356 -0.00169331 3.51538)
(-0.0375503 0.0345895 3.53553)
(-0.0197276 0.00544555 3.51729)
(-0.0329897 0.00784179 3.53454)
(-0.025668 0.0169361 3.53454)
(-0.0285627 0.0063796 3.58442)
(-0.0339858 0.010524 3.6017)
(-0.0137181 -0.00311876 3.5684)
(-0.0265906 0.0125034 3.5872)
(-0.0282875 0.00567605 3.57161)
(-0.0119877 0.000671469 3.58484)
(-0.0143102 0.00877821 3.55664)
(-0.00107261 -0.0188483 3.55255)
(0.00255224 0.00697658 3.58367)
(-0.0199305 0.0289377 3.56851)
(0.000429101 0.0121659 3.56562)
(-0.0180692 0.0085281 3.5497)
(-0.014673 0.00757279 3.57453)
(-0.0142659 0.0059113 3.55542)
(-0.0298873 0.00795514 3.55521)
(-0.0240094 0.00766626 3.57341)
(-0.0173554 0.0151085 3.57005)
(-0.0256596 0.00758072 3.55735)
(-0.0206553 -0.00293632 3.55215)
(-0.00887801 0.00459611 3.57228)
(-0.0105386 1.30778e-06 3.58023)
(-0.0156763 -0.00519528 3.56027)
(-0.00185823 -0.00912445 3.54255)
(-0.0319887 -0.0139049 3.52236)
(-0.0196384 -0.0269079 3.5241)
(-0.0339576 -0.0247892 3.54177)
(-0.00671662 -0.0110823 3.52551)
(-0.0290413 -0.0132966 3.54205)
(-0.015146 -0.0106698 3.54312)
(0.00307103 -0.00331498 3.55499)
(0.0139991 0.00284638 3.54897)
(-0.0120891 -0.0210174 3.53115)
(0.00731158 0.0368477 3.56052)
(-0.00523787 -0.00366723 3.53509)
(0.0236408 0.00306853 3.56714)
(-0.00316058 -0.00566963 3.55296)
(-0.00503361 -0.00525239 3.58206)
(-0.0206336 -0.0062563 3.59035)
(-0.0251842 -0.010458 3.57386)
(0.00257216 0.00610881 3.59763)
(-0.00781327 -0.00193621 3.60207)
(-0.00510187 0.00351587 3.61813)
(0.000450748 -0.0070158 3.56838)
(-0.0284011 -0.0339654 3.56028)
(-0.0181364 -0.0110054 3.57912)
(-0.00501966 -0.00150346 3.58151)
(-0.0239007 -0.0107232 3.56289)
(-0.0100174 -0.0283901 3.56463)
(0.0065418 -0.005007 3.58365)
(0.00450009 7.92432e-05 3.57681)
(0.00879078 0.0178416 3.58243)
(0.0315385 0.00458294 3.60641)
(0.00795058 -0.000404137 3.5893)
(0.0200506 0.00740881 3.59184)
(-0.00147941 -0.014391 3.57194)
(0.0124415 -0.00131862 3.59242)
(0.0151064 0.021107 3.57193)
(0.0161184 0.0160361 3.59124)
(-0.0195016 0.012551 3.54415)
(-0.00313283 0.00578404 3.53207)
(-0.0837874 0.0064384 3.5124)
(-0.0199002 -0.00170492 3.54168)
(-0.01708 0.0138146 3.51609)
(-0.0126104 0.00667863 3.55953)
(-0.0471742 0.00365239 3.53812)
(-0.00400806 0.00733106 3.55381)
(-0.0224078 0.00354613 3.52075)
(-0.0165928 0.0121379 3.52758)
(-0.00889283 0.0068503 3.55178)
(-0.0230454 0.00737553 3.54129)
(-0.070852 0.00473804 3.51173)
(-0.026998 0.00400418 3.50989)
(-0.0470833 0.00641847 3.53816)
(-0.0226622 0.00437157 3.51308)
(-0.0319683 0.00603801 3.53828)
(-0.0257925 0.00689839 3.53945)
(-0.0161516 0.0252147 3.58335)
(-0.00673886 0.0168971 3.60571)
(-0.0165498 0.0138063 3.55671)
(-0.0427738 -0.00466965 3.55482)
(-0.0107838 0.0068728 3.59373)
(-0.0309634 0.00221314 3.57244)
(-0.00460356 0.0052951 3.57052)
(-0.0751246 0.0056459 3.55212)
(-0.0161932 0.0114378 3.57968)
(-0.0142024 0.0138335 3.56467)
(-0.00764749 0.00917741 3.59011)
(-0.022871 0.00547431 3.56482)
(-0.00364291 0.00705852 3.5872)
(-0.0202804 0.00439883 3.55082)
(-0.0840589 0.00717786 3.55056)
(-0.0242786 0.00576762 3.5722)
(-0.0218792 0.00928831 3.5769)
(-0.0634405 0.0056211 3.55011)
(-0.0271012 0.0062453 3.55232)
(-0.0195763 0.00725892 3.57543)
(-0.00173588 0.0209215 3.59826)
(0.00329849 0.0247061 3.58116)
(-0.0215614 0.0224069 3.57223)
(-0.0455869 0.0247746 3.55465)
(-0.0198816 0.0247456 3.55684)
(-0.0716979 0.0223379 3.56999)
(-0.0193361 0.0187969 3.55783)
(-0.0842323 0.0282268 3.56798)
(-0.0210861 0.0257066 3.57373)
(-0.0223312 0.0138281 3.59117)
(-0.00831354 0.020336 3.5709)
(-0.0113142 0.0141443 3.57491)
(-0.014521 0.0183102 3.58473)
(0.000331614 0.03225 3.5852)
(0.024453 0.0251353 3.58195)
(0.00782548 0.0176524 3.60734)
(-0.0288674 0.0336515 3.59673)
(0.0031918 0.0224919 3.59182)
(-0.0108633 0.0344724 3.58064)
(0.00103469 0.0294702 3.60136)
(0.0075793 0.0349827 3.61084)
(0.00400927 0.0302838 3.62603)
(-0.0134793 0.0264725 3.58203)
(-0.026285 0.0298416 3.58228)
(-0.0615072 0.0335711 3.59414)
(-0.0148643 0.0317889 3.59731)
(-0.0335205 0.0310857 3.58072)
(-0.015971 0.0331248 3.58195)
(-0.0156712 0.0272772 3.59488)
(-0.00833267 0.0190898 3.60304)
(-0.00888297 0.0245197 3.60765)
(-0.00722761 0.0283466 3.59617)
(-0.0161173 0.020411 3.61613)
(-0.0351472 0.00904918 3.54243)
(-0.0314595 -0.00191572 3.51554)
(-0.107073 0.00590635 3.51371)
(-0.0455475 0.00573967 3.53767)
(-0.0358335 0.00901292 3.5148)
(-0.0313032 0.0026333 3.54224)
(-0.0626753 0.00680357 3.53918)
(0.00291734 0.0221532 3.5758)
(-0.00718077 0.00962367 3.55119)
(-0.0132126 0.0157601 3.55138)
(-0.0794589 0.00393213 3.51938)
(0.0218847 0.0168789 3.53824)
(-0.0149039 0.0194443 3.54887)
(-0.0117244 0.0105005 3.52536)
(-0.0359881 0.00998475 3.54288)
(0.0118716 0.0180559 3.56345)
(-0.0284815 0.00340475 3.56506)
(-0.00556093 0.00461496 3.57941)
(-0.0137808 -0.00257939 3.56079)
(-0.0134512 0.00682938 3.58745)
(-0.0325457 0.0125432 3.55443)
(-0.0804609 0.00442339 3.54927)
(-0.0262815 0.00564975 3.5752)
(-0.0509341 0.0115344 3.57233)
(-0.0257585 0.00124208 3.55123)
(-0.101262 0.0104072 3.55146)
(-0.0294574 0.0135956 3.5778)
(-0.00383976 0.0170966 3.58687)
(0.00537345 0.0277626 3.60895)
(-0.0070036 0.0153738 3.56212)
(-0.0487054 0.0307704 3.56098)
(-0.0227998 0.0171404 3.57574)
(0.0146933 0.0217622 3.59743)
(-0.0670047 0.0100628 3.55474)
(0.0236621 0.018535 3.57554)
(-0.00770627 0.0204758 3.58521)
(-0.0245561 0.0276535 3.59574)
(-0.0170731 0.0254741 3.57847)
(-0.0147538 0.0217923 3.58084)
(-0.0291065 0.0260446 3.59622)
(-0.0173293 0.0315521 3.58805)
(-0.0687827 0.0164216 3.56963)
(-0.0186323 0.013998 3.59174)
(-0.0675563 -0.024642 3.58621)
(-0.0182815 0.0279646 3.57635)
(-0.101876 0.0172457 3.58091)
(-0.0117368 0.0142199 3.60265)
(-0.0250448 0.0407946 3.61618)
(-0.0173396 0.0341086 3.60268)
(-0.0193018 0.021265 3.58775)
(-0.0584448 0.0317144 3.58633)
(-0.023266 0.0357309 3.59961)
(-0.0689878 0.0154681 3.60002)
(-0.0182971 0.0356595 3.58795)
(-0.0468427 0.016253 3.58689)
(-0.020659 0.0208509 3.60204)
(-0.0146592 0.0221156 3.60608)
(-0.0251468 0.0304343 3.62142)
(-0.0155945 0.03227 3.6075)
(-0.0209259 0.0285565 3.61896)
(-0.0146824 0.0295396 3.59584)
(-0.0363486 -0.0193232 3.59638)
(-0.0865995 0.0176051 3.60256)
(-0.0100661 0.0130514 3.62133)
(-0.0644473 0.0175149 3.59253)
(-0.0146863 0.0114318 3.61024)
(-0.0147702 0.0329481 3.60626)
(-0.0173699 0.0360227 3.62557)
(-0.0228559 0.0398757 3.63649)
(0.00448983 0.0434774 3.55592)
(0.0115018 0.0554526 3.5684)
(-0.0318137 -0.0034544 3.55453)
(-0.0280333 -0.00824586 3.53812)
(-0.0577896 -0.00772679 3.53981)
(-0.0537094 -0.0428394 3.55379)
(-0.0319836 -0.0033426 3.54131)
(-0.0281924 -0.0297863 3.55179)
(-0.0558336 -0.00723015 3.55519)
(-0.0464422 -0.0194345 3.5844)
(-0.0455413 -0.0164248 3.57104)
(-0.0300217 -0.0144418 3.56806)
(-0.0534786 -0.0136607 3.55502)
(-0.0285934 -0.00776687 3.5548)
(-0.0515777 -0.0170471 3.56945)
(-0.0355272 0.000397605 3.56493)
(0.052608 0.0130078 3.56506)
(-0.0137565 -0.0366733 3.57453)
(-0.00483157 -0.0211968 3.58676)
(-0.0113749 -0.0288876 3.56048)
(0.00103422 -0.0258526 3.57599)
(-0.0365504 0.00127015 3.57835)
(-0.025091 -0.000527853 3.56515)
(-0.0468349 -0.0222824 3.56479)
(-0.0193998 -0.0218405 3.57505)
(-0.0473755 -0.00431868 3.5798)
(-0.0205873 -0.00567404 3.56286)
(-0.0502118 -0.00567542 3.56527)
(-0.0249081 -0.000182551 3.57627)
(-0.0378737 -0.0125495 3.59496)
(-0.036495 -0.0144385 3.60783)
(-0.0216132 -0.00552335 3.57938)
(-0.0431359 -0.0130176 3.59383)
(-0.0461834 -0.0112632 3.58068)
(-0.0224563 -0.0114909 3.59133)
(-0.0424365 0.0214259 3.57051)
(-0.0465021 0.0635753 3.54715)
(-0.0123616 0.00990754 3.56764)
(-0.00449575 0.0180538 3.57467)
(-0.0496881 0.0220294 3.54974)
(-0.0387438 0.0422392 3.56809)
(-0.00769344 0.00973369 3.58835)
(-0.037657 -0.00412024 3.57922)
(-0.0502486 0.0112608 3.55618)
(-0.0415752 0.000438705 3.56207)
(-0.0467173 0.00435236 3.57261)
(-0.0571905 0.0163892 3.59542)
(-0.0670528 0.0223513 3.57629)
(-0.0358357 0.00506938 3.57382)
(-0.0504611 0.0334692 3.57099)
(-0.0361829 0.00285317 3.58907)
(-0.0440379 0.0111887 3.58556)
(-0.0399118 0.0170156 3.57349)
(-0.049796 0.0112226 3.57248)
(-0.0335917 0.00600414 3.58986)
(-0.0419346 0.0196674 3.58374)
(-0.000933281 0.0358245 3.58758)
(-0.0305154 0.0410052 3.59632)
(-0.00289919 0.00548701 3.61713)
(-0.039015 0.0604115 3.58149)
(-0.00686336 0.00494371 3.60149)
(-0.0336865 0.0194389 3.59844)
(-0.0363026 0.00208539 3.59162)
(-0.0393439 0.00436686 3.59821)
(-0.0440684 0.0104481 3.58518)
(-0.0316883 -0.00166234 3.60574)
(-0.0596599 0.020055 3.60873)
(-0.048343 0.0139167 3.62307)
(0.013812 -0.00752903 3.60408)
(-0.00272608 -0.0066899 3.61255)
(-0.00581554 -0.00405166 3.61854)
(-0.00497484 -0.000144477 3.61048)
(-0.0202235 0.00527463 3.60308)
(-0.00761327 -0.00382371 3.60007)
(-0.0177329 0.0131948 3.61327)
(-0.00773568 0.00630209 3.60162)
(0.0015809 0.010042 3.59731)
(-0.0129534 0.0104761 3.58221)
(0.00442924 -0.000467707 3.5954)
(-0.00907044 0.00862534 3.58984)
(0.00675312 0.00293435 3.60916)
(-0.0127788 0.0329053 3.59451)
(-0.00083461 0.0042436 3.59762)
(-0.017333 0.00900159 3.59058)
(-0.0136149 0.000927109 3.58364)
(-0.0187143 0.0370212 3.59876)
(-0.00828202 0.00683336 3.5874)
(-0.0144011 0.00821237 3.60107)
(-0.00854055 0.0173465 3.59472)
(-0.0203612 0.00453436 3.63545)
(-0.0231702 0.008088 3.63918)
(-0.00158747 -0.00514506 3.61813)
(-0.00830414 0.0132807 3.62336)
(-0.0119196 0.0058439 3.62041)
(0.0014615 -0.000403412 3.62087)
(-0.00342806 0.00817531 3.6075)
(0.000680787 -0.0113714 3.60072)
(0.0108923 1.96163e-05 3.61815)
(-0.00430147 0.0365282 3.6041)
(0.00507666 0.00685692 3.61442)
(-0.00732148 0.0180599 3.60065)
(0.000618725 0.00554012 3.61136)
(-0.00146536 0.00702541 3.60552)
(-0.0115893 0.0159848 3.60555)
(-0.00358547 0.00896555 3.61183)
(-1.99803e-06 0.0221322 3.6036)
(-0.00853847 0.0101425 3.60767)
(-0.00593537 0.00417776 3.60163)
(0.00650526 0.00422782 3.60745)
(0.000173536 0.00689089 3.64423)
(-0.00211854 0.00115797 3.63485)
(0.0145622 0.000167261 3.61173)
(-0.0138134 -0.00622394 3.59557)
(-0.000345325 -0.0170634 3.59739)
(-0.0121559 -0.0134861 3.60351)
(0.00827722 -0.00115599 3.60169)
(-0.00734424 -0.00738565 3.60507)
(0.00450375 0.0127253 3.60841)
(0.0197377 0.00148141 3.6176)
(0.0268399 0.0101086 3.6232)
(0.00859467 -0.00781162 3.60433)
(0.0166739 0.0601832 3.62277)
(0.01288 0.00367809 3.60904)
(0.0377568 0.00640345 3.63223)
(0.0162276 0.00626063 3.61381)
(0.0108912 0.00442759 3.63138)
(-0.000973423 -0.000932292 3.62749)
(-0.00659666 -0.00738234 3.62544)
(0.0186841 0.0154029 3.63361)
(0.00180372 0.00361811 3.65311)
(0.00702485 0.010274 3.65503)
(0.0154939 0.00462547 3.6183)
(-0.00710682 -0.0189444 3.61211)
(0.00280261 -0.00288869 3.61606)
(0.0125922 0.0226705 3.61837)
(-0.00360395 -0.00164431 3.61502)
(0.00799512 -0.00248994 3.61572)
(0.0205649 0.0045434 3.62188)
(0.0191695 0.00673758 3.62665)
(0.0193991 0.0365486 3.62958)
(0.0404563 0.00865661 3.64192)
(0.0226859 0.0147822 3.62364)
(0.033758 0.0126513 3.63866)
(0.0160617 -0.00552685 3.62265)
(0.0250094 0.00456366 3.62816)
(0.0160407 0.0247137 3.63237)
(0.0194088 0.0217249 3.63932)
(-0.011639 0.00922543 3.60261)
(-0.00456127 0.00654092 3.60074)
(-0.0561443 0.00556281 3.58188)
(-0.0108878 0.000366809 3.60067)
(-0.0136561 0.0136362 3.58628)
(-0.00723808 0.00609571 3.61844)
(-0.0193353 0.0012771 3.59603)
(-0.00346486 0.00624943 3.61077)
(-0.0193486 0.00690095 3.6007)
(-0.0110961 0.0126947 3.59413)
(-0.00521856 0.0100092 3.61768)
(-0.0145807 0.00776325 3.5984)
(-0.0507005 0.0065427 3.57977)
(-0.0220219 0.00903794 3.58382)
(-0.0228375 0.00943655 3.59523)
(-0.0161381 0.00513179 3.58013)
(-0.0189591 0.00589976 3.59606)
(-0.0154954 0.0109867 3.60115)
(-0.0103426 0.0193513 3.63348)
(-0.00341484 0.0107533 3.6419)
(-0.00981679 0.0115099 3.60578)
(-0.0290248 0.00126684 3.60557)
(-0.00402084 0.00305892 3.63298)
(-0.0122618 0.00114264 3.60848)
(-0.00278177 0.00538793 3.6228)
(-0.042769 0.00594773 3.60085)
(-0.0076516 0.00600482 3.61513)
(-0.0082735 0.0104556 3.61469)
(-0.00314296 0.00962095 3.62809)
(-0.0142839 0.00798382 3.62477)
(-0.00129742 0.00534487 3.6238)
(-0.0104731 0.00604803 3.60161)
(-0.0496566 0.0105703 3.59956)
(-0.00941437 0.00703502 3.60894)
(-0.00849964 0.0117859 3.61285)
(-0.0397613 0.00766851 3.60015)
(-0.0143756 0.0108215 3.6041)
(-0.00825586 0.00799995 3.61169)
(0.00730756 0.0331067 3.64808)
(0.011591 0.0393967 3.63777)
(-0.00919638 0.0311073 3.6169)
(-0.0101993 0.0354487 3.60545)
(-0.0101252 0.0371397 3.60745)
(-0.0349428 0.0312036 3.61841)
(-0.00706748 0.0316539 3.60655)
(-0.0435683 0.0366116 3.61587)
(-0.00824606 0.0334104 3.61771)
(-0.00994646 0.025909 3.63578)
(-0.00355692 0.0327556 3.61614)
(-0.00128997 0.025438 3.62699)
(-0.00505197 0.0270546 3.6245)
(0.00873291 0.0362486 3.63086)
(0.0345844 0.0295956 3.62836)
(0.0126795 0.0242714 3.64367)
(-0.0088013 0.0375199 3.62856)
(0.00975198 0.0297244 3.63946)
(0.0167069 0.0418806 3.62565)
(0.00891812 0.0304997 3.63349)
(0.0139836 0.0397092 3.65478)
(0.00856572 0.0311296 3.6581)
(-0.00197077 0.0355313 3.62121)
(-0.00175016 0.0349904 3.62294)
(-0.0264436 0.0378612 3.62511)
(-0.00266025 0.03218 3.62673)
(0.00166348 0.0387594 3.62073)
(-0.00446109 0.0369327 3.62313)
(-0.00279472 0.0340579 3.62605)
(0.00337456 0.0310415 3.6412)
(-0.00389721 0.027507 3.63515)
(-0.000444825 0.0332248 3.62808)
(-0.00365826 0.0297216 3.64317)
(-0.0218925 0.0180235 3.60155)
(-0.0200703 0.00392819 3.5782)
(-0.084454 0.0137359 3.58021)
(-0.0274559 0.0116979 3.59432)
(-0.0261938 0.0150735 3.58458)
(-0.0209389 0.00900637 3.59569)
(-0.0359466 0.0150109 3.59513)
(0.00700174 0.0297939 3.63153)
(-9.34573e-05 0.0227876 3.61556)
(-0.00259375 0.0242718 3.60694)
(-0.0466136 0.0154482 3.58317)
(0.0235348 0.0187985 3.60527)
(0.00439584 0.0288596 3.60417)
(-0.00199668 0.0182044 3.59049)
(-0.013797 0.0216334 3.59846)
(0.0166819 0.0265226 3.6218)
(-0.0179748 0.0104893 3.6147)
(-0.00278727 0.0101242 3.61102)
(-0.00748173 0.00447777 3.59856)
(-0.00504462 0.014489 3.62178)
(-0.0179428 0.0177818 3.60333)
(-0.0488203 0.0104679 3.59753)
(-0.015113 0.0123096 3.6072)
(-0.0221363 0.017909 3.60616)
(-0.0151129 0.00766497 3.59731)
(-0.0640827 0.0160692 3.59886)
(-0.0134134 0.0213712 3.61279)
(0.00242365 0.0254666 3.63473)
(0.00907002 0.0310156 3.64259)
(0.00240074 0.0213744 3.60954)
(-0.0249194 0.0326066 3.60881)
(-0.00252094 0.0254845 3.60948)
(0.0182245 0.031265 3.63388)
(-0.0329871 0.0190393 3.60291)
(0.0233161 0.0223905 3.62481)
(0.00204599 0.0280934 3.61708)
(-0.0193534 0.0288842 3.63754)
(-0.0108755 0.0349523 3.63319)
(-0.013146 0.023261 3.62852)
(-0.0202669 0.0312736 3.64177)
(-0.0112899 0.0293725 3.62269)
(-0.0461441 0.0171143 3.61162)
(-0.0120112 0.0109768 3.62867)
(-0.0492013 -0.0244642 3.62484)
(-0.0111443 0.028209 3.61431)
(-0.068372 0.0163546 3.61945)
(-0.00772309 0.0120195 3.63874)
(-0.0192382 0.0332604 3.65319)
(-0.0144235 0.0312856 3.64515)
(-0.0122365 0.025547 3.6264)
(-0.0206768 0.0327237 3.62077)
(-0.0123587 0.0342489 3.62656)
(-0.0489263 0.0171921 3.62736)
(-0.00932212 0.0369721 3.6224)
(-0.0245648 0.0187123 3.6234)
(-0.012599 0.0240281 3.62998)
(-0.0131337 0.0247315 3.64215)
(-0.0139052 0.0303239 3.64657)
(-0.0073829 0.0341946 3.64871)
(-0.0192197 0.0285604 3.6454)
(-0.0074415 0.025043 3.62584)
(-0.0228194 -0.0161587 3.62839)
(-0.0462563 0.0135503 3.62748)
(-0.00513199 0.0128393 3.64682)
(-0.0290818 0.0153742 3.62337)
(-0.0087609 0.0119239 3.64157)
(-0.00705978 0.0244933 3.63068)
(-0.0113974 0.0234066 3.6574)
(-0.0149136 0.0237343 3.66084)
(0.0176323 0.0467262 3.60859)
(0.01692 0.0488479 3.61488)
(-0.0158648 0.00322282 3.59529)
(-0.0120347 0.00318988 3.58428)
(-0.0399646 -0.00355543 3.58985)
(-0.0333899 -0.0215274 3.59835)
(-0.0169494 0.00253248 3.58509)
(-0.0103726 -0.00961751 3.59441)
(-0.0367049 -0.00196365 3.59901)
(-0.0279674 -0.00985118 3.62704)
(-0.0300679 -0.00856934 3.6174)
(-0.01376 -0.00666836 3.6106)
(-0.0368539 -0.0087948 3.60403)
(-0.0135687 -0.00159448 3.60104)
(-0.0335478 -0.0104421 3.61354)
(-0.0172076 0.00413808 3.60552)
(0.0488977 0.0268038 3.60306)
(0.00363506 -0.0215378 3.60789)
(0.0105323 -0.00868617 3.62052)
(0.00398702 -0.00906144 3.60168)
(0.013121 -0.0137407 3.6128)
(-0.0178514 0.00586018 3.61106)
(-0.00838053 0.00529525 3.60179)
(-0.0256656 -0.00725544 3.60545)
(-0.00186318 -1.35852e-06 3.60668)
(-0.0274846 0.0001233 3.61235)
(-0.00411754 0.0118352 3.60025)
(-0.0297488 -0.00160883 3.60752)
(-0.00730199 0.00685359 3.60863)
(-0.0212522 -0.00365111 3.63486)
(-0.021458 -0.00633642 3.64044)
(-0.00518149 0.00259624 3.61765)
(-0.0246497 -0.00865669 3.62598)
(-0.0272688 -0.00590739 3.62103)
(-0.005539 -0.00197091 3.62357)
(-0.0263893 0.0170218 3.61859)
(-0.0302076 0.0557021 3.60668)
(-0.00153974 0.0019339 3.62593)
(0.00762652 0.0166319 3.6213)
(-0.0332591 0.0170893 3.60826)
(-0.0226951 0.0382313 3.61644)
(0.00115476 0.0023492 3.63665)
(-0.0239893 -0.00103876 3.62562)
(-0.0357323 0.0104419 3.60833)
(-0.0286602 0.00213092 3.61594)
(-0.0309927 0.00515077 3.61798)
(-0.039648 0.0111995 3.64321)
(-0.0504459 0.0168854 3.63328)
(-0.0178498 0.00512695 3.61642)
(-0.0292786 0.0379767 3.61068)
(-0.0172215 0.00916331 3.62068)
(-0.0262583 0.0126805 3.61639)
(-0.0208017 0.0202037 3.6154)
(-0.0301154 0.0117122 3.61034)
(-0.0161423 0.00659794 3.62191)
(-0.0250993 0.0148831 3.6232)
(0.00831169 0.0248765 3.62566)
(-0.0156722 0.0387665 3.62617)
(0.00443617 -0.000477631 3.64534)
(-0.021142 0.0492842 3.62208)
(0.00246759 -7.59484e-05 3.64041)
(-0.0209989 0.0146303 3.62822)
(-0.0206873 0.00261705 3.63229)
(-0.0233064 0.00668816 3.62997)
(-0.0271762 0.0110009 3.62448)
(-0.0165962 -0.00108005 3.63722)
(-0.0410684 0.0136037 3.6488)
(-0.0332101 0.00948037 3.65375)
(0.0185273 -0.012487 3.6401)
(-0.00153964 -0.00242056 3.62056)
(-0.0121563 0.00784976 3.6121)
(0.00777999 -0.00184522 3.61411)
(-0.00338974 0.00690367 3.6206)
(0.00446426 -0.00588687 3.61878)
(0.001206 0.0122996 3.61566)
(0.00819025 0.00462436 3.60269)
(0.00924238 0.00419492 3.6151)
(-0.00129349 0.0233857 3.60179)
(0.00744237 -0.00564307 3.59811)
(0.00358393 0.00704794 3.60742)
(0.0130087 -0.000683882 3.6113)
(0.00313322 0.0353625 3.59622)
(0.0132887 0.00360646 3.60069)
(0.00123827 0.0102649 3.6073)
(0.00189391 0.00670235 3.60205)
(0.00309493 0.0396063 3.59989)
(0.0062702 0.00638173 3.60481)
(0.00726662 0.00891614 3.60264)
(0.00777251 0.0199859 3.59643)
(-0.00932085 0.00185238 3.62131)
(-0.00789746 0.00268353 3.61143)
(0.0103906 -0.00647865 3.60413)
(0.00990367 0.00883752 3.59444)
(0.00544009 0.00602868 3.60488)
(0.0132905 -0.00357667 3.59377)
(0.0108823 0.00492649 3.59124)
(-0.00162785 -0.0173276 3.58905)
(0.0115118 0.0010354 3.59201)
(0.00906226 0.0231123 3.57625)
(0.0103012 0.00344796 3.60104)
(0.00459868 0.017937 3.58718)
(0.014912 0.00329648 3.5815)
(0.0129603 0.0045468 3.58966)
(0.008203 0.0211274 3.58994)
(0.0166302 0.0075738 3.58008)
(0.0139267 0.016157 3.57631)
(0.0112522 0.00867169 3.58964)
(0.00895009 0.00636416 3.58766)
(0.0180723 0.00259846 3.58022)
(0.014833 0.0132173 3.64794)
(0.00745412 0.00665778 3.65341)
(0.0263905 0.00710714 3.61239)
(0.0057669 0.00174687 3.61455)
(0.0157739 0.00984684 3.61588)
(0.00935632 0.00880541 3.60658)
(0.0220398 0.00819895 3.61733)
(0.0122113 0.000564008 3.60967)
(0.0196958 0.0293041 3.6099)
(0.0299257 0.00749387 3.62088)
(0.0380605 0.0142241 3.63799)
(0.0227477 0.000983569 3.62255)
(0.0214439 0.0633456 3.62294)
(0.0242679 0.00925653 3.62618)
(0.0422587 0.0110583 3.63315)
(0.027417 0.0221051 3.61597)
(0.023657 0.00988519 3.61354)
(0.0149181 0.00259107 3.59988)
(0.0101426 -0.0021513 3.61102)
(0.0286927 0.0144375 3.60237)
(0.0153779 0.00994575 3.63641)
(0.0220938 0.0146632 3.6251)
(0.0272994 0.00903281 3.59815)
(0.0135483 -0.000442304 3.5975)
(0.020132 0.00271468 3.58776)
(0.025707 0.0250618 3.5867)
(0.014791 0.00350016 3.59804)
(0.0226794 0.0150016 3.59902)
(0.0304333 0.00783177 3.58759)
(0.0291775 0.0109979 3.60807)
(0.0255176 0.0452377 3.61055)
(0.042704 0.0143405 3.60836)
(0.0321118 0.0225312 3.59367)
(0.0397085 0.0155456 3.6189)
(0.0285931 0.00966084 3.60627)
(0.033945 0.00975514 3.59718)
(0.0172414 0.0243464 3.63341)
(0.0217305 0.0235912 3.62258)
(-0.00497899 0.00244738 3.61578)
(-0.00131514 0.00267866 3.63249)
(-0.0296643 0.00646578 3.6084)
(0.00846375 0.00612711 3.61387)
(-0.00584237 0.00807299 3.61476)
(-0.00257825 0.00106218 3.63365)
(7.72232e-05 0.00137622 3.60849)
(0.00172462 0.00555232 3.62142)
(-0.00633216 0.0123706 3.62687)
(-0.00399982 0.00548931 3.62276)
(0.00122587 0.00994778 3.62345)
(-0.00260153 0.00784215 3.61071)
(-0.0240316 0.00898937 3.60796)
(-0.00422435 0.0117061 3.61075)
(0.00349026 0.00970274 3.60718)
(-0.00431839 0.00603086 3.61043)
(0.00388281 0.00871977 3.60743)
(-0.00337497 0.00998845 3.61138)
(-0.00344508 0.0118406 3.63632)
(0.0018954 0.00288485 3.62681)
(-0.00346521 0.00395065 3.60858)
(0.00152736 0.0136718 3.60695)
(-0.00274958 0.000696265 3.61711)
(0.0170017 0.00149855 3.59247)
(-0.00176005 0.00181926 3.62614)
(-0.00845886 0.00571031 3.60254)
(-0.0027894 -0.00135563 3.59963)
(0.000406116 0.00663503 3.61489)
(0.00461301 0.00621724 3.60328)
(-0.00141074 0.0088744 3.61407)
(0.004683 0.00551746 3.60469)
(0.00136796 0.00668739 3.60308)
(-0.00729467 0.00915272 3.60105)
(0.0173785 0.0098482 3.59143)
(0.00172334 0.00532101 3.59403)
(-0.00333527 0.0103882 3.60166)
(-6.50308e-05 0.00814555 3.6028)
(0.0026418 0.0073241 3.59385)
(0.010134 0.0299167 3.65135)
(0.0153034 0.0368449 3.65576)
(0.0016455 0.036437 3.62019)
(0.00969701 0.0401661 3.62287)
(0.00198748 0.0349304 3.62461)
(-0.0171491 0.0315767 3.61947)
(0.00180453 0.0386414 3.62221)
(-0.00979651 0.0377842 3.62021)
(-0.000228976 0.0319368 3.62031)
(0.00164054 0.0312651 3.63809)
(0.00340092 0.0271213 3.63456)
(0.00688945 0.0370921 3.64142)
(-0.00222074 0.0254771 3.63052)
(0.0128881 0.0368695 3.61658)
(0.0387702 0.0307945 3.61339)
(0.0157983 0.0317565 3.61614)
(0.0116054 0.036987 3.60216)
(0.0139304 0.033662 3.62517)
(0.0281806 0.0411027 3.61238)
(0.0133238 0.0328751 3.60669)
(0.0159165 0.0380046 3.64303)
(0.012041 0.0303624 3.63271)
(0.00527135 0.0394921 3.60968)
(0.00430436 0.0342553 3.61042)
(0.0027681 0.0380091 3.60006)
(0.00289539 0.0323197 3.59981)
(0.0164053 0.0398549 3.60974)
(0.000452644 0.0356991 3.61083)
(0.00535911 0.0377598 3.60021)
(0.00981673 0.0342155 3.62842)
(-0.000803932 0.0272471 3.60938)
(0.000691231 0.0325876 3.62537)
(0.00624628 0.0333478 3.61691)
(-0.00544492 0.0238757 3.61102)
(-0.0119131 0.0118292 3.60495)
(-0.0426622 0.0170543 3.60488)
(-0.00934004 0.0147284 3.6023)
(-0.00901485 0.0191894 3.60998)
(-0.00801319 0.0140174 3.60498)
(-0.00676118 0.019533 3.60433)
(0.0112597 0.0314896 3.63901)
(0.00463462 0.0278484 3.64038)
(0.00614464 0.0311456 3.61335)
(-0.02177 0.0218435 3.60816)
(0.0232865 0.0283702 3.63023)
(0.0279231 0.0317204 3.61508)
(0.00561244 0.0251468 3.61436)
(0.00530736 0.0253848 3.60594)
(0.0206798 0.0373438 3.63034)
(-0.00274415 0.0168493 3.61315)
(0.000442508 0.0125664 3.59836)
(-0.0031927 0.0124151 3.60759)
(0.00551245 0.0222004 3.60337)
(-0.00183719 0.0217097 3.60133)
(-0.0183033 0.0125618 3.59631)
(-0.00257871 0.0125783 3.588)
(0.00290951 0.0197719 3.58753)
(-0.003948 0.0122195 3.59704)
(-0.019441 0.0178929 3.59747)
(0.000412877 0.0254023 3.59283)
(0.00802215 0.0277788 3.63167)
(0.0122388 0.0294807 3.62229)
(0.00893655 0.0279067 3.60395)
(0.0106989 0.0334653 3.60717)
(0.00573262 0.02507 3.58964)
(0.023521 0.0435259 3.611)
(-0.00854636 0.0226217 3.6)
(0.0237531 0.0351595 3.6196)
(0.00920658 0.0323809 3.59471)
(-0.0174436 0.0263335 3.6355)
(-0.00666391 0.027043 3.64339)
(-0.0135327 0.028046 3.64241)
(-0.0091034 0.0266294 3.63692)
(-0.00315037 0.0216467 3.62397)
(-0.0188992 0.0138941 3.62525)
(-0.00547809 0.0128984 3.64383)
(-0.0353894 -0.019623 3.62706)
(-0.00444036 0.0219717 3.62789)
(-0.032733 0.0118729 3.62137)
(-0.00270936 0.0137654 3.64058)
(-0.0118261 0.017002 3.655)
(-0.00954809 0.0156047 3.65923)
(-0.00609097 0.0271708 3.61101)
(0.000913053 0.0309027 3.60796)
(-0.00164898 0.0323755 3.59867)
(-0.0267882 0.0189359 3.59833)
(-7.76173e-05 0.0352779 3.60851)
(-0.0167457 0.0196492 3.60963)
(-0.00462661 0.0263187 3.59964)
(-0.0128381 0.0231141 3.62646)
(-0.00507954 0.0268517 3.6158)
(-0.000459743 0.0315977 3.62427)
(-0.0154964 0.0256832 3.61393)
(-0.00116317 0.0209448 3.61395)
(-0.0219352 -0.012488 3.61757)
(-0.0203959 0.0123544 3.60059)
(-0.00165325 0.0157681 3.61896)
(-0.00985464 0.0139939 3.612)
(-0.00303375 0.0145586 3.63043)
(-0.000819444 0.0208546 3.60252)
(-0.00751506 0.0135079 3.64531)
(-0.00982566 0.0137374 3.63344)
(0.0244147 0.0413541 3.62165)
(0.0233055 0.0414978 3.61529)
(0.000268073 0.00924037 3.6117)
(0.00342468 0.0170776 3.60781)
(-0.0213335 -6.59716e-05 3.61473)
(-0.0138103 -0.0113242 3.61226)
(-0.000909141 0.00765951 3.61037)
(0.00584057 0.0062079 3.60874)
(-0.0196305 0.00182009 3.61412)
(-0.0141379 -0.00301098 3.64277)
(-0.0140325 -0.000175071 3.64262)
(0.00157349 0.000871526 3.62636)
(-0.0188289 -0.003968 3.62803)
(0.00212621 0.00577955 3.62592)
(-0.0168779 -0.00706542 3.62698)
(-0.00394224 0.0075052 3.61025)
(0.0478837 0.0259921 3.60753)
(0.0163261 -0.0128917 3.59842)
(0.0187804 0.00135746 3.61685)
(0.0156969 0.000906568 3.60519)
(0.0201001 -0.00402873 3.62199)
(-0.00433854 0.0105553 3.60357)
(0.00519696 0.00816515 3.60871)
(-0.00797997 -0.000245228 3.60789)
(0.0129395 0.00244364 3.59813)
(-0.0127296 0.00250828 3.60267)
(0.0105024 0.0173049 3.60467)
(-0.0140831 0.000457182 3.6106)
(0.00604121 0.00924172 3.60188)
(-0.00655483 0.0023685 3.63939)
(-0.00640542 -0.000925436 3.63242)
(0.00772807 0.00629965 3.62326)
(-0.0107906 -0.00645227 3.61437)
(-0.0118929 -0.00278264 3.62297)
(0.00636582 -0.000288222 3.61592)
(-0.0178244 0.0125852 3.62723)
(-0.0138203 0.0491597 3.62628)
(0.0049632 -0.00182782 3.64479)
(0.015752 0.0229448 3.62623)
(-0.0202409 0.012883 3.6283)
(-0.0100673 0.0413356 3.62447)
(0.00600556 -0.00225405 3.6431)
(-0.0108502 -0.0010375 3.6371)
(-0.0195066 0.0117653 3.63172)
(-0.0138801 0.00231819 3.63847)
(-0.0164638 0.00756486 3.6313)
(-0.0285628 0.00864398 3.65314)
(-0.0346957 0.0118177 3.65438)
(-0.00611985 0.00392917 3.61753)
(-0.0108501 0.0400686 3.61236)
(-0.00491855 0.00787953 3.60696)
(-0.0121892 0.0115375 3.60695)
(-0.00625147 0.0181321 3.61568)
(-0.013963 0.0108038 3.61491)
(-0.00697922 0.00558103 3.60845)
(-0.0176958 0.010697 3.6226)
(0.0160533 0.0302236 3.61991)
(-0.0070081 0.0379641 3.60909)
(0.00469857 -0.0018907 3.62854)
(-0.00876095 0.0488622 3.61838)
(0.00511491 -0.00274286 3.63799)
(-0.0160948 0.0109275 3.61344)
(-0.00912216 0.00221542 3.63265)
(-0.0104772 0.00587323 3.61857)
(-0.0129982 0.0110247 3.62733)
(-0.00690511 -0.00160757 3.62336)
(-0.0297366 0.0106733 3.64835)
(-0.0239616 0.00727251 3.63897)
(0.021006 -0.0161273 3.63348)
(-0.0206901 0.0157245 3.5723)
(-0.0295895 0.0227071 3.55829)
(0.0176509 -0.00715284 3.5654)
(0.0132809 0.0035494 3.57929)
(0.015433 -0.00738146 3.57885)
(0.0168281 0.00448146 3.56582)
(0.0192446 0.00194145 3.55463)
(0.00874542 0.00417228 3.57725)
(0.00894471 0.00510777 3.56363)
(-0.00345351 -0.0199725 3.55251)
(0.0171199 0.00247304 3.56657)
(0.00899433 0.00383818 3.56504)
(0.0122224 0.00734648 3.55067)
(0.0209694 0.000510993 3.55054)
(0.0197283 0.00580361 3.56315)
(0.014243 0.00345106 3.56244)
(0.0197762 0.0154783 3.55012)
(0.0178941 0.00191675 3.56314)
(0.0238184 0.0053275 3.55148)
(0.0176185 0.00581232 3.54839)
(0.00333811 -0.00338148 3.56949)
(0.00263499 -0.00362377 3.55583)
(0.018963 -0.0098323 3.54991)
(0.0208987 0.00016053 3.53519)
(0.0189045 0.00123443 3.54994)
(0.0201737 -0.012429 3.53569)
(0.0209501 0.000728025 3.5395)
(-0.0114972 -0.0293437 3.53832)
(0.0075308 0.00649966 3.53783)
(0.0117446 -0.00691877 3.52422)
(0.00773857 0.0053095 3.54987)
(0.0107388 -0.00531 3.53752)
(0.0205249 0.000646962 3.52662)
(0.0211877 -0.00105324 3.53249)
(0.0219504 0.00615533 3.5345)
(0.0278952 0.00253198 3.52035)
(0.0180415 -0.0122117 3.51937)
(0.0256527 0.00310773 3.53392)
(0.0170425 -0.00427842 3.53332)
(0.0219125 -0.00217355 3.51913)
(0.0273513 0.014607 3.59329)
(0.0226916 0.0119731 3.60799)
(0.0338078 0.0071244 3.55637)
(0.0216416 0.0036946 3.5695)
(0.0284574 0.010181 3.57079)
(0.0245077 0.00941439 3.55438)
(0.0306213 0.00801533 3.56916)
(0.0256067 0.00315117 3.55569)
(0.0306139 0.0144045 3.55564)
(0.0372659 0.0113425 3.56449)
(0.0398564 0.0175184 3.58964)
(0.0342582 0.0124978 3.57782)
(0.0296401 0.0483419 3.56663)
(0.0331759 0.0118905 3.5788)
(0.0433444 0.0182562 3.57621)
(0.0357587 0.0176092 3.56154)
(0.0296611 0.00624924 3.55385)
(0.0222975 -0.00207316 3.53709)
(0.020687 -0.000720864 3.55254)
(0.0315498 0.00597089 3.53824)
(0.0274082 0.0125152 3.5745)
(0.0286879 0.012529 3.55835)
(0.0335282 0.00631569 3.5368)
(0.0265055 0.00237558 3.5375)
(0.0279905 0.00206671 3.52108)
(0.033991 -0.000247762 3.52275)
(0.0259312 0.00262755 3.5359)
(0.0327493 0.00441664 3.53813)
(0.0363216 0.00562654 3.52274)
(0.0360763 0.0123211 3.54407)
(0.0351638 0.0374259 3.54692)
(0.0440968 0.0226169 3.53962)
(0.0381689 0.00372144 3.52672)
(0.0408315 0.0199014 3.55509)
(0.0380181 0.0103785 3.54379)
(0.0381569 0.0123484 3.52801)
(0.0270433 0.0275087 3.58083)
(0.0339096 0.0314262 3.56249)
(-0.00177681 -0.00334463 3.56995)
(-0.00334935 0.00217023 3.603)
(0.0131804 0.00482482 3.5817)
(0.0293707 0.0262955 3.56827)
(-0.0021535 7.73677e-05 3.58695)
(-0.00344525 0.00237617 3.58547)
(0.0284805 0.00221804 3.56401)
(0.0059745 0.0049758 3.57747)
(0.00339758 0.00515425 3.59234)
(0.00416901 0.0057507 3.59396)
(0.00692307 0.00348112 3.57505)
(0.00585408 0.00648185 3.56491)
(0.0145031 0.0109246 3.58082)
(0.00428622 0.00342581 3.58095)
(0.0252709 0.00466751 3.56207)
(0.00537662 0.00649097 3.58115)
(0.024351 0.0105448 3.56314)
(0.00549792 0.0013873 3.5641)
(0.00282587 0.00278606 3.58606)
(0.0042253 -0.00241713 3.5667)
(-0.00213707 -0.000610203 3.55616)
(0.0230377 0.031935 3.55444)
(-0.00372528 0.005695 3.55157)
(0.0295284 0.00402526 3.5321)
(-0.00429048 0.00427762 3.57033)
(0.0246712 0.00516111 3.55211)
(-0.00193162 -0.00227903 3.53668)
(0.00570402 0.00452337 3.5653)
(0.00624201 -0.00205066 3.54148)
(0.00597149 0.00344223 3.56388)
(0.00558294 0.00471504 3.54707)
(0.00657507 0.00571733 3.55122)
(0.0214158 0.0036132 3.55052)
(0.0223914 0.0109715 3.53121)
(0.00689775 -0.000983503 3.5305)
(0.0227547 0.0109163 3.55111)
(0.00650868 0.000617877 3.55052)
(0.00692887 0.0055686 3.5329)
(0.0131065 0.0298138 3.60355)
(0.0161945 0.037053 3.61815)
(0.00746472 0.0390858 3.5693)
(0.0164492 0.0393438 3.58382)
(0.00111012 0.0345636 3.58378)
(-0.0044374 0.029433 3.56848)
(0.00684146 0.0403946 3.58416)
(0.0106087 0.0378635 3.56801)
(0.00483022 0.0305301 3.5684)
(0.00912972 0.0349316 3.58439)
(0.000168903 0.0328595 3.59202)
(0.0117988 0.0344182 3.60163)
(0.000230683 0.0251284 3.57431)
(0.0138643 0.037822 3.5592)
(0.0411111 0.0383328 3.55608)
(0.0193325 0.039008 3.55336)
(0.00974714 0.0394348 3.53354)
(0.0166668 0.0396083 3.57025)
(0.022064 0.0407494 3.5525)
(0.0152486 0.0348883 3.54083)
(0.0151669 0.0322778 3.58585)
(0.0118209 0.0285375 3.56722)
(0.00701624 0.040982 3.55261)
(-0.00240256 0.0291038 3.54935)
(0.00686085 0.0378328 3.53112)
(0.00447995 0.0273007 3.53045)
(0.0147805 0.0389805 3.55041)
(0.00293441 0.0303312 3.54923)
(0.00884754 0.0383053 3.53426)
(0.011919 0.0360197 3.56826)
(-0.0011967 0.0268171 3.5391)
(0.00122066 0.0248957 3.55386)
(0.00883318 0.0329915 3.54868)
(0.00356346 0.0261497 3.56248)
(-0.000450891 0.0106641 3.57622)
(-0.00341847 0.0179858 3.57728)
(-0.00646657 0.0108746 3.55926)
(0.00230216 0.0230512 3.57914)
(-0.000207356 0.010435 3.56111)
(0.00665389 0.0195542 3.55955)
(0.0119876 0.0269153 3.59617)
(0.00980427 0.0264095 3.61157)
(0.0113046 0.0324604 3.5667)
(-0.00331021 0.0222301 3.58003)
(0.0255896 0.0419729 3.59628)
(0.0348705 0.0386566 3.56934)
(0.0106984 0.0294231 3.5822)
(0.00324271 0.0241845 3.56317)
(0.0266777 0.0481894 3.58005)
(0.00456837 0.0193634 3.56479)
(-0.00121661 0.00513271 3.54783)
(-0.000900544 0.0103155 3.56246)
(0.00453942 0.0210578 3.54592)
(0.0028602 0.0231428 3.54805)
(-0.00885392 0.00884921 3.54813)
(-0.00118957 0.00750386 3.5313)
(-0.00286097 0.0199805 3.52893)
(-0.000936674 0.00868026 3.54816)
(-0.000503228 0.0181671 3.54832)
(0.00298545 0.0253611 3.52928)
(0.0100407 0.0256234 3.58412)
(0.00976537 0.0232327 3.56702)
(0.0110237 0.0299163 3.55279)
(0.0236551 0.041125 3.55459)
(-0.00751085 0.025958 3.5339)
(0.0293279 0.0491322 3.54719)
(-0.00285428 0.0227344 3.552)
(0.0278626 0.0453322 3.56438)
(0.0115103 0.0311467 3.53575)
(-0.0131547 0.0252049 3.58197)
(0.00145179 0.0307469 3.60376)
(-0.0119097 0.0221393 3.59919)
(-0.00309806 0.0231598 3.58631)
(-0.000129591 0.0195959 3.56888)
(-0.00651181 0.0142005 3.58537)
(-0.00263733 0.0167547 3.60217)
(-0.0254929 -0.00694205 3.57246)
(-0.00013705 0.0204402 3.58648)
(-0.00895033 0.0132476 3.56689)
(-0.0027666 0.0174805 3.58488)
(-0.00798524 0.0110143 3.60041)
(-0.00664054 0.0119835 3.61836)
(-0.0023447 0.0267151 3.54749)
(0.0071513 0.0253256 3.54767)
(0.00197639 0.0243705 3.53005)
(-0.00894655 0.0205387 3.5266)
(0.0015148 0.027696 3.55032)
(-0.0098189 0.0206139 3.54698)
(-0.00135009 0.0246839 3.52701)
(-0.0107408 0.0232832 3.56264)
(-0.00187733 0.0237575 3.54461)
(-7.66137e-05 0.0216387 3.57132)
(-0.0111249 0.0228662 3.54093)
(-1.16162e-05 0.0189999 3.55123)
(-0.020447 -0.000595718 3.55345)
(-0.00242864 0.0145462 3.52905)
(-0.00495286 0.0175055 3.54522)
(0.000539776 0.0143301 3.55027)
(-0.00415008 0.0189159 3.56567)
(-0.000423316 0.0178514 3.53083)
(-0.00567611 0.00825871 3.58341)
(-0.00664899 0.0107371 3.56246)
(0.0361526 0.0465248 3.58009)
(0.0382479 0.0508694 3.56578)
(0.0105585 0.00729191 3.57732)
(0.0167475 0.00939965 3.58845)
(-0.00824203 -2.78338e-05 3.59297)
(-0.000423204 -0.0156218 3.57552)
(0.00952841 0.00644763 3.59234)
(0.0190254 -0.00588836 3.57419)
(-0.00757887 0.00198949 3.57797)
(0.000772051 3.99173e-05 3.60866)
(0.000185602 0.00334088 3.62281)
(0.00920801 -0.00372707 3.59097)
(-0.00716467 -0.00289114 3.60434)
(0.0108869 0.0035027 3.60642)
(-0.0068769 -0.00709861 3.58826)
(0.00418172 0.0104252 3.56576)
(0.0597467 0.0122262 3.56567)
(0.0258257 -0.0197436 3.54132)
(0.0215815 0.00921079 3.56297)
(0.0250107 -0.0092553 3.56073)
(0.0235508 0.00384482 3.58135)
(0.00378857 0.0138995 3.54648)
(0.0128081 0.00361957 3.56395)
(0.00218156 -0.013804 3.56108)
(0.0230779 -0.0184758 3.54045)
(-0.00544735 0.000477237 3.54209)
(0.0213659 -0.0010212 3.56097)
(-0.00477869 -0.00176746 3.56304)
(0.0128429 0.00437739 3.54317)
(0.00464687 0.00284353 3.595)
(0.00535101 -0.000391975 3.5753)
(0.0121606 -0.00040343 3.57713)
(-0.00536697 -0.00868406 3.55209)
(-0.00491404 -0.00487871 3.57383)
(0.00985843 -0.007935 3.55585)
(-0.0149325 0.00972119 3.58567)
(-0.00634311 0.0423488 3.59696)
(0.00305227 -0.00197796 3.6181)
(0.0115446 0.021761 3.58125)
(-0.0164154 0.00854753 3.60284)
(-0.00545207 0.0297507 3.57977)
(0.00165481 0.000860244 3.6015)
(-0.00425538 -0.00326357 3.59564)
(-0.00777903 0.00840713 3.6082)
(-0.00595744 0.00102885 3.61292)
(-0.00578615 0.00311469 3.59104)
(-0.0201342 0.00553307 3.61069)
(-0.0253595 0.00911814 3.62809)
(-0.00368463 -0.000622026 3.56653)
(-0.00092693 0.0168126 3.5633)
(-0.00371797 -0.00827386 3.54144)
(-0.00494567 0.00739161 3.54224)
(-0.00252421 0.000776491 3.56411)
(-0.00544802 0.00581643 3.56512)
(-0.00536322 0.00162253 3.54411)
(-0.015623 0.00700163 3.57073)
(0.0078069 0.0226932 3.56497)
(-0.00669268 0.0152041 3.54089)
(-0.00235368 0.0047624 3.56246)
(-0.0065488 0.0302192 3.56419)
(0.000758037 0.00056881 3.58576)
(-0.0145677 0.00898775 3.54684)
(-0.00379829 -0.00180269 3.58067)
(-0.00311155 0.000454821 3.55354)
(-0.00444999 0.00546859 3.57642)
(-0.00276744 -0.00567361 3.55758)
(-0.0220151 0.0070463 3.59563)
(-0.0169771 0.00329366 3.57218)
(0.00728771 -0.00533846 3.57461)
(-0.0371742 0.0247659 3.51795)
(-0.0380878 0.0243859 3.51451)
(0.0204529 -0.016434 3.51364)
(0.0216998 -0.00193644 3.5244)
(0.0202805 -0.0139224 3.52579)
(0.022429 -0.00298856 3.51145)
(0.0197295 -0.000433751 3.50447)
(0.00617025 0.0067477 3.52789)
(0.00914022 -0.0143242 3.51432)
(-0.0168797 -0.0382512 3.50214)
(0.020629 -0.000420784 3.51672)
(0.00657909 0.0079577 3.51638)
(0.00839583 -0.0177806 3.50253)
(0.0212337 -0.00478631 3.49676)
(0.0282352 0.000415244 3.5096)
(0.0162972 -0.0176984 3.50858)
(0.0244924 -0.0125979 3.49732)
(0.0214181 -0.00356335 3.50867)
(0.0294588 -0.000564127 3.49713)
(0.0157542 -0.0282259 3.49724)
(0.00648616 -0.00632208 3.53051)
(0.00490114 -0.00524741 3.5208)
(0.0199188 -0.0170705 3.5116)
(0.0217562 -0.00353852 3.49806)
(0.0224495 -0.00470474 3.50797)
(0.0187684 -0.0165733 3.50256)
(0.0193234 -0.000963125 3.50283)
(-0.0188918 -0.0386016 3.49917)
(0.00549323 0.00799315 3.50682)
(0.00551352 -0.0211188 3.48975)
(0.0049119 0.00831929 3.51589)
(0.0069501 -0.0234407 3.49855)
(0.0183725 -0.00156688 3.49317)
(0.0202501 -0.00462594 3.49644)
(0.0241536 -0.0156271 3.49296)
(0.0282381 -0.0022702 3.48567)
(0.0131866 -0.0318648 3.48577)
(0.028863 -0.00110679 3.49564)
(0.0142962 -0.0305924 3.49386)
(0.0200503 -0.0055643 3.48754)
(0.0276384 0.0101861 3.53185)
(0.0274878 0.0104497 3.54565)
(0.0364561 0.00374239 3.49756)
(0.0278156 0.00172528 3.50962)
(0.0347627 -0.00416548 3.50963)
(0.0279925 -0.0147118 3.49709)
(0.0349493 0.00495606 3.51067)
(0.0285967 0.00100797 3.49682)
(0.0344329 -0.00862911 3.49683)
(0.0363166 0.0126282 3.50158)
(0.0415497 0.0231088 3.52612)
(0.0399546 -0.00168666 3.51274)
(0.0421619 0.0219998 3.50108)
(0.0358075 0.0130863 3.51526)
(0.042727 0.0247301 3.51278)
(0.0377754 -0.00568265 3.4988)
(0.027283 0.00068302 3.50815)
(0.0209377 -0.00446158 3.49975)
(0.021575 -0.0053895 3.50926)
(0.0265764 0.00218695 3.49787)
(0.0257967 0.00813456 3.52692)
(0.0252075 0.00843768 3.51685)
(0.0341969 0.00431648 3.4945)
(0.0278967 -0.0151139 3.49215)
(0.0269866 0.000981987 3.48517)
(0.03212 -0.00670683 3.48177)
(0.0278128 0.00193218 3.49458)
(0.0338063 -0.00897623 3.49139)
(0.0334348 0.00298026 3.48371)
(0.0336584 0.0135761 3.49715)
(0.0450009 0.0172541 3.4937)
(0.038348 0.023158 3.49763)
(0.036168 -0.00779796 3.48245)
(0.0399024 0.0248638 3.50822)
(0.0381578 -0.00880645 3.49216)
(0.0325254 0.0119389 3.48718)
(0.0440278 0.039819 3.51391)
(0.0477615 0.0427054 3.50471)
(-0.00311186 0.000606883 3.50968)
(-0.0044989 0.00620973 3.54115)
(0.0223447 0.00647009 3.52299)
(0.0139109 0.0369975 3.50944)
(-0.00311765 0.000752336 3.5269)
(-0.00417411 0.0085399 3.52407)
(0.0235134 0.00611954 3.50577)
(0.00406126 0.00557079 3.51968)
(0.0056178 0.00300032 3.53148)
(0.00580711 0.00299921 3.53904)
(0.0041348 0.00186383 3.516)
(0.00536302 0.00495236 3.50515)
(0.0226781 0.0108041 3.5222)
(0.00714034 -0.000595052 3.52046)
(0.0154305 0.00235793 3.5035)
(0.00592168 0.00467428 3.52378)
(0.0191472 0.0111601 3.5032)
(0.00516198 -0.00190515 3.50368)
(0.000411905 0.00352258 3.53611)
(0.00092418 0.00190753 3.52477)
(-0.00464378 0.00225315 3.50559)
(0.00997006 0.0365677 3.50568)
(-0.00439346 0.00977909 3.50844)
(0.0140552 0.00672172 3.48968)
(-0.00440665 0.0084065 3.52075)
(0.0147206 0.00728503 3.50088)
(-0.00430387 0.0022646 3.49422)
(0.00432834 0.00664662 3.51629)
(0.00260009 -0.00603501 3.50085)
(0.0013403 -0.00442463 3.51048)
(0.00424338 0.00434176 3.50518)
(0.00498839 0.00482616 3.50251)
(0.00876665 0.00239033 3.49768)
(0.014613 0.0102398 3.4867)
(0.00437923 -0.00302152 3.48829)
(0.0170738 0.0110137 3.49949)
(0.00298989 -0.00249513 3.49975)
(0.00451705 0.00431166 3.48903)
(0.0101554 0.0261033 3.5288)
(0.0125469 0.0294817 3.54899)
(0.0077217 0.035404 3.49664)
(0.00621771 0.03876 3.5146)
(0.00301133 0.026942 3.51198)
(-0.011614 0.025165 3.49173)
(0.00796412 0.0386503 3.51649)
(-6.00505e-05 0.0369944 3.49502)
(0.00353237 0.0249429 3.49072)
(0.0056488 0.0303352 3.50939)
(-0.00101746 0.0274765 3.52411)
(0.0100089 0.0338632 3.52989)
(-0.00173198 0.0208757 3.49941)
(0.0131762 0.0339564 3.48913)
(0.0271229 0.0488331 3.49282)
(0.0182917 0.0335199 3.48903)
(0.00129314 0.0414596 3.4705)
(0.0177411 0.0368484 3.50463)
(0.00374782 0.0434523 3.48593)
(0.0136377 0.0319793 3.47252)
(0.00989782 0.0269518 3.51701)
(0.0085838 0.0248944 3.50064)
(0.00693627 0.0343977 3.48397)
(-0.01408 0.0248286 3.4808)
(-0.00741131 0.0356092 3.46711)
(0.00272592 0.0233202 3.46095)
(-0.00232114 0.0369474 3.48375)
(-0.000242747 0.0246561 3.47805)
(0.0071823 0.0316889 3.46588)
(0.00569627 0.027291 3.49772)
(-0.002075 0.0230197 3.47096)
(-0.00341225 0.0241525 3.48706)
(0.00307277 0.0267476 3.47931)
(0.00170776 0.0240563 3.50291)
(-0.00407953 0.00677096 3.52313)
(-0.0113479 0.0194182 3.5192)
(-0.0180115 0.00744549 3.5019)
(0.00106557 0.0225655 3.51927)
(-0.0019054 0.00508095 3.5052)
(-0.0140986 0.0207427 3.50225)
(0.0085643 0.0237408 3.54002)
(0.00870027 0.0251844 3.55732)
(0.0115069 0.0299652 3.5082)
(-0.00802693 0.0266532 3.52368)
(0.0294808 0.0453038 3.53587)
(0.0158275 0.0515158 3.50621)
(0.0105253 0.0301541 3.52584)
(-0.0106269 0.0279213 3.5051)
(0.0303958 0.0463732 3.51859)
(-0.00338718 0.0171943 3.51637)
(-0.00385706 -0.0015386 3.50489)
(-0.00267212 0.000360462 3.51976)
(-0.00457033 0.0145338 3.50261)
(-0.00177275 0.0218462 3.49845)
(-0.0190628 0.00664484 3.49828)
(-0.0054134 0.00162449 3.48813)
(-0.0254291 0.0204677 3.48392)
(-0.00325638 0.00319496 3.50269)
(-0.0211273 0.0205388 3.49638)
(-0.00227776 0.0205059 3.48557)
(0.00729026 0.0220233 3.53637)
(0.00640548 0.0206908 3.52292)
(0.0101967 0.0280727 3.50372)
(0.00988908 0.0525518 3.49885)
(-0.0137437 0.0297777 3.48565)
(0.0290347 0.0393287 3.49891)
(-0.0119078 0.0280392 3.49958)
(0.0297834 0.0420573 3.51269)
(0.0098599 0.0255516 3.48936)
(-0.00808277 0.0208058 3.50386)
(-0.000902844 0.0237878 3.5255)
(-0.0101842 0.0220781 3.52525)
(-0.00340664 0.0175132 3.50772)
(-0.0011282 0.0161763 3.49467)
(0.00268107 0.0145149 3.5134)
(-0.00623564 0.0186112 3.52814)
(-0.00816079 0.0099411 3.49501)
(-0.0006852 0.0171748 3.51478)
(-0.00138178 0.0154291 3.49348)
(-0.00709274 0.0155472 3.50779)
(-0.00637771 0.0109832 3.52641)
(-0.00546987 0.00905618 3.54661)
(-0.00247344 0.0196851 3.47727)
(-0.00224122 0.0202682 3.4811)
(0.000545818 0.0186963 3.46349)
(-0.00259347 0.0188228 3.46329)
(0.00247793 0.0200557 3.48179)
(-0.00400582 0.0182749 3.47926)
(-0.00173221 0.0186538 3.46103)
(-0.00735786 0.0173692 3.49159)
(-0.0051041 0.0203479 3.47687)
(-0.00117516 0.0206846 3.49582)
(-0.00696427 0.019585 3.47515)
(-0.00176491 0.0158694 3.48378)
(-0.0080537 0.0106113 3.48369)
(-0.010137 0.0162311 3.46534)
(-0.00810073 0.013253 3.48104)
(-0.00106857 0.014516 3.48217)
(-0.00830584 0.0162544 3.49745)
(-0.00277033 0.0159051 3.4663)
(-0.0055767 0.0112838 3.51472)
(-0.00777798 0.0151172 3.49711)
(0.0524107 0.0632208 3.51616)
(0.0536279 0.0667077 3.5083)
(0.012885 0.00153031 3.50511)
(0.0237417 -0.0151353 3.5264)
(-0.00465907 -0.00341562 3.52581)
(0.00201402 -0.0285965 3.50113)
(0.0135729 0.000893662 3.52722)
(0.0242291 -0.0263106 3.50349)
(-0.00520884 -0.00119288 3.50225)
(0.00730504 -0.00115283 3.53896)
(0.00616114 0.00105947 3.56052)
(0.00867972 -0.0106988 3.51824)
(-0.00497757 -0.00729339 3.53685)
(0.0112365 -0.00467611 3.54086)
(-0.00566917 -0.00980228 3.51326)
(0.00424943 0.0110619 3.49821)
(0.0715971 -0.00802257 3.50391)
(0.0260734 -0.0260706 3.47693)
(0.0182904 0.0110069 3.49736)
(0.0265733 -0.0224755 3.49673)
(0.0207183 0.00882998 3.51518)
(0.00363221 0.0123058 3.47908)
(0.011461 -0.000817883 3.49223)
(0.000740852 -0.0269565 3.49023)
(0.021785 -0.0288386 3.47268)
(-0.00806628 -0.00196377 3.46866)
(0.0226497 -0.0225283 3.49282)
(-0.00669518 -0.0037826 3.48934)
(0.00913664 -0.000180679 3.47348)
(0.00626265 -0.000464655 3.52811)
(0.00615745 -0.00231605 3.5092)
(0.0082703 -0.00779893 3.50659)
(-0.00779637 -0.00933696 3.48148)
(-0.00668046 -0.00819775 3.50157)
(0.00504798 -0.0117332 3.48753)
(-0.0154386 0.008543 3.50514)
(-0.00834197 0.0175189 3.52513)
(-0.00176971 0.00377003 3.5455)
(-0.00672517 0.00643286 3.50217)
(-0.0159508 0.0062705 3.53059)
(-0.0101256 0.00357468 3.49971)
(-0.00548438 0.00807595 3.51997)
(-0.00284934 -0.00796412 3.51669)
(-0.00324069 0.00293049 3.5383)
(-0.00301885 -0.00512668 3.54171)
(-0.00257946 -0.00152539 3.51425)
(-0.0157848 0.00179294 3.53153)
(-0.0203442 0.0051766 3.5563)
(-0.00675011 -0.00301358 3.48844)
(-0.00164575 0.000216057 3.48957)
(-0.00965919 -0.0215688 3.4656)
(-0.00576866 0.00408568 3.46839)
(-0.00737361 -0.0188997 3.48817)
(-0.00506188 0.00297101 3.48823)
(-0.00906616 -0.000885776 3.46651)
(-0.0170111 0.00679089 3.49145)
(-0.00743642 0.00814603 3.48902)
(-0.0132169 0.00142431 3.46721)
(-0.00791891 0.00974207 3.484)
(-0.0120155 0.0108319 3.488)
(-0.00409453 0.00635208 3.50553)
(-0.0171238 0.0084522 3.47095)
(-0.00430632 -0.00678828 3.50398)
(-0.00448696 -0.00165444 3.48265)
(-0.00416053 0.00130112 3.50221)
(-0.00508984 -0.00773296 3.48302)
(-0.0200654 0.00436616 3.51879)
(-0.0165751 0.00218319 3.49885)
(-0.00938261 0.010553 3.50082)
(-0.0359341 0.0211578 3.50105)
(-0.0374005 0.0209046 3.50553)
(0.0152585 -0.0126433 3.4985)
(0.0214674 -0.00539025 3.49953)
(0.0178028 -0.016543 3.50576)
(0.0198715 -0.00287351 3.4918)
(0.0175479 -0.00221403 3.48756)
(0.00320396 0.00933157 3.5116)
(0.00579813 -0.0252415 3.49053)
(-0.0187021 -0.0336398 3.48464)
(0.0182094 -0.001039 3.4963)
(0.00292325 0.00751642 3.50297)
(0.00440429 -0.018347 3.48267)
(0.0175746 -0.00432332 3.48491)
(0.0271096 -0.000946576 3.48848)
(0.012149 -0.0307448 3.48797)
(0.0192515 -0.00793594 3.47801)
(0.0183929 -0.00350664 3.49297)
(0.0252861 -0.00253741 3.47971)
(0.010859 -0.0225184 3.48073)
(0.0110527 -0.00633011 3.51856)
(0.0105625 -0.00399219 3.51369)
(0.0146049 -0.0134607 3.5034)
(0.0184344 -0.00347278 3.49118)
(0.0201828 -0.00620191 3.49552)
(0.0114679 -0.00754002 3.49908)
(0.0181333 -0.00147224 3.49164)
(-0.0205924 -0.0397648 3.48895)
(-0.0015056 0.00833111 3.50491)
(0.00498322 -0.0220128 3.48085)
(8.78057e-05 0.0105166 3.50869)
(0.00594228 -0.0278508 3.48551)
(0.0177333 -0.00313854 3.48665)
(0.0155363 -0.00202892 3.49111)
(0.0195093 -0.0146974 3.48133)
(0.0233279 -0.00316851 3.47921)
(0.00931914 -0.0134348 3.48089)
(0.0251949 -0.00115055 3.48382)
(0.0102669 -0.0261745 3.48505)
(0.0143478 -0.00281849 3.48672)
(0.0243263 0.00795872 3.51134)
(0.0235814 0.00640806 3.51821)
(0.0274669 0.00256918 3.47683)
(0.025421 0.00333839 3.48929)
(0.0302301 -0.00690478 3.48191)
(0.0227376 -0.00676693 3.47892)
(0.0303961 0.00460771 3.48529)
(0.0233685 0.00206569 3.48232)
(0.027028 -0.00246296 3.47481)
(0.0277332 0.011039 3.48265)
(0.0341856 0.0234596 3.49889)
(0.0345265 -0.00856036 3.48253)
(0.0359373 0.0144941 3.47489)
(0.0296142 0.0133833 3.48949)
(0.0293169 0.0193901 3.49137)
(0.0315979 0.00061138 3.47631)
(0.0181049 -0.0024855 3.49559)
(0.0174312 0.00261289 3.4951)
(0.0180635 -0.00237264 3.49935)
(0.0166235 8.16184e-05 3.49181)
(0.0235003 0.00582168 3.5158)
(0.0256369 0.00838874 3.51219)
(0.0242389 0.00424569 3.48123)
(0.0216195 -0.00547568 3.48347)
(0.0203757 0.00363375 3.48411)
(0.0214709 -0.00174929 3.47544)
(0.0221494 0.00499915 3.48843)
(0.0248622 -0.00774635 3.47878)
(0.0202232 0.00204412 3.47762)
(0.0251458 0.0126116 3.48794)
(0.0322098 0.00581193 3.47875)
(0.0175661 0.0145458 3.49439)
(0.0270982 0.0139577 3.47747)
(0.0240297 0.0202516 3.49662)
(0.0286692 -0.000889613 3.48066)
(0.0236293 0.00977485 3.48459)
(0.0401567 0.0371858 3.48192)
(0.0376466 0.0330327 3.4852)
(-0.00610728 0.00221104 3.49216)
(-0.00349394 0.0103137 3.51223)
(0.00567357 0.00743835 3.49065)
(-0.00154091 0.0338671 3.49221)
(-0.00550625 0.00299369 3.4972)
(-0.00448587 0.011265 3.50769)
(0.00837446 0.00618416 3.48622)
(0.00235392 0.00367253 3.50233)
(0.000209261 -0.00457575 3.50546)
(0.00175413 0.00492084 3.50809)
(0.00189911 -0.00389572 3.49988)
(0.00115997 0.00331411 3.48678)
(0.00548559 0.00972015 3.48773)
(0.00283314 -0.00289833 3.49138)
(0.00149557 0.0010522 3.48223)
(0.00263536 0.0037707 3.49223)
(0.00393287 0.00889432 3.48323)
(0.00183138 -0.00348039 3.48586)
(-0.00115204 0.00461506 3.52705)
(0.0013433 0.00195392 3.5234)
(-0.0060282 0.00217021 3.49775)
(-0.00434423 0.0344407 3.4973)
(-0.00564492 0.0114525 3.51103)
(0.0137388 0.00563398 3.48677)
(-0.00299391 0.0110507 3.5145)
(0.00490009 0.00754115 3.48978)
(-0.00725614 0.000928619 3.49393)
(0.000541131 0.00394691 3.50692)
(0.00344276 -0.00428376 3.49982)
(0.000109725 -0.00324352 3.50419)
(0.00399058 0.00217831 3.50272)
(0.00120975 0.00231182 3.49328)
(-0.000948266 0.000848894 3.48586)
(0.0088073 0.0078125 3.48467)
(0.000712039 -0.00553957 3.48802)
(0.000633135 0.00854788 3.48722)
(0.00214862 -0.00416568 3.49167)
(-6.5501e-05 0.00218077 3.48967)
(0.00670268 0.0201245 3.48437)
(0.00817563 0.0228962 3.49581)
(0.00557405 0.0283777 3.44721)
(-0.00722375 0.0342564 3.46322)
(0.00110001 0.0218739 3.45729)
(-0.0146102 0.0207624 3.44821)
(0.00576235 0.0303355 3.45996)
(-0.00787423 0.0317247 3.45086)
(0.00174213 0.0212151 3.44477)
(0.00215772 0.023701 3.46184)
(-0.00195768 0.0215337 3.46552)
(0.00380175 0.0257287 3.47407)
(-0.0025215 0.0194096 3.45502)
(0.00994008 0.0235099 3.45743)
(0.0131276 0.0371126 3.46414)
(0.0117221 0.0195132 3.46982)
(0.00432268 0.0284972 3.45497)
(0.0127109 0.0226534 3.47387)
(0.00505052 0.0327202 3.45843)
(0.00920919 0.0205809 3.45361)
(0.00684072 0.0174457 3.48615)
(0.00535026 0.0139535 3.4826)
(0.00545385 0.0260419 3.44802)
(-0.00934003 0.0197682 3.45049)
(-0.000464071 0.026425 3.44806)
(0.00171511 0.0185557 3.44309)
(-0.00319694 0.0287429 3.45251)
(0.00137825 0.019281 3.44698)
(0.00574491 0.0241127 3.44335)
(0.00428309 0.0224442 3.46329)
(-0.00177377 0.0166401 3.45517)
(-0.00105493 0.0178124 3.45797)
(0.00399557 0.020442 3.45918)
(-0.00513543 0.0158552 3.4817)
(-0.00684855 0.000219169 3.49015)
(-0.0313532 0.0193851 3.48299)
(-0.0277525 0.00421782 3.47993)
(-0.00392286 0.0182339 3.48797)
(-0.00809646 -0.0010385 3.48375)
(-0.0306838 0.0176431 3.47795)
(0.00406927 0.0169611 3.51672)
(0.00405806 0.0181589 3.52367)
(0.00679565 0.0190865 3.48327)
(-0.0196592 0.0276708 3.48371)
(0.0283891 0.0350133 3.50082)
(-0.00932825 0.0509936 3.47615)
(0.00847382 0.022382 3.49049)
(-0.0191083 0.0250641 3.47711)
(0.0261599 0.0315436 3.49405)
(-0.00947403 0.00657817 3.50149)
(-0.00361505 -0.00261471 3.49687)
(-0.00680791 -0.00195481 3.50086)
(-0.00601972 0.00547406 3.49773)
(-0.00441746 0.0129515 3.48742)
(-0.0299461 0.00260682 3.48321)
(-0.0078033 -0.00466398 3.48603)
(-0.0256333 0.0135453 3.47877)
(-0.00689476 -0.00307043 3.48948)
(-0.0333468 0.0155961 3.4814)
(-0.00559867 0.00936676 3.48392)
(0.00161736 0.0133995 3.52074)
(0.00257351 0.0118641 3.51675)
(0.00630935 0.0149662 3.48774)
(-0.0159317 0.0479439 3.47947)
(-0.0175198 0.0204451 3.47578)
(0.0205888 0.0228784 3.49682)
(-0.0227897 0.0218848 3.47949)
(0.0250122 0.0266571 3.50004)
(0.00384964 0.0115639 3.4838)
(-0.00863902 0.0198047 3.45988)
(-0.00386031 0.0190846 3.47356)
(-0.00704412 0.0187731 3.47203)
(-0.00574061 0.0182349 3.46019)
(-0.00380192 0.0164256 3.44939)
(-0.00797655 0.0142394 3.46058)
(-0.00928977 0.0155239 3.47976)
(-0.0156709 0.0113643 3.451)
(-0.00391541 0.0157238 3.46248)
(-0.0163703 0.0160334 3.44806)
(-0.00722829 0.0149836 3.46615)
(-0.0088531 0.0156039 3.48071)
(-0.00690015 0.0132769 3.49328)
(-0.00395859 0.0184227 3.44896)
(-0.00790496 0.0175212 3.44925)
(-0.000488825 0.0186963 3.43987)
(-0.0134118 0.0162824 3.44502)
(-0.00142669 0.0175999 3.44537)
(-0.00913002 0.0164465 3.4501)
(-0.00372147 0.019316 3.44399)
(-0.00738316 0.0183933 3.46193)
(-0.00357935 0.0167218 3.45563)
(-0.00313666 0.016568 3.46094)
(-0.009385 0.019437 3.4573)
(-0.00436279 0.0155283 3.45055)
(-0.0132974 0.0108437 3.45319)
(-0.0113668 0.015284 3.44419)
(-0.00678295 0.0182546 3.46279)
(-0.00911536 0.0139503 3.44947)
(-0.00879278 0.0170291 3.46849)
(-0.00379625 0.0164473 3.44494)
(-0.00689539 0.0122706 3.48225)
(-0.00807748 0.0132493 3.4771)
(0.0536357 0.0667987 3.48236)
(0.0497927 0.0637955 3.48522)
(0.00292801 -0.000607132 3.45535)
(0.0182729 -0.0231461 3.46789)
(-0.0105908 -0.00255338 3.46193)
(-0.00559539 -0.0197137 3.45027)
(0.00620763 -0.00102079 3.46641)
(0.0155717 -0.0226332 3.45558)
(-0.0122219 -0.00115259 3.44884)
(0.00441207 -0.00287936 3.49152)
(0.00509949 -0.00169554 3.50394)
(4.04405e-05 -0.0111411 3.46992)
(-0.00929324 -0.0070145 3.47593)
(0.00344519 -0.00937604 3.48182)
(-0.0105034 -0.00695141 3.4633)
(-0.0010928 0.00919681 3.46071)
(0.0601955 -0.014804 3.46997)
(0.0146408 -0.0159301 3.4542)
(0.00662363 0.00887313 3.4734)
(0.0173478 -0.0172736 3.46087)
(0.0103535 0.00845322 3.48029)
(-0.00209923 0.00867838 3.45394)
(-0.000494137 -0.000947835 3.45645)
(-0.00711865 -0.0123474 3.45075)
(0.00913078 -0.0221242 3.4511)
(-0.0153416 0.000492131 3.44355)
(0.011891 -0.0195058 3.45631)
(-0.0139132 -0.000916099 3.44891)
(-0.00414539 -0.000795955 3.45123)
(0.00467262 -0.00206062 3.49206)
(0.0044753 -0.00292908 3.48581)
(-0.00182628 -0.00988626 3.47063)
(-0.0122674 -0.00364238 3.45844)
(-0.0112958 -0.00415873 3.4639)
(-0.00533941 -0.0122675 3.465)
(-0.0185114 0.00881058 3.45371)
(-0.0143431 0.0128141 3.46206)
(-0.00725018 0.00772592 3.47688)
(-0.0114141 0.0101464 3.45081)
(-0.0184966 0.00780788 3.464)
(-0.0145535 0.00844036 3.45142)
(-0.0103745 0.0097729 3.46505)
(-0.00896055 -0.00413932 3.46448)
(-0.0068294 0.00128385 3.47689)
(-0.0075905 -0.00480439 3.47679)
(-0.00774352 -0.000222032 3.46565)
(-0.0173707 0.00404864 3.48206)
(-0.0200833 0.00510668 3.4927)
(-0.0138437 0.00124293 3.44665)
(-0.00870716 0.00681672 3.45228)
(-0.0137017 -0.00183346 3.44457)
(-0.0123731 0.00484998 3.44872)
(-0.0122994 -0.00432225 3.44834)
(-0.0114146 0.00419105 3.45216)
(-0.0157768 0.00290397 3.44208)
(-0.0192215 0.00800178 3.45522)
(-0.0102082 0.0163141 3.45221)
(-0.0139465 0.00631457 3.44965)
(-0.0151623 0.00990252 3.46239)
(-0.0146339 0.0131121 3.45293)
(-0.0118579 0.00814973 3.46632)
(-0.018452 0.00871685 3.45185)
(-0.011477 -0.000295739 3.46521)
(-0.010192 -0.000485134 3.46219)
(-0.00956941 0.00148779 3.46658)
(-0.012674 0.000811591 3.46054)
(-0.0180623 0.00587607 3.48347)
(-0.0143367 0.00442386 3.48005)
(-0.00905126 0.0103643 3.4674)
(-0.0355717 0.0234471 3.50107)
(-0.0376597 0.024862 3.5033)
(0.0081959 -0.00188056 3.50077)
(0.0190226 -0.00714976 3.49556)
(0.0112236 -0.00816379 3.50347)
(0.0171604 -0.00381087 3.49401)
(0.0168676 -0.00372291 3.48789)
(-0.00528024 0.0117521 3.51015)
(0.00663932 -0.0312072 3.48433)
(-0.0204898 -0.0251025 3.48446)
(0.0178695 -0.00199292 3.49105)
(-0.00690654 0.00894522 3.50605)
(0.00582247 -0.0233068 3.48177)
(0.0113692 -0.00079911 3.48708)
(0.0232708 -0.00136936 3.48397)
(0.00905632 -0.0146362 3.48506)
(0.0152843 -0.00747207 3.47979)
(0.0123781 3.39127e-05 3.49119)
(0.0209364 -0.00328889 3.48188)
(0.00860583 -0.00119507 3.48203)
(0.0190567 -0.0067488 3.51843)
(0.0170956 -0.00400412 3.52055)
(0.009302 -0.00450573 3.50384)
(0.0164245 -0.00439432 3.50095)
(0.0182045 -0.00780226 3.49775)
(0.0067936 0.000756464 3.50572)
(0.0175226 -0.00249784 3.49119)
(-0.0221412 -0.0312771 3.48738)
(-0.00979368 0.00896236 3.5092)
(0.00707404 -0.0258507 3.48664)
(-0.00876349 0.0122421 3.50938)
(0.00768871 -0.0341237 3.48512)
(0.0158738 -0.00410406 3.49288)
(0.0104253 0.00132657 3.48956)
(0.0164143 -0.0167765 3.48382)
(0.019017 -0.0029686 3.48861)
(0.00875734 0.00283194 3.48667)
(0.0214613 -0.00154028 3.48544)
(0.00874979 -0.00858205 3.48546)
(0.00960179 0.000465351 3.49047)
(0.0270067 0.00912122 3.51527)
(0.0250425 0.00641688 3.51683)
(0.0146305 0.00197045 3.48182)
(0.0201144 0.00672489 3.48813)
(0.0195704 -0.00584823 3.48022)
(0.0178246 0.019968 3.48155)
(0.0178605 0.00404829 3.48316)
(0.0190435 0.00521556 3.48468)
(0.0160752 0.00371477 3.47913)
(0.0211102 0.00861362 3.48731)
(0.0134565 0.0156577 3.50074)
(0.0236214 0.0128253 3.48214)
(0.0122244 0.0134391 3.48188)
(0.0220651 0.0114456 3.48934)
(0.00898009 0.0103873 3.50012)
(0.0208099 0.0265415 3.48058)
(0.0106198 -0.00378355 3.49914)
(0.0168205 0.00736071 3.50193)
(0.0171932 0.003669 3.49988)
(0.0102302 -0.000256824 3.50223)
(0.0251574 0.00661805 3.51877)
(0.0261813 0.00854099 3.52116)
(0.0138078 0.00401248 3.48544)
(0.017644 0.0139766 3.48536)
(0.0184016 0.00641177 3.48849)
(0.0128329 0.00509275 3.48652)
(0.0194604 0.0076023 3.48712)
(0.0153391 -0.00240462 3.48375)
(0.0112912 0.0025273 3.48863)
(0.0199841 0.00985737 3.49022)
(0.00950024 0.0068219 3.48722)
(0.00515232 0.00855084 3.50737)
(0.0172586 0.027755 3.48712)
(0.0069608 0.0121138 3.50438)
(0.0185291 0.0203118 3.48546)
(0.0193453 0.00776061 3.49195)
(0.0187849 0.0153312 3.48968)
(0.0167186 0.0111937 3.49674)
(-0.00717963 -0.000263961 3.49129)
(-0.00405037 0.0109287 3.51345)
(0.0122829 0.00762885 3.48944)
(0.0100273 0.0365045 3.49145)
(-0.00620262 0.00104119 3.4966)
(-0.00659855 0.0117304 3.50765)
(0.0237715 0.00544314 3.48546)
(0.0067712 0.000245797 3.49857)
(0.00227299 -0.00453368 3.50182)
(0.00322152 0.00217827 3.50461)
(0.00631547 -0.00607674 3.496)
(0.000683301 0.00147865 3.48535)
(0.0102242 0.00789831 3.48665)
(0.00294696 -0.00617221 3.49079)
(0.0184976 -0.0035812 3.48165)
(0.00205162 0.00135426 3.49167)
(0.0183517 0.00703404 3.48217)
(0.00159385 -0.00745039 3.48575)
(0.00297245 -4.2831e-05 3.52071)
(0.00583371 -0.00426968 3.51401)
(-0.0049726 -0.000111369 3.49045)
(0.00857963 0.0376151 3.4921)
(-0.00633052 0.0109788 3.50045)
(0.0353532 0.0046697 3.47965)
(-0.00444929 0.0116409 3.50754)
(0.0255206 0.00720616 3.48607)
(-0.00530433 -0.00227888 3.4829)
(0.00541723 0.00027741 3.49747)
(0.00922485 -0.0083957 3.48751)
(0.00592705 -0.00667664 3.49487)
(0.00848633 -0.00185452 3.49064)
(0.00379919 0.00109522 3.48409)
(0.0237588 -0.00423549 3.48177)
(0.0273324 0.0058239 3.47506)
(0.00431246 -0.0101759 3.47581)
(0.0194717 0.00697658 3.4822)
(0.00523846 -0.00835821 3.48419)
(0.00276869 0.000559482 3.4766)
(0.00434282 0.00749831 3.49292)
(0.00561883 0.0107246 3.48924)
(0.00656558 0.0198916 3.45326)
(0.00694933 0.0220251 3.45463)
(0.00205479 0.0160373 3.45038)
(-0.000449473 0.0144503 3.45703)
(0.0063704 0.0213905 3.44985)
(0.0111559 0.0194748 3.45825)
(0.00235166 0.0155116 3.45386)
(0.00723136 0.0177282 3.46951)
(8.87855e-05 0.0149872 3.46279)
(0.00721491 0.0193521 3.46585)
(-0.000823405 0.0141106 3.46713)
(0.0057978 0.010785 3.47328)
(0.013479 0.0159379 3.47554)
(0.00446536 0.00962854 3.49749)
(0.00634696 0.0127114 3.48017)
(0.00467892 0.0113588 3.48935)
(0.0139269 0.0148728 3.47262)
(0.00530455 0.00843388 3.48173)
(0.00510237 0.00509029 3.50243)
(0.00277982 0.00169733 3.51153)
(0.00668986 0.0171346 3.46424)
(0.00623569 0.0120708 3.46544)
(0.0151677 0.0145977 3.47563)
(0.00236413 0.011971 3.4736)
(0.0195528 0.0157426 3.46658)
(0.00222401 0.0127465 3.46444)
(0.00670889 0.0159828 3.47415)
(0.0106831 0.0168747 3.47902)
(-0.000957068 0.0112859 3.4867)
(0.00145545 0.0122392 3.47679)
(0.00850208 0.0147584 3.48835)
(-0.00429046 0.00282721 3.48206)
(-0.00460603 -0.00674624 3.48822)
(-0.024645 0.0101336 3.48092)
(-0.00662232 -0.00185049 3.47818)
(-0.00304664 0.00603267 3.48691)
(-0.00575791 -0.00832832 3.48176)
(-0.0134703 0.0074538 3.47708)
(0.00188534 0.00596316 3.51376)
(0.000537695 0.00777685 3.51924)
(0.00163022 0.00421648 3.48034)
(-0.0168172 0.0153218 3.47782)
(0.0191929 0.0178805 3.50063)
(-0.0125475 0.0336398 3.47385)
(0.0041289 0.00720399 3.48633)
(-0.00926127 0.0120003 3.47309)
(0.0150845 0.0150886 3.49591)
(-0.00400448 -0.0014516 3.49476)
(0.000821631 -0.00724298 3.48628)
(-0.00188994 -0.00647622 3.49237)
(0.000281341 -0.00147227 3.48833)
(-0.000572508 0.000177067 3.48108)
(-0.00478226 -0.00389688 3.47844)
(-0.00298974 -0.011548 3.47292)
(-0.00027885 0.00271017 3.47169)
(-0.0019869 -0.0104131 3.48005)
(-0.00988346 0.00432194 3.47799)
(-0.00123181 -0.00180867 3.47416)
(-0.000505473 0.000912118 3.51334)
(0.000594776 -0.000687566 3.50765)
(0.00243576 -0.000261397 3.4797)
(-0.0170038 0.0294572 3.4753)
(-0.00752266 0.00625182 3.46975)
(0.01146 0.0110053 3.49226)
(-0.0117979 0.0072457 3.47433)
(0.0143747 0.0116402 3.49677)
(0.0005189 -0.00177464 3.47378)
(-0.0095837 0.0187118 3.46685)
(6.18312e-05 0.0146266 3.46175)
(-0.00758302 0.0175334 3.46404)
(-0.000308541 0.0148945 3.46457)
(-0.00318236 0.015823 3.45405)
(7.23972e-05 0.0134566 3.45097)
(-0.00822306 0.0203214 3.46951)
(-0.02128 0.0121042 3.45513)
(-0.00376017 0.0149366 3.45174)
(-0.00254873 0.0144531 3.45356)
(-0.00628743 0.0214641 3.47024)
(-0.00635192 0.00934778 3.48649)
(-0.00516269 0.00837254 3.48386)
(-0.00306361 0.0189438 3.46202)
(0.0163121 0.0123595 3.46258)
(0.00147251 0.0148187 3.46974)
(-0.0103181 0.0130335 3.47076)
(0.00109892 0.014859 3.45997)
(-0.00319459 0.0137355 3.46264)
(-0.00283762 0.018889 3.46977)
(-0.00642689 0.0159342 3.47578)
(0.00155788 0.0122187 3.48213)
(0.00344758 0.0120765 3.47346)
(-0.00931966 0.016895 3.48455)
(-0.00303791 0.0130666 3.46353)
(-0.0137802 0.0134007 3.46383)
(0.00300208 0.0127337 3.46994)
(-0.00539802 0.0216844 3.48538)
(0.00881768 0.0120099 3.46242)
(-0.00764761 0.0213279 3.47945)
(-0.00248814 0.0136037 3.47157)
(-0.00299532 0.00386658 3.49566)
(-0.00469502 0.00546779 3.50395)
(0.039692 0.0467433 3.4806)
(0.0352688 0.0416142 3.48394)
(-0.00886581 -0.00164879 3.45356)
(0.00638074 -0.020501 3.4549)
(-0.0152828 0.000318158 3.44827)
(-0.0105922 0.000435041 3.45039)
(-0.00635959 -0.00152726 3.45501)
(0.00381751 -0.0235898 3.45391)
(-0.0156686 0.00141575 3.44867)
(0.00618487 -0.00241647 3.48782)
(0.0063558 -0.00161225 3.48942)
(-0.00906601 -0.0138347 3.4671)
(-0.0118046 -0.00103146 3.46272)
(-0.00629171 -0.01137 3.46863)
(-0.0121672 -0.00102791 3.46218)
(-0.00135716 0.00594378 3.4616)
(0.0350689 -0.0170247 3.46585)
(0.00695771 -0.0139102 3.46097)
(-0.0014063 0.00898825 3.47877)
(0.00831821 -0.00511777 3.46069)
(-0.000547053 0.00734347 3.47917)
(-0.00245794 0.0054504 3.46204)
(-0.00887233 -0.00298176 3.45778)
(-0.00921355 0.000516851 3.45634)
(0.00220712 -0.0291477 3.45836)
(-0.0144466 0.000791627 3.45801)
(0.00299196 -0.0238317 3.45779)
(-0.0144397 0.000236419 3.456)
(-0.00977957 -0.00258135 3.45765)
(0.00847846 -0.00118789 3.49311)
(0.00564585 -0.00344569 3.49416)
(-0.00858483 -0.0128841 3.47132)
(-0.0106401 -0.00144105 3.47002)
(-0.0106991 0.00049409 3.46793)
(-0.0104297 -0.0149236 3.47211)
(-0.0175355 0.00801676 3.45786)
(-0.0137686 0.0076913 3.45488)
(-0.0174332 0.00848654 3.46808)
(-0.0117795 0.0204488 3.45576)
(-0.0187508 0.00753776 3.45722)
(-0.0126732 0.00108567 3.45595)
(-0.0199558 0.00966937 3.46962)
(-0.0151369 0.00533071 3.46575)
(-0.0109967 0.000110123 3.46643)
(-0.0147707 0.00475663 3.46533)
(-0.0109488 -0.00252208 3.46592)
(-0.0092538 0.00379576 3.48628)
(-0.0134736 0.0056047 3.48537)
(-0.0195404 0.00321668 3.4574)
(-0.0103975 -0.0059423 3.45852)
(-0.0130685 0.00455089 3.46131)
(-0.0136181 0.00192091 3.45888)
(-0.0130245 0.0105643 3.45821)
(-0.0141999 0.00152598 3.45805)
(-0.0188561 0.00390112 3.46084)
(-0.0178356 0.0062476 3.46446)
(-0.0120542 0.0245669 3.46417)
(-0.0113076 -0.00505224 3.46476)
(-0.0201848 0.0090525 3.48254)
(-0.0124639 0.002803 3.46201)
(-0.0209504 0.00801296 3.47869)
(-0.0156358 0.00655049 3.4668)
(-0.0160971 0.00773298 3.47218)
(-0.00983994 -0.00466561 3.47217)
(-0.0106371 -0.00224613 3.47061)
(-0.0145988 0.00547145 3.47496)
(-0.00859966 0.00477711 3.49272)
(-0.00493786 0.00241863 3.49562)
(-0.00816267 0.0104752 3.47873)
(-0.0271808 0.0191901 3.50727)
(-0.0195024 0.0112718 3.51456)
(0.00702164 0.000853863 3.52036)
(0.0176489 -0.00798088 3.50611)
(0.00926655 -0.00341676 3.51018)
(0.0158955 -0.00425942 3.51671)
(0.0161958 -0.0042069 3.50877)
(-0.0076958 0.0103709 3.51338)
(0.00934352 -0.0357864 3.49177)
(-0.0152395 -0.0192645 3.49795)
(0.0180084 -0.00313944 3.49804)
(-0.00672067 0.00654933 3.52306)
(0.00888729 -0.0225711 3.50063)
(0.00946416 0.000940898 3.50504)
(0.0199378 -0.00143127 3.49373)
(0.00957595 -0.00944285 3.49146)
(0.0142768 -0.00814397 3.50164)
(0.0102259 0.00157144 3.49426)
(0.0176469 -0.00224673 3.50537)
(0.0097201 0.00316292 3.50107)
(0.021687 -0.00697666 3.54376)
(0.01788 -0.00405385 3.55987)
(0.00980049 -0.00248088 3.52773)
(0.0149732 -0.00317286 3.54034)
(0.016743 -0.00638418 3.52437)
(0.00771453 0.000703345 3.54398)
(0.0195075 -0.00399396 3.51625)
(-0.0102962 -0.0280594 3.50552)
(0.000812445 0.00178543 3.54677)
(0.0117366 -0.0106888 3.52446)
(-0.000968146 0.00476061 3.52992)
(0.0117072 -0.0269902 3.50935)
(0.0175109 -0.00414726 3.53256)
(0.0111432 0.0016624 3.51139)
(0.0148397 -0.0138691 3.50998)
(0.0161717 -0.00106825 3.52929)
(0.011356 0.00579327 3.52472)
(0.0185986 -0.00104838 3.51245)
(0.0112637 -0.00547197 3.50869)
(0.0100973 0.00141389 3.52882)
(0.0232443 0.00689817 3.53633)
(0.0223939 0.00529258 3.52613)
(0.00936753 0.00299908 3.50427)
(0.0187545 0.00756517 3.49248)
(0.01249 -0.00279331 3.49173)
(0.015608 0.020576 3.50059)
(0.0110816 0.00414601 3.49335)
(0.0172641 0.00694348 3.50325)
(0.0103449 0.0059043 3.50126)
(0.0174965 0.00704177 3.50688)
(0.00511559 0.0105104 3.51255)
(0.0153311 0.0139711 3.49313)
(0.00176232 0.01149 3.50628)
(0.0179433 0.00810508 3.49653)
(0.00511499 0.00871376 3.52289)
(0.0131078 0.0213614 3.50219)
(0.00671744 -0.00284034 3.52475)
(0.0147555 0.00599554 3.53943)
(0.0158652 0.00420743 3.5235)
(0.00662956 -0.000742558 3.54103)
(0.0192008 0.00420237 3.54387)
(0.019687 0.00504151 3.56031)
(0.00883081 0.00381095 3.51047)
(0.0153495 0.0118514 3.50835)
(0.0145175 0.0069801 3.52683)
(0.008859 0.00488561 3.52492)
(0.0168537 0.00719288 3.50949)
(0.0102396 -0.00181304 3.50917)
(0.00770247 0.00332223 3.52719)
(0.015412 0.00663796 3.51351)
(0.00472311 0.00306282 3.51418)
(0.00515523 0.00934263 3.5459)
(0.0110721 0.0141485 3.52627)
(0.00441913 0.00940573 3.5295)
(0.0125666 0.00973509 3.51077)
(0.0149965 0.00663054 3.53028)
(0.0100204 0.00546224 3.51946)
(0.0120075 0.00674356 3.52857)
(-0.00256405 -0.00517567 3.47889)
(-0.00407371 0.00980108 3.49832)
(0.0299934 0.00464444 3.48043)
(0.0184989 0.0292482 3.48551)
(-0.00348736 -0.00226603 3.48015)
(-0.00351308 0.00647836 3.4973)
(0.0315278 0.0017269 3.47926)
(0.00697496 -0.003381 3.48952)
(0.00729641 -0.00834712 3.486)
(0.00588686 -0.00189191 3.48874)
(0.00781549 -0.0092 3.48436)
(0.0038258 -0.00206888 3.47321)
(0.0221971 0.00429544 3.47496)
(0.0061634 -0.0107534 3.47211)
(0.0288552 -0.00836193 3.47157)
(0.00423889 -0.000522803 3.47349)
(0.0242678 0.00269657 3.47399)
(0.00545365 -0.0118976 3.47027)
(0.00315526 -0.00164555 3.51599)
(0.00303385 -0.00604534 3.52755)
(-0.00186192 -0.00457083 3.4822)
(0.0100805 0.0199044 3.49017)
(0.00107432 -5.62602e-06 3.51205)
(0.0133432 -0.00355319 3.49656)
(-0.00127676 0.00432518 3.50031)
(0.018542 -0.000194139 3.48494)
(-0.000646116 -0.00776079 3.49428)
(0.00307036 -0.00409144 3.49269)
(0.00204563 -0.00728739 3.49817)
(0.00530101 -0.00185767 3.48967)
(0.00257639 -0.00280091 3.50433)
(0.00222212 -0.0036593 3.47573)
(0.0163861 -0.00773412 3.47705)
(0.00933746 -0.00186696 3.49106)
(0.00217642 -0.0119537 3.4853)
(0.0131612 -0.000219969 3.47841)
(0.00494298 -0.0106207 3.47316)
(0.00225453 -0.00536205 3.48828)
(0.00117539 -0.0018532 3.53539)
(0.00387826 0.000620399 3.52129)
(0.00549012 0.0124456 3.50011)
(0.0208637 0.0116322 3.48475)
(0.00185102 0.00916871 3.4836)
(-0.00404371 0.00715187 3.4961)
(0.00572469 0.0135328 3.48527)
(0.0108226 0.0100743 3.49764)
(0.00170068 0.00857338 3.49853)
(0.00722457 0.0113381 3.51174)
(0.00154124 0.00905636 3.49642)
(0.0109731 0.0142008 3.49846)
(-0.00182127 0.00787773 3.51215)
(0.00324949 0.0049795 3.51382)
(0.00821005 0.0106361 3.51201)
(0.00338392 0.00656612 3.54769)
(-0.00747139 0.0064217 3.52419)
(0.00361214 0.00912906 3.53136)
(0.0042794 0.00564297 3.50884)
(0.00231191 0.00349699 3.53014)
(0.00196813 -0.00375403 3.54451)
(-0.000843716 -0.00370759 3.56111)
(0.00370427 0.0109703 3.50992)
(0.00217685 0.0043388 3.50413)
(0.000508128 0.00725802 3.52328)
(-0.000361704 0.00519595 3.52492)
(0.0143798 0.00837392 3.50702)
(0.00180434 0.00527271 3.50673)
(0.00393807 0.00876676 3.52719)
(0.00769407 0.0118441 3.52209)
(-0.00381144 0.00418471 3.54133)
(0.000888049 -0.000508324 3.52061)
(0.00384339 0.00624084 3.5389)
(0.000424422 -0.00326865 3.47128)
(-0.000861869 -0.0122264 3.47052)
(-0.00276016 0.000857399 3.47223)
(-0.000218898 -0.00724795 3.47229)
(0.0011058 -0.00325587 3.47173)
(-0.00131024 -0.0120653 3.47137)
(0.00121244 -0.000421029 3.47151)
(-0.00100428 -0.00467266 3.50833)
(-0.00201454 -0.00443623 3.50706)
(0.000240314 -0.00334162 3.47505)
(-0.0151796 0.0035513 3.4714)
(0.0115425 0.00973928 3.4923)
(-0.0106978 0.0238744 3.4752)
(0.00115347 -0.00403488 3.4733)
(-0.0125039 0.0016681 3.47326)
(0.0110877 0.0110699 3.4939)
(-0.00146402 -0.00578345 3.4917)
(-0.00190935 -0.00680387 3.50646)
(-0.00343428 -0.00166076 3.49012)
(-0.00189583 -0.00239493 3.5051)
(0.00121246 -0.00399948 3.47444)
(-0.00884942 -0.00666871 3.47725)
(-0.000869117 -0.0108073 3.48888)
(-0.010939 0.000173049 3.49091)
(-0.00190303 -0.0106609 3.47443)
(-0.00668891 -7.39721e-05 3.4773)
(-0.000321635 -0.00228115 3.48818)
(-0.00293924 -0.0042468 3.51272)
(-0.00237738 -0.00541567 3.52613)
(0.000202105 -0.00370162 3.4795)
(-0.0153174 0.023763 3.48112)
(-0.0216257 0.0021783 3.49353)
(0.0118603 0.0116475 3.5118)
(-0.0197026 0.00261207 3.47969)
(0.0107142 0.00947716 3.49825)
(4.77342e-05 -0.00190032 3.4936)
(-0.00812226 0.0131473 3.50886)
(0.00435372 0.00864076 3.4919)
(-0.00508991 0.0130143 3.49371)
(0.00117416 0.00829727 3.50442)
(-0.00142081 0.00897959 3.49582)
(0.0138132 0.00832603 3.4794)
(-0.00605596 0.0179851 3.49482)
(-0.0150578 0.00935177 3.49031)
(-0.00190701 0.00865117 3.48172)
(0.0027406 0.00888146 3.49154)
(-0.00359174 0.0167412 3.50855)
(-0.00327805 0.00200457 3.52761)
(-0.000996283 -0.001056 3.51378)
(-0.000958168 0.0103672 3.50165)
(0.0123643 0.00469722 3.50394)
(0.00194526 0.00500493 3.52169)
(-0.0111918 0.00404471 3.51803)
(0.000415911 0.00515807 3.50521)
(8.37863e-05 0.00535735 3.50103)
(-0.00128676 0.00813265 3.51938)
(-0.00404433 0.00976651 3.51664)
(0.000174978 0.00373186 3.52573)
(0.00144335 -0.00138373 3.51434)
(-0.00637518 0.00684518 3.53292)
(0.00013904 0.00275159 3.50508)
(-0.0023547 0.00651516 3.49951)
(-0.00272019 0.00384789 3.51727)
(-0.000859511 0.0091255 3.53519)
(0.0110491 0.00323771 3.5017)
(-0.00235579 0.0109642 3.51744)
(0.000219382 0.00354317 3.52195)
(-5.87115e-05 -0.00661871 3.53714)
(-0.00215671 -0.000680403 3.55335)
(0.0325072 0.0341663 3.48827)
(0.0311219 0.0337148 3.49538)
(-0.00793789 -0.0022379 3.4661)
(0.00237378 -0.0246074 3.46258)
(-0.0123726 -4.81479e-05 3.46309)
(-0.00756242 -0.00775961 3.46968)
(-0.00812072 -0.00325235 3.46091)
(0.00188613 -0.0262467 3.4679)
(-0.0116548 0.00037444 3.46909)
(0.00486419 -0.00354265 3.5043)
(0.00813377 -0.00172844 3.49872)
(-0.00889991 -0.0127634 3.48182)
(-0.00846087 2.24631e-05 3.47542)
(-0.00838246 -0.0124566 3.47616)
(-0.00772966 -0.00175588 3.48172)
(0.00163308 0.0047561 3.47761)
(0.0262186 -0.0167966 3.47808)
(0.00741799 -0.0148206 3.48958)
(0.00257612 0.010044 3.50427)
(0.00626797 -0.00981742 3.4776)
(0.00247979 0.0103667 3.49224)
(0.00125686 0.00438304 3.48977)
(-0.00535893 -0.00231469 3.47252)
(-0.00520599 -0.00374771 3.47702)
(0.00333489 -0.0205356 3.4872)
(-0.00788905 0.000538186 3.48799)
(0.00290189 -0.0195133 3.47451)
(-0.00912056 -8.20111e-05 3.47566)
(-0.0049126 -0.000871964 3.48511)
(0.00797439 -0.00134356 3.51106)
(0.00527448 -0.00249595 3.52312)
(-0.0059113 -0.00966108 3.48865)
(-0.00399603 -0.00115366 3.50125)
(-0.00522079 -0.000138999 3.48901)
(-0.00581651 -0.00944336 3.50099)
(-0.0123157 0.0047308 3.47933)
(-0.0101383 6.39704e-05 3.4709)
(-0.0189535 0.00691411 3.48955)
(-0.0104868 0.0118255 3.48336)
(-0.0154748 0.00466425 3.47261)
(-0.00882297 -0.00571073 3.47763)
(-0.0158799 0.00684467 3.4971)
(-0.011657 0.00402424 3.48713)
(-0.008699 -0.00329767 3.47693)
(-0.0143469 0.00670436 3.48069)
(-0.00743933 -0.00472954 3.48296)
(-0.0019157 0.00137656 3.50877)
(-0.00536258 0.00370117 3.50169)
(-0.0133524 0.0018101 3.47998)
(-0.00523031 -0.00612165 3.47784)
(-0.00566698 0.00212831 3.49428)
(-0.00752019 0.000920833 3.48859)
(-0.00692711 0.00324013 3.48126)
(-0.00908505 -0.000108455 3.47562)
(-0.0100686 0.00300368 3.49235)
(-0.0112545 0.00304002 3.48719)
(-0.00583067 0.014994 3.49177)
(-0.004625 -0.00290588 3.4995)
(-0.0099626 0.00315152 3.51745)
(-0.00584388 0.00186831 3.48609)
(-0.0132532 0.00428995 3.50454)
(-0.00756434 0.0027792 3.50051)
(-0.010651 0.00533673 3.49435)
(-0.00452048 -0.00364142 3.50273)
(-0.00593222 -0.00283201 3.49029)
(-0.00756106 0.0039114 3.50647)
(-0.00218879 0.00260589 3.51691)
(0.00204684 0.000295497 3.53005)
(-0.00114812 0.003561 3.51139)
(0.00221927 -0.00720004 3.5632)
(0.0114802 -0.0148256 3.58368)
(0.00850762 0.00152283 3.57673)
(0.0155429 -0.00418541 3.55245)
(0.0104074 -0.000838406 3.5563)
(0.0139282 -0.00262171 3.57238)
(0.0184531 -0.00493562 3.56422)
(0.00734807 -0.00220336 3.5592)
(0.014668 -0.0134912 3.53718)
(0.00569406 -0.0142 3.556)
(0.0212796 -0.00481219 3.54386)
(0.00682634 -0.00331048 3.58085)
(0.014985 -0.00428401 3.55686)
(0.0104749 0.00197472 3.56211)
(0.0171255 -9.60255e-05 3.53981)
(0.0133588 0.000876989 3.53712)
(0.0133523 0.00182314 3.55768)
(0.0123322 0.00213838 3.54033)
(0.0148014 -0.000352214 3.56049)
(0.0132811 0.00845381 3.55779)
(0.0234178 -0.00596503 3.60932)
(0.0214815 -0.00485943 3.63051)
(0.0109084 0.00185083 3.59428)
(0.0128185 -0.00229778 3.61059)
(0.0142876 -0.00261325 3.58984)
(0.00910132 0.00333753 3.61538)
(0.0222164 -0.00615254 3.58119)
(0.0121435 -0.0160236 3.57552)
(0.009518 -0.00722357 3.62092)
(0.0177266 -0.00287215 3.59612)
(0.012189 -0.00802753 3.59863)
(0.0171755 -0.00652941 3.57473)
(0.0187854 -0.0063494 3.60265)
(0.0130041 0.00297312 3.57916)
(0.0134181 0.000603513 3.57467)
(0.0131477 -0.000231973 3.59778)
(0.0149494 0.0119068 3.59674)
(0.0155388 0.000573286 3.57665)
(0.0152546 0.00818218 3.57518)
(0.0104188 0.0022403 3.6011)
(0.0169384 0.00382414 3.59322)
(0.0163081 0.00346624 3.57287)
(0.00590626 0.00335197 3.55921)
(0.0139741 0.00698459 3.5384)
(0.00863644 -0.000898775 3.53675)
(0.0122931 0.0176321 3.5569)
(0.00659726 0.00416991 3.53817)
(0.0121619 0.00652365 3.55986)
(0.00699262 0.00217411 3.5569)
(0.0126285 0.00587874 3.56286)
(0.00290626 0.00827159 3.55776)
(0.0112092 0.00785582 3.53902)
(0.0024168 0.00226919 3.5609)
(0.0124889 0.00578169 3.54224)
(0.00382809 0.00921565 3.57836)
(0.00814119 0.0105312 3.5586)
(0.0039217 -0.00117823 3.59081)
(0.0126977 0.00563891 3.61049)
(0.0139043 0.00584299 3.58958)
(0.00320795 -0.00173915 3.61166)
(0.0138454 0.00301295 3.61067)
(0.0140129 0.00264521 3.63163)
(0.00398964 0.00438741 3.57559)
(0.0126774 0.0172336 3.57417)
(0.0103885 0.00571407 3.59843)
(0.00473256 -0.000196761 3.59505)
(0.0119466 0.006693 3.57676)
(0.00636603 0.00122304 3.57391)
(0.00318028 0.00304937 3.59693)
(0.00966173 0.004527 3.57955)
(0.00354402 -0.00105111 3.5779)
(0.00126386 0.00752254 3.61597)
(0.00573114 0.00586727 3.59704)
(0.000306364 0.00608781 3.59499)
(0.0084777 0.00852636 3.57603)
(0.00983917 0.00432425 3.60061)
(0.0102648 0.00596561 3.57358)
(0.00954717 0.00671472 3.59077)
(0.00124388 -0.00979361 3.53301)
(0.00288486 -0.00188174 3.52577)
(0.00247558 -0.00589079 3.51075)
(0.00424653 -0.00092007 3.5384)
(-9.47467e-05 -0.00660751 3.50852)
(0.00554967 -0.00580275 3.54966)
(-3.63255e-05 -0.00852068 3.5346)
(-0.00120687 -0.00366319 3.54157)
(0.00111115 -0.00161867 3.51003)
(-0.000228126 -0.00472229 3.51814)
(-0.00154394 -0.00392175 3.53521)
(0.000104108 -0.00811751 3.52706)
(-0.000132212 -0.00485154 3.50469)
(0.00249431 -0.00994095 3.49904)
(-0.00558434 -0.0093236 3.52862)
(0.000934239 -0.00643999 3.50199)
(-0.00334155 -0.00625028 3.5301)
(-0.000371175 -0.0110015 3.52479)
(3.91663e-05 -0.00284744 3.58644)
(0.000912758 -0.00872303 3.61632)
(0.00167859 -0.00778963 3.55471)
(-0.00174544 -0.00963827 3.5594)
(0.00896058 -0.0096337 3.60111)
(-0.00678041 -0.0117242 3.58494)
(0.00609755 -0.00631595 3.57096)
(-0.00643839 -0.0102166 3.55555)
(0.00308632 -0.0107377 3.58544)
(-0.0025698 -0.00393013 3.56225)
(-0.00363336 -0.00862054 3.58415)
(-0.00221318 -0.00292303 3.55586)
(-0.00239429 -0.00426933 3.59322)
(0.000724905 -0.00794543 3.54875)
(-0.0100735 -0.00774661 3.54947)
(-0.00930961 -0.00868322 3.5824)
(-0.00145098 -0.00950672 3.57889)
(-0.00825803 -0.00770472 3.55082)
(6.87223e-05 -0.00883756 3.54706)
(7.4042e-05 -0.00917868 3.58047)
(-0.00150883 -0.00357607 3.58881)
(-0.000116331 -0.00505048 3.57142)
(0.00277583 0.00529505 3.55404)
(0.00223372 0.00663695 3.53387)
(0.00104641 0.00256841 3.53377)
(-0.0120315 0.00222069 3.54847)
(0.00227788 0.00853579 3.53594)
(-0.00252892 0.00473731 3.5514)
(-0.00129061 0.0030021 3.55209)
(0.00200653 0.00270513 3.56731)
(-0.00116942 -0.00214675 3.55382)
(0.00368241 0.00862372 3.54957)
(-0.00433872 0.00368346 3.57284)
(0.00193182 0.00226372 3.57151)
(-0.00135749 0.0081782 3.57221)
(-0.000153773 5.455e-06 3.60861)
(-0.00520755 0.00216217 3.58551)
(0.00407611 0.0057795 3.59038)
(-0.00672486 0.001934 3.56834)
(0.000266916 -0.0015846 3.58926)
(-0.00110825 -0.00459089 3.60366)
(-0.00189767 -0.00432184 3.62105)
(0.00136098 0.00535022 3.56685)
(-0.0103866 -0.000707631 3.56313)
(-0.00162567 0.00171206 3.58291)
(-0.00129563 4.68904e-06 3.5826)
(-0.00286788 0.00386102 3.56539)
(0.000493437 0.000322223 3.56533)
(0.00228024 0.000817609 3.58471)
(0.00103397 0.00486765 3.58133)
(-0.00367274 0.0020145 3.60465)
(-0.00236316 -0.00265627 3.58863)
(0.000984064 -0.00103136 3.59958)
(-0.00172795 -0.00111447 3.52883)
(-0.00291258 -0.00895391 3.50361)
(-0.0165631 0.000693809 3.50476)
(-0.0205396 -0.00798744 3.53123)
(-0.000203318 -0.00295965 3.50249)
(-0.00220762 -0.00924296 3.52974)
(-0.0191975 0.000668715 3.53103)
(-0.00286943 -0.00392087 3.56466)
(-0.00379524 -0.0039746 3.54003)
(-0.00030181 -0.000499137 3.53357)
(-0.0249776 0.00397601 3.50775)
(0.0102548 0.00886014 3.52578)
(-0.016568 0.022451 3.53205)
(-0.000313932 -0.00223429 3.50808)
(-0.024399 0.00210676 3.5323)
(0.0115834 0.0106604 3.55047)
(-0.00524162 -0.00417405 3.56685)
(-0.00389945 -0.00875135 3.60173)
(-0.00545278 -0.00299182 3.56917)
(-0.00523954 -0.00212503 3.59705)
(-0.000892944 -0.00236778 3.55122)
(-0.0202592 -0.00572971 3.55254)
(-0.00236937 -0.00823356 3.58426)
(-0.0191009 0.000164914 3.58354)
(-0.00170261 -0.00772642 3.55213)
(-0.0190358 0.000436791 3.55219)
(-0.00294938 -0.00120868 3.58312)
(-0.00349467 -0.00375222 3.58643)
(-0.00273424 -0.00454975 3.61665)
(-0.000386295 -0.00215696 3.55556)
(-0.0167932 0.0179431 3.55305)
(-0.0203585 0.00164433 3.58329)
(0.00881275 0.00684346 3.60202)
(-0.0220997 0.00292061 3.55357)
(0.00815628 0.00598577 3.57187)
(-0.000703671 -0.00124458 3.58625)
(-0.0050415 0.00156118 3.56056)
(-0.00206072 -0.00325191 3.53444)
(-0.00457208 0.00556005 3.54297)
(-0.000486031 0.00269239 3.54977)
(0.0018812 -0.000796487 3.54927)
(0.002831 -0.00185238 3.52856)
(0.00210935 0.00317843 3.54539)
(-0.00644419 -0.00471952 3.54501)
(0.0021093 -0.00271845 3.53137)
(-0.00306923 -0.00124304 3.54588)
(0.0013799 0.00325639 3.56425)
(-0.000785211 -0.00321213 3.58104)
(-5.21886e-05 -0.00896145 3.56355)
(-0.00112558 -0.00194704 3.55965)
(-0.00701469 -0.000151703 3.56158)
(0.00186964 -0.000415711 3.57741)
(-0.00807742 -0.00474095 3.57769)
(-0.00105539 -0.00130202 3.55923)
(-0.00928891 -0.00422389 3.56022)
(-0.000945164 -0.00212389 3.57792)
(-0.00462038 0.000618128 3.57538)
(0.000747568 0.00117904 3.58242)
(-0.00312614 -0.00363363 3.56314)
(-0.00336697 -0.00329901 3.59292)
(0.00415548 -0.00662248 3.56274)
(-0.00140867 -0.00958426 3.56076)
(0.00223192 -0.00497698 3.57898)
(0.00249017 0.000125119 3.5976)
(0.00146049 -0.00547037 3.56056)
(0.0054943 -0.00214997 3.57851)
(0.00377341 -0.00377887 3.58118)
(0.000868591 -0.0111342 3.59491)
(0.00124657 -0.00690486 3.61313)
(0.0277301 0.031624 3.54289)
(0.0223136 0.0256005 3.56367)
(-0.00192502 0.000303623 3.51655)
(0.00445668 -0.015011 3.4996)
(-0.0049728 2.62136e-05 3.49952)
(-0.000496879 -0.00274707 3.52082)
(-0.00218624 -0.00112803 3.49682)
(0.00453893 -0.0127589 3.51913)
(-0.00303599 0.000909956 3.51834)
(0.00682883 -0.000747398 3.55417)
(0.00875242 -0.000357908 3.53516)
(-0.00256403 -0.00595697 3.53276)
(-0.00139378 0.00035567 3.51356)
(-0.00276381 -0.00674677 3.51336)
(6.81152e-05 0.000296167 3.53248)
(0.00715061 0.00447228 3.53935)
(0.0183711 -0.00336013 3.5418)
(0.00934425 -0.00123241 3.56456)
(0.00344355 0.00605503 3.58095)
(0.00802489 -0.00257075 3.5401)
(0.00626909 0.00922686 3.55516)
(0.00551343 0.00364357 3.5643)
(0.000314477 -1.68107e-05 3.53504)
(0.00174558 0.00187471 3.53886)
(0.00518137 -0.00449274 3.56242)
(0.00125989 0.00184927 3.56022)
(0.00511231 -0.00748204 3.53754)
(-0.000227252 0.000810461 3.53589)
(-0.000510972 0.00152662 3.56032)
(0.0106005 0.00132258 3.57266)
(0.00860182 0.00108746 3.59719)
(5.79501e-05 -0.00382196 3.55138)
(0.0036151 0.00267112 3.57502)
(0.00250312 0.00205156 3.55074)
(-0.000285859 -0.00295798 3.5762)
(-0.0021825 0.0003396 3.5325)
(-0.000356908 0.00126789 3.51247)
(-0.00770435 0.000427947 3.52965)
(0.00172209 0.00903514 3.53525)
(-0.00611319 0.000690765 3.51321)
(0.000284997 -0.0035923 3.53142)
(-0.00478793 -0.00111939 3.54811)
(-0.00323493 0.00521861 3.53719)
(-0.00283737 -0.00211726 3.51534)
(-0.00621647 0.00563014 3.51851)
(-0.00143926 -0.00255716 3.53455)
(0.00800646 -0.00140353 3.56199)
(0.00312434 0.00084705 3.54288)
(-0.00239609 0.00326693 3.54013)
(0.00209058 0.000688869 3.54113)
(0.00430816 0.0135938 3.56707)
(-0.000344661 0.00184752 3.56346)
(0.00360552 0.0119364 3.54317)
(-0.00200456 0.000605046 3.53871)
(0.000710538 0.00516704 3.56425)
(-0.00104064 -0.00146557 3.55025)
(0.00741045 0.0125564 3.55262)
(0.00489733 -0.0051536 3.57247)
(-0.00178201 -0.00463093 3.58818)
(0.00527681 -0.00132847 3.5495)
(-0.00417913 -0.00275736 3.56537)
(0.00271695 -0.00182347 3.57374)
(-0.00211867 0.00729261 3.55493)
(0.00138125 -0.00133393 3.57711)
(0.000308586 -0.00128229 3.55283)
(0.000373096 0.00746926 3.57881)
(0.00953913 -0.00108554 3.57985)
(0.0141426 -0.00292359 3.60324)
(0.0139972 -0.0111902 3.57243)
(0.0190588 -0.0220751 3.65082)
(0.0187993 -0.0185279 3.6657)
(0.00901104 0.00534096 3.64972)
(0.0130427 -0.00169633 3.6291)
(0.0109649 0.00462417 3.63379)
(0.0117802 -0.00222266 3.6451)
(0.0183455 -0.00762242 3.63741)
(0.0134641 -0.0115861 3.63945)
(0.0180144 -0.00324224 3.61524)
(0.0184513 -0.00458825 3.63686)
(0.022212 -0.00754184 3.62102)
(0.00943598 -0.00918665 3.65618)
(0.0189113 -0.00302891 3.63214)
(0.0096863 0.00209279 3.63515)
(0.0136917 0.000592219 3.61553)
(0.0159558 0.0149985 3.61499)
(0.0123193 0.000859101 3.6295)
(0.0126973 0.0034053 3.61904)
(0.0118503 -0.000740871 3.63142)
(0.0154601 0.0148017 3.63135)
(0.0264552 -0.00605562 3.67805)
(0.0243886 -0.00592654 3.68399)
(0.010381 0.0066089 3.66184)
(0.0109719 -0.00310652 3.66343)
(0.0119218 -0.00168136 3.65782)
(0.0086588 0.00629357 3.6667)
(0.0212264 -0.00863171 3.64939)
(0.0170556 -0.00473155 3.65034)
(0.00708639 -0.00877403 3.67325)
(0.0188606 -0.00954756 3.65175)
(0.0121416 -0.0126805 3.66801)
(0.0169728 -0.00467054 3.64533)
(0.0172522 -0.0083548 3.65532)
(0.0116368 0.0031469 3.64678)
(0.0121097 0.00173204 3.64224)
(0.011062 -0.00174448 3.64897)
(0.0149094 0.0147864 3.64896)
(0.0123732 -0.000219843 3.64328)
(0.01524 0.0182475 3.64383)
(0.0086663 0.00155467 3.65117)
(0.011816 0.00221221 3.66671)
(0.0111379 0.00225571 3.65062)
(0.000586972 0.00241593 3.63159)
(0.0103602 0.00642356 3.61686)
(0.00410271 0.00260659 3.61318)
(0.0101994 0.0184074 3.63026)
(0.000713375 0.00444497 3.61553)
(0.00965026 0.00495777 3.63292)
(0.00189382 0.00112786 3.62937)
(0.00717939 0.0024923 3.63574)
(-0.00303374 0.00327129 3.63515)
(0.00647339 0.00729364 3.61539)
(-0.00462769 -0.00260253 3.6326)
(0.00648889 0.00307992 3.61971)
(-0.00209613 0.00458932 3.65113)
(0.00164494 0.00649983 3.6317)
(0.000307579 -0.000514805 3.65937)
(0.0113241 0.00632973 3.662)
(0.0122036 0.00748474 3.65734)
(0.000264497 -0.00148061 3.66448)
(0.00904123 0.00196579 3.67959)
(0.00964976 0.00183478 3.68434)
(-0.00184667 0.00385132 3.64397)
(0.0115174 0.0229476 3.64299)
(0.00957572 0.004101 3.64928)
(-0.000205128 0.000475064 3.64755)
(0.0097715 0.00576768 3.64506)
(0.00185771 0.00452234 3.64227)
(-0.00130299 0.00184037 3.64941)
(0.00363436 0.00133433 3.64848)
(-0.00570096 -0.00261569 3.64585)
(-0.00550527 0.00134301 3.66902)
(-0.00123608 0.00754629 3.6494)
(-0.00689437 -0.000325489 3.66405)
(0.00342862 0.00949694 3.64468)
(0.00478467 0.000775432 3.65295)
(0.000543167 -0.00378005 3.64312)
(-0.00339588 -0.00559677 3.65659)
(0.00442564 -0.0100216 3.6363)
(0.00745202 -0.00804369 3.62419)
(-0.00792751 -0.0118089 3.60712)
(-0.00324475 -0.0167807 3.63456)
(0.00360591 -0.00740993 3.60876)
(0.0105195 -0.0106527 3.65101)
(-0.00598972 -0.0115587 3.63298)
(-0.00246376 -0.00529263 3.64322)
(-0.000607044 -0.00397362 3.60783)
(-0.00220811 -0.00636815 3.61693)
(-0.00158743 -0.00522639 3.63647)
(0.000236582 -0.00856171 3.63138)
(-0.00805945 -0.00868428 3.60439)
(0.00246211 -0.00694371 3.60246)
(-0.00679166 -0.00746308 3.63083)
(0.00192493 -0.00790207 3.60375)
(-0.00762552 -0.00885986 3.63098)
(-0.000401017 -0.00735497 3.63134)
(0.00229132 -0.00687534 3.68158)
(0.00325446 -0.0121731 3.69172)
(0.00459971 -0.00578306 3.65152)
(-0.00242027 -0.0157373 3.64972)
(0.010195 -0.00888306 3.67793)
(0.00447265 -0.00948033 3.6573)
(0.00649467 -0.00618037 3.66649)
(0.00237053 -0.0110617 3.64778)
(0.00535363 -0.00876285 3.66207)
(-0.000587512 -0.00523997 3.65841)
(0.000940904 -0.00771922 3.65951)
(0.00209491 -0.00364111 3.65169)
(-0.000676217 -0.00497408 3.66876)
(0.00340208 -0.00586555 3.64636)
(0.00606227 -0.00706205 3.64581)
(7.30546e-05 -0.00746514 3.65556)
(0.00125347 -0.00610445 3.65687)
(0.000831821 -0.00777983 3.64589)
(0.003068 -0.00549768 3.64668)
(0.00209086 -0.00664594 3.65722)
(-0.00177909 -0.00764229 3.65222)
(-0.00186387 -0.00432646 3.63755)
(0.00215633 -0.00408468 3.61378)
(-0.00139443 -0.000275252 3.59884)
(0.000347338 -0.00221911 3.59799)
(0.00279018 -0.00296255 3.61151)
(0.00227132 0.000460307 3.59855)
(0.0065746 -0.0028153 3.61409)
(0.000849547 -0.00379965 3.61227)
(0.00201495 -0.00286582 3.6287)
(-0.00326566 -0.000314629 3.62217)
(0.000255753 -0.000546741 3.61367)
(-0.000111272 -0.00413116 3.6313)
(0.000631745 -0.00655452 3.63332)
(-0.00395298 -0.00475092 3.63543)
(-0.00758788 -0.010026 3.65874)
(0.00921225 -0.00819937 3.63982)
(-0.000940518 -0.00421301 3.65146)
(0.00345062 -0.00747841 3.63203)
(-0.00203132 -0.0118194 3.64143)
(-0.00198146 -0.00705506 3.66517)
(-0.00174501 -0.0103443 3.67329)
(0.00267177 -0.00408085 3.62563)
(0.00480394 -0.00532985 3.62484)
(0.0187464 -0.0076787 3.63606)
(0.00148998 -0.00718083 3.63325)
(0.00778794 -0.00562841 3.62676)
(0.00128729 -0.00567742 3.62432)
(0.00358434 -0.00871962 3.63469)
(0.000886472 -0.00426967 3.64165)
(0.00117765 -0.00571866 3.65063)
(-0.00115541 -0.00698021 3.64088)
(0.00432166 -0.00698457 3.6505)
(-0.00154167 -0.00242986 3.63472)
(-0.00161581 -0.00673539 3.60782)
(-0.0128954 -0.00173243 3.60562)
(-0.00879824 -0.00653183 3.63188)
(-0.000118046 -0.00379702 3.6068)
(-0.00101731 -0.0071514 3.63477)
(-0.00925957 -0.00249738 3.63206)
(-0.00142887 -0.00358118 3.66528)
(-0.00299181 -0.00404917 3.63967)
(-0.000879888 -0.00332179 3.63599)
(-0.0134853 0.000711447 3.60566)
(0.00407142 0.000782908 3.62554)
(-0.0114493 0.00619521 3.63044)
(-0.000818357 -0.00437638 3.60987)
(-0.00766946 -0.00215963 3.63012)
(0.00464787 0.00156201 3.65209)
(0.000193764 -0.00425082 3.66218)
(0.00124743 -0.007932 3.67668)
(-0.00026873 -0.00365466 3.66463)
(0.00081419 -0.00192747 3.67247)
(0.00215567 -0.00580879 3.64971)
(0.00412759 -0.00508276 3.64709)
(0.00201174 -0.00722154 3.65976)
(0.00534906 -0.00604075 3.6566)
(0.00231955 -0.00669941 3.64937)
(0.00392917 -0.00507875 3.64716)
(0.000360965 -0.00425953 3.66048)
(-0.000874544 -0.00473274 3.68103)
(-0.000257284 -0.00532716 3.69167)
(-0.00111377 -0.00752102 3.65103)
(-0.00679508 -0.00273755 3.64644)
(0.00401684 -0.00698713 3.65517)
(0.000539416 -0.00277975 3.67888)
(0.0024755 -0.0038708 3.64584)
(-0.00126054 -0.00468449 3.66749)
(-0.00102015 -0.0062048 3.66136)
(-0.000919317 -0.00527585 3.62666)
(-7.19757e-05 -0.000889659 3.59653)
(-0.00366114 -0.00547859 3.61053)
(0.00209034 -0.00458456 3.61877)
(0.00529975 -0.00536424 3.61333)
(0.00652622 -0.00653254 3.59528)
(0.00721397 -0.00468241 3.61376)
(0.00117371 -0.0109472 3.61344)
(0.00642421 -0.00880503 3.59674)
(0.0121589 -0.00704838 3.61208)
(0.00228968 -0.000441793 3.63001)
(0.00363276 -0.0118384 3.64487)
(0.00285024 -0.0130499 3.62848)
(0.00179409 -0.00739075 3.62201)
(0.00884803 -0.00352834 3.62337)
(0.00542769 -0.00489891 3.63098)
(0.0103814 -0.00734839 3.63239)
(0.00448053 -0.00455191 3.62106)
(0.000691072 -0.00761656 3.62281)
(0.00249099 -0.00452118 3.6313)
(-0.000607113 -0.00895199 3.63915)
(0.00715773 -0.00592431 3.64263)
(0.0026839 -0.0071729 3.63494)
(0.00219701 -0.0089067 3.64776)
(0.00805176 -0.00986537 3.62609)
(0.0049117 -0.0104965 3.62716)
(0.02357 -0.00752239 3.6353)
(0.000902799 -0.000371957 3.6524)
(0.0157523 -0.00615536 3.6253)
(0.007146 -0.00550034 3.64271)
(0.00655283 -0.00613184 3.63598)
(0.00525304 -0.0165059 3.65742)
(0.00623383 -0.0143985 3.66648)
(0.0074705 0.0114139 3.63776)
(-0.000881676 4.97184e-05 3.65445)
(-0.000512711 0.0019515 3.60676)
(0.00470903 0.000877547 3.58348)
(0.0035697 0.00196356 3.58057)
(0.0056872 0.013947 3.60733)
(0.00105233 0.000954009 3.58128)
(0.00406781 0.00368299 3.60821)
(0.00460357 0.00276104 3.60565)
(0.0102661 0.00285715 3.64254)
(0.012336 0.00289724 3.61811)
(0.000873822 -0.000798114 3.62152)
(0.00550711 0.00421793 3.59576)
(0.00172069 -0.0015364 3.59723)
(0.00606347 0.00510109 3.61973)
(0.00716513 0.00330921 3.62753)
(-0.00156524 0.00638191 3.63036)
(0.00445441 0.014033 3.64003)
(-0.00450798 -0.00212321 3.66011)
(0.00272345 0.0134111 3.62625)
(-7.94404e-06 0.00255522 3.6456)
(0.00401312 0.0017656 3.64204)
(0.000844579 0.000442374 3.62326)
(0.00659159 0.0149397 3.6229)
(0.00285978 0.00564767 3.63782)
(0.00638479 0.00264962 3.6365)
(0.00304697 0.00449086 3.62385)
(0.00626427 0.00193689 3.62203)
(-0.00119308 0.00158169 3.6377)
(0.0129723 0.00366671 3.65911)
(0.00999946 0.00321755 3.67294)
(0.00212425 -0.000917099 3.63775)
(0.00705501 0.00569394 3.6493)
(0.00709624 0.00511293 3.63604)
(0.000902649 -0.000398666 3.65096)
(0.00584376 -0.00341888 3.61667)
(0.00975787 -0.00278765 3.59227)
(-0.0031521 -0.00445059 3.60763)
(0.00815286 0.012566 3.61392)
(0.00259873 -0.00307182 3.59351)
(0.00798996 -0.00686215 3.61425)
(-0.0013073 -0.00660998 3.63071)
(0.00260429 0.00956243 3.62246)
(0.00290992 -0.000561919 3.59759)
(0.000764809 0.00910137 3.59897)
(0.00348154 -0.000524926 3.62103)
(0.0185226 -0.00380092 3.64571)
(0.0147116 -0.0023846 3.62303)
(0.00316903 0.00404564 3.62454)
(0.00788346 0.00226235 3.62502)
(0.00884706 0.0192276 3.63805)
(0.00441811 0.00135653 3.63791)
(0.00976997 0.0187868 3.62521)
(0.00365382 0.000278843 3.62439)
(0.00505562 0.00553521 3.63844)
(0.00438172 -0.00424672 3.63164)
(0.00934594 0.0139751 3.62879)
(0.00923642 -0.0106947 3.64033)
(-0.00211834 -0.00638077 3.65964)
(0.0122384 -0.00821891 3.62897)
(-0.00446389 -0.00409013 3.64639)
(0.00728674 -0.00438173 3.64418)
(0.00251382 0.00968147 3.63837)
(0.00469906 -0.000866146 3.64903)
(0.00457794 -0.00111953 3.6367)
(0.00395891 0.00976454 3.6512)
(0.0181836 -0.00363099 3.66086)
(0.0206082 -0.00454859 3.67291)
(0.0145348 -0.00966534 3.64387)
(0.0135625 -0.0151169 3.66021)
(0.012806 -0.0113083 3.63816)
(0.00863096 0.00423915 3.65251)
(0.010804 -0.00228819 3.66293)
(0.00984983 0.00643742 3.66499)
(0.0099741 -0.00352299 3.65113)
(0.0157307 -0.00831923 3.64358)
(0.0101024 -0.0118115 3.67063)
(0.0150001 -0.0107344 3.65145)
(0.0144099 -0.00733609 3.64343)
(0.0194967 -0.00900594 3.65448)
(0.00654569 -0.0070714 3.65853)
(0.0177918 -0.0142382 3.64051)
(0.00831212 -0.000115003 3.6361)
(0.0113762 -0.00141356 3.64841)
(0.0136416 0.0150042 3.6476)
(0.0114663 -0.00967526 3.63593)
(0.010666 0.00204776 3.64856)
(0.010461 -0.00276208 3.6372)
(0.013619 0.00676949 3.63572)
(0.0217626 -0.0059775 3.65176)
(0.0174216 -0.00539785 3.61809)
(0.00943545 0.00383866 3.63119)
(0.00806916 -0.0022869 3.59585)
(0.00908529 -0.00173606 3.63054)
(0.00844622 0.00125119 3.59665)
(0.0177074 -0.00848133 3.62316)
(0.0121346 -0.00972202 3.62192)
(0.00886087 -0.00623662 3.60429)
(0.0160596 -0.0113493 3.58591)
(0.0110516 -0.0104608 3.63709)
(0.0131999 -0.0108368 3.61987)
(0.0141058 -0.00766914 3.58988)
(0.0102842 0.000267935 3.6149)
(0.00940072 -0.00460115 3.6156)
(0.00876727 -0.00283346 3.58346)
(0.0120278 -0.000389013 3.58123)
(0.0100878 -0.00186888 3.61713)
(0.0117966 0.0066907 3.61488)
(0.00848039 -0.00189207 3.58183)
(0.00608904 0.000761401 3.67)
(0.00610707 0.00125428 3.68317)
(-0.00184261 0.00075919 3.63636)
(0.00940889 0.00437623 3.64712)
(0.000325795 0.00415764 3.64692)
(0.00871749 0.0133097 3.63334)
(-0.00333607 0.00298403 3.64867)
(0.00898856 0.00248895 3.63403)
(-0.00179869 -0.000104849 3.63438)
(0.00179604 -0.000577821 3.63831)
(-0.00964009 -0.00370282 3.66796)
(0.00177682 0.00839948 3.64845)
(-0.0134734 -0.00451597 3.63774)
(0.000848341 -0.000394142 3.65158)
(-0.00706791 -0.000874309 3.65489)
(-0.00410771 0.00452332 3.63515)
(-0.00146196 -4.22043e-05 3.63004)
(0.0066698 0.00230011 3.59123)
(0.00836865 0.00484314 3.62624)
(-0.0010046 -0.00100647 3.59512)
(0.0017654 -5.41915e-05 3.64859)
(0.00105729 -0.000805644 3.61373)
(-0.00393041 0.00169837 3.61567)
(0.00870698 0.0141803 3.61236)
(0.00663063 0.000766261 3.57827)
(-0.00302069 -2.53299e-05 3.57941)
(0.00768629 0.00242519 3.61245)
(-0.00131015 0.00398017 3.61398)
(-0.00220891 -0.000148338 3.58135)
(-0.00280701 -0.00185707 3.61682)
(-0.0100573 -0.00669438 3.61713)
(-0.00701473 -0.00198648 3.60015)
(-0.00602466 -0.00199807 3.57975)
(-0.0106192 -0.00544443 3.63384)
(-0.00103221 0.0035936 3.6143)
(-0.00202301 -0.00175276 3.58252)
(-0.0115049 -0.0172092 3.65179)
(-0.0109222 -0.0135248 3.6325)
(0.00569243 -0.00841065 3.64598)
(0.00441694 -0.00418642 3.67746)
(0.0153394 -0.0103886 3.65614)
(0.00430132 -0.0114699 3.64498)
(0.00528689 -0.00507186 3.66046)
(0.00885203 -0.00841621 3.66386)
(0.0125974 -0.00800797 3.64179)
(0.00176314 -0.00599528 3.65461)
(0.00708241 -0.00545797 3.65854)
(0.00273442 -0.00723332 3.66881)
(0.00444136 -0.00717196 3.64909)
(0.00377443 -0.00569999 3.64214)
(0.0113218 -0.00704693 3.65529)
(0.00615853 -0.00499869 3.65449)
(0.0169867 -0.0074224 3.64009)
(0.0050962 -0.00423216 3.65626)
(0.00866561 -0.00641412 3.6403)
(0.0032881 -0.00627403 3.64047)
(0.0051568 -0.0103598 3.65422)
(0.00459451 -0.0107896 3.61486)
(0.00435554 -0.00513602 3.62241)
(0.00941896 -0.0107652 3.62249)
(0.00854268 -0.00997617 3.60083)
(0.00957896 -0.00752556 3.57989)
(0.00302693 -0.0047635 3.64056)
(0.0175953 -0.0108317 3.61917)
(0.00531983 -0.00798808 3.58268)
(0.00479402 -0.0041574 3.63289)
(0.00373518 -0.00825665 3.58784)
(0.00528754 -0.00869717 3.62588)
(0.00341432 -0.00668041 3.59388)
(0.00609182 -0.00303738 3.61952)
(0.0232727 -0.00800476 3.61747)
(0.0104598 -0.00636757 3.57897)
(0.00396492 -0.00545503 3.57697)
(0.0176173 -0.00648406 3.61903)
(0.00354036 -0.00574809 3.61681)
(0.00485313 -0.00573728 3.57958)
(-0.00132866 -0.0122255 3.66694)
(-0.0016571 -0.00840473 3.67548)
(0.00471721 -0.0113399 3.63104)
(0.0174092 -0.00950215 3.63752)
(0.00318755 -0.00804721 3.63641)
(0.0222007 -0.00744071 3.62923)
(0.00383828 -0.00788195 3.63758)
(0.024697 -0.0107329 3.63122)
(0.00465452 -0.00883561 3.62859)
(0.0060175 -0.00645467 3.64482)
(0.000818377 -0.005858 3.65418)
(0.00339251 -0.00600173 3.65223)
(0.00472379 -0.00751824 3.64081)
(-0.00125388 -0.0098998 3.61839)
(0.00156908 -0.0137203 3.61598)
(-0.0085475 -0.0113133 3.60371)
(0.00884622 -0.0122531 3.58252)
(-0.00421817 -0.00745347 3.63551)
(0.00768137 -0.0140859 3.61385)
(-0.00208905 -0.0130682 3.58666)
(-0.00188706 -0.00851969 3.64969)
(-0.00191877 -0.0119556 3.61826)
(0.00326873 -0.00989903 3.61504)
(0.015207 -0.00865098 3.61164)
(0.0175775 -0.0117655 3.5818)
(0.00449125 -0.00990646 3.5817)
(0.0159683 -0.0119239 3.61294)
(0.00173399 -0.00867278 3.61223)
(0.00428694 -0.0118753 3.58329)
(0.00312353 -0.00864071 3.62778)
(0.00339851 -0.00821433 3.59162)
(0.000404071 -0.0060455 3.62173)
(0.00405359 -0.00760562 3.59586)
(0.00199827 -0.00550471 3.64398)
(0.00287298 -0.00656435 3.65853)
(0.019518 -0.00813474 3.65579)
(0.0133155 -0.0070856 3.64047)
(0.00356352 -0.00772815 3.65872)
(0.0035547 -0.00684975 3.64345)
(0.0171043 -0.00907259 3.64153)
(0.000517166 -0.00592786 3.67821)
(0.000265329 -0.00636013 3.69153)
(-0.00134615 -0.00720457 3.64716)
(0.0131652 -0.00720906 3.65542)
(-0.00589056 -0.00801353 3.6786)
(0.00262305 -0.0133946 3.64507)
(-0.00208068 -0.00977707 3.66061)
(0.0111275 -0.0111153 3.64234)
(-0.00221671 -0.004482 3.6653)
(0.00656106 -0.00193674 3.63539)
(0.00338793 -0.00732583 3.59795)
(0.00653543 -0.00756777 3.63786)
(0.00364313 -0.00321733 3.59612)
(0.00357166 -0.00756363 3.62028)
(0.0223741 -0.00556997 3.62005)
(0.00327767 -0.00539517 3.5814)
(0.0158609 -0.0103327 3.5803)
(0.00600843 -0.00640238 3.62114)
(0.0247022 -0.0091586 3.61957)
(0.00167647 -0.00585626 3.58054)
(0.00129437 -0.00745011 3.6574)
(0.000682668 -0.00504602 3.61949)
(-0.00194294 -0.00980119 3.62537)
(0.00712423 -0.0160706 3.6242)
(0.0128851 -0.0122088 3.58451)
(-0.00312648 -0.00565385 3.60461)
(0.0180047 -0.00878768 3.62204)
(-0.0080392 -0.00928125 3.64308)
(-0.00132449 -0.00650156 3.587)
(0.00398034 -0.00818707 3.64408)
(0.00560486 -0.00585652 3.64416)
(0.00130641 -0.0100951 3.65095)
(0.00672802 -0.00793102 3.64321)
(0.00664434 -0.00662479 3.63345)
(0.0238279 -0.0053674 3.6372)
(0.00569081 -0.00547321 3.655)
(0.0146556 -0.00505259 3.6331)
(0.00829705 -0.0101541 3.6391)
(0.0278331 -0.00761374 3.63137)
(-0.000305414 -0.00112872 3.6492)
(0.00707049 -0.0155271 3.66314)
(0.00684572 -0.017261 3.66895)
(0.00252934 -0.00905937 3.6125)
(0.0191306 -0.00674437 3.61161)
(0.00504367 -0.00802533 3.5832)
(0.0173958 -0.00841791 3.5815)
(0.00624035 -0.00728155 3.61425)
(0.0123827 -0.00831225 3.61118)
(0.00404401 -0.00648961 3.58283)
(0.0029617 -0.0123036 3.6276)
(0.0063262 -0.00835419 3.59611)
(0.00694576 -0.00616751 3.62874)
(0.0041591 -0.00875865 3.59696)
(0.00789527 -0.0101604 3.61741)
(0.0139847 -0.00598302 3.6159)
(0.0229099 -0.00844583 3.58321)
(3.14727e-05 -0.00312136 3.60415)
(0.0227989 -0.00541251 3.61347)
(0.00478227 -0.00673257 3.63327)
(0.0064621 -0.00678199 3.58738)
(0.00723024 -0.0162013 3.6466)
(0.00647149 -0.0142209 3.61616)
(-0.0114975 -0.0106376 3.65723)
(-0.0131509 -0.0160079 3.63752)
(-0.00145007 0.000299294 3.63189)
(0.00167407 0.000107012 3.63993)
(0.00715577 0.000491605 3.63991)
(0.00714072 0.0106398 3.63119)
(0.000195442 -0.00102532 3.64029)
(0.00177922 0.00090452 3.63148)
(0.00672357 0.0011752 3.63276)
(0.00752348 0.00216434 3.66854)
(0.0111693 0.00295571 3.67595)
(0.000378692 -0.00124605 3.64521)
(0.00718199 0.00405921 3.65226)
(0.00152223 -0.00183083 3.65355)
(0.00663888 0.00390603 3.64439)
(0.00367803 -0.000796233 3.61945)
(-0.0117575 0.000293712 3.61798)
(0.000281628 0.00289802 3.58138)
(-0.00739795 -0.00579679 3.60177)
(-0.00306949 0.00304264 3.61568)
(-0.00427091 -0.00173787 3.6365)
(0.000196739 -0.0016556 3.58487)
(0.000129182 -0.00230072 3.61279)
(0.00556288 0.000928643 3.61236)
(0.000910131 -0.0020043 3.57736)
(0.00521917 -0.000280742 3.57886)
(0.000214134 -0.00540356 3.61238)
(0.00650007 -0.00138475 3.61386)
(-0.00163133 -0.000467699 3.5777)
(0.00689726 0.00115076 3.65003)
(0.00323444 0.000455448 3.61582)
(0.000701287 -0.00257675 3.6265)
(0.00500236 0.00157631 3.59161)
(0.00588567 0.0012596 3.62588)
(-0.000315871 -0.00144349 3.59196)
(0.00758691 -0.00501719 3.63633)
(0.0130618 -0.0170146 3.64173)
(-0.00560431 -0.00247625 3.66219)
(0.00290854 0.00525751 3.63378)
(0.00516536 -0.00501793 3.64581)
(0.00915577 -0.0183323 3.63171)
(-0.00236509 -0.00500088 3.65443)
(0.00511033 0.0072666 3.6455)
(0.00529322 -0.00273401 3.65118)
(0.00381175 0.00806192 3.6539)
(0.00502833 -0.0022541 3.64204)
(0.0206253 -0.00566415 3.66559)
(0.0196209 -0.00505963 3.67482)
(0.00380721 0.000317944 3.61398)
(0.00854139 -0.0124123 3.61061)
(0.00796754 0.00293071 3.57644)
(0.00473109 -0.000735549 3.57506)
(0.009683 0.00082286 3.6118)
(0.00506332 -0.00224912 3.61068)
(0.00543126 0.00153442 3.57869)
(0.00556494 -0.00515553 3.61617)
(0.00447414 -0.000512239 3.61472)
(0.00917723 -0.0183942 3.57701)
(0.000367989 -0.00435249 3.60015)
(0.0133931 -0.0228131 3.6123)
(-0.00406696 -0.000927849 3.63502)
(0.00776169 -0.00503805 3.58067)
(0.00501261 0.00429968 3.62669)
(0.00427925 -0.00227802 3.58834)
(0.00495915 -0.0037689 3.62307)
(0.00579302 0.00414318 3.59206)
(0.0182066 -0.00599285 3.64625)
(0.0177552 -0.00568121 3.61139)
(0.0061989 -0.00265059 3.63046)
(0.0153161 -0.0180644 3.49812)
(0.020611 -0.0213742 3.43267)
(0.0075991 0.000251135 3.4941)
(0.00646798 0.000618135 3.55244)
(0.0083926 0.00256617 3.55313)
(0.00538375 0.000121193 3.49311)
(0.0122182 -0.00689623 3.48801)
(0.0132703 -0.0107101 3.5607)
(0.0120383 -0.00283027 3.54216)
(0.016971 -0.0103249 3.48639)
(0.0155536 -0.00751364 3.54636)
(0.0114555 -0.00716648 3.50302)
(0.0146263 -0.00367802 3.4838)
(0.0085536 -0.00255077 3.48036)
(0.00728254 -0.000990039 3.54018)
(0.0104736 0.00696004 3.53796)
(0.00624319 -0.000288639 3.48007)
(0.0101112 -0.00063746 3.53863)
(0.00564006 -0.00189292 3.48138)
(0.0108908 0.000879923 3.47964)
(0.00943598 -0.00174437 3.45232)
(0.00682529 -0.00160383 3.37161)
(0.00694275 0.00270273 3.43027)
(0.00236871 0.00287058 3.34737)
(0.00351196 0.00349416 3.42888)
(0.00616726 0.0010324 3.34895)
(0.0129943 -0.00608705 3.42364)
(0.0204727 -0.00346797 3.42148)
(0.0132186 -0.00845128 3.35788)
(0.0137662 0.00425168 3.33937)
(0.014846 -0.0112614 3.43877)
(0.0117381 0.00749311 3.41921)
(0.0102842 -0.0058538 3.3425)
(0.00969089 -0.000211616 3.41676)
(0.00316648 0.0129088 3.41587)
(0.00219083 -8.81133e-05 3.33466)
(0.0101854 0.00663288 3.33426)
(0.0037372 0.000933066 3.41729)
(0.00979178 0.0128537 3.41575)
(0.0083198 -0.00179174 3.33421)
(-0.00322749 -0.00157168 3.5114)
(-0.00244103 -0.000941015 3.57019)
(-0.00255262 -0.000401336 3.4792)
(0.00465081 0.00128342 3.53476)
(-0.00261613 0.00657544 3.53615)
(0.00371846 0.00274112 3.47594)
(-0.00444059 0.00128404 3.53813)
(0.003683 -0.000319667 3.47609)
(-0.00427857 0.00257649 3.47733)
(-0.00449702 -0.00263486 3.48091)
(-0.00957287 -0.0060458 3.55727)
(-0.00267936 0.00014802 3.53609)
(-0.00981814 -0.00807692 3.48264)
(-0.00582791 -0.00258984 3.53918)
(-0.00550161 -0.0026073 3.49972)
(-0.0073785 -0.00468123 3.47776)
(-0.00158036 0.00329822 3.42849)
(0.000529209 0.00100051 3.34395)
(0.00197384 0.00302711 3.42499)
(-0.0015292 0.00229079 3.34685)
(-0.00531544 -0.000920454 3.44728)
(-0.00611754 -0.00157268 3.36626)
(-0.00448492 0.00173008 3.41482)
(0.00247875 0.0111829 3.41204)
(0.000401266 -0.000460501 3.33027)
(-0.00574226 0.00593685 3.33152)
(0.00158916 0.00108508 3.41257)
(-0.00411013 0.0119596 3.41323)
(-0.00340819 0.000182063 3.33207)
(-0.00694295 -0.00271267 3.41669)
(-0.00783003 -0.00304277 3.41722)
(-0.00434581 -0.00318523 3.35338)
(-0.00834671 -0.00386759 3.33286)
(-0.00695717 -0.00562684 3.4351)
(-0.00481217 0.00146371 3.41331)
(-0.00596476 -0.00308 3.33523)
(-0.00953387 -0.0128367 3.49952)
(-0.00846925 -0.00787128 3.43365)
(0.00447133 -0.00720598 3.47626)
(0.00407695 -0.00724623 3.5553)
(0.0106349 -0.0110132 3.53545)
(0.00150499 -0.0147695 3.47881)
(0.00379418 -0.00498216 3.5377)
(0.00976094 -0.0119888 3.49419)
(0.000533475 -0.00753299 3.47452)
(0.00283231 -0.00686564 3.48838)
(0.00493252 -0.00817156 3.54608)
(0.0054129 -0.00614631 3.54972)
(0.00203496 -0.00698152 3.48534)
(0.00411585 -0.00610907 3.47266)
(0.0147249 -0.00715101 3.53493)
(0.00410157 -0.00419955 3.53263)
(0.005013 -0.00471575 3.47183)
(0.00562034 -0.00375781 3.53471)
(0.00478941 -0.00663573 3.47267)
(0.00304663 -0.00369394 3.47067)
(0.00276061 -0.00505888 3.44494)
(0.00152853 -0.00499523 3.36685)
(0.00289362 -0.00522668 3.41229)
(0.00228519 -0.01871 3.41399)
(0.0111982 -0.0144843 3.35219)
(-0.0102375 -0.00824692 3.33247)
(0.00651024 -0.0105226 3.42999)
(-0.000885438 -0.0113231 3.4102)
(0.00308152 -0.00759783 3.33432)
(0.00371489 -0.00593586 3.4243)
(-0.000797996 -0.00458407 3.34358)
(0.00228794 -0.00555203 3.42179)
(0.000632479 -0.00590961 3.34568)
(0.00350941 -0.00459518 3.40839)
(0.00539189 -0.00452083 3.40804)
(-0.00473848 -0.00686308 3.32945)
(0.000238337 -0.00271003 3.32834)
(0.00663226 -0.00769144 3.40863)
(0.00177217 -0.00263867 3.40701)
(0.00176265 -0.00656212 3.32938)
(-0.00275327 -0.0107396 3.51824)
(-0.00237191 -0.00884477 3.57641)
(0.00263381 -0.00973718 3.48354)
(0.00625064 -0.0110508 3.53981)
(0.00227717 -0.00928245 3.54123)
(0.00819083 -0.0086679 3.48185)
(0.00124051 -0.00894162 3.5424)
(0.00715528 -0.00987992 3.48156)
(0.00343967 -0.00929185 3.48339)
(0.00102415 -0.00654038 3.49622)
(0.000483508 -0.00766605 3.54912)
(0.00105773 -0.00653517 3.55487)
(0.00110126 -0.0075929 3.49191)
(-0.00147818 -0.00755983 3.42071)
(-0.00847298 -0.00850386 3.41758)
(-0.00489348 -0.00887716 3.35665)
(-0.00427998 -0.00768382 3.33472)
(-0.00163209 -0.00558539 3.43836)
(-0.00728571 -0.011255 3.4162)
(-0.00151501 -0.00916959 3.33867)
(-0.00341744 -0.00838944 3.45316)
(-0.00338206 -0.00896055 3.3716)
(-0.000977859 -0.00654298 3.41873)
(-0.00516468 -0.00881716 3.41721)
(-0.00246749 -0.00693348 3.33521)
(0.000859511 -0.00780463 3.33602)
(-0.00402604 -0.00841179 3.41709)
(0.000151543 -0.00833323 3.41864)
(0.000294335 -0.00685606 3.33655)
(-0.0018205 -0.00551042 3.43162)
(-0.00185011 -0.00680365 3.34682)
(-0.00220182 -0.00732913 3.42791)
(-0.00187899 -0.00560031 3.34976)
(0.000205373 -0.00525656 3.47355)
(0.00337337 -0.0044111 3.53631)
(0.0201843 -0.00875752 3.53651)
(0.0122029 -0.00439872 3.47401)
(0.00208258 -0.00734897 3.53595)
(0.00182868 -0.00328238 3.47364)
(0.0109277 -0.00925299 3.47434)
(0.000740524 -0.00232391 3.51329)
(0.00128254 -0.00490062 3.57506)
(-0.000932964 -0.00491216 3.48054)
(0.0187975 -0.00787839 3.5405)
(-0.00803946 -0.010024 3.5601)
(0.00377941 -0.0165311 3.48183)
(-0.00177161 -0.00828648 3.54253)
(0.0128348 -0.0107715 3.4793)
(-0.00298995 -0.00610639 3.49837)
(0.00157243 -0.00387857 3.42457)
(-7.43704e-05 -0.00408828 3.34443)
(0.00303847 -0.00455895 3.42335)
(-0.00149904 -0.00363935 3.34598)
(-0.000144818 -0.0060086 3.40909)
(0.0144884 -0.00232481 3.40962)
(-8.87962e-05 -0.0017524 3.32912)
(0.00120017 -0.00682586 3.33147)
(0.00119638 -0.00230092 3.40861)
(0.0123819 -0.00658408 3.4104)
(-0.00181148 -0.00384188 3.33016)
(0.000993661 -0.00174641 3.44817)
(-8.34703e-05 -0.000550569 3.36935)
(-0.00139195 -0.00610775 3.41535)
(0.00395399 -0.0140042 3.41686)
(0.00517246 -0.00777583 3.33631)
(-0.00216947 -0.00529325 3.35538)
(0.0149968 -0.00543689 3.41467)
(-0.00677429 -0.00934232 3.43333)
(-0.000968918 -0.00324658 3.33662)
(0.00107372 -0.00698562 3.49848)
(0.00317847 -0.00722761 3.55665)
(0.00126135 -0.0089617 3.55617)
(0.00283002 -0.00712737 3.49746)
(0.00571487 -0.00675684 3.48964)
(0.0132668 -0.00694286 3.54164)
(0.00533036 -0.00797765 3.56405)
(0.00780745 -0.0107412 3.48849)
(0.00639978 -0.00965391 3.547)
(0.0114288 -0.00963788 3.48446)
(0.00208412 -0.00502287 3.50768)
(0.00447132 -0.0123593 3.51895)
(0.00543982 -0.0146091 3.57602)
(-0.000996869 -0.00855075 3.42154)
(-0.00230935 -0.00700178 3.41822)
(4.4663e-05 -0.00617604 3.33785)
(-0.00658776 -0.00994981 3.33751)
(-0.000705334 -0.00709845 3.41995)
(-0.00729856 -0.00986747 3.41934)
(4.87645e-06 -0.00706829 3.3386)
(-0.00245045 -0.00676314 3.43415)
(-0.000218633 -0.0059238 3.35004)
(-0.0002176 -0.00631903 3.43257)
(-0.00243935 -0.00559242 3.35217)
(0.00520368 -0.00883029 3.42506)
(-0.000636052 -0.0159477 3.42345)
(0.0012145 -0.0106917 3.3398)
(0.00425279 -0.00620681 3.36096)
(0.000927408 -0.00864015 3.42015)
(0.00686691 -0.00851602 3.44288)
(0.00480003 -0.00666171 3.34386)
(0.00312843 -0.0125471 3.45509)
(0.00257104 -0.0107002 3.37436)
(-0.0142656 -0.0142169 3.499)
(-0.0122142 -0.0138869 3.43359)
(-0.00199203 -0.000422631 3.47607)
(-0.000808267 -0.00609413 3.53515)
(0.00445308 -0.00212208 3.5357)
(0.00354428 0.00258289 3.47686)
(-0.000329331 -0.00227872 3.53483)
(-0.00017351 -4.97214e-05 3.47651)
(0.00273863 -0.000833372 3.47703)
(8.96028e-05 -3.93484e-05 3.51476)
(0.00260657 -7.16631e-05 3.57293)
(-0.000517439 -0.000271406 3.49111)
(0.00399719 -0.000219546 3.5491)
(9.59832e-05 -0.00197173 3.54942)
(0.00308905 0.000850525 3.49074)
(-0.00103345 -0.00268966 3.41909)
(-0.0108545 -0.00191678 3.41655)
(-0.00281333 0.00263768 3.33895)
(-0.00635497 -0.00582604 3.3591)
(-0.00531205 -0.00212694 3.41614)
(-0.00388464 -0.00293528 3.43581)
(-0.00343525 -0.00268635 3.34195)
(-0.00114093 -0.00184729 3.41219)
(0.00140989 -0.0025529 3.41306)
(-0.00125572 0.00323871 3.33542)
(2.52888e-05 -0.000833342 3.33512)
(-0.00187236 -0.00307694 3.41284)
(0.00154121 -0.00228962 3.41291)
(-0.00261099 -1.62968e-05 3.33512)
(-0.000725119 -0.000491533 3.45042)
(-0.0023344 -0.000202003 3.37301)
(-0.000313526 -0.000510321 3.42727)
(0.00108003 0.000881665 3.34894)
(0.00183822 -0.0005062 3.42674)
(-0.000700415 0.00119289 3.34983)
(0.00751458 -0.00454343 3.47797)
(0.0136349 -0.0188659 3.53434)
(-7.67136e-05 -0.00137057 3.55634)
(0.00701992 -0.00286377 3.47971)
(0.00590262 -0.00470546 3.53704)
(0.00973874 -0.0101581 3.47582)
(0.00434954 -0.00531791 3.4974)
(0.00559898 0.00289811 3.49072)
(0.00377179 -0.00292304 3.54585)
(0.00540245 0.00195878 3.54941)
(0.00287268 -0.00057999 3.48734)
(0.0132927 -0.00432172 3.50994)
(0.0145985 -0.0053959 3.5685)
(0.00492691 -0.000910558 3.41191)
(0.00509002 -0.00125462 3.41031)
(0.00727481 0.00763517 3.33388)
(0.00207088 0.00090506 3.33197)
(0.00880678 -7.66651e-05 3.41152)
(0.00268406 -0.00089209 3.40894)
(0.0059484 0.000580277 3.33406)
(0.00582675 -0.00417934 3.41377)
(0.0123226 -0.00432941 3.41486)
(0.0100801 0.00135357 3.33462)
(0.00812083 -0.00664593 3.35515)
(0.0135196 -0.00767255 3.41165)
(0.00471652 -0.00356092 3.4328)
(0.00693394 -0.00367159 3.3367)
(0.00502518 0.00151301 3.42684)
(0.00117901 0.00194394 3.34642)
(0.0020035 -0.000426567 3.42369)
(0.00484558 0.00282943 3.34906)
(0.0100605 -0.00356931 3.446)
(0.00854272 -0.00233236 3.36878)
(0.0142611 -0.0138108 3.43337)
(0.0240002 -0.0278154 3.18428)
(0.0224811 -0.025927 3.09525)
(0.00385467 0.00181513 3.17435)
(0.000608558 0.00474476 3.26786)
(0.0050716 0.00204379 3.27012)
(-0.000785172 0.00496349 3.17179)
(0.00748566 -0.0042598 3.16743)
(0.0149311 -0.00995813 3.2795)
(0.0107919 0.0136802 3.25983)
(0.0245728 -0.00146829 3.16945)
(0.00976388 -0.00418778 3.26384)
(0.0137854 -0.00881543 3.18422)
(0.0116963 0.0138827 3.16496)
(0.00662917 -0.000618961 3.15877)
(0.000453043 0.00258659 3.25614)
(0.00833835 0.0137035 3.25558)
(-0.00087691 0.016821 3.15819)
(0.00795434 0.000437482 3.25627)
(-0.00125058 0.00177427 3.15801)
(0.00831442 0.0112382 3.15887)
(-0.000340783 0.000857413 3.10909)
(-0.00216561 0.00210647 3.00869)
(0.00243099 0.000905155 3.08649)
(-0.00384821 0.00563025 2.98239)
(-0.00218889 0.00438122 3.08324)
(0.000789425 0.00243706 2.98593)
(0.005159 -0.00217971 3.0795)
(0.0226527 -0.000945332 3.08077)
(0.011312 -0.00752362 2.99747)
(0.00762468 0.0174205 2.97579)
(0.0123562 -0.00700685 3.09702)
(0.00813345 0.014386 3.07627)
(0.00335814 -0.00247128 2.97866)
(0.00443593 0.000804235 3.07196)
(-0.00284593 0.0152199 3.06998)
(-0.00449376 0.00290581 2.96897)
(0.00483721 0.0118611 2.97003)
(-0.00261646 0.00330876 3.07044)
(0.00537227 0.00892525 3.07127)
(0.0032963 0.000511285 2.97097)
(-0.00789892 -0.00152607 3.19131)
(-0.00738822 -0.00138175 3.2868)
(-0.00476487 0.000604252 3.15545)
(-0.00174692 0.000909001 3.25214)
(-0.00539057 0.011322 3.25221)
(-0.00269938 0.00492386 3.15559)
(-0.00466179 0.00190586 3.25312)
(-0.00333361 -0.000234144 3.15509)
(-0.007313 0.0080797 3.15546)
(-0.00756337 -0.00313122 3.15984)
(-0.00536849 -0.00415987 3.27341)
(-0.00625305 0.000277631 3.25267)
(-0.00921553 -0.00342954 3.15991)
(-0.0076356 -0.00246655 3.25605)
(-0.00505352 -0.00368569 3.17672)
(-0.00928531 -0.000717489 3.15729)
(-0.00342585 0.00164631 3.08275)
(-0.00551152 0.00127641 2.98144)
(-0.00410035 0.000399374 3.08149)
(-0.00445132 0.00222837 2.98248)
(-0.00890752 -0.00232234 3.10271)
(-0.00944508 -0.00199359 3.00285)
(-0.00539799 0.00126816 3.06768)
(-0.00436991 0.00312422 3.06763)
(-0.00670174 -8.88714e-05 2.96756)
(-0.00920554 0.00627238 2.96659)
(-0.00493826 0.000504217 3.06806)
(-0.00714642 0.00512176 3.06731)
(-0.00693735 0.000467545 2.96719)
(-0.00850433 -0.00237987 3.07151)
(-0.00749432 -0.00718312 3.06972)
(-0.00772235 -0.00453738 2.98797)
(-0.0101898 0.000779005 2.96798)
(-0.00591995 -0.00280126 3.08782)
(-0.00845104 -0.00231336 3.0681)
(-0.00946478 -0.00343809 2.9715)
(-0.00813303 -0.00811259 3.17497)
(-0.00569757 -0.00496009 3.08267)
(0.00170097 -0.00887481 3.1679)
(0.00873471 -0.0136488 3.27398)
(-0.0112093 -0.0115327 3.25339)
(-0.00321132 -0.0222256 3.16838)
(0.00184252 -0.00686997 3.25613)
(0.0118265 -0.0166347 3.18516)
(-0.0189191 -0.00934126 3.16495)
(-0.00180515 -0.00485702 3.17913)
(-0.00125775 -0.00366203 3.26531)
(0.000728745 -0.00493239 3.26753)
(-0.00396303 -0.00310578 3.17772)
(-0.00109033 -0.00740854 3.16319)
(-0.00505062 -0.00787044 3.25114)
(-0.00149131 -0.00218362 3.25039)
(-0.0182027 -0.00216697 3.16282)
(0.000438853 -0.00566781 3.25168)
(-0.0145212 -0.00721937 3.16239)
(-0.00297598 -0.00254259 3.16224)
(-0.000388592 -0.00240808 3.11393)
(-0.00111101 -0.0009707 3.02122)
(0.000796057 -0.00783377 3.08201)
(-0.0010822 -0.0208351 3.08009)
(0.010842 -0.0156639 3.00453)
(-0.0228566 -0.00844224 2.98456)
(0.00969813 -0.015089 3.0984)
(-0.0177699 -0.00985991 3.07785)
(0.000436284 -0.00799502 2.98905)
(-0.00197178 -0.0033631 3.09389)
(-0.00520996 0.00117702 3.00187)
(-0.004656 -0.00222256 3.09197)
(-0.00360542 -0.00364645 3.00147)
(-0.00226991 -0.00646721 3.07831)
(-0.0191215 -0.00144806 3.07648)
(-0.0199223 -0.00635224 2.98337)
(-0.00514666 -0.00128462 2.98594)
(-0.0134595 -0.00684961 3.07629)
(-0.00441943 -0.00197338 3.07758)
(-0.00375544 -0.00702222 2.98544)
(-0.00312935 -0.00605717 3.19114)
(-0.00393825 -0.00678992 3.28906)
(-0.0023214 -0.00435987 3.1547)
(-0.0130347 -0.00520467 3.25423)
(-0.00204252 -0.00655874 3.25351)
(-0.010451 -0.00555543 3.15524)
(-0.00290454 -0.00454437 3.25387)
(-0.00981496 -0.00405314 3.15524)
(-0.0018148 -0.00522186 3.15421)
(-0.00367968 -0.00447743 3.16911)
(-0.00418996 -0.00613878 3.26543)
(-0.00429845 -0.00488872 3.26756)
(-0.00334149 -0.00503238 3.16745)
(-0.00221796 -0.00344566 3.06599)
(-0.0101689 -0.0045829 3.06495)
(-0.00473985 -0.00747639 2.97761)
(-0.00768485 -0.00365932 2.95857)
(-0.00245639 -0.00603743 3.08342)
(-0.01146 -0.00413211 3.06451)
(-0.00299238 -0.00332599 2.95942)
(-0.00363404 -0.00447075 3.10021)
(-0.00304717 -0.00416347 2.99404)
(-0.00449298 -0.00323167 3.06353)
(-0.0172185 -0.00478913 3.06533)
(-0.014604 -0.00253403 2.9574)
(-0.00395229 -0.00274135 2.95522)
(-0.0169297 -0.00294496 3.06533)
(-0.0036686 -0.00400702 3.06337)
(-0.00463046 -0.00307595 2.95562)
(-0.0053292 -0.00438404 3.07791)
(-0.00369794 -0.00296658 2.97027)
(-0.00458518 -0.00402718 3.07703)
(-0.00460849 -0.00399155 2.97115)
(-0.00355308 -0.00176194 3.16385)
(-0.0012586 -0.000949431 3.25113)
(0.00055247 -0.00352035 3.25307)
(-0.0103596 -0.00137009 3.16326)
(-0.00238345 -0.0035891 3.25219)
(-0.00236112 -0.000387608 3.16263)
(-0.00898437 -0.00359638 3.1645)
(-0.00109849 0.00025147 3.20196)
(-0.000178633 -0.000350841 3.29041)
(-0.00133028 -0.00108425 3.17014)
(0.00434068 -0.00226609 3.25703)
(-0.00448444 -0.00663432 3.27657)
(-0.00321597 -0.0100636 3.1726)
(-0.00133388 -0.00331857 3.25814)
(-0.0034659 -0.00382299 3.16861)
(-0.00141027 -0.00383486 3.18876)
(-0.00379699 -0.00154089 3.09357)
(-0.0042843 0.00140713 2.99732)
(-0.00236324 -0.00174214 3.09167)
(-0.0046757 -0.00217942 3.00143)
(-0.00373298 -0.00093554 3.07889)
(-0.0107116 -0.000242845 3.07718)
(-0.00378163 0.00105997 2.98597)
(-0.0154365 -0.00155001 2.98639)
(-0.00268518 0.00035584 3.07829)
(-0.00955091 -0.00124177 3.07835)
(-0.00400715 -0.000482669 2.98704)
(-0.000922896 0.000589059 3.11581)
(-0.00145698 0.0013547 3.02348)
(-0.00148601 -0.000506013 3.08454)
(-0.00253411 -0.00856647 3.08467)
(-0.00730172 -0.00140136 2.98937)
(-0.00148191 -0.00423096 3.01019)
(-0.00320908 -0.000695645 3.08182)
(-0.00235008 -0.00432106 3.10219)
(-0.00201702 0.000141659 2.99269)
(-0.00342077 -0.00450235 3.17131)
(-0.00286277 -0.00500057 3.26738)
(-0.00440633 -0.00531725 3.27006)
(-0.00274094 -0.00432082 3.16834)
(0.00297987 -0.00695778 3.16342)
(-0.00950745 -0.00944781 3.25871)
(0.00705653 -0.00950464 3.27768)
(-0.00118048 -0.0179605 3.16477)
(0.00374559 -0.00822047 3.26166)
(-0.00848424 -0.0102323 3.16148)
(0.00467287 -0.00844165 3.17978)
(0.000901699 -0.00774511 3.19511)
(0.00113124 -0.00951383 3.29274)
(-0.00393865 -0.00730666 3.06541)
(-0.0191915 -0.00382008 3.06665)
(-0.00505338 -0.00325507 2.95727)
(-0.0147717 -0.00726747 2.95996)
(-0.00484264 -0.00422372 3.0651)
(-0.0172447 -0.00843561 3.06767)
(-0.00406599 -0.00618562 2.95782)
(-0.0039661 -0.00416391 3.08037)
(-0.00402347 -0.00245542 2.97029)
(-0.00422833 -0.00321698 3.0765)
(-0.00297451 -0.00340757 2.97379)
(0.00172033 -0.00707532 3.07224)
(-0.00233365 -0.0174323 3.07339)
(-0.013954 -0.00759722 2.96538)
(0.00377538 -0.00852099 2.98366)
(-0.0144971 -0.00834694 3.07076)
(0.00513548 -0.00965597 3.08887)
(0.000923171 -0.00591832 2.96594)
(-0.000125555 -0.00557084 3.10415)
(-0.000324323 -0.00436601 2.99853)
(-0.0101546 -0.00845644 3.18816)
(-0.00859993 -0.0073784 3.09823)
(-0.00341845 0.000128948 3.16449)
(-0.0026973 -0.00167018 3.25593)
(-0.00105113 -0.00205708 3.25511)
(-0.000475002 0.00685906 3.16445)
(-0.00244809 -0.00123094 3.25513)
(-0.00252998 0.00602694 3.16484)
(-0.00155091 -0.000794337 3.16428)
(-0.00380663 -0.000186871 3.20198)
(-0.00339042 -0.000886906 3.29249)
(-0.00103243 0.0023321 3.17926)
(-6.51615e-06 -0.000219611 3.26889)
(-0.00097561 0.000598828 3.26999)
(-0.000320096 0.00132745 3.17783)
(-0.00490996 -0.0030935 3.08192)
(-0.00735531 -0.00393024 3.08078)
(-0.00539199 0.00365233 2.98129)
(-0.00657584 -0.00605471 3.00109)
(-0.00569979 -0.0028906 3.07919)
(-0.0052577 -0.00432147 3.09874)
(-0.00526976 -0.00308639 2.984)
(-0.00392912 -0.00053658 3.07594)
(-0.00144053 0.000891459 3.07593)
(-0.00405406 0.0080887 2.97785)
(-0.00189539 -0.00065798 2.9772)
(-0.00391592 0.00114909 3.07646)
(-0.00242089 -0.00159344 3.07567)
(-0.00445348 0.000230287 2.97762)
(-0.00569878 -0.00137794 3.11275)
(-0.00520779 -0.000501026 3.01505)
(-0.00188216 0.00180001 3.09063)
(-0.00108514 0.0017423 2.99111)
(-0.00121341 0.000278446 3.08896)
(-0.00175954 0.00320275 2.99302)
(0.00568939 -0.00295389 3.16652)
(0.0122842 1.59581e-05 3.25453)
(0.00785942 -0.00535752 3.27474)
(0.013437 0.000187204 3.16538)
(0.0054415 -0.00374234 3.25718)
(0.00944036 0.00667397 3.16352)
(0.00904209 -0.00677724 3.18328)
(0.00381072 0.00295045 3.17823)
(0.000347235 0.00166125 3.26704)
(0.00422686 0.00172919 3.26936)
(-0.000140769 0.00338059 3.17652)
(0.00528169 -0.0010885 3.19843)
(0.00651277 -0.00203943 3.28917)
(0.00404542 -0.000484939 3.0753)
(0.00128319 0.00757625 3.07551)
(0.00433977 0.00816498 2.97609)
(6.78773e-05 0.00128717 2.97703)
(0.00555216 0.00351534 3.07499)
(-0.000243293 0.000332387 3.07509)
(0.00367277 0.000489156 2.97659)
(0.00383319 -0.00313807 3.07829)
(0.0121962 -0.00209607 3.07524)
(0.00730901 0.00611084 2.97618)
(0.00668354 -0.0050767 2.99531)
(0.00907106 0.0023058 3.07462)
(0.00758235 -0.00550688 3.09432)
(0.00335404 -0.00210511 2.98004)
(0.00293687 0.00209346 3.08971)
(-0.00115057 0.00358355 2.99102)
(-0.00102081 0.00280595 3.08835)
(0.00227498 0.00301684 2.9917)
(0.00401972 -0.00104065 3.10995)
(0.00309419 -0.000434344 3.01206)
(0.0159329 -0.0149294 3.08891)
(0.0179123 -0.0202033 2.81482)
(0.00787357 -0.0106221 2.72607)
(-0.00276085 0.00375787 2.79592)
(-0.00475263 0.00423823 2.89076)
(-0.000897526 0.00119703 2.89479)
(-0.00647853 0.00597225 2.79174)
(-0.00128689 -0.000344765 2.78809)
(0.00715241 -0.00335386 2.90651)
(0.00426265 0.0147077 2.88433)
(0.0170873 0.00861868 2.79346)
(-0.000115865 -0.000168047 2.88727)
(0.00628959 -0.00496956 2.80825)
(0.00227487 0.0197481 2.78495)
(-0.000659812 0.00194803 2.78143)
(-0.00539123 0.00362831 2.87789)
(0.00172352 0.00777212 2.87944)
(-0.00731452 0.0192146 2.77756)
(0.000335715 0.00143676 2.88039)
(-0.00731895 0.00362391 2.77867)
(0.000536026 0.0139835 2.77983)
(-0.00725767 0.00352531 2.72957)
(-0.00781413 0.00476143 2.63733)
(-0.00447035 0.00251251 2.70718)
(-0.00787808 0.00557492 2.61117)
(-0.00660034 0.00415112 2.70295)
(-0.00598297 0.00483227 2.61516)
(-0.00526355 0.00171268 2.69867)
(0.00870337 0.00762576 2.70386)
(-0.000621607 -0.00136788 2.62658)
(-0.00354932 0.0185886 2.6033)
(0.000136989 0.000813327 2.71897)
(-0.000400269 0.0146526 2.69624)
(-0.00570164 0.00161882 2.60593)
(-0.00378057 0.00201703 2.69267)
(-0.00677855 0.0129444 2.68956)
(-0.00861587 0.00356386 2.59752)
(-0.00377816 0.0142405 2.59933)
(-0.00721372 0.00320418 2.68972)
(-0.00219825 0.00824211 2.69203)
(-0.004471 0.0029981 2.60057)
(-0.01085 -0.0023899 2.81405)
(-0.0100556 -0.0028992 2.91134)
(-0.00960843 0.000625724 2.77855)
(-0.00731771 0.00057359 2.87688)
(-0.00966723 0.00362569 2.87551)
(-0.00810351 0.00777457 2.77799)
(-0.00721249 0.000879979 2.87628)
(-0.00891659 0.000535453 2.7789)
(-0.0117825 0.00813979 2.77693)
(-0.0114199 -0.00410067 2.78308)
(-0.00820737 -0.00310369 2.89618)
(-0.011095 -0.00169632 2.87606)
(-0.0157679 -0.00621161 2.78098)
(-0.00972985 -0.00275264 2.88006)
(-0.0110746 -0.00594712 2.79944)
(-0.0124384 0.00308541 2.77813)
(-0.00684705 0.00131332 2.70453)
(-0.00852097 0.00283912 2.61302)
(-0.00765638 0.000984254 2.70386)
(-0.00836432 0.0024099 2.61373)
(-0.0101566 -0.00265952 2.72578)
(-0.0110421 -0.0023785 2.63601)
(-0.00909272 0.000477663 2.68996)
(-0.00822215 0.00564133 2.69041)
(-0.00930977 0.00143525 2.59989)
(-0.0138093 0.0118267 2.59794)
(-0.00805243 0.00087272 2.69066)
(-0.012659 0.00721463 2.68936)
(-0.0118094 0.000862565 2.59903)
(-0.0106066 -0.00365523 2.69461)
(-0.021131 -0.00646855 2.69223)
(-0.0149514 -0.00793268 2.62057)
(-0.0144429 0.0068511 2.60021)
(-0.0112208 -0.00467928 2.7103)
(-0.0150363 0.0027233 2.69036)
(-0.0129144 -0.00464308 2.6052)
(-0.0127156 -0.0134602 2.78778)
(-0.0167518 -0.0198646 2.69832)
(-0.00100454 -0.00452271 2.80965)
(0.00932225 -0.0129527 2.91705)
(-0.0216724 -0.00474793 2.89562)
(-0.00631541 -0.0153289 2.80382)
(-0.000401884 -0.00589894 2.90211)
(0.00750144 -0.0106644 2.8247)
(-0.0193368 -0.00471661 2.80266)
(-0.00363074 -0.000319867 2.82079)
(-0.00627346 0.00382655 2.91638)
(-0.00436433 -0.000405992 2.91387)
(-0.00471799 0.00516154 2.82258)
(-0.00482462 -0.00379799 2.80708)
(-0.0191127 -0.00340141 2.89559)
(-0.00639097 0.000449737 2.90115)
(-0.0210901 0.00106799 2.80504)
(-0.00447292 -0.00501924 2.89954)
(-0.0177203 -0.00289715 2.80313)
(-0.00645499 0.00158226 2.80934)
(-0.00207224 0.00215203 2.75535)
(-0.000690897 0.00198744 2.66599)
(-0.00101689 -0.00244255 2.72459)
(-0.00560978 -0.0058749 2.71648)
(0.00206182 -0.00364152 2.65075)
(-0.0068087 0.000646498 2.62627)
(0.00663534 -0.00782189 2.73988)
(-0.0159046 0.00229583 2.71602)
(-0.0017773 -0.000382679 2.63517)
(-0.00337765 0.00149985 2.73478)
(-0.000377817 0.00417809 2.64565)
(-0.00389206 0.00562882 2.73616)
(-0.00026786 0.0013714 2.64465)
(-0.00408458 -0.00126578 2.72284)
(-0.0157232 0.00367052 2.71935)
(-0.00473176 0.00205038 2.62752)
(-0.00388502 0.00394145 2.63527)
(-0.014186 0.00186821 2.71776)
(-0.00466424 0.00351468 2.7252)
(-0.00314092 0.00105987 2.63266)
(-0.00277837 -0.00446211 2.79759)
(-0.00310961 -0.00317177 2.90182)
(-0.00560014 -0.00288862 2.75728)
(-0.0135781 -0.00247531 2.86614)
(-0.00405273 -0.00145296 2.86361)
(-0.0116901 -0.00167643 2.76029)
(-0.00447669 -0.00351812 2.86321)
(-0.0120579 -0.00251699 2.7607)
(-0.00446978 -0.000792176 2.75734)
(-0.0038547 -0.00351031 2.77342)
(-0.00342487 -0.00142197 2.87853)
(-0.00438231 -0.00469438 2.87806)
(-0.00232508 -0.00412588 2.77134)
(-0.00372796 -0.00527871 2.67649)
(-0.00204338 -0.0150188 2.6791)
(-0.0086681 -0.0109351 2.60161)
(0.00277298 -0.00773121 2.58492)
(-0.00919129 -0.0118649 2.69432)
(0.00122655 -0.00543091 2.67681)
(-0.00398329 -0.00478577 2.58387)
(-0.00248281 -0.00400268 2.71089)
(-0.0018331 -0.00557283 2.61844)
(-0.00322223 -0.00498291 2.67054)
(-0.00179795 0.000393772 2.6747)
(-0.000252383 -0.00343276 2.58097)
(-0.00327627 0.000390054 2.57723)
(-0.00189073 -0.0038658 2.67436)
(-0.00431609 0.000268764 2.67105)
(-0.0041495 -0.00328861 2.57673)
(-0.00162879 -0.00639412 2.68653)
(2.81389e-05 -0.00397456 2.59162)
(-0.00177535 -0.00129058 2.68414)
(-0.000559713 -0.00281667 2.5934)
(-0.00283201 -0.000204217 2.81127)
(-0.00184047 0.00224128 2.90032)
(-0.0140529 -0.000571794 2.89891)
(-0.0107804 0.0012696 2.80586)
(-0.00294015 0.000604942 2.90211)
(-0.00221941 0.00288313 2.80879)
(-0.00956858 -0.000970889 2.80719)
(-0.000188169 0.00188614 2.84472)
(-0.000824619 0.00187296 2.93618)
(-0.00271248 -0.000381302 2.81491)
(-0.00504228 -0.00128346 2.90039)
(-0.00142197 -0.00459003 2.92331)
(-0.00498568 -0.0137778 2.81282)
(-0.0016393 0.000689058 2.90624)
(-0.000635046 -0.00141414 2.80805)
(-0.00345576 -0.00690644 2.83239)
(-0.000499902 0.00144146 2.73913)
(0.00180557 0.0047074 2.64402)
(-0.00110119 0.00565678 2.73314)
(0.00293097 0.00106164 2.64967)
(-0.00131719 0.00102055 2.72724)
(-0.00530275 0.00217432 2.72023)
(-0.000750552 0.00416218 2.63438)
(0.00755498 -0.00265974 2.63173)
(-0.000720821 0.00433386 2.72461)
(-0.00334894 -0.00212706 2.72174)
(-0.00102113 -0.00108893 2.63738)
(0.000719527 0.00205914 2.75895)
(0.00183763 0.000726768 2.66914)
(-0.00223121 0.000140949 2.72937)
(-0.00149438 -0.0203177 2.72601)
(0.0138595 -0.00445432 2.63109)
(-0.00683788 -0.0101246 2.65744)
(0.00564695 -0.00515319 2.7213)
(-0.00278037 -0.00667591 2.74705)
(-0.0037383 -0.00229697 2.63913)
(-0.00113701 -0.00188493 2.77787)
(-0.00333878 -0.00108982 2.87731)
(-0.0018628 -0.00332278 2.88235)
(-0.00355472 -0.0039338 2.77571)
(-0.000856517 -0.00320284 2.76852)
(-0.0137862 -0.00455494 2.87288)
(0.00181181 -0.00669948 2.89168)
(-0.00243517 -0.0084046 2.77476)
(-0.00018385 -0.00384552 2.87328)
(-0.0125634 -0.00245905 2.7692)
(0.00171301 -0.00514355 2.78788)
(-0.000731094 -0.00224704 2.80208)
(-0.000661795 -0.00133621 2.90596)
(-0.0019512 -0.00125834 2.67473)
(-0.00621229 0.00168733 2.67529)
(-0.00393325 0.000500469 2.57831)
(-0.00300944 0.00243191 2.5838)
(-0.00135218 0.000285946 2.67237)
(-0.00249818 -0.000154477 2.67769)
(-0.0031523 0.000242339 2.58047)
(0.00175563 -0.00353633 2.69115)
(-0.000680419 -0.0041598 2.59597)
(0.000751792 -0.00150922 2.68934)
(0.00135469 -8.89779e-05 2.59798)
(-0.00141554 0.000515593 2.68114)
(0.000853078 -0.000665097 2.68658)
(-0.00193628 0.00514265 2.58895)
(-0.00148889 0.0007835 2.60694)
(-0.0037324 0.00155307 2.68192)
(-0.00260118 -0.000504861 2.70062)
(-0.00218908 0.000309714 2.58746)
(0.000230183 0.00112923 2.71442)
(1.50926e-05 -0.000981765 2.62089)
(-0.0153544 -0.0123255 2.81912)
(-0.022255 -0.0181479 2.73049)
(-0.00529683 0.0005486 2.79089)
(-0.00529192 0.00798357 2.88775)
(-0.0025451 -0.000376354 2.88738)
(-0.00211745 0.00917991 2.78854)
(-0.00556465 0.000468647 2.88781)
(-0.0060035 0.0125617 2.79007)
(-0.00123373 -5.14654e-05 2.78956)
(-0.00562564 -0.000469771 2.82709)
(-0.00690258 -0.00130515 2.92414)
(-0.00237486 0.00420223 2.80611)
(-0.00173089 0.00150435 2.90062)
(-0.00279254 0.00347226 2.90269)
(-0.00116529 0.00226009 2.80369)
(-0.00728866 -0.00293488 2.70881)
(-0.0182193 0.00520429 2.70996)
(-0.00984042 0.0143999 2.61521)
(-0.0119239 -0.0102127 2.63781)
(-0.00845952 0.0106244 2.70505)
(-0.0116099 -0.0105108 2.72643)
(-0.00552787 -0.00276768 2.61954)
(-0.00682887 0.00142303 2.70555)
(-0.00191021 0.0118957 2.7019)
(-0.00758415 0.0150258 2.61356)
(-4.60962e-05 0.00104241 2.61411)
(-0.00693922 0.0155266 2.70359)
(-0.00165984 0.0012358 2.70366)
(-0.00587421 0.00090242 2.61664)
(-0.00607581 -0.000406755 2.7402)
(-0.00400629 0.000311409 2.65105)
(-0.0033977 0.00475195 2.71978)
(-0.000622849 0.00304145 2.62793)
(-0.00148094 0.0030602 2.71717)
(-0.00276497 0.00423669 2.63079)
(-0.000149628 -0.00074184 2.79376)
(0.00436961 0.00499983 2.88562)
(0.00422786 -0.0040461 2.90493)
(0.00427041 0.0037106 2.78747)
(0.00116415 -0.00188774 2.89036)
(0.00404521 0.00463337 2.78834)
(0.00120436 -0.00177422 2.80765)
(5.88883e-05 0.00334722 2.80482)
(-0.00215299 0.00364016 2.90113)
(0.000812353 0.00323805 2.90163)
(-0.0018555 0.00315065 2.80488)
(0.00101962 0.000371228 2.82535)
(0.00166777 0.000250426 2.92192)
(-0.000765571 0.00164275 2.70407)
(-0.00154048 0.0094537 2.70414)
(-0.00165543 0.00493014 2.61184)
(-0.000876978 0.000226263 2.61722)
(-0.0014313 0.00834422 2.70205)
(-0.00194447 0.000777692 2.7063)
(-0.00242191 0.0011718 2.61469)
(-0.00214523 -0.000163797 2.70831)
(-0.00327004 0.00679752 2.70028)
(0.000130623 -0.00164528 2.61214)
(-0.0069587 0.00296148 2.63295)
(-0.00109457 0.00412773 2.70186)
(-0.00230461 -0.000899132 2.72179)
(-0.00388517 0.000948544 2.61948)
(-0.00174479 0.00452741 2.71882)
(-0.00192148 0.0015575 2.62977)
(-0.00269819 0.00345524 2.71881)
(-0.00237061 0.00363946 2.62971)
(2.58764e-05 0.00124755 2.73928)
(-0.000151508 0.000652211 2.65028)
(0.000174921 0.0035332 2.70971)
(-0.00447065 0.0075016 2.47327)
(-0.016865 0.0170409 2.40086)
(-0.00789768 0.00466682 2.45386)
(-0.0068221 0.00306938 2.53048)
(-0.00707247 0.00304046 2.5342)
(-0.00740113 0.00405054 2.45056)
(-0.00896085 0.00287104 2.44329)
(-0.00798907 0.00548885 2.54443)
(-0.0049228 0.00945468 2.52243)
(-0.00527171 0.0155976 2.44908)
(-0.00945176 0.00296494 2.52423)
(-0.0080434 0.00268349 2.4629)
(-0.00878006 0.0121967 2.44115)
(-0.00730161 0.00303709 2.4387)
(-0.00716012 0.00169781 2.51651)
(-0.00563673 0.00570464 2.51946)
(-0.00832477 0.0117674 2.43637)
(-0.0071698 0.00163499 2.51937)
(-0.00777198 0.00248548 2.43614)
(-0.00722027 0.0105491 2.43836)
(-0.00859893 0.00368298 2.40589)
(-0.00724887 0.00395409 2.34033)
(-0.00833553 0.00216428 2.38468)
(-0.00563434 0.00166854 2.31663)
(-0.00564852 0.000875828 2.38176)
(-0.00837984 0.00348517 2.31909)
(-0.0120578 0.00338123 2.37339)
(-0.0143574 0.00934032 2.37801)
(-0.0134867 0.00613988 2.32561)
(-0.0122766 0.00252998 2.3059)
(-0.0150534 0.00980814 2.392)
(-0.00835728 -0.000202994 2.37178)
(-0.0102128 0.0032406 2.30774)
(-0.00947568 0.000325684 2.36933)
(-0.00546926 -0.00115069 2.3682)
(-0.00556949 0.000546106 2.30185)
(-0.00923279 0.00384853 2.30386)
(-0.00554165 -0.000665834 2.3672)
(-0.00800018 -0.00135646 2.36985)
(-0.00873083 0.00221219 2.30349)
(-0.00852454 -0.00152649 2.47751)
(-0.0084517 -0.00195344 2.5563)
(-0.0122689 0.000575315 2.439)
(-0.00718488 0.00100693 2.5195)
(-0.0140667 0.00924889 2.51864)
(-0.00774723 0.0148777 2.43907)
(-0.0101814 -0.000314627 2.5185)
(-0.00797087 0.00219831 2.43963)
(-0.0140445 0.0128869 2.43831)
(-0.0130534 -0.00436803 2.4469)
(-0.0150071 -0.00654189 2.54023)
(-0.0168286 0.00869995 2.52127)
(-0.0303019 -0.00527436 2.44612)
(-0.0108952 -0.00417109 2.52555)
(-0.019031 -0.00964776 2.46188)
(-0.0147449 0.0143448 2.44198)
(-0.00724956 0.000201655 2.38577)
(-0.00571464 0.00360875 2.3192)
(-0.00593402 0.00231735 2.38467)
(-0.00801138 0.000352647 2.32055)
(-0.00498114 -0.000880431 2.40936)
(-0.00498428 -0.00064702 2.34408)
(-0.00953343 -0.0018304 2.37052)
(-0.0065268 0.00919648 2.37121)
(-0.00531374 0.00224855 2.30501)
(-0.0124508 0.010785 2.3052)
(-0.00498256 0.000496445 2.37089)
(-0.0139289 0.00785267 2.37083)
(-0.011042 -0.000207721 2.30497)
(-0.00972358 -0.00418948 2.37872)
(-0.0360634 -0.00501386 2.37861)
(-0.0209186 -0.0104838 2.32892)
(-0.0132018 0.0186402 2.30945)
(-0.0176416 -0.00746944 2.39384)
(-0.0175649 0.0145461 2.37476)
(-0.0114506 -0.00383869 2.31325)
(-0.0255494 -0.0309376 2.45231)
(-0.0297305 -0.0387692 2.38596)
(-0.00235765 0.0031843 2.4713)
(0.00216781 -0.00108264 2.57017)
(-0.00305355 0.00939937 2.54546)
(0.00486167 0.00849258 2.46457)
(-0.00166519 0.000968715 2.55437)
(-0.00358751 0.0039133 2.48776)
(0.00825248 0.00566751 2.46253)
(0.00335327 0.00266352 2.47984)
(0.000531198 0.00408519 2.56402)
(-0.00013602 0.00301331 2.56369)
(0.00455787 0.0024154 2.48064)
(-0.000673285 0.00572635 2.46799)
(-0.00247831 0.00728821 2.54769)
(-0.00195521 0.00532943 2.55432)
(0.0133994 0.00437408 2.46499)
(-0.00252622 0.00337835 2.55199)
(0.00893042 0.00640257 2.46356)
(-0.000434963 0.00495648 2.46998)
(0.000880293 4.33869e-05 2.42981)
(0.00232789 0.000319876 2.35844)
(-0.00257503 0.00321147 2.39842)
(0.00340456 0.0193332 2.39267)
(-0.00752027 0.00939325 2.3442)
(0.0184486 0.00878956 2.31945)
(-0.00222404 0.00511537 2.41524)
(0.00860846 0.0140453 2.39112)
(-0.00253548 0.00514042 2.32676)
(0.00310449 0.00401273 2.40724)
(0.00841859 -0.00486879 2.33393)
(0.00458375 -0.00136846 2.40697)
(0.00633049 0.0020099 2.33641)
(-0.000889631 0.00692024 2.39496)
(0.0134501 0.0062153 2.39324)
(0.0184809 0.00878794 2.3197)
(0.00363928 0.00332637 2.32292)
(0.00728459 0.0109131 2.39258)
(0.000227885 0.00485663 2.39615)
(0.00213527 0.0081825 2.32294)
(-0.000864249 -0.0068535 2.4668)
(-0.000881324 -0.00601001 2.54234)
(-0.00129092 -0.00379501 2.42661)
(0.0152632 -0.0050869 2.5055)
(-0.000989948 0.000994343 2.50239)
(0.00968454 0.0014504 2.4298)
(-0.000617155 -0.00626946 2.50224)
(0.0119493 -0.00509226 2.42979)
(-0.00136999 0.00155899 2.42667)
(0.00317646 -0.00238951 2.44319)
(0.00265191 -0.00308514 2.51371)
(0.00323136 -0.00467511 2.51808)
(0.00217544 -0.00359754 2.43911)
(-0.00400132 -0.00971452 2.37002)
(0.0114467 -0.0286419 2.37046)
(-0.0121978 -0.0125215 2.32742)
(0.0140545 -0.012679 2.30773)
(-0.0166082 -0.0169706 2.38659)
(0.0215936 -0.0105121 2.3676)
(-0.00314934 -0.00697865 2.31089)
(0.000498892 -0.00626585 2.40346)
(0.000184884 -0.00654768 2.34381)
(0.0029375 -0.00695576 2.36443)
(0.0250954 0.00294718 2.36611)
(0.0201758 -0.00538903 2.30606)
(0.00254538 0.00325517 2.30584)
(0.0281105 -0.00630394 2.3655)
(0.00152747 0.00241818 2.36476)
(0.00254497 -0.00340497 2.3056)
(0.00809331 -0.00356927 2.38034)
(0.00441903 0.0035659 2.31709)
(0.00541087 0.00232646 2.37785)
(0.00717316 0.000634203 2.3205)
(0.00100984 -0.00227626 2.47153)
(0.000439239 0.00516236 2.55306)
(0.0119771 -0.00456793 2.5511)
(0.0198839 0.00403043 2.46434)
(0.000185739 0.000273308 2.55622)
(0.000783232 0.00452278 2.4681)
(0.0238827 -0.00517232 2.46613)
(0.00311057 -0.00215374 2.50388)
(0.00233599 2.18147e-05 2.58767)
(-0.00468769 -0.00449511 2.47289)
(0.0166458 -0.00918837 2.54985)
(-0.00520172 -0.0085228 2.57598)
(0.0105705 -0.0310264 2.47253)
(-0.00336918 -0.00160505 2.55729)
(0.0238324 -0.00772175 2.46568)
(-0.00979536 -0.0116224 2.49214)
(0.0077025 0.00261251 2.4117)
(0.00507096 -0.00397775 2.33486)
(0.00429355 -0.000935164 2.40695)
(0.00932703 -0.000487722 2.33745)
(0.000261568 -0.000478313 2.39696)
(0.0163022 0.00351305 2.39285)
(0.000298283 0.00296915 2.32079)
(0.0309121 -0.00724177 2.31991)
(0.000374103 0.00461303 2.39417)
(0.0228052 -0.00702537 2.39404)
(0.0016676 -0.0035147 2.32251)
(0.00292628 -0.00378642 2.43052)
(0.00237278 -0.00684244 2.35774)
(-0.00467963 -0.00314487 2.39863)
(0.0115641 -0.0335304 2.39943)
(0.0233677 -0.0101364 2.32132)
(-0.0110147 -0.0110142 2.34427)
(0.0212635 -0.0126465 2.39378)
(-0.00719365 -0.00842207 2.41775)
(-0.00540162 -0.00629011 2.32545)
(0.00368381 0.0014293 2.44413)
(0.00447289 -0.00391541 2.52216)
(0.00552961 -0.000766415 2.52163)
(0.00268069 -0.00405586 2.4447)
(-0.00314173 0.00351268 2.43492)
(0.0110337 0.00842588 2.51205)
(-0.00819792 0.00689908 2.53068)
(0.00359165 0.0161922 2.4406)
(-0.00289966 0.0047176 2.51172)
(0.00785922 0.0125506 2.4349)
(-0.00517684 0.00640853 2.454)
(0.000693704 0.00054739 2.46754)
(0.00148373 0.00191192 2.54456)
(0.000918372 0.00757461 2.36592)
(0.0220729 0.00497474 2.36463)
(-0.0010471 0.00367058 2.30582)
(0.0114208 0.0113316 2.30682)
(0.00242891 0.00333957 2.36458)
(0.0221302 0.00934679 2.36632)
(-0.00170728 0.00730911 2.30706)
(0.00728674 0.00146323 2.37996)
(0.00329331 0.00283712 2.32067)
(0.00750453 0.00108752 2.37894)
(0.00323436 0.00548799 2.32091)
(-0.00393465 0.00840435 2.37141)
(0.0119191 0.0244086 2.37514)
(0.0138308 0.0166257 2.30924)
(-0.00830548 0.0112537 2.33098)
(0.0216951 0.0130392 2.36945)
(-0.0132321 0.0132996 2.39034)
(-0.0039795 0.00641409 2.31207)
(0.0020496 0.00449994 2.40319)
(0.000172094 0.00357681 2.34373)
(-0.0322076 -0.0297685 2.47972)
(-0.0350179 -0.0312316 2.40802)
(-0.00607675 0.000625033 2.46064)
(-0.00774686 0.0176968 2.53503)
(-0.000662368 0.0026651 2.53638)
(-0.00215618 0.0128331 2.45524)
(-0.00779567 0.00196267 2.53868)
(-0.00870529 0.0128531 2.45653)
(0.000897694 0.00172605 2.45873)
(-0.00205764 0.000621599 2.49456)
(-0.00416622 0.000403925 2.57228)
(-0.00312542 0.00282846 2.47403)
(-0.000982702 0.00415402 2.54938)
(-0.00396479 0.00433113 2.55219)
(-0.000182418 0.00304138 2.47138)
(-0.00752209 -0.00215485 2.39494)
(-0.0278327 0.00741628 2.39287)
(-0.0123622 0.0158683 2.322)
(-0.0156761 -0.0111381 2.34626)
(-0.00921496 0.0212404 2.38819)
(-0.0189287 -0.0151241 2.41242)
(-0.00480785 -0.00192437 2.32913)
(-0.00796849 0.0014892 2.39198)
(-0.00213793 0.0149519 2.38693)
(-0.00909116 0.00608005 2.32086)
(0.000995488 0.00137905 2.32472)
(-0.00836357 0.0140738 2.38786)
(-0.000190595 0.00291128 2.39063)
(-0.00583843 -0.000318566 2.32526)
(-0.00309734 0.000259048 2.42603)
(-0.00148318 -1.49384e-05 2.36022)
(-0.00454961 0.00252831 2.40528)
(-0.000495478 0.00169218 2.33692)
(-0.00101312 0.00352024 2.40288)
(-0.00359103 0.000629875 2.33884)
(-0.00725642 0.00270611 2.46324)
(-0.00701411 -0.00219246 2.53358)
(-0.0104206 0.00333162 2.55525)
(-0.0168066 0.0066451 2.45676)
(-0.00538355 0.00181015 2.54135)
(-0.00414379 -0.0102352 2.45481)
(-0.0149354 0.0078414 2.47811)
(-0.00443088 0.00274286 2.47349)
(-0.00266294 0.00178435 2.55108)
(-0.00413466 0.00493825 2.55154)
(-0.00161329 -0.000884727 2.47246)
(-0.00118094 0.000450761 2.4935)
(-0.000772097 0.00140105 2.57178)
(-0.00713013 0.00266087 2.39129)
(-0.00343059 -0.00442068 2.38821)
(-0.00834005 -0.00869604 2.32062)
(-0.000725013 -0.00160868 2.32448)
(-0.00978587 0.00168044 2.38717)
(-0.00184403 -2.67888e-05 2.39171)
(-0.00860114 0.000429631 2.32544)
(-0.00804839 0.00369602 2.39452)
(-0.0264323 0.00945014 2.38898)
(-0.00809032 -0.017683 2.32011)
(-0.0197648 0.0112972 2.34523)
(-0.012629 -0.00943734 2.38661)
(-0.0164569 0.00701586 2.41008)
(-0.00974357 0.00404695 2.32821)
(-0.00579076 0.00324027 2.40507)
(-0.00155022 -0.00317462 2.33666)
(-0.00254174 -0.000652328 2.40342)
(-0.0057552 0.000459941 2.33905)
(-0.00199894 0.00103716 2.42471)
(-0.00287175 0.000115706 2.35844)
(-0.0233858 0.0302787 2.39687)
(-0.0220076 0.0248648 2.22055)
(-0.027682 0.0261731 2.17542)
(-0.00784572 0.00224687 2.21379)
(-0.00382275 -0.00166632 2.26149)
(-0.00841497 0.000536377 2.26354)
(-0.00346255 -0.00038558 2.21205)
(-0.0101955 0.00301167 2.20281)
(-0.019519 0.0130598 2.26918)
(-0.0100137 -0.0107041 2.24964)
(-0.0215844 0.0100151 2.2039)
(-0.0129851 0.00342812 2.25205)
(-0.0160328 0.00778466 2.21938)
(-0.0140054 -0.00431107 2.19975)
(-0.00890016 0.00112818 2.19874)
(-0.00342824 -0.00286669 2.24708)
(-0.00909108 -0.00987634 2.24832)
(-0.00423963 -0.00505958 2.19857)
(-0.0105791 -0.00108993 2.24817)
(-0.00308212 -0.00137014 2.19821)
(-0.00992013 -0.00172704 2.19863)
(-0.00647454 0.0020575 2.19176)
(-0.00456371 0.00242555 2.15556)
(-0.00778308 -0.000280519 2.17072)
(-0.00129415 -0.00119267 2.13362)
(-0.00195828 -0.00300615 2.16952)
(-0.00657928 0.00123902 2.13457)
(-0.0127604 0.00328924 2.15967)
(-0.0236692 0.00472406 2.15953)
(-0.0156456 0.00793155 2.13863)
(-0.0141816 -0.00535119 2.11936)
(-0.0207895 0.0138382 2.17537)
(-0.0101246 -0.0130218 2.1562)
(-0.00908823 0.00274793 2.12348)
(-0.0103412 -0.00180488 2.15555)
(-0.00158558 -0.0159645 2.15572)
(-0.000580058 -0.00233295 2.12023)
(-0.00934448 -0.00437676 2.1189)
(-0.00143857 -0.00413843 2.15596)
(-0.00877856 -0.0123508 2.15522)
(-0.00767785 0.00043682 2.11944)
(-0.00195318 -5.19618e-05 2.2393)
(-0.00183081 -0.0004609 2.2893)
(-0.0089026 -0.000800389 2.20136)
(-0.00251127 -0.000161067 2.2501)
(-0.0120247 0.00171899 2.25057)
(-0.00290962 0.0116601 2.20011)
(-0.00781082 -0.00300796 2.25069)
(-0.00238123 0.00184743 2.20021)
(-0.00975087 0.00754544 2.2008)
(-0.00885619 -0.00329772 2.2087)
(-0.0176933 -0.00711903 2.27475)
(-0.0154604 0.0139755 2.25479)
(-0.0330402 -0.00349798 2.21117)
(-0.00732742 -0.00381585 2.25871)
(-0.0203683 -0.0103479 2.22522)
(-0.0101431 0.0188833 2.20464)
(-0.00452606 -0.00181171 2.1739)
(-0.000734656 0.00276099 2.13501)
(-0.0017302 0.00116625 2.17131)
(-0.00435006 -9.51266e-05 2.13768)
(0.000642321 7.48481e-05 2.19679)
(0.000169408 0.000562018 2.16025)
(-0.00563101 -0.00327934 2.15926)
(-0.00262288 0.00341363 2.15724)
(0.000212755 0.00163694 2.12116)
(-0.00732353 0.00775485 2.1221)
(-2.75789e-05 -0.000454318 2.15758)
(-0.0100561 0.000825445 2.15822)
(-0.00648076 -0.00075104 2.12286)
(-0.00478568 -0.003072 2.16628)
(-0.0347283 -0.00409284 2.16862)
(-0.0183948 -0.0096609 2.1462)
(-0.00787279 0.0184609 2.1255)
(-0.0158815 -0.00603091 2.18312)
(-0.0139687 0.0139103 2.16189)
(-0.00635277 -0.00272447 2.12945)
(-0.0287601 -0.0357937 2.22319)
(-0.0282074 -0.0376234 2.18065)
(-0.00331685 0.00641538 2.20902)
(-0.00503617 0.00891261 2.28291)
(0.0141057 0.0165343 2.26039)
(0.0071033 0.0240441 2.20868)
(-0.00338221 0.00429293 2.26561)
(-0.00882884 0.0122193 2.2269)
(0.0180163 0.0106133 2.20453)
(0.00481626 0.00377846 2.22046)
(0.00741106 -0.00258226 2.27565)
(0.00476548 0.00224033 2.27727)
(0.00719873 0.00118779 2.21999)
(0.00132786 0.00872418 2.20432)
(0.0118356 0.0124279 2.26033)
(0.00257229 0.00370715 2.26074)
(0.0225892 0.00348955 2.20322)
(-0.000949539 0.008142 2.2615)
(0.0168436 0.00992495 2.20327)
(0.0028431 0.0030647 2.20303)
(0.000470643 0.00174149 2.19528)
(0.00086433 0.0034993 2.15469)
(-0.00436133 0.00442061 2.16282)
(0.00189435 0.0286755 2.16366)
(-0.00826564 0.0118771 2.14133)
(0.0142375 0.0111652 2.119)
(-0.0050036 0.00980037 2.18111)
(0.00986297 0.0172737 2.15878)
(-0.00351441 0.00606352 2.1225)
(0.00241822 0.00541307 2.17346)
(0.00578572 -0.000809576 2.12975)
(0.00417646 0.00149077 2.1702)
(0.00405904 0.00294829 2.13319)
(-0.00249315 0.00771656 2.1582)
(0.0118804 0.00423828 2.15692)
(0.0133178 0.00942165 2.11804)
(0.00305407 0.00106339 2.11526)
(0.00663151 0.0128252 2.15776)
(-0.000936327 0.00231915 2.15616)
(0.00104702 0.00741367 2.11804)
(-0.00024216 -0.00656362 2.24553)
(0.000808678 -0.00667353 2.29153)
(0.00399403 -0.00241758 2.20993)
(0.0332709 -0.00558998 2.25354)
(0.00298489 0.00389173 2.25437)
(0.0108561 0.00237536 2.2086)
(0.00519558 -0.00641425 2.25486)
(0.0190368 -0.00512439 2.20798)
(0.00300123 0.00470908 2.20915)
(0.00755053 0.00115035 2.22279)
(0.00600869 0.00637016 2.26307)
(0.0104752 -0.00199634 2.26875)
(0.00358204 0.00698807 2.21835)
(-0.00362307 -0.00892138 2.16954)
(0.010164 -0.0263752 2.16832)
(-0.0109677 -0.011589 2.15183)
(0.00883292 -0.0109705 2.12807)
(-0.0162952 -0.0154458 2.18754)
(0.0168371 -0.00844054 2.16426)
(-0.00261803 -0.00572246 2.13384)
(0.000501295 -0.00656933 2.20204)
(-0.000397658 -0.00602432 2.16629)
(0.00477137 -0.00475006 2.16694)
(0.0193205 0.00358806 2.16456)
(0.012337 -0.00452033 2.12849)
(0.00250585 0.00464413 2.12942)
(0.0259629 -0.00440926 2.16489)
(0.00386691 0.00467229 2.16492)
(0.00246443 -0.00171751 2.13131)
(0.00930848 0.000194863 2.17952)
(0.00293823 0.00439818 2.13788)
(0.005636 0.00791387 2.17379)
(0.00534076 0.00148532 2.14343)
(0.00296302 -0.00349574 2.20086)
(-0.00234236 0.00363187 2.25812)
(0.0232164 -0.00776453 2.25939)
(0.0182284 0.00290378 2.2008)
(4.45302e-05 -0.00148369 2.25891)
(0.00156565 0.00277922 2.20049)
(0.0255238 -0.00686305 2.2016)
(0.00116297 -0.00743876 2.23836)
(0.00177067 -0.00632242 2.29582)
(-0.00483476 -0.00681683 2.20618)
(0.0162535 -0.0125165 2.26146)
(-0.00768655 -0.00740477 2.28139)
(0.00976164 -0.0284773 2.20961)
(-0.00561348 -0.00417085 2.26344)
(0.0159602 -0.00929069 2.20456)
(-0.0100963 -0.0100459 2.2239)
(0.00689169 0.00199164 2.17145)
(0.0024478 -0.000811967 2.12841)
(0.00329412 0.00135346 2.16996)
(0.00555205 -0.00181654 2.13002)
(0.000295955 -0.00103643 2.15473)
(0.00689872 0.00128121 2.15618)
(0.000762737 0.000828088 2.11459)
(0.0159869 -0.00587873 2.11547)
(0.00010661 0.002437 2.15522)
(0.0143643 -0.00685838 2.15603)
(0.00227317 -0.0034592 2.11346)
(0.000927582 -0.0061359 2.19315)
(1.09919e-05 -0.00710801 2.15215)
(-0.00449087 -0.00403666 2.16082)
(0.00492739 -0.0247956 2.16377)
(0.00978642 -0.00794028 2.11894)
(-0.00854129 -0.00904977 2.13706)
(0.00805949 -0.0121922 2.15942)
(-0.00566382 -0.00574008 2.17807)
(-0.00408664 -0.00649599 2.11988)
(0.00174295 0.00721479 2.22433)
(0.00822575 0.00503767 2.27117)
(0.00676084 0.00424718 2.26932)
(0.00289266 0.00642387 2.22462)
(-0.00444237 0.00829821 2.2161)
(0.0264016 0.0144045 2.256)
(-0.0163935 0.0178538 2.27926)
(0.00203347 0.0277208 2.2154)
(-0.00491122 0.0110367 2.26085)
(0.0115973 0.0185085 2.20998)
(-0.00913782 0.0135631 2.23405)
(-0.00104457 0.00641546 2.24662)
(0.00148096 0.00703814 2.29206)
(-0.000142512 0.0113634 2.16822)
(0.0186835 0.00541428 2.16586)
(-0.001275 0.00490107 2.13384)
(0.00381455 0.0130847 2.12949)
(0.000324796 0.00553886 2.16922)
(0.0168306 0.012045 2.1655)
(-0.00150477 0.00904357 2.13289)
(0.00438969 0.00763645 2.18247)
(0.00115187 0.00398435 2.14961)
(0.00535255 0.00701708 2.18423)
(0.00136844 0.00805576 2.14806)
(-0.00594312 0.0125386 2.17356)
(0.00551796 0.0286049 2.1716)
(0.0029204 0.0189305 2.1306)
(-0.0085728 0.0126362 2.15397)
(0.0172052 0.0148781 2.16715)
(-0.0161311 0.0187784 2.19037)
(-0.00492217 0.00912328 2.13787)
(-0.000716218 0.00967268 2.20453)
(-0.00249463 0.00820479 2.16925)
(-0.0298563 -0.0296906 2.22566)
(-0.0268309 -0.0244216 2.18058)
(-0.0055114 -0.0010074 2.21271)
(-0.00788707 0.00836209 2.26358)
(-0.000633495 0.00276134 2.26697)
(-0.00328594 0.00279497 2.21092)
(-0.00765012 0.0011437 2.26657)
(-0.00888842 0.00282813 2.21005)
(-4.45774e-05 0.000746655 2.21381)
(-0.00249933 -0.0009545 2.24956)
(-0.00360079 -0.000675081 2.30274)
(-0.00385876 -0.000303709 2.22754)
(-0.00167225 0.00193114 2.27944)
(-0.00500291 0.000612853 2.28101)
(-0.00144458 0.000293257 2.22644)
(-0.00766149 -0.00221862 2.17274)
(-0.021614 0.00245519 2.16865)
(-0.0121465 0.00377587 2.12599)
(-0.0108133 -0.00745469 2.14879)
(-0.00815838 0.0109188 2.1663)
(-0.0155434 -0.0122481 2.18884)
(-0.00562307 -0.00207881 2.13262)
(-0.00698532 0.00108656 2.16678)
(-0.00339473 0.00683928 2.16591)
(-0.00847526 0.00295361 2.12482)
(-0.00121698 0.000173975 2.12799)
(-0.00746398 0.00813315 2.16482)
(-0.00149727 0.00247025 2.1678)
(-0.00526175 -0.00117302 2.1272)
(-0.00488393 -0.00137531 2.20401)
(-0.00401309 -0.00166622 2.16392)
(-0.00494766 0.000448864 2.18186)
(-0.00233263 -0.000448354 2.14099)
(-0.00247899 0.000725217 2.18079)
(-0.00386416 -5.9198e-05 2.14193)
(-0.0110103 0.0049154 2.21684)
(-0.0165593 -0.0124061 2.26326)
(-0.0182729 0.00905642 2.28711)
(-0.0289536 0.00263256 2.21755)
(-0.00939339 0.00527946 2.26961)
(-0.0106067 -0.0153381 2.21078)
(-0.0199207 0.0122586 2.23486)
(-0.00653093 -0.00133298 2.22845)
(-0.00270214 -0.0022305 2.27857)
(-0.00657481 0.00066047 2.28134)
(-0.00207765 -0.00333351 2.22527)
(-0.00589594 0.00085667 2.24739)
(-0.00405012 0.000867103 2.30027)
(-0.0091303 0.00252981 2.16782)
(-0.00512062 -0.00705964 2.16464)
(-0.0106767 -0.0121896 2.12662)
(-0.00221435 -0.00185914 2.12612)
(-0.0140121 -0.00620878 2.16577)
(-0.00244107 0.000481745 2.16529)
(-0.00946321 -0.000599873 2.12858)
(-0.00984931 0.00604344 2.17099)
(-0.0325853 0.00595476 2.17246)
(-0.0117162 -0.00954026 2.12745)
(-0.0178118 0.0113697 2.14983)
(-0.0184426 -0.00712826 2.16604)
(-0.0165202 0.00875443 2.18867)
(-0.0113696 0.00510497 2.1323)
(-0.00682652 -0.000774283 2.18267)
(-0.00284483 -0.00234903 2.14001)
(-0.00323296 -0.00187795 2.17953)
(-0.00683716 -0.00182142 2.14336)
(-0.00671094 0.00165564 2.20149)
(-0.00836531 0.00188478 2.16235)
(-0.0288157 0.0354411 2.18578)
(-0.0237908 0.0245661 2.07731)
(-0.0248302 0.0227649 2.05463)
(-0.0047346 0.000389897 2.07815)
(3.84355e-05 -0.00341715 2.10156)
(-0.00623279 -0.0013626 2.10227)
(0.000899955 -0.00135694 2.07718)
(-0.00707109 0.00208546 2.06726)
(-0.0191585 0.0131647 2.10625)
(-0.00902607 -0.0139517 2.08663)
(-0.0221547 0.00543723 2.06456)
(-0.0110603 0.00274013 2.09112)
(-0.0138656 0.00745062 2.08253)
(-0.0125091 -0.00600337 2.0616)
(-0.00556965 -0.000234158 2.06415)
(0.000729389 -0.00473434 2.08817)
(-0.0071945 -0.0155151 2.08613)
(0.00017976 -0.00668209 2.06276)
(-0.00861179 -0.00245944 2.08729)
(0.00203651 -0.00272865 2.06448)
(-0.00770781 -0.0059017 2.06207)
(-0.00389004 0.00143874 2.0748)
(-0.00154924 0.00120262 2.05879)
(-0.00467271 -0.000888587 2.05387)
(0.00263213 -0.00136694 2.03652)
(0.00182309 -0.00260308 2.05306)
(-0.00299667 -0.00010372 2.03769)
(-0.00855136 0.00179484 2.04273)
(-0.0205652 0.00238424 2.04108)
(-0.0119276 0.00679876 2.04271)
(-0.00958392 -0.00702092 2.02153)
(-0.0164779 0.01093 2.05805)
(-0.00741751 -0.0111937 2.03756)
(-0.004845 0.00115721 2.02735)
(-0.00633807 -0.00268199 2.03909)
(0.00212918 -0.0135087 2.03845)
(0.00393228 -0.00276599 2.02392)
(-0.00590768 -0.00612523 2.02148)
(0.00284884 -0.0047926 2.03951)
(-0.00529406 -0.0118101 2.03739)
(-0.00363554 -0.0007787 2.0236)
(0.00194059 0.00131432 2.10364)
(0.00199273 0.000263136 2.12828)
(-0.00430143 -0.000490466 2.06704)
(0.00191242 -0.000484603 2.08947)
(-0.00766948 -0.000324771 2.0896)
(0.00146048 0.0108878 2.06389)
(-0.00346362 -0.00278345 2.0911)
(0.00243654 0.00171047 2.0658)
(-0.00509889 0.00879065 2.06479)
(-0.00419587 -0.00226831 2.07341)
(-0.01394 -0.00499275 2.11473)
(-0.0108476 0.0113122 2.09287)
(-0.0295066 0.000581678 2.07466)
(-0.00284055 -0.00223254 2.09781)
(-0.0166748 -0.00898027 2.09027)
(-0.00563857 0.0196974 2.06762)
(-0.000817215 1.43182e-05 2.05652)
(0.00292183 0.00313491 2.03732)
(0.0022986 0.00203483 2.05408)
(-0.00109017 0.0010655 2.03976)
(0.0040757 0.00158403 2.07895)
(0.00301145 0.00171494 2.06207)
(-0.00199342 -0.0025433 2.04173)
(0.00134832 0.00595502 2.03944)
(0.0039545 0.00187271 2.02436)
(-0.00409383 0.00857127 2.02373)
(0.00376614 -0.000194613 2.04055)
(-0.00631539 0.00384566 2.04016)
(-0.00293485 -0.000384628 2.02555)
(-0.001156 -0.0018249 2.04802)
(-0.0303502 -0.000910492 2.04978)
(-0.0153339 -0.00794941 2.04832)
(-0.00558674 0.0192977 2.02583)
(-0.0128247 -0.00479162 2.06488)
(-0.00983967 0.0163819 2.04299)
(-0.00283414 -0.0020121 2.03121)
(-0.0266013 -0.032031 2.08646)
(-0.0252968 -0.0329801 2.06167)
(-0.00345442 0.00564194 2.06327)
(-0.0041698 0.00822354 2.10862)
(0.00691506 0.0165432 2.08638)
(0.00576747 0.02536 2.06461)
(-0.00402307 0.00350194 2.09007)
(-0.00738988 0.0104289 2.08157)
(0.0131924 0.0110225 2.05942)
(0.00341843 0.00336907 2.07421)
(0.00246018 0.000566877 2.10018)
(0.00194736 0.00395353 2.10122)
(0.0035349 0.00237839 2.07191)
(0.000704016 0.00553771 2.05951)
(0.00469397 0.0116916 2.08523)
(-0.000605801 0.000402739 2.08347)
(0.0133013 0.00137444 2.05673)
(-0.00224643 0.00553375 2.08593)
(0.0136806 0.00883202 2.05893)
(0.00161159 0.000113785 2.05692)
(8.93016e-05 0.0037605 2.07144)
(-0.000359177 0.00608428 2.05453)
(-0.0035296 0.00350781 2.03975)
(0.00276712 0.0254564 2.04151)
(-0.00635839 0.00942999 2.04129)
(0.00887564 0.00971933 2.01953)
(-0.00404866 0.00729667 2.05764)
(0.00818192 0.0143652 2.03644)
(-0.0031784 0.00581027 2.02325)
(0.00252384 0.00259719 2.05096)
(0.00236306 0.00124695 2.03187)
(0.00195045 0.00221449 2.04916)
(0.00329726 0.00252861 2.03438)
(-0.00159976 0.00368225 2.03572)
(0.00652418 0.00158719 2.03412)
(0.0116814 0.0076452 2.01913)
(0.00167605 -0.000806246 2.01761)
(0.00798315 0.0101805 2.03553)
(-0.000652266 -0.00049112 2.03392)
(0.00136581 0.00421969 2.01957)
(-0.000321113 -0.00511309 2.10792)
(0.000233078 -0.00683806 2.13191)
(0.00091542 -0.00224925 2.0723)
(0.020537 -0.0032387 2.09468)
(0.00247691 0.00355175 2.09382)
(0.00974222 0.00377575 2.0688)
(0.00307627 -0.00422467 2.09631)
(0.0120275 -0.00453093 2.06925)
(-4.39738e-05 0.00425908 2.07063)
(0.00325582 -0.00139052 2.0866)
(0.0045736 -0.000333853 2.10216)
(0.00606158 -0.00104849 2.10977)
(0.00197401 -0.00133337 2.08259)
(-0.00183047 -0.00705129 2.04833)
(0.00850843 -0.0242126 2.04775)
(-0.010442 -0.0130012 2.05141)
(0.019752 -0.00978012 2.0267)
(-0.0136743 -0.0152921 2.06652)
(0.0192524 -0.00634522 2.04373)
(-0.0014722 -0.0048438 2.03258)
(0.000793108 -0.00452215 2.08206)
(0.00122577 -0.00201244 2.06499)
(0.00379729 -0.00357427 2.04523)
(0.0191206 0.0043678 2.04308)
(0.0182379 -0.00458298 2.02737)
(0.00222387 0.00500052 2.02814)
(0.0208278 -0.00295119 2.04357)
(0.00465557 0.00468592 2.04367)
(0.0018399 -0.00244454 2.03002)
(0.0053898 0.000499514 2.06092)
(0.00410617 0.0019358 2.03921)
(0.00511534 0.00260656 2.05849)
(0.00441801 0.000134416 2.04364)
(0.00259979 -0.00391584 2.05568)
(-0.000211387 0.00064462 2.08259)
(0.00496904 -0.00571691 2.08291)
(0.00957517 0.000577112 2.05675)
(0.000226618 -0.00148895 2.08166)
(0.00224121 -0.000160974 2.05683)
(0.0111804 -0.00444677 2.05565)
(0.000210137 -0.00441395 2.09325)
(-0.000119601 -0.00503718 2.11972)
(-0.00281181 -0.00555926 2.06189)
(0.00169543 -0.00984436 2.08622)
(-0.00367902 -0.00446973 2.10542)
(0.00382745 -0.0175425 2.0634)
(-0.00330459 -0.00337716 2.08826)
(0.0088463 -0.00565389 2.05869)
(-0.00734123 -0.00826771 2.07878)
(0.00261756 -0.000664394 2.0486)
(0.00239941 0.00112628 2.02985)
(0.0018381 0.00218744 2.04553)
(0.00198195 -0.00262808 2.03226)
(1.61616e-05 -0.0026734 2.03303)
(0.00386733 -0.000912257 2.03397)
(0.00220867 -0.00156167 2.01774)
(0.00696124 -0.00458951 2.01649)
(9.12557e-05 -0.000393422 2.03379)
(0.00469361 -0.00601684 2.03322)
(0.00190698 -0.00510387 2.01684)
(0.000366708 -0.00223099 2.07066)
(-0.000261128 -0.00342236 2.05396)
(-0.00258065 -0.00301884 2.03873)
(0.00123388 -0.0162654 2.04036)
(0.00569927 -0.00589351 2.0186)
(-0.00603967 -0.00807652 2.03874)
(0.00465767 -0.010001 2.03601)
(-0.00299767 -0.00441572 2.0555)
(-0.00225129 -0.00582158 2.022)
(0.00396155 0.004796 2.0864)
(0.00432709 -0.00111097 2.11703)
(0.00529485 0.0065195 2.11307)
(0.002663 -0.00190761 2.08664)
(-0.00419792 0.00927606 2.07748)
(0.0114284 0.0143936 2.09649)
(-0.0147458 0.0165161 2.11866)
(0.000197397 0.0239852 2.07451)
(-0.00544203 0.0122802 2.10278)
(0.00226878 0.0175562 2.07001)
(-0.00862916 0.0108832 2.09382)
(-0.00199499 0.00815449 2.1086)
(-0.00137939 0.00942329 2.13483)
(0.00301376 0.0105142 2.04463)
(0.013793 0.00588489 2.04331)
(0.00163356 0.0055699 2.03022)
(0.0150078 0.0117017 2.027)
(0.00174519 0.00548246 2.04478)
(0.0169384 0.0113337 2.04248)
(0.00194853 0.00875921 2.03029)
(0.00484856 0.00770869 2.0596)
(0.00317607 0.00123592 2.04444)
(0.00293623 0.00186948 2.05863)
(0.00497961 0.00533492 2.04411)
(-0.00470885 0.01253 2.05038)
(0.00434227 0.0237315 2.04924)
(0.007849 0.01566 2.02819)
(-0.0091337 0.0106779 2.05234)
(0.00988023 0.0138321 2.04414)
(-0.0131786 0.0146555 2.06705)
(-0.00356039 0.0102828 2.03553)
(-0.00195731 0.0106412 2.08191)
(-0.00148568 0.00895535 2.0663)
(-0.0189167 -0.0194967 2.0805)
(-0.0170225 -0.0154494 2.05799)
(-0.00514534 -0.00103602 2.06593)
(-0.00601627 0.00783284 2.09119)
(-0.00223079 0.00222081 2.09326)
(-0.00344202 -0.000294681 2.06425)
(-0.00639162 0.00140811 2.09309)
(-0.0073384 0.00254102 2.06378)
(-0.00210608 -0.00020569 2.06574)
(-0.00479968 -0.00191473 2.1016)
(-0.00598927 -0.00187608 2.12971)
(-0.00374131 0.000186182 2.08008)
(-0.0029637 3.12686e-05 2.10672)
(-0.00469543 0.000537083 2.10784)
(-0.00283246 -0.000508272 2.07883)
(-0.007525 -0.00186678 2.04568)
(-0.0135252 -0.00166961 2.04335)
(-0.00928215 0.00450809 2.02261)
(-0.00816687 -0.00566562 2.04487)
(-0.00598027 0.00354658 2.04047)
(-0.0106803 -0.00817363 2.06232)
(-0.00589133 -0.00187708 2.02799)
(-0.00584308 0.00149264 2.04115)
(-0.00294218 0.00331373 2.04006)
(-0.0071326 0.00534113 2.02194)
(-0.00293106 -0.000153972 2.02234)
(-0.00545886 0.00581312 2.0398)
(-0.00249411 0.00210754 2.04036)
(-0.00522084 -0.000794694 2.02346)
(-0.00625218 -0.0020716 2.07726)
(-0.00422388 -0.00116605 2.05894)
(-0.00449986 0.000239829 2.05598)
(-0.00316084 0.000419569 2.03599)
(-0.0031502 -0.00036595 2.05459)
(-0.00352939 0.000851307 2.03763)
(-0.0112784 0.00473436 2.07147)
(-0.0184535 -0.00268815 2.09379)
(-0.0141456 0.00787452 2.1148)
(-0.0253747 0.00392991 2.07235)
(-0.00973194 0.00593339 2.09809)
(-0.011903 -0.00648252 2.06685)
(-0.0159163 0.0100388 2.08745)
(-0.00680101 -0.00139862 2.0816)
(-0.00359311 -0.00123304 2.10592)
(-0.0065619 -0.00126302 2.10894)
(-0.00341917 -0.00139797 2.07847)
(-0.00921626 0.00242094 2.1007)
(-0.00812038 0.00222147 2.12793)
(-0.00808115 0.00222097 2.04025)
(-0.00443505 -0.00488587 2.0397)
(-0.00944853 -0.00348372 2.02225)
(-0.00379661 -0.00132694 2.022)
(-0.0123518 -0.00665047 2.04003)
(-0.00292228 0.00102786 2.03987)
(-0.00870009 -0.000310238 2.02233)
(-0.00982159 0.00539644 2.04592)
(-0.0260814 0.00596797 2.04745)
(-0.0117305 -0.000703101 2.02441)
(-0.015097 0.00862141 2.04327)
(-0.0163948 -0.00350823 2.04231)
(-0.0134191 0.00778638 2.06114)
(-0.0115301 0.0043432 2.02805)
(-0.00604692 -0.00134917 2.05685)
(-0.00404345 -4.37506e-05 2.03585)
(-0.00366714 -0.00119664 2.05425)
(-0.00707141 0.000391218 2.03851)
(-0.0078691 0.00203681 2.0756)
(-0.00965844 0.00329916 2.05718)
(-0.0239162 0.0296391 2.06328)
(-0.020293 0.0196504 2.01075)
(-0.0218771 0.0194191 1.99951)
(-0.00207877 -0.000110265 2.00774)
(0.00299367 -0.00155897 2.01918)
(-0.00355911 -0.000240758 2.02047)
(0.0036012 -0.00107265 2.0063)
(-0.00340081 0.000784201 1.9971)
(-0.0139471 0.00913445 2.02577)
(-0.00564448 -0.00622617 2.00512)
(-0.0169149 0.00304299 1.99645)
(-0.00644667 0.0011258 2.01016)
(-0.0103382 0.00610053 2.01305)
(-0.00767511 -0.00355201 1.99218)
(-0.00250063 -0.00086689 1.99293)
(0.00407565 -0.00454739 2.00603)
(-0.0037214 -0.00781331 2.00433)
(0.00321239 -0.00425349 1.99179)
(-0.00456413 -0.00274218 2.00578)
(0.00491254 -0.00257015 1.99302)
(-0.00441325 -0.00421482 1.99129)
(-0.00258072 0.0017071 2.01665)
(-0.000250102 0.00091084 2.00606)
(-0.00270399 -0.000327981 1.99564)
(0.00434618 -0.00187183 1.98342)
(0.00398008 -0.0015136 1.99394)
(-0.00147005 -0.000661484 1.98516)
(-0.00518672 0.00041595 1.9848)
(-0.016362 0.0017057 1.98473)
(-0.010259 0.00656591 1.99069)
(-0.00741078 -0.00545553 1.96973)
(-0.0133118 0.00912006 2.00092)
(-0.00389148 -0.00651002 1.98076)
(-0.00249168 0.00047831 1.97414)
(-0.00343164 -0.00338469 1.98035)
(0.00447792 -0.00884821 1.97988)
(0.00578599 -0.00294992 1.96942)
(-0.00393408 -0.0056832 1.96848)
(0.00524446 -0.00509754 1.98006)
(-0.00225508 -0.00806409 1.97966)
(-0.00208101 -0.00103169 1.96987)
(0.00348233 0.00192222 2.03168)
(0.0050023 0.00223415 2.04436)
(-0.00208987 0.000113736 1.99468)
(0.00468696 0.000115794 2.00631)
(-0.00500036 0.00618954 2.00623)
(0.00385601 0.0122105 1.99244)
(-0.00113605 -0.00205953 2.00738)
(0.00461729 0.00226873 1.99364)
(-0.00265626 0.00977229 1.99286)
(-0.00199892 -0.00166323 2.00063)
(-0.0117225 -0.00455263 2.03019)
(-0.00775676 0.0170088 2.00825)
(-0.0270588 0.00128132 2.00193)
(-0.000137526 -0.00163623 2.01314)
(-0.0142292 -0.0072071 2.01765)
(-0.00413009 0.0189753 1.99484)
(0.00124484 0.00172824 1.99666)
(0.00461237 0.00285574 1.98434)
(0.00462524 0.00311356 1.99483)
(8.9214e-05 0.00108678 1.98616)
(0.00592895 0.00278535 2.01898)
(0.0039943 0.00194627 2.00838)
(-0.000174783 -0.00232324 1.98129)
(0.00351234 0.00888172 1.98043)
(0.00518808 0.00234716 1.9702)
(-0.00183693 0.00863213 1.96952)
(0.00567662 -6.39705e-05 1.98078)
(-0.0042426 0.00728162 1.98065)
(-0.00133752 0.00021057 1.97053)
(0.000783646 -0.00175561 1.98757)
(-0.0286476 0.00177853 1.98876)
(-0.013943 -0.0065817 1.99358)
(-0.0036442 0.0192443 1.97173)
(-0.0109171 -0.00412261 2.0042)
(-0.00825948 0.0183048 1.98284)
(-0.00141027 -0.0012831 1.97692)
(-0.0242242 -0.0290312 2.01354)
(-0.0235469 -0.0300584 2.00085)
(-0.00310039 0.00588214 1.9992)
(-0.00352172 0.00636027 2.02701)
(0.00479279 0.0119932 2.00474)
(0.000627066 0.0203977 2.00005)
(-0.00322139 0.00366378 2.00887)
(-0.00603627 0.00861703 2.01746)
(0.0059145 0.00822074 1.99438)
(0.00413737 0.00163485 2.00999)
(0.00154387 0.000213104 2.01745)
(0.00319592 0.00135037 2.02003)
(0.00208306 -0.000536529 2.00709)
(0.0025831 0.00346235 1.99552)
(0.00768301 0.0086756 2.00442)
(-0.000336426 -0.00149826 2.00346)
(0.00937403 -0.000620539 1.99269)
(-0.000428188 0.002573 2.00524)
(0.0124164 0.00673449 1.9942)
(0.0020777 -0.0017354 1.99371)
(-0.000168229 0.00539722 2.02052)
(-0.000429749 0.00761394 2.01215)
(-0.00315845 0.00349282 1.99013)
(0.00119998 0.0219549 1.99006)
(-0.00657115 0.00916905 1.99989)
(0.0091417 0.00742293 1.97599)
(-0.003409 0.00574499 2.00801)
(0.00492647 0.0110698 1.98489)
(-0.00304408 0.0062186 1.98201)
(0.00457088 0.000322015 2.00084)
(0.00284217 -0.00171312 1.98944)
(0.00195784 -0.00129527 1.99794)
(0.00551504 0.000904987 1.9924)
(0.000891832 0.00185594 1.98646)
(0.00631068 -0.00108528 1.98362)
(0.0171805 0.0061581 1.97591)
(0.00287879 -0.00267964 1.9767)
(0.0102716 0.00796033 1.98497)
(0.000297863 -0.00250776 1.9849)
(0.003963 0.00314084 1.9781)
(0.00109469 -0.00060762 2.03376)
(0.000204275 -0.00316183 2.04803)
(0.00224225 -0.00249656 1.99726)
(0.0172471 -0.00272221 2.00981)
(0.00294361 0.00503207 2.01112)
(0.0161144 0.00354131 1.99559)
(0.00350436 -0.00394355 2.01211)
(0.0147212 -0.00445183 1.99583)
(0.00350883 0.00561735 1.99663)
(0.00407072 0.00091508 2.01243)
(0.00338122 0.00183682 2.02541)
(0.00333462 -0.00232228 2.02665)
(0.00480381 0.00551366 2.01081)
(-0.000539373 -0.00642642 1.98829)
(0.00521062 -0.0230206 1.98704)
(-0.0083339 -0.0124739 1.99497)
(0.0173997 -0.01052 1.97281)
(-0.0118925 -0.0162081 2.00583)
(0.0216323 -0.00660714 1.98339)
(-0.000287448 -0.00421796 1.97761)
(0.000851402 -0.001375 2.02106)
(0.000896292 -0.000793775 2.01054)
(0.00396007 -0.00366962 1.98454)
(0.0217169 0.00472475 1.98331)
(0.0156114 -0.00581411 1.97232)
(0.00249311 0.0055152 1.97359)
(0.019746 -0.00399499 1.9834)
(0.00453477 0.00578183 1.98438)
(0.00172361 -0.00204562 1.97351)
(0.00380739 -0.001344 1.99889)
(0.00430368 0.00136825 1.9856)
(0.00457409 0.0039463 1.99519)
(0.00349001 -0.000141207 1.98847)
(0.00129223 -0.00660325 1.99313)
(-0.00016691 -0.00186288 2.00344)
(0.00134922 -0.00629555 2.00209)
(0.00861647 -0.00140804 1.99226)
(-0.000786106 -0.00435952 2.00284)
(0.00211985 -0.00282831 1.99352)
(0.00445927 -0.0052465 1.99138)
(-0.000884867 -0.0035061 2.02949)
(-0.000223882 -0.00189841 2.03967)
(-0.00211177 -0.00622916 1.99792)
(0.00102319 -0.0089013 2.00414)
(-0.00250743 -0.0047574 2.02496)
(-0.0027893 -0.0113908 1.99826)
(-0.00249423 -0.00370049 2.00776)
(0.00215046 -0.00565279 1.99311)
(-0.0051537 -0.00777276 2.01535)
(0.00047358 -0.0035231 1.99881)
(0.00316824 -0.0017151 1.98821)
(0.00238829 -0.00112305 1.99675)
(0.000611097 -0.00498623 1.99035)
(-0.0014433 -0.00564334 1.98418)
(0.00543492 -0.00319452 1.98295)
(0.00235816 -0.00402759 1.97591)
(0.00603096 -0.00703413 1.97352)
(-0.000156796 -0.00298131 1.98444)
(0.00117485 -0.00813143 1.9821)
(0.000870763 -0.00776364 1.97587)
(-0.000247121 -0.0015221 2.02036)
(-0.000724331 -0.00315549 2.01175)
(-0.00246863 -0.00396536 1.98891)
(-0.00259033 -0.0130055 1.98913)
(0.0040599 -0.00791742 1.97475)
(-0.00463802 -0.00761857 1.99819)
(0.00120023 -0.0111552 1.98369)
(-0.00206581 -0.00466815 2.00657)
(-0.0019913 -0.00642844 1.98025)
(0.0036567 0.00649591 2.01196)
(0.00383724 0.00149539 2.02245)
(0.00489304 0.0050285 2.02525)
(0.00190733 0.00524527 2.00975)
(-0.00363508 0.01166 2.00371)
(0.00601117 0.0128247 2.01068)
(-0.0118626 0.0137726 2.03478)
(-0.00192055 0.0185992 2.00254)
(-0.00381775 0.0133068 2.01764)
(0.00325884 0.0149285 1.99687)
(-0.00857828 0.0108944 2.02056)
(-0.00248234 0.0110505 2.0338)
(-0.00221652 0.0119253 2.04763)
(0.00472152 0.010569 1.98667)
(0.0133868 0.00626861 1.98408)
(0.00235548 0.00708039 1.9736)
(0.0109527 0.0113826 1.97236)
(0.00422815 0.00786249 1.98545)
(0.0153802 0.0100912 1.98403)
(0.00283057 0.00987838 1.97501)
(0.00451301 0.00595017 2.0011)
(0.0028824 0.00143888 1.98846)
(0.00353598 0.00402561 2.00087)
(0.0041595 0.00547316 1.98935)
(-0.00345078 0.0146126 1.99205)
(-0.00226722 0.0174939 1.99106)
(0.0017384 0.0151138 1.97401)
(-0.00836078 0.0112892 1.99715)
(0.00546998 0.0122967 1.98572)
(-0.0115482 0.0140385 2.00877)
(-0.00343323 0.0126601 1.98032)
(-0.00263881 0.0132683 2.02216)
(-0.00250312 0.0111599 2.01022)
(-0.0124016 -0.0126445 2.01495)
(-0.0125164 -0.0114557 2.00595)
(-0.00563717 -0.000869621 1.99506)
(-0.00461847 0.00430173 2.00724)
(-0.00345906 0.00169653 2.00823)
(-0.00340775 0.00146539 1.99361)
(-0.00621293 0.00124329 2.00929)
(-0.00603469 0.0021231 1.99413)
(-0.00410535 -0.000483146 1.99392)
(-0.00498632 -0.0016892 2.03053)
(-0.00636338 -0.00204805 2.04446)
(-0.004065 0.000262817 2.00941)
(-0.00354419 -5.74399e-05 2.0213)
(-0.00475393 7.81286e-05 2.02306)
(-0.00377996 0.000102833 2.00755)
(-0.00815532 -0.00286005 1.99126)
(-0.0107068 -0.00398224 1.98949)
(-0.00909267 -0.00171913 1.97457)
(-0.00748903 -0.00402626 1.99765)
(-0.00515273 0.00247282 1.98595)
(-0.0104743 -0.00744851 2.0081)
(-0.00641821 -0.00277693 1.98035)
(-0.0068633 0.000619786 1.98659)
(-0.00291776 0.00386259 1.98461)
(-0.00646521 -0.000290777 1.97322)
(-0.0045574 -0.00105103 1.97402)
(-0.00467792 0.00406704 1.98509)
(-0.00429633 0.001142 1.98559)
(-0.00591239 -0.00148733 1.97529)
(-0.00660247 -0.00202482 2.02155)
(-0.00543969 -0.0020303 2.0104)
(-0.0053034 5.18305e-05 2.00049)
(-0.00421226 -0.000282203 1.98733)
(-0.00401323 0.000191938 1.99861)
(-0.00464872 -0.00035912 1.98933)
(-0.0120192 0.00410508 1.99958)
(-0.0147206 -0.000642978 2.00848)
(-0.0124931 0.00671741 2.02803)
(-0.0184462 0.0114184 2.00071)
(-0.00977524 0.00461367 2.01295)
(-0.0106528 0.00154086 1.99545)
(-0.0146111 0.0082786 2.01485)
(-0.00740749 0.00104359 2.01001)
(-0.00406655 -0.000508155 2.02106)
(-0.00601409 -0.000195178 2.02359)
(-0.00471872 0.000195104 2.00759)
(-0.00981879 0.00361139 2.02824)
(-0.00761744 0.00239569 2.04181)
(-0.00788811 0.00160096 1.9859)
(-0.00439879 -0.00119943 1.98453)
(-0.0077808 -0.00413234 1.97275)
(-0.00552554 -0.0018886 1.97392)
(-0.0100323 -0.000924803 1.98462)
(-0.00452286 0.000400709 1.98558)
(-0.00957054 -0.000860315 1.97409)
(-0.00947935 0.00394568 1.99111)
(-0.0196355 0.00973493 1.99067)
(-0.0094584 -0.000782063 1.97456)
(-0.0147554 0.0088736 1.995)
(-0.0139018 0.00142557 1.98578)
(-0.0113521 0.00559879 2.00619)
(-0.0122023 0.00382082 1.97979)
(-0.00622078 0.000798688 2.00123)
(-0.0050615 -0.000289674 1.98746)
(-0.0045537 -4.00877e-05 1.9987)
(-0.00754871 0.000936115 1.98989)
(-0.00726534 0.00266954 2.01923)
(-0.00933612 0.00327253 2.00792)
(-0.01838 0.0231903 2.00543)
(-0.0256189 0.0234871 1.97106)
(-0.0282426 0.0238078 1.96125)
(-0.000953953 -0.00205453 1.96578)
(0.0047366 -0.00254631 1.9738)
(-0.00212592 -0.00088939 1.97559)
(0.00490035 -0.00369102 1.96407)
(-0.00224906 9.47648e-05 1.95478)
(-0.0142233 0.0102234 1.98099)
(-0.0028111 -0.010731 1.96073)
(-0.0203709 -0.00318518 1.95565)
(-0.00468385 -0.000404185 1.96428)
(-0.0115612 0.00804545 1.97165)
(-0.00742767 -0.0123931 1.95049)
(-0.00224482 -0.00181029 1.95051)
(0.00602044 -0.0063644 1.95911)
(-0.00160475 -0.0109637 1.95936)
(0.00453293 -0.0126596 1.9494)
(-0.00305617 -0.0044684 1.95987)
(0.00618774 -0.00398405 1.94986)
(-0.00391308 -0.0107196 1.94933)
(-0.000946808 0.000412829 1.97719)
(0.00163923 -0.0011463 1.96487)
(-0.0017101 -0.00172945 1.95611)
(0.00502172 -0.00490834 1.94195)
(0.00511453 -0.00365665 1.9545)
(-0.000511758 -0.00336012 1.94352)
(-0.00464679 -0.00102373 1.94504)
(-0.0195895 -0.00370082 1.9457)
(-0.0125934 0.00963783 1.94944)
(-0.00759582 -0.0182074 1.92831)
(-0.0156338 0.0115668 1.96162)
(-0.00242301 -0.016347 1.94113)
(-0.00210631 -5.54748e-05 1.93303)
(-0.0030306 -0.00542203 1.9405)
(0.00571974 -0.0169124 1.93978)
(0.00623313 -0.00453123 1.92813)
(-0.00420705 -0.0151324 1.92709)
(0.00633471 -0.00735738 1.94003)
(-0.00139275 -0.0143259 1.93981)
(-0.00235124 -0.00231117 1.92835)
(0.00355945 0.00110464 1.98831)
(0.00640884 0.00274868 1.99813)
(-0.000887472 0.000119502 1.95095)
(0.00615724 -0.000821425 1.95984)
(-0.00305483 0.00346223 1.95994)
(0.00490756 0.00658781 1.94959)
(0.000555395 -0.00291989 1.95991)
(0.00537257 0.00185343 1.95039)
(-0.000503651 0.00289713 1.94986)
(-0.00120916 -0.00111599 1.9569)
(-0.0108352 -0.00401288 1.98257)
(-0.00661485 0.0166934 1.9622)
(-0.0228771 -0.00337216 1.95776)
(0.00156796 -0.00206433 1.96621)
(-0.0141329 -0.0060622 1.97386)
(-0.00132534 0.0147383 1.9519)
(0.00200695 0.000677495 1.95647)
(0.0050716 0.000313151 1.94176)
(0.0058566 0.00187125 1.95473)
(3.32223e-06 -0.00118713 1.94364)
(0.00648535 0.00259133 1.97803)
(0.00287095 0.000435205 1.96493)
(0.00122257 -0.00334995 1.9407)
(0.00443222 0.00327224 1.93984)
(0.00540593 0.00126214 1.92762)
(-4.35617e-06 -0.00032722 1.92731)
(0.00661776 -0.00160145 1.94014)
(-0.00237659 0.00118362 1.93992)
(-0.000434439 -9.03647e-05 1.92836)
(0.00220699 -0.00220393 1.94639)
(-0.0256285 7.44313e-05 1.94746)
(-0.0136314 -0.00570346 1.95079)
(-0.000944547 0.0119892 1.92882)
(-0.0104425 -0.00393701 1.96341)
(-0.00590235 0.0155454 1.942)
(-0.00095907 -0.00102368 1.93341)
(-0.0204954 -0.0263726 1.97049)
(-0.0209326 -0.0282545 1.96116)
(-0.00326901 0.00670879 1.96342)
(-0.0040348 0.00656468 1.99163)
(0.00927403 0.0106365 1.968)
(0.00299475 0.024491 1.96308)
(-0.00338431 0.00360053 1.97394)
(-0.0075624 0.0107076 1.98159)
(0.0133344 0.00701509 1.95691)
(0.00668493 0.000432179 1.97375)
(0.00311574 -0.0023815 1.98175)
(0.00615618 -0.000474554 1.98464)
(0.00362798 -0.00257372 1.97087)
(0.00496413 0.00293561 1.95947)
(0.0147398 0.00748893 1.96805)
(0.000911059 -0.00356961 1.96861)
(0.0169974 -0.00355362 1.9557)
(0.00184535 0.00158004 1.97001)
(0.0208152 0.00578644 1.9567)
(0.00347466 -0.00362015 1.95783)
(0.00140339 0.00492763 1.98422)
(0.000336505 0.00823843 1.96763)
(-0.00380376 0.00351654 1.95345)
(0.00514864 0.027126 1.95346)
(-0.00855817 0.0114346 1.95531)
(0.0154947 0.0067954 1.93061)
(-0.00496095 0.00745793 1.97186)
(0.0141339 0.0101914 1.94731)
(-0.00377419 0.00676184 1.93662)
(0.00775861 -0.00119993 1.9643)
(0.0040407 -0.00319302 1.94487)
(0.00414119 -0.00314094 1.96159)
(0.00777576 3.65986e-05 1.94729)
(0.00231853 0.0011963 1.94966)
(0.0147811 -0.00377097 1.94629)
(0.0240075 0.00531506 1.92978)
(0.00366758 -0.00454773 1.93063)
(0.0194058 0.00687997 1.94728)
(0.00111878 -0.00444779 1.94784)
(0.00544961 0.00257712 1.93241)
(0.00129984 -7.72233e-05 1.99089)
(0.00096701 -0.00157247 2.00088)
(0.0024279 -0.001349 1.95431)
(0.0218519 -0.00444413 1.96281)
(0.00513161 0.00537498 1.964)
(0.018282 0.0035878 1.95331)
(0.00428147 -0.00316464 1.96404)
(0.0180911 -0.00554958 1.95352)
(0.00313443 0.00580356 1.95402)
(0.00446627 0.000772198 1.96969)
(0.00520654 0.00177586 1.97644)
(0.00425536 -0.000827818 1.97939)
(0.00490347 0.0026904 1.96699)
(0.000500139 -0.00490109 1.94832)
(0.010132 -0.022351 1.94675)
(-0.00740872 -0.0104867 1.95482)
(0.0198703 -0.00923612 1.93074)
(-0.0107872 -0.0139723 1.96622)
(0.024139 -0.00744879 1.9433)
(0.00093093 -0.0022946 1.9364)
(0.00150718 -0.000626051 1.98111)
(0.00172829 0.001111 1.9687)
(0.00451998 -0.00266329 1.9452)
(0.0247687 0.00375437 1.94349)
(0.0182561 -0.00552768 1.93102)
(0.00337599 0.00606132 1.93203)
(0.0242655 -0.00496643 1.94359)
(0.00560322 0.00567132 1.94446)
(0.0027447 -0.00087788 1.93344)
(0.00523445 -5.15088e-06 1.96019)
(0.00530089 0.00401544 1.94519)
(0.00579303 0.0033538 1.95774)
(0.00487072 0.00145726 1.94787)
(0.000913544 -0.00874241 1.95745)
(1.8872e-05 -0.0042351 1.9679)
(0.00280608 -0.00912 1.96568)
(0.0140271 -0.00415546 1.95488)
(-0.00159942 -0.0067731 1.96798)
(0.00259527 -0.00504188 1.95734)
(0.0078595 -0.00812387 1.95434)
(-0.000676969 -0.00343208 1.99366)
(-5.66212e-05 -0.00145127 2.00408)
(-0.00214156 -0.0067491 1.96213)
(0.00205441 -0.0114748 1.96682)
(-0.0022248 -0.00472138 1.99045)
(-0.00111077 -0.011892 1.96148)
(-0.00262739 -0.00420807 1.97235)
(0.00468477 -0.00848253 1.95601)
(-0.00460599 -0.00770451 1.98051)
(0.0020054 -0.00425882 1.96241)
(0.00428456 -0.00298584 1.94326)
(0.00433458 -0.00244428 1.96015)
(0.00131573 -0.00603134 1.94567)
(-0.00190503 -0.0074019 1.94733)
(0.0116831 -0.00563885 1.94553)
(0.00258192 -0.00582938 1.93027)
(0.00844944 -0.00936816 1.92819)
(-4.76177e-05 -0.00494132 1.94745)
(0.00629474 -0.0105302 1.9449)
(0.000626103 -0.00943277 1.9301)
(0.000591291 -0.000912344 1.98417)
(-0.000466768 -0.00345735 1.96765)
(-0.00272561 -0.00404264 1.95217)
(0.00134403 -0.0140481 1.95184)
(0.00615129 -0.0103908 1.93025)
(-0.00446549 -0.0075621 1.95376)
(0.00596285 -0.0132935 1.9464)
(-0.00240047 -0.00472428 1.97069)
(-0.00243515 -0.00662202 1.93525)
(0.00429644 0.00613419 1.96868)
(0.00393103 0.00201024 1.97867)
(0.00470771 0.00634187 1.97935)
(0.00347693 0.00276389 1.96782)
(-0.00372175 0.0136649 1.9602)
(0.00662696 0.0114052 1.96517)
(-0.0119695 0.0152277 1.98713)
(-0.00453344 0.0178399 1.95968)
(-0.00318566 0.0158294 1.97066)
(0.00385846 0.0151934 1.95468)
(-0.00908032 0.0123864 1.97619)
(-0.00232794 0.0116724 1.98966)
(-0.00265033 0.013333 2.00044)
(0.00601901 0.0123625 1.94472)
(0.0194774 0.00504011 1.94322)
(0.00225241 0.00771262 1.93233)
(0.0140126 0.0117529 1.93036)
(0.0049174 0.00796771 1.94445)
(0.0194926 0.00967421 1.94324)
(0.00274131 0.0112147 1.93223)
(0.00484843 0.00709701 1.95891)
(0.00345186 0.00404365 1.94507)
(0.00419176 0.0035657 1.95781)
(0.00447144 0.00671708 1.94616)
(-0.00357563 0.0166043 1.9505)
(-0.00249635 0.0168752 1.94957)
(0.00401218 0.0154357 1.93217)
(-0.00980198 0.0125738 1.95332)
(0.00834345 0.0111178 1.94523)
(-0.0128633 0.0160103 1.96602)
(-0.00441561 0.0140013 1.93799)
(-0.00262953 0.0141598 1.97972)
(-0.00233383 0.0124397 1.9669)
(-0.0108531 -0.0118048 1.97829)
(-0.0119621 -0.0115678 1.96913)
(-0.0064528 -0.00159067 1.95633)
(-0.00441013 0.00237369 1.96573)
(-0.0051098 0.00108565 1.9662)
(-0.00392874 6.15908e-05 1.95411)
(-0.00773615 0.000628564 1.96728)
(-0.00644974 0.000388718 1.95456)
(-0.00489848 -0.00125896 1.95528)
(-0.00554779 -0.00197583 1.99145)
(-0.00743439 -0.00257157 2.00255)
(-0.00510852 -0.000411796 1.9707)
(-0.00454422 0.000145989 1.9799)
(-0.00618576 -0.000578991 1.98174)
(-0.00456958 -4.21567e-05 1.96878)
(-0.0101197 -0.00315715 1.95196)
(-0.0101236 -0.00707393 1.95128)
(-0.00930246 0.00218693 1.93202)
(-0.00920041 -0.00503615 1.95555)
(-0.00493582 0.00216245 1.94677)
(-0.0127061 -0.00818025 1.96894)
(-0.00746105 -0.00318143 1.9384)
(-0.00829628 0.000631863 1.94716)
(-0.00341223 0.00344968 1.94528)
(-0.00718424 0.00125812 1.9308)
(-0.00534937 -0.00136652 1.93217)
(-0.0050479 0.00321092 1.94564)
(-0.00547769 0.00106888 1.94612)
(-0.00688578 -0.0018956 1.93337)
(-0.00770769 -0.00265352 1.98237)
(-0.00523914 -0.00167704 1.96836)
(-0.00681852 -0.000835773 1.96183)
(-0.00513395 0.000358765 1.94553)
(-0.00500937 0.00016079 1.95991)
(-0.00557599 -0.000538037 1.94756)
(-0.0122826 0.00362429 1.96126)
(-0.0134647 0.000661297 1.96671)
(-0.0109942 0.00529305 1.9871)
(-0.0174131 0.00968148 1.96064)
(-0.00906611 0.0036223 1.97211)
(-0.00874542 -0.00147922 1.95528)
(-0.0152554 0.00924638 1.97663)
(-0.00781714 0.0015407 1.97133)
(-0.00494725 -2.90271e-05 1.98004)
(-0.00630064 0.00122361 1.98245)
(-0.0054551 -0.000195141 1.96891)
(-0.00892865 0.0032212 1.98921)
(-0.00648416 0.00247456 2.0003)
(-0.00801279 0.00194756 1.9464)
(-0.00498232 -0.00183958 1.94488)
(-0.00800456 -0.00179983 1.92968)
(-0.00639185 -0.00194135 1.93184)
(-0.00966255 3.90374e-06 1.94461)
(-0.00557743 0.000390156 1.94617)
(-0.0100867 -0.000782924 1.93218)
(-0.00866051 0.00360044 1.95175)
(-0.0196285 0.00783393 1.95085)
(-0.00913404 -0.00213772 1.93104)
(-0.0156449 0.00944775 1.95291)
(-0.0134815 -0.0011038 1.9459)
(-0.0109776 0.00538327 1.96702)
(-0.012299 0.00364932 1.93738)
(-0.00638338 0.00140435 1.96233)
(-0.00592831 4.81266e-06 1.94535)
(-0.00533084 -0.000178353 1.95993)
(-0.00817752 0.00195832 1.94781)
(-0.00564436 0.00209756 1.97998)
(-0.00885001 0.00324061 1.96551)
(-0.0183708 0.0231716 1.96512)
(-0.0309082 0.0270506 1.91155)
(-0.0282703 0.0222039 1.89023)
(-0.000400548 -0.003952 1.91038)
(0.00482697 -0.00407885 1.92876)
(-0.00158283 -0.00242354 1.93035)
(0.00457147 -0.00525726 1.90885)
(-0.0019508 1.22378e-05 1.90034)
(-0.0158068 0.0123426 1.93638)
(-0.00226814 -0.0188961 1.91486)
(-0.0240266 -0.00961507 1.89858)
(-0.00452965 -0.00114452 1.91976)
(-0.012657 0.0102166 1.91688)
(-0.00750147 -0.0206152 1.89495)
(-0.00232682 -0.00230255 1.89564)
(0.00599854 -0.00761089 1.91493)
(-0.0013307 -0.0164911 1.91387)
(0.00393089 -0.0181331 1.89434)
(-0.00305245 -0.00584999 1.91525)
(0.00565648 -0.00444475 1.89557)
(-0.00426668 -0.0163237 1.89399)
(-0.00182553 0.000212019 1.9118)
(0.000853276 -0.0011122 1.88073)
(-0.00175107 -0.0024665 1.88999)
(0.00358464 -0.00421824 1.85717)
(0.0040915 -0.00371017 1.88848)
(-0.000569635 -0.00363115 1.85856)
(-0.00442893 -0.000819503 1.88016)
(-0.0193776 -0.00740249 1.87744)
(-0.0109733 0.00919583 1.8657)
(-0.00740953 -0.017174 1.84282)
(-0.0150475 0.0121514 1.89662)
(-0.00188555 -0.0181703 1.87401)
(-0.001537 0.000303089 1.84909)
(-0.00299066 -0.00544707 1.87551)
(0.00457082 -0.0168728 1.8737)
(0.00459618 -0.00344401 1.84428)
(-0.00419729 -0.0135527 1.84194)
(0.00519128 -0.0069426 1.87563)
(-0.00117334 -0.015489 1.87343)
(-0.00197089 -0.0016033 1.84401)
(0.00140909 -0.000419275 1.93117)
(0.00555475 0.0020344 1.95126)
(-0.000716894 0.000147722 1.89543)
(0.00621094 -0.00215899 1.91429)
(-0.00176612 -0.000966971 1.91385)
(0.00438939 0.000138077 1.89339)
(0.00140072 -0.00330325 1.91496)
(0.00477454 0.00110751 1.89447)
(0.000396399 -0.00213104 1.8938)
(-0.0014164 -0.000887392 1.89976)
(-0.00964618 -0.00394535 1.93697)
(-0.00414005 0.0123518 1.91516)
(-0.0172951 -0.00563237 1.90086)
(0.00233518 -0.0022387 1.91955)
(-0.0129779 -0.00564182 1.91759)
(0.000538958 0.00796534 1.89488)
(0.00185459 0.000650941 1.88934)
(0.00337174 -0.000385657 1.85597)
(0.00480038 0.000835019 1.88758)
(-0.000878886 -0.00109931 1.85774)
(0.00450401 0.00168492 1.91036)
(-2.24749e-05 -0.000767479 1.87889)
(0.00126942 -0.00283282 1.87511)
(0.00337195 0.000382034 1.87269)
(0.00355496 0.00141088 1.84228)
(8.2757e-05 -0.000120367 1.84176)
(0.00540599 -0.00198068 1.87409)
(-0.00194419 -7.86216e-05 1.87304)
(-0.00133539 0.000620366 1.84334)
(0.00209531 -0.00189103 1.87888)
(-0.0195865 0.000418325 1.8797)
(-0.0119922 -0.00563185 1.8654)
(0.000165449 0.00698894 1.84289)
(-0.00835946 -0.00353179 1.89686)
(-0.0041834 0.0111475 1.87379)
(-0.00226632 -0.000796927 1.84714)
(-0.0160824 -0.0215254 1.91638)
(-0.0163219 -0.0216912 1.89561)
(-0.00433805 0.00637504 1.8976)
(-0.00519446 0.00725007 1.94101)
(0.0141148 0.00961006 1.91679)
(0.00578056 0.0280261 1.89959)
(-0.00437203 0.0028942 1.9225)
(-0.00902693 0.0115885 1.91615)
(0.0153036 0.00626648 1.89232)
(0.00777282 -0.000201503 1.90794)
(0.00415994 -0.00349488 1.93119)
(0.00829935 -0.00166833 1.93322)
(0.00386312 -0.00351019 1.90622)
(0.00491352 0.00196166 1.8926)
(0.0198569 0.00611254 1.91579)
(0.000678784 -0.00527201 1.91657)
(0.0168096 -0.00551278 1.88993)
(0.00192077 0.00047336 1.91805)
(0.0231789 0.00451455 1.89044)
(0.00323655 -0.00531719 1.89153)
(0.00181606 0.00408743 1.90746)
(0.000362319 0.00760598 1.87184)
(-0.00455829 0.00194252 1.8756)
(0.00588462 0.0264622 1.87748)
(-0.00862579 0.0113382 1.85839)
(0.013777 0.00541027 1.83591)
(-0.00452361 0.00647628 1.89382)
(0.013785 0.00886783 1.87079)
(-0.00446296 0.00588646 1.83972)
(0.00793343 -0.0021762 1.88606)
(0.00351657 -0.00384802 1.84853)
(0.00401719 -0.0034352 1.88474)
(0.0069468 -0.000558192 1.85013)
(0.000961976 -0.00033127 1.87043)
(0.0126292 -0.00474686 1.86836)
(0.0198616 0.00338669 1.83308)
(0.00263723 -0.00558024 1.83336)
(0.0181231 0.00501496 1.86873)
(0.000109973 -0.00554911 1.86978)
(0.00391263 0.00139363 1.83416)
(0.0018398 0.00216796 1.93589)
(0.00134894 4.25756e-05 1.95496)
(0.00321514 -0.000856173 1.90139)
(0.0222833 -0.00433093 1.91692)
(0.00558004 0.00578637 1.91839)
(0.0189355 0.0034489 1.89757)
(0.00475933 -0.00281488 1.91977)
(0.0169087 -0.00421107 1.89847)
(0.00346124 0.00594043 1.89967)
(0.00447828 0.00156911 1.9151)
(0.00561123 0.00464921 1.93212)
(0.00468794 -0.000284307 1.93433)
(0.00537535 0.00496251 1.91142)
(0.000572818 -0.00416067 1.88304)
(0.00590891 -0.0177034 1.88065)
(-0.0053673 -0.010113 1.8737)
(0.0172937 -0.00670493 1.84731)
(-0.00874947 -0.0134842 1.90224)
(0.0208793 -0.00543443 1.87633)
(0.00186843 -0.00159086 1.8546)
(0.000793776 0.000249475 1.91517)
(0.00177281 0.00338817 1.88641)
(0.00401494 -0.00302492 1.88028)
(0.0221589 0.0035302 1.87663)
(0.0125559 -0.00363243 1.84741)
(0.00412319 0.00581853 1.85013)
(0.0183354 -0.00410831 1.87696)
(0.0039727 0.0056293 1.87876)
(0.0031285 -0.000598556 1.8514)
(0.00285667 -0.00211219 1.89483)
(0.0051782 0.00890308 1.86223)
(0.00380207 0.00324527 1.89203)
(0.00373719 0.00269183 1.86564)
(9.18597e-05 -0.00988009 1.89129)
(-0.000587443 -0.00566006 1.91593)
(0.00361113 -0.010239 1.91433)
(0.0132075 -0.00600515 1.88964)
(-0.00242283 -0.00771502 1.91584)
(0.00195431 -0.00670235 1.89095)
(0.00503453 -0.00908861 1.88958)
(-0.000944504 -0.00395418 1.92936)
(0.000444613 -0.000817748 1.95358)
(-0.00262855 -0.00682584 1.89663)
(0.00410195 -0.0118627 1.91606)
(-0.00218 -0.00445671 1.93916)
(-0.00191246 -0.0097802 1.89683)
(-0.00285552 -0.00370197 1.92078)
(0.00293661 -0.00892029 1.89209)
(-0.00414175 -0.00745152 1.9152)
(0.000865115 -0.00450974 1.88507)
(0.00312452 -0.00450943 1.84725)
(0.00371191 -0.00319972 1.88212)
(-0.000463583 -0.00690305 1.84982)
(-0.00324413 -0.00730458 1.86936)
(0.00831907 -0.00648484 1.86781)
(0.0010215 -0.00722174 1.83311)
(0.00235044 -0.00854506 1.83319)
(-0.00147084 -0.00597196 1.86883)
(0.00203707 -0.00962433 1.86785)
(-0.000891088 -0.00969697 1.83349)
(0.00032979 -0.000238101 1.90736)
(-0.00124015 -0.00391823 1.87246)
(-0.00261105 -0.00328148 1.87435)
(-0.000635778 -0.00863915 1.87462)
(0.00054342 -0.00872948 1.83574)
(-0.00319853 -0.00657083 1.85776)
(0.00302815 -0.0112728 1.86977)
(-0.00112946 -0.00356769 1.893)
(-0.00275883 -0.00683831 1.83912)
(0.00430856 0.00697951 1.91384)
(0.00387432 0.00500121 1.93074)
(0.00476438 0.00733668 1.93235)
(0.00312583 0.00513167 1.91331)
(-0.00499633 0.013966 1.90536)
(0.00729688 0.0109377 1.91818)
(-0.0130537 0.0157949 1.93925)
(-0.00267168 0.0190149 1.90306)
(-0.00404762 0.0168537 1.92379)
(0.00429204 0.0155647 1.89891)
(-0.00986666 0.0125235 1.92085)
(-0.00237461 0.0129025 1.93401)
(-0.00291088 0.0153257 1.95272)
(0.00488997 0.0115508 1.87901)
(0.0147766 0.00508005 1.87601)
(-0.000407975 0.0085016 1.84949)
(0.00967813 0.0114013 1.84694)
(0.00496603 0.00871575 1.87876)
(0.016021 0.00840037 1.87647)
(-8.39616e-05 0.0103965 1.85003)
(0.00420101 0.00640241 1.8919)
(0.00153867 0.00947226 1.86103)
(0.00387997 0.00398314 1.8902)
(0.00241077 0.00859255 1.86225)
(-0.00434721 0.0167364 1.88373)
(-0.00420424 0.015347 1.88121)
(0.000755531 0.0159781 1.8472)
(-0.00864581 0.0119533 1.87016)
(0.00423191 0.0107037 1.87718)
(-0.0122761 0.0153467 1.89937)
(-0.00566068 0.0136482 1.85421)
(-0.00332333 0.0159302 1.91208)
(-0.00319092 0.0137276 1.88225)
(-0.00844834 -0.00924185 1.91736)
(-0.00600549 -0.00545035 1.89552)
(-0.00754127 -0.00183908 1.89809)
(-0.00524494 0.00175947 1.91719)
(-0.00648218 0.00118691 1.91886)
(-0.00537918 0.000912081 1.89562)
(-0.00912726 0.000779254 1.91961)
(-0.00735266 0.000624339 1.89565)
(-0.00648871 -0.00140253 1.89758)
(-0.00597913 -0.00217325 1.93349)
(-0.00840769 -0.00314054 1.95498)
(-0.00634615 -0.00102776 1.91251)
(-0.00589625 5.29223e-05 1.93222)
(-0.00775455 -0.00163084 1.93412)
(-0.00613899 0.000236449 1.91058)
(-0.0120298 -0.00279258 1.88205)
(-0.00484553 -0.0113966 1.87949)
(-0.00858244 -0.00297229 1.84295)
(-0.00795753 -0.00353232 1.86677)
(-0.00421906 -0.00195578 1.87532)
(-0.0126772 -0.00708571 1.89887)
(-0.0086426 -0.00294493 1.8499)
(-0.00968855 0.000516908 1.87697)
(-0.00532494 0.00120357 1.87431)
(-0.00742796 -0.00202893 1.842)
(-0.00788148 -0.0018436 1.84405)
(-0.0054543 0.000542068 1.87441)
(-0.00774983 0.000975839 1.87641)
(-0.00775161 -0.00234705 1.84465)
(-0.00948833 -0.00389151 1.91217)
(-0.00665632 -0.00275154 1.88)
(-0.00870101 -0.00245116 1.89124)
(-0.0074428 -0.000603011 1.85699)
(-0.00717241 -0.000542445 1.88941)
(-0.00706049 -0.00202568 1.85876)
(-0.0125328 0.00391851 1.90182)
(-0.0136893 -0.00203271 1.91698)
(-0.0109497 0.00538022 1.93902)
(-0.0186412 0.00878334 1.90135)
(-0.00845633 0.00372095 1.92335)
(-0.00978634 -0.00195117 1.89537)
(-0.0156869 0.00958426 1.91766)
(-0.00860981 0.00194677 1.91256)
(-0.00593479 -0.000278808 1.93178)
(-0.00657884 0.00139475 1.93429)
(-0.00670332 0.000244199 1.90991)
(-0.0093661 0.00336114 1.93025)
(-0.00534581 0.00188511 1.95181)
(-0.00860031 0.00242641 1.87586)
(-0.00724974 -0.00164583 1.87287)
(-0.00929794 -0.00201095 1.84063)
(-0.00868334 -0.0014536 1.84229)
(-0.0104973 -2.47508e-05 1.87289)
(-0.00754203 0.00108817 1.87504)
(-0.0110288 -0.000595871 1.84341)
(-0.00849051 0.00374072 1.88028)
(-0.0187866 0.00670839 1.87949)
(-0.0104136 -0.00259855 1.84183)
(-0.0154753 0.00953059 1.86418)
(-0.0140826 -0.00272644 1.87382)
(-0.0104371 0.0049303 1.89619)
(-0.0129679 0.00396929 1.84772)
(-0.006727 0.00103289 1.89125)
(-0.00767285 0.000192478 1.85605)
(-0.00680094 -0.000183659 1.8886)
(-0.00894849 0.00156516 1.85877)
(-0.00554302 0.00175733 1.90896)
(-0.0100052 0.00335594 1.87665)
(-0.0166279 0.0208501 1.89537)
(-0.0234721 0.0205313 1.78083)
(-0.0178415 0.0115718 1.73512)
(-0.000841818 -0.00267131 1.78178)
(0.0029237 -0.00252997 1.82592)
(-0.00208947 -0.00214266 1.82739)
(0.00235564 -0.0024744 1.7804)
(-0.00105625 0.000507061 1.77225)
(-0.0131576 0.0110284 1.83467)
(-0.00111365 -0.012844 1.81092)
(-0.0185811 -0.00607251 1.76875)
(-0.00442283 -0.000298204 1.81794)
(-0.00828854 0.00688951 1.78921)
(-0.00716459 -0.00982445 1.76575)
(-0.0015089 -0.000614144 1.76734)
(0.00379761 -0.00554127 1.81344)
(-0.00102868 -0.0123791 1.81068)
(0.00128259 -0.00736294 1.76577)
(-0.00291099 -0.00467842 1.81325)
(0.0032602 -0.00198362 1.76758)
(-0.00413283 -0.00835789 1.76513)
(-0.00473257 0.00178918 1.75927)
(-0.00126414 0.000827507 1.69965)
(-0.00238339 -0.00155522 1.73711)
(0.00150024 -0.000637152 1.6759)
(0.00190922 -0.00115967 1.73566)
(-0.000906989 -0.00157566 1.67736)
(-0.00421695 0.000110289 1.72736)
(-0.0108572 -0.0033137 1.7231)
(-0.00530635 0.00428093 1.68484)
(-0.00648247 -0.00271209 1.66128)
(-0.0109777 0.00947642 1.74429)
(0.000122418 -0.00675823 1.72053)
(-4.81213e-05 0.000559509 1.66731)
(-0.00264503 -0.0037873 1.72301)
(0.00224302 -0.00644404 1.72109)
(0.0023335 -0.00050071 1.66282)
(-0.0036236 -0.00248438 1.66068)
(0.00255744 -0.00403015 1.72332)
(-0.000641818 -0.00821559 1.72056)
(-0.000576266 0.000443703 1.66283)
(-0.00127673 -0.000920824 1.80282)
(0.00314802 0.00113258 1.8477)
(-0.00210424 0.0012467 1.76696)
(0.00380545 -0.00156714 1.81156)
(-0.00180379 0.000327826 1.81026)
(0.00232647 0.00333418 1.76429)
(0.000855507 -0.00215262 1.81257)
(0.00198257 0.00185599 1.76576)
(-0.00033749 0.00217451 1.76471)
(-0.00318658 -0.000479341 1.77115)
(-0.00651705 -0.00247811 1.83444)
(-0.00331957 0.00787763 1.81107)
(-0.0116125 -0.00406011 1.77248)
(0.00153318 -0.00129976 1.81613)
(-0.0108879 -0.005491 1.78973)
(0.000582863 0.0063996 1.76631)
(0.00151083 0.00117454 1.73658)
(0.00109725 0.000809011 1.67543)
(0.00224074 0.000663539 1.73478)
(-0.0013546 0.000652383 1.6771)
(0.0028037 0.00114282 1.75832)
(-0.00154821 -0.000454792 1.69935)
(0.000931385 -0.00172945 1.72294)
(0.000859252 0.00118958 1.7197)
(0.000912296 0.00253394 1.66194)
(-0.00111433 0.00634663 1.66087)
(0.0025299 -0.00108156 1.72173)
(-0.00257846 0.00206179 1.72018)
(-0.00238915 0.00180284 1.66282)
(0.00143689 -0.00045712 1.72684)
(-0.0131846 0.000889423 1.72722)
(-0.00981823 -0.0056296 1.68634)
(-0.000274517 0.00920083 1.6629)
(-0.00452983 -0.00116726 1.74556)
(-0.00464535 0.00793175 1.7212)
(-0.00364199 -0.000137429 1.66755)
(-0.0115538 -0.0135628 1.79018)
(-0.0102667 -0.012624 1.74446)
(-0.00419577 0.00509054 1.76021)
(-0.00243117 0.00440323 1.82633)
(0.00970927 0.00811041 1.80406)
(0.00186165 0.0213753 1.76417)
(-0.00403428 0.000549401 1.80792)
(-0.00764885 0.010201 1.77887)
(0.0111027 0.00362991 1.75738)
(0.00536642 -0.000441084 1.77029)
(0.00314497 -0.00302151 1.81737)
(0.0066089 -0.00312805 1.81856)
(0.0021526 -0.00185797 1.76713)
(0.00267033 0.000446675 1.75407)
(0.0129858 0.00368478 1.8014)
(-0.000236559 -0.00532292 1.80176)
(0.0114699 -0.00615681 1.75337)
(-0.000101673 -0.00156499 1.80247)
(0.0152398 0.00194262 1.75392)
(0.00124676 -0.00542464 1.75325)
(0.00117133 0.00172318 1.74838)
(-0.000155809 0.00613364 1.69198)
(-0.00299526 -0.00121764 1.71599)
(-0.00145448 0.0166709 1.71895)
(-0.00669555 0.00827309 1.67853)
(0.00678142 0.000929665 1.65571)
(0.000356504 0.00180342 1.73503)
(0.00283494 0.00655204 1.71245)
(-0.00363136 0.00392199 1.65928)
(0.00495202 -0.00528899 1.72605)
(0.00160579 -0.00434187 1.6657)
(0.00211166 -0.00557878 1.7211)
(0.00483161 -0.00178035 1.66967)
(-0.00086565 -0.00330131 1.71071)
(0.000311677 -0.00324176 1.70893)
(0.011278 0.000156693 1.65251)
(0.00100291 -0.00550653 1.65189)
(0.0039333 0.00196837 1.70995)
(0.000348646 -0.00506665 1.70907)
(0.00231016 -0.000672017 1.65355)
(0.00048593 0.00184996 1.80976)
(0.000145479 0.000439871 1.853)
(0.00152883 0.000275536 1.77399)
(0.0104544 -0.0021 1.81429)
(0.00490993 0.00488543 1.81698)
(0.00916209 0.00315347 1.77109)
(0.00395437 -0.00250531 1.81784)
(0.00629647 -0.00158413 1.771)
(0.00162378 0.00481741 1.77353)
(0.00122622 0.00120984 1.7885)
(0.00373806 0.00716583 1.82488)
(0.00180869 -0.000398721 1.83125)
(0.00281185 0.00300552 1.78434)
(0.000122796 -0.0032491 1.73125)
(-0.00238794 -0.0101111 1.72779)
(-0.00324418 -0.00744778 1.69141)
(0.00750766 -0.00347103 1.66636)
(-0.00614861 -0.0111305 1.74961)
(0.00886418 -0.00187488 1.72474)
(0.00108033 4.06958e-05 1.67281)
(-0.000121839 0.000251713 1.76397)
(0.000883335 0.00406934 1.70529)
(0.00280414 -0.00134605 1.72845)
(0.00884047 0.00227539 1.72542)
(0.00186221 -0.000408374 1.66647)
(0.0019375 0.00567486 1.66879)
(0.00548811 -0.000629699 1.72553)
(0.00452525 0.00446341 1.72781)
(0.00101264 0.00132457 1.66942)
(0.000933093 0.000676707 1.74386)
(0.00259025 0.00974888 1.68215)
(0.00284968 0.0066053 1.74186)
(0.00132905 0.00326525 1.68428)
(-0.00128253 -0.0093545 1.75442)
(-0.00268226 -0.00592234 1.8012)
(-0.00324837 -0.00767306 1.80108)
(0.00575534 -0.00642231 1.75416)
(-0.0040449 -0.00651264 1.80158)
(0.000815182 -0.00736372 1.75389)
(-0.00218942 -0.00671562 1.75408)
(-0.00164152 -0.00349247 1.79379)
(-0.000397858 0.000246164 1.83997)
(-0.00261494 -0.00659745 1.76007)
(-0.00163738 -0.0079484 1.80284)
(0.000481605 -0.00219635 1.82544)
(-0.00730123 -0.00185913 1.76126)
(-0.00221106 -0.00264727 1.80673)
(-0.00425008 -0.00545679 1.75664)
(-0.00202056 -0.00540862 1.77899)
(-0.00402484 -0.00670378 1.72697)
(0.00102586 -0.0055949 1.66766)
(-0.000844172 -0.00652409 1.7275)
(-0.00316213 -0.00735054 1.66813)
(-0.00562746 -0.00534745 1.71092)
(-0.00454897 -0.00539059 1.70979)
(-0.00096215 -0.0071296 1.65297)
(-0.00587226 -0.00567434 1.6527)
(-0.00530437 -0.00560431 1.71093)
(-0.0101882 -0.00639452 1.70958)
(-0.00286862 -0.00853909 1.65298)
(-0.00141105 0.000284433 1.74931)
(-0.00175251 -0.00320225 1.69082)
(-0.00211759 -0.00165878 1.71622)
(-0.00799798 0.000226387 1.71658)
(-0.00551663 -0.00515824 1.65442)
(-0.000851518 -0.00400903 1.67773)
(-0.00776773 -0.00725395 1.71156)
(0.00303303 1.20837e-06 1.73531)
(-0.00307611 -0.00575017 1.65811)
(0.00105437 0.00767105 1.78728)
(0.00087025 0.00851203 1.83393)
(0.00109517 0.00912437 1.83206)
(0.000812391 0.00420198 1.787)
(-0.00570199 0.0123208 1.77823)
(-0.00121671 0.00963616 1.81488)
(-0.0110786 0.0151419 1.83778)
(-0.00973234 0.0152242 1.77549)
(-0.00524011 0.0164099 1.82207)
(-0.00443434 0.0151146 1.77104)
(-0.00670465 0.0108564 1.79403)
(-0.00355282 0.012061 1.80669)
(-0.00466604 0.0169485 1.85076)
(0.000580651 0.0108128 1.7279)
(0.00193283 0.00363835 1.72499)
(-0.00378225 0.00822519 1.66897)
(-0.00417315 0.00936831 1.66642)
(-0.000981698 0.00796685 1.72765)
(0.00142568 0.00614706 1.72517)
(-0.00394123 0.00857745 1.66939)
(-0.0012183 0.0105261 1.74044)
(-0.00156239 0.0111911 1.68105)
(-0.00111815 0.00833376 1.73797)
(-0.00175507 0.00920291 1.68314)
(-0.00573896 0.015471 1.73216)
(-0.0124825 0.00812246 1.72885)
(-0.00999466 0.0135711 1.66707)
(-0.00494087 0.00931219 1.68978)
(-0.00699732 0.00710026 1.72506)
(-0.00995613 0.0144926 1.74771)
(-0.00600892 0.0110327 1.67383)
(-0.0056383 0.016698 1.76071)
(-0.00457759 0.0128485 1.70321)
(0.000558491 -0.00014617 1.78383)
(0.00353003 0.00534092 1.73817)
(-0.00763273 -0.00304735 1.76568)
(-0.00493479 -0.00429872 1.80979)
(-0.0095829 0.000233467 1.81229)
(-0.0081349 -0.00758459 1.76373)
(-0.0101686 -5.72914e-05 1.8127)
(-0.00685769 -0.00800953 1.76364)
(-0.00937068 -0.00282894 1.76535)
(-0.00759887 -0.00372101 1.8017)
(-0.0107962 -0.00483774 1.84777)
(-0.00757782 -0.00339267 1.78054)
(-0.00854578 -0.00155794 1.82496)
(-0.00958535 -0.00354921 1.82659)
(-0.00866682 -0.00205771 1.77906)
(-0.0121441 -0.0029916 1.72542)
(0.00313737 -0.0133708 1.72229)
(-0.00797455 -0.0128691 1.66098)
(-0.0032601 -0.000322388 1.68481)
(-0.00281228 -0.0087692 1.71909)
(-0.00923251 -0.00481302 1.74224)
(-0.00773571 -0.00278924 1.66758)
(-0.0102011 -0.000481287 1.72047)
(-0.00783206 -0.00332001 1.71865)
(-0.00722533 -0.00999621 1.65973)
(-0.0101975 -0.00363813 1.66237)
(-0.00506825 -0.00478331 1.71842)
(-0.010699 -0.000263972 1.72054)
(-0.00710562 -0.00381213 1.66242)
(-0.0109434 -0.00480697 1.75633)
(-0.00768119 -0.0039775 1.69863)
(-0.00978004 -0.00368521 1.73515)
(-0.0094351 -0.00294633 1.67572)
(-0.00938311 -0.00187097 1.73371)
(-0.0075673 -0.0038969 1.67714)
(-0.013574 0.00362393 1.76969)
(-0.0147548 -0.00187925 1.80949)
(-0.00882507 0.00360856 1.83213)
(-0.0155402 0.00760405 1.77027)
(-0.00844767 0.00329554 1.81568)
(-0.0106615 -0.00318386 1.76431)
(-0.0146151 0.0090823 1.7863)
(-0.00919448 0.000666111 1.78102)
(-0.00784418 -0.00010432 1.82399)
(-0.00691573 0.000619125 1.82683)
(-0.00860002 -0.000262369 1.77831)
(-0.0108934 0.00336949 1.79931)
(-0.00612714 0.00189983 1.84472)
(-0.00871473 0.0021866 1.72051)
(-0.00993115 0.00086245 1.71711)
(-0.010169 -0.00665839 1.65973)
(-0.0106341 -0.00185343 1.66142)
(-0.0117058 0.00121187 1.71768)
(-0.00988215 0.00120638 1.71907)
(-0.0116669 -0.00169504 1.66284)
(-0.00830586 0.00273548 1.72456)
(-0.0126199 0.00936286 1.72423)
(-0.00996497 -0.00202334 1.66155)
(-0.0133724 0.0084364 1.6852)
(-0.0148667 0.00231481 1.71858)
(-0.00694409 0.00147556 1.74159)
(-0.0137972 0.00332371 1.6676)
(-0.00708757 0.000936775 1.73589)
(-0.00919254 -0.00030686 1.67533)
(-0.00865848 0.000370575 1.73296)
(-0.0093093 4.907e-05 1.67828)
(-0.00677058 0.0024834 1.75417)
(-0.0117686 0.00358323 1.69722)
(-0.00905421 0.0114858 1.74267)
(-0.013614 0.012286 1.5503)
(-0.0123244 0.00647055 1.47883)
(-0.000602528 -0.00123769 1.54752)
(0.00147867 -0.000244393 1.61703)
(-0.00249558 -0.00102482 1.61847)
(0.00130713 -3.93908e-06 1.54599)
(0.00126525 0.000570543 1.53694)
(-0.00951045 0.00840911 1.62514)
(0.00136471 -0.00326376 1.60208)
(-0.0113263 -0.00400349 1.53502)
(-0.00382332 0.000359292 1.60776)
(-0.00314044 0.00260805 1.55506)
(-0.00569166 -0.00180946 1.53179)
(0.000266598 0.0012253 1.53263)
(0.00200662 -0.00304622 1.60371)
(3.51555e-05 -0.00506832 1.60201)
(-0.000617578 0.00157062 1.53109)
(-0.00223658 -0.00315915 1.60379)
(0.00225107 0.000470861 1.53222)
(-0.00301947 -0.00120883 1.53096)
(-0.00548245 0.00221344 1.49909)
(-0.000616342 0.000756032 1.42064)
(-0.00252759 -0.000998157 1.47685)
(0.00122592 0.00043957 1.3964)
(0.00138467 -0.000134042 1.47537)
(-0.000365924 -0.000996929 1.39801)
(-0.00354304 0.000716622 1.46609)
(-0.00616315 -0.00184836 1.46354)
(-0.00179835 0.00164208 1.406)
(-0.00569088 -0.000491563 1.3831)
(-0.00899758 0.00821405 1.48403)
(0.00220863 -0.00280428 1.46112)
(0.00229056 0.000898461 1.38752)
(-0.00212939 -0.00274895 1.46214)
(0.00148056 -0.00203382 1.46087)
(0.00228556 0.00139305 1.38239)
(-0.00290618 0.000882537 1.38178)
(0.0019215 -0.00254439 1.46184)
(0.000484226 -0.00419791 1.46074)
(0.000849309 0.00207987 1.38299)
(-0.00134706 -0.000155086 1.57019)
(0.00323664 0.00139859 1.6407)
(-0.00233574 0.00247508 1.53297)
(0.00189978 -0.000415529 1.60337)
(-0.00252344 0.00324193 1.60229)
(0.00103165 0.00756306 1.53087)
(0.00119676 -0.00124071 1.60408)
(0.000644458 0.00324879 1.53221)
(-0.000864483 0.00670199 1.53096)
(-0.00356098 0.000373148 1.53823)
(-0.00283705 -0.000242832 1.62756)
(-0.00407065 0.00849102 1.60376)
(-0.00801176 0.0003951 1.53905)
(0.00177347 0.000496536 1.60883)
(-0.00894289 -0.00564871 1.55727)
(0.000939303 0.00984801 1.53322)
(0.00217315 0.00142462 1.47705)
(0.000780908 0.00162075 1.3962)
(0.00155089 0.00109639 1.47526)
(-0.00098564 0.00136143 1.39789)
(0.00422389 0.00183553 1.49942)
(-0.000932037 0.000269137 1.42025)
(0.00186732 -0.00105928 1.4625)
(-0.00013245 0.00356649 1.46062)
(0.000682802 0.0040188 1.38225)
(-0.00107574 0.00879811 1.38149)
(0.0020416 -1.11626e-05 1.46183)
(-0.00285022 0.00435933 1.46065)
(-0.00217516 0.00311814 1.38267)
(0.00266933 0.00136222 1.46738)
(-0.0100521 0.00467962 1.46766)
(-0.00771168 -0.00536217 1.40681)
(0.00038054 0.0118191 1.38351)
(-0.000968792 0.000952331 1.48651)
(-0.005139 0.0102763 1.46224)
(-0.00319815 0.000913743 1.38756)
(-0.00920528 -0.00838813 1.55822)
(-0.00717357 -0.00793606 1.48681)
(-0.00327648 0.00292633 1.53349)
(0.00182384 -0.0006377 1.61945)
(0.00081646 0.00495984 1.59681)
(0.000582979 0.0123543 1.53549)
(-0.00270024 -0.00304742 1.60064)
(-0.00614366 0.00718937 1.55233)
(0.0051997 -0.00144573 1.52943)
(0.00379217 -0.00115341 1.543)
(-0.000482307 -0.00192805 1.60559)
(0.00296537 -0.00314842 1.61077)
(0.000572362 -0.00271623 1.53949)
(0.00181603 -0.00125158 1.52778)
(0.00184969 0.00111796 1.59446)
(-0.00295676 -0.00570959 1.59391)
(0.00256492 -0.00617303 1.52698)
(-0.00235158 -0.00444587 1.59517)
(0.00846864 -0.00103272 1.52691)
(-0.000411958 -0.00567986 1.52706)
(0.000815509 -0.000840001 1.49509)
(0.000466541 0.00285634 1.4191)
(-0.00218511 -0.0045566 1.463)
(0.00194403 0.0122911 1.4644)
(-0.00572857 0.00668198 1.40583)
(0.00634251 -0.00254047 1.38281)
(0.00276953 -0.0019459 1.48167)
(0.00143272 0.003894 1.45861)
(-0.0026662 0.00203861 1.38708)
(0.00218653 -0.00245354 1.47183)
(0.00102075 -0.00804194 1.39266)
(-0.00179077 -0.00167952 1.4684)
(0.00453567 -0.00251904 1.39557)
(-0.00261754 -0.00511515 1.45767)
(-0.00508794 -0.00402205 1.45673)
(0.00831454 -0.00175431 1.38131)
(0.000983815 -0.00596976 1.38172)
(0.000715449 0.000730225 1.45683)
(-0.00414711 -0.00617855 1.45743)
(0.00279107 -0.00139225 1.38187)
(0.000953587 0.00455371 1.57536)
(-0.000363828 0.000688421 1.64579)
(-3.3146e-05 0.00165287 1.53865)
(0.00187052 0.000804985 1.60692)
(0.00295657 0.00479031 1.60921)
(0.00288977 0.00308116 1.53643)
(0.00192587 -0.00131649 1.60952)
(0.000727224 0.00086292 1.53676)
(0.00066984 0.00541822 1.53868)
(0.00109352 0.00348016 1.55301)
(0.00176916 0.00897178 1.62319)
(0.000342495 1.12274e-05 1.62452)
(0.00230906 0.0100454 1.55008)
(-0.00190496 -0.00254965 1.47196)
(-0.00292378 -0.00639588 1.46838)
(-0.00166803 -0.00441536 1.41331)
(0.00206473 -0.00214852 1.38721)
(-0.00571476 -0.00909149 1.49097)
(0.00416129 0.000442135 1.46544)
(-0.000184568 0.00111719 1.39405)
(-0.000715822 -0.000646209 1.50479)
(0.000177287 0.0029888 1.42783)
(-0.000497666 -0.00104232 1.46811)
(0.00263877 0.00345267 1.46571)
(-0.00350655 0.000817864 1.38661)
(-0.00271392 0.00467134 1.3896)
(0.000132085 0.000818891 1.46608)
(-0.000813958 0.00415952 1.4679)
(-0.00281843 0.00257055 1.38991)
(-0.000934718 -0.00216827 1.48207)
(0.000102008 0.00415538 1.40307)
(0.000199153 0.00210553 1.47747)
(-0.000828742 0.00211791 1.40567)
(-0.00295796 -0.00765108 1.5287)
(-0.00331414 -0.00576012 1.59559)
(-0.0133655 -0.00435536 1.59493)
(-0.000937104 -0.0055977 1.52662)
(-0.00517536 -0.0038526 1.5958)
(-0.000777457 -0.00704195 1.52775)
(-0.00889841 -0.00405264 1.52725)
(-0.00187241 -0.00303826 1.56583)
(-0.000903889 0.00180466 1.63329)
(-0.00302874 -0.00516871 1.53318)
(-0.0100602 -0.00480544 1.59628)
(0.00480033 0.00235159 1.61973)
(-0.00929901 0.00334497 1.53374)
(-0.0012864 -0.00014346 1.60025)
(-0.00898511 -0.00227366 1.52885)
(-0.000324408 -0.00278771 1.55316)
(-0.00374706 -0.00150322 1.4758)
(-0.000210536 -0.00856156 1.39913)
(-0.000273262 -0.00205101 1.47462)
(-0.00405112 -0.00679888 1.40089)
(-0.00538902 -0.00242451 1.45998)
(-0.00828277 -0.00607907 1.45781)
(-0.00232025 -0.00708541 1.38277)
(-0.00798837 -0.00416268 1.38295)
(-0.00277922 -0.00574877 1.45873)
(-0.0135403 -0.00388222 1.45826)
(-0.00383891 -0.00687946 1.38396)
(-0.000484446 0.00227836 1.49691)
(-0.00204428 -0.00436445 1.42147)
(-0.00083844 0.00103487 1.46398)
(-0.00712922 0.00432594 1.46337)
(-0.00771197 -0.00272931 1.38417)
(-0.000398028 -0.00212747 1.40766)
(-0.00994428 -0.00558129 1.4595)
(0.00621637 0.0044987 1.48377)
(-0.00324766 -0.00498702 1.38792)
(-0.00266495 0.00848372 1.55549)
(-0.00159074 0.0108139 1.62114)
(-0.00228548 0.00961323 1.62401)
(-0.00247994 0.011396 1.55426)
(-0.00559371 0.00922159 1.54401)
(-0.00905342 0.004574 1.6072)
(-0.00936755 0.0139493 1.62955)
(-0.011506 0.00875712 1.54212)
(-0.00549805 0.0146068 1.61365)
(-0.00937568 0.0114741 1.53776)
(-0.00363495 0.00794824 1.56068)
(-0.0042474 0.0110858 1.57471)
(-0.00575112 0.0164571 1.64361)
(-0.000487458 0.00881885 1.46973)
(-0.00377297 0.00385463 1.46669)
(-0.00493997 0.00690092 1.38929)
(-0.0102777 0.00658292 1.3878)
(-0.000571495 0.00747527 1.46896)
(-0.00453968 0.00297565 1.4666)
(-0.00556453 0.00600319 1.39021)
(-0.00199344 0.00697372 1.48474)
(-0.00256155 0.00561892 1.40183)
(-0.00107916 0.00386968 1.48517)
(-0.00306007 0.0064651 1.40367)
(-0.00492087 0.0134233 1.47275)
(-0.0149625 0.00245094 1.47006)
(-0.0107829 0.00978732 1.38793)
(-0.00209449 0.00676642 1.4112)
(-0.009187 0.0022192 1.46637)
(-0.00903448 0.0137917 1.48948)
(-0.00485103 0.00724487 1.39367)
(-0.00497068 0.0134889 1.50384)
(-0.00360667 0.00741946 1.42456)
(0.00644218 0.00657869 1.55393)
(0.00819107 0.0110374 1.48252)
(-0.00678838 -0.00397516 1.53409)
(-0.0045601 -0.00654307 1.60035)
(-0.0111313 -0.000387035 1.60219)
(-0.0096245 -0.0111087 1.53188)
(-0.0100345 -0.000360562 1.60256)
(-0.00687187 -0.0106424 1.53197)
(-0.0103347 -0.00394356 1.53375)
(-0.00731875 -0.00395917 1.5704)
(-0.0114597 -0.00522794 1.63875)
(-0.00741902 -0.00415329 1.54888)
(-0.00975152 -0.00247017 1.61593)
(-0.00990951 -0.00408583 1.61742)
(-0.00962815 -0.00309224 1.54733)
(-0.0114272 -0.00271322 1.46678)
(0.0077589 -0.0133437 1.46547)
(-0.00776741 -0.0144148 1.38488)
(-0.000650197 0.00134667 1.40896)
(-0.00170389 -0.0133555 1.46151)
(-0.00619486 -0.00331223 1.48496)
(-0.00657192 -0.00222394 1.39036)
(-0.00967191 -0.000512341 1.46234)
(-0.008148 -0.00662938 1.46057)
(-0.00748555 -0.0111024 1.38358)
(-0.0101121 -0.00433976 1.38492)
(-0.0046752 -0.0071779 1.46074)
(-0.0107446 -0.000383202 1.46173)
(-0.0065322 -0.00440754 1.38583)
(-0.0111578 -0.00519431 1.4987)
(-0.00671515 -0.00387673 1.42227)
(-0.00987356 -0.00446917 1.47715)
(-0.00962351 -0.00322934 1.39857)
(-0.00973425 -0.00279935 1.4755)
(-0.00727564 -0.00440317 1.4003)
(-0.0135056 0.00310848 1.53983)
(-0.0143525 0.00194861 1.60171)
(-0.00484001 0.000216997 1.62481)
(-0.00926197 0.00747888 1.53954)
(-0.00734436 0.0022717 1.60753)
(-0.00877987 -0.00171163 1.53359)
(-0.0125159 0.00786652 1.55755)
(-0.00933644 -8.8541e-06 1.55021)
(-0.00886519 0.000308742 1.61576)
(-0.00671719 0.000354144 1.61853)
(-0.00931881 -0.00037943 1.54741)
(-0.0118445 0.00356643 1.56983)
(-0.00646503 0.00225075 1.6376)
(-0.00759444 0.0022765 1.46229)
(-0.0105828 -0.000922203 1.46039)
(-0.00902183 -0.00658333 1.38309)
(-0.010885 -0.00240067 1.38518)
(-0.0111786 -0.00149969 1.46025)
(-0.00984407 0.0013799 1.46193)
(-0.0114998 -0.00229194 1.38549)
(-0.00631775 0.00209547 1.46743)
(-0.00896717 0.00487348 1.46672)
(-0.00775975 -0.00295298 1.38467)
(-0.0119813 0.00750933 1.40851)
(-0.0140299 -2.1219e-05 1.46173)
(-0.00347794 -0.000583169 1.48506)
(-0.0131201 0.00299947 1.39058)
(-0.00633958 -7.57247e-05 1.47822)
(-0.00931878 -0.00071271 1.3988)
(-0.00871746 -0.000175057 1.47565)
(-0.00943754 -3.05395e-05 1.40135)
(-0.00548136 0.00164354 1.49793)
(-0.0114022 0.00325468 1.42131)
(-0.00422586 0.00565595 1.48593)
(-0.0121807 0.011558 1.24306)
(-0.0136921 0.00767621 1.16108)
(-0.000463363 -0.000783837 1.23677)
(0.00108931 -0.000165949 1.31754)
(-0.00274291 -0.00115532 1.31917)
(0.000788724 0.000851188 1.23502)
(0.00255278 0.00152187 1.22648)
(-0.0089636 0.00850268 1.32718)
(0.00205457 -0.00252795 1.30445)
(-0.0111226 -0.00374187 1.22578)
(-0.00360199 0.00141222 1.30873)
(-0.00136419 0.00145359 1.24507)
(-0.00668175 0.00107099 1.22283)
(0.000825539 0.00308026 1.22162)
(0.00151022 -0.00201958 1.3039)
(0.000336466 -0.00375866 1.30338)
(-0.00189968 0.00578389 1.22062)
(-0.00248368 -0.00222984 1.30435)
(0.00183441 0.0024567 1.22115)
(-0.00350992 0.0029139 1.22092)
(-0.00652829 0.00227207 1.17706)
(-0.00159725 0.00120975 1.09619)
(-0.00319698 -0.00129837 1.15412)
(-8.81702e-05 0.0011876 1.07097)
(0.00046131 1.1829e-05 1.15226)
(-0.00095766 -0.000599332 1.07315)
(-0.0039973 0.00236205 1.1441)
(-0.00791618 -0.00298505 1.14379)
(-0.00202878 0.0023632 1.08215)
(-0.00796549 0.00206846 1.06044)
(-0.00935389 0.00948375 1.16288)
(0.00123881 -0.00226308 1.14057)
(0.00188426 0.00227622 1.06338)
(-0.00310829 -0.00151279 1.1392)
(0.000270611 -0.00182155 1.13864)
(0.000989316 0.00362486 1.05777)
(-0.00486584 0.00371929 1.0583)
(0.000932797 -0.00136934 1.13864)
(-0.000540534 -0.0040098 1.1387)
(9.46362e-05 0.00415108 1.05858)
(-0.00132847 0.00021163 1.25869)
(0.00417656 0.00157497 1.34116)
(-0.00245951 0.0041099 1.22141)
(0.0017355 0.000410186 1.30356)
(-0.00269324 0.00312506 1.30301)
(0.000359707 0.0108867 1.22015)
(0.00198665 -0.00049093 1.30403)
(0.000194167 0.00490301 1.22073)
(-0.000778534 0.00959322 1.21988)
(-0.00324583 0.0013643 1.22579)
(0.000857378 0.00228452 1.32776)
(-0.00405164 0.00743829 1.3041)
(-0.00388536 0.00388389 1.22624)
(0.00312859 0.00209599 1.30847)
(-0.00659986 -0.00501147 1.24532)
(0.00219239 0.0110867 1.22114)
(0.00205132 0.00151821 1.15335)
(-0.000321019 0.0019824 1.07033)
(0.000902554 0.000797871 1.1517)
(-0.00198528 0.00189339 1.0719)
(0.00394536 0.00160793 1.17549)
(-0.00223227 0.000199829 1.09389)
(0.00198333 -6.25291e-05 1.13846)
(-0.00148136 0.0028442 1.13783)
(-0.000597734 0.00589185 1.05709)
(-0.00190792 0.0113104 1.05649)
(0.00140211 0.000952856 1.13803)
(-0.0037507 0.00430652 1.13733)
(-0.00318878 0.00487053 1.05706)
(0.00336714 0.00253711 1.14234)
(-0.0066054 0.00619022 1.14241)
(-0.00566023 -0.00443244 1.07896)
(0.00018483 0.0120353 1.05617)
(0.00257866 0.00347401 1.16167)
(-0.00608048 0.0077569 1.13777)
(-0.0037269 0.0013567 1.06024)
(-0.00584293 -0.00216072 1.24665)
(-0.00317556 -0.00223765 1.16216)
(-0.00260674 0.00186886 1.23056)
(0.00366821 -0.00278491 1.32815)
(0.00134779 0.00418314 1.30458)
(0.00205568 0.0127223 1.23033)
(-0.00117296 -0.00567559 1.30963)
(-0.0055013 0.00684053 1.24851)
(0.00817589 -0.00127266 1.22555)
(0.0051914 -0.00315454 1.24108)
(-0.000397349 -0.0107781 1.31801)
(0.00359748 -0.0056377 1.31926)
(0.00226422 -0.00969227 1.2401)
(0.00321555 -0.000949509 1.22607)
(-1.61039e-05 0.000743223 1.30343)
(-0.00081399 -0.00675684 1.30514)
(0.0047611 -0.00438817 1.22507)
(-0.000839414 -0.0056948 1.30495)
(0.00931177 -0.000858322 1.22462)
(0.00248636 -0.00547854 1.2265)
(0.00184613 -0.00379456 1.18173)
(0.00116181 0.00223803 1.104)
(-0.00117589 -0.00510004 1.14917)
(0.00120529 0.0145938 1.14885)
(-0.00565507 0.00822253 1.08898)
(0.0104715 0.00178619 1.06623)
(0.00372084 -0.00166393 1.16715)
(0.00293006 0.00640158 1.14374)
(-0.00321198 0.00275672 1.07147)
(0.00339543 -0.00504261 1.15979)
(0.00312382 -0.00670897 1.08102)
(0.000624338 -0.00814786 1.15913)
(0.00499039 -0.00161079 1.08201)
(-0.000986895 -0.00474324 1.14489)
(-0.00380219 -0.00156671 1.14415)
(0.0104473 0.00137374 1.06606)
(0.00265772 -0.00452281 1.06804)
(0.000151863 0.00226973 1.14299)
(-0.000393032 -0.00572386 1.14542)
(0.00264273 0.000586915 1.06764)
(-0.00082878 0.00140666 1.26366)
(-0.000697382 -0.000481662 1.34777)
(-0.00420915 0.00350828 1.22552)
(-0.0040312 0.00341613 1.30745)
(0.00116508 0.00356754 1.30992)
(-0.00832358 0.00393256 1.22411)
(-1.62922e-05 -4.63386e-05 1.31033)
(-0.00890568 0.00295343 1.22398)
(-0.00493114 0.00361918 1.22544)
(-0.00270205 0.00162198 1.24002)
(0.00100305 0.00848703 1.32036)
(-0.000196905 0.00137628 1.32445)
(-0.00187355 -0.000645852 1.23686)
(-0.002714 -0.00245114 1.14707)
(-0.006703 -3.01881e-05 1.14363)
(0.000629396 -0.000872617 1.08158)
(-0.00877773 0.00162183 1.05694)
(-0.00551455 -0.00710715 1.16629)
(-0.00304211 0.00495075 1.14135)
(-7.74139e-05 0.00259006 1.06212)
(-0.00124358 -0.0017942 1.18206)
(-0.000665185 0.00400164 1.09665)
(-0.00194834 0.000626115 1.14389)
(-0.00514648 0.00432201 1.14241)
(-0.0126478 0.00386993 1.05706)
(-0.00396415 0.0049374 1.05822)
(-0.00599987 0.00423977 1.1421)
(-0.00197316 0.00354262 1.14378)
(-0.00346624 0.00461152 1.05817)
(-0.00169733 0.00016372 1.16022)
(-0.00216859 0.0108101 1.07087)
(-0.000991524 0.00317185 1.15994)
(-0.00175169 0.00444649 1.07268)
(-0.00323026 -0.00664112 1.22759)
(-0.00594326 -0.00617401 1.30529)
(-0.0159821 -0.0033357 1.3057)
(-0.000748558 -0.00334685 1.22512)
(-0.00661667 -0.00205934 1.30669)
(-0.00300703 -0.00658008 1.22587)
(-0.0064546 -0.00266056 1.22573)
(-0.00236778 -0.00565669 1.26378)
(-0.00167181 -0.00039243 1.3433)
(-0.00332278 -0.00535814 1.23101)
(-0.0125621 -0.0035277 1.30606)
(0.00654424 0.00498044 1.33003)
(-0.00656945 0.00539562 1.22981)
(-0.0011741 0.00101344 1.31025)
(-0.00722551 0.000566101 1.22612)
(-0.00144502 -0.00265733 1.25117)
(-0.00456657 -0.00381628 1.16033)
(-0.000241341 -0.00696896 1.0784)
(-0.00261239 -0.00802181 1.15644)
(-0.00237221 -0.00654684 1.08219)
(-0.00585601 -0.00137072 1.14597)
(-0.0102347 -0.00402173 1.14366)
(-0.00187552 -0.00566588 1.06661)
(-0.0027681 -0.00257598 1.06712)
(-0.00571508 -0.00499471 1.14429)
(-0.0125861 -0.00359396 1.14461)
(-0.0018054 -0.00627894 1.06803)
(-0.00141317 -0.000421163 1.18179)
(-0.0020278 -0.00596255 1.10317)
(-0.00106029 0.00104382 1.14901)
(-0.00582061 0.00491836 1.1475)
(-0.00470018 -0.000548913 1.06601)
(-0.00232048 -0.00316837 1.09022)
(-0.0100785 -0.0050143 1.14444)
(0.00626704 0.00514823 1.16909)
(-0.00315445 -0.00590951 1.07031)
(-0.0040994 0.00548207 1.24244)
(-0.0035628 0.0102771 1.32563)
(-0.00489715 0.0103942 1.32594)
(-0.00328969 0.000944964 1.24129)
(-0.00443718 0.00553401 1.23041)
(-0.010546 0.00141337 1.30832)
(-0.0085291 0.0139061 1.33151)
(-0.0151548 0.00509427 1.22858)
(-0.00555288 0.012725 1.31424)
(-0.0132996 0.0090747 1.22563)
(-0.000682218 0.00568172 1.24762)
(-0.00345984 0.00461177 1.26315)
(-0.00556005 0.0129804 1.34606)
(-0.00365125 0.0081288 1.14246)
(-0.00948515 0.00388618 1.14097)
(-0.00899216 0.00648732 1.05809)
(-0.0199874 0.00537191 1.0584)
(-0.00422719 0.00664561 1.14183)
(-0.0113521 0.00254908 1.14123)
(-0.00961236 0.00383278 1.05904)
(-0.00477091 0.00866411 1.15531)
(-0.00555478 0.0123476 1.0712)
(-0.00317951 0.0050805 1.15092)
(-0.00740731 0.00736924 1.07406)
(-0.00559371 0.011262 1.1462)
(-0.0165932 0.00182241 1.1449)
(-0.0161966 0.00812127 1.05848)
(-6.59062e-05 0.00513762 1.07932)
(-0.0114618 0.00123144 1.14113)
(-0.00802962 0.0130142 1.1638)
(-0.00469881 0.00461184 1.06238)
(-0.00497821 0.0102808 1.17845)
(-0.00443828 0.00593379 1.09601)
(0.00846344 0.00737981 1.24802)
(0.00879917 0.0109515 1.16513)
(-0.00686876 -0.00457698 1.22448)
(-0.00422895 -0.00887369 1.30429)
(-0.0107628 -0.000310276 1.30495)
(-0.0101105 -0.0123861 1.22267)
(-0.00987112 -0.00035202 1.30607)
(-0.00738156 -0.0126383 1.22345)
(-0.0103577 -0.00457629 1.22337)
(-0.00669974 -0.00414689 1.26132)
(-0.0112405 -0.0054543 1.34262)
(-0.00759812 -0.00496065 1.2391)
(-0.00972448 -0.00303736 1.31865)
(-0.0101059 -0.00502061 1.32054)
(-0.00977781 -0.00335625 1.23724)
(-0.0112333 -0.00309514 1.14644)
(0.00814215 -0.0141295 1.14604)
(-0.00852773 -0.0166797 1.06195)
(-0.000710577 0.00210606 1.08444)
(-0.000650425 -0.0132633 1.14244)
(-0.00673962 -0.0035768 1.16504)
(-0.0062557 -0.00266866 1.06587)
(-0.0102018 -0.000650298 1.14203)
(-0.00850506 -0.00648181 1.14038)
(-0.00868899 -0.0141695 1.06031)
(-0.01097 -0.00511988 1.05999)
(-0.00478642 -0.00826262 1.14135)
(-0.0108215 -0.000370194 1.14075)
(-0.00743017 -0.00526737 1.06135)
(-0.0109727 -0.00525709 1.17873)
(-0.00687354 -0.00438145 1.09793)
(-0.0104195 -0.00513597 1.15622)
(-0.0101906 -0.00362751 1.07309)
(-0.0098016 -0.00293423 1.15423)
(-0.00814659 -0.00533433 1.07509)
(-0.0130477 0.00314306 1.22847)
(-0.0144525 -0.000724329 1.30456)
(-0.00254791 -0.00122769 1.32796)
(-0.00719313 0.00557333 1.22761)
(-0.0056674 0.00214868 1.31008)
(-0.0079834 -0.00378205 1.22304)
(-0.0117339 0.0071564 1.24624)
(-0.00991694 -2.86487e-06 1.23979)
(-0.00865664 -0.000662041 1.31887)
(-0.00631967 -0.00028546 1.32116)
(-0.00953287 -0.00117942 1.23752)
(-0.0111765 0.00303996 1.25995)
(-0.00479506 0.00125321 1.34122)
(-0.00829572 0.00252927 1.14041)
(-0.0117512 -0.00307757 1.14008)
(-0.0107629 -0.00766237 1.05849)
(-0.0122125 -0.00362346 1.05984)
(-0.0127569 -0.00137215 1.13902)
(-0.0101778 0.00106098 1.14078)
(-0.0134439 -0.00265629 1.05949)
(-0.00571742 0.0022706 1.14474)
(-0.0100312 0.00317923 1.14361)
(-0.00980462 -0.00528525 1.05811)
(-0.0122464 0.00703116 1.08008)
(-0.0162741 -0.0011077 1.13953)
(-0.00245928 -0.00175187 1.16242)
(-0.0137699 0.00343747 1.06305)
(-0.00682174 -0.000185878 1.1564)
(-0.0101557 -0.00186478 1.07308)
(-0.00884663 -0.00110535 1.15432)
(-0.0109692 -0.00013591 1.07527)
(-0.00464281 0.00114344 1.17653)
(-0.0116587 0.00297767 1.09521)
(-0.00365515 0.00346058 1.16169)
(-0.0177503 0.0167851 0.925658)
(-0.0202155 0.0155069 0.851874)
(-0.00194252 -0.000270493 0.916362)
(-0.000799861 0.000621443 0.989716)
(-0.00420637 -0.000641394 0.991887)
(-0.00163882 0.00145358 0.913726)
(0.000313339 0.00335542 0.907918)
(-0.0106117 0.0109657 1.0011)
(-0.000124876 -0.00160264 0.980098)
(-0.0152947 -0.0024383 0.908961)
(-0.00496265 0.00360216 0.982522)
(-0.00380795 0.0043454 0.925958)
(-0.00927301 0.00202428 0.905994)
(-0.00137574 0.00552921 0.903186)
(-0.000242581 -0.000302224 0.976526)
(-0.00193358 -0.00248374 0.977778)
(-0.0042606 0.00747286 0.902775)
(-0.00418211 -0.00021979 0.977353)
(-0.000552019 0.00507277 0.901775)
(-0.00650558 0.00317419 0.903621)
(-0.00916364 0.00368044 0.864933)
(-0.00372435 0.00231223 0.79658)
(-0.00604177 0.000956566 0.842134)
(-0.00461395 0.00231926 0.771087)
(-0.00317589 0.00178177 0.839556)
(-0.00365837 0.00132273 0.773963)
(-0.00672964 0.00535852 0.83409)
(-0.0128933 0.00112726 0.835565)
(-0.00614067 0.00662099 0.782065)
(-0.0105489 0.00206968 0.767697)
(-0.0126093 0.0127901 0.850874)
(-0.00152344 0.000981695 0.833037)
(-0.00150985 0.00499253 0.767719)
(-0.00608996 0.0016666 0.829726)
(-0.00319635 0.00309188 0.830579)
(-0.00374571 0.00719525 0.761626)
(-0.00844398 0.0052983 0.766246)
(-0.00265703 0.00119336 0.827903)
(-0.00343151 0.000564455 0.831143)
(-0.00360956 0.00785395 0.764116)
(-0.00494503 -0.000497326 0.935165)
(0.00250327 0.00139252 1.0118)
(-0.00563278 0.0063725 0.89965)
(0.000141361 0.0020961 0.975512)
(-0.00497025 0.00631212 0.975561)
(-0.00240409 0.0132635 0.900919)
(0.000426971 0.00106274 0.975198)
(-0.00243012 0.00740145 0.900475)
(-0.00345872 0.0130747 0.899243)
(-0.00654052 0.00114525 0.900803)
(0.00257771 0.00351052 0.994987)
(-0.00629255 0.00800588 0.974102)
(-0.00441396 0.00715723 0.897779)
(0.00203188 0.0025621 0.977528)
(-0.00702304 -0.00477051 0.916347)
(-0.000182885 0.0120581 0.896651)
(-0.00176783 0.00299004 0.83896)
(-0.0048279 0.0034622 0.768358)
(-0.00207355 0.00273216 0.837652)
(-0.00844363 0.00203243 0.769759)
(-0.000278821 0.00126526 0.859096)
(-0.0100394 -0.00167189 0.788426)
(-0.00316386 0.00216917 0.824256)
(-0.00557112 0.00934488 0.828045)
(-0.00619587 0.00926445 0.759345)
(-0.00947468 0.016433 0.758632)
(-0.00235285 0.00354173 0.826249)
(-0.00971942 0.0120946 0.825434)
(-0.0112644 0.00784734 0.755841)
(-0.00214532 0.00211536 0.823666)
(-0.0129125 0.0122913 0.819396)
(-0.0119061 -0.00580832 0.758092)
(-0.00820287 0.015017 0.751231)
(-0.000201149 0.00261277 0.835491)
(-0.0125022 0.0134308 0.820982)
(-0.0133691 0.000239238 0.752434)
(-0.00422275 0.0039137 0.909414)
(-0.00603264 0.000674366 0.824727)
(-0.00377521 0.00426609 0.917915)
(0.00249449 0.000838618 1.00845)
(0.00756593 0.00895491 0.985772)
(0.00337758 0.0204823 0.915818)
(-0.00134674 -0.00350205 0.990817)
(-0.00653615 0.0102468 0.934666)
(0.0132914 0.00512211 0.913072)
(0.00516121 0.000151688 0.92829)
(0.0019275 -0.00629779 1.00053)
(0.00378093 -0.00367207 1.0014)
(0.00412928 -0.00543359 0.927167)
(0.00293544 0.00269882 0.915014)
(0.00411477 0.00470807 0.986108)
(0.00014097 -0.00523496 0.987671)
(0.011483 -0.00245613 0.915314)
(-0.000850222 -0.00296891 0.987118)
(0.0130144 0.0038223 0.914261)
(0.00380464 -0.00403767 0.91572)
(0.00246693 -0.0026278 0.876176)
(0.00117987 0.00424836 0.810109)
(-0.00154247 -0.000915207 0.843829)
(0.00456787 0.0231138 0.842126)
(-0.00790079 0.0136572 0.792449)
(0.0162268 0.00946229 0.774979)
(0.000514005 0.00406794 0.859582)
(0.012742 0.0129815 0.840307)
(-0.0037382 0.00757179 0.778438)
(0.00472508 -0.00202596 0.854389)
(0.00581812 -0.00413256 0.787851)
(0.00387101 -0.00576944 0.853407)
(0.0053596 0.00238276 0.788944)
(-7.61868e-06 -0.000131583 0.841267)
(0.00759188 -0.000653354 0.843909)
(0.0161686 0.00703605 0.77864)
(0.00605094 -0.00279676 0.778645)
(0.00939524 0.00812935 0.842213)
(0.00149896 -0.00468713 0.842494)
(0.00433096 0.0061751 0.777329)
(-0.00166503 0.00281927 0.934728)
(-0.00250882 -0.00306555 1.01431)
(-0.00512323 0.00580234 0.896202)
(-0.0102825 0.00644759 0.975651)
(-0.00529174 0.00292536 0.976031)
(-0.0194177 0.00412037 0.897967)
(-0.00325468 0.000734195 0.975846)
(-0.0174068 0.00642604 0.897164)
(-0.00656815 0.00386765 0.896643)
(-0.00351206 0.00351899 0.912151)
(-0.00334822 -0.000125475 0.986958)
(-0.00341 -0.00192163 0.989945)
(-0.0040921 0.0040815 0.909416)
(-0.00316702 0.000776544 0.820026)
(-0.0120415 0.00571249 0.817081)
(0.00137109 0.00419217 0.756216)
(-0.0154989 0.00670668 0.745948)
(-0.00520125 -0.00377658 0.833658)
(-0.0119825 0.00892675 0.81873)
(-0.000347261 0.00839411 0.746977)
(-0.00183122 -0.000223248 0.857001)
(-0.000770601 0.00588121 0.783673)
(-0.00298626 0.00352057 0.819238)
(-0.0132982 0.00504029 0.823136)
(-0.017747 0.00860125 0.750964)
(-0.00711032 0.00509646 0.74937)
(-0.0119327 0.00814139 0.822272)
(-0.00371851 0.0047135 0.819947)
(-0.00626938 0.00914972 0.748249)
(-0.0021272 0.00217192 0.834477)
(-0.00407369 0.00675039 0.757533)
(-0.00302023 0.0078284 0.830755)
(-0.00260896 0.00648693 0.761389)
(0.000247604 -0.00682067 0.915928)
(-0.00422422 -0.00466634 0.986223)
(-0.00894788 -0.00334771 0.987713)
(0.00240611 -0.00225518 0.914425)
(-0.00403973 -0.00176345 0.987649)
(-0.000150644 -0.00546126 0.914288)
(-0.000581346 -0.0022662 0.914878)
(-0.00221275 -0.00772931 0.9495)
(-0.00127176 -0.00146748 1.02274)
(-0.0030923 -0.0075316 0.917318)
(-0.00939337 -0.00392854 0.986162)
(0.00489875 0.0041668 1.00936)
(-0.00488365 0.00360837 0.915245)
(-0.00101007 -0.000176498 0.98974)
(-0.00504026 0.000260579 0.912694)
(-0.00373585 -0.00447609 0.936688)
(-0.000241262 -0.00263932 0.85594)
(0.00173505 -0.00491209 0.785046)
(0.000237744 -0.00553233 0.851869)
(0.000614163 -0.0064006 0.789774)
(-0.00249925 -0.00268203 0.842868)
(-0.00202294 -0.00389063 0.843256)
(0.00208014 -0.00493424 0.777268)
(0.00552642 -0.00539474 0.780047)
(-0.00242511 -0.00430673 0.841374)
(-0.00194468 -0.00633103 0.843408)
(0.00224492 -0.0082582 0.778388)
(-0.00052294 -0.00270341 0.87586)
(-0.0020827 -0.00995226 0.809119)
(-0.00117896 -0.00207223 0.843707)
(-0.00123786 -0.00159509 0.841579)
(-0.00145465 -0.00590742 0.775598)
(-0.00527044 -0.00656362 0.794569)
(-0.00431042 -0.00978562 0.840697)
(0.00334124 0.00288804 0.861958)
(-0.00308957 -0.0105 0.77799)
(-0.00758364 0.00537848 0.908876)
(-0.00258519 0.00200814 0.989914)
(-0.00483569 0.00617041 0.991483)
(-0.00567316 0.00590745 0.906718)
(-0.0043173 0.00244873 0.898179)
(-0.0137521 0.000996944 0.975298)
(-0.00751526 0.0118064 0.99579)
(-0.0195882 0.00178812 0.896856)
(-0.00567603 0.00947778 0.979258)
(-0.0189604 0.00657454 0.895653)
(0.000309877 0.0040811 0.913348)
(-0.00434393 0.00340127 0.932002)
(-0.00456756 0.00848379 1.01312)
(-0.00741311 0.00572237 0.819758)
(-0.0151404 0.00390495 0.822713)
(-0.0108643 0.0042708 0.749695)
(-0.024721 0.00149662 0.751557)
(-0.00682599 0.00644315 0.82008)
(-0.0187705 0.000460885 0.821986)
(-0.0116595 -4.83796e-05 0.749215)
(-0.00724358 0.00849069 0.833492)
(-0.00632779 0.00851245 0.760753)
(-0.00465934 0.0102715 0.832473)
(-0.00787087 0.00473553 0.762239)
(-0.00657906 0.007081 0.820833)
(-0.020354 -8.51935e-05 0.819266)
(-0.0201658 0.00348984 0.746731)
(-7.25816e-05 0.00186453 0.755026)
(-0.0167774 -0.000245518 0.81928)
(-0.00731773 0.0105157 0.832996)
(-0.0042229 -0.00145132 0.747752)
(-0.00529146 0.0087785 0.855546)
(-0.00415617 0.00164888 0.782907)
(0.00673701 0.0034391 0.930432)
(0.0032003 0.00303702 0.856127)
(-0.00844754 -0.00607059 0.90385)
(-0.00456262 -0.0112763 0.980064)
(-0.0117325 -0.000816873 0.979011)
(-0.0123598 -0.0153865 0.903912)
(-0.011057 -0.0010653 0.980276)
(-0.0087987 -0.0164 0.904931)
(-0.0122395 -0.00600366 0.902848)
(-0.00775858 -0.00504605 0.939724)
(-0.0117699 -0.00584963 1.01682)
(-0.00910196 -0.00602329 0.916787)
(-0.0103344 -0.00349439 0.991808)
(-0.0112909 -0.00593289 0.993837)
(-0.0110911 -0.00426981 0.914812)
(-0.0113073 -0.00566767 0.833971)
(0.00278417 -0.0157127 0.834284)
(-0.0103592 -0.0184762 0.765024)
(-0.00215476 -0.000164422 0.778982)
(-0.0017591 -0.0163299 0.83285)
(-0.00843784 -0.00575777 0.849513)
(-0.00620593 -0.00539807 0.765661)
(-0.011791 -0.00282404 0.830018)
(-0.0108725 -0.0118453 0.831422)
(-0.0107425 -0.0183183 0.764289)
(-0.0139184 -0.00804133 0.76033)
(-0.0059222 -0.0135077 0.832235)
(-0.0129527 -0.00226264 0.828792)
(-0.00931804 -0.00837428 0.761921)
(-0.0124557 -0.00632377 0.864755)
(-0.00788887 -0.00527305 0.794429)
(-0.0122947 -0.00682748 0.842157)
(-0.0127535 -0.00526075 0.769966)
(-0.0115508 -0.00462598 0.840249)
(-0.00997668 -0.00695303 0.771851)
(-0.0165255 0.00397117 0.90242)
(-0.0187197 -0.00335744 0.975954)
(-0.00393767 -0.00118389 0.99651)
(-0.0116785 0.00326356 0.898218)
(-0.00734012 0.00242866 0.980352)
(-0.0127309 -0.00665219 0.898679)
(-0.0144056 0.00766854 0.91646)
(-0.0131809 -0.000399318 0.9164)
(-0.00952583 -0.00213764 0.991503)
(-0.00806009 -0.000620053 0.993466)
(-0.0114875 -0.00288593 0.914201)
(-0.0138924 0.00344401 0.935449)
(-0.00567695 0.00120926 1.01307)
(-0.0140988 0.000333913 0.825802)
(-0.0147359 -0.0116104 0.829928)
(-0.0186437 -0.014338 0.758752)
(-0.0171112 -0.00737924 0.758784)
(-0.0189763 -0.00920822 0.827465)
(-0.0133078 -0.00168483 0.827887)
(-0.0220535 -0.00520465 0.755691)
(-0.0117944 0.00261008 0.825614)
(-0.0180417 -0.00147868 0.820425)
(-0.0180879 -0.0106841 0.751666)
(-0.0198396 0.00936698 0.757845)
(-0.0223634 -0.00768529 0.822761)
(-0.00790418 0.000605438 0.836393)
(-0.0229471 0.00472126 0.752918)
(-0.0106772 -0.00136153 0.841194)
(-0.0139079 -0.00452337 0.768179)
(-0.0110832 -0.00373583 0.839237)
(-0.0172882 -0.000521862 0.770425)
(-0.00867991 0.00168374 0.859366)
(-0.0184709 0.00445996 0.787211)
(-0.0091241 0.00275598 0.824476)
(-0.0239002 0.024653 0.661091)
(-0.0271762 0.0254604 0.612097)
(-0.00606655 0.00466058 0.6514)
(-0.00737033 0.0039021 0.709363)
(-0.00870631 0.00410291 0.711814)
(-0.00966686 0.00495006 0.649386)
(-0.00245796 0.00783734 0.649354)
(-0.0145521 0.0146867 0.716886)
(-0.00330203 0.00552595 0.708096)
(-0.0181785 0.00804785 0.647341)
(-0.00843785 0.00810656 0.707042)
(-0.00703847 0.00850952 0.652073)
(-0.0118222 0.00642429 0.652898)
(-0.00598629 0.0116836 0.647031)
(-0.00713181 0.00419919 0.702018)
(-0.00530866 0.00869595 0.707613)
(-0.0114471 0.0149044 0.652363)
(-0.00885553 0.00516123 0.704278)
(-0.0090482 0.0107919 0.645117)
(-0.0100181 0.0133348 0.652479)
(-0.0143103 0.00700814 0.623603)
(-0.00891953 0.00585365 0.569892)
(-0.0115785 0.00738267 0.605266)
(-0.0171674 0.00972561 0.554574)
(-0.0137914 0.00717954 0.604143)
(-0.00844555 0.00871852 0.554525)
(-0.0091682 0.0124021 0.606097)
(-0.015759 0.0161155 0.60065)
(-0.00438361 0.0102148 0.534912)
(-0.0129853 0.0152245 0.567912)
(-0.0142735 0.0171164 0.598035)
(-0.00549293 0.0119954 0.611126)
(-0.00154139 0.0122319 0.558959)
(-0.0116404 0.00961356 0.606018)
(-0.0128796 0.0157587 0.613884)
(-0.0163504 0.0153678 0.560514)
(-0.0105187 0.0244602 0.57023)
(-0.0135753 0.00829123 0.604821)
(-0.00719224 0.0166831 0.612687)
(-0.00747597 0.0162438 0.560674)
(-0.0194424 -0.00394175 0.659142)
(-0.00681655 -4.92436e-05 0.723317)
(-0.0223721 0.0107267 0.633927)
(-0.0077715 0.0061856 0.698657)
(-0.0167467 0.018538 0.698268)
(-0.0120642 0.0252435 0.645719)
(-0.0113404 0.00472801 0.693824)
(-0.0132304 0.0122181 0.640199)
(-0.0188085 0.0237549 0.640014)
(-0.027663 -0.00156771 0.620587)
(-0.00808237 0.000376136 0.682243)
(-0.0190998 0.0193448 0.687061)
(-0.0267076 0.012182 0.607047)
(-0.0121922 0.00118624 0.686081)
(-0.0226912 -0.00848719 0.602037)
(-0.0178217 0.0200949 0.62465)
(-0.016914 0.00322911 0.599737)
(-0.0180414 0.00990793 0.545211)
(-0.0128629 0.00800497 0.597023)
(-0.0274459 0.00195569 0.548892)
(-0.0179684 -0.0027238 0.608607)
(-0.0326653 -0.00669098 0.552234)
(-0.0248619 0.00733868 0.589578)
(-0.0181198 0.0267856 0.60534)
(-0.0236268 0.0149157 0.551493)
(-0.0352094 0.0362742 0.554741)
(-0.0163716 0.00892513 0.598112)
(-0.0307147 0.0282542 0.598348)
(-0.0390226 0.0137489 0.539963)
(-0.0304619 -0.00110114 0.568087)
(-0.0441328 0.0213895 0.549035)
(-0.0378889 -0.00921392 0.431944)
(-0.0392262 0.029392 0.525717)
(-0.0205406 -0.000874038 0.526624)
(-0.0371627 0.0262666 0.576728)
(-0.0511196 -0.00513465 0.507988)
(-0.0167986 0.00781655 0.554919)
(-0.0223 0.00757985 0.452291)
(-0.00239634 0.0131786 0.659247)
(-0.00227442 0.00899421 0.727945)
(0.0184029 0.0169319 0.715154)
(0.00114134 0.02869 0.655553)
(-0.00154232 0.00396992 0.715946)
(-0.0102034 0.0187639 0.668507)
(0.0189257 0.0134051 0.658797)
(0.00625468 0.00337492 0.670843)
(0.00627761 -0.00544437 0.724263)
(0.00546332 0.000518232 0.725631)
(0.00830309 -0.0101272 0.669368)
(0.007985 0.0107981 0.662038)
(0.0155475 0.0117149 0.71993)
(0.00366793 -0.00391716 0.717366)
(0.0240074 -0.000297123 0.668605)
(0.0015245 0.00427941 0.715661)
(0.0201609 0.0106895 0.666182)
(0.0105421 -0.00290558 0.663277)
(0.0020089 0.00326238 0.641424)
(2.54529e-05 0.00968989 0.588826)
(-0.000975657 0.0116113 0.613739)
(0.00352905 0.0330801 0.608863)
(-0.0137124 0.0258721 0.566509)
(0.0207931 0.018427 0.570598)
(-0.00521803 0.0147252 0.618756)
(0.0211483 0.0235569 0.616716)
(-0.000415152 0.0227284 0.565723)
(0.00467881 0.00547547 0.625293)
(0.00972315 -0.00185836 0.568593)
(0.00805683 0.00420842 0.623786)
(0.00467278 0.00869017 0.572783)
(0.0026958 0.010575 0.619298)
(0.0235135 0.000792054 0.62927)
(0.0246165 0.0167048 0.584077)
(0.0123388 0.000122829 0.576675)
(0.0199372 0.0177346 0.626405)
(0.00439999 -0.000502193 0.620759)
(0.01027 0.0180211 0.574723)
(0.000402408 0.0109256 0.652517)
(-0.00190798 0.00159989 0.717389)
(-0.00765513 0.0155243 0.624493)
(-0.0164677 0.0138436 0.689912)
(-0.00501758 0.00550222 0.686423)
(-0.0218668 0.00559822 0.634425)
(-0.00418992 0.0078088 0.684639)
(-0.0197425 0.0155748 0.632004)
(-0.00840027 0.00899546 0.62787)
(-0.00188315 0.0107279 0.634566)
(-0.00430659 0.00563358 0.693789)
(-0.00291262 0.00417901 0.697685)
(-0.00480581 0.0106563 0.630434)
(-0.00214141 0.018657 0.563615)
(-0.0197849 0.0273059 0.551871)
(-0.0013733 0.0203621 0.448074)
(-0.0220577 0.0225988 0.522711)
(-0.00672412 0.00747389 0.531575)
(-0.0193023 0.0232509 0.573009)
(0.000365522 0.0338223 0.509562)
(-0.0016666 0.00521934 0.601356)
(-0.000205654 0.0124247 0.548395)
(-0.00773538 0.015828 0.579229)
(-0.0237394 0.00691112 0.594328)
(-0.030043 0.0231518 0.546349)
(-0.0163747 0.00654238 0.541774)
(-0.0222612 0.0208786 0.591081)
(-0.00910491 0.00690763 0.584607)
(-0.014913 0.0256022 0.534799)
(-0.00402815 0.00664068 0.585948)
(-0.00921033 -0.0120769 0.535438)
(-0.00714301 -0.00100395 0.580119)
(-0.00460342 0.0111407 0.54114)
(0.00505157 -0.0119536 0.662353)
(0.000560309 -0.00454659 0.717031)
(0.00646936 -0.00887206 0.721866)
(0.0127634 -0.00224594 0.668051)
(0.000625765 -0.00526473 0.717829)
(0.0040232 -0.00628767 0.662093)
(0.0114167 -0.00796266 0.666811)
(-0.00271335 -0.0144324 0.687682)
(0.000118104 -0.00472749 0.746956)
(-0.00253188 -0.0165201 0.659628)
(0.000732434 -0.0117832 0.716121)
(0.000191124 -0.000749659 0.730066)
(-0.00308348 -0.00677633 0.655675)
(-0.00100986 -0.00623238 0.716086)
(0.00113362 -0.00746845 0.659891)
(-0.00859433 -0.0116667 0.671013)
(0.00586413 -0.00171403 0.622363)
(0.00633381 -0.00116894 0.573392)
(0.00622374 0.00523298 0.614933)
(0.00363441 -0.00902911 0.580121)
(0.00489435 -0.00923722 0.618338)
(0.0143848 -0.00500952 0.628112)
(0.00995688 -0.00431095 0.578256)
(0.020227 -0.0147242 0.58615)
(0.00569621 -0.00206769 0.618664)
(0.0161217 -0.0150506 0.626236)
(0.0108961 -0.0175943 0.577025)
(0.00141445 -0.00452613 0.639051)
(-0.0018867 -0.0145123 0.590987)
(0.000163451 -0.0119662 0.613105)
(0.00399932 -0.016444 0.608492)
(0.00744104 -0.015386 0.573419)
(-0.0120149 -0.0182766 0.567867)
(0.00841718 -0.0208253 0.617032)
(-0.00289457 -0.0057935 0.620028)
(4.1242e-05 -0.024235 0.567144)
(-0.00710067 0.00215977 0.637456)
(-0.00567834 0.00822221 0.695899)
(-0.00737848 0.00635315 0.697452)
(-0.00674881 0.0121936 0.635268)
(-0.00330164 -0.0102559 0.6168)
(-0.0204771 -0.00503832 0.682553)
(-0.00715679 0.00658601 0.679752)
(-0.0229606 -0.0127889 0.608641)
(-0.00598911 0.000872071 0.68095)
(-0.0208399 -0.00456435 0.619665)
(-0.000837238 -0.00391592 0.602258)
(-0.00328591 -0.00222493 0.653345)
(-0.00510527 0.005548 0.716944)
(-0.0080333 -0.00676069 0.583856)
(-0.0244257 0.00262018 0.596447)
(-0.0107414 -0.00193504 0.542745)
(-0.0341283 -0.0179054 0.54586)
(-0.00751264 0.00309301 0.588139)
(-0.0279367 -0.0141539 0.591464)
(-0.0115934 -0.0175542 0.535417)
(-0.0059287 0.000165436 0.594596)
(-0.00662711 -0.0101521 0.537088)
(-0.00640018 0.00162738 0.59267)
(-0.00303855 -0.00884436 0.540631)
(-0.00388489 -0.0119953 0.56721)
(-0.0289574 -0.0246561 0.552875)
(-0.0267228 -0.0183812 0.522081)
(-0.002267 -0.0157282 0.444318)
(-0.0235133 -0.017689 0.573894)
(-0.00831277 -0.00147244 0.531157)
(-0.000365912 -0.0286253 0.51116)
(-0.00405482 -0.00109233 0.604813)
(-0.00141965 -0.013117 0.548189)
(-0.00275707 -0.00816569 0.663062)
(-0.0101575 -0.0127312 0.612355)
(-0.0104823 -0.0112216 0.641364)
(-0.00641362 -0.0198331 0.704646)
(-0.0156703 -0.00468206 0.699362)
(-0.0172076 -0.0215617 0.648904)
(-0.0133534 -0.0053404 0.700588)
(-0.0106448 -0.0225435 0.648515)
(-0.0170907 -0.0109535 0.640901)
(-0.00871503 -0.00601031 0.667079)
(-0.0138376 -0.00745007 0.730132)
(-0.0110151 -0.0087199 0.646663)
(-0.0141114 -0.0064175 0.707231)
(-0.0138366 -0.00890424 0.70862)
(-0.0159332 -0.00715196 0.6458)
(-0.0109139 -0.0120475 0.599305)
(-0.00386166 -0.0228033 0.593993)
(-0.0120051 -0.0230738 0.561225)
(0.000280423 -0.00608851 0.5263)
(-0.005161 -0.0216215 0.605412)
(-0.00912452 -0.0117384 0.589375)
(-0.00322285 -0.0120831 0.551881)
(-0.0147991 -0.00926165 0.599147)
(-0.0175945 -0.0208264 0.609553)
(-0.0117867 -0.0274289 0.564088)
(-0.0219239 -0.015015 0.55438)
(-0.00871319 -0.0220933 0.60791)
(-0.0197488 -0.00825516 0.599456)
(-0.0106086 -0.0153589 0.553653)
(-0.0156279 -0.00820823 0.617329)
(-0.0104171 -0.00675785 0.562945)
(-0.0150818 -0.0101624 0.599533)
(-0.0213887 -0.0107842 0.549094)
(-0.0186166 -0.00877245 0.599572)
(-0.0115698 -0.0105359 0.54807)
(-0.0357766 0.00634397 0.61842)
(-0.0293444 -0.0154612 0.686816)
(-0.0158369 0.00302361 0.681832)
(-0.0334051 -0.00291662 0.604954)
(-0.0210687 0.00321151 0.68572)
(-0.0286512 -0.0161568 0.623701)
(-0.0296978 0.0112402 0.600271)
(-0.0243226 -0.000304956 0.644406)
(-0.0142305 -0.00614106 0.704556)
(-0.0157492 -0.00172678 0.706878)
(-0.0181351 -0.00686151 0.641572)
(-0.0269063 0.00652922 0.655743)
(-0.0144699 0.00278407 0.721347)
(-0.0336799 -0.00521552 0.5857)
(-0.0241249 -0.028362 0.602472)
(-0.0410468 -0.0313705 0.550459)
(-0.031172 -0.013545 0.546208)
(-0.0367673 -0.0241789 0.596061)
(-0.024576 -0.00756714 0.593711)
(-0.0470699 -0.0113312 0.53512)
(-0.0380551 0.00494272 0.564802)
(-0.0465018 -0.0112888 0.54656)
(-0.0453911 -0.0230421 0.522401)
(-0.0434159 0.0109739 0.430091)
(-0.0428625 -0.0216182 0.575058)
(-0.0278035 0.00401938 0.524966)
(-0.0575537 0.00933738 0.503526)
(-0.024209 -0.00117613 0.597273)
(-0.0244473 -0.00982135 0.541039)
(-0.0196635 -0.00842013 0.593794)
(-0.0343716 7.04045e-05 0.545274)
(-0.0249984 0.00551608 0.604401)
(-0.0395262 0.00942973 0.547033)
(-0.023468 -0.00621121 0.45044)
(-0.0299271 0.0337839 0.482002)
(-0.0385749 0.0377424 0.458033)
(-0.00993571 0.0122085 0.48661)
(-0.0225232 0.0119942 0.527245)
(-0.0137251 0.0104708 0.525904)
(-0.0268122 0.0158878 0.489468)
(0.00195751 0.0180114 0.500429)
(-0.00993424 0.0201519 0.488317)
(-0.00655169 0.019515 0.546484)
(-0.0115715 0.0263873 0.47682)
(-0.00740414 0.0180446 0.534675)
(0.00255023 0.0126721 0.423344)
(-0.0124219 0.0237298 0.517494)
(-0.00684987 0.0201548 0.510628)
(-0.0217773 0.0129598 0.541542)
(-0.00681049 0.0253261 0.551852)
(-0.0237322 0.037325 0.534127)
(-0.0128146 0.0139321 0.540403)
(-0.0244811 0.020029 0.51332)
(-0.00698829 0.0327072 0.525193)
(-0.0264034 0.00988917 0.473747)
(-0.0257425 0.0105524 0.439427)
(-0.0146348 0.012614 0.474974)
(-0.0381431 0.0246716 0.452673)
(-0.0329881 0.0178703 0.47903)
(-0.0106756 0.016331 0.44772)
(-0.00346906 0.0246003 0.49597)
(-0.00803856 0.0308693 0.459858)
(0.0108775 0.0155698 0.309374)
(-0.00823867 0.0350805 0.502477)
(-0.00249354 0.0243156 0.379143)
(-0.00439945 0.0242265 0.516659)
(0.00695908 0.0249986 0.476567)
(-0.0111755 0.016598 0.513711)
(-0.0247045 0.0323541 0.542681)
(-0.0315307 0.0240518 0.509617)
(0.00497203 0.0445769 0.519824)
(-0.0296417 0.0168219 0.518386)
(-0.000400161 0.0283007 0.52933)
(-0.00237013 0.0222698 0.502995)
(-0.0461929 -0.00816388 0.470612)
(-0.0325234 -0.00589973 0.517485)
(-0.0590119 0.0185455 0.480316)
(-0.0283408 0.0110248 0.530583)
(-0.0466993 0.0377518 0.535862)
(-0.0274846 0.0463657 0.516879)
(-0.0433207 0.0112584 0.515363)
(-0.0358427 0.0164312 0.4999)
(-0.0521919 0.0475175 0.508654)
(-0.0831036 -0.0104703 0.417547)
(-0.0360854 0.00161228 0.343325)
(-0.0550646 0.0303668 0.497541)
(-0.0849496 0.0296601 0.378285)
(-0.0584901 -0.00523804 0.469094)
(-0.0508509 -0.00287542 0.223204)
(-0.0569524 0.0292724 0.460567)
(-0.0399392 -0.00127689 0.469927)
(-0.0315707 0.0214547 0.429914)
(-0.0292853 0.0154158 0.460915)
(-0.0464922 -0.000223887 0.440348)
(-0.0410101 -0.00362861 0.449977)
(-0.0445241 0.0027005 0.407794)
(-0.0614289 0.0157488 0.477357)
(-0.0315093 0.0398567 0.521785)
(-0.0448059 0.0156349 0.489488)
(-0.0672592 0.066507 0.508575)
(-0.0395192 0.0107619 0.502009)
(-0.0651463 0.046545 0.514939)
(-0.0733899 0.025503 0.458208)
(-0.0905446 -0.0119246 0.395492)
(-0.104573 0.0385495 0.349213)
(-0.0402111 0.0147015 -0.0408351)
(-0.0678239 0.0306949 0.434767)
(-0.0391359 0.0157796 0.11154)
(-0.0756523 0.0244138 0.455043)
(-0.112719 -0.0180924 0.354818)
(-0.0393096 0.0177148 0.0136879)
(-0.0351806 0.0108774 -0.154621)
(0.00392152 0.0353295 0.504548)
(-0.0076781 0.0204025 0.532464)
(0.0211163 0.0328384 0.548136)
(-0.00656632 0.0367782 0.497359)
(0.00255623 0.0209149 0.539365)
(-0.0174894 0.0340483 0.489004)
(0.0214906 0.0268829 0.517246)
(0.00405633 0.0124676 0.513236)
(0.0126751 -0.0123433 0.544048)
(0.00763308 0.0040534 0.548725)
(0.0127051 0.000635685 0.505621)
(0.0144143 0.028169 0.526586)
(0.0249508 0.0263002 0.565801)
(0.011909 -0.000913525 0.556427)
(0.0377875 0.00125416 0.548091)
(0.00906085 0.0183625 0.554233)
(0.0309455 0.0268225 0.541096)
(0.0150463 0.00144582 0.529761)
(0.0028236 0.00400795 0.497087)
(0.00177578 0.00778374 0.4618)
(0.00806896 0.0348774 0.494458)
(-0.00367847 0.047012 0.484891)
(-0.0215322 0.0437614 0.428243)
(0.028467 0.0391597 0.495228)
(-0.0105511 0.0283569 0.467494)
(0.0217702 0.046516 0.512618)
(0.0123226 0.0508097 0.469898)
(0.00642943 0.00905667 0.498625)
(0.0179115 -0.0131342 0.458797)
(0.0157037 -0.00603222 0.486339)
(0.00614014 0.0142297 0.474059)
(0.0135297 0.0311887 0.5251)
(0.0377555 0.00632005 0.551908)
(0.0443911 0.0422669 0.534739)
(0.0193444 0.00101826 0.520569)
(0.0318 0.0406706 0.542913)
(0.013805 0.00130809 0.530162)
(0.0226931 0.04397 0.51292)
(-0.000589858 0.0217749 0.469669)
(-0.00220397 0.0106956 0.516793)
(-0.0149251 0.041291 0.480697)
(-0.0342003 0.0353063 0.530918)
(-0.010226 0.00876096 0.52407)
(-0.0414491 0.00412162 0.512082)
(-0.00944381 0.0289358 0.514114)
(-0.0391591 0.0398804 0.504363)
(-0.0141404 0.0133453 0.495448)
(0.000189274 0.0218689 0.48097)
(-0.00944576 -0.00100567 0.514691)
(-0.00347308 0.0131109 0.520174)
(-0.00953428 0.0097292 0.473664)
(0.00498661 0.0627839 0.415046)
(-0.0339557 0.0856957 0.379694)
(-0.032963 0.0223205 0.0356516)
(-0.027072 0.0408349 0.444598)
(-0.0298 0.0194958 0.169763)
(-0.0188677 0.0519102 0.462951)
(0.00766452 0.0813367 0.38263)
(-0.00637283 0.0111993 0.45183)
(-0.0128258 0.0089028 0.412878)
(-0.0121303 0.044595 0.483293)
(-0.0390617 0.00491469 0.522836)
(-0.056193 0.0559564 0.506784)
(-0.0196384 0.012574 0.495763)
(-0.0371868 0.0519609 0.514409)
(-0.0113106 0.0124733 0.503298)
(-0.0229837 0.0564313 0.470148)
(6.5102e-06 0.0186703 0.473683)
(-0.01538 -0.0164533 0.440582)
(-0.0112979 -0.00289323 0.462344)
(-0.000846613 0.0221943 0.454374)
(0.0170589 -0.0284092 0.526163)
(0.0045484 -0.00356077 0.555693)
(0.0200424 -0.0240116 0.566141)
(0.0297885 -0.00392028 0.54849)
(0.00626901 -0.018132 0.553031)
(0.0144278 -0.00394978 0.530123)
(0.0264549 -0.0236575 0.54144)
(-0.00157764 -0.0150043 0.515558)
(-9.08673e-06 -0.0105021 0.556515)
(0.00396681 -0.0365499 0.504356)
(0.00935662 -0.0280203 0.5489)
(-0.00722683 -0.0145411 0.531921)
(-0.0081776 -0.0215469 0.49764)
(0.00131172 -0.0228267 0.538416)
(0.00954592 -0.0215234 0.518582)
(-0.016792 -0.0281876 0.489013)
(0.00407826 -0.0123136 0.50299)
(0.0146139 0.00139835 0.46571)
(0.0111191 0.00357762 0.493314)
(0.00343472 -0.0173389 0.477506)
(0.0126599 -0.0312206 0.526459)
(0.0313735 -0.00555447 0.553153)
(0.0160855 -0.00490584 0.522176)
(0.0413042 -0.0403317 0.536429)
(0.00942117 -0.00197592 0.532038)
(0.0291308 -0.0384268 0.54422)
(0.0223095 -0.0444061 0.513216)
(0.00106176 -0.0090184 0.496921)
(0.000127461 -0.0146841 0.460257)
(0.00639424 -0.036679 0.494756)
(-0.00325047 -0.0378126 0.485701)
(0.0211068 -0.0375163 0.496853)
(-0.0223446 -0.0401814 0.427431)
(0.0138276 -0.0438075 0.514086)
(-0.0110472 -0.0243181 0.467757)
(0.0106831 -0.0534543 0.468934)
(-0.00403386 -0.0111228 0.479358)
(-0.0093437 0.00319187 0.505056)
(-0.00510471 -0.00579313 0.511642)
(-0.011134 0.0155778 0.47137)
(0.0021297 -0.0518122 0.432509)
(-0.0307089 -0.0353881 0.49668)
(-0.0133967 -0.0131836 0.365309)
(-0.0349584 -0.0663256 0.395653)
(-0.000692515 -0.0326084 0.477231)
(-0.0292772 -0.0333359 0.461095)
(-0.0118843 -0.0259789 0.258355)
(-0.00451762 -0.0113071 0.470136)
(-0.00480776 -0.0057574 0.514377)
(-0.0114914 -0.0367554 0.486678)
(-0.0406632 0.00224866 0.5237)
(-0.0156104 -0.00568823 0.496166)
(-0.0586248 -0.052797 0.505727)
(-0.0103241 -0.00265384 0.504883)
(-0.0409698 -0.0476039 0.513117)
(-0.0196474 -0.0487371 0.472072)
(-0.00153496 -0.0123447 0.478588)
(-0.0143815 0.00166472 0.439426)
(-0.0112836 0.0083069 0.468787)
(0.000326046 -0.0183527 0.452647)
(0.00407208 -0.056915 0.420575)
(-0.0423062 -0.0874448 0.372107)
(-0.0331886 -0.0400494 0.440632)
(-0.0332846 -0.0189193 0.0278326)
(-0.0256625 -0.0499434 0.459864)
(-0.030217 -0.016406 0.163829)
(0.00731134 -0.075575 0.388511)
(-0.00972815 -0.00362217 0.454574)
(-0.0155841 -0.00448059 0.413936)
(-0.0168816 -0.0235671 0.478264)
(-0.0299523 -0.0317494 0.452712)
(-0.0093977 -0.018247 0.503274)
(-0.00706546 -0.0267934 0.545328)
(-0.0261956 -0.0119063 0.534759)
(-0.0266041 -0.0367911 0.528349)
(-0.015266 -0.0124277 0.532893)
(-0.00669954 -0.0323453 0.519749)
(-0.0283932 -0.0186796 0.506853)
(-0.0149142 -0.0077853 0.483558)
(-0.019267 -0.00916426 0.528862)
(-0.0114982 -0.0125286 0.479612)
(-0.0255515 -0.0126143 0.521154)
(-0.0157664 -0.011688 0.518929)
(-0.029212 -0.0160219 0.483329)
(-0.00327208 -0.0233273 0.487138)
(-0.0015811 -0.0316063 0.452408)
(-0.00908304 -0.0343022 0.495051)
(0.0139871 -0.0134505 0.297974)
(-0.00449918 -0.0258795 0.509716)
(0.00104428 -0.0215073 0.367648)
(0.00738902 -0.0239701 0.467776)
(-0.0125603 -0.0151759 0.506525)
(-0.027108 -0.0326823 0.536891)
(0.0037329 -0.0404667 0.514097)
(-0.0340584 -0.0225136 0.502757)
(-0.00098244 -0.0272375 0.524587)
(-0.0322819 -0.0155495 0.511535)
(-0.0045216 -0.0208372 0.49606)
(-0.0251811 -0.00940412 0.465302)
(-0.0241383 -0.00950787 0.430794)
(-0.0148837 -0.0125461 0.468352)
(-0.0390201 -0.0241201 0.446831)
(-0.0342724 -0.0181154 0.472993)
(-0.0105652 -0.0151664 0.441242)
(-0.0874688 0.0144318 0.411826)
(-0.0617825 -0.0239528 0.493757)
(-0.041414 -0.000161044 0.34192)
(-0.0883679 -0.0216705 0.374534)
(-0.0643896 0.00883762 0.463997)
(-0.0642522 -0.0216596 0.457073)
(-0.0539693 0.00259144 0.221634)
(-0.0453205 0.00146208 0.477035)
(-0.0269366 -0.0109681 0.510948)
(-0.0353546 0.00054 0.516438)
(-0.0313138 -0.0135943 0.470154)
(-0.051935 0.0106349 0.464695)
(-0.0387269 0.00862561 0.511835)
(-0.0671703 -0.0141179 0.470789)
(-0.0345421 -0.0391873 0.517404)
(-0.0708026 -0.0587818 0.502929)
(-0.0489251 -0.0148126 0.483595)
(-0.06878 -0.0425542 0.510103)
(-0.0441499 -0.00980635 0.496035)
(-0.0783265 -0.0232562 0.451545)
(-0.0949527 0.0148101 0.389484)
(-0.103718 -0.0302355 0.346171)
(-0.0710919 -0.0179746 0.431579)
(-0.0417 -0.0165724 -0.0428215)
(-0.0780881 -0.0162921 0.451575)
(-0.0428603 -0.0154086 0.109472)
(-0.115549 0.0215628 0.34933)
(-0.0448002 0.00274904 0.465003)
(-0.0346956 -0.0202683 0.425525)
(-0.0327874 -0.0150144 0.456381)
(-0.0512166 0.00213847 0.435316)
(-0.0464914 0.00623381 0.443927)
(-0.0496618 6.36882e-05 0.401995)
(-0.0324076 -0.0117522 -0.159323)
(-0.0466401 0.0488056 0.348795)
(-0.0634761 0.0576886 0.327319)
(-0.012726 0.0185059 0.430169)
(-0.0453523 0.0268896 0.451571)
(-0.0154905 0.0163141 0.446857)
(-0.0523871 0.0324788 0.43329)
(0.00807323 0.0324681 0.482196)
(0.00390136 0.0271753 0.260669)
(0.000340757 0.030255 0.518017)
(0.0111244 0.0397962 0.386263)
(0.000973055 0.0314034 0.485594)
(0.0104897 0.0202525 0.193145)
(-0.00242363 0.0300095 0.517944)
(0.00392072 0.0201294 0.530483)
(-0.0359409 0.0184538 0.529799)
(0.0162002 0.0359413 0.541674)
(-0.0255916 0.0574821 0.580732)
(-0.00506766 0.0157719 0.521405)
(-0.0371374 0.0246534 0.540741)
(0.0273335 0.041077 0.549559)
(-0.0673105 0.0195193 0.41051)
(-0.0769885 0.0220555 0.396933)
(-0.0195574 0.0192911 0.438086)
(-0.073358 0.0375753 0.422942)
(-0.0617692 0.0348171 0.436995)
(-0.0211728 0.0205802 0.429314)
(-0.00186013 0.0375253 0.506821)
(0.0121083 0.0383526 0.384836)
(-0.0126951 0.0283465 0.10831)
(0.000158817 0.00328767 0.559963)
(-0.00460007 0.0305895 0.155428)
(0.0051353 0.0177259 0.547094)
(-0.00207215 0.039336 0.517975)
(0.00227686 0.00969737 0.567578)
(-0.022395 0.0432827 0.624258)
(-0.0446123 0.0165489 0.607442)
(0.0589017 0.0264748 0.609249)
(-0.0410646 0.0142854 0.578346)
(0.0444441 0.0276041 0.587471)
(0.00926731 0.0122777 0.595199)
(-0.0255839 0.0274145 0.3356)
(-0.0296808 0.0149848 0.384248)
(-0.0789589 0.0367789 0.463278)
(-0.0455022 0.0067969 0.505407)
(-0.07436 0.0609539 0.534327)
(-0.00933104 0.0590924 0.542765)
(-0.0712627 0.0235882 0.466552)
(-0.0467463 0.00995184 0.510819)
(-0.0718508 0.0769073 0.545535)
(-0.13238 -0.0312802 0.322747)
(-0.00911458 0.0352969 -0.179977)
(-0.0694126 0.0103937 0.447586)
(-0.124228 0.0501546 0.27706)
(-0.115657 -0.023398 0.343507)
(0.01099 0.0347493 -0.328294)
(-0.0441784 -0.00296885 0.446806)
(-0.0413393 -0.00230757 0.394224)
(-0.0272226 0.0313195 0.37114)
(-0.0275453 0.0301185 0.392467)
(-0.0468531 -0.00407878 0.362569)
(-0.00448214 0.0452335 0.296579)
(-0.00299585 0.0559139 0.23518)
(-0.073739 0.0342585 0.481201)
(0.00373452 0.0432396 0.578866)
(-0.0423059 -0.00658021 0.562239)
(-0.0712593 0.0835602 0.61005)
(-0.042903 -0.00511617 0.540755)
(-0.0769885 0.0721804 0.585203)
(-0.0814434 0.0499344 0.488097)
(-0.127786 -0.0426506 0.328876)
(-0.129975 0.0513937 0.30149)
(0.0899998 0.0394163 -0.546694)
(0.0213346 -0.0421626 0.489598)
(0.059848 0.0485163 -0.446436)
(-0.0301526 -0.0274344 0.475084)
(-0.137828 -0.0531095 0.321605)
(-0.00662929 -0.0362853 -0.654386)
(0.0155488 -0.0655207 -0.756067)
(0.0242814 0.0715804 0.45794)
(-0.0149088 0.0399537 0.412621)
(0.0235179 0.0623885 0.505946)
(-0.0212758 0.0541138 0.442115)
(0.0176214 0.0531434 0.470955)
(-0.0261806 0.0566414 0.37942)
(0.0260043 0.0561896 0.504274)
(0.00401326 0.0166235 0.463459)
(0.0195675 -0.0219142 0.458058)
(0.00685403 0.0111008 0.475736)
(0.0202965 -0.0168073 0.442744)
(0.0297264 0.0665055 0.536446)
(0.0408332 0.0603732 0.55581)
(0.0155792 0.000496256 0.540659)
(0.0616961 0.00663603 0.58712)
(0.0213533 0.050408 0.529484)
(0.0508473 0.065768 0.567904)
(0.0171117 0.00222234 0.552745)
(0.00605953 -0.00842684 0.408133)
(0.00711424 -0.0155403 0.378042)
(0.030956 0.0774987 0.468346)
(-0.0254137 0.0676379 0.453641)
(-0.0349214 0.0728636 0.33817)
(0.0211271 0.0721261 0.537024)
(-0.0229978 0.0567686 0.36951)
(0.0224949 0.0798824 0.527454)
(0.0398239 0.0951794 0.461812)
(0.0019286 0.0151836 0.467874)
(0.0174914 -0.0378863 0.428726)
(0.0187648 -0.0155392 0.442039)
(0.00126305 0.0123261 0.456994)
(0.0268706 0.0773699 0.568051)
(0.0584104 0.010156 0.627757)
(0.0529954 0.0954974 0.632426)
(0.00665004 0.00119124 0.620849)
(0.0477643 0.0881504 0.605215)
(0.00643264 0.00263965 0.590919)
(0.0380305 0.0952347 0.589841)
(-0.0338279 -0.0126452 0.349322)
(-0.0243554 -0.00731492 0.396119)
(-0.025999 0.0690986 0.486363)
(-0.0515557 0.0702054 0.536911)
(-0.00928198 0.0127263 0.520065)
(-0.0602463 -0.0168692 0.560526)
(-0.0153636 0.0586255 0.487151)
(-0.0592613 0.075658 0.549164)
(-0.0142925 0.0130041 0.528727)
(0.00604058 0.0261365 0.443666)
(-0.0152185 -0.00967297 0.448107)
(0.0020834 0.0212089 0.463542)
(-0.0160627 -0.00723777 0.423906)
(0.023371 0.08768 0.372171)
(-0.0447188 0.123342 0.347293)
(-0.0700034 -0.0832418 -0.45053)
(0.0268537 -0.0274227 0.505828)
(-0.0758224 -0.0609118 -0.347103)
(0.019708 0.0131226 0.49317)
(0.0290049 0.0962402 0.362824)
(-0.0498974 -0.0399344 0.32249)
(-0.0597804 -0.0474127 0.270301)
(-0.0230761 0.0718759 0.516458)
(-0.051637 -0.0260535 0.606712)
(-0.0625573 0.0970402 0.619207)
(-0.0105849 0.00656663 0.594604)
(-0.0508648 0.0881992 0.594467)
(-0.0074943 0.00927901 0.569552)
(-0.0357971 0.0855795 0.529806)
(0.00429644 0.0176835 0.452179)
(-0.0164197 -0.0328029 0.416548)
(-0.0184486 -0.0293251 0.429577)
(0.00786577 0.0232757 0.440455)
(0.0306028 -0.0677904 0.534522)
(0.00982384 -0.00363398 0.541839)
(0.0373752 -0.0573239 0.557579)
(0.056706 -0.00597025 0.585291)
(0.0186968 -0.0511264 0.52894)
(0.0158442 -0.00436826 0.552713)
(0.0476485 -0.0610089 0.568633)
(0.00167061 -0.00831556 0.413995)
(0.00219514 -0.00769112 0.446642)
(0.0216139 -0.0760297 0.456224)
(0.015937 -0.0587595 0.508292)
(-0.0171261 -0.0379226 0.411965)
(-0.0231228 -0.0456262 0.444158)
(0.0145965 -0.0567664 0.469811)
(0.0179656 -0.0512607 0.506249)
(-0.0290662 -0.0549524 0.379496)
(0.00120496 -0.0157932 0.475293)
(0.0124245 0.0233665 0.444066)
(0.0176685 0.029942 0.452677)
(-0.00566832 -0.0209618 0.4705)
(0.0293753 -0.0778336 0.569209)
(0.0543305 -0.00991444 0.628048)
(0.00459139 -0.00449633 0.624244)
(0.0509085 -0.0897862 0.636057)
(0.00974234 -0.00199304 0.59341)
(0.0472847 -0.0829343 0.608338)
(0.0367608 -0.0973651 0.591373)
(0.00593525 0.00555604 0.40581)
(0.00429045 0.00384703 0.376401)
(0.0277594 -0.0816641 0.468359)
(-0.0252571 -0.0632435 0.456424)
(0.0123806 -0.0677908 0.542936)
(-0.0395007 -0.07233 0.340713)
(0.0167871 -0.0773305 0.531862)
(-0.0261859 -0.0545467 0.371016)
(0.0351232 -0.103423 0.462641)
(0.000639668 -0.0134308 0.444586)
(-0.0164371 0.0196177 0.436761)
(-4.00856e-05 -0.0126478 0.45503)
(-0.0189485 0.0346533 0.424273)
(0.0137887 -0.0872518 0.370658)
(-0.0201352 -0.0464642 0.456578)
(-0.055535 0.00768372 -0.0962926)
(-0.0527975 -0.11713 0.308646)
(0.0111115 -0.0752116 0.386829)
(-0.00965646 -0.0237706 0.456153)
(-0.0616064 0.024742 -0.238219)
(-0.0387355 0.0269299 0.354694)
(-0.0280068 0.0166721 0.396079)
(-0.0226318 -0.064487 0.521596)
(-0.0534703 0.031188 0.605916)
(-0.0114748 0.00242176 0.595489)
(-0.0667072 -0.0936722 0.619088)
(-0.00443404 0.000976457 0.570573)
(-0.0557847 -0.0859964 0.593783)
(-0.0390062 -0.0781518 0.533618)
(0.00373164 -0.0120215 0.453779)
(-0.0168717 0.0431685 0.413976)
(-0.0170231 0.0291707 0.43176)
(0.00450829 -0.012202 0.436883)
(0.0213223 -0.0811413 0.382272)
(-0.0527412 -0.126027 0.329974)
(0.0213365 0.0294906 0.499896)
(-0.0724114 0.0892691 -0.451724)
(0.010807 -0.0127289 0.487614)
(-0.0753956 0.0650906 -0.350504)
(0.0237172 -0.0883884 0.370629)
(-0.0521663 0.0467981 0.329627)
(-0.0624274 0.0568832 0.27736)
(-0.0405244 -0.0446835 0.340514)
(-0.0607675 -0.055944 0.318967)
(0.00198403 -0.0187413 0.526404)
(0.0168298 -0.0317656 0.537574)
(-0.0372917 -0.0167144 0.525238)
(-0.0275978 -0.0527615 0.577445)
(-0.00646217 -0.0140786 0.517067)
(0.0272479 -0.0373755 0.546825)
(-0.0384111 -0.0223938 0.536899)
(-0.0427579 -0.0132171 0.400985)
(-0.0389598 -0.0120633 0.424289)
(-0.011393 -0.0174624 0.426491)
(-0.0451273 -0.0265115 0.447431)
(-0.0141683 -0.0151608 0.442416)
(-0.0520977 -0.032281 0.430235)
(0.000598714 -0.0353739 0.503065)
(0.0141583 -0.0336358 0.383243)
(-0.00273375 -0.00244287 0.556429)
(-0.0105768 -0.0244722 0.102035)
(0.00398299 -0.00968508 0.542722)
(-0.00371577 -0.0295881 0.147122)
(0.000871424 -0.036408 0.516264)
(0.00135069 -0.00900215 0.566942)
(-0.0231583 -0.039315 0.622656)
(0.0580054 -0.0263856 0.608114)
(-0.0444344 -0.0147479 0.608464)
(0.0443378 -0.0218956 0.586399)
(-0.0409041 -0.0131384 0.577836)
(0.00788515 -0.0114607 0.596329)
(-0.063009 -0.0172975 0.40563)
(-0.0734325 -0.0209739 0.393392)
(-0.0166452 -0.0175999 0.436848)
(-0.0721026 -0.0392357 0.42339)
(-0.0603114 -0.0347906 0.436319)
(-0.018587 -0.0203755 0.429323)
(-0.133895 0.0353018 0.321225)
(-0.0737973 0.00133606 0.445535)
(-0.0117384 -0.0366049 -0.179537)
(-0.12686 -0.0414953 0.276624)
(-0.118937 0.0257789 0.340885)
(-0.0522705 0.0152333 0.447251)
(0.0104336 -0.0376112 -0.328325)
(-0.050954 0.00314773 0.403197)
(-0.033228 -0.0224179 0.420163)
(-0.0473244 0.00378744 0.429645)
(-0.0324722 -0.0281592 0.395684)
(-0.0286955 -0.0255649 0.332962)
(-0.0343462 -0.0121425 0.380443)
(-0.0781756 -0.0332803 0.481311)
(0.00188153 -0.0428295 0.578234)
(-0.0763409 -0.0804701 0.608903)
(-0.0444772 0.00657866 0.563565)
(-0.0796442 -0.0648985 0.583472)
(-0.0454503 0.00433758 0.54114)
(-0.0857835 -0.0465267 0.490268)
(-0.131175 0.0442437 0.331721)
(-0.126989 -0.0416503 0.302894)
(0.011917 0.0465995 0.490789)
(0.0902154 -0.0406538 -0.543998)
(-0.0329907 0.0385213 0.477056)
(0.0569819 -0.0494653 -0.443234)
(-0.139206 0.0570171 0.326752)
(-0.0446171 0.00385671 0.393879)
(-0.0273097 -0.0335339 0.371773)
(-0.0279414 -0.0304133 0.392585)
(-0.0496169 0.00364167 0.363089)
(-0.00729812 -0.043119 0.296726)
(-0.00292293 -0.0563268 0.236211)
(0.0205265 0.0624217 -0.756509)
(-0.102467 0.0844448 0.229159)
(-0.137229 0.0958759 0.234332)
(-0.040203 0.0167391 0.447273)
(-0.0848468 0.0367435 0.430467)
(-0.0314128 0.0214743 0.44587)
(-0.102976 0.0277031 0.42455)
(-0.0289897 0.0419975 0.579911)
(-0.0409622 0.0413631 0.104365)
(0.00309017 -0.0220793 0.596147)
(-0.00519105 0.0122343 0.364003)
(-0.0179357 0.0433957 0.556124)
(-0.0666828 0.0470398 0.0997588)
(-0.00817467 -0.0641531 0.61651)
(0.0083721 -0.00794248 0.6899)
(-0.0487308 -0.0029405 0.658124)
(0.0788509 0.00885729 0.656161)
(-0.0152457 0.0126968 0.732598)
(0.00788223 -0.00397525 0.647812)
(-0.0551094 -0.015287 0.697722)
(0.0932042 -0.0131276 0.688254)
(-0.179943 0.0416699 0.443082)
(-0.147944 0.0393058 0.44107)
(-0.138181 -0.0100155 0.471921)
(-0.0835078 -0.00379383 0.507752)
(-0.056227 0.0120565 0.489437)
(-0.112091 0.0134501 0.457885)
(-0.142323 0.0727886 0.202144)
(-0.0224946 -0.115981 0.683347)
(-0.0812897 0.0365057 0.673339)
(-0.05356 0.0506613 0.642677)
(-0.021051 0.0117133 0.394575)
(-0.110298 0.0650561 0.157321)
(-0.000888935 -0.0985858 0.648169)
(-0.0680037 -0.0856904 0.802561)
(0.132751 -0.0583252 0.761736)
(-0.0127683 -0.0495655 0.815814)
(0.00254118 -0.0313703 0.760973)
(-0.00065653 -0.0237063 0.76594)
(-0.0561474 -0.046821 0.760649)
(0.117462 -0.0482346 0.734359)
(-0.000106652 0.0643612 0.130655)
(0.0134888 0.067403 0.180159)
(-0.0962986 0.0505686 0.521167)
(-0.0347456 -0.0312334 0.604603)
(-0.073746 0.077543 0.647713)
(0.0765941 0.0115616 0.67657)
(-0.0796756 0.0445396 0.508513)
(-0.0339616 -0.0445005 0.640862)
(-0.0718385 0.0730424 0.672529)
(-0.142509 -0.0905877 0.335494)
(0.133363 0.0315515 -0.605354)
(0.0656384 -0.0792486 0.521748)
(-0.103267 -0.00192802 0.447012)
(-0.128315 -0.0712447 0.326753)
(0.137084 -0.00746864 -0.586827)
(0.12092 -0.113504 0.554117)
(-0.0237445 -0.0182889 0.417746)
(-0.0700908 -0.0570189 0.301898)
(-0.0484941 -0.0297175 0.30948)
(-0.0122578 0.00326816 0.393223)
(0.0211971 0.0546428 0.0976305)
(0.031116 0.0680528 0.0956023)
(-0.0251982 -0.105534 0.74693)
(-0.0669204 0.0608792 0.708539)
(-0.115751 0.0195248 0.571092)
(-0.0954513 0.0345494 0.550312)
(0.100355 -0.0162465 0.712115)
(-0.0206652 -0.0759361 0.699034)
(-0.0701463 0.0580579 0.69552)
(0.0865762 -0.0983993 -0.361274)
(0.202119 -0.0954552 0.591269)
(-0.169702 -0.112972 0.380242)
(-0.135894 -0.0990472 0.35476)
(-0.0986134 -0.0266254 0.494772)
(0.145694 -0.0440108 -0.519531)
(0.155983 -0.126764 0.567854)
(0.106532 -0.146566 -0.772031)
(0.138574 -0.176529 -0.68859)
(0.0547787 0.122564 0.492568)
(-0.0373018 0.0761129 0.335582)
(0.00671351 0.0901264 0.570385)
(-0.0772328 0.0751233 0.473793)
(0.0485801 0.104113 0.482835)
(-0.0526369 0.0915291 0.319846)
(-0.0221858 0.0791605 0.593024)
(-0.00942259 -0.00233657 0.473905)
(0.011499 -0.0520227 0.447853)
(-0.000485803 0.00302173 0.476377)
(-0.00255297 -0.0650513 0.448351)
(0.0397 0.128074 0.67828)
(0.0506812 0.120043 0.684155)
(-0.00871592 -0.000732643 0.678498)
(0.0554885 0.00440602 0.748623)
(0.0359453 0.109126 0.640994)
(0.0436533 0.132626 0.723449)
(-0.0241792 -0.00467404 0.721134)
(0.0118652 -0.0957191 0.380404)
(0.0145907 -0.0767998 0.371765)
(-0.0838588 0.122446 0.369689)
(-0.0466368 0.0752513 0.675015)
(0.0714631 0.138252 0.589492)
(0.0694107 0.128324 0.543434)
(-0.0978882 0.0873951 0.513307)
(-0.0607716 0.0997927 0.349725)
(-0.0487137 0.0925638 0.632418)
(-0.046023 -0.0760643 0.513037)
(-0.0486943 -0.0264045 0.51999)
(-0.0201654 -0.020747 0.510501)
(-0.0184021 -0.0811887 0.49215)
(0.0187281 0.183096 0.820167)
(-0.0918333 -0.0177494 0.840945)
(0.014141 0.147018 0.804507)
(0.033471 0.137962 0.750375)
(0.0354135 0.00622302 0.797069)
(0.0267629 0.160871 0.781692)
(-0.0463155 -0.00888848 0.790828)
(-0.0725128 -0.0722329 0.180288)
(-0.0723709 -0.0716621 0.229371)
(-0.0319388 0.116037 0.580474)
(-0.0568813 0.113928 0.666402)
(0.00674375 0.00165021 0.643683)
(-0.0449695 -0.0881994 0.717498)
(-0.0269745 0.0940701 0.562486)
(-0.0438729 0.13164 0.696764)
(0.0115072 -0.000951995 0.677563)
(0.0186004 0.0276978 0.430858)
(-0.0125754 -0.0402799 0.422899)
(0.00827556 0.0189429 0.44409)
(-0.000304836 -0.0480106 0.417565)
(0.0687084 -0.0600266 -0.32233)
(0.0998868 -0.181395 0.614955)
(0.0743746 0.132621 0.426093)
(0.0579223 0.09416 0.401848)
(0.0405651 0.133703 0.503436)
(0.00729178 -0.123319 -0.467719)
(0.124666 -0.150143 0.596616)
(-0.0615682 -0.101409 0.154506)
(-0.0753348 -0.103369 0.164588)
(-0.0490283 0.168619 0.745945)
(0.0477512 -0.00703431 0.787887)
(0.00215335 0.154945 0.661688)
(-0.0159711 0.127828 0.634095)
(-0.0328453 -0.110149 0.764075)
(-0.0273657 0.147346 0.737443)
(0.0293074 -0.00785091 0.748586)
(0.0249482 -0.0559338 0.470141)
(0.0509407 0.0382306 0.447859)
(0.0279725 0.0221582 0.451029)
(0.0111669 -0.0573762 0.453585)
(0.035386 -0.132269 0.677744)
(-0.0131245 -0.00316888 0.680203)
(0.0463327 -0.113013 0.686983)
(0.049411 8.67353e-05 0.748377)
(0.0317236 -0.112315 0.640436)
(-0.0285388 -0.00185981 0.723493)
(0.0387387 -0.12415 0.726065)
(0.00622703 0.0274228 0.35067)
(0.00733333 0.0203759 0.369696)
(0.0459845 -0.13427 0.49548)
(-0.0044574 -0.084213 0.576023)
(-0.0428037 -0.0760399 0.339143)
(-0.083156 -0.0637928 0.479958)
(0.0411076 -0.113477 0.483346)
(-0.0331662 -0.0708308 0.600232)
(-0.0590725 -0.0921239 0.32624)
(-0.0496713 0.0728787 0.51954)
(-0.0548612 0.0122912 0.52925)
(-0.0352442 0.00111002 0.518222)
(-0.0305392 0.0411591 0.496123)
(-0.0869186 0.0133861 0.840113)
(0.0160947 -0.172536 0.819922)
(0.0145178 -0.152554 0.799792)
(0.0229705 -0.143115 0.745912)
(0.0274948 0.00113498 0.793501)
(-0.055832 0.00371221 0.7891)
(0.0214643 -0.154905 0.781444)
(0.00871635 0.085466 0.376973)
(0.00978117 0.0608954 0.365582)
(-0.0592683 -0.0697073 0.67792)
(-0.0893154 -0.12049 0.375388)
(0.0597886 -0.151247 0.590778)
(0.0578441 -0.140672 0.54449)
(-0.101172 -0.08092 0.518783)
(-0.0571268 -0.0890502 0.635952)
(-0.0675148 -0.100878 0.356418)
(0.0163623 -0.0146545 0.432518)
(-0.0123988 0.0552519 0.425811)
(0.00511324 -0.00656447 0.444812)
(0.000417753 0.0604994 0.41984)
(0.045724 -0.0949238 0.378685)
(0.0526931 0.0648081 0.537537)
(-0.0672506 0.121935 -0.520147)
(0.00488379 -0.132006 0.436132)
(0.0337602 -0.080463 0.377918)
(0.0956022 0.114339 0.566682)
(-0.0371397 0.125421 -0.524954)
(-0.0745934 0.0796176 0.192434)
(-0.0744299 0.0794115 0.240864)
(0.0474016 0.0131172 0.790261)
(-0.0506491 -0.163553 0.748855)
(-0.000459119 -0.151629 0.66603)
(-0.0220043 -0.122131 0.640868)
(-0.032355 0.111248 0.765357)
(0.0277372 0.0136273 0.753532)
(-0.0324944 -0.144017 0.740141)
(0.0288509 0.0627361 0.46885)
(0.0530207 -0.0271594 0.447484)
(0.0256381 -0.00950984 0.455662)
(0.0127965 0.0642177 0.457912)
(0.0942291 0.188154 0.614435)
(0.0671973 0.0622863 -0.329661)
(0.0648735 -0.129297 0.43002)
(0.0491613 -0.0893917 0.409253)
(0.0342897 -0.1282 0.490231)
(0.117319 0.154965 0.594881)
(0.0036789 0.127364 -0.474266)
(-0.0644136 0.107945 0.162061)
(-0.078579 0.109521 0.178071)
(-0.0952359 -0.0786193 0.222478)
(-0.13332 -0.0926232 0.228621)
(0.00753343 0.00913943 0.689057)
(0.079802 -0.0123153 0.654255)
(-0.0479856 0.00348284 0.659334)
(-0.0173951 -0.0172686 0.730026)
(0.00713316 0.00447174 0.648624)
(0.0937055 0.0102494 0.684331)
(-0.0546708 0.0166177 0.697519)
(-0.113798 -0.0313264 0.402352)
(-0.0993223 -0.0276669 0.406647)
(-0.0369442 -0.0175028 0.447755)
(-0.0829091 -0.0391054 0.431517)
(-0.0279567 -0.0216263 0.446313)
(-0.101183 -0.0310718 0.425389)
(-0.0224824 0.115301 0.680441)
(-0.140557 -0.0681583 0.201041)
(-0.0787137 -0.0339501 0.673368)
(-0.0520659 -0.0469821 0.640799)
(-0.0167068 -0.0132351 0.393852)
(-0.00348429 0.101677 0.643421)
(-0.110702 -0.0617222 0.152738)
(0.134722 0.0535753 0.758466)
(-0.0674643 0.0852961 0.80448)
(-0.0120461 0.051454 0.816895)
(0.0017343 0.0315368 0.760861)
(-0.00255179 0.0215529 0.763318)
(0.116653 0.0489535 0.730028)
(-0.0559333 0.0456769 0.761317)
(-0.177505 -0.0406587 0.442413)
(-0.144624 -0.0380895 0.438372)
(-0.136067 0.00556269 0.472549)
(-0.0797586 0.00263054 0.508686)
(-0.0521853 -0.0119747 0.48967)
(-0.110292 -0.0164166 0.458485)
(-0.143146 0.093715 0.338134)
(0.0576984 0.0783202 0.523333)
(0.133303 -0.0321989 -0.605407)
(-0.112909 -0.00213655 0.440487)
(-0.131102 0.0726219 0.33209)
(0.109565 0.115699 0.552539)
(0.14105 0.00558823 -0.591769)
(-0.0595926 0.0139894 0.313619)
(-0.0206912 -0.0311112 0.370997)
(-0.0446693 0.00464082 0.344025)
(-0.0244202 -0.0205999 0.364576)
(0.000762691 -0.065666 0.129937)
(0.0137668 -0.0679227 0.181288)
(-0.0747263 -0.0663803 0.708186)
(-0.0262153 0.104435 0.747788)
(-0.121294 -0.017385 0.574673)
(-0.100022 -0.0331403 0.552096)
(0.0999469 0.00997192 0.708226)
(-0.0762341 -0.0572101 0.694794)
(-0.022174 0.0747748 0.698531)
(0.19709 0.102383 0.591497)
(0.0885915 0.0976884 -0.360456)
(-0.171086 0.115635 0.385477)
(-0.137434 0.101479 0.357936)
(-0.101082 0.0302134 0.486923)
(0.151287 0.135579 0.567947)
(0.14765 0.0433224 -0.523676)
(-0.0242426 0.0136773 0.417637)
(-0.0735713 0.0543148 0.303462)
(-0.0516341 0.0292748 0.309541)
(-0.012517 -0.00650497 0.39277)
(0.0178257 -0.0534893 0.0996664)
(0.0291401 -0.0669099 0.0947806)
(0.138297 0.17498 -0.692172)
(24.377 -18.2814 0.404309)
(26.0113 -23.8056 0.344291)
(23.2281 -21.5953 0.15463)
(23.2965 -21.9688 -3.85991)
(33.5791 -19.5632 -1.61061)
(25.7882 -18.4081 -2.01825)
(24.8221 -24.0299 -3.2822)
(15.9669 -7.60549 -1.93727)
(14.8835 -5.60011 -0.427947)
(15.9755 -6.99904 -0.180232)
(13.2226 -3.87077 -1.38971)
(15.8842 -1.78464 -0.0448648)
(13.7071 -2.41228 -0.105757)
(13.9869 -2.8184 -0.160448)
(15.2581 -4.07456 -0.30922)
(14.158 -3.81759 -0.818031)
(15.4243 -2.673 0.231804)
(15.9089 -0.375232 -0.0314605)
(12.8108 -0.0543229 -0.251187)
(14.2073 -1.10604 0.108802)
(14.785 -1.43143 0.809396)
(15.977 -0.0483899 1.09661)
(15.4681 -1.41544 0.364661)
(13.4899 -0.682574 0.345228)
(21.4161 -9.23239 -1.17538)
(21.0107 -13.8596 -0.695429)
(23.7645 -10.3316 -0.36416)
(24.8986 -11.6395 -1.16826)
(20.4287 -12.8642 -2.01269)
(22.4288 -14.0149 -1.89852)
(20.3214 -9.12325 -0.603027)
(13.5352 3.6306 -0.134101)
(14.3245 3.47821 -0.657864)
(12.738 1.73015 -0.64367)
(12.6713 0.748982 0.224099)
(14.8675 5.10308 1.01404)
(13.4001 2.72912 3.96724)
(15.5087 3.11611 -0.0613743)
(14.4571 3.59324 -0.321487)
(12.3804 0.414423 -0.698632)
(12.5548 1.07288 -0.705174)
(12.2446 -0.0381898 -0.444731)
(15.942 1.61642 0.747545)
(12.3801 -0.493969 -0.51565)
(15.4815 2.71058 0.237531)
(13.2606 7.41219 -0.0223198)
(14.2734 5.64831 0.973183)
(14.0211 6.49069 1.20143)
(14.4246 8.32618 -0.775129)
(13.9048 10.2129 -0.14209)
(16.2943 7.46513 -0.587784)
(17.5061 8.44222 0.75256)
(13.3137 8.13201 -0.46294)
(13.5158 6.99803 -0.208338)
(14.3055 9.43581 0.0918153)
(15.3243 12.8648 0.502664)
(14.8019 15.5 0.661624)
(14.3606 14.4338 0.0342741)
(15.0201 13.379 0.936793)
(19.2641 15.1786 0.741933)
(15.8485 12.1396 0.770428)
(15.0678 15.5299 1.0704)
(24.6785 -30.8071 -7.65378)
(23.9962 -50.4494 -10.297)
(21.7495 -41.5214 -11.3702)
(24.0017 -30.5691 -5.22821)
(25.3105 -25.9918 -1.07247)
(29.0572 -29.419 -2.11753)
(29.5905 -38.2976 -3.57115)
(20.8348 -30.0655 -6.45082)
(23.9321 -28.6729 -3.82146)
(23.429 -36.7246 -8.67596)
(7.66858 -46.2286 -4.42681)
(10.3152 -42.5731 -1.54923)
(0.385424 -44.3806 -0.378857)
(-5.04606 -54.523 3.99267)
(24.3561 -55.0426 -4.98112)
(0.717417 -55.1218 1.76088)
(13.378 -57.0487 -6.59342)
(4.0232 -42.3393 -0.213052)
(-4.19678 -41.7391 1.79025)
(-1.93263 -43.2967 0.964389)
(-6.6545 -54.5376 5.06603)
(6.11002 -57.1084 -5.82091)
(12.92 -57.76 -6.99812)
(-6.75114 -52.3604 5.91576)
(13.036 18.9524 0.774613)
(15.0077 16.2017 0.420658)
(15.525 19.3883 1.13046)
(18.9625 24.8186 2.61945)
(13.9403 17.7839 1.50737)
(15.7377 17.0338 1.17277)
(14.4219 21.348 3.16406)
(11.4961 20.1173 -0.146353)
(11.9643 26.4802 3.42727)
(12.1443 23.8256 1.50951)
(7.11391 22.0017 0.798773)
(3.96393 26.2545 2.51689)
(3.00484 23.6333 2.21642)
(5.98427 28.3699 2.87744)
(9.21987 27.7949 2.0447)
(7.67063 26.7012 1.73688)
(7.12534 29.1065 1.98914)
(-2.26627 28.0985 3.96457)
(1.50105 16.4989 1.63234)
(1.11935 20.8387 1.918)
(2.86022 28.3094 3.29735)
(-0.992662 27.7448 0.490407)
(2.91102 30.1248 2.23466)
(0.265483 22.184 2.61809)
(-11.7559 -43.005 -0.14408)
(-15.1407 -40.7392 -0.0403265)
(-11.7041 -40.2099 1.53199)
(-7.67411 -50.6601 9.4949)
(-12.9276 -72.5816 -1.14434)
(-4.90062 -67.5619 -2.78105)
(-13.0465 -60.9339 3.02193)
(-7.20847 -42.3236 0.968295)
(-6.53709 -41.3623 2.29791)
(-8.89889 -41.0203 2.44174)
(-6.3485 -48.7852 9.30414)
(1.61995 -57.9991 -5.23942)
(-6.14086 -49.391 7.21578)
(-1.68974 -60.8621 -3.60054)
(-19.6753 -43.4116 -3.29619)
(-11.5848 -76.6205 5.95986)
(-31.4524 -102.467 -13.3935)
(-20.9622 -44.2209 -1.6794)
(-24.7606 -48.3684 -2.59804)
(-12.0669 -55.6723 -3.20161)
(-54.7423 -126.449 -10.6163)
(-75.4057 -122.17 -19.7712)
(-60.7455 -124.65 -3.88455)
(-76.4128 -125.498 -16.4564)
(-2.68574 13.5964 3.28576)
(-3.14302 9.96323 -0.196742)
(-1.58412 11.3375 0.83448)
(-2.74377 16.4218 -0.295912)
(-7.77823 15.7109 -1.6903)
(-3.59792 16.7956 1.8677)
(-4.5921 16.4668 -1.81889)
(-5.45883 17.061 4.19833)
(1.21374 14.9506 1.50151)
(0.483633 14.739 2.46317)
(-0.91456 16.4995 1.08496)
(-3.37211 20.8171 0.720334)
(-0.514917 16.9015 1.70403)
(-2.64037 18.1113 1.89595)
(-10.4877 7.87152 -2.71342)
(-12.2616 7.12641 -3.495)
(-12.553 5.8367 -3.13562)
(-28.9397 21.0143 -2.68666)
(-22.6962 25.5111 -13.8686)
(-22.4505 23.4672 -9.45863)
(-36.1699 25.7637 -2.44999)
(-7.28358 7.3602 -1.56099)
(-9.59502 14.1473 -4.63097)
(-18.6362 14.5335 -10.8166)
(-28.8107 -48.7155 -4.85435)
(-29.6674 -41.5826 -5.51039)
(-33.3727 -43.4213 -6.07773)
(-107.613 -115.275 -23.6248)
(-73.7115 -108.514 -14.6871)
(-92.0406 -120.505 -19.2647)
(-104.566 -114.907 -17.3343)
(-27.0688 -20.5117 -0.75134)
(-28.7646 -26.7295 -3.14871)
(-26.495 -24.5337 -2.57032)
(-108.619 -87.6041 -13.3343)
(-117.614 -76.0336 -15.5208)
(-120.825 -100.821 -12.8191)
(-116.699 -69.9609 -22.1181)
(-23.4295 -18.1385 0.863476)
(-115.666 -67.3951 -35.2984)
(-126.466 -72.7417 -34.9897)
(-23.2592 -19.6665 -2.90032)
(-21.8342 -12.3694 -3.81721)
(-29.2919 -8.63432 -5.39488)
(-84.8654 -29.7135 -22.9219)
(-92.6699 -56.2613 -27.3645)
(-68.0117 -41.9947 -11.318)
(-103.884 -35.4603 -43.317)
(-27.3075 -8.93691 -2.43757)
(-24.9538 1.0143 -2.64675)
(-26.7191 -0.885725 -2.963)
(-66.2582 -19.5824 -9.80853)
(-52.7859 -32.7338 -4.99179)
(-60.545 -36.6448 -6.31046)
(-51.2152 -13.8113 -2.65692)
(-18.42 6.80517 -3.78583)
(-17.4592 6.88381 -4.10679)
(-19.0571 5.07623 -4.35088)
(-60.5412 -4.71685 0.947274)
(-52.6866 24.3131 -11.5302)
(-53.3648 10.1729 -0.0236738)
(-56.9272 16.1648 -3.87632)
(-23.2476 3.4804 -3.44581)
(-21.4514 5.45668 -3.55696)
(-22.0699 4.26556 -3.15853)
(-27.3714 -3.57675 3.25599)
(-42.8283 -11.2454 -7.65748)
(-44.1329 -23.5278 -4.65198)
(-28.4614 1.29913 -7.18279)
(-24.6989 1.88318 -3.25137)
(-24.0552 2.20355 -2.66172)
(-23.2069 3.20201 -2.8586)
(-33.5286 -5.48757 2.49466)
(-48.7085 -28.5072 -3.62305)
(-41.3711 -8.87447 0.456962)
(-45.479 -26.2126 -3.37215)
(-19.3837 6.74464 -3.98513)
(-31.0785 -8.63732 -3.37264)
(-32.3003 4.34445 -6.97762)
(-14.3796 6.90977 -3.98281)
(-16.1803 6.78883 -4.14963)
(-14.5858 7.62061 -4.00153)
(-45.6722 31.8541 -10.8723)
(-56.3334 3.4802 -0.945498)
(-47.7783 23.224 -3.08038)
(-54.9005 21.156 -3.29304)
(63.251 -51.1247 28.4079)
(70.3318 -67.4952 30.4651)
(51.9664 -55.9334 33.7066)
(61.3824 -56.7926 38.2452)
(68.685 -68.9628 39.5239)
(66.3346 -62.3279 37.0382)
(66.4757 -59.7426 28.6593)
(19.2329 -15.6037 0.75145)
(18.8753 -19.8578 -1.57455)
(17.7121 -18.0996 -0.724831)
(19.5282 -19.9181 -3.81358)
(26.9538 -21.5941 -2.43613)
(21.3983 -17.3225 -2.41571)
(20.5562 -21.8125 -3.98649)
(21.9248 -13.7388 2.22256)
(49.2827 -38.3497 16.1564)
(29.1687 -16.2813 6.95818)
(32.7062 -13.8445 2.63427)
(38.4288 -25.2716 4.14467)
(25.0446 -14.0072 -0.446476)
(50.7235 -37.3106 10.0432)
(31.0595 11.0897 6.38889)
(44.6732 15.366 6.41819)
(40.2432 9.71473 8.1306)
(39.4335 11.2338 5.94748)
(35.5006 20.6361 5.41209)
(31.8819 12.3468 3.81734)
(42.876 15.0335 6.58006)
(22.5892 12.5139 3.76548)
(22.1263 22.5055 5.95143)
(19.5244 16.7714 4.95425)
(18.9129 15.3901 2.59387)
(27.9842 18.5037 3.35254)
(20.9866 13.376 2.3091)
(19.6426 19.541 2.04916)
(26.0744 -29.1245 -0.659307)
(47.2955 -52.3602 4.13028)
(33.3335 -44.6004 0.262493)
(35.1691 -43.6712 1.24539)
(38.9355 -36.8737 1.69335)
(27.4296 -29.9573 -1.49854)
(48.7387 -51.74 4.60854)
(37.9762 23.1927 11.3768)
(49.1786 27.7724 9.48749)
(41.3879 32.622 10.6838)
(39.3224 33.7638 8.08047)
(44.9582 23.7957 9.61517)
(32.8973 22.5511 6.23409)
(48.6305 29.186 9.17779)
(-94.7107 -133.703 -0.0076584)
(-116.811 -155.815 -10.2184)
(-99.6862 -149.033 -1.58565)
(-95.4354 -147.497 -5.16067)
(-107.521 -140.803 -2.67993)
(-113.085 -152.566 -10.942)
(-90.6041 -133.791 -1.83249)
(-41.6345 39.8507 -8.36412)
(-72.4432 67.3172 -32.054)
(-46.4785 49.6615 -14.6986)
(-37.4059 31.5311 -7.74759)
(-54.593 26.3251 -8.68969)
(-58.25 38.9601 -19.6701)
(-38.1262 24.1375 -3.93902)
(-137.239 -158.165 -20.7559)
(-155.575 -150.923 -27.4425)
(-152.513 -151.523 -27.0665)
(-149.018 -148.584 -25.5394)
(-131.394 -148.895 -14.3065)
(-133.301 -154.357 -20.0331)
(-151.025 -148.173 -22.9773)
(-124.313 -122.762 -3.44939)
(-148.989 -139.668 -20.337)
(-142.513 -128.24 -10.6338)
(-139.749 -130.87 -2.49139)
(-124.473 -135.975 -8.90589)
(-144.796 -139.611 -13.7248)
(-120.4 -125.498 -3.53469)
(-76.5037 32.7064 -15.9814)
(-101.621 59.2594 -36.9894)
(-96.2341 43.7586 -26.8025)
(-95.2987 17.1861 -15.7115)
(-74.1439 22.4537 -10.9367)
(-93.9799 36.1223 -28.1792)
(-74.3223 7.35706 0.0854314)
(-97.3046 92.1311 -60.3303)
(-107.439 84.0358 -56.1578)
(-100.974 97.3825 -65.2692)
(-78.9863 70.6163 -50.7093)
(-80.504 41.8792 -28.9071)
(-75.8271 62.5021 -43.6817)
(-88.9035 59.9022 -43.7461)
(48.2803 -11.3402 21.9599)
(64.1345 -20.3972 29.3333)
(51.7864 -12.5225 24.5441)
(60.5739 -28.1772 35.1213)
(54.6561 -10.3244 23.7707)
(61.0171 -30.5277 30.7139)
(45.1771 -14.2807 24.2552)
(73.0914 -8.80389 21.8766)
(68.2515 -8.83182 25.0879)
(60.0745 -3.76763 19.9294)
(70.7508 -3.36255 22.4459)
(60.9345 -1.25954 23.1545)
(71.0923 -1.55935 24.5014)
(73.933 -13.2774 12.2328)
(61.0253 -66.4925 80.1519)
(46.2164 -86.217 60.188)
(57.2558 -73.3032 80.2125)
(27.9476 -51.2423 63.7291)
(70.3949 -83.9245 73.0977)
(51.6311 -82.3704 73.3186)
(39.7238 -61.6408 78.4029)
(65.0257 103.607 30.6818)
(88.0912 9.74421 -21.4047)
(69.3109 32.7048 -14.9093)
(29.404 82.0118 -68.9033)
(79.6863 29.0638 -9.47248)
(3.39073 75.9564 39.5327)
(56.3525 123.511 -57.7249)
(6.81287 -99.9301 45.2866)
(14.9284 -96.7439 40.7137)
(19.5161 -63.5004 58.0803)
(-4.1617 -86.7734 43.1104)
(27.0631 -92.8037 56.8981)
(-13.2238 -104.367 29.461)
(4.42918 -65.247 45.9776)
(8.21279 151.519 57.4561)
(68.217 67.6814 -41.1442)
(-86.3731 125.325 -94.1467)
(104.954 69.9846 -52.5186)
(-111.901 146.686 47.5443)
(115.682 91.57 -37.9546)
(-20.9111 113.724 -149.77)
(-189.942 -85.6557 -3.0603)
(-65.467 29.1628 -41.5266)
(-74.7784 -27.0318 -14.5413)
(-138.571 -40.7143 -14.418)
(-88.1436 -16.1377 -25.2935)
(-200.828 -20.6546 -16.9925)
(-138.715 -80.7365 9.4227)
(-261.535 108.37 -49.6334)
(-64.4457 46.2729 -50.5452)
(-65.7563 42.4772 -48.0927)
(-158.538 4.17595 -18.7789)
(-89.1286 74.0907 -53.2742)
(-218.683 42.7671 -36.9339)
(-190.173 53.3426 -18.008)
(17.558 -6.81766 1.16678)
(15.4189 -6.24234 0.550409)
(15.0476 -7.03406 0.636203)
(14.6227 0.214067 -2.24495)
(20.1933 2.38528 1.47102)
(15.9081 -0.654843 -1.45931)
(39.5588 -4.74609 13.2014)
(14.736 1.42847 -1.30248)
(28.063 3.52222 7.01783)
(18.9333 -0.872253 -0.950148)
(14.2229 -0.322462 -2.78396)
(38.5755 -1.32062 9.62101)
(30.8835 4.44512 8.63781)
(16.2395 -1.918 -1.71093)
(14.3626 -0.634605 -2.10361)
(28.9191 4.54144 7.73769)
(17.9753 -0.624225 -1.90366)
(24.4679 -41.7255 5.05202)
(17.3349 -32.5566 0.572522)
(15.5237 -29.4225 1.92528)
(47.5754 -50.3413 39.63)
(52.4196 -50.4842 46.4304)
(49.3483 -64.1404 46.485)
(54.7885 -50.5872 43.4553)
(56.4399 -64.8856 47.3612)
(60.2875 -61.3984 45.6144)
(57.1051 -60.8724 47.8808)
(64.1849 10.0183 13.9451)
(53.5257 22.3383 6.88828)
(57.1591 17.6342 24.155)
(63.4506 7.58217 16.4415)
(54.3408 21.7238 20.3528)
(62.4852 6.887 14.2998)
(60.9878 8.5721 10.7487)
(62.0689 18.5067 26.6652)
(71.1375 6.21818 13.6817)
(68.8873 22.6436 -1.48146)
(71.1472 8.26611 21.2745)
(61.4147 23.5857 20.2258)
(68.0499 12.2983 13.986)
(70.661 7.40018 7.34929)
(48.2976 34.5562 30.0514)
(34.5873 39.0366 27.1876)
(30.4624 56.6461 35.0127)
(55.4114 29.741 56.488)
(27.4846 44.9048 23.0953)
(54.2984 29.6858 30.123)
(53.8526 35.479 54.1036)
(48.2259 28.0474 21.9235)
(45.5775 20.4378 21.097)
(68.5491 44.3761 33.7468)
(61.3696 20.0115 26.1871)
(54.2039 24.3643 22.2433)
(35.2134 23.9315 18.8678)
(63.8947 28.5995 58.3196)
(35.3421 36.4418 15.9443)
(25.4486 46.1959 18.7304)
(21.044 39.5788 9.31881)
(34.4273 38.3699 8.5315)
(33.0946 34.7499 8.99933)
(22.3912 43.4366 17.4043)
(36.3865 38.6751 16.3867)
(28.6263 33.0289 25.2173)
(29.5975 49.846 10.3567)
(19.3459 26.0049 22.5859)
(43.2856 52.3306 23.8215)
(22.6881 24.4663 22.9023)
(20.7513 39.3948 16.9664)
(43.2247 29.8071 41.3401)
(-29.9654 -154.479 43.1191)
(-47.0664 -165.948 42.9898)
(-23.516 -156.164 51.5963)
(-43.7714 -161.473 47.7783)
(-31.4496 -160.865 41.4597)
(-41.8131 -159.805 40.5592)
(-31.9614 -154.505 52.7398)
(-17.1366 -148.805 41.5848)
(-3.77139 -149.766 47.7754)
(2.58858 -146.281 41.8297)
(-9.57501 -140.25 53.2689)
(-7.36254 -141.196 44.298)
(-13.8845 -153.807 40.8521)
(-18.4284 -148.738 51.5798)
(-58.893 -101.31 19.7935)
(-75.2193 -76.6398 16.1123)
(-93.0116 -100.964 -2.79889)
(-56.6292 -89.3532 8.82981)
(-72.0985 -61.9123 1.69815)
(-36.529 -52.6675 10.6164)
(-42.448 -61.1595 19.7122)
(-72.7872 -103.127 2.98858)
(-28.1694 -89.3056 28.2139)
(-57.7506 -81.2097 6.14197)
(-41.05 -95.9542 7.73485)
(-70.8508 -77.9197 -8.10313)
(-31.5718 -62.0762 -0.759575)
(-22.8413 -61.3611 3.57364)
(11.9883 26.5255 12.4336)
(-22.8596 18.675 8.5582)
(-24.9564 86.4654 8.51568)
(15.8077 48.4943 3.92868)
(-2.67418 48.797 -10.6947)
(25.1782 22.1062 -9.07885)
(11.0969 14.7508 -0.393867)
(-87.0455 154.381 -48.2628)
(-9.52808 50.4018 -67.2732)
(-40.5572 48.1366 -75.6855)
(12.4988 71.4265 -40.9465)
(-31.6717 72.0924 -55.5527)
(14.7184 16.684 -47.1061)
(2.5091 14.805 -65.9906)
(-205.19 -100.319 -25.7488)
(-222.94 -86.3066 -35.9183)
(-197.894 -72.0574 -15.525)
(-240.812 -119.744 -45.1686)
(-196.239 -67.9252 -16.9956)
(-240.096 -113.775 -50.2848)
(-204.868 -102.898 -18.2028)
(-157.998 -109.972 -15.8246)
(-139.512 -124.347 -17.3304)
(-125.336 -97.6805 -12.9962)
(-158.01 -141.199 -8.33033)
(-130.609 -97.6665 -10.5348)
(-169.846 -136.806 -24.9627)
(-152.679 -110.253 -10.7561)
(-201.134 -111.021 -32.921)
(-210.718 -94.6354 -44.9727)
(-186.201 -82.8626 -20.2569)
(-218.505 -115.185 -61.564)
(-193.306 -112.013 -29.9164)
(-190.037 -81.2039 -25.9601)
(-232.753 -122.068 -60.1928)
(-207.567 -123.123 -30.798)
(-225.972 -121.656 -31.7262)
(-222.373 -132.668 -41.9235)
(-173.671 -130.107 -3.58694)
(-203.98 -146.88 -36.1492)
(-229.416 -122.339 -43.4829)
(-198.647 -120.441 -13.5139)
(-184.677 189.105 -81.8326)
(-138.907 144.997 -40.8698)
(-207.953 248.165 -47.8605)
(-268.016 257.613 -85.3899)
(-161.88 182.835 -52.9829)
(-196.474 168.232 -77.9826)
(-239.732 259.199 -77.2605)
(-246.714 340.65 -31.5111)
(-167.324 219.185 -59.9594)
(-309.229 270.868 -99.0831)
(-219.245 177.543 -107.433)
(-0.170192 0.565783 0.314998)
(-0.37825 0.390736 0.258992)
(-0.18345 0.64574 0.611423)
(-0.33973 0.217146 0.144189)
(-0.141821 0.270354 0.465486)
(-0.251645 0.395556 0.314048)
(-0.224205 0.197376 0.38967)
(-0.377001 -0.387604 0.258722)
(-0.169757 -0.552931 0.312123)
(-0.181669 -0.643682 0.612005)
(-0.338799 -0.215629 0.140889)
(-0.141165 -0.265453 0.463454)
(-0.223098 -0.193191 0.386701)
(-0.249488 -0.387811 0.311414)
(11.2191 -11.491 1.1423)
(19.8792 -19.4094 7.33197)
(13.1459 -11.2547 1.60138)
(11.7835 -12.8992 2.74808)
(10.6728 -10.3799 0.95527)
(13.6501 -12.162 2.46057)
(12.8213 -13.4628 2.99379)
(11.164 -9.40789 -0.221657)
(12.3653 -9.94248 1.13214)
(9.11491 -11.546 1.19873)
(11.0462 -13.1812 1.65053)
(19.0083 -2.93306 -2.29979)
(21.5386 -5.43642 -0.128572)
(18.2579 -4.65057 -0.876111)
(27.9046 -2.50866 1.16855)
(19.6976 -4.48241 -2.38606)
(28.5236 -2.91257 2.17717)
(17.1705 -3.42301 -1.56854)
(18.6605 -1.09261 -0.418122)
(31.0767 -1.88761 4.64142)
(31.9391 3.5446 8.22646)
(16.9782 -2.10692 -1.12981)
(16.5085 -0.569688 -1.09468)
(30.568 0.18967 5.65858)
(16.7569 -2.67191 -1.59269)
(31.1843 -19.1657 10.8857)
(27.5236 -14.021 6.55178)
(19.6204 -9.18517 1.61952)
(46.1491 -31.5554 20.7967)
(17.7771 -6.80104 1.74297)
(41.8012 -28.5111 16.8526)
(38.8021 -29.4502 16.8239)
(31.0453 -23.8475 13.7298)
(31.7905 -26.1963 16.061)
(19.5018 -16.833 6.79048)
(43.3781 -47.9191 27.0167)
(39.4342 -39.6971 23.1555)
(21.1706 -15.7083 7.27019)
(33.8387 -29.9769 16.3262)
(29.5556 -15.5424 11.7886)
(25.4844 -11.1897 5.41411)
(17.9939 -6.96842 1.61034)
(31.9966 -16.7184 12.0317)
(17.9167 -7.7252 1.93064)
(25.5983 -11.3627 9.37515)
(38.9697 -21.4495 15.7575)
(22.6662 -12.7517 5.42705)
(14.5425 -7.54483 -0.0822515)
(12.6684 -7.72799 0.326189)
(14.7822 -11.081 2.04755)
(13.8114 -6.98598 0.168145)
(15.1471 -10.0094 2.41201)
(25.163 -17.1607 7.14219)
(32.5589 -29.3345 24.164)
(35.5965 -38.6416 27.5594)
(19.643 -12.3931 8.38805)
(42.029 -42.7607 30.1112)
(42.9329 -40.6822 32.6595)
(12.3201 -10.2547 12.7223)
(34.9544 -29.2262 19.7716)
(13.9565 3.8132 -0.516164)
(13.5797 4.50746 -0.465173)
(13.2305 4.20508 0.528233)
(36.3766 3.36521 18.3094)
(38.788 2.03775 13.0064)
(32.9145 4.12633 19.1521)
(53.1497 0.965624 27.7583)
(25.8274 3.94478 9.12068)
(49.0416 2.97825 19.3631)
(44.7768 0.574736 32.9993)
(50.5217 7.79422 21.6624)
(49.2903 19.8911 21.1347)
(61.3864 13.1324 32.8424)
(63.5174 12.3824 24.2863)
(59.6137 15.2713 23.7031)
(61.2774 2.04638 13.7305)
(39.9358 13.4913 17.6076)
(24.1471 3.09816 12.315)
(24.2557 3.93072 6.08294)
(18.933 6.61518 3.7816)
(29.4831 8.48943 10.929)
(23.4646 8.00746 9.38544)
(18.0009 5.75452 4.05223)
(32.0352 4.60602 11.8336)
(24.2084 7.02626 14.14)
(26.4451 7.1328 13.2002)
(18.0691 9.48736 6.78459)
(32.5783 20.8664 5.22064)
(19.5161 7.08208 8.32617)
(33.1578 0.383636 26.8691)
(17.757 11.6404 6.16393)
(100.421 42.428 34.2443)
(102.318 61.9641 23.7433)
(106.121 89.2209 24.857)
(89.6551 29.1899 16.5639)
(88.5343 36.5712 31.9904)
(99.6866 43.2815 10.9792)
(115.624 102.414 29.4213)
(17.684 13.3318 11.4153)
(30.9139 14.546 12.4112)
(36.0137 23.9873 17.7383)
(35.2591 38.8994 11.4049)
(20.1304 17.6638 8.05884)
(19.3746 10.8014 12.3582)
(17.9007 13.8175 13.8919)
(40.7413 31.0392 16.2872)
(16.1651 9.62574 6.34141)
(48.9141 57.5921 24.2732)
(19.6272 18.6719 12.0123)
(29.207 -39.248 12.782)
(26.7398 -32.9763 6.608)
(18.2533 -24.0692 3.83168)
(49.9603 -53.5162 25.2652)
(20.5648 -27.2267 6.02668)
(62.0668 -61.7068 25.0986)
(23.0668 -33.2902 9.05031)
(32.9583 -36.5673 17.2883)
(34.6152 -35.1954 17.289)
(14.9721 -18.1009 5.93012)
(50.203 -61.738 31.1553)
(53.2608 -57.0727 30.1948)
(21.0449 -22.8324 8.68162)
(28.3431 -32.9506 14.4792)
(33.9448 -42.9707 6.96021)
(36.6944 -50.4029 11.929)
(21.6729 -36.0689 1.92564)
(54.322 -67.028 16.1133)
(17.9375 -31.8557 4.45582)
(39.4265 -48.9421 7.31798)
(65.1202 -70.9713 21.8105)
(18.4166 -26.3873 6.61163)
(13.8456 -19.1098 2.57446)
(12.373 -18.0981 3.22976)
(11.3953 -15.2691 3.15077)
(15.5821 -22.7821 3.89796)
(13.4885 -18.0267 3.67927)
(16.5252 -22.5571 5.39463)
(24.1585 -95.5953 42.8495)
(41.0905 -41.9304 26.4427)
(24.4735 -59.5302 47.9934)
(56.6305 -100.046 72.271)
(23.7876 -39.0508 18.9835)
(50.8931 -99.382 44.7379)
(23.1629 -102.025 65.9109)
(14.1814 -113.283 46.4664)
(40.6119 -113.437 61.8042)
(19.9177 -135.773 42.8508)
(4.64905 -131.35 55.6613)
(5.28772 -131.348 43.1998)
(34.2111 -114.988 45.1302)
(12.1756 -114.291 59.7994)
(23.2111 -46.9951 24.3304)
(28.847 -41.0678 22.5851)
(8.39418 -17.128 7.76894)
(39.8712 -56.4746 34.6015)
(38.9539 -54.8941 31.7619)
(-5.8585 -18.2779 7.59438)
(25.7796 -39.822 21.8616)
(23.3283 47.3609 20.7873)
(19.3841 39.4192 9.72448)
(22.3034 44.7986 18.9868)
(13.2514 50.7066 14.5508)
(20.1327 43.5971 30.0354)
(33.0476 43.0534 5.18811)
(23.2284 57.7578 15.4697)
(18.7135 43.4886 35.1139)
(16.2742 45.7953 36.2321)
(46.5591 113.23 -13.9816)
(12.4228 63.0557 -0.395992)
(19.0954 77.9126 -12.1516)
(-1.8842 54.4179 52.1667)
(49.1484 193.233 -69.5651)
(6.88636 52.7565 34.6421)
(42.8697 114.966 -56.6251)
(12.2669 90.199 -27.0018)
(131.827 104.88 21.5314)
(126.917 92.4159 31.7155)
(142.68 145.152 21.4696)
(106.74 53.504 20.2407)
(107.479 61.678 34.6211)
(116.5 79.5488 41.9982)
(156.533 162.604 22.6795)
(-75.1036 -179.522 19.824)
(-82.1079 -172.066 4.30872)
(-83.8571 -174.287 15.2917)
(-81.8825 -156.744 15.4148)
(-69.0943 -168.194 28.0324)
(-63.6905 -137.191 19.2986)
(-71.5943 -146.234 32.8834)
(-65.5328 -150.516 19.3418)
(-87.5376 -170.035 23.4559)
(-73.7316 -140.696 18.033)
(-102.712 -147.419 -0.533931)
(-116.895 -136.181 -4.3236)
(-89.7241 -121.606 1.11507)
(-106.421 -147.202 5.64958)
(-96.2064 -124.652 1.01784)
(-92.4852 -141.553 5.57192)
(-124.535 -157.221 -8.19853)
(-89.2451 -164.454 12.6842)
(-75.6544 -173.065 16.9626)
(-74.2973 -160.624 14.486)
(-88.1009 -174.685 6.27642)
(-87.9278 -165.103 8.96488)
(-76.1138 -158.683 17.1525)
(-90.552 -176.268 12.7021)
(-105.688 -166.739 8.52545)
(-87.2587 -141.011 28.3111)
(-117.575 -170.886 11.6146)
(-94.4049 -137.201 15.8522)
(-105.508 -171.237 18.6782)
(-88.6013 -143.772 15.7403)
(-124.534 -171.592 2.79947)
(-34.8341 -96.9157 23.9448)
(-50.4311 -86.5639 8.64295)
(-52.548 -95.4091 8.07291)
(-46.2083 -98.4416 12.5741)
(-49.3687 -92.6813 9.55403)
(-42.6253 -104.169 13.6527)
(-37.772 -88.6631 17.6298)
(-0.292824 236.811 -124.557)
(-79.3373 121.791 -45.8265)
(-46.2681 262.005 -17.0628)
(-6.38888 311.275 -59.3413)
(-60.7472 160.281 5.82515)
(-46.0192 225.225 -139.412)
(12.6686 331.29 -80.5944)
(16.2807 184.297 -112.802)
(0.219653 218.888 -80.4296)
(-10.9831 67.3875 46.0321)
(44.0099 215.227 -107.261)
(-33.7741 106.484 18.5359)
(17.5702 121.023 -57.3136)
(45.1525 309.374 -117.296)
(-72.7986 162.603 -13.7641)
(-73.3814 193.39 -37.5835)
(-11.7372 138.272 76.9226)
(-170.656 308.381 -94.5038)
(-2.75414 107.278 36.0309)
(-136.879 271.013 -107.012)
(-82.6125 210.993 35.3197)
(-34.5489 123.694 0.534223)
(-71.3926 111.893 -1.92697)
(-10.9974 130.421 -10.717)
(-141.276 254.07 -22.4031)
(-11.3145 96.0761 13.2427)
(-104.734 163.557 -18.5527)
(-35.3259 168.456 -5.53344)
(-79.5763 117.275 -25.8137)
(-60.3514 106.245 -34.0245)
(-15.7352 51.1431 24.6265)
(-90.6709 138.822 -93.1061)
(-21.4142 64.9175 17.1562)
(-56.9556 76.3379 -12.1913)
(-130.289 209.507 -120.292)
(-107.265 196.9 -38.43)
(-173.512 314.849 -92.2313)
(-162.064 268.373 -84.6836)
(-206.481 315.985 -37.5648)
(-154.549 221.497 -44.6854)
(-148.81 269.272 -94.2273)
(-115.528 261.84 -17.8561)
(-86.6774 166.351 -127.461)
(-78.4299 160.146 -153.214)
(-92.6916 245.331 -189.341)
(-175.334 347.961 -19.688)
(-194.087 297.025 -40.4689)
(-96.3474 254.783 -35.5794)
(-264.402 411.187 -27.1321)
(-109.971 258.401 -27.8108)
(-167.818 345.065 -27.2634)
(-269.904 409.767 -23.9246)
(-166.346 -156.569 -14.4978)
(-148.526 -147.302 -15.3297)
(-115.149 -132.988 5.22464)
(-145.251 -137.996 -1.06829)
(-173.337 -153.495 -19.7564)
(-147.902 -162.413 -12.6243)
(-134.641 -131.066 7.20388)
(-81.3555 -97.8268 17.6435)
(-143.426 -167.322 -2.03143)
(-137.723 -107.361 6.60905)
(-198.38 -150.794 -26.506)
(-254.997 -110.441 -89.8241)
(-242.511 -109.246 -91.0229)
(-258.189 -110.835 -87.8804)
(-302.605 -24.1854 -115.256)
(-267.76 -94.885 -86.0301)
(-277.281 -56.8574 -70.8315)
(-292.374 -40.9046 -75.5286)
(-277.38 -68.6283 -78.7363)
(-302.445 -51.8161 -109.169)
(-303.518 -20.0011 -81.5075)
(-309.256 -2.13312 -115.089)
(-293.804 -27.3841 -69.3298)
(-288.668 -13.5196 -77.7965)
(-319.172 25.3292 -83.8573)
(-284.33 -41.5205 -74.6706)
(-313.872 6.58562 -77.1222)
(-310.752 17.3942 -115.944)
(-106.053 -88.2435 7.23392)
(-87.2495 -100.447 14.4919)
(-107.028 -93.4475 -4.45515)
(-99.7604 -91.2456 8.47607)
(-103.698 -93.8513 0.754098)
(-111.087 -88.013 4.76151)
(-94.7335 -86.644 18.2591)
(-204.849 108.388 -72.4632)
(-258.112 96.8968 -105.362)
(-219.007 108.167 -57.002)
(-317.759 172.599 -103.971)
(-184.501 89.1188 -56.2874)
(-270.78 131.716 -122.861)
(-245.906 135.023 -69.617)
(-156.476 104.534 -49.2413)
(-105.491 105.995 -20.6762)
(-106.653 118.422 -29.1639)
(-251.057 223.268 -90.9307)
(-78.7188 79.4059 -7.58089)
(-178.008 140.607 -66.4006)
(-208.912 167.421 -60.3816)
(-162.893 73.2655 -62.3939)
(-216.582 78.2551 -94.9198)
(-135.273 38.0318 -33.0879)
(-173.877 78.8114 -89.5988)
(-151.74 53.8246 -48.9244)
(-141.904 55.8794 -47.8374)
(-217.138 105.944 -109.68)
(-225.651 129.575 -93.8299)
(-317.128 207.867 -112.801)
(-242.658 162.434 -127.628)
(-295.997 212.244 -109.932)
(-229.539 158.408 -106.182)
(-262.163 156.961 -130.78)
(-283.924 182.248 -95.9607)
(-308.973 78.6725 -114.623)
(-296.149 94.2061 -104.692)
(-307.157 78.6237 -83.8811)
(-308.417 107.563 -98.0014)
(-293.89 64.7089 -93.179)
(-299.143 97.4452 -112.798)
(-322.638 94.5915 -90.1112)
(-312.146 59.028 -115.287)
(-302.989 52.4978 -77.5917)
(-289.6 15.2791 -80.7544)
(-324.45 53.4576 -84.5134)
(-290.83 40.0718 -84.988)
(-312.436 40.3217 -116.581)
(-321.602 69.6661 -89.1498)
(-238.043 98.4557 -117.484)
(-181.138 80.7207 -104.846)
(-216.255 102.347 -119.216)
(-276.731 232.154 -44.3782)
(-242.182 264.645 -44.4798)
(-184.603 201.524 -50.7063)
(-306.575 316.98 -68.4165)
(-188.793 202.153 -42.7785)
(-276.016 237.618 -55.1677)
(-309.538 312.186 -47.4868)
(0.0242272 -0.217318 0.689254)
(0.0917252 0.0599195 0.690772)
(-0.127778 -0.0784702 0.672743)
(-0.0998852 -0.230332 0.545103)
(-0.0077813 -0.0555372 0.52645)
(-0.135634 -0.303341 0.58529)
(-0.118659 -0.239431 0.561002)
(0.0620631 -0.0801656 0.675655)
(0.00258799 -0.123364 0.757147)
(0.0153496 -0.125458 0.568305)
(-0.0169948 -0.140059 0.744372)
(-0.051249 -0.105255 0.587647)
(-0.0586375 -0.15231 0.725052)
(0.0312164 -0.127926 0.747185)
(0.209042 0.0984495 0.669447)
(0.0920584 -0.00823152 0.723521)
(0.179325 -0.0774802 0.616807)
(0.141339 -0.0048081 0.720653)
(0.235755 -0.093055 0.605681)
(0.104799 -0.110865 0.764637)
(0.0840249 -0.0357735 0.774546)
(0.184999 -0.0704117 0.736397)
(0.0825142 -0.0752568 0.797973)
(0.13905 -0.0593337 0.581238)
(0.130378 -0.102411 0.75992)
(0.151562 -0.0657296 0.60126)
(0.180545 -0.0941153 0.773669)
(0.127402 -0.093632 0.733453)
(0.258142 -0.0583159 0.76015)
(0.13471 -0.188832 0.763846)
(0.193146 -0.160282 0.709847)
(0.220895 -0.194151 0.868381)
(0.231899 -0.181756 0.871639)
(0.237197 -0.164858 0.729875)
(0.249447 -0.210251 0.728155)
(0.166342 -0.122265 0.741523)
(0.0941934 -0.0649367 0.817044)
(0.134009 -0.0798026 0.596)
(0.134033 -0.119673 0.774794)
(0.159429 -0.0673685 0.631391)
(0.150067 -0.142259 0.793197)
(0.123485 -0.0554965 0.752578)
(0.205379 -0.0928217 0.67068)
(0.0866285 0.0129025 0.724615)
(0.172912 0.0827234 0.617471)
(0.136752 0.0081723 0.722744)
(0.231454 0.0999296 0.606944)
(0.100932 0.116082 0.766419)
(0.0784042 0.0409822 0.776068)
(0.0835998 -0.0567543 0.687202)
(0.0161002 0.223097 0.693017)
(-0.13358 0.0785189 0.676665)
(-0.0179738 0.0559843 0.527548)
(-0.1056 0.231434 0.547559)
(-0.142815 0.309686 0.587312)
(-0.126922 0.244196 0.563182)
(0.0565188 0.0828681 0.676541)
(-0.0034943 0.123386 0.757188)
(0.0105129 0.128974 0.569868)
(-0.0223621 0.142102 0.744795)
(-0.0575169 0.109521 0.588983)
(-0.0653595 0.152427 0.725881)
(0.0243316 0.128494 0.748552)
(0.166727 0.125768 0.742254)
(0.0952865 0.0708115 0.816285)
(0.134157 0.0846642 0.595406)
(0.13586 0.12538 0.775028)
(0.159137 0.0718806 0.631251)
(0.151125 0.146269 0.792843)
(0.124496 0.0600549 0.752473)
(0.182131 0.06919 0.739101)
(0.0799768 0.0724665 0.798805)
(0.136394 0.0597567 0.582563)
(0.127372 0.099903 0.76108)
(0.149471 0.0651505 0.603877)
(0.177626 0.0917679 0.775026)
(0.124183 0.0911631 0.735604)
(0.133798 0.191937 0.766938)
(0.256362 0.0621248 0.76164)
(0.191754 0.161951 0.712131)
(0.230531 0.186211 0.874166)
(0.219283 0.196012 0.870013)
(0.23653 0.168384 0.731755)
(0.248434 0.212875 0.730349)
(17.3875 -13.6165 0.794652)
(19.5306 -15.3291 -2.00579)
(18.2561 -21.9683 -2.64948)
(19.1419 -23.4669 -4.33775)
(21.5494 -16.8666 -0.500453)
(22.9098 -16.5821 -2.4157)
(23.519 -25.4627 -0.178762)
(22.3241 -26.2874 -3.6106)
(16.0745 -6.26319 1.01455)
(14.4188 -5.70615 0.707232)
(15.4734 -6.36722 1.3863)
(17.4399 -0.812709 2.36808)
(20.6146 -3.49032 1.68745)
(16.921 -2.52194 1.81465)
(14.8806 -2.36011 0.931208)
(18.6459 -1.62962 2.26719)
(17.9719 -2.84223 1.94891)
(14.6533 -1.2188 1.80033)
(17.0254 -4.63529 1.60728)
(20.4173 -4.75121 2.04808)
(17.3393 -3.67803 1.82458)
(14.6481 -3.16087 0.358285)
(16.018 -4.62955 1.08909)
(14.5611 -3.83891 0.252597)
(18.0078 -3.85841 2.06809)
(23.7756 -5.65489 -2.69626)
(33.9965 -4.88252 -0.695946)
(26.9382 -6.25872 -1.34468)
(29.3225 -8.13131 -1.14835)
(18.5737 -5.87215 0.213457)
(19.7585 -6.85677 -0.390285)
(32.6021 -7.13013 0.746469)
(26.6811 -13.7956 0.395179)
(47.6879 -23.7282 2.37368)
(27.336 -12.652 0.31366)
(32.6008 -15.531 0.395417)
(44.8179 -18.5881 1.50674)
(31.1062 -13.2933 -0.491705)
(52.1728 -24.9619 3.5884)
(17.5079 -10.9493 1.52818)
(14.7983 -8.09167 0.534221)
(19.7324 -9.6249 4.04158)
(20.96 -9.62054 -0.157087)
(17.5356 -10.8734 -0.939386)
(19.4105 -12.1856 -1.04757)
(16.2331 -9.07696 0.0447947)
(20.3821 -1.67239 1.64466)
(35.6056 -0.3173 -0.444712)
(35.6553 -6.63574 4.6293)
(19.2727 -4.99096 0.732771)
(39.2724 -0.904864 2.66813)
(20.3273 -4.49587 2.04283)
(34.5179 -6.77983 1.82544)
(18.4863 -1.19641 1.10057)
(37.0777 -6.27425 5.66837)
(28.7986 -1.11994 2.87264)
(21.7781 -3.65824 3.19377)
(33.2691 -1.51357 3.61302)
(21.5991 -3.61934 2.60988)
(36.0419 -5.00863 6.59517)
(17.3675 2.91824 0.841372)
(20.9628 7.49108 1.43652)
(13.652 2.72581 -2.26118)
(12.5535 1.10915 -1.11418)
(18.9391 1.47974 1.43877)
(13.415 0.408284 0.0655474)
(17.9467 3.9978 0.0124556)
(12.4926 2.55333 -3.7625)
(19.2672 4.9834 -0.607946)
(12.5798 2.13366 -3.26449)
(12.1516 2.0761 -2.05748)
(15.6408 5.98664 -1.17782)
(12.604 3.42125 -2.08079)
(17.6989 4.49165 -1.37119)
(14.3289 5.957 -0.881858)
(16.0577 7.35078 -0.228581)
(14.7272 6.95619 -0.567584)
(15.269 2.94648 -0.606644)
(18.865 4.36879 0.361572)
(30.3703 -0.387642 3.17096)
(20.7514 2.47801 1.90191)
(22.5276 3.00704 0.555091)
(22.1468 1.44493 1.9298)
(27.146 3.41502 4.02675)
(16.0904 2.21328 0.108271)
(31.8203 -2.50155 4.19663)
(25.5434 0.182551 0.744993)
(22.2714 -2.17697 3.20476)
(34.0267 -3.65412 3.56474)
(24.2718 0.686049 1.38553)
(22.286 -0.836606 3.65809)
(15.385 6.55947 0.0929664)
(18.0205 5.26792 -0.921154)
(17.0994 6.68175 -0.793099)
(20.9131 9.19198 2.63332)
(18.8168 4.6343 1.51419)
(15.1633 6.46682 1.92212)
(24.2322 7.50861 0.81201)
(20.4353 11.5194 1.42043)
(31.5099 13.0297 2.04068)
(29.3434 10.8859 2.29576)
(31.5545 11.0762 2.11124)
(25.2473 19.6867 2.11339)
(23.4523 11.1479 1.27583)
(32.1143 14.2089 1.32987)
(16.8411 11.2386 1.95308)
(18.0821 10.2961 2.93329)
(18.9674 8.67552 2.73686)
(18.3429 9.76624 2.42723)
(17.1555 11.1895 0.473832)
(17.4883 10.0331 1.27694)
(16.4664 11.5015 0.74236)
(15.9519 11.4692 2.26953)
(15.6853 11.6407 1.32952)
(19.7114 22.312 7.34439)
(17.7272 19.9419 2.21068)
(13.5656 11.4834 -0.413312)
(13.8113 10.0884 0.383059)
(14.1387 15.5842 0.326264)
(13.8794 15.5437 1.10386)
(17.0836 -34.0989 -1.7257)
(28.2723 -55.096 -6.98075)
(20.7241 -38.8025 -7.29896)
(27.501 -35.907 -6.47549)
(45.1054 -37.8969 -2.17181)
(46.5444 -38.4928 -2.06429)
(34.0139 -47.9094 -8.55056)
(22.9264 -47.5433 -9.32291)
(23.6024 -41.7558 -9.89558)
(32.7099 -51.8112 -10.0844)
(30.6917 -24.9197 0.107782)
(47.5622 -43.1127 0.253342)
(41.348 -36.8804 -0.0706531)
(43.5119 -43.226 0.0372967)
(44.4576 -32.1526 0.520504)
(33.4771 -28.1485 -1.72809)
(49.0681 -43.4888 2.51383)
(21.0646 -26.9047 -2.83857)
(23.5007 -36.1954 -2.62455)
(23.2765 -35.8164 -4.30219)
(22.7792 -35.858 -2.40955)
(19.8111 -29.3634 -5.11668)
(21.0654 -27.5841 -3.99392)
(23.0051 -36.4066 -4.31494)
(10.7968 -109.464 22.4332)
(28.1666 -108.313 14.3088)
(17.4297 -88.0753 14.3491)
(-2.9069 -64.2477 4.24601)
(24.3273 -124.672 -11.3964)
(26.3051 -103.527 -15.1934)
(2.70792 -74.9287 0.726554)
(12.0761 -52.8064 14.6825)
(33.6527 -86.303 2.99136)
(14.556 -59.9059 8.35841)
(-3.07855 -57.856 5.01709)
(29.3341 -62.8821 -4.23815)
(3.89522 -58.6207 7.15317)
(21.7168 -88.2878 -15.4384)
(29.5065 -39.0159 -0.388827)
(7.19781 -38.4399 -0.521423)
(31.2828 -62.6359 -15.422)
(15.0418 -50.8454 -6.64687)
(20.7923 -42.0679 -2.01887)
(31.4019 -58.4791 -9.87892)
(10.5133 -53.6597 -8.08932)
(3.70324 -39.9181 -0.326203)
(37.5344 -75.5034 -15.4854)
(20.4985 -46.2285 -3.04053)
(8.80888 -81.006 -12.4971)
(17.705 -43.9784 -1.64624)
(9.45801 -65.7246 -10.25)
(34.4125 -88.344 -13.6498)
(12.4848 21.4184 0.571834)
(21.9385 33.983 0.464584)
(17.7175 26.9509 0.630164)
(21.9762 33.2517 2.27808)
(13.6173 29.2822 4.34761)
(12.7934 24.0621 2.55631)
(25.4068 38.1181 3.74705)
(18.8571 16.4295 1.15772)
(40.198 27.7447 4.27962)
(25.1443 27.8265 3.10795)
(33.1015 32.5191 4.92742)
(38.3681 19.9455 4.69784)
(25.1291 17.2056 3.01792)
(42.8855 27.9222 4.63474)
(24.5607 23.6958 7.80075)
(23.2064 31.226 6.44817)
(31.1789 31.5599 8.70194)
(27.5346 29.92 4.84875)
(17.1981 22.9399 4.04065)
(20.1908 22.3372 3.56709)
(19.1054 27.2986 4.71948)
(18.9749 37.2957 5.19051)
(15.5353 36.4755 6.65433)
(17.4917 35.2419 5.97463)
(20.4974 39.2368 1.16565)
(6.57922 33.1316 1.42869)
(18.5472 44.9889 2.76459)
(13.4552 34.9071 2.73328)
(17.3069 42.9492 1.63092)
(22.1452 42.865 1.88728)
(12.6329 38.2118 4.01016)
(2.44027 36.4004 3.21274)
(9.89077 44.3858 4.85758)
(1.77722 39.2378 4.08112)
(1.04726 34.3445 10.1858)
(9.85001 44.5607 3.16779)
(6.13325 39.6424 7.37186)
(1.26123 38.3616 7.89901)
(3.16016 40.0744 6.67531)
(6.24906 44.3765 3.9689)
(6.36173 40.7225 5.13982)
(5.87436 34.5795 9.06671)
(-2.69039 34.3745 14.0247)
(3.4459 37.6004 10.3637)
(2.52391 31.7964 10.3067)
(10.6188 38.6717 2.80531)
(11.3318 43.8608 3.50777)
(8.63544 40.9776 4.54534)
(8.42764 35.5602 7.5972)
(12.1746 37.1099 6.30844)
(9.91958 35.3757 6.9228)
(9.54612 38.7338 7.37387)
(-2.80979 -129.443 23.6797)
(-16.4014 -154.87 18.7043)
(-15.5232 -144.016 21.6891)
(-5.2835 -119.291 -0.674446)
(12.9239 -138.888 -7.07411)
(4.11884 -101.789 -2.49312)
(-4.61708 -148.106 -1.70115)
(-32.1072 -162.209 14.7957)
(-42.6132 -157.077 13.4106)
(-30.1954 -152.941 18.5242)
(-20.0483 -133.307 1.61095)
(-41.936 -154.983 8.50449)
(-22.864 -154.992 2.47644)
(-36.3133 -144.471 0.129897)
(-10.5632 -48.2338 -3.00241)
(-4.66505 -65.0281 -3.10764)
(10.9334 -116.579 -3.89685)
(3.71459 -136.451 -8.07197)
(2.09061 -63.1691 -2.16142)
(5.50487 -128.48 -7.03434)
(-1.03715 -117.777 -4.76523)
(-5.18601 -46.7784 -2.76487)
(21.2704 -111.85 -6.3825)
(19.1695 -51.3919 -2.35019)
(8.71668 -95.6861 -11.0265)
(28.1626 -100.175 -8.13295)
(11.4879 -59.18 -2.7892)
(8.06607 -113.622 -8.85122)
(-67.333 -152.54 -2.60555)
(-58.8896 -147.904 11.0689)
(-65.7038 -146.717 6.6194)
(-8.71457 -64.0693 -3.386)
(-19.6117 -47.2516 -2.91209)
(-11.4146 -58.8671 -4.46355)
(-27.8003 -114.128 -9.45318)
(-9.49375 -133.102 -7.84294)
(-12.4735 -114.873 -5.80561)
(-40.5527 -127.192 -8.75949)
(-16.5775 -61.7721 -0.258468)
(-19.1585 -56.6105 -2.27157)
(-12.7003 -59.1417 -2.79671)
(-34.264 -101.096 -8.11995)
(-36.4865 -78.0939 -5.28949)
(-64.2665 -112.529 -12.0747)
(-27.4509 -77.5136 -3.19743)
(-116.531 -167 -12.0758)
(-99.1246 -166.153 -2.97933)
(-100.259 -162.756 -5.30715)
(-95.8141 -159.766 -8.70934)
(-107.378 -158.33 -17.6345)
(-94.4887 -162.026 -13.3173)
(-112.854 -161.396 -16.294)
(-7.71053 14.3736 4.03713)
(-11.5602 6.2528 -0.209101)
(-9.21803 24.9539 10.6887)
(-9.12685 15.3399 3.44399)
(-12.357 15.0115 6.31857)
(-4.27759 18.8399 5.29576)
(-10.901 15.846 7.00933)
(-6.94542 23.1877 4.90162)
(-5.16854 25.3785 9.83771)
(-1.41988 33.6472 4.02829)
(-2.62866 29.6384 10.0583)
(-5.09612 27.1135 6.12555)
(-2.68898 34.2165 6.94944)
(-4.7467 19.6862 8.10363)
(-1.00245 38.029 4.2929)
(-4.23688 40.9116 9.81929)
(-6.95366 42.2488 -2.94353)
(-2.09042 20.4938 4.50596)
(-4.94503 27.8674 14.7008)
(-0.666531 22.5755 7.45832)
(-5.11348 24.8683 9.04336)
(-14.2527 36.9766 3.91993)
(-25.4204 68.6226 -32.8827)
(-19.5693 53.7957 -16.0145)
(-7.47137 22.2777 1.45487)
(-12.9411 22.7 -0.627206)
(-8.18571 22.0209 4.94005)
(-10.5071 26.2622 -3.39256)
(-12.6934 3.54602 -2.86285)
(-9.50067 7.23715 -1.65768)
(-13.0433 3.87996 -2.54853)
(-26.7951 17.8127 -6.79095)
(-13.6956 13.4586 -2.0358)
(-18.1676 13.5728 -4.23156)
(-21.5421 19.6094 -2.86796)
(-22.7104 -0.708499 -6.16783)
(-15.3965 5.10594 -4.08178)
(-17.5674 3.23059 -4.39103)
(-32.9019 4.4472 -5.02615)
(-46.4055 -6.46469 -7.77496)
(-44.0168 5.15464 -1.52697)
(-36.4531 -6.32132 -4.6225)
(-86.7417 97.4926 -64.4018)
(-63.3188 84.8935 -54.2568)
(-57.9526 66.3101 -30.1617)
(-38.7147 43.6075 -16.4854)
(-45.6602 63.5928 -43.0013)
(-37.8713 50.5384 -26.16)
(-57.2949 60.1312 -38.7999)
(-57.0295 90.3573 -104.811)
(-14.554 24.1196 -6.88985)
(-32.2523 36.7222 -57.7202)
(-133.761 -162.044 -20.4683)
(-129.555 -156.38 -22.1259)
(-175.588 -142.369 -37.5702)
(-168.717 -136.17 -30.2976)
(-30.9728 -45.8343 -4.77369)
(-94.2781 -124.752 -24.4241)
(-31.1423 -30.7927 -4.29288)
(-128.156 -110.888 -16.0497)
(-19.9149 -30.1847 -2.66235)
(-24.9036 -21.1927 0.954265)
(-23.3839 -25.4064 -1.84153)
(-87.9527 -79.4961 -15.1474)
(-83.7607 -61.6122 -16.4423)
(-66.6769 -59.8958 -14.2215)
(-109.327 -72.6965 -11.6058)
(-30.747 -42.2539 -2.76403)
(-28.2499 -36.3822 -4.47372)
(-29.5872 -34.6903 -4.31836)
(-45.0665 -62.8049 -4.53972)
(-44.9847 -73.284 -7.6886)
(-76.9709 -93.3784 -10.412)
(-38.515 -57.6387 -5.27698)
(-175.819 -135.488 -38.2307)
(-182.243 -115.823 -43.7225)
(-177.608 -124.068 -31.2043)
(-173.633 -120.961 -27.6082)
(-169.834 -111.454 -35.2091)
(-168.758 -128.747 -28.9101)
(-173.706 -109.411 -35.5451)
(-17.8438 -40.5096 -0.946171)
(-21.0992 -24.5115 0.155562)
(-55.7347 -38.0356 -1.19549)
(-66.5061 -48.1477 -8.90863)
(-21.3772 -30.0766 -1.24829)
(-58.1166 -47.3762 -3.73662)
(-58.3323 -35.4699 -3.43032)
(-25.9512 -9.98326 -0.381932)
(-54.1099 -35.8198 1.76512)
(-28.7058 -7.02571 -5.03354)
(-53.5564 -29.8853 -1.92675)
(-26.7889 -12.4767 -3.31747)
(-54.3823 -31.452 -0.435055)
(-58.7812 -38.4821 -4.86853)
(-217.565 -99.4929 -83.3579)
(-198.865 -91.8505 -65.9187)
(-197.041 -94.7606 -72.5485)
(-226.799 -6.77281 -99.5575)
(-219.314 -56.0758 -50.4675)
(-237.227 -21.2516 -103.243)
(-195.152 -32.151 -75.2968)
(-169.866 -55.012 -28.4937)
(-178.575 -69.4851 -31.0262)
(-180.351 -19.6366 -66.3853)
(-220.173 -73.3233 -57.5699)
(-242.768 -54.3575 -114.779)
(-238.293 -39.4901 -106.877)
(-203.334 -47.6217 -84.8995)
(-195.265 -89.1049 -63.8421)
(-181.871 -81.1116 -39.695)
(-210.392 -55.6374 -96.5997)
(-25.4748 -1.49089 -6.33717)
(-24.4954 1.91128 -3.95777)
(-69.3389 -50.3887 -7.88363)
(-69.052 -25.3306 -4.52353)
(-26.4162 -3.72275 -6.76986)
(-72.2234 -42.7553 -10.6001)
(-62.3735 -31.1907 -4.44269)
(-25.7969 0.979969 -3.73005)
(-66.4403 -45.5107 -8.38353)
(-28.8094 -4.7547 -5.46438)
(-54.6759 -29.2606 -3.44729)
(-27.948 -3.80882 -6.02449)
(-62.9458 -40.8564 -5.39519)
(-57.1198 -30.0816 -4.63447)
(-21.7917 2.12358 -4.66945)
(-19.5313 6.528 -3.91336)
(-19.7437 4.51445 -4.49848)
(-62.5996 -19.7768 -9.8543)
(-67.5343 -10.6522 -1.91312)
(-69.223 -29.0937 -9.92613)
(-58.7389 2.68272 -3.8249)
(-20.4338 0.357984 -8.3031)
(-18.2569 5.13629 -4.42838)
(-19.5285 2.80206 -5.52273)
(-61.1144 -19.7815 -4.83762)
(-53.2151 -14.6933 -6.62034)
(-60.0194 -4.03037 -0.167872)
(-54.2252 -35.9396 -6.01887)
(-117.855 71.9742 -55.7231)
(-127.315 64.7203 -69.605)
(-119.616 52.7396 -50.5343)
(-106.615 32.3909 -33.9269)
(-97.9432 57.1375 -47.6566)
(-105.425 45.3403 -51.647)
(-99.4298 52.7287 -42.4101)
(-215.972 8.04723 -95.6522)
(-194.29 1.09973 -56.9981)
(-202.21 19.0758 -91.055)
(-150.74 4.54344 -55.7659)
(-162.108 -39.0426 -29.5812)
(-166.371 -5.75254 -60.13)
(-151.262 -22.1918 -31.3202)
(-180.78 18.2746 -62.3201)
(-172.394 39.3016 -80.8027)
(-186.105 30.0897 -85.392)
(-133.581 15.2357 -50.5028)
(-125.231 17.6419 -39.8919)
(-139.08 -4.72188 -35.8188)
(-124.725 23.9982 -47.0941)
(-130.888 47.2409 -70.8914)
(-105.221 26.7828 -42.4544)
(-99.9628 30.7165 -35.8039)
(-96.6244 109.89 -73.7834)
(-67.7053 73.9415 -51.1938)
(-112.657 87.0948 -63.3698)
(-90.7517 65.5236 -49.4958)
(-12.4966 7.83567 -3.68457)
(-39.692 34.598 -9.92972)
(-16.2948 7.54947 -4.07285)
(-52.8363 29.3058 -13.1504)
(0.0557851 -0.218606 0.555615)
(-0.0227193 -0.046722 1.13529)
(-0.210362 -0.0460711 0.256122)
(-0.139571 0.121935 0.244106)
(-0.0512293 -0.0659894 1.06881)
(0.0270606 -0.0851309 0.995589)
(0.049044 0.0411355 0.347064)
(-0.568405 0.0531473 0.0398532)
(-0.0918382 0.166326 0.889525)
(-0.0988183 0.31826 0.506751)
(-0.217692 0.241189 0.687293)
(-0.358674 0.126139 0.733625)
(-0.253545 0.148348 0.300395)
(-0.0934079 0.0530805 1.04272)
(-0.0561479 -0.0586637 0.613319)
(-0.156481 0.151257 0.601711)
(-0.0609562 0.138872 0.546272)
(-0.122118 0.0138745 0.693082)
(-0.134455 0.0785256 0.676294)
(-0.0749858 -0.00466516 0.460492)
(-0.0734062 0.134615 0.630751)
(-0.193388 -0.203928 0.48342)
(-0.11961 0.0134203 1.12842)
(0.122098 -0.0601437 0.173718)
(0.0800708 0.13835 0.165278)
(-0.0720723 -0.0495692 1.06863)
(-0.143406 0.0615426 0.343282)
(-0.132591 -0.0388846 0.960306)
(0.255669 -0.105298 -0.179093)
(-0.151751 0.0466589 0.591134)
(-0.131877 0.164137 0.275662)
(0.0564242 0.165936 0.339724)
(0.00207711 0.0300199 0.382155)
(0.131792 0.0717211 -0.253547)
(-0.0703563 0.0121568 0.668631)
(-0.290476 0.157914 0.685283)
(-0.100915 0.095765 0.713705)
(-0.137346 0.207181 0.624166)
(-0.230951 0.113904 0.834882)
(-0.13931 0.0622954 0.7672)
(-0.281002 0.1959 0.549662)
(-0.0929623 0.192388 0.760992)
(-0.226379 0.0475885 0.604082)
(-0.0165606 0.093786 1.2177)
(-0.112353 -0.158961 0.273943)
(0.125459 -0.124778 0.185003)
(-0.0904455 -0.0472291 1.09988)
(-0.0453979 0.0934699 1.07521)
(0.0278488 0.00800194 0.355107)
(0.0348775 -0.107646 0.756191)
(0.154894 -0.100781 0.181401)
(0.122134 -0.154077 0.242112)
(0.0470923 -0.183339 0.462015)
(0.0564597 -0.0993663 0.732267)
(0.207468 0.132842 0.720631)
(-0.0191299 0.164931 1.29429)
(0.095994 -0.0422804 0.335019)
(-0.161267 -0.00709381 0.233046)
(0.040147 0.0174363 1.194)
(0.00616477 0.158965 1.14153)
(-0.061642 0.066645 0.440646)
(0.0158092 -0.010067 0.857231)
(-0.132233 0.0732297 0.14173)
(-0.106778 0.0429178 0.255641)
(0.0289005 -0.0178686 0.446528)
(-0.0322277 0.0234519 0.750368)
(-0.237093 -0.177688 0.541866)
(-0.0485124 -0.127021 1.20493)
(-0.132042 0.114403 0.226499)
(0.123651 0.0981582 0.193731)
(-0.0841277 0.00332673 1.104)
(0.0332458 -0.0858848 0.391466)
(-0.056908 -0.129391 1.07514)
(0.0250886 0.0870318 0.757446)
(0.155516 0.0600852 0.200268)
(0.117375 0.134223 0.259186)
(0.0348068 0.161239 0.461719)
(0.0466446 0.0777079 0.737281)
(-0.296019 -0.154488 0.69273)
(-0.107072 -0.0914294 0.720928)
(-0.240504 -0.108956 0.841916)
(-0.145203 -0.199926 0.632175)
(-0.145738 -0.0601181 0.772471)
(-0.102596 -0.184924 0.769241)
(-0.286656 -0.190605 0.556156)
(0.216584 -0.191161 0.695543)
(0.00212819 -0.17256 1.27378)
(0.115567 0.0245807 0.297234)
(-0.147742 -0.00976204 0.217459)
(0.0504846 -0.0239515 1.18676)
(-0.0536874 -0.133296 0.464839)
(0.0235876 -0.165824 1.13359)
(0.0238792 0.00967887 0.85101)
(-0.127079 -0.0803338 0.132317)
(-0.104753 -0.0499613 0.261742)
(0.0301732 0.0206338 0.4527)
(-0.0268243 -0.0233962 0.752531)
(-0.0540385 0.0598188 0.607487)
(-0.152963 -0.150896 0.597862)
(-0.118933 -0.0161011 0.68948)
(-0.0559079 -0.139832 0.540612)
(-0.132559 -0.0791924 0.673376)
(-0.0689627 -0.13564 0.626031)
(-0.0722369 0.00579894 0.453424)
(0.0592761 0.218642 0.553868)
(-0.0200766 0.0461597 1.13542)
(-0.207343 0.045111 0.253696)
(-0.136896 -0.122357 0.24163)
(-0.0484585 0.0651138 1.06815)
(0.0299344 0.0848041 0.994715)
(0.0527003 -0.0414269 0.343969)
(-0.088587 -0.166154 0.890428)
(-0.567265 -0.0524723 0.0406444)
(-0.094065 -0.318749 0.510531)
(-0.213233 -0.239744 0.686665)
(-0.35424 -0.124435 0.73343)
(-0.0895408 -0.0517233 1.0421)
(-0.248783 -0.146693 0.298322)
(-0.191975 0.2038 0.48329)
(-0.118798 -0.0138504 1.1298)
(0.122623 0.0598763 0.173792)
(0.0803883 -0.138743 0.164182)
(-0.0710162 0.0482504 1.06886)
(-0.142453 -0.0621214 0.341137)
(-0.131945 0.0379226 0.960616)
(-0.151993 -0.0482061 0.592941)
(0.25519 0.105337 -0.179323)
(-0.132023 -0.165635 0.278715)
(0.0549341 -0.165666 0.340031)
(0.000362251 -0.0298476 0.383705)
(-0.0710257 -0.0125963 0.669372)
(0.129537 -0.0710522 -0.253711)
(-0.0616422 -0.105704 0.772637)
(-0.0428735 -0.0732195 0.744412)
(-0.142972 -0.150759 0.74035)
(-0.0553865 -0.184114 0.642268)
(-0.0607337 -0.0532144 0.652463)
(-0.0288936 -0.104623 0.646537)
(-0.0586002 -0.0884596 0.754851)
(-0.046897 0.241558 0.738351)
(-0.185086 0.0310191 0.690757)
(-0.183949 0.286562 0.820753)
(-0.242543 0.219635 0.635947)
(-0.158198 0.0622885 0.576412)
(-0.0943424 0.0225266 0.527125)
(-0.0970157 0.204802 0.425625)
(-0.243179 0.403606 0.815545)
(-0.0890371 0.0746139 0.758385)
(0.00598413 0.241046 0.911581)
(0.0582924 0.0801419 0.723804)
(-0.142233 0.101525 0.723834)
(-0.113285 0.13553 0.65218)
(-0.0664813 0.324111 0.551439)
(-0.0950952 -0.0705792 0.760924)
(-0.248643 -0.398369 0.81899)
(0.000445947 -0.237398 0.914426)
(0.0514224 -0.0779131 0.730201)
(-0.147055 -0.0954493 0.730892)
(-0.119436 -0.133541 0.659881)
(-0.0741061 -0.317633 0.555218)
(-0.189311 -0.026783 0.689366)
(-0.0468211 -0.236481 0.734525)
(-0.184572 -0.28306 0.817764)
(-0.243271 -0.216471 0.630058)
(-0.158825 -0.0580623 0.572413)
(-0.0966342 -0.0191733 0.524112)
(-0.0956214 -0.20145 0.419127)
(-0.0192141 -0.00620821 0.805036)
(-0.0114117 -0.013613 0.741409)
(0.00841458 0.0508279 0.823887)
(-0.105779 0.0109697 0.801256)
(-0.0101976 -0.0384682 0.807687)
(-0.0914819 -0.00872863 0.778831)
(-0.0143098 -0.0391589 0.702013)
(-0.055707 0.0677368 0.744052)
(-0.0706321 0.101398 0.771152)
(-0.153141 0.146561 0.743663)
(-0.0742146 0.0519827 0.654212)
(-0.0633724 0.180706 0.641082)
(-0.0408894 0.106198 0.647439)
(-0.0695002 0.0860423 0.755965)
(-0.0185889 0.0165236 0.744101)
(-0.0264012 0.0114481 0.808728)
(0.00147139 -0.0481433 0.826645)
(-0.0179792 0.0409887 0.810626)
(-0.111945 -0.00695064 0.803549)
(-0.096905 0.0118856 0.783221)
(-0.0218213 0.0432601 0.704722)
(-0.0611343 0.449107 0.900344)
(-0.614922 0.241377 -0.493861)
(-0.502732 0.842436 -0.264472)
(-0.168855 0.500118 0.376097)
(-0.642716 0.620504 0.837138)
(-0.675673 0.169019 1.0578)
(-0.829403 0.317845 0.62851)
(0.0463847 -0.102779 0.996763)
(0.073311 -0.135227 0.959879)
(-0.000826212 -0.159402 0.929326)
(-0.0205683 -0.125375 0.931087)
(0.0637641 -0.140542 0.909703)
(0.043646 -0.139016 0.93233)
(0.0149356 -0.148556 0.94741)
(-0.043513 0.045744 0.877475)
(-0.0503344 0.0907666 0.785502)
(0.0252232 -0.00936485 0.953661)
(-0.0473548 -0.0544274 0.996186)
(-0.0452243 0.0259358 0.960217)
(0.0220239 -0.0224378 0.897232)
(0.0543307 -0.00609243 0.998918)
(-0.171595 0.513175 0.786973)
(0.154093 0.222721 -0.152625)
(0.176616 0.0352075 0.598036)
(-0.0340431 -0.0617334 1.04586)
(-0.0174065 -0.127273 0.906275)
(0.0461259 -0.14015 0.921475)
(0.0150919 -0.101871 0.94277)
(-0.0443409 -0.101771 0.968819)
(0.05453 -0.141855 0.959481)
(-0.0149027 -0.0932385 0.924956)
(0.00376365 0.0618866 0.76947)
(-0.248084 0.237362 0.962123)
(-0.0400863 0.0562226 0.713336)
(-0.130468 0.0509691 0.903821)
(-0.0173466 0.166809 0.886738)
(-0.0313205 0.0683738 0.723368)
(-0.186787 0.0772173 0.831861)
(0.494016 -0.0244642 0.68759)
(0.145244 -0.200853 0.301029)
(0.0449965 -0.292257 0.713216)
(-0.137187 0.0488851 1.08755)
(-0.095758 0.0399718 0.99349)
(-0.0882549 -0.0230862 0.897858)
(-0.119013 -0.0141905 1.00104)
(-0.0857119 0.0494056 0.932092)
(-0.132713 0.0472674 1.0267)
(-0.102127 -0.0150354 0.984307)
(0.102994 0.253702 0.995092)
(-0.065027 -0.0214664 1.07853)
(0.0304937 0.0658437 0.979841)
(-0.0707277 0.114869 1.10009)
(0.111751 0.0436355 1.00372)
(0.03836 0.222261 1.07079)
(-0.0512949 0.0454955 1.03081)
(-0.27924 0.142343 0.507876)
(-0.155677 -0.0176056 -0.0645339)
(-0.0197123 -0.151016 0.0930061)
(0.0978016 0.0629669 1.10547)
(0.0658095 0.0318752 1.00159)
(0.0344797 -0.0473927 0.960359)
(0.0431477 -0.0154449 1.03142)
(0.0413435 0.0486437 0.999824)
(0.0703748 0.0652032 1.04848)
(0.0634252 -0.0274468 1.02499)
(0.00763301 0.239528 1.00774)
(0.102755 -0.027782 1.01287)
(0.0495994 0.0516805 0.88506)
(0.185433 0.124689 1.05433)
(-0.0580509 0.0407544 0.987587)
(0.0757499 0.213506 1.00785)
(0.116884 0.0444882 0.947457)
(-0.153304 -0.0569446 1.08262)
(-0.101098 -0.0463882 0.991848)
(-0.0937031 0.0190073 0.900163)
(-0.12045 0.00152757 1.00708)
(-0.0944945 -0.0514704 0.936008)
(-0.102694 0.00689041 0.983597)
(-0.143476 -0.0530922 1.02811)
(-0.0802954 0.004838 1.0856)
(0.0970786 -0.268746 0.999149)
(0.0235034 -0.0817493 0.982649)
(-0.0743736 -0.130004 1.10246)
(0.104938 -0.0584078 1.01019)
(-0.0631235 -0.0598001 1.03499)
(0.0310398 -0.237954 1.06958)
(0.489056 0.0135873 0.687023)
(0.140097 0.184058 0.301027)
(0.0410942 0.2831 0.713068)
(0.105357 -0.0632351 1.09813)
(0.0678944 -0.0300005 1.00039)
(0.0352691 0.0487937 0.958877)
(0.0448086 0.0200583 1.03116)
(0.0427618 -0.0460344 0.998612)
(0.0646471 0.0300456 1.02221)
(0.0769097 -0.0662608 1.04704)
(0.10962 0.0218307 1.01512)
(0.00877293 -0.242038 1.01168)
(0.0507699 -0.0540835 0.888667)
(0.186128 -0.127278 1.05983)
(-0.0569145 -0.0440922 0.989905)
(0.124171 -0.0498647 0.952071)
(0.0774627 -0.21614 1.01196)
(-0.279862 -0.142785 0.507335)
(-0.158255 0.0186399 -0.0599341)
(-0.020485 0.149829 0.0983262)
(-0.503541 -0.844576 -0.259783)
(-0.170273 -0.498995 0.372387)
(-0.0557191 -0.442141 0.90156)
(-0.608281 -0.231238 -0.51815)
(0.0481674 0.101875 0.996753)
(0.0742344 0.135012 0.958822)
(0.000405302 0.159132 0.928392)
(-0.0193881 0.124204 0.929877)
(0.0651647 0.140065 0.90954)
(0.0446549 0.138529 0.931269)
(0.0161646 0.14828 0.946324)
(-0.0475693 -0.0889288 0.78421)
(-0.0411808 -0.0446139 0.876024)
(0.0276576 0.0108037 0.950581)
(-0.0447322 0.055943 0.994804)
(-0.043208 -0.0247316 0.958702)
(0.0571305 0.00804059 0.997099)
(0.0240619 0.0241698 0.894036)
(-0.639687 -0.618065 0.82701)
(-0.669968 -0.166457 1.05542)
(-0.821881 -0.316355 0.625982)
(-0.0329183 0.0610886 1.04734)
(-0.0165391 0.12701 0.906479)
(0.0473869 0.139903 0.921786)
(0.0160851 0.100603 0.942678)
(-0.0434915 0.101502 0.969545)
(0.0556221 0.141425 0.959409)
(-0.0139229 0.0925548 0.925159)
(-0.248413 -0.23713 0.961766)
(0.00399079 -0.0634055 0.770286)
(-0.0401965 -0.0568666 0.712487)
(-0.131334 -0.0518014 0.903027)
(-0.0170185 -0.168107 0.887076)
(-0.18771 -0.0772299 0.83188)
(-0.0312 -0.069292 0.722615)
(-0.171119 -0.513152 0.785741)
(0.151261 -0.220974 -0.152635)
(0.175794 -0.0350541 0.597674)
)
;

boundaryField
{
    outlet
    {
        type            zeroGradient;
    }
    inlet
    {
        type            fixedValue;
        value           uniform (0.1 0 0);
    }
    wall
    {
        type            noSlip;
    }
}


// ************************************************************************* //
