/*--------------------------------*- C++ -*----------------------------------*\
| =========                 |                                                 |
| \\      /  F ield         | OpenFOAM: The Open Source CFD Toolbox           |
|  \\    /   O peration     | Version:  2312                                  |
|   \\  /    A nd           | Website:  www.openfoam.com                      |
|    \\/     M anipulation  |                                                 |
\*---------------------------------------------------------------------------*/
FoamFile
{
    version     2.0;
    format      ascii;
    arch        "LSB;label=32;scalar=64";
    class       surfaceScalarField;
    location    "2.900068987451995";
    object      phi;
}
// * * * * * * * * * * * * * * * * * * * * * * * * * * * * * * * * * * * * * //

dimensions      [0 3 -1 0 0 0 0];

oriented        oriented;

internalField   nonuniform List<scalar> 
62262
(
2.45308
-2.57483
1.0603
3.95725
-3.2435
-1.66552
-1.20879
-0.349641
-20.7954
8.43614
-0.0766926
-1.70098
-1.88141
-2.44219
-0.491722
-0.263468
-0.275573
5.35189
5.19671
5.07969
5.11309
-0.857332
-1.02178
-4.28929
4.33655
-1.09435
-0.980182
-1.0485
0.78588
0.872889
0.748924
0.903251
-0.906353
-0.805036
-0.927202
1.12812
0.998693
1.07497
1.01108
-1.45882
2.01965
18.0745
6.04722
-9.52377
-0.667209
-0.856002
-0.0475686
2.01282
1.94168
1.73413
-4.76915
-5.55074
-4.73886
-4.00351
1.0172
-11.5018
-10.3218
12.1844
13.9585
-8.3701
0.915639
1.08797
1.06172
-1.43061
-5.49241
-1.63627
1.53191
5.45126
1.70486
0.486211
0.8002
4.42321
-2.67883
0.805789
0.778212
0.782535
-1.0667
-0.901366
-1.00214
-0.955864
0.4522
0.429648
0.41808
-0.647175
-0.663928
-0.688367
-0.654011
0.113147
0.784229
-2.64147
-0.299463
1.77381
0.347629
-0.529455
-1.31636
0.507721
-0.566288
1.06882
0.816244
1.5577
6.85842
-8.26904
25.3361
-24.5973
-3.24677
5.56911
8.02513
6.70697
-6.56763
-8.53923
-5.86689
0.859446
1.29877
0.832048
2.3934
-2.27263
-22.4506
18.6517
15.2345
-2.13248
-3.88801
-1.39413
-3.31167
-0.381407
-4.19219
-3.14392
4.20592
3.56033
-0.230063
6.9147
3.92809
24.7541
-14.0468
-33.2243
-5.30704
5.63239
4.74988
6.60545
15.1221
-18.9021
4.74846
-2.99877
20.6975
-18.4974
0.747145
-5.96337
0.46389
-1.15984
7.0165
-0.960465
-1.05553
20.9754
14.8444
-18.0274
-22.6438
6.10651
0.0601615
11.0954
-6.18701
-11.4361
5.75428
0.531004
-7.73088
-16.386
22.5136
3.55582
1.21518
8.85758
-9.02036
24.4531
-31.0572
2.92611
7.7979
8.8011
7.82018
-6.5806
-8.89479
-6.58183
3.11531
-0.693779
-20.4973
18.976
8.7417
-4.57594
-2.37818
-0.522488
-2.16944
-0.687641
-7.81897
-4.65479
5.5864
6.10565
1.31109
4.4861
3.44219
31.5576
-12.9141
-34.7404
-4.46042
5.09593
3.01487
4.52782
19.8017
-9.52297
10.4386
-7.86739
8.2165
-20.9483
1.7095
-5.81485
0.330793
-0.502622
5.33907
-1.0443
-10.2764
16.9685
12.1907
-11.1026
-16.3923
8.69944
0.780167
8.48643
-0.463415
-7.06378
-0.305823
-1.31318
-0.124739
-6.08882
6.40536
-0.169696
7.80294
-8.10592
-6.09622
24.4262
-27.3907
7.99085
7.03183
7.56585
6.89776
-6.3717
-7.84247
-6.17597
-0.0226563
4.94951
-20.7931
19.2716
4.08094
-4.31545
-1.59606
-0.0206302
-1.55516
-1.78045
-9.3534
-5.81193
7.95154
7.07117
1.91085
1.02968
6.38388
27.0621
-4.28098
-25.933
-9.06001
2.1524
0.832783
1.85892
22.3388
-4.7472
5.56535
-6.13833
6.2709
-23.3581
0.27147
-7.2043
1.02169
-0.748732
7.01151
-0.350376
-3.32354
8.41928
6.5309
-5.9837
-7.67956
2.06087
1.57318
6.63094
-0.998038
-6.36214
0.567051
-1.38605
-0.44397
-8.32439
8.27374
0.486733
6.143
-6.62781
-8.04415
22.3889
-19.4821
5.97478
5.4505
5.83767
5.16697
-5.2468
-6.42233
-5.19049
-0.603314
3.54713
-20.3957
19.1985
6.61609
-3.54356
-1.91844
-0.802977
-2.02873
-2.53468
-8.39963
-5.50902
7.35485
6.30877
2.77585
-0.394184
11.4277
18.5721
1.31635
-18.7757
-12.5168
0.411529
-0.523191
0.369757
23.0928
-5.95595
-0.616439
-1.12254
5.9562
-21.3741
0.478167
-6.39065
0.0522391
-0.0697554
6.2827
-0.364042
-0.0930748
6.43516
5.04945
-5.15052
-6.22506
-0.0345492
1.05838
5.70391
-1.15595
-5.51152
0.85739
-0.951261
-0.864437
-7.91697
7.73266
1.06839
2.88657
-4.73699
-1.87363
17.4406
-4.44751
-2.73131
2.05851
2.23381
1.42736
-4.11869
-4.19057
-3.85681
-2.06327
4.35886
-17.1862
16.9543
11.1709
-5.21566
-2.85941
-2.35326
-2.99322
-3.35418
-7.32916
-4.88961
6.51982
5.63461
3.42954
-0.597586
11.8148
7.64557
2.62339
-11.816
-9.66385
0.244489
-0.531394
0.257103
18.5254
-9.48301
-2.89061
0.981116
8.20512
-15.3685
-0.356547
-5.69463
-0.313143
0.170741
5.5085
0.678264
0.0347001
5.6781
4.08353
-4.45127
-5.4755
0.127927
0.43761
4.65387
-1.50717
-4.51554
1.11001
-0.185334
-1.77587
-6.97532
6.75389
2.01309
1.27389
-2.34164
5.29654
10.0681
-4.79084
-6.16352
0.794244
1.39441
0.966846
-2.10157
-2.38681
-2
-1.7038
5.80213
-10.2715
10.2175
8.27722
-6.67472
-2.13949
-1.5274
-1.97162
-3.10584
-5.03399
-3.11087
4.38454
4.03724
2.83508
0.0415733
7.74445
7.24002
-0.251264
-9.70726
-6.48731
0.616976
0.129846
0.661869
12.7196
-8.14526
0.331587
-1.3666
7.42079
-10.976
-1.48377
-4.45349
0.182824
-0.255303
4.41426
1.5934
-0.776521
4.93007
3.46683
-3.9
-4.73721
1.00839
-0.581833
4.13155
-1.35498
-4.02412
1.0007
0.817873
-2.55804
-5.73417
5.64485
2.67053
1.85117
-2.22364
6.55269
7.51857
-6.70602
-6.37338
1.56552
1.87993
1.60403
-1.7346
-2.21201
-1.71545
-0.876871
7.59248
-6.89154
6.61898
5.13825
-8.19262
-1.30249
-0.794518
-1.2213
-2.18038
-3.38789
-2.12032
3.03779
2.77883
1.86442
0.489367
5.46504
7.7744
-2.34523
-9.28491
-4.49211
0.922475
0.528954
0.933573
9.85634
-4.67393
2.49424
-2.93925
4.16728
-8.9386
-1.51011
-3.13794
0.477839
-0.474061
3.20439
1.42641
-1.57868
4.21276
3.0504
-3.35273
-4.03195
1.68255
-1.39566
3.6536
-0.83041
-3.5844
0.628574
1.51587
-2.69534
-4.64101
4.73931
2.59771
1.86146
-2.0108
5.86585
5.66132
-6.53458
-5.11461
1.64885
1.84047
1.63719
-1.51265
-1.97395
-1.47349
-0.536762
8.43674
-4.3072
3.5774
3.16519
-8.14439
-0.887516
-0.510008
-0.849537
-0.937921
-2.69725
-1.46912
2.39192
2.213
0.493163
0.722844
3.65565
7.04389
-3.11168
-8.31471
-3.02761
1.0824
0.695073
1.10932
8.05634
-1.94585
2.44202
-2.72415
1.03792
-6.96671
-1.31665
-2.23145
-0.00682483
-0.00789694
2.2667
1.28695
-1.68069
3.36698
2.57406
-2.63554
-3.22306
1.58789
-1.71972
3.03555
-0.227392
-3.02038
0.204982
1.71406
-2.17527
-3.7232
3.93642
1.95169
1.66077
-1.6635
4.12073
3.9074
-5.81182
-2.95978
1.50308
1.62359
1.47235
-1.17367
-1.62619
-1.13413
-0.318614
7.34363
-2.4583
1.45451
1.74441
-6.27141
-0.662912
-0.307293
-0.593576
1.24869
-1.26322
-0.402864
0.855547
1.08304
-1.5387
0.564031
2.5009
5.96514
-2.55361
-6.81463
-2.01496
0.872832
0.561384
0.860138
5.7943
0.0217638
1.51697
-1.28104
-1.01444
-5.11474
-0.819931
-1.72611
0.175056
-0.128707
1.97711
0.515356
-1.08572
2.76796
2.03781
-2.12298
-2.48121
0.885327
-1.66618
2.31083
0.28863
-2.34889
-0.261768
1.67692
-1.61521
-3.13273
3.08422
1.65289
1.36464
-1.3513
1.8171
2.96833
-4.64759
-0.822538
1.20779
1.32007
1.17081
-0.904214
-1.31875
-0.866052
-0.20556
5.14525
-1.90531
1.35639
0.481836
-4.05525
-0.336572
-0.193754
-0.350076
1.45696
-0.999098
-0.372604
0.571577
0.650911
-1.31742
0.576542
1.63336
4.68947
-2.50667
-5.18943
-1.29979
0.728074
0.584331
0.718753
4.65415
1.20311
2.0135
-1.4259
-2.58423
-3.93836
0.678364
-0.150409
0.309322
-0.317373
0.339603
-0.869748
-0.96357
2.09396
1.46839
-1.76686
-1.94086
1.0961
-1.42326
1.70149
0.333831
-1.65462
-0.0885339
1.11469
-1.78417
-2.06374
2.12054
1.72465
1.00968
-1.14066
0.0926457
2.82801
-3.10575
0.292433
0.827678
0.969863
0.784573
-0.791832
-1.09908
-0.759429
-0.21464
3.14388
-1.92111
1.2206
0.840284
-2.4519
-0.289902
-0.20729
-0.24199
0.835507
-0.668665
-0.294614
0.389764
0.42335
-0.701578
0.441588
1.21392
3.09651
-1.63028
-3.33961
-1.47658
0.559707
0.458564
0.554425
3.21477
0.0293795
1.31517
-1.05301
-0.957817
-2.68198
0.605315
0.0870173
0.234847
-0.159247
-0.279007
-0.504512
-0.94455
1.4076
1.03978
-1.00391
-1.26252
0.745571
-0.179311
0.671119
0.343198
-0.594495
-0.235554
-0.0230824
-0.606641
-0.275818
0.557881
0.312746
0.579823
-0.975324
-0.297354
2.67908
-0.907742
0.0154946
0.381239
0.501643
0.375281
-0.797208
-0.931918
-0.789699
-0.219899
1.95695
-1.56842
0.940043
1.13649
-1.57755
-0.29392
-0.260014
-0.300905
0.467562
-0.394638
-0.198595
0.254972
0.275985
-0.432837
0.152909
1.89984
0.799391
-0.305036
-1.04316
-2.20341
0.231449
0.108167
0.18143
2.38346
-0.750216
0.361635
-0.292356
0.325023
-2.21685
0.421519
-0.114753
0.0652102
-0.0398659
0.0636854
-0.41947
-0.0819698
0.788006
0.469894
-0.467355
-0.620277
-0.114701
0.399491
0.216844
-0.00418457
-0.175156
-0.00314749
-0.456567
0.147793
-0.029744
0.0726377
-0.206856
0.121755
-0.407134
0.402556
1.01135
0.598896
-0.896173
-0.0702189
0.00993866
-0.0888841
-0.429182
-0.233746
-0.263788
-0.162158
1.43063
-0.710022
0.473563
0.693694
-1.52237
-0.164732
-0.136232
-0.140546
0.423023
-0.195733
-0.10035
0.133995
0.14274
-0.439174
-0.144059
2.21702
-0.612913
0.299467
0.437711
-2.04311
-0.0916959
-0.138919
-0.135044
2.11305
-0.57006
-0.136093
0.0503089
0.385576
-2.06559
0.43488
-0.0928545
0.00793345
-0.0066339
0.0727129
-0.444169
0.54461
-0.0244014
-0.049519
0.0490705
0.0568526
-0.606279
0.525527
0.0117536
-0.0488504
-0.0160064
0.0330576
-0.530377
0.292979
-0.0382585
0.0357179
-0.30836
-0.0363968
-0.068764
1.38995
0.27868
0.339596
-1.82533
-0.0675061
-0.0328017
-0.0593189
-0.0804615
-0.0509656
-0.0565482
-0.0565653
1.73103
-0.240733
0.181878
0.253619
-1.98435
-0.0535126
-0.0457961
-0.0453264
0.522377
-0.0920726
-0.0436893
0.0630699
0.067099
-0.555485
-0.0995663
1.97601
-0.340804
0.276221
0.297703
-2.08678
-0.0988793
-0.0818563
-0.0846993
2.09544
-0.252784
-0.156485
0.0745321
0.208241
-2.21705
0.48387
-0.0433352
-0.000623534
-0.00090594
0.0333321
-0.502902
0.621617
-0.0909224
-0.0589199
0.0603519
0.0684966
-0.634555
0.536615
-0.0308801
-0.0293814
0.0239967
0.0186394
-0.546941
0.34181
-0.00391427
-0.00371335
-0.353718
-0.017729
-0.00828808
2.20868
0.0465844
0.1336
-2.5522
-0.0371074
-0.00998197
-0.0329195
-0.00148684
-0.00185578
0.00233061
-0.0190674
2.2518
-0.0736985
0.0532911
0.0871335
-2.51586
-0.0181527
-0.0122771
-0.0155326
0.666584
-0.0449249
-0.016392
0.0278755
0.0324451
-0.705055
-0.0306169
2.29391
-0.121608
0.0918947
0.127627
-2.53346
-0.0290043
-0.0251311
-0.0258292
2.39859
-0.107207
-0.0636905
0.0192394
0.107406
-2.61402
0.572826
-0.015355
0.00868587
-0.00595543
0.00803495
-0.60038
0.707184
-0.0267918
-0.028219
0.0202919
0.0279632
-0.737502
0.595995
-0.0195641
-0.0197786
0.0193544
0.0116137
-0.618249
0.39378
0.0197876
-0.0250608
-0.409583
-0.00224952
0.00543798
2.86733
-0.016962
0.0498776
-3.15579
-0.018041
0.0024103
-0.0165744
0.0146203
0.00738025
0.0101167
-0.00492459
2.77617
-0.0177257
0.00433776
0.0243782
-3.01869
-0.0044807
-0.00224983
-0.0047782
0.823941
-0.0262871
-0.0053509
0.0136284
0.0181158
-0.862114
-0.00371417
2.78659
-0.0351907
0.0151779
0.0361091
-3.02668
0.000913883
-0.00468269
-0.00299183
2.84009
-0.0432341
-0.0216546
-0.00822188
0.0540124
-3.0647
0.688217
-0.00279668
0.01081
-0.00682214
-0.00325264
-0.717181
0.837361
-0.0178656
-0.0112035
0.0123161
0.0146996
-0.87045
0.693611
-0.00934289
-0.0139846
0.012281
0.00804444
-0.71991
0.46118
0.0282457
-0.0305459
-0.479169
0.00233731
0.00138938
3.41877
-0.00711846
0.0148372
-3.65964
-0.00402111
0.00300064
-0.00566479
0.00510008
0.00119438
-0.00291343
-0.00088106
3.25346
-0.010637
0.00520268
0.00302099
-3.47311
0.000587359
-0.000594219
-0.0035647
0.973061
-0.0148349
-0.00630413
0.00946672
0.00984197
-1.00592
0.00172852
3.25811
-0.00631381
0.00242235
-0.00336807
-3.47018
0.00701363
-0.000825186
-0.000802707
3.28379
-0.014083
-0.0160561
-0.00379927
0.0311948
-3.49898
0.802709
0.0014206
0.00601636
-0.0039133
-0.00557991
-0.828321
0.969895
-0.0187385
-0.00229673
0.0113866
0.00869902
-1.00038
0.798642
-0.00404359
-0.0126076
0.0077858
0.00729681
-0.823033
0.532324
0.0270422
-0.0284274
-0.548839
0.00237969
-0.00160997
3.88456
0.00831477
-7.84167e-05
-4.09998
0.00500538
0.00205915
-0.0013666
-0.00308253
-0.00233388
-0.00916022
0.00553718
3.69166
-0.0117515
0.00700325
-0.0126904
-3.89522
0.00548029
0.00436458
-0.000455413
1.10035
-0.0130802
-0.00896731
0.0108381
0.00841874
-1.1285
0.0083385
3.6809
0.00390285
-0.00460182
-0.0287112
-3.87887
0.0102549
0.00566919
0.00330555
3.71001
0.00287249
-0.01464
0.000114143
0.0138291
-3.91438
0.901929
-0.000950044
0.00216338
-0.00162322
-0.00210757
-0.924278
1.09182
-0.025776
0.00162326
0.0146919
0.0082574
-1.12035
0.896675
-0.000397973
-0.0105767
0.00331714
0.00641672
-0.919723
0.597004
0.0206369
-0.0218749
-0.61216
0.00657765
-0.00103846
4.3065
0.0122506
-0.0069001
-4.50147
0.00300228
0.00545285
-0.00552361
0.00116333
-0.00344501
-0.00578789
0.0126354
4.09586
-0.0128293
0.00385984
-0.0258976
-4.27778
0.0107395
0.00905599
0.00194612
1.21493
-0.0193439
-0.00747062
0.0117306
0.013371
-1.24089
0.0144872
4.07776
0.0101055
-0.0135272
-0.0512049
-4.25774
0.0180788
0.0091802
0.00875874
4.10884
0.0143935
-0.0127056
-0.00359129
-0.00292911
-4.29218
0.994516
-0.00560049
0.00477532
-0.00354305
0.00284102
-1.01608
1.2118
-0.03581
0.00780848
0.0206596
0.00746305
-1.2405
0.992514
0.00194169
-0.00824097
-0.000163811
0.00559227
-1.01524
0.659675
0.0148012
-0.0152319
-0.675028
0.00966398
-0.00347572
4.68152
0.0204548
-0.0137029
-4.84635
0.00372357
0.00831941
-0.00503761
0.000792821
-0.00598875
-0.00726481
0.0157988
4.45434
-0.0180526
0.0116364
-0.0311171
-4.61035
0.0113796
0.0100748
0.00024184
1.31994
-0.0225703
-0.010879
0.0146392
0.016476
-1.34195
0.0124633
4.43294
0.0113641
-0.0076116
-0.0496036
-4.58401
0.0169977
0.00530363
0.00598824
4.46305
0.0179864
-0.0160502
0.00247685
-0.00954775
-4.62235
1.08292
-0.00796805
0.00354646
-0.0031638
0.00559407
-1.10185
1.32871
-0.0381986
0.00657879
0.0223763
0.00877703
-1.35332
1.08644
0.00112916
-0.00667424
-0.000330456
0.0049176
-1.10673
0.721563
0.00873128
-0.00939436
-0.735299
0.0119453
-0.00519744
4.99613
0.0238094
-0.0163253
-5.12979
0.0022616
0.0097311
-0.00707292
0.0009146
-0.00636994
-0.00679556
0.0131169
4.76138
-0.0206636
0.0159324
-0.0241289
-4.88587
0.00745158
0.00633929
-0.00366728
1.40802
-0.0211807
-0.0114669
0.0143481
0.0152542
-1.42599
0.00899529
4.72931
0.0151348
-0.000937104
-0.044568
-4.85277
0.0147278
0.00338817
0.00400282
4.7687
0.0164891
-0.018966
0.00642347
-0.00657788
-4.8992
1.16029
-0.00842702
0.00140015
-0.00182761
0.00560981
-1.17477
1.42491
-0.0334694
0.00432344
0.0193611
0.00879364
-1.44333
1.16642
-6.35954e-05
-0.00870386
0.000646684
0.00623961
-1.1814
0.774357
0.00771869
-0.00881034
-0.785123
0.0117107
-0.00578527
5.2455
0.0267022
-0.0203464
-5.34106
0.00523216
0.00960887
-0.00253581
-0.00180851
-0.00797793
-0.0119345
0.0107972
4.99813
-0.0192973
0.00883464
-0.0216746
-5.08271
0.00757215
0.00386543
-0.00274371
1.48147
-0.0192303
-0.00669821
0.0106105
0.0129126
-1.49525
0.00999472
4.96941
0.0159792
0.000171248
-0.041357
-5.05454
0.011875
0.00384522
-0.000137496
5.01125
0.0166823
-0.0201606
0.00930937
-0.00843891
-5.10346
1.22132
-0.00287763
-0.00284572
0.00165871
0.00275755
-1.23315
1.49458
-0.028116
0.00384022
0.0162973
0.00673897
-1.50639
1.22335
-5.49106e-05
-0.00788666
0.000238548
0.00546356
-1.23268
0.814565
0.00654862
-0.0076477
-0.821936
0.0143237
-0.00860961
5.41437
0.0332549
-0.0336605
-5.46619
0.0124688
0.0123139
0.00195109
-0.00694941
-0.0101663
-0.0149397
0.0119985
5.15911
-0.0183129
0.0083236
-0.0272432
-5.20718
0.0120705
0.00461681
0.000305578
1.53189
-0.0161308
-0.00698175
0.00930633
0.0105775
-1.53847
0.0107327
5.12749
0.0231566
0.000952947
-0.0453731
-5.17155
0.00905422
0.00421178
-0.00196294
5.17426
0.0209684
-0.0193111
0.019411
-0.0220788
-5.22435
1.26278
-0.00231482
-0.0078673
0.00436883
0.00191087
-1.26653
1.54222
-0.0240302
0.0064367
0.014506
0.00328227
-1.54929
1.26247
0.000449241
0.000666947
-0.00151272
-0.000228885
-1.2682
0.841224
-0.00215692
0.00151937
-0.845319
0.0167455
-0.0085547
5.49685
0.0274025
-0.039283
-5.5081
0.0137109
0.0140777
0.0026866
-0.00444819
-0.0106992
-0.0140401
0.00999661
5.24408
-0.0111603
0.00483657
-0.0222771
-5.25119
0.0107033
0.00130717
-0.00256451
1.55465
-0.0111191
-0.0067969
0.00720329
0.00782819
-1.55513
0.010136
5.20418
0.0250056
-0.00318796
-0.0459748
-5.20796
0.0101525
0.00181293
-0.00220091
5.25321
0.019566
-0.0130603
0.0162062
-0.0237899
-5.26268
1.27912
-0.000663072
-0.00706744
0.00366688
0.001136
-1.27854
1.57032
-0.0199607
0.00744713
0.0118582
0.00125398
-1.57218
1.28614
0.00173525
0.000594213
-0.00281638
0.000108005
-1.28707
0.854762
-0.00597375
0.00575881
-0.855751
0.0146636
-0.00504142
5.50211
0.01475
-0.0345061
-5.48125
0.0133435
0.0107157
0.00201611
-0.000321274
-0.00841515
-0.0111658
0.00504272
5.24922
-0.00389819
0.00357536
-0.01177
-5.22263
0.00720246
-0.00403958
-0.00641039
1.55691
-0.00415422
-0.00591323
0.00362696
0.00379887
-1.55254
0.0117184
5.20922
0.0216515
-0.0121592
-0.0355712
-5.18747
0.013329
0.00189756
-0.00115154
5.25615
0.0151268
-0.00534539
0.00639464
-0.0134839
-5.23645
1.27976
-0.000928936
-0.00522179
0.00251065
0.0011317
-1.27523
1.57575
-0.0147112
0.00503796
0.00784382
0.000749178
-1.57108
1.29014
0.00266663
-0.00413467
-0.00293376
0.0027968
-1.28549
0.856184
-0.00249839
0.00223444
-0.854149
0.0129302
-0.00414853
5.44701
0.0114231
-0.0318799
-5.39828
0.0148799
0.00910469
0.00405137
-0.000877399
-0.00771943
-0.0116479
0.00306715
5.19212
-0.000799596
0.00321908
-0.0088437
-5.13936
0.00697343
-0.00597466
-0.00619261
1.54024
0.00210297
-0.00466334
0.000217896
-0.000137424
-1.53148
0.00873534
5.16016
0.0193264
-0.0100572
-0.0286328
-5.10683
0.0103363
-0.00035277
-0.00330615
5.20195
0.015233
-0.00205561
0.00262687
-0.0142845
-5.15177
1.26576
-0.000397022
-0.00528379
0.00273514
0.00069271
-1.2576
1.55804
-0.00899576
0.0051803
0.00410728
-0.00119191
-1.54932
1.27453
0.00267691
-0.00272861
-0.00258001
0.0014282
-1.26661
0.846202
-0.000781999
0.000845182
-0.84187
0.0107892
-0.0045529
5.3349
0.0106273
-0.0245656
-5.25711
0.0142187
0.00627111
0.00252016
-0.0020954
-0.0071292
-0.0104252
0.00125128
5.08248
0.000649463
0.00236734
-0.00263322
-5.00317
0.00602568
-0.00783244
-0.00708341
1.50584
0.00648894
-0.00353791
-0.00192351
-0.00322309
-1.4932
0.00486441
5.04664
0.0129491
-0.00433477
-0.0201353
-4.96389
0.0064481
-0.00238514
-0.00498122
5.08664
0.0106607
-0.000659987
0.00123592
-0.0107803
-5.00883
1.23714
0.000850596
-0.00472145
0.00226325
-0.000397149
-1.22588
1.52559
-0.00306508
0.00436127
0.000535407
-0.00242487
-1.51344
1.24726
0.0025564
-0.000938432
-0.00233227
-0.000277691
-1.23641
0.827374
0.000107915
4.74496e-05
-0.820939
0.00420459
-0.00165363
5.16542
0.00171701
-0.00809985
-5.0605
0.00855962
0.000241273
-0.00175536
0.00165569
-0.00302194
-0.00526779
-0.00230136
4.91989
0.00306937
3.27531e-05
0.00912788
-4.81544
0.00304118
-0.0102554
-0.00885236
1.45615
0.00881543
-0.00198599
-0.0032253
-0.00511589
-1.44034
0.00384926
4.87881
0.00251339
-0.00284905
-0.00509593
-4.77623
0.00477694
-0.00163928
-0.00499527
4.91996
-0.00049853
0.00165723
0.000185662
0.00203298
-4.82154
1.19687
0.00234381
-0.00379037
0.0017653
-0.00153901
-1.18348
1.47748
0.00320856
0.00051939
-0.00264094
-0.00261903
-1.46102
1.20716
0.00189145
-0.00215195
-0.00137503
4.71761e-06
-1.193
0.799838
0.00204366
-0.00216181
-0.791327
-0.000574461
0.0022945
4.94304
-0.00690229
0.000451455
-4.8131
0.00669962
-0.00239755
-0.00176564
0.00380461
0.00131114
-0.00372776
-0.00436848
4.70728
0.00557437
-0.0025937
0.0139425
-4.57839
0.00161246
-0.0100606
-0.00880318
1.39302
0.00840526
-0.000783069
-0.00361846
-0.00494039
-1.374
0.00422968
4.67511
-0.0029286
-0.00408256
0.00500408
-4.55214
0.00445341
-0.00124609
-0.00501139
4.71284
-0.00686528
0.00371511
-0.00342357
0.011242
-4.59184
1.14358
0.00162749
-0.00279046
0.00132948
-0.00162598
-1.12709
1.41099
0.00652772
-0.00287109
-0.00403389
-0.00192959
-1.39037
1.15294
0.00127478
-0.00383873
-0.00040912
0.000853637
-1.13566
0.763761
0.00409576
-0.00434554
-0.753328
0.00117362
0.00104319
4.66837
-0.0056738
-0.00327064
-4.50857
0.0059696
0.00077003
-0.00133777
0.00251555
-0.000694246
-0.00321128
-0.00221004
4.44459
0.00549285
-0.00339161
0.00968772
-4.28923
0.000554116
-0.00618894
-0.00799848
1.31534
0.00594762
-0.000147156
-0.00294543
-0.00351123
-1.29261
0.000371785
4.42217
0.000297584
0.000521528
0.00142029
-4.26643
0.00114539
-0.00431629
-0.00669808
4.45602
-0.00560887
0.00244092
-0.00480153
0.00846521
-4.30525
1.079
0.000751531
-0.00207051
0.000955736
-0.00100211
-1.05947
1.32883
0.00663624
-0.00176191
-0.00415246
-0.00217108
-1.30543
1.08653
0.00135461
-0.00342979
-0.000251183
0.000979868
-1.06697
0.719771
0.00410045
-0.00412981
-0.707541
0.00256935
0.000555298
4.33595
-0.0067433
-0.00248705
-4.1551
0.00356055
0.00200676
-0.00322139
0.00399734
0.000383014
-0.00111589
0.000408572
4.13009
0.00672894
-0.00595846
0.0047195
-3.95417
0.00109302
-0.00277099
-0.00617886
1.2227
0.00328648
-6.14707e-05
-0.00147132
-0.00187257
-1.19693
0.0016528
4.1053
0.00209467
-0.00431661
-0.00509028
-3.92765
0.00271745
-0.000916346
-0.00380616
4.14014
-0.00342279
0.0064569
-0.0121681
0.0068211
-3.96415
1.00224
0.000218889
0.00116271
-0.00121038
-0.000691203
-0.980687
1.2357
0.00491584
0.000282558
-0.00398164
-0.00210361
-1.20965
1.01021
0.0019142
-0.00381803
-0.000488555
0.0015428
-0.988569
0.668724
0.00515259
-0.00487204
-0.654952
3.02676e-05
0.00151263
3.96794
-0.0120686
0.00592188
-3.77627
-0.00102685
0.000823139
-0.00484589
0.0064506
0.00278586
0.00277231
-0.001278
3.77712
0.00727991
-0.0049234
0.00704549
-3.58888
-0.000849504
-0.00265088
-0.00563796
1.12055
0.00381725
0.000262639
-0.00134135
-0.00197194
-1.09343
0.00368659
3.7528
-0.00345791
-0.011136
-0.000621352
-3.56846
0.00551156
0.00297296
0.000669215
3.78157
-0.00632698
0.0103573
-0.0156641
0.0119846
-3.59601
0.919063
-0.000335436
0.00449802
-0.00371888
-0.000161541
-0.896567
1.13071
0.00442757
5.93573e-05
-0.00414017
-0.00170554
-1.10235
0.924129
0.00199862
-0.00546065
-0.00038636
0.00265545
-0.900611
0.612032
0.00561231
-0.00530346
-0.597211
-0.00353653
0.00140962
3.58289
-0.00905629
0.0124794
-3.39071
-0.00432155
-0.00252355
-0.00570113
0.00492402
0.00298242
0.00315938
-0.00447626
3.40585
0.00285114
0.00193034
0.0115636
-3.21914
-0.00312235
-0.00435715
-0.00557568
1.01278
0.00777195
-0.00151587
-0.00174083
-0.00400639
-0.985308
0.000386107
3.38862
-0.00894248
-0.0040702
0.00851067
-3.20521
0.00176289
-0.000151864
-0.00187488
3.41051
-0.00886795
0.00606116
-0.00926863
0.0138022
-3.22906
0.831574
-0.000768711
0.00340946
-0.00317624
0.000889865
-0.809191
1.01847
0.00687622
-0.00149217
-0.00507097
-0.00184302
-0.990181
0.832114
0.00160847
-0.00382319
-0.000409103
0.00140637
-0.80879
0.551715
0.00218128
-0.00213115
-0.536742
-0.0050462
0.000215016
3.20502
-0.000308996
0.00967347
-3.03176
-0.00248521
-0.00301613
-0.00204884
0.00134058
0.00167553
-0.00045821
-0.00411685
3.04566
-0.00150696
0.00492589
0.00883684
-2.87986
-0.00147619
-0.00249782
-0.00262271
0.906378
0.00973894
-0.0024519
-0.00185205
-0.00532393
-0.880906
-0.00322429
3.03385
-0.00795285
0.0047275
0.0120034
-2.86828
-0.00288656
-0.00253321
-0.00532445
3.05481
-0.00616491
6.32133e-07
0.000903032
0.00626627
-2.89139
0.745869
-0.00120711
-0.000617505
-0.000703401
0.00230305
-0.724929
0.909343
0.00896503
-0.00331005
-0.00566756
-0.00141743
-0.8838
0.742476
0.0012229
-0.000518765
-0.00094643
-0.000677688
-0.721644
0.492571
-0.00429812
0.00423812
-0.478929
-0.00236186
-0.00185188
2.87369
0.00900308
0.00210291
-2.73161
0.00244789
-0.00107323
0.00170005
-0.0034741
-0.00116588
-0.0047164
-0.00194444
2.73472
-0.00324597
0.00649201
0.00462678
-2.59942
2.65572e-05
-0.00117318
-0.00196828
0.811003
0.00945598
-0.00300364
-0.00123251
-0.00545675
-0.789423
-0.00325999
2.72134
-0.00726614
0.00719558
0.00870538
-2.58376
-0.0037223
-0.00272525
-0.00536419
2.7414
-0.00278209
-0.00241219
0.00733679
-0.00238338
-2.60686
0.666384
-0.00232418
-0.00322289
0.000547623
0.00362096
-0.647885
0.815488
0.00750989
-0.00207212
-0.00504107
-0.00123954
-0.794824
0.66629
0.00120062
0.00281707
-0.00171205
-0.0025784
-0.649706
0.440702
-0.00979425
0.00964189
-0.429353
-0.00158865
-0.00156805
2.60497
0.00740914
-0.000456679
-2.49269
0.00201781
0.000277952
0.000902557
-0.00227831
-0.000941543
-0.00312485
-0.00325345
2.48197
-0.00207213
0.00510045
0.00565444
-2.37265
-0.0014052
-0.00175471
-0.00302618
0.733253
0.00797119
-0.00176062
-0.00121992
-0.00482923
-0.716632
-0.000998007
2.46727
-0.00469549
0.00208399
0.00311169
-2.36076
-0.000279089
-0.000551417
-0.00182412
2.48789
-0.00242321
-0.00114058
0.00499744
-0.00163386
-2.38266
0.602367
-0.00159519
-0.00145425
-0.000409982
0.00344987
-0.588936
0.741387
0.0040561
-0.0001142
-0.00361388
-0.00103946
-0.725055
0.606011
0.00154314
0.00204645
-0.00205339
-0.00195638
-0.592824
0.399
-0.00974894
0.00969726
-0.390197
0.000113039
-0.00160748
2.39275
0.00699799
-0.00480635
-2.30277
0.00153406
0.00189013
0.00174953
-0.00141735
-0.000700293
-0.00176712
-0.00274101
2.2788
-0.00244142
0.00535292
0.00315257
-2.18975
-0.00169854
-0.00105606
-0.00233026
0.673521
0.00659165
-0.00135654
-0.000947751
-0.00410082
-0.660422
-0.000430492
2.26997
0.000151928
0.000377076
-0.00277901
-2.18397
0.00150236
0.00037861
0.000252926
2.28842
0.00055103
-0.00216846
0.00456605
-0.00340532
-2.2021
0.553318
-0.00234453
-0.000699821
-0.000828425
0.00358997
-0.542325
0.682651
0.00169667
0.00149217
-0.00267364
-0.00102797
-0.669218
0.557942
0.00165386
0.00200001
-0.00182091
-0.00190031
-0.547397
0.36646
-0.00759556
0.00762563
-0.359411
0.00249367
-0.00377482
2.22079
0.0125451
-0.0126093
-2.14595
0.00525554
0.00399229
0.00555126
-0.00364883
-0.00318528
-0.00431829
-0.0018087
2.11198
-0.00534265
0.00941239
-0.00155516
-2.03887
-0.000220691
-4.17575e-05
-0.000885878
0.624994
0.00636443
-0.00304019
-0.000169541
-0.00398525
-0.613298
-0.00248105
2.10806
0.00549895
0.00518464
-0.0064862
-2.03352
0.000326147
-0.0017753
-0.00122488
2.12238
0.00519515
-0.00626663
0.00721849
-0.00527662
-2.04982
0.514099
-0.0019471
-0.00105009
-0.000366138
0.00325193
-0.50502
0.632844
0.00189261
0.00206921
-0.00262581
-0.00155711
-0.621292
0.517468
0.00154562
0.00129168
-0.00140987
-0.00147606
-0.508252
0.339486
-0.00601454
0.00592876
-0.333335
0.00394782
-0.00469654
2.07876
0.0171843
-0.0163128
-2.01998
0.00622407
0.00448866
0.00550462
-0.00604971
-0.00382756
-0.00590481
-0.000188682
1.97779
-0.00716695
0.00970789
-0.00492396
-1.92119
0.000592433
0.00114187
-0.000216871
0.582268
0.00568468
-0.00267505
-0.000300927
-0.00360973
-0.573063
-0.00309724
1.96876
0.00821891
0.00859216
-0.00964933
-1.90939
-0.00132229
-0.00188394
-0.00220028
1.98424
0.00820295
-0.00783979
0.00888489
-0.00911517
-1.9269
0.479545
-0.0018289
-0.0018691
0.000224446
0.00308702
-0.472118
0.591322
0.00173928
0.00271243
-0.00252701
-0.0017545
-0.582134
0.483302
0.00125255
0.00217401
-0.00106804
-0.00195485
-0.47617
0.316464
-0.00526052
0.00528146
-0.311593
0.00246085
-0.00340946
1.97135
0.012377
-0.0124815
-1.93531
0.00339491
0.00351069
0.00330495
-0.00396438
-0.00291975
-0.0038507
-0.00136731
1.87778
-0.00656189
0.00898657
-0.00274485
-1.84331
-0.000562751
0.000190939
-0.00100827
0.551447
0.00510365
-0.0022122
-0.000430759
-0.0032267
-0.545797
-0.00146944
1.86485
0.00881166
0.0043368
-0.0117291
-1.82951
0.000558303
-0.000407089
-0.000110518
1.88073
0.00806738
-0.00660485
0.00623869
-0.00687112
-1.84735
0.453743
-0.00167785
-0.00102282
-0.00041837
0.00280834
-0.449178
0.56012
-0.000453083
0.00323921
-0.00158914
-0.00118666
-0.553948
0.457971
0.00132644
0.00110093
-0.000879001
-0.00137773
-0.453172
0.299222
-0.00335578
0.00335489
-0.296106
0.00335697
-0.00243756
1.91246
0.007229
-0.0125207
-1.90125
0.00322174
0.00380281
0.0024914
-0.00268436
-0.00179719
-0.00264419
-0.00183993
1.82424
-0.00280644
0.00483708
-0.00175007
-1.81215
-0.000804381
-0.000758441
-0.00186433
0.535467
0.0036113
-0.00169863
-9.53962e-06
-0.00253553
-0.533568
0.000287502
1.80854
0.00948868
-0.000990098
-0.0149447
-1.79601
0.00229565
0.00145006
0.00132063
1.8259
0.00795598
-0.00307032
0.00163801
-0.00758753
-1.81489
0.439506
-0.00120967
6.57971e-05
-0.00083319
0.00211764
-0.438355
0.542957
-0.00295212
0.00443214
-0.000292566
-0.000736199
-0.540899
0.44374
0.00121141
0.00193956
-0.000647385
-0.00197962
-0.442332
0.28986
-0.00189847
0.00208067
-0.288925
0.00341878
-0.00231435
1.89924
0.00633218
-0.011383
-1.90299
0.00298697
0.00353077
0.00223789
-0.00317641
-0.00188058
-0.00320435
-0.0018674
1.81142
0.00104181
-0.00168468
0.000304847
-1.81302
-0.00104944
-0.00100652
-0.00244267
0.534591
0.00092749
0.000117032
0.000176148
-0.00122255
-0.535793
2.43477e-05
1.79617
0.00773583
-0.00126027
-0.0126774
-1.79776
0.00110462
0.00138074
0.000236126
1.8122
0.00584444
0.000723078
-0.00324892
-0.00766939
-1.81434
0.438876
-0.000846095
0.00154921
-0.00161778
0.00175983
-0.440531
0.540132
-0.00235364
0.0034723
-0.000510052
-0.000293037
-0.540676
0.441604
0.0009289
0.00239933
-0.000523657
-0.00225821
-0.442449
0.288907
-0.00112418
0.00152292
-0.289656
0.00289337
-0.0038753
1.90939
0.00855113
-0.00849989
-1.9137
0.00353987
0.00265509
0.00265847
-0.00553389
-0.00314645
-0.00555347
-0.0022364
1.82027
0.0035685
-0.00756089
0.00467149
-1.82281
-0.00179164
-0.00179233
-0.00323693
0.543795
-0.00069391
0.00201949
-0.000122677
-0.000105605
-0.546646
-0.00176003
1.80335
0.00534979
0.000696897
-0.0121379
-1.8023
-0.00104045
-0.000277929
-0.00164293
1.81666
0.00393756
0.00352541
-0.00837509
-0.0110105
-1.81531
0.446406
-0.00154131
0.00287061
-0.0029297
0.00199702
-0.448184
0.546102
-0.000728546
0.00365987
-0.00139581
-0.000804102
-0.548171
0.446761
0.0012624
0.00436172
-0.00124059
-0.00353172
-0.448787
0.293616
-0.00225602
0.00331162
-0.295533
-0.000727203
-0.00308728
1.91299
0.00711169
5.12151e-05
-1.9053
0.00129357
-0.00159093
-0.000649749
-0.00672852
-0.00189959
-0.00625844
-0.00530693
1.82408
0.00682784
-0.0118209
0.0130986
-1.81476
-0.00432651
-0.005648
-0.00662922
0.556083
-0.0010167
0.00286358
-0.000550321
0.000906048
-0.559088
-0.00345193
1.79892
0.00136557
0.00279227
-0.0106085
-1.78525
-0.00343258
-0.00178478
-0.00399982
1.80815
0.00153638
0.0072907
-0.0145201
-0.0147336
-1.79303
0.453871
-0.00119517
0.0041181
-0.00339697
0.00135609
-0.455495
0.555998
0.00134697
0.00377042
-0.00234156
-0.00158054
-0.558246
0.454625
0.00251543
0.00668452
-0.00306774
-0.00538931
-0.456242
0.30344
-0.00237755
0.00628697
-0.30791
-0.00454851
-0.000685844
1.89025
0.0024529
0.00741149
-1.86817
-0.00318969
-0.00562286
-0.00567857
-0.00472766
-1.41426e-05
-0.00456282
-0.00900973
1.80038
0.00837697
-0.0127323
0.0205503
-1.77381
-0.00850386
-0.00975216
-0.0116232
0.569632
-0.00556463
0.00402997
-0.00109755
0.00635215
-0.572784
-0.00636407
1.76772
-0.00063837
0.00751051
-0.0101028
-1.73864
-0.00589012
-0.00571703
-0.00665458
1.76899
-0.000728784
0.0103567
-0.0201863
-0.0186475
-1.73757
0.456492
-0.00148095
0.00765361
-0.00631121
-0.00083153
-0.455205
0.566678
0.00445646
0.00492143
-0.00342244
-0.00348033
-0.56939
0.458772
0.00550503
0.00908012
-0.00767198
-0.0075012
-0.458293
0.334427
0.00300822
0.0133168
-0.350703
-0.00533351
0.0029542
1.84312
-0.00427142
0.00260914
-1.8208
-0.00335345
-0.00537657
-0.00347653
-0.00138359
0.00405813
-0.00152956
-0.0095518
1.74288
-0.00113079
0.00483675
0.0140302
-1.7066
-0.0124249
-0.00861129
-0.0149622
0.580269
-0.0132103
0.00382003
-0.00594761
0.0165345
-0.580005
-0.0122847
1.70717
-0.00131049
0.0178815
-0.00261457
-1.67111
-0.0101507
-0.0115699
-0.0107219
1.70221
-0.000537971
0.00430793
-0.0106302
-0.0139934
-1.67458
0.445246
-0.00111499
0.0120995
-0.00992227
-0.00577151
-0.439489
0.581209
0.00681841
0.00554386
-0.00115561
-0.00599125
-0.585985
0.452373
0.00682257
0.0102012
-0.0127306
-0.00760683
-0.448548
0.426034
0.0116855
0.0203254
-0.457524
0.00141234
0.0161836
1.81895
-0.0238074
-0.0305954
-1.8707
0.0175511
0.00156763
0.0249098
0.0130212
0.0199038
0.0183389
0.00479306
1.68311
-0.0380204
0.0928308
-0.0295393
-1.70074
-0.00793568
0.00989212
-0.00629966
0.558835
-0.00989887
-0.0080557
-0.0130682
0.0144509
-0.540766
-0.011755
1.65972
-0.002238
0.0380545
0.0334668
-1.68497
-0.00997892
-0.00804464
-0.00902183
1.67042
-0.000664186
-0.0325247
0.0631661
0.0275514
-1.72095
0.417194
-0.00090852
0.000630314
-8.20497e-05
-0.0074729
-0.40824
0.601283
0.0127492
-0.00171673
0.00289188
-0.0112259
-0.603412
0.432704
-0.00549926
-0.00233869
-0.00620897
0.00746793
-0.425475
0.550033
0.00770107
0.0137303
-0.570869
0.00350209
0.053503
0.488025
-0.0300448
-0.0172788
-0.497218
0.0241564
-0.136425
0.294213
-0.0907021
0.0139398
0.0246316
0.0165727
1.79099
-0.475052
-0.478919
-0.496712
-0.482437
0.0562337
0.484228
-0.091374
0.0708183
-0.0509518
-0.468117
-0.0144248
-0.00319589
0.142024
-0.0278634
-0.0153157
-0.029673
1.816
-0.486341
-0.499145
-0.502965
-0.5045
0.00343007
-0.0030909
0.0741886
0.0533371
0.000214884
-0.124951
0.193731
0.0880777
-1.96718
1.81365
-0.000253972
0.405601
-0.0174294
0.0294995
0.0111102
-0.427879
0.0631559
0.602987
-0.00459141
-0.00321616
-0.0586813
-0.599315
-0.0542696
0.41774
-0.0223891
0.0417644
0.0502586
-0.432703
-0.0577851
-0.0631719
0.483285
-0.361987
0.660919
-0.623404
-0.389744
0.557954
-0.569029
0.359078
-0.280482
-0.641545
0.556516
0.819688
0.203131
5.79962
0.364602
-0.709824
-0.67805
0.916799
-5.7345
1.10069
0.0109281
-1.20157
0.417572
5.43389
1.24001
0.698311
0.69623
-0.787752
-1.23236
-0.616718
0.905805
0.772462
-1.03275
1.24117
-0.650566
-0.337288
0.838056
-0.637509
-0.754601
0.258939
-4.15605
-1.96795
3.54291
0.557137
3.93496
-1.92361
-1.12776
1.07195
0.815836
-0.717139
4.46839
1.74986
-2.94884
-0.78098
-4.18067
1.68686
-2.5488
2.4754
1.27282
-1.16538
-4.16677
-0.980645
-0.504829
-0.495772
0.986256
0.616024
0.383017
-2.15549
-0.74929
1.42548
4.50476
1.10359
0.442248
0.434575
-1.18207
-0.504341
-0.275028
-0.754895
-0.459226
0.803675
-0.918881
0.356215
0.959965
-0.671302
-0.928782
0.376761
-1.26521
0.380667
0.57782
-0.751046
1.10508
0.0548273
-0.671872
-0.142842
-1.40598
1.1639
-0.619245
0.513556
-1.01394
0.514942
0.960561
-0.353591
-0.699771
0.963
-0.31244
0.423
-0.513959
0.471263
-0.402985
-0.37092
2.81626
-2.18083
-1.72374
1.24698
2.87895
-0.431689
-0.395638
-0.406658
0.400932
0.429716
0.404046
0.410678
0.333186
0.158134
0.243713
-0.340224
-0.366425
-0.393266
-0.337939
4.64623
0.270798
0.501955
-4.50287
-0.596257
-2.78795
-2.61186
2.13622
3.93442
0.538185
0.56815
0.580397
0.585694
6.03073
0.595764
-1.96706
1.99884
-1.02743
-5.70143
0.117689
4.4354
-0.0579763
1.19788
3.39824
-4.88828
1.17414
1.16986
1.12808
-0.799323
-0.906327
-0.757926
-0.925741
-0.665794
-0.637252
-0.638661
0.532133
0.846911
0.611802
0.835171
2.1729
-2.37543
2.33265
-2.04668
5.89478
7.41681
2.59942
-1.97382
-4.56117
-5.66468
0.416838
0.403819
0.266021
0.830346
-1.04097
1.14939
0.832973
9.17884
-0.0694068
-1.51445
-2.88095
0.457698
0.494503
0.430545
-0.277974
-0.361469
-0.311789
-0.336403
0.386538
0.331017
0.382664
-0.450242
-0.407098
-0.527974
-0.376787
-5.03068
2.96578
4.38479
-1.3496
-2.93982
4.13702
-3.32144
-2.47775
-3.48213
0.724606
0.750355
0.892783
0.779553
-8.34817
1.60885
-1.92382
3.27387
7.23726
-1.82865
-2.31313
-5.18325
1.56388
2.19146
-8.37302
16.801
2.31056
-1.22712
-1.24202
-1.18301
-1.49285
9.12684
-3.94834
-0.608888
-0.778992
-7.18151
4.03587
-0.661109
-4.98479
-3.37667
-1.01043
-2.39808
4.71784
-0.971459
-1.01977
-0.955344
0.548623
0.637763
0.494829
0.663387
0.525453
0.49526
0.53833
-0.663265
-0.683004
-0.764179
-0.650308
-1.05893
-2.41687
3.78427
-0.258915
-8.35201
-6.73538
-6.9527
-1.40531
7.54347
4.21256
0.838547
0.930684
1.01343
0.827254
0.699083
-6.17315
1.0807
1.313
1.09143
-0.319092
-0.574521
-0.511747
-0.405133
-0.366445
-0.487763
-0.407538
0.909546
1.19368
1.04033
1.15247
-4.94173
-0.647862
4.75561
10.9753
66.1705
20.7549
3.95672
-30.3136
-63.9773
-2.09197
-1.43979
-1.67367
-2.85837
0.821171
-0.949035
-0.536932
-7.86473
-0.274555
1.71143
0.6773
1.1472
-0.905487
0.333656
12.2321
-12.4963
-12.9598
1.12447
1.04855
1.29641
1.08985
-6.76951
-3.79355
-0.437643
1.31469
8.92264
0.328374
-4.26585
1.45667
-0.653133
-0.405929
-0.594205
0.721283
0.804043
0.784306
0.754996
-0.495533
-0.459137
-0.497044
0.752348
0.968604
1.01817
0.710125
-6.958
1.67935
-8.04699
6.90815
-62.3599
-31.09
9.81507
26.4787
61.5213
-1.02517
-1.75587
-1.82209
-1.43678
-6.61397
0.442902
4.97466
-3.24137
0.698813
0.627183
0.605469
-0.877996
-1.02012
-1.00346
6.09075
0.280997
-0.200429
-6.12263
-0.785683
-3.75125
-1.43586
0.698928
3.58981
4.42652
5.33803
-0.711178
-0.254574
0.179818
0.797262
-5.33705
-0.306065
5.90658
0.129633
2.40232
-1.34127
-5.19322
2.12317
-0.566171
-0.645151
-0.519383
1.04572
1.14548
1.07439
0.472765
0.156068
-0.0958976
-0.36116
5.17417
3.16266
1.25382
-0.387184
-2.84726
-4.17299
1.24062
-3.74048
3.26294
4.10274
-1.24335
0.659037
-4.06781
-0.142702
-2.03511
1.04028
3.85543
-0.645991
0.343298
0.457822
0.301344
-0.95339
-0.946366
-0.925642
0.525978
1.07214
-0.518868
-0.6285
0.162582
0.457782
4.11366
1.02389
1.06875
-0.206484
3.49594
-3.39671
0.831611
-0.381937
0.540207
-1.11428
2.31275
-0.84169
-4.17577
0.396068
-0.287973
-0.499668
-0.335065
0.957724
1.01535
0.949473
0.489201
-0.311379
-0.402228
0.184433
0.00884738
0.744136
0.327044
0.252148
-0.270962
-0.549154
-0.479703
0.866357
-0.341245
0.236518
-0.23022
-0.530102
0.611378
-0.014357
0.182826
0.0161533
-0.190227
-0.613804
-0.981254
0.0243037
0.028142
-0.00753792
1.05058
-0.11879
1.51984
-0.148511
0.467258
0.0531761
-0.7771
-1.11636
-0.698852
-0.245587
0.0325107
0.700778
0.21353
-0.00677906
0.183912
-0.246831
-0.56487
0.303202
0.295385
0.177333
0.289557
0.291096
-0.403745
-0.22778
-0.11283
0.334523
-0.834124
0.410215
-0.365165
0.448149
-2.55937
0.758088
0.641334
-0.779504
0.415783
-0.0189562
-0.146388
0.127268
-4.79627
-4.65782
-4.60395
-4.81137
16.8194
-6.64012
-3.45574
-2.46649
-3.22842
1.30559
1.46366
1.19652
3.79834
3.91008
3.47516
3.36643
-3.76474
18.0917
-1.26899
0.030783
0.562684
0.319108
2.19292
5.29826
-4.62675
-0.93276
24.2356
-0.636114
-0.807735
0.607989
0.389261
-5.82838
-5.3236
-5.01434
-5.52874
11.904
-25.138
-4.56081
-1.7136
-3.12267
-2.71662
5.44068
5.16086
4.83228
4.89599
15.1762
4.33988
-12.4392
-5.00858
3.41912
3.05289
16.6962
-0.844778
-0.373923
-0.196519
-0.366491
5.66793
19.4438
2.52912
3.15963
3.23489
-1.39916
-0.988961
-1.11898
-3.99053
-4.11466
-3.75362
-3.54142
13.0219
-2.13248
-3.44936
-2.98965
5.95126
6.50443
5.71073
5.7306
-1.2839
-0.176415
-7.21859
2.94938
14.9717
18.735
-6.79131
30.245
-1.49384
1.86886
2.03234
1.80203
-4.60145
-4.12182
-4.75139
-4.45333
0.644337
0.398223
0.955462
-0.298166
-0.920917
-0.791946
-0.397674
-0.965359
0.932345
0.427328
3.33444
-2.71785
4.73974
-3.43885
0.633036
0.526063
0.561927
0.605936
-1.01867
0.674401
-1.42303
-0.985718
1.68587
1.04187
0.429077
-0.397628
0.969978
0.398812
-0.979002
-0.425501
0.658535
0.914303
-0.510625
-1.20053
3.9013
4.69727
-4.11381
0.571944
0.989972
0.59634
0.84084
-1.01714
-0.982093
-1.04786
-1.1205
-0.557566
-0.335722
-0.233995
0.395867
0.587215
0.146321
1.05679
0.423209
-0.00854238
0.0264122
-1.03651
-0.464016
-1.237
0.591765
-0.312728
-0.628193
0.951987
0.633044
0.544281
-0.394559
-0.0604036
-0.567548
0.464563
0.0139045
-1.31606
-9.05097
1.36271
1.19503
1.20716
4.59112
-1.64141
-2.9028
2.7954
1.87564
-2.46505
0.590602
-1.57455
-0.500939
-0.894564
-0.643513
0.715256
1.34687
0.0498359
-0.463123
-1.80919
0.347925
2.25153
1.13096
-9.45112
-6.80727
-5.49965
-8.66889
4.20827
6.47507
-17.1695
-1.32003
4.20311
11.6977
-9.09149
-5.53144
-7.37526
2.51937
-2.63366
-0.239362
6.90998
3.339
1.82243
3.9546
4.71306
1.28435
2.93773
3.70847
-1.01735
-0.681382
-0.554334
5.49126
5.37588
5.32501
4.99907
0.327424
3.27939
3.074
3.01618
-0.745855
-0.778315
-0.542692
1.23125
1.53486
2.09398
1.74342
-5.14677
-0.426032
4.35972
8.99035
23.2001
-7.15323
1.39975
9.04856
2.1986
9.02322
8.66696
8.74536
8.32819
-11.7523
5.76284
9.22592
5.7355
-1.55194
0.819987
0.659572
1.2649
2.91781
-6.10834
-14.4773
5.71622
-1.32017
-0.442496
-1.23548
0.409433
1.13605
1.45797
-2.15043
1.57989
-1.85347
4.36122
-1.19184
-1.07501
-1.14448
-1.05911
0.132621
0.930845
-0.822306
-0.239455
1.03173
-0.839828
1.38899
0.742329
-1.11316
-1.20565
-0.894239
0.179449
-0.771865
-0.305628
0.960764
0.855582
-3.18586
-3.36127
5.05184
-1.16204
-1.13306
-1.02798
-1.34043
0.970196
1.11161
1.04094
1.04643
-0.210878
-0.904422
0.220301
0.906851
-0.781034
0.214609
2.03911
-1.6259
-0.536579
0.47826
10.4687
-10.4632
-1.56566
13.1189
-14.0241
1.37874
-0.421865
8.16265
8.57836
-1.75659
8.10139
-0.504007
0.134481
-8.326
-1.35288
-8.96796
1.09335
0.135825
11.7317
9.20894
7.97557
-1.88991
-0.84369
1.06463
1.75783
-8.09441
-2.02103
6.98947
-1.48668
4.24591
3.29608
-3.63559
-4.41326
-1.41228
1.13135
-0.530949
0.77753
-0.59824
7.16939
6.08734
6.35542
1.23
-0.325718
-7.52088
-5.91198
-0.193022
5.80273
0.747105
-0.306826
-10.6999
-9.03906
-2.06869
-10.5422
-0.276838
9.78754
0.116383
-0.976868
8.82261
2.72093
-1.05928
-13.227
-11.2785
-11.8993
-1.19491
0.953542
-0.177066
11.2192
1.08142
-0.84867
-4.8706
-0.33681
-0.457658
-4.00782
-0.238927
4.6686
4.6405
4.96677
-1.38303
-0.992688
1.17636
-4.87653
1.09976
2.84384
-10.7694
-1.0577
-18.9445
-12.4082
13.6139
14.6882
2.09568
-4.7294
1.47205
-0.619068
4.05568
-12.0842
-19.8761
-12.5855
7.47773
-6.20135
14.1975
17.5399
9.89124
-8.82488
-14.4039
1.32624
-0.00943232
2.05495
-0.216649
4.83992
6.64191
4.96418
-0.506179
-0.000687232
-5.06819
-6.02616
2.05928
-20.0277
6.11917
-5.58061
-3.20476
12.0047
1.25998
0.256231
14.3802
-10.2442
-13.9687
-20.2569
-10.0924
3.16874
0.547107
-0.301899
10.7259
-4.07874
-12.5897
15.6675
25.0973
6.30016
-0.731988
0.558732
-8.46305
-0.749752
-7.0983
-5.39791
0.0317235
-1.21268
6.4545
7.16024
-0.610466
-0.0654343
0.0278169
0.349972
-0.312075
-0.0078684
-0.00848514
-0.00994917
0.0130908
0.109764
0.599337
-0.0600069
-0.00550009
-0.595199
0.0535282
0.417358
-0.0267727
0.0520297
-0.058258
-0.437305
-0.00934945
0.00255855
-0.00399301
0.13498
0.0666936
-0.032899
-0.0832306
0.50847
0.0284704
0.000836001
-0.00174501
0.0304097
0.416507
0.051393
0.0419832
-0.431582
0.0647804
0.479992
-0.0876783
0.0794265
-0.0717892
-0.4639
-0.0187774
0.0539138
0.495187
0.0212771
-0.00521212
-0.00421727
0.0250972
0.136915
-0.0870571
-0.0640854
-0.121263
0.405012
0.482845
-0.361382
-0.133187
-0.174491
0.552044
0.0544377
0.0335999
-0.558316
0.00179339
0.41217
0.0170599
-0.0382687
0.0358448
-0.428306
-0.00576323
0.00402387
-0.00791212
0.137849
0.00192496
0.0503863
-0.0418955
0.502531
0.01224
-0.0127543
-0.0133907
0.0141279
0.406722
-0.0168031
0.0107013
0.0278805
-0.428085
-0.0576685
-0.0944197
-0.118655
0.415641
6.45654e-05
0.0072398
0.019292
0.511331
0.00609015
-0.018662
-0.0182749
0.00872137
0.412931
0.0383992
-0.0343678
-0.42932
-0.0252636
0.548023
-0.0537293
0.0307274
0.055252
-0.55472
0.0484679
-0.0390076
0.502103
0.0130861
-0.012648
-0.0124487
0.0148253
0.00869062
-0.00588173
-0.00813421
0.00419228
0.138026
0.482644
-0.0909098
-0.0521947
0.0696652
-0.466315
0.00673936
0.0194781
0.511388
0.00639888
-0.0186415
-0.0178854
0.00888044
0.134397
-0.0571961
-0.119107
-0.0955265
0.416033
0.350794
-0.312729
-0.00794388
0.0132692
-0.00979927
0.109971
0.418569
-0.0267217
-0.0591383
0.0517474
-0.438357
-0.00968989
-0.00391716
0.002744
0.135182
0.0671476
-0.0322508
-0.0840498
0.50959
0.0283257
0.000710589
-0.00198254
0.0303255
0.484734
-0.0882327
-0.0709493
0.080003
-0.468125
-0.0174018
0.0535617
0.49627
0.0210478
-0.00542136
-0.00448135
0.0249797
0.135092
-0.0876377
-0.120196
-0.0635069
0.40649
-0.173604
-0.380601
0.412475
-0.579308
0.379062
0.406417
-0.245065
0.423274
-0.435591
0.512012
0.131187
0.216186
0.47345
0.47369
0.657495
-0.433092
-0.4907
-0.663228
-0.188739
-0.240555
0.198451
0.153969
0.56468
0.0957906
-0.0917618
0.037895
-0.873921
-0.153269
0.283903
-0.323937
-0.303901
0.502295
0.703981
-0.222743
-0.0235211
-0.664644
0.197381
0.0104993
-0.292168
0.542425
0.283548
-0.524798
-0.325491
0.16279
-0.455104
0.454142
-0.157921
-1.42052
0.693906
4.24047
-2.41759
0.427764
0.465387
0.425311
0.448328
-0.501917
-0.644718
0.411648
0.521776
0.622461
0.278404
0.643992
-0.281352
-0.608047
-0.378575
-0.128121
0.37183
0.135903
-0.379612
-1.83309
4.18088
-2.43984
0.426809
0.417657
0.420699
0.438576
-0.670898
-0.814697
-0.815692
-0.739683
-0.385656
1.53454
-1.53925
1.73403
-1.34176
-0.729512
2.03578
-0.652427
-0.604139
0.119121
0.190132
0.249153
1.06726
-2.36011
2.75777
-1.8956
0.520381
2.41215
-0.228182
0.214864
0.307894
0.157371
-1.2466
0.0202042
-2.2122
-1.73807
-1.43552
2.56956
0.319594
0.326545
0.339873
-0.842149
-0.535785
0.711082
0.593438
0.691126
2.6831
-1.15909
2.09141
1.5124
-2.19584
5.32482
-2.79061
0.293186
0.0387672
0.265951
-0.426211
-0.616333
-0.778085
-0.422294
4.38731
-2.63921
-0.776922
-0.855029
-0.860917
-0.749471
-1.93606
3.46333
0.444397
-0.443684
-0.947978
-0.520481
-0.367041
0.060629
0.266517
0.42078
0.839122
0.791403
0.583197
-0.13302
0.048068
1.00592
-0.00245352
-0.91766
-0.0935741
1.04657
0.4089
-0.281578
1.07526
-1.0834
0.285611
1.50035
-2.06538
-4.67493
2.60082
-0.634524
-0.514396
-0.614699
-0.513072
1.55778
1.33855
0.87873
-1.14058
-1.06688
-1.5733
-0.237089
-1.15216
0.19603
1.2692
0.500306
0.00141101
-0.947545
-0.146856
1.09182
-0.320952
-4.33118
2.96813
-0.553836
-0.461955
-0.403964
-0.627699
1.13713
1.38591
1.29211
1.35882
-2.42709
-1.16243
2.53077
0.634863
0.18034
0.070334
0.105857
1.09052
3.01861
-2.18178
0.939043
0.0772091
0.233575
0.167139
0.321831
2.72599
-2.73575
1.95256
-0.713602
2.76087
2.80596
-0.828829
7.31639
2.27654
-2.00986
-4.78633
0.0511742
-0.102169
-0.174323
4.02741
0.414931
0.643091
-1.33345
-2.69018
1.16827
-4.91616
-0.89519
2.92974
-2.77599
-3.36175
-6.14763
3.81459
-0.115681
0.880823
-0.0420069
1.20859
2.57744
1.04155
2.93616
-5.89069
2.55388
1.83505
2.13549
2.08427
2.13766
-2.41184
-4.53579
1.34063
-1.11626
-1.11582
1.04826
2.46332
-4.00227
-4.24481
-4.4026
-2.36047
0.359099
-0.675308
2.52922
4.81399
6.56802
-0.366955
-0.453501
0.361682
0.374456
0.26825
0.188908
0.393479
-0.404542
-0.177327
-2.39282
1.87644
-3.82585
3.12183
-0.355424
-0.47262
-0.413889
-0.427091
-0.550037
0.636923
0.46129
-0.39002
-0.747521
0.4387
-0.665474
-0.403111
0.591591
0.369993
-0.159255
-0.2767
0.154202
0.284541
-3.01884
-4.20693
3.04021
-0.335155
-0.389747
-0.386807
-0.342172
0.726915
0.900376
0.889167
0.723181
-0.171526
0.0753415
0.253325
-0.0831628
-0.324181
0.473328
0.0681575
0.01514
0.985708
-0.48911
0.533249
0.325629
-0.471078
-0.482285
-0.741752
-0.428873
0.0322371
0.48242
0.467392
-0.0104853
-0.527732
0.75554
-0.775481
1.45219
-0.545241
-1.29816
1.56024
1.83951
-2.01391
-2.36712
0.481074
0.438488
0.403516
0.833556
-0.6441
-0.509696
-0.681073
0.943796
-1.48384
-1.79353
3.01031
-3.39181
-2.03377
-5.92466
4.96498
0.267131
0.426815
0.31889
0.3351
0.3445
0.471611
0.182237
-4.90056
3.39114
0.711294
0.992485
0.883111
0.831517
-2.26363
-3.05209
-1.10531
-0.844078
0.402239
0.203279
0.194499
0.206225
1.51919
1.06255
-1.42869
-2.41385
1.45223
-1.35585
0.28851
0.404686
0.285791
0.374266
-2.01969
1.84206
0.781829
1.54799
-0.655055
-1.00612
-0.969575
-0.275296
-0.444907
1.03546
0.498848
0.282063
1.07612
-0.239425
0.298709
-0.711561
0.253277
-0.520565
-0.195817
0.310957
0.915741
0.963578
-0.122113
-0.188223
0.0989518
-0.927778
0.172072
-0.237947
-0.343185
0.255851
0.528434
0.866971
0.618526
1.05211
-0.331157
-1.04865
-0.41839
0.111143
-16.9179
-5.02896
8.06624
9.77982
11.2657
-0.873428
-0.468518
-0.762885
-2.48162
1.0842
3.32305
1.28586
-5.90442
23.3331
1.44091
-2.36678
10.8169
-0.326786
1.95748
-5.68352
-0.948644
-2.6844
-2.01546
-4.79977
-4.85269
-4.15042
-6.74952
2.80396
-3.2398
-0.942181
-0.627405
-0.599962
-0.871481
33.0244
1.75603
13.4445
4.43474
7.87258
27.8384
1.62495
7.32327
2.50448
-0.314106
-0.22425
-0.330657
-0.0774896
-2.64605
-31.481
37.36
0.445156
-5.43923
8.78028
-2.44153
-0.548481
-0.229889
-0.470582
1.38237
-1.15127
-0.356242
-0.649688
0.937207
0.360602
0.332039
0.409901
0.109934
-0.349048
-0.698099
-0.647065
-0.409026
0.485522
-0.498872
-0.817716
-0.632938
0.734868
0.614385
-0.335837
-0.737221
-3.2878
2.48815
4.98499
-0.601356
0.341233
0.243484
0.297863
0.27047
0.249828
-0.779363
0.838112
-0.305374
-0.900443
-0.960065
-0.848141
0.770647
1.12462
0.81321
0.533866
0.998158
-0.581124
-0.332506
-1.02732
-3.84087
5.83506
-1.68228
0.385577
0.370327
0.323903
0.431579
-1.18427
-1.33473
-1.3428
-1.21921
-0.230933
0.567071
0.269187
-0.603369
1.40862
-0.869538
-1.25692
-0.458722
0.346625
0.208857
0.327873
1.20266
-1.47593
-1.92452
0.934995
-0.0873914
0.389369
0.342448
0.238207
-1.34085
-1.30856
0.429382
-0.47476
-1.37945
-1.0481
-0.672533
-1.66802
-2.80825
-2.79843
3.17552
0.757508
0.670181
0.7344
-0.84331
-1.21019
-0.908862
1.08581
0.996124
3.93091
2.7543
-2.21704
8.46871
-5.25872
1.258
3.9995
-0.877399
6.30039
-2.23283
-1.38036
-1.44585
-1.50356
-1.27566
0.51931
0.120362
0.512326
-0.523627
-0.805322
-0.415014
-1.14075
-2.02223
5.16258
0.446826
0.743148
-0.165842
-0.329182
-0.872491
0.061314
-0.204555
-0.124669
0.0769881
1.01953
0.190049
1.23551
0.346297
-0.152632
0.20647
-1.06069
-0.544561
0.743145
-0.466302
1.06619
-0.478205
0.203593
-0.418682
0.884778
-1.09999
-0.517626
0.136884
1.15496
2.81978
-5.84823
-1.38146
-0.606257
-0.144473
-0.219893
-0.203747
-0.214367
-0.244964
0.859725
-0.935367
0.340424
3.27618
-0.16928
-2.01922
-1.59733
-0.201106
-0.443358
-1.02121
-0.221725
0.295874
0.352598
1.05857
3.78829
-6.3709
-2.19394
0.0620384
0.327746
0.0858058
0.25757
1.65187
1.79691
1.763
1.80945
0.868334
-0.798985
-0.570657
0.470202
0.407227
-1.1581
-0.565114
-0.464512
0.334415
0.818914
0.649482
-0.11053
0.139339
-0.0942426
0.109099
0.759179
-9.19285
3.62366
7.04804
-0.54839
-1.00982
-0.354042
-0.691353
-3.57356
38.6655
0.502737
-7.3532
-1.08711
-0.741389
-0.584323
-0.0881564
40.0961
1.15066
-7.23976
0.368864
14.099
6.48651
-7.18694
-9.46503
-1.48241
-1.04372
-1.60919
5.10979
-0.817833
2.20762
-3.25833
-0.55514
-3.01882
-15.5474
-0.346136
-14.9141
0.882444
-8.80928
-60.4454
3.80069
-9.32266
-2.70368
3.34589
2.98485
3.29016
3.01899
-1.66069
-1.03259
-2.11269
0.930992
2.88205
0.705882
4.2478
-50.9608
1.83178
-26.6827
-0.723246
3.01325
-0.623438
0.659919
0.79778
-0.758178
-0.752797
0.948142
0.943835
1.27752
0.954588
0.108263
0.369391
-0.946456
-1.0144
-1.55526
-2.04596
-1.87693
1.28172
1.95816
1.83002
0.873044
1.02746
-2.16091
-1.50466
-0.552664
-1.36792
0.12496
-0.538108
0.90277
-1.85786
1.34972
1.59742
-2.22713
-0.871071
-1.17687
-0.110923
0.326677
-0.111725
1.02907
0.0548635
0.0772625
0.80388
-0.562237
-0.882274
-0.789044
-1.18644
-1.48831
0.57901
1.89095
0.455604
-0.29452
6.31208
5.09828
-1.40299
-6.17621
-5.45833
0.187335
0.670724
0.365622
1.70336
-1.0171
-1.07554
-1.20853
3.26356
-20.5126
2.4662
-13.1277
15.7348
1.13807
-15.0695
1.36182
-5.66574
6.14187
1.60505
1.40919
1.54716
1.51368
0.290862
0.917304
0.422704
1.26862
0.923719
0.786233
1.49456
-21.7268
5.06288
-19.5903
-1.21825
-6.45732
-23.3221
2.94051
-11.8787
-3.49579
3.48354
1.78928
1.6539
1.28931
3.22742
38.9821
-49.5919
10.7624
-1.92398
-12.7749
-0.371669
1.51392
0.890815
1.79113
8.20191
7.85288
0.649974
0.777486
0.821475
-0.587529
-0.440316
-1.08693
2.56194
0.603279
-1.19963
-3.75081
0.778974
0.76177
0.733418
0.761273
-0.13967
-0.802591
0.786861
0.205995
1.60621
-0.841685
-1.18561
-0.0720991
0.780666
0.627947
0.877678
-0.255592
0.351468
-0.636739
-0.969147
3.61452
-0.861358
-3.60906
0.830481
0.603104
0.786489
0.568799
-0.105185
0.28218
0.152512
-0.157409
0.0551323
0.777888
-0.286302
-0.627334
-0.771406
0.716972
-0.191144
-0.718072
0.799478
0.134964
-0.0382692
-0.0987421
0.00888695
-1.12773
0.0833645
-1.39792
-0.521905
-0.359425
0.470358
1.02342
0.796109
-0.580271
0.355528
-1.05644
0.138462
-0.36033
1.71837
-0.506258
-1.07069
-0.978555
1.08507
0.528175
0.247758
-0.52977
-0.58365
-0.275679
0.382757
-0.858825
-8.13625
-15.1408
7.03079
12.8558
4.49743
-0.861132
-0.799129
-0.887439
-1.3463
-2.23282
1.93988
-0.0430433
3.43802
-4.036
31.3289
5.10881
13.6925
-15.7488
-1.55119
68.6631
13.1875
-0.775289
-7.52862
-0.451641
0.302521
0.601095
-0.366636
0.140417
-1.36515
-0.670457
-4.4125
-5.42669
-3.77703
-7.84111
52.9731
11.4005
34.1598
11.1979
3.56962
-9.08906
-4.83086
-0.711417
-0.359686
0.014058
0.717482
-52.3428
12.1095
-8.95163
-3.00914
0.324629
0.914522
0.353532
-42.7509
10.5929
-19.6347
4.50405
6.0277
-2.96251
0.485206
-0.456385
-5.35848
-5.33099
-7.05196
1.35961
4.56666
6.81854
-2.72629
-6.16147
-3.77524
8.27223
-0.0217794
0.282651
0.0285599
1.09947
1.13836
1.1266
4.22871
2.44354
-1.4854
-4.28373
0.0539417
0.257782
0.143627
0.4935
2.10363
-1.34371
3.33649
6.39967
-6.00751
1.25406
-1.2448
-0.327492
-0.135567
-0.102442
1.00832
1.2384
1.19641
-5.92027
4.60402
0.307373
0.347507
0.214647
2.58134
-2.65934
-2.21065
2.67283
3.49377
-0.609619
-0.440516
-0.316611
0.504707
-0.119522
0.262367
2.5571
1.86727
-0.861893
-2.55619
2.13586
-0.621582
2.8164
0.145003
-0.145338
-0.034779
-0.00507415
1.99382
1.38115
-0.184032
-1.13306
0.483213
0.342649
0.233929
-0.842742
-0.772034
-0.676422
1.2876
3.90167
3.44379
-0.307758
-0.127606
-0.021973
-0.332579
-0.983656
0.820655
0.419858
1.04098
0.791771
-0.853935
-0.494725
-0.907703
0.607798
1.07497
-0.402626
-0.449404
1.04334
1.09017
-0.223413
-0.792264
1.16183
1.06921
0.693383
-0.929718
5.28028
-4.98952
7.11858
-7.31766
-0.701489
5.31667
-2.61659
-6.54657
1.70368
-2.68873
2.82127
2.65432
-8.05161
4.90698
2.03822
-1.30661
-9.36653
0.476973
-1.73113
-1.46859
7.9722
-7.63917
9.22518
-10.4122
-0.192005
-0.46682
-4.42155
2.10027
1.37991
2.97785
2.78642
-5.89773
-1.93531
1.11
-0.859442
-23.4281
6.51322
6.64836
24.3715
-30.232
8.83091
7.85794
7.71998
-8.84075
-6.09511
-6.05919
-4.61019
21.6187
1.76192
3.60836
3.50298
-8.05571
1.25113
-31.273
1.23872
-0.891814
-0.84896
-7.04086
3.76683
-2.17858
-28.4608
19.5004
-1.58343
2.94277
3.50656
3.45882
-4.02693
-3.65366
-4.74524
1.39326
0.169198
0.879451
8.0751
-11.8653
-6.07753
25.8563
1.29491
1.78719
1.94042
18.8378
12.3533
-1.26163
-2.88592
-3.05575
26.2939
-5.4347
-6.34185
-6.33838
3.61493
3.70849
3.42828
1.23143
6.07298
13.4632
-15.1951
26.3707
1.01614
2.0389
1.74172
-6.15796
5.94323
0.373521
2.50451
-0.181735
4.02451
0.669392
4.05309
5.96847
-4.19809
-2.89658
3.07736
4.19404
0.521013
4.05916
3.38111
-4.11018
-0.100735
0.241243
3.82359
-0.10904
-10.1816
-1.45469
10.672
-0.839524
-0.837821
-2.57291
-7.97179
14.2981
-4.89792
-11.0814
0.905259
14.9462
-2.72452
0.68975
4.30418
-24.0967
-33.6777
5.54575
-12.3453
-15.2384
-12.0875
9.80189
13.7741
11.2165
0.831003
0.375084
0.388944
-15.7626
-26.0859
0.0104986
1.87242
-0.92736
-16.5883
-38.4868
4.82673
6.55759
6.71333
-7.05295
-9.56962
-26.2094
-34.3992
13.2798
10.7634
11.068
-15.0176
-12.356
-12.4595
8.07387
-27.7398
-1.51849
-5.23341
-4.04796
-15.7051
30.0497
-13.5216
-1.84982
1.16379
1.22344
-26.2412
-16.5918
7.29296
4.98172
5.7595
-5.14903
-6.56774
-5.88923
-2.68683
10.7709
8.60558
8.30105
-0.792113
-1.13973
-0.160025
-6.50176
12.0621
22.9051
-0.295374
-0.736681
-1.02301
-13.4823
-23.7931
2.38178
1.97747
3.42198
-17.0442
-5.32617
-3.36005
-3.90843
6.18408
4.35427
5.5248
-9.61232
7.70961
-0.408793
-7.48923
-0.698388
-0.332309
-2.61508
-2.66157
7.75404
2.68821
-1.04645
-1.26448
7.72721
-0.441417
-6.36495
-0.377853
-0.700569
6.41263
0.0550838
0.880918
6.18037
-4.99099
-1.81853
-5.73614
-0.0652117
-0.0967826
7.23487
-2.50164
-17.0022
5.28055
-15.8742
-25.1428
4.29495
10.1865
-23.7431
-21.8216
15.5432
25.7474
-21.8707
-20.4622
11.7644
-17.5809
-24.0323
23.615
8.79955
-14.8453
6.01397
6.02686
9.81013
1.99108
-13.1834
-2.13811
-24.7557
6.83717
25.0011
5.22675
-5.9297
8.3143
-24.2587
10.2922
-7.40269
-6.42873
20.0965
-17.3868
6.04768
6.67942
-10.1115
4.19324
10.8188
0.218578
-10.2309
1.14208
21.9961
2.99464
6.05384
-8.83621
11.2243
1.42057
13.0404
-13.7126
2.10147
11.9237
-12.3136
3.77505
-3.35442
11.6239
9.28809
2.14027
8.16102
-2.21348
1.93251
-8.20328
-0.546616
4.68983
-8.29525
-3.97305
10.8198
8.72703
8.10933
0.558158
-2.56388
-0.156744
2.09448
-8.05363
-0.393762
7.6079
-0.296202
8.20918
7.25401
-8.85004
-7.033
1.93624
0.54276
0.154428
-0.22298
-0.108611
7.74163
9.72017
2.61602
7.147
-2.34137
-9.43081
-7.71908
1.06446
9.59024
1.43953
-1.30696
-13.0356
-10.9926
4.01283
-11.6064
-0.226236
11.0702
0.248821
1.46744
6.75468
8.44888
-6.10287
-11.6018
-9.82762
-10.0093
2.13774
0.970958
-2.08492
9.84181
-0.864988
-1.14641
-5.87676
0.894195
-0.658163
-5.92031
-1.75655
8.08243
7.39548
7.61946
-0.163603
-0.883861
0.130117
-7.39933
0.694921
2.99553
-11.5841
1.87144
-17.6137
-10.2865
12.9073
15.3021
7.51712
1.9843
-1.69929
-2.09341
1.32081
-9.52755
-10.4849
4.11521
-6.57353
-5.30029
8.86606
9.37787
4.80899
-4.82416
-6.10258
-0.485362
1.19444
0.329749
-0.95743
7.33524
7.90501
0.450313
5.73666
-0.167322
-6.71211
-7.13171
5.65704
-9.60361
2.42113
-3.32139
2.82003
8.96771
-2.58026
-0.0958526
7.5621
-4.79449
-6.94021
-8.74415
-6.5354
-1.59397
1.96268
1.50407
6.1899
-1.51204
-4.47585
5.6491
5.9228
-0.604646
-0.964606
1.63871
-6.13192
0.517663
-7.7378
-0.414941
-5.34163
0.620338
6.01556
6.83827
-0.286789
11.4634
-11.6894
4.0354
9.80794
-9.8469
4.31518
-4.25948
10.3421
8.4338
5.21765
7.87919
-2.59709
2.08747
-7.80426
0.985331
6.07701
-6.84159
-5.87891
8.96173
7.47356
7.42998
2.12339
-2.24811
-1.76988
1.75601
-7.29267
-0.0556602
7.52766
0.93021
9.54409
6.79369
-9.20163
-7.55067
3.0199
1.99518
0.221351
-1.66665
-0.219042
7.10045
8.89689
4.20262
6.28499
-3.83465
-8.50523
-7.04749
1.63481
8.71585
2.2194
-2.03242
-10.9638
-9.19712
7.11175
-9.05352
1.35526
8.99221
-1.0545
1.885
7.1279
7.03332
-7.21265
-9.02081
-7.80238
-7.44328
0.111332
1.94554
-0.843908
7.61685
-1.3946
-0.998799
-6.95993
0.853947
-0.269411
-5.59822
-2.31411
7.52565
6.55668
6.65855
-0.349591
-1.42615
0.371267
-6.4144
1.1802
0.948861
-8.54423
1.55058
-9.15016
-5.58214
7.71346
8.2517
2.88574
-0.648075
0.234778
-0.151785
-0.091754
-6.79716
-6.99761
-0.208566
-3.80017
-0.570045
5.97616
5.58561
6.03152
-6.81444
-7.69553
0.686176
0.456506
0.469108
-0.343032
6.54243
8.12627
1.37511
5.7058
-1.12716
-6.53303
-7.52926
1.6964
-6.64591
0.254302
-0.616224
1.78276
6.07022
-1.40876
-1.39062
5.46806
-0.390538
-5.34917
-6.48688
-6.16628
-1.12526
1.26847
1.16097
5.82643
-0.968537
-5.44353
6.37307
7.10598
-0.148032
-1.11103
1.13614
-5.94055
0.81323
-7.99893
0.641437
-5.32808
-0.388075
6.06127
7.03425
-0.719469
9.39279
-9.37618
4.29946
7.37373
-6.92692
3.49592
-3.95711
8.35818
7.20268
6.04542
7.12047
-1.67728
1.38211
-7.02593
2.32476
4.86202
-4.35204
-5.4687
6.29827
6.00813
6.42004
2.11174
-0.210342
-2.35079
0.262932
-6.23518
-0.457041
6.79048
2.18253
8.55748
6.07042
-8.17637
-6.75186
4.48951
1.91407
1.61589
-2.1651
-1.17276
6.23442
7.70192
4.79727
5.64196
-4.79509
-7.21756
-6.13017
2.37732
7.63152
2.68734
-2.61147
-8.48326
-7.3507
6.94895
-6.51611
1.99704
6.81178
-1.43877
-0.751692
5.04859
5.6078
-6.00597
-6.7178
-4.87429
-4.03562
-2.44127
2.17357
2.14022
3.81766
-1.64578
-1.75856
-6.1621
1.41754
-0.235392
-5.25589
-3.18311
6.86141
5.87524
6.02471
0.420555
-2.05142
-0.148642
-5.87379
1.62763
-0.218426
-5.98443
-1.36826
-6.62811
-3.45494
5.47619
5.06125
-0.677338
-2.19392
0.657972
2.19118
-0.506735
-4.1931
-5.9293
-1.12607
-3.17506
1.13795
4.56771
4.52476
5.37686
-6.33531
-7.30484
1.73837
-0.32524
-0.0547014
0.202828
5.84444
7.25492
3.04159
4.85482
-2.58656
-5.8212
-6.73069
0.056625
-5.91358
-0.137412
0.122992
0.995416
5.41902
-0.800007
-1.04314
4.49359
0.0792412
-4.67926
-5.77422
-5.01724
-0.636179
0.441946
0.804545
4.76729
-0.365652
-5.12871
5.74461
6.81843
0.956785
-1.3793
0.644067
-4.87178
1.02629
-7.02776
2.08624
-4.77065
-1.68494
5.16479
6.26328
-1.53103
6.58315
-5.8907
2.79495
2.95586
-2.13469
0.0249193
-0.847317
5.15235
5.4141
3.73554
5.76194
0.697038
-0.25923
-5.59328
1.50737
0.0690178
-0.903834
-1.22993
2.09359
2.92187
3.64772
-0.334208
1.2928
-0.224484
-0.952094
-3.42924
-1.45756
5.67633
1.42388
7.31792
5.37974
-6.78285
-5.72983
4.68957
-0.254
2.14125
-0.274352
-1.64556
3.68017
5.35284
3.34251
4.38902
-3.93436
-5.1512
-3.99947
2.71253
5.62141
2.20543
-2.46287
-5.70301
-3.69574
3.81003
-3.2729
2.00355
2.66828
-1.52956
-2.30584
-0.439883
2.626
-0.566421
-2.34826
-1.40824
-2.83316
-1.53271
1.23071
1.65594
2.28782
-0.806929
-1.97669
-5.56293
1.55718
0.70032
-3.74241
-3.30821
5.03032
4.53686
4.92612
1.29325
-1.36155
-1.14777
-4.73835
1.02445
-0.444861
-3.62932
-1.98733
-5.60301
-3.04866
4.19715
4.31399
-0.983821
-1.36916
0.181017
1.50301
-0.0273866
-3.11623
-5.02362
-0.281245
-2.88085
0.5204
3.70474
3.95211
4.58106
-5.54677
-6.44811
3.48588
0.0525351
-1.26062
-0.138095
4.78772
6.04317
4.46257
4.07814
-4.20134
-4.79827
-5.59319
-0.0604435
-5.17255
0.31219
-0.172227
0.199463
4.43099
-0.212628
-0.40726
3.66762
-0.534833
-4.10782
-4.98107
-4.33736
0.300375
0.127877
-0.0628255
4.1366
-0.174728
-4.55105
4.8965
6.02795
2.48878
-1.49156
-0.338029
-4.1912
1.09146
-5.90643
3.49246
-4.09118
-3.20131
4.37719
5.35477
-2.40532
2.78829
-2.40803
-0.351811
3.04308
-3.00948
-0.650896
0.620818
2.13836
2.5944
-0.596995
3.18259
0.819312
-0.647331
-3.00509
-0.682429
-1.38269
-1.73896
1.25669
2.46686
2.44789
2.6261
-1.40266
0.170143
1.23234
-0.0833184
-2.53905
-1.32704
3.15689
-0.604863
4.73824
3.73018
-4.45321
-3.46752
2.78995
-1.3331
1.08773
1.15069
-0.771686
2.48943
3.32091
1.37951
2.77439
-1.84376
-3.15269
-2.47703
1.92384
3.5377
1.2328
-1.4471
-2.44743
-1.87583
-0.856896
-2.76905
0.8809
2.37755
-0.592157
-1.42618
-1.19224
2.28903
1.17912
-2.87238
-2.40113
-2.85693
-1.20454
0.428089
1.28309
2.61981
-0.261254
-1.07644
-4.22683
0.791975
1.34844
-2.36336
-2.38841
3.1868
2.92255
3.46341
1.22878
-0.855313
-1.31165
-3.2059
0.674094
0.121927
-2.97575
-1.24258
-4.79047
-2.78827
3.51237
3.82289
-0.0487751
-0.986911
-0.359982
1.06924
0.354482
-2.93291
-4.35872
0.458052
-2.5953
-0.323018
3.25624
3.54278
3.84779
-4.5116
-5.26788
4.65121
0.392341
-1.59136
-0.395814
3.53935
4.86054
4.66937
3.52779
-4.76385
-3.76744
-4.54363
0.443507
-4.44931
0.759238
-0.676858
0.174291
3.91967
-0.219139
0.546271
3.16493
-1.41889
-3.56532
-4.22309
-3.84965
1.15037
0.328834
-0.978849
3.65441
-0.314401
-3.82792
4.20811
5.07872
3.69978
-1.03112
-1.23053
-3.74495
0.74944
-4.90974
3.92314
-3.30508
-3.912
3.78383
4.41223
-2.74346
3.01718
-3.02683
-0.638891
2.95468
-3.0154
-0.498892
0.556418
2.54025
2.36581
-1.41535
2.48336
-0.0284577
0.0404415
-2.40767
-1.48735
-1.26015
-1.8989
1.34311
2.52617
2.23734
2.13116
-1.51865
-0.227504
1.5438
0.194649
-2.12999
-0.638383
2.34172
-1.43678
3.17672
2.523
-2.92161
-2.33164
0.928292
-1.5534
0.627153
1.54926
-0.452684
1.94909
2.58998
-0.403678
2.17012
-0.0644382
-2.42465
-1.85514
1.02184
2.81591
0.324034
-0.570342
-2.86225
-2.43052
-1.14538
-2.78874
0.26947
2.58044
-0.162074
-1.11183
-0.864508
2.10981
0.973404
-2.82056
-2.41911
-2.6037
-0.813263
0.0803866
0.911143
2.446
-0.02677
-0.643806
-2.96713
0.558997
1.13451
-1.73536
-1.26475
2.53518
2.32842
2.42877
1.06971
-0.588249
-1.07718
-2.36208
0.521519
0.435377
-2.82962
-0.884466
-4.15574
-2.4656
3.09838
3.38683
0.565717
-0.581881
-0.663876
0.680331
0.60863
-2.65404
-3.64248
0.72644
-2.22655
-0.689185
2.80923
3.01744
3.37927
-3.51966
-4.32855
4.48508
0.114585
-1.32385
-0.154544
2.46582
3.9561
3.67759
2.97384
-3.98009
-2.88211
-3.76552
0.804872
-3.61742
0.7872
-0.819217
0.438624
3.44717
-0.375342
1.27956
2.75586
-1.73405
-2.86915
-3.46866
-3.26854
1.49136
0.685647
-1.4457
3.05043
-0.526938
-3.03829
3.66158
4.17714
3.86379
-0.446101
-1.67164
-3.22036
0.337603
-4.11735
3.48684
-2.54025
-3.64496
3.25787
3.54052
-2.34064
2.86827
-2.93915
-0.431525
2.60543
-2.69841
-0.184608
0.273301
2.4782
2.137
-1.15529
1.97162
-0.277922
0.223906
-1.9857
-1.46244
-0.730443
-1.74509
0.889204
2.27608
1.90565
1.60771
-1.17831
-0.309016
1.28752
0.247659
-1.67028
-0.403013
1.79007
-1.51258
2.42488
1.92951
-2.19988
-1.68801
-0.866831
-1.26544
0.396113
1.3625
-0.30514
1.41185
1.31658
-1.72356
1.3517
1.58751
-1.44881
-1.10338
0.0355393
1.51983
-0.860869
0.64703
-2.72402
-2.35785
-0.741631
-2.4055
0.00714946
2.31911
-0.0229731
-0.720619
-0.304339
1.8079
0.46026
-2.48886
-2.18392
-2.19709
-0.47044
-0.0104373
0.553261
2.16191
-0.0453193
-0.493206
-2.20955
0.563716
0.970368
-0.680969
0.733354
1.29435
1.40403
2.02758
0.12661
-0.113844
-0.532639
-1.83367
0.317391
0.650271
-2.42748
-0.497402
-3.4135
-2.03401
2.61653
2.81058
0.741868
-0.239738
-0.655769
0.331382
0.508479
-2.1492
-2.92675
0.727187
-1.98346
-0.702623
2.22845
2.64558
2.73687
-2.67712
-3.47418
3.35137
0.0869568
-1.06703
0.0187383
2.16017
3.25842
3.08536
2.23463
-3.0776
-2.55811
-2.9459
0.733343
-2.8753
0.496688
-0.550434
0.806125
2.80526
-0.597877
1.49961
2.14476
-1.28215
-2.17325
-2.66608
-2.53652
1.42855
1.06895
-1.45807
2.33184
-0.837765
-2.21796
3.11763
3.25448
3.25507
0.202609
-1.68136
-2.57231
-0.165827
-3.26981
2.76588
-1.99382
-2.86515
2.68438
2.6626
-1.63613
2.48625
-2.58693
-0.0880252
2.17596
-2.27182
0.198329
-0.105277
2.18398
1.78532
-0.562437
1.46506
-0.323392
0.251264
-1.52531
-1.05734
-0.0457496
-1.47507
0.215218
1.91878
1.55378
1.25386
-0.67487
-0.284019
0.805215
0.206914
-1.313
-0.265575
1.29491
-1.15585
1.20314
1.11216
-1.31059
-1.04839
-1.69543
-0.839954
0.235199
0.947189
-0.22499
1.13087
1.12988
-1.36313
0.933746
1.49584
-1.19526
-1.00823
-0.928905
1.04658
-0.740038
0.818001
-2.34218
-2.08598
-0.137193
-2.09527
-0.036951
2.05412
-0.0281218
-0.371117
0.362469
1.46191
-0.199118
-2.07214
-1.83318
-1.83708
-0.107452
-0.133296
0.190406
1.80597
0.075584
0.0457629
-1.42132
0.117714
-0.349357
-0.40464
1.55438
0.624604
0.719789
0.538185
-1.20243
0.0617455
1.09884
-0.480517
-0.0245379
0.436839
-2.0693
-0.145876
-2.78179
-1.88961
2.15379
2.48434
0.753892
0.0531911
-0.534607
-0.0015425
0.437184
-1.79758
-2.13903
0.929937
-1.4513
-0.879905
1.72151
1.81092
2.05073
-2.40464
-2.81391
3.12223
0.279142
0.344439
-0.370947
0.950774
2.51447
2.99099
1.76927
-3.11024
-1.80447
-2.37441
0.48095
-2.24295
0.727933
-0.6278
1.00939
2.1818
-0.845604
1.39189
1.58926
-0.869369
-1.92632
-2.00697
-1.98251
1.03112
0.609908
-1.23056
1.94193
-0.388143
-2.01965
2.4335
2.62671
2.79437
0.35758
-1.56275
-1.92724
-0.265121
-2.47789
2.66985
-1.49883
-2.76
1.95146
2.09436
-1.75802
2.08693
-2.17651
0.28485
1.78189
-1.85017
0.496164
-0.433383
1.81474
1.47196
0.11099
1.14909
-0.23951
0.172674
-1.2188
-0.544208
0.491839
-1.14972
-0.381159
1.5265
1.28173
1.03975
-0.22574
-0.115873
0.315263
0.0748301
-1.09661
-0.215608
1.03852
-0.722976
1.09278
0.794888
-1.0967
-0.961571
-1.19888
-0.445844
0.182816
0.523184
-0.17439
0.95137
0.843618
-0.674294
0.609205
0.841031
-0.861756
-0.770059
-0.651572
0.751923
-0.38335
0.467833
-1.95748
-1.73195
0.515623
-1.67282
-0.170504
1.65784
0.101248
-0.0296541
0.887641
1.20775
-0.777653
-1.71331
-1.46702
-1.38905
0.160752
-0.159467
-0.10608
1.38676
0.0973639
0.0982916
-0.272625
-0.039818
-1.14757
-0.329567
0.989
0.431834
0.482472
-0.129364
-0.692293
0.155074
0.845819
-0.116312
-0.0758852
0.473148
-1.61939
0.0964897
-2.04348
-1.27678
1.60176
1.72223
0.916314
0.182719
-0.547035
-0.164608
0.442117
-1.31353
-1.58732
0.723816
-0.987811
-0.807836
1.26218
1.38394
1.52
-1.30801
-2.07352
2.77944
0.305872
0.727959
-0.220267
-0.351132
0.699359
1.13683
0.798384
-1.86514
-0.0187065
-0.765002
0.772609
-1.50646
0.608371
-0.696965
0.380692
1.67457
-0.119525
0.78879
1.18894
-1.10814
-1.1356
-1.41308
-0.941812
0.0712022
0.498376
-0.304177
0.970709
-0.309969
-0.843381
1.66754
1.4915
2.46905
0.34783
-0.47934
-0.888203
-0.117819
-1.06756
0.827874
-0.215816
-1.32132
0.90969
0.843316
-0.98295
1.71292
-1.76179
0.538047
1.34595
-1.35779
0.588688
-0.588024
1.39765
1.2361
0.565239
0.970153
-0.00394695
0.00374402
-1.0375
-0.165827
0.633499
-0.760036
-0.63748
1.06311
1.02637
0.84228
-0.0945497
0.0379985
0.109285
0.0140579
-0.928543
-0.181006
0.882278
-0.399897
0.748904
0.55971
-0.773248
-0.685871
-0.539064
-0.200912
0.194447
0.274712
-0.11996
0.67619
0.514697
-0.291195
0.399122
0.342471
-0.52301
-0.465888
-0.311735
0.475657
-0.184381
0.210058
-1.62232
-1.36869
0.961049
-1.25954
-0.073759
1.26166
0.0353223
0.1856
1.04575
0.996422
-1.04643
-1.32885
-1.04495
-0.950835
0.137541
0.0744678
-0.175704
0.958539
-0.0615734
0.131593
-0.113107
-0.0664186
-0.572324
-0.232484
0.520055
0.295549
0.335326
0.113291
-0.433997
0.0513402
0.457481
-0.19365
-0.0161571
0.361236
-1.1885
0.179421
-1.49888
-0.898003
1.1615
1.31131
0.632451
0.0815025
-0.304027
-0.124661
0.25867
-0.879233
-0.979057
0.275559
-0.663026
-0.40433
0.793269
0.955591
0.373221
0.218073
-0.27881
0.527861
0.0970685
0.429282
-0.055832
0.0422157
0.0119222
-0.302873
0.132189
0.149832
0.0241688
-0.0430707
0.508395
-0.889264
0.199151
-0.300389
0.435894
0.742933
-0.345002
-0.109156
0.673783
-0.304177
-0.564514
-0.801723
-0.299244
-0.472457
0.129589
0.379528
0.35216
-0.110906
-0.079142
0.490008
0.450576
0.504986
0.0602149
0.307248
-0.244871
-0.0441899
-0.0875544
-0.302638
0.0383349
0.131821
0.137865
0.053856
0.0566865
1.2616
-1.22989
0.544315
0.749252
-0.64704
0.244316
-0.366614
0.914495
0.959021
0.578455
0.694413
0.0885528
-0.0114792
-0.825434
-0.0603303
0.217211
-0.254497
-0.33809
0.518081
0.57626
0.341775
-0.0477476
0.203605
0.00979025
-0.123797
-0.411013
-0.145249
0.533068
-0.135515
0.420348
0.333543
-0.423389
-0.374824
-0.273609
-0.132791
0.217274
0.101373
-0.151313
0.279601
0.237777
-0.324056
0.197822
0.295017
-0.23487
-0.206008
-0.173586
0.231482
-0.192468
0.179954
-1.23245
-0.916014
0.967578
-0.767807
0.159894
0.78948
-0.128313
0.066079
0.478806
0.647513
-0.682162
-0.728986
-0.388233
-0.228496
-0.134577
0.240173
0.0783539
0.248627
-0.228449
0.0240378
-0.170623
-0.00657363
-0.419052
-0.132567
0.413831
0.160255
0.178946
0.113298
-0.416333
-0.0110923
0.412278
-0.138881
0.0130594
0.153766
-0.711737
0.00630355
-0.865856
-0.494123
0.668948
0.816163
0.12663
-0.179654
0.059664
0.130121
-0.0684609
-0.193211
-0.162914
-0.270073
-0.158046
0.157225
0.160274
0.247638
0.090636
-0.0153904
-0.0382277
-0.398854
0.0186503
0.427679
-0.0100108
0.0844272
0.0429602
-0.53564
0.0385051
0.505412
-0.0433733
-0.0402023
0.108772
-0.0979086
-0.139527
0.0600474
0.0350629
0.261627
-0.0474033
-0.527073
0.0609893
0.431662
-0.017587
-0.0560917
-0.0514448
-0.574567
-0.0604004
0.577282
0.0529865
0.0321
-0.0068395
0.0976609
0.0661614
-0.416456
-0.0579145
0.516856
-0.0489941
0.0396468
-0.0442177
-0.567713
-0.0286911
0.536851
0.039484
0.0324906
0.274084
0.565126
-0.48021
0.14188
0.0826491
-0.0194234
-0.118973
0.0351316
0.33231
0.395824
0.141916
0.240956
0.161308
-0.101343
-0.274232
-0.103271
-0.234105
0.0455637
0.0955209
0.0389099
0.0987101
0.100918
-0.305231
0.0904179
0.239009
-0.0526974
-0.104351
-0.11446
0.206812
-0.175402
0.200073
0.148457
-0.182448
-0.168071
-0.357906
-0.331382
0.0801143
0.278702
-0.0516794
0.0931298
0.104054
-0.479158
0.0780791
0.436429
-0.0972588
-0.0812085
-0.207759
0.104466
-0.267738
0.24609
-0.515671
-0.233668
0.309568
-0.0314334
0.25228
0.0373234
-0.242461
-0.175755
-0.18734
0.116451
0.00593859
-0.0505914
0.0592404
0.123949
-0.308588
0.137024
0.254075
-0.122974
-0.112359
-0.0144879
-0.109999
0.0115951
-0.424855
-0.0569828
0.490291
0.0732948
0.0820693
0.0559084
-0.469562
-0.0133927
0.45171
-0.0664534
0.0114027
-0.141273
-0.0205738
-0.218311
-0.0381243
-0.0293448
0.0487121
0.0831021
-0.363489
-0.339439
0.130168
0.289544
-0.102787
0.118082
0.112883
-0.526487
0.108513
0.483029
-0.0924899
-0.118335
0.0229867
-0.04261
-0.027557
-0.559552
-0.00212695
0.468457
0.00132078
0.0421682
0.00721107
-0.613611
-0.0032418
0.596058
-0.0161027
-0.00521924
-0.217954
0.113209
-0.305596
0.287244
-0.0591547
0.00168168
0.0356545
-0.5655
-0.0784649
0.618317
0.0763802
0.0857464
0.0303688
-0.53931
-0.0618785
0.543233
-0.0405725
0.0411125
-0.0156598
0.020342
0.0241927
-0.593152
-0.0425059
0.53246
0.021051
0.0287162
0.00136374
-0.643845
-0.0126852
0.628069
-0.00839629
0.000914729
0.331299
0.0568057
-0.0120371
-0.184691
0.0252443
-0.00736418
-0.324589
0.28544
0.0261401
0.0669657
-0.345383
0.0741484
0.0631036
-0.0399685
-0.0733361
-0.361354
-0.592441
0.0196894
0.522363
0.00549918
0.0311666
0.0305512
-0.509028
0.0353254
0.463332
-0.0215091
-0.0309933
-0.038753
0.0730117
-0.380304
0.0916645
0.0594459
-0.075965
-0.0715596
-0.522139
-0.516313
0.0252735
0.473164
-0.0158306
0.031852
0.0487352
-0.654481
0.0313354
0.610537
-0.0416668
-0.0342676
-0.289642
0.0499929
-0.358485
0.335416
-0.0195099
0.0413829
-0.327662
0.105453
0.0932201
-0.0978689
-0.0728107
-0.366275
-0.597489
0.0188195
0.525017
-0.0085777
0.016512
0.0433141
-0.522831
0.0340091
0.47533
-0.0390695
-0.0216437
-0.00713828
-0.0516377
0.00569259
-0.490733
-0.022735
0.628152
0.0327311
0.0389601
0.0203639
-0.566761
-0.000787717
0.539399
-0.0275866
0.00322404
-0.0763689
0.102682
-0.389135
0.0930086
0.0875451
-0.0829058
-0.0945568
-0.563668
-0.531681
0.0467858
0.487108
-0.03063
0.0410698
0.0243104
-0.680771
0.0462697
0.641685
-0.0276536
-0.0402982
-0.00617314
-0.0134081
0.000402345
-0.634117
0.00610272
0.547415
-0.00304556
0.0107621
-0.0205406
-0.708484
-0.0135814
0.681345
0.00972166
0.0136483
-0.322194
0.0232185
-0.377131
0.358122
-0.044869
-0.0372515
0.0292587
-0.545092
-0.0372222
0.678497
0.0218628
0.03052
0.0231681
-0.589361
-0.0331467
0.570678
-0.023282
0.021813
-0.00461044
-0.0129373
-0.00246541
-0.662888
-0.0264581
0.576701
0.0212455
0.0173805
0.0271162
-0.73072
-0.00921606
0.705895
-0.0203123
-0.0107176
0.379513
0.0303903
-0.0177808
-0.358286
0.0273993
-0.023074
-0.439555
0.415055
0.00812814
0.0275348
-0.654081
0.0238592
0.0306862
-0.0200348
-0.0238419
-0.551759
-0.806101
0.00219706
0.759698
0.0108108
0.0238084
0.0115796
-0.666986
0.0207541
0.630493
-0.0122197
-0.0145622
-0.0132901
0.0267706
-0.557187
0.0437791
0.0248999
-0.0331968
-0.0316054
-0.698042
-0.668215
0.00418297
0.632949
-0.00186704
0.013382
0.0305812
-0.822808
0.0108866
0.782406
-0.0210827
-0.0186792
-0.381393
0.0314691
-0.448788
0.426637
-0.00747661
0.00449167
-0.658705
0.0340117
0.015446
-0.0277775
-0.0111772
-0.56417
-0.80405
-0.00649776
0.760343
-0.00686762
-0.00241563
0.0152451
-0.670654
-0.00356262
0.637606
-0.0118363
0.00373854
0.00220118
-0.021312
-0.000195214
-0.59511
-0.00631765
0.783934
0.0155729
0.0235847
0.00450527
-0.686001
0.00915565
0.65479
-0.0109745
-0.00327242
-0.0221342
0.0347475
-0.571587
0.0280491
0.0331462
-0.0286058
-0.0312857
-0.718785
-0.676098
0.0114007
0.643258
-0.00731761
0.014577
0.00938323
-0.827228
0.0147406
0.792134
-0.0104974
-0.0139585
-0.0101763
0.00898976
0.0129991
-0.73884
0.0130097
0.658384
-0.00674241
-0.00359495
-0.0321056
-0.837881
-0.0100786
0.803918
0.0212394
0.0171926
-0.396137
0.0089841
-0.453933
0.434702
-0.0196774
-0.0196538
0.0118095
-0.611878
-0.0171726
0.803059
0.0101114
0.0143073
0.0111428
-0.689536
-0.00758164
0.662381
-0.0112798
0.00508828
-0.00363364
-0.0201553
-0.0116358
-0.758734
-0.0170807
0.667291
0.0131738
0.0113566
0.0351002
-0.851759
-0.00663877
0.819623
-0.0202908
-0.0137748
0.443426
0.0317209
-0.0288724
-0.462193
0.0271461
-0.0258587
-0.523931
0.503956
0.0126989
0.0235839
-0.849218
0.0100703
0.0190427
-0.0121679
-0.0129012
-0.701429
-0.96661
-0.00403765
0.928791
0.0129415
0.0216826
0.00720183
-0.797984
0.0138644
0.76652
-0.00716254
-0.0112911
-0.00409568
0.0122493
-0.701852
0.0257873
0.00998467
-0.0171847
-0.0171088
-0.862322
-0.797213
0.00130976
0.766006
-0.000217609
0.00828483
0.0200219
-0.974425
0.00665143
0.9379
-0.0136912
-0.0122921
-0.470213
0.0203003
-0.531393
0.511478
-0.00942771
-0.00943205
-0.844361
0.0115932
-0.0106995
-0.00616725
0.00664781
-0.700864
-0.95532
-0.00485089
0.919325
-0.00866823
-0.00993661
0.00417876
-0.78719
-0.00698091
0.758664
-0.000728755
0.0051834
0.00869846
-0.00770371
-0.00490355
-0.716125
-0.00340393
0.936818
0.00963813
0.0147567
-0.00136993
-0.803993
0.00934631
0.775272
-0.00416232
-0.00386342
-0.00429757
0.0133759
-0.706071
0.018398
0.00946257
-0.0151742
-0.0132702
-0.861238
-0.791638
0.00223058
0.76344
-0.00181853
0.00522627
0.0122272
-0.959916
0.00473607
0.927417
-0.00763024
-0.00868194
-0.0076433
0.0178012
0.0149513
-0.871694
0.0117301
0.774479
-0.00571073
-0.0076486
-0.0320282
-0.970152
-0.00818072
0.937957
0.0211778
0.0175027
-0.47256
0.0126719
-0.527206
0.50915
-0.00208165
-0.00964501
0.000376789
-0.716612
-0.00418176
0.936773
0.00989977
0.00780373
0.00503878
-0.796139
-0.00161286
0.769884
-0.00582746
0.00210298
-0.00178299
-0.019255
-0.0137518
-0.88438
-0.0118686
0.772425
0.00830208
0.00811372
0.0329896
-0.981301
-0.00467501
0.949176
-0.0176784
-0.0120559
0.514783
0.0279174
-0.0269901
-0.543176
0.0207131
-0.0193531
-0.59979
0.58109
0.0121931
0.0201412
-1.00242
0.00710169
0.0105408
-0.00634418
-0.0102676
-0.827281
-1.10568
-0.00207013
1.07182
0.00887029
0.0159494
0.00617549
-0.911651
0.00604941
0.883938
-0.00184525
-0.0090279
-0.00161857
0.00864012
-0.82642
0.0150839
0.00818569
-0.0120089
-0.0108754
-1.00974
-0.911423
-0.00183427
0.883398
0.00208461
0.00752983
0.0144188
-1.11014
0.00887212
1.07754
-0.012513
-0.010468
-0.550304
0.0143433
-0.604138
0.586572
-0.0106642
-0.0132901
-0.989887
0.00205151
-0.00838928
0.00254094
0.00442597
-0.814185
-1.09229
0.00158527
1.05823
-0.00806042
-0.0100433
-0.00234109
-0.896523
0.00188824
0.869406
0.00421133
-0.00177844
0.00417821
-0.00241974
-0.00269409
-0.829576
-0.00712649
1.06919
0.010166
0.0106097
0.00062036
-0.904596
0.00313744
0.879537
-0.00398808
-0.000388212
-0.000953545
0.00491672
-0.818003
0.01858
0.00237835
-0.0108815
-0.00935029
-0.99174
-0.898131
-0.00245022
0.870363
0.00196442
0.000957698
0.0193289
-1.08608
0.00027931
1.05463
-0.00898657
-0.00894099
-0.00708767
0.0163784
0.015177
-1.00023
0.00658408
0.877627
-0.00282386
-0.00428292
-0.0247026
-1.0871
-0.00461004
1.05832
0.0148549
0.0130014
-0.544538
0.0202772
-0.596327
0.578959
-0.00078884
-0.00473031
-4.95794e-05
-0.820437
0.000309178
1.06096
0.0133992
0.00742088
0.00165175
-0.893446
0.00332972
0.868863
-0.0039366
-0.000912287
-0.00363687
-0.0165854
-0.0105542
-1.01142
-0.0081972
0.871825
0.00417751
0.00602979
0.0253172
-1.1004
-0.0067486
1.07059
-0.0124197
-0.00665552
0.580978
0.0187307
-0.0183055
-0.617173
0.0113966
-0.0106985
-0.667028
0.650789
0.00794908
0.0132203
-1.13685
0.00637898
5.26695e-05
0.000238634
-0.00764451
-0.93639
-1.22752
-0.00370516
1.19773
0.00723895
0.00928265
0.00536316
-1.00965
0.00313402
0.985135
-0.000913762
-0.00641505
0.00274581
0.00855709
-0.936553
0.0137835
0.0090367
-0.0124079
-0.0109441
-1.14099
-1.01028
-0.00714809
0.985781
0.00574432
0.00788326
0.0182881
-1.22909
0.00855184
1.20038
-0.0140914
-0.0126652
-0.620573
0.0184125
-0.668583
0.652757
-0.00808672
-0.0110607
-1.12366
-0.00166519
-0.00261055
0.00517062
-9.64318e-05
-0.92207
-1.21438
0.00250561
1.18462
-0.00511211
-0.00652098
-0.00362978
-0.995615
0.000499287
0.97158
0.00441957
-0.000495915
-0.000315666
-0.00324773
-0.00010434
-0.926921
-0.00612171
1.18566
0.0115015
0.0137921
0.00542446
-0.997684
0.00387046
0.973317
-0.00768224
-0.000793017
0.0037038
0.00200752
-0.921757
0.0255817
-0.00273754
-0.0123801
-0.00981088
-1.1162
-0.995846
-0.00865668
0.970461
0.00624228
0.000886047
0.0312811
-1.20404
-0.00690119
1.17519
-0.0137135
-0.0102929
-0.00266226
0.0110911
0.00964454
-1.11427
0.00994058
0.970461
-0.00514
0.00111135
-0.0179202
-1.1999
0.00536739
1.17053
0.00902094
0.00414006
-0.61279
0.031885
-0.662084
0.645666
0.00402604
-0.00262489
-0.00300704
-0.916494
0.00738569
1.18018
0.0198957
0.00717723
-0.00103678
-0.990367
0.0146558
0.964746
-0.00348715
-0.00835617
-0.00700999
-0.0111408
-0.00573823
-1.12831
-0.00476406
0.967439
0.000361569
0.00456687
0.0176699
-1.21597
-0.00480862
1.18599
-0.00733114
-0.00482099
0.643472
0.0089389
-0.00930941
-0.68161
0.00318298
-0.00253406
-0.723377
0.709683
0.00732914
0.00730806
-1.2539
0.00565639
-0.00324981
0.00135381
-0.00534341
-1.03049
-1.33054
-0.00667842
1.3052
0.00698152
0.0044075
0.00552921
-1.093
0.00239609
1.07206
-0.00149904
-0.00526427
0.00764321
0.00905085
-1.03116
0.0201377
0.00661031
-0.0140534
-0.0140655
-1.25538
-1.09351
-0.0101756
1.0726
0.0076743
0.00901706
0.0235887
-1.33044
0.00708397
1.30599
-0.0153621
-0.0157882
-0.683003
0.0235468
-0.724874
0.711124
-0.00489687
-0.0062722
-1.24071
-0.00188643
-0.00520644
0.00419341
0.00216023
-1.01738
-1.31759
0.00460639
1.29223
-0.00318969
-0.0023109
-0.00210231
-1.08036
0.00128628
1.05888
0.00257039
-0.000173632
-0.00095389
-0.00742014
0.000722532
-1.01865
-0.00686692
1.2934
0.0141152
0.0176089
0.0088329
-1.08516
0.00463557
1.06227
-0.0110065
-0.00102689
0.00796286
0.0023595
-1.01617
0.0362314
-0.00965948
-0.0161511
-0.0114537
-1.23091
-1.08158
-0.00838094
1.05976
0.00543923
0.00251491
0.0377777
-1.309
-0.00737233
1.28341
-0.0173318
-0.0128065
0.00570768
0.00647282
0.00168114
-1.22738
0.0106101
1.06027
-0.00575098
0.00500703
-0.0119062
-1.31099
0.00835811
1.28304
0.00446627
0.000250043
-0.677206
0.0383475
-0.721822
0.707105
0.014083
-0.00253402
-0.00956324
-1.01395
0.0100001
1.29921
0.0234798
0.00824739
-0.00144604
-1.08685
0.0198689
1.06229
-0.0044183
-0.0113547
-0.00595901
-0.00594862
-0.00446111
-1.24379
-0.00134028
1.06231
-0.00101301
0.00301843
0.0112684
-1.32959
-0.00193777
1.30078
-0.00350211
-0.0042575
0.706065
0.00111703
-0.00150424
-0.735394
-0.00154983
0.00242073
-0.770361
0.758897
0.0067989
0.00295814
-1.35218
0.00600417
-0.0039937
0.000679184
-0.00472899
-1.10985
-1.41602
-0.0101888
1.39493
0.00825255
0.00198965
0.00649688
-1.16256
0.0031088
1.14456
-0.00265242
-0.00549597
0.00956605
0.0100182
-1.11035
0.0237382
0.00604706
-0.0158161
-0.0160162
-1.35247
-1.16266
-0.00951848
1.14488
0.00704708
0.00997914
0.0232421
-1.41682
0.00951652
1.3957
-0.0165743
-0.016496
-0.737017
0.0229639
-0.772461
0.760825
-0.00353236
-0.00183293
-1.33972
-0.000729071
-0.00353022
0.00211311
0.00139911
-1.09847
-1.40507
0.00696305
1.38357
-0.00253107
0.000352157
0.000437197
-1.15483
0.00297754
1.13548
0.000693517
-0.00063482
-0.00195091
-0.0100506
0.00148711
-1.10335
-0.00992134
1.38599
0.0159665
0.0170573
0.0077195
-1.15849
0.00275448
1.14021
-0.0107444
9.49366e-06
0.00652962
0.00391028
-1.09937
0.038539
-0.00707826
-0.0177886
-0.0140438
-1.33269
-1.15402
-0.00380242
1.13588
0.00221436
0.0041862
0.03426
-1.40025
-0.00170291
1.37844
-0.017009
-0.0137278
0.00484379
0.00253639
-0.000304997
-1.33524
0.00812351
1.14025
-0.00404629
0.00502292
-0.00869808
-1.40502
0.0052945
1.38226
0.0024573
0.000885273
-0.734986
0.0352298
-0.772689
0.760472
0.0133461
-0.00390294
-0.00900394
-1.10725
0.00710707
1.40144
0.021239
0.00940295
2.27415e-05
-1.16683
0.0156299
1.14732
-0.00514011
-0.00883626
-0.00315091
-0.00308058
-0.00430199
-1.35486
-0.00190983
1.14679
2.63394e-05
0.00346347
0.00866122
-1.42783
-0.000962825
1.40407
-0.00296435
-0.00387577
0.761733
-0.00166225
0.00156064
-0.780259
-0.00227228
0.00337611
-0.80877
0.799517
0.00781439
0.00192439
-1.43393
0.00670002
-0.00185032
-0.000900536
-0.00514021
-1.17713
-1.48782
-0.0085992
1.47002
0.00744271
0.00149702
0.00665726
-1.22327
0.0041777
1.20755
-0.00295336
-0.00542763
0.00778261
0.0103503
-1.17698
0.0222709
0.00910139
-0.0170203
-0.015678
-1.43599
-1.22223
-0.00506878
1.20685
0.00391215
0.00965435
0.0210131
-1.49151
0.0107339
1.47355
-0.0156143
-0.0155627
-0.782788
0.0212135
-0.812987
0.803169
-0.00374515
8.61108e-05
-1.42301
-0.000880535
-0.00336199
0.00142948
0.00130801
-1.16811
-1.47336
0.00600182
1.45715
-0.00155098
0.000613568
-0.000143996
-1.20954
0.00320648
1.1955
0.00072757
-0.00136598
-0.00318897
-0.0100032
0.00239854
-1.17382
-0.00514495
1.46285
0.0127638
0.0146652
0.00568204
-1.22047
0.00626004
1.20474
-0.008535
-0.00211748
0.00430727
0.004072
-1.16916
0.0334766
-0.00221297
-0.0163652
-0.0142409
-1.41949
-1.21213
-0.00427002
1.19802
0.00294214
0.00369119
0.0287035
-1.46974
-0.000634442
1.45419
-0.0150364
-0.0116315
0.00385213
0.00205941
-0.000523337
-1.42419
0.00584587
1.20549
-0.00227753
0.00355263
-0.0091108
-1.47997
0.00885883
1.46179
0.00273228
-0.00141491
-0.783109
0.0296939
-0.811243
0.802341
0.00902535
-0.00421107
-0.00642982
-1.18189
0.00552638
1.47797
0.0175562
0.00853059
0.000258672
-1.22453
0.0132332
1.2106
-0.00459784
-0.00768691
-0.0028696
-0.00324397
-0.00446753
-1.4476
-0.00266473
1.20959
0.000204644
0.00348178
0.00915701
-1.5006
-0.00468394
1.4839
-0.00342314
-0.00131261
0.805241
-0.00443803
0.00455468
-0.816342
-0.00944945
0.0103352
-0.836248
0.830186
0.00632106
0.000637392
-1.50136
0.00679802
-0.00454108
0.00113596
-0.00487995
-1.23396
-1.53731
-0.0110217
1.52617
0.00532171
-0.00228168
0.00615513
-1.26405
-0.00196664
1.25434
0.00117746
-0.00426986
0.00595514
0.00986414
-1.23291
0.0200366
0.00865998
-0.0153782
-0.0143616
-1.50651
-1.26357
-0.00480742
1.25367
0.00349226
0.00852182
0.0185209
-1.54233
0.00510999
1.53198
-0.0110379
-0.0137405
-0.821059
0.0179782
-0.840802
0.835002
-0.00292503
0.00148402
-1.48644
0.000986699
-0.000905394
0.000565328
-0.000228504
-1.22051
-1.52291
0.00974688
1.51146
-0.000596719
0.0034467
-0.00219287
-1.25203
0.00934511
1.2415
0.0014701
-0.0052332
-0.000714231
-0.00635952
0.000510618
-1.22999
-0.00449926
1.52036
0.0108081
0.0116917
0.0021208
-1.26081
0.00627862
1.25154
-0.00539444
-0.00292567
0.0051866
0.00388143
-1.22071
0.0279033
-0.000604602
-0.0135285
-0.0130236
-1.48314
-1.25007
-0.00448925
1.24009
0.00380313
0.00146659
0.0237701
-1.51821
0.00220606
1.50753
-0.0119839
-0.0114925
0.00585784
0.00196889
-0.0029267
-1.49384
-0.000416077
1.25248
0.00190159
0.00185188
-0.00132144
-1.52959
0.00454255
1.51871
-0.00054896
-0.00219856
-0.818506
0.0252659
-0.837997
0.831955
0.0069068
-0.00378585
-0.00498967
-1.23402
0.00879232
1.53025
0.0152753
0.00475405
-0.000133901
-1.26315
0.014836
1.25319
-0.00398572
-0.00821698
-0.00647972
-0.00235262
-0.00141469
-1.51323
0.00597893
1.25217
-0.0012295
-0.00228836
0.00106113
-1.54858
-0.00177101
1.53721
0.000662761
0.00120784
0.835289
-0.011877
0.0116514
-0.840405
-0.0139691
0.0142362
-0.849271
0.846869
0.00416809
-0.0031904
-1.54401
0.0060497
-0.0106343
0.00500839
-0.00356399
-1.26817
-1.55968
-0.0142082
1.5552
0.00554504
-0.004784
0.00522415
-1.2806
-0.00311349
1.27632
0.00157205
-0.00309688
0.00658368
0.00835974
-1.26795
0.0176424
0.00218477
-0.0107719
-0.0119707
-1.5492
-1.28021
-0.00416826
1.27611
0.00294023
0.0066765
0.0143458
-1.56237
0.0021205
1.55916
-0.00764955
-0.0105276
-0.844694
0.0135821
-0.852316
0.850377
-0.00172728
0.00461815
-1.53056
-0.00299401
0.00350083
0.00197452
-0.00276208
-1.25768
-1.54818
0.0107067
1.543
-7.47795e-06
0.00495259
-0.00480419
-1.2728
0.00967225
1.26807
0.00253377
-0.00537431
8.75509e-05
-0.00437915
-0.000366665
-1.26627
-0.00449951
1.54964
0.00925716
0.00893488
0.00237975
-1.28107
0.0083994
1.27487
-0.00398379
-0.00435302
0.0065373
0.000636284
-1.25527
0.0234329
0.000780471
-0.0102241
-0.0124451
-1.5264
-1.27268
-0.00313274
1.26598
0.00326482
-0.00082922
0.0197441
-1.54494
0.00193144
1.5396
-0.00940031
-0.00959006
0.000229079
-0.00121902
-0.00314114
-1.53634
-0.000139733
1.27595
0.000589206
0.00152408
0.00566046
-1.55169
-0.000600759
1.54734
-0.00306191
-0.00143934
-0.842307
0.0212406
-0.852497
0.849549
0.00805599
-0.00315833
-0.00524103
-1.2685
0.0100689
1.5634
0.0128714
0.0025747
-0.0011932
-1.28593
0.0166704
1.27991
-0.00267406
-0.00923738
-0.00322129
0.00255191
0.00104598
-1.55592
0.00934475
1.27999
-0.00277475
-0.0041896
-0.00628546
-1.57557
0.00125966
1.56956
0.00463326
0.00278216
0.852111
-0.0142877
0.0136135
-0.850017
-0.0116607
0.0118349
-0.849955
0.850234
0.00455128
-0.00428169
-1.56018
0.00545052
-0.0114263
0.0055816
-0.00295229
-1.27973
-1.56014
-0.0127795
1.56027
0.00502495
-0.00341902
0.00501856
-1.28051
-0.00131755
1.27962
0.000850632
-0.00339854
0.00537594
0.00665606
-1.27941
0.0125189
0.00130766
-0.0080876
-0.00834187
-1.56312
-1.28006
0.00148747
1.27917
-0.000649537
0.00535299
0.00705694
-1.56273
0.00475509
1.56323
-0.00544614
-0.00649448
-0.852798
0.00694599
-0.852573
0.852898
-0.00132067
0.00543687
-1.5497
-0.00287212
0.00217761
0.00206425
-0.00157187
-1.27417
-1.55041
0.0100492
1.55036
-0.000754172
0.00362175
-0.00491339
-1.27469
0.00885693
1.27375
0.00312861
-0.00482238
0.000103142
-0.00281235
-0.000654999
-1.28089
-0.00169484
1.55607
0.00484865
0.00508482
0.00111525
-1.28291
0.00702472
1.28138
-0.00245751
-0.00349766
0.00603822
-0.000467836
-1.27239
0.0193878
-0.000320829
-0.00780223
-0.00983514
-1.54767
-1.27691
-0.00208743
1.27516
0.00215848
-0.00175523
0.0156945
-1.54946
-0.000290627
1.54962
-0.00751484
-0.00573133
-0.00265559
-0.00236044
-0.00236409
-1.55262
0.00324888
1.27874
-0.00133858
0.00108329
0.00396044
-1.55322
0.00151928
1.55322
-0.00233111
-0.00148024
-0.853772
0.0168191
-0.854435
0.854648
0.00871307
-0.00154661
-0.00563786
-1.287
0.00949032
1.5748
0.00929866
0.00147281
-0.00237279
-1.29025
0.0137834
1.28905
-0.000802871
-0.00737356
-0.00154009
0.00510825
0.00203486
-1.57743
0.00626541
1.28904
-0.003248
-0.00226193
-0.00473693
-1.57932
-0.000879303
1.57932
0.00388133
0.00385747
0.856454
-0.0105584
0.00970709
-0.848107
-0.00752536
0.00754103
-0.841255
0.843799
0.00401861
-0.00208285
-1.55632
0.00494352
-0.00897781
0.00453292
-0.00333395
-1.27656
-1.54463
-0.00937913
1.54864
0.00352599
-0.00114307
0.00431287
-1.26812
-0.000347945
1.2704
0.000981181
-0.00356475
0.00207238
0.00510008
-1.27613
0.00504125
0.00267696
-0.00524184
-0.00405712
-1.55964
-1.26767
0.00488338
1.26993
-0.00281252
0.00365559
-0.000556046
-1.54704
0.00473369
1.55189
-0.00200788
-0.00217891
-0.850807
-0.000595791
-0.843531
0.846326
-0.00115544
0.00356036
-1.54615
-0.0046689
-0.00127676
0.00307017
1.07278e-05
-1.26965
-1.53312
0.00748994
1.53749
-0.00116755
0.00165345
-0.00443361
-1.26
0.00736583
1.26236
0.00325325
-0.00409611
-0.00283901
-0.00184778
0.00113021
-1.27843
-0.00127092
1.54426
0.0013379
0.000537701
0.000377253
-1.26852
0.00437461
1.27124
-0.000814241
-0.00180893
0.00675129
-0.00188895
-1.27239
0.0149064
-0.00501966
-0.0056501
-0.00455104
-1.54583
-1.26274
-0.00158464
1.26529
0.00156297
-0.00232066
0.0109372
-1.53203
-0.00372253
1.53714
-0.00498671
-0.00103381
-0.00061652
-0.000931124
-0.00190036
-1.54928
0.00303025
1.26828
-0.000904587
0.000746196
0.0013155
-1.53614
0.00439606
1.54075
-0.00140999
-0.00222255
-0.852326
0.0116261
-0.844357
0.847272
0.00347235
0.000256173
-0.00242346
-1.28585
0.00892275
1.56211
0.00545924
-3.00032e-05
-0.00277033
-1.27519
0.0106566
1.27818
0.000596836
-0.00569802
-0.00570066
0.00333847
0.00347537
-1.57476
0.00511235
1.27758
-0.00302886
-0.00212367
-0.00215588
-1.5598
-0.0020964
1.56484
0.00232192
0.00390118
0.849139
-0.00794755
0.0070687
-0.837296
-0.00542532
0.00527227
-0.823669
0.828546
0.00306085
-0.000520161
-1.53665
0.00415626
-0.00929971
0.00536075
-0.00327431
-1.26053
-1.51158
-0.00838796
1.52014
0.00299666
-7.87954e-05
0.00351611
-1.24101
-0.00104061
1.24694
0.0018108
-0.00321875
0.000864045
0.00342843
-1.26017
-0.00129668
0.0017816
-0.00177299
-0.000287131
-1.53957
-1.24086
0.00637596
1.24674
-0.00367682
0.00200454
-0.00588278
-1.51385
0.00421149
1.52294
0.000355392
0.00129005
-0.839383
-0.00600522
-0.824808
0.830023
-0.00163654
0.0025987
-1.52544
-0.00488544
0.000108119
0.00328538
-0.00101135
-1.25227
-1.50289
0.00761339
1.5105
-0.00204932
0.000797825
-0.00492392
-1.23472
0.00871443
1.23974
0.0037326
-0.00494932
-0.00512456
-0.000279427
0.0024917
-1.26027
-0.000894129
1.51431
-0.00115043
-0.0029567
-0.000463654
-1.23939
0.00240156
1.24573
0.00077437
-0.000717923
0.00465104
-0.00301624
-1.25511
0.00910974
-0.00662794
-0.00229327
-0.000449339
-1.52451
-1.23666
0.00120564
1.24223
-0.000159871
-0.00374339
0.00544962
-1.49941
-0.00496333
1.50839
-0.00129328
0.00194866
0.000980878
-0.000179018
-0.00214642
-1.5278
0.00245137
1.24329
-0.000633989
6.12729e-05
0.000697149
-1.50186
0.00431378
1.51068
-0.000917039
-0.00204158
-0.840095
0.00627727
-0.826218
0.831094
0.00149417
0.0013028
-0.00132548
-1.2673
0.00885473
1.53319
0.00215515
-0.00170902
-0.00264651
-1.24814
0.0102045
1.25384
0.00143098
-0.005671
-0.00479588
0.00237591
0.00298968
-1.55135
0.0074209
1.25299
-0.00274734
-0.0039799
-0.00167535
-1.52637
-0.000186793
1.53476
0.00185062
0.00283853
0.832483
-0.00555432
0.0047589
-0.817603
-0.00121267
0.00124609
-0.797748
0.804685
0.00241363
0.000344241
-1.49953
0.00310602
-0.00912868
0.00554131
-0.0026276
-1.22998
-1.46342
-0.00316604
1.47553
0.00150762
0.00101067
0.00219289
-1.20126
0.000650024
1.21016
0.00100108
-0.00229683
-0.00015589
0.00158265
-1.22995
-0.00579809
0.00116241
0.000460367
0.00287893
-1.50241
-1.20135
0.00874967
1.21025
-0.00498499
3.22433e-05
-0.00908347
-1.46526
0.0033007
1.47812
0.00211031
0.00397272
-0.81846
-0.00900316
-0.797675
0.8049
-0.00242951
0.0016395
-1.49223
-0.00486488
0.00137984
0.00342832
-0.00180777
-1.2245
-1.4584
0.0054721
1.47021
-0.00228778
-0.00102774
-0.00461116
-1.19803
0.0053942
1.20722
0.00341968
-0.00266968
-0.00524095
0.00146521
0.00236123
-1.22801
-2.16442e-05
1.46843
-0.00251013
-0.0053406
-0.000939584
-1.19736
0.00241101
1.20613
0.00207946
-0.000943927
0.00230095
-0.00409725
-1.22634
0.00292591
-0.0063015
0.00152106
0.00188945
-1.48851
-1.1976
0.00195825
1.20601
-0.000166698
-0.00397155
-0.000782363
-1.4522
-0.00306206
1.46505
0.00188384
0.00270847
0.000871826
0.000532228
-0.00161292
-1.48977
0.00268162
1.20684
-0.00107518
-0.00102058
-0.00103886
-1.45206
0.00212115
1.46505
0.000470109
-0.000235941
-0.820176
-0.000263543
-0.80009
0.807172
0.000569189
0.00215715
-0.00109856
-1.23741
0.00553605
1.48946
-0.00116743
-0.00255347
-0.00216585
-1.20807
0.00502323
1.21747
0.0019687
-0.00245135
-0.00430116
0.0016885
0.00271886
-1.51427
0.00584921
1.21645
-0.00207225
-0.0033918
0.000442019
-1.47684
-0.00224069
1.48958
0.000536076
0.00315846
0.807218
-0.000278165
-0.000117343
-0.78983
0.00368016
-0.00364513
-0.763723
0.772867
0.00103425
0.00160566
-1.44844
0.00167037
-0.0055741
0.00346075
-0.00159844
-1.18791
-1.4027
0.00220988
1.41819
0.000243207
0.00249351
0.00116692
-1.15155
0.00254556
1.16321
5.48366e-05
-0.00162505
-0.00230703
-0.000323334
-1.18799
-0.00852456
0.000849064
0.00206164
0.00503002
-1.45051
-1.15181
0.0106677
1.16335
-0.00602459
-0.00117237
-0.00979302
-1.40325
0.00252216
1.41969
0.00306871
0.00486951
-0.789561
-0.00954921
-0.763278
0.772457
-0.00207576
-0.000797459
-1.44363
-0.00259328
-0.00153988
0.00261427
0.000429086
-1.18547
-1.39542
-1.32524e-06
1.41223
-0.000824566
-0.00296396
-0.00398137
-1.14584
0.00181247
1.15942
0.00294266
-0.0005695
-0.00417935
0.00277913
0.00108908
-1.18263
0.000331028
1.40898
-0.00313152
-0.00553753
-0.000456636
-1.14498
0.00239307
1.15655
0.0020041
-0.00123632
0.00175615
-0.00340309
-1.18315
-0.00303874
-0.0035831
0.00408714
0.00244714
-1.43772
-1.14514
0.000166931
1.15709
0.00129769
-0.0035605
-0.00465599
-1.38818
-0.0030594
1.4058
0.00320133
0.00392634
-0.00107178
0.00176172
0.000448915
-1.43608
0.00222171
1.157
-0.000529257
-0.00125273
-0.00328644
-1.38698
0.00185515
1.4037
0.00183895
0.000414805
-0.791865
-0.00492388
-0.764191
0.773944
-0.00424162
0.00250486
0.00180439
-1.19378
0.000591418
1.42784
-0.00299629
-0.00192352
-0.0014122
-1.15292
-0.000128047
1.16625
0.00186443
0.000751282
-0.00625706
4.39992e-05
0.00333585
-1.46071
0.00299657
1.16593
-0.00105942
-0.00188905
0.00313195
-1.40993
-0.00573912
1.42731
-0.00108759
0.00414778
0.77334
0.00358233
-0.00390477
-0.753688
0.00330066
-0.0033199
-0.720911
0.732307
-4.85474e-05
0.00251171
-1.38441
0.000896924
-0.00391588
0.00253767
-0.0010298
-1.13539
-1.32619
0.00113578
1.34628
0.000680241
0.00218915
0.000695636
-1.08833
0.0023193
1.10389
-0.000142688
-0.00129429
-0.00368275
-0.00100151
-1.13591
-0.00841429
0.000760067
0.00268244
0.0049606
-1.38515
-1.08934
0.00784041
1.10484
-0.00417907
-0.0012794
-0.00755842
-1.3258
0.00126112
1.34657
0.00269637
0.00397988
-0.753344
-0.00740801
-0.720601
0.732068
-0.000710968
-0.00243443
-1.37627
-0.00148172
-0.00316262
0.00192712
0.00124021
-1.12982
-1.31617
-0.000950888
1.33668
-0.000209879
-0.00207327
-0.00259112
-1.08118
0.00289551
1.0976
0.0016432
-0.00146533
-0.0026743
0.0025992
0.00019298
-1.12847
0.00104319
1.33526
-0.00325941
-0.0040133
0.000406862
-1.08051
0.00121596
1.09529
0.00113629
-0.00015487
0.00221736
-0.00256415
-1.12748
-0.00587187
-0.00309427
0.00460522
0.00344639
-1.36939
-1.08042
0.00246609
1.09524
-0.000380019
-0.00260201
-0.00629866
-1.30865
-0.00143125
1.32965
0.00358969
0.00377589
0.000314199
0.00269717
0.000456533
-1.36798
0.00162081
1.09602
0.000100779
-0.000941655
-0.00371292
-1.30797
0.00123977
1.32857
0.00224733
0.000754742
-0.753586
-0.00652183
-0.719593
0.731275
-0.00682793
0.0023472
0.00336174
-1.13541
-0.000647134
1.34936
-0.0034376
-0.00191865
-0.00120092
-1.0856
0.000241938
1.10189
0.00165773
0.000353939
-0.00757248
-0.00157099
0.00345742
-1.38992
0.00127513
1.1026
-0.000629083
-0.000550394
0.00361312
-1.32878
-0.00370782
1.34949
-0.00142543
0.0022202
0.731373
0.00229535
-0.00249049
-0.708824
0.00163973
-0.00173072
-0.669853
0.6833
0.00104675
0.00155072
-1.30358
0.000481019
-0.00235738
0.000945793
-0.000621111
-1.06884
-1.23194
-0.002118
1.25647
0.00222628
0.00142178
0.000210595
-1.01122
0.00256278
1.03045
-0.000884658
-0.0009212
-0.00225635
-0.000902525
-1.06992
-0.00596681
-9.79073e-05
0.00235137
0.00369876
-1.30366
-1.01219
0.00393279
1.03149
-0.00152513
-0.00124545
-0.00460708
-1.23242
0.00022214
1.25702
0.00176445
0.00292384
-0.708468
-0.00440611
-0.669316
0.682788
-0.000686961
-0.00147884
-1.29391
-0.000538136
-0.000791339
0.00101046
-0.000318918
-1.06288
-1.22451
0.00094453
1.24822
-0.00127531
-0.000940137
-0.00126706
-1.00561
0.00213984
1.02434
0.000854251
-0.000667998
-0.0025137
0.00160097
0.000469347
-1.06113
0.000889877
1.24617
-0.00210358
-0.00182878
7.61186e-08
-1.00457
0.0024968
1.02304
0.000276243
-0.000849505
-0.000531499
-0.00167719
-1.06073
-0.0064003
-0.000933163
0.00418868
0.00305146
-1.28706
-1.00682
0.00312572
1.02495
-0.00105649
-0.00168131
-0.00558477
-1.21796
0.000910573
1.24173
0.00301863
0.00190124
0.000451285
0.00253996
0.000673924
-1.2855
0.00357343
1.02121
-0.00118891
-0.00100854
-0.00462812
-1.21537
0.00168038
1.23911
0.00292264
0.000889615
-0.707414
-0.00541318
-0.66893
0.682088
-0.00356539
0.00233601
0.00112093
-1.06601
0.00162481
1.25892
-0.00313737
-0.00263847
-0.0017949
-1.00948
0.00241019
1.02812
0.0019958
-0.00109094
-0.0043101
-0.00171463
0.0014128
-1.30595
0.00036765
1.02894
-0.000975002
0.000328702
0.00424143
-1.23558
-0.00161962
1.25936
-0.00146827
3.45975e-05
0.681983
0.00196033
-0.00229525
-0.655706
0.00342467
-0.00377731
-0.611175
0.626304
0.00240926
0.000964279
-1.20547
-0.000265997
-0.000735309
-0.000387053
-1.32085e-05
-0.988875
-1.12456
-0.00103648
1.15166
0.00216732
0.002258
-0.000706124
-0.923797
0.0041005
0.945254
-0.0020058
-0.000429526
-0.000287366
-0.000986869
-0.989757
-0.00349113
-0.000849616
0.00191653
0.00258935
-1.20675
-0.924121
0.00260284
0.945738
-0.000632216
-0.00180455
-0.00361859
-1.12661
-0.00039025
1.15379
0.00154933
0.00293205
-0.655377
-0.00305805
-0.612166
0.626781
-0.000989292
-0.00154293
-1.19874
-0.000790629
-0.00274109
0.00101896
0.000850691
-0.983547
-1.11827
-0.00127585
1.1454
-0.00135441
-0.00159762
0.000223217
-0.918345
-0.00321414
0.940029
0.000139446
0.00287747
0.000420771
0.000580538
-0.00104527
-0.983219
0.00150088
1.14588
-0.00185736
-0.000504222
-7.6671e-05
-0.921666
0.00577131
0.941802
-0.000373665
-0.00288719
0.00044952
-0.000858281
-0.98514
-0.0048174
0.000365247
0.00264736
0.0017507
-1.19317
-0.919767
-0.00153845
0.941557
0.0019848
-0.000285336
-0.00400633
-1.11341
-0.000307858
1.14087
0.00187258
0.00126475
0.00160492
0.00292783
0.000941864
-1.19027
0.00683643
0.939202
-0.00343531
-0.00114609
-0.00614603
-1.11394
0.00283287
1.13946
0.00397805
0.000889259
-0.655115
-0.00437372
-0.611388
0.626316
-0.00133024
0.00280682
-0.000302831
-0.988021
0.00101025
1.15713
-0.00285986
-0.00224944
-0.00218037
-0.924313
0.000690705
0.945509
0.0023617
-8.85575e-05
-0.00228612
-0.00218664
-0.000271265
-1.21002
-0.00350074
0.945675
-0.00115062
0.00298683
0.00574914
-1.13136
-0.00172693
1.15785
-0.00198902
-0.00122134
0.626589
0.0041257
-0.00440591
-0.595912
0.00394617
-0.00426001
-0.549717
0.565161
0.00211228
0.00162264
-1.0967
-0.00127129
0.00311197
-0.00288867
0.000619653
-0.900611
-1.01365
0.000883474
1.04121
0.000730981
0.00250964
-0.00154498
-0.833947
0.00487407
0.855753
-0.00229604
0.000146263
-0.00132135
-0.00168658
-0.900832
-0.00452679
0.000207264
0.00208649
0.00317212
-1.09948
-0.833832
0.00337269
0.855733
-0.00104454
-0.00270869
-0.00661986
-1.01672
0.0002153
1.04451
0.00218308
0.00480329
-0.597489
-0.00608728
-0.552733
0.567757
-0.0012085
-0.00267232
-1.09022
0.000205037
-0.00623141
0.000643546
0.00319642
-0.894176
-1.00608
-0.00301937
1.03411
-0.000875292
-0.00110446
0.00238847
-0.826223
-0.0052588
0.847981
-0.00135589
0.00459561
0.00267837
7.10206e-05
-0.00270882
-0.899169
-0.000571999
1.03952
-0.00244886
-0.00160801
0.000586478
-0.833582
0.00172231
0.855195
-0.000567256
-0.00030665
0.00167158
0.00029064
-0.895855
-0.00397985
-0.000304004
0.00149085
0.00170483
-1.08575
-0.824919
-0.00229033
0.848672
0.0022668
0.000727258
-0.00540685
-1.0002
-0.00103047
1.02906
0.00260048
0.00163121
0.00239002
0.0027678
0.0012699
-1.08735
0.00491179
0.852875
-0.00227739
-0.000429585
-0.00438815
-1.00688
0.00123765
1.03386
0.00291552
0.000762571
-0.59622
-0.00625809
-0.549832
0.565434
-0.0020902
0.00305594
4.67482e-05
-0.901084
-0.00118136
1.04642
-0.0033683
-0.00262134
-0.00209227
-0.832823
-0.0037114
0.855514
0.00234262
0.00300226
-0.00187217
-0.0027491
-0.000625505
-1.10378
-0.00533527
0.854839
-0.0013502
0.00417918
0.00457455
-1.01979
-0.00471173
1.04813
-0.00117808
0.000639366
0.567072
0.00370577
-0.00343812
-0.534975
0.000413087
-0.000302228
-0.492024
0.506071
0.000166034
0.000865114
-0.98698
-0.00222762
0.00648168
-0.00506686
0.00152814
-0.811824
-0.909965
0.00363475
0.935091
-0.00291121
0.000533496
-0.00208082
-0.749332
0.00371515
0.769524
-0.00133102
0.00106163
-0.00345635
-0.00260015
-0.811564
-0.00859836
0.00212387
0.00304919
0.00511122
-0.990233
-0.748695
0.0038352
0.769005
-0.00135721
-0.00323091
-0.00918129
-0.911673
0.000997157
0.937614
0.00254783
0.00630481
-0.538118
-0.00890611
-0.494752
0.50906
-0.000314168
-0.00188186
-0.978847
0.00157704
-0.00361388
-0.000554313
0.00159526
-0.803292
-0.899956
-0.00255267
0.925708
0.000434623
0.00157234
0.00146388
-0.73883
-0.0017587
0.759515
-0.00195093
0.0021785
-0.000595849
0.000312758
-0.000802685
-0.810418
-0.00202018
0.931987
-0.00323863
-0.00283776
0.000524592
-0.744491
-0.00241229
0.766048
-0.000256188
0.00208186
-0.00046541
0.000861673
-0.801519
-0.00643356
0.000897607
0.00252648
0.00221415
-0.973057
-0.737516
0.00151965
0.757913
0.000202447
-0.00015986
-0.00855152
-0.894066
0.00134532
0.919884
0.00471087
0.00134163
0.0016155
0.000269085
0.000666261
-0.97999
0.000424158
0.766056
0.000799464
0.000523492
0.00125199
-0.900978
-7.11683e-05
0.926886
-0.000197677
-0.0013396
-0.534796
-0.00929493
-0.490812
0.505191
-0.00387659
0.00285143
0.00128931
-0.809454
-0.0035339
0.93546
-0.00405571
-0.00285606
-0.00176578
-0.742913
-0.00514161
0.764396
0.00196865
0.00399059
-0.00294909
-0.00147709
0.0017635
-0.991859
-0.00400751
0.763891
-0.00188336
0.00332556
-0.000826651
-0.90994
-0.00478645
0.936734
0.00188181
0.00255335
0.50706
-0.00135893
0.00191463
-0.478864
-0.00676079
0.00691325
-0.441695
0.453603
-0.00289964
-0.00241597
-0.885867
-0.00239804
0.00342048
-0.00306103
0.00261389
-0.728967
-0.81715
0.00171914
0.839234
-0.00525862
-0.00312597
-0.00144265
-0.671953
-0.00264139
0.690138
0.0027876
0.00159478
-0.00334249
-0.00254277
-0.728307
-0.0102278
0.00215245
0.003912
0.00555531
-0.887235
-0.671385
0.000793995
0.689572
0.000592347
-0.00245945
-0.00901523
-0.816624
0.000312551
0.839505
0.00269607
0.00587914
-0.481099
-0.00907949
-0.442246
0.454761
0.00163457
0.000850088
-0.875625
0.00102676
0.00091332
-0.000994523
-0.00140433
-0.71844
-0.808311
-0.000139784
0.829585
0.00192664
0.00556798
0.00124839
-0.663567
0.00342466
0.680299
-0.00273522
-0.00120543
-0.00315538
0.000524518
0.000782728
-0.723075
-0.00264882
0.833172
-0.00311135
-0.00298289
0.00130863
-0.666047
-0.00411029
0.684506
-0.000567087
0.00312692
-0.00255954
0.000116809
-0.717472
-0.00866801
0.00263799
0.00389163
0.00232384
-0.870452
-0.664548
0.00233541
0.681491
1.56393e-05
-0.000678524
-0.00843975
-0.804145
0.0018797
0.825394
0.00523241
0.000824332
0.000574495
-0.00368783
-0.00146466
-0.876014
-0.00371339
0.684483
0.00314693
0.00188892
0.00828121
-0.805887
-0.0015769
0.828309
-0.00381665
-0.00379726
-0.477352
-0.00882804
-0.440077
0.451917
-0.00316095
0.00244335
0.000859048
-0.722
-0.00277683
0.836775
-0.00353978
-0.00284676
-0.00158101
-0.666223
-0.00220136
0.683606
0.00148471
0.00212216
-0.00194473
0.00174125
0.00388505
-0.884644
0.00102759
0.683509
-0.00286621
0.000309939
-0.00790685
-0.815545
-0.00157666
0.837271
0.0060266
0.00323484
0.452903
-0.00804582
0.00842774
-0.430622
-0.00998636
0.0101511
-0.400529
0.410018
-0.00422574
-0.00602003
-0.796252
-0.0014898
-0.00233495
0.000610039
0.00295313
-0.654148
-0.740566
0.000786812
0.757972
-0.00591164
-0.00450958
-0.000504829
-0.607633
-0.00369579
0.622053
0.00322994
0.00133497
-0.00197849
-0.00153289
-0.653705
-0.00965031
0.0015675
0.00389052
0.00484368
-0.795687
-0.607505
0.00156748
0.62183
-2.83761e-05
-0.00155106
-0.00800104
-0.738597
0.00108057
0.756704
0.00195058
0.00496493
-0.430625
-0.00791835
-0.399412
0.409213
0.00333194
0.00409275
-0.788559
0.00144689
0.00483695
-0.00170325
-0.00361225
-0.648003
-0.735286
0.00128527
0.752074
0.00217284
0.00726328
0.00127839
-0.605203
0.00322681
0.618084
-0.00289731
-0.000578808
-0.00376894
0.000153192
0.00134892
-0.648861
-0.00187403
0.750569
-0.00305885
-0.00246967
0.000600049
-0.602061
-0.00310278
0.616932
-0.000333819
0.00235941
-0.00255349
0.000149251
-0.64754
-0.00739793
0.00236536
0.00344463
0.00205942
-0.785017
-0.604238
0.00145824
0.618287
0.000162614
-0.00059615
-0.0056298
-0.732213
0.00108105
0.749049
0.00397509
0.000161089
-0.000671354
-0.00684389
-0.00302393
-0.784776
-0.00292277
0.615929
0.00245033
0.00179995
0.0102503
-0.729209
-0.00055721
0.746417
-0.00475992
-0.00521483
-0.429133
-0.00585155
-0.399653
0.408936
-0.000668543
0.00221166
-0.000714659
-0.649596
-0.000710122
0.757841
-0.00231331
-0.00271814
-0.00185257
-0.605731
-0.00132259
0.6194
0.00142463
0.00163735
0.00025294
0.00471087
0.00471821
-0.795243
0.00140664
0.619616
-0.00350683
0.000239471
-0.010079
-0.741112
-0.00113927
0.758026
0.00753833
0.00369588
0.408475
-0.00936715
0.00957396
-0.391621
-0.00943672
0.00941019
-0.367314
0.375081
-0.00400107
-0.0065601
-0.724218
-0.000770417
-0.00177806
0.000127566
0.00260963
-0.593917
-0.679926
-0.00113936
0.694018
-0.00451141
-0.00367437
0.000220746
-0.557794
-0.00318878
0.56918
0.00275954
0.000556628
-0.00291862
-0.000794079
-0.593882
-0.00836594
0.00232386
0.00291997
0.00401423
-0.722465
-0.557705
0.00121854
0.569139
0.000145916
-0.000842516
-0.00664225
-0.67788
0.00133
0.692205
0.00108558
0.00415437
-0.390504
-0.00655296
-0.366375
0.374058
0.00392352
0.00429704
-0.719112
0.000517191
0.00296651
-0.00121417
-0.00235639
-0.591985
-0.674704
0.000543523
0.689005
0.0020134
0.00649918
5.88103e-05
-0.555947
0.000994367
0.567444
-0.00200105
0.00070352
-0.0021004
0.000292752
0.000168735
-0.588511
-0.00143079
0.686961
-0.00296232
-0.00159545
0.00165085
-0.55302
-0.0031641
0.564152
-0.00100218
0.00270445
-0.00116772
0.000126406
-0.590664
-0.0038629
0.000368555
0.00149269
0.00194637
-0.716631
-0.554673
-0.000532478
0.566102
0.00135106
-0.00102773
-0.00255304
-0.672948
-0.00094307
0.687121
0.00258852
9.56491e-05
0.000889941
-0.00704041
-0.00366933
-0.713225
-0.00252834
0.564564
0.00210469
0.00210089
0.00876704
-0.670229
0.000109317
0.683908
-0.00399868
-0.00510973
-0.390902
-0.0028063
-0.367085
0.374706
-0.000293887
0.00224183
-0.000809612
-0.592585
0.0010114
0.695957
-0.00108878
-0.00259598
-0.00212735
-0.557792
-0.000601615
0.568807
0.00137814
0.00125002
-0.000787804
0.00483874
0.0054619
-0.725022
0.000442064
0.568966
-0.00354696
0.000881838
-0.00861268
-0.681992
-0.00190762
0.695687
0.00672713
0.0035987
0.37402
-0.00887774
0.00898793
-0.360042
-0.00975564
0.00967775
-0.339756
0.34626
-0.00261424
-0.00583274
-0.666728
-0.000151659
-0.00126297
-0.000193311
0.00191996
-0.546984
-0.630049
-0.00263006
0.641771
-0.00411637
-0.00300897
0.000938282
-0.517208
-0.00445359
0.526758
0.00380994
-0.000288834
-0.0025667
-8.95735e-05
-0.546827
-0.0069168
0.00262149
0.00207964
0.00307901
-0.665247
-0.516878
0.000698949
0.526447
0.000396228
-0.000192301
-0.00592429
-0.628548
0.00136872
0.640537
0.000602368
0.00353363
-0.359337
-0.0061078
-0.33932
0.34582
0.00366313
0.00348219
-0.661152
-0.000462356
0.00199629
-0.00029659
-0.00163727
-0.544764
-0.623649
0.00170321
0.635577
0.00101693
0.00668075
-0.000524074
-0.514036
0.00104341
0.523832
-0.00149427
0.000765011
-0.00186503
-0.000190754
0.000329644
-0.542882
-0.00202546
0.636255
-0.00273816
-0.00119883
0.00163743
-0.513283
-0.00396015
0.52256
-0.00103029
0.00341377
-0.000980796
-0.000358606
-0.543518
-0.00154487
-0.00105764
0.000439143
0.00199231
-0.659902
-0.513136
0.000282319
0.522775
0.00068971
-0.00156983
-0.00195111
-0.622567
-0.00111229
0.63463
0.00256224
3.63793e-05
0.00198423
-0.00609063
-0.00332324
-0.657551
-0.00202663
0.523337
0.00202525
0.00175582
0.00656607
-0.622344
0.00114992
0.633706
-0.00268465
-0.00504527
-0.359842
-0.00204328
-0.339585
0.346087
0.000899041
0.00214594
-0.00144698
-0.547261
0.00174659
0.644384
-0.000505516
-0.00311931
-0.00220444
-0.51753
-0.000494282
0.527189
0.00128401
0.00123231
-0.0010503
0.00346529
0.00516069
-0.669031
-0.000670189
0.527224
-0.00335085
0.00152422
-0.00640061
-0.632067
-0.0026135
0.64406
0.00560065
0.00295056
0.345941
-0.0102086
0.0102252
-0.333631
-0.0113653
0.0112334
-0.316863
0.322151
-0.00191769
-0.0059087
-0.618749
0.000701155
-0.0034931
0.00144161
0.00113365
-0.507902
-0.587445
-0.00490982
0.59733
-0.00354696
-0.00347693
0.00150454
-0.482052
-0.00657326
0.490255
0.00514598
-0.000761468
-0.00203711
0.000786758
-0.50767
-0.00616459
0.00197349
0.00232188
0.00198192
-0.61767
-0.482083
-0.00129705
0.490224
0.00172217
0.000416332
-0.0053703
-0.58607
0.000861755
0.596286
0.000454679
0.00290541
-0.333117
-0.0059161
-0.315778
0.321295
0.00273057
0.00395954
-0.612729
-0.00121521
0.00361323
0.000275742
-0.002538
-0.504949
-0.583705
0.00389058
0.592779
0.00024166
0.00745758
-0.00117378
-0.48123
0.00383378
0.488539
-0.00110351
-0.000966072
-0.00398136
-4.2057e-05
0.00165435
-0.503923
-0.00287625
0.591869
-0.00245137
-0.00116735
0.00162224
-0.478425
-0.00519463
0.486379
-0.000950245
0.00407429
-0.00233648
-0.00111948
-0.504158
-0.0020481
-0.00017549
0.00103343
0.00184563
-0.612001
-0.480541
0.001948
0.487877
-0.000297267
-0.00222877
-0.00214629
-0.582788
-8.32189e-05
0.592081
0.00296144
-0.000264732
0.00163851
-0.00529576
-0.0024892
-0.611284
-0.00363772
0.487648
0.00306795
0.00166893
0.00641932
-0.580479
0.000341089
0.590195
-0.00251906
-0.00460598
-0.333539
-0.00189344
-0.317124
0.322298
0.000963082
0.00205185
-0.00143703
-0.508365
0.00286388
0.600503
-0.000109957
-0.00388522
-0.00189203
-0.483334
0.000477501
0.491199
0.000958321
0.000648288
-0.00116043
0.00232934
0.0045694
-0.620738
0.000613623
0.491127
-0.0030781
0.00076446
-0.00633964
-0.590305
-0.000910412
0.599787
0.00568203
0.00175434
0.321774
-0.010546
0.0105281
-0.312068
-0.00907226
0.00901395
-0.300312
0.303803
-0.0010422
-0.00604373
-0.578336
0.00115388
-0.00455457
0.00201478
0.000759551
-0.474485
-0.556911
-0.00375438
0.563118
-0.00298978
-0.00237875
0.00148496
-0.456507
-0.00459074
0.461669
0.00382586
-0.00103838
-0.000996989
0.00135816
-0.474587
-0.00536311
0.00169948
0.002214
0.00112547
-0.577404
-0.456643
-0.000918578
0.461877
0.00151804
0.00046678
-0.00472039
-0.555225
0.00138531
0.561956
-4.46868e-05
0.00247728
-0.310893
-0.00522425
-0.298629
0.302328
0.00238146
0.00400389
-0.575484
-0.00187537
0.00579394
0.000812322
-0.00398699
-0.474597
-0.554776
0.00324186
0.560985
-0.000282519
0.00616852
-0.00148457
-0.457926
0.00339665
0.462912
-0.000526773
-0.000939503
-0.00368658
1.60894e-05
0.00139936
-0.471018
-0.00201096
0.557706
-0.00283936
-0.00081907
0.0011181
-0.453153
-0.00483558
0.458858
-0.000898744
0.0038663
-0.0026159
-0.00171554
-0.473762
-0.00211257
0.000195748
0.00139608
0.00179987
-0.574892
-0.456819
0.000783588
0.461854
0.000521301
-0.00234719
-0.000605355
-0.553481
-0.00128947
0.560154
0.00220009
-7.21694e-05
0.00155054
-0.00494798
-0.00205656
-0.571559
-0.00305344
0.458669
0.00294945
0.00129833
0.00471354
-0.549483
0.00128414
0.556036
-0.0018298
-0.00430973
-0.312399
-0.000399799
-0.30031
0.303954
0.00149542
0.00184965
-0.00171852
-0.476127
0.00331046
0.5665
0.000519911
-0.00356615
-0.00181135
-0.457744
0.000326222
0.463227
0.000858929
0.000832251
-0.000238465
0.00205744
0.00372261
-0.581488
0.000246031
0.463392
-0.00282319
0.000996373
-0.00460787
-0.558835
-0.00173507
0.565646
0.00477235
0.00147112
0.30294
-0.00710891
0.00718636
-0.297461
-0.00599519
0.0058929
-0.291555
0.293055
-0.000273733
-0.00419138
-0.551862
0.00107886
-0.00179157
0.000222526
0.000389569
-0.452325
-0.541714
-0.00378058
0.544233
-0.00160045
-0.000669987
0.00167137
-0.444366
-0.00289254
0.446269
0.00276778
-0.0016047
-0.00175837
0.00129062
-0.452413
-0.00489602
0.00220697
0.00179517
0.000977688
-0.550425
-0.444336
4.99302e-05
0.446282
0.000866112
0.000601803
-0.00358927
-0.539914
0.0011531
0.54268
-0.000215173
0.00195962
-0.295738
-0.00395133
-0.289771
0.291271
0.00177531
0.00212764
-0.549504
-0.00218299
0.00362424
0.00150057
-0.00294311
-0.45321
-0.538723
0.00255904
0.541436
-0.00107573
0.00433128
-0.00125723
-0.443812
0.00100841
0.446134
-0.000182612
0.000568667
-0.00353052
-5.60744e-05
0.00159676
-0.448643
-0.00171407
0.537791
-0.00247416
1.34413e-05
0.00102664
-0.44038
-0.00408209
0.442597
-0.000966263
0.00374332
-0.00168238
-0.00156325
-0.452458
0.000177976
-0.00150247
4.02278e-05
0.00209983
-0.548259
-0.4428
-0.000715979
0.445451
0.00117656
-0.00183242
0.00190357
-0.536237
-0.00238832
0.539556
0.000896859
-0.000453957
0.00222964
-0.00405689
-0.00157277
-0.543933
-0.00186827
0.441664
0.00200579
0.000750079
0.00282454
-0.532743
0.00161026
0.535425
-0.000544794
-0.0038183
-0.297217
0.00211906
-0.290906
0.29253
0.00143253
0.0018486
-0.00170875
-0.452986
0.00443692
0.545442
0.00159731
-0.00300016
-0.00181672
-0.443701
0.00149011
0.44595
0.00073136
6.83775e-05
-0.00113726
0.00116
0.00332395
-0.553031
9.12964e-05
0.446051
-0.00260618
0.00107391
-0.00289489
-0.541987
-0.000807707
0.544555
0.00392284
0.000215915
0.29137
-0.00503322
0.00490561
-0.29049
-0.00486802
0.00478944
-0.289684
0.28957
0.00123205
-0.00304877
-0.539969
0.00135389
-0.0010207
-0.000295017
-0.000115816
-0.443175
-0.539342
-0.00361715
0.538845
-0.00129034
9.53178e-05
0.00190195
-0.443281
-0.00218864
0.442714
0.00222185
-0.00189934
-0.00207654
0.00147399
-0.443155
-0.00346973
0.00180055
0.00139824
0.000516665
-0.538954
-0.443338
0.000836943
0.442736
0.000301008
0.000786858
-0.00194259
-0.539246
0.0017894
0.538596
-0.00131644
0.00131935
-0.288953
-0.00192526
-0.289117
0.288664
0.00164507
0.000524716
-0.536626
-0.00206398
0.00192618
0.00184223
-0.00189757
-0.441887
-0.534164
0.00133683
0.534357
-0.000677982
0.00368833
-0.00151734
-0.438664
0.000404905
0.43905
7.57582e-05
0.000663006
-0.00223254
6.25207e-05
0.000694847
-0.438904
2.71062e-06
0.53328
-0.00205395
0.000668293
0.000686321
-0.439209
-0.00095659
0.438401
-0.000922242
0.00152466
-0.000816957
-0.00114591
-0.440799
0.00265784
-0.00263124
-0.00122687
0.00163892
-0.534244
-0.439529
-0.00200026
0.439619
0.002246
-0.00177579
0.00296722
-0.531491
-0.00256897
0.531963
0.000300485
-0.000903133
0.00241705
-0.00295034
-0.0010988
-0.531109
3.2965e-06
0.438025
0.000884691
0.000241337
0.00121216
-0.531716
0.00309899
0.530685
0.000576133
-0.0040862
-0.289831
0.00306918
-0.288771
0.288835
0.00309787
0.00158726
-0.00282827
-0.442364
0.00400936
0.539666
0.00218966
-0.00234169
-0.00152207
-0.441797
0.00155538
0.441528
0.000389564
5.41993e-05
-0.000141988
0.000392387
0.00239025
-0.540403
0.000317393
0.441367
-0.00234947
0.000912259
-0.00156988
-0.540251
-0.000798197
0.539603
0.0032327
-0.000250892
0.288478
-0.00554076
0.00552325
-0.29011
-0.0069382
0.00703474
-0.292622
0.291706
0.00109896
-0.00325308
-0.540217
0.00153266
-0.00104007
-0.000357976
-0.000155571
-0.444174
-0.544629
-0.00357424
0.543019
-0.00227639
-0.00104082
0.00143432
-0.448205
-0.00224746
0.446744
0.00218627
-0.00130425
-0.00211766
0.00178519
-0.444297
-0.00111208
0.0020819
0.000343756
-0.000788101
-0.541016
-0.448542
0.000659031
0.447006
0.000475799
0.000413994
-0.000952435
-0.547108
0.00229169
0.545006
-0.00222584
0.00118781
-0.289972
-0.000427686
-0.294005
0.292492
0.00204811
0.000942867
-0.534663
-0.00194561
0.00285152
0.00160508
-0.00260602
-0.438974
-0.538853
0.00250832
0.537221
-0.000411959
0.00514132
-0.000705051
-0.442093
0.00225317
0.440823
-0.000879506
-0.000465484
0.000643768
-0.000122561
-0.00137426
-0.440071
0.0016162
0.540694
-0.00202989
0.00129611
0.000426258
-0.446119
0.00143318
0.444219
-0.00107487
-0.000289239
-0.000614498
-0.00116505
-0.440019
0.00200709
-0.00121333
-0.000611484
0.000688981
-0.53261
-0.443097
-0.00104108
0.4419
0.00166175
-0.0011691
0.00220191
-0.536567
-0.000992135
0.535205
0.000321362
-0.00136741
0.00347478
-0.00243448
-0.00137631
-0.533239
0.000988109
0.443781
0.000421595
0.000267346
0.00223927
-0.54045
0.00349765
0.537771
-0.00011736
-0.0044908
-0.289239
0.00252237
-0.291733
0.290751
0.00268526
0.00134411
-0.00254578
-0.44261
0.00401259
0.543774
0.00237218
-0.0027543
-0.00147837
-0.446736
0.00211667
0.445108
0.000192321
-0.0002585
-0.000201586
4.8448e-05
0.00230505
-0.541432
0.00209664
0.445072
-0.00274361
-0.000224379
-0.00295951
-0.547765
-0.000151331
0.545238
0.00421022
-1.02663e-05
0.292073
-0.00807298
0.00846651
-0.29384
-0.00872527
0.00937583
-0.297541
0.296308
-0.000366562
-0.00451034
-0.546494
0.000888992
-0.00064179
-0.000679557
0.000559313
-0.449699
-0.552504
-0.000752645
0.550416
-0.00471683
-0.00223276
-0.000174788
-0.453665
-0.000374811
0.452456
0.00085301
3.53519e-05
-0.0023466
0.00122705
-0.450159
-0.0002404
0.00279895
-0.000335091
-0.000898017
-0.550191
-0.454895
0.00334163
0.453348
-0.00139405
-0.00145037
-0.00309688
-0.558888
0.00347926
0.555964
-0.00195098
0.00339734
-0.295905
-0.000628621
-0.303541
0.300463
0.00227609
0.00318424
-0.541169
-0.0014365
0.00525584
0.000542749
-0.00404203
-0.443538
-0.547942
0.00280508
0.545798
0.000621655
0.00703458
-0.000260367
-0.447573
0.00462912
0.446335
-0.00187804
-0.00216237
0.00297646
-0.000784737
-0.00235402
-0.448899
0.00214785
0.552856
-0.00231923
0.0016412
0.000726265
-0.455086
0.00215736
0.453329
-0.00147185
-0.00061714
-0.00175647
-0.00101576
-0.444632
8.23256e-05
0.000727413
0.000421416
0.00026616
-0.539367
-0.448484
0.000917734
0.447455
0.000144027
-0.00121847
0.000360218
-0.545501
-0.000366994
0.543813
0.00127452
-0.000752365
0.0041011
-0.00280371
-0.00214241
-0.543464
0.00163461
0.452103
-0.000212449
9.71922e-05
0.00332999
-0.552791
0.00403857
0.549608
-2.3984e-05
-0.00540301
-0.293102
0.00106032
-0.297199
0.295841
0.00344728
0.001606
-0.00299798
-0.448681
0.00469867
0.553161
0.00168439
-0.00371156
-0.00239672
-0.453751
0.00317699
0.452219
0.000865939
-0.00114817
0.000693372
0.00145556
0.00261169
-0.550746
0.00473898
0.452742
-0.00413481
-0.00215594
-0.0058505
-0.560702
0.000643607
0.557169
0.00645647
0.00102231
0.300232
-0.00942952
0.0104593
-0.299012
-0.00896746
0.0108
-0.303905
0.302092
-0.00302088
-0.00557137
-0.554855
-0.00112139
0.00158791
-0.00239941
0.00213908
-0.454476
-0.562433
0.00376193
0.559683
-0.00724357
-0.00263358
-0.0034282
-0.454181
0.00406738
0.454768
-0.00300647
0.00198801
-0.00459935
-0.00113912
-0.456183
-0.00295199
0.00372428
0.000498168
0.00188111
-0.562793
-0.458115
0.00761753
0.45782
-0.00470644
-0.0058139
-0.00927523
-0.574137
0.0049663
0.570291
-0.00111539
0.00955628
-0.307936
0.00264269
-0.334171
0.322396
0.00396358
0.00494837
-0.550295
-0.000701154
0.00728464
-0.00073619
-0.00559335
-0.448561
-0.555743
0.000861857
0.554076
0.00288245
0.00868808
4.17687e-05
-0.44793
0.00620038
0.448668
-0.00330466
-0.00384962
0.00441981
-0.00115975
-0.00395327
-0.456305
0.00374456
0.565876
-0.00299799
0.0058857
0.00163904
-0.457261
0.00564775
0.456927
-0.00363847
-0.00322146
-0.00314141
-0.00117891
-0.449077
-0.00242032
0.000674553
0.00191655
0.00152175
-0.54819
-0.448006
0.00296256
0.448929
-0.00163878
-0.00242239
-0.00336643
-0.553171
-0.00105667
0.551876
0.00413666
0.0011917
0.00527515
-0.00200848
-0.00299237
-0.556439
0.00511642
0.457389
-0.00330337
-0.00102378
-0.000131467
-0.567217
0.00590754
0.563658
0.00371205
-0.00605843
-0.298839
-0.00167391
-0.304195
0.302264
0.00422127
0.0024961
-0.00390805
-0.454921
0.00553348
0.563611
0.000590891
-0.00519887
-0.00476851
-0.455243
0.00538952
0.45569
0.0022451
-0.00366857
0.00112938
0.00416109
0.00387843
-0.564621
0.00784587
0.458349
-0.00775046
-0.00476459
-0.0116384
-0.577484
0.00203922
0.572994
0.0121788
0.00164748
0.322548
-0.0104735
0.0130359
-0.306305
-0.00891884
0.0141771
-0.317708
0.312903
-0.00564366
-0.00584829
-0.565586
-0.00476653
0.00595381
-0.00644008
0.00407598
-0.45256
-0.577573
0.00622419
0.572992
-0.00910703
-0.000516951
-0.00621303
-0.442516
0.0095411
0.446715
-0.00812317
0.00155818
-0.00750473
-0.00634205
-0.457573
-0.0109328
0.00539379
0.00083598
0.00998044
-0.578813
-0.452214
0.0104151
0.454621
-0.00639597
-0.0116349
-0.0183519
-0.586756
0.00721578
0.585424
-0.00596378
0.0197544
-0.350346
0.0113747
-0.425416
0.396408
0.0064834
0.00813849
-0.557796
4.59286e-05
0.00902505
-0.00314813
-0.00715671
-0.446667
-0.56432
-0.00160758
0.561864
0.00593159
0.0130244
0.000651646
-0.437034
0.0101565
0.440519
-0.00744738
-0.00643947
0.00785799
-0.00358463
-0.00682378
-0.455826
0.00469983
0.578246
-0.00618211
0.0161731
0.00174717
-0.445711
0.0104847
0.449287
-0.00790014
-0.00695892
-0.00556919
-0.00273743
-0.446037
-0.00693968
-0.000416273
0.00543328
0.00422062
-0.555626
-0.437268
0.00867513
0.441245
-0.00574451
-0.00589869
-0.00955715
-0.561848
-0.00266357
0.559719
0.00998436
0.00467637
0.00665006
0.00399433
-0.00365612
-0.571021
0.0109615
0.450017
-0.0080096
-0.00508148
-0.00954246
-0.578739
0.00703123
0.576965
0.0139894
-0.00882906
-0.30679
-0.00429151
-0.318925
0.31383
0.00639831
0.00410793
-0.00664903
-0.453748
0.00634642
0.576509
0.00180681
-0.0074149
-0.00672657
-0.443083
0.00865502
0.447576
0.00136971
-0.00743782
0.00240108
0.0116724
0.00387223
-0.582087
0.0101791
0.45499
-0.0128707
-0.00625969
-0.0199264
-0.5908
0.00451804
0.58908
0.0217019
-0.00387316
0.396996
-0.0113982
0.0184619
-0.324267
-0.00891605
0.0210303
-0.354164
0.342583
-0.00779339
-0.00277593
-0.582694
-0.00634286
0.00961714
-0.010217
0.00212971
-0.436647
-0.597229
0.00218725
0.592828
-0.0116118
0.00599621
0.00133258
-0.41533
0.00474115
0.422179
-0.00361534
-0.00820389
-0.00719734
-0.0115295
-0.448282
-0.0188748
0.00674912
-0.00618697
0.0193857
-0.586371
-0.431674
0.00322563
0.437631
0.00259739
-0.00928832
-0.0163854
-0.55671
0.00500118
0.571444
-0.0172157
0.0154209
-0.456701
0.013627
-0.549365
0.520204
0.0102739
0.0149953
-0.567354
0.000929443
0.0132759
-0.0089872
-0.00922457
-0.432528
-0.56975
-0.0101525
0.570509
0.0122837
0.019003
0.000556914
-0.413368
0.0132819
0.419415
-0.0151152
-0.00423285
0.0116608
-0.00787868
-0.00968493
-0.439824
0.00166123
0.569749
-0.0180793
0.0206885
0.00113075
-0.417801
0.00986395
0.424953
-0.0112328
-0.00569931
-0.00942997
-0.00716613
-0.431581
-0.0138918
-0.00369807
0.012059
0.00918054
-0.565077
-0.414354
0.0112849
0.420058
-0.00263521
-0.0132983
-0.0172745
-0.567183
-0.0117108
0.568322
0.0158828
0.0124889
0.00680301
0.0156302
-0.00900172
-0.579435
0.00955664
0.424638
-0.00565563
-0.00904768
-0.0118034
-0.558569
0.00414872
0.569697
0.018849
-0.0211085
-0.32577
-0.0052511
-0.35648
0.344759
0.00952485
0.0020287
-0.0100317
-0.437317
0.0028405
0.596487
0.00767388
-0.0103717
0.000893411
-0.416494
0.00516077
0.423076
-0.00839735
-0.00361084
0.00431534
0.021026
-0.00450091
-0.590453
0.00549964
0.4383
-0.0107301
0.00120019
-0.0178551
-0.56155
0.00300971
0.575957
0.0179439
-0.0164488
0.520994
-0.01612
0.0280036
-0.365547
-0.0389968
0.0196829
0.369634
-0.0128714
0.00182332
-0.599867
0.00573366
-0.00223837
0.00145105
-0.0101502
-0.40908
-0.00188869
-0.0373649
0.00223318
0.598077
0.0351818
-0.0205588
0.0338554
-0.0391951
0.408812
0.00898246
-0.00503505
-0.423997
-0.0118321
-0.00312816
-0.0111191
0.00739174
-0.536539
-0.0185073
0.0370229
0.0193329
0.414627
0.0325769
-0.0499778
0.0429381
-0.0377169
0.493237
-0.570285
-0.0299993
0.546003
0.0202108
0.0208779
-0.565844
0.0008242
0.0136017
-0.0178512
-0.00170935
-0.40773
-0.0354561
0.0344736
0.0221862
0.551092
0.00155071
0.008744
-0.0306881
0.0254512
0.407471
0.000982748
-0.00933123
-0.000122623
-0.40907
-0.0541852
0.033662
-0.0223262
0.498159
0.000221106
-0.011575
-2.08662e-05
0.0181371
0.400827
-0.000257879
-0.0155171
-0.409046
-0.0242733
-0.0178123
0.0178536
0.0208135
-0.563265
0.00601775
0.0283843
-0.0271307
0.407547
-0.0164581
-0.0368984
0.0187455
0.0355888
0.547418
-0.00557233
0.012963
-0.0163068
-0.540778
-0.0121411
0.0186379
0.000718229
0.399439
0.0319241
-0.05297
-0.0242597
0.0315622
0.497265
-0.367716
-0.0362567
0.370805
-0.00176572
-0.0104035
0.00132199
-0.410546
-0.00254571
0.0047491
-0.0359967
0.600951
0.0355906
-0.0204951
-0.0400782
0.0336532
0.410352
-0.00391456
0.00965239
-0.0110358
-0.541501
-0.0162646
0.0184867
0.0354285
0.41618
0.0307739
-0.0508039
-0.0359639
0.0434546
0.498056
0.546429
0.205749
-0.10405
0.0564235
-0.157963
-0.0487278
0.0426185
0.212081
0.316356
-0.0311538
0.0740565
-0.0837243
-0.275184
0.0134877
-0.363485
0.00626411
-0.0493221
0.393586
0.0377077
-0.0558831
0.348478
0.00935511
-0.0637669
-0.339829
0.182636
0.0653438
-0.0971922
-0.150697
0.039346
-0.0581081
0.20152
-0.14282
0.0237837
0.0369626
0.0352213
1.79866
-0.477297
-0.492476
-0.488094
-0.498986
0.00474439
-0.00328678
0.0240365
0.0200229
0.147402
-0.0282214
-0.0180006
-0.0297133
1.81451
-0.485804
-0.498647
-0.502281
-0.504376
0.00175054
-0.00358218
0.0724027
0.0511855
-1.95298
0.128103
0.0031407
1.82959
-0.00244482
-0.0131173
0.140824
0.0646934
-0.0347107
0.518803
-0.0249144
0.00124108
-0.00558233
0.508953
0.076126
0.143838
0.00169111
-0.047066
-0.00871532
0.0404271
0.0322384
-0.129032
-0.0936499
-0.0631535
-0.0551995
-0.255905
0.0657613
0.125041
0.0749692
0.0652397
0.126674
0.0770627
1.77468
-0.487986
-0.488248
-0.498759
-0.458242
0.194224
-1.9666
1.81377
-0.000987398
0.0245391
0.0166166
0.0281705
1.77756
-0.47612
-0.477281
-0.483542
-0.482982
0.0926836
0.517807
-0.0101909
-0.111144
-0.115074
0.476892
0.000187574
-0.0835319
-0.0192493
0.0207145
0.00537575
-0.0490911
0.0109514
0.0593455
0.0418712
0.000444091
0.0560079
0.522415
-0.0131726
0.406917
0.0451371
-0.0227126
-0.0399618
-0.0384642
-0.350336
-0.0123665
-0.344099
0.427692
0.0390502
-0.43003
-0.0340106
0.440513
0.0888992
-0.0733461
0.0941334
-0.452089
-0.02517
0.00687044
0.452618
-0.209735
-0.0310058
-0.419523
0.306062
-0.0400945
-0.0889331
0.0943005
-0.27121
0.0219909
-0.365606
0.00614556
-0.0592469
0.39693
-0.0527785
0.0549603
0.326037
0.00602205
-0.0722341
-0.339328
0.14697
-1.95378
1.83
0.489087
-0.0190755
-0.0302436
-0.497764
0.133726
0.0240958
0.0365033
0.035733
1.79898
-0.478126
-0.493201
-0.488595
-0.499712
0.00593059
-0.000748668
0.0260839
0.0223903
-0.00330506
0.509657
0.0744983
0.141059
-0.127804
-0.0926604
-0.0623602
-0.0533297
-0.0467586
-0.0083331
0.0406887
0.032792
-0.0134633
-0.00250491
0.140952
0.0644654
-0.0340526
0.519777
-0.0248229
0.252588
0.0247522
0.0169585
0.0269977
1.77927
-0.476515
-0.477579
-0.483814
-0.483172
0.296261
0.0135715
0.0227782
0.0163489
1.78935
-0.475705
-0.479591
-0.497223
-0.482899
0.0653763
0.123898
0.0727515
0.0659647
0.127301
0.0787761
1.77482
-0.488402
-0.499653
-0.488283
-0.458631
-0.0494464
0.0107777
0.0588231
0.0418133
-0.0836562
-0.0196128
0.0203192
0.0053415
0.05652
0.522934
-0.0133206
0.0929725
0.518787
-0.00932773
-0.115249
-0.111115
0.477394
0.368648
-0.0379727
-0.0483166
0.0876344
0.0394824
-0.408998
0.00911093
-0.391155
0.00143096
0.0453972
0.365362
0.0313074
-0.442028
0.0344895
0.412715
0.0278242
0.0146242
-0.000419925
-0.452432
0.0583211
-0.00638464
0.357726
-0.00262605
0.0486578
-0.446823
0.0309745
-0.479199
0.420369
0.0121217
0.124283
-0.0843247
-0.0551439
-0.417064
0.00456821
-0.458688
0.0551979
0.454391
-0.0583584
-0.0911373
-0.335872
0.368503
0.0100445
-0.0754808
0.0507391
-0.134866
-0.136893
-0.165295
-0.139057
-0.00824667
-0.044695
-0.0412178
0.420047
0.0829177
-0.45723
-0.0619798
-0.286933
0.408614
-0.0394521
-0.0415219
0.029779
0.0837223
-0.440825
0.0208305
-0.461182
0.0618292
0.434286
0.0189401
-0.401656
0.00348996
0.0487833
0.381081
0.0460757
0.0580686
-0.064793
-0.448961
-0.0061694
0.0561152
0.398832
0.0537273
-0.491589
-1.75705e-05
0.0631047
-0.447905
-0.0959512
-0.0924233
-0.173313
1.19957
-0.921467
0.888678
-1.03688
-0.130464
1.56254
-0.439508
-1.02265
-0.100979
1.04512
-0.400392
-0.642909
0.235772
-0.447969
0.703661
1.30129
0.00752981
-0.109924
1.16236
0.0457251
-1.0616
0.0543384
-0.194483
1.46504
-1.42067
0.127384
0.0174442
-0.383241
0.595669
0.852285
0.263345
1.41324
-1.39464
-0.399166
-0.0635104
-0.664872
0.806618
1.14346
-0.0922273
-0.53267
0.531504
0.165518
0.0115989
1.74358
5.36833
-2.19844
-1.0239
-0.878001
-1.12335
-1.23554
0.982256
-0.941353
-0.0455782
5.9197
-2.4965
0.608789
0.429031
0.481298
0.462276
-1.33141
-1.1366
-1.50583
-1.46159
3.68922
-0.354788
-0.277796
-0.297578
0.638366
0.435623
0.661699
0.191301
0.204934
0.236934
0.165477
-0.943397
-0.711565
-0.944481
-1.08904
1.37335
-0.366384
-0.0464789
-5.9582
5.69078
-1.44908
0.314522
0.379225
0.0648745
0.250715
-4.02116
4.50637
-0.122588
0.176937
0.0936269
0.164892
0.00258966
-0.0384299
-0.00873085
0.00365221
-0.424928
1.32394
0.112963
-1.42227
1.37504
-1.38266
-0.213393
0.0218599
-1.9106
0.166717
0.35254
0.490106
0.408931
-0.714703
0.274955
0.415415
0.270348
0.0371887
0.129204
0.0694185
0.0899226
1.86765
0.278087
-0.762829
-1.51169
0.154491
0.0178698
-0.0424577
1.24224
-0.0352524
-0.128276
1.48548
0.0547104
0.0498627
1.75475
0.506949
-0.862139
-1.30953
-0.245014
0.495315
1.20061
0.164415
0.662291
1.12814
-0.181077
1.42939
-1.31656
0.0524359
0.121585
5.13168
-0.998873
0.0651239
-0.0848072
0.177061
0.171285
5.0412
0.681332
-0.148311
-0.0318778
-0.223846
-0.048904
-0.138059
-0.0507994
-0.175837
-1.37133
-0.652919
5.31925
1.38536
0.719698
1.33908
-0.151093
0.0549037
4.79007
-0.653463
-0.0253433
-0.0247248
-0.247768
-0.10864
5.84794
0.811024
-0.325816
-0.59809
-0.445392
-0.00458906
-0.241452
-0.177106
-0.00659949
1.47909
0.342084
0.103297
1.01009
0.263396
-0.632116
-0.909245
0.259007
1.05802
-1.1296
-0.213189
-1.5891
-2.2463
1.69587
1.30007
1.36042
1.38916
1.33132
-1.0907
1.03651
0.048029
-0.0659295
-0.443635
-0.347133
-0.453649
-0.285181
1.07647
1.02329
1.37313
1.28679
0.377761
0.329136
0.414262
-1.11496
-0.760609
-1.23095
-0.17665
-0.259668
-0.315896
-0.0819748
1.80612
1.51631
1.59612
1.84055
0.707404
-0.948791
0.995207
0.248954
0.712932
-1.03436
0.617586
-0.303129
0.459667
-1.12649
0.652991
0.416058
-0.778698
0.785613
0.95875
-0.262906
0.959668
-1.00833
-0.783171
-0.0935355
0.532679
-0.551429
0.20941
0.791486
-2.69248
-3.77462
4.03655
0.877042
0.841699
0.901836
0.877403
-0.689589
0.832601
-0.144874
-3.49867
4.58953
-1.1451
-0.889417
-0.943356
-0.966148
0.907642
0.677455
1.01673
1.0108
-3.9776
-0.496705
-0.419804
-0.38449
-0.643346
-0.493468
-0.784537
0.332196
0.383666
0.512699
0.26799
0.994938
0.837158
0.918572
1.10625
0.938719
-0.715974
-0.837061
-0.424943
0.120222
-1.24818
0.00620597
1.18636
0.4044
0.511166
-1.17151
1.1368
-0.319887
-0.158183
0.432641
-0.594999
-0.975398
0.539643
1.1023
-0.82371
-0.128902
3.33895
-3.17937
3.71473
-0.886888
-0.875933
-0.837603
-0.727537
0.399601
-2.59787
-1.93655
4.29277
4.24073
-4.4701
-1.76447
-0.167932
-0.175448
-0.202646
0.101095
0.223257
0.184434
0.198562
4.50148
-1.01674
-1.02881
-1.17931
-1.04008
-1.1123
1.03683
0.683827
-0.0965082
-1.6797
-0.302547
-0.446698
-0.324561
0.138108
0.28204
0.171875
0.214769
0.268355
0.639774
-0.63539
-0.319442
0.0504118
-0.840326
0.870559
0.384523
0.28773
-1.01231
0.936703
-0.325189
-1.54831
2.543
3.80164
-3.85568
-0.827709
-1.0297
-0.98595
-0.793313
0.513491
-0.575507
0.0622976
1.40333
-3.49808
0.535833
0.448572
0.716775
0.694476
-0.390792
-0.461444
-0.623748
-0.354419
0.433782
3.90956
0.60286
0.523392
0.620096
-0.303859
-0.172769
-0.240047
-0.265395
-1.38732
-1.09886
-1.09717
-1.28739
0.70064
0.438417
0.703937
0.765094
-0.505681
0.00687639
1.04969
-0.671384
-0.189159
0.280405
-0.320517
0.647084
0.047727
-1.61507
2.01944
-2.85004
0.492774
0.450544
0.301858
0.418856
-1.05646
2.02307
2.19745
-3.52788
-3.91903
0.166928
4.13959
1.30812
-0.119801
-0.118181
-0.113534
-0.0969597
0.175059
0.105589
0.136199
-3.33783
0.374552
0.578606
0.505291
0.63213
0.0978946
0.814642
-0.748137
-0.216635
0.0565842
0.382127
1.37844
-0.157509
-0.130967
-0.190514
-0.129376
0.252785
0.383552
0.237149
0.358164
0.620926
0.0589766
0.95308
0.0879243
-0.919556
-0.0847974
0.698354
-0.674923
0.0683637
0.0150636
0.527323
0.84098
-0.181105
-0.216936
-1.07966
0.974747
0.476311
-0.160128
0.0637813
-0.0152448
-1.23031
0.355676
0.170398
-1.14325
-0.0484696
-0.156414
-0.379188
-1.30175
1.05267
0.706528
0.51258
-0.975444
0.994855
-0.0609263
-0.183637
-3.09973
2.56862
-0.246761
-0.324241
-0.407325
-0.391454
-4.45816
-1.99374
-0.0466138
-0.158489
-0.0964445
0.306345
0.291071
0.281072
0.294108
1.30528
-0.0345565
-4.34803
-2.46476
1.39507
-1.10157
0.335474
-0.177602
-3.16637
1.73346
-0.201337
-0.0718645
-0.0408035
-0.0280874
-4.74475
-2.07113
0.182837
0.386326
0.161578
0.29683
0.314228
0.298435
0.312602
-0.22417
-0.666665
-0.195163
-0.443746
-0.808025
0.424933
-0.092257
-0.935718
-0.172225
-0.865332
-0.0964271
0.696776
0.357487
-0.0887037
1.20117
1.00208
0.201075
-1.03697
-1.1065
-1.07854
-1.02157
-0.795787
0.862259
0.18546
1.04934
0.0790836
0.010551
0.117727
0.0320493
-0.698967
-0.731154
-0.961859
-0.842684
0.672879
-0.612293
-0.0626525
-0.544441
-0.676588
-0.548432
0.762252
0.453101
0.741908
0.316023
0.337037
0.315977
0.387706
-1.4251
-1.17286
-1.16702
-1.41665
-0.168967
0.833751
-0.879792
0.147522
0.0602771
2.59586
-2.15071
0.140088
0.12163
0.222924
0.265233
4.18832
0.161631
-0.0213042
-0.106784
-0.0428973
-0.120081
0.00018383
0.0946019
-0.0366784
-0.649571
0.0139774
4.88109
-0.97467
0.0329612
0.867879
-0.123752
0.0394308
3.5632
-1.07469
-0.0864446
-0.0981516
-0.226895
-0.188035
-0.417029
4.30425
0.122744
-0.162792
-0.139781
0.0963005
-0.167912
-0.42743
-0.196852
0.984067
-0.768212
-0.402802
0.0897334
0.0536579
1.02506
-0.0905102
0.714
0.0215753
0.021413
1.25534
-1.05351
-0.559957
-0.153036
-0.27105
0.228825
0.810305
0.0247282
0.903495
0.414253
-0.862597
-0.529246
0.0853789
-0.445042
-0.988603
0.07516
1.30386
1.25167
1.26347
1.29942
0.769863
-0.840188
-0.150795
0.324165
-0.432378
-0.297914
-0.387826
-0.323101
1.01584
0.842494
1.19099
1.20803
-0.644645
0.598315
0.0252473
-0.506993
0.358161
0.249507
0.395179
-0.0780699
-0.106742
0.0456592
-0.129606
1.24456
1.13376
1.16609
1.24909
-0.786738
-0.51356
-0.778113
0.638066
0.0778268
0.773263
-0.0952048
-0.492909
0.561632
-0.82313
-0.102301
-0.947173
-0.413132
0.375402
0.989894
0.0112728
0.575597
-0.253713
-0.689978
-0.117316
0.503007
-3.25018
-1.60377
3.64205
0.584589
0.660382
0.632331
0.494633
0.839853
-0.77098
0.0707673
-0.374346
1.9096
-0.461614
-0.472152
-0.621381
-0.509299
0.18762
0.290109
0.41634
0.208053
-0.727558
0.7431
-0.0142267
-3.61209
-0.631019
-0.161684
-0.417583
-0.283513
0.124299
-0.0132486
0.194969
-0.00739418
1.25687
0.952309
1.00098
1.27588
-1.00034
-0.630459
-0.972666
-0.248495
0.130063
-0.838837
0.0342084
0.322669
-1.06917
-0.0206978
-0.0239114
-0.0130863
-0.0167862
0.116353
0.16181
-1.92209
-1.19554
2.54373
3.2814
-0.0927459
-3.46077
1.33562
-0.0354475
-0.134594
-0.171196
-0.0326018
-0.235852
-0.0687467
-0.194275
1.0985
-0.190105
-0.216205
-0.255
-0.264305
0.136225
-0.898242
0.877107
-0.145096
0.0395893
-0.531978
-0.175188
0.0957157
-0.0826274
0.110558
-0.0678799
-0.49583
-0.55139
-0.468601
-1.33969
0.839854
0.0825805
-1.34797
0.866621
-0.0062091
-1.12106
-0.542526
0.0854101
-1.24905
-0.00653457
1.17104
-0.108179
-1.10114
1.09898
0.0318154
0.115873
-0.979226
-0.739087
-0.067283
-0.948292
0.490441
-0.502267
0.905784
0.0557812
-1.48572
-0.797363
0.349017
0.279025
0.211584
0.268085
-0.373114
2.0744
-1.70066
-2.14068
-3.45458
0.104295
-0.0104567
-0.0530084
0.0171514
-0.062918
0.210753
0.126425
0.251347
-1.9269
-1.80366
0.397062
0.483995
0.473869
0.566583
0.224414
-0.885831
-0.244426
0.0161327
-3.96334
0.541151
-0.0923395
-0.12732
-0.11206
-0.119138
0.39515
0.56247
0.427177
0.469122
-0.52745
-0.9475
0.0618439
-0.750805
-0.634283
0.598219
0.715922
0.0684891
-0.470321
2.79899
-2.8388
-0.463796
-0.611258
-0.676217
-0.509462
-0.817225
0.80201
-0.087909
-2.24137
0.643337
0.52833
0.71467
0.675341
-0.613763
-0.601246
-0.786093
-0.62727
0.694313
-0.731026
0.00931897
0.604038
0.287474
0.35241
0.268362
-0.0951305
-0.112795
-0.111459
-0.147691
-1.35981
-0.987976
-1.06171
-1.39356
0.934675
0.618326
0.931205
-1.20478
0.984288
0.570329
0.142333
0.0520899
-1.19769
-0.0928458
-1.06813
0.112619
0.0864184
-1.43099
1.07062
0.803635
-0.250108
-0.764294
0.0271883
-0.898226
-0.195769
-0.689193
0.801003
0.0322693
0.22236
0.470858
-0.48047
-0.20729
-0.518905
-0.400131
0.54036
0.418451
0.525756
-0.413101
-0.494296
0.43263
0.441216
-0.354144
-0.362664
0.234307
0.491767
-0.385615
-0.423733
-0.395071
0.814965
2.51905
-0.840893
-0.86106
0.253702
0.133273
0.159642
-0.550447
-0.648381
-0.689395
-2.84546
-0.444158
3.17976
0.165373
0.0614036
0.125489
1.10083
-0.66836
-0.00529907
-4.28406
4.33315
-1.45942
0.287763
0.236515
0.193963
-0.596556
-0.743005
-0.715059
2.61195
-0.843538
0.0704308
0.0571933
0.103297
-1.22333
-0.450495
-3.10858
0.952555
-0.840685
-0.195937
-0.0992754
-0.106162
0.977375
1.03297
1.06837
3.72569
0.447551
-0.0911502
-0.0237763
-0.0801363
-0.80289
0.213047
-0.467454
4.15301
-1.34152
-0.454527
-0.235043
-0.211734
1.066
1.24948
1.1399
-0.358841
-0.077655
-0.0243368
-0.0721868
-1.51327
1.31416
-0.468004
-1.34092
0.498315
1.40933
0.805733
-1.35529
-0.731317
0.929485
-1.36959
1.33033
-0.844177
1.10715
-1.00102
0.913545
1.33932
0.959179
-0.429115
-1.34658
0.93974
2.15061
1.54862
-2.98541
-2.71776
0.501091
0.658617
0.70757
-0.166207
-0.0322454
-0.0734141
-1.8732
-2.96919
3.23743
-2.29026
-3.63458
-0.144199
-0.0934098
-0.151104
5.06629
-1.09031
-5.80699
-3.55995
-0.262668
-0.245919
-0.174785
0.571566
0.817779
0.737885
-3.74628
-3.49746
-2.64822
-0.0426038
-0.0904136
-0.0999114
-1.67384
-3.00549
5.07052
2.22651
-1.12289
-1.00642
-1.23662
0.476758
0.329142
0.331204
1.62595
2.59106
-4.10037
1.71006
0.188302
0.219194
0.206391
-5.58639
3.20661
1.85429
0.34116
0.214042
0.214789
-0.93971
-1.0581
-1.01625
1.90233
2.6919
0.443345
0.346697
0.340097
2.55166
3.46982
-0.659174
-2.71733
0.260289
0.127391
0.153591
-0.817316
-0.878169
-0.969629
-3.6825
-2.74946
0.0439233
0.00771131
0.0575418
0.0554868
-3.18084
-0.179744
-5.81459
-4.01643
0.264648
0.149583
0.140729
-0.922543
-1.08791
-0.994785
-3.16663
0.0624515
0.00572065
0.0680687
-3.85284
-1.05473
0.303138
1.11025
-0.35681
-1.11194
-0.58733
1.05243
0.499637
-0.5441
1.05409
-1.08473
0.437789
-0.965211
0.80404
-0.613996
-1.11576
-0.656315
0.249227
1.03493
-0.666167
0.117611
2.81826
-4.17902
1.25211
1.27702
1.00777
1.04212
-1.28132
-0.965842
-0.952117
-3.15464
-1.13063
2.85919
2.13133
-0.469714
-0.433206
-0.497643
2.29748
-0.216115
0.177707
-1.01107
-0.704118
-0.759663
0.867915
0.670647
0.705492
-0.836904
3.77929
-0.682664
-0.503819
-0.620825
5.05827
-3.2447
0.851521
0.860547
0.824378
-1.19967
-1.22457
-1.24496
0.377173
-2.66412
5.9148
-0.88931
0.491639
5.17548
-3.55581
-1.35503
-2.74825
5.64082
5.02555
-3.21282
-0.495432
5.47128
-2.71794
6.08066
-2.86546
-1.22466
-5.89998
-1.55725
5.78276
0.0174068
-1.69774
-2.18831
5.63675
-0.127865
-2.24091
-0.13242
-6.21101
-0.761741
6.16713
-1.63727
5.57613
-1.84557
3.03705
4.21605
-2.8392
0.462899
5.14815
4.78041
-2.62382
-0.504488
5.18083
0.805442
2.95771
5.21896
-3.09732
4.76539
-2.36416
5.91718
5.35834
-2.19111
-0.228747
1.62514
-4.97687
4.92664
-1.38302
0.0088478
-6.08004
6.14475
0.444087
1.92179
-1.91683
5.36294
-1.94959
5.36841
-0.909577
-0.442279
0.856421
5.70031
-0.631256
4.88697
-5.29806
0.355395
4.904
-0.587225
-0.31224
5.9599
0.38715
-0.945195
5.68939
1.20636
-4.40807
0.0909391
-0.19862
-0.340962
-0.150973
0.873913
1.11529
1.05371
-0.813847
1.58838
1.39782
-0.77354
-4.97667
2.43107
1.56443
-0.434393
-4.35555
0.169011
0.532207
-0.419943
1.91843
0.89883
-5.18895
-0.430277
0.246031
4.79621
0.957303
4.69076
-0.812654
-0.199162
6.00318
-0.168535
-1.3488
4.95891
1.532
4.31464
-0.228172
5.74436
-0.461066
-3.61326
0.826146
-0.533998
-4.83856
-4.13857
-0.174193
0.418892
-0.396979
-2.10356
2.26321
0.104098
-2.56571
3.54308
1.2526
2.25809
-3.82484
2.80991
-2.3846
1.91769
-1.00211
3.53588
-1.63924
1.16339
-2.98813
3.9458
4.26652
2.90105
-2.89178
1.36508
3.74594
-0.727354
-0.852898
-4.49309
-0.671487
4.43447
0.812936
-1.46775
0.656125
-3.14408
0.301266
3.25094
0.0822176
3.63022
-1.21708
2.33428
0.956338
0.0137359
0.184985
0.0270052
-0.509572
-0.784094
-0.670099
1.23945
1.32058
-2.31046
0.534127
3.25379
0.390819
-1.14734
2.2473
1.80682
1.62242
-0.52836
2.95065
2.16557
-1.00359
-1.56881
0.183573
0.8569
-0.058457
1.91359
1.11816
3.06285
0.150813
-0.48088
-2.37664
2.42424
2.82828
-0.512477
-3.33086
-0.610757
2.96711
1.42683
4.18171
-0.123885
0.404418
2.05942
4.08242
0.586325
3.31739
1.45582
3.80939
0.721511
3.21887
2.58925
1.39076
-2.9942
-0.110865
-2.38177
3.99236
-2.05304
2.16942
-0.694392
0.0207213
1.51184
-0.16666
2.3892
2.66288
0.378656
-0.709842
-0.217469
-2.42783
0.338059
-1.72976
0.0743145
-2.42979
0.131678
1.93348
-0.36302
2.32809
2.06539
-2.83286
0.707727
-0.425703
-0.550012
-0.392266
0.701277
0.920103
0.822637
-0.622343
-1.33653
1.9278
-0.578032
-2.78126
1.3262
-1.01607
-2.0315
0.337333
0.982073
0.0962403
-0.762153
0.0461438
0.764779
-0.149242
0.89589
-0.129757
-0.864158
0.0864491
-0.0411427
-0.0730865
1.10868
-0.0378233
-0.017257
0.896684
-0.85357
-0.172688
0.88886
0.0572817
-0.73475
-0.178782
0.922584
-0.136718
0.0546709
0.693374
0.11957
-0.109041
-0.654671
-0.910432
-0.0308807
1.18355
-0.78809
0.0515106
-0.0429001
-0.1392
-0.0403403
-0.0682139
0.00830566
0.0850471
-0.126694
-0.973725
-1.08556
0.636252
1.05637
1.14456
1.11507
0.999184
-1.29189
-0.92218
-0.604161
0.785238
1.4221
-0.667047
-0.986442
0.928322
0.481143
1.12967
-0.850825
-1.30669
1.13126
1.48292
0.863933
0.399865
0.695052
-0.0507961
-0.669304
-0.382521
-0.814419
-0.418494
0.809037
0.443737
0.0331046
-0.441106
-0.991361
0.405346
0.0259274
-0.859526
0.856713
-0.480242
-0.792449
0.406386
0.682489
-0.386646
-0.836483
-0.459056
0.338711
-0.122308
-0.551126
-0.340662
0.824017
0.470722
-0.662053
-0.996888
0.135752
-0.445092
0.418737
0.654893
-0.243933
0.219218
0.333972
-0.439623
-0.328177
0.500336
0.838138
-0.983983
-0.795808
-0.584978
-0.788018
-0.512494
1.01233
0.333633
0.852346
-0.500203
-1.38049
0.238873
1.01774
-0.972334
-0.280432
-0.702833
0.293901
1.03863
-0.628242
-1.8697
-0.547877
0.458217
-1.0429
-0.282938
-1.08633
0.709743
0.303312
0.964576
-0.189758
0.887807
0.406084
-0.596151
12.6052
-13.4937
12.8891
-13.866
-6.44971
-2.35849
0.34983
-1.63224
-0.738143
9.15394
-2.34995
-1.26659
-0.827169
-1.6765
8.30804
-1.20318
4.96718
-1.58338
8.68297
-1.82
8.28629
-10.5711
-6.68541
9.50637
-1.36211
10.9306
9.15258
-1.11469
-0.818477
8.77434
-1.18231
-8.99613
-1.99037
8.60108
2.93586
1.99566
-1.25183
1.75345
-1.82212
2.42972
9.98373
-3.41287
-1.22955
1.36578
-8.19696
-1.16659
7.99903
-1.21937
9.75133
-1.12883
-0.289005
7.45918
-7.87726
7.43774
-7.8285
0.0955465
9.61469
-0.588502
-2.84915
0.754025
-9.56533
-1.08948
9.93515
-0.0523724
-1.24038
9.91499
-2.74918
0.0167433
-11.0072
-7.45325
-0.577869
9.7875
11.6298
9.16144
0.200987
11.0548
0.468167
0.611611
7.52005
8.77512
0.161754
8.85474
9.76833
0.38705
10.3041
-3.90956
-0.706311
1.72213
-8.27959
8.18461
0.738024
-10.2516
10.2982
-0.134964
0.974466
3.93467
-0.635543
10.2839
-0.0232083
-0.796465
2.961
4.61898
-0.587667
7.02554
-2.19075
3.55245
-3.87325
-2.04835
5.88145
3.39854
-2.27614
4.71595
3.73414
-8.33058
3.19014
5.90795
-0.781307
-0.813382
6.89681
-0.978391
-1.10316
5.63614
-0.810436
-3.86287
-0.67771
-3.38163
-2.27335
-1.763
4.61512
4.65725
-0.775333
-4.31329
-4.23312
-0.615272
4.22891
-0.231442
-0.781127
-8.79676
-0.421359
6.26176
1.70155
0.749243
8.91559
0.303148
-0.0463106
0.123205
6.57295
1.83562
0.0823143
-0.160957
5.79778
6.30901
0.105494
-9.19324
2.87946
-0.103638
7.38932
-0.646638
7.33594
0.563655
9.37731
0.0328654
0.258637
-2.75054
6.70061
0.0642617
6.62803
8.01667
0.344503
6.41972
5.89874
0.377324
-5.98794
-5.27697
4.84248
-0.336818
-7.97176
0.63093
-0.408416
-6.01429
1.03159
0.953376
-0.0745731
4.49622
-10.8685
-1.45217
-6.95921
-1.02457
-9.58528
-1.29547
-10.6201
13.9375
6.80318
-12.935
0.210119
-12.656
-10.8512
-0.56429
-0.119755
-10.6004
-0.381854
9.98118
-2.12785
0.482691
-2.02423
2.49993
-13.688
1.31173
-0.022665
-1.00167
0.218254
-2.77252
-0.784954
1.85319
12.441
-0.560095
-13.5361
2.37406
-0.601629
2.2815
1.51203
-14.2988
0.513771
10.2526
1.33941
-0.552578
-10.914
-0.507412
0.685804
-15.1862
0.978405
9.47939
-10.5997
9.66108
-10.4464
1.81986
14.1882
7.08
1.86826
-13.3687
-13.1357
-11.1832
-0.946224
-14.1906
1.93102
-0.64274
-7.18234
-11.3571
1.74319
-11.251
-13.2775
3.52319
-13.8837
1.79497
1.46902
-2.41052
13.6639
-0.612284
-14.8227
4.18423
-0.912896
-15.1597
1.77301
3.24554
1.75324
-14.8439
1.64982
11.1204
1.24694
-11.8846
-0.228257
-1.91221
1.07749
-1.92322
14.7483
-15.5816
3.22936
-15.7391
2.92689
0.441447
5.91514
3.27643
0.321518
0.611986
0.391192
-0.516705
-6.96713
0.0558504
-0.279363
-0.608324
0.645628
0.622067
-1.36419
-1.93392
5.04214
1.22864
0.417276
-4.33758
1.58011
-0.979063
-0.230543
0.796345
0.13807
-7.60253
0.382523
7.32256
0.840026
4.6451
0.61484
0.609688
5.10975
-3.97516
-2.77128
0.475021
2.84565
3.93018
4.03511
3.74601
-0.269592
4.4387
0.512614
-0.102807
3.08422
4.97507
0.393839
4.2407
3.11904
4.14803
0.748767
0.241004
2.90253
2.99991
0.367744
-1.74596
4.69281
0.273932
1.08569
-4.36659
0.734125
4.7941
0.430385
2.07735
-0.397304
0.0584257
-4.82359
0.629483
5.34632
-0.0618695
0.389077
5.26988
1.33886
0.344154
4.09695
0.437405
-0.458123
-4.16337
4.57383
0.652803
4.56661
0.599151
-13.2344
-0.566203
2.41228
5.23814
-0.605083
-12.1048
2.43292
-0.418701
-12.4269
2.43996
15.0356
-7.0645
-14.5835
1.38239
4.30832
-11.2926
-0.239859
0.922476
-12.9189
0.607754
-0.349825
-8.14156
-12.1231
0.722471
8.83001
0.415871
13.6801
0.319027
0.232355
-11.4222
-17.4325
2.43806
14.7407
18.9326
4.45667
-21.7231
2.14453
1.86627
14.4917
2.49597
-4.87222
-11.1938
-2.6681
-14.1216
-2.38705
4.35163
-2.6455
-4.5948
-10.8667
3.8452
15.4832
-6.99453
2.87815
-14.7775
4.23863
-12.1655
-2.30377
-15.2226
3.65427
-1.62211
6.71917
-13.1492
2.56435
-13.3968
-14.3809
4.24707
1.62413
-12.0887
-11.6156
2.38424
-11.2803
-17.3808
4.29637
14.7727
18.5017
-21.271
-3.40342
10.8523
4.5122
-3.02298
16.6854
3.95512
5.908
6.58474
0.442311
0.355949
5.37106
-4.81147
3.87825
0.552732
0.658442
-7.27756
-0.566081
-9.89851
0.639786
-0.0211234
-7.3727
2.68586
7.35913
-4.21923
0.629553
-7.15645
-7.39198
0.954456
-0.33704
0.42154
0.726168
0.396367
-5.6131
1.22209
-0.221086
-0.879587
5.53864
-0.386655
5.11413
0.391923
5.55569
-0.24989
-0.520934
2.48635
-1.0315
4.94116
-2.17008
-0.431699
5.46619
-0.700926
5.35006
-0.309265
-4.28694
0.410016
3.50996
-0.487026
4.19479
0.619191
3.37833
0.487184
3.5132
6.19009
0.228598
-3.68059
-5.6733
-6.48242
7.49226
0.925517
-3.06916
-1.19079
-0.115836
-5.86908
-0.0324843
-3.43227
0.178169
0.288505
0.323438
4.25094
-22.2572
-4.82457
1.5272
-1.0241
24.3092
5.34379
1.2384
-4.92779
5.64012
-5.48605
-4.81183
4.48813
-22.1554
-5.40097
5.98867
11.7674
0.382285
0.538055
1.7126
0.0131496
5.21596
6.76427
-25.1698
-21.4183
7.9652
34.2932
14.7365
-36.6913
12.6
-27.5689
13.1971
14.9237
-27.9013
14.8058
22.9753
11.4941
-18.8064
-18.1725
-16.0656
-22.6248
-6.16576
-13.7628
-12.1756
5.65667
-6.52525
-19.3923
5.93736
-13.9161
-14.7418
-15.7132
9.45653
6.26191
-19.0138
5.40852
-5.97549
11.8862
-2.41101
-10.8763
-1.72661
-7.10446
2.02249
-4.13575
14.409
-3.78927
-13.6426
2.9983
-2.17274
-18.3749
-6.56015
4.19197
7.53719
-17.4937
-13.4545
5.59797
-21.7166
11.5209
-12.2086
16.0284
-14.7916
7.27441
-21.202
7.69056
16.2397
3.85313
29.904
6.98871
10.7677
23.9853
-9.68328
-16.8799
14.2608
7.36124
10.0657
13.0497
3.25238
2.28972
3.37321
-33.1329
14.4399
11.1717
-23.4026
23.726
-15.6748
9.92494
13.6992
5.566
4.41936
-3.53755
15.7335
3.73419
-12.3103
2.938
-9.20686
1.26917
0.194008
1.50836
-7.31131
-0.991062
-3.90336
-11.4164
-1.50324
2.20109
-8.3027
0.48661
-8.83568
0.822595
1.64206
-6.19536
-10.9688
3.54421
8.80689
7.47362
8.96051
-8.16831
-0.460002
4.38121
-0.524331
-1.47466
8.10705
0.515578
5.65437
1.36068
17.2832
6.58418
-10.8463
-10.2604
-11.4541
5.39334
-7.12337
3.01541
2.48333
0.963347
-0.281944
-0.0513914
0.021483
-0.0199271
-0.00147285
0.0247334
-0.0984416
-0.0709409
-0.0516203
-0.0115701
-0.0422117
-0.0313838
0.0031682
0.0115823
0.00631512
0.294068
-0.0643495
-0.0731058
-0.260367
0.0356343
-0.366429
-0.0515443
0.389111
-0.0380328
0.319418
-0.0704581
-0.350595
0.418252
0.125305
0.0146573
-0.0857627
-0.415613
-0.0919418
-0.334901
0.367139
0.00238699
-0.45509
0.0534861
0.449764
-0.0555213
-0.0769682
0.0106919
-0.134528
-0.164937
-0.136458
-0.138679
-0.00528547
-0.0457389
0.417619
-0.286331
0.0828913
-0.455645
-0.0565994
0.369255
-0.0466666
-0.0616771
-0.419384
0.0289973
-0.405317
-0.00395041
0.381341
0.0359288
-0.434896
0.418531
0.0705223
-0.078108
-0.456655
0.0643357
0.350944
-0.450888
-0.000596781
-0.456152
-0.101246
0.00608459
0.0727525
0.0392182
-0.153373
0.0675214
-0.0579855
-0.0140056
-0.0149371
0.00469247
-0.0221189
0.0207047
0.138622
0.00605003
-0.0604761
-0.0704289
0.0758205
-0.0760275
-0.152018
0.000632349
-0.114654
0.0246323
-0.0960871
-0.111815
0.0127351
-0.0394091
-0.120787
-0.114897
-0.0522077
-0.150298
0.141448
0.00658894
0.00152556
0.00184907
0.0140984
0.0235325
0.00974331
-0.0574718
0.488008
0.0778221
-0.0521934
-0.0162929
-0.00185227
0.0013392
0.00619334
0.433088
-0.0318684
-0.0132196
-0.00192449
-0.0634142
-0.0496479
-0.0455946
-0.0499521
0.185234
0.0374992
-0.137457
-0.0118616
-0.13426
0.00862525
-0.0169284
0.0133246
0.013669
0.00624614
0.00726337
0.0906036
-0.0666104
0.0102063
0.0105841
0.00682282
0.0184934
0.00767349
0.00340024
-0.0182385
0.151897
0.508402
-0.050284
0.0083392
0.0329261
0.00386279
0.0223017
-0.0159095
-0.0175257
0.146892
-0.0578429
-0.115522
-0.132946
-0.132989
-0.128969
-0.140342
0.0960643
-0.0867071
0.0854089
-0.0427188
0.0222071
-0.135145
-0.13783
-0.137981
-0.135472
-0.0591492
0.202634
0.0275397
-0.155909
0.0145571
0.226052
0.407335
-0.0416299
-0.0396723
0.0302082
-0.439485
0.0193613
-0.400436
0.379812
0.0206235
-0.459557
0.0628178
0.432694
0.0593757
0.0462197
-0.447727
-0.00543686
0.397491
-0.446585
0.0541411
-0.490062
0.437119
0.0309619
-0.0342891
-0.375474
-0.00975762
-0.35252
0.442112
0.0445324
-0.444042
0.456477
0.107059
-0.0834123
-0.454324
0.0941316
0.481723
-0.214169
-0.429958
-0.0110075
-0.025397
0.0289105
0.138088
0.0926687
0.00676873
-0.0623327
-0.0751029
0.057642
-0.0924133
0.151484
-0.147594
-0.00162225
-0.110801
0.0251099
-0.0991164
-0.097441
-0.0360181
-0.119999
-0.0529124
-0.11289
0.0137142
0.051447
0.0176214
0.0112683
-0.0453343
0.0297719
0.0176281
-0.0139649
0.152295
0.52957
0.0677721
-0.0324197
0.000155193
0.0229211
-0.00648119
0.0111729
0.0364199
-0.0237278
-0.0129627
0.146317
-0.100489
-0.0701654
0.12488
-0.134629
-0.134719
-0.130825
-0.140863
0.073891
0.0869906
-0.0277683
-0.136093
-0.138798
-0.13482
-0.138432
0.0886556
-0.0320579
-0.194734
-0.0156003
-0.0984417
0.424769
-0.03648
0.336513
-0.0556902
-0.0178608
-0.0727197
-0.0571445
-0.0473111
-0.0564089
0.105574
-0.00807112
0.124033
-0.153057
0.176381
-0.196307
-0.0773641
-0.172743
-0.170677
0.390952
-0.0187113
0.0786146
-0.00734001
-0.377911
0.0274794
-0.281306
0.308478
-0.0237057
-0.432148
0.0615131
0.435748
-0.00744847
0.0419626
0.0346257
-0.139167
-0.163217
-0.137107
-0.132931
-0.0406488
0.0163665
0.418045
-0.257887
0.0794605
-0.42902
0.0309184
0.306141
-0.0477395
-0.0848475
-0.270597
0.0294546
-0.363096
-0.0545767
0.394585
-0.0495758
0.327259
-0.0654666
-0.339178
0.365069
-0.0326181
-0.0151438
-0.409289
0.0147114
-0.420747
0.40137
0.00167468
-0.402273
0.000640537
0.381497
-0.0465414
0.0413554
-0.443511
0.00262096
0.348523
-0.44992
-0.443461
0.00213754
0.0358821
-0.0932183
0.0564216
0.0152083
0.0153492
-0.144378
-0.0468027
0.0251902
0.0546381
0.221546
-0.0115296
-0.0117213
-0.0242985
-0.0336823
-0.0120063
-0.012576
-0.231245
0.467788
0.063062
0.109969
-0.00934169
0.0038029
0.0072907
0.012869
0.3876
-0.0287587
-0.0601038
-0.0192325
-0.067634
0.00278325
-0.0275333
0.0012171
-0.0395753
0.105488
-0.0407275
-0.0183867
-0.139949
0.026159
-0.00843706
-0.000897856
-0.0359015
-0.0202428
-0.0187704
0.0821061
0.0425739
-0.000216814
0.00820131
0.00561983
0.00610735
-0.00472934
-0.00148528
-0.0326442
0.0238
0.129199
0.0017876
-0.0800765
0.0567995
-0.0632546
-0.180868
0.0265837
-0.0739066
-0.123439
-0.0981285
-0.00655741
-0.0235195
-0.116696
-0.112383
-0.0450603
0.523338
0.0605897
-0.0138541
0.0150262
-0.0111372
-0.0019514
0.000632597
0.00682082
-0.00613957
0.143031
-0.0153106
-0.0201667
0.146035
-0.0747323
-0.0401811
-0.128926
-0.125139
-0.135926
-0.125865
-0.0362085
0.0578932
0.00310166
0.0343353
0.0446967
0.00326155
-0.130674
-0.132608
-0.134389
-0.129365
0.196301
-0.0790626
-0.15699
-0.0476089
0.219012
0.368687
-0.0486073
-0.0362766
0.0876087
-0.409361
0.0304317
-0.442029
0.41351
0.00942725
-0.389965
0.0426539
0.367861
0.0141661
0.0275685
-0.453092
0.0572939
0.358767
-0.478759
0.0468298
-0.447604
0.29947
-0.0286924
-0.261862
0.0140711
-0.347507
-0.00865382
0.385315
0.323702
-0.333497
0.00457289
-0.208253
0.00942185
-0.152648
0.425229
-0.0529746
0.00507138
0.321662
-0.0439044
-0.063464
-0.0690935
-0.0265389
-0.07195
-0.0436477
-0.0698002
-0.0474196
0.0998732
-0.00791642
0.00961626
-0.129949
0.100289
-0.12799
-0.179069
-0.0559357
-0.0739692
-0.0944859
0.0605018
0.0207086
-0.132941
-0.0444058
0.0300897
0.534595
-0.0330077
-0.0017788
0.0168639
-0.0115074
0.00883511
-0.00933105
0.000315057
0.01221
0.0037806
0.158499
-0.0253199
-0.010499
-0.0394101
0.156642
-0.0752615
-0.0857251
0.167255
-0.13406
-0.133486
-0.140897
-0.136866
0.0392867
0.0314666
0.000490503
-0.0127587
-0.0358154
0.0648252
-0.000177897
-0.13904
-0.144323
-0.144807
-0.138071
-0.000639559
-0.0471436
0.022424
0.142012
-0.0772836
0.0748137
-0.0584599
0.0343422
-0.0732763
-0.129941
-0.00583269
-0.0295409
-0.122174
-0.116949
-0.0524002
0.366256
-0.0160725
-0.0347041
0.00581531
-0.410058
0.00157748
-0.403993
0.382466
0.0159676
-0.422093
-0.0581284
0.402285
0.0444672
-0.0422813
-0.443982
-0.0179135
0.349166
-0.445502
-0.0774629
-0.451089
0.182661
0.0625277
-0.150816
0.0362209
0.201495
0.391668
0.0761721
-0.0199641
-0.379336
-0.0206789
-0.431208
0.434227
-0.00947544
0.0284853
-0.280913
0.307822
0.0345048
0.0428799
-0.139052
-0.0207241
-0.136905
-0.163221
-0.132862
-0.0391069
0.418035
-0.429673
0.0318772
-0.257882
-0.00605643
-0.0319799
0.0211655
0.129397
0.00113984
0.092402
-0.0781552
0.0580004
-0.0545965
-0.185038
0.141489
0.0262049
-0.0750536
-0.124141
-0.105296
-0.0225741
-0.116356
-0.044314
-0.111858
0.00695229
-0.00690665
0.143174
0.523973
-0.0615087
0.0597347
-0.0133792
0.0155543
-0.0108599
-0.00136036
0.0280501
-0.0193548
-0.0160835
0.145899
-0.0415401
-0.0775157
0.0393717
-0.128899
-0.125081
-0.125611
-0.135727
0.06084
-0.0311941
0.0316703
-0.130779
-0.133324
-0.129555
-0.134481
-0.0797392
0.0440044
0.0357314
0.055967
0.0161293
0.0126803
-0.0473991
0.0254357
-0.228238
0.468777
0.108094
-0.0092123
0.0038238
0.00738734
0.0130555
0.0558529
0.22204
-0.0117594
-0.0116937
-0.0243673
-0.0340604
-0.012304
-0.0129187
0.389513
0.00342229
-0.0266186
0.00188488
-0.0597022
-0.0188521
-0.0670371
0.102356
-0.0400204
0.00172881
-0.018241
-0.139955
-0.0086482
0.0260792
0.0415929
-9.02823e-05
0.00825394
0.00582893
0.00624042
-0.00085592
-0.0358937
-0.0186961
-0.0203501
0.300309
-0.0296664
0.0799858
-0.262647
0.0122606
-0.355821
0.380864
0.0482268
0.323109
-0.33182
0.406013
-0.021561
0.0465109
-0.0408934
-0.350076
0.0379549
-0.42796
0.438284
-0.0136617
-0.344449
0.428115
-0.0736357
0.0875849
-0.451759
-0.0261221
0.45067
-0.418924
-0.210073
0.196466
-0.157183
0.218813
-0.00882386
0.0124025
0.00354095
0.15831
0.53529
0.0532112
-0.0335647
-0.00164237
0.0170347
-0.0114644
0.00895852
-0.0251999
0.0634709
-0.0392348
-0.0107808
0.156619
-0.0852745
-0.0759704
0.168554
0.129177
-0.134077
-0.133456
-0.136758
-0.140945
0.0339807
0.0398414
-0.0141396
0.0692145
-0.139268
-0.144572
-0.138224
-0.145185
0.0560512
-0.0358554
-0.0469447
0.0220302
0.141426
0.0945705
-0.0771322
0.0752699
-0.0560751
0.132304
0.034021
-0.0737516
-0.130391
-0.0292088
-0.123151
-0.0542549
-0.117668
-0.152223
0.425725
0.00477754
-0.208803
0.0100952
0.322079
-0.0441117
-0.0433892
-0.0697009
-0.0471751
-0.0691677
-0.0265534
-0.0719751
-0.00852147
0.0997534
0.0102076
-0.128725
0.100101
0.172253
-0.17907
-0.0741475
0.060555
0.0209767
-0.0446105
0.0300426
-0.282576
-0.0198352
0.0247943
-0.0985698
-0.0518911
-0.0709197
0.00294718
0.0113862
0.00623387
-0.0115954
-0.042047
-0.0312411
0.370514
-0.0617653
-0.0455663
0.0733557
-0.420633
0.0363743
-0.436302
0.420425
0.0281994
-0.406312
0.0512446
0.382463
-0.0784184
0.0699511
-0.457904
0.0383931
0.352319
-0.457581
0.0702021
-0.451884
0.206416
-0.103037
-0.158433
-0.0475612
0.212889
0.294921
-0.0631691
-0.261264
0.0343364
-0.367562
-0.00543517
0.390209
0.320329
-0.35177
-0.0085404
-0.0564063
0.488722
0.0791048
-0.0535978
-0.0165908
-0.00219625
0.000950662
0.00594633
-0.148911
0.14188
0.00644089
0.00141386
0.00158786
0.0137599
0.0232658
0.00955354
0.434009
-0.031551
-0.00599951
-0.0493565
-0.045182
-0.0495994
-0.0130881
-0.00177848
-0.0631608
0.0355481
0.184336
-0.136196
-0.0665731
-0.0124955
-0.134507
-0.0168005
0.00911887
0.0915577
-0.0696421
0.0098929
0.0104756
0.00660187
0.0182988
0.0130961
0.0133167
0.00702526
0.0059366
0.509591
-0.0499502
0.00827242
0.0328635
0.00368655
0.0223116
0.0147494
0.00775193
0.00338344
-0.0181481
0.152101
-0.00592201
-0.0175532
-0.0157163
0.147122
-0.115596
-0.0569485
0.152134
-0.133189
-0.13325
-0.140618
-0.129216
-0.0872413
0.0953093
0.0857968
-0.0420346
-0.0591321
0.111317
0.0226857
-0.135367
-0.138076
-0.138251
-0.135674
-0.100965
0.0726055
0.039491
-0.152479
-0.0582399
-0.0142095
0.00486043
-0.0224841
0.020619
0.138873
-0.0702475
-0.0601597
0.0763683
-0.0750771
0.000558995
-0.115164
-0.0963197
0.0245263
0.0133717
-0.0398734
-0.121091
-0.115194
-0.0525947
0.43853
-0.0351434
0.0311376
-0.0273096
-0.377029
0.0451454
-0.446576
0.45877
-0.0094846
-0.353444
0.443213
-0.0828214
0.107058
-0.45696
-0.0144677
0.482962
-0.431604
-0.215003
0.317298
-0.0312172
0.0739163
-0.276048
0.0135677
-0.364759
0.394861
0.0377448
0.349523
-0.341168
0.203101
-0.156351
0.226552
0.530789
0.0667887
-0.0313686
-3.67239e-05
0.0227809
-0.00669501
0.0110798
0.0106743
0.0177897
-0.0137644
0.152555
0.0363278
-0.00678169
-0.0128477
-0.0237485
0.146524
-0.0698772
-0.100514
0.124347
0.147483
-0.134911
-0.134975
-0.141113
-0.131095
0.0866111
0.0729913
-0.0263424
0.0876322
-0.0315262
0.0967425
-0.136368
-0.139122
-0.135091
-0.138737
-0.0987457
0.425878
-0.0364476
-0.194026
-0.0147813
0.338076
-0.0138355
-0.0571087
-0.047165
-0.056354
-0.0556641
-0.017808
-0.0726338
-0.00846981
0.105163
-0.0110867
-0.152092
0.124508
0.17453
-0.197151
-0.0784477
-0.0258403
0.0290808
0.138373
0.0926465
-0.0751714
-0.0621171
0.0580759
-0.0925108
0.151381
-0.00176928
-0.111174
-0.0993346
0.0249899
-0.0364718
-0.120347
-0.053379
-0.113214
0.0514894
0.0179253
-0.0455786
0.029611
-0.20697
0.531347
0.221259
0.480981
-0.192745
-0.222684
-0.503548
0.233608
-0.432717
-0.210573
0.689631
0.163259
-0.0449863
-0.618426
-0.192308
-0.153099
-0.797495
0.120243
0.0871659
-0.188992
-0.774576
0.163084
0.0031532
-0.776404
-0.17595
-0.198218
-0.698275
0.146842
-0.693943
-0.194853
-0.474542
0.150803
-0.128756
-0.168697
0.404142
0.637156
-0.720393
-0.340899
-0.121525
0.517717
0.104299
0.17646
-0.208488
0.192456
-0.193869
0.143883
-0.204832
0.331753
0.324154
-0.446276
0.501115
-0.314402
0.493274
-0.357911
0.372757
-0.290498
-0.33884
0.799994
0.290383
0.41872
-0.426046
-0.147255
0.794106
-0.329568
0.559916
0.318191
-0.336854
-0.462676
-0.700356
1.14457
-1.18469
0.395208
-1.23776
0.609182
1.38762
-0.600161
0.663086
0.392152
-1.74233
-0.408508
-1.02482
1.09416
0.214817
-1.31944
-0.483627
-1.717
0.373123
1.33702
0.575004
0.391318
-0.362895
0.376591
0.51266
-0.475606
0.544546
-0.215953
0.361856
0.431415
-0.510437
-0.348143
-0.490305
-0.390718
0.404427
-0.337843
0.256485
-0.681054
0.353101
-0.347351
0.34421
-0.170251
-0.594789
-0.307733
-0.577459
0.388435
-0.385792
-0.624803
0.374336
0.0719665
0.523572
-0.348435
-0.409324
0.780857
0.445788
-0.0360499
-0.464466
0.875211
0.461656
-0.019864
0.775842
-0.48341
-0.375697
0.700929
0.411675
0.665722
-0.436213
0.400424
0.31472
0.101354
-0.298687
-0.370634
-0.557652
0.60116
-0.412333
-0.159258
-0.531079
0.204577
-0.133926
-0.404751
0.421202
-0.132228
0.342778
-0.374191
-0.102451
-0.118584
0.804601
-0.739197
0.157936
-0.773564
0.122342
0.825118
-0.081073
0.100704
0.161289
-0.892152
-0.11145
-0.957075
0.127876
0.971611
0.241856
-0.699869
-0.068408
-0.940374
0.225377
0.855495
0.185572
-0.0837152
-0.621403
-0.158982
0.126064
0.543875
0.921033
-1.04404
0.167697
0.564955
0.0217485
-0.0607821
0.156873
0.179748
-0.153616
-0.0578769
-0.061568
0.208404
0.58169
0.500508
-0.965317
1.03706
-0.608115
1.07007
-0.614909
-1.11207
0.5174
-0.454288
-0.574988
1.37724
0.49441
0.796969
-0.794951
-0.305143
1.16679
0.527325
1.39667
-0.66828
-1.0578
-0.652901
0.0707163
-0.184827
-0.895799
0.713471
0.291694
0.853205
0.150042
-0.0958799
0.149281
-0.0848569
1.10625
-0.109006
1.01013
0.117458
0.2813
1.10698
0.261197
0.718537
-0.121406
0.240847
0.107941
-0.137499
0.519029
0.212004
-1.0296
-0.495763
0.304409
1.11586
0.118905
-0.116691
-0.0820714
-0.539193
0.125077
-0.0789598
0.221532
-0.105913
0.211672
1.12524
-0.65783
-0.396285
-1.30969
0.960085
0.809809
-1.06124
-0.500443
0.448804
0.386746
-1.42526
-0.283291
0.881355
-0.981718
0.44697
1.19511
-1.26732
-0.366084
-1.55435
0.628582
-0.33437
0.275806
-0.355898
-0.267144
0.200979
-0.330023
-0.0725992
0.264912
-0.898971
0.907488
-0.194895
0.982903
0.206279
-1.06078
-0.22952
-0.232502
-0.101681
0.940343
-0.0398268
1.00162
-0.196198
-1.0788
-0.109296
0.87412
-0.185865
1.02087
-0.356777
-0.944183
0.0579862
0.0715799
0.439906
0.824231
-0.421008
-1.09651
-1.07136
1.9729
-1.34314
-0.376702
-0.297435
0.0384541
-0.674345
-0.0394348
-0.0653781
-0.0935848
-0.689216
-0.27951
-0.681956
-0.489168
0.619671
0.669091
0.540237
0.528966
0.801177
-0.355875
-0.60529
0.376381
1.34612
-0.260941
-0.775593
0.739527
0.241007
0.651096
0.785549
-0.341378
1.36957
0.393041
0.0407742
-0.266742
0.962335
-0.9054
0.149314
-1.04747
0.247011
-0.243381
0.154005
0.0813691
-1.05756
-0.166726
-0.979844
-0.126247
-0.039953
-0.854714
0.0110521
-0.982109
-0.248007
0.129644
-0.157998
-0.276987
-0.723903
0.237339
0.880679
0.700755
0.628278
-1.26857
0.316113
0.254749
-0.268226
0.776532
0.158644
-0.136725
0.39647
-0.225135
0.128717
0.43244
7.49944
-7.8424
7.46235
-7.81011
0.773922
9.28886
0.637503
-10.204
0.225586
0.607841
7.01232
1.74555
-9.3629
7.12782
1.72264
1.11794
-10.2235
0.207158
1.28745
2.40905
9.43291
-9.97308
9.08913
-9.49024
2.85472
-8.87233
-7.72628
3.83858
2.31772
3.91021
3.29057
-6.28044
-1.80492
-0.0843424
-2.02909
-27.7065
1.88119
-8.1847
24.7494
-29.9568
8.48377
7.49303
7.57342
-8.63689
-6.50565
-6.51972
-11.5211
20.9376
-5.71127
2.54215
4.01922
4.03255
6.46016
-29.9758
-6.22068
-0.656782
-2.61739
-2.4093
3.4243
-11.0004
-25.1496
27.7576
1.74165
3.85919
5.42017
4.24013
-6.28257
-7.4352
-6.07574
4.33531
-18.3989
-6.32954
26.4856
1.83919
0.943534
1.85021
19.6937
5.48229
-0.217585
-1.77168
-1.85025
24.5643
1.31115
-7.2069
-5.62252
-5.7404
5.83087
4.84009
4.69835
4.25271
6.59355
-20.387
23.9655
-7.14234
0.795825
2.08517
1.9712
5.39413
0.769183
3.24925
0.763281
6.21984
1.0492
3.43369
4.91538
-7.01872
-3.86376
4.05488
6.59876
1.26268
7.1552
7.32197
-9.21909
1.64098
0.847405
7.52561
0.978874
-13.1892
5.31255
13.961
-1.75414
4.51487
-3.8042
-10.0668
12.263
-3.27956
-9.26032
4.79869
13.1047
-1.39528
5.86718
-10.5043
-26.213
-27.724
6.19208
-9.95547
-10.3502
-8.55979
8.59989
9.07767
7.75591
-15.3146
-24.6884
-4.38904
-2.30807
-3.82735
-7.9113
-30.0972
2.05739
2.89842
3.34295
-11.2691
-8.15515
-25.5881
-20.39
0.466489
7.28521
5.48075
6.05651
-8.30719
-6.31631
-6.86094
-20.383
-15.3595
-2.14066
-3.24812
-3.39603
21.1363
-11.8251
-1.16325
-0.615956
-1.67027
-22.3031
-15.0659
1.60484
0.648924
1.68951
-10.2134
-3.26382
-4.83169
-3.20934
3.58625
4.59776
3.58473
-7.61065
7.38144
22.0787
-10.1715
-1.12853
-2.50617
-2.27849
-20.5127
-13.1175
0.799671
2.10737
1.9104
-7.40121
-5.07409
-4.93952
-4.09437
5.11086
4.52519
4.28353
6.06055
-0.93424
-6.00619
-0.106754
-1.47289
-1.43869
5.01838
-0.77889
-0.543369
5.66251
-7.35293
1.75094
-0.487907
6.43338
-0.957356
-0.52302
6.52597
-7.11083
-0.53883
-7.62889
-0.0803189
-1.03926
6.10784
-0.86182
-10.4886
4.6391
-9.69267
-14.8702
4.52222
6.7992
-10.5262
-11.9316
7.78886
10.8782
-8.69409
-7.82926
4.73623
-9.04786
-12.4259
13.4045
6.47267
-8.61147
3.40803
3.11117
1.33786
-1.46577
-6.3173
-8.2901
1.37634
9.58569
-0.780518
0.716467
-6.74858
0.710841
-1.63628
7.20765
-5.90024
1.14408
-0.0387196
-6.0652
0.203931
7.07692
-1.78577
-5.69286
-1.73889
8.45307
0.0418207
0.343178
-6.58295
6.41469
0.0273847
-1.61638
6.70867
-6.93901
1.84412
-1.37055
6.90261
-7.15326
-2.54022
-8.80443
6.79216
1.58426
2.97161
9.00762
3.04914
-2.49365
-9.71651
0.159355
-2.08618
6.93889
1.6163
-9.48548
0.161473
3.57667
-3.21874
7.18491
-7.04185
3.10718
-3.2543
7.67799
-7.61672
-11.813
-3.32154
3.94515
2.56342
3.8789
8.97356
-7.18224
-2.85876
-1.40755
-2.81115
-22.7453
5.95234
-11.1645
23.5097
-24.6503
7.08832
6.24411
6.42002
-7.33438
-5.54618
-5.75122
-10.323
20.6791
-1.86129
2.36235
3.47842
3.61222
10.9013
-23.9242
-9.35648
-1.69678
-2.90819
-2.84684
8.63928
-9.66878
-21.1065
21.728
1.68042
4.78306
5.76987
4.80126
-5.28971
-6.6996
-5.18036
5.32142
-20.4328
-7.61608
21.0935
2.14585
1.07566
2.19688
19.1502
4.41685
-0.125377
-1.65152
-1.59831
19.9939
2.76187
-6.41523
-4.90823
-4.98396
5.63998
4.76598
4.75138
7.2732
4.55727
-19.2441
19.322
-7.15179
1.33652
2.42162
2.36909
-1.33696
-7.77366
-4.72833
5.29357
7.13799
1.3954
7.89462
0.917714
-0.867884
4.75225
1.02234
-1.01056
7.07933
7.84236
6.96575
-9.21471
2.07621
-1.31475
5.35129
7.26127
0.980946
6.96757
1.0825
-3.5229
7.91452
-1.81039
-5.74801
3.1539
-8.79194
4.90772
-5.49741
9.85918
-0.492935
-4.07218
-1.84279
-6.38896
8.90252
-0.639805
4.53696
-10.6788
-24.826
-16.8179
-4.45032
-5.5346
-6.1573
-5.3878
4.57281
5.14194
4.18032
-14.2388
-19.0417
-3.04693
-1.69491
-3.00564
-0.679827
-22.5518
0.168441
0.607818
1.04713
-9.36197
-2.19389
-23.696
-13.5433
-7.16255
4.23827
2.74878
3.23067
-5.57334
-4.57782
-4.78886
-16.4168
-13.0498
-1.43258
-2.41598
-2.60891
20.6618
-9.71579
-2.22757
-0.915916
-2.10904
-20.3393
-11.8527
2.12775
1.0591
2.21288
-5.39035
-4.9327
-6.02233
-4.82555
4.63536
5.53057
4.74222
-3.6124
5.67372
19.3578
-9.13381
-0.590669
-1.61793
-1.75245
-18.2459
-10.8205
1.04202
2.18438
2.1433
-3.70214
-5.79101
-4.40337
-4.51867
5.36833
4.61892
4.60652
-0.521513
-7.94577
2.1443
-1.50235
7.21746
0.614342
7.96373
0.419934
-0.162102
-8.36465
-0.607127
-2.25647
-0.168068
0.1982
7.03184
-0.664987
6.93787
-7.10097
-0.438862
-0.241128
-1.68565
7.14819
-8.26545
-0.45641
0.522662
7.00895
-0.211938
-0.987653
4.64683
6.62201
-6.15996
-4.604
0.481086
-4.86251
0.279748
-1.03687
-5.87037
-7.03322
0.825705
-1.46876
-5.65514
-7.02423
7.5659
1.01783
-1.86586
-6.3447
-4.66997
-5.91132
-0.199728
0.410381
0.306062
-2.1175
7.27199
-6.6243
1.2741
-0.0973682
1.99857
-1.25787
1.49601
-6.44929
-7.25731
-0.407513
0.573281
7.60029
0.0697675
-6.34876
0.650428
6.62653
-1.241
0.433651
-6.59061
1.2054
-6.43899
-1.05477
7.61119
0.0818361
-0.164339
-8.42234
8.33764
0.582186
-2.25102
5.54419
-5.56023
2.26879
-2.18572
5.84762
-5.91117
-3.89517
-7.33788
5.68554
1.51755
4.02507
7.73583
4.67209
-4.42519
-8.31617
0.338817
-3.67642
5.98343
1.53278
-7.88085
0.411036
4.80508
-2.72666
5.19002
-5.04606
2.58404
-2.83038
5.52379
-5.42212
-6.2995
-2.08886
2.83808
1.44275
2.59504
11.6656
-11.8056
-2.87441
-2.13712
-2.9697
-19.9433
10.4338
-6.16744
20.8303
-12.2396
4.80656
3.58473
4.02672
-5.92557
-4.78128
-4.85465
-0.440048
19.836
-4.23456
0.561783
1.23047
1.60336
11.7037
-12.5273
-12.9442
-2.15883
-2.88498
-2.89362
11.1026
-1.85522
-17.9765
19.4585
3.69679
4.78994
5.4374
4.80633
-4.81383
-5.95025
-4.75595
9.17685
-17.4458
-6.17404
18.5595
2.67971
1.82644
2.73303
19.027
9.64171
-1.34307
-2.59588
-2.431
19.4651
4.14242
-5.78393
-4.67884
-4.7209
5.34407
4.74372
4.78151
10.2819
8.07554
-15.1996
18.1884
-4.67055
2.03765
2.87334
2.87586
-1.89675
-7.09143
-4.65404
5.0202
6.49063
2.13325
7.21989
1.31664
-1.18352
4.66309
1.51019
-1.33816
6.27087
7.2232
6.19274
-8.18575
2.97775
-1.67236
5.06761
6.59052
1.44661
6.20748
1.67169
-0.739145
5.09812
-0.606503
-3.62886
-0.129317
-5.71067
2.36236
-3.33923
6.6634
0.0178852
-1.71684
-0.687442
-4.0555
6.0387
0.127359
1.29139
-7.10284
-22.1105
-11.6685
-8.02643
-4.09366
-4.96447
-3.93879
2.43071
3.39634
2.40993
-12.0916
-14.0779
-2.01438
-0.854431
-1.84788
2.50772
-15.0567
-0.590884
0.223885
0.280034
-4.17742
2.53664
-19.85
-10.1869
-7.74738
3.23188
2.2135
2.27718
-4.55917
-3.51228
-3.5658
-11.9027
-10.8201
-0.544813
-1.35715
-1.45555
18.3538
-7.84094
-1.19255
0.0387561
-1.0887
-15.9853
-9.66477
2.14741
1.21087
2.16151
-1.79898
-4.02694
-5.27601
-3.91527
4.43512
5.06626
4.41632
0.664642
7.07032
17.5166
-5.66149
0.293504
-0.759352
-0.807968
-13.8199
-7.83045
1.33526
2.19797
2.18972
0.789916
-4.96626
-3.53165
-3.62366
4.84968
4.19489
4.22795
-1.13461
-7.43005
1.42683
-1.09395
6.79675
1.41547
7.53569
0.981887
-0.757036
-7.73105
-0.106047
-1.52254
-0.0169597
0.17288
6.43219
0.0122703
6.20213
-6.32506
-0.213064
-0.883648
-1.14691
6.89677
-7.62207
-0.0572321
1.23809
6.32532
0.18041
-0.218569
3.76674
6.2008
-5.98659
-4.07245
0.301869
-3.88411
-0.513888
0.50232
-5.35985
-6.24914
0.161181
-0.154655
-5.04916
-6.15485
6.29011
-0.0986788
-0.199783
-5.99994
-4.16385
-5.24429
-0.50409
0.193355
-0.391282
-2.16475
6.50428
-5.94783
1.42584
0.573229
2.16368
-0.612833
0.774815
-5.67914
-6.62764
0.26181
-0.1264
6.98155
0.367142
-5.40612
0.91029
5.58167
-0.824946
-0.216406
-6.07624
1.43813
-5.57584
-0.440595
6.88108
0.397013
0.396946
-7.73157
7.53506
1.2811
-1.61582
3.44618
-3.00408
1.17579
-1.96639
4.07352
-3.72353
-3.58936
-5.05786
4.06004
1.46263
3.14977
5.69126
4.04882
-4.48593
-5.96975
0.725821
-3.86453
4.49828
1.46667
-5.2044
0.824158
3.39873
-1.09151
3.01103
-2.07121
0.151487
-1.8251
3.91792
-3.19452
4.26586
-6.2623
0.208547
-1.17337
-0.341901
10.6052
-11.4136
-2.59697
-1.89974
-2.39738
-15.2357
10.5808
1.48066
12.9678
-2.53245
1.28642
0.311214
0.55977
-3.00449
-2.48172
-2.83165
4.31986
13.3802
-6.8537
-1.34139
-0.79502
-0.745351
7.95446
-6.61874
-9.17059
-1.43384
-1.60853
-1.8742
8.27399
2.19278
-13.465
18.6008
3.78416
4.37188
4.6611
4.21127
-4.55434
-5.22199
-4.51868
9.88275
-12.8951
-2.92341
17.4304
2.73101
1.90132
2.63605
13.4208
10.2241
-2.25656
-2.61055
-2.74183
16.5254
2.92658
-4.68533
-3.88554
-4.09319
4.04987
3.34768
3.59608
7.76853
9.33595
-11.5774
15.934
-1.67735
1.51601
1.98962
2.18407
-2.93948
-6.08113
-4.04179
4.35419
5.60344
3.11194
6.42805
1.83041
-1.7389
4.26049
2.1918
-2.0762
5.64661
6.1457
5.35292
-6.83746
3.4416
-2.71852
4.58419
5.87684
1.89047
5.44426
2.28876
1.09355
2.76029
-0.383026
-2.47381
-0.993316
-2.88811
-1.4442
1.02147
2.98843
0.322168
1.10426
-0.312144
-2.58159
2.50147
0.20924
-1.39532
-1.54881
-17.1355
-9.35239
-6.08479
-3.21219
-4.01997
-3.21717
2.15515
2.99899
2.12561
-8.69196
-10.5388
-1.0936
-0.174455
-1.09827
1.28899
-10.2278
-0.308509
0.46376
0.406161
-0.49628
1.45871
-14.6642
-9.16387
-3.9581
2.92605
2.13857
2.13791
-3.73313
-2.95006
-3.0038
-10.0943
-6.08754
-0.0987822
-1.02224
-1.00263
16.5814
-3.03554
-0.73215
0.255005
-0.761085
-12.3783
-5.38788
2.24775
1.52193
2.24148
3.63719
-3.34046
-4.46134
-3.27638
4.00953
4.44847
3.96105
-0.183266
8.31101
15.383
-1.0261
0.0567093
-0.887423
-0.866063
-11.6926
-2.93117
1.51906
2.15784
2.19179
5.99418
-4.22665
-3.02909
-3.13726
4.21411
3.67804
3.75034
-2.47576
-6.44654
1.18425
-0.947664
5.89019
2.78332
6.72668
2.27928
-1.94042
-6.91787
0.0218837
-1.18149
1.16945
-0.82415
5.60248
0.111296
5.37485
-5.56911
1.00906
-2.13123
-0.962452
6.15124
-6.63529
-0.0110107
2.58977
5.43633
1.51754
-0.732612
3.4098
5.46249
-5.1603
-3.89927
0.918363
-3.43748
-0.0883066
0.296911
-4.44834
-5.55239
0.354258
-0.27901
-4.37518
-5.3805
5.55127
0.305771
-0.552272
-5.33346
-3.83708
-4.38465
0.100868
0.436927
-1.28818
-2.1263
5.64209
-5.14412
1.37906
1.52852
2.15493
0.35673
-0.0489286
-4.71914
-5.77782
0.97523
-0.757483
6.14476
0.524439
-4.47428
1.11822
4.61794
0.0682224
-1.02868
-5.28376
1.39288
-4.63188
0.638201
5.98627
0.561772
1.18567
-6.68523
6.48495
2.2296
0.0669376
1.79386
-1.59716
-0.261832
-0.22187
1.86922
-1.58117
-0.96904
-2.64042
2.2147
1.0216
0.375109
2.98953
0.603368
-1.45186
-2.92518
0.785246
-1.69329
2.5363
1.17816
-2.66526
0.650223
-0.0177498
0.524419
1.91675
-1.95676
-0.483037
0.53983
1.78749
-1.80319
2.34373
-7.46635
-0.324833
-0.637031
-0.139482
5.40014
-8.12508
-1.24995
-0.744369
-1.12344
-12.8327
5.76689
1.32446
8.60391
-6.08295
1.66931
1.4085
1.31724
-2.28277
-1.81194
-1.85382
0.739724
8.44425
-8.0974
-0.28676
0.307772
0.209935
3.64113
-7.5962
-7.57971
-0.515734
-0.838475
-0.901104
3.91174
0.0626615
-12.4327
13.613
1.85486
2.727
2.80015
2.50745
-3.28753
-3.43087
-3.04926
5.71354
-11.3664
-1.26604
13.7537
1.61231
0.984406
1.47863
8.35798
6.57619
-1.21181
-1.52905
-1.64883
11.3864
0.366678
-2.9536
-2.47907
-2.63497
2.46935
2.24101
2.23543
4.2881
6.40811
-11.53
11.648
-1.7049
0.889342
1.38432
1.35301
-2.86896
-3.95602
-2.43257
2.79884
3.86281
2.60752
4.53861
1.6488
-1.79386
2.76527
2.00995
-2.17676
4.16412
3.7766
3.56784
-4.29544
2.58923
-3.07266
3.19076
4.32246
1.48204
3.78556
1.86639
0.684374
2.86358
-0.603035
-2.34958
-0.599012
-2.819
-0.986639
1.09858
2.80316
-0.098008
0.785446
-0.572504
-2.34987
2.91434
-0.13259
-0.905353
-0.848489
-12.444
-9.06817
-2.13814
-2.78098
-3.37822
-2.7072
2.12548
2.75029
2.12796
-3.6996
-9.99678
-1.0068
-0.201139
-1.00198
-1.48571
-9.43412
0.302946
0.829665
0.796061
-1.79246
-1.71124
-10.4054
-8.80779
-0.729857
2.64234
2.09122
2.09186
-3.22675
-2.53378
-2.59176
-9.8932
-1.79121
-0.290906
-1.03689
-1.03266
13.7353
-0.137919
-0.917643
-0.246191
-0.990845
-11.3456
-0.830142
1.99475
1.295
1.92824
7.34568
-2.88349
-3.75036
-2.88189
3.41817
3.70357
3.33048
-2.26861
5.83406
11.8237
0.245014
-0.316759
-1.12961
-1.07274
-11.2214
0.767262
1.09569
1.63314
1.70401
7.93137
-3.60304
-2.85192
-2.85402
3.42778
2.95455
3.0445
-3.2852
-4.89071
1.21736
-0.899152
4.53027
3.32636
5.22388
3.00856
-2.94849
-5.32187
-0.22053
-1.19495
2.1601
-2.01048
4.52735
-0.305621
4.22455
-4.20986
1.63417
-3.1788
-0.905535
4.8218
-4.9252
-0.265385
3.00417
4.34376
2.25217
-1.55174
2.87216
4.70144
-4.37162
-3.38096
1.73027
-2.99092
0.744008
-0.538651
-3.90932
-4.85289
0.776391
-0.665698
-3.82864
-4.5834
4.80338
1.22626
-1.35795
-4.50638
-3.53473
-3.87274
0.939715
0.883041
-2.14357
-1.80296
4.84103
-4.40553
1.21086
2.2927
1.8902
1.39753
-1.18228
-4.13949
-4.99406
1.80044
-1.60628
5.25469
0.537996
-3.96562
0.933483
4.09261
1.04028
-1.97084
-4.55718
1.27608
-4.04103
1.5901
5.09493
0.485355
1.98463
-5.41735
5.35681
2.74338
0.476854
1.79711
-1.78494
-0.488735
0.444987
1.81734
-1.78417
0.476276
-2.23423
1.73872
0.6275
-0.604163
2.29527
-0.768953
0.624142
-2.49543
0.347415
0.304789
1.79515
0.676071
-2.44777
0.308409
-0.866498
0.273042
2.10066
-2.16143
-0.212659
0.346468
2.07905
-2.15215
-0.39452
-8.27819
0.495487
0.0911826
0.544963
2.32763
-7.02492
-0.699738
-0.217041
-0.678851
-11.767
2.32619
-1.09464
6.60813
-6.80633
1.90151
1.66336
1.65825
-2.13631
-1.61007
-1.63415
-1.03602
5.59486
-8.00293
0.196692
0.655502
0.638088
1.37283
-7.59189
-6.38001
-0.102139
-0.554397
-0.563198
1.15047
-1.85456
-10.7951
9.76404
-1.31994
1.98097
2.00685
1.83922
-2.25725
-2.42706
-2.15519
2.71215
-11.4725
-2.41806
9.8148
1.14782
0.572086
1.0101
5.21767
4.01773
-0.677025
-1.02013
-1.07285
8.71578
-3.20116
-2.27448
-1.90734
-1.98478
1.81501
1.55272
1.60857
1.48997
3.09916
-10.9963
8.46532
-3.49724
0.495258
0.845595
0.837503
-2.2231
-2.93804
-1.85923
2.09324
2.77989
2.14382
3.10711
1.23946
-1.30775
2.03362
1.44745
-1.65569
2.92579
2.84578
2.57035
-3.12001
1.55406
-2.29766
2.26696
2.94423
1.14695
2.72356
1.2658
0.362695
2.80538
-0.670911
-2.18662
-0.306764
-2.80128
-0.585734
0.699735
2.94485
-0.255809
0.430879
-0.658698
-2.21023
2.98337
-0.300419
-0.47146
-2.76453
-8.64729
-8.40012
0.297533
-2.45602
-2.98165
-2.4309
2.02961
2.42681
2.01973
-0.408957
-9.48124
-1.09223
-0.495365
-1.12257
-2.85259
-8.95278
0.631384
1.0196
0.984046
-3.59181
-2.68592
-7.17538
-7.86993
1.09996
2.28813
1.91112
1.9289
-2.83428
-2.33779
-2.36102
-8.79104
0.577733
-0.618162
-1.23179
-1.19641
10.0815
0.162628
-1.16511
-0.449108
-1.09654
-10.7749
1.80053
1.40493
0.753377
1.32802
8.07083
-2.78973
-3.28516
-2.73125
2.66845
2.92785
2.57496
-3.03833
2.48679
8.42037
-0.79868
-0.346123
-0.64637
-0.948687
-10.0914
2.44585
0.538812
0.979687
1.0765
7.66517
-3.12576
-2.32989
-2.59642
2.66011
2.13854
2.25785
-3.03148
-3.51754
1.29321
-1.09835
3.38036
2.95501
3.8343
2.69511
-2.78372
-3.79697
-0.433426
-1.3185
2.11532
-2.20211
3.42355
-0.492796
2.97896
-2.90316
1.38416
-3.15919
-1.01125
3.63209
-3.45874
-0.539125
2.66914
3.21484
2.05621
-2.08393
2.45619
3.90897
-3.65614
-2.76873
2.13256
-2.52875
1.33908
-1.24152
-3.39406
-4.09984
1.13323
-1.07189
-3.22875
-3.87857
4.05174
1.73376
-1.99884
-3.82627
-2.89792
-3.30217
1.41792
1.15684
-2.5318
-1.31291
4.09542
-3.72158
0.907316
2.55513
1.40465
1.93736
-1.86112
-3.67483
-4.26538
2.3289
-2.25297
4.47087
0.337822
-3.4928
0.555993
3.57496
1.61788
-2.4877
-3.8823
0.966862
-3.55445
2.00044
4.28952
0.304105
2.37447
-4.39447
4.5072
2.48292
0.432636
1.64751
-1.68856
-0.395528
0.461714
1.69573
-1.72798
0.769971
-1.92959
1.44898
0.468976
-0.76621
2.0135
-0.922661
0.936826
-2.25104
0.218405
0.74781
1.52972
0.499432
-2.17225
0.202175
-0.888417
0.0524433
1.94103
-1.99383
-0.00269055
0.0999747
1.9848
-2.03513
-1.31464
-7.32271
0.684795
0.287655
0.682678
0.620142
-5.60022
-0.471916
-0.0333822
-0.458809
-9.62967
0.271171
-2.22341
4.72415
-6.19351
1.77658
1.57303
1.59511
-1.84854
-1.30728
-1.34957
-1.47319
3.20261
-6.35915
0.309094
0.673673
0.683827
0.0446501
-6.47802
-4.7069
-0.00156518
-0.361131
-0.383721
-0.375942
-2.42524
-8.34757
7.57639
-5.40738
1.27579
1.30989
1.15832
-1.71711
-1.79934
-1.63838
0.382813
-10.0113
-5.43157
7.59621
0.676302
0.446786
0.607545
2.17145
2.40624
-0.423728
-0.719542
-0.727106
6.11507
-6.72943
-1.52681
-1.34961
-1.42065
0.908363
0.542612
0.777963
-0.392471
0.976963
-8.65849
6.13381
-6.91321
0.258719
0.193226
0.36504
-1.70396
-2.39662
-1.37776
1.68777
2.36839
1.41088
2.53831
0.731493
-0.89802
1.50232
0.632933
-0.936708
2.28426
2.17612
2.05476
-2.34968
-0.0807979
-1.90672
1.78021
2.44834
0.493271
2.20553
0.260976
-0.00937489
2.58431
-0.82182
-1.92021
0.159952
-2.62712
0.0164769
0.156093
2.83544
-0.389072
0.131961
-0.825307
-1.9495
2.77419
-0.354326
0.172964
-4.14465
-6.0452
-7.12673
1.69981
-2.22574
-2.47257
-2.20702
1.79849
2.00798
1.849
1.19246
-7.60239
-1.30799
-0.87783
-1.34535
-3.07026
-7.4917
0.686117
1.04457
1.10163
-4.45436
-1.90464
-5.29643
-6.66712
1.77833
1.97662
1.823
1.84619
-2.30251
-2.07789
-2.10473
-6.23154
1.2108
-0.98986
-1.45058
-1.41969
7.15264
-2.3764
-0.437072
0.0437388
-0.336288
-8.76596
2.92743
0.702178
0.126204
0.58403
7.12623
-1.92527
-2.55788
-1.61486
1.74605
2.10063
1.59822
-2.01344
-0.187362
6.04669
-3.79259
0.0434937
-0.312166
-0.226327
-6.99778
3.18509
-0.0939062
0.220948
0.326192
6.9287
-2.31164
-1.40195
-1.4595
1.9555
1.29219
1.35809
-2.45131
-3.12662
0.528117
-0.275258
2.95777
2.35665
3.08874
2.43798
-2.57937
-3.0475
0.077636
-0.621444
1.92676
-1.96734
2.48762
0.0533953
2.27494
-2.226
1.221
-2.65516
-0.310237
2.9717
-3.05651
0.0822008
2.32514
2.51489
1.87942
-1.96154
2.07832
2.91235
-2.65606
-2.15423
1.7756
-2.15635
1.41426
-1.45033
-2.68033
-3.15301
1.02678
-1.10042
-2.47114
-3.02902
3.15807
1.44517
-2.07335
-2.91041
-2.31227
-2.53996
1.35335
0.902343
-2.40862
-0.685501
3.16693
-2.90272
0.52018
2.29883
0.832201
1.98362
-2.02421
-3.12793
-3.40448
2.29461
-2.3553
3.53266
0.125871
-2.89026
0.103313
2.90565
1.70949
-2.49535
-3.11298
0.616203
-2.98076
1.95592
3.27008
0.0707916
2.21282
-3.47996
3.67602
1.74497
0.244948
1.40232
-1.46336
-0.187442
0.299775
1.45989
-1.51869
0.635977
-1.55529
1.13181
0.36435
-0.582068
1.64076
-0.681638
0.760778
-1.8811
0.152251
0.687807
1.19122
0.390712
-1.79479
0.151616
-0.601719
-0.148724
1.60549
-1.65637
0.198197
-0.101255
1.66041
-1.70932
-1.6642
-5.23439
0.661536
0.314124
0.643963
-0.337841
-3.82274
-0.291506
0.0646554
-0.267327
-7.0615
-0.786925
-2.57464
3.31543
-5.24561
1.51585
1.32903
1.36373
-1.49549
-0.986911
-1.02022
-1.72381
2.09434
-4.10242
0.302829
0.583245
0.605999
-0.674249
-5.28392
-3.04215
0.105499
-0.171487
-0.187048
-1.08377
-2.53149
-5.90777
4.44394
-6.59864
0.250607
0.397012
0.133196
-1.14813
-1.08365
-1.06785
-0.521119
-7.23192
-7.08458
4.31677
0.0125689
-0.175097
-0.107106
1.41558
0.936165
-0.231454
-0.441733
-0.530136
3.0405
-5.71864
-0.955502
-0.845686
-0.904334
0.350939
0.159198
0.138
-0.558327
-0.995797
-5.88889
1.85882
-6.28974
-0.119146
-0.0219147
-0.0382056
0.529524
-0.832259
-0.273392
0.627687
1.04499
-1.11072
1.18325
-0.611968
0.277109
0.464677
-1.07508
0.729155
1.2012
0.684276
0.875551
-1.11616
-1.59822
-0.266676
0.924426
1.51066
-0.766584
0.91627
-1.26706
-0.440594
2.03107
-0.499363
-1.56118
0.465932
-2.13756
0.454188
-0.402627
2.29113
-0.211041
-0.395526
-0.530467
-1.65668
2.20237
-0.220072
0.497378
-4.17603
-4.79541
-6.27282
1.42623
-1.83487
-1.86674
-1.40875
1.62
1.79065
1.61478
0.490237
-5.40371
-1.3355
-0.932727
-1.12562
-2.52968
-5.74882
0.53066
0.753259
0.743055
-3.86522
-1.76674
-4.28721
-5.74706
0.927322
1.59112
1.33744
1.32538
-1.61825
-0.986597
-1.05837
-5.46991
-0.738341
-0.795437
-0.704912
-0.875218
5.28288
-4.73201
-0.31473
-0.374982
-0.515505
-5.65847
2.71254
0.128395
-0.304699
0.138612
6.1976
-1.2274
-2.00662
-1.25578
1.3964
2.03802
1.40122
-1.11346
-2.17268
2.41
-5.00704
-0.298032
-0.427893
-0.466884
-5.31336
1.37565
-0.401362
-0.187493
-0.0968274
4.22525
-1.84978
-1.16804
-1.16202
1.72496
0.804572
1.01156
-2.22249
-2.73071
0.594114
-0.24449
2.60411
2.01491
2.9395
1.60805
-1.93217
-2.68025
-0.0720951
-0.466737
1.52591
-1.65211
2.25738
-0.333412
1.83345
-1.43247
0.0638681
-2.3004
-0.220418
2.77609
-2.39798
-0.192028
1.12981
2.17153
1.26445
-0.790455
1.26212
2.26646
-2.15914
-1.22539
0.659359
-1.66796
1.02199
-1.1855
-2.11679
-2.3262
0.35572
-0.51446
-2.11008
-2.28978
2.60614
0.814312
-1.14931
-2.0556
-1.5913
-2.12251
0.875252
0.329995
-1.97529
-0.198777
2.42389
-2.30572
0.103908
1.94651
0.227655
1.86008
-1.89094
-2.43296
-2.50045
1.91676
-1.99791
2.5204
-0.20291
-2.19678
-0.300399
2.20685
1.65416
-2.04942
-2.38876
0.173822
-2.22464
1.82046
2.46227
-0.254161
1.82367
-2.97836
2.91369
1.71239
0.0264564
1.12636
-1.17661
0.0210208
0.0771112
1.18353
-1.23692
0.399545
-1.19423
0.880209
0.271549
-0.357327
1.24464
-0.359615
0.436256
-1.46263
0.137501
0.460592
0.903127
0.281428
-1.38729
0.127856
-0.29693
-0.345248
1.31735
-1.36324
0.389949
-0.297293
1.37528
-1.42427
-1.43367
-3.11461
0.520483
0.220456
0.490672
-0.819806
-2.3899
-0.113797
0.196388
-0.106694
-4.90769
-1.25735
-2.0674
2.84605
-3.90706
1.19405
0.982426
1.02291
-1.24066
-0.793531
-0.838914
-0.855176
1.87851
-2.33551
0.138474
0.349675
0.381238
-0.582671
-3.93439
-1.94499
0.148253
-0.107315
-0.114535
-0.996175
-1.36622
-4.07117
1.92962
-4.64325
0.187219
0.381788
0.187365
-0.678547
-0.739569
-0.640904
-0.825271
-4.70527
-4.92005
-0.0441858
-0.0324754
-0.128848
-0.0346595
1.27024
0.626565
-0.198515
-0.315246
-0.320474
1.39451
-3.52814
-0.66139
-0.52352
-0.538116
0.33093
0.175503
0.168436
-0.794146
-0.63027
-3.7406
-0.303784
-3.62227
-0.174647
-0.0764037
-0.0828751
1.24358
-0.435764
-0.209529
0.234403
0.249028
-1.09125
0.500941
-0.702306
0.767924
0.23234
-1.14824
1.26141
0.484208
0.527239
0.579969
-0.900463
-1.15257
1.34658
0.285583
0.335866
-0.616162
0.416291
-1.01583
-0.531561
1.55609
-0.436514
-1.1526
0.559101
-1.65232
0.656302
-0.602401
1.84248
-0.249682
-0.49888
-0.451697
-1.23806
1.74296
-0.248042
0.711148
-3.18977
-3.73466
-4.54613
0.434985
-0.875918
-1.39692
-0.99318
1.06833
1.17681
0.984505
-1.80162
-5.00476
-0.471935
-0.379699
-0.52503
-2.20266
-4.32552
0.532506
0.668182
0.664408
-2.3014
-1.83619
-3.26781
-3.41007
0.0207426
1.05937
0.877964
0.917713
-1.24341
-1.01962
-1.00286
-3.33811
-2.29534
-0.361507
-0.600324
-0.536912
-0.831884
-4.33046
-0.374723
-0.353057
-0.356746
-4.9582
-0.303733
-0.330208
-0.211948
-0.157813
1.69728
-1.09639
-1.32137
-1.07077
0.181788
0.463774
0.152812
-1.45818
-1.83512
-1.55575
-3.30345
-0.352731
-0.290728
-0.390708
-3.24593
-1.53951
-0.187525
-0.255976
-0.0170654
-0.444468
-0.93679
-0.755684
-0.901341
0.256851
0.021606
0.107049
-0.760943
-0.306219
0.403178
-0.41793
0.769311
0.303409
0.999763
-0.428496
0.0104176
-0.570594
-0.340551
-0.489332
0.109376
-0.510302
0.845549
-0.326883
-0.0988366
0.0516623
-0.858735
-1.24188
-0.433834
1.42434
-0.117838
-0.328408
-0.626892
0.230313
-0.185378
-0.798513
1.06158
1.83151
-1.79367
-1.17054
0.855493
-0.940589
0.797199
-0.790144
-1.71732
-2.0324
0.57801
-0.493769
-1.57278
-1.79062
1.88332
1.16697
-0.744625
-1.94426
-1.09524
-1.52033
0.804639
0.610394
-1.32395
-0.168304
1.72931
-1.46332
0.283057
0.941636
-0.0862382
1.35362
-1.60047
-1.6618
-1.8741
1.06318
-1.41306
2.01404
0.11202
-1.53429
0.08873
1.54396
0.792377
-1.69282
-1.66508
0.0602299
-1.53324
1.01934
1.87805
0.221808
0.769711
-1.19942
1.49067
1.44005
-0.107047
0.84402
-0.857831
0.115935
-0.0889935
0.894302
-0.91659
0.235987
-0.9221
0.67954
0.155134
-0.157644
0.97108
-0.220309
0.226843
-1.08049
0.0887993
0.277429
0.734256
0.187283
-1.0436
0.0648723
-0.176932
-0.475684
1.08118
-1.10364
0.494073
-0.456095
1.14251
-1.16531
-0.19721
-1.79927
0.237752
0.0244329
0.21564
-0.0880438
-1.79689
-0.162119
0.0620757
-0.150349
-3.36013
-0.553018
-0.55667
2.78633
-2.09339
0.802475
0.585528
0.614546
-1.05021
-0.766424
-0.768645
0.322714
1.82463
-1.46512
-0.0316645
0.102957
0.121848
0.464429
-2.03863
-1.84676
-0.0358512
-0.258914
-0.239551
-0.0950992
0.148375
-2.77327
1.28112
-2.64976
0.162848
0.284889
0.175396
-0.475077
-0.4996
-0.444328
-0.507479
-3.03803
-2.78108
0.13307
-0.0562732
-0.101125
-0.0383235
1.08942
1.02929
-0.195668
-0.267718
-0.27916
1.19645
-2.08144
-0.443555
-0.391119
-0.39585
0.243144
0.162475
0.153389
-0.202535
0.496274
-2.55356
0.524555
-2.30938
-0.0791564
-0.00910914
-0.0241317
0.650284
-0.299709
-0.163584
0.169007
0.181835
-0.555118
0.310771
-0.375046
0.445656
0.156566
-0.624693
0.741922
0.298173
0.364669
0.409999
-0.614698
-0.59553
0.775434
0.161394
0.16593
-0.319814
0.316527
-0.536037
-0.595891
1.24795
-0.349615
-0.906235
0.593664
-1.32474
0.804426
-0.790861
1.49068
-0.189962
-0.597387
-0.36263
-0.969501
1.41184
-0.190149
0.818757
-1.30094
-2.96776
-2.60298
-0.527768
-0.912837
-0.937594
-0.799558
0.802974
0.856749
0.802821
-2.4589
-2.17594
-0.512988
-0.338064
-0.419784
-0.920536
-2.26215
0.311578
0.387706
0.412247
-0.333464
-0.777096
-2.78617
-1.70632
-1.30517
0.720088
0.651068
0.65235
-0.780501
-0.526837
-0.646364
-1.26335
-2.59986
-0.210803
-0.18094
-0.278773
-0.886077
-2.59616
-0.26002
-0.183213
-0.201481
-1.70521
-1.97056
-0.304257
-0.251582
-0.242878
-1.48495
-0.377741
-0.251544
-0.264393
-0.15439
-0.152517
-0.214429
-0.646704
-0.0968654
-0.15364
-2.25327
-0.127982
-0.110422
-0.146021
-0.996865
-2.11729
-0.132831
-0.0599419
-0.134629
-1.85069
-0.170453
-0.135634
-0.182559
-0.0988134
-0.0669004
-0.147448
0.297845
0.150491
0.118517
-0.0549955
-0.221159
-0.308159
-0.316727
-0.459656
0.54122
0.141833
-0.081442
-0.18578
-0.340267
0.372719
-0.401889
-0.113568
-0.116638
-0.0231203
-0.45225
0.25311
-0.126584
-0.346507
0.0289545
-0.0528746
-0.416604
-0.2248
-0.333508
-0.603651
0.712689
0.984916
-0.696812
-0.745128
0.327923
-0.845903
0.340407
-0.559755
-0.871046
-1.16468
0.411289
-0.517979
-0.822063
-1.1107
1.19123
0.529317
-0.806676
-0.878315
-0.943681
-0.703452
0.114081
0.275329
-0.135265
0.144767
0.422886
-0.313868
-0.0766734
-0.0613612
-0.140367
0.0954906
-0.330898
-0.541714
-0.703337
0.0177914
-0.234462
0.783277
-0.117298
-0.424152
-0.181119
0.504834
-0.193966
-0.380522
-0.61173
-0.00500174
-0.341613
-0.105525
0.527395
-0.13396
-0.153607
0.0738749
0.147408
0.0779863
-0.0676331
0.558633
-0.567284
0.0663805
-0.0959924
0.608789
-0.588942
-0.0303384
-0.449921
0.304213
0.147073
0.0121987
0.561968
0.0511732
0.00749955
-0.699373
0.0607427
-0.013269
0.380271
0.149176
-0.568309
0.0889536
0.0605469
-0.477639
0.794902
-0.769027
0.443727
-0.497679
0.880084
-0.867017
0.751662
-1.18466
0.0429443
-0.0873212
0.0223863
0.784296
-1.84616
-0.325501
-0.218211
-0.361645
-2.30518
0.210735
0.676815
1.95012
0.154074
0.255483
0.139555
0.161732
-0.787943
-0.61368
-0.671158
1.03989
1.16748
-1.04881
-0.181874
-0.147196
-0.071659
0.760743
0.238042
-1.73339
-0.245364
-0.325785
-0.342687
0.357346
0.907447
-1.97621
1.02349
-1.76458
0.144667
0.184393
0.144119
-0.340243
-0.293604
-0.306585
0.0515557
-2.19602
-2.04469
0.621777
0.0116809
-0.0091042
0.0168344
0.728279
1.00122
-0.230455
-0.224994
-0.253198
0.774101
-1.6722
-0.229445
-0.200971
-0.236873
0.143878
0.107633
0.110774
0.181949
0.740186
-1.97246
0.551089
-1.91424
0.00177353
0.0239958
0.0209683
0.410064
-0.198568
-0.126594
0.129057
0.15363
-0.394053
0.222017
-0.231807
0.250745
0.130943
-0.393793
0.426707
0.233118
0.224299
0.25221
-0.339768
-0.415236
0.440299
0.135382
0.162919
-0.221306
0.226739
-0.376541
-0.469324
0.834743
-0.182431
-0.583481
0.386103
-0.966737
0.718877
-0.779909
1.10045
-0.0887925
-0.534116
-0.225459
-0.68995
0.965455
-0.0615418
0.63234
0.318129
-2.552
-0.918753
-2.00977
-0.321119
-0.35087
-0.225108
0.453288
0.410091
0.406764
-2.62514
-0.674024
-0.0593359
0.00988442
0.00124004
0.0210732
-0.0139654
-0.00200097
0.0324158
0.0796281
0.553795
-0.0755963
-2.30231
-0.28902
-2.36128
0.229123
0.144103
0.209207
-0.160432
-0.0246679
-0.0718898
-0.272179
-2.49424
0.0423084
0.0620928
0.0463022
0.217028
-2.09342
-0.0756339
-0.0478449
-0.0547688
-0.541274
-2.18678
0.00139008
0.0359784
0.0310034
-2.08819
-0.0929501
-0.0732089
-0.0731842
-0.0128982
0.0231143
0.0180938
-0.0788584
0.431347
0.29947
-2.02915
-0.0301553
-0.0219791
-0.0347973
-0.241086
-2.18468
0.046559
0.0506134
0.0400717
-2.17229
-0.0536244
-0.0409578
-0.0546938
0.0232249
0.0333225
0.0229389
0.366905
-0.0667825
0.0311288
-0.01447
0.0407182
-0.381639
0.0431307
-0.399095
0.398011
-0.0891142
-0.0164083
-0.0459141
-0.393239
0.374466
0.0288212
-0.0272748
0.0871518
-0.130692
-0.421801
0.349792
-0.0206971
0.0122746
-0.100487
-0.0123562
-0.405487
0.0538988
-0.409014
0.443781
0.195618
0.34851
-0.22135
-0.21033
-0.579999
-0.311762
-0.447615
0.298989
-0.350565
-0.509395
-0.150081
0.026661
-0.29479
-0.429234
0.51886
-0.287305
0.239841
-0.322395
-0.318215
-0.235882
-0.559141
-0.244091
0.394421
-0.0200683
0.121065
-0.085533
0.0088974
-0.441634
-0.00100719
-0.424269
0.35622
-0.128099
-0.175461
-0.447181
0.381351
0.223631
-0.00798936
-0.131179
0.023655
0.157886
-0.494317
0.32184
-0.126507
0.000313004
-0.100489
-0.468156
0.1578
0.00656024
-0.489876
-0.0474133
0.0698621
-0.246114
-0.0157899
0.120193
-0.0899991
-0.0267192
-0.0530682
0.160984
-0.13558
0.11804
-0.137164
0.0997659
0.0574718
-0.160293
0.175859
-0.10097
0.0417129
-0.19824
0.0565328
0.0742477
0.126101
0.0723858
-0.152372
0.0464434
-0.158509
-0.221559
0.258135
-0.163479
0.115528
-0.322755
0.422728
-0.330898
0.793682
-1.23445
-0.113498
-0.142018
-0.125064
0.693104
-1.64801
-0.294951
-0.238871
-0.22891
-1.8418
0.387587
0.738259
0.514108
0.54761
-0.0205567
-0.0905444
-0.0940294
-0.142898
-0.139247
-0.178752
0.539549
0.417871
-1.54334
-0.107942
-0.0844458
-0.10117
0.460407
0.534676
-1.72923
-0.165109
-0.136406
-0.16516
0.303961
0.49497
-1.88253
0.514711
-1.75868
0.0785407
0.0890688
0.0730587
-0.148483
-0.127086
-0.124606
0.213873
-1.90628
-1.91334
0.412428
0.0245382
0.0181734
0.0247849
0.300349
0.429644
-0.0978907
-0.080629
-0.0964506
0.331966
-1.93523
-0.0923206
-0.0760475
-0.0898731
0.0645421
0.0450357
0.0484001
0.173633
0.383875
-1.97489
0.286608
-1.99888
0.0118784
0.0159749
0.0177873
0.407334
-0.101005
-0.0659608
0.0693325
0.0830963
-0.424264
0.123108
-0.228117
0.221178
0.0734882
-0.387245
0.376677
0.128465
0.109336
0.12097
-0.155473
-0.461546
0.395191
0.079518
0.0986278
-0.238154
0.114853
-0.404802
-0.0214565
0.051617
0.06368
-0.0198733
-0.0919269
-0.244282
0.158235
-0.354607
0.344087
0.074007
-0.155159
0.0207698
-0.149366
0.119127
0.0849614
-0.0162441
0.51697
-2.13484
0.0815513
-2.36222
0.0472999
0.0840119
0.0703198
-0.0088892
-0.0497364
-0.0801901
-2.33676
-0.0311831
0.0626974
0.0703229
0.0714735
0.376917
0.419699
-0.15024
-0.130968
-0.14641
0.384582
0.199627
-2.07984
0.28583
-2.29014
-0.111354
-0.123393
-0.133338
0.0833806
0.0723139
0.0714762
0.108857
-2.24085
0.0574562
0.0615746
0.0608567
0.255379
-2.02535
-0.00996299
-0.00180811
-0.00338161
-0.0633414
-2.17654
0.0422189
0.0551482
0.0487108
-2.22292
-0.0253786
-0.0118154
-0.0171384
0.0231536
0.0197097
0.0289383
0.0907523
0.286564
0.194993
-2.08534
0.000754808
0.00168705
-0.000206877
0.0341813
-2.19856
0.0396001
0.0389942
0.0346149
-2.28381
-0.0035118
-0.0058906
-0.00813548
0.00816879
0.0215049
0.0181718
0.418878
-0.0512555
0.00182797
-0.00173737
0.0359341
-0.430761
0.0572493
-0.432112
0.42056
-0.0770816
-0.00323713
-0.00921609
-0.448343
0.436144
0.0562984
-0.00111706
0.0644107
-0.0836342
-0.454488
0.406216
-0.00541428
0.0395367
-0.068004
-0.00125405
-0.443811
0.0461406
-0.460183
0.628419
-0.0580774
-0.0781696
0.0377779
0.0435732
-0.600065
0.033192
-0.591075
0.611728
0.0176666
0.0483236
-0.340957
0.334675
0.0881249
0.100546
-0.128754
-0.612613
0.650427
0.0139958
0.0199342
0.0500744
-0.566694
-0.334044
0.499598
-0.0302713
-0.00235929
-0.000395779
0.012602
-0.503896
0.025115
-0.521742
0.511379
-0.0141002
-0.0168241
-0.528985
0.524395
0.0151043
0.0149428
0.000997909
0.0374364
-0.0100399
-0.5293
0.488698
-0.0155083
0.0105934
-0.00319867
-0.525388
-0.00760398
0.0164128
-0.527825
-0.0260898
0.0192844
-0.319859
0.127483
0.0241002
-0.0110392
-0.153889
0.0985477
0.0361109
-0.0204363
0.271946
-0.0444662
0.0362768
0.0183094
-0.305573
0.0584767
-0.308412
0.26202
-0.0586755
0.0187693
0.236957
0.0462835
0.0237647
-0.0430399
0.0144301
-0.352192
0.107304
-0.00742153
0.0328484
-0.145216
0.0561379
-0.00688645
0.045782
0.313695
-1.85128
-0.0590198
-0.0543587
-0.0496623
0.294945
-1.94397
-0.0916209
-0.0739743
-0.0718951
-2.04659
0.209739
0.310102
0.132677
0.207819
-0.0264123
-0.0425638
-0.0479858
-0.0299307
-0.0167427
-0.0282899
0.18584
0.138114
-2.16082
-0.0413403
-0.0298004
-0.0370689
0.166887
0.204373
-2.20524
-0.0451517
-0.033511
-0.0446834
0.134104
0.185469
-2.27242
0.209632
-2.15833
0.0321535
0.0375451
0.0284154
-0.0586627
-0.0507335
-0.0519306
0.118615
-2.13777
-2.15506
0.196006
0.0111392
0.0077113
0.00764993
0.106678
0.148842
-0.0332911
-0.0253034
-0.0294054
0.135072
-2.40633
-0.0381177
-0.0341649
-0.0387453
0.0273379
0.0151282
0.0183288
0.0673885
0.164013
-2.34721
0.133409
-2.34851
0.00141782
-0.00260547
0.00192021
0.496566
-0.0460283
-0.028954
0.0319854
0.0373383
-0.524501
0.0593726
-0.281585
0.265875
0.0329611
-0.478494
0.452753
0.059536
0.0492077
0.0545887
-0.0707743
-0.589957
0.470068
0.0381914
0.047432
-0.298
0.050922
-0.508219
0.271725
-0.0633077
0.0327978
0.0482552
-0.310611
0.0854393
-0.305365
0.235007
-0.0808251
0.0404315
0.227576
0.0441126
0.0648855
-0.0619591
0.0284331
-0.361255
0.268216
-2.16408
0.229311
-2.35038
0.0581613
0.0539479
0.0580351
-0.100487
-0.0753552
-0.0865067
-2.27852
0.110548
0.046445
0.0476519
0.0467625
0.170202
0.199307
-0.0575183
-0.048562
-0.0563999
0.176357
0.106152
-2.34566
0.158078
-2.51707
-0.0541316
-0.0535735
-0.0619663
0.0395707
0.0418043
0.0443115
0.0919902
-2.4176
0.0330131
0.0316592
0.033677
0.146559
-2.21162
0.000741159
-0.00053897
0.000550917
0.0512522
-2.29377
0.0277972
0.03285
0.031447
-2.40182
-0.00228486
0.0109617
-0.0029907
0.0145188
0.0100198
0.0180397
0.0456521
0.149063
0.112296
-2.38854
-0.00395361
-0.0023997
-0.00153578
0.0471707
-2.45145
0.0235106
0.0257451
0.0235353
-2.57261
0.0103445
-0.00445117
-0.00247032
0.00434769
0.0171209
0.0144773
0.479777
-0.0182279
-0.00202595
0.00162313
0.00911152
-0.49954
0.0256214
-0.495174
0.475168
-0.0361817
-0.000623874
-0.0013661
-0.509059
0.490297
0.0239026
9.33959e-05
0.0237925
-0.0344031
-0.524021
0.460913
-0.00069981
0.0150596
-0.0265034
4.8859e-05
-0.517692
0.0119351
-0.529571
0.577913
-0.0441782
-0.0396641
0.0305219
0.0324943
-0.587612
0.0464922
-0.551104
0.54742
0.0469463
0.0553156
-0.32971
0.325649
0.0416125
0.0510007
-0.0559225
-0.652437
0.573464
0.0387572
0.0379726
0.0382682
-0.563745
-0.336205
0.527587
-0.0200672
-0.0226501
0.0179421
0.00827386
-0.538757
0.0153318
-0.551178
0.539252
0.0199527
0.0221878
-0.5445
0.534247
-0.0288929
0.00815113
0.0242017
0.0218059
-0.0295405
-0.559538
0.516501
0.0155877
0.00616689
0.0195699
-0.564587
-0.0272269
0.00905475
-0.5555
0.00893959
-0.0168684
-0.365814
0.218078
0.00694997
-0.00209603
-0.235925
0.198454
0.00961585
-0.00313497
0.397302
-0.0173006
0.0150706
0.00679454
-0.424932
0.0217509
-0.468032
0.431446
-0.0186716
0.00594438
0.367819
0.0188901
0.00908142
-0.0141665
0.00338238
-0.501852
0.217588
-0.00559453
0.0104662
-0.234894
0.197646
-0.00669199
0.014053
0.114731
-2.46003
-0.0249956
-0.0264833
-0.020309
0.0809348
-2.47388
-0.0170842
-0.00980224
-0.0121756
-2.52508
0.0791401
0.110394
0.000670687
0.0835387
-0.0090165
-0.0240714
-0.0273424
0.00250469
0.0105482
0.0113698
0.0738739
0.0374242
-2.74463
-0.0242139
-0.0158837
-0.0185994
0.0279243
0.0678083
-2.73882
0.00249195
0.000328203
-0.000792304
0.0438727
0.0626038
-2.78234
0.0802753
-2.66735
0.0116877
0.0130467
0.00734689
-0.0257882
-0.0199124
-0.022166
0.0288652
-2.57876
-2.57164
0.0891768
-0.00433727
-0.0040722
-0.00885663
0.0241093
0.0470637
-0.00911856
-0.00768419
-0.00937897
0.0460546
-2.93003
-0.0148976
-0.00937032
-0.0119558
0.00794035
-0.00266638
0.00276307
0.00334896
0.0682614
-2.81593
0.0590496
-2.80136
-0.0058785
-0.013634
-0.0094441
0.617716
-0.0211107
-0.0116367
0.0146679
0.0162385
-0.650055
0.0271161
-0.3535
0.33438
0.0141339
-0.60128
0.571126
0.0267373
0.0218607
0.0283935
-0.038528
-0.743069
0.585769
0.0178749
0.0210806
-0.372571
0.0241954
-0.634736
0.403997
-0.020464
0.00778124
0.0171018
-0.429953
0.0271698
-0.486722
0.442747
-0.0199552
0.0103033
0.375385
0.0111058
0.0229748
-0.0277972
0.00772088
-0.513342
0.107311
-2.5709
0.0956728
-2.73305
0.0326553
0.0270776
0.0291076
-0.0374362
-0.0282767
-0.0340171
-2.61311
0.0663743
0.0211583
0.0186832
0.0191722
0.0421669
0.0770237
-0.0133693
-0.00988103
-0.00935148
0.0566051
0.0368838
-2.81036
0.0568932
-2.9703
-0.0172006
-0.0180058
-0.0180546
0.0178049
0.0140115
0.0189751
0.0479536
-2.82784
0.00804562
0.00668033
0.00990291
0.0858965
-2.5982
-0.00339402
-0.0110909
-0.00570559
0.0317406
-2.64561
0.0189696
0.0219152
0.0190734
-2.77994
-0.00502684
0.0120668
-0.00715308
0.0147234
0.00779089
0.0157394
0.00151301
0.0750014
0.0644216
-2.81998
-0.0111711
-0.00930584
-0.00552148
0.020484
-2.85606
0.0163663
0.013713
0.0139246
-3.0047
0.0088357
-0.00687228
-0.00499296
0.0025797
0.0115582
0.0129852
0.570842
-0.000151268
0.000114554
0.00124215
-0.00536771
-0.597173
0.00526038
-0.593029
0.564774
-0.0124949
-0.00232037
-0.00192043
-0.604282
0.577603
0.00116859
-0.00574185
0.00164761
-0.00992451
-0.629698
0.545049
9.61599e-06
-0.00130072
-0.00546702
-0.00193392
-0.623475
-0.00772814
-0.6327
0.649656
-0.021463
-0.0162176
0.0157152
0.0154811
-0.675558
0.0246998
-0.628446
0.605341
0.0198071
0.0236592
-0.373983
0.359406
0.0115671
0.0200302
-0.0107634
-0.768238
0.625163
0.0211402
0.0193162
0.0158478
-0.656556
-0.389026
0.592814
-0.0119113
-0.0159263
0.0154462
0.00457184
-0.614446
0.00936478
-0.624163
0.601668
0.0203764
0.01812
-0.611396
0.589579
-0.0192483
0.00442722
0.0168779
0.0143859
-0.0163319
-0.641971
0.57164
0.0159739
0.0032735
0.0169796
-0.648263
-0.0152401
0.00536027
-0.633226
0.028145
-0.0328352
-0.426041
0.283133
0.00637795
-0.00477369
-0.296951
0.26826
0.00682462
-0.00437016
0.50211
-0.00857521
0.00713952
0.00294947
-0.525459
0.0100474
-0.595061
0.565035
-0.00821723
0.00195892
0.477188
0.00851512
0.00426524
-0.00695314
0.000628987
-0.623139
0.277145
-0.0010613
0.00171185
-0.289278
0.264156
-0.00206465
0.00330626
0.0517944
-3.00891
-0.015377
-0.0168941
-0.0149154
-3.95614e-05
-2.99269
0.00733512
0.00834318
0.00561383
-3.03103
0.022136
0.0360766
-0.0163558
0.0271889
0.00181635
-0.0104815
-0.0101216
0.0040911
0.00455208
0.0113344
0.039825
0.0108319
-3.25266
-0.0146618
-0.0148861
-0.0136305
-0.00943675
0.0153808
-3.23096
0.0119894
0.00545696
0.00948927
0.0119927
0.0217852
-3.26515
0.0223027
-3.18505
-0.00158948
0.00441005
-0.00501278
-0.0060843
-0.00792978
-0.00640149
-0.0108906
-3.04829
-3.03347
0.038302
-0.00964015
-0.0109878
-0.0139579
0.00445279
0.0113104
-0.00291777
-0.00282194
-0.00041527
0.0162217
-3.42802
-0.0068187
-0.00414294
-0.00191045
0.00361133
-0.00519092
-0.00367121
-0.0136654
0.0259367
-3.27174
0.02507
-3.25191
-0.00823562
-0.0131364
-0.009292
0.750553
-0.0117945
-0.00144771
0.00595103
0.00770881
-0.783357
0.0138765
-0.43171
0.41227
0.00219396
-0.73207
0.7018
0.0123186
0.0118892
0.0176587
-0.0259067
-0.898591
0.717149
0.00706822
0.00930509
-0.4504
0.0130717
-0.765509
0.498453
-0.00714796
0.000108696
0.00750742
-0.51875
0.0094438
-0.60843
0.581393
-0.00983088
0.00248792
0.477004
0.000691743
0.00987897
-0.00756395
0.00164526
-0.634004
0.0259496
-3.04619
0.0286053
-3.20699
0.00916006
0.0104412
0.00617099
-0.00804151
-0.00907624
-0.0111885
-3.05154
0.0338895
0.00289322
0.00331411
-0.00019222
0.00461724
0.0140224
0.000481907
0.000745204
0.00691754
0.0106385
0.0160248
-3.27306
0.0186712
-3.43672
-0.00413844
-0.0058704
-0.0010571
0.00435576
-0.000635626
0.00172325
0.0249658
-3.26593
0.00113057
-0.00492184
-0.00163376
0.0483688
-3.04165
-0.00756275
-0.013146
-0.0111295
0.0126939
-3.07048
0.0111452
0.013861
0.0104561
-3.23232
-0.00303261
0.00880945
-0.00599825
0.0100021
0.0050043
0.0077476
-0.00973141
0.0405846
0.0374387
-3.25863
-0.00918171
-0.00933924
-0.00684103
0.0083988
-3.28301
0.0130187
0.00863575
0.0103589
-3.45623
0.00726154
-0.00551295
-0.00124554
0.00177076
0.00524017
0.00844121
0.68034
0.00622449
0.00350999
-0.000365722
-0.0104149
-0.707899
-0.00343706
-0.709376
0.679758
-0.00185274
-0.00268448
-0.00441755
-0.719492
0.690814
-0.00866432
-0.00662939
-0.00681718
-0.000315725
-0.746839
0.652006
-0.00112203
-0.00778198
0.000615375
-0.00240381
-0.737984
-0.0148275
-0.749275
0.762407
-0.00616604
-0.00969658
0.00819676
0.00691132
-0.791607
0.00750503
-0.74092
0.714714
0.0102044
0.0139371
-0.439759
0.422587
0.0083611
0.0103552
-0.0105588
-0.902327
0.732812
0.0116314
0.00856437
0.00951531
-0.771184
-0.456524
0.689327
-0.00625753
-0.00995038
0.0113665
0.0022148
-0.714041
0.00391
-0.727098
0.70056
0.0162513
0.0115623
-0.709435
0.682986
-0.00864904
0.00273928
0.0104085
0.0093298
-0.00745643
-0.746815
0.663458
0.0122741
0.000874499
0.0128036
-0.754245
-0.00633894
0.00318316
-0.734878
0.033306
-0.0349952
-0.497227
0.335528
0.00722369
-0.00673533
-0.347353
0.323092
0.0076492
-0.00678766
0.592319
-0.00586871
0.00528765
0.00117553
-0.613031
0.00634133
-0.70357
0.677448
-0.00579306
0.00117769
0.570595
0.00584593
0.00162998
-0.00515119
0.000298098
-0.728448
0.324218
0.00433146
-0.00344769
-0.335719
0.312674
0.00342848
-0.00268392
0.0323967
-3.47893
-0.0120783
-0.0104634
-0.0148279
-0.00703063
-3.45287
0.00792274
0.00208741
0.0027074
-3.48486
0.00964089
0.0150158
0.00314726
0.00596192
0.00197682
-0.00181578
0.00166287
-0.00109246
-0.00847873
-0.00135257
0.0235665
0.0122083
-3.69348
-0.00487108
-0.0129635
-0.00925636
-0.0021887
-6.59617e-05
-3.6626
0.00380881
0.00075845
0.0061954
0.00891433
0.0105265
-3.69497
0.0105662
-3.66146
0.00172507
0.00652663
0.000229708
-0.00283149
-0.00905947
-0.00674848
-0.00821239
-3.48794
-3.46843
0.0171376
-0.00424731
-0.00534423
-0.00784172
0.0124548
-0.00451314
0.00189118
-0.000948792
0.00381314
0.013398
-3.88518
-0.00749313
-0.00404585
-0.000516336
0.00726402
-0.000949942
0.00218619
-0.00307894
0.00502545
-3.69876
0.0140749
-3.67328
-0.00106481
-0.00613786
-0.00112881
0.873664
-0.00821742
-0.00302424
0.00428372
0.00517653
-0.900881
0.00877651
-0.503867
0.487148
0.00181969
-0.852607
0.827525
0.00567463
0.00948209
0.0103399
-0.016242
-1.03665
0.845506
0.00380967
0.00508948
-0.519516
0.00805537
-0.881434
0.57717
-0.00242889
-0.000261177
0.00331865
-0.595965
0.0028879
-0.707497
0.683519
-0.00258023
0.000926721
0.557932
-0.00109212
0.0047366
-0.0125275
0.000570095
-0.720179
0.00297849
-3.49018
0.00562141
-3.65854
0.000271956
0.00282887
-0.00243362
0.000361913
-0.00365997
-0.00476689
-3.4805
0.0182155
-0.00181731
-0.00011651
-0.00499483
0.000929483
-0.0117472
0.00450029
0.000965355
0.00834356
-0.00279646
0.0164638
-3.70006
0.000413184
-3.87602
0.001037
0.000940445
0.00578088
-0.000573763
-0.00952307
-0.00525745
0.012272
-3.68456
-0.00118993
-0.00696158
-0.00295161
0.0320677
-3.47275
-0.00273227
-0.00842924
-0.00616245
0.00645455
-3.4932
0.0101168
0.0104008
0.00681205
-3.67627
-3.39052e-05
0.00709677
-0.00499937
0.00843088
0.00606643
0.00462408
0.00122948
0.0224721
0.0294843
-3.68081
-0.00273651
-0.0053113
1.95015e-05
0.00402792
-3.7001
0.0115938
0.00401327
0.0090041
-3.89183
0.00612087
-0.00558868
0.000898938
0.00581949
0.00460293
0.00927227
0.785147
0.00650665
0.000670957
0.000574872
-0.00938902
-0.808792
-0.0055654
-0.819743
0.793286
0.0020703
-0.00136623
-0.00179792
-0.829905
0.804854
-0.00895405
-0.00361955
-0.00682587
0.00192178
-0.855048
0.760632
-0.000281976
-0.00863811
0.00496158
-0.00103164
-0.847406
-0.0127227
-0.856133
0.874845
-0.00177461
-0.00675255
0.00424561
0.00378265
-0.901175
0.00183553
-0.850454
0.827592
0.00596748
0.00863362
-0.506177
0.490235
0.00952892
0.00720517
-0.0157496
-1.02928
0.848164
0.00553993
0.00415743
0.00716155
-0.878412
-0.52137
0.786617
-0.00401974
-0.00567453
0.00692958
0.00129642
-0.809364
0.00319863
-0.830557
0.806241
0.0126692
0.00699014
-0.810499
0.785696
-0.00278861
0.00240211
0.00626793
0.00728195
-0.00314273
-0.848332
0.762957
0.00835132
0.000621856
0.00873595
-0.855869
-0.00185081
0.00248623
-0.834372
0.0288888
-0.0297157
-0.565401
0.38034
0.00536141
-0.00531979
-0.390657
0.369812
0.00635759
-0.00639985
0.671175
-0.00523159
0.00521875
1.82565e-05
-0.689196
0.00543142
-0.798549
0.776121
-0.00462066
-0.000441906
0.652558
0.00572713
-0.000247257
-0.00390417
-0.00104761
-0.820236
0.369108
0.00541645
-0.00471048
-0.379721
0.358273
0.00556804
-0.00483789
0.0149331
-3.89895
-0.00532899
-0.00337721
-0.00986005
-0.000898773
-3.86668
0.00630194
-0.00194917
-0.000185453
-3.89931
0.00676442
0.00725504
0.0100317
-0.00390573
0.00383901
-0.00426866
0.00466219
-0.000899749
-0.00695288
-0.000891242
0.00722119
0.0120405
-4.09628
0.0025207
-0.00588696
-8.17318e-05
-0.000510989
-0.00815669
-4.06345
0.00436105
-0.00162642
0.0061923
0.00487462
0.00438746
-4.09732
0.00674288
-4.09859
0.00378219
0.00839276
4.52274e-05
0.0002951
-0.0106527
-0.00475443
-0.00294641
-3.9036
-3.87576
0.0097381
0.00168598
-0.0034544
-0.00530325
0.00938487
-0.0201727
0.00965181
0.00212032
0.00957763
0.00793942
-4.30142
-0.00719099
-0.00186649
0.00423616
0.00704882
-0.0021263
0.00154599
-0.00491564
-0.00928705
-4.10053
0.00841707
-4.06425
0.000300142
-0.00758583
-0.000275432
0.977234
-0.00996464
-0.00275641
0.00495924
0.00679475
-1.00228
0.00941612
-0.5641
0.549977
0.00245394
-0.955852
0.934486
0.00499862
0.0112019
0.0101438
-0.0158228
-1.15573
0.952751
0.00402736
0.00565035
-0.577996
0.00854535
-0.982404
0.652233
-0.000314057
-0.000846119
0.00187488
-0.670148
0.000837879
-0.787471
0.777234
-0.0108184
-0.00103841
0.634214
-0.00122786
0.00265258
0.00123061
-0.00161007
-0.808193
-0.00945807
-3.90441
-0.0132797
-4.08826
-0.00940612
-0.00205093
-0.0146696
0.00788243
0.00186406
0.0026563
-3.89098
0.00592723
-0.00250664
-0.00795433
-0.00735142
-0.0107899
-0.0381294
0.0125875
0.00863824
0.0162729
-0.016992
0.0127052
-4.10219
-0.0186824
-4.29601
0.00803158
0.00899994
0.0145426
-0.00633172
-0.0236149
-0.0177438
0.00034848
-4.08433
-0.0091832
-0.0103526
-0.00413463
0.0279074
-3.88208
-0.000343616
-0.00803752
-0.0073719
-0.00250685
-3.90169
0.00681207
0.00643242
0.000132283
-4.10144
-0.000412782
-0.000178293
-0.00896162
0.0113487
0.00660715
0.00638483
-0.00287334
0.00470381
0.0264511
-4.07331
-0.00401484
-0.00929524
-0.00132427
-0.0116431
-4.09411
0.00965611
-0.0047355
0.00351002
-4.30252
-0.00200854
-0.0130668
-0.00424823
0.00675228
0.00840822
0.0144563
0.874285
0.00151745
0.00221808
-0.000218126
-0.00385226
-0.897021
-0.00166883
-0.913305
0.890305
-0.00104571
-0.000492634
-0.00092314
-0.9255
0.90336
-0.0041841
-0.00372914
-0.00214095
-0.00159827
-0.949273
0.852433
-9.22213e-05
-0.00410745
0.000916715
-0.000904041
-0.939692
-0.00684499
-0.950358
0.977924
0.00441088
-0.00742012
0.00271068
0.000929204
-1.00436
-0.00331943
-0.951749
0.930328
0.0048026
0.00791567
-0.56662
0.551833
0.0150972
0.00759474
-0.0261859
-1.14842
0.952602
0.00280726
0.00119759
0.0075202
-0.979493
-0.581497
0.876724
0.000239441
-0.00167368
0.00218133
-0.00110633
-0.899464
0.00115316
-0.926684
0.90383
0.00729326
0.00273195
-0.905584
0.881948
0.00112595
0.00230842
0.00206105
0.00514579
-9.27458e-05
-0.944557
0.854377
0.00367342
-0.000646433
0.00303255
-0.951669
0.00145206
0.00200424
-0.929365
0.0210489
-0.0212684
-0.628173
0.419132
0.0021411
-0.00199838
-0.4281
0.410148
0.00285987
-0.00308038
0.738384
-0.00574536
0.00555264
-9.85867e-05
-0.753683
0.00565335
-0.87928
0.860718
-0.00358731
-0.00271199
0.722897
0.006134
-0.00118757
-0.00318385
-0.00276046
-0.897541
0.408236
0.0028192
-0.00262427
-0.417163
0.399217
0.00318637
-0.00324435
0.000855117
-4.283
0.00507168
-0.00275734
-0.00162809
0.00182546
-4.24983
0.00515208
-0.000411715
-0.0034877
-4.28572
0.0050422
0.00189074
0.0158844
-0.0107124
0.00852569
-0.00524592
0.00299016
-0.00203813
-0.00612345
0.00143677
-0.00513406
0.0154391
-4.45701
0.00400712
0.0014325
0.00966167
0.00537913
-0.0125277
-4.42231
0.00475274
-0.00533689
0.00361218
0.00606831
0.000297598
-4.46264
-0.00034357
-4.49442
0.00419008
0.00709161
0.000276031
0.00407191
-0.00904996
-0.00310577
-0.00537976
-4.28699
-4.25031
0.00415075
0.000564312
-0.00374421
-0.00663176
0.0110722
-0.0299761
0.0152105
0.00319095
0.0132453
0.000961769
-4.67489
-0.00420505
-0.000177399
0.00765524
0.00706389
-0.00237156
0.00261776
-0.00487874
-0.017003
-4.46229
0.00371836
-4.4195
0.000781538
-0.00854627
-0.00051174
1.074
-0.0123465
-0.00439156
0.00726242
0.00944614
-1.09746
0.0113245
-0.620224
0.606678
0.00399633
-1.05068
1.03178
0.0089456
0.0126112
0.01453
-0.0218528
-1.26592
1.05114
0.00623987
0.00786198
-0.633517
0.0123416
-1.07552
0.719716
-0.000198804
-0.00244437
0.00259157
-0.735284
0.000526706
-0.867038
0.861281
-0.0117096
-0.00257756
0.704359
-0.00331669
0.00306574
0.00178799
-0.00215477
-0.885591
-0.0241163
-4.28939
-0.0298067
-4.49423
-0.0207212
-0.00860393
-0.0259334
0.0165589
0.00722419
0.0092548
-4.27532
-0.00309737
-0.00425435
-0.0192932
-0.0113779
-0.0123111
-0.0488704
0.0147875
0.00957278
0.0197769
-0.0263886
0.0136836
-4.4638
-0.0248812
-4.6806
0.0108122
0.00999523
0.0195304
-0.00975914
-0.0275888
-0.0231125
-0.00315774
-4.44708
-0.0153865
-0.0135406
-0.00623545
0.0232731
-4.25613
-0.0020154
-0.0106282
-0.0103068
-0.0176506
-4.27561
0.000606879
0.00246647
-0.00838541
-4.49311
-0.00740995
-0.00830465
-0.0163102
0.0157328
0.00316948
0.00830991
-0.00218382
-0.00777456
0.0196179
-4.42572
-0.00463292
-0.0101083
-0.00168676
-0.0187178
-4.44599
0.0068045
-0.00969114
-0.00106224
-4.67268
-0.00641
-0.0172396
-0.00872774
0.0042881
0.00760392
0.0153563
0.961749
-0.0035493
0.00428676
-0.00129235
0.00152622
-0.984325
0.0036987
-1.00404
0.981266
-0.00598686
-0.00129902
-0.00225045
-1.0178
0.996423
0.00119793
-0.00550561
0.00303477
-0.00621222
-1.04071
0.940189
-0.000787311
0.00182298
-0.00348235
-0.00169059
-1.03036
-0.00117911
-1.04249
1.08424
0.00961444
-0.00854438
0.00298395
-0.00120732
-1.1118
-0.00889907
-1.05389
1.0326
0.0057949
0.00823304
-0.628225
0.612847
0.020885
0.00739101
-0.0366709
-1.26866
1.05783
0.00193094
-0.00131808
0.00907588
-1.08231
-0.643698
0.969107
0.00568059
0.000478412
-0.000529639
-0.00410478
-0.992975
-0.00291702
-1.02319
1.00026
0.00245344
-8.41583e-05
-1.00028
0.976745
0.00370808
0.00219261
-0.000812713
0.00341588
0.00171742
-1.04038
0.946005
0.000566061
-0.00310886
-0.00129523
-1.04893
0.00336982
0.0016176
-1.02437
0.0148246
-0.014196
-0.691205
0.451761
0.000880015
-0.000730714
-0.459234
0.444394
0.000943671
-0.00123327
0.794689
-0.00686547
0.00517778
0.0016024
-0.807768
0.00666002
-0.946207
0.930967
-0.0037623
-0.00381191
0.781761
0.00592159
-4.06537e-05
-0.00376588
-0.00330186
-0.961507
0.441211
0.00135789
-0.000806573
-0.448913
0.433576
0.00159987
-0.00151178
-0.00849918
-4.61661
0.0124579
-0.00253522
0.00387469
0.00987922
-4.58155
0.00177461
-0.00259385
-0.00761608
-4.62634
0.00836329
0.000275898
0.0244857
-0.0167076
0.0113592
-0.00559599
0.0036131
-0.00497298
-0.0077343
0.000138539
-0.00932311
0.0207397
-4.76216
0.00343177
0.00497435
0.014298
0.0130922
-0.0132648
-4.72574
0.00294361
-0.00886658
1.29795e-05
0.0102007
-9.46225e-05
-4.7744
-0.00519042
-4.84326
0.00636777
0.0101964
0.00135694
0.00663756
-0.00990752
-0.00214939
-0.00180622
-4.62534
-4.58401
0.000828303
0.00158077
-0.00339598
-0.00614407
0.0216238
-0.0289833
0.0156179
-9.2166e-05
0.0107844
0.000692622
-4.99858
-0.00628326
0.000161517
0.00923019
0.0110419
0.000339909
0.00614436
0.00193106
-0.018047
-4.77422
0.00112658
-4.72809
0.00326642
-0.00651237
0.00184905
1.16258
-0.014946
-0.00514846
0.00849722
0.0112427
-1.18308
0.0139296
-0.671768
0.660087
0.0055197
-1.13603
1.1205
0.0119142
0.0156753
0.016196
-0.0242617
-1.36295
1.14244
0.00804447
0.00996622
-0.683015
0.0142509
-1.15808
0.778604
-0.00208088
-0.00206037
0.0043717
-0.791708
0.00135009
-0.951958
0.935846
6.81861e-05
-0.00181665
0.765075
-0.00330386
0.00455376
-0.0143057
-0.000514963
-0.954715
-0.0238031
-4.62412
-0.0230705
-4.84968
-0.0179486
-0.0065777
-0.0225579
0.0140124
0.00309369
0.00305647
-4.61338
-0.000633827
-0.00334876
-0.0175522
-0.00989058
-0.00205132
-0.0419969
0.0100543
0.0057784
0.0166402
-0.0195161
0.0183563
-4.77016
-0.00917166
-5.00105
0.00547859
0.00239653
0.0120846
-0.00668522
-0.0225559
-0.0173775
0.00306143
-4.75554
-0.0112701
-0.00868147
-0.0014655
0.015998
-4.58518
0.000681649
-0.00939872
-0.00785795
-0.0151535
-4.60573
-0.001401
0.00150655
-0.00960053
-4.84173
-0.00826917
-0.00653174
-0.0164532
0.0147321
0.0014745
0.00710387
0.00643416
-0.0093608
0.0139833
-4.7317
-0.00220322
-0.00594951
0.00328609
-0.0111379
-4.75141
0.00714394
-0.00932108
-0.000929871
-4.99695
-0.00305021
-0.0151577
-0.00687845
0.00261134
0.00650236
0.0143493
1.04451
-0.00469487
0.00286487
-0.000882095
0.00307881
-1.0643
0.00595453
-1.08935
1.06882
-0.00810617
-0.00124964
-0.000862981
-1.10458
1.08588
0.00468051
-0.00491228
0.00490019
-0.00751549
-1.12402
1.0253
-0.00021105
0.00446351
-0.00421914
-0.00144477
-1.11346
0.00141181
-1.12659
1.18544
0.00745327
-0.00983318
0.00437208
-0.000389031
-1.20823
-0.00714849
-1.14984
1.13258
0.00732837
0.00920767
-0.687176
0.673856
0.0210239
0.0094163
-0.0377443
-1.37631
1.16284
0.00310343
-0.000758272
0.0100653
-1.17439
-0.699813
1.05872
0.00598558
-0.000208497
-0.000560006
-0.00444866
-1.07909
-0.00402258
-1.11597
1.0956
0.00110443
0.000357412
-1.09182
1.07044
0.00275964
0.00215885
-0.000625914
0.00325385
0.000774232
-1.12888
1.03798
0.00036157
-0.00379135
-0.00227011
-1.13855
0.00214461
0.00166922
-1.11264
0.00961632
-0.00931106
-0.749459
0.479313
0.000712262
-0.000209388
-0.485866
0.472953
0.000448304
-0.000444329
0.843491
-0.00728636
0.00461839
0.0031058
-0.855054
0.00733838
-1.00295
0.989775
-0.00448263
-0.00331357
0.832114
0.00523244
0.0018649
-0.00445859
-0.00243525
-1.01639
0.468906
0.000826291
-0.00032585
-0.474922
0.462812
0.00103061
-0.000854265
-0.00576887
-4.89073
0.0131028
-0.00479116
0.00213379
0.0124187
-4.85284
-0.000182013
-0.00237176
-0.00829716
-4.90468
0.0103564
6.34145e-05
0.0226777
-0.0153057
0.0104127
-0.00669092
0.00217827
-0.00461816
-0.00768995
0.00145709
-0.00385313
0.0195188
-5.0028
0.00208651
0.000455249
0.0108277
0.010399
-0.0153448
-4.96169
0.00371878
-0.00742957
0.00101451
0.0093997
-0.000402379
-5.01689
-0.00151257
-5.13687
0.0087414
0.00995647
0.00213702
0.00647749
-0.0121412
-0.00340032
0.0013522
-4.90432
-4.86315
0.00156495
0.00354372
-0.0037452
-0.00497928
0.0161143
-0.0207363
0.0115631
-0.00305142
0.00774922
0.0066824
-5.25284
-0.00860354
-0.00218015
0.00776646
0.0067836
-0.00291095
0.00434767
-0.00210787
-0.0153218
-5.01328
0.0031169
-4.96947
0.000811996
-0.00721316
0.00153976
1.23635
-0.0139614
-0.00510631
0.00758858
0.0106721
-1.2531
0.0131661
-0.714136
0.704652
0.00659358
-1.20764
1.19561
0.0114364
0.0151013
0.0142028
-0.02252
-1.44272
1.21994
0.00784676
0.00978764
-0.723104
0.0129238
-1.22633
0.827873
-0.00216334
-0.00154974
0.00444909
-0.838318
0.0014423
-1.01371
0.985645
0.0151007
-0.00112011
0.816485
-0.00279785
0.0051448
-0.0147741
-6.65062e-05
-1.01276
-0.0161506
-4.902
-0.00912079
-5.13436
-0.0133424
-0.00439175
-0.0186501
0.00781885
-0.000632772
-0.00153716
-4.89064
0.00539855
0.0025783
-0.0137248
-0.00435041
-0.00179227
-0.0358637
0.010191
0.00429097
0.0157826
-0.014231
0.0186735
-5.01838
-0.00229761
-5.25029
0.00343392
0.000602669
0.0103608
-0.00443442
-0.0192386
-0.0132465
0.00707076
-5.00075
-0.00760814
-0.00550855
0.00384349
0.0145893
-4.86271
0.00321171
-0.00710496
-0.00734199
-0.0102834
-4.88103
0.000442698
0.0035117
-0.00776553
-5.13543
-0.00607977
-0.0068432
-0.0139641
0.0151164
0.00208206
0.00772886
0.00447564
-0.00403123
0.0174584
-4.97628
-0.000218218
-0.0096798
0.000579206
-0.00995112
-4.99178
0.0103939
-0.00647265
0.00299504
-5.2554
-0.00648886
-0.0115912
-0.00413122
0.00552445
0.00671205
0.0168083
1.11236
-0.00456592
0.00268698
-0.00124823
0.00292711
-1.12813
0.00669117
-1.16248
1.14974
-0.012698
-0.000795431
0.000653519
-1.17678
1.16242
0.00472928
-0.00322469
0.00443732
-0.00674727
-1.19304
1.09783
4.36457e-05
0.0048572
-0.00381333
-0.000755634
-1.18238
0.00106942
-1.19481
1.26467
0.00618539
-0.00915518
0.00424155
-0.000260362
-1.28165
-0.00538127
-1.22642
1.21463
0.00644721
0.00866485
-0.733154
0.723304
0.0175068
0.00931974
-0.0327186
-1.45968
1.24789
0.0031777
-0.000433844
0.00883847
-1.24561
-0.742176
1.13137
0.00482311
-0.000832746
-8.56822e-05
-0.00387282
-1.14657
-0.00290145
-1.19188
1.17669
0.00196499
0.0015283
-1.16569
1.14984
0.00124986
0.00269804
0.000296296
0.0043903
-0.000203946
-1.198
1.11559
0.00135022
-0.0032545
-0.00137071
-1.20915
0.00106551
0.0019814
-1.18058
0.00923062
-0.00929249
-0.796142
0.502438
0.00130449
-0.000998839
-0.507176
0.49759
0.000866643
-0.000893024
0.884575
-0.00661457
0.00466759
0.00203316
-0.893048
0.00700911
-1.05088
1.04063
-0.00486463
-0.00258845
0.87584
0.00524305
0.00135377
-0.00467147
-0.00167374
-1.06095
0.489852
0.00199638
-0.00128299
-0.494424
0.485222
0.0017126
-0.00136277
-0.00832673
-5.09525
0.0115778
-0.00123216
0.00111128
0.0129098
-5.05203
0.000917743
-0.00655995
-0.00837702
-5.10941
0.00958805
-0.00347561
0.0326937
-0.0279778
0.0131363
0.00117739
0.0100252
-0.00796313
-0.0153691
-0.00639103
-0.015454
0.0203121
-5.16637
0.00823224
0.00283336
0.0133569
0.0168283
-0.0197144
-5.12198
-0.00263386
-0.00935676
-0.000401254
0.00973226
-0.00836272
-5.18011
-0.000554179
-5.34993
0.00617568
0.00638683
-0.000863463
0.00513517
-0.0100214
-0.00521848
-0.00205509
-5.10289
-5.06562
-0.000579053
0.0036423
-0.00589231
-0.00423739
0.015619
-0.0246957
0.0112358
0.0011076
0.0114257
-0.000118872
-5.4267
-0.00332303
-0.00117186
0.00842985
0.00570055
-0.0046942
0.00303649
0.000446442
-0.0192458
-5.17481
-0.00207173
-5.1355
0.000679896
-0.0047861
0.0039565
1.29578
-0.0109684
-0.00278964
0.00496837
0.00815071
-1.30793
0.00980586
-0.748853
0.741486
0.0046403
-1.26576
1.258
0.00849175
0.0120838
0.0112391
-0.0201558
-1.50672
1.28377
0.00532
0.0070462
-0.755159
0.00967168
-1.28026
0.864751
-0.00166475
4.55271e-05
0.00276315
-0.872431
0.00212477
-1.0443
1.05099
-0.0163914
-0.00133594
0.857321
-0.00161533
0.00384893
-2.47658e-05
-0.000878232
-1.053
-0.0186282
-5.11286
-0.00580542
-5.34377
-0.00882025
-0.00576062
-0.0152922
0.00788217
-0.0029764
-0.00172801
-5.0988
0.00893724
0.00387251
-0.0132368
-0.00700554
0.00244968
-0.0384993
0.0102092
-0.000337695
0.0109045
-0.0257181
0.0209448
-5.1823
0.0006921
-5.4168
0.000777314
0.00241477
0.0118291
-0.00735014
-0.0179194
-0.0105224
0.0107368
-5.16351
-0.00779396
-0.0128645
-0.00165828
0.0133045
-5.07282
0.00148788
-0.00249834
-0.00821185
-0.00353479
-5.08288
0.00308275
-0.00123985
-0.0075553
-5.35536
0.000516627
-0.00747444
-0.00689489
0.0142684
0.00381082
0.00297389
0.0154569
-0.0160777
0.0061219
-5.14593
0.00613705
-0.00593598
0.00354611
0.00559559
-5.15314
0.00296375
-0.00999838
0.00164003
-5.43206
-0.00335599
-0.00241349
0.00529051
0.00496307
-0.00102222
0.0099084
1.16805
-0.00376374
0.00372712
-0.00221177
0.00235933
-1.17936
0.00397463
-1.22374
1.20678
0.00098559
0.000548567
-0.00102639
-1.23496
1.22408
0.00306278
-8.4445e-06
0.00262083
-0.00401634
-1.24604
1.15566
-0.00119562
0.00406182
-0.00443362
3.98775e-05
-1.23495
7.20551e-05
-1.24864
1.32018
0.00472257
-0.00671226
0.00343496
2.18409e-06
-1.33189
-0.00340022
-1.28078
1.27477
0.00561289
0.00636246
-0.764416
0.758108
0.0143976
0.00640925
-0.0276791
-1.51678
1.30944
0.00227491
-0.000171793
0.00790591
-1.29482
-0.770622
1.18127
0.00407306
0.000546178
-0.00158702
-0.0028704
-1.19148
-0.000671577
-1.24463
1.23529
0.00136937
0.000601132
-1.21511
1.20508
0.00129874
0.00223357
-0.00039316
0.000769106
-5.28041e-05
-1.24457
1.17139
0.00044638
-0.00191015
-0.0024139
-1.25679
0.00117674
0.00067052
-1.22574
0.00607301
-0.00598884
-0.829563
0.516426
0.00101748
-0.00111824
-0.518724
0.51415
0.000954816
-0.00157269
0.909526
-0.00502075
0.00375304
0.000517621
-0.913384
0.00554915
-1.08081
1.07599
-0.00436246
-0.00282013
0.905537
0.0046164
-0.000623014
-0.00396167
-0.00180338
-1.08541
0.504894
0.00234269
-0.00174109
-0.507535
0.502081
0.0026045
-0.00226721
-0.0215775
-5.2154
0.0154228
0.0030751
0.00412069
0.016783
-5.17206
-0.000575957
-0.00954953
-0.00987765
-5.2295
0.00709634
-0.0124474
0.0313359
-0.0380609
0.0159071
0.00214895
0.0130297
-0.00881311
-0.0144439
-0.00533485
-0.0247396
0.0158911
-5.24389
0.0113493
0.00491665
0.0166255
0.0146638
-0.0256914
-5.20209
-0.00249443
-0.0110939
-0.00060227
0.00359053
-0.0148043
-5.25852
-0.0106722
-5.48238
0.0038054
0.00660474
-0.00417886
0.00825401
-0.0047981
-0.00203167
-0.000607977
-5.22776
-5.19266
-0.00561639
0.00566468
-0.00751582
-0.00350004
0.0126284
-0.0264238
0.012033
0.0012218
0.0136191
-0.00643118
-5.51531
0.000425936
0.000366506
0.0119466
0.0055578
-0.00795417
-0.000190908
-0.00281623
-0.0208208
-5.2603
-0.00491341
-5.22006
-0.00142233
-0.00624516
0.00356232
1.33288
-0.0094154
0.0006044
0.00247464
0.00587163
-1.33939
0.00810681
-0.770288
0.766568
0.00209502
-1.30239
1.30049
0.00592948
0.0106415
0.00849521
-0.0164971
-1.54261
1.32659
0.00299638
0.00507525
-0.773141
0.00670838
-1.311
0.890088
-0.000378176
0.000749842
0.00101816
-0.894741
0.000553517
-1.07368
1.06814
0.00204196
-0.00199084
0.885314
-0.000390809
0.00169639
0.00210786
-0.00126953
-1.07894
-0.0311436
-5.22872
-0.00683059
-5.46859
-0.00793743
-0.00760072
-0.0156136
0.0110233
-0.00347836
0.000441629
-5.21459
0.00966834
-0.00332742
-0.0155837
-0.0140118
-0.000481932
-0.0418449
0.0112554
-0.000474487
0.0113436
-0.0346177
0.016938
-5.25325
-0.00207504
-5.49933
0.00113393
0.00226239
0.0143829
-0.00921263
-0.0182237
-0.0106695
0.0088699
-5.2347
-0.0094456
-0.0171284
-0.00667154
-2.27578e-05
-5.1964
0.0054855
0.00121141
-0.00423528
0.0123385
-5.20339
-0.000444844
-0.00864461
-0.0131357
-5.48476
0.00815069
-0.0013101
-0.00102717
0.00661068
-0.00043365
-0.00395074
0.0195866
-0.0246442
-0.00311934
-5.2227
0.00782674
-0.00338454
0.00679978
0.015214
-5.23317
-0.00133769
-0.0149782
-0.00281395
-5.51471
0.00205106
-0.00119666
0.00873626
0.00133121
-0.00532723
0.00564562
1.20083
-0.00083155
0.00194098
-0.00174427
0.00121387
-1.20719
0.00367727
-1.25209
1.2505
-0.00667804
0.00141314
0.000879954
-1.27004
1.26596
0.00309223
0.00191352
0.000864507
-8.72834e-05
-1.27424
1.19569
-0.000771312
0.00336601
0.00402119
0.000960787
-1.26217
0.000223164
-1.27776
1.35713
0.00512055
-0.00483673
0.00278413
-9.60905e-05
-1.365
-0.00295927
-1.31644
1.31487
0.00512676
0.00387374
-0.786256
0.782144
0.0122476
0.00372755
-0.0235838
-1.55474
1.35052
0.00139099
-3.2601e-06
0.00707425
-1.3265
-0.790174
1.21378
0.00684556
0.00207386
-0.0037037
-0.00327568
-1.22074
-0.00196175
-1.27949
1.27432
-0.00144456
-0.00121161
-1.25089
1.24374
0.00166701
0.000253601
-0.00213477
-0.00388393
0.000638321
-1.27657
1.20779
-0.00169927
-0.00169695
-0.0052923
-1.28797
0.00163744
-0.000980861
-1.25837
-0.0031342
0.00361193
-0.849606
0.521446
0.0010137
-0.0011713
-0.521916
0.521204
0.000764608
-0.00152703
0.91771
-0.00389315
0.00302705
0.000353304
-0.91847
0.00429846
-1.09048
1.09007
-0.00392081
-0.00226521
0.917336
0.00368776
-0.000984956
-0.00364569
-0.00091078
-1.0913
0.511411
0.00192373
-0.00146172
-0.512129
0.510738
0.00174051
-0.00174812
-0.0241539
-5.2528
0.0163206
0.00253773
0.00399588
0.011502
-5.21403
-0.000947512
-0.00972924
-0.0115956
-5.26857
-0.000749162
-0.0142609
0.0204809
-0.0377882
0.0161914
0.0025441
0.0136125
-0.00659925
-0.0128224
-0.00220563
-0.0198284
0.00721086
-5.24596
0.0103745
0.00151671
0.0146477
0.00534751
-0.0245947
-5.20931
-0.00019369
-0.0108682
0.000728504
-0.00450589
-0.011633
-5.26302
-0.00921852
-5.52659
0.00333026
0.0046484
-0.00428007
0.00800742
-0.00517427
-0.004643
-0.00492353
-5.27226
-5.23495
-0.00575155
0.00491408
-0.0073233
-0.00530829
0.00946047
-0.016422
0.00777989
-0.00335886
0.010383
0.00159816
-5.51769
-0.000431608
-0.00496803
0.00818171
0.00462722
-0.00624794
0.00221892
-0.00608856
-0.0167969
-5.26642
-0.00243532
-5.22324
0.00111203
-0.00739453
0.00371678
1.34907
-0.00662543
0.00134786
0.00127328
0.00413599
-1.35107
0.00612128
-0.778733
0.778098
0.00090784
-1.31746
1.32082
0.00403709
0.00726139
0.00527664
-0.0110562
-1.55416
1.348
0.00168421
0.00346269
-0.779213
0.00458991
-1.3214
0.902024
0.000640015
0.000423617
0.000298597
-0.90344
8.09994e-05
-1.08755
1.10252
-0.0142918
-0.0017916
0.901266
-0.000899006
0.000952153
0.00283114
-0.000767231
-1.08911
-0.0342627
-5.25907
-0.01019
-5.51022
-0.00720941
-0.00860823
-0.0145918
0.0110472
-0.00314437
-0.00120335
-5.24645
0.00537999
-0.00550611
-0.0153197
-0.0155879
-0.00827878
-0.0356598
0.0111641
0.000165075
0.0137049
-0.0283342
0.00847198
-5.25257
-0.00916608
-5.50733
0.00450048
0.00178621
0.0147544
-0.00783845
-0.0160497
-0.00772243
0.00157413
-5.23619
-0.00650931
-0.0150838
-0.0048924
-0.0032501
-5.23024
0.007418
-0.00107861
-0.00381505
0.0121335
-5.24451
-0.00357454
-0.00861627
-0.0145745
-5.52467
0.0080465
9.4667e-05
-0.0026767
0.00530438
-0.000867599
-0.00523923
0.0103259
-0.0186654
0.000415144
-5.22068
0.0056538
-0.00531235
0.00718982
0.00603069
-5.23975
0.00147709
-0.0126325
-0.00157396
-5.51747
0.0022489
-0.00557461
0.00600574
0.00325441
-0.00376814
0.00653855
1.21303
0.000125727
0.00150725
-0.00117658
0.000532926
-1.21527
0.0017408
-1.26405
1.26316
-0.00100735
0.00137109
0.0022206
-1.28242
1.28347
0.00307876
7.33814e-05
0.000444376
0.000695661
-1.2821
1.21243
-7.52955e-05
0.00242683
0.0047589
0.000383984
-1.27043
0.000260283
-1.28567
1.37749
0.0049549
-0.00297596
0.00165986
-0.000623269
-1.38056
-0.00296524
-1.33518
1.33818
0.00343878
0.00204641
-0.798314
0.796862
0.00930131
0.00180313
-0.0195837
-1.57244
1.37545
0.000391831
-0.000457901
0.00521106
-1.34086
-0.799513
1.2324
0.00770628
0.00278023
-0.00474267
-0.0032974
-1.23508
-0.00398302
-1.29814
1.29736
-0.00309521
-0.00194798
-1.27041
1.26826
0.00274015
0.000230205
-0.00322804
-0.00363738
0.00191105
-1.29093
1.23022
-0.00292217
-0.00213156
-0.0064056
-1.30216
0.00271252
-0.00104276
-1.27306
-0.0055997
0.00634388
-0.85697
0.520183
0.00182125
-0.00175801
-0.519437
0.521286
0.001476
-0.00209683
0.915598
-0.00309413
0.0025698
0.000600238
-0.914278
0.00344294
-1.08786
1.09003
-0.00384554
-0.000855083
0.917436
0.00319726
-0.000812399
-0.00363
0.000552134
-1.08624
0.510097
0.00172194
-0.00155425
-0.509171
0.511408
0.00126488
-0.00178911
-0.0147618
-5.22449
0.012331
-7.19778e-05
-0.000906807
0.000610387
-5.19089
0.00247793
-0.00779475
-0.00947115
-5.24345
-0.00626663
-0.00847841
0.0110904
-0.0321982
0.0131621
0.00286909
0.0135674
-0.00378101
-0.0105236
0.000492297
-0.012516
0.00187443
-5.19096
0.008756
-0.00209534
0.0109076
-0.00106817
-0.0197309
-5.15856
0.00159033
-0.00898118
0.00312128
-0.00664234
-0.00728178
-5.21013
6.4841e-05
-5.49366
0.00634182
0.00312948
-0.00229199
0.00329708
-0.00684482
-0.00965924
-0.00469942
-5.24546
-5.20572
-0.00258765
0.0068115
-0.00557445
-0.00399343
0.00868098
-0.00967043
0.00408436
-0.00471695
0.00824028
0.00739066
-5.45534
-0.000823333
-0.00842154
0.00443165
0.00358647
-0.0037593
0.00437701
-0.00293952
-0.0149594
-5.21031
-0.00290221
-5.16538
0.00351005
-0.00414251
0.00629463
1.34694
-0.00277442
0.000714045
0.000309345
0.0024293
-1.34483
0.00252775
-0.777405
0.779408
0.00207983
-1.31459
1.32241
0.00183947
0.00323325
0.000843671
-0.00347754
-1.54705
1.35054
0.000934217
0.00172327
-0.775396
0.00212277
-1.31481
0.901311
0.00216282
-0.000461288
-0.000966854
-0.899749
-0.00203713
-1.10341
1.10597
0.00380372
-0.00231513
0.903454
-0.00204667
-0.000396532
0.00379712
-0.000831135
-1.10152
-0.0219391
-5.23445
-0.0193695
-5.48848
-0.00336768
-0.00720657
-0.0119647
0.0131177
0.000606088
-0.000398332
-5.22328
-0.00189719
-0.000775986
-0.0112541
-0.0118678
-0.0127951
-0.025768
0.011244
0.000202095
0.0142489
-0.0181846
0.00285224
-5.20239
-0.0155765
-5.45387
0.00799091
0.00230692
0.0155384
-0.00629456
-0.0136778
-0.00429621
-0.0041496
-5.18641
-0.00195998
-0.012667
-0.0012158
0.00402072
-5.19968
0.00604154
-0.0033799
-0.00656485
0.00038402
-5.22102
0.00141289
-0.00470459
-0.0103548
-5.49573
0.00451371
-0.00331282
-0.00658064
0.00852
0.00254101
-0.00284969
0.00326015
-0.0125345
0.00351695
-5.16491
0.00491935
-0.0070423
0.00493512
-0.00317737
-5.18607
0.00425686
-0.00994654
0.00275358
-5.45815
-0.000702318
-0.00637518
0.00401807
0.0063672
-0.00361177
0.00824759
1.20937
-0.00112382
0.00284506
-0.00131413
0.000804245
-1.20753
0.00186087
-1.26109
1.26421
-0.00140359
0.00088351
0.00166751
-1.27853
1.28358
0.0026368
-0.00130551
0.000800648
-0.000441149
-1.27459
1.21264
5.0231e-05
0.00221296
-0.00107316
-0.00026888
-1.25913
3.04166e-05
-1.27823
1.3761
0.00438775
-0.00133967
0.000163059
-0.00109485
-1.37399
-0.00160924
-1.33407
1.34245
0.000808487
0.000501328
-0.797392
0.799528
0.00532377
0.000903605
-0.0145438
-1.56526
1.37994
-0.00100819
-0.000656545
0.00251002
-1.33477
-0.795388
1.23105
0.00518712
0.00322204
-0.00481822
-0.00208549
-1.22877
-0.000935032
-1.29661
1.30143
-0.00239023
-0.00241551
-1.2685
1.27216
0.00355822
0.00103174
-0.00323467
-0.00160607
0.00279946
-1.28418
1.23452
-0.00316181
-0.000745369
-0.00553241
-1.2955
0.00355914
-0.000447934
-1.26606
-0.00220041
0.00295789
-0.852438
0.51358
0.00246281
-0.0026144
-0.511286
0.51617
0.00211281
-0.00288745
0.904132
-0.00214354
0.00198124
5.31602e-05
-0.90019
0.00245008
-1.07439
1.07957
-0.00362859
-0.000198798
0.908563
0.00248673
-0.0012289
-0.00347365
0.00118805
-1.06975
0.503165
0.00206532
-0.00182055
-0.501072
0.505598
0.00156062
-0.00198508
-0.0124444
-5.14334
0.0107314
0.000786661
-0.00209103
0.00111678
-5.11034
0.0019128
-0.00852741
-0.00972899
-5.16183
-0.00564538
-0.00717195
0.0118718
-0.0299806
0.0124532
0.00404514
0.0155089
-0.00464242
-0.0120104
-0.0023184
-0.0119939
0.000404766
-5.08174
0.00976278
-0.0024375
0.0106089
0.00306406
-0.016977
-5.04843
-0.00138272
-0.00984077
0.000822099
-0.0049814
-0.00632766
-5.09897
0.00224748
-5.40447
0.00811238
0.00275067
0.000377253
0.00123033
-0.00589188
-0.0115026
-0.000528764
-5.16135
-5.12085
-0.00434184
0.00874812
-0.00246027
-0.00130833
0.00903218
-0.00671721
0.00269064
-0.00508498
0.00821848
0.0080231
-5.33834
0.000217977
-0.009011
0.00360109
0.00255725
-0.00234801
0.00585715
0.0013636
-0.0140337
-5.09873
-0.00403177
-5.05329
0.00533782
-0.00224708
0.00765826
1.32767
0.000541494
-0.00052651
-0.000360519
0.000564158
-1.32121
-0.00086204
-0.766121
0.770422
0.00279321
-1.29603
1.30754
-0.000843345
9.23825e-05
-0.0031341
0.0030715
-1.52141
1.33535
7.20849e-05
-0.000112282
-0.761696
-0.000608355
-1.29226
0.88928
0.00327798
-0.000151337
-0.00236771
-0.885545
-0.00312026
-1.08892
1.09408
0.004235
-0.00160252
0.893542
-0.00160987
-0.00185087
0.0043077
-0.000285712
-1.0843
-0.016944
-5.15391
-0.0210886
-5.4011
-0.00146214
-0.00744905
-0.0110544
0.0117728
0.0028231
-0.00073242
-5.14184
-0.00546559
8.35134e-05
-0.0104256
-0.0111136
-0.00676859
-0.0202569
0.00691811
-0.00287957
0.00956407
-0.0148369
0.00138757
-5.08927
-0.0145637
-5.33308
0.00841319
0.00184207
0.0135108
-0.00687871
-0.0131167
-0.00420429
-0.0054942
-5.07235
-0.00208046
-0.0123459
-0.00140465
-0.000376611
-5.11503
0.00486498
-0.00243616
-0.00664645
-0.00425238
-5.13478
0.00226189
-0.00655136
-0.0103785
-5.40355
0.00434565
-0.00435275
-0.00579352
0.00607141
0.000431708
-0.00540586
0.0020107
-0.0143753
-0.00201693
-5.04991
0.00523219
-0.00661836
0.00471438
-0.00416376
-5.0684
0.00133268
-0.00968198
0.00196061
-5.33365
-0.00107182
-0.00536399
0.00475253
0.00371282
-0.00609544
0.00485676
1.19239
-0.00127595
0.00278684
-0.00125067
0.000817386
-1.18683
0.00185109
-1.24326
1.25015
-0.00111282
0.000953942
0.00104775
-1.26071
1.26931
0.00202
-0.00053759
0.000501908
-2.7183e-06
-1.25318
1.19906
-2.81881e-05
0.00200462
-0.000879556
-9.01905e-05
-1.23734
-0.000384349
-1.25668
1.35639
0.00492359
0.000289642
-0.000860668
-0.00185388
-1.351
-0.00140033
-1.31525
1.32727
-0.0012038
-0.00132614
-0.785751
0.789943
0.0019323
-0.000950644
-0.0093872
-1.53961
1.36402
-0.00211737
-0.00116944
0.000599492
-1.3125
-0.781885
1.21282
0.00519236
0.00338488
-0.00430479
-0.00184023
-1.20799
-0.000235931
-1.27768
1.28581
-0.0014404
-0.00266625
-1.24956
1.25638
0.00355715
0.000401462
-0.00290349
-0.00325603
0.00278211
-1.26228
1.2195
-0.0028539
-0.000204523
-0.00458126
-1.2736
0.00350626
-0.00115529
-1.24431
-0.00115125
0.00211511
-0.837847
0.500866
0.00237804
-0.00248859
-0.497207
0.504871
0.00216334
-0.0029752
0.882391
-0.00104167
0.00104997
-5.93142e-05
-0.876025
0.00132248
-1.04874
1.05685
-0.00300546
0.000279244
0.889259
0.00150115
-0.0013556
-0.00277552
0.00161295
-1.04117
0.492102
0.00195546
-0.00164764
-0.488775
0.49555
0.00188292
-0.0020336
-0.00896263
-5.00568
0.0093511
0.000421531
-0.00377362
0.0032924
-4.97354
0.000357264
-0.00733683
-0.0094363
-5.02212
-0.00487796
-0.00381437
0.00721392
-0.0165088
0.0077444
0.000439027
0.0115542
-0.00374821
-0.00802898
-0.000475608
-0.00401905
-0.00130137
-4.91703
0.00766117
-0.00572956
0.00704573
0.00142962
-0.00743529
-4.88685
-4.2684e-05
-0.00779706
0.000829647
-0.00508196
-0.000408727
-4.93249
0.00360407
-5.25848
0.00748462
0.00210499
-0.000538832
0.00124142
-0.00543998
-0.0111806
0.00209615
-5.02261
-4.98053
-0.0031612
0.00917768
-0.00212783
-0.00043118
0.00684122
0.00289979
-0.000158439
-0.00640257
0.00639692
0.0100188
-5.16462
0.00107224
-0.00839989
0.00366119
0.00127477
-0.0039286
0.00346748
0.00252044
-0.00554326
-4.93399
-3.70514e-05
-4.88668
0.00422763
-0.00196905
0.00710353
1.29297
0.00216653
0.0007702
-0.00141391
-0.00100901
-1.28328
-0.00279309
-0.746157
0.752352
0.00195032
-1.26293
1.27759
-0.00329833
-0.00166832
-0.00613134
0.0073306
-1.47914
1.30395
-0.000840897
-0.00165241
-0.739816
-0.00315763
-1.2558
0.869329
0.00315238
0.000104153
-0.00283661
-0.863082
-0.00344247
-1.06447
1.07202
0.00400374
-0.000748638
0.875554
-0.000849673
-0.00270239
0.00295699
4.23061e-05
-1.05627
-0.0102398
-5.0108
-0.018509
-5.25045
-0.000539835
-0.00591199
-0.00848748
0.00971381
0.00281409
-0.00147592
-4.9988
-0.00551816
0.000635476
-0.00779275
-0.0093906
-0.00276601
-0.00782196
0.00415334
-0.00379114
0.00698047
-0.00403358
-0.000347429
-4.92049
-0.00973539
-5.15662
0.00629008
0.000352634
0.0107653
-0.00423755
-0.0077141
-0.000379485
-0.00490462
-4.9049
0.00141947
-0.00864997
0.000580025
-0.000205355
-4.97267
0.00436829
-0.00268697
-0.00645697
-0.00379114
-4.99011
0.00333581
-0.00693395
-0.00753979
-5.25127
0.00480967
-0.00357165
-0.00501469
0.00443024
0.00111503
-0.0059122
0.000510142
-0.00502168
0.00306991
-4.88429
0.00396149
-0.00587839
0.00427467
-0.00262293
-4.90132
0.00118208
-0.00479274
0.00535521
-5.15787
0.000189342
-0.00391388
0.00485569
0.00513997
-0.00578054
0.0041013
1.16209
0.000164727
0.00262113
-0.00113184
-0.000124167
-1.15395
0.000807985
-1.21146
1.22128
0.000104026
0.000705149
0.000826619
-1.22907
1.24066
0.000996969
-0.000898027
-0.000900476
0.00177718
-1.2185
1.17155
-5.35832e-05
0.00115821
0.00149295
-0.000371322
-1.20336
-0.00159032
-1.222
1.32507
0.00415283
0.0016199
-0.00159458
-0.00186484
-1.3163
-0.00179578
-1.28438
1.29915
-0.00299787
-0.00234093
-0.767351
0.77323
-0.00144237
-0.002213
-0.00338376
-1.49994
1.33549
-0.00265362
-0.00155363
-0.00110491
-1.27839
-0.761568
1.18471
0.00305419
0.00355692
-0.00381751
-0.000692517
-1.17664
0.000555279
-1.24743
1.25856
-0.000694437
-0.00302424
-1.21995
1.22953
0.00333393
-0.000372445
-0.00255685
-0.00389918
0.00258694
-1.22896
1.19402
-0.0026241
0.000381732
-0.00370867
-1.2401
0.0032577
-0.00155698
-1.21155
0.000114976
0.00070047
-0.81469
0.483607
0.00224868
-0.00199783
-0.478894
0.488517
0.00194164
-0.00224217
0.852049
3.3682e-05
0.000146567
0.000184738
-0.843644
0.000170235
-1.0129
1.02313
-0.00188335
0.00112099
0.860725
0.000455397
-0.000809432
-0.00169094
0.00217184
-1.00296
0.475739
0.00132036
-0.00135046
-0.470787
0.480562
0.00132074
-0.00154759
0.00174087
-4.8158
0.00394086
-0.00204128
-0.00809723
-0.00209033
-4.78856
0.00266586
-0.00336835
-0.00527176
-4.83099
-0.00569543
0.00303242
-0.00391239
-0.00147046
0.00109221
-0.00261922
0.00647446
0.000859315
-0.00366607
0.00328425
0.00629092
-0.00417464
-4.70396
0.00425823
-0.010023
0.00102232
-0.00658139
0.00025874
-4.67816
0.00287226
-0.00202119
0.00530508
-0.00654283
0.00521387
-4.71832
0.00712364
-5.05902
0.00514875
0.00116597
-0.00152557
0.000861004
-0.00461017
-0.0106903
0.00279677
-4.83376
-4.79064
0.00371291
0.00813417
-0.00191168
-3.33195e-05
0.00400371
0.0135813
-0.00358019
-0.00771453
0.00316795
0.0131909
-4.94052
0.000625074
-0.00815825
0.00264587
-0.000280435
-0.00414036
0.00190466
0.00200483
0.0050114
-4.72137
0.00652691
-4.67446
0.00309934
-0.00171414
0.00570637
1.24678
0.00311105
0.00171525
-0.00201248
-0.00191541
-1.2343
-0.00366142
-0.719393
0.727074
7.75142e-05
-1.21796
1.23519
-0.00503155
-0.00283714
-0.00736084
0.00912692
-1.42284
1.26039
-0.00179751
-0.00281055
-0.711397
-0.00420702
-1.2079
0.838959
0.00240102
-8.18287e-05
-0.00242867
-0.830083
-0.00208954
-1.01189
1.03747
-0.0130814
-0.000477599
0.848039
-0.000656333
-0.00228341
0.0019926
-0.000365944
-1.0006
0.00251122
-4.82029
-0.0126648
-5.0527
0.0046577
-0.00120791
-0.00226192
0.00719275
0.000984872
-0.00237915
-4.81022
-0.0048918
0.00391827
-0.00154666
-0.00442212
-0.00438576
0.00606546
0.00497824
-0.00268267
0.00641672
0.00766578
-0.00328609
-4.71113
-0.00698395
-4.9405
0.00512252
0.000538847
0.0098269
-0.000119337
-0.00281428
0.00424522
-0.00515551
-4.69731
0.00615407
-0.00413927
0.00421034
0.00689347
-4.7855
0.0042664
-0.00203521
-0.00581081
-0.00132113
-4.80414
0.00770479
-0.00422025
-0.00147707
-5.05422
0.00557997
-0.00167631
-0.00220015
0.00354043
0.00408781
-0.00563669
-0.00201468
0.00850933
0.0104991
-4.67569
0.00328255
-0.00622401
0.00282316
-0.00220813
-4.69648
0.00333779
0.0012144
0.0104041
-4.9391
-3.25529e-06
-0.001848
0.00605609
0.00784668
-0.00550896
0.00347368
1.12142
0.000223193
0.00228222
-0.00108199
-0.00110346
-1.10943
-0.00105322
-1.17383
1.18266
0.0052833
0.00077614
0.000822033
-1.18567
1.20013
-0.00026119
-0.000614874
-0.001272
0.000976424
-1.17171
1.13333
-0.000112226
-0.000401406
-0.00316323
-0.000325191
-1.15794
-0.00264297
-1.17483
1.27862
0.000964877
0.00251723
-0.00202832
-0.000775966
-1.26537
0.00078113
-1.2395
1.25782
-0.00429739
-0.00309795
-0.740488
0.74862
-0.00411719
-0.00229288
0.00276111
-1.44287
1.29304
-0.00286144
-0.000647054
-0.00217695
-1.22926
-0.732199
1.14305
-0.0011792
0.00305388
-0.00285165
0.00156699
-1.131
0.00357666
-1.20333
1.21794
0.000798503
-0.00271071
-1.17726
1.19012
0.00249471
-0.000278107
-0.00156153
-0.00251412
0.0018165
-1.18183
1.15574
-0.00195983
0.00216634
-0.00215749
-1.19211
0.00237277
-0.0010414
-1.16506
0.00215508
-0.00181984
-0.782828
0.462054
0.00241323
-0.00221968
-0.455892
0.468156
0.00228195
-0.00238297
0.813819
0.000489779
-0.000388047
0.000294203
-0.803031
-0.000403595
-0.968102
0.980567
-0.00114788
0.00161605
0.824512
-4.46686e-05
-0.000484625
-0.00102307
0.00211386
-0.95544
0.453012
0.00125099
-0.00138895
-0.44667
0.459265
0.00115357
-0.0015295
0.00725977
-4.58005
-0.000571569
-0.00235693
-0.00978869
-0.00813688
-4.55623
0.0064416
-0.00212696
-0.00113457
-4.59397
-0.00657349
0.00574248
-0.00686306
-0.0012698
-0.00034164
-0.00131711
0.00681904
0.00230377
-0.00375207
0.00302452
0.0052593
-0.0051836
-4.44303
0.00345232
-0.00786479
-0.000124652
-0.00658832
0.0010806
-4.41914
0.00188197
-0.00185709
0.00560857
-0.00542662
0.00432507
-4.45668
0.00733971
-4.8098
0.0038787
0.000638138
-0.00126139
8.8998e-05
-0.00363053
-0.00934501
0.000714341
-4.59653
-4.55413
0.00562788
0.00625273
-0.00152323
-0.000596286
0.00216788
0.0120097
-0.00329605
-0.00696529
0.00259669
0.00969387
-4.66581
0.00127448
-0.00526806
0.00332338
-0.00117736
-0.00336079
0.00122138
0.000840287
0.00684529
-4.45943
0.00662355
-4.41624
0.0024996
-0.00181448
0.00433077
1.18948
0.00352862
0.00145781
-0.00206137
-0.00251075
-1.17328
-0.0038042
-0.685989
0.695303
-0.000528972
-1.16196
1.18165
-0.004844
-0.00323207
-0.00648805
0.00826401
-1.35282
1.20579
-0.00200838
-0.00287253
-0.676067
-0.00377608
-1.14828
0.798982
0.00162582
-1.51964e-05
-0.00202621
-0.787655
-0.00146945
-0.963569
0.991514
-0.0131162
-0.000793234
0.810475
-0.000616423
-0.0019774
0.0010583
-0.00058333
-0.949277
0.00907859
-4.58984
-0.0104979
-4.81474
0.0073736
0.00217546
0.000607068
0.00652022
0.00102851
-0.00292089
-4.58045
-0.00495914
0.00621894
0.00085754
-0.00191884
-0.0014331
0.00921509
0.00250002
-0.00478366
0.00409745
0.00737596
-0.00291443
-4.45367
-0.00216741
-4.67343
0.00354067
-0.00239808
0.00664639
0.00131865
-0.00168397
0.00464786
-0.0035138
-4.44039
0.00525946
-0.0030231
0.0043924
0.0104563
-4.55529
0.00191777
-0.00206119
-0.00576205
-0.00232427
-4.57645
0.010942
-0.00190433
0.00157208
-4.81121
0.00591376
-0.00121119
-0.00165031
0.00311443
0.00511247
-0.00518522
-0.00380026
0.0103628
0.00862226
-4.42016
0.00261777
-0.0054192
0.0017747
-0.00218379
-4.44135
0.00370954
0.000500947
0.00932546
-4.66874
-0.000370759
-0.00133945
0.00565944
0.00575296
-0.0046615
0.00270206
1.06858
0.00213992
0.00212901
-0.0010374
-0.00182381
-1.05495
-0.000931227
-1.11458
1.12973
0.00134073
0.000645323
-0.000639602
-1.12982
1.14671
-0.000839195
-1.00015e-05
-0.00223823
0.00298242
-1.11407
1.08304
-0.000713051
-0.00101556
0.00705623
0.000272487
-1.10409
-0.00335904
-1.11645
1.216
-0.000230061
0.00238432
-0.00185861
-0.00034496
-1.19905
0.00199818
-1.17927
1.20084
-0.00460467
-0.00287271
-0.704096
0.714406
-0.00505283
-0.00171514
0.00580652
-1.36803
1.23397
-0.00262876
-0.000100554
-0.00229991
-1.16529
-0.693606
1.08624
-0.00310771
0.00233135
-0.00183891
0.00252029
-1.07091
0.00582301
-1.14459
1.1624
0.00222023
-0.00208913
-1.12065
1.1366
0.00177882
0.000173138
-0.000764608
-0.00116633
0.00128152
-1.12104
1.1023
-0.00107515
0.00329248
-0.000971487
-1.12989
0.0017663
-0.000357179
-1.10522
0.00366299
-0.00359223
-0.742712
0.434534
0.00151183
-0.00153749
-0.426822
0.442072
0.00170714
-0.00187877
0.765964
0.000442371
-0.000901894
0.000649656
-0.752607
-0.000466741
-0.911691
0.927159
-0.000626875
0.00101677
0.778995
-0.000706535
0.000182488
-0.000533273
0.00108819
-0.895734
0.425711
0.000706969
-0.000664921
-0.418285
0.432907
0.000846233
-0.00088273
0.00320559
-4.29166
0.0013456
-0.00235057
-0.00547423
-0.00491717
-4.26726
0.00403474
-0.00297381
-0.00339191
-4.30544
-0.0050752
0.00268669
-0.00491842
-0.00461544
0.00267728
-0.00191212
0.00493786
-0.000395046
-0.00268487
0.00285949
0.00159313
-0.00540406
-4.12888
0.00157329
-0.00319664
0.00308436
-0.00510494
-0.00325629
-4.1019
0.0010135
-0.0030365
0.00271317
-0.00606786
0.00122944
-4.14141
0.00259491
-4.50896
0.00327797
0.000531133
-0.00105534
0.00209671
-0.00231497
-0.00612024
-0.000271676
-4.30876
-4.27337
0.00447605
0.00519585
-0.00109024
-0.000683519
0.000614116
0.00707329
-0.000560799
-0.00584854
0.00182094
0.00533589
-4.33933
0.00172375
-0.00289799
0.00478713
-0.00105146
-0.00367759
0.000790477
-0.0029455
0.0041737
-4.14517
0.00474231
-4.11071
0.00154061
-0.00325318
0.00271519
1.11861
0.00288272
0.000922092
-0.00151233
-0.00188824
-1.099
-0.00303021
-0.644969
0.656177
-0.000445278
-1.09294
1.1155
-0.00362134
-0.00252365
-0.0044567
0.00552842
-1.26758
1.13813
-0.00161468
-0.00220943
-0.633003
-0.00216317
-1.07583
0.75132
0.00105574
0.00038899
-0.00116243
-0.738541
-0.000696606
-0.905903
0.934729
-0.0130875
0.000189738
0.76425
0.000125988
-0.00120611
0.00111697
0.000377141
-0.890589
0.00419191
-4.30179
-0.00397778
-4.51328
0.00527534
0.00107571
-0.0011692
0.0021316
-0.00126405
-0.00649328
-4.2927
-0.00251817
0.00477438
-0.00145974
-0.00177216
-0.00019205
0.000795466
4.60959e-05
-0.00463797
0.00272449
0.00129424
-0.00343714
-4.13645
0.00262419
-4.33831
0.00133459
-0.00436071
0.00318074
-0.0012228
-0.0048393
0.000408418
-0.00212946
-4.12339
0.00131564
-0.00328203
0.00260991
0.00664596
-4.27238
0.0016049
-0.00196487
-0.00532118
-0.00295759
-4.29093
0.00731473
-0.000775941
-0.000755402
-4.51157
0.00458132
-0.00128559
-0.00216572
0.00250905
0.00243237
-0.0038918
-0.0078084
0.00669178
0.00608702
-4.11004
0.000640019
-0.00609363
0.000822562
-0.00517553
-4.12549
0.00308116
-0.00148513
0.00549576
-4.34002
-0.000753086
-0.0037622
0.0030784
0.00301767
-0.00300819
0.00281433
1.00429
0.00133976
0.00174149
-0.000850539
-0.00139517
-0.987142
-0.000504658
-1.04711
1.06555
0.000612118
0.000390813
-0.000642496
-1.06209
1.08205
-0.000495951
0.000127879
-0.00158883
0.00165342
-1.04271
1.02195
-0.000729836
-0.000840306
0.00512721
0.000270321
-1.03227
-0.0031823
-1.04509
1.14116
0.00110545
0.00256492
-0.00194541
-0.00118349
-1.12163
0.000695366
-1.10697
1.1307
-0.0045897
-0.00263048
-0.660449
0.672119
-0.00492877
-0.00226816
0.00593688
-1.28025
1.16149
-0.00225642
-0.000734276
-0.00232772
-1.09019
-0.64848
1.01995
-0.00117439
0.00156714
-0.000988851
0.00125159
-1.00249
0.00323184
-1.07513
1.09499
0.00233728
-0.00137149
-1.05291
1.07117
0.00162399
0.000363827
-0.00080669
-8.56519e-05
0.00153944
-1.0495
1.03768
-0.000429432
0.00193905
-0.00101316
-1.05775
0.00179176
0.000126045
-1.03472
0.0039666
-0.00373796
-0.695047
0.401412
0.000203918
-0.000319516
-0.392483
0.410222
0.000484689
-0.00072844
0.708612
0.000476967
-0.00102956
0.000550688
-0.693062
-0.000529063
-0.843104
0.861353
7.0782e-05
0.000119923
0.72387
-0.00104758
0.00036469
0.000169102
8.0881e-05
-0.824439
0.393869
0.000227687
-0.00038228
-0.385218
0.402346
0.000191009
-0.000380159
0.00201573
-3.95708
0.00383453
-0.00319352
-0.00230672
-0.00884096
-3.92915
0.00410869
-1.13588e-05
-0.000939982
-3.96793
-0.00879996
0.00142466
-0.0104713
0.00179933
0.00183326
-0.00456508
0.00121731
0.00212955
0.00152954
0.00583253
0.00504892
-0.00768872
-3.77918
-0.000882066
-0.0030201
0.00317602
-0.0141098
0.000599951
-3.7517
0.00528643
0.000998667
0.00623507
-0.0114535
0.0035496
-3.78848
-0.000942486
-4.15906
0.00199336
-0.000160255
-0.0024164
0.00310658
-0.000911909
-0.00399843
-0.00789637
-3.97059
-3.94223
0.00343889
0.00210704
-0.00447843
-0.0040752
-0.0029225
0.00512028
0.000788257
-0.00483042
0.00182963
0.00326891
-3.96912
0.00206301
-0.00243932
0.00486177
-0.00173095
-0.00443144
-0.000852693
-0.0118381
0.00486528
-3.7879
0.00450686
-3.7573
-0.00257546
-0.00642821
-0.00145362
1.03594
0.00148816
0.00138753
-0.000980052
-0.000426564
-1.01457
-0.00129261
-0.596621
0.609363
-0.000689828
-1.01248
1.03707
-0.00205185
-0.00168751
-0.00230896
0.00278191
-1.16952
1.05783
-0.000934985
-0.000694242
-0.583557
-0.000315529
-0.993179
0.697318
0.000522496
-0.000365084
-0.000379694
-0.682242
-0.000763515
-0.853954
0.87189
0.000804529
-0.000244296
0.711933
-0.000356457
-0.000531529
0.000525022
-0.000357002
-0.835418
0.00108683
-3.96157
-0.00262377
-4.15314
0.00147213
-5.26044e-05
-0.00304447
0.00120133
-0.00203722
-0.0052791
-3.95209
-0.00386783
0.00407678
-0.00159188
-0.0009777
-0.0095638
5.80612e-05
0.00434744
0.000597088
0.00629089
0.00396722
-0.00967709
-3.78192
-0.000166678
-3.96305
0.00151978
-0.00161217
0.00464795
-0.0013904
-0.00465281
-0.000787494
-0.0053998
-3.7683
0.00166588
-0.000301426
0.0037514
0.00663834
-3.93651
-0.000967034
-0.0055675
-0.0076481
-0.0085752
-3.94952
0.00475197
0.00106487
-0.00110654
-4.15674
0.00106831
-0.0022605
-0.00585238
0.00380743
0.00153371
-0.00132606
-0.0160256
0.0100362
0.00934861
-3.75498
-0.00329652
-0.00855765
-0.00242993
-0.0114784
-3.76684
0.00517932
-6.36818e-05
0.00511092
-3.96559
-0.00198609
-0.00725866
-0.00130853
0.00248719
0.00138322
0.00529126
0.929144
0.000623048
0.00312308
-0.0012298
-0.00127029
-0.909959
-0.000386995
-0.968373
0.988795
0.00012092
-0.000585872
-0.00198677
-0.983195
1.00507
-0.000490771
-0.00255471
-0.00127999
0.000373589
-0.961216
0.948731
-0.00115768
-0.000883627
0.000227717
-0.00088598
-0.948322
-0.0034323
-0.963966
1.05747
0.00229505
0.0025981
-0.00241061
-0.00196177
-1.03542
-0.00149985
-1.0258
1.05121
-0.00500333
-0.00222694
-0.61158
0.624553
-0.00446851
-0.00227967
0.00449393
-1.18171
1.07993
-0.00238697
-0.00171269
-0.00263794
-1.0065
-0.598128
0.945438
-0.000471542
0.00107836
-0.000380505
0.000373223
-0.925659
0.00126752
-0.996353
1.01822
0.00216252
-0.00103321
-0.975535
0.996058
0.00193611
0.000627101
-0.00112499
0.00133774
0.00207431
-0.968558
0.965212
-0.00014502
0.000558266
-0.00115231
-0.976412
0.0021047
0.000676837
-0.954952
0.00554264
-0.00507088
-0.641024
0.364821
-0.00041899
0.000358109
-0.355339
0.374067
-0.000349674
0.000445861
0.644901
0.000904563
-0.00106976
0.000330591
-0.628434
-0.000949706
-0.766826
0.786015
0.000935441
0.000383216
0.660955
-0.00127052
0.000758714
0.000901004
1.28505e-05
-0.747108
0.357536
-0.000534945
-2.21548e-05
-0.347949
0.366882
-0.000379611
-1.33902e-05
0.00867937
-3.59666
0.000731216
-0.00440077
-0.00321287
-0.016064
-3.57027
0.00575177
0.00464234
0.00304264
-3.60485
-0.0113708
0.00579325
-0.0118107
0.0102815
-0.00185618
-0.00543885
-0.00295812
0.00147056
0.00403602
0.00590494
0.0125437
-0.00546493
-3.41227
-0.00487039
-0.00470774
-0.00166727
-0.0150743
0.00791011
-3.38848
0.00551093
0.00302601
0.00528593
-0.00977997
0.0087178
-3.42001
0.00142463
-3.775
0.00178581
0.00093854
-6.32128e-05
0.000837013
-0.000871275
-0.00469831
-0.0106857
-3.60099
-3.57447
0.00525518
-0.000886883
-0.00338594
-0.00377602
0.00215321
0.00953902
-0.0027198
-0.0045455
-0.0010484
0.00845806
-3.57914
5.71105e-05
-0.00406166
0.000655215
-0.000557471
-0.000362391
0.0010641
-0.00795367
0.00803594
-3.41347
0.00670366
-3.38458
-0.00176781
-0.00326824
-0.00166878
0.947529
0.00158218
-0.000173257
-0.000196621
-3.98506e-05
-0.924327
-0.000538783
-0.544997
0.558227
-0.000663126
-0.925322
0.95097
-0.00154743
-0.00174979
-0.0022237
0.00398065
-1.06438
0.970444
-0.000347767
0.000389163
-0.531007
0.000261951
-0.904238
0.633723
-1.2157e-05
-0.00150649
0.000229871
-0.616724
-0.000286575
-0.776297
0.796195
0.000149322
-0.000651951
0.650125
-0.00118457
9.22528e-05
-0.000178142
-0.00115363
-0.755725
0.00687886
-3.59929
-0.00508815
-3.76901
0.00122546
0.000980614
-0.000774454
0.00218275
-2.19146e-07
-0.00215708
-3.58783
-0.00605281
0.00523877
0.00149163
0.00176986
-0.00968771
0.00747062
0.00310638
0.00172662
0.0056403
0.0100527
-0.00937761
-3.41586
-0.000394514
-3.57508
0.00143429
-0.000916827
0.00364857
-0.00113931
0.000131086
0.000212511
-0.00555565
-3.40102
0.00231838
0.00255258
0.00344691
0.0107276
-3.56991
-0.00317066
-0.00597094
-0.00671905
-0.0113458
-3.58109
0.00474935
0.00412802
0.00168269
-3.77006
-0.00299109
-0.00159058
-0.00682878
0.00567804
0.00323907
0.00215765
-0.0139085
0.0136364
0.0121287
-3.38498
-0.00468056
-0.00527238
-0.00280596
-0.0107304
-3.39574
0.00428129
0.00394763
0.00482304
-3.57459
-0.00247705
-0.00598049
-0.00363795
0.00241828
0.00323038
0.00469231
0.850119
0.000165542
0.00242485
-0.000776727
-0.000858075
-0.829367
-0.00022928
-0.885984
0.906986
-0.000521596
-0.00146225
-0.00338577
-0.898874
0.921685
2.13758e-05
-0.00298179
-0.000840229
-0.000238169
-0.875546
0.870363
-0.00143012
-0.000881125
-0.000562316
-0.00110546
-0.86445
-0.00309416
-0.87799
0.964444
0.000962246
0.00317485
-0.00290175
-0.00171765
-0.94018
-0.00165996
-0.935556
0.962569
-0.00527319
-0.0020061
-0.556946
0.571027
-0.00433572
-0.0024151
0.00464683
-1.07214
0.988713
-0.00247143
-0.00179164
-0.0027428
-0.913868
-0.542343
0.862478
-0.0021188
0.00103444
-0.00032038
0.000997367
-0.840589
0.00102423
-0.908493
0.932072
0.0023558
-0.000903745
-0.888491
0.910962
0.00202988
0.00103817
-0.00125068
0.00333763
0.0022229
-0.878371
0.883859
-0.00015576
0.000286488
-0.00121918
-0.886265
0.00229481
0.0014235
-0.865768
0.00563859
-0.00554301
-0.582085
0.32803
-0.000838639
0.00105025
-0.31899
0.336834
-0.000818288
0.00139251
0.580839
0.00149347
-0.000969214
-2.11531e-05
-0.564987
-0.00163364
-0.690423
0.70871
0.00173716
0.00125624
0.59621
-0.00144926
0.00101262
0.00151334
0.000521321
-0.671568
0.320088
-0.0011323
0.00068122
-0.310811
0.329113
-0.000664803
0.000583968
0.0149809
-3.22816
-0.00373139
-0.00519457
-0.0057244
-0.0104752
-3.20731
0.00399044
0.00346496
0.00207054
-3.23655
-0.00602622
0.0101921
-0.00511249
0.0127329
-0.00506919
-0.00474112
-0.00432775
0.000979228
0.00203521
0.00334537
0.0138737
-7.02181e-05
-3.05097
-0.00600187
-0.00507926
-0.00428834
-0.00515365
0.00931428
-3.03189
0.00131093
0.000908152
0.00223618
-0.00244551
0.00982367
-3.05935
0.00857988
-3.38681
0.00443409
0.00254062
0.00315339
-0.00311948
-0.00211107
-0.0070726
-0.00279281
-3.22935
-3.20454
0.00687657
0.00135362
0.00105054
0.000369061
0.00734788
0.0114767
-0.00475652
-0.00350808
-0.00186865
0.0140128
-3.20226
-0.00127229
-0.00588729
-0.00260682
0.0010369
0.00193426
0.00320546
0.00158293
0.00840172
-3.05293
0.00758936
-3.02736
0.00207994
0.00142168
0.00212775
0.854164
0.00303018
-0.0017067
-0.00013562
-0.0010787
-0.830384
-0.00118872
-0.490937
0.504451
0.000753976
-0.833756
0.85959
-0.00249362
-0.0028247
-0.00352995
0.00757083
-0.956395
0.877774
4.35344e-05
0.000104668
-0.476845
-0.000417407
-0.812082
0.566488
-0.000848372
-0.000728343
0.00053525
-0.55018
0.000720295
-0.684153
0.703747
-0.00165899
6.54518e-05
0.582547
-0.000117196
0.000267497
-0.00142
-0.000569786
-0.664558
0.0128438
-3.23487
-0.000328988
-3.38432
0.00428078
0.00367448
0.00419425
-0.000558618
-0.00148984
-0.00474392
-3.22406
-0.00367742
0.00533173
0.00531146
0.00477213
0.000967025
0.0143099
-0.00170229
-0.00273335
0.000198872
0.0129482
-0.0027608
-3.06008
0.00616167
-3.202
-0.000982949
-0.00404478
-0.000612391
0.00140799
0.00378206
0.00396977
-0.00172382
-3.04809
0.00396487
0.00385777
0.00433445
0.0112963
-3.2053
-0.0010887
-0.00272014
-0.00293146
-0.00726713
-3.21581
0.0053073
0.00518496
0.00451764
-3.38439
-0.00249511
-0.000395618
-0.00391629
0.0036373
0.00516375
0.00252865
-0.00419886
0.0113142
0.00934117
-3.03305
-0.00151527
-0.00101866
0.000565192
-0.00362858
-3.04349
0.00253939
0.00356189
0.00453222
-3.20276
-0.00113088
-0.00170331
-0.000730819
0.00293001
0.00148665
0.00235032
0.767359
-5.85376e-05
1.61174e-05
0.000358615
0.000211718
-0.74669
0.000302586
-0.800582
0.821455
-0.000723165
-0.00115668
-0.00206222
-0.810916
0.833785
0.00170385
-0.000655109
-0.000154114
-0.000159532
-0.788517
0.787903
-0.000701812
-0.000119173
0.002479
4.48351e-06
-0.781558
-0.00169783
-0.789899
0.866504
-0.0020174
0.00416836
-0.00303718
-0.000816537
-0.841784
0.000272111
-0.840495
0.86737
-0.00516641
-0.00234004
-0.499946
0.514081
-0.00509224
-0.0028178
0.0079187
-0.960245
0.891014
-0.00212676
-0.00104211
-0.00261375
-0.818438
-0.485193
0.774452
-0.00439287
0.0011853
-0.000683946
0.0021416
-0.75189
0.00179954
-0.815975
0.839634
0.00182213
-0.00126927
-0.797841
0.820051
0.00159761
0.000599341
-0.00154678
0.00402381
0.00196444
-0.786329
0.796205
-0.000976738
0.000912385
-0.00204075
-0.793367
0.0019111
0.00156742
-0.774736
0.00194987
-0.00233235
-0.521571
0.293939
-0.0013457
0.00136639
-0.285679
0.301958
-0.00120212
0.00176881
0.520735
0.00148408
-0.000439646
-0.00100984
-0.50612
-0.00187074
-0.619219
0.635949
0.00183741
0.00130751
0.534903
-0.00111417
0.000261191
0.00140575
0.000160129
-0.601929
0.285541
-0.000872229
0.000672365
-0.277501
0.293487
-0.000698169
0.000890514
0.00842985
-2.88652
-0.00260793
-0.000385166
-0.00224518
0.000179405
-2.86669
0.000559709
-0.000779618
-0.000522896
-2.89369
0.000309446
0.00735935
0.00550941
0.0048161
-0.00355526
0.000540458
0.000779355
-0.000720763
-0.00354976
-0.00195005
0.0010663
0.00306426
-2.73772
0.000497837
0.00086507
0.000730718
0.00586936
0.00727033
-2.71612
-0.00385336
-0.00230177
-0.0011502
0.00210808
0.0050163
-2.74314
0.0117853
-3.03117
0.00493336
0.00339471
0.00393019
-0.00464022
-0.00173676
-0.00713801
0.00519173
-2.88891
-2.86785
0.00752326
0.00484228
0.0036617
0.00437269
0.00880326
0.00508559
-0.00216975
-0.000719269
0.00110691
0.0131373
-2.87526
-0.000301988
-0.00502105
-0.002421
0.00170906
0.00254197
0.00312847
0.00732786
0.00378225
-2.74065
0.00684599
-2.71865
0.00334447
0.00421124
0.00480043
0.762748
0.00365739
-0.00190254
-0.000428134
-0.00154668
-0.741232
-0.00166084
-0.438134
0.450802
0.000896154
-0.744912
0.768648
-0.00341711
-0.00312014
-0.00413794
0.00906184
-0.85469
0.784695
-0.000254321
-0.000359383
-0.425206
-0.000797588
-0.725411
0.506503
-0.000400894
0.000334311
-3.41548e-05
-0.492908
0.000404023
-0.611785
0.62824
-0.00063151
0.000745188
0.520075
0.0011928
-0.000334378
-0.000100327
-0.00020913
-0.595543
0.010526
-2.89563
0.00407198
-3.03088
0.0061031
0.00469019
0.00532791
-0.00320369
-0.00292231
-0.00595485
-2.88721
-0.00039018
0.00441138
0.00401647
0.00351003
0.00633083
0.0133982
-0.00307484
-0.00479759
-0.00275551
0.00693536
0.00161547
-2.74415
0.00676839
-2.8742
-0.00141751
-0.00363896
-0.00100913
0.00171225
0.00271272
0.00366863
0.000486781
-2.73362
0.00140464
0.000933031
0.00169894
0.00613654
-2.87151
0.00173362
0.00222015
0.000731218
0.000588362
-2.881
0.002164
0.00154509
0.000847947
-3.03208
0.00138449
0.000836039
0.000956205
0.000587028
0.00330589
-0.000453707
0.00538641
0.000165321
0.00188589
-2.72268
0.00266976
0.00237671
0.0030753
0.00434484
-2.73114
-0.00211456
-0.00185536
-0.000717652
-2.87504
0.000236069
0.0025149
0.00334717
0.000608828
-0.00247938
-0.00143786
0.686812
-0.00199569
-0.00184133
0.00084614
0.00212537
-0.667126
0.00137697
-0.719576
0.739498
-0.0011072
-0.000339358
-0.000614154
-0.725717
0.746974
0.0040513
0.00232335
0.00158521
-0.00180598
-0.704879
0.706039
-0.000249604
0.00133362
-0.00196109
0.000967816
-0.698458
0.000664284
-0.70604
0.772546
-0.0026318
0.00393382
-0.00225529
-0.000405773
-0.750936
0.00155222
-0.750002
0.774129
-0.00473752
-0.00200074
-0.445193
0.458055
-0.00510103
-0.00275846
0.0094604
-0.85762
0.79466
-0.00117385
-0.000304721
-0.00202406
-0.730739
-0.432232
0.690006
-0.00223548
0.00129108
-0.00149726
0.00137032
-0.670616
9.67279e-05
-0.727827
0.748964
0.000144877
-0.00146946
-0.711424
0.731241
0.0007776
-0.00022349
-0.00239311
0.00179376
0.00168621
-0.702105
0.709345
-0.00201388
0.000373355
-0.00410932
-0.708169
0.0011201
0.000778134
-0.691433
-0.00499929
0.00457151
-0.465458
0.263266
-0.00161603
0.00141954
-0.256252
0.270283
-0.00129323
0.00146963
0.466761
0.000764849
0.000193273
-0.00118384
-0.454479
-0.00128242
-0.555391
0.569879
0.00106838
0.000824868
0.478997
-0.000511903
-0.000279169
0.000673166
-0.000190801
-0.540802
0.256926
-0.000504618
0.000611454
-0.250629
0.263197
-0.000537867
0.00103899
-0.00248903
-2.60338
0.00270462
0.00385445
0.00205595
0.008831
-2.58179
-0.00263253
-0.00403883
-0.00371915
-2.60797
0.00237082
0.00416995
0.00902968
0.0010735
-0.00210228
0.00155763
0.0025541
-0.00193272
-0.00424321
-0.0034102
-0.0028859
0.00284695
-2.48319
0.00251958
0.00187887
0.00266307
0.0080405
0.00629793
-2.46312
-0.00419672
-0.00348304
-0.00272746
0.00103955
0.00432092
-2.48802
0.0106883
-2.73479
0.00499121
0.00360858
0.00422372
-0.00421849
-0.00180465
-0.00696383
0.00794339
-2.60775
-2.58883
0.00625109
0.00596243
0.00429113
0.00499453
0.00825135
0.0052832
-0.00241545
-0.00164391
0.000185215
0.0132263
-2.60731
-0.000957752
-0.00565543
-0.00325581
0.00140378
0.00201535
0.00269641
0.00560537
0.00259346
-2.48851
0.00502558
-2.46624
0.00259993
0.00267154
0.00366393
0.683313
0.00337888
-0.00198417
-0.00034183
-0.00142236
-0.665585
-0.00122281
-0.391656
0.402368
0.0010359
-0.66797
0.687851
-0.00340551
-0.00279307
-0.0039472
0.00861421
-0.767551
0.701627
-1.51065e-05
-9.44573e-05
-0.380957
-0.000778146
-0.65195
0.457262
-0.000496047
0.000564565
-0.000111745
-0.446254
0.000681431
-0.552033
0.574374
-0.0096935
0.000851333
0.468652
0.00158568
-0.000683696
-0.000354119
-7.36726e-06
-0.538878
0.00538943
-2.60755
0.00410207
-2.73242
0.00426201
0.00270082
0.00284006
-0.00220865
-0.0028668
-0.0049552
-2.59994
0.00101229
0.00214699
0.00153357
0.00128645
0.00482157
0.008691
-0.00202298
-0.00277915
-0.00118021
0.00514326
0.00168975
-2.48746
0.00506148
-2.60726
-0.000506628
-0.00222508
0.000503623
0.000149324
0.000209605
0.00168933
0.000645961
-2.47786
0.000567459
0.000132106
0.00114175
-1.04863e-05
-2.58846
0.0038687
0.00385606
0.0028885
0.00588843
-2.59691
-0.00217374
-0.00165245
-0.00287603
-2.73359
0.0038426
0.00158201
0.00257869
-0.00187279
0.000714756
-0.00285044
0.00610047
-0.00203641
0.000507815
-2.46946
0.00231403
0.00205618
0.00314905
0.00434551
-2.4782
-0.00253915
-0.00219857
-0.00172409
-2.6076
-5.62861e-05
0.00142716
0.00275568
0.000253804
-0.00236491
-0.00129769
0.613638
-0.00258094
-0.0027292
0.000952248
0.00331163
-0.59735
0.00276039
-0.639913
0.659584
-0.00486774
-3.82688e-05
0.000292496
-0.64936
0.667649
0.00594308
0.00293759
0.00215188
-0.00162768
-0.631328
0.630578
-0.000266274
0.00253813
-0.00196576
0.001106
-0.622703
0.00211609
-0.633076
0.694543
-0.00120267
0.00335271
-0.00195955
-0.000708965
-0.67769
0.000752439
-0.674413
0.694033
-0.00430234
-0.0013874
-0.399631
0.409873
-0.00416643
-0.00274674
0.00755265
-0.774086
0.712162
-0.000629103
-0.00030644
-0.00156928
-0.659485
-0.389502
0.621494
-0.000126589
0.00158102
-0.00217653
0.000486371
-0.606509
-0.00248996
-0.655152
0.671929
-0.00164264
-0.0017566
-0.640797
0.656401
0.000500973
-0.000876885
-0.00328485
6.30308e-05
0.00171959
-0.634462
0.636522
-0.00294274
-0.00069339
-0.00597509
-0.639864
0.000978335
0.000189295
-0.625182
-0.0100898
0.00979442
-0.418514
0.238467
-0.00159667
0.00158339
-0.233051
0.243871
-0.00111339
0.00143456
0.423404
0.000184462
0.000469153
-0.00066282
-0.413878
-0.000735877
-0.503989
0.515143
0.00048163
0.00110217
0.432821
-0.000193512
0.000144558
0.000151937
-3.10266e-05
-0.492619
0.234068
-0.000920325
0.000783791
-0.228843
0.239258
-0.00108585
0.00128107
-0.00275852
-2.37592
0.0020509
0.00296681
0.0020907
0.00587309
-2.35876
-0.002148
-0.00206934
-0.00292644
-2.38231
-0.000189766
0.00418009
0.00660983
-0.00263613
-0.000690348
0.00117506
0.00134621
-0.00165467
-0.00198238
-0.00148424
-0.00331125
0.00222211
-2.28035
0.00125696
0.00227259
0.00195444
0.00484132
0.0023699
-2.26609
-0.00215862
-0.00237263
-0.00231819
-0.000392281
0.00328797
-2.28818
0.0109568
-2.49361
0.003865
0.00226599
0.00340101
-0.00494725
-0.00224173
-0.00689954
0.00411499
-2.38245
-2.3615
0.00548138
0.00353218
0.00300821
0.00287818
0.00754241
0.00466759
-0.0030223
-0.00192291
-0.000971244
0.0122129
-2.3919
-0.00141008
-0.00510258
-0.00331294
0.000517056
0.00231454
0.00225155
0.00376242
0.00131163
-2.28761
0.00450935
-2.26406
0.00179707
0.00195821
0.00208904
0.620334
0.00309944
-0.00164066
-0.000234768
-0.00102628
-0.60697
-0.000876797
-0.355058
0.36314
0.000584203
-0.606475
0.622078
-0.00302924
-0.00292471
-0.00300062
0.00706731
-0.699774
0.634304
-1.70115e-05
0.000200451
-0.346979
-0.000114428
-0.594331
0.417024
-0.000304672
-0.000330364
0.000162922
-0.407842
7.69693e-05
-0.503425
0.514875
-0.000761577
0.000403121
0.426248
0.000654368
-0.000591225
-0.000503271
-0.000361039
-0.492306
0.00427633
-2.38217
0.000369206
-2.49633
0.00171443
0.000671879
0.000373312
0.000193442
-0.00093899
-0.00243377
-2.37472
0.000214858
0.00165708
0.00114633
0.000805404
0.000318388
0.00164651
-0.000318039
0.000563663
0.00198972
0.00204091
0.00148992
-2.28824
0.00119449
-2.39794
0.00138983
0.000204207
0.0026278
-0.00212772
-0.00176776
-0.00109805
0.000428502
-2.27869
-0.000776353
-0.000483147
-4.91257e-05
0.00142865
-2.36315
0.00220279
0.00232099
0.00164195
0.00282854
-2.37348
-0.00124679
-0.000785034
-0.00166595
-2.49546
0.00154215
7.19056e-06
0.000366192
-0.000710118
0.00168946
-0.00160966
0.00531896
-0.00267017
0.000794822
-2.26848
0.00119164
0.00211761
0.00210056
0.00205655
-2.2798
-0.00204258
-0.00117841
-0.00155639
-2.39563
-0.00118647
-2.08349e-06
0.000668401
0.000571992
-0.00076425
-0.00041171
0.557978
-0.00307393
-0.00190873
0.000718873
0.00376107
-0.545574
0.00233992
-0.583796
0.596395
-0.00172603
-0.000280147
-0.000612478
-0.590176
0.60372
0.00606849
0.00173085
0.00228994
-0.00198455
-0.576022
0.570065
-0.000408542
0.00271288
-0.00412391
0.000534171
-0.569033
0.0022495
-0.577836
0.633637
0.000200123
0.00299826
-0.00234445
-0.00121315
-0.620425
-0.000426579
-0.615095
0.630766
-0.00390175
-0.00110191
-0.364115
0.372117
-0.00284665
-0.00252583
0.00421615
-0.708466
0.647413
-0.00101416
-0.000695044
-0.00132411
-0.60353
-0.356133
0.567409
-0.000925107
0.0021588
-0.00254307
0.000775513
-0.55533
-0.00169499
-0.597662
0.611072
-0.00208868
-0.00236903
-0.585033
0.597394
0.00126236
-0.000652471
-0.00360243
0.000625368
0.00207333
-0.580626
0.579485
-0.00346152
-0.000449735
-0.00622496
-0.585408
0.00176477
0.000391495
-0.572544
-0.00968551
0.00954103
-0.381811
0.219221
-0.00115775
0.00108661
-0.214787
0.223462
-0.000762869
0.00111975
0.389596
-0.000390931
0.000738501
-0.000528438
-0.381803
-0.000259327
-0.463692
0.472556
-5.19613e-05
0.00101646
0.397023
-0.00010151
0.000456136
-0.000503391
-0.000159674
-0.454358
0.214812
-0.00112134
0.00080287
-0.210277
0.219197
-0.00137443
0.00139666
-0.00404415
-2.19388
0.00209559
0.00351128
0.00262329
0.00503778
-2.18179
-0.00251341
-0.000578559
-0.00250117
-2.20233
-3.95685e-05
0.00206174
0.00865644
-0.00802622
0.00118998
0.00351364
0.00282012
-0.00227531
-0.00250645
-0.00194955
-0.00569684
0.00349196
-2.11538
0.00210676
0.00302642
0.00268737
0.00667839
-0.00267855
-2.10376
-0.00224473
-0.00360635
-0.00341549
0.00136802
0.000470182
-2.1232
0.00914336
-2.3002
0.003979
0.0023472
0.00403561
-0.00436975
-0.00240371
-0.00616486
0.00357025
-2.20075
-2.17927
0.00322996
0.00257353
0.00343955
0.00276097
0.00838797
0.000735158
-0.00208446
-0.000880708
-2.88248e-05
0.00944262
-2.21685
-0.00120903
-0.00489275
-0.00266676
0.000838464
0.0034389
0.00293924
0.00423882
-0.00269109
-2.12042
0.00147296
-2.09832
0.00195591
0.00231588
0.00180667
0.571989
0.00313727
-0.00224903
-7.00097e-05
-0.00106577
-0.560892
-0.00061235
-0.326982
0.333321
0.00112184
-0.558931
0.571344
-0.00246024
-0.00279015
-0.00236714
0.0062362
-0.646582
0.582917
0.000470251
0.000564936
-0.320319
0.000144279
-0.54904
0.38329
0.000219872
-0.00102267
0.000201272
-0.375375
-0.000636192
-0.462596
0.471823
0.000160931
0.000453894
0.390932
-3.41503e-05
-0.000637406
-1.4277e-05
-0.000464031
-0.453053
0.000727719
-2.20281
-0.00203084
-2.30887
-0.000128281
-0.000470726
-0.000626439
0.00160843
0.000574019
-0.000862252
-2.19556
0.000397174
0.00032345
0.000684484
0.00016209
0.00163286
-0.00297993
-0.000777927
0.00083511
0.00236242
-0.000583369
0.00378536
-2.12423
0.000763406
-2.22676
0.00200936
-0.000211574
0.00265533
-0.00281398
-0.00170301
-0.00156554
0.00128376
-2.11556
-0.00115853
-0.000455673
-0.000602618
0.000553784
-2.18248
0.0015362
0.00222761
0.00185352
0.000124179
-2.19429
-0.00107784
-3.03848e-05
-0.000469755
-2.30524
-0.000382409
-0.000873072
-0.000749436
3.03798e-05
0.00249488
5.26771e-05
0.00440559
-0.00358954
0.000527565
-2.10436
0.000165402
0.00215911
0.00140617
-0.00133682
-2.11512
-0.00130664
5.03532e-05
-0.000408025
-2.22295
-0.00243138
-0.00120329
-0.00127498
0.00157329
0.000734705
0.000910466
0.514169
-0.00243957
-0.00239099
0.00118102
0.0037764
-0.504661
0.0028758
-0.536313
0.548292
-0.00462793
-0.00043086
-0.000815426
-0.543878
0.554729
0.00577995
0.002191
0.00169486
-0.00106271
-0.532716
0.524059
-0.000450332
0.00274651
0.000509054
0.000878508
-0.527853
0.00160306
-0.534124
0.585339
0.000631005
0.00308887
-0.00260101
-0.00148008
-0.574133
-0.00125572
-0.568041
0.580951
-0.00350646
-0.000963127
-0.33592
0.342427
-0.00192973
-0.00260717
0.00227997
-0.654965
0.596527
-0.00117152
-0.00098956
-0.000974453
-0.558439
-0.329101
0.52404
-0.00162306
0.00245508
-0.00249463
0.000949968
-0.513683
-0.00156858
-0.55185
0.562551
-0.00145816
-0.00273602
-0.540282
0.550198
0.0018908
-0.000648247
-0.00348807
0.00111429
0.00224841
-0.53718
0.533768
-0.00359679
-0.000411989
-0.0056651
-0.541569
0.00239294
0.000490342
-0.529653
-0.00747261
0.00732941
-0.352487
0.202979
-0.000487656
0.000112314
-0.19906
0.20671
4.40515e-05
-1.8917e-05
0.361343
-0.000934027
0.00111246
-0.000791631
-0.35461
0.000313398
-0.430091
0.437603
-0.000846727
0.000760078
0.367695
0.000208313
0.000253763
-0.00121256
-0.000460298
-0.422065
0.198595
-0.000536116
0.00046848
-0.194962
0.202132
-0.000986583
0.00118963
-0.0086672
-2.04367
0.00364063
0.0056708
0.00434533
0.0103779
-2.03135
-0.00520174
-0.00253476
-0.0051283
-2.05021
0.00363363
-0.00134881
0.0162544
-0.0162203
0.00389192
0.00631574
0.00670998
-0.00482868
-0.00572552
-0.00549876
-0.0118423
0.00678252
-1.97887
0.00477384
0.00544483
0.00506502
0.0135305
-0.00745756
-1.96653
-0.00515065
-0.00562394
-0.00631733
0.00482035
-0.00307045
-1.98403
0.00632047
-2.14283
0.00600638
0.00382092
0.00582271
-0.00399333
-0.00204762
-0.00559121
0.00807191
-2.04795
-2.02941
-0.000347887
0.00404295
0.00558755
0.00443708
0.0122122
-0.00449327
-0.000455952
0.000712276
0.00140167
0.00600985
-2.07609
-0.000481918
-0.0033801
-0.00176696
0.00233377
0.00404995
0.0045007
0.00952276
-0.00738365
-1.98387
-0.0020273
-1.96408
0.00409414
0.00398609
0.00379806
0.530886
0.00311656
-0.00346546
0.00040168
-0.00108187
-0.520981
-0.000464513
-0.303153
0.308909
0.00260514
-0.519044
0.530125
-0.00246716
-0.00224864
-0.00230274
0.00626836
-0.60093
0.5408
0.000961388
0.000646024
-0.297124
0.000170922
-0.51047
0.355038
0.000501128
-0.000653253
0.000127365
-0.348705
-0.00105341
-0.428775
0.436077
0.000692416
0.000991934
0.361172
0.000177502
-0.000780025
0.00041884
7.72952e-05
-0.421176
-0.00165371
-2.05128
0.00100648
-2.14936
4.13584e-05
-0.00129964
-0.00051913
-9.04174e-05
-0.000572012
-0.00260441
-2.04477
0.00266439
0.000202946
0.000486271
3.30006e-05
0.00769941
-0.00687466
-0.00311604
-0.00127509
3.07418e-05
-0.00379489
0.00759747
-1.98369
0.00427004
-2.07899
0.000662576
-0.00118768
0.000826824
-0.00349699
-0.00262715
-0.00183592
0.00332808
-1.97591
-0.00163578
-0.00125853
-0.00106866
-0.00143079
-2.0337
0.00268454
0.00301994
0.00334591
0.000111007
-2.04262
-0.000388629
0.000216035
-0.000233028
-2.14773
-0.000540989
-0.000413835
-0.00036616
0.000399718
0.00185371
-0.000236873
0.00923768
-0.00819648
-0.00441408
-1.96875
0.00189455
0.00334815
0.00322431
0.00137699
-1.97709
-0.00208135
-0.00104074
-0.00119302
-2.07887
-0.00103274
-7.10159e-05
0.000160295
0.000208928
-0.00124494
-0.000798857
0.478498
-0.00284864
-0.0035706
0.00168374
0.00386296
-0.469548
0.00247433
-0.500952
0.509596
-0.00243874
-0.000181981
0.000305902
-0.506066
0.515408
0.00529052
0.00266102
0.00172607
-0.00166746
-0.496186
0.486966
0.000239784
0.00255874
-0.0020246
0.00101585
-0.491706
0.00132136
-0.497305
0.5435
0.000411862
0.00380605
-0.00285168
-0.00162908
-0.533708
-0.000944825
-0.527732
0.539047
-0.00334014
-0.00145044
-0.311528
0.317196
-0.00146672
-0.00344748
0.00227958
-0.609055
0.553335
-0.00131936
-0.0010124
-0.000582934
-0.519465
-0.305613
0.486179
-0.00168728
0.00212102
-0.00189457
0.000953221
-0.477251
-0.0011813
-0.512465
0.521777
-0.000712527
-0.00257432
-0.501318
0.510079
0.00198932
-0.000596206
-0.00323213
0.00122449
0.00210535
-0.499318
0.494717
-0.00320754
-0.000325989
-0.00524219
-0.503505
0.00232533
0.000500551
-0.492088
-0.00649024
0.00632325
-0.327362
0.189092
-0.000440902
5.72767e-05
-0.186112
0.192043
0.000298997
-0.000394406
0.337577
-0.00110731
0.00118152
-0.000842742
-0.332351
0.00059167
-0.401833
0.4078
-0.00112959
0.000410393
0.34259
0.000286902
0.000193455
-0.00130759
-0.000749263
-0.395573
0.186201
0.000178078
-0.000121795
-0.183535
0.18879
-0.000227074
0.000609058
-0.0118532
-1.92165
0.00517146
0.00594839
0.00500162
0.0140216
-1.91029
-0.00597184
-0.00416065
-0.00525676
-1.92619
0.00497927
-0.00354444
0.015324
-0.0140303
0.00286649
0.00404903
0.00477818
-0.00405255
-0.00517464
-0.00529276
-0.00932131
0.00732493
-1.87498
0.00329289
0.00384042
0.00369674
0.0118119
-0.00796228
-1.8642
-0.00507929
-0.00424675
-0.00499453
0.00460817
-0.00312099
-1.87921
0.00403042
-2.01756
0.00528295
0.00311435
0.00498309
-0.00279367
-0.00212498
-0.00450264
0.00927245
-1.92824
-1.91035
-0.0025405
0.00441267
0.00501542
0.00463953
0.0109471
-0.00408205
-0.000707358
7.43835e-05
0.000876177
0.00616514
-1.97
-0.00114503
-0.00335239
-0.00195355
0.00133531
0.00381862
0.00360329
0.00845819
-0.00814946
-1.88264
-0.00261427
-1.86374
0.00323009
0.00362002
0.00343164
0.496007
0.00328563
-0.00290585
0.000115728
-0.0012895
-0.488642
-0.000574205
-0.282716
0.28717
0.00221955
-0.485264
0.494207
-0.0023974
-0.0025346
-0.00209769
0.00570701
-0.563487
0.503649
0.000765934
0.000459053
-0.278164
0.00018636
-0.479052
0.333286
0.000788965
-0.000358348
-0.000252566
-0.328565
-0.00137671
-0.402657
0.408153
0.00112429
0.00114021
0.337833
0.000619054
-0.00122021
0.000772488
9.50056e-05
-0.396862
-0.00436267
-1.92421
0.0022012
-2.01867
-0.000803317
-0.00223221
-0.00157822
-8.87026e-05
-0.000498629
-0.00187073
-1.91953
0.00298156
-0.00032082
-0.000307184
-0.0006698
0.00665933
-0.0087148
-0.00206234
-0.00049126
0.00025815
-0.00424839
0.00750661
-1.87685
0.00169655
-1.97107
0.00158092
0.000453273
0.00224906
-0.00376927
-0.00308805
-0.0022699
0.00218781
-1.8718
-0.00145037
-0.00154293
-0.00103475
-0.00509098
-1.91133
0.0024901
0.00357319
0.00264548
0.000532579
-1.92053
-0.00120337
-0.000655226
-0.000962193
-2.019
-0.000243371
-0.00095355
-0.000350777
-0.000967477
0.00118552
-0.00117827
0.00760254
-0.00789629
-0.00360333
-1.8656
0.00155532
0.00221328
0.00168846
-0.00106213
-1.87492
-0.00155799
-0.00039612
-0.000559498
-1.97135
-0.00222281
-0.000784073
-0.000631019
0.00107477
-0.000738223
-0.000173709
0.446983
-0.00304156
-0.00287156
0.00139013
0.00374541
-0.44011
0.00242451
-0.46813
0.475173
-0.00239226
8.03824e-05
6.11603e-05
-0.472954
0.480562
0.00502706
0.00309455
0.00168019
-0.00176631
-0.465155
0.45369
0.000119211
0.00233301
-0.00246884
0.00131874
-0.460602
0.0011962
-0.46622
0.508853
0.000917455
0.00386455
-0.00290751
-0.00174322
-0.50141
-0.00129602
-0.49443
0.503591
-0.00325153
-0.00150149
-0.291361
0.295888
-0.00094892
-0.0037058
0.00154069
-0.572606
0.516642
-0.00131591
-0.00107335
-0.000347643
-0.488365
-0.286786
0.455342
-0.00133269
0.0018364
-0.00149378
0.000818588
-0.448526
-0.00156808
-0.480117
0.487383
-0.000420391
-0.00220315
-0.46951
0.476282
0.00166536
-0.000726701
-0.00295393
0.000775439
0.00184011
-0.469532
0.461966
-0.00273746
-0.000458184
-0.00496727
-0.473433
0.00212082
0.000365044
-0.462494
-0.00573094
0.00566169
-0.307021
0.179992
-0.000313323
9.56428e-05
-0.178378
0.181555
0.000385514
-0.000242799
0.321602
-0.00115152
0.00125135
-0.00065206
-0.318718
0.000600188
-0.382793
0.386016
-0.00103771
0.000662869
0.324315
0.000302253
0.000468366
-0.00126545
-0.000544953
-0.379341
0.177443
0.000499031
-0.000687737
-0.175689
0.179177
-3.50738e-05
0.000178379
-0.00688426
-1.84092
0.00257265
0.00348412
0.00294083
0.0082039
-1.82935
-0.00389569
-0.00184918
-0.00342289
-1.84474
0.00357453
-0.00318886
0.00960844
-0.0122698
0.00287197
0.00304738
0.00326844
-0.00295942
-0.00329289
-0.00311488
-0.00585473
0.00518264
-1.82012
0.00123608
0.00261545
0.0022489
0.00490465
-0.00854502
-1.80756
-0.00244458
-0.00256796
-0.00298315
0.00192657
-0.00328877
-1.82337
0.00467435
-1.93678
0.00527182
0.00290049
0.00526538
-0.00329319
-0.00213904
-0.00461056
0.00810746
-1.84901
-1.83329
-0.00271144
0.00402251
0.00513114
0.00429283
0.00921313
-0.00253526
-0.00142001
-0.000585128
0.000164884
0.00555909
-1.9165
-0.000886422
-0.00359853
-0.00186781
0.00121647
0.00317043
0.00363129
0.0060165
-0.008123
-1.82741
-0.00316351
-1.8117
0.00309353
0.00253909
0.00259931
0.472253
0.00321596
-0.0033548
0.000486128
-0.00114163
-0.467958
-0.000652676
-0.268913
0.27161
0.00241001
-0.4623
0.468231
-0.00209258
-0.00244376
-0.00142475
0.00483867
-0.53993
0.476937
0.00089845
0.000477607
-0.266138
0.000723392
-0.459107
0.31806
0.00172787
-0.00111056
-0.000372976
-0.315393
-0.00189541
-0.384004
0.387277
0.00198178
0.000751271
0.320831
0.000119038
-0.00134078
0.00794471
-0.00054145
-0.3862
-0.00437807
-1.84298
-0.00198027
-1.9352
-0.00165189
-0.00293171
-0.00272564
0.00148398
0.00104028
-0.00050852
-1.83975
0.00137009
-0.000578169
-0.000533109
-0.00115818
0.00127862
-0.0122216
-0.000386974
0.00155384
0.00244664
-0.00592463
0.00519301
-1.82176
-0.00266352
-1.91104
0.00306946
0.00151103
0.00345508
-0.00489594
-0.00506435
-0.00413288
0.0002736
-1.81608
-0.00240844
-0.00263778
-0.00221881
-0.00295498
-1.83276
0.00132499
0.00264858
0.00192531
-0.00194741
-1.84136
-0.000426584
0.000230261
-0.000492037
-1.93641
-0.00102564
-0.00133353
-0.000920348
7.9401e-05
0.00139741
-0.000566622
0.00434506
-0.00708496
-0.00338661
-1.81233
0.000500419
0.00127658
0.0011123
-0.00309148
-1.81896
-0.00138911
-0.000876198
-0.000845072
-1.91374
-0.00210717
-0.00124684
-0.00110794
0.000643353
-0.000981753
-0.000387915
0.425304
-0.00316606
-0.00232057
0.000859088
0.00339438
-0.420689
0.00227865
-0.444946
0.44911
-0.0023275
-0.000322987
-0.000768706
-0.450117
0.454817
0.00452227
0.00220422
0.00140945
-0.00187059
-0.44477
0.429339
-0.000371508
0.00193227
-0.00442659
0.000675886
-0.438703
0.00064435
-0.446167
0.483926
0.00134688
0.00325826
-0.0027519
-0.00165567
-0.479513
-0.00149856
-0.470533
0.477075
-0.00302827
-0.000980523
-0.276758
0.279706
-6.15657e-05
-0.00313393
-0.000632245
-0.547812
0.488983
-0.00119271
-0.000936238
-0.000184961
-0.467345
-0.273947
0.432876
-0.00143516
0.00151351
-0.000953999
0.000765442
-0.428764
-0.00125636
-0.456759
0.46167
3.2008e-06
-0.00199502
-0.446605
0.450984
0.0017045
-0.000557803
-0.00274649
0.00129251
0.00189528
-0.449188
0.43715
-0.00237505
-0.00043094
-0.00442555
-0.452812
0.00211784
0.000524178
-0.44227
-0.00385292
0.00375226
-0.293412
0.176069
-0.000124168
-3.69049e-05
-0.175687
0.176446
0.000700194
-0.000596231
0.31485
-0.00139504
0.00148191
-0.000431703
-0.314241
0.000765503
-0.374813
0.375418
-0.00124399
0.00075461
0.315379
0.00048749
0.000469608
-0.00148486
-0.000332805
-0.374054
0.172978
0.000521704
-0.000784854
-0.172312
0.173558
-4.96192e-05
0.000131753
-0.00551251
-1.81022
0.00231215
0.00237563
0.00231654
0.00247039
-1.79671
-0.00231946
-0.000402894
-0.00169398
-1.81323
-0.000374674
-0.0034607
0.00560771
-0.012274
0.00345149
0.00216595
0.00293502
-0.0018502
-0.00240519
-0.00245992
-0.00514378
0.000532148
-1.80898
0.000965008
0.00216644
0.00236966
0.00143744
-0.00935881
-1.79475
-0.00189419
-0.00140836
-0.0020211
-0.00241343
-0.00291428
-1.81178
0.00378685
-1.90673
0.00402213
0.001664
0.00274804
-0.00312018
-0.00231302
-0.00492149
0.0032332
-1.81638
-1.8031
-0.00348915
0.00254854
0.0026645
0.00203499
0.00294194
-0.00111884
-0.00169599
-0.00149861
-0.000147
0.00514471
-1.90519
-0.000851544
-0.00357639
-0.00137383
-7.55447e-05
-0.000138776
0.00112628
-0.000115849
-0.00686157
-1.81398
-0.00205361
-1.80011
0.00060261
9.74638e-05
0.000720873
0.461237
0.00262063
-0.00165919
-0.000263297
-0.00113323
-0.460333
-0.000199098
-0.262459
0.263292
0.00175356
-0.451866
0.454524
-0.00180349
-0.00216362
-0.000624947
0.00311013
-0.531753
0.462686
0.000721817
0.000527712
-0.26175
0.000815412
-0.451745
0.309375
0.00128089
-0.00126627
-0.000186426
-0.308326
-0.0014352
-0.373453
0.374718
0.00126559
0.000472146
0.310563
-0.000209706
-0.00107444
0.00203224
-0.000696635
-0.372494
-0.0067366
-1.81168
-0.00653077
-1.89843
-0.00390761
-0.0036706
-0.00432567
0.00300189
0.00195949
0.00113313
-1.80665
-0.00130501
-0.00219307
-0.00173491
-0.00222081
-0.00231102
-0.012924
0.000842468
0.0019466
0.00308613
-0.00646333
0.000963667
-1.81025
-0.00588788
-1.89663
0.00331731
0.00264149
0.00462612
-0.00500937
-0.00489243
-0.00496419
-0.00284599
-1.80366
-0.00320931
-0.0025795
-0.00283971
-0.00344428
-1.80284
0.000313061
0.000969926
-0.000114589
-0.00450682
-1.80717
-0.00153987
-0.000299347
-0.00112672
-1.90226
-0.00118341
-0.00243376
-0.00164278
-0.00078869
0.0006422
-0.000837285
-0.00114873
-0.00715471
-0.00226194
-1.80106
-0.00087359
-0.00135967
-0.000942569
-0.00613818
-1.80479
-0.00201641
-0.000962326
-0.00145083
-1.90067
-0.00305969
-0.00209258
-0.00145617
0.000360233
-0.000322574
-0.000349206
0.414456
-0.00174019
-0.00138626
0.000781977
0.00259793
-0.41404
0.00146392
-0.432631
0.433322
-0.0013232
-0.000409622
-0.00112303
-0.439351
0.440769
0.00351607
0.00174434
0.000298183
-0.000500274
-0.438267
0.415358
-0.000484281
0.00119943
0.000604963
0.000849431
-0.433456
-0.000770582
-0.439032
0.472919
0.00211644
0.00243923
-0.00233828
-0.00166122
-0.471958
-0.00264453
-0.459468
0.462543
-0.002499
-0.000181608
-0.270258
0.270992
0.000836498
-0.00250129
-0.00267382
-0.538525
0.474177
-0.000839053
-0.00102898
0.000138826
-0.45953
-0.269437
0.423
-0.000891026
0.00125742
-0.00060231
0.000459512
-0.422002
-0.00213689
-0.445974
0.447372
0.000430811
-0.00178818
-0.436175
0.437071
0.00161983
-0.000756266
-0.00246702
0.000923692
0.00175273
-0.441544
0.42381
-0.00206831
-0.000828714
-0.00392549
-0.445287
0.00193831
0.000411182
-0.435031
-0.00174654
0.00200173
-0.288509
0.176427
-0.000259167
0.000177748
-0.176813
0.175918
0.000666
-0.000512442
0.315822
-0.00140637
0.00139689
-0.000148397
-0.316576
0.000882665
-0.375902
0.374704
-0.00132175
0.000794211
0.314795
0.000494634
0.000688379
-0.00141608
-0.000231775
-0.376727
0.172084
0.000582653
-0.000767834
-0.172206
0.171793
0.000102179
2.8794e-06
-0.00452792
-1.81243
0.00249923
0.00207761
0.00216579
0.00259754
-1.79807
-0.00270513
-0.00127986
-0.00210574
-1.81464
-0.0037916
-0.0020637
0.00736328
-0.0109192
0.00359163
0.00284344
0.00363894
-0.00310829
-0.00428682
-0.00425184
-0.00357885
-0.00256992
-1.81792
0.0012079
0.00226022
0.00274716
0.00396528
-0.00667662
-1.80284
-0.0039407
-0.00302486
-0.0036849
-0.00514623
-0.00141989
-1.81781
0.00419566
-1.9097
0.000991365
2.03808e-05
-0.000106717
-0.00228648
-0.00292045
-0.00416259
-0.00276782
-1.81638
-1.80511
-0.00134522
0.000503305
-0.000126983
5.65716e-05
-0.00373791
0.00154908
-0.00145871
-0.00175194
-0.000392861
0.00654949
-1.91754
-0.00130908
-0.00256434
-0.000340861
-0.00228114
-0.00236626
-0.00180191
-0.00650613
-0.00503608
-1.81913
-0.000637129
-1.80842
-0.00237995
-0.00166025
-0.0014758
0.463357
0.00166295
-2.81432e-05
-0.000395442
-0.000625106
-0.465271
0.000416166
-0.263591
0.262751
-8.20577e-06
-0.453469
0.453493
-0.00123571
-0.0017085
3.1681e-05
0.00109362
-0.536717
0.461883
0.000126419
0.000739058
-0.264401
0.00113901
-0.455962
0.308827
0.000848606
-0.000798257
-0.000243089
-0.309067
-0.0015835
-0.37898
0.378377
0.00174414
0.000168971
0.308282
4.05589e-05
-0.00127492
0.00139029
-0.000851631
-0.379228
-0.00577792
-1.81282
-0.00640201
-1.9007
-0.0028298
-0.00277817
-0.00301864
0.00257921
0.000837318
0.000856486
-1.80926
-0.00389507
-0.00182144
-0.0012342
-0.00176633
-0.00086733
-0.0110148
-0.000388677
0.000276115
0.000987942
-0.00698838
-0.00228205
-1.8153
-0.00404226
-1.90658
0.00120511
0.00146487
0.00325746
-0.00440277
-0.00437371
-0.00393479
-0.00495085
-1.81258
-0.00323087
-0.00326105
-0.00300251
-0.00217876
-1.80427
-0.00189416
-0.000465741
-0.00227843
-0.00687717
-1.80869
-0.00170976
-0.000879247
-0.00131655
-1.90579
-0.00158698
-0.00337592
-0.00214305
-0.000306806
0.00074205
-0.000422149
-0.00585268
-0.00918074
-0.00293153
-1.80919
-0.00219795
-0.00288893
-0.00287617
-0.00802122
-1.8142
-0.00327147
-0.00231147
-0.00234156
-1.91394
-0.00380398
-0.00219396
-0.00165147
-1.48372e-05
-0.00137819
-0.000728285
0.416954
-0.00213217
0.000435011
-0.000538831
0.00244364
-0.418171
0.000993065
-0.436534
0.433163
0.000581655
-0.00063666
-0.00258329
-0.441165
0.439884
0.00298358
0.000339826
0.000335444
-0.000952467
-0.44181
0.414988
-0.00117209
0.000822647
-0.00300104
-2.02043e-05
-0.436411
-0.000867379
-0.442844
0.473256
0.00129891
0.00234799
-0.00204777
-0.00136341
-0.474068
-0.00203774
-0.459463
0.46026
-0.00231218
0.000105924
-0.270273
0.269763
0.00130414
-0.00223497
-0.00260989
-0.540579
0.472366
-0.000512455
-0.000718405
0.000859489
-0.461314
-0.270493
0.423449
-0.000825867
0.00123461
-0.00074233
0.000416129
-0.424158
-0.0022131
-0.446329
0.445461
0.00049581
-0.00172573
-0.436367
0.435166
0.00130252
-0.000889789
-0.00242634
0.000563678
0.00141639
-0.443521
0.422252
-0.00215637
-0.000878452
-0.00409647
-0.44749
0.0015898
0.000255946
-0.437019
-0.00143232
0.00190956
-0.290704
0.178779
-0.0005929
0.000631321
-0.179329
0.177979
0.000415662
-0.0001673
0.320508
-0.00084011
0.000856923
0.000155874
-0.321612
0.000488364
-0.381271
0.3794
-0.000863938
0.00104839
0.318907
5.39934e-05
0.00101594
-0.000777064
0.000130802
-0.382562
0.174051
0.00070053
-0.000600775
-0.174598
0.173209
0.000152577
0.000235546
-0.000816988
-1.82098
0.00200028
0.00163292
0.00124779
0.00572743
-1.80411
-0.0048625
-0.00348482
-0.0039911
-1.81715
-0.00578495
-0.000383436
0.00818218
-0.00480698
0.00149263
0.00151566
0.00299074
-0.00378677
-0.00633284
-0.00631597
0.00294957
-0.00495526
-1.81902
-7.82759e-05
-0.000764476
0.000584881
0.00674585
-0.00334717
-1.79979
-0.00629536
-0.00435426
-0.00544818
-0.00668276
0.00115141
-1.8103
0.00724488
-1.92609
-0.00105706
-0.000928984
-0.00118191
-0.00194821
-0.00368584
-0.00440138
-0.00873954
-1.81839
-1.81441
0.000446563
-0.00130717
-0.00142724
-0.00116656
-0.00801069
0.00831179
-0.00321852
-0.00394379
-0.00185584
0.0109969
-1.93182
-0.00203657
-0.00462183
-0.00136751
-0.00311777
-0.00289888
-0.00254531
-0.0112792
-0.00267221
-1.8114
0.000988936
-1.81362
-0.00346418
-0.00246136
-0.0025287
0.473509
0.00132578
0.000503352
-0.000569614
-0.000245122
-0.475935
0.000806162
-0.269564
0.267753
-0.000928583
-0.462565
0.461197
-0.00034182
-0.00180443
4.95096e-05
0.000802599
-0.548247
0.470491
0.000231892
0.00114723
-0.270863
0.0012807
-0.465841
0.31235
0.000634584
-9.08573e-05
-0.000318822
-0.313344
-0.00128428
-0.383269
0.381371
0.00155229
0.000697806
0.310833
0.000782368
-0.00130537
0.00132466
-0.000331069
-0.384571
-0.0077031
-1.81396
-0.0043667
-1.90985
-0.00270938
-0.00347654
-0.00338983
0.000730501
-0.00042949
-0.000874515
-1.81668
-0.00598854
-0.00288122
-0.0023704
-0.00324818
0.00145235
-0.00974756
-0.00251972
-0.00209839
-0.0012504
-0.00805068
-0.00510535
-1.80674
-0.00297736
-1.90905
0.000174462
-0.000166156
0.00146279
-0.00452907
-0.00514693
-0.00392205
-0.00753493
-1.81308
-0.00372999
-0.00484383
-0.00402817
-0.0046506
-1.81245
-0.00355055
-0.00122961
-0.00304991
-0.00951467
-1.81815
-0.00313778
-0.00329998
-0.00310293
-1.92175
-0.00194248
-0.00354476
-0.00210733
-0.00195543
-0.000346768
-0.00275342
-0.0110457
-0.0125889
-0.00621886
-1.81279
-0.00316133
-0.00356895
-0.0037832
-0.011671
-1.81811
-0.00532422
-0.00383583
-0.00347622
-1.92786
-0.00431856
-0.00239609
-0.00202813
-0.000727003
-0.00409887
-0.00290197
0.4252
-0.00207075
0.000975564
-0.000880783
0.00240426
-0.426872
0.00153666
-0.443575
0.442532
-0.00328484
-0.00151323
-0.00407106
-0.449176
0.447208
0.00311916
-1.68906e-06
0.000402588
-0.000877096
-0.450244
0.422947
-0.0024111
0.000830294
-0.00163794
-0.000158023
-0.445153
-0.000744205
-0.45141
0.479798
0.00165388
0.00275611
-0.00215434
-0.00163616
-0.481635
-0.00217182
-0.465643
0.46516
-0.00260675
-0.000130154
-0.274121
0.272767
0.000964231
-0.00304088
-0.00168479
-0.549261
0.477637
-0.000484693
-0.000831202
0.000720477
-0.468318
-0.275108
0.429989
0.000173491
0.00190896
-0.00159705
0.000137057
-0.431759
-0.00294961
-0.452893
0.450857
-0.000600021
-0.00218123
-0.44278
0.440358
0.00138928
-0.00145419
-0.00326061
-0.00105164
0.00183621
-0.450805
0.427563
-0.00276786
-0.00106054
-0.00526854
-0.455035
0.00184677
-0.000459073
-0.444479
-0.00300035
0.00423724
-0.297617
0.181951
-0.00131778
0.00217294
-0.182947
0.18088
-0.000214085
0.00103496
0.326221
0.00100375
-0.0010177
0.00111764
-0.327538
-0.000996121
-0.388459
0.386143
0.000630777
0.00218394
0.324453
-0.0013741
0.00172742
0.00105035
0.00154307
-0.390304
0.177228
0.000219579
0.000353008
-0.178011
0.176181
-0.00015463
0.000920814
0.00702445
-1.80861
-0.00164444
-0.001513
-0.00320834
0.00742381
-1.78841
-0.00550533
-0.00535527
-0.00429891
-1.79496
-0.00845783
0.00262887
0.00401484
0.00391433
-0.00246842
-0.00330456
-0.00060507
-0.00161214
-0.00544228
-0.0057019
0.00997478
-0.00865258
-1.78988
-0.00312585
-0.00576528
-0.00345822
0.00808901
-0.000282454
-1.76895
-0.0077684
-0.00517318
-0.00560008
-0.0102554
0.00392435
-1.77156
0.0121479
-1.93036
-0.00217375
-0.00209687
-0.00270012
-0.00425015
-0.00503172
-0.0071806
-0.0142352
-1.79586
-1.80809
0.0014627
-0.00280811
-0.00342387
-0.00310192
-0.0122495
0.0167439
-0.00667622
-0.00824726
-0.00508196
0.014843
-1.92134
-0.00290767
-0.00699581
-0.00342457
-0.00429509
-0.00512193
-0.0043887
-0.0184247
-0.000143665
-1.77147
0.00326227
-1.79205
-0.0061817
-0.00607299
-0.00532762
0.484126
-9.5024e-05
0.00133389
-0.000786098
0.00132933
-0.486333
0.00176298
-0.277965
0.275242
-0.00156815
-0.472383
0.471445
0.000537323
-0.00256956
0.00197073
-9.45069e-05
-0.560953
0.481412
-1.98675e-05
0.00221289
-0.280869
0.00280543
-0.474993
0.317302
-0.000579427
0.00118655
-0.000496343
-0.317854
-0.000635308
-0.389691
0.388134
6.35382e-05
0.00147197
0.315988
0.00178456
-0.00165525
-0.00675971
0.000809952
-0.384841
-0.00795397
-1.79142
-0.00517474
-1.9018
-0.00326084
-0.00420808
-0.00486973
-0.000168999
-0.000321454
-0.00155926
-1.80508
-0.00957214
-0.00406287
-0.00397959
-0.00511786
0.00321506
-0.00883057
-0.00383173
-0.00418201
-0.00322805
-0.00789247
-0.00974331
-1.7683
-0.00544566
-1.88846
0.00112272
-0.000634321
0.00143614
-0.00500636
-0.00672461
-0.0051848
-0.0116957
-1.78619
-0.00513329
-0.0068015
-0.00550712
-0.0073549
-1.80668
-0.0050067
-0.00283959
-0.00497035
-0.0141764
-1.81139
-0.00437364
-0.00636282
-0.00526388
-1.92748
-0.00284062
-0.00492981
-0.00326657
-0.00410747
-0.00121376
-0.0051335
-0.0185524
-0.0167776
-0.00706019
-1.79189
-0.00556537
-0.00705757
-0.00635378
-0.0167325
-1.79686
-0.00787131
-0.00711475
-0.0055526
-1.91977
-0.00582792
-0.00486767
-0.00359673
-0.0012287
-0.00571669
-0.00421543
0.433202
-0.000552282
0.00223768
-0.00107189
0.000683387
-0.434987
0.000584924
-0.451571
0.449123
-0.00066087
-0.00159626
-0.004896
-0.456878
0.455254
0.00209633
-0.000820447
-0.000551262
-0.000328537
-0.457124
0.430788
-0.00244616
-0.000171513
0.00160435
-0.00045435
-0.454568
-0.00218884
-0.458503
0.488115
0.00336908
0.00262791
-0.00233904
-0.00264582
-0.489935
-0.00317845
-0.472665
0.472625
-0.00328945
-0.00015024
-0.28055
0.278578
0.000214506
-0.00421089
0.000261044
-0.559607
0.486039
-0.000712483
-0.00148554
0.000111189
-0.47483
-0.282596
0.438195
0.00182541
0.00436323
-0.00483155
-0.0004665
-0.439775
-0.0038584
-0.460513
0.458924
-0.00286695
-0.00407399
-0.451063
0.448729
0.00256303
-0.00242002
-0.00558268
-0.00346873
0.00340007
-0.457668
0.43592
-0.00513013
-0.00136836
-0.00827909
-0.461958
0.00338835
-0.00168226
-0.452603
-0.00251275
0.00812328
-0.313939
0.188195
-0.0021574
0.00477331
-0.190564
0.186008
-0.00108862
0.00343974
0.332681
0.00495642
-0.00556198
0.00280096
-0.334358
-0.00448422
-0.398029
0.395073
0.00380708
0.00404388
0.330739
-0.00534357
0.00315741
0.0046466
0.00362052
-0.400743
0.181244
0.000581739
0.000733539
-0.182478
0.179845
-0.000824094
0.00224725
0.0114
-1.76047
-0.00584275
-0.00697618
-0.00780814
0.0112673
-1.74071
-0.00681523
-0.00787376
-0.00698355
-1.74043
-0.0106279
0.004812
-0.00174656
0.00708159
-0.00523581
-0.00622014
-0.00393317
0.00125759
-0.00338427
-0.00255842
0.00830884
-0.00647924
-1.72506
-0.00800058
-0.00875702
-0.00651907
0.0149091
0.00143495
-1.70754
-0.0104061
-0.00911125
-0.00814076
-0.00931967
0.00513206
-1.70765
0.0132589
-1.90143
-0.00395729
-0.00317664
-0.00398861
-0.00597017
-0.00685099
-0.00795354
-0.0200229
-1.73914
-1.76917
0.00355784
-0.00678553
-0.00739308
-0.00758352
-0.00769982
0.020626
-0.00988888
-0.0133078
-0.00992445
0.0100204
-1.87251
-0.00475502
-0.00484189
-0.00275685
-0.00463281
-0.00539066
-0.00460701
-0.0203068
0.00121458
-1.70278
0.00434968
-1.73598
-0.00980569
-0.0113979
-0.00965132
0.495891
-0.00702495
0.00126532
0.000329915
0.00882397
-0.498569
0.00731858
-0.300008
0.291875
-0.00216349
-0.479422
0.479541
0.00489793
-0.00343949
0.00926945
-0.00662451
-0.574321
0.492714
0.0009038
0.00790142
-0.310051
0.00841288
-0.480595
0.321755
0.00219469
0.00142764
-0.00177057
-0.323575
-0.000546966
-0.389615
0.393842
-0.00677268
0.00303374
0.320623
0.00284852
-0.00233528
0.00856168
0.00191176
-0.397827
-0.00591601
-1.73793
-0.00662779
-1.86845
-0.00481618
-0.00520278
-0.00575837
-0.000774572
0.000571952
-0.00244862
-1.76107
-0.0115255
-0.0057137
-0.00645356
-0.00653326
0.0113984
-0.00587001
-0.00848854
-0.00811147
-0.00654958
-0.00126509
-0.00959091
-1.70614
-0.00788502
-1.84468
0.00298682
-0.00111929
0.00114646
-0.00608731
-0.0062874
-0.00562933
-0.0100176
-1.72609
-0.00762386
-0.00782077
-0.00644919
-0.00566691
-1.76842
-0.00803236
-0.00729858
-0.00874085
-0.0164151
-1.77447
-0.00747648
-0.00889273
-0.00927613
-1.90158
-0.00495307
-0.00622477
-0.00567527
-0.00450281
-0.0030289
-0.00482748
-0.0203213
-0.018432
0.000288594
-1.73669
-0.00989617
-0.0119474
-0.00958267
-0.013515
-1.74354
-0.00972194
-0.0123396
-0.00947023
-1.87358
-0.00641669
-0.00685187
-0.00480133
-0.00251351
-0.00258056
-0.00148108
0.436536
0.00309013
0.00566339
-0.00205233
-0.00673666
-0.436018
-0.00197225
-0.453324
0.453499
-0.00115045
-0.00302752
-0.00745722
-0.457546
0.458753
-0.00235339
-0.00452521
-0.00329817
-0.000512768
-0.453632
0.436169
-0.00321401
-0.00557368
0.00161965
-0.00228812
-0.453534
-0.00751381
-0.455931
0.494561
0.00563919
0.000234581
-0.00106485
-0.00423963
-0.495137
-0.00566434
-0.475613
0.477029
-0.00419031
0.00135118
-0.294536
0.289578
-0.000571017
-0.00619761
0.00357441
-0.571419
0.493348
-0.000220419
-0.00309581
-0.00014159
-0.476178
-0.300506
0.443555
0.0060334
0.0096738
-0.0136403
-0.00207773
-0.443455
-0.00696287
-0.461987
0.462841
-0.00910523
-0.0088424
-0.455757
0.455132
0.00581295
-0.0039896
-0.0104654
-0.00557921
0.00623185
-0.457308
0.442589
-0.0123498
-0.00259248
-0.0150698
-0.460514
0.00683491
-0.00343143
-0.45501
0.00480945
0.0162263
-0.371547
0.198555
-0.00534445
0.00773922
-0.200524
0.19598
-0.00333792
0.00631784
0.342178
0.00839415
-0.00814207
0.00457006
-0.346129
-0.008519
-0.41166
0.407521
0.00839351
0.00521478
0.338905
-0.00915848
0.00473741
0.00934986
0.00431845
-0.41593
0.189768
0.00444684
-0.000798461
-0.193179
0.186663
0.00107712
0.00224083
-0.00443717
-1.68668
-0.00642906
-0.00906996
-0.00651952
0.0209155
-1.67334
-0.0105792
-0.0126776
-0.0111467
-1.6846
-0.00374669
0.00414616
-0.0152358
-0.0123553
-0.00217891
0.00609028
0.00368828
0.00890609
0.00475564
0.00394541
-0.0274182
0.0128044
-1.6669
-0.00590273
-0.000929324
-0.000874915
0.0291318
0.00127169
-1.65977
-0.0142291
-0.011384
-0.0110319
0.00995154
0.00369521
-1.68925
-0.00582362
-1.82937
-0.00245509
-0.0027785
-0.000104956
-0.000811499
-0.00736474
0.00120845
-0.0107178
-1.67461
-1.7016
0.00343713
-0.0112099
-0.0112823
-0.0118464
0.0336504
-0.00141413
-0.00507522
-0.0143573
-0.0114388
-0.0320703
-1.77976
-0.00225014
0.0127665
0.0119554
-0.000881207
0.00649675
0.00463625
0.012296
0.000704727
-1.6709
0.00373625
-1.67486
-0.00976601
-0.0116261
-0.010212
0.509572
-0.0126934
-0.00261498
-0.00301266
0.0224414
-0.512371
0.0152978
-0.361597
0.341084
-0.000146486
-0.478693
0.481189
0.0129449
-0.011194
0.0194887
-0.0138329
-0.575717
0.505998
-0.000350636
0.0203295
-0.384716
0.0169
-0.47755
0.327907
0.000269779
0.00215132
0.000265745
-0.330286
0.000741815
-0.399633
0.402889
-0.00907289
0.00541902
0.326547
0.00378505
-0.00142429
0.0010829
0.00384869
-0.403896
0.00997784
-1.68374
-0.0115617
-1.82197
-0.00347029
-0.0050426
-0.00229133
-4.92506e-05
0.00440346
-0.000748761
-1.6898
-0.00284227
-0.0061904
-0.00867541
-0.00545635
0.0242803
0.0140434
-0.0123517
-0.0100579
-0.00909181
0.0308934
0.00850392
-1.68871
-0.0218331
-1.82036
0.0110397
0.00739193
0.0071967
-0.00363481
0.00618524
0.00240589
0.00821227
-1.66854
-0.00652468
-0.00117441
-0.00185391
0.013301
-1.70126
-0.0116489
-0.0116943
-0.0129761
0.000527243
-1.70864
-0.012199
-0.00944736
-0.0144867
-1.83009
-0.004473
-0.00607731
-0.00294775
0.00163825
-0.00433562
0.00472535
0.0131138
-0.00071457
0.0405692
-1.67518
-0.0097315
-0.0122906
-0.0101624
0.0288354
-1.68304
-0.00717352
-0.0149569
-0.0127298
-1.78009
-0.00294665
0.00508003
0.00384035
-0.000711658
0.0150826
0.0139379
0.427857
0.00846019
0.0110676
-0.00289481
-0.0199093
-0.423544
-0.00742614
-0.440314
0.445083
-0.0015564
-0.00465064
-0.0115869
-0.441343
0.447769
-0.0112652
-0.00779484
-0.00803165
-0.000732241
-0.433513
0.431027
-0.00364816
-0.017568
0.00033756
-0.0036932
-0.435162
-0.0157947
-0.434428
0.493979
0.00640277
-0.0052573
0.00329006
-0.00660671
-0.491304
-0.00758827
-0.471181
0.474516
3.19941e-05
0.00616944
-0.330569
0.318635
0.00349953
-0.00830578
0.0045122
-0.590195
0.495087
0.00319179
-0.00530694
0.00676908
-0.469841
-0.343853
0.440776
0.0140339
0.0153771
-0.0268194
-0.00453757
-0.438212
-0.0134303
-0.447874
0.453487
-0.0165405
-0.0152885
-0.448117
0.451388
0.010262
-0.0053639
-0.0135996
-0.00454593
0.00509068
-0.444333
0.442122
-0.0249738
-0.00457046
-0.019634
-0.441621
0.0106007
-0.0045432
-0.442758
0.0123268
0.0203789
-0.489653
0.204728
-0.0131619
0.0160867
-0.207286
0.203092
-0.0101694
0.0122007
0.361623
0.00963075
-0.00496693
-0.0016472
-0.363876
-0.0100386
-0.425554
0.424297
0.0132881
-0.00104769
0.356858
-0.00777001
0.00331856
0.0140103
-0.00684211
-0.422215
0.205653
0.0158657
-0.0125709
-0.208734
0.201422
0.0100251
-0.00556743
-0.0652031
-1.68756
0.00740063
0.0095047
0.0121504
0.0434659
-1.68635
-0.0109696
-0.00972208
-0.00955829
-1.74304
0.0352221
0.00356055
-0.0425665
-0.0758012
0.0450687
0.00660044
0.0410052
0.0298836
0.0324377
0.0317899
-0.49376
-0.494111
-0.495331
-0.0929442
0.0823041
0.0212393
0.0197977
0.0232282
0.0935475
0.00355659
-0.0130087
-0.00906018
-0.00942485
0.0887591
0.00362108
-0.0887168
-1.74456
0.021139
0.0167725
0.0331348
0.0264533
0.0109572
0.0359544
0.0635489
-1.7218
-1.69843
0.00207043
-0.00209011
0.00471853
0.00300684
0.188666
-0.0551446
0.00372594
0.0190682
0.00419663
-0.157824
0.0519582
0.0351425
0.0531036
0.0499985
0.0396482
0.0500272
0.130477
0.00122189
0.00199331
0.0139103
0.015898
0.015132
0.511775
-0.00392621
-0.0291766
-0.0134229
0.0377017
-0.501736
0.0116079
-0.462669
0.438739
0.0177019
-0.463185
0.471373
0.0109569
-0.00924161
0.00806754
-0.0017755
-0.519659
0.515593
-0.00955242
0.0363352
-0.475142
0.00686285
-0.456849
0.337759
-0.00692206
-0.00381104
0.0107565
-0.337483
0.00257819
-0.422225
0.420065
0.00175896
-0.00177527
0.336225
0.000695821
0.00372693
0.0010471
-0.00941103
-0.420398
0.0692901
-1.74283
-0.0329474
-1.87321
0.0185211
0.00273593
0.0269458
0.0154895
0.0210181
0.0198942
-1.69017
0.0327482
0.00728154
0.00885624
0.0127905
0.08726
0.083721
-0.0117326
-0.00661618
-0.00799258
0.0972696
0.085542
-0.0492032
0.0325105
0.0346825
0.0358921
0.0468576
0.00711776
0.0424513
-0.495533
-0.494381
-0.4964
0.0775256
0.0215135
0.0191094
0.0226104
0.0913541
-1.69686
-0.00312105
0.00556083
0.00155262
0.0902289
-1.70149
-0.00857121
0.00764282
-0.00655573
-1.74406
0.0199201
0.0142366
0.0318929
0.0276419
0.0118504
0.0380349
0.130494
0.0546357
0.162664
0.014064
0.0168136
0.0154763
0.185826
0.00322406
0.016762
0.0032034
0.0492679
0.0388123
0.0508366
0.0534704
0.0351681
0.0539755
0.397735
0.0133886
0.00410131
0.00369194
-0.0354164
-0.382506
-0.0134773
-0.399313
0.41383
-0.00153743
0.00154605
-0.0104285
-0.405728
0.415864
-0.00923147
0.00853313
-0.00715151
-0.000666739
-0.402334
0.409255
-0.000803978
-0.0335765
-0.0012658
0.00710679
-0.382155
-0.00585129
-0.400357
0.466896
-0.00935376
0.0105322
-0.00138349
-0.0144916
-0.451676
0.00308421
-0.45736
0.463287
0.0129281
0.00164354
-0.386447
0.373873
0.00547072
-0.0167654
0.0139011
-0.602733
0.47858
0.00414718
-0.0105603
0.0210295
-0.454817
-0.392395
0.422097
0.0129383
0.0159965
-0.0396092
0.00158194
-0.412371
-0.0173311
-0.418572
0.426006
-0.00416929
-0.0177144
-0.412788
0.425817
0.012382
0.000396815
-0.00173711
0.0174254
-0.0131619
-0.419732
0.429708
-0.038575
-0.0034277
0.00306336
-0.416294
0.0123261
0.00621083
-0.397299
-0.000619803
0.00496637
-0.574653
2.79492
12.8122
-13.4562
12.3798
-12.8767
-9.72572
0.630528
-1.17471
0.594005
-2.81637
9.7059
-2.82696
1.16756
-1.19102
1.29208
11.0917
0.994533
7.46978
0.910319
8.86679
1.24462
9.85594
-10.9756
-7.47215
9.78967
2.08959
11.5113
9.18765
3.12758
1.52653
8.84656
1.59897
-10.4333
0.43409
10.6097
4.04232
-0.182042
0.615707
10.3987
-4.08639
1.25901
2.00491
-8.21289
-0.231313
8.18989
1.00565
10.632
0.26984
1.08436
7.28518
-7.6051
7.15712
-7.44741
9.53115
1.70862
-2.79557
-1.92107
-9.3939
-1.19591
9.98837
2.51785
-1.21271
10.1041
-2.74845
2.21234
-10.6809
-7.26347
2.85695
9.55796
11.1517
8.94926
-1.98856
10.4041
2.39825
-2.22088
7.12515
8.52815
2.78288
8.63337
9.3798
3.5481
10.2136
-4.0775
1.88226
2.10184
-8.08765
8.12406
-1.57845
-10.0763
10.4182
2.13124
-0.764127
4.02496
1.22743
10.5231
2.46327
0.384926
6.7416
6.85714
0.66608
9.90724
0.548183
-2.48661
0.31089
7.44488
0.772483
8.73674
-10.0518
2.34494
8.99857
1.1984
-0.269225
7.72142
-0.0922151
1.05656
7.72503
0.453718
-9.10926
0.861112
-6.03405
1.22102
1.33486
9.57284
5.93114
1.71355
-9.36981
-7.54266
2.10875
9.33594
1.06219
1.26874
-9.31459
1.61112
7.13775
1.6837
-1.90494
9.23408
0.172474
0.173333
7.09718
1.66351
0.937216
6.87914
6.84613
1.20203
-10.0305
2.20948
1.65094
9.04661
-0.14633
7.73101
-1.57392
9.97553
2.08274
-0.708792
-2.15216
7.848
0.977107
7.81937
9.03269
2.10427
9.66209
5.81879
2.18126
-9.41908
-7.6827
9.66434
-1.3039
-9.67767
1.55573
-1.46576
-5.73919
1.6867
2.66643
1.17012
9.53856
-13.741
2.6556
-7.37098
2.61597
-11.141
4.75112
-12.8251
13.2873
7.22928
-12.3686
5.75497
-12.6853
-10.8521
5.19037
3.28452
-11.0989
3.44293
12.9822
5.34035
-0.147225
4.23773
2.0329
-12.2778
2.09497
4.95416
0.0821438
6.10263
-2.5342
1.70791
14.268
4.05678
-14.9824
3.81424
2.70792
-13.7387
4.52908
11.0643
-0.108021
1.90769
-11.4809
2.32784
4.63535
-14.3083
3.13439
8.61008
-8.84755
8.17123
-8.24332
12.5727
7.01303
6.44702
-11.6076
-12.1342
-10.2969
-3.75498
-11.8598
4.05804
-4.02545
-6.82287
-9.9806
4.41621
-10.4457
-10.8471
6.83838
-11.3541
5.335
2.15708
-6.37185
10.4958
0.632705
-10.9577
6.22926
0.401624
-11.9978
2.21089
5.4238
2.89256
-12.8126
4.95593
10.3506
-0.558628
-10.625
-2.69252
-3.01624
2.91363
-4.87722
11.8937
-12.1194
4.86794
-13.1965
5.11549
0.518248
3.27823
4.04021
0.552539
1.90465
-0.162924
-5.5347
-0.279
0.665817
0.314925
1.32585
-1.82975
7.32556
1.04787
0.370779
-7.25072
0.700351
-0.290074
0.15117
0.417536
-0.327501
-4.36398
0.906441
4.75874
0.819855
4.98309
0.890204
1.12072
5.13877
-7.86508
-4.54173
1.34373
4.96809
7.36139
7.90959
7.36301
-0.863782
8.07041
-1.04409
4.76571
7.49197
7.46168
5.35648
7.49943
0.508646
5.01617
5.37638
0.484477
-2.00588
8.19729
0.614438
0.926806
-7.31436
0.495989
7.46548
-0.272106
2.24738
0.205183
-0.0746401
-8.29347
0.045034
8.59321
0.422719
-0.183365
8.51019
1.32727
0.727649
6.01902
0.834704
-1.06942
-6.75515
6.94104
0.929248
5.91704
0.779781
-14.4514
4.38263
5.42058
2.88766
-12.2653
4.85922
-13.4036
13.6097
-4.70697
-12.3396
5.04048
2.48497
-11.2317
2.14243
4.77846
-11.5
2.97098
2.67751
-10.3548
-9.30362
2.726
9.14621
4.68079
15.146
4.15029
6.4478
-8.03604
-13.4606
6.35585
11.5499
13.1427
6.67568
-14.7499
4.41918
3.88095
11.0805
4.59944
-2.59317
-8.27063
-5.89658
-9.96268
-0.594233
-0.931763
-2.08581
-7.33741
12.3798
-3.66436
4.76061
-11.0232
1.7555
-10.2735
-4.77931
-11.1901
4.56457
-2.66438
3.04766
-9.32832
2.31281
-10.2891
-9.75922
4.29505
2.46577
-8.00289
-6.93375
2.06876
-6.5849
-11.6852
5.60758
10.0706
10.9575
-12.3887
-3.658
5.69885
2.96338
-3.21154
10.0826
2.51632
4.69398
4.41186
0.852075
0.697665
3.57892
-4.53437
3.54815
1.15683
1.3464
-3.24524
-0.757991
-5.93786
-0.184303
0.152627
-3.34125
3.07561
6.28624
-3.1423
0.443796
-5.64374
-6.10066
-0.0732142
-0.238261
-0.0149365
0.529704
0.962678
-7.91531
2.25181
-0.434837
-1.12245
6.55004
-0.980438
7.12101
0.463866
8.05031
-1.02044
0.480254
-2.565
7.1746
-0.884516
6.81196
-1.97194
6.99325
-4.96026
1.24388
3.68063
-1.40016
6.25963
1.07117
4.62285
0.988232
3.50172
6.35734
0.702461
-3.44699
-6.17091
-6.0578
7.061
-0.00465027
-4.57058
0.223852
-0.269354
-7.3157
0.414846
-4.94164
0.767837
1.18478
0.859658
4.45869
-11.2378
-4.85597
1.69481
10.0183
2.28775
-2.25451
3.27608
-4.50918
3.70456
-8.88526
-2.59789
2.30963
7.68048
-1.69966
-1.19348
0.72691
-1.04079
1.20085
3.1248
-9.19749
-6.41728
1.83193
10.2052
3.97155
-8.92145
4.28469
-7.5586
2.83662
2.65883
-7.28904
6.22069
9.11462
3.17919
-7.81784
-5.94279
-7.95689
-9.9667
-2.25928
-5.4435
-6.51804
-2.21533
-8.01758
-7.39258
-6.99513
-5.14107
3.19686
-7.96584
1.15352
-1.86847
6.58898
-1.76706
-6.60717
0.191117
-2.88814
-0.83626
-0.0951141
7.36354
-0.791429
-7.48214
-0.48727
-0.874492
-7.70983
-1.52674
0.190842
1.4016
-5.48146
-4.85181
1.13795
-6.50796
2.00979
-1.80393
5.88231
-6.21971
1.37734
-6.46721
1.52636
3.46184
-1.0747
6.47381
-0.0492196
0.335059
4.23174
-3.37714
-5.95086
4.01216
-0.181382
5.35286
5.78491
-0.721752
-1.2428
-0.216043
-7.04251
2.84225
1.46882
-4.80028
6.16113
-4.29438
0.785148
1.78256
0.371217
0.101224
-1.62094
6.88423
-0.402409
-5.96458
1.09189
-5.97973
0.0729661
1.60669
2.03479
-6.1442
0.390122
-6.96356
0.206978
-5.79348
0.0254485
-6.24736
1.35825
-3.83452
-6.20694
-0.226894
4.18822
5.53366
6.29186
-6.80326
1.06257
4.19751
-0.860909
0.126538
6.71629
0.00402783
4.5838
-0.109993
5.71718
0.433417
-4.24306
-1.11104
-5.84438
0.952474
-4.5029
0.461875
0.0573054
0.147336
4.18494
10.905
-11.036
10.3972
-10.4627
-2.67158
8.86509
-2.58515
3.10071
-9.09819
3.07336
-1.17442
-2.65769
-1.14699
3.60216
-4.13229
-9.65562
-6.58808
8.78891
4.64525
10.0189
2.7183
6.78377
3.22191
8.23257
9.93015
8.14335
5.61817
9.0513
2.9887
8.05876
3.60167
-2.99927
9.52133
-3.8041
3.48907
-9.75854
2.66577
10.1354
3.90093
1.68863
2.04433
-7.71055
1.39525
7.81318
3.1743
9.91291
2.10097
2.0276
6.42534
-6.60965
6.17979
-6.33674
8.50345
3.45622
-2.43138
-4.05257
-8.18896
-0.980307
8.78442
4.44532
-1.05665
9.11517
-2.30507
3.75881
-9.22436
-6.21172
5.04816
8.42991
9.42342
7.79739
-3.19249
8.80547
3.35513
-3.85498
5.95808
7.51268
4.08958
7.7426
8.11073
5.37444
9.16148
-3.56162
3.89394
1.88474
-7.43992
7.54164
-3.61075
-8.85968
9.25925
3.98726
-2.44852
3.3859
2.75213
9.55751
4.2289
-1.45803
6.56432
1.7018
6.69762
-2.57005
-9.5439
2.00831
8.67095
3.01866
9.73955
2.59046
-2.05157
1.32182
7.63545
-0.0530255
7.46954
1.308
8.8358
3.07761
7.57077
1.67219
-3.18713
9.31272
5.43246
3.6892
-9.47276
1.83839
-5.55595
2.01843
-9.05174
-7.46683
3.42834
9.40116
2.11219
2.36031
-8.46789
3.34983
6.53845
1.5543
-4.03232
8.16394
0.235707
0.200064
6.30861
1.52992
1.91806
6.33892
6.13777
2.10558
-9.20611
2.00605
3.41423
8.35862
-0.136254
7.19733
-3.49854
8.9222
3.85606
-2.0114
-2.01936
7.14649
2.33134
7.2659
8.09627
3.75004
8.98454
5.2655
4.14428
-8.74536
-7.19954
9.10983
-2.3636
-8.71464
2.58186
-2.69041
-5.13047
3.00101
4.5358
1.828
8.91019
-6.9124
10.3089
6.18823
-9.17395
6.77999
-11.0627
4.17903
-6.54008
4.52068
-9.20173
-10.3442
-8.66498
7.23491
-9.97805
4.16173
-8.65416
4.45855
-5.23942
-8.7801
1.98466
4.98073
9.616
5.77265
0.714348
2.18031
0.479608
5.41893
-4.99295
2.85677
-9.81936
4.70388
-3.03255
2.83084
10.8024
4.57605
-10.8585
8.42379
-0.95271
1.44351
-8.44557
2.61352
4.09791
-9.83862
2.96142
6.5752
-6.4129
6.00501
-5.87176
9.54419
5.69977
6.52163
-8.43258
-9.64446
-8.15879
-4.07092
-8.92089
3.9689
-4.31412
-5.30706
-7.86024
4.12642
-8.10451
-7.95239
6.21914
-7.92173
4.71681
1.74692
-5.08164
7.23348
0.584018
-7.35943
4.59828
0.456535
-8.06245
1.60631
4.44824
2.71697
-9.04336
4.30201
7.8959
-1.12903
-7.86713
-2.26046
-2.67376
1.7788
-3.45594
8.53662
-8.49788
2.61522
-9.11031
3.80283
-0.492101
5.27574
0.505379
5.33825
-0.772948
-2.35228
7.86615
1.58511
0.804918
2.33286
0.137465
-7.99485
0.52971
0.365476
-6.85539
0.911197
-0.35589
1.54415
0.0943572
0.454129
0.576087
-0.768185
6.84672
0.772458
-6.88311
0.896072
7.27006
0.886231
7.29849
-7.54532
-4.6812
1.5206
5.19283
6.89763
7.64739
6.65712
-1.08094
7.42059
-1.2054
4.66155
6.53486
6.60531
5.13756
6.78938
0.549009
5.14596
5.07957
0.605415
-2.4538
7.60362
0.891574
1.65814
-6.48154
1.09742
6.73587
-0.13027
2.49369
0.179121
-0.652733
-7.48975
0.633901
7.92985
0.755907
0.581999
8.03464
1.68172
0.999678
6.72625
0.843191
-0.97382
-6.65625
7.15003
1.10777
7.21094
0.944392
-3.63951
8.98377
-2.32617
-7.74038
2.89724
-9.93416
4.08569
2.52646
1.6209
-8.24322
0.884964
-7.91104
0.955357
-8.58778
3.45499
-7.59686
0.818771
-1.74282
-5.50947
1.49751
-6.06191
-3.80655
-4.45276
-7.94143
2.93624
4.95475
2.03725
8.80417
1.95529
7.00884
7.43766
1.71066
-8.13201
1.15728
1.43911
7.19227
2.6096
-1.44357
-5.22412
-4.10343
-6.48403
-0.111595
-0.471245
-0.914887
-4.66883
8.30075
-1.65486
1.89754
-7.092
0.433983
-7.33477
-2.59134
-7.59909
1.48623
0.0845558
0.996782
-6.47013
-0.811599
-7.04343
-6.35354
0.725234
1.09051
-4.82146
-4.09437
0.509991
-3.6331
-7.11667
1.76937
6.50154
6.46064
-7.58852
-0.204723
2.95281
-0.504086
-0.765605
6.22609
0.113369
0.486501
-0.869742
-6.8593
5.38958
0.837498
6.77225
0.964642
5.22476
0.942413
-0.905399
4.66879
7.89847
-5.43906
1.02338
-4.73389
0.306125
-7.79728
0.498772
-6.83936
-7.77379
0.896503
-5.50174
0.339058
0.618284
-0.547991
0.499153
-7.77889
1.90852
0.73451
-1.34103
7.09305
-0.452609
6.62622
-0.627091
7.7036
-0.246134
0.20458
-1.79581
6.66577
-0.306626
6.75662
-1.27261
7.03429
-6.79481
0.937264
5.3536
-1.04766
6.73852
1.21168
5.31216
1.09364
4.49537
7.7483
1.1942
-5.29141
-6.64018
-7.61941
8.27053
-0.419053
-4.40743
0.528274
-0.753761
-7.66483
0.900447
-5.21614
1.41548
0.565725
0.668267
1.12725
-7.08773
0.13485
2.75634
-7.12775
-1.8569
-0.0591037
-2.75739
-0.916742
7.13203
-0.416995
-0.991026
6.17685
-1.35728
-1.26792
-1.62571
-0.900061
-1.11468
-0.161017
-0.835946
-4.21936
0.456735
-4.3541
-1.12759
-5.63181
0.680374
5.56934
1.05886
-6.2345
0.766113
-6.45227
4.33595
6.43094
0.257935
-6.07325
-4.47503
-5.42699
-6.61638
0.403805
-4.16229
-5.6774
-0.209782
-6.44799
-5.68118
-6.15424
-4.40649
2.47056
-6.96835
0.052337
-1.68524
5.87399
-1.15845
-6.25273
0.843718
-2.27307
-0.842911
-0.0138188
6.98136
-0.762076
-7.29333
0.122545
-0.928816
-7.36539
-1.52202
0.127527
0.196404
-4.21396
-4.30924
0.0989176
-5.65587
0.43061
-0.594138
5.72686
-6.4203
0.523846
-6.41291
0.31819
0.0159286
-4.49665
-7.14121
4.8566
0.160418
4.35365
-0.613067
7.05015
0.0440881
6.38674
7.25082
0.128744
4.72645
-0.389814
0.131313
-0.41842
6.20779
-4.86696
0.357155
-6.00845
0.808111
-4.7465
0.654749
-0.138235
0.132729
-2.13318
7.0251
0.0651303
-6.425
1.38156
-6.01632
0.705085
0.903677
2.19783
-6.07325
0.0018814
-6.93702
0.331202
-6.1496
0.208775
-6.34049
1.45405
-4.44053
-6.98904
0.351623
4.83677
6.1597
7.12823
-8.16093
0.191598
4.43932
0.0113171
-0.259731
6.90176
0.392646
4.8072
0.555962
6.1301
0.388137
-4.77576
-0.585598
-6.10625
0.604545
-4.73092
0.468931
0.189096
0.263098
4.2158
8.76291
-8.68062
8.29597
-8.04149
-3.9116
7.34031
-1.84908
3.96944
-7.7467
4.67326
-0.792551
-2.04463
-0.655226
4.78983
-5.48103
-7.87835
-5.0244
7.35473
5.4654
8.33962
3.38471
5.39333
4.09889
7.24767
7.84468
6.85015
5.94465
7.72008
3.35916
6.98922
4.08599
-4.37975
8.10055
-2.63153
4.41675
-8.45504
4.19495
8.83927
2.92815
2.87984
1.12444
-6.85278
2.50239
6.9917
4.28353
8.48137
2.9683
2.15601
5.11303
-4.9993
4.66752
-4.48087
6.76767
3.80918
-1.4926
-4.66236
-6.1809
-0.226861
6.6916
4.35341
-0.396434
7.28874
-1.21103
3.49568
-7.27432
-4.25638
5.1395
6.86028
7.04809
6.5262
-3.13493
6.62454
2.8067
-3.71844
3.69749
6.26578
3.33381
6.66223
6.34715
4.63206
7.60261
-2.00247
4.18544
0.619554
-6.51634
6.60161
-4.12233
-7.10285
7.49313
3.74649
-2.70392
1.56694
2.38263
7.9832
3.77428
-2.23902
5.6119
2.32495
5.86469
-3.95937
-8.17023
2.17754
7.40244
4.05701
8.51546
4.06348
-2.11455
2.51354
6.80306
-0.637729
6.69486
2.31059
7.71962
4.14667
6.70713
2.6528
-4.81124
8.00922
4.82751
4.98048
-8.33262
2.74397
-4.97421
3.20183
-7.89349
-6.61259
4.71774
8.32012
2.85469
3.3585
-6.81511
4.00216
5.29853
1.52632
-4.72777
6.298
0.621278
0.546665
4.92978
1.49354
2.33608
5.2909
4.97737
2.29508
-7.7043
2.31258
3.97206
6.97924
-0.949538
6.34566
-4.00977
7.26032
3.68038
-2.53981
-2.39172
6.23094
2.34581
6.34651
6.59637
3.73633
7.58382
4.65422
4.98226
-7.54217
-6.3106
7.99518
-2.88948
-7.20533
2.87433
-3.33433
-4.49397
3.24754
4.85682
2.51595
7.89952
-5.84853
7.81665
4.82766
-6.91432
5.29215
-8.38723
3.86392
-4.99274
3.76153
-7.25461
-7.99642
-6.75281
6.60576
-7.48984
3.67854
-6.58503
3.22546
-4.14736
-6.11708
1.49835
3.70675
6.64339
3.96839
0.648558
1.51233
0.766609
3.12159
-3.14764
2.64952
-7.15975
2.2533
-2.60592
1.06783
7.92954
1.5607
-7.6661
6.06237
-1.58578
-1.56976
-5.79596
0.229176
0.312776
-6.73103
2.31523
4.87753
-4.6148
4.528
-4.04972
7.0813
4.6065
4.46195
-6.00607
-7.43258
-5.94226
-3.32469
-6.12764
2.72939
-2.54981
-4.41837
-4.29778
1.6363
-5.50688
-4.8839
3.30284
-5.47158
2.99121
1.56717
-1.97769
4.63376
0.998784
-4.1534
0.504212
0.895767
-5.2201
1.63689
1.94033
2.62336
-5.95269
1.16471
4.93732
-1.67617
-4.83979
0.596868
-2.56195
-1.38264
0.884245
4.61841
-4.42849
-1.71513
-5.52844
0.003436
-0.705196
4.9085
0.817625
4.96749
-1.19641
-2.69054
7.17567
1.79477
1.41654
2.65829
0.326911
-7.27675
0.958647
0.76823
-6.12168
1.47566
-0.0926566
1.77521
0.473826
0.807018
1.19823
-1.13705
6.48169
1.3608
-6.54909
1.36573
7.05714
1.67295
6.98424
-6.89789
-4.60909
2.4244
4.92312
6.30442
7.04556
6.00259
-1.59557
6.7258
-1.87439
4.53693
5.95094
6.01846
4.82469
6.16525
0.959277
4.78245
4.68274
1.10926
-2.75456
6.96762
1.69946
1.82447
-5.91881
1.62236
6.08075
-0.684696
2.73584
0.908727
-1.50806
-6.82205
0.880277
7.22955
1.84412
0.878287
7.3942
1.80416
1.9954
6.33384
1.64063
-2.05009
-6.20397
6.68377
2.44088
6.83457
1.93453
0.35211
5.80132
-0.717917
-4.9302
-1.12261
-6.65114
0.259574
0.771415
-1.37156
-5.7969
-0.353206
-5.41538
-1.93406
-5.50282
-0.90122
-5.3784
-1.76482
0.0268
-3.30557
-0.358237
-3.52517
0.498563
-2.52665
-5.15067
-1.06785
2.5735
-0.979658
5.48652
-0.322975
5.19922
4.91447
-0.9855
-6.41287
-1.28624
-0.56633
4.26649
-0.808861
-0.414257
-3.17336
-0.0496084
-3.45386
0.370529
0.286773
-0.32243
-2.8347
4.96722
-0.558351
-1.51452
-4.44336
-0.477713
-4.71215
1.65658
-4.27726
-1.93495
1.93072
0.481677
-4.49154
-1.89956
-4.83198
-4.04011
-1.60958
-0.524516
-3.01565
-2.79394
-0.573923
-2.38882
-4.80033
-1.34327
4.79503
4.69914
-6.11512
1.44085
2.27324
-1.42775
0.674703
4.52135
-0.677668
-1.38592
-1.35742
-6.58317
5.1871
1.65949
6.65612
1.50985
5.24717
1.86608
-1.75699
4.08978
7.37935
-5.01219
2.13631
-4.19289
0.758514
-7.50218
1.10828
-6.20726
-7.17089
2.12553
-5.09505
1.02604
1.33413
-0.829531
1.01217
-7.21041
1.25852
1.76233
-1.02043
6.60495
0.172953
5.9309
-1.57375
7.03411
0.035605
-0.485882
-1.20026
5.93414
0.0271076
6.05961
-0.987289
6.43341
-6.44273
2.01386
5.0766
-2.28691
6.29316
2.71764
4.95548
2.37065
3.9171
7.16823
2.57703
-4.8796
-5.98146
-6.92209
7.48743
-1.37779
-3.80512
1.74286
-1.58983
-6.97429
1.84416
-4.76155
3.02106
1.21964
1.42588
-0.0687301
-6.05979
-0.187007
1.83395
-6.68356
-1.20452
0.251564
-1.9965
-0.812539
6.73316
0.220423
-0.649417
5.30165
-0.664831
-0.959399
-1.32698
-0.778775
-0.563591
0.316671
-0.10251
-4.14438
0.174392
-4.16864
-0.305381
-5.42244
0.370796
5.49155
0.540568
-6.1611
0.607705
-6.05567
3.58549
5.91912
0.433427
-5.73281
-3.90708
-4.77835
-5.86105
0.412043
-3.56498
-4.75497
-0.242497
-5.81918
-4.86573
-5.63719
-3.86923
1.57024
-6.37435
0.34033
-1.0209
4.86346
-0.467645
-5.10247
0.677397
-1.47342
-0.55967
-0.447051
6.26516
-0.322519
-6.43854
0.574862
-0.4179
-6.55652
-0.938655
0.431044
0.307183
-4.04005
-4.03129
0.472108
-5.22782
0.53014
-0.756878
5.17661
-5.6847
0.940668
-5.79799
0.730699
-0.79804
-4.23822
-6.5106
4.54389
1.05307
4.2972
0.247392
6.66131
0.553219
5.62432
6.66984
1.29194
4.64373
0.50551
0.718991
-0.588028
5.75935
-4.45406
0.714252
-5.87468
0.682639
-4.55328
0.776024
-0.350512
0.439785
-2.16473
6.18378
0.802844
-5.66763
1.41596
-4.94647
0.996818
0.198644
2.14681
-5.05765
-0.577757
-6.05344
0.460506
-5.15119
0.441521
-5.52798
1.39032
-4.09418
-6.24896
1.35395
4.37439
5.29497
6.43673
-7.2541
-0.810538
4.01393
1.12782
-0.912669
6.07634
1.10567
4.25985
1.65389
5.5195
0.882448
-4.26497
-0.927244
-5.39061
1.08471
-4.15547
1.04111
0.550876
0.658171
1.8815
5.20991
-4.3008
3.90406
-2.8621
-2.96453
4.63962
-0.493826
2.27007
-5.4319
3.80694
0.0230155
-0.817651
0.222205
3.03621
-3.75115
-4.75667
-1.95791
4.77657
2.69159
5.7282
2.21883
2.72345
2.46553
5.60441
4.06253
4.59062
2.52193
5.5959
1.53263
4.92526
1.60888
-3.10345
5.49622
-0.32797
2.22447
-6.35565
3.09485
6.7781
0.903762
1.69943
-0.705665
-5.00841
0.836606
5.22961
2.20795
5.91393
0.952719
0.676825
2.70156
-2.19995
2.11084
-1.66138
3.71686
1.43205
-0.169795
-2.02656
-2.91551
0.484448
3.47032
0.983166
0.400821
4.31162
0.0100715
0.60934
-3.61509
-1.1733
1.5276
3.75976
2.88078
3.61307
-0.804549
2.74283
0.148223
-0.676393
0.786166
3.29862
-0.176518
3.93529
2.94743
0.446882
4.40185
0.17983
1.23444
-0.956853
-4.02429
4.24446
-1.21848
-3.50531
3.8946
0.364068
-0.292426
-0.328604
-0.300936
4.81823
0.352785
-2.19169
4.26988
2.00353
4.60313
-3.29548
-5.86391
2.54664
5.45503
2.6464
6.62738
3.09793
-2.46831
1.93607
5.72636
-1.70922
5.18879
0.8269
6.06533
2.29066
5.27654
1.38302
-4.55794
6.14471
4.13424
4.05911
-6.69258
2.78489
-4.27793
3.01757
-6.3768
-5.27087
4.40139
6.74912
2.5839
2.61212
-4.3058
2.48959
3.52844
1.41694
-2.48301
3.57058
0.933047
0.896455
3.00339
1.36719
1.68948
3.84258
3.43073
1.2732
-4.87418
2.38399
1.84816
4.65616
-1.73709
4.27371
-1.36513
4.0088
0.537266
-0.824706
-2.22096
3.86332
0.247557
4.46394
3.92709
1.06628
5.41785
3.7638
3.35518
-5.74325
-4.62534
6.14585
-2.25308
-4.72531
1.83976
-2.11193
-3.44815
1.52804
2.5465
2.64115
6.3378
-1.88942
3.50316
3.30685
-2.17222
0.268773
-4.92445
1.93717
-3.88192
0.593688
-2.86894
-4.51862
-2.32486
2.16778
-3.47467
0.919006
-1.74758
-0.532416
-0.525727
-2.23628
1.40609
-0.711655
3.38524
-0.896978
1.0075
1.61107
0.793929
-1.42525
0.994771
1.97526
-2.25987
-1.47521
-2.31808
-1.85504
3.17297
-1.95785
-3.4511
2.10922
-1.3576
-1.9898
-2.96585
-1.9193
-1.74144
-3.04152
-0.433319
1.85605
-1.27146
1.68097
-1.57691
1.99604
2.35557
-0.737155
-1.49021
-2.92552
-1.32495
0.0125268
-1.9025
-0.457912
1.0464
-1.99734
-1.76893
-1.17445
-1.28823
-1.92838
-1.0313
-1.91585
-1.03761
0.965984
1.32586
2.29714
0.372893
-2.75054
-1.24312
0.496926
-2.50976
0.677648
-0.994033
1.51872
-2.16069
-1.36095
1.96619
-1.005
-2.72373
1.59337
-1.21995
-1.45512
1.42458
2.58641
-3.15449
-1.29163
-2.98669
-1.23939
-1.22796
4.25311
1.32531
4.46395
-2.24912
-2.46175
6.23121
1.61273
2.47297
2.60055
1.13207
-6.50567
2.16299
0.835702
-5.41486
1.46503
0.978128
1.71468
1.34189
0.776881
2.44986
-2.18443
5.65157
2.39798
-5.92452
2.79398
6.40848
3.09642
6.11907
-5.61765
-3.59139
3.13887
3.9781
5.20341
5.59027
4.95225
-1.86713
5.10932
-2.24077
3.25229
4.69798
5.01133
3.6283
4.80326
1.35593
3.94721
3.64165
1.34214
-2.11697
5.80478
2.57342
1.4167
-4.9815
1.19486
5.1264
-1.43823
1.87834
1.50609
-2.61285
-5.40944
0.541093
5.80332
2.70617
0.638555
6.19476
1.25535
2.59511
5.26062
2.50018
-3.26995
-4.87429
5.33096
3.34993
5.72253
2.52107
1.47173
3.423
-0.521392
-3.49546
-1.27883
-3.68071
-1.81523
0.467387
-1.73156
-4.03319
-0.343654
-3.38612
-1.7484
-3.68138
-1.55628
-3.85234
-1.54342
0.540667
-2.54204
-0.481285
-2.62423
1.26995
-2.14751
-4.06843
-1.09824
2.19517
-1.30791
4.23141
-0.602571
4.05571
4.17873
-0.773729
-5.44712
-1.13147
-0.49847
2.75917
-0.877933
-0.463606
-2.408
1.2023
-2.82639
-0.0312853
0.0538397
-0.516889
-2.39948
3.31869
-0.622579
-1.09651
-3.35791
-0.156851
-3.11525
1.31755
-3.34156
-1.18253
1.32894
0.69452
-3.50411
-1.18469
-3.56006
-3.31148
-0.961086
-0.410561
-2.48668
-2.46598
-0.350593
-2.13884
-3.91315
-0.901125
3.79386
4.04103
-5.16999
0.907064
2.13444
-0.713118
0.374873
3.83182
-0.259372
-0.725944
-2.6954
-5.77908
4.5573
2.97419
6.04212
3.10599
4.75724
3.44094
-3.43766
3.54439
6.40831
-4.40501
3.80096
-3.66321
2.10348
-6.6833
2.0834
-5.34498
-6.20144
3.88217
-4.5826
2.45215
2.2917
-1.61476
1.77639
-6.03463
1.21909
3.0046
-0.942394
5.5281
-0.0396469
4.96851
-2.80199
5.66016
-0.143704
-1.77379
-1.20751
4.85691
-0.0916173
5.04955
-0.921527
5.1959
-5.41776
3.16447
4.28428
-3.65132
5.06849
3.77236
4.02593
3.2917
3.39381
6.05078
4.07615
-4.17396
-5.03081
-5.89063
6.37299
-2.71829
-3.22682
2.95973
-2.45405
-5.71908
2.58232
-3.94887
4.29495
1.89438
1.97724
0.0427707
-5.3046
-0.568815
1.29643
-5.75783
-0.852716
0.711929
-1.31258
-0.371469
5.94263
0.743894
-0.183635
4.39069
-0.172734
-0.189342
-0.848294
-0.180923
-0.119648
0.913881
-0.63484
-4.00428
0.738115
-4.0036
-0.965367
-5.07509
1.17403
5.0951
1.17489
-5.51486
1.41491
-5.43829
3.25265
5.22443
1.1456
-4.86601
-3.83546
-4.16469
-5.11049
-0.321708
-3.15597
-4.13163
-0.54898
-5.10017
-4.14754
-4.72808
-3.74054
1.26032
-5.43892
0.909803
-0.900215
4.14532
-0.144092
-4.36131
-0.0595198
-1.28001
0.307311
-1.11656
5.27123
-0.157216
-5.51152
1.32829
-0.0962616
-5.69768
-0.969141
1.1272
0.78216
-3.88083
-3.75774
0.798307
-4.95098
1.33458
-1.64531
4.83721
-5.17792
1.81949
-5.28384
1.43623
-1.97867
-3.78509
-5.65091
3.99168
2.27923
3.87571
1.46219
5.83349
1.30606
4.74816
5.83449
2.86762
4.10193
1.7783
1.49501
-1.22273
5.08726
-3.88678
1.39369
-5.19294
1.28508
-3.98787
1.49327
-0.777157
0.887911
-2.0674
5.39489
1.76035
-4.9227
1.35796
-4.23776
1.1159
-0.928328
2.01616
-4.30278
-1.40179
-5.22661
0.596818
-4.40081
0.593914
-4.76457
1.34146
-3.61713
-5.41132
2.55451
3.82734
4.53975
5.57656
-6.21424
-2.06301
3.50542
2.3206
-1.66342
5.21224
1.81086
3.71038
2.79587
4.91083
1.56111
-3.7289
-1.71052
-4.78797
1.91189
-3.61536
1.72416
0.987334
1.07844
-0.540399
2.92727
-2.73548
2.94535
-2.85918
-0.036936
2.37147
-0.186521
-0.351317
-2.51529
0.219352
0.355459
-0.0720298
0.222286
-0.29451
0.255232
-2.47287
-1.13078
2.49337
-0.73697
2.52205
-0.236294
0.976455
-0.651247
2.89026
2.2228
2.54282
-1.03159
2.62528
-0.486396
2.74055
-1.00739
0.223355
2.86693
-0.136189
-0.64342
-3.06343
-0.205924
3.34379
-0.0690021
-0.669695
-0.437464
-2.81877
-1.0243
2.9646
-0.627896
3.07691
-1.01893
-0.372037
1.82509
-1.71276
1.81476
-1.73968
2.37726
-0.574664
-0.325365
0.582945
-2.3499
0.0179545
2.53211
-0.781044
0.081558
2.58604
-0.380568
-0.72595
-2.54664
-1.36455
-1.01239
2.47984
2.41139
2.44045
0.620712
2.54823
-0.699156
1.19391
1.4495
2.53337
-1.31436
2.58489
2.43574
-1.18471
2.78879
-0.371951
-0.90105
-0.197706
-2.63989
2.76302
0.894714
-2.70709
2.83555
-1.08559
1.2314
0.471746
-1.39618
2.94279
-1.07669
-0.859797
2.58051
0.495554
2.95401
-0.451048
-3.04846
1.64681
2.93683
-0.059344
3.39103
-0.0502304
-1.85502
-0.177468
3.29645
-1.12572
2.89643
-0.937024
3.32787
-0.493229
2.96297
-0.565581
-1.80768
3.54795
2.64268
1.13474
-4.05271
1.44749
-2.96757
1.0329
-3.9087
-3.03027
2.27506
4.0188
1.09227
0.559348
-2.46202
-0.0274741
2.012
0.856756
0.384025
2.35812
0.42086
0.49704
1.87397
0.765455
0.227651
2.28214
2.08485
0.018805
-2.83576
1.39963
-0.41591
2.65686
-0.892568
2.65568
0.777666
2.6962
-0.987438
0.830789
-1.26869
2.45639
-1.04932
2.6761
2.46573
-0.679884
3.15573
2.32122
0.60154
-3.4401
-2.73794
3.65256
-0.810898
-2.88403
0.541463
-0.187664
-2.14005
-0.160909
0.138064
1.65971
3.87437
1.13228
2.65951
1.80493
-2.52816
-1.14752
-2.34913
-0.555076
-1.82228
-1.23463
-2.09272
-2.70812
-2.16068
-1.09995
-2.28366
-0.60133
-2.32119
-1.26778
0.942945
-2.58158
0.539687
-0.862013
2.43502
-1.13766
0.268151
0.577878
0.222294
-1.02217
1.18403
0.9272
-2.96822
-1.1307
-1.02137
-1.39613
2.7782
-1.19628
-3.19557
2.54233
-0.479688
-1.36563
-2.86195
-1.37087
-1.1206
-3.29589
-0.418704
1.98104
-2.04399
2.05813
-2.12974
2.77403
1.77031
-1.07745
-2.62648
-2.75895
-2.29249
0.58422
-2.90262
-0.551318
1.23263
-1.77749
-2.48306
-1.1838
-2.40821
-2.71256
-0.980512
-2.64096
-0.759142
0.492597
0.916787
2.71966
0.115799
-2.97646
-0.783045
0.153843
-2.89956
0.477573
-0.645576
0.808452
-3.02329
-1.0527
2.55875
-0.337757
-2.81124
1.31945
-0.76362
-1.26568
1.03397
3.09268
-3.33184
-0.935918
-3.28309
-0.960933
-1.24288
2.95734
1.08812
3.28994
-2.51096
-1.3369
4.48594
0.87001
2.36575
1.54127
1.51218
-4.91794
2.70145
0.396696
-3.92776
0.674987
1.37305
1.03619
1.51102
0.300556
2.64385
-2.41094
4.04981
2.19587
-4.43644
3.29134
4.89197
3.17307
4.47632
-3.49241
-2.19775
2.39444
2.52401
3.38315
3.36991
3.17546
-1.36749
3.25313
-1.7423
2.16341
3.08778
3.33766
2.40088
3.11761
0.980263
2.6321
2.42505
0.959183
-1.30723
4.00308
2.18495
0.868956
-3.45898
0.653764
3.75118
-1.43231
1.37056
1.32536
-2.49397
-3.66812
0.32837
4.12728
2.37496
0.276523
4.52374
0.932189
2.07341
3.71247
1.97654
-2.8979
-3.45754
3.91163
2.76526
4.25809
1.87618
0.822374
3.32358
-0.837808
-3.19481
-0.708208
-3.29588
-1.06111
0.787133
-1.02533
-3.30966
0.199871
-3.01333
-1.16379
-3.21388
-0.969623
-3.30462
-0.909248
0.287655
-2.39846
-0.235164
-2.4114
0.554996
-2.10999
-3.65165
-0.415092
2.11424
-0.512474
3.70636
-0.14782
3.46272
3.74761
0.145396
-4.66813
-0.350183
-0.0572611
2.83264
-0.507937
-0.633676
-2.29283
0.788174
-2.85186
-0.206197
-0.180966
-0.646657
-2.28532
3.26499
-0.91096
-0.593489
-3.10442
0.307029
-2.91002
0.862979
-3.2767
-0.768414
0.778932
0.940537
-3.14496
-0.680264
-3.15303
-3.08781
-0.494601
-0.182091
-2.34412
-2.33402
-0.136408
-2.07333
-3.52577
-0.278507
3.30589
3.61098
-4.46819
0.193258
2.06694
-0.074748
-0.0233042
3.47741
0.0893377
-0.160646
-3.33288
-4.36108
3.49817
3.3057
4.6747
3.76945
3.73088
3.62757
-4.42718
2.95957
5.04346
-3.50333
4.48233
-3.05248
3.1259
-5.35247
2.67025
-4.28735
-5.00482
4.76624
-3.69538
3.23787
2.71809
-2.0173
2.01911
-4.5431
1.26026
3.27468
-0.917582
4.22662
-0.357159
3.8279
-2.92279
4.18981
-0.326871
-2.24948
-1.29916
3.74021
-0.307726
4.00047
-0.94651
3.93671
-4.07425
3.19728
3.27123
-3.50741
3.83981
3.24168
3.08201
3.00542
2.8887
4.735
4.42377
-3.32878
-4.01878
-4.76096
5.15377
-3.23337
-2.83783
3.17152
-2.7
-4.46007
2.61571
-3.19083
4.2522
1.96819
1.85788
0.57367
-4.57756
-1.34502
1.21892
-4.87737
-0.920359
1.54132
-1.25149
0.548273
5.0249
1.54408
-0.218514
3.89544
-0.244256
0.775569
-0.961669
0.776127
-0.241311
1.7455
-0.827621
-3.42663
0.870148
-3.5661
-1.51991
-4.44148
1.60785
4.61891
1.94637
-4.97469
2.05627
-4.80237
2.7384
4.47445
1.87547
-4.16583
-3.20222
-3.63775
-4.37031
-1.10057
-2.6339
-3.61931
-0.981718
-4.31948
-3.66417
-4.02734
-3.06381
1.19994
-4.65405
1.69672
-0.879322
3.69779
-0.294056
-3.9088
-0.963915
-1.17646
1.12564
-1.90637
4.49583
-0.250623
-4.69689
2.03494
-0.253238
-4.86675
-0.841266
1.82097
0.9105
-3.24855
-3.11181
0.951217
-4.21216
1.68719
-2.14772
4.03174
-4.37658
2.23497
-4.56524
1.76136
-2.97138
-3.18246
-4.78255
3.41807
3.10677
3.3048
2.5002
4.97568
1.91237
4.0523
4.86448
3.85846
3.53999
2.65152
1.98992
-1.85468
4.45257
-3.35324
1.95847
-4.60144
2.06738
-3.46322
2.19179
-1.14622
1.20102
-1.64417
4.63743
2.40155
-4.22411
1.11246
-3.82563
0.809703
-1.73524
1.55886
-3.8085
-2.13185
-4.47417
0.394695
-3.92201
0.421078
-4.06728
1.05573
-2.984
-4.57365
3.18325
3.24728
3.93173
4.6145
-5.15992
-2.71577
2.85739
2.77788
-2.02323
4.38898
2.03679
3.11436
3.23469
4.2446
2.02504
-3.20817
-2.27991
-4.07425
2.36176
-3.08469
2.08148
1.23207
1.25601
-0.607062
3.04441
-3.07529
2.9855
-3.03711
0.800842
2.30709
-0.470251
-0.839015
-2.33924
-0.88705
-0.0482109
-0.443914
-0.0789025
-0.947967
1.25967
-2.55258
-1.58455
2.37462
-1.2811
2.56986
-0.72672
1.55088
-1.34781
2.41715
2.55307
2.35807
-1.40053
2.41549
-0.725575
2.38212
-1.3513
1.16718
2.58581
-0.637435
-1.2109
-2.6518
-1.19121
2.75163
0.587037
-1.47538
0.102039
-2.33294
-1.54125
2.37662
-1.25139
2.66939
-1.51841
-0.480915
1.77667
-1.78471
1.74054
-1.76114
2.27362
-0.839741
-0.49713
0.963154
-2.22296
-0.12456
2.33158
-0.952924
-0.109665
2.39654
-0.506675
-0.818923
-2.52975
-1.61515
-1.25585
2.33171
2.55518
2.27167
0.700582
2.4837
-0.659857
1.30922
1.6138
2.22267
-1.25222
2.26922
2.27497
-1.20127
2.52038
-0.689236
-1.20938
0.164695
-2.20865
2.24104
1.26396
-2.44224
2.48983
-1.24722
1.51112
0.709137
-1.47605
2.58582
-1.17802
0.129005
1.84901
-0.238773
1.94469
0.859233
-2.49622
1.03677
2.23437
-1.00065
2.58722
-1.11573
-1.11774
-1.19236
2.30718
-0.564856
2.21824
-1.51743
2.33357
-1.20439
2.16514
-1.31777
0.236908
2.52235
1.88324
-0.555093
-2.67282
0.290256
-1.98975
-0.442935
-2.7508
-2.15769
0.504828
2.91252
0.0561991
-0.699959
-2.17103
-0.691735
1.68174
0.579129
0.917338
2.09825
0.246099
0.270152
1.61002
0.542337
-0.323835
1.76544
1.67159
-0.388078
-2.39333
0.947313
-1.10246
2.12883
-0.498807
2.08298
1.24982
2.28353
-1.26135
1.39918
-0.884181
1.86045
-1.44833
2.04216
2.00269
-1.16771
2.39497
1.77218
-0.828569
-2.61362
-2.07181
2.85927
0.168942
-2.21387
-0.386192
0.942098
-1.68085
-1.16393
-1.05522
0.806628
3.07805
0.858715
2.94865
1.75699
-2.71914
-0.741415
-2.91038
-0.50191
-1.7596
-1.10104
-2.49012
-2.89534
-2.46256
-1.07406
-2.70732
-0.44817
-2.50412
-1.02128
0.516946
-2.77086
0.481828
-0.390271
2.73739
-0.650213
0.0685224
0.457047
0.0485516
-0.488168
0.845688
0.696765
-3.05414
-0.725877
-0.700087
-1.17651
3.06272
-0.825862
-3.275
2.57924
-0.115728
-1.0191
-2.78352
-1.08563
-0.704399
-3.25228
-0.154192
2.0746
-2.13439
2.05854
-2.11488
2.90397
1.71272
-0.61655
-2.66831
-2.8396
-2.43708
0.38514
-2.88574
-0.322725
0.92349
-1.69132
-2.43435
-0.83391
-2.46197
-2.64017
-0.499362
-2.74202
-0.264848
0.479387
0.310165
2.72202
0.0340114
-2.92929
-0.142882
0.0188919
-2.94478
0.492318
-0.15393
0.645108
-2.96609
-0.59805
2.48889
-0.0466899
-2.6577
0.982468
-0.645833
-0.885686
0.569974
2.91819
-3.05814
-0.429322
-3.13265
-0.479474
-0.944002
2.11463
0.919904
2.28382
-2.00864
-1.06327
3.14963
0.71791
1.98045
1.25579
1.16514
-3.40211
2.29677
0.234273
-2.74655
0.434156
1.10853
0.85805
1.08049
0.115634
2.29691
-1.7926
2.91494
1.70397
-3.22194
2.51118
3.7037
2.25412
3.27789
-2.78781
-1.67994
2.03636
1.92914
2.63425
2.67054
2.48794
-1.02525
2.64983
-1.11029
1.62125
2.42011
2.55596
1.85144
2.53663
0.893039
1.95385
1.85757
0.880648
-0.950514
2.95084
1.94779
0.65688
-2.49513
0.427777
2.5869
-1.01745
0.982601
0.929311
-2.28296
-2.87481
0.334945
3.10589
2.22745
0.175005
3.20966
0.694233
1.88422
2.65146
1.65656
-2.03369
-2.52412
2.85612
2.02863
3.03747
1.67368
0.393287
3.1734
-0.988329
-2.94767
-0.302957
-3.19524
-0.661241
0.978871
-0.574115
-2.99742
0.478325
-2.82966
-0.784126
-2.98127
-0.562296
-2.98526
-0.475467
0.0948966
-2.21501
-0.0691342
-2.25446
0.0542148
-1.98988
-3.26734
0.0305405
2.0141
0.0360417
3.33595
0.146935
3.04128
3.30978
0.640105
-4.02067
0.124139
0.191118
2.74224
-0.239024
-0.707168
-2.11005
0.326797
-2.71586
-0.390693
-0.351405
-0.763267
-2.06506
3.04951
-1.0051
-0.228324
-2.82093
0.55132
-2.69555
0.458246
-2.97137
-0.331689
0.36206
1.05826
-2.79223
-0.270644
-2.82598
-2.75803
-0.158416
-0.0649781
-2.11278
-2.09009
-0.0468007
-1.90259
-3.10706
0.0991553
2.8811
3.14412
-3.80043
-0.202848
1.85683
0.27307
-0.221256
3.00702
0.225068
0.121312
-2.69246
-3.28741
2.68413
2.19129
3.56123
2.94669
2.86285
2.39113
-3.99272
2.7027
3.98678
-3.01576
3.69345
-2.76173
3.02541
-4.19419
2.48379
-3.31649
-4.14663
4.25694
-3.05915
2.86891
2.32738
-1.66374
1.33487
-3.23039
1.15315
2.86617
-1.00174
3.15135
-0.358982
2.65403
-2.67237
3.09196
-0.0584314
-1.98808
-0.871205
2.70216
-0.394723
2.91266
-0.560397
2.9818
-3.01435
1.68003
2.51375
-2.00892
2.8392
1.96097
2.43418
1.51688
2.62902
3.79669
3.36122
-2.9558
-3.10785
-3.98786
4.23032
-2.68155
-2.43733
2.59468
-2.1375
-3.50462
1.87358
-2.63794
3.02126
0.890501
0.681778
0.825203
-3.80168
-1.89429
1.16601
-4.09126
-0.782739
1.93475
-1.1707
1.24423
4.27594
2.11545
-0.268174
3.3724
-0.409538
1.38395
-0.811169
1.34363
-0.26857
2.15971
-0.990617
-2.80781
1.02585
-2.94044
-1.80883
-3.63378
1.84515
3.81308
2.29397
-4.14331
2.32845
-3.95242
2.36845
3.65353
2.12716
-3.41216
-2.62147
-3.00682
-3.66249
-1.4505
-2.28636
-2.94631
-1.14492
-3.43032
-3.059
-3.18679
-2.493
1.17484
-3.83732
1.93816
-0.765212
3.15224
-0.476895
-3.36929
-1.39858
-1.18093
1.43658
-2.16592
3.60337
-0.303964
-3.82051
2.14708
-0.289148
-4.04278
-0.755837
1.91464
1.0376
-2.63743
-2.47209
1.01494
-3.41498
1.84944
-2.32495
3.20792
-3.48823
2.29081
-3.70973
1.81836
-3.23693
-2.5288
-4.00496
2.81405
3.22325
2.65689
2.76596
4.18745
2.02048
3.51661
3.98669
3.78853
2.94608
2.76247
1.99659
-2.11028
3.68924
-2.80744
2.12819
-3.86349
2.41093
-2.9345
2.44442
-1.26184
1.26371
-1.14489
3.87145
2.53575
-3.52805
0.80952
-3.32543
0.428342
-2.01363
1.02601
-3.29447
-2.37732
-3.67118
0.197703
-3.42256
0.242335
-3.34636
0.73093
-2.3102
-3.80308
3.15913
2.6372
3.40811
3.75528
-4.36782
-2.68377
2.15442
2.61811
-1.94134
3.60235
1.8752
2.48351
3.07543
3.46909
2.11103
-2.65114
-2.43363
-3.26624
2.39897
-2.50683
2.07512
1.24489
1.21738
-0.357867
2.80038
-2.87796
2.69181
-2.7808
0.777322
2.09402
-0.509005
-0.721988
-2.15953
-0.917335
-0.13708
-0.510982
-0.142882
-0.865024
1.12261
-2.35482
-1.57593
2.13239
-1.02336
2.42306
-0.607937
1.59611
-1.16763
2.09478
2.42244
2.08323
-1.0309
2.20369
-0.544709
2.03617
-1.07075
1.12027
2.25861
-0.72036
-1.04347
-2.34862
-1.20012
2.37818
0.720225
-1.41026
0.235057
-1.90284
-1.38585
1.86401
-1.13409
2.27112
-1.32476
-0.350653
1.58675
-1.63592
1.53092
-1.58606
2.0106
-0.651584
-0.502098
0.793106
-1.93612
-0.145956
1.98854
-0.709227
-0.145675
2.0723
-0.493419
-0.571597
-2.27014
-1.53749
-0.905546
2.04223
2.34814
1.96797
0.471904
2.18986
-0.390795
0.951546
1.50384
1.83076
-0.819811
1.89439
1.96331
-0.772235
2.14832
-0.713346
-0.947109
0.246505
-1.74689
1.69563
1.04555
-2.0546
2.04226
-0.945877
1.21777
0.703396
-1.09808
2.14596
-0.837192
0.427096
1.46137
-0.443922
1.56493
1.18752
-2.0408
0.751535
1.73111
-1.17251
2.15858
-1.23485
-0.80057
-1.44835
1.69404
-0.375416
1.66406
-1.45525
1.86651
-1.18655
1.52522
-1.41871
1.2128
1.81029
1.45843
-1.29803
-2.01789
-0.574083
-1.56189
-1.31945
-1.95427
-1.44745
-1.28479
2.00694
-0.727049
-1.43375
-1.82635
-0.732978
1.35137
0.433342
0.8301
1.74098
0.168389
0.179545
1.27588
0.411614
-0.43565
1.33875
1.25089
-0.415085
-1.90863
0.679686
-1.11308
1.59102
-0.331348
1.5033
1.11033
1.80577
-1.01983
1.33881
-0.655728
1.25039
-1.25217
1.36508
1.48043
-1.04367
1.59683
1.31814
-1.28797
-1.67366
-1.26745
1.69877
0.818958
-1.44227
-0.840632
1.43832
-1.22756
-1.41372
-1.2285
-0.315006
2.02432
0.38554
2.7491
1.57516
-2.50785
-0.269093
-2.79221
-0.258209
-1.62144
-0.733337
-2.35856
-2.67612
-2.31919
-0.609888
-2.54986
-0.188936
-2.32701
-0.633831
0.0600534
-2.56107
0.472218
0.0292714
2.62034
-0.0026112
0.0677742
0.486214
0.087065
0.116284
0.373189
0.599282
-2.7427
-0.274025
-0.616459
-0.789038
2.79446
-0.302438
-2.88527
2.29086
-0.0576781
-0.635274
-2.36059
-0.693765
-0.199406
-2.82487
0.049079
1.83411
-1.88849
1.77827
-1.83255
2.63244
1.4756
-0.141072
-2.41109
-2.55112
-2.24016
0.11071
-2.57285
-0.0296409
0.516514
-1.42072
-2.19755
-0.400184
-2.24215
-2.35469
-0.0106068
-2.41213
0.116478
0.430433
-0.217787
2.32754
0.0843227
-2.50727
0.306693
0.0903907
-2.61124
0.404685
0.200864
0.543563
-2.64217
-0.164833
2.19466
-0.0574367
-2.22981
0.590753
-0.508869
-0.487357
0.0914702
2.57552
-2.64655
0.010808
-2.72565
-0.0564714
-0.861591
1.73139
0.810899
1.79193
-1.75378
-0.885452
2.77482
0.648739
1.56975
0.960519
0.716581
-2.80749
2.12661
0.409487
-2.19858
0.570255
0.815592
0.713889
0.442664
0.425402
1.97543
-1.71533
2.34304
1.74131
-2.45215
2.14427
2.73848
2.26738
2.6362
-2.13016
-1.10082
0.949574
1.50044
2.1855
1.7851
1.789
-0.139207
1.70608
0.239772
0.802658
1.62349
1.95648
1.2574
1.92416
0.681362
1.62173
1.4725
0.466037
-0.69307
2.65695
1.26356
0.51813
-2.02494
0.480115
2.07667
-0.0357647
0.484245
-0.473824
-1.74814
-2.47534
0.233046
2.90638
1.39862
0.359541
2.99156
0.381817
0.809851
2.19886
1.67168
-2.42007
-2.04822
2.32066
2.36965
2.39598
1.46578
0.0688972
2.69407
-1.16708
-2.47107
0.0443716
-2.75696
-0.206931
1.13988
-0.195415
-2.57532
0.611117
-2.36893
-0.413692
-2.5388
-0.0895086
-2.50663
-0.125766
-0.0171524
-2.00834
0.102042
-2.01438
-0.154566
-1.83839
-2.75044
0.255627
1.77936
0.332865
2.82745
0.205552
2.51773
2.77766
0.700415
-3.24497
0.360092
0.214868
2.46861
0.297197
-0.749963
-1.86224
-0.30789
-2.36219
-0.246412
-0.285107
-0.667552
-1.79816
2.58495
-1.1253
0.182591
-2.35621
0.55908
-2.19464
-0.0354566
-2.5059
0.149565
0.0730062
1.02804
-2.20151
-0.0114541
-2.28075
-2.28404
0.314119
0.191124
-1.9551
-1.87898
0.268967
-1.82786
-2.63098
0.396373
2.30595
2.71073
-3.0584
-0.396561
1.78955
0.452578
-0.291085
2.54438
0.388153
0.560797
-1.62612
-2.47211
1.98958
1.82122
2.70646
2.06056
2.2753
2.29648
-2.78201
1.68994
3.12718
-1.80328
2.7107
-2.09705
2.56854
-3.22734
1.61632
-2.62361
-3.20557
3.12954
-2.1312
2.53759
1.5259
-0.81895
0.99951
-3.14531
0.436955
2.32887
-0.247022
2.97325
0.100775
2.16387
-2.15853
3.10473
0.0343394
-1.78592
-0.447713
2.43404
0.0995689
2.47439
-0.235551
2.91412
-2.29277
2.01497
1.84189
-2.49062
2.13791
2.70051
1.74728
2.16106
1.57382
3.08538
2.71811
-1.70344
-2.63684
-3.04786
3.41732
-2.49752
-1.49901
2.47294
-1.55109
-2.99728
1.59396
-1.65131
2.78252
1.13356
1.22632
0.644741
-2.97025
-1.85646
1.20808
-3.04184
-0.758042
1.76695
-1.19671
1.43066
3.30995
2.09661
-0.337721
2.67637
-0.658688
1.49311
-0.754662
1.41313
-0.371373
2.02296
-0.956428
-2.04951
0.852104
-2.25707
-1.7354
-2.68558
1.5948
2.94051
2.20882
-3.2062
2.07757
-2.93725
1.99029
2.6527
1.51514
-2.38116
-2.01343
-2.27133
-2.82731
-1.27875
-1.94663
-2.20096
-0.72448
-2.47123
-2.30941
-2.13019
-1.91365
1.24733
-2.73486
1.6608
-0.791196
2.44418
-0.741523
-2.67362
-1.37757
-1.2986
1.34894
-1.92402
2.47473
-0.53206
-2.71352
1.852
-0.434167
-2.96977
-0.869136
1.56418
0.643647
-1.80933
-1.54512
0.272724
-2.37655
1.37327
-1.86456
2.07138
-2.30841
1.57622
-2.62076
1.02741
-2.91734
-1.68963
-3.13639
2.09474
2.73382
1.87798
2.45964
3.36105
1.76251
2.96953
3.00882
3.04155
2.27136
2.33755
1.62801
-1.99824
2.76602
-2.15635
1.901
-3.00762
2.31699
-2.32339
2.20691
-1.16121
1.09489
-0.48415
2.901
2.16659
-2.68666
0.391773
-2.70717
-0.0450425
-1.91443
0.335143
-2.67794
-2.10411
-2.68623
-0.107929
-2.83721
-0.017338
-2.52702
0.281978
-1.47248
-2.92525
2.52792
1.90566
2.84232
2.78569
-3.51462
-2.20923
1.3557
2.13398
-1.48071
2.77066
1.36405
1.7566
2.35914
2.4907
1.77473
-1.98012
-2.04774
-2.23427
1.84227
-1.82564
1.63855
1.01586
0.943114
0.00923522
2.39034
-2.49104
2.28036
-2.37956
0.483858
1.7624
-0.458538
-0.392617
-1.84044
-0.616014
-0.14238
-0.476555
-0.137471
-0.518663
0.628994
-2.01028
-1.40145
1.78842
-0.47804
2.09228
-0.3039
1.44484
-0.675999
1.68815
2.1056
1.72315
-0.38677
1.86507
-0.213008
1.63409
-0.526889
0.71648
1.85552
-0.660268
-0.589685
-1.94089
-0.834751
1.92665
0.681593
-0.965542
0.241465
-1.47175
-0.932801
1.41123
-0.716356
1.8328
-0.828879
-0.132391
1.32264
-1.38086
1.26573
-1.32384
1.65473
-0.302046
-0.428592
0.421692
-1.5761
-0.115108
1.58744
-0.324227
-0.124842
1.67552
-0.405484
-0.212217
-1.90871
-1.31475
-0.332477
1.689
1.99993
1.61614
0.125328
1.82766
-0.0376214
0.380998
1.2666
1.46405
-0.237947
1.50967
1.6178
-0.187062
1.74365
-0.616928
-0.463619
0.226242
-1.35066
1.29291
0.597189
-1.66824
1.63321
-0.475951
0.689491
0.588744
-0.551419
1.71931
-0.338107
0.387012
1.10086
-0.36111
1.15868
0.971407
-1.61496
0.565634
1.32676
-0.892173
1.70255
-0.918138
-0.627286
-1.15975
1.15879
-0.256738
1.25437
-1.05725
1.38389
-0.81519
1.1392
-1.07798
1.15707
1.34144
1.03636
-1.11079
-1.35437
-0.808726
-1.11447
-1.33604
-1.29343
-1.03824
-1.61595
1.15793
-0.769419
-1.26779
-1.44421
-0.524961
1.03923
0.345319
0.518546
1.35547
0.143939
0.141596
0.981145
0.309809
-0.344915
1.01714
0.964883
-0.33541
-1.52009
0.538483
-0.816791
1.24701
-0.224391
1.16968
0.706893
1.4426
-0.604737
0.998493
-0.456575
1.06724
-0.91949
1.09631
1.20559
-0.728019
1.28225
0.937599
-1.0745
-1.23547
-1.03593
1.18729
0.728892
-1.24777
-0.678954
1.1799
-0.866768
-1.10822
-1.03036
-0.893015
1.1065
-0.123273
2.36435
1.25596
-2.15657
0.25842
-2.4295
0.0548285
-1.30931
-0.268357
-2.09223
-2.27664
-2.01888
0.0315495
-2.21948
0.140211
-2.03661
-0.137788
-0.274932
-2.07389
0.335074
0.352925
2.14895
0.376904
0.0660426
0.360134
0.0432772
0.457339
-0.0485979
0.407522
-2.34138
0.153327
-0.446505
-0.377914
2.41935
0.1035
-2.48076
2.01266
0.0111134
-0.27651
-2.05974
-0.2683
0.19223
-2.38161
0.24817
1.50495
-1.55599
1.4514
-1.50146
2.22493
1.16224
0.391643
-2.02147
-2.13966
-1.9119
-0.223935
-2.15413
0.304599
0.00572163
-1.11608
-1.84143
0.12344
-1.91058
-1.95446
0.521643
-1.93174
0.431021
0.293398
-0.523442
1.86247
7.28569e-05
-1.94559
0.601705
0.0162489
-2.01893
0.278175
0.509792
0.343437
-2.17742
0.252021
1.86605
0.0427768
-1.89517
0.162518
-0.318677
-0.056658
-0.265931
2.1011
-2.10904
0.343958
-2.19761
0.351152
-0.144804
0.985984
-0.216084
1.24221
-0.113168
-0.0653435
1.73784
0.143888
-0.670335
0.242865
-0.937419
-2.18738
0.897117
0.121173
-1.07153
-0.0621691
-0.835692
0.252917
-1.27666
0.01927
0.14932
-1.12302
1.60496
0.642624
-1.83693
2.24301
2.07115
1.91633
1.94636
-0.644009
-0.247453
-1.33356
0.436449
0.668771
0.616475
0.786153
0.799401
0.588252
1.29893
0.240691
0.592525
0.699719
0.337342
0.496026
-0.441355
0.656142
0.398374
-0.50554
-0.0390732
1.12378
-1.12546
0.0291658
-0.704933
-0.087896
0.926904
1.36807
0.0458731
-1.33212
0.533195
-0.719051
-0.0893671
1.16837
-0.927717
-0.0623948
1.76854
-0.0466514
-1.26417
1.3092
0.0131903
-1.40099
-0.896746
1.50759
0.694546
1.75921
-0.540715
-0.413075
2.23946
-0.799732
-2.00934
0.478109
-2.35238
0.240578
0.831211
0.0719129
-2.11788
0.442819
-2.03196
-0.0614857
-2.15651
0.315213
-2.04999
0.144574
-0.305805
-1.58077
0.323119
-1.69569
-0.697412
-1.51805
-2.17568
0.795549
1.5887
0.513461
2.40725
0.461327
2.05096
2.22238
0.824271
-2.55838
0.60521
0.504931
1.85154
0.478895
-0.454313
-1.41402
-0.548804
-1.77235
-0.231867
-0.223687
-0.45172
-1.34472
2.04961
-0.696861
0.498755
-1.83255
0.426808
-1.85999
-0.364734
-1.95588
0.41115
-0.19127
0.704694
-1.77743
0.213424
-1.86622
-1.72277
0.513305
0.319996
-1.41325
-1.34799
0.320941
-1.28108
-1.98726
0.812671
1.88175
1.98994
-2.34275
-0.65843
1.2615
0.671197
-0.505516
1.81495
0.49828
0.812363
-2.27205
-1.84446
1.54134
2.32257
1.96814
2.72141
1.62535
2.62081
-2.879
1.33211
2.72684
-1.51287
2.93605
-1.38713
2.48395
-2.86041
1.63416
-2.29501
-2.69691
3.13334
-1.56661
2.44504
1.65854
-1.28245
1.30838
-2.28134
0.598695
1.68022
-0.299387
2.32324
-0.36065
1.38449
-0.549764
1.71775
-0.369194
-0.912955
-0.574886
1.49757
-0.297766
1.8661
-0.38299
1.96222
-1.72773
2.26823
1.47724
-2.34598
1.5997
1.88208
1.41701
2.06327
1.25355
2.55803
2.91103
-1.47011
-2.10153
-2.55168
2.8224
-2.3059
-1.21515
2.04695
-1.65973
-2.33856
1.6145
-1.44004
2.74795
1.31397
1.28653
0.524755
-2.45047
-1.44886
1.03645
-2.42096
-0.549256
1.24752
-1.23408
1.32259
2.34787
1.77304
-0.605291
2.13543
-0.800399
1.3358
-0.812815
1.25812
-0.60665
1.62061
-0.0405307
-1.26546
0.0802916
-1.36496
-0.612073
-1.55801
0.341769
1.75279
1.22337
-2.00695
0.84969
-1.78949
1.05827
2.17414
0.685656
-2.13862
-1.11347
-2.02091
-2.10634
-0.820576
-0.955666
-1.9321
-0.396527
-2.1094
-1.96553
-2.06924
-1.06422
0.754811
-2.37082
1.00458
-0.28955
1.95084
-0.651405
-1.9874
-1.10779
-0.508997
0.915011
-1.36116
2.25892
-0.109748
-2.24267
1.04773
-0.392882
-2.35495
-0.141643
0.825879
0.172771
-1.20745
-1.1983
0.30336
-1.48941
0.330773
-0.567246
1.48857
-1.58086
0.547217
-1.61739
0.473203
-2.3121
-1.36701
-2.57143
1.57656
2.35262
1.37386
2.14071
2.64199
1.34305
2.25799
2.63897
2.83855
1.66707
2.1893
1.40463
-1.5083
1.78988
-1.56411
1.3919
-1.97844
1.61825
-1.69297
1.36554
-0.911607
0.910607
-0.0536215
2.27572
1.87073
-2.15376
0.00399109
-1.9706
-0.327846
-1.72303
-0.0481492
-1.94278
-1.67653
-2.11713
-0.117545
-2.03048
-0.258533
-1.94143
-0.0396378
-1.12327
-2.40988
2.35426
1.34533
2.11081
2.45323
-2.77147
-2.14415
0.848373
2.11015
-1.43595
2.11962
1.40872
1.12913
2.25636
1.5472
1.23403
-1.38474
-1.04384
-1.4398
0.767843
-1.22229
0.98461
0.879682
0.789429
0.367834
1.97327
-2.05954
1.90415
-1.97458
0.129338
1.38685
-0.341191
-0.053572
-1.46236
-0.233793
-0.0962915
-0.366639
-0.0853036
-0.154601
0.0523232
-1.64744
-1.11808
1.45421
0.0744517
1.73074
0.0434415
1.17049
-0.105006
1.36792
1.72813
1.40689
0.259671
1.52244
0.120155
1.32659
0.0189053
0.220934
1.49167
-0.495178
-0.110675
-1.56285
-0.359097
1.51672
0.531058
-0.418444
0.152631
-1.19105
-0.419029
1.127
-0.25079
1.44449
-0.291939
0.0573488
1.04059
-1.08007
0.982087
-1.01737
1.26632
0.00365671
-0.288393
0.0984639
-1.18964
-0.0450575
1.18557
-0.0542244
-0.0556706
1.2603
-0.263017
0.0529976
-1.55034
-1.002
0.175551
1.36132
1.61471
1.35141
-0.18067
1.46607
0.236033
-0.119963
0.945304
1.2201
0.207815
1.2613
1.29493
0.26365
1.38796
-0.407732
-0.0237774
0.0970542
-1.12461
1.055
0.163653
-1.31668
1.27414
-0.0988411
0.187428
0.369637
-0.090724
1.33507
0.0542303
0.322241
0.853323
-0.300413
0.883545
0.630651
-1.28323
0.386984
1.0928
-0.55588
1.33895
-0.510843
-0.388051
-0.826872
0.997725
-0.198878
1.01953
-0.614084
1.13626
-0.425153
0.962607
-0.736004
0.957803
1.1236
0.706755
-0.8511
-1.18106
-0.598298
-0.754978
-1.00548
-1.02109
-0.905051
-1.01992
0.999165
-0.500111
-0.891401
-1.08751
-0.319554
0.802514
0.240596
0.25233
1.04514
0.111535
0.126838
0.782189
0.210651
-0.260617
0.760141
0.713427
-0.194151
-1.19664
0.352968
-0.509315
1.03155
-0.196281
0.95972
0.35898
1.15686
-0.306089
0.650163
-0.326123
0.853518
-0.554004
0.896278
0.986494
-0.466083
1.03822
0.621316
-0.726535
-0.935086
-0.834354
0.918164
0.402494
-0.961171
-0.309364
0.754894
-0.590145
-0.614682
-0.586548
-0.558267
0.821419
-0.64475
1.95736
1.00097
-1.76497
0.762574
-2.03401
0.380042
-1.05239
0.245951
-1.71495
-1.88461
-1.64811
0.661265
-1.84009
0.451339
-1.64032
0.363788
-0.588486
-1.68312
0.242413
0.660991
1.76053
0.695023
-0.0167664
0.253132
-0.024487
0.773263
-0.446962
0.263407
-1.88461
0.537214
-0.278995
0.044974
1.96936
0.424655
-1.9717
1.58862
0.125929
0.0475347
-1.60252
0.142793
0.505632
-1.87087
0.423977
1.25808
-1.29383
1.19813
-1.23253
1.84774
0.976758
0.851523
-1.66297
-1.79062
-1.55189
-0.506417
-1.76856
0.558767
-0.456476
-0.919785
-1.44516
0.548918
-1.51754
-1.58697
0.939407
-1.59527
0.71616
0.240419
-0.831403
1.51942
-0.0120878
-1.56999
0.885659
-0.00784807
-1.65283
0.228576
0.767681
0.268366
-1.77012
0.606856
1.45043
0.0844234
-1.45334
-0.221335
-0.251582
0.29746
-0.563043
1.68841
-1.67115
0.621812
-1.75883
0.674611
0.48047
0.171476
-0.421287
0.257068
1.21767
-0.0357852
0.130447
-0.0194626
-1.05278
0.0593232
-1.22099
-0.354963
-1.06338
-0.129479
-0.17361
-0.0504509
-1.01043
-0.014667
-1.05807
-0.103876
-1.00718
0.772479
0.119362
-0.746591
-0.467531
-0.0761836
1.09959
-0.572458
0.502177
-0.369853
-0.180394
-0.925879
0.191551
0.182393
0.464639
0.512251
0.527523
0.342875
0.873239
0.174673
0.339869
0.347234
0.179136
0.175305
-0.354843
0.120823
0.113661
-0.294336
0.0081232
-0.00569205
-0.860722
-0.0223603
-0.0869312
-0.0896313
-0.173781
0.883186
-0.00782173
-0.740584
0.85316
-0.00657745
-0.049955
-0.194469
-0.690958
-0.0756838
-0.184728
-0.0102168
-0.701446
-0.0372193
-0.618671
0.651857
0.0160708
-0.170835
-0.55828
-0.0431415
-0.508149
-0.536278
1.69941
-0.673753
-1.49041
0.557292
-1.80886
0.465307
0.690237
0.232529
-1.60725
0.478428
-1.54469
0.13668
-1.59958
0.516967
-1.52963
0.254303
-0.323853
-1.15224
0.320177
-1.24386
-0.794119
-0.9985
-1.61923
0.760313
1.09985
0.626863
1.73261
0.483539
1.50905
1.59785
0.870549
-1.89539
0.583001
0.456746
1.47489
0.580021
-0.413102
-1.08926
-0.752767
-1.38994
-0.227066
-0.227178
-0.401334
-1.01358
1.59842
-0.630546
0.571092
-1.40352
0.431857
-1.39028
-0.552467
-1.49973
0.585803
-0.263688
0.622103
-1.27952
0.264191
-1.37588
-1.30116
0.582983
0.321206
-1.09429
-1.01571
0.31872
-0.96239
-1.52843
0.742947
1.38649
1.5123
-1.79063
-0.538104
0.897558
0.488864
-0.434318
1.40398
0.407039
0.715431
-1.6967
-0.96152
1.01724
1.21837
1.35912
1.2765
1.28716
0.480626
-2.39699
1.06383
1.35496
-1.20402
1.9404
-1.1677
1.65529
-1.97404
1.50342
-0.629262
-1.56563
2.45659
-1.3807
1.24928
1.28855
-1.18714
0.995731
0.222041
0.378431
-0.0649821
-0.383311
0.137974
-0.293319
-0.375561
0.627979
-0.372978
-0.141988
0.334102
-0.24722
-0.370177
-0.266664
-0.251371
-0.296054
-0.14959
-0.330591
0.606444
0.553156
0.171312
-0.109105
-0.38685
0.143194
0.0472001
0.860512
0.627253
1.41151
-0.82184
-0.168243
-0.978568
0.782584
-0.767413
-0.629407
0.23803
-0.935249
-0.366962
0.527356
-0.47895
0.724908
0.725795
0.382902
0.755091
-1.7405
-0.694409
0.353621
-1.89426
-0.0982385
0.530031
-0.322509
0.712553
2.06019
0.791717
0.0852452
1.48655
-0.0887208
0.541172
-0.084926
0.498877
0.116005
0.554994
-0.453732
-1.33751
0.613241
-1.25015
-0.637619
-1.57958
0.771306
1.50969
0.677223
-1.56294
0.783973
-1.58329
1.04382
1.5641
0.891658
-1.48449
-1.17341
-1.36133
-1.57925
-0.736372
-0.954042
-1.04048
-0.588987
-1.35142
-1.26568
-1.11891
-1.11625
0.412831
-1.60536
0.381215
-0.151998
1.20537
-0.132303
-1.21085
-0.301008
-0.49327
0.107702
-0.346969
1.16515
-0.101155
-1.19521
0.15225
0.0940753
-1.63491
-0.326159
0.245604
0.694245
-1.26292
-1.02512
0.598095
-1.52039
0.864954
-0.873738
1.27668
-1.30257
0.78581
-1.52948
0.78038
-1.88681
-0.391792
-1.39088
0.80632
1.3733
0.431057
1.87188
1.6883
1.21507
1.37454
1.08217
1.98208
0.841202
1.45215
0.888329
-0.710368
1.38568
-0.986499
0.589779
-1.36621
0.680992
-1.04587
0.69385
-0.587297
0.405499
-0.334319
1.51223
0.671203
-1.29449
0.369707
-1.20304
0.105522
-0.666681
0.0783129
-0.901688
-0.500763
-1.13425
0.0716539
-1.21833
0.238419
-1.01786
0.240302
-0.515358
-1.27208
0.970393
0.884135
1.13967
0.982612
-1.22292
-0.955452
0.398411
0.568474
-0.596129
1.04523
0.381719
0.727541
0.648701
1.33703
0.562878
-0.952694
-0.72426
-1.14035
0.621378
-0.808895
0.462417
0.330514
0.242842
0.577186
1.57493
-1.62234
1.50167
-1.52232
-0.0766326
1.02412
-0.196099
0.0863191
-1.0764
-0.0441981
-0.0164727
-0.212705
-0.0312797
-0.0377696
-0.320886
-1.27293
-0.765294
1.12781
0.360447
1.35814
0.270473
0.825984
0.271467
1.16424
1.30771
1.16107
0.624937
1.19906
0.297676
1.12029
0.319507
-0.0998423
1.15948
-0.257572
0.118798
-1.21661
-0.0759995
1.17461
0.285839
-0.0225316
0.0244498
-1.02341
-0.115837
0.966445
-0.0590205
1.13095
0.0206491
0.114124
0.75559
-0.759286
0.707034
-0.692548
0.934244
0.0616197
-0.158441
0.0366063
-0.871325
-0.0478827
0.872948
-0.00309438
-0.0396357
0.957704
-0.158648
0.0424373
-1.15224
-0.641752
0.361164
1.01846
1.16146
1.11201
-0.297801
1.06011
0.290448
-0.337308
0.589338
1.01127
0.332389
1.05168
0.956613
0.34514
1.05913
-0.189707
0.0989756
0.00801872
-0.957667
0.899147
0.0839753
-0.997513
0.941636
-0.0803709
-0.0340234
0.171511
0.0358205
1.04066
0.0608062
0.122816
0.608724
-0.0576659
0.658182
0.40484
-0.995522
0.227001
0.81004
-0.302928
1.0711
-0.301559
-0.286075
-0.463519
0.772821
-0.156242
0.842176
-0.341774
0.897422
-0.271984
0.710157
-0.359612
0.436273
0.766841
0.495281
-0.294386
-0.853492
-0.236838
-0.539397
-0.47635
-0.695485
-0.62605
-0.42074
0.6859
-0.174267
-0.356005
-0.825957
-0.0637879
0.573187
0.147255
0.103452
0.722374
0.0390802
0.0475005
0.494036
0.138181
-0.00916625
0.518021
0.461854
0.0153304
-0.879183
0.243309
-0.208462
0.673165
-0.131241
0.74908
0.212587
0.764315
-0.133482
0.261443
-0.224572
0.531081
-0.17831
0.598456
0.579031
-0.127241
0.643954
0.433963
-0.198691
-0.595373
-0.529231
0.581997
0.136104
-0.559322
-0.11177
0.26602
-0.403833
-0.207907
-0.141134
-0.250623
0.529728
-0.992972
1.56923
0.860297
-1.41063
1.04198
-1.66141
0.593153
-0.908237
0.606699
-1.32404
-1.53223
-1.27311
1.02877
-1.4921
0.623926
-1.24482
0.663703
-0.796915
-1.36147
0.221189
0.82433
1.43789
0.912422
0.0160901
0.235243
0.0152919
0.93608
-0.71494
0.261443
-1.50435
0.75509
-0.280321
0.342201
1.58922
0.6506
-1.5775
1.19228
0.0306143
0.202817
-1.19148
0.387154
0.673849
-1.49445
0.499122
1.01933
-1.02943
0.951882
-0.956406
1.45761
0.845717
1.0505
-1.30828
-1.44109
-1.16717
-0.6328
-1.33628
0.630069
-0.673615
-0.816056
-1.00955
0.669781
-1.11668
-1.20355
1.03593
-1.27197
0.826531
0.229612
-0.930166
1.18058
0.0464964
-1.22448
0.912884
0.0413119
-1.32051
0.220265
0.818411
0.306923
-1.39719
0.751821
1.05943
-0.0337548
-1.04967
-0.383117
-0.311654
0.367932
-0.656759
1.28819
-1.28103
0.61794
-1.3874
0.728646
0.24511
0.126099
-0.208955
0.106346
0.579679
-0.0101613
0.0880251
0.0064991
-0.498189
-0.00379564
-0.6224
-0.0298602
-0.566573
-0.0340481
-0.171195
-0.0423292
-0.500345
-0.00333347
-0.542302
-0.0197284
-0.489412
0.418883
0.0618774
-0.360278
-0.00324112
-0.460048
-0.142056
-0.397772
-0.0351269
-0.271417
-0.146035
-0.487304
0.153115
0.176796
0.322812
0.352737
0.279632
0.254012
0.470648
0.150061
0.282259
0.275709
0.15473
0.180112
-0.183947
0.120417
0.129319
-0.167171
-0.0115676
0.107586
-0.445574
0.0100464
-0.164663
-0.0357371
0.0589706
0.485902
0.022456
-0.450193
0.446883
-0.133125
-0.00572245
0.0762354
-0.421983
-0.0136305
0.0236041
0.0150445
-0.411481
0.0788621
-0.322419
0.363358
-0.105574
0.0627576
-0.345054
0.0139361
-0.298974
-0.569958
1.33313
-0.530728
-1.15057
0.555018
-1.42377
0.591158
0.543926
0.24191
-1.1637
0.372542
-1.11133
0.17079
-1.24138
0.598405
-1.07066
0.209908
-0.309162
-0.903043
0.300079
-0.965242
-0.675468
-0.81385
-1.21543
0.635465
0.844945
0.43062
1.33595
0.374133
1.03418
1.19269
0.530798
-1.28577
0.366957
0.342172
1.17107
0.566758
-0.305572
-0.849941
-0.803002
-1.07949
-0.136581
-0.147033
-0.281814
-0.777409
1.24405
-0.437598
0.504546
-1.07681
0.272165
-0.979947
-0.564429
-1.13419
0.52229
-0.140744
0.404263
-0.836763
0.0652852
-0.952108
-0.968335
0.444452
0.278105
-0.834549
-0.761816
0.255299
-0.715733
-1.13901
0.561426
0.940945
1.09935
-1.21386
-0.274878
0.679137
0.185426
-0.292103
0.994378
0.24209
0.485847
0.172742
0.129704
-0.165373
-0.205089
-0.255833
-0.368105
-0.173851
-0.342
-0.195467
0.153625
-0.177187
0.0384663
-0.0604726
-0.307875
-0.0327233
0.0368664
0.200945
0.233405
-0.00724325
0.100321
-0.105845
-0.154357
0.00486371
-0.0965896
-0.037855
0.0566894
0.0844762
-0.329787
-0.0368527
-0.102054
-0.0787463
-0.0331338
0.402119
0.0195123
-0.0251988
0.352041
-0.0601714
-0.00806371
-0.0328055
-0.0965729
-0.025903
-0.0160566
0.043307
-0.228935
-0.0708146
0.335017
0.0187628
-0.335539
-0.0036914
-0.248347
0.0944532
-0.0857679
-0.220137
0.0270094
0.10435
-0.00261704
-0.0477837
0.256095
-0.0738825
-0.325033
0.0964148
0.00763452
-0.161127
-0.0172672
-0.309124
-0.0900467
-0.120188
0.404326
-1.12108
-0.0825724
0.399581
-0.612352
-0.325263
-0.0955551
-0.485574
-0.0657028
0.832795
-0.0306301
-0.229903
0.580644
-0.276728
-0.265534
-0.387219
-0.227823
-0.220501
-0.191105
-0.409857
-0.56126
0.219155
-0.761362
-0.511126
-0.598125
0.207747
0.89098
0.459532
-0.810514
0.110216
-0.486575
0.595066
0.82479
0.0279607
-0.555657
-0.58596
-0.731341
-0.968381
0.100692
-0.460397
-0.45473
-0.121335
-0.665201
-0.589286
-0.434403
-0.446032
0.29973
-0.464867
-0.269113
-0.23658
0.455671
-0.189954
-0.382814
0.36045
-0.190742
-0.474154
0.33127
0.353865
-0.0847901
-0.296414
-0.436088
-0.140827
-0.394254
-0.152528
-0.408071
0.048623
-0.423016
-0.322611
-0.0831227
-0.422823
-0.0439325
0.136102
0.30938
-0.249084
-0.299765
-0.335182
-0.225072
-0.359749
0.0590613
-0.223604
0.114752
0.0734755
0.0750598
0.26951
0.59749
0.226644
0.255368
0.0650016
0.154186
0.331328
0.00660374
0.0550293
-0.245503
0.340935
-0.214262
0.0274419
-0.64037
0.317577
-0.442256
0.0207035
-0.124056
0.0160262
0.0898026
0.319223
-0.215499
-0.236778
-0.0387661
-0.313608
-0.109558
0.248624
-0.0351885
-0.184579
0.284591
-0.229276
-0.0363061
-0.236794
-0.0744916
-0.161997
-0.0176632
0.0543189
-0.181707
-0.147797
0.0883956
0.173915
0.0588855
-0.0723845
0.172016
-0.00447607
-0.304867
0.0815311
0.118126
-0.160222
0.0694816
-0.290181
0.242286
-0.114999
-0.154176
0.16488
-0.180009
-0.28922
-0.113843
-0.21507
-0.0587652
-0.112537
0.470259
1.08931
-1.02925
0.957163
-0.862403
-0.0433438
0.625725
-0.119889
0.080299
-0.736586
0.0490585
-0.0320706
-0.14229
-0.0116588
0.0982157
-0.279721
-0.848077
-0.429395
0.768977
0.19847
0.934901
0.258391
0.44385
0.289695
0.924533
0.788055
0.863677
0.49616
0.845449
0.187654
0.860067
0.220479
-0.0244092
0.739133
-0.130829
0.0455455
-0.863149
-0.0433728
0.76295
0.144755
0.00988337
-0.02013
-0.737705
-0.0148483
0.602103
0.00945751
0.631551
0.000458139
0.066128
0.39785
-0.407872
0.276112
-0.274197
0.416505
0.090024
-0.0466988
-0.0796455
-0.291507
0.0474009
0.284394
0.0159518
0.0363821
0.377027
0.00472834
0.0501699
-0.688414
-0.279918
0.145485
0.587344
0.620048
0.724051
-0.100989
0.529765
0.0731139
-0.143772
0.198151
0.517536
0.11602
0.659634
0.436076
0.134453
0.541279
-0.0353686
0.0560346
-0.101153
-0.527377
0.416549
-0.0179996
-0.39241
0.333139
-0.0258963
-0.000984942
-0.0516383
-0.0155692
0.442735
0.0269287
-0.0092934
0.313174
-0.00939787
0.37746
0.0924742
-0.485144
0.241269
0.362699
-0.086815
0.591276
-0.0671653
-0.242045
-0.137688
0.419122
-0.183845
0.460827
-0.0938071
0.443403
-0.0387658
0.36226
-0.122582
0.127509
0.369584
0.289414
-0.136254
-0.441664
-0.107005
-0.342616
-0.183656
-0.359212
-0.318723
-0.275999
0.357
-0.11172
-0.182226
-0.312348
-0.028338
0.215344
0.118931
-0.0184801
0.242862
0.0781201
0.0848426
0.171153
0.0975532
-0.033308
0.22862
0.183348
-0.0570399
-0.351508
0.199555
-0.111455
0.27098
-0.168377
0.336557
0.0562186
0.2756
-0.0992413
0.143431
-0.165454
0.228841
-0.180228
0.27783
0.218441
-0.148901
0.282996
0.220987
-0.168437
-0.280545
-0.253939
0.292014
0.125564
-0.234777
-0.143211
0.201251
-0.176337
-0.23209
-0.207827
-0.172799
0.281494
-0.962319
1.04989
0.764388
-0.930121
0.850733
-1.20491
0.590988
-0.80443
0.599403
-0.857311
-1.10477
-0.756645
0.843313
-1.07647
0.523235
-0.709495
0.506953
-0.778627
-0.943267
0.223289
0.714753
1.06727
0.859003
0.0708495
0.226589
0.0860354
0.777527
-0.655824
0.369287
-0.986769
0.546859
-0.350515
0.308079
1.14548
0.532294
-1.13544
0.645744
-0.178563
-0.0135416
-0.626114
0.23221
0.412076
-0.97903
0.393092
0.681587
-0.639899
0.565396
-0.503616
0.853801
0.674369
0.71237
-0.731939
-0.934094
-0.573524
-0.428903
-0.631458
0.320848
-0.410882
-0.589053
-0.3134
0.28516
-0.490567
-0.513701
0.551622
-0.781071
0.620452
0.2195
-0.659343
0.604786
0.122033
-0.580875
0.495662
0.10388
-0.78573
0.212313
0.494429
0.359963
-0.761158
0.414919
0.420774
-0.221216
-0.402727
-0.158274
-0.33709
0.0782824
-0.272885
0.516476
-0.513298
0.141271
-0.760537
0.273323
0.156751
0.113385
-0.151305
0.115494
0.390624
-0.0290441
0.13114
0.0171085
-0.380105
0.0260278
-0.425295
-0.129798
-0.409524
-0.0017721
-0.176004
0.00375311
-0.411863
0.016114
-0.411968
0.00225424
-0.402481
0.285645
0.106086
-0.279248
-0.101517
-0.341917
0.0760883
-0.335479
0.0799067
-0.169566
-0.101978
-0.390806
0.107581
0.132593
0.188161
0.203598
0.218981
0.145323
0.371379
0.0956535
0.167461
0.179828
0.0980793
0.117806
-0.150589
0.0960221
0.0884937
-0.15235
-0.0247326
0.116393
-0.379529
0.0150494
-0.145672
0.00574021
0.115619
0.408212
0.0268234
-0.41031
0.405634
-0.106935
0.00642016
0.0910673
-0.410652
0.00353519
0.0953178
0.0150401
-0.38328
0.0925016
-0.279717
0.344987
-0.0871672
0.0761685
-0.351789
0.082406
-0.283207
-0.344187
0.847769
-0.231763
-0.699664
0.226316
-1.00462
0.437503
0.295207
-0.0459497
-0.682373
0.102321
-0.567942
-0.0662516
-0.852639
0.326897
-0.531544
-0.152121
-0.213967
-0.542345
0.164579
-0.656392
-0.368655
-0.45167
-0.683757
0.240298
0.538905
0.0672709
0.873288
0.172988
0.492284
0.623485
-0.0101777
-0.591775
-0.0368195
0.100116
0.666541
0.278151
-0.117907
-0.455701
-0.508288
-0.473346
0.0282096
-0.0136154
-0.0545687
-0.311551
0.659498
-0.131663
0.0977842
-0.537376
0.00105885
-0.363486
-0.192015
-0.440391
0.0559817
0.241631
0.0500885
-0.185971
-0.289904
-0.347911
-0.352662
-0.0162189
0.100114
-0.399775
-0.251471
0.030744
-0.29389
-0.51222
0.0864589
0.338889
0.439883
-0.426925
0.151607
0.182153
-0.238187
-0.0144857
0.306004
-0.0574121
-0.0535711
0.263763
-0.0558476
0.0355256
-0.276059
0.0381546
-0.334687
0.0157747
-0.345024
0.366827
0.0484185
0.0407923
-0.0376626
-0.404474
-0.0568194
-0.372369
-0.0125883
-0.201534
-0.0368233
-0.0525449
-0.460735
-0.0248265
-0.40606
-0.228816
0.139016
-0.151492
-0.0651235
0.0230359
-0.395017
-0.0115755
0.0419536
-0.0188863
0.0838752
0.412402
0.0672938
-0.00529266
0.423701
-0.0121702
0.0597814
-0.00809384
0.0605087
-0.00678162
0.0471842
-0.05445
-0.287643
0.0355476
0.348233
0.0552893
-0.356377
0.0386118
-0.297281
0.0409466
0.0372691
-0.4336
-0.0348387
-0.0453089
-0.0414824
0.0464441
0.431397
-0.031684
-0.451955
0.248991
-0.0427264
-0.262907
-0.0349287
-0.454465
-0.161502
-0.168875
0.0232844
-0.357238
0.502132
0.0254348
-0.182878
-0.0333942
-0.554092
-0.0962146
-0.548044
0.260824
-0.505273
-0.0374411
0.187559
-0.0070665
-0.562646
-0.0846391
-0.592259
-0.0133345
-0.546651
0.171182
-0.165997
-0.22459
-0.238896
0.33907
-0.15378
-0.400915
0.225387
-0.396539
-0.185228
-0.451191
-0.1321
0.0868277
0.183749
-0.643452
-0.121261
-0.110148
-0.169263
-0.2313
0.606544
-0.0189297
-0.0424924
0.305538
-0.0414196
-0.130489
-0.0430519
-0.0352649
-0.0151222
-0.107422
-0.571572
-0.00319092
0.109542
0.0168007
-0.0927757
0.605166
0.0379708
-0.594398
0.564968
0.0497166
0.0123704
-0.0521492
-0.566413
0.00338541
-0.0987405
0.0174045
-0.566893
-0.249249
-0.0948633
-0.0413464
-0.252804
-0.0906751
-0.424872
0.476399
0.0412686
-0.0436808
-0.482078
-0.0821028
-0.424533
0.386134
-0.0291465
-0.0708429
0.0505572
-0.448334
0.0117114
-0.384588
0.105734
-0.214751
0.0816741
0.0510946
-0.486697
0.0614771
-0.439876
-0.249902
0.280504
0.09832
-0.0642788
-0.322806
-0.136757
-0.365242
-0.0877563
-0.412473
0.148537
-0.172227
-0.0247682
0.0796458
-0.471958
-0.0589019
0.0110943
-0.0787334
0.0311923
0.496894
0.0316803
-0.0407879
0.514189
-0.0435003
0.0171846
-0.0592963
0.0129281
-0.0325084
0.0136769
-0.0250205
-0.0562357
-0.490428
0.0378995
0.0528086
0.0466828
-0.0572078
0.474361
0.0282444
-0.497141
0.275153
0.0325375
-0.291241
0.0273226
-0.51659
0.0634417
-0.349199
-0.0433996
0.438569
-0.0363233
-0.449521
-0.0263036
-0.363324
-0.187861
-0.19718
0.0558661
0.317862
-0.251252
0.166524
-0.0956271
0.00916042
0.146038
0.016616
-0.0734067
-0.192619
-0.0548259
0.040008
0.00681057
0.0361074
-0.123392
-0.068063
-0.195763
0.00649988
0.178172
-0.0427768
0.341507
0.0462286
0.0306091
0.0501743
0.33132
0.154472
0.248549
0.0309979
0.272215
-0.0135158
0.234931
-0.0491913
0.0308786
0.185563
0.0581758
-0.108765
-0.263023
-0.0897826
0.236933
-0.0458697
-0.0549824
-0.0854157
-0.207368
-0.172319
0.189596
-0.160537
0.176961
-0.124481
-0.0639754
0.0771548
-0.0526837
0.0528685
-0.0314041
0.100987
-0.131579
0.0118218
0.184962
-0.0729438
0.0234504
0.0802815
-0.243275
0.0276321
0.108008
0.0114937
-0.186199
-0.128387
0.0256826
-0.147412
0.121571
0.0863178
0.149116
0.0747236
0.078506
-0.133945
0.147127
-0.0310486
0.10657
-0.247192
0.147018
0.0813757
-0.246685
0.131313
0.0497847
-0.186258
-0.0667706
-0.139255
0.133732
0.227635
-0.0932638
0.0955313
-0.290813
0.199198
-0.038948
-0.274507
0.128388
-0.256154
0.0790115
0.108304
-0.100248
0.135942
0.192765
-0.159257
0.0995297
0.133781
-0.238787
0.20312
-0.152198
-0.124888
-0.222516
0.179839
-0.0898338
0.16453
-0.227196
0.166424
-0.208139
0.140026
-0.269855
0.250696
0.148689
0.105561
-0.295862
-0.180382
-0.163621
-0.133336
-0.265898
-0.152076
-0.12966
-0.397794
0.157108
-0.186204
-0.306396
-0.100961
-0.199334
0.0753003
0.0419446
0.211487
0.0770215
0.0261979
0.0330001
0.0588984
0.0325118
-0.120094
0.0821347
0.0650452
-0.139525
-0.118219
0.0734293
-0.284424
0.102229
-0.0672613
0.123407
0.263253
0.0916175
-0.316574
0.315622
-0.0569097
0.0837644
-0.362315
0.114615
0.0816097
-0.329646
0.114395
0.0806776
-0.340338
-0.117354
-0.111021
0.136428
0.208784
-0.0936114
-0.232481
0.34455
-0.0639702
-0.387358
-0.385768
-0.226496
0.135182
-0.353858
0.206935
0.275631
-0.0757785
0.177014
-0.405761
0.192367
-0.456724
0.158781
-0.105948
-0.29985
-0.0856414
0.175677
-0.271837
0.0824947
0.0303633
0.0261146
-0.322906
-0.169521
0.166959
0.14263
0.38042
0.298551
0.138967
0.204144
0.134295
0.0909115
-0.116385
0.22077
-0.0257884
-0.0132512
-0.300861
-0.0101837
0.238389
0.0112974
-0.238206
-0.0814431
-0.219845
-0.21231
0.0721393
-0.0966276
-0.0988751
-0.0276697
0.019865
0.110557
-0.0263614
0.0267241
0.0372725
0.039985
0.165644
0.00614911
0.0460837
-0.118389
0.0256042
0.0137531
0.0180685
-0.100818
0.100011
-0.103436
0.103704
-0.211074
0.108985
0.0767301
-0.160994
-0.00250903
-0.014724
0.113575
0.0755218
-0.0648923
0.0692653
0.0908173
-0.195604
0.0987885
0.0413193
0.0666039
-0.129683
0.148939
0.0915183
-0.120782
-0.142995
-0.151983
0.143767
0.17527
-0.104793
-0.255588
0.186671
-0.107028
0.116715
-0.267966
0.0985606
-0.216967
0.156989
0.0633517
-0.163089
0.0723993
0.392705
-0.022226
0.0775003
0.0117023
-0.404626
0.0218161
-0.418008
-0.090037
-0.420447
0.00593027
-0.0989175
0.0151531
-0.43577
0.0124785
-0.429128
0.0074728
-0.432335
0.290962
0.0633661
-0.300321
-0.0721025
-0.362267
0.0635301
-0.374061
0.0570849
-0.0864088
-0.0487604
-0.446101
0.055397
0.0694382
0.0919799
0.099031
0.251367
0.0686749
0.426426
0.0438774
0.0774937
0.0888105
0.0472895
0.0564885
-0.171184
0.0511513
0.0434278
-0.179881
-0.0153478
0.0639281
-0.421192
0.00876405
-0.077134
0.00915754
0.0659195
0.445325
0.014895
-0.464045
0.449135
-0.0524929
0.00589974
0.0458016
-0.467137
0.00500437
0.0551981
0.00770874
-0.439165
0.0512466
-0.313134
0.389755
-0.0428983
0.0388206
-0.406292
0.0458807
-0.326753
0.124298
0.00884927
0.125712
-0.00842605
-0.211171
-0.202756
-0.0714352
-0.0742164
-0.309059
-0.0437203
-0.135126
0.0749711
-0.251157
-0.170934
-0.166348
0.0535877
-0.322787
0.035874
0.0196755
-0.0857154
-0.0925445
0.173844
0.0619079
0.0179658
-0.269205
0.0325961
-0.299744
0.13566
-0.124508
-0.052875
-0.0603843
-0.432743
0.102241
-0.343341
-0.182364
-0.0685522
-0.17083
0.0708282
0.0575071
0.14707
0.0948549
0.0594225
0.0801148
0.0609442
0.0707436
-0.0971614
0.127717
-0.276883
0.0805024
-0.130115
0.134707
0.242011
0.112428
-0.309157
0.347057
-0.105932
0.102544
-0.384538
0.113389
0.0963481
-0.332273
-0.118417
0.0794192
0.0840392
-0.142945
0.110803
0.094583
-0.342547
-0.0982625
-0.118154
0.123766
0.377868
-0.100848
-0.418568
0.221951
-0.107713
-0.249248
-0.399735
0.307989
-0.0421229
0.0297159
-0.317765
0.0472415
-0.367712
0.0324921
-0.378913
0.472801
0.016235
0.0291784
-0.0241177
-0.487934
-0.0241939
-0.467643
-0.0326932
-0.274522
-0.0320687
-0.0211595
-0.577816
-0.0282141
-0.48333
-0.283583
0.175921
-0.181865
-0.0410607
0.00281144
-0.44561
-0.00215225
0.0275721
-0.00115773
0.052351
0.459089
0.0333304
0.000174797
0.474722
0.00179507
0.0279677
-0.000933706
0.0403636
0.000645592
0.0216203
-0.0339707
-0.329771
0.022974
0.393335
0.0277077
-0.407895
0.0190178
-0.341665
0.0119619
0.0197181
-0.504475
-0.017968
-0.0287717
-0.0119791
0.0212877
0.497319
-0.00718247
-0.514173
0.293285
-0.0135951
-0.302656
-0.0136055
-0.520981
-0.18864
-0.195225
-0.26135
0.132358
0.553118
-0.0518679
0.0201879
0.0276412
-0.535143
0.0416927
-0.57842
0.00324948
-0.559039
0.0160655
-0.0248054
0.0449077
-0.550679
0.0221071
-0.558863
0.020031
-0.546383
0.2442
0.0209999
-0.231834
0.00145925
0.414331
0.0167969
-0.400382
0.00399662
-0.478339
-0.0125291
-0.469006
0.00605861
-0.0590708
-0.080772
-0.582494
0.0469796
0.0479001
0.0878411
0.102204
0.553544
0.057333
0.057328
0.32857
0.0661774
0.0604286
0.0416876
0.0442988
-0.0445473
0.0329223
-0.524682
0.0235977
-0.0390969
0.0375293
0.0256205
0.547203
0.0453978
-0.541402
0.540155
-0.0334037
0.018098
0.0268456
-0.536992
0.0169271
0.0218206
0.0230794
-0.519579
-0.224166
0.029697
0.0291134
-0.219918
0.026965
-0.392501
0.46475
-0.028963
0.021983
-0.462483
0.0175822
-0.388389
0.535956
-0.0201143
-0.00544101
0.00879817
-0.547718
0.0186673
-0.513268
0.0207509
-0.304058
0.00927131
0.0138737
-0.610296
0.0158052
-0.525991
-0.312267
0.372336
-0.000376863
-0.00196236
-0.375883
-0.0137656
-0.454483
-0.012224
-0.454064
0.204083
-0.207973
-0.0199962
-0.0137316
-0.510832
0.00721712
0.00817724
0.0155976
0.0265572
0.532585
0.0246414
0.0143107
0.530799
0.0199615
0.0124375
0.0106186
0.011897
0.0139319
0.0102619
-0.0106989
0.00045217
-0.560693
0.00174451
-0.001255
0.00767126
-0.0140852
0.53717
0.0118777
-0.550593
0.321083
-0.00917514
-0.328429
-0.00176329
-0.571834
-0.0100431
-0.381224
0.0046219
0.45688
0.0143315
-0.459761
0.00927909
-0.385418
-0.212571
-0.216335
-0.240138
0.0351301
-0.000922555
0.0334424
-0.00941066
0.234112
0.037743
0.0067613
-0.277911
-0.0523336
-0.294548
0.0171629
0.0084094
0.0145745
-0.342302
0.329099
-0.0352484
0.0237694
0.0391782
-0.402458
0.056555
-0.184222
-0.0262023
-0.324402
0.0697909
0.0112398
0.0489309
-0.442282
0.0579889
-0.228299
0.0528563
-0.397332
0.318748
0.0486787
0.0234538
-0.375979
-0.0681786
-0.347713
0.0703558
-0.0299714
-0.33942
-0.0328457
-0.0547205
-0.415033
0.0544483
-0.401249
0.0518479
-0.400084
-0.177252
0.0175768
-0.00753996
0.0117078
-0.00376483
0.0279716
-0.317457
0.00580088
0.38589
-0.0208392
0.00943388
0.0239524
-0.426127
0.0112932
0.0324395
0.00343722
-0.353256
-0.0290567
0.0211044
-0.466294
0.0296808
0.0106631
0.0374099
0.266737
0.0197508
-0.300969
0.456303
-0.0181612
0.0302613
-0.513105
0.0361056
0.0207767
-0.523662
0.0369106
0.0196458
-0.428039
-0.0267795
-0.0400949
0.0414484
0.450655
-0.0272013
0.0289373
-0.496364
0.454059
-0.0132956
-0.503777
0.0387944
-0.475168
0.158039
0.0409459
-0.176152
0.0514114
0.372965
-0.0531795
0.0320535
0.0507096
-0.415449
0.0687717
-0.366963
-0.0416095
-0.405679
0.0719227
-0.0293332
0.0533549
-0.428189
0.0631956
-0.415347
0.0504138
-0.448827
0.430387
0.059265
0.0424105
-0.475344
-0.0723332
-0.256312
-0.0521407
-0.427043
-0.0633465
-0.0508118
-0.567938
0.069474
-0.280729
-0.470779
-0.0348366
-0.337528
0.0293162
0.0139903
0.393224
0.0269051
0.00751082
0.0107553
0.0231474
0.0106465
-0.193561
0.0332832
0.0264619
-0.210279
-0.0403552
0.0242893
-0.456332
0.0397559
-0.0231035
0.0437708
0.461362
0.0318962
-0.504624
0.489796
-0.0181682
0.0321662
-0.529973
0.0468452
0.0325296
-0.495577
0.0463482
0.0352938
-0.518888
-0.0496528
-0.0477348
0.0620567
0.304386
-0.0386539
-0.327731
0.508948
-0.0281035
-0.550865
-0.561517
-0.312607
0.0631029
0.28835
-0.019116
0.0295384
0.0467922
-0.385568
0.0284057
-0.167533
-0.0504156
-0.309046
0.0778464
-0.0149496
0.0352501
-0.43799
0.066399
-0.220682
0.0583736
-0.391201
0.207431
0.0497332
0.0215606
-0.26758
-0.0667121
-0.274903
0.0396649
0.0355461
0.0264893
-0.339551
0.299653
0.0455232
0.0647468
-0.370544
-0.066474
-0.330956
-0.0897217
-0.340436
0.0997397
-0.0705581
-0.0517868
-0.423578
0.0753573
-0.400246
-0.405437
0.0745561
-0.174167
-0.00927041
0.0256118
-0.00722764
0.0180739
-0.0144759
0.0141032
-0.461541
0.0341915
-0.0093769
0.0186918
0.263756
0.00778538
-0.29934
0.457642
-0.0053885
0.0317618
-0.516534
0.0386775
0.0240168
-0.523302
0.0374955
-0.315291
0.0138762
0.398599
-0.0271225
0.0107506
0.0350365
-0.444075
0.0155996
0.0544865
0.00861081
-0.35499
0.0301301
0.0485583
-0.430484
-0.0522755
-0.0324073
0.0605458
0.459491
-0.0190379
-0.51244
0.464061
-0.0349758
0.0429231
-0.513464
0.059999
-0.481272
0.189754
0.0293121
-0.199978
0.0353249
0.460238
-0.00805808
0.0334811
0.00389466
-0.482202
0.00938385
-0.485702
-0.0430304
-0.488623
0.00331582
-0.0427663
0.00737042
-0.513396
0.00524649
-0.509693
0.00384907
-0.509218
0.342959
0.0272917
-0.359528
-0.034585
-0.425728
0.0303802
-0.439229
0.0174902
-0.0405423
-0.0211809
-0.55481
0.0260697
0.0320404
0.0422522
0.0470744
0.316051
0.0312115
0.537865
0.0186548
0.0353462
0.0407775
0.0218008
0.0248939
-0.211283
0.0243382
0.020123
-0.222733
-0.00279624
0.0283539
-0.507813
0.00172939
-0.0341218
0.00215446
0.0275794
0.536003
0.00124551
-0.564466
0.537006
-0.0211136
0.00208324
0.0168276
-0.563491
0.00164651
0.0250928
0.00054776
-0.533941
0.0225655
-0.378796
0.468722
-0.017153
0.0145883
-0.4921
0.0261494
-0.398251
0.381741
-0.0728537
0.0610851
0.063155
-0.428439
0.0967361
-0.371064
-0.0795318
-0.423352
0.093249
-0.0567406
0.0723971
-0.441289
0.0834222
-0.427389
0.062543
-0.466848
0.16286
0.0552943
-0.181858
0.0731823
0.447369
0.0653273
0.0682363
-0.493409
-0.0847809
-0.453149
-0.0894334
-0.271649
-0.0534491
-0.0730855
-0.605018
0.0573506
-0.495377
-0.294301
-0.0489625
-0.344405
0.0226352
0.0386188
0.401757
0.0352934
0.0144432
0.0197065
0.0166624
0.0279307
-0.0561321
0.0436041
-0.470568
0.0486848
-0.0415772
0.0599598
0.475514
0.0414779
-0.520518
0.506344
-0.0328938
0.0347874
-0.5463
0.0563961
0.0358068
-0.509975
-0.198986
0.04356
0.0318658
-0.215238
0.0510041
0.0513751
-0.535095
-0.0492253
-0.0542088
0.0499163
0.529909
-0.0384502
-0.56905
0.315348
-0.0376403
-0.336441
-0.575427
0.356223
-0.015517
0.0100794
-0.371211
0.0215345
-0.426011
0.0137414
-0.450975
0.540458
0.00253751
0.00059199
-0.00573418
-0.560997
-0.0055769
-0.53104
-0.00673668
-0.313694
-0.00133037
0.0065684
-0.655942
-0.00941991
-0.552234
-0.325068
0.203153
-0.21129
-0.0141516
0.0016373
-0.52201
-7.56704e-05
0.00526168
-0.00331166
0.0187626
0.540087
0.00785082
-0.000990986
0.552643
0.00126581
0.000192395
-0.00130085
0.0105327
0.00171713
0.000279931
-0.0121884
-0.38835
0.00683456
0.465697
0.00751497
-0.487107
0.00394891
-0.405752
0.00312104
-0.00327507
-0.584813
-0.00364191
-0.000291216
0.0088273
-0.0101116
0.573219
-0.00102981
-0.599195
0.338451
0.0082803
-0.3523
-0.000801919
-0.609819
-0.220806
-0.230539
-0.340045
0.0481985
0.524777
-0.0335609
0.0287514
0.0162816
-0.532997
0.0330192
-0.546172
-0.0335821
-0.543176
0.0128491
-0.0327726
0.0319104
-0.554943
0.0170108
-0.556454
0.0136196
-0.551544
0.221135
0.0238658
-0.224224
0.0278479
0.392
0.0256447
-0.397966
-0.0286573
-0.468035
0.0234437
-0.475439
0.0222872
-0.0351383
-0.0351526
-0.604878
0.02864
0.0275015
0.0351601
0.0426342
0.581216
0.0318279
0.0247488
0.347064
0.0241897
0.0312414
0.0216814
0.0226174
-0.0231556
0.027145
-0.547875
0.0114614
-0.028229
0.0210315
0.026457
0.572569
0.0224479
-0.592178
0.566705
-0.0215625
0.00898012
0.0216035
-0.58348
0.00871257
0.0256233
0.0107755
-0.564689
-0.230554
0.0217669
0.0176464
-0.237884
0.0234594
-0.409278
0.488942
-0.0195437
0.0176769
-0.503717
0.020567
-0.421905
0.587029
-0.0081496
0.0157975
-0.00581328
-0.602168
0.00557423
-0.564258
-0.0108608
-0.337905
-0.0169772
-0.00655442
-0.682631
-0.00487974
-0.582371
-0.347048
0.393757
-0.0163098
0.0122626
-0.402176
0.0165132
-0.468424
0.0108852
-0.477884
0.22195
-0.227453
-0.0125469
-0.0216246
-0.554965
0.0171533
0.00478355
0.0232685
0.014229
0.582159
0.0165189
0.0192537
0.572222
0.0198152
0.00682182
0.021753
0.00581446
0.0174556
0.00656822
-0.00430071
0.0154344
-0.62156
-0.00668797
-0.0183489
-0.00810276
0.0168797
0.600087
0.00705301
-0.623032
0.358561
-0.0182173
-0.370258
-0.00643897
-0.641521
-0.0157197
-0.414576
0.0115638
0.492436
0.0139535
-0.507618
0.0114544
-0.427271
-0.234868
-0.242375
-0.388284
0.0255906
-0.0164335
0.0314076
-0.0251677
0.386723
0.0129148
0.00159109
-0.417059
-0.0161392
-0.464268
0.0081369
0.0039072
0.0066558
-0.499362
0.575863
-0.0156387
0.0134657
0.0138314
-0.623344
0.0194129
-0.332054
-0.016765
-0.560742
0.0218646
0.00739405
0.0254338
-0.709468
0.0176043
-0.359871
0.021085
-0.608519
0.519364
0.0170228
0.00826731
-0.559483
-0.0217102
-0.540136
0.0219335
-0.0134099
-0.549548
-0.0160456
-0.0197117
-0.592276
0.0180206
-0.580516
0.0166844
-0.592092
-0.252809
0.00698667
-0.00291608
0.00590867
-0.00308593
0.0107027
-0.44611
0.00285161
0.533287
-0.00938691
0.0048637
0.00924834
-0.56451
0.0061709
0.0116058
0.000862735
-0.472621
-0.0169578
0.0116675
-0.667466
0.0132598
0.0103789
0.0246237
0.385729
0.0152712
-0.409175
0.648204
-0.00828528
0.0179986
-0.689901
0.016517
0.0117911
-0.708113
0.0144978
0.0101157
-0.597834
-0.015779
-0.0162285
0.0146581
0.619642
-0.0122745
0.0103548
-0.655604
0.631726
-0.00597722
-0.669187
0.0130767
-0.632859
0.226552
0.0172398
-0.241959
0.0218241
0.534122
-0.0200555
0.0108873
0.0216374
-0.570463
0.0244113
-0.546215
-0.0156642
-0.568634
0.0303831
-0.00700426
0.0197814
-0.596144
0.025457
-0.584684
0.0203949
-0.606216
0.602959
0.0265283
0.0177127
-0.64279
-0.0303462
-0.350838
-0.0236688
-0.587848
-0.0288307
-0.023394
-0.742533
0.0372418
-0.373288
-0.628722
-0.0143275
-0.452001
0.0122955
0.00628266
0.534678
0.0117602
0.00120154
0.00311857
0.00992213
0.00449104
-0.256901
0.0141328
0.0109986
-0.270924
-0.0156034
0.00999519
-0.606185
0.0172709
-0.00676991
0.0175688
0.621975
0.0134138
-0.656415
0.642117
-0.00586077
0.0147446
-0.676903
0.0220971
0.0153129
-0.639421
0.0217467
0.0136812
-0.680946
-0.0234213
-0.0237142
0.0329541
0.394915
-0.020123
-0.415593
0.661758
-0.00872115
-0.699032
-0.717205
-0.404378
0.0337129
0.575458
-0.000555198
-0.00402508
0.012008
-0.620858
0.00381158
-0.329749
0.000241993
-0.56439
0.0184831
-0.00701453
0.00506875
-0.712707
0.0167397
-0.356195
0.0172768
-0.610107
0.38893
0.015428
0.00330512
-0.418907
-0.0198729
-0.476277
0.00557763
0.00617025
0.0027562
-0.517683
0.52529
0.00608222
0.0194964
-0.564515
-0.0122982
-0.557595
-0.0253258
-0.555175
0.0309894
-0.0220852
-0.00484466
-0.603434
0.0258737
-0.599212
-0.595561
0.0276612
-0.250313
-0.00452897
0.007707
-0.00366548
0.00550601
0.00311653
-0.00629577
-0.660857
0.00676151
-0.00801437
-0.00413476
0.379698
-0.00399135
-0.40081
0.647407
0.00731353
0.00807154
-0.685375
0.00696868
0.00467722
-0.697133
0.0107556
-0.445582
0.00225596
0.540916
-0.00839973
-0.00104046
0.0121102
-0.568774
0.000188638
0.0079249
0.000345213
-0.469773
0.00237531
0.0128319
-0.599232
-0.014263
0.00110204
0.0197375
0.635207
0.00136591
-0.669679
0.628402
-0.0101567
0.0154162
-0.659984
0.0172838
-0.63094
0.234808
0.0135584
-0.246862
0.0167667
0.562111
0.00338514
0.0119147
-0.00169997
-0.590205
-0.00222795
-0.593615
-0.0171512
-0.591603
0.000443176
-0.016975
-7.85441e-05
-0.624407
-0.000898538
-0.624352
0.000498626
-0.6178
0.41934
0.00953306
-0.440098
-0.0138514
-0.516832
0.0108097
-0.533819
-0.000996285
-0.0190526
-0.00730765
-0.683454
0.0116435
0.0141132
0.0186911
0.024809
0.392636
0.0157346
0.666541
0.00469702
0.0186978
0.0189358
0.00931343
0.0112152
-0.259509
0.0111914
0.00890991
-0.272052
0.00552036
0.0105771
-0.620337
-0.00244387
-0.0134948
-0.00256193
0.00843364
0.655096
-0.00604165
-0.686887
0.650143
-0.00706475
-0.000653294
0.00326086
-0.680543
-0.000641319
0.0090808
-0.0027862
-0.649667
0.00809915
-0.462428
0.568144
-0.00512998
0.00285308
-0.594286
0.0138757
-0.48415
0.54679
-0.024713
0.0161823
0.0212088
-0.580366
0.0317963
-0.563477
-0.0224742
-0.582407
0.0336973
-0.0162402
0.0239164
-0.608938
0.0283405
-0.599083
0.0193454
-0.617884
0.23032
0.0189778
-0.244454
0.0257177
0.613147
0.0229562
0.0214971
-0.649217
-0.0303389
-0.602266
-0.0294418
-0.35681
-0.0143126
-0.0229138
-0.758047
0.0116335
-0.639384
-0.376659
-0.0158167
-0.454446
0.00445173
0.0146342
0.552357
0.0119663
0.00364844
0.0052787
0.00263593
0.011069
-0.0190558
0.00901322
-0.612108
0.0179436
-0.0106849
0.0213581
0.635891
0.0149068
-0.668153
0.649874
-0.00561961
0.0126291
-0.6816
0.0230146
0.0135802
-0.641508
-0.257702
0.0157971
0.0117369
-0.270223
0.0169756
0.0188747
-0.682702
-0.0204342
-0.0188978
0.0200533
0.668578
-0.0126789
-0.701852
0.394891
-0.0140325
-0.412662
-0.714866
0.425298
-0.00140431
-0.000490492
-0.445092
0.00537029
-0.511695
0.00203614
-0.543973
0.63793
0.000653028
-0.0131895
0.00239269
-0.666908
-0.00259529
-0.624145
0.00939992
-0.368124
0.0172027
0.01643
-0.770684
-4.76691e-05
-0.654054
-0.38436
0.241551
-0.25268
-0.000314144
0.0029216
-0.624468
-0.000390365
-0.00525861
-0.00733404
0.00127956
0.650998
-0.00362857
-0.0024271
0.660997
-0.00226669
-0.0124415
-0.00284042
-0.00496577
0.000266584
-0.00856132
-0.00101934
-0.465747
-0.00153665
0.561751
-0.00180779
-0.586779
-0.00358905
-0.486221
0.0010634
-0.0124688
-0.697088
0.0027521
0.014815
0.0144693
-0.0254476
0.68071
0.000964109
-0.712038
0.40174
0.0154438
-0.419114
0.00484432
-0.72723
-0.264434
-0.275978
-0.415475
0.0192958
0.586102
-0.013531
0.0153584
0.00678665
-0.607996
0.0136504
-0.615139
-0.0201753
-0.605446
0.00471782
-0.0157829
0.0120247
-0.636272
0.00703584
-0.640057
0.004922
-0.628232
0.247143
0.0126445
-0.256767
0.0161208
0.438124
0.0141553
-0.454665
-0.0175857
-0.522869
0.0154816
-0.542468
0.0126528
-0.0152851
-0.0178048
-0.703787
0.0160493
0.0131283
0.0156237
0.0197013
0.683381
0.0117782
0.0129708
0.40582
0.012706
0.0148949
0.0117587
0.0101732
-0.00654115
0.0145226
-0.632784
0.00404796
-0.0140784
0.00417733
0.013759
0.666268
0.0059833
-0.693747
0.65431
-0.0104049
0.00208007
0.0100023
-0.680217
0.00160683
0.0133385
0.00382649
-0.657573
-0.267572
0.0115651
0.00885743
-0.278411
0.0127504
-0.473467
0.564881
-0.00995575
0.00867593
-0.586953
0.0109145
-0.492042
0.665121
-0.00621077
0.0184832
-0.00598773
-0.689177
0.00417942
-0.644597
-0.017104
-0.384248
-0.0208431
-0.013212
-0.788223
-0.00652058
-0.671367
-0.398472
0.443277
-0.0110067
0.00956038
-0.459384
0.0128818
-0.526681
0.0100841
-0.545823
0.251519
-0.260677
-0.00587062
-0.0145216
-0.639177
0.0140857
0.00172136
0.0154126
0.00954296
0.673914
0.00837056
0.0146682
0.658295
0.0124844
0.00406605
0.0181469
0.00341923
0.0132674
0.00304784
-0.00302967
0.0169446
-0.715983
-0.00609961
-0.0199944
-0.0134078
0.0290952
0.695497
0.00351599
-0.724817
0.414342
-0.0171701
-0.430046
-0.00587115
-0.743026
-0.0102
-0.477849
0.00837587
0.567685
0.00861186
-0.589127
0.00807523
-0.495918
-0.271072
-0.281333
-0.483644
0.0280379
-0.0260125
0.0304017
-0.0291079
0.498528
0.00785762
0.00103709
-0.522515
-0.00837768
-0.595083
0.00464232
0.00253208
0.00362205
-0.623482
0.746569
-0.0152604
0.00370748
0.0113539
-0.7828
0.0163961
-0.431507
-0.00635315
-0.723923
0.0148493
0.012848
0.0229925
-0.890298
0.0119423
-0.45225
0.0172992
-0.761706
0.667106
0.0100318
0.00577365
-0.699003
-0.0111345
-0.690784
0.00875099
-0.00864345
-0.704406
-0.0094217
-0.0123682
-0.734936
0.00845831
-0.723511
0.00738528
-0.738575
-0.310414
0.00737844
-0.00592453
0.00704368
-0.00614315
0.00731281
-0.546242
0.00268479
0.651538
-0.00700149
0.00273114
0.00585054
-0.677879
0.00347124
0.00665623
0.00158537
-0.568493
-0.0155838
0.00186597
-0.81746
0.0113493
0.013598
0.0221818
0.472225
0.0142983
-0.491234
0.791862
-3.82042e-05
0.017027
-0.827072
0.0140978
0.0109404
-0.850782
0.0093476
0.0081155
-0.730418
-0.0091445
-0.0113398
0.00808279
0.755796
-0.00863115
0.00616443
-0.786255
0.770675
-0.00610901
-0.802566
0.00691278
-0.760082
0.284791
0.00775809
-0.297952
0.00963359
0.67218
-0.00970544
0.00308237
0.0113158
-0.702958
0.0106569
-0.690691
-0.00595329
-0.710084
0.015798
-0.000747734
0.00965511
-0.734706
0.0122234
-0.722894
0.00995732
-0.742685
0.75275
0.0155901
0.00512939
-0.787064
-0.0161453
-0.436038
-0.00804926
-0.730579
-0.0162915
-0.0137841
-0.902863
0.02524
-0.45583
-0.767377
-0.00765114
-0.548659
0.00663313
0.00278177
0.651095
0.00681297
0.000505849
0.00158883
0.00578087
0.00195155
-0.310958
0.00733988
0.006181
-0.32341
-0.00837861
0.00337319
-0.733476
0.00982671
-0.00304205
0.00998391
0.755029
0.00817494
-0.785409
0.773661
-0.00176517
0.00893042
-0.804783
0.0139604
0.00952331
-0.762557
0.0132552
0.00532986
-0.820497
-0.0135272
-0.0145842
0.0196887
0.474796
-0.013368
-0.493419
0.79562
-0.00357606
-0.829941
-0.8531
-0.491425
0.0196303
0.730753
0.00679276
-0.00575146
-0.000131281
-0.762639
-0.00747014
-0.420651
0.00700101
-0.71672
-0.000493365
-0.00791542
-0.00719589
-0.882831
0.00047869
-0.439257
0.0016694
-0.750628
0.492593
0.00414669
-0.00116391
-0.513891
-0.0054183
-0.595601
-0.00219745
0.000212156
-0.00239563
-0.620662
0.660776
-0.00451355
0.00462639
-0.688894
0.00260474
-0.700648
-0.0057868
-0.690163
0.0120339
-0.00527484
0.00660509
-0.730793
0.00881337
-0.731506
-0.71863
0.00960144
-0.301155
0.000759634
-0.000118406
0.00183299
-0.00131672
0.00950535
-0.00389131
-0.793358
-0.00342168
-0.010521
-0.012277
0.457402
-0.00781678
-0.475031
0.778791
0.00132125
-0.00267542
-0.810958
-0.00542531
-0.00303091
-0.823664
0.00184401
-0.534712
-0.000718627
0.645184
-0.00115556
-0.00206568
0.00380556
-0.668742
-0.00259919
0.00549285
-0.00158042
-0.554773
-0.00391844
0.00108688
-0.716332
-0.000775862
0.00728448
0.00585302
0.759887
0.00422814
-0.789203
0.746523
-0.000879396
0.00485929
-0.773859
0.00659892
-0.74317
0.284722
0.00579981
-0.297042
0.00699204
0.679119
0.00677839
0.00347779
-0.00309263
-0.707644
-0.00625355
-0.717057
-0.00554811
-0.711272
-0.00155045
-0.00634943
-0.00472889
-0.74682
-0.00280015
-0.748183
-0.00125423
-0.740974
0.506212
0.00209307
-0.527444
-0.00391241
-0.620543
0.00132986
-0.645979
-0.000387997
-0.0109397
-0.000220133
-0.815013
0.00452015
0.00667183
0.0104326
0.0145756
0.469279
0.00961593
0.794936
0.00115518
0.0109676
0.00925753
0.00448055
0.00602309
-0.309136
0.00445255
0.00420428
-0.320687
0.00585104
0.00291678
-0.735642
-0.00243711
-0.00449576
-0.00488572
-9.08892e-05
0.77678
-0.00599776
-0.806164
0.77013
-0.00190495
-0.0011357
-0.00196965
-0.797621
-0.00163021
-0.000709747
-0.00267494
-0.762369
0.00165962
-0.54836
0.671042
-0.000737867
-0.00155259
-0.695066
-0.000846852
-0.568237
0.669387
-0.00916704
0.000498114
0.0091086
-0.696143
0.0120298
-0.698404
-0.00140345
-0.710422
0.0157898
-0.00306986
0.00875278
-0.735681
0.0121042
-0.727152
0.00748523
-0.739667
0.282163
0.00771416
-0.293651
0.0102533
0.745254
0.00733203
0.0101139
-0.775155
-0.00930062
-0.72935
-0.0134159
-0.429935
-0.00742402
-0.0103619
-0.896864
0.0106547
-0.761783
-0.447146
-0.0053889
-0.538608
-0.000980033
0.0069066
0.659048
0.00399165
0.00105921
0.00140515
-0.000665184
0.00509787
-0.00730722
-0.00228312
-0.722146
0.0088642
-0.00177774
0.00848858
0.755313
0.00521813
-0.782903
0.766441
0.00149138
0.00574685
-0.794357
0.0125952
0.00652454
-0.747778
-0.304835
0.00710839
0.00535884
-0.315823
0.00528518
0.010894
-0.803852
-0.0135429
-0.0105182
0.0177045
0.78635
-0.00452125
-0.816759
0.463273
-0.00842027
-0.479621
-0.83273
0.507338
0.00397157
-0.00549581
-0.527725
-0.00211288
-0.61279
-0.00422635
-0.637732
0.75751
-0.00219316
-0.0164762
0.00634932
-0.787231
0.0010889
-0.73854
0.013918
-0.436833
0.0224647
0.0175426
-0.905517
0.00499751
-0.769838
-0.453999
0.287769
-0.299143
0.00518342
0.00421868
-0.735024
-0.00112157
-0.00896996
-0.00574583
-0.00533953
0.766275
-0.00698347
-0.00194878
0.776649
-0.00239806
-0.0147035
-0.00216634
-0.00992893
-4.48329e-06
-0.0106729
0.00366609
-0.547966
-0.00547994
0.662474
-0.00473991
-0.685857
-0.00583707
-0.567146
-0.00240192
-0.0144979
-0.816129
0.00609741
0.0181983
0.0153926
-0.0287544
0.795064
0.00244033
-0.825329
0.470812
0.0163541
-0.486773
0.00657203
-0.844275
-0.310404
-0.321157
-0.491093
0.017668
0.683761
-0.00127762
0.00629415
0.00182873
-0.709249
0.00147513
-0.720926
-0.00958128
-0.707516
-4.5902e-05
-0.0077582
0.00280789
-0.744072
0.00205728
-0.748969
0.000850534
-0.733408
0.289728
0.00632645
-0.300672
0.0080096
0.511715
0.00687198
-0.530634
-0.00893732
-0.610338
0.00743615
-0.632637
0.00590372
-0.00347532
-0.0110399
-0.820179
0.00821428
0.00581754
0.0125926
0.0107658
0.797182
0.00318468
0.0090359
0.473702
0.0079112
0.00862127
0.00589731
0.00499688
0.00116947
0.00577528
-0.734957
0.000940677
-0.0069376
0.000106559
0.00639426
0.775209
-0.00127219
-0.802322
0.759395
-0.00355744
0.00035755
0.00380292
-0.783993
-0.000450851
0.0053573
0.00065627
-0.759772
-0.311648
0.00561464
0.00468709
-0.322181
0.00616233
-0.549819
0.655242
-0.00471249
0.00389597
-0.676696
0.00495216
-0.568166
0.771426
-0.00122744
0.0154652
-0.00574799
-0.799419
0.00100197
-0.749871
-0.015749
-0.446732
-0.0193638
-0.0136176
-0.917267
-0.00590318
-0.780033
-0.463017
0.515249
-0.00683723
0.00698612
-0.533721
0.00809329
-0.612029
0.00713668
-0.63403
0.29229
-0.302876
-0.00330988
-0.00925066
-0.739144
0.0105083
0.00064889
0.00998456
0.00746819
0.779968
0.00514889
0.0109339
0.760866
0.00782172
0.00269487
0.0147023
0.0024384
0.0093622
0.0018091
-2.73485e-05
0.0140058
-0.827425
-0.00538454
-0.0183662
-0.0129226
0.0303063
0.804512
4.64549e-05
-0.834287
0.479503
-0.0131167
-0.495409
-0.00514396
-0.854882
-0.0063907
-0.552604
0.00603765
0.656516
0.00534595
-0.678
0.00584732
-0.570528
-0.313678
-0.324045
-0.562564
0.0247761
-0.0233929
0.0239014
-0.0230502
0.590559
0.006174
0.00208227
-0.611503
-0.00652656
-0.703906
0.00246831
0.0028563
0.00187475
-0.728535
0.8829
-0.0121061
-0.00268314
0.00989493
-0.914109
0.0134693
-0.509873
0.0014803
-0.854568
0.0131983
0.0110936
0.0193984
-1.03825
0.0102822
-0.527894
0.0161047
-0.887925
0.78943
0.00724152
0.00646589
-0.817537
-0.00783753
-0.816339
0.00607397
-0.00767591
-0.832345
-0.00464794
-0.0102814
-0.856926
0.00649854
-0.844814
0.00560734
-0.862554
-0.3588
0.00737939
-0.00703717
0.00670191
-0.0065437
0.00574599
-0.632012
0.00265793
0.752537
-0.00529367
0.00102574
0.0045298
-0.775478
0.00128572
0.00522097
0.0020483
-0.651682
-0.0106178
-0.00442266
-0.943613
0.00870691
0.0098399
0.0170966
0.545368
0.0096083
-0.562436
0.912856
0.00447571
0.0141479
-0.944505
0.011463
0.00842258
-0.972643
0.00642124
0.00648906
-0.84493
-0.00265051
-0.00910801
0.00684011
0.872371
-0.00588952
0.00524161
-0.898631
0.890123
-0.00582664
-0.918623
0.00585641
-0.871406
0.335713
0.00566389
-0.347606
0.00634984
0.791321
-0.00772816
0.00133859
0.00854012
-0.818987
0.00761235
-0.815494
-0.00196394
-0.833797
0.0114613
0.000476353
0.00735567
-0.856086
0.00868562
-0.844288
0.00679699
-0.863516
0.884786
0.0118318
0.00373914
-0.91608
-0.0114982
-0.51181
-0.00453832
-0.8573
-0.0125777
-0.00935765
-1.04703
0.0160591
-0.529988
-0.891823
-0.00571369
-0.633219
0.00572993
0.000536404
0.752797
0.00537247
-0.000236415
0.000551722
0.00513522
0.000449711
-0.35911
0.005996
0.00530803
-0.370224
-0.00789709
0.000215777
-0.845784
0.00893929
0.000159042
0.00875174
0.872461
0.00787957
-0.899389
0.890591
8.21007e-05
0.00786104
-0.91863
0.0124357
0.0087825
-0.871529
0.0116377
0.00380191
-0.945797
-0.0115393
-0.0113926
0.0126995
0.5469
-0.0123266
-0.563616
0.915755
-0.00250875
-0.947362
-0.974959
-0.569146
0.0119951
0.853499
0.00752182
0.00392438
-0.00446708
-0.883826
-0.00961464
-0.49255
-0.000878065
-0.837652
-0.00828665
-0.00880333
-0.0107412
-1.02491
-0.00538992
-0.510015
-0.00509424
-0.869451
0.574931
-0.00046447
-0.00138625
-0.595018
0.000470477
-0.692715
-0.00159646
-0.000854366
-0.000701512
-0.727306
0.77006
-0.00241736
-0.000941572
-0.797242
0.00285215
-0.816562
0.00160751
-0.801759
0.00315386
0.00192913
0.00150694
-0.84312
0.00168495
-0.845639
-0.832753
0.00527478
-0.347097
0.00534118
-0.00441183
0.0057923
-0.00490159
0.00854683
0.00541755
-0.913417
-0.00627871
-0.00980322
-0.0128118
0.527193
-0.00662976
-0.544268
0.895308
-0.00741168
-0.00613043
-0.926576
-0.00965357
-0.00532894
-0.943134
-0.0020057
-0.614651
-0.000981707
0.751161
0.00260015
0.000751176
-0.0126121
-0.763588
-0.000237494
-4.52414e-05
-0.00132685
-0.633567
-0.00179021
-0.0036403
-0.823389
0.00473306
0.000838183
-0.000988873
0.871955
0.00138734
-0.89989
0.860359
0.0039143
-0.00553968
-0.884611
-0.000683663
-0.848683
0.331634
0.00357709
-0.342069
0.00328544
0.78761
0.00328596
0.00129005
-0.00167108
-0.811244
-0.00343661
-0.831915
-0.00167036
-0.8234
-0.00093361
-0.00289356
-0.00184435
-0.855343
-0.00147496
-0.858667
-0.000648517
-0.845224
0.587239
0.000298873
-0.605084
-0.00078036
-0.717735
-0.00186665
-0.728944
-0.0126517
-0.00896122
-0.00237396
-0.926799
0.00377428
0.00533561
0.00984223
0.00929672
0.535042
0.00911397
0.905663
0.00277252
0.00888531
0.00580381
0.0044518
0.0059726
-0.352182
0.00307762
0.00383425
-0.362094
0.00103074
0.00301366
-0.834714
-0.000386943
-0.0029369
-0.000738141
0.000469922
0.882525
-0.00169824
-0.907997
0.872364
-0.00320608
-0.000145758
0.00134289
-0.896223
-0.000219468
0.00354709
-0.000820237
-0.857329
0.00159979
-0.622852
0.76113
-0.00169063
0.000472128
-0.782427
0.0107902
-0.639915
0.773116
-0.00318858
-0.000738761
0.00464533
-0.798263
0.00412894
-0.809826
0.00265246
-0.820089
0.00894268
-0.000813761
0.00276423
-0.844785
0.00641546
-0.833398
0.00311486
-0.84753
0.326682
0.00378712
-0.337463
0.00510038
0.860823
0.00298225
0.00723203
-0.889329
-0.00357051
-0.841337
-0.00883538
-0.495851
-0.00653308
-0.0084963
-1.02613
0.0151441
-0.872601
-0.512567
-0.00132274
-0.615018
-0.000742288
0.00323914
0.74335
0.000400817
-0.000684298
0.000116114
-4.64795e-05
0.00198278
-0.00185033
-0.00256068
-0.823659
0.00527555
0.00091132
0.00289866
0.859873
0.000286548
-0.889102
0.872685
0.00114693
0.00346991
-0.900225
0.00867492
0.00383558
-0.849605
-0.348105
0.00372745
0.00260665
-0.358761
0.00122964
0.00875019
-0.916619
-0.0122531
-0.009092
0.0207649
0.894832
-0.000361237
-0.92437
0.528122
-0.00793139
-0.544165
-0.944465
0.585781
0.00457504
-0.00507176
-0.60374
-0.00403663
-0.708891
-0.00530935
-0.741272
0.871024
-0.002301
-0.0146696
0.00584857
-0.897173
0.00280774
-0.848703
0.0138587
-0.502029
0.0183255
0.0161255
-1.03039
0.00600674
-0.877442
-0.516638
0.331583
-0.341591
0.00326421
0.000386045
-0.830589
0.000280168
-0.0067091
-0.00203114
-0.00375472
0.867805
-0.00343024
-0.000725845
0.878778
-0.000606258
-0.00972717
-0.00068544
-0.00663907
0.00054258
-0.00671857
0.00268244
-0.620511
-0.0041221
0.7511
-0.00243339
-0.770811
-0.0033419
-0.637105
-0.0028045
-0.0116807
-0.921584
0.00505982
0.0136389
0.0133821
-0.0238389
0.898723
0.00120789
-0.926173
0.530579
0.0115968
-0.544479
0.00421726
-0.94623
-0.351138
-0.360506
-0.561999
0.021138
0.784165
0.00151455
0.00200246
0.000281515
-0.807698
-0.00178089
-0.827076
-0.00316581
-0.808442
-0.000617102
-0.00431407
0.00103047
-0.845635
0.000426508
-0.853061
-9.87789e-05
-0.831929
0.33251
0.00344709
-0.342488
0.00393403
0.586406
0.00323032
-0.603938
-0.00414371
-0.698088
0.00293417
-0.718652
0.00223146
0.000403338
-0.00821867
-0.926664
0.00416561
0.00274177
0.0137559
0.0082276
0.901438
-0.00111623
0.00847724
0.536768
0.00723934
0.00623504
0.00353208
0.00241888
0.00172761
0.00174803
-0.830966
0.000372236
-0.00372989
-0.00117872
0.00216538
0.876724
-0.00179064
-0.901987
0.855407
-0.00129124
-0.000813332
0.000225251
-0.878491
-0.00103742
0.00074384
0.000147267
-0.853979
-0.3524
0.00251297
0.00221672
-0.362231
0.00270116
-0.621472
0.739241
-0.00210316
0.000705957
-0.759503
0.00117808
-0.638741
0.881565
-0.000282861
0.0101033
-0.00377309
-0.907948
0.000261618
-0.857437
-0.0114729
-0.510946
-0.0155387
-0.00914595
-1.04194
-0.0042152
-0.886517
-0.525978
0.588457
-0.00389811
0.0042466
-0.605691
0.00474989
-0.699476
0.00464343
-0.72018
0.334353
-0.344332
-0.00259651
-0.00476941
-0.831988
0.00596642
0.000275212
0.00556502
0.00684602
0.879063
0.00229235
0.00590203
0.858309
0.00359686
0.00220853
0.0100216
0.00236194
0.00446586
0.000386418
-0.00136109
0.00871503
-0.933568
-0.00247633
-0.0138242
-0.00776358
0.0252166
0.908483
0.00111429
-0.937149
0.540673
-0.00735506
-0.555365
-0.00201047
-0.959642
-0.00314317
-0.622907
0.00281054
0.740901
0.00250266
-0.761363
0.00226559
-0.639884
-0.354237
-0.364078
-0.634801
0.0160584
-0.0149716
0.0136703
-0.0137428
0.670626
0.00448476
0.00126228
-0.688995
-0.00494656
-0.797526
0.000335392
0.00184413
0.00056298
-0.818904
0.999695
-0.00794361
-0.00372719
0.00695501
-1.02699
0.0082734
-0.578699
0.00554803
-0.9672
0.0088361
0.0072882
0.0125185
-1.16882
0.00703321
-0.594868
0.0117158
-0.997284
0.896758
0.00494625
0.00415672
-0.921526
-0.00518051
-0.923808
0.00555016
-0.00447551
-0.944146
-0.00045678
-0.0076214
-0.96231
0.00565798
-0.948264
0.00485751
-0.970887
-0.400402
0.00464086
-0.00482903
0.00355824
-0.003404
0.00431579
-0.706345
0.000301381
0.839177
-0.00395243
0.000605251
0.00336994
-0.859165
-0.000106057
0.00402864
-0.000127131
-0.723394
-0.00709315
-0.00404552
-1.05207
0.00558718
0.00707597
0.00998173
0.609902
0.00768796
-0.62486
1.01794
0.000624171
0.00928817
-1.04698
0.00623937
0.00599169
-1.07808
0.00456612
0.00127651
-0.944565
0.00146401
-0.00632952
0.00603959
0.971462
-0.0047484
0.00461787
-0.994656
0.994129
-0.00159836
-1.01904
0.00530266
-0.967342
0.380862
0.0053111
-0.39126
0.00574152
0.89625
-0.00806835
-0.00091835
0.00910735
-0.920287
0.00827831
-0.925223
0.00130421
-0.943711
0.0118393
0.00390076
0.00729057
-0.962706
0.00939191
-0.950247
0.00697816
-0.969968
1.00228
0.0128839
0.00207189
-1.0296
-0.012335
-0.579751
-0.00251356
-0.970376
-0.0134633
-0.00968585
-1.1746
0.0156033
-0.595923
-1.00171
-0.00545259
-0.706228
0.00596237
-0.000885556
0.840711
0.00536141
-0.00197188
-0.00162737
0.00541407
-0.000219398
-0.400985
0.00572393
0.0053623
-0.410573
-0.00884143
-0.00324002
-0.942904
0.0106767
0.00547153
0.00909965
0.973781
0.00842433
-0.996859
0.993026
0.00191221
0.00915435
-1.01769
0.0140894
0.0100815
-0.965245
0.0140754
0.00142845
-1.05462
-0.0134771
-0.0138535
0.016346
0.610419
-0.0141797
-0.624945
1.02096
-0.00146268
-1.04919
-1.07989
-0.637453
0.0154748
0.971255
0.00555243
0.00714918
-0.00496786
-0.999348
-0.00725406
-0.560447
-0.00629559
-0.950849
-0.00938066
-0.00654408
-0.00844951
-1.15587
-0.00617759
-0.576442
-0.00562998
-0.980944
0.652483
-0.0025786
-0.00118575
-0.670764
0.00233229
-0.798197
0.000103666
-0.00123599
0.000776054
-0.821484
0.87373
-0.000919441
-0.00389824
-0.898188
0.00198474
-0.924745
0.00393237
-0.914294
0.00127658
0.00432288
-0.00158147
-0.948782
-0.00233527
-0.951667
-0.940586
-0.00253178
-0.389573
0.0045365
-0.00435127
0.00415186
-0.0038988
0.00612551
0.00430287
-1.02468
-0.00569663
-0.00621018
-0.00876266
0.591141
-0.00463041
-0.605793
1.00266
-0.00485998
-0.00456289
-1.03059
-0.00824081
-0.00432337
-1.05009
-0.00288389
-0.687884
-0.00129051
0.84243
0.00314194
0.000439387
-0.0151537
-0.850927
-0.000243755
-0.00241829
-0.000677239
-0.704441
-0.00196859
-0.00511436
-0.92069
0.00533991
0.00118422
-0.00319532
0.974265
-5.08448e-05
-0.999252
0.964056
0.00493465
-0.00804933
-0.983983
-0.00433048
-0.94278
0.371657
0.00450103
-0.381197
0.00334268
0.878901
0.00163426
0.00408064
-0.000671872
-0.900461
0.000317864
-0.930135
-0.00339207
-0.918801
-2.53933e-05
-0.00476656
-0.000985924
-0.950751
0.00027486
-0.954715
-0.000415284
-0.938643
0.656393
0.00252988
-0.672576
-0.00219621
-0.802211
0.0001511
-0.81056
-0.0107176
-0.0108126
-0.00259369
-1.02636
0.0050247
0.00712052
0.0111905
0.0119905
0.592347
0.0114762
1.00431
0.0031389
0.0118254
0.00808621
0.00614502
0.00851684
-0.390568
0.0046456
0.00602667
-0.399971
0.000251878
0.00614606
-0.922602
9.51674e-05
-0.0059802
0.000227313
0.0046205
0.976711
-0.00236504
-1.00135
0.964755
-0.00702437
-0.000337242
0.00665258
-0.988176
5.91149e-05
0.0086688
-0.000967879
-0.944775
0.00427828
-0.68919
0.842629
-0.00475807
0.00456257
-0.863253
0.0156748
-0.705602
0.873505
-0.000366362
-0.00323302
0.00382687
-0.897469
0.00139946
-0.910899
0.00410143
-0.924177
0.00759051
0.00421181
0.00071001
-0.947576
0.00497559
-0.935123
0.00290085
-0.950524
0.369009
0.00226001
-0.379192
0.00298733
0.970816
-0.00116067
0.00863683
-0.997625
0.000500977
-0.946834
-0.0091146
-0.559736
-0.00986065
-0.00977617
-1.14939
0.0254623
-0.977116
-0.575609
-1.93535e-05
-0.687282
-0.00241427
0.00264928
0.828895
-0.000463349
-0.00240176
-0.00213526
-0.0019676
0.00199233
-0.000464301
-0.00749618
-0.919971
0.00552081
0.00661323
0.00188403
0.958931
-0.000543574
-0.985617
0.972966
0.00624724
0.00489232
-0.99798
0.00926779
0.00427658
-0.942605
-0.388824
0.00262478
0.00207118
-0.398386
-0.00323748
0.0109254
-1.02224
-0.0156679
-0.0102714
0.0308509
0.996691
0.00385537
-1.02444
0.589513
-0.0104954
-0.60364
-1.04718
0.65366
0.000823598
-0.00146268
-0.670573
-0.00130893
-0.791205
-0.0024807
-0.823108
0.969894
0.00145118
-0.00790552
0.00195707
-0.994853
0.00144534
-0.946437
0.00828625
-0.558149
0.0118508
0.00853449
-1.14315
0.00330175
-0.973905
-0.572348
0.369713
-0.379089
-0.00202118
0.00169121
-0.918077
-0.000484486
-0.00082552
-0.00303706
0.00086273
0.958783
0.00223365
-0.0014966
0.971805
-0.00354257
-0.00369895
-0.00101278
-0.00133504
-0.000922521
-0.000622142
-0.00138577
-0.686533
-0.000175576
0.830532
0.0020563
-0.849715
0.000805929
-0.702979
0.00152525
-0.00461116
-1.0186
0.000761334
0.00874752
0.00529853
-0.0177246
0.99384
-0.00439702
-1.02152
0.586309
0.00426611
-0.600922
-0.000577734
-1.04369
-0.388225
-0.397586
-0.629658
0.0308557
0.876981
0.00194921
0.000792736
0.000141224
-0.900208
-0.00145978
-0.925297
-0.000701309
-0.901785
-0.00174737
-0.00319833
-0.00403619
-0.941437
0.000510779
-0.950695
-0.00194064
-0.925415
0.372062
0.000961136
-0.382013
0.00107185
0.656118
0.00122755
-0.67358
-0.00156666
-0.779934
-0.000429869
-0.800512
-0.000752424
0.0066564
-0.00833103
-1.03034
0.00227857
-0.00028747
0.0192045
0.00778431
1.00259
-0.00791153
0.00949406
0.596992
0.00819663
0.00632323
0.00277844
-0.000486504
0.00127275
0.000405008
-0.923211
0.000673793
-0.00262166
-0.00624067
-0.0010003
0.97402
-0.0025606
-0.999807
0.94933
-0.000931194
-0.00344219
-0.00277284
-0.974086
-0.00289588
-0.00268067
0.000118103
-0.946849
-0.392028
-0.000137
-2.33281e-05
-0.4023
0.000833554
-0.691132
0.821295
-0.000742455
-0.00193355
-0.842495
-0.00180458
-0.708949
0.984767
-0.00329965
0.0054975
0.000111579
-1.01079
0.00342783
-0.95844
-0.00658453
-0.569733
-0.00958152
-0.00508417
-1.158
-0.000392991
-0.987089
-0.584436
0.656919
-0.00125342
-3.58957e-05
-0.674105
0.00168075
-0.781863
0.000632377
-0.802495
0.373834
-0.383707
0.00101152
-0.00106259
-0.922285
0.00183741
-0.00194798
0.00127109
0.00625385
0.9746
-0.00346739
0.000665284
0.952825
0.000290326
0.00185073
0.00449086
0.0022925
0.000516362
-0.00285915
-0.00632689
0.00546712
-1.03559
0.0017298
-0.00826627
-0.0049712
0.0185136
1.00777
0.00563966
-1.03657
0.598956
-0.00459961
-0.614111
0.00203563
-1.06171
-0.000503127
-0.691304
-0.00153777
0.823051
0.000348148
-0.843935
-0.00213271
-0.708903
-0.393418
-0.403375
-0.696492
0.00707972
-0.00651573
0.00461103
-0.00508912
0.739163
0.00390119
-0.00165975
-0.754711
-0.00403456
-0.877755
-0.000135633
-0.00151178
0.000703151
-0.896144
1.10124
-0.00753204
0.0010578
0.00545283
-1.12516
0.00693113
-0.638391
0.00163427
-1.06556
0.00407718
0.00728469
0.00662394
-1.28142
0.00472295
-0.651993
0.00730172
-1.09296
0.987993
0.00515833
-0.00138087
-1.00852
-0.00463453
-1.01606
0.00515722
0.002168
-1.03995
-0.00112913
-0.00559365
-1.05328
0.00516725
-1.03735
0.0047918
-1.06295
-0.43624
0.00161741
-0.00189466
0.0013203
-0.00119897
0.00417848
-0.768936
-0.00307535
0.913053
-0.00422493
0.00088923
0.0033676
-0.92988
-1.33386e-05
0.00352921
-0.00282937
-0.783084
-0.00668335
-0.000517281
-1.14603
0.00429235
0.00722075
0.00474054
0.6642
0.00734236
-0.676714
1.10926
-0.00161787
0.00592624
-1.1347
0.00227071
0.005355
-1.16773
0.00520927
-0.00511405
-1.02701
0.00116587
-0.00479089
0.00576516
1.05677
-0.00595022
0.00538625
-1.07621
1.08164
0.00335711
-1.10274
0.00548609
-1.0458
0.41945
0.0054508
-0.428301
0.00572668
0.985758
-0.00888975
-0.00221151
0.0106923
-1.00619
0.00920057
-1.01812
0.00438216
-1.03873
0.0137257
0.00720125
0.00799752
-1.0538
0.0113795
-1.03908
0.00874394
-1.06167
1.10271
0.0147208
0.00150707
-1.12612
-0.0147196
-0.638384
-0.00103949
-1.06787
-0.0148734
-0.0127686
-1.28517
0.0215784
-0.652179
-1.09619
-0.00612799
-0.767746
0.00619994
-0.000935283
0.91431
0.00630182
-0.00316323
-0.00347978
0.00549583
0.000519379
-0.436332
0.00564377
0.00531554
-0.444393
-0.00995916
-0.00489463
-1.02476
0.012599
0.00916375
0.00987768
1.05825
0.00960128
-1.07748
1.08055
0.00190314
0.0111721
-1.10167
0.0160886
0.0116003
-1.0434
0.0162285
0.000263832
-1.14679
-0.014832
-0.0169235
0.0224983
0.663931
-0.0159068
-0.676036
1.11091
-0.000837019
-1.1359
-1.16815
-0.698005
0.0213553
1.07312
0.00364162
0.00315938
-0.00317163
-1.09658
-0.00515385
-0.619201
-0.00216352
-1.05003
-0.00654159
-0.00405908
-0.0044811
-1.26813
-0.00466087
-0.632722
-0.0030732
-1.07624
0.720609
-0.00230684
-6.24954e-05
-0.736236
0.0020978
-0.883521
-0.000661364
-0.000931259
-3.74638e-05
-0.902902
0.964142
0.00120217
-0.00396132
-0.985088
0.00135816
-1.02028
0.00412236
-1.00941
0.000521652
0.00346626
0.000126333
-1.0405
-0.00264385
-1.04385
-1.03101
-0.00380398
-0.425345
0.00229013
-0.00245929
0.00193915
-0.00166646
0.00420363
0.00126016
-1.11746
-0.00394122
-0.00400417
-0.00385954
0.645038
-0.00265327
-0.657512
1.09345
-0.00252107
-0.00156473
-1.11798
-0.00512763
-0.00214093
-1.13918
-0.00265687
-0.750275
-0.000477596
0.906664
0.00185503
-0.00022882
-0.00181826
-0.923491
-0.00063665
-0.0162507
0.00050912
-0.764612
-0.000404871
-0.00527835
-1.00341
0.00403928
0.00189121
-0.00361451
1.06247
-0.00227881
-1.08429
1.04667
0.00342095
-0.00393202
-1.06618
-0.00896096
-1.02256
0.408898
0.00712849
-0.41783
0.00588623
0.965678
0.00212367
0.00773998
-0.000974514
-0.986379
-0.000164686
-1.02207
-0.00686356
-1.00964
0.000219105
-0.00889401
-0.00080679
-1.04146
-4.91673e-06
-1.04561
-0.000415106
-1.02811
0.721321
0.00562194
-0.736765
-0.0052728
-0.88196
0.00414303
-0.888208
-0.00804842
-0.0131261
-0.00443935
-1.11957
0.00736274
0.00948793
0.0128339
0.0170633
0.646959
0.0144601
1.09477
0.00404592
0.0152629
0.012322
0.00805516
0.011106
-0.426412
0.00711935
0.00809825
-0.435048
6.87309e-05
0.00935324
-1.00713
0.000126709
-0.0100359
0.000908046
0.00875591
1.06558
-0.00251683
-1.08865
1.05315
-0.00995424
-0.000257709
0.00989719
-1.0752
0.000441419
0.0130506
-0.000869775
-1.02782
0.00717184
-0.752282
0.920087
-0.00724425
0.00749293
-0.93936
0.0204012
-0.767501
0.962599
-0.000369075
-0.00695818
0.00478941
-0.983354
0.00146705
-1.00353
0.00939357
-1.01858
0.00886733
0.00631773
0.00141177
-1.03925
0.00602894
-1.02513
0.00467714
-1.04218
0.407226
0.00247592
-0.416083
0.00265963
1.06973
-0.00451285
0.0115951
-1.09293
0.00504963
-1.04373
-0.012219
-0.616902
-0.0144198
-0.0116822
-1.2611
0.0363013
-1.07166
-0.630646
9.48818e-05
-0.750425
-0.00349474
0.00353262
0.917341
0.000724358
-0.00144603
-0.00247391
-0.00240589
0.00342359
-0.000510378
-0.00983839
-1.00344
0.00688698
0.00813075
0.00254412
1.04969
0.00101347
-1.07053
1.06178
0.00684567
0.00710467
-1.08405
0.0108256
0.00591749
-1.0231
-0.424393
0.00320687
0.00346812
-0.4327
-0.00553719
0.0141313
-1.11396
-0.0187982
-0.0128337
0.038365
1.08768
0.00347577
-1.1126
0.642548
-0.0129965
-0.65502
-1.13568
0.719137
-0.00327726
0.00242369
-0.735779
0.00289796
-0.869585
0.00177885
-0.902203
1.06751
0.00683374
-0.00181498
-0.00252654
-1.09265
-0.00408881
-1.04114
0.0015126
-0.615054
0.00644411
0.0013273
-1.25659
-0.00148724
-1.06897
-0.629618
0.406734
-0.416123
-0.00637469
0.00220306
-1.00441
-0.000688619
0.00380244
-0.00368324
0.00523537
1.04782
0.0056409
-0.0018764
1.06253
-0.00424702
0.000647332
-0.00148045
0.00344191
-0.00127286
0.00290997
-0.00488201
-0.750817
0.00336962
0.907306
0.00495297
-0.92523
0.00360824
-0.766248
0.00562919
0.00028337
-1.11538
-0.00305106
0.00434232
-9.94742e-05
-0.0116036
1.0874
-0.00789419
-1.11419
0.643234
0.000622352
-0.657082
-0.00364124
-1.13922
-0.424901
-0.433821
-0.692732
0.0380212
0.97
0.0031556
0.00133454
5.93539e-05
-0.993737
-0.00134353
-1.02312
-0.00049494
-0.998712
-0.00400194
-0.00349486
-0.0113475
-1.03989
0.000728447
-1.04908
-0.0044884
-1.0238
0.412418
-0.000459748
-0.422687
-0.000880494
0.726582
0.000661944
-0.744349
-0.000517677
-0.86352
-0.00266896
-0.884758
-0.0025062
0.00905975
-0.00913209
-1.13708
0.00268794
-0.00137005
0.023932
0.00778357
1.10381
-0.00917821
0.0113681
0.658962
0.0097264
0.00822277
0.0040259
-0.000947096
0.00182246
0.00113267
-1.01642
0.000809639
-0.00354866
-0.0102252
-0.00179004
1.07144
-0.00365587
-1.09632
1.04742
-0.00207286
-0.00453442
-0.00302584
-1.07084
-0.00427404
-0.00359137
0.00013996
-1.03917
-0.432466
-0.000870615
-0.000232558
-0.442153
0.000722258
-0.761439
0.905072
-0.000997176
-0.00235602
-0.925121
-0.00270869
-0.778309
1.08646
-0.00635546
0.00392525
0.00305445
-1.11264
0.00781074
-1.05676
-0.00466435
-0.628683
-0.00506252
-0.00456959
-1.27374
0.00308728
-1.08546
-0.643903
0.726215
5.33854e-05
-0.00336018
-0.743837
-0.000177192
-0.864477
-0.00302324
-0.885275
0.41307
-0.423003
0.00392169
0.000221588
-1.01544
0.000144732
-0.00369669
-0.000581015
0.00484313
1.071
-0.00620804
-0.00221778
1.04744
-0.000360646
0.00154715
0.00139264
0.00205567
-0.000772684
-0.00448862
-0.00806586
0.00435639
-1.13686
0.00353288
-0.00423265
-0.00438737
0.0119789
1.10476
0.00652602
-1.13253
0.658222
-0.00361477
-0.672771
0.00338056
-1.16196
0.000217682
-0.760667
-0.0035652
0.905249
4.79054e-05
-0.925065
-0.00370648
-0.777407
-0.432474
-0.441976
-0.747973
8.08788e-05
0.000712226
-0.00114013
0.000878234
0.795979
0.00474003
-0.00379164
-0.808906
-0.00460284
-0.945323
0.000239576
-0.00419177
0.00113979
-0.960869
1.1865
-0.00767476
0.00215891
0.00566128
-1.20638
0.0064487
-0.687936
0.000152807
-1.14879
0.00130406
0.0072412
0.00278766
-1.37537
0.00424437
-0.6994
0.00520479
-1.1725
1.06264
0.00689949
-0.00501728
-1.07974
-0.00598378
-1.0939
0.006065
0.00695304
-1.11954
-0.00202249
-0.00529392
-1.12908
0.00594289
-1.11185
0.00620826
-1.13883
-0.466013
0.000572239
-0.000780213
0.000663752
-0.000414077
0.00509058
-0.820707
-0.0050049
0.975219
-0.00518321
0.00140699
0.00418443
-0.98976
0.000559929
0.00416123
-0.00438646
-0.83262
-0.00692305
0.00057973
-1.22355
0.00461643
0.00725855
0.0020191
0.709566
0.00858378
-0.719907
1.18487
-0.00303787
0.00510871
-1.20729
0.00104672
0.00626261
-1.24201
0.0068336
-0.00835858
-1.09493
1.84185e-05
-0.00496663
0.00657484
1.12829
-0.00768994
0.00693961
-1.14509
1.15403
0.00591855
-1.17185
0.00687917
-1.11046
0.451753
0.00507133
-0.459247
0.0053733
1.06044
-0.0102074
-0.000110543
0.0118663
-1.07793
0.0105691
-1.09491
0.0037311
-1.11867
0.0152829
0.00760914
0.00926599
-1.12945
0.013016
-1.11251
0.0103311
-1.1382
1.18702
0.0161764
0.000813632
-1.20694
-0.0167803
-0.687249
0.000202176
-1.15035
-0.0163477
-0.014817
-1.37862
0.024233
-0.69913
-1.17559
-0.00715538
-0.819865
0.00555741
0.00106135
0.975561
0.00723132
-0.00311214
-0.00379644
0.00482671
0.00250113
-0.46603
0.00503307
0.00471301
-0.472942
-0.0112547
-0.00223308
-1.09399
0.0137494
0.00934518
0.0107722
1.1285
0.0106091
-1.14473
1.15387
-0.00104005
0.0120559
-1.17216
0.0171055
0.0122502
-1.11037
0.0179521
-0.000909275
-1.22432
-0.0167719
-0.0176576
0.022935
0.709221
-0.016804
-0.719828
1.18652
-0.000150829
-1.20858
-1.24268
-0.749908
0.0214599
1.15871
0.00183505
0.00252156
-0.0010967
-1.17917
-0.00348553
-0.668891
-0.000960963
-1.13371
-0.00349624
-0.00267437
-0.0004531
-1.36326
-0.00289035
-0.680484
-8.95384e-05
-1.15699
0.778194
-0.000663819
0.00117105
-0.792081
0.00133558
-0.940327
-0.000558266
0.00012146
-0.000260043
-0.970388
1.04057
0.00362683
-0.0014224
-1.05948
-0.000689925
-1.10195
0.00314644
-1.08555
-0.00152858
0.000928384
-0.000572285
-1.11973
0.000384767
-1.12292
-1.1085
0.00305918
-0.455863
0.00126575
-0.00104811
0.00105721
-0.000439873
0.00324692
0.000934235
-1.19702
-0.00256366
-0.00359462
-0.000409681
0.690991
-0.00156612
-0.70155
1.17088
-0.00236705
0.000376192
-1.1925
-0.00258338
-0.00084016
-1.21553
-0.00144677
-0.804178
0.000678574
0.971168
0.000616717
-0.0002601
0.0143409
-0.999385
-0.00038534
-0.0147104
0.0015872
-0.816682
0.00186762
-0.00332771
-1.07569
0.00155566
0.00109482
-0.000775893
1.13882
-0.00438924
-1.15806
1.12226
0.00138093
0.00270694
-1.14278
-0.00544625
-1.09278
0.442939
0.00823046
-0.450756
0.00758124
1.04633
0.00149659
0.0092032
-0.000425997
-1.06433
0.000652082
-1.10643
-0.00900954
-1.09428
0.000757365
-0.0104746
-0.000463939
-1.12346
0.000506008
-1.12726
-0.000110782
-1.10968
0.781434
0.0069991
-0.794944
-0.00724218
-0.955895
0.0062875
-0.95904
-0.00751984
-0.0145614
-0.00624781
-1.20135
0.008366
0.0105162
0.0151088
0.017638
0.694065
0.0154321
1.17352
0.00535017
0.0153428
0.013423
0.00845242
0.0115489
-0.457959
0.00775177
0.00803529
-0.465043
-0.00143129
0.0100058
-1.08162
0.000894154
-0.0107921
0.00247662
0.008992
1.14342
-0.00105262
-1.16271
1.13068
-0.00950175
-9.07417e-07
0.00477603
-1.14444
0.00119514
0.0129674
-6.46e-05
-1.09813
0.00789718
-0.80802
0.988665
-0.00708155
-0.00740743
-0.990406
0.0217928
-0.820392
1.04101
-0.00295204
-0.0052505
0.00654537
-1.05864
0.00262093
-1.08883
0.00867933
-1.10185
0.0106411
0.00320822
0.00371616
-1.11874
0.00767085
-1.10384
0.00669631
-1.1225
0.440467
0.00475065
-0.44826
0.00446669
1.15555
-1.34358e-05
0.0126825
-1.17631
0.00277707
-1.1287
-0.0142544
-0.666853
-0.0159901
-0.0137228
-1.35988
0.0371311
-1.15408
-0.679279
-0.00142534
-0.804513
-0.00301144
0.0051616
0.984137
0.00223834
1.13719e-05
-0.00124747
-0.00173585
0.00466684
-0.00265419
-0.00783703
-1.0757
0.00835173
0.00484688
0.00456265
1.12506
0.00316763
-1.13893
1.13878
0.00461408
0.00823085
-1.15784
0.0123928
0.00704776
-1.09181
-0.455499
0.00543515
0.00522247
-0.462552
-0.00044397
0.0146438
-1.19494
-0.0188702
-0.0143697
0.0357917
1.16686
-0.00116062
-1.18882
0.689718
-0.0128988
-0.70051
-1.2137
0.780677
-0.00462905
0.00384576
-0.795386
0.00491416
-0.943186
0.00406176
-0.97444
1.16047
0.00776037
-0.000433183
-0.00381611
-1.18261
-0.00604554
-1.13107
-0.000913161
-0.669542
0.00306094
0.000531858
-1.36078
-0.0036882
-1.15644
-0.682067
0.442079
-0.450405
-0.00669376
-0.000745669
-1.08063
0.000284487
0.00479655
-0.00246181
0.0060112
1.12807
0.00478708
-0.000986361
1.14277
-0.00166816
0.00159458
-0.00101055
0.00511284
-0.000630208
0.00308365
-0.00547098
-0.808004
0.00431136
0.97615
0.00468736
-1.00554
0.00368475
-0.821097
0.00555431
0.00111583
-1.2016
-0.00372306
0.00175189
2.84712e-05
-0.00730078
1.17113
-0.00702344
-1.19455
0.693016
0.000396357
-0.704063
-0.00351484
-1.22154
-0.457847
-0.465355
-0.748405
0.0358159
1.05998
0.00189512
0.00278497
0.000807184
-1.08021
-0.0006569
-1.11668
-0.00184493
-1.09229
-0.003837
-0.00457105
-0.00995685
-1.12957
0.00129662
-1.13921
-0.00403489
-1.11317
0.450997
3.52781e-05
-0.459613
-0.000534043
0.793959
0.00153747
-0.809093
-0.00124374
-0.943684
-0.00218252
-0.961706
-0.00178455
0.00605281
-0.00961459
-1.22791
0.00367152
-0.000429468
0.022802
0.00911175
1.19089
-0.00680174
0.0112194
0.711842
0.010088
0.0086559
0.0047819
-0.000221367
-0.00121956
0.00268981
-1.09825
0.00217635
-0.00467612
-0.00762796
-0.000241631
1.15689
-0.000575165
-1.17664
1.13194
-0.00339258
-0.0035853
-0.00131613
-1.15015
-0.00326877
-0.00171705
0.00154903
-1.11591
-0.467377
-0.000394905
7.62167e-05
-0.474913
0.00182112
-0.82276
0.978
-0.00200198
-0.00119733
-0.993742
-0.00150344
-0.835919
1.18456
-0.00658569
0.00354851
0.00336214
-1.20754
0.00802759
-1.15018
-0.00441226
-0.686126
-0.00284751
-0.00385337
-1.38133
0.00350955
-1.17622
-0.699341
0.792977
-0.000437734
-0.00355689
-0.808184
0.000175075
-0.94352
-0.00347551
-0.961506
0.450801
-0.459476
0.00368378
-0.00112151
-1.09751
0.000905933
-0.0036248
0.000281287
0.00529976
1.15655
-0.00582863
-0.00178347
1.13154
0.000798015
0.00177332
0.00145871
0.00237117
-0.00014831
-0.00431375
-0.00790385
0.00468296
-1.2277
0.00331005
-0.00282291
-0.00433687
0.00829373
1.19155
0.00625404
-1.21534
0.711299
-0.00365257
-0.723161
0.00314242
-1.24821
-0.000665344
-0.821988
-0.00312595
0.97779
0.000830951
-0.993553
-0.00323127
-0.835402
-0.467334
-0.475012
-0.790666
-0.00157855
0.00256811
-0.00188867
0.00196
0.843645
0.00529454
-0.00398895
-0.854931
-0.00533718
-1.00323
0.000846394
-0.00507775
0.00164787
-1.01692
1.25816
-0.00912798
0.00412821
0.00677226
-1.27579
0.00760007
-0.729179
-0.0017428
-1.21849
0.00127529
0.00838134
0.00195856
-1.45353
0.00512849
-0.738924
0.00538806
-1.23995
1.12474
0.00788721
-0.00411937
-1.1399
-0.00725838
-1.16072
0.00730783
0.00779943
-1.18606
-0.00362098
-0.00557925
-1.19428
0.00654674
-1.17683
0.0071949
-1.20313
-0.491691
0.000595058
-0.000449466
0.000934707
-0.00035177
0.00529075
-0.865112
-0.00456993
1.02917
-0.0051925
0.00139425
0.00464604
-1.04142
0.000684885
0.00472519
-0.00348597
-0.875315
-0.0072349
0.00179804
-1.29063
0.00517054
0.00685209
0.0018773
0.747719
0.00850756
-0.756644
1.24959
-0.00376462
0.00536907
-1.26954
0.00137087
0.00669163
-1.30663
0.00705946
-0.00620565
-1.15346
-0.000528626
-0.00511039
0.00688198
1.19111
-0.00757935
0.00734889
-1.20558
1.21621
0.00299681
-1.23189
0.00752985
-1.16733
0.479323
0.00474422
-0.485888
0.00488708
1.12552
-0.0102878
0.00271239
0.0115013
-1.14117
0.0111723
-1.15987
0.00063855
-1.18682
0.0154143
0.00494314
0.00946383
-1.19378
0.0133269
-1.17551
0.0101594
-1.20414
1.25901
0.0157938
0.00111768
-1.27653
-0.0174866
-0.729745
0.000546367
-1.2201
-0.0164026
-0.0143421
-1.45936
0.0223594
-0.740288
-1.24297
-0.00733127
-0.865439
0.00522809
0.00198168
1.0285
0.00713331
-0.00195548
-0.00281487
0.00464843
0.00297658
-0.491721
0.00497597
0.00481461
-0.497623
-0.0110968
-0.000180313
-1.15519
0.0132793
0.00653698
0.0105809
1.18956
0.0100395
-1.20367
1.21747
-0.00283208
0.0113897
-1.23334
0.0166982
0.011189
-1.1694
0.0175123
-0.000202362
-1.29151
-0.0169209
-0.0168341
0.0208081
0.749085
-0.0153011
-0.758234
1.25105
-0.00147506
-1.27049
-1.30729
-0.793827
0.0198719
1.23109
0.00147671
0.0016739
-0.000831693
-1.24698
-0.00339324
-0.710904
-0.000380611
-1.20404
-0.00228746
-0.00217839
0.000331801
-1.44189
-0.00261535
-0.720032
0.000379121
-1.22345
0.827316
-0.00060295
0.00158975
-0.838262
0.00146098
-0.998013
-0.00031797
0.000897086
-0.000128118
-1.02497
1.10709
0.00400783
-0.00132858
-1.12189
-0.00212725
-1.17174
0.00338235
-1.15408
-0.00559422
0.000706479
-0.000273955
-1.18496
0.000301054
-1.18874
-1.17204
0.00278631
-0.48007
0.00107369
-0.00103492
0.00114796
-0.000702305
0.00334101
0.000107078
-1.25993
-0.00277168
-0.00343142
0.000283659
0.727958
-0.000997508
-0.735723
1.2325
-0.00234874
0.000353339
-1.24975
-0.00228997
-0.000845787
-1.27358
-0.00165876
-0.847247
0.000705307
1.02102
0.00100086
0.000585863
-0.000341786
-1.0321
-0.000175112
-0.0162087
0.00136116
-0.856504
0.00139881
-0.00360421
-1.13367
0.00157715
0.00136892
-0.0013842
1.19979
-0.00343005
-1.21442
1.18026
0.00152472
-0.00111405
-1.19282
-0.00661553
-1.14601
0.47155
0.00717131
-0.477927
0.00718726
1.11395
0.000655599
0.00884309
0.000181632
-1.12883
0.00192544
-1.17729
-0.00961448
-1.164
0.00124148
-0.00956315
-0.000779041
-1.19064
0.0011378
-1.1949
-0.000154532
-1.17625
0.832313
0.00652106
-0.843465
-0.0075998
-1.01891
0.0218931
-1.01851
-0.00864621
-0.011972
-0.00499601
-1.26829
0.00659673
0.00905064
0.0120547
0.0159274
0.732551
0.0128154
1.23888
0.00301483
0.0129454
0.011795
0.00616475
0.00977152
-0.483825
0.00612125
0.00597207
-0.489566
-0.0015852
0.00896761
-1.14329
0.00123205
-0.00936605
0.00104401
0.00759501
1.20816
-0.00123397
-1.22423
1.19512
-0.00806864
-0.000381826
0.00611648
-1.20936
0.000793437
0.012504
0.000240699
-1.15688
0.00689334
-0.854213
1.04622
-0.00583774
0.00501799
-1.05853
0.0217505
-0.864265
1.10689
-0.00304374
-0.00419205
0.00649485
-1.12069
0.00256834
-1.15847
0.00724179
-1.17205
0.0107424
0.00222406
0.00366638
-1.18511
0.00803554
-1.17005
0.00645207
-1.18889
0.469001
0.00507974
-0.475208
0.00555963
1.23044
0.00211059
0.0115446
-1.24707
-0.000869899
-1.2013
-0.0136796
-0.710339
-0.0145109
-0.0129276
-1.44169
0.0318987
-1.22312
-0.72026
-0.00118375
-0.848147
-0.00246889
0.00457862
1.03958
0.00170131
-0.000610056
-0.00135167
-0.000988714
0.00370812
-0.00239766
-0.00704325
-1.13355
0.00790367
0.00510333
0.00391054
1.18774
0.00262207
-1.20054
1.20042
0.00335441
0.00725816
-1.21468
0.0114011
0.00612406
-1.14558
-0.480696
0.0049619
0.00439007
-0.486038
0.000146944
0.0133897
-1.26106
-0.0166637
-0.013134
0.0300717
1.23104
-0.00155966
-1.2486
0.727814
-0.0109722
-0.735555
-1.27521
0.832392
-0.00437004
0.00293179
-0.844234
0.00536619
-1.00531
0.00392766
-1.03372
1.23865
0.00586556
0.000148737
-0.00281499
-1.25663
-0.00490151
-1.20718
-0.00157523
-0.713917
0.00269835
4.32531e-05
-1.44469
-0.0033596
-1.22865
-0.723959
0.472066
-0.478793
-0.0067353
0.00127357
-1.14149
-0.000851897
0.00478606
-0.00070622
0.00490789
1.19248
0.00448597
-0.0006988
1.20761
-0.00436089
0.000338628
-0.000410348
0.0039255
-0.00210804
0.00269295
-0.00501369
-0.854221
0.00294723
1.03103
0.00402279
-1.04326
0.00184757
-0.86449
0.00317732
0.00260538
-1.27166
-0.00244667
0.00260115
-0.00217907
-0.00847291
1.23898
-0.0038582
-1.25829
0.733029
-0.00110818
-0.742042
-0.00177041
-1.2873
-0.48466
-0.490445
-0.793527
0.0301384
1.13106
-0.00149613
0.00338052
0.00223581
-1.14543
0.00310013
-1.19141
-0.00278153
-1.16615
-0.00278993
-0.00450651
-0.0079572
-1.19871
0.00296568
-1.20814
-0.00327095
-1.18156
0.481498
-9.48486e-05
-0.487844
-0.000549771
0.847423
0.00216723
-0.858381
-0.00208282
-1.00758
-0.0011088
-1.02092
-0.000932374
0.00469809
-0.00833653
-1.29522
0.00309885
-0.000374268
0.0192831
0.00849533
1.25635
-0.00587242
0.00990464
0.750353
0.00873891
0.00745428
0.00421512
-0.000235047
-0.00457857
0.00276952
-1.15709
0.00342836
-0.00435354
-0.00551882
0.000174324
1.21961
0.00117411
-1.23355
1.19446
-0.00329067
-0.00309312
-0.00107262
-1.2072
-0.00243468
-0.00119653
0.00202675
-1.16894
-0.493223
-0.000600065
-2.04258e-05
-0.498511
0.00212887
-0.867598
1.03222
-0.00204766
-0.000844309
-1.04327
-0.000977037
-0.876622
1.26533
-0.00697344
0.00344536
0.00322667
-1.28234
0.00819407
-1.2277
-0.0049381
-0.733582
-0.00353015
-0.00332862
-1.46802
0.00323087
-1.24865
-0.743625
0.847166
-0.00087311
-0.00305782
-0.85849
0.000908003
-1.00728
-0.00283408
-1.02045
0.48169
-0.488106
0.00117145
-0.0013058
-1.15904
0.00122785
-0.00249093
0.000680164
0.00722032
1.22102
-0.00386377
-0.00152673
1.19279
0.00027943
0.0016444
0.00204364
0.00289807
-0.000684107
-0.00320316
-0.0089266
0.00431106
-1.29565
0.00335768
-0.00349242
-0.00318143
0.00960023
1.25762
0.00588901
-1.27583
0.751819
-0.00190656
-0.759773
0.00294806
-1.30975
-0.000762273
-0.867966
-0.00265166
1.03145
0.000640601
-1.04235
-0.00273762
-0.87727
-0.493432
-0.49873
-0.824145
-0.00545947
0.00654061
-0.0084556
0.00853103
0.883861
0.00499433
-0.00321933
-0.892228
-0.00516217
-1.05163
1.04337e-06
-0.00441587
0.000633972
-1.06154
1.31886
-0.00712009
0.0012188
0.00625903
-1.33162
0.00634647
-0.763846
-0.000200804
-1.27653
0.00100609
0.00638816
-0.000130006
-1.51602
0.004928
-0.771086
0.0047497
-1.29368
1.17863
0.00711041
-0.00309227
-1.19006
-0.00669793
-1.21738
0.00757265
0.00633152
-1.24249
-0.000874401
-0.00501002
-1.24687
0.00645191
-1.22885
0.00729624
-1.25566
-0.51072
0.00111553
-0.00149577
0.00136021
-0.00135839
0.00488268
-0.898622
-0.00436935
1.06908
-0.00458925
-0.000121428
0.00439562
-1.07622
-0.000862221
0.00475695
-0.00324371
-0.904739
-0.00475056
-0.00250691
-1.34024
0.004293
0.00507625
-0.00134984
0.776512
0.00570961
-0.781917
1.29728
0.000699073
0.00363447
-1.31118
8.63872e-05
0.00551917
-1.34952
0.00612992
-0.00700097
-1.19851
0.00351723
-0.00434607
0.00669953
1.23725
-0.00636989
0.00689261
-1.24529
1.26319
0.00381031
-1.27325
0.00741754
-1.20688
0.50262
0.00475957
-0.507571
0.00494252
1.18103
-0.00921242
0.00153263
0.00990698
-1.19239
0.0104651
-1.21552
0.000949409
-1.24423
0.0145641
0.00303854
0.00882277
-1.24584
0.0122264
-1.22736
0.00906151
-1.25741
1.32003
0.0130529
0.00225704
-1.33338
-0.0156715
-0.766094
-0.000384237
-1.2782
-0.0134578
-0.0129734
-1.52483
0.0200377
-0.773973
-1.29738
-0.00638318
-0.899482
0.00513595
0.000214916
1.06868
0.00585251
-0.00178758
-0.00260916
0.00436174
0.000984844
-0.511275
0.00451294
0.00407727
-0.514798
-0.00973853
-0.0030574
-1.20074
0.011433
0.00597152
0.00970288
1.23633
0.0083253
-1.24485
1.26506
0.000619656
0.00970694
-1.2749
0.0153006
0.00908672
-1.20862
0.0142823
-0.000247672
-1.34278
-0.0127016
-0.0151239
0.0185532
0.77905
-0.0118489
-0.784102
1.29999
-0.000907931
-1.3139
-1.35233
-0.829267
0.0170613
1.28527
0.000262907
0.00483818
-0.00084868
-1.29762
-0.00267174
-0.742579
-0.00192962
-1.25741
-0.00183255
-0.00121159
0.00195538
-1.50057
-0.00240889
-0.74946
0.000561169
-1.27309
0.865174
-0.00100633
0.00119754
-0.873344
0.000629504
-1.05832
0.000246366
0.000507267
0.00144564
-1.06892
1.15752
0.00366923
-0.00126712
-1.16854
-0.00107549
-1.22437
0.00143726
-1.20927
0.00467764
0.000666444
-0.00360527
-1.23318
-0.000408032
-1.23744
-1.22136
-0.000624011
-0.498318
0.00261721
-0.00211252
0.00260718
-0.00179328
0.00186647
0.00448763
-1.30765
-0.00260536
-0.0024581
0.00329464
0.755311
0.000419644
-0.760891
1.27885
-0.00653819
0.0006369
-1.29251
-0.00165243
-0.000943415
-1.31795
-0.0015572
-0.880046
0.000281706
1.07723
0.00156506
0.00190175
-0.00155714
-1.08528
0.000970735
-0.00130407
0.00102696
-0.886398
0.00143164
-0.00282762
-1.17734
0.00144804
-0.00245964
-0.00161964
1.24502
-0.00382322
-1.25574
1.23123
0.00210351
-0.00303166
-1.24066
-0.00257647
-1.18581
0.494247
0.00458012
-0.498783
0.00457158
1.1672
-8.89924e-05
0.00660175
0.000752863
-1.17777
0.00230483
-1.23406
-0.00538638
-1.21599
0.00035599
-0.00653491
-0.00216885
-1.24308
0.00164874
-1.24724
-0.000611202
-1.22724
0.872168
0.00471439
-0.880159
-0.00461616
-1.0521
-0.0129712
-1.06189
0.00355103
-0.00938365
-0.00339574
-1.31724
0.0042417
0.00651164
0.00995551
0.0133335
0.76119
0.0103894
1.28716
0.000921866
0.00970624
0.0088053
0.00364392
0.00707568
-0.502409
0.00351077
0.00319955
-0.505779
-0.00324456
0.00634285
-1.18663
0.00216169
-0.00634759
0.000546119
0.00439354
1.25474
0.00036756
-1.26492
1.24059
-0.00496067
-0.00124934
-0.00127001
-1.24517
0.000340401
0.00943849
0.00116773
-1.19414
0.00485527
-0.886934
1.08566
-0.00347903
-0.013428
-1.07797
0.0198127
-0.892679
1.15517
-0.00241949
-0.00113889
0.00522733
-1.16553
0.00409631
-1.20637
0.00511248
-1.22356
0.009047
0.00308338
0.00272276
-1.23243
0.00738286
-1.21637
0.00454814
-1.23598
0.490563
0.00355281
-0.495075
0.00419877
1.28684
0.00121053
0.0100642
-1.299
-5.19514e-05
-1.25588
-0.0122997
-0.742613
-0.011823
-0.0119562
-1.50002
0.0265039
-1.27316
-0.75012
-0.00112968
-0.878953
-0.000661028
0.00264493
1.06072
0.00095251
-0.00105382
-0.00160108
0.000694942
0.00173223
-0.00236583
-0.00370419
-1.17437
0.00667672
0.00568232
0.00239773
1.22521
0.00127211
-1.23364
1.24327
0.000373952
0.0044437
-1.25392
0.00880158
0.00460843
-1.18316
-0.498726
0.00307713
0.00248818
-0.502246
-0.00197462
0.0125417
-1.30817
-0.0134222
-0.0128892
0.024928
1.27615
0.000895015
-1.28916
0.755311
-0.0102376
-0.760696
-1.31757
0.873586
-0.00308127
0.000673088
-0.881846
0.00299276
-1.07016
0.001497
-1.08007
1.29959
0.000918814
0.0019486
-0.000473193
-1.31194
-0.000163715
-1.26587
-0.003454
-0.749423
0.00141522
-0.00200766
-1.50847
-0.00102326
-1.28225
-0.756532
0.495294
-0.499871
-0.00520696
9.84529e-05
-1.18706
-0.00101749
0.00399028
0.00351906
0.0030153
1.23873
0.00237522
0.00102281
1.25551
-0.00272775
0.00016133
0.00114899
0.00319383
-0.0020521
0.00182361
-0.00333551
-0.88769
0.000743522
1.07153
0.00197061
-1.09378
-0.000229793
-0.89395
-0.00244078
0.00407214
-1.32042
3.07835e-05
0.000338656
-0.00327737
-0.0023484
1.28633
0.00140569
-1.29955
0.761939
-0.00235523
-0.767111
0.000500827
-1.32937
-0.503287
-0.506629
-0.825899
0.0256253
1.17847
0.00084031
0.00271553
0.00074834
-1.18868
0.00370359
-1.2427
-0.00224328
-1.2175
-0.00225118
-0.00390703
-0.00758634
-1.24587
0.00271961
-1.25476
-0.0030599
-1.22798
0.502806
0.000344719
-0.507117
-0.000368245
0.884056
0.00159874
-0.891596
-0.00182862
-1.05238
-0.000948914
-1.06148
-0.000884927
0.00317749
-0.00538499
-1.3406
0.00211598
-1.43637e-06
0.0172417
0.0046054
1.30066
-0.00508849
0.0093425
0.776466
0.006118
0.00716813
0.00342503
1.31691e-05
-0.000370646
0.00173951
-1.19697
0.00100054
-0.00400176
-0.00515099
-7.70899e-06
1.26214
-0.00432969
-1.27261
1.23619
-0.00220886
-0.00325955
-0.00135109
-1.24489
-0.0022926
-0.00140617
-0.00101794
-1.20594
-0.51062
9.05308e-05
0.000713589
-0.51423
0.00124977
-0.897809
1.06881
-0.000934168
-0.00112404
-1.07633
-0.00106605
-0.904228
1.3206
-0.0035374
0.000157589
0.00234562
-1.33269
0.00714031
-1.28237
-0.00262392
-0.766244
-0.00180891
-1.10734e-05
-1.5272
0.00287341
-1.29847
-0.772939
0.884911
-0.000253305
-0.00242569
-0.892618
0.000430745
-1.05133
-0.00230012
-1.06052
0.503088
-0.507552
0.00103184
0.000364887
-1.19934
-0.000608402
-0.00164474
-0.00051813
0.00213128
1.26402
-0.00510495
-0.00382977
1.23445
-0.00147059
-0.000399226
8.88038e-05
0.00106549
-0.00272104
-0.0029094
-0.00461238
0.000767572
-1.34171
0.0022391
-3.83858e-05
-0.000109407
0.00324128
1.30296
0.00152313
-1.31714
0.778248
0.0016168
-0.783778
0.00196647
-1.35187
4.70333e-05
-0.898774
-0.00204029
1.06802
-0.000254361
-1.07578
-0.00240688
-0.905134
-0.511159
-0.514872
-0.84455
-0.012378
0.0129101
-0.0139629
0.0134413
0.908791
0.00410356
-0.00342207
-0.912743
-0.00441953
-1.08099
-0.00146895
-0.00457761
-0.000439784
-1.08562
1.35487
-0.00511981
-0.000643176
0.00497383
-1.36136
0.00353572
-0.785525
0.00362685
-1.31166
-0.00101058
0.0049457
-0.00396479
-1.55181
0.00351409
-0.789216
0.00256645
-1.32279
1.21209
0.00574396
-0.00435093
-1.21759
-0.00537311
-1.25041
0.00682215
0.00803452
-1.27755
0.00169465
-0.00346996
-1.27482
0.00545032
-1.25571
0.00630403
-1.28461
-0.519912
0.000691495
-0.00139483
0.00080563
-0.000959317
0.00404352
-0.914709
-0.00476739
1.08804
-0.0038276
-0.00047106
0.00368816
-1.0906
-0.00168305
0.00403666
-0.00357926
-0.916756
-0.00326829
-0.00353626
-1.36399
0.00319451
0.00429463
-0.00425983
0.790948
0.00526095
-0.792747
1.32058
0.000399959
0.0021625
-1.32928
-0.00162716
0.0049506
-1.36793
0.00495586
-0.00869299
-1.21987
0.00539303
-0.00305965
0.00572252
1.25824
-0.00553317
0.00603828
-1.2613
1.28602
0.00478194
-1.29038
0.00647053
-1.22268
0.517093
0.00328815
-0.519313
0.00368931
1.21351
-0.00711509
-0.00100814
0.00753133
-1.21854
0.00857727
-1.25025
0.00450819
-1.27906
0.0123318
0.00336444
0.00709784
-1.27456
0.00998345
-1.25567
0.00657565
-1.2857
1.35791
0.00983437
3.38573e-05
-1.364
-0.0123551
-0.787489
0.00153292
-1.315
-0.0093281
-0.0103556
-1.55952
0.0170544
-0.791134
-1.32756
-0.00484304
-0.9153
0.00407731
-0.000949046
1.0877
0.00436211
-0.00155827
-0.00273595
0.00331002
0.000282629
-0.520308
0.00295765
0.00277441
-0.521407
-0.00778127
-0.00503579
-1.22077
0.00925282
0.00651523
0.00783765
1.25806
0.00638842
-1.26081
1.287
0.00108672
0.00698162
-1.29111
0.012592
0.00675714
-1.22352
0.0116666
-0.00286324
-1.36614
-0.00946937
-0.0120642
0.0151327
0.79221
-0.00874805
-0.793628
1.32338
0.00035089
-1.33114
-1.36931
-0.848617
0.0133428
1.32502
-0.000669017
0.00571299
-0.0009067
-1.33216
-0.00141469
-0.765047
-0.00435026
-1.2955
-0.00140416
1.08001e-05
0.00442532
-1.53864
-0.00257499
-0.768879
0.00076945
-1.30633
0.891164
-0.00180322
0.00102791
-0.895651
0.0018449
-1.09128
0.00108337
7.84468e-05
0.0019635
-1.09715
1.19187
0.00393054
-0.00255753
-1.19781
-0.00117948
-1.26062
0.0033074
-1.24767
-0.00381069
0.00198595
-0.00511742
-1.26548
-0.0033823
-1.26875
-1.25413
-0.00401693
-0.509139
0.00208691
-0.00205763
0.00211613
-0.00167722
0.00142351
0.00288309
-1.33591
-0.00261693
-0.00140781
0.00536089
0.771336
0.000595594
-0.773824
1.30626
-0.00516744
0.000804454
-1.31448
-0.00128917
-0.00101479
-1.34046
-0.00215902
-0.898363
0.000132312
1.10019
0.00250433
0.00217023
-0.0193633
-1.08769
0.000796433
-0.00308116
0.00137159
-0.900832
0.00116483
-0.00395611
-1.20108
0.00247727
-0.00193101
-0.00410201
1.27083
-0.00484516
-1.27662
1.25735
0.0036453
-0.00982588
-1.25696
-0.00546535
-1.20457
0.508266
0.00210591
-0.510565
0.00225702
1.20009
-0.00030829
0.00348842
0.00123276
-1.20479
0.00357558
-1.26921
-0.00473156
-1.25525
9.23661e-05
-0.00343287
-0.00417539
-1.27266
0.00241132
-1.27629
-0.00149329
-1.25675
0.897305
0.00240735
-0.900989
-0.00370983
-1.09894
0.0180949
-1.08798
-0.0155423
-0.00795936
-0.000292751
-1.34319
0.00204697
0.0045898
0.00843011
0.0110755
0.77586
0.00903723
1.31229
-0.0020923
0.00749183
0.00647901
0.00177848
0.00577429
-0.512031
0.00143984
0.00178485
-0.513643
-0.00290775
0.00356269
-1.20795
0.00230146
-0.00376869
-0.00136821
0.000911888
1.27807
-0.000874184
-1.28384
1.26049
-0.00493384
-0.0012574
0.0073993
-1.26983
-0.000302413
0.00135136
0.000869535
-1.21256
0.00266166
-0.903498
1.09087
-0.00304155
0.0186061
-1.111
0.000995859
-0.906667
1.18967
-0.000291044
-0.000236722
0.00345048
-1.19615
0.00134725
-1.23991
0.00337671
-1.25905
0.00577895
0.00401233
-0.000163485
-1.26288
0.00551037
-1.24608
0.00158979
-1.2675
0.504873
0.00177049
-0.507447
0.00206021
1.32412
-0.00132935
0.00894963
-1.33121
0.00326354
-1.29156
-0.0115478
-0.764954
-0.00885903
-0.0107613
-1.53783
0.022259
-1.30423
-0.769457
5.37995e-05
-0.897796
-0.000585983
0.00118436
1.08285
-0.000576311
-0.00118303
-0.00210548
0.000668157
0.000591567
-0.00039833
-0.0043073
-1.20022
0.00500781
0.00688943
-0.000111386
1.25058
-0.00119234
-1.25956
1.27007
0.000550782
0.00223666
-1.27656
0.00614126
0.00281348
-1.20523
-0.509027
0.00142984
0.00143663
-0.510783
-0.00454453
0.011315
-1.33497
-0.0105993
-0.0113036
0.0208924
1.3022
0.00150606
-1.311
0.771416
-0.00838938
-0.773981
-1.33998
0.897894
-0.000995222
-0.000547428
-0.90244
0.00229947
-1.08314
0.000133979
-1.10411
1.33485
-0.00139202
0.00199215
0.000686317
-1.34119
0.00359152
-1.30065
-0.00404085
-0.770659
-0.00217269
-0.00183838
-1.54376
0.000621466
-1.31107
-0.774081
0.508886
-0.511178
-0.00223391
-0.00165218
-1.21006
-0.000439235
0.00279136
0.00427129
0.00133048
1.26508
0.00214103
0.000298102
1.27908
-0.00141139
0.000513231
0.00152838
0.00310693
-0.00131302
0.00110424
-0.00134516
-0.904766
-9.11578e-05
1.10713
0.00175085
-1.09317
-0.000238951
-0.906605
-0.00342003
0.00357106
-1.34396
0.000693985
-0.00225623
-0.00273648
0.00530433
1.30954
0.000636433
-1.31725
0.775934
-0.00148291
-0.77784
0.000393944
-1.34758
-0.512416
-0.513632
-0.846578
0.021698
1.21257
0.00620803
0.00145698
-0.00227307
-1.2197
-0.00191178
-1.27803
-0.000946374
-1.25118
-0.00233809
-0.00301264
-0.00872287
-1.27661
-0.000484765
-1.28653
-0.00344761
-1.25819
0.516921
0.000803863
-0.519727
0.000304166
0.909154
0.000204055
-0.914248
-0.000489744
-1.08199
-0.0013971
-1.08791
-0.00151748
0.00344094
-0.00337409
-1.36963
0.00124582
-0.000258515
0.0151874
0.00196715
1.3281
-0.00559325
0.00801007
0.793631
0.00442769
0.00609075
0.00263213
-0.000398506
0.00363402
0.000279124
-1.22422
-0.00146602
-0.0028498
-0.00589858
-0.00101275
1.28982
-0.00773982
-1.29621
1.26271
-0.00078932
-0.0035973
-0.00213801
-1.26784
-0.0025183
-0.00213269
-0.00299686
-1.22938
-0.521645
0.000263691
0.000664043
-0.523655
-0.000252023
-0.917721
1.09189
0.000452297
-0.00198828
-1.09604
-0.00189852
-0.921312
1.35891
-0.000241097
-0.00304661
0.00194804
-1.36706
0.00298715
-1.31944
0.000860442
-0.787842
0.00314084
0.00202008
-1.56476
0.00204473
-1.33146
-0.79231
0.909897
0.00071764
-0.00266654
-0.914975
-0.000574648
-1.08172
-0.0021475
-1.08784
0.517688
-0.520603
0.00343315
0.0016673
-1.22509
-0.00241062
-0.00208201
-0.00229479
-0.000419713
1.29104
-0.0079763
-0.00620226
1.26306
-0.002491
-0.001168
-0.00260864
9.94261e-05
-0.00439829
-0.00351248
-0.00295016
-0.00169774
-1.37152
0.00235376
0.00448901
0.00137596
-0.00492814
1.33118
-0.000242392
-1.3408
0.795229
0.00406528
-0.79832
0.00213791
-1.37723
0.00101252
-0.918289
-0.00256946
1.09184
-0.00113967
-1.09604
-0.00298508
-0.921849
-0.522463
-0.524439
-0.850971
-0.0135327
0.0137344
-0.0126595
0.0118255
0.917077
0.00368184
-0.00317568
-0.917736
-0.00384956
-1.09113
-0.00179027
-0.00459244
-0.00048501
-1.09205
1.36804
-0.00515588
-0.000857762
0.00502658
-1.3698
0.00328176
-0.792892
0.00394939
-1.32468
-0.00150989
0.00543959
-0.00448677
-1.56214
0.00326581
-0.79346
0.00245219
-1.33126
1.22272
0.00551397
-0.00415865
-1.22373
-0.004838
-1.26157
0.0063522
0.00849582
-1.28947
0.00137812
-0.00314674
-1.28204
0.00503601
-1.26277
0.00596272
-1.29183
-0.521453
0.00108198
-0.00178223
0.0014338
-0.00148722
0.00371339
-0.916887
-0.00395379
1.09119
-0.00350719
-0.000400812
0.00368593
-1.09083
-0.00167776
0.00390604
-0.00227754
-0.916531
-0.0033085
-0.0042095
-1.36808
0.00344789
0.00453741
-0.00329862
0.792493
0.00492524
-0.792137
1.32484
0.00120093
0.00317062
-1.3297
-0.000848981
0.00509033
-1.3682
0.00484422
-0.00740336
-1.22227
0.00506882
-0.00315893
0.0053713
1.26151
-0.00540469
0.00587047
-1.26135
1.28917
0.00251144
-1.29009
0.00627907
-1.22213
0.521556
0.00273643
-0.521994
0.00269936
1.22371
-0.00571813
0.000166496
0.0054534
-1.22492
0.00701741
-1.26097
0.00424438
-1.29021
0.00958102
0.0012955
0.00561207
-1.28158
0.00789141
-1.26202
0.00400744
-1.29266
1.36924
0.00673056
0.00113652
-1.3708
-0.00958065
-0.793834
0.00201601
-1.32676
-0.00671114
-0.00675423
-1.56825
0.011299
-0.794913
-1.33477
-0.00390298
-0.917709
0.00350289
-0.00092612
1.0904
0.00354276
-9.86835e-05
-0.00155079
0.00287038
0.000503883
-0.521499
0.00268408
0.0027824
-0.521341
-0.00651788
-0.00352416
-1.22376
0.0072142
0.00377033
0.00636858
1.26076
0.00517485
-1.26064
1.29012
-0.00109227
0.00444763
-1.2912
0.00997758
0.00475401
-1.22377
0.00846362
-0.00107739
-1.36911
-0.00680384
-0.00812252
0.00855861
0.793742
-0.00554806
-0.793494
1.32648
-0.00228854
-1.33088
-1.3692
-0.853756
0.00720113
1.34187
-0.000329097
0.00486513
-0.00109446
-1.34416
-0.00151467
-0.774805
-0.00222878
-1.31209
-0.00114023
-0.000257703
0.0046309
-1.55223
-0.0024621
-0.775931
0.000646063
-1.31814
0.902373
-0.00223869
0.00169732
-0.903626
0.00170448
-1.10538
0.000541343
0.000426425
0.00189179
-1.10694
1.20661
0.00529415
-0.00319537
-1.20863
-0.00153329
-1.27684
0.00303024
-1.26306
0.00062998
0.00250726
-0.00515877
-1.27756
-0.0042089
-1.28067
-1.26492
-0.00499033
-0.51157
0.00151062
-0.00191553
0.00187042
-0.00155704
0.00174829
0.00127208
-1.3423
-0.00305079
-0.00107713
0.00454236
0.775152
-0.00020831
-0.77512
1.3125
-0.0044483
1.32694e-05
-1.31625
-0.00181808
-0.00154235
-1.34239
-0.00322225
-0.902239
0.000291905
1.08893
0.00290192
0.0016538
-0.00438688
-1.08786
0.00045982
-0.0211154
0.0018055
-0.901772
0.000809193
-0.00544393
-1.20629
0.00342468
-0.000829198
-0.00607493
1.27714
-0.00517436
-1.27854
1.25809
0.00394514
-0.00666052
-1.25717
-0.0120284
-1.20607
0.514168
0.00115449
-0.51477
0.00107027
1.21377
0.00121245
0.00211207
0.000548428
-1.2151
0.00279666
-1.28312
-0.00279663
-1.27114
-0.000161034
-0.00199569
-0.00404836
-1.28287
0.00209146
-1.28618
-0.00147743
-1.26841
0.907729
0.00133779
-0.908596
-0.00225145
-1.11213
0.00085903
-1.0973
-0.0163987
-0.00486915
-0.00121278
-1.3501
0.00141438
0.00304053
0.00519157
0.00771774
0.779303
0.00521575
1.31796
-0.001559
0.00524351
0.00471048
0.000825685
0.00375905
-0.514535
0.000929465
0.000999342
-0.5145
-0.00250618
0.0032467
-1.21509
0.00179383
-0.00313745
0.000410055
0.00201681
1.28383
-0.0018871
-1.286
1.27204
-0.00293473
-0.00124356
0.00207563
-1.27275
0.000250508
0.00665624
0.000228024
-1.21582
0.00233742
-0.908603
1.11308
-0.00174925
0.00151608
-1.11348
0.0179595
-0.908698
1.20608
0.00138295
-0.0003454
0.00159304
-1.20842
0.000638109
-1.25657
0.00443181
-1.27661
0.0040319
0.00227112
-0.00142538
-1.27599
0.00393283
-1.25891
0.000114916
-1.28091
0.511381
0.00110377
-0.512192
0.00111733
1.34147
-0.000761323
0.00629577
-1.34433
0.00383217
-1.30873
-0.00925005
-0.775205
-0.00670994
-0.00826567
-1.55412
0.0182894
-1.31737
-0.777171
0.00189417
-0.903377
-0.0014911
0.000185217
1.10541
-0.00172772
-0.000714638
-0.00222662
-0.000115974
-0.000330008
0.00237268
-0.00588491
-1.20825
0.00268984
0.00663449
-0.00168292
1.26339
-0.00261515
-1.26446
1.27865
0.00118145
0.000995123
-1.28078
0.00468834
0.000569886
-1.20878
-0.511829
0.00022785
0.000336739
-0.511772
-0.00500964
0.00770673
-1.34302
-0.00848487
-0.00705945
0.0168622
1.3104
0.00151533
-1.31481
0.775872
-0.0047521
-0.775705
-1.34345
0.907328
-0.000352601
-0.000307005
-0.90884
0.00114077
-1.0943
6.70328e-05
-1.11199
1.34809
0.000272675
0.00110162
0.000116988
-1.35029
0.00284143
-1.31343
-0.00305852
-0.778381
-0.00295764
-0.00142708
-1.55481
0.000443209
-1.31954
-0.779349
0.514038
-0.514732
-0.0024979
-0.00234252
-1.21309
0.000177276
0.00235741
0.00264704
0.00151112
1.26478
0.0011953
-0.000182846
1.28228
-0.00217065
0.000244927
0.000884043
0.00296825
-0.00120554
0.000730767
-0.00153278
-0.907751
0.000470557
1.09498
0.00115514
-1.09409
0.000199935
-0.907318
-0.00159467
0.00250513
-1.34877
-5.12471e-05
-0.00180473
-0.00183334
0.00463037
1.31381
-0.00192405
-1.31829
0.778585
-0.000845056
-0.778435
-0.000536178
-1.34905
-0.51434
-0.514235
-0.85506
0.0171742
1.23159
0.00757895
-0.000161435
-0.00306113
-1.23433
-0.00389534
-1.29707
0.000636795
-1.27015
-0.00241628
-0.0012548
-0.00847056
-1.29089
-0.00173829
-1.30132
-0.00339399
-1.2728
0.524567
0.000329251
-0.525533
-1.72721e-06
0.922992
-0.000994131
-0.924743
0.000872759
-1.09798
-0.00235891
-1.10002
-0.00240119
0.00241962
-0.00183087
-1.37954
8.54396e-05
-0.000541518
0.0118404
0.00109739
1.33721
-0.00499814
0.00559034
0.799575
0.00272463
0.0038955
0.00123757
-0.000875136
0.00311951
-0.00121905
-1.23365
-0.00144759
-0.00105328
-0.00417244
-0.00217682
1.29927
-0.0067695
-1.30072
1.27214
0.000789371
-0.00289889
-0.00319375
-1.27217
-0.00188121
-0.00312457
-0.00271592
-1.23368
-0.525334
-0.000286987
-6.84787e-05
-0.525279
-0.0012771
-0.924405
1.09962
0.00140996
-0.0026881
-1.09946
-0.00263796
-0.924273
1.37906
0.000112705
-0.00451684
0.00233674
-1.38206
0.00282667
-1.33792
0.00241649
-0.799679
0.00473582
0.00323803
-1.5806
0.00258397
-1.3451
-0.801233
0.923449
0.00150477
-0.00316616
-0.925213
-0.00135569
-1.09787
-0.00283464
-1.09988
0.525269
-0.526203
0.00279756
0.00214663
-1.23445
-0.0031008
-0.00155535
-0.00290629
0.00127567
1.30008
-0.0064878
-0.00606106
1.27234
-0.00299102
-0.000639892
-0.00286545
0.00060127
-0.00483237
-0.00269493
-0.0033059
-0.00280034
-1.38092
0.00278899
0.00445683
0.00272003
-0.00441768
1.33944
0.000499405
-1.34393
0.800845
0.00477737
-0.800642
0.002535
-1.38098
0.00164723
-0.924828
-0.00287935
1.09938
-0.00179934
-1.09916
-0.00318903
-0.924694
-0.525919
-0.525776
-0.846706
-0.00930084
0.00941927
-0.00879465
0.00792534
0.914629
0.00323237
-0.00136926
-0.913285
-0.00349081
-1.08863
-0.0016269
-0.00311226
-0.000392652
-1.087
1.36488
-0.00441137
-0.00139256
0.00491564
-1.36362
0.00301078
-0.790322
0.0045322
-1.32161
-9.27033e-05
0.00420454
-0.00213826
-1.55436
0.00342817
-0.789243
0.00389891
-1.3249
1.2194
0.00503856
-0.000975579
-1.21806
-0.00462685
-1.25865
0.00592247
0.00594971
-1.28597
0.000285846
-0.00354734
-1.27597
0.00457557
-1.25726
0.00543318
-1.28549
-0.517652
0.00182191
-0.002451
0.0022108
-0.00222031
0.00323213
-0.910217
-0.00247973
1.08334
-0.00299141
-0.000693858
0.00357554
-1.08019
-0.00180608
0.00374976
-0.000782304
-0.907658
-0.00243123
-0.00523209
-1.35855
0.00319028
0.00332939
-0.00107631
0.786532
0.00368118
-0.784412
1.31509
0.00256524
0.00441047
-1.31655
0.000450951
0.0046169
-1.3553
0.00422926
-0.00510939
-1.21377
0.00473967
-0.00336251
0.00464757
1.25285
-0.00458721
0.00507683
-1.24952
1.27972
0.0002956
-1.27758
0.00551317
-1.21082
0.520283
0.00266589
-0.519558
0.0025998
1.22118
-0.00421222
0.00205397
0.00332532
-1.21988
0.00557598
-1.25801
0.00253438
-1.28716
0.00686984
-0.00215386
0.00404666
-1.27548
0.00576465
-1.25649
0.00130621
-1.2867
1.36605
0.00317207
0.0035835
-1.36464
-0.00607032
-0.791933
-0.000370128
-1.32318
-0.00381156
-0.00230791
-1.56092
0.00324622
-0.791264
-1.32804
-0.0029736
-0.911187
0.00288989
-0.000974005
1.08264
0.00263734
0.000936611
-0.000454412
0.00233522
0.000295768
-0.517753
0.00227423
0.00238073
-0.51627
-0.00484309
-0.00276899
-1.21557
0.00506631
0.00136914
0.00466509
1.25213
0.00352198
-1.24889
1.28094
-0.00137062
0.00183203
-1.27869
0.0072889
0.00271594
-1.21233
0.00480832
0.000560701
-1.35953
-0.00348999
-0.00387043
0.00125711
0.788074
-0.00199526
-0.785689
1.31654
-0.00373838
-1.31757
-1.35615
-0.849495
0.000241644
1.33849
0.000647316
0.00371494
-0.00178205
-1.33657
-0.00210189
-0.773118
-0.000362709
-1.30863
-0.00220535
-0.000853117
0.00245506
-1.54382
-0.00312554
-0.771795
-0.000456574
-1.31054
0.899506
-0.00285522
0.00172235
-0.897924
0.00283745
-1.08519
0.000165759
0.000238255
0.00151988
-1.08323
1.20262
0.00445435
-0.00364522
-1.20086
8.38186e-06
-1.27319
0.00443784
-1.25357
-0.0057483
0.00303105
-0.00424611
-1.26896
-0.00437255
-1.27291
-1.25159
-0.00545633
-0.507192
0.00122755
-0.00181697
0.00175539
-0.00164078
0.00228738
7.17915e-05
-1.33091
-0.00325944
-0.00116309
0.002831
0.768694
-0.00102474
-0.766371
1.30122
-0.00358359
-0.000912433
-1.30137
-0.00247725
-0.00212261
-1.32727
-0.00294074
-0.894573
0.000295233
1.07926
0.00308356
0.00148518
-0.00404425
-1.07594
0.000169749
-0.00393038
0.00179803
-0.891844
-0.000237514
-0.00436989
-1.19589
0.00305714
7.57645e-05
-0.00446163
1.26593
-0.00433071
-1.26397
1.24649
0.00385179
-0.00566637
-1.24287
-0.00561343
-1.19262
0.513311
0.000436277
-0.512346
0.000400044
1.21283
0.000615397
0.00202842
0.000489432
-1.21089
0.00349974
-1.281
-0.00192465
-1.26962
0.000342867
-0.00116199
-0.00267101
-1.27771
0.00192456
-1.28067
-0.000893811
-1.26753
0.906716
0.0012183
-0.905013
-0.00156424
-1.11084
0.00087123
-1.10865
0.000689065
-0.00127853
-0.00187118
-1.33941
0.000397486
0.00108858
0.00162813
0.0034824
0.772942
0.00151449
1.30723
-0.000600451
0.00228674
0.00202092
-0.000118375
0.00175929
-0.510397
-7.67079e-05
-1.42607e-05
-0.50863
-0.00378157
0.00144473
-1.20595
0.0020187
-0.00143751
0.00159768
0.000756022
1.27388
-0.000111595
-1.27177
1.26241
-0.0015874
-0.000619448
0.00110957
-1.25827
0.000486411
0.00130133
0.000685515
-1.20209
0.00115754
-0.901547
1.10432
-0.000913074
0.000607604
-1.10037
0.000721154
-0.898408
1.20552
0.00301762
-0.00110338
-0.000918959
-1.20389
-0.00219318
-1.26129
0.00639504
-1.27573
0.00248972
0.00203281
-0.00219911
-1.27162
0.00121603
-1.25945
-0.00125112
-1.27565
0.510502
-0.000469464
-0.509644
-0.000636399
1.33983
-0.00144376
0.00201521
-1.33821
0.00522602
-1.30737
-0.00490179
-0.773726
-0.00460508
-0.00344352
-1.54673
0.0138958
-1.31152
-0.773012
0.00256331
-0.896337
-0.00207738
-0.00107855
1.09746
-0.00274397
-0.000657076
-0.00209972
-0.000505833
-0.00164081
0.00275794
-0.00629796
-1.19883
0.000179606
0.00618241
-0.00188001
1.25443
-0.00372325
-1.25087
1.26855
0.00122515
-0.000615822
-1.26644
0.00302636
-0.00190819
-1.19537
-0.507659
-0.00140681
-0.00124206
-0.506067
-0.00572627
0.00319705
-1.33254
-0.00581333
-0.00200141
0.0115145
1.30016
0.00210842
-1.30039
0.769209
-0.00048115
-0.766634
-1.32881
0.90522
-0.00104333
0.00032218
-0.90355
0.00115138
-1.09181
0.000590469
-1.08982
1.34554
0.0023179
0.000993111
-0.00075488
-1.34375
0.000878752
-1.31054
-0.00230274
-0.776576
-0.00169942
-0.00186472
-1.54693
-0.000334334
-1.31299
-0.775323
0.513084
-0.512179
-0.00189726
-0.0010393
-1.2027
-5.39742e-05
0.00212078
0.0024701
0.000940053
1.25416
0.00132799
-0.000164434
1.27145
-0.00307216
-0.000158894
0.000895637
0.002281
-0.00134727
0.000887662
-0.00108465
-0.90015
0.000594809
1.08582
0.00104882
-1.08211
0.00031069
-0.89709
-0.000784928
0.00237205
-1.33824
-0.000397314
-0.000357599
-0.00212717
0.0011038
1.30332
-0.00196662
-1.3038
0.772355
-0.00131636
-0.76993
-0.000724438
-1.33429
-0.510243
-0.508516
-0.850484
0.0113496
1.2302
0.00580621
-0.00154704
-0.00242539
-1.22806
-0.0014501
-1.29593
0.00203
-1.26882
-0.00119316
0.000472194
-0.00603638
-1.28475
-0.000945388
-1.29501
-0.00235245
-1.26655
0.523985
-0.000488824
-0.522956
-0.000683641
0.922016
-0.00180261
-0.920244
0.00165675
-1.09682
-0.0028348
-1.09469
-0.00284138
0.00135921
-6.51173e-05
-1.36792
-0.00131182
-0.000819337
0.00770112
-2.75837e-05
1.32643
-0.00471746
0.00320829
0.792477
0.000951147
0.00141537
-0.000100437
-0.00145746
0.00125063
-0.00237532
-1.22264
-0.000872566
0.000444228
-0.00139264
-0.00267013
1.2882
-0.00587649
-1.28542
1.26102
0.00180215
-0.00213465
-0.00356344
-1.25707
-0.000770704
-0.0036169
-0.00240674
-1.21889
-0.520831
-0.000920283
-0.000812699
-0.519104
-0.00190543
-0.916557
1.09029
0.00203671
-0.00278742
-1.08665
-0.00280684
-0.913543
1.37675
-0.000596985
-0.00494629
0.00251052
-1.37434
0.00416853
-1.33559
0.00302882
-0.798392
0.0028768
0.00430941
-1.5718
0.00299299
-1.33764
-0.796628
0.922358
0.00202511
-0.00305242
-0.920543
-0.00194258
-1.09638
-0.00282884
-1.09421
0.524375
-0.523289
-8.5879e-06
0.00256731
-1.22325
-0.00306456
-0.000259145
-0.00273327
0.00265523
1.28866
-0.00499965
-0.00499831
1.26044
-0.00329393
-0.000690573
-0.00186504
0.000908155
-0.00458409
-0.00187981
-0.00377897
-0.00312881
-1.36797
0.00276009
0.00258714
0.00365085
-0.000943222
1.32737
-0.000111842
-1.32754
0.793058
0.00478537
-0.79034
0.00217924
-1.36382
0.0020929
-0.916722
-0.00258117
1.08974
-0.00210072
-1.08608
-0.00279893
-0.913673
-0.521066
-0.519274
-0.833588
-0.00654788
0.00646153
-0.00711253
0.00622966
0.903227
0.00279251
-0.000544265
-0.899273
-0.00301683
-1.0749
-0.00212718
-0.00217303
-0.000988427
-1.07013
1.34804
-0.00309831
-0.00372146
0.00434846
-1.3426
0.00187409
-0.780427
0.00648628
-1.30477
0.000758743
0.00326199
-0.000557459
-1.5303
0.00296822
-0.776985
0.00467599
-1.3042
1.2046
0.00422229
-0.000362109
-1.19967
-0.00385861
-1.24312
0.00507967
0.00503699
-1.26985
0.0015183
-0.00346491
-1.25633
0.00383863
-1.23793
0.00472574
-1.26575
-0.507913
0.00224615
-0.00312533
0.00250346
-0.00270688
0.00275108
-0.89349
-0.00193084
1.0633
-0.0024709
-0.001111
0.00323299
-1.05703
-0.00231146
0.00343022
-0.000283719
-0.88821
-0.00139544
-0.00724906
-1.33325
0.0026816
0.00281865
-0.000121212
0.771749
0.00265826
-0.767087
1.29054
0.003984
0.00471296
-1.28807
0.000852564
0.00394647
-1.32587
0.00343816
-0.00498674
-1.19155
0.00579324
-0.00305478
0.00383659
1.22966
-0.00368436
0.00429561
-1.22273
1.25611
0.000136063
-1.25015
0.00468771
-1.18483
0.513752
0.00202352
-0.511569
0.00185967
1.2061
-0.00266067
0.00136311
0.0014944
-1.20113
0.00390008
-1.24262
0.002952
-1.27099
0.00442107
-0.00338057
0.00241642
-1.25599
0.00375668
-1.23754
-0.00104859
-1.26686
1.34918
6.97186e-05
0.00409947
-1.34398
-0.00266766
-0.781829
-0.000960649
-1.30633
-0.000555516
0.00149174
-1.53626
-0.00318028
-0.778837
-1.30752
-0.00193799
-0.894464
0.00206308
-0.0013897
1.06303
0.00165162
0.00135843
1.39047e-05
0.001578
-6.6594e-05
-0.508263
0.0013461
0.0015467
-0.505298
-0.00320971
-0.00328037
-1.19319
0.00313569
0.000544272
0.00300298
1.22942
0.00200674
-1.22256
1.2574
-0.00115261
-0.000539747
-1.25158
0.00487725
0.000974082
-1.18661
0.00192789
0.000350755
-1.33498
-0.000509583
-0.000462848
-0.00407548
0.773373
0.000404959
-0.768868
1.29245
-0.0034375
-1.28972
-1.3278
-0.835561
-0.00511249
1.32057
0.00127889
0.00441768
-0.00240989
-1.31577
-0.00241847
-0.762672
-0.00105551
-1.29086
-0.00271746
-0.00169938
0.00127123
-1.51955
-0.00346942
-0.759669
-0.00129384
-1.28969
0.887665
-0.00334917
0.00205335
-0.884008
0.00320384
-1.07095
0.000510086
0.000649433
0.00170677
-1.06654
1.18669
0.00484074
-0.00407674
-1.18226
-0.000554159
-1.25589
0.00452827
-1.2368
-0.00596089
0.00357831
-0.0048558
-1.2486
-0.00491099
-1.25264
-1.23211
-0.00598101
-0.498198
0.00189381
-0.00212076
0.00221498
-0.00187872
0.00250739
0.00209269
-1.30807
-0.00359656
-0.0020936
0.00230011
0.755363
-0.00150997
-0.751489
1.27799
-0.00479073
-0.00158383
-1.27532
-0.00297541
-0.0025764
-1.30188
-0.00338644
-0.879017
0.000993161
1.06058
0.00342498
0.0017626
-0.00424422
-1.05503
0.000825527
-0.00437537
0.00217854
-0.87435
0.0012848
-0.00458235
-1.17531
0.00349422
-0.00192629
-0.00502438
1.24339
-0.00492539
-1.2387
1.22509
0.00410283
-0.00581324
-1.21908
-0.00602697
-1.16948
0.505853
-0.000389807
-0.503221
-0.000475674
1.19531
-0.000740594
0.000886324
0.000847844
-1.18955
0.00442289
-1.26301
-0.000724648
-1.25119
0.000741415
0.000338624
-0.000743377
-1.25569
0.00209987
-1.25887
-0.000299976
-1.24498
0.893567
0.000603608
-0.889046
-0.000799221
-1.09438
0.000597241
-1.0887
0.000470465
0.00157039
-0.00245429
-1.31187
-0.000275482
-0.000617929
-0.00124442
-4.38462e-05
0.757083
-0.00103702
1.28109
-0.000284935
-0.000306992
-0.000503347
-0.000835587
9.32818e-05
-0.499748
-0.000802582
-0.000797041
-0.496487
-0.00429345
0.000261289
-1.18122
0.00205309
0.000115741
0.00270342
3.55056e-05
1.24858
0.000636525
-1.24282
1.23618
-0.000396581
-0.000197708
0.000400951
-1.22837
0.00084867
0.000779847
0.000844437
-1.17393
0.00047466
-0.883004
1.08119
-0.000231484
0.000126841
-1.07395
0.000386469
-0.877307
1.18934
0.00461105
0.000195281
-0.00347452
-1.18479
-0.00373065
-1.24472
0.00460651
-1.25826
0.000142054
0.000391637
-0.00348615
-1.25105
-0.00150877
-1.23984
-0.00358456
-1.25484
0.503605
-0.00189583
-0.501456
-0.00202176
1.32207
-0.00169444
-0.00182227
-1.31703
0.00490698
-1.28972
-0.000654186
-0.762846
-0.00141052
0.000451854
-1.52121
0.00873366
-1.29031
-0.760119
0.00347873
-0.880407
-0.00116314
-0.00243262
1.07805
-0.00351528
-3.80784e-05
-0.00113295
2.11418e-05
-0.00280505
0.00423551
-0.00353005
-1.17764
-0.00228848
0.00340788
-0.00337157
1.23248
-0.00484576
-1.22596
1.24524
-0.000471007
-0.00334485
-1.24006
0.000232902
-0.00394304
-1.1715
-0.498435
-0.00253603
-0.00239018
-0.495609
-0.00514757
-0.000400507
-1.30865
-0.00203118
0.00117101
0.00560682
1.2762
0.00239552
-1.27304
0.754818
0.00249641
-0.75034
-1.30159
0.892338
-0.000949037
0.00022466
-0.887902
0.000985245
-1.07646
0.000515497
-1.07116
1.32676
0.00155698
0.00139804
-0.000596716
-1.32076
0.00107937
-1.29225
-0.00241925
-0.765782
-0.00127921
-0.00217826
-1.52097
-0.000308555
-1.29078
-0.762123
0.505804
-0.503298
-0.00156578
-0.000971057
-1.17858
-3.91238e-05
0.00173448
0.00267034
0.000348884
1.22876
0.000892789
-0.000177169
1.2464
-0.00279284
-0.000825188
0.000877412
0.00165187
-0.00123033
0.000512118
-0.000776141
-0.881928
0.00031821
1.06409
0.000680026
-1.0575
-1.1498e-05
-0.876309
-0.00140944
0.0023108
-1.31143
-0.00010973
1.41239e-05
-0.00208215
0.000573968
1.27756
-0.00126374
-1.27433
0.756959
-0.00122242
-0.752326
-0.000359911
-1.30375
-0.499876
-0.496692
-0.836064
0.00582668
1.21223
0.00577436
-0.00211919
-0.00241265
-1.20719
-0.00136661
-1.27721
0.00273964
-1.25024
-0.00067857
0.00143312
-0.00581969
-1.26311
-0.00100082
-1.27308
-0.00210425
-1.24514
0.51634
-0.00112664
-0.514005
-0.00119466
0.908801
-0.00217991
-0.904742
0.00209688
-1.08098
-0.00264756
-1.07615
-0.00262517
0.0023443
0.00136523
-1.34225
-0.00210625
-0.00157522
0.00421624
-0.00195735
1.30131
-0.00537667
0.00142567
0.777435
-0.00043021
-0.000416646
-0.000927397
-0.00208575
0.00180591
-0.00276603
-1.1993
-0.00109235
0.0013092
-0.00179873
-0.0025471
1.26349
-0.00603639
-1.25794
1.23726
0.00224178
-0.00197694
-0.00342707
-1.23079
-0.000736265
-0.00344263
-0.0024038
-1.19298
-0.51078
-0.00140014
-0.00125211
-0.507913
-0.00216178
-0.899069
1.06942
0.00220216
-0.0024081
-1.06336
-0.0024395
-0.893994
1.35622
0.00122036
-0.00445788
0.00165199
-1.35079
0.00238299
-1.31592
0.00299731
-0.78614
0.00215442
0.00306792
-1.54481
0.00218932
-1.31468
-0.782807
0.90887
0.00211113
-0.00245048
-0.904875
-0.00211128
-1.0804
-0.0022174
-1.07555
0.516501
-0.514157
0.000388435
0.00283774
-1.20027
-0.0027004
-0.000139094
-0.00243844
0.000304305
1.26413
-0.00459624
-0.0041982
1.23619
-0.00353058
-0.00150804
-0.00109529
-9.38065e-05
-0.00409256
-0.00148681
-0.00158935
-0.00285162
-1.34171
0.00173525
0.00220181
0.00248915
-0.000758364
1.30155
-0.00173813
-1.29872
0.777899
0.00427315
-0.773594
0.00121402
-1.3346
0.00213078
-0.899166
-0.00188328
1.06873
-0.00214459
-1.06262
-0.00204158
-0.89411
-0.510812
-0.507834
-0.811664
-0.00364184
0.00355033
-0.00318107
0.00259865
0.881274
0.00194794
0.000221085
-0.874856
-0.00227815
-1.04886
-0.0022347
-0.00146496
-0.00104943
-1.04123
1.31492
-0.00218638
-0.00326627
0.00328745
-1.30601
0.00104173
-0.760853
0.00677182
-1.27293
0.000773532
0.00234489
0.000426692
-1.48909
0.00220618
-0.755303
0.0045614
-1.26882
1.17518
0.00288099
0.00071478
-1.167
-0.00274981
-1.21291
0.00395262
0.00421026
-1.23893
0.00157226
-0.00276528
-1.2224
0.00278282
-1.20444
0.00350152
-1.23143
-0.492717
0.00200392
-0.00259082
0.00226737
-0.00220419
0.0016577
-0.867016
-0.000666253
1.03197
-0.00134533
-0.000811398
0.00222698
-1.02315
-0.00191126
0.00244874
0.000991926
-0.85963
-0.000737858
-0.00547371
-1.29385
0.00161201
0.00173155
0.000909204
0.748381
0.00170443
-0.742113
1.25251
0.00229601
0.00435286
-1.24692
0.000576391
0.00258068
-1.28354
0.00192071
-0.00268859
-1.15619
0.00468936
-0.00209623
0.00245695
1.19341
-0.00200244
0.00264195
-1.1836
1.21894
-0.00204384
-1.21007
0.00307582
-1.14674
0.501356
0.00108737
-0.497749
0.000848953
1.17716
-0.000915277
0.00147638
-0.000352114
-1.16901
0.00210993
-1.21282
0.00282102
-1.2405
0.00183592
-0.00438294
0.000585859
-1.22241
0.00174056
-1.20439
-0.00357496
-1.233
1.31713
-0.00185844
0.00327084
-1.30827
-0.000327999
-0.762969
-0.000228187
-1.27507
0.00125224
0.00464304
-1.49508
-0.00750437
-0.757949
-1.27258
-0.000707301
-0.868153
0.00096975
-0.00120276
1.03192
0.000466934
0.00189607
0.000671468
0.000577222
1.07009e-05
-0.493176
0.000393131
0.000655232
-0.488907
-0.00109666
-0.00255324
-1.15819
0.000871649
-0.00111168
0.000929854
1.19339
3.64465e-05
-1.18357
1.22048
-0.00158238
-0.00313172
-1.21149
0.00207995
-0.00103913
-1.14862
-0.000318164
-0.000257403
-1.29598
0.00158697
0.00241923
-0.00769129
0.750514
0.00226061
-0.743993
1.25447
-0.00263721
-1.24833
-1.28539
-0.812411
-0.00843602
1.29268
0.00184968
0.00395923
-0.00250481
-1.28462
-0.00264901
-0.746379
-0.00208672
-1.26223
-0.00313946
-0.00242677
3.9354e-05
-1.48271
-0.003539
-0.741541
-0.00162773
-1.25784
0.868455
-0.00296567
0.0021034
-0.862815
0.0032311
-1.04788
0.000766964
0.00114742
0.00148868
-1.04154
1.16139
0.0046804
-0.00353049
-1.15439
-0.0015947
-1.22822
0.00431639
-1.21076
-0.00546205
0.00337957
-0.00387578
-1.21799
-0.00417531
-1.22217
-1.2036
-0.00403938
-0.484722
0.00156507
-0.00166991
0.00165369
-0.00153168
0.00271987
0.00131769
-1.27374
-0.00313782
-0.00255117
0.000580485
0.73548
-0.00195188
-0.729402
1.24326
-0.00287293
-0.0017227
-1.23686
-0.00316302
-0.00238801
-1.26342
-0.00227163
-0.856244
0.00100293
1.04844
0.00292933
0.00117022
-0.0183296
-1.02498
0.000230738
0.012938
0.00156414
-0.848866
0.00135138
-0.00300339
-1.1456
0.00281065
-0.000636895
-0.00304502
1.2105
-0.00360474
-1.20235
1.19798
0.00383533
-0.00823311
-1.1845
0.000761086
-1.13614
0.492414
-0.00135384
-0.488519
-0.00129028
1.16407
-0.000761206
-0.000725965
0.000730261
-1.15501
0.00430253
-1.23081
0.000559649
-1.21813
0.000753916
0.00227811
-0.000853893
-1.21987
0.0018948
-1.22311
-0.000173115
-1.20816
0.87016
-0.000537472
-0.863232
9.70412e-05
-1.06508
-0.00021
-1.05578
-0.00130515
0.00274807
-0.000331266
-1.27112
-0.00147562
-0.00210953
-0.00276414
-0.00271115
0.733531
-0.00216899
1.24176
-0.00194795
-0.00240596
-0.00294577
-0.00182531
-0.00120202
-0.48393
-0.00180783
-0.00158502
-0.479599
-0.00345005
-0.00190073
-1.14332
0.00155706
0.00225745
0.00144995
-0.00258686
1.20962
0.000227165
-1.20085
1.19224
0.000320214
-0.000134536
0.00324759
-1.1853
0.000282673
-0.00609036
0.00047511
-1.13373
-0.00121288
-0.854732
1.03032
0.00049059
0.0142102
-1.03526
-0.0171375
-0.847271
1.16289
0.00433452
0.000864705
-0.00432602
-1.15473
-0.00434354
-1.21712
0.00249879
-1.22905
-0.00243754
-0.000635809
-0.00415264
-1.21877
-0.00312607
-1.20821
-0.00579772
-1.22201
0.492048
-0.00246805
-0.488568
-0.00273035
1.29193
-0.0017708
-0.0035724
-1.28331
0.00436594
-1.25949
0.00190064
-0.744903
0.00218854
0.00236391
-1.48116
0.00279642
-1.25642
-0.740185
0.00249798
-0.855204
-0.00074219
-0.00245197
1.03182
-0.00316127
-0.000218731
-0.000376893
0.000111137
-0.00271209
0.00290008
-0.00236587
-1.14378
-0.00263872
0.00166844
-0.00327087
1.19335
-0.00436649
-1.18693
1.20901
-0.000676118
-0.00477136
-1.20034
-0.00144798
-0.00388708
-1.1345
-0.484294
-0.00258921
-0.00243189
-0.480131
-0.004282
-0.00172127
-1.27173
0.00144486
0.00230487
-0.000852992
1.23932
0.00211158
-1.23258
0.733257
0.00315784
-0.726906
-1.26118
0.86936
8.7035e-05
-0.000478381
-0.862848
0.000262282
-1.04928
-4.06088e-05
-1.04221
1.29295
0.000978308
0.000550642
7.63833e-05
-1.28379
0.00154824
-1.25971
-0.0017595
-0.746283
-0.000194826
-0.00131624
-1.47903
0.00020354
-1.25492
-0.74068
0.492668
-0.488903
0.00084576
-0.000830439
-1.14382
-2.91863e-05
0.000210006
0.00187202
-0.00139918
1.19676
4.54111e-05
-0.00056087
1.20925
-0.00221756
-0.00215969
0.000700752
0.000201401
-0.000991393
-0.000647426
0.000920008
-0.855371
-0.000673944
1.04839
-0.000184316
-1.02459
-0.000965781
-0.847317
-0.00171592
0.000750647
-1.27175
0.000720214
0.00118511
-0.000493189
-0.00100296
1.23909
-0.000188765
-1.23246
0.733651
0.000198556
-0.726879
0.000679779
-1.26072
-0.484406
-0.479951
-0.814098
-0.000642481
1.18373
0.00504817
-0.00252489
-0.00210543
-1.17575
-0.0014792
-1.24687
0.00301267
-1.22139
-0.000455338
0.00221052
-0.00431835
-1.23006
-0.00101387
-1.23965
-0.0014692
-1.21313
0.504045
-0.00119779
-0.500423
-0.00141621
0.887227
-0.00210471
-0.880871
0.00213571
-1.05532
-0.00217027
-1.04776
-0.00209782
0.000764997
0.00233288
-1.30393
-0.00247278
-0.00116803
0.000560508
-0.00266356
1.26393
-0.00276973
-0.000118955
0.755075
-0.00177875
-0.0021186
-0.0015646
-0.00135766
0.00106351
-0.00287791
-1.16492
-0.000831771
0.00202118
0.000191788
-0.00221361
1.22693
-0.00411457
-1.21781
1.20188
0.00243979
-0.000751612
-0.00280376
-1.19153
4.83337e-05
-0.00292269
-0.00175497
-1.15514
-0.495868
-0.0011561
-0.000916579
-0.49147
-0.00192679
-0.872893
1.03825
0.00187734
-0.00169137
-1.02902
-0.00176723
-0.865183
1.32383
0.00194699
-0.00415778
0.000764283
-1.31478
0.00103026
-1.28397
0.00294688
-0.7676
0.00126343
0.0029827
-1.5037
0.0012724
-1.27934
-0.762129
0.887291
0.00213197
-0.00146575
-0.880974
-0.00214341
-1.05452
-0.00139808
-1.04695
0.503845
-0.50015
-0.00194493
0.00294447
-1.16567
-0.00234987
0.00120383
-0.00190416
-0.000399937
1.22719
-0.00114237
-0.00297658
1.20037
-0.00331856
-0.00138586
-3.2142e-05
-0.000438772
-0.00333473
0.000375699
-0.000408012
-0.00301431
-1.30224
0.000681245
0.000947301
0.00297541
0.000959058
1.26296
-0.00235306
-1.25641
0.755092
0.00404313
-0.748503
0.000188787
-1.29124
0.00203628
-0.872947
-0.000704596
1.03745
-0.00200712
-1.02831
-0.000697627
-0.865263
-0.4955
-0.491071
-0.781818
0.00149291
-0.00142378
0.00235755
-0.00269551
0.851032
0.000793201
0.00185553
-0.842747
-0.00102914
-1.01293
-0.00147538
0.000378866
-0.000532677
-1.00295
1.27033
-0.00139135
-0.00135414
0.00202983
-1.25871
0.000532328
-0.734628
0.00403652
-1.22956
0.000427993
0.000886368
0.00179008
-1.43463
0.00109972
-0.727619
0.00422743
-1.22259
1.13502
0.00118654
0.00365786
-1.12443
-0.00108554
-1.17161
0.00216874
0.000599916
-1.19654
0.000266476
-0.00188224
-1.17767
0.00148431
-1.16054
0.00178505
-1.18645
-0.473498
0.00205569
-0.00214788
0.00236684
-0.00204696
0.000553707
-0.833353
0.00138778
0.991626
-0.000455335
-0.000365579
0.00129833
-0.980308
-0.00115564
0.00144446
0.00253862
-0.824074
-0.000320991
-0.00323025
-1.24426
0.000740387
0.000427057
0.00228896
0.719476
0.0010102
-0.711684
1.20405
0.00125109
0.0042012
-1.19538
0.000378111
0.00166326
-1.23099
0.000411169
0.00139105
-1.11176
0.00273809
-0.00125551
0.00128843
1.14732
-0.000604272
0.00123229
-1.13466
1.17187
-0.00501473
-1.16042
0.00152722
-1.10001
0.483892
0.000395439
-0.479104
0.000129294
1.13684
0.000879715
0.00233524
-0.00219654
-1.12601
3.19204e-05
-1.17148
0.0012182
-1.19788
-0.00060285
-0.00571405
-0.00113761
-1.17773
-0.000481478
-1.16038
-0.00566258
-1.18754
1.27192
-0.00345212
0.00279744
-1.25994
0.00166297
-0.736416
-6.53144e-05
-1.23107
0.00263169
0.00646056
-1.43951
-0.00955354
-0.729542
-1.22539
0.000188689
-0.834044
0.000179936
-0.000608919
0.991719
-0.000340906
0.00230989
0.00147546
-9.49799e-05
0.000196194
-0.473559
7.94631e-06
0.000200008
-0.468132
0.000536253
-0.000711424
-1.11305
-0.000938105
-0.00320361
-0.000444793
1.14725
-0.00124319
-1.13485
1.17275
-0.00222591
-0.00448985
-1.16092
0.000404638
-0.00240768
-1.10065
-0.00184319
0.000106016
-1.24514
0.00251964
0.00356246
-0.00915409
0.720675
0.00339677
-0.712293
1.20505
-0.00247443
-1.19589
-1.23153
-0.781624
-0.00944932
1.25045
0.00182254
0.00166104
-0.00196682
-1.23788
-0.00251991
-0.722068
-0.000467607
-1.22059
-0.00330392
-0.00181801
-0.00216002
-1.4294
-0.00272789
-0.714664
-0.00173142
-1.21212
0.840878
-0.00203844
0.000759994
-0.832294
0.00180729
-1.02979
-0.000199727
0.000359515
0.000555313
-1.01975
1.1254
0.00193297
-0.00259963
-1.1144
-9.27625e-05
-1.18887
0.00243473
-1.17682
0.00143672
0.00287262
-0.00122173
-1.17498
-0.00324716
-1.17885
-1.16533
-0.00262793
-0.4651
0.00128812
-0.00174254
0.00130428
-0.00157889
0.00212278
2.40222e-05
-1.22265
-0.00251207
-0.00132071
-0.00204144
0.705992
-0.00129568
-0.697141
1.19395
-0.00132269
-0.00176797
-1.18335
-0.00359077
-0.00173509
-1.20779
-0.00208598
-0.822228
-0.000523523
1.00695
0.00220045
0.000362519
-0.0176936
-0.979932
-0.000325043
-0.00327269
-0.000272245
-0.811574
-0.00168308
-0.00296684
-1.10054
0.00295979
0.000948367
-0.00359055
1.16287
0.000252772
-1.15019
1.15063
0.00295292
-0.00785892
-1.13231
-0.00417349
-1.08633
0.474505
-0.00179603
-0.469554
-0.00202834
1.12113
-0.00059287
-0.000667424
0.000395917
-1.11009
0.00318155
-1.18615
0.00205572
-1.16893
-6.7812e-05
0.00257834
-0.000913292
-1.17242
0.0012333
-1.17565
-0.000289732
-1.16067
0.838074
-0.00072223
-0.829644
0.001415
-1.00985
-0.0163974
-1.01358
0.0138376
0.00339376
0.000752163
-1.21962
-0.00199006
-0.00269053
-0.00380741
-0.00361986
0.70364
-0.00280439
1.1914
-0.00221626
-0.00260754
-0.00368077
-0.00209855
-0.00178262
-0.464001
-0.00208052
-0.0018252
-0.4585
-0.00225081
-0.00206431
-1.09654
0.00085639
0.00241413
0.000417358
-0.0020955
1.15999
0.000169451
-1.14823
1.14342
0.000528466
-0.000614158
0.00391732
-1.13433
-0.000438468
-0.0050487
0.000213168
-1.08433
-0.00156684
-0.819689
0.987826
0.000808209
0.0140467
-0.990925
-0.0160273
-0.810341
1.12205
0.00323903
0.000581665
-0.00380997
-1.11044
-0.00244475
-1.17037
0.00180557
-1.186
-0.00308334
0.000221806
-0.00383071
-1.17211
-0.00274377
-1.15777
-0.0062789
-1.17553
0.475198
-0.00237501
-0.470219
-0.00248536
1.24802
-0.00184376
-0.00375104
-1.23549
0.00360245
-1.2159
0.00245338
-0.719699
0.00442962
0.00295547
-1.42606
-0.00274598
-1.2091
-0.712825
0.00249153
-0.820241
-0.000734936
-0.00231096
0.989274
-0.00273017
-0.000814655
-0.000946213
-0.000264038
-0.00240102
0.00308461
-0.00223545
-1.09708
-0.00254872
0.00268927
-0.00327948
1.14426
-0.00373533
-1.13425
1.15983
0.000223648
-0.00475128
-1.14762
-0.0016421
-0.00347754
-1.08425
-0.464538
-0.0026676
-0.00255793
-0.45875
-0.0044468
-0.00222782
-1.22017
0.00288414
0.00331964
-0.00520063
1.1889
0.00271952
-1.17829
0.703639
0.00349264
-0.694657
-1.20533
0.838657
0.000524539
-0.00158141
-0.829446
-0.00119207
-1.02845
-0.00122631
-1.00324
1.247
-0.00112431
-0.000553774
0.00140675
-1.23407
0.00239996
-1.21509
1.96359e-05
-0.718864
0.00119112
0.000192552
-1.42109
0.00131603
-1.20646
-0.711216
0.474856
-0.469742
0.00116684
0.000145285
-1.09647
-0.000521098
-0.000804844
0.0016219
-0.00157999
1.14756
-0.00018638
-6.34879e-05
1.15914
-0.0025478
-0.00296115
0.000823559
-0.000630084
-0.00115977
-0.00137475
0.00138046
-0.819842
-0.00178521
1.00529
-0.000679048
-0.97823
-0.00193342
-0.809512
-0.00315619
-0.000174415
-1.21894
0.00184376
0.00238196
0.00032641
-0.00341608
1.18773
0.0015954
-1.17748
0.702664
0.000806977
-0.694228
0.00179035
-1.2045
-0.464125
-0.458417
-0.783318
-0.00558793
1.14257
0.0022774
-0.00240927
-0.00127975
-1.13069
0.00015127
-1.20334
0.00284688
-1.17846
0.000699679
0.00235384
-0.000353389
-1.18243
-0.000544558
-1.19218
6.32204e-05
-1.16597
0.486129
-0.000678734
-0.480856
-0.000884397
0.855922
-0.00167717
-0.846773
0.00172428
-1.01796
-0.00138059
-1.00698
-0.00133875
-0.00145416
0.0026361
-1.24909
-0.00255348
-0.000260468
-0.00186452
-0.0023286
1.21112
-0.00045192
-0.000753081
0.7234
-0.00198575
-0.00303121
-0.00170763
-0.000473452
-0.00082982
-0.0025555
-1.11642
-0.000302785
0.00209707
0.00311788
-0.00147776
1.17592
-0.00158825
-1.16287
1.15095
0.00210948
0.000527807
-0.00201606
-1.13656
0.00121535
-0.00208852
-0.000951843
-1.10287
-0.474823
-0.000650617
-0.000524201
-0.468845
-0.00153551
-0.836296
0.994398
0.00150356
-0.00112611
-0.981864
-0.00110235
-0.825882
1.277
0.00277605
-0.00406363
-0.000384572
-1.264
-0.000411833
-1.23852
0.00309854
-0.740393
-0.000311312
0.00370813
-1.44563
8.25481e-06
-1.23011
-0.732478
0.855975
0.00184891
0.000108571
-0.84684
-0.00185088
-1.01737
9.51738e-05
-1.00661
0.485768
-0.480587
-0.00542774
0.00244377
-1.11631
-0.00152106
0.0030718
-0.000797993
0.00056274
1.17562
0.00296167
-0.00140892
1.15048
-0.00278346
-0.000709863
0.00164102
-3.19171e-05
-0.00238377
0.00244202
0.000890419
-0.0031062
-1.24794
-0.000503139
-0.000958973
0.0038368
0.00364044
1.21063
-0.00317153
-1.20034
0.72308
0.00400561
-0.713846
-0.000821556
-1.23308
0.0016674
-0.83623
0.00077218
0.994239
-0.00168062
-0.981979
0.00072105
-0.825726
-0.474602
-0.468708
-0.743393
0.00413173
-0.00414444
0.00330311
-0.00357224
0.813636
0.000398851
0.00255676
-0.803059
-0.000355465
-0.967593
-0.0010049
0.00198909
-0.000277084
-0.954703
1.21463
-0.000816176
-0.0019336
0.00155855
-1.19915
1.07608e-05
-0.702672
0.0037377
-1.17509
0.000299684
0.000205641
0.00259177
-1.36668
0.000602098
-0.693677
0.0040709
-1.16428
1.08613
0.000432619
0.00493116
-1.0726
-6.58147e-05
-1.11971
0.00107348
-0.00260012
-1.14439
0.000142708
-0.00144552
-1.12175
0.000802308
-1.1051
0.000940563
-1.13105
-0.449044
0.00218858
-0.0023432
0.00209964
-0.0020318
0.000369589
-0.791374
0.0018481
0.940563
-0.000491783
-7.84615e-05
0.000782872
-0.926102
-0.000720678
0.000899017
0.00191315
-0.779358
-0.000155378
-0.00376562
-1.18089
0.000703694
0.00016874
0.00216297
0.683549
0.00102532
-0.673252
1.14226
0.00190406
0.00375598
-1.12934
3.97067e-05
0.00160224
-1.1633
0.000152304
0.00235183
-1.05699
0.00197043
-0.000840745
0.00078869
1.08852
-0.000601729
0.000842009
-1.07207
1.1132
-0.00365751
-1.09771
0.000899579
-1.04137
0.462049
-7.95104e-05
-0.455946
-6.70567e-05
1.08609
0.00137375
0.00244379
-0.00277937
-1.07196
-0.000976725
-1.12041
0.000333976
-1.14457
-0.00123273
-0.00552603
-0.00169217
-1.12243
-0.00162999
-1.10621
-0.00606503
-1.13087
1.21539
-0.00372733
0.00216351
-1.19999
0.00263071
-0.703027
-0.000572986
-1.17617
0.00289875
0.00625577
-1.37009
-0.00871309
-0.694107
-1.16695
0.000468366
-0.791134
-0.000339353
-0.000244774
0.941507
-0.000496893
0.00163157
0.00140994
-0.000670863
0.000426453
-0.449117
-0.000413104
-0.000513503
-0.442171
0.000879803
-8.46719e-05
-1.05587
-0.00146904
-0.00313564
-0.000600226
1.09005
-0.00105188
-1.07375
1.11281
-0.00221198
-0.00433845
-1.09714
0.00038356
-0.00229653
-1.03993
-0.00216172
-0.000231121
-1.1819
0.00269281
0.0027416
-0.0075432
0.683312
0.00287834
-0.672703
1.14366
-0.000900385
-1.13046
-1.16424
-0.743284
-0.0077117
1.19108
0.000629012
0.00168333
-0.0010312
-1.17498
-0.0015713
-0.687423
5.31808e-05
-1.16384
-0.00324329
-0.000187206
-0.00279282
-1.35749
-0.00181841
-0.677613
-0.00116061
-1.15172
0.80084
-0.0010166
-0.000696924
-0.789633
0.000943011
-0.980975
-0.000465662
-0.00100961
0.000324209
-0.967928
1.07169
-0.00089423
-0.00110633
-1.05691
0.00257401
-1.13308
0.00115484
-1.12077
0.00245847
0.00176179
-0.000786018
-1.11573
-0.00184338
-1.11914
-1.10593
-0.00121207
-0.43986
0.00113708
-0.00142404
0.00110582
-0.00121193
0.00103337
0.000451187
-1.15697
-0.00141676
-0.000402156
-0.00208513
0.667127
-0.000419405
-0.656569
1.13088
-0.00164554
-0.000600088
-1.11703
-0.00285024
-0.000768879
-1.13936
-0.00112445
-0.777557
-0.000935046
0.952819
0.001267
0.000569435
-0.0158396
-0.924236
-7.55127e-05
-0.00214873
-0.000516488
-0.764989
-0.00212612
-0.00146772
-1.04043
0.00185558
0.000187592
-0.00218129
1.1005
0.000409912
-1.08478
1.0887
0.00156132
-0.00625642
-1.06819
-0.00262731
-1.02375
0.452371
-0.00202522
-0.446004
-0.00205552
1.06976
-0.000262989
-0.00270147
0.000141982
-1.05449
0.00195294
-1.13117
0.00186823
-1.11931
-0.000448422
0.0030261
-0.000916295
-1.11333
0.000581715
-1.11698
-0.000722884
-1.09949
0.799586
-0.00215243
-0.788073
0.0015353
-0.978335
-0.00146459
-0.950275
-0.0172521
0.00314247
0.000880443
-1.15556
-0.00189493
-0.00239454
-0.00367225
-0.00273088
0.666482
-0.00293533
1.12894
-0.00144567
-0.00146847
-0.00294691
-0.00172671
-0.00175576
-0.439286
-0.00188523
-0.00152738
-0.432426
-0.00148731
-0.00162504
-1.03854
0.000476954
0.00186706
0.000411261
-0.00125984
1.09863
0.000249991
-1.08361
1.08293
0.000409721
-0.000332406
0.00469182
-1.07062
-0.000256752
-0.00111963
0.000146958
-1.0233
-0.00143756
-0.776234
0.936202
0.000680644
0.0139392
-0.9361
-0.00151074
-0.76455
1.06854
0.00231125
0.000721029
-0.00334154
-1.05369
-0.00166256
-1.11431
0.00170492
-1.13019
-0.00259783
0.00049304
-0.00286363
-1.11285
-0.00245924
-1.09816
-0.00570388
-1.11621
0.452317
-0.0022602
-0.445839
-0.00247807
1.1883
-0.00162955
-0.00409905
-1.17193
0.00366631
-1.15835
0.00288042
-0.685104
0.00503339
0.00388277
-1.35316
-0.00529104
-1.14768
-0.675861
0.00163548
-0.775881
-0.000202549
-0.00174612
0.935528
-0.00181013
-0.000251882
-0.000457433
0.00029678
-0.00173213
0.00224319
-0.000783999
-1.03786
-0.00221905
0.00103194
-0.00220983
1.08208
-0.00281607
-1.06945
1.098
-0.00129151
-0.00414131
-1.08299
-0.00092903
-0.00289829
-1.02276
-0.438988
-0.00204443
-0.00177316
-0.432086
-0.00269155
-0.00265428
-1.15382
0.00296786
0.00364021
-0.00686571
1.12504
0.000783895
-1.11134
0.664962
0.00356758
-0.654378
-1.1363
0.798784
0.00200545
-0.00225757
-0.788276
-0.00134641
-0.964764
-0.00204208
-0.966035
1.188
-0.00182083
-0.00107461
0.00202615
-1.17221
0.00329982
-1.15748
0.000360454
-0.684874
0.00217162
0.000883043
-1.3493
0.00207941
-1.14582
-0.675337
0.452242
-0.446025
0.000762116
0.000651888
-1.03892
-0.00073009
-0.00095436
0.00126363
-0.0013579
1.08722
0.000191766
0.000175142
1.09804
-0.00187928
-0.00301838
0.000510412
-0.000693055
-0.000878243
-0.00126095
0.0012538
-0.776425
-0.00198917
0.951298
-0.000529668
-0.921592
-0.00180084
-0.763628
-0.00323496
-0.000417588
-1.15403
0.00205761
0.0026345
0.000534677
-0.00409884
1.12437
0.00194154
-1.11052
0.665042
0.000894478
-0.654518
0.0018402
-1.13592
-0.439199
-0.432082
-0.742614
-0.00726275
1.08716
0.000899217
-0.0019655
-0.00072695
-1.07209
0.00142677
-1.14514
0.00234164
-1.12014
0.00130159
0.00210057
0.00102005
-1.12056
-0.000131471
-1.13044
0.000617308
-1.1043
0.462157
-0.00051646
-0.455477
-0.000581394
0.814319
-0.00140529
-0.802757
0.00140116
-0.968023
-0.000982448
-0.954155
-0.00107511
-0.00141003
0.00228918
-1.17988
-0.00209121
-0.00028409
-0.00256137
-0.00196004
1.14442
-0.000164805
-0.00075009
0.683001
-0.00204706
-0.00306107
-0.00152179
-0.000589134
-0.000970522
-0.00192845
-1.05526
-0.000192639
0.00188148
0.00240021
-0.00110814
1.11153
-0.000866766
-1.09535
1.08686
0.00168449
0.000327966
-0.00163008
-1.06978
0.000935036
-0.00154293
-0.000577628
-1.03883
-0.448315
-0.000638783
-0.000691264
-0.441093
-0.00131792
-0.79035
0.939332
0.00134692
-0.0011532
-0.92435
-0.00100773
-0.777804
1.21555
0.00303201
-0.00330634
-0.000958633
-1.19906
-0.00120113
-1.17954
0.0026839
-0.703563
-0.00141621
0.00338516
-1.37081
-0.000816829
-1.16749
-0.693515
0.814054
0.00145106
0.000927648
-0.802445
-0.00144496
-0.968357
0.00112016
-0.95473
0.462136
-0.455598
-0.00467743
0.00164326
-1.05407
-0.000649076
0.00276313
-0.000165711
0.000946698
1.11105
0.00222697
-0.00086475
1.08807
-0.00185401
-7.79263e-05
0.00243718
0.000285355
-0.00134041
0.00198951
0.00123819
-0.00193336
-1.18029
-0.000865926
-0.00171189
0.00233991
0.00426432
1.14547
-0.00250305
-1.13176
0.682687
0.00234269
-0.671901
-0.00082577
-1.16227
0.0011895
-0.789963
0.00107819
0.940038
-0.00121107
-0.92518
0.000772226
-0.77742
-0.448518
-0.441389
-0.696412
0.00213713
-0.00213178
0.0015715
-0.00178489
0.766357
0.000607499
0.000951097
-0.752942
-0.000472108
-0.910594
-0.000303445
0.00113055
0.000160173
-0.894648
1.14332
-0.00151816
-0.00131873
0.00169944
-1.12377
0.000815057
-0.661894
0.00286601
-1.10584
-0.000338342
0.00151566
0.00167154
-1.28121
0.000943708
-0.650286
0.00338702
-1.09098
1.02386
0.000903565
0.00198076
-1.00624
-0.000473242
-1.05402
0.000756785
-0.00122187
-1.07806
-0.00053665
-0.00111242
-1.05136
0.000423321
-1.03584
0.000787414
-1.06055
-0.41861
0.00108084
-0.00129983
0.000826117
-0.000942268
0.00055649
-0.738655
0.000234001
0.87779
-0.000625193
0.000338014
0.000227412
-0.860466
4.36875e-05
0.000327634
-1.18465e-06
-0.723963
-0.00151316
-0.00190479
-1.10202
0.00111783
0.00203145
0.00105784
0.637702
0.00192568
-0.62492
1.06609
0.000563141
0.00300654
-1.04933
-0.000723494
0.00164017
-1.08063
0.000807663
-0.000240821
-0.98686
0.000210233
-0.00037026
0.000282887
1.0162
-0.00109342
0.000600572
-0.996373
1.03923
-0.000290751
-1.01975
0.000640937
-0.967366
0.434677
-0.00076545
-0.427046
-0.00076259
1.02247
0.000798355
0.00258824
-0.00220985
-1.00502
-0.000772203
-1.05572
-0.00084008
-1.07755
-0.00091953
-0.00298127
-0.00160207
-1.05242
-0.00165256
-1.03753
-0.00558295
-1.06011
1.1444
-0.0027551
0.000550971
-1.12496
0.00234839
-0.661405
0.000556229
-1.10737
0.00208278
0.00502526
-1.28411
-0.0058607
-0.650279
-1.09394
0.000438565
-0.738417
-0.00089999
0.000358304
0.878789
-0.000391974
0.000488389
0.000530854
-0.000962692
0.000613099
-0.418849
-0.00101858
-0.000942801
-0.410507
0.000488402
0.000767662
-0.986045
-0.00114395
-0.00116486
-0.000510805
1.01778
-0.000509384
-0.997771
1.03902
-0.00194497
-0.00391602
-1.01978
0.000732863
-0.00157558
-0.966926
-0.00158999
-0.00118939
-1.10333
0.00201185
0.00152453
-0.00483836
0.637586
0.00184869
-0.624979
1.06768
0.000222682
-1.05065
-1.08202
-0.696101
-0.0049492
1.12035
0.000752343
0.000945291
-0.000494013
-1.10143
-0.000914231
-0.645526
-0.000416318
-1.09508
-0.00226425
-0.0010042
-0.00126656
-1.27197
-0.000882008
-0.634482
2.65659e-06
-1.07959
0.752625
-0.000666459
5.99453e-05
-0.739604
0.000291884
-0.922401
2.22874e-05
-0.0004121
0.000361404
-0.906318
1.00712
0.000732987
-0.000657765
-0.990186
0.00108207
-1.06537
0.000127395
-1.05435
0.00320054
0.000934547
-0.00122999
-1.04579
-0.00134496
-1.04861
-1.03636
-0.00128966
-0.410385
0.000592714
-0.00073007
0.000520805
-0.000525887
0.00122567
-0.000149228
-1.08064
-0.00107824
-0.00133763
-0.00120095
0.622854
-0.00105282
-0.61093
1.05599
-0.000469665
0.000176278
-1.03885
-0.00227983
-0.000603886
-1.06015
-0.00136494
-0.72546
7.52124e-05
0.875746
0.000852816
0.000174117
-0.00164086
-0.858204
0.000206441
-0.0156497
0.000180683
-0.711264
-8.9609e-05
-0.00176404
-0.971222
0.00163605
-0.00038745
-0.00253406
1.0274
-0.000615748
-1.00895
1.01285
0.000897207
-0.00180029
-0.992931
-0.00654114
-0.95264
0.425028
-0.00149759
-0.417336
-0.0016257
1.00591
-0.00049153
-0.00184184
0.000262595
-0.987727
0.00158468
-1.0638
0.00127503
-1.05257
-0.000194708
0.00168632
-0.000312483
-1.04297
0.000506608
-1.04644
-0.000454161
-1.03034
0.751641
-0.0014456
-0.737915
0.00106548
-0.920555
-0.000941397
-0.891052
-0.014979
0.00177954
0.000649307
-1.0783
-0.00116632
-0.00114559
-0.00232207
-0.00113454
0.621469
-0.00170263
1.05377
-0.00133315
0.000182036
-0.00143672
-0.00116148
-0.000795308
-0.409453
-0.00103271
-0.000912937
-0.401404
-0.000751058
-3.84459e-05
-0.969627
0.00025619
0.000455332
0.000334677
0.000523868
1.02568
-0.000502673
-1.00751
1.01454
0.000264763
-0.00044178
0.000553145
-0.995495
-3.98827e-05
0.00407645
-5.08829e-05
-0.951238
-0.000271229
-0.724365
0.887361
0.000446607
5.65123e-05
-0.870503
0.0130733
-0.710333
1.00543
0.00178019
0.00185916
-0.00249436
-0.988778
-0.00105715
-1.04809
-0.000485593
-1.06359
-0.0017381
-0.0017677
-0.00229574
-1.04393
-0.00202244
-1.03085
-0.00503096
-1.04724
0.424779
-0.00103411
-0.417447
-0.00134736
1.11724
0.000970964
-0.00351416
-1.09884
0.000790474
-1.08937
0.00302003
-0.643519
0.00495358
0.00281204
-1.2678
-0.00586044
-1.07601
-0.632947
0.00161221
-0.725587
2.66286e-05
-0.00101755
0.888234
-0.00103275
0.000233317
9.60102e-05
0.000153825
-0.000797939
0.00232972
3.25287e-05
-0.971492
-0.00151923
-0.000637327
-0.00171343
1.0167
-0.001356
-0.998385
1.02704
-0.00115974
-0.00317033
-1.00919
2.84561e-05
-0.00147787
-0.953656
-0.409772
-0.000942782
-0.000661214
-0.401898
-0.000393889
-0.00211539
-1.07865
0.0020796
0.00256925
-0.00611228
1.05144
-0.000764629
-1.03485
0.620786
0.00210774
-0.608903
-1.05864
0.75059
0.00131721
-0.00168168
-0.737569
-0.000882139
-0.905631
-0.00169444
-0.902611
1.1162
-0.00134314
-0.000983801
0.00157365
-1.09685
0.00254509
-1.08776
0.000573139
-0.643294
0.00248494
0.000833984
-1.26316
0.00173763
-1.07252
-0.631847
0.424648
-0.417053
-0.00027515
0.000980846
-0.96767
-0.000816215
-0.000695374
-0.000154571
-0.000500044
1.00891
-0.000294152
-0.000324596
1.0237
-0.00220464
-0.00317808
-0.000203238
-0.000375713
-0.000979526
-0.00116385
0.000161496
-0.723282
-0.00123751
0.872529
-0.000333299
-0.854955
-0.00111205
-0.708976
-0.00158286
-0.000808365
-1.07569
0.00127668
0.00262292
0.000843587
-0.004448
1.04858
0.000156318
-1.03187
0.619785
0.00119843
-0.607658
0.000978315
-1.05503
-0.409018
-0.400883
-0.694897
-0.00600889
1.02099
0.000518388
-0.00180916
-0.000319113
-1.00334
0.000793933
-1.07538
0.0018853
-1.05149
0.000407082
0.00213148
-0.000607263
-1.04862
-0.000144791
-1.05789
-8.30177e-05
-1.03345
0.433452
-0.00116703
-0.425742
-0.000954095
0.764569
-0.0014158
-0.751109
0.00133769
-0.908625
-0.00117743
-0.892656
-0.00135049
0.00116449
0.00204125
-1.10052
-0.00205395
-0.00142112
-0.00246399
-0.00237531
1.06748
-0.00231841
-0.00108991
0.636684
-0.00227276
-0.00337797
-0.00194613
-0.00174978
-0.000271553
-0.00183169
-0.98455
-6.10707e-05
0.00222693
-0.000201507
-0.00161913
1.03702
-0.00072626
-1.0184
1.01426
0.00191062
-0.000369105
-0.00195247
-0.995053
-0.000121555
-0.00178884
-0.000142479
-0.965929
-0.417751
-0.00139221
-0.00159574
-0.409634
-0.00140903
-0.737115
0.876063
0.0015127
-0.00155416
-0.859136
-0.00140309
-0.722856
1.1423
0.00181425
-0.0013855
-0.000552851
-1.12285
-0.00106142
-1.10857
0.00128266
-0.660398
-0.00137524
0.00104991
-1.28364
-0.000686381
-1.09328
-0.648875
0.76418
0.00105081
0.000423013
-0.750786
-0.0010098
-0.909473
0.000760943
-0.893495
0.433824
-0.426149
-0.00193221
0.00122825
-0.983793
-0.000290345
0.00111902
-0.00039932
0.000941046
1.03688
0.000474602
-0.00114174
1.01539
-0.00130712
0.000299153
0.00216768
0.000408975
-0.000667723
0.000654069
0.000569138
-0.000629032
-1.1016
-0.000357365
-0.00181071
0.000489198
0.00430427
1.069
-0.00117663
-1.05227
0.63668
0.000513592
-0.624443
-0.000277694
-1.08088
0.000923986
-0.736762
0.000307193
0.876804
-0.000947115
-0.859813
7.36589e-05
-0.722541
-0.418092
-0.409931
-0.641278
0.00228037
-0.00252326
0.00314178
-0.00360235
0.70857
0.000465231
-0.000539176
-0.692855
-0.000483839
-0.842355
0.000310922
-0.000391786
0.000534223
-0.823863
1.05731
-0.00208821
0.000446107
0.00141151
-1.03452
0.00188414
-0.611444
0.000975902
-1.02313
-0.00106949
0.00241378
0.00167264
-1.1793
0.00106473
-0.59782
0.00276774
-1.00485
0.946495
0.00097819
-0.000493073
-0.92561
-0.000843949
-0.975219
0.000217273
0.00109976
-0.997029
-0.00138723
-0.000648154
-0.968211
-0.000335704
-0.954027
0.000124904
-0.976117
-0.383321
-2.59433e-05
-9.68063e-05
-0.000205114
0.000152719
0.000235815
-0.676784
-0.000494582
0.804981
-0.000182026
0.000757247
-0.000549668
-0.785787
0.000734407
-0.000510113
-0.000537915
-0.660508
-0.00217068
0.000397387
-1.01033
0.000954259
0.00264104
0.00129245
0.583719
0.00201156
-0.569698
0.978052
-0.0013117
0.0027478
-0.958701
-0.0012104
0.00114978
-0.986754
0.0006738
-0.000956877
-0.903836
-0.00143236
0.00031715
-0.000708211
0.932019
-0.000709907
-0.000321745
-0.910111
0.952671
0.000116554
-0.930969
-0.000287867
-0.882422
0.401739
-0.00101597
-0.392838
-0.00115322
0.946407
0.000687607
0.00169683
-0.00169323
-0.925881
-0.000625163
-0.976431
-0.000625728
-0.997226
-0.000582812
-0.00061666
-0.00179585
-0.968896
-0.00131134
-0.954901
-0.00522773
-0.976484
1.05887
-0.00197603
-0.000382659
-1.03603
0.001858
-0.61175
0.001196
-1.02481
0.00155196
0.00414194
-1.18347
-0.00333987
-0.598634
-1.00776
0.000695445
-0.677114
-0.00117131
0.000481031
0.805364
-0.000635005
6.56264e-06
3.08002e-05
-0.00100747
0.000459551
-0.383627
-0.00123906
-0.000961491
-0.374361
0.00082734
0.000657501
-0.904461
-0.00122104
-5.46218e-05
-0.000943589
0.932575
-0.000866613
-0.910463
0.953209
-0.00141781
-0.00407323
-0.931616
0.000595241
-0.00150165
-0.883204
-0.0015687
-0.00144132
-1.01169
0.00193694
0.0010906
-0.00345207
0.584388
0.00168199
-0.570397
0.979608
0.000268715
-0.95999
-0.987984
-0.641388
-0.00316574
1.03779
0.00126556
-0.000410096
-0.00064088
-1.01569
-0.00123483
-0.598135
0.000964708
-1.014
-0.00224345
-0.00102762
-0.00117344
-1.17304
-0.000878315
-0.585033
0.000278724
-0.995322
0.696431
-0.000436567
-0.000268222
-0.681248
0.000624069
-0.840349
-0.000218686
-9.33128e-05
-0.000309843
-0.822054
0.932646
-0.00073901
-0.000465798
-0.912549
0.00095734
-0.986539
0.000681548
-0.972174
-0.000688729
0.000348536
0.000740438
-0.963474
-0.000274186
-0.966599
-0.951335
-0.000263
-0.376145
-0.000185594
-0.000202241
-0.000216809
-0.000206339
0.00133244
-0.00200906
-0.99171
-0.000900762
-0.000597591
-0.00228121
0.571141
-0.00179127
-0.557315
0.969211
0.00192565
0.000203143
-0.948889
-0.00242649
-0.000865304
-0.96794
-0.000397937
-0.665369
-0.000496315
0.802985
0.000277175
-0.00109507
-0.000252736
-0.783319
-0.000811509
-0.000369386
-0.000701013
-0.649148
-0.00222489
-0.000549429
-0.890932
0.000817718
0.00248694
-0.000115261
0.942737
0.00180653
-0.921378
0.929054
0.000500903
9.38814e-05
-0.906447
-9.65504e-05
-0.8696
0.393075
-0.000573771
-0.38469
-0.000699311
0.931667
0.00161979
-0.000163473
-0.000579562
-0.912429
-0.0001101
-0.985608
0.000224336
-0.975229
-0.000483172
0.000300283
-0.00217842
-0.963792
-0.000140687
-0.966349
-0.000741823
-0.955121
0.695798
-0.000411456
-0.681125
0.000356129
-0.852561
-0.000408484
-0.834486
-0.000370101
0.000334362
0.00135009
-0.992318
-0.000716031
0.000175924
-0.00146102
-0.000109755
0.571102
-0.000881335
0.969581
-0.00162834
0.00139548
-0.000356552
-0.000733929
0.00019838
-0.376171
-0.000229188
-0.000177304
-0.367549
0.00189026
0.000243872
-0.892528
-0.000824652
4.57826e-06
-0.00236211
-3.29083e-05
0.944014
-0.00259861
-0.924161
0.934319
-0.000287469
-0.000940135
0.000121452
-0.913697
-0.000922062
5.03992e-07
-0.00097799
-0.872807
-0.000172829
-0.66622
0.816087
0.000169998
-6.46573e-05
-0.797471
-0.000188203
-0.651123
0.934076
0.000368341
7.93179e-05
-0.000785882
-0.914306
-0.000759499
-0.977884
0.000541791
-0.987147
-0.000277793
0.000564675
-0.00110591
-0.964875
-0.000836317
-0.956846
-0.00358038
-0.967441
0.393552
-0.000467322
-0.384994
-0.000609724
1.03678
0.000487426
-0.00156932
-1.01495
5.41001e-05
-1.01036
0.00176555
-0.596447
0.0037777
0.00112488
-1.17037
-0.00433759
-0.993451
-0.58411
0.000471188
-0.666413
-0.000944626
-0.000189697
0.816021
-0.000327202
-0.000870934
-0.000723563
-0.00120036
-4.58566e-07
8.3669e-05
-0.00227136
-0.892857
2.95874e-06
0.00208084
0.000183892
0.934333
0.000169796
-0.911768
0.943648
0.00219891
-0.00173117
-0.922048
0.00179852
3.18095e-05
-0.871175
-0.375958
-0.000581412
-0.000429178
-0.366744
-0.00128132
-0.0007818
-0.991011
0.000379411
0.00181339
-0.00428042
0.965977
0.000721511
-0.94588
0.570042
0.000564131
-0.5561
-0.967306
0.694427
0.000278358
-0.000792742
-0.679787
-0.0002823
-0.837609
-0.00102644
-0.820052
1.03301
0.00125677
-0.00158274
0.000445599
-1.01169
0.000408321
-1.00718
0.00122434
-0.5951
0.0035772
0.000997723
-1.1655
0.000862477
-0.989502
-0.582523
0.392516
-0.384108
0.000466565
0.00284116
-0.889948
-0.00137615
-0.00102189
-0.00266976
-0.000574692
0.927581
-0.000470058
-0.00121512
0.941576
-0.00367115
-0.00345078
-0.00110718
-0.000436968
-0.00129163
-0.00115885
0.00011557
-0.664879
-0.000682335
0.802258
-6.62008e-05
-0.784154
-0.000439259
-0.649804
0.00114833
-0.00176642
-0.989166
0.0003094
0.00311213
0.00130145
-0.00579344
0.964355
-0.00228065
-0.945808
0.569522
0.00172532
-0.556677
-1.95359e-05
-0.967237
-0.375521
-0.366867
-0.640906
-0.00453674
0.945963
-0.000238119
-0.00216949
0.000278707
-0.92604
0.000774168
-0.99647
0.00200933
-0.974696
-0.000285273
0.00252005
-0.000696274
-0.968191
0.000212272
-0.976512
-0.000328194
-0.954246
0.401135
-0.00192216
-0.392484
-0.00170756
0.707993
-0.00158901
-0.692824
0.00146289
-0.841559
-0.001579
-0.823608
-0.00172755
0.00188679
0.00164887
-1.01185
-0.0022252
-0.00181936
-0.0025027
-0.00173079
0.981647
-0.0023915
-0.00146885
0.584791
-0.00239342
-0.00388163
-0.00247258
-0.00205077
-0.00118586
-0.00203596
-0.904907
0.000518436
0.00269011
-6.7748e-05
-0.00198417
0.953369
0.00127872
-0.931961
0.932724
0.00233495
-9.90831e-05
-0.0022436
-0.911142
-0.000245281
-0.00202643
0.000792817
-0.883608
-0.383562
-0.00186395
-0.00212844
-0.374477
-0.00147052
-0.677157
0.80511
0.00162342
-0.00186438
-0.786179
-0.00169652
-0.661101
1.05841
9.51127e-05
0.000287223
0.000112022
-1.0364
0.000280442
-1.02701
-2.36804e-05
-0.611608
-0.00174937
-0.000674097
-1.18483
4.57893e-05
-1.00889
-0.598624
0.707722
0.00091109
-0.000257168
-0.692661
-0.00086966
-0.842102
-0.000121562
-0.824051
0.4014
-0.392749
-0.00131092
0.000902636
-0.904714
-6.75358e-05
0.000374004
-0.000421236
0.00246827
0.953357
0.000927122
-0.0010919
0.93314
-0.00092807
0.00121927
0.00231735
0.00095372
-0.000159627
0.000448149
-0.00136628
0.000391433
-1.01258
0.000492752
-0.00267653
-0.000443073
0.0055108
0.982561
0.0016659
-0.962805
0.584996
-0.000963189
-0.571373
0.000668629
-0.988955
0.000880951
-0.677037
-0.000464305
0.805344
-0.000989179
-0.786159
-0.000579175
-0.661102
-0.383733
-0.374524
-0.580337
0.00403993
-0.0044998
0.00443963
-0.00445362
0.644349
-0.000152746
-0.00037923
-0.627727
0.000163872
-0.766726
0.00122201
2.68134e-05
0.00083938
-0.747139
0.962459
-0.00168257
0.00142932
0.000797595
-0.938202
0.00209147
-0.555597
-0.00170806
-0.931697
-0.00126614
0.00203559
0.00255812
-1.06873
0.000781482
-0.541051
0.00270976
-0.911635
0.860826
0.000293653
-6.84211e-05
-0.838735
-0.000353682
-0.888088
-0.000861323
-0.000590739
-0.907432
-0.00208155
-0.000193343
-0.878605
-0.00119047
-0.8656
-0.000784038
-0.885143
-0.346212
-0.000589589
0.000925105
-0.000593962
0.000657189
-0.000664577
-0.61184
0.000770183
0.728333
0.00062681
0.00093744
-0.00124484
-0.708922
0.00165017
-0.00135746
0.000204821
-0.595461
-0.00168465
0.00278985
-0.914267
0.000440246
0.00133559
0.00152449
0.527142
0.000709673
-0.512901
0.885047
-0.00176576
0.00245676
-0.865002
-0.00150547
0.000148711
-0.890322
-0.000151574
0.00219475
-0.81756
-0.00401359
0.00102687
-0.00169056
0.843894
0.000366508
-0.00128071
-0.82163
0.861947
-0.00106652
-0.839902
-0.00145924
-0.795952
0.36513
-0.000966588
-0.355701
-0.00104906
0.861825
0.00124823
0.00131006
-0.00188159
-0.840077
-0.00141963
-0.888304
-0.00176752
-0.908169
-0.00113572
-0.000470331
-0.00252578
-0.87866
-0.00189008
-0.865578
-0.0056947
-0.886054
0.963783
-0.00238464
0.000138366
-0.939591
0.00255666
-0.556527
-1.12994e-05
-0.933294
0.00187171
0.00506452
-1.07426
-0.00468179
-0.542575
-0.914444
0.00127595
-0.612566
-0.00137411
0.000935391
0.728196
-0.00122067
0.000271681
0.000818419
-0.00104722
0.000148855
-0.346525
-0.000976602
-0.000878492
-0.337137
0.00197076
0.00223991
-0.818957
-0.00219831
-0.00235712
-0.00186079
0.843779
-0.00162262
-0.821432
0.862917
-0.000960328
-0.00496699
-0.840918
-0.000433059
-0.00188545
-0.797354
-0.00300595
0.000664551
-0.91552
0.00262984
0.00277864
-0.00665474
0.528424
0.00246128
-0.51421
0.886642
-0.00047575
-0.866317
-0.891444
-0.582661
-0.00597753
0.943351
0.00174525
-0.00257226
-0.000759274
-0.918809
-0.0016333
-0.543321
0.00238302
-0.922184
-0.00248024
-0.000934389
-0.00166718
-1.06205
-0.000930378
-0.528822
0.000465716
-0.901108
0.632824
0.000111981
-0.00122659
-0.615957
0.000295652
-0.763459
-0.00118041
-0.000397404
-0.0016502
-0.742901
0.847783
-0.00320629
-0.000178253
-0.825355
0.00178549
-0.897137
0.000508896
-0.883422
0.000162242
-0.000305928
0.00392913
-0.871696
0.000686562
-0.874859
-0.860105
0.00064261
-0.338668
-0.000507345
0.000270671
-0.00106344
0.000537236
0.00126415
-0.00207179
-0.894512
-0.000465997
-0.000994887
-0.00256892
0.514838
-0.00159189
-0.500429
0.874728
0.00348251
0.0012383
-0.853509
-0.00204813
-0.000242956
-0.86995
0.000308474
-0.599836
-0.000359473
0.72344
-0.00126541
-0.00187373
0.0127766
-0.71397
-0.00112476
0.000975977
-0.00129324
-0.583497
-0.00157035
0.000275574
-0.803827
-1.00241e-05
0.00279831
0.00119095
0.850872
0.00322856
-0.828917
0.83784
-0.00122577
0.00585236
-0.817851
0.00157029
-0.782328
0.358817
0.000174419
-0.34981
0.000216609
0.852504
0.00159058
0.000359834
-0.000851001
-0.831749
-0.00236553
-0.90119
-0.0006384
-0.892573
-0.00102953
-0.000292239
-0.00139447
-0.878058
-0.0012112
-0.880254
-0.000558836
-0.870736
0.635935
8.67014e-05
-0.620273
-0.000106225
-0.778758
0.000274206
-0.759494
0.00033719
0.000350984
0.0003627
-0.901187
-7.54012e-05
0.00065646
-0.00162117
-0.0015663
0.518083
-0.00189466
0.879774
0.000601696
0.00110381
-0.000721619
-7.32168e-05
-0.000227592
-0.340984
0.00049983
0.000197846
-0.331867
0.00253826
0.000924748
-0.811299
-0.00131479
-0.000256821
-0.00210227
0.000836732
0.857146
-0.000861097
-0.835849
0.849217
-0.000305194
-0.000260558
0.000853939
-0.826935
-0.000882014
0.00110275
-0.000576663
-0.790207
0.000319618
-0.604942
0.740635
-0.000122811
0.000565075
-0.721259
0.000694621
-0.589005
0.849015
-0.000564729
-0.00279065
0.000176808
-0.826401
3.65161e-05
-0.888846
0.00244199
-0.897609
0.000922755
0.00306314
-0.000168532
-0.872943
-8.36848e-05
-0.864908
-0.00264058
-0.875094
0.357449
-0.000455825
-0.34781
-0.000316513
0.942911
-0.00124036
-0.000656183
-0.918043
0.000602326
-0.919354
0.00111774
-0.542126
0.00319727
0.00132228
-1.05962
-0.00386557
-0.899476
-0.527968
-0.000317345
-0.600078
-0.00088722
0.00027505
0.735397
0.00108546
-0.000897493
-0.000407313
-0.00140277
0.000618783
-0.000600302
-0.00198347
-0.803863
9.6172e-05
0.00111747
0.00106456
0.841281
0.00184141
-0.814063
0.850332
0.00290039
-0.00154121
-0.827161
0.00212506
0.000671156
-0.780329
-0.33837
-0.000210743
-0.000197392
-0.328628
-0.000800346
-0.00101311
-0.893099
0.000428537
0.0022006
-0.00497294
0.871361
0.00111256
-0.849723
0.513292
0.000368537
-0.498589
-0.867973
0.634624
-0.00011373
-4.47949e-05
-0.618928
0.00019482
-0.765978
-0.000222029
-0.747148
0.944427
0.00228987
-0.00164823
-0.000282282
-0.921555
-0.00247921
-0.920236
0.00196084
-0.543514
0.00365599
0.0012622
-1.06065
-0.000285895
-0.900771
-0.529955
0.358149
-0.349182
-0.000171127
0.00316572
-0.808894
-0.00120056
-0.000523886
-0.00397496
0.000458503
0.84326
0.000178419
-0.000732797
0.854986
-0.00149722
-0.00250408
-0.00150922
0.000800766
-0.00024853
-0.000373766
-0.000464103
-0.603562
0.000238978
0.728677
0.000176557
-0.709315
0.000291682
-0.587626
0.00311839
-0.00170813
-0.898594
-0.000765873
0.00180368
0.00100449
-0.00444851
0.875191
-0.00201639
-0.855344
0.516691
0.000987658
-0.502997
-0.000501796
-0.875444
-0.340401
-0.331331
-0.580625
-0.00534644
0.861824
-0.00197518
-0.00259941
0.00107841
-0.839945
0.00159051
-0.908172
0.00212726
-0.889111
-0.000172411
0.00268313
0.00129167
-0.878999
0.000658001
-0.885976
0.00040793
-0.866532
0.365257
-0.00205771
-0.355766
-0.00190288
0.644935
-0.00161341
-0.628287
0.00146903
-0.767124
-0.00170669
-0.747397
-0.0018556
0.00140109
0.00181572
-0.915872
-0.00214382
-0.00158784
-0.00307939
-0.00198628
0.888202
0.000476523
-0.00154225
0.528659
-0.00341988
-0.00402086
-0.00287971
-0.00126478
-0.000843813
-0.00200805
-0.818425
0.000485476
0.00270365
0.000307193
-0.00180574
0.862204
0.00300542
-0.839505
0.844327
0.00264768
0.00102603
-0.00219396
-0.82092
7.88441e-06
-0.00190146
0.00142053
-0.7959
-0.346507
-0.00169481
-0.0018489
-0.336822
-0.00140084
-0.612083
0.728146
0.00150041
-0.001723
-0.707924
-0.00156994
-0.595084
0.964443
-0.00208216
0.000628459
0.000869369
-0.940044
0.0017729
-0.935899
-0.000433972
-0.557515
-0.00179428
-0.000402782
-1.07611
0.000700119
-0.915329
-0.543175
0.645033
0.00114877
-0.000607059
-0.628433
-0.000922459
-0.766861
-0.000633913
-0.747014
0.365234
-0.355707
-0.00122263
0.00112251
-0.81897
-0.000561507
0.000539249
-0.000365342
0.00176149
0.862482
0.00383533
-0.00149829
0.843494
-0.0011295
0.00162724
0.00217984
0.000791906
-0.000443536
0.00175917
-0.00116919
-0.000422287
-0.915495
0.000636968
-0.00235683
0.000385009
0.00422305
0.888444
0.00277405
-0.867261
0.529081
-0.000108777
-0.514281
0.00110147
-0.890354
0.00101186
-0.612188
-0.000572499
0.727652
-0.00131966
-0.7074
-0.00056857
-0.595119
-0.346374
-0.336621
-0.520091
0.00276823
-0.00284291
0.00180645
-0.00130723
0.580161
-0.00112432
0.000718536
-0.564371
0.00119432
-0.690743
0.00195926
0.00151292
0.000925606
-0.671937
0.867279
0.000686233
0.00205639
-0.000722839
-0.844254
0.000890128
-0.499504
-0.00365608
-0.839299
-0.0020021
-0.000995851
0.00185686
-0.960445
-8.4729e-05
-0.485888
0.00192373
-0.819839
0.775627
-0.00111023
0.00187898
-0.754885
0.000757919
-0.800849
-0.00208343
-0.00367415
-0.817499
-0.00239782
0.000578863
-0.790698
-0.00198271
-0.779428
-0.00174487
-0.796233
-0.310589
-0.0010358
0.00171541
-0.0011146
0.0013377
-0.0016432
-0.549774
0.00192799
0.654499
0.00150233
0.000534675
-0.00159088
-0.63643
0.00182653
-0.00192982
0.000805142
-0.534665
0.000473817
0.00372986
-0.822267
-0.00091759
-0.0015097
-0.00046322
0.473254
-0.00245189
-0.46039
0.795267
-0.00163795
0.00103138
-0.776709
-0.00288019
-0.00177591
-0.800283
-0.00144082
0.00424852
-0.735561
-0.00474105
0.00209867
-0.00241351
0.7595
0.00181407
-0.0019047
-0.738897
0.774846
-0.00163574
-0.754557
-0.00243114
-0.71576
0.328265
-0.000657539
-0.319205
-0.000827464
0.777011
0.00205925
0.00100825
-0.00221711
-0.756164
-0.00266026
-0.800424
-0.00289981
-0.818463
-0.00210704
-0.00162305
-0.00338372
-0.790296
-0.00288041
-0.778881
-0.00644421
-0.797109
0.868204
-0.00311625
0.00140042
-0.844993
0.00410754
-0.500869
-0.00185372
-0.840667
0.00226248
0.00703691
-0.965646
-0.00816376
-0.48751
-0.82213
0.00186595
-0.550184
-0.00136132
0.000744546
0.654044
-0.0016059
0.000488079
0.00144548
-0.000750702
-0.000475655
-0.310642
-0.000723611
-0.000508488
-0.30191
0.00295509
0.00238108
-0.736528
-0.00290278
-0.00377523
-0.00248772
0.758764
-0.00207447
-0.738082
0.775542
1.81485e-05
-0.00537524
-0.755033
-0.00109293
-0.00191584
-0.716351
-0.00432818
0.0021357
-0.822495
0.00360761
0.00433826
-0.00991561
0.474272
0.00292474
-0.461046
0.796167
-0.00141853
-0.777115
-0.800077
-0.523468
-0.00936373
0.846323
0.000864092
-0.00299431
0.000205613
-0.822558
-0.000409798
-0.486767
0.0016538
-0.827954
-0.00135441
-0.000315701
-3.99852e-07
-0.951692
0.000226442
-0.472828
0.00196991
-0.807255
0.567912
0.00108751
-0.00115169
-0.551744
-0.00079925
-0.695132
-0.000630519
-0.000169212
-0.00137491
-0.675279
0.76147
-0.00277341
0.0010197
-0.740092
0.000952077
-0.805708
-0.000990166
-0.796298
0.00212821
-0.0014845
0.00329713
-0.781406
0.00139334
-0.784147
-0.773782
0.00187034
-0.302248
-0.000737029
0.000810236
-0.00116409
0.000822541
-0.000732215
-0.00093566
-0.800097
0.000950865
0.000589604
-0.000734626
0.45986
6.51559e-05
-0.446699
0.782882
0.00251306
0.00292263
-0.763231
-0.000655173
0.000799799
-0.777558
0.000861528
-0.536881
0.000175817
0.657154
-0.00116777
-0.000825725
0.00125422
-0.63849
-2.29374e-05
0.00116068
-0.000907457
-0.521614
3.19456e-05
0.00130237
-0.720178
-0.0007498
4.749e-05
0.00129349
0.761957
0.00217759
-0.74148
0.752963
-0.00144424
0.00188321
-0.73161
0.0014784
-0.699932
0.32292
-0.000157134
-0.313708
0.000403863
0.769264
-0.000909351
-0.000531131
1.8962e-05
-0.747496
-0.0012188
-0.812487
-0.000610455
-0.804663
-0.000531161
-2.05233e-05
0.0011481
-0.78813
-0.000958033
-0.790805
5.52829e-05
-0.779307
0.573445
-0.000364697
-0.557138
-0.000179834
-0.702076
0.000359959
-0.672691
-0.0102079
0.00125175
-0.000673969
-0.807518
-7.69452e-05
3.71647e-05
-0.00205717
-0.00362001
0.464042
-0.00319361
0.788322
0.00151375
0.000239417
-0.00196829
-0.000379114
-0.00128657
-0.305018
0.000236404
-0.000488247
-0.296124
0.000199013
0.00107495
-0.727314
-0.000440864
2.92479e-05
0.000349808
0.00168041
0.768217
0.00211378
-0.74728
0.760194
0.000567323
0.000513256
-0.002223
-0.735681
-5.63784e-05
0.00420598
0.000692231
-0.706149
0.000493616
-0.542087
0.663804
0.000380572
-0.00983925
-0.635228
0.0106326
-0.526142
0.758783
-0.00112958
-0.00105897
0.000286885
-0.737279
0.00068619
-0.79147
2.61925e-05
-0.803424
0.000699686
0.00100921
-9.96573e-05
-0.779672
-0.000329891
-0.769041
-0.00319767
-0.781747
0.319557
2.64931e-05
-0.310347
2.34112e-05
0.844243
0.000320899
-0.000939022
-0.820731
-0.00073822
-0.823957
0.00186633
-0.484956
0.00493078
0.0013043
-0.947798
-0.00699938
-0.804603
-0.471492
-0.000640581
-0.535263
0.000605214
3.90127e-05
0.646547
0.000844681
-0.000325244
0.000551661
-0.000161038
0.000343468
-0.00039682
0.00143108
-0.717345
-0.000503323
-0.00184212
0.00071694
0.748484
0.00114732
-0.727637
0.759564
5.86104e-05
-0.00278124
-0.739261
0.00119132
0.000321132
-0.697278
-0.301812
5.09696e-06
-1.87617e-05
-0.293174
0.00122084
-0.00200856
-0.798388
0.00214918
0.00244282
-0.00810409
0.779117
-0.000437282
-0.759846
0.458265
0.000773251
-0.445251
-0.776282
0.572293
0.000209116
0.000452263
-0.556667
0.000389778
-0.690972
0.000500499
-0.681558
0.852441
0.00103301
0.000134588
-0.000521414
-0.829392
-0.00267746
-0.829991
0.00104704
-0.489594
0.00154235
-9.70946e-06
-0.953131
-0.000932149
-0.810182
-0.475885
0.322573
-0.313582
-0.00127495
0.00110934
-0.726094
-0.000329883
0.00064931
-0.00210244
0.00178291
0.758167
0.000641984
0.000484051
0.767411
0.00102815
-0.000604903
-0.000801728
0.00289924
0.000724112
0.00111179
-0.000838034
-0.541376
0.000808797
0.653557
-3.89846e-05
-0.644345
0.000732058
-0.526235
0.00184218
0.000125663
-0.806698
-0.00103375
-0.00163295
-0.000292018
0.000817052
0.785428
7.11491e-06
-0.766166
0.462766
-0.00165264
-0.449517
-0.000609432
-0.784242
-0.30494
-0.296181
-0.51952
-0.00840097
0.774287
-0.00385674
-0.00255545
0.00164316
-0.75195
0.00150999
-0.815864
0.001841
-0.798587
0.000370541
0.00245812
0.00397814
-0.786977
0.000564212
-0.793356
0.00144265
-0.775393
0.327521
-0.00159779
-0.317883
-0.00133982
0.578909
-0.00131652
-0.562044
0.00119791
-0.688684
-0.00130018
-0.668609
-0.00147485
-0.00095283
0.00205656
-0.818181
-0.00157334
-0.000637524
-0.00426014
-0.001819
0.793893
0.00250373
-0.0013085
0.471853
-0.0039273
-0.00391322
-0.00254281
-0.000544835
-0.00131606
-0.00142627
-0.731087
0.000444605
0.00239871
0.00150121
-0.00133913
0.770575
0.00366318
-0.749082
0.753765
0.002159
0.0014693
-0.00152116
-0.731649
0.000458285
-0.00119011
0.00153112
-0.70977
-0.30892
-0.000946095
-0.001305
-0.299747
-0.00094517
-0.546453
0.650036
0.00111505
-0.00122387
-0.630902
-0.00100914
-0.530381
0.865964
-0.00243913
-0.000724274
0.00114733
-0.841239
0.000698255
-0.840789
0.00152973
-0.500133
7.87806e-05
0.00167712
-0.963834
0.000643814
-0.819873
-0.485493
0.578901
0.00137874
-0.000512873
-0.561984
-0.0010857
-0.688192
-0.000502097
-0.668192
0.327356
-0.317743
-0.00152189
0.00138209
-0.730838
-0.00146259
0.000898348
-0.000579771
0.000601198
0.770539
0.00391916
-0.00294162
0.753301
-0.00123267
0.0012811
0.00113038
0.000253931
-0.00103635
0.00200298
-0.000226036
-0.00268939
-0.817677
0.000766221
-6.48734e-05
0.00303696
-0.000769427
0.79437
0.00207204
-0.774383
0.47176
0.00159833
-0.457798
0.0012703
-0.794084
0.00112676
-0.546324
-0.000603518
0.649713
-0.0013801
-0.630667
-0.000635497
-0.5302
-0.308803
-0.299635
-0.465793
-0.00309702
0.00323987
-0.00515807
0.00563563
0.520716
-0.00164511
0.000333941
-0.506228
0.00186679
-0.619717
0.00120745
0.00176791
-0.000242223
-0.602393
0.77923
0.00419569
0.000214493
-0.00275261
-0.758049
-0.00199811
-0.448364
-0.00279752
-0.753264
-0.00400851
-0.00430649
-0.00134686
-0.862082
-0.00180335
-0.436021
-3.1427e-05
-0.735692
0.697267
-0.00224678
-6.36439e-05
-0.678106
0.00195685
-0.719678
-0.00235283
-0.00340755
-0.734131
0.000938609
0.00144149
-0.709608
-0.00195536
-0.699655
-0.00162784
-0.71478
-0.278034
-0.00126908
0.00155643
-0.0015323
0.00135927
-0.00183454
-0.49294
0.00119167
0.586491
0.00161535
-0.000953511
-0.00105094
-0.570246
0.000355438
-0.00149296
-0.00024779
-0.479317
0.00334484
0.00105981
-0.737823
-0.00249706
-0.00376354
-0.00451379
0.4245
-0.00547283
-0.412889
0.713408
0.000966925
-0.000956852
-0.697028
-0.00505617
-0.00339478
-0.717919
-0.0021322
0.00148412
-0.660293
-0.000575267
0.00290325
-0.00191835
0.681088
0.00232502
-0.00106626
-0.662245
0.695274
0.00181846
-0.677041
-0.00179845
-0.642143
0.293778
-0.00033513
-0.285488
-0.000541723
0.697434
0.00176077
-0.00108773
-0.00170174
-0.677953
-0.00290359
-0.71882
-0.00154984
-0.734331
-0.0019179
-0.000381816
-0.00321456
-0.708921
-0.00293084
-0.698897
-0.00605726
-0.714732
0.778699
-0.00301909
0.00148493
-0.757373
0.00477497
-0.448706
-0.00256559
-0.753623
0.00262158
0.00744761
-0.864853
-0.00928355
-0.436374
-0.73675
0.00164416
-0.492667
-0.000811019
-0.000249326
0.586076
-0.00115305
-0.0001938
0.000945277
-0.000114315
-0.00130279
-0.277752
-0.000504102
-0.000214351
-0.269973
0.0023301
0.000302582
-0.659812
-0.00236937
-0.00222206
-0.00176384
0.680459
-0.00112964
-0.661671
0.695072
0.00174909
-0.00449904
-0.676748
-0.000351132
-0.00109444
-0.641584
-0.00435466
0.00195998
-0.73693
0.00427218
0.00387483
-0.00989198
0.424253
0.00247769
-0.412394
0.713392
-0.00108535
-0.696619
-0.716876
-0.467693
-0.00976511
0.75663
-0.00116032
-0.00119223
0.00124252
-0.73597
0.00198209
-0.43468
6.93013e-05
-0.74045
0.00012645
0.00133429
0.00354992
-0.851786
0.00161937
-0.42258
0.00382848
-0.722371
0.50779
0.00078703
-0.000657826
-0.493564
-0.000774868
-0.621648
0.000618193
0.000502012
-0.000216948
-0.604082
0.681391
-0.00144689
0.00142247
-0.66252
-0.000917377
-0.720776
-0.00161779
-0.712218
0.00117859
-0.00217137
0.000459574
-0.699248
0.000930434
-0.70174
-0.692324
0.000774966
-0.270312
-0.000353581
0.000656616
-0.000520256
0.000547372
-0.00328993
0.00160817
-0.717191
0.00206189
0.0027975
0.00269522
0.411673
0.00204951
-0.400924
0.701703
-0.000411605
0.0048261
-0.685832
0.000829321
0.00159823
-0.699061
9.39896e-05
-0.480654
0.00071796
0.579801
-0.000922363
0.000408148
0.000532776
-0.564892
0.00133844
-0.00972714
-0.000478311
-0.468103
0.00169528
0.00112893
-0.645133
-0.000862217
-0.00346974
-0.000152412
0.682746
0.000619705
-0.665935
0.672357
-0.0017363
0.00118089
-0.655385
-0.00286483
-0.628515
0.28778
-0.000598026
-0.279421
-9.77039e-05
0.686394
-0.0036869
0.000167143
0.00146123
-0.666824
0.00122416
-0.725625
-0.00062262
-0.715016
0.000171281
-0.000494412
0.00287582
-0.703596
0.000268723
-0.70607
0.000877773
-0.695029
0.511435
0.000453793
-0.496723
-0.000317356
-0.617127
0.000238789
-0.599938
0.00133014
0.00121547
-0.000480303
-0.721274
-0.000232114
-8.91443e-05
-0.00174183
-0.00426859
0.413878
-0.00331353
0.704668
0.00165024
6.19166e-05
-0.00245526
-0.00045559
-0.00145155
-0.271786
-3.37215e-05
-0.000675765
-0.264107
-0.00182908
0.00147804
-0.649177
0.000839766
-0.000104859
0.00108001
0.00239623
0.686384
0.00407052
-0.668389
0.678924
9.14593e-05
0.00103404
-0.000717886
-0.658152
0.000356454
0.00503757
0.00187247
-0.630974
0.00130333
-0.483541
0.592614
-0.00054342
-0.00721206
-0.568066
0.0108802
-0.46986
0.679228
-0.000649604
0.00115166
-4.82678e-05
-0.661375
0.000129225
-0.708867
-0.00290705
-0.71901
-0.000350228
-0.000121957
-0.000905553
-0.698973
-0.00096738
-0.690255
-0.00428157
-0.700774
0.285363
-0.000186488
-0.27753
-0.000159981
0.755967
0.000832739
-0.00108952
-0.736022
-0.0018909
-0.737412
0.0026234
-0.433546
0.00637901
0.000955088
-0.848981
-0.00881959
-0.720981
-0.422131
0.000424372
-0.481046
0.00147969
-0.000872305
0.589752
0.000502222
-0.000272251
0.000626326
0.000583806
-0.000205763
0.000792735
0.00324033
-0.645587
-0.0011779
-0.00222408
-0.000270738
0.675921
0.00072058
-0.658532
0.682613
-0.00130926
-0.00350048
-0.665964
0.000221875
5.93495e-05
-0.629308
-0.270462
-0.000606529
-0.000343694
-0.263349
0.00105074
-0.00244233
-0.7174
0.00273052
0.00252075
-0.00841311
0.699425
-0.000131002
-0.683557
0.41104
0.00060845
-0.400358
-0.699122
0.511907
-0.000990922
0.00115624
-0.49708
0.000800061
-0.627188
0.00091481
-0.608488
0.762529
-0.00126251
0.00328199
-0.000754856
-0.740863
-0.000784272
-0.74257
-0.00146874
-0.437024
-0.00215862
-0.00271356
-0.851569
-0.00100945
-0.72414
-0.424439
0.287929
-0.279496
-0.00257323
0.000101223
-0.648535
-0.000269337
0.00210843
0.000376909
0.00331459
0.676725
0.00204153
0.00120826
0.68582
0.00255705
0.00158126
-2.07137e-05
0.00522759
0.000929142
0.00280794
-0.00187401
-0.483241
0.00127743
0.582989
0.00121262
-0.574495
0.00147574
-0.469716
-9.37206e-05
0.00266785
-0.720327
-0.00114707
-0.00559185
-0.00245478
0.0076587
0.701923
0.0017463
-0.685001
0.412761
-0.00450232
-0.401148
-0.00101375
-0.700365
-0.271696
-0.263935
-0.464073
-0.00851586
0.690351
-0.00289059
-0.00177718
0.00111198
-0.670923
0.000864429
-0.7279
0.000989135
-0.711712
0.000220221
0.00195031
0.00316041
-0.702403
0.000131381
-0.708251
0.00117285
-0.691642
0.291368
-0.00104406
-0.282934
-0.000569568
0.515896
-0.000986356
-0.501195
0.000717431
-0.613694
-0.000776736
-0.59621
-0.00103556
-0.000893623
0.00138417
-0.731245
-0.000592072
-0.000288536
-0.00416751
-0.00145088
0.709991
0.00176915
-0.000735186
0.421062
-0.00334863
-0.00340082
-0.00179078
-0.000521978
0.00048486
-0.000592693
-0.653772
-0.00036771
0.00199871
-0.000191496
-0.00108271
0.689256
0.00162279
-0.671892
0.673911
0.00144525
0.00078678
-0.000871772
-0.656186
-0.000182231
-0.000486438
0.000607675
-0.636687
-0.275459
-0.000334178
-0.00092055
-0.268001
-0.000614613
-0.488282
0.580838
0.000976209
-0.000978003
-0.565341
-0.000679278
-0.47527
0.772259
-0.00123702
-0.00242921
0.00132616
-0.750813
-0.000426779
-0.750563
0.00375326
-0.445113
0.00405276
0.00301515
-0.860091
0.000935614
-0.732278
-0.432471
0.51574
0.00134069
-0.000869253
-0.501066
-0.00113092
-0.613555
-0.000882644
-0.59616
0.291351
-0.282984
0.00165014
0.00159182
-0.653537
-0.00256649
-0.000311727
-0.00133121
-0.00227586
0.689262
0.000664008
-0.00520964
0.673949
-0.00139018
0.000300392
-0.000884567
-0.00074825
-0.001897
0.000739401
0.00120619
-0.00465502
-0.7314
0.00109599
0.00356347
0.0044517
-0.00756233
0.710726
0.000410544
-0.694629
0.421182
0.00305315
-0.410072
0.00134735
-0.712518
0.00116796
-0.48819
-0.00123721
0.580884
-0.00134134
-0.565467
-0.00110958
-0.475222
-0.275592
-0.268195
-0.419962
-0.00917488
0.0093511
-0.00926647
0.00956285
0.467107
-0.00150343
-0.000463341
-0.454794
0.00166931
-0.55568
-0.000110127
0.000787621
-0.00125301
-0.540989
0.699354
0.00607777
-0.0013358
-0.00361659
-0.681381
-0.0040601
-0.402249
-0.000266921
-0.676635
-0.00570394
-0.00586532
-0.00422725
-0.776468
-0.00277912
-0.39179
-0.00147615
-0.66196
0.625706
-0.00216147
-0.00237541
-0.609381
0.00198442
-0.645278
-0.00112651
-0.00029069
-0.659196
0.00348039
0.00153284
-0.637713
-0.000977362
-0.628279
-0.000503845
-0.642785
-0.250045
-0.00122823
0.0014554
-0.00162311
0.00151976
-0.00148034
-0.444018
0.000766616
0.528116
0.00135278
-0.00118327
-0.000395188
-0.515187
-0.000153369
-0.000729307
-0.000446327
-0.433192
0.00412251
0.000313669
-0.664993
-0.00269533
-0.00442855
-0.00661856
0.382433
-0.00593145
-0.373291
0.643738
0.000987134
-0.00155285
-0.630928
-0.00588144
-0.00345541
-0.649223
-0.0017214
0.000377234
-0.595003
0.000685497
0.00283955
-0.00101441
0.613355
0.00188686
-0.000137712
-0.598435
0.627079
0.00210152
-0.612679
-0.00062515
-0.58079
0.262964
0.000144964
-0.256014
-0.000233526
0.625201
0.000658195
-0.0012119
-0.00088677
-0.608931
-0.0017478
-0.644822
-0.000582042
-0.658805
-0.0010747
0.000360828
-0.00219832
-0.637349
-0.00209629
-0.62802
-0.00500086
-0.642344
0.698441
-0.00241036
0.00182477
-0.680656
0.00425989
-0.401729
-0.00243403
-0.676303
0.00223553
0.00664803
-0.777248
-0.00869856
-0.391455
-0.662441
0.000970982
-0.443661
-0.000296729
-0.000114701
0.528006
-0.000455435
-6.7706e-05
0.000951935
0.000369296
-0.000940851
-0.249789
-1.42906e-05
0.000335153
-0.24362
0.00129617
0.000885568
-0.594481
-0.0016527
-0.00240401
-0.000847424
0.613268
-0.00029966
-0.598539
0.626579
0.000888889
-0.00356973
-0.612135
0.000318609
-0.000492986
-0.580103
-0.003657
0.00253587
-0.66429
0.00353578
0.00315448
-0.00894161
0.381731
0.00185436
-0.372361
0.643335
-0.00184333
-0.630357
-0.6485
-0.419553
-0.00875815
0.682567
-0.00235677
0.00077947
0.00170807
-0.666507
0.00402497
-0.391308
-0.002066
-0.667467
0.00162814
0.00204145
0.00691726
-0.769847
0.002569
-0.381865
0.00540316
-0.653489
0.45738
0.000899774
-0.000292454
-0.446217
-0.00132069
-0.560371
0.00135763
0.000798351
0.000301902
-0.546558
0.614214
0.000147493
0.00159004
-0.599636
-0.00237888
-0.649561
-0.00243636
-0.642891
0.00403058
-0.00285321
-0.00131868
-0.633161
0.000939483
-0.634766
-0.627717
0.000876284
-0.244894
-0.000667413
0.000975053
-0.00075711
0.000818785
-0.00424673
0.00182719
-0.651444
0.00243908
0.00373106
0.00452975
0.373171
0.00231161
-0.364623
0.636739
-0.0003313
0.00550744
-0.624315
0.00164708
0.00161409
-0.63698
0.000384088
-0.435932
0.000834553
0.526199
-0.00135809
1.01554e-05
0.00901377
-0.521881
0.00119249
-0.00845215
-0.00037168
-0.426173
0.00243552
0.00117619
-0.58592
-0.00116451
-0.00330956
-6.14766e-05
0.619677
3.84459e-06
-0.60649
0.611665
-0.00165375
0.00323971
-0.600077
-0.00241686
-0.573073
0.257181
-0.000542183
-0.250308
0.000130327
0.614922
-0.00402977
0.000285005
0.00178873
-0.59885
0.00220629
-0.650503
-0.00149369
-0.64357
0.000497372
-0.000439817
0.00322485
-0.632687
0.00102143
-0.634321
0.00112917
-0.626982
0.457996
0.000865703
-0.445956
-0.00164307
-0.561753
0.0107644
-0.547343
0.00178553
0.000807698
-0.000295863
-0.649655
-0.000158908
6.91706e-05
-0.0014162
-0.00393756
0.372033
-0.00299911
0.635181
0.00123136
0.000246698
-0.00234826
-0.00052534
-0.0012351
-0.244211
2.79826e-05
-0.000666704
-0.238167
-0.00106063
0.000813756
-0.584462
0.000552482
0.000232878
0.000473678
0.00145702
0.618381
0.00277183
-0.604034
0.611771
0.000428524
0.000883921
-0.00188373
-0.594586
0.000134493
0.00115866
0.00124662
-0.570015
0.000778805
-0.435179
0.533844
0.000115395
-0.00804426
-0.512578
0.0007798
-0.424181
0.614187
-0.000555037
0.00127804
-1.25968e-05
-0.599734
0.000388036
-0.640358
-0.00342554
-0.649245
-0.000494571
-0.000289418
-0.000990474
-0.632526
-0.00111023
-0.625025
-0.00429772
-0.634554
0.256915
-0.000164529
-0.250628
-0.000513127
0.682342
0.000505349
-0.00052489
-0.666339
-0.00117457
-0.664923
0.00245436
-0.390849
0.00587062
0.000214576
-0.768209
-0.00724899
-0.651998
-0.381811
0.000337182
-0.436549
0.00113358
-0.000827816
0.53495
0.000915727
-7.04443e-05
0.000591431
0.000199417
0.000165302
0.00078942
0.00215408
-0.586674
-0.00109642
-0.00168571
-1.40848e-05
0.613278
0.000795213
-0.597108
0.619743
-0.000113116
-0.00300494
-0.606266
0.000710887
0.000251678
-0.573071
-0.244888
-0.000686126
-4.19556e-05
-0.239142
0.000232406
-0.00196378
-0.651148
0.00136218
0.00215769
-0.00571392
0.634318
0.000268848
-0.62184
0.372795
-9.35102e-05
-0.364242
-0.636413
0.457137
-0.00171523
0.00187167
-0.444874
0.00226063
-0.551167
0.00157636
-0.536082
0.681757
-0.00137461
0.005206
-0.00144139
-0.663989
0.00014539
-0.664849
-0.0033429
-0.390518
-0.00469708
-0.00457722
-0.764829
-0.00140462
-0.649847
-0.380168
0.256861
-0.249921
-0.00208407
6.97477e-05
-0.583313
-0.000277916
0.00258435
0.000182389
0.00337738
0.60832
0.00191033
0.000893748
0.617443
0.00221449
0.00213303
-8.3781e-05
0.00607495
0.000897118
0.00344561
-0.00149125
-0.434411
0.00153751
0.523788
0.000917536
-0.519473
0.00190697
-0.424371
0.000563081
0.00352158
-0.648043
-0.00160947
-0.00717894
-0.00348109
0.0102246
0.632251
0.000516604
-0.619503
0.370993
-0.00547684
-0.362153
-0.00175446
-0.63293
-0.243871
-0.23797
-0.418614
-0.00576229
0.621311
-0.00149873
-0.00151093
0.000451149
-0.606105
-0.000498954
-0.654986
0.000534955
-0.64054
-0.000395835
0.00165479
0.00166631
-0.634321
-0.00048375
-0.639681
0.000610513
-0.624929
0.261339
-0.00101941
-0.254748
-0.000305507
0.463777
-0.00110646
-0.45226
0.000630118
-0.551732
-0.000758337
-0.538058
-0.00110035
-1.82777e-05
0.00104721
-0.66219
-0.000684201
-0.000505108
-0.00302516
-0.00125993
0.642889
0.000283463
-0.000451814
0.380766
-0.00293961
-0.00301698
-0.00201583
-0.000983792
0.0006207
-0.000731364
-0.592507
-0.000462956
0.001956
-0.000613422
-0.0013051
0.624495
0.00111742
-0.610876
0.610915
0.00174446
0.0005995
-0.00133986
-0.596964
-0.000389206
-0.000813466
0.000356246
-0.57912
-0.24889
-0.000464299
-0.00122371
-0.243104
-0.000797021
-0.442079
0.525983
0.00135092
-0.00135119
-0.513851
-0.000989609
-0.431903
0.695239
-0.000480502
-0.00334221
0.0015168
-0.678511
-0.00105751
-0.675216
0.00511269
-0.400152
0.00725015
0.00336595
-0.776162
0.00143442
-0.661078
-0.390395
0.463841
0.001453
-0.00134099
-0.452397
-0.00130169
-0.551884
-0.0016239
-0.538236
0.261632
-0.255093
0.00208092
0.00205234
-0.592977
-0.00323877
-0.000594364
-0.00193595
-0.00232086
0.62479
0.000618108
-0.00626819
0.611279
-0.00188714
0.000257501
-0.00202849
-0.000786725
-0.00239255
0.00064124
0.000529932
-0.00542135
-0.663054
0.00176562
0.00505223
0.00519935
-0.0101016
0.643639
0.000769933
-0.63122
0.381481
0.00353316
-0.372733
0.00166057
-0.648164
0.00154137
-0.442247
-0.00189653
0.526168
-0.0016517
-0.514049
-0.00146306
-0.432032
-0.249253
-0.243444
-0.383087
-0.0098718
0.00994194
-0.00908303
0.00924405
0.423818
-0.00111259
-0.000578897
-0.414251
0.00125742
-0.503996
8.80388e-06
0.000815058
-0.00100238
-0.492665
0.634962
0.00517
-0.000336161
-0.00301681
-0.621189
-0.00356283
-0.365132
-0.000749149
-0.614736
-0.00567538
-0.00511141
-0.00424246
-0.708641
-0.00230104
-0.356953
-0.00125492
-0.60363
0.568386
-0.00146363
-0.00223487
-0.555722
0.00135472
-0.58558
-0.000299336
-0.000774912
-0.598955
0.00262051
0.000990735
-0.581221
-0.000203296
-0.572621
0.000187316
-0.586163
-0.228325
-0.000994112
0.00137957
-0.00141559
0.00138796
-0.000986413
-0.406006
0.000705098
0.48288
0.000819086
-0.00103921
0.000141484
-0.472721
0.000148255
-0.000247279
-0.000722322
-0.397413
0.00274795
0.00124888
-0.60874
-0.00181074
-0.00321081
-0.00619707
0.349722
-0.00458205
-0.342367
0.589181
0.000456305
-0.000740099
-0.579273
-0.00526551
-0.00259042
-0.596342
-0.000955966
0.000767725
-0.544765
-0.000278913
0.00227333
-0.000380568
0.561443
0.00108631
0.000533236
-0.549746
0.573975
0.00237615
-0.562449
-5.19779e-06
-0.533385
0.238214
0.000492987
-0.232799
0.00017869
0.567619
4.61681e-06
-0.000219135
-0.000326325
-0.555117
-0.00105667
-0.585796
-0.00155511
-0.598243
-0.000473925
-0.000112491
-0.0014363
-0.581146
-0.00155331
-0.572726
-0.00416428
-0.585499
0.634362
-0.00165703
0.00211644
-0.620534
0.00348239
-0.364203
-0.00296487
-0.614326
0.0013859
0.00569435
-0.708398
-0.00734724
-0.356259
-0.603933
0.000519517
-0.405588
-0.000170844
0.000348474
0.48278
8.86938e-05
-8.59625e-05
0.00111629
0.000581115
-0.000580823
-0.227989
0.000156403
0.000529209
-0.223095
0.000737525
0.00172777
-0.544156
-0.00116229
-0.00285665
-0.000155542
0.561449
0.000389138
-0.549642
0.573352
0.000455231
-0.0028028
-0.561952
0.000950266
0.000191638
-0.532835
-0.00288909
0.00253852
-0.607871
0.00266031
0.00223073
-0.00737345
0.348743
0.000980857
-0.341333
0.588668
-0.00170608
-0.578578
-0.595308
-0.382042
-0.00711284
0.62323
-0.00202675
-0.000324343
0.00130225
-0.609841
0.00414805
-0.356642
-0.000967918
-0.60908
0.00150789
0.00215045
0.00693985
-0.703718
0.00237885
-0.348767
0.00513062
-0.597705
0.417168
0.000762025
-0.000311928
-0.407961
-0.000903676
-0.51121
0.000882695
0.000755869
-0.00018041
-0.499976
0.560944
-0.000156262
0.00086041
-0.548815
-0.00210644
-0.592967
-0.00142825
-0.587709
0.000600859
-0.00240356
7.07722e-06
-0.579618
0.000391117
-0.580759
-0.574998
0.000285294
-0.224076
-0.00131924
0.0013905
-0.00110518
0.000826604
-0.00384214
0.000372668
-0.597191
0.00210488
0.00374155
0.00382964
0.341503
0.00160216
-0.334102
0.583725
0.00105379
0.00470757
-0.573232
0.00107848
0.00096085
-0.584623
0.00056656
-0.399655
0.00095633
0.489903
-0.000480841
-0.000408733
0.000245001
-0.479471
0.000610017
0.000154497
-0.000207995
-0.391065
0.00238669
0.000803001
-0.53768
-0.000700457
-0.00179702
-2.82783e-05
0.568393
0.000342247
-0.557047
0.563314
-0.000392818
-0.000134768
-0.551341
-0.000354256
-0.526265
0.232874
-0.00022142
-0.227675
0.000239575
0.557608
-0.00257034
0.000675223
0.00113265
-0.54575
0.000580743
-0.590177
-0.00105586
-0.581716
3.66455e-06
-0.000806127
0.00262927
-0.576602
0.000221601
-0.577958
0.00109202
-0.571044
0.414925
0.00103482
-0.40595
-0.000888351
-0.501172
0.00110622
-0.497337
0.00928718
0.000548937
-0.000317521
-0.594831
2.70907e-05
0.000401968
-0.00129926
-0.00326349
0.340268
-0.00287935
0.581302
0.00164838
0.000922317
-0.00185749
-0.000155149
-0.000927336
-0.223019
0.000290077
-0.000193067
-0.218342
-2.96636e-05
0.000875652
-0.534715
-3.13441e-05
-3.31633e-05
-8.24408e-05
0.00144174
0.5657
0.00233079
-0.554731
0.557798
-0.00037598
0.000940982
0.00188187
-0.546347
-0.000217526
-0.000351106
0.000975149
-0.523872
0.000523053
-0.397625
0.480153
-0.000702782
0.00168288
-0.470458
-0.00649482
-0.389444
0.560678
-0.000115546
-0.000816927
6.48232e-05
-0.548549
-0.000446741
-0.583966
-0.00120231
-0.592552
0.000292514
0.000816349
-0.00104454
-0.578279
-0.00112594
-0.571187
-0.0036059
-0.580361
0.233922
-4.82099e-05
-0.228757
-0.00057437
0.622668
-0.000424442
9.83222e-05
-0.609492
-6.21089e-05
-0.606587
0.0019377
-0.356385
0.00420959
-7.27544e-05
-0.703112
-0.00389574
-0.59632
-0.348936
0.000333281
-0.399481
0.000190852
-0.000590918
0.482168
-8.88969e-07
-0.000517911
0.000401048
-0.000808034
0.000168449
0.000968345
6.36306e-05
-0.537199
-0.00114629
-0.000951537
0.000133488
0.559552
-0.000180967
-0.54765
0.567913
0.00197832
-0.00261129
-0.556609
0.00140739
0.000121072
-0.525805
-0.223961
-0.000666641
-0.000167341
-0.219122
-0.000739608
-0.00157047
-0.596756
-0.000440896
0.00207109
-0.00221518
0.58155
0.00130736
-0.571307
0.341355
-0.00047359
-0.334036
-0.584299
0.415285
-0.002187
0.00241069
-0.405835
0.00167001
-0.508586
0.00170679
-0.490007
0.619152
0.00026395
0.00549559
-0.00222714
-0.605762
-0.00131975
-0.604029
-0.00347611
-0.354281
-0.00448988
-0.00531979
-0.6981
-0.00187597
-0.592855
-0.346516
0.232734
-0.227467
-0.00213259
0.000560452
-0.535113
-0.000318784
0.00267461
-0.00034571
0.00343199
0.559864
0.00280304
0.000794696
0.565832
0.00230964
0.00203973
-0.0001811
0.00594642
0.000922636
0.00376704
-0.00130996
-0.398084
0.00169999
0.487657
0.00187914
-0.477224
0.0024289
-0.389713
0.00175554
0.0032268
-0.593676
-0.00195995
-0.00667999
-0.00342511
0.0089015
0.579083
-0.000400119
-0.569176
0.339537
-0.00536819
-0.332478
-0.00227383
-0.581631
-0.222923
-0.218222
-0.382487
-0.0022883
0.56701
-0.00119164
-0.00206293
0.000330482
-0.554955
-0.000544435
-0.597505
0.00104419
-0.584601
-0.000423709
0.00167514
0.00145522
-0.580442
-0.000481851
-0.5854
0.000575255
-0.572182
0.237913
-0.0014492
-0.232741
-0.000660649
0.422896
-0.00159883
-0.413799
0.00102502
-0.503163
-0.00127941
-0.492319
-0.0016196
0.00136949
0.000835371
-0.608415
-0.0010249
-0.000965249
-0.00163936
-0.00125874
0.590422
-0.000811791
-0.000132367
0.349416
-0.00275764
-0.00258039
-0.00235753
-0.0014213
0.00114563
-0.00126005
-0.544354
-0.000608896
0.00188933
-0.00132514
-0.00155628
0.573478
0.000796455
-0.562496
0.561333
0.00230337
0.000509466
-0.00214091
-0.550031
-0.000561223
-0.00163344
0.000282164
-0.533484
-0.228183
-0.000827121
-0.00160769
-0.223515
-0.00120334
-0.405839
0.482855
0.00175654
-0.00180576
-0.473008
-0.00149148
-0.397589
0.634421
-0.00111753
-0.00355285
0.00177136
-0.621081
-0.000147393
-0.615628
0.00555327
-0.364756
0.00726842
0.00382055
-0.709879
0.00196306
-0.604651
-0.356877
0.423006
0.00182744
-0.00154409
-0.413849
-0.0017669
-0.503334
-0.00205907
-0.492468
0.238263
-0.233057
0.00187206
0.00257337
-0.544778
-0.00356066
-0.000483076
-0.00195092
-0.00187265
0.573624
0.00121526
-0.00597119
0.561589
-0.00235948
0.000445582
-0.00185385
-0.000631309
-0.00256884
0.000851032
-5.47999e-05
-0.00542279
-0.608875
0.00203034
0.00430781
0.00520157
-0.00891792
0.590691
0.00158853
-0.580873
0.349879
0.00329361
-0.342718
0.00184591
-0.596693
0.0018952
-0.405852
-0.00214965
0.482944
-0.00194523
-0.473062
-0.00159209
-0.397517
-0.228452
-0.223702
-0.352941
-0.00926492
0.00919618
-0.0092414
0.00929427
0.389998
-0.000491769
-0.000890301
-0.382146
0.000664429
-0.463945
7.79068e-05
0.000529906
-0.00121489
-0.454657
0.585165
0.00426486
-0.000867161
-0.00222622
-0.573923
-0.00218254
-0.335865
-0.00104255
-0.566202
-0.00481192
-0.0041374
-0.00318479
-0.653909
-0.00135082
-0.329149
-0.00020943
-0.557329
0.523512
-0.000710062
-0.00269947
-0.513103
0.000563226
-0.539749
0.000324924
-0.000537481
-0.551506
0.00307638
0.000127591
-0.536617
0.000501953
-0.529104
0.000938053
-0.541014
-0.210859
-0.000397486
0.00063041
-0.000778642
0.000578163
-0.000286643
-0.375315
0.00032451
0.446545
0.000136782
-0.00152789
0.000900196
-0.437874
-0.000208444
0.000437692
-0.0010206
-0.368043
0.00190722
0.000120581
-0.563559
-0.000947932
-0.00216941
-0.00571749
0.323113
-0.00431267
-0.316931
0.545263
0.00207996
0.000220495
-0.537101
-0.0043903
-0.00192844
-0.553021
-0.000158217
6.51948e-05
-0.503979
0.0004803
0.00152078
0.000295059
0.519794
0.000339265
0.00140311
-0.509838
0.530993
0.00298536
-0.521367
0.000739375
-0.494452
0.218803
0.000659902
-0.214377
0.00020248
0.523084
-0.000732387
-0.000444779
0.000478304
-0.512818
-0.000417788
-0.539439
-0.00187545
-0.550957
0.000287478
0.00030448
-0.000775125
-0.536362
-0.000920228
-0.528666
-0.00336869
-0.540524
0.584041
-0.000730368
0.0018449
-0.572738
0.00263213
-0.334962
-0.00256161
-0.565522
0.00058543
0.00500032
-0.654078
-0.00634425
-0.328547
-0.557303
-1.3044e-05
-0.374936
1.10661e-05
0.000374535
0.446214
0.000690106
-0.00023569
0.000899078
0.000966778
-0.000659528
-0.210385
0.000157964
0.000786375
-0.206285
8.58455e-05
0.0012394
-0.503623
-0.000537333
-0.00224512
0.000574473
0.519264
0.00113627
-0.509438
0.530491
0.000967678
-0.0020226
-0.520923
0.00182764
0.000943992
-0.494022
-0.00231315
0.00210823
-0.562173
0.00233714
0.00121625
-0.00610933
0.322276
0.000313399
-0.316066
0.544438
-0.00177489
-0.536197
-0.551729
-0.352463
-0.00610729
0.572995
-0.00114936
-0.00124005
0.000575835
-0.56134
0.0036024
-0.327356
-0.000232702
-0.560413
0.000694524
0.00163489
0.00636555
-0.64795
0.00183843
-0.32049
0.00444302
-0.55077
0.383429
0.000193081
2.82595e-05
-0.375465
-0.000268527
-0.470167
0.000519387
0.00119661
-0.000524463
-0.460447
0.515938
-0.000142153
-4.03698e-05
-0.505313
-0.00260329
-0.545699
-0.000382116
-0.540617
-0.000751704
-0.00170237
0.00103776
-0.534058
-0.000272786
-0.535193
-0.529439
-0.000438626
-0.206267
-0.00130123
0.00135071
-0.000944812
0.000702277
-0.00330442
0.000397329
-0.550707
0.00152325
0.00329919
0.00353402
0.314363
0.000737664
-0.308221
0.538967
0.000872617
0.00438044
-0.530174
0.00048072
0.000204696
-0.540142
-3.89184e-05
-0.368541
0.001579
0.45193
0.000111669
-0.000431487
-0.000203231
-0.443041
0.000575948
-0.000434097
0.000439199
-0.361336
0.00326522
-4.58514e-05
-0.495946
1.68917e-05
-0.00174693
-0.000770784
0.524833
-0.000673149
-0.515269
0.519588
0.000447725
-0.000783095
-0.5094
-0.00115919
-0.486433
0.214242
-0.00024559
-0.209893
0.000774484
0.51459
-0.00246152
-3.84059e-05
0.000825275
-0.504261
0.000130374
-0.5441
-0.00167979
-0.538376
7.25666e-05
-0.000628648
0.00273131
-0.532375
-8.16374e-06
-0.533987
0.000935509
-0.52599
0.382598
3.89427e-05
-0.374759
-0.00161626
-0.469143
0.0096873
-0.453015
-0.00630625
0.000325009
-0.00114525
-0.55098
0.000554605
0.000704879
-0.000865814
-0.00274412
0.314832
-0.00293477
0.538343
0.00257073
0.00109284
-0.00152507
0.000175096
-0.000885213
-0.206108
0.000751598
-2.93787e-05
-0.202121
2.12236e-05
0.00125203
-0.495398
-0.000147369
-0.000192699
0.000425933
0.00168998
0.524047
0.00259288
-0.51489
0.516613
-0.000350656
0.001233
0.00191824
-0.506803
0.000155981
0.00180068
0.00094114
-0.486153
0.000868218
-0.36806
0.444677
-0.000490121
0.00118551
-0.43616
0.0010653
-0.36102
0.515532
0.000485064
-0.0021575
-0.00011536
-0.505036
-0.00136157
-0.536973
6.83837e-05
-0.545235
0.000397322
0.0012704
-0.00146944
-0.532934
-0.00147191
-0.525953
-0.00352076
-0.534811
0.214739
-9.84408e-05
-0.210271
-0.000685919
0.572765
-0.000991515
0.000211742
-0.561392
0.000594389
-0.558513
0.00185596
-0.327393
0.00342097
4.45901e-06
-0.648381
-0.00196172
-0.549922
-0.320918
0.000873873
-0.368391
-7.85071e-05
-0.000705128
0.444709
-0.000380433
-0.000225977
0.00064034
-0.000984321
0.000201826
0.0017329
-0.000347342
-0.495495
-0.00158789
-0.00131728
-0.000459037
0.516227
-0.000783081
-0.506308
0.524378
0.00218196
-0.00291469
-0.514794
0.00106598
-0.000157065
-0.485854
-0.206233
-0.000707733
7.78687e-06
-0.202148
-0.000708322
-0.00185102
-0.550658
-0.000640304
0.00226605
-0.00134099
0.537348
0.000763753
-0.528833
0.314433
-0.00029472
-0.308252
-0.540246
0.382212
-0.0011544
0.00233906
-0.374972
0.00239066
-0.461074
0.00205116
-0.458833
0.570714
0.000717686
0.00526143
-0.00226027
-0.559962
-0.00225799
-0.556673
-0.00303107
-0.326276
-0.00322324
-0.00515752
-0.645238
-0.00223647
-0.547886
-0.319975
0.214077
-0.209874
-0.00230937
0.000610921
-0.496157
-0.000153745
0.00259898
-0.000955027
0.00320559
0.519175
0.00281316
0.000803989
0.524525
0.00277697
0.00139812
-0.000450956
0.00541082
0.00138085
0.00386048
-0.00152833
-0.368574
0.00191659
0.451248
0.00152255
-0.442666
0.00252207
-0.361556
0.00259541
0.00270016
-0.550202
-0.00217659
-0.00545565
-0.00303889
0.00635506
0.53658
-0.000892258
-0.528555
0.314348
-0.00518899
-0.308489
-0.00236328
-0.54022
-0.206175
-0.202227
-0.352683
-0.00131228
0.523753
-0.000926719
-0.00251727
0.00031462
-0.513559
-0.00117441
-0.551772
0.00142732
-0.54008
-0.00061452
0.00161897
0.00124723
-0.537079
-0.00062639
-0.541681
0.000495334
-0.529506
0.219307
-0.00169987
-0.214926
-0.000879603
0.390298
-0.00182482
-0.382596
0.00126446
-0.464356
-0.00159066
-0.455173
-0.00189374
0.00142663
0.00101808
-0.563818
-0.0011619
-0.0010682
-0.00123514
-0.00140542
0.547209
-0.00061947
0.000168022
0.323341
-0.00331358
-0.00236963
-0.00264303
-0.00157993
0.00132727
-0.00154463
-0.5045
-0.000615384
0.0018745
-0.00150711
-0.00162063
0.531547
0.000951768
-0.521903
0.520185
0.00258785
0.000479105
-0.00247583
-0.510197
-0.000633161
-0.00207792
0.00036404
-0.494878
-0.211025
-0.000924715
-0.00177202
-0.206918
-0.00128674
-0.375794
0.447096
0.00183632
-0.00189376
-0.43845
-0.00162671
-0.36853
0.585585
-0.00198128
-0.00295129
0.00185216
-0.574199
0.000240172
-0.568161
0.00527104
-0.33626
0.00606285
0.00340649
-0.656284
0.00202742
-0.559162
-0.329501
0.390217
0.00198859
-0.00156731
-0.382441
-0.00196524
-0.464394
-0.00214566
-0.455194
0.219505
-0.21507
0.00121818
0.00276259
-0.504501
-0.00348594
-0.000328271
-0.0016148
-0.00148944
0.531514
0.00189018
-0.00537975
0.520231
-0.00234952
0.00057281
-0.00100962
-0.000580348
-0.00221986
0.00101066
-0.000751512
-0.0049502
-0.563593
0.00206759
0.00266933
0.00498494
-0.00634623
0.547193
0.00222919
-0.538661
0.323369
0.00247135
-0.317012
0.0017619
-0.552781
0.0019715
-0.375592
-0.00212213
0.447071
-0.00192019
-0.43838
-0.00144747
-0.368258
-0.211104
-0.206905
-0.327701
-0.0107857
0.0106839
-0.0109826
0.0109489
0.361669
0.000181081
-0.00132355
-0.354842
-0.000109939
-0.43026
-0.000593118
0.000105195
-0.00185631
-0.422127
0.543077
0.00434292
-0.00328946
-0.00171911
-0.533076
-0.00187596
-0.311262
0.0014704
-0.525655
-0.00408264
-0.00387916
-0.00322708
-0.607846
-0.000592615
-0.305406
0.000423628
-0.518068
0.48597
-2.60424e-05
-0.00383108
-0.476947
-0.000266992
-0.501017
0.00124606
0.000528717
-0.512014
0.00464494
-0.000609415
-0.498925
0.00125135
-0.491623
0.0018034
-0.502995
-0.195601
0.0002712
-0.000397418
-0.000412791
-4.57947e-05
0.000386034
-0.348943
-0.000217771
0.415119
-0.000342254
-0.0020216
0.00133054
-0.407712
-0.000851665
0.0010864
-0.0016015
-0.342708
0.00166126
-0.00229444
-0.52379
-0.000358935
-0.00139172
-0.00620677
0.300046
-0.00416642
-0.294697
0.507407
0.00356327
0.000418301
-0.500666
-0.00398134
-0.00162702
-0.514733
0.000543182
-0.00141316
-0.468925
0.0022
0.000889082
0.00111398
0.483356
-9.81208e-05
0.00195344
-0.474722
0.494238
0.00447847
-0.485993
0.00155906
-0.460593
0.202652
0.000830145
-0.198869
0.000294444
0.485526
-0.00148787
-0.00123867
0.00115387
-0.476609
0.000279711
-0.500819
-0.00107063
-0.511504
0.00133972
0.000938155
-6.59799e-05
-0.498759
-0.000388432
-0.491617
-0.00254067
-0.502553
0.542188
-0.000216219
0.00169842
-0.532587
0.0024343
-0.310551
-0.00246584
-0.525037
0.000441677
0.00433418
-0.608179
-0.00592324
-0.305021
-0.518298
-0.000496978
-0.348756
0.000246684
0.00013678
0.415147
0.0010546
-0.000719786
0.000503512
0.00115242
-0.000931642
-0.19547
0.000132959
0.000702051
-0.191969
-0.000594691
0.000461319
-0.468606
-8.57478e-05
-0.00126279
0.00145586
0.483506
0.00174777
-0.474964
0.493929
0.00187322
-0.00136701
-0.485799
0.00279943
0.00151617
-0.46034
-0.00216422
0.00167717
-0.523502
0.00266125
0.000119801
-0.00538575
0.299537
-0.000261595
-0.294195
0.507141
-0.000925174
-0.500347
-0.514539
-0.327095
-0.00584881
0.530831
-0.000506372
0.000134997
-8.40101e-05
-0.521667
0.00307633
-0.302939
-0.00124432
-0.519569
0.000419388
0.000435425
0.00722032
-0.602279
0.00124249
-0.297654
0.00439605
-0.511908
0.355282
-0.000384141
0.000795068
-0.348956
0.000349147
-0.435493
0.000848452
0.00205245
-0.000128908
-0.427631
0.478378
0.00159974
-0.000761476
-0.470163
-0.00439391
-0.506152
0.000404028
-0.500776
-0.00154798
-0.00131514
-0.000137044
-0.496316
-0.000899171
-0.497791
-0.491908
-0.00113907
-0.191928
-0.000546193
0.000903043
-0.00011587
0.000162828
-0.00299414
0.0022792
-0.513734
0.00102963
0.00243177
0.00425551
0.293127
0.000390029
-0.288501
0.502624
-0.000942695
0.00430413
-0.496222
0.000317143
-0.000289443
-0.505864
-0.000585444
-0.343743
0.00224221
0.42113
0.000556419
0.000187777
-0.000627321
-0.414339
0.00119632
-0.000948626
0.000817086
-0.338227
0.0049823
-0.000666622
-0.463264
0.000535826
-0.00351753
-0.00155276
0.489902
-0.00174708
-0.48271
0.484587
0.0009653
-0.00148079
-0.476996
-0.00195958
-0.456056
0.19844
-1.38698e-05
-0.194608
0.000886767
0.477595
-0.00353598
0.00030865
0.00119291
-0.468655
0.00103377
-0.505433
-0.00143484
-0.497827
0.000467972
-0.00081401
0.00436509
-0.495067
0.000117297
-0.49669
0.00154269
-0.488377
0.354703
0.000461563
-0.348002
-0.000998512
-0.428444
0.00136608
-0.420276
0.00107106
0.000310526
-0.00219686
-0.512216
0.0008746
0.000622478
-0.000278505
-0.00261979
0.292226
-0.00296729
0.501008
0.00279868
0.000934617
-0.00156045
0.000191965
-0.00110481
-0.191283
0.000772549
-0.000188312
-0.187887
-0.00123823
0.00136509
-0.460862
0.000251696
-0.000199704
0.00173823
0.00191404
0.487857
0.00359002
-0.479997
0.48023
-0.00026256
0.00147458
0.00195878
-0.471939
0.000506035
0.00234855
0.00132503
-0.452913
0.000893176
-0.34222
0.413236
-0.000377265
0.000982528
-0.405954
0.00119861
-0.336165
0.477623
0.0011133
-0.00119104
-0.000475586
-0.469331
-0.00212599
-0.49795
-0.000519079
-0.505495
-0.000319043
-0.000192409
-0.00213599
-0.49568
-0.00193662
-0.489365
-0.00407771
-0.497097
0.198638
0.000179239
-0.195084
-0.000528704
0.531119
0.000235332
-4.13459e-05
-0.522253
-0.000413763
-0.518283
0.00224335
-0.302986
0.00391852
-0.000387727
-0.602986
-0.00232746
-0.511676
-0.29798
0.0012353
-0.343377
0.000461388
-0.000999327
0.414833
-0.000651605
0.000171241
0.00118546
-0.000428227
-8.3314e-05
0.00246371
0.00100213
-0.462167
-0.00214593
-0.00276968
-0.00128302
0.482113
-0.00135275
-0.474521
0.489031
0.000833567
-0.00350987
-0.481859
0.000163321
-0.000619669
-0.454931
-0.191997
-0.00063954
2.29728e-05
-0.188848
0.000259122
-0.00226721
-0.514075
0.000182964
0.00200191
-0.00209633
0.501499
0.000187254
-0.495167
0.29304
-4.84301e-05
-0.288337
-0.506076
0.355333
-0.00141498
0.00247158
-0.348651
0.00148644
-0.43521
0.00186088
-0.427158
0.530797
0.000360685
0.00510041
-0.00217826
-0.52121
-0.00207972
-0.517772
-0.00246104
-0.303017
-0.00256366
-0.00468233
-0.600509
-0.00194967
-0.510196
-0.297357
0.19868
-0.194923
-0.00239804
-0.000603041
-0.461684
0.000364542
0.00244098
0.000199435
0.00317292
0.483617
0.00284866
0.0012144
0.488527
0.00342091
0.0012826
4.74507e-05
0.00517434
0.00164546
0.00382139
-0.00134466
-0.34291
0.00170722
0.420272
0.0013701
-0.412893
0.00236586
-0.336876
0.00162588
0.00224343
-0.512379
-0.00169579
-0.0052321
-0.00210619
0.0059405
0.500066
-0.000241016
-0.493243
0.292227
-0.00498845
-0.287158
-0.00204146
-0.503707
-0.191623
-0.18821
-0.327619
-0.00169954
0.486331
-0.000993973
-0.00256337
0.000318332
-0.477444
-0.00110977
-0.512568
0.00153297
-0.501448
-0.000647384
0.00137234
0.00117338
-0.499468
-0.000611022
-0.503757
0.000429642
-0.492206
0.203232
-0.00179526
-0.199401
-0.000893826
0.362158
-0.00181254
-0.355425
0.0012372
-0.430916
-0.00154563
-0.422914
-0.00179804
0.00147911
0.00142508
-0.525055
-0.00124354
-0.00114642
-0.00130607
-0.00198327
0.509986
-0.00116655
0.000464267
0.300828
-0.0037571
-0.00225373
-0.00280868
-0.00183554
0.00153467
-0.00140846
-0.469883
-0.000754606
0.00165019
-0.00175939
-0.00129266
0.495287
0.000502844
-0.487472
0.484424
0.00246522
0.000284199
-0.00219584
-0.476371
-0.000750937
-0.00179711
0.000141906
-0.462119
-0.196123
-0.000899407
-0.00184473
-0.19277
-0.00121081
-0.349717
0.41615
0.00182367
-0.00171941
-0.409053
-0.00143611
-0.34376
0.543028
-0.00151582
-0.00208636
0.00137815
-0.533301
0.000390129
-0.527551
0.00461106
-0.311362
0.00560133
0.00235718
-0.609835
0.00182353
-0.519825
-0.305632
0.361909
0.0017335
-0.00116994
-0.355177
-0.0018361
-0.430834
-0.00192174
-0.422835
0.203239
-0.199411
0.00160163
0.00234638
-0.469742
-0.00292147
-0.00045148
-0.00119302
-0.00190811
0.495223
0.00124296
-0.00516422
0.484359
-0.00195209
0.00036768
-0.000575833
-0.000719323
-0.00164393
0.000809881
0.000320113
-0.00427415
-0.524708
0.00145794
0.00233018
0.00397323
-0.0058987
0.509827
0.000889316
-0.503193
0.300693
0.00174086
-0.295727
0.00102021
-0.516211
0.00164604
-0.349514
-0.00167342
0.416081
-0.0015574
-0.408985
-0.000932124
-0.343559
-0.196152
-0.192774
-0.307628
-0.0106863
0.0106009
-0.00891295
0.00897988
0.337636
0.000381481
-0.00158577
-0.332366
-0.000491145
-0.401719
-0.000770004
-0.000305717
-0.00186943
-0.395446
0.506815
0.00381382
-0.00299214
-0.00148192
-0.499326
-0.00128728
-0.290082
0.00196538
-0.491321
-0.00383118
-0.003384
-0.00317368
-0.570155
-0.000180986
-0.285683
0.000577383
-0.485957
0.453621
0.000167549
-0.00418495
-0.44667
-0.000676438
-0.467657
0.00163441
0.00152199
-0.47837
0.0046935
-0.000878243
-0.467577
0.00148363
-0.460431
0.00191428
-0.471497
-0.183842
0.00031768
-0.000274303
-0.000438935
0.000174669
0.000515559
-0.328476
-7.77361e-05
0.390804
-0.000417558
-0.00156433
0.00124284
-0.385931
-0.000458637
0.0010707
-0.00143633
-0.324393
0.000812314
-0.00119648
-0.493248
6.92007e-05
-0.000912974
-0.00517411
0.282239
-0.00321156
-0.278897
0.478277
0.00220092
0.000970068
-0.47465
-0.00337284
-0.00117775
-0.487618
0.000753595
-0.0006307
-0.441464
0.00118133
0.000579866
0.00118647
0.454997
-0.000280681
0.0017814
-0.449465
0.465555
0.00353912
-0.460399
0.00150241
-0.436152
0.189067
0.000784248
-0.18612
0.000189058
0.453586
-0.00179091
-0.00153359
0.00153512
-0.44672
0.000734473
-0.46791
-0.000714016
-0.478185
0.00197237
0.00170059
0.000269527
-0.467714
-1.93581e-05
-0.460715
-0.00210954
-0.471316
0.506834
0.000364358
0.00116437
-0.499419
0.00207594
-0.289808
-0.00183152
-0.491102
-4.3125e-05
0.00378933
-0.570438
-0.0052753
-0.285626
-0.48634
-0.000590879
-0.328423
0.00028832
0.000331867
0.390934
0.00110764
-0.000670807
0.000558507
0.00117651
-0.000731917
-0.183814
0.000243802
0.000798805
-0.181467
-0.000668915
0.000854153
-0.441364
4.32713e-05
-0.00144373
0.00160983
0.455334
0.00173632
-0.449699
0.465384
0.00140977
-0.00119989
-0.460223
0.00295744
0.00159377
-0.435962
-0.00185674
0.00184822
-0.49325
0.00215568
-0.000258611
-0.00481286
0.281905
-0.000582884
-0.278387
0.478035
-0.00100415
-0.474134
-0.487327
-0.306315
-0.00512279
0.499076
-0.000114366
0.00116633
-0.000520697
-0.492392
0.00285658
-0.284531
-0.00268741
-0.488148
4.28491e-05
4.92051e-05
0.00706882
-0.567805
0.000847108
-0.280548
0.00399371
-0.482967
0.33374
-0.000680117
0.000650107
-0.329021
0.000703446
-0.408844
0.00138106
0.00206746
0.000325688
-0.403145
0.449997
0.00142889
-0.00112834
-0.443785
-0.00462488
-0.475864
0.000801433
-0.470842
-0.00221893
-0.000841836
-0.00122485
-0.468499
-0.00142383
-0.469819
-0.464431
-0.00170105
-0.181368
-6.62472e-05
0.00036309
0.000388866
-0.000408011
-0.00245186
0.0024782
-0.486677
0.000555498
0.00213624
0.00316725
0.277211
-0.000366116
-0.27392
0.475979
-0.00103421
0.00345823
-0.471976
-0.000443295
-0.000874605
-0.481219
-0.000871778
-0.325271
0.00184312
0.398636
0.000946607
0.000314389
-0.00102489
-0.394105
0.00133215
-0.00133347
0.000484446
-0.321363
0.00407301
-0.00099631
-0.438676
0.00111827
-0.0037048
-0.00193982
0.46397
-0.000898794
-0.459011
0.459266
0.00138562
-0.00190976
-0.45396
-0.00242066
-0.433473
0.185016
-0.000245012
-0.182117
0.000680633
0.446197
-0.00379852
0.000379785
0.00138517
-0.439508
0.00141863
-0.472449
-0.00136696
-0.465119
0.00039155
-0.000874583
0.00394112
-0.464505
0.000314385
-0.466011
0.00135197
-0.458376
0.331178
0.00058355
-0.326149
-0.000907235
-0.399985
0.00126535
-0.394271
0.00164872
0.000517141
-0.00175273
-0.482818
0.000735399
0.000531711
-0.000708579
-0.00218647
0.274979
-0.00326601
0.472386
0.00274596
0.00108838
-0.00127105
3.59128e-06
-0.00129039
-0.179909
0.000792021
-0.000405645
-0.17752
-0.00128343
0.00165833
-0.434498
0.000451183
-0.000414132
0.0014136
0.00223892
0.459927
0.00346902
-0.45466
0.45464
7.2522e-05
0.00135474
-3.84595e-05
-0.44726
0.000535694
0.00438121
0.0011826
-0.428782
0.00155187
-0.322462
0.395621
0.000298295
-0.00603168
-0.384243
0.0083263
-0.317888
0.448979
0.0015164
-0.000519755
-0.000867712
-0.442946
-0.00266618
-0.468207
-0.00154706
-0.474903
-0.000945089
-0.000128948
-0.00256408
-0.467561
-0.00245725
-0.461678
-0.00434567
-0.468954
0.186201
-0.000121358
-0.183521
-0.000814785
0.499139
-0.000227462
-0.000147345
-0.492441
-0.00024395
-0.486817
0.00251648
-0.284431
0.00378099
-0.00043374
-0.568478
-0.00174996
-0.482355
-0.280742
0.00157135
-0.324752
0.00044139
-0.00137415
0.392226
-0.00103892
-0.000203358
0.000931014
-0.000643393
-0.000359044
0.00279012
0.000948035
-0.437805
-0.00250997
-0.00207979
-0.00144609
0.45633
-0.00161544
-0.450875
0.463102
0.0012424
-0.00335999
-0.458273
0.000157838
-0.000850718
-0.432708
-0.181258
-0.00107824
-0.000337094
-0.179004
-0.000614104
-0.00243662
-0.486316
-0.000341438
0.0022491
-0.000895208
0.474394
0.00104114
-0.470375
0.277032
-3.34349e-05
-0.273607
-0.480574
0.331959
-0.0016558
0.00231
-0.326659
0.00141182
-0.406893
0.00160415
-0.400036
0.496104
0.000347913
0.00484765
-0.00200043
-0.488711
-0.00177393
-0.484276
-0.00205874
-0.28279
-0.00230732
-0.0046019
-0.563337
-0.0016301
-0.478671
-0.278541
0.18537
-0.182437
-0.00270379
0.00057513
-0.434453
-0.000289149
0.0022206
-9.48477e-05
0.0031272
0.453205
0.00252105
0.00124477
0.459871
0.00267797
0.000857143
-0.000165343
0.00486086
0.00139564
0.00348588
-0.0021136
-0.322417
0.00166892
0.389063
0.000780974
-0.390311
0.00204571
-0.318693
0.00188555
0.00188456
-0.482437
-0.00167089
-0.00453111
-0.00198311
0.00420812
0.471033
-0.000473718
-0.467037
0.275034
-0.00453147
-0.271616
-0.00185578
-0.47668
-0.180082
-0.177816
-0.307882
-0.000505924
0.455347
-0.000566477
-0.00244304
2.83183e-05
-0.448527
-0.00137564
-0.480135
0.00132827
-0.469499
-0.000755005
0.00109792
0.00074303
-0.469437
-0.000832267
-0.473534
0.000294393
-0.462445
0.189852
-0.00177569
-0.186904
-0.000838611
0.338742
-0.00182532
-0.333577
0.00119024
-0.403112
-0.00137289
-0.396939
-0.00167483
0.00152864
0.00119407
-0.494956
-0.00120892
-0.00103735
-0.000797971
-0.00168028
0.481089
-0.00120816
0.000594623
0.283232
-0.00349095
-0.00210885
-0.00277861
-0.00171358
0.00150915
-0.00132356
-0.442887
-0.000862015
0.00156248
-0.00161481
-0.00120827
0.467116
0.000294115
-0.461736
0.456631
0.00244155
0.0003211
-0.00213038
-0.450778
-0.000721951
-0.00169394
-3.97137e-05
-0.437384
-0.184479
-0.000795702
-0.00172555
-0.182087
-0.001192
-0.329394
0.391978
0.0018284
-0.00165757
-0.386908
-0.00136953
-0.325178
0.508662
-0.000863981
-0.00151092
0.000868945
-0.501253
-0.000474504
-0.494303
0.00401507
-0.291361
0.00534318
0.00162823
-0.573253
0.00127762
-0.48883
-0.286955
0.338595
0.00144795
-0.000783939
-0.33342
-0.00152151
-0.403077
-0.00151266
-0.396938
0.189915
-0.186973
0.00123463
0.00213209
-0.442842
-0.00259752
-0.000381039
-0.000935344
-0.00161144
0.467152
0.00160844
-0.00467152
0.456743
-0.00171517
0.000438122
-0.000176639
-0.000622292
-0.00127293
0.000875858
0.000140498
-0.00378188
-0.494744
0.00127861
0.00153344
0.00370829
-0.004192
0.480994
0.000913065
-0.476778
0.283132
0.00122615
-0.279438
0.000778223
-0.488676
0.00145983
-0.329232
-0.00144479
0.39199
-0.00135654
-0.386959
-0.000666291
-0.324959
-0.184532
-0.182104
-0.294977
-0.00735511
0.00727669
-0.00585502
0.00584998
0.321727
0.000552553
-0.00132775
-0.318861
-0.000610559
-0.382748
-0.000137687
5.53e-05
-0.00131728
-0.379321
0.483448
0.00250523
-0.00193275
-0.000727856
-0.479535
-3.80226e-05
-0.276491
0.000492049
-0.468719
-0.00284221
-0.00232649
-0.00146933
-0.547575
0.000504075
-0.274133
0.00149189
-0.466738
0.432595
0.000559619
-0.0030971
-0.428897
-0.000971827
-0.445846
0.00144355
4.53174e-05
-0.456175
0.00316349
-0.00129546
-0.448841
0.00147518
-0.441977
0.00180762
-0.452716
-0.17743
0.000564258
-0.000439635
-0.000170254
-4.08356e-05
0.00081446
-0.317307
3.79884e-05
0.377471
-0.000741368
-0.00115906
0.00137113
-0.375421
1.2375e-05
0.00110594
-0.00132856
-0.315575
-0.000718299
-0.000542719
-0.476893
0.000997707
0.000573768
-0.00350528
0.272588
-0.00183826
-0.271121
0.462366
0.0018895
0.00200859
-0.461851
-0.00240481
-0.000283766
-0.474556
0.00131569
7.06431e-05
-0.426787
-0.000146334
0.000119884
0.00124611
0.439849
-0.000912728
0.00197643
-0.437531
0.450066
0.00298776
-0.448128
0.00154325
-0.424554
0.17987
0.000961287
-0.178251
0.000351212
0.432385
-0.00169419
-0.00105134
0.00145269
-0.428634
0.000603514
-0.44598
-0.00142023
-0.455877
0.00186006
0.00112886
0.000294356
-0.44886
-9.43197e-05
-0.442048
-0.00198285
-0.452351
0.483078
0.00045093
0.00141307
-0.479074
0.00191436
-0.276017
-0.00219537
-0.468233
-0.000218669
0.0033076
-0.547234
-0.00446214
-0.273769
-0.46674
-0.000640782
-0.317103
0.00035315
0.000439232
0.377467
0.00125532
-0.000446864
0.000714256
0.00136537
-0.000602626
-0.177262
0.000369693
0.00110006
-0.176297
-0.00064184
0.00121347
-0.426406
-1.22452e-05
-0.00187848
0.00164213
0.43986
0.00179054
-0.437525
0.449698
0.00100873
-0.00108719
-0.447832
0.00286563
0.00157501
-0.424138
-0.00169378
0.00188858
-0.476307
0.00194426
-0.000469439
-0.00392897
0.272001
-0.000692955
-0.270467
0.461773
-0.00144611
-0.461265
-0.473955
-0.2932
-0.00420743
0.476607
0.00100105
0.000494632
-0.0012837
-0.472302
0.001943
-0.271326
-0.0019163
-0.466118
-0.00105501
-0.000855423
0.00516332
-0.545016
0.000216713
-0.268901
0.00290874
-0.463312
0.31829
-0.00170578
0.000490592
-0.314971
0.00123998
-0.390313
0.00108212
0.00167906
0.000217695
-0.380836
0.42938
0.000620175
-0.00186527
-0.425235
-0.00355507
-0.454239
0.00132784
-0.449587
-0.00286852
-0.000237537
-0.000194696
-0.448965
-0.00172675
-0.450486
-0.443713
-0.00378016
-0.174627
-0.000240207
0.00043204
0.000380679
-0.000497536
-0.00171369
0.00157275
-0.469304
0.000115986
0.00158505
0.00130004
0.267204
-0.00122131
-0.265689
0.458989
-0.000338186
0.00247379
-0.457725
-0.00144802
-0.00136518
-0.466681
-4.0823e-05
-0.313458
0.00120493
0.38454
0.000612976
-0.000335216
-0.000184741
-0.382474
0.000547364
0.00590616
4.85474e-05
-0.311677
0.00297644
-0.000951914
-0.422967
0.00152768
-0.00195986
-0.00164403
0.447281
-9.1895e-05
-0.445087
0.442534
0.00151914
-0.00140668
-0.43996
-0.000358718
-0.420587
0.175807
0.000194917
-0.174158
0.000852544
0.424773
-0.00388751
0.000722518
0.00163362
-0.421178
0.00137527
-0.450003
-0.00136058
-0.443142
0.000653755
-0.00110647
0.00461253
-0.445444
0.00040111
-0.44659
0.00194112
-0.440765
0.314944
0.00168843
-0.312392
-0.0012589
-0.380455
0.00172711
-0.382975
0.00912511
0.00034312
-0.00193604
-0.465163
0.000867114
0.000605953
-0.000468887
-0.00164012
0.264732
-0.00283977
0.455536
0.00247151
0.00156362
-0.000905165
0.00015184
-0.0011036
-0.173122
0.000871083
-0.000156368
-0.172076
-0.000844946
0.00138836
-0.41896
0.000300878
-0.000456575
0.00144911
0.00191472
0.443599
0.0029731
-0.441563
0.438431
-9.68134e-05
0.001487
0.00163473
-0.435808
0.000537137
0.00260062
0.00122195
-0.416652
0.00139395
-0.310763
0.381046
-0.000570588
0.00151434
-0.378838
0.00231752
-0.308946
0.428852
0.00181575
-0.00182116
-0.000837306
-0.425245
-0.00291312
-0.447036
-0.000506918
-0.453617
-0.000317203
0.00092006
-0.00239174
-0.449116
-0.00256716
-0.444643
-0.00375199
-0.450106
0.177329
-0.000281156
-0.175744
-0.00103195
0.476085
-0.000694375
2.77247e-05
-0.47217
0.000409293
-0.464544
0.00250946
-0.27099
0.00253931
-0.00034695
-0.54478
0.00047791
-0.462697
-0.26875
0.000669339
-0.312917
0.00010285
-0.000883207
0.377673
-0.000546678
-0.000415467
0.000879031
-0.00107602
2.03326e-05
0.00228461
-0.000150988
-0.421938
-0.00217511
-0.00152746
-0.000896633
0.440129
-0.00122556
-0.43704
0.446526
0.00237356
-0.00250272
-0.444058
0.00116742
-0.000424527
-0.418975
-0.174467
-0.00079188
-0.000109443
-0.173267
-0.000854478
-0.00200815
-0.468702
-0.00203353
0.00210834
0.00198407
0.457472
0.00126896
-0.456108
0.266546
-0.000597572
-0.264758
-0.46577
0.315768
-0.00274362
0.00249112
-0.312127
0.00177201
-0.386981
0.00153861
-0.376914
0.472056
0.000537057
0.00435151
-0.00211331
-0.467585
-0.00204056
-0.461
-0.00149328
-0.268954
-0.00136999
-0.00402593
-0.539123
-0.00159368
-0.458329
-0.266344
0.1761
-0.174253
-0.00213574
0.000798504
-0.417896
-0.000414661
0.00160813
-0.000673309
0.00271894
0.435858
0.00233001
0.000738731
0.442891
0.00211277
-8.65109e-05
-0.000367446
0.00417541
0.000917099
0.00294673
-0.00182941
-0.310129
0.00139485
0.374464
0.00160076
-0.372119
0.00202532
-0.308183
0.00193681
0.00116008
-0.464594
-0.00144831
-0.00360578
-0.00118581
0.00267448
0.453959
-0.000521299
-0.453066
0.264558
-0.0040343
-0.262983
-0.00182139
-0.462118
-0.173152
-0.17209
-0.294526
0.00233786
0.433047
-0.000235098
-0.00241733
-0.000115318
-0.428926
-0.00156362
-0.456862
0.00132258
-0.446392
-0.000769505
0.00108345
0.000605979
-0.449074
-0.000951871
-0.453054
0.000243526
-0.442121
0.180227
-0.00166405
-0.178444
-0.000716392
0.322042
-0.00180327
-0.318927
0.00117734
-0.383198
-0.00136367
-0.379467
-0.00163714
0.00238462
0.00046983
-0.476559
-0.000974367
-0.0010528
0.000536717
-0.00115599
0.463238
-0.00216846
0.000903485
0.27243
-0.00269212
-0.00165992
-0.00248475
-0.00175644
0.00225936
-0.00125984
-0.426421
-0.00111858
0.00142241
-0.00225035
-0.0012384
0.449723
-0.000389036
-0.447559
0.439531
0.0022913
6.58957e-05
-0.0020692
-0.437033
-0.000952308
-0.00171126
-0.000263675
-0.424078
-0.177342
-0.000697626
-0.00163905
-0.176305
-0.00115497
-0.317051
0.377249
0.00176359
-0.00158562
-0.374997
-0.00133
-0.315184
0.48371
-0.000885138
-0.000734508
0.000657494
-0.479301
-0.00010242
-0.470363
0.00342972
-0.276549
0.00432918
0.000850388
-0.548222
0.00120214
-0.467686
-0.273916
0.321823
0.00121867
-0.00057108
-0.318685
-0.00136409
-0.38325
-0.00136907
-0.37952
0.180253
-0.178457
0.00160487
0.00187566
-0.426219
-0.00216388
-0.000612977
-0.000757118
-0.00157947
0.449618
0.00110172
-0.00417811
0.439651
-0.00136258
0.000464495
0.000223735
-0.000636019
-0.000706693
0.000583262
0.000517841
-0.00312259
-0.47629
0.000995993
0.000822301
0.00282081
-0.00273294
0.46309
0.000525967
-0.462177
0.272179
0.000313936
-0.270696
0.000435909
-0.473806
0.00123663
-0.31681
-0.00126343
0.377285
-0.00106613
-0.375006
-0.000450376
-0.314913
-0.177338
-0.176266
-0.289859
-0.00500795
0.00487922
-0.00481055
0.00465077
0.315029
0.000874045
-0.00134019
-0.314339
-0.00103059
-0.374797
7.68899e-05
-7.22374e-05
-0.00102857
-0.374008
0.473376
0.00139699
-0.00155413
-2.26676e-05
-0.472626
0.00128705
-0.270393
0.000577118
-0.458922
-0.00206407
-0.00122075
-1.22619e-05
-0.539122
0.00136437
-0.269827
0.00241317
-0.459772
0.423768
0.00117353
-0.00286646
-0.422951
-0.00165523
-0.436819
0.00179184
6.41615e-05
-0.446881
0.00239972
-0.00185455
-0.442637
0.00179328
-0.436006
0.00217872
-0.4463
-0.175825
0.000715911
-0.000587772
-0.000162288
5.11122e-05
0.00113335
-0.314664
-0.000147518
0.374433
-0.0008879
-0.000930377
0.0015059
-0.374627
0.000131311
0.00131918
-0.00131565
-0.314792
-0.0014952
-0.000374224
-0.472813
0.00146879
0.00139351
-0.00290203
0.269893
-0.00137186
-0.270067
0.458126
0.00133229
0.00247375
-0.460101
-0.00194903
-6.61101e-06
-0.473292
0.00178399
-0.000137567
-0.423332
-0.000374837
-0.000239668
0.00157432
0.4365
-0.00122628
0.00225422
-0.436802
0.446282
0.00276914
-0.446788
0.00192328
-0.423611
0.175983
0.00133458
-0.175689
0.000580045
0.423448
-0.00191615
-0.000440963
0.0016054
-0.422768
0.000810597
-0.436843
-0.00150482
-0.446504
0.00189124
0.000447635
0.000501937
-0.442622
4.75681e-05
-0.436063
-0.00184087
-0.446052
0.473079
0.000883757
0.00193098
-0.472575
0.0015303
-0.269988
-0.00233266
-0.458613
-0.000853654
0.00270948
-0.539669
-0.00301456
-0.269738
-0.46034
-0.000841182
-0.31458
0.000511348
0.000532123
0.374489
0.00145613
-0.000272755
0.000772753
0.00149858
-0.000297597
-0.175842
0.000582116
0.00138047
-0.175997
-0.000962788
0.00146033
-0.423184
0.000271139
-0.0020837
0.0019453
0.436567
0.00203485
-0.436925
0.446143
0.000325649
-0.00092269
-0.446877
0.00317817
0.00182586
-0.423563
-0.000989756
0.00187679
-0.472829
0.00112401
-0.00145925
-0.00183027
0.269732
-0.00147158
-0.269991
0.458314
-0.00166892
-0.460486
-0.473474
-0.288614
-0.00189902
0.464977
0.00128052
0.000143545
-0.00148182
-0.463389
0.00164337
-0.264756
-0.00154458
-0.454785
-0.00195251
-0.000918251
0.00363441
-0.535243
2.02088e-05
-0.263847
0.00197681
-0.45468
0.310742
-0.00143053
3.78906e-05
-0.309384
0.000873334
-0.381172
0.000630062
0.0012773
-0.000395952
-0.379199
0.419154
-0.000288565
-0.00194586
-0.417382
-0.00278092
-0.4431
0.00133397
-0.438381
-0.00244376
0.000270965
0.000794759
-0.440409
-0.00185745
-0.441827
-0.436278
-0.00254884
-0.172064
0.000226829
-0.000305419
0.000548266
-0.000844522
-0.00174148
0.00156135
-0.462612
2.68704e-05
0.0019411
0.000302963
0.263455
-0.00113426
-0.263096
0.452779
-8.01132e-05
0.00210779
-0.453664
-0.0021552
-0.0013522
-0.462023
-0.00232204
-0.308619
0.00158661
0.372519
0.00142488
-0.000254692
-0.00199615
-0.371657
0.00106904
-0.00961465
-2.32117e-05
-0.308024
0.00280671
-0.00179837
-0.416352
0.0020977
-0.00228081
-0.00257701
0.440686
0.000444629
-0.440417
0.433782
0.00179388
-0.002401
-0.432734
-0.00499264
-0.415519
0.171576
-0.00054039
-0.171112
0.000671226
0.415516
-0.00220619
-0.000292928
0.00072678
-0.414406
0.00047432
-0.440096
-0.000920022
-0.434513
0.000189574
-0.00062914
0.00238741
-0.437917
2.3659e-05
-0.439567
0.000742125
-0.432001
0.308122
-0.000448123
-0.307136
-0.000684754
-0.377756
0.000835272
-0.371183
-0.00580837
-0.00030794
-0.000545602
-0.460941
0.000554305
0.000782096
-0.00010153
-0.000535023
0.262248
-0.00192908
0.451364
0.000380334
0.00168403
-0.000454269
-0.00046136
-0.000769793
-0.171375
0.000776319
-0.000471427
-0.1716
0.000204501
0.00132903
-0.415247
2.06182e-05
-0.000435534
-5.22326e-05
0.00156885
0.439608
0.00128757
-0.440571
0.434144
-8.81251e-05
0.000657269
0.00107104
-0.434753
5.88258e-05
0.0033454
0.000556482
-0.415895
0.00153333
-0.307919
0.377534
-1.33919e-06
0.000383123
-0.3777
0.00793153
-0.308228
0.417368
0.00152394
-0.00254383
-0.00041584
-0.416026
-0.00252597
-0.435505
0.000437318
-0.441863
0.000402187
0.00183783
-0.00220491
-0.439673
-0.00212257
-0.434227
-0.00318427
-0.440862
0.172614
-0.000276661
-0.172007
-0.000946934
0.463966
-0.00144458
0.000736276
-0.462593
0.00102408
-0.452972
0.00180957
-0.263719
0.00155535
-0.000834096
-0.533946
0.00255854
-0.453589
-0.263006
0.00285722
-0.308611
-0.00054491
-0.00155917
0.378621
-0.00122595
-0.000929887
-9.93534e-05
-0.00116872
-0.000286399
0.00293235
-0.000869083
-0.416038
-0.00198936
-6.08885e-05
-0.00115881
0.435869
-0.0012932
-0.435571
0.440333
0.00258264
-0.00220704
-0.440396
0.00116006
-0.000157588
-0.415625
-0.171927
-0.00136105
-0.000425966
-0.171716
-0.0017638
-0.00139776
-0.462051
-0.00239346
0.00156195
0.00307729
0.451259
0.00196509
-0.452299
0.262395
-0.00114464
-0.262022
-0.461617
0.307662
-0.000554042
0.00147868
-0.307315
0.00102091
-0.371632
0.000960033
-0.37661
0.460958
0.000498624
0.003848
-0.00147609
-0.460404
-0.00174192
-0.450443
-0.000938005
-0.262225
0.000290307
-0.00393108
-0.530551
-0.00113644
-0.451213
-0.261783
0.171701
-0.171393
-0.00166815
0.00205183
-0.41429
-0.00107276
0.00105213
-0.00154087
0.00206139
0.432487
0.0018808
0.000320766
0.438938
0.000450185
-0.000954988
-0.000786692
0.00322314
0.000182068
0.00250005
-0.00184114
-0.30738
0.000903007
0.371277
0.00105676
-0.372015
0.00141268
-0.307831
0.00177191
0.00088146
-0.460717
-0.00108351
-0.00254511
-0.00124547
0.00124831
0.449984
-0.000683112
-0.45203
0.261986
-0.00380179
-0.262413
-0.00147131
-0.461543
-0.171507
-0.171699
-0.289026
0.00341101
0.423132
0.000387438
-0.00211622
-0.000298946
-0.422104
-0.00254781
-0.446083
0.0011045
-0.436208
-0.00114525
0.000857862
-0.000171702
-0.441688
-0.00126813
-0.445533
-2.67485e-05
-0.435178
0.17586
-0.00154417
-0.175393
-0.000617192
0.314495
-0.00166449
-0.31366
0.00108677
-0.37421
-0.00127034
-0.373223
-0.00149565
0.00279941
-0.000168122
-0.472176
-0.000596984
-0.000961204
0.00113756
-0.000634608
0.458421
-0.00194427
0.00134681
0.269743
-0.00214735
-0.00133344
-0.00207257
-0.00153251
0.00264217
-0.000950982
-0.422392
-0.00125346
0.0011796
-0.00282808
-0.00100617
0.445131
-0.000268574
-0.445462
0.435546
0.0019098
3.63438e-05
-0.0017512
-0.435456
-0.00115589
-0.00151247
-0.000245148
-0.422329
-0.175496
-0.000524705
-0.00143372
-0.175479
-0.000991077
-0.313873
0.373521
0.00155684
-0.0013806
-0.373452
-0.00118566
-0.313801
0.472677
-0.000539403
-1.69407e-05
0.000331388
-0.47175
-0.000874284
-0.459379
0.00290388
-0.270084
0.00342983
-0.000142228
-0.539715
0.000827883
-0.460032
-0.269513
0.314263
0.000958584
-0.000391842
-0.313436
-0.00113183
-0.374185
-0.00120255
-0.373159
0.175857
-0.175402
0.00210876
0.00175617
-0.422305
-0.00207774
-0.000853144
-0.000499304
-0.00203053
0.445138
0.000987347
-0.00386527
0.435319
-0.00119292
0.000393265
0.000623496
-0.00079566
-0.000588682
0.000467429
0.000657256
-0.00280501
-0.47188
0.000847317
-8.51082e-06
0.0023606
-0.00149504
0.458538
0.000823654
-0.460262
0.269616
-0.000138261
-0.269696
0.000352281
-0.472038
0.00110089
-0.31368
-0.0012131
0.373408
-0.000911511
-0.373306
-0.000383738
-0.313623
-0.175503
-0.175485
-0.290799
-0.00563266
0.00568692
-0.00688763
0.00704054
0.315739
0.000792314
-0.00127895
-0.31636
-0.0011273
-0.375809
0.000172641
-0.000169288
-0.000848368
-0.376624
0.474448
0.00173446
-0.00134302
-0.000178393
-0.475671
0.00126771
-0.270726
0.000344075
-0.45941
-0.00213697
-0.00168421
-0.000276503
-0.5416
0.00135802
-0.271336
0.00222192
-0.462118
0.42482
0.00108321
-0.00273667
-0.42573
-0.00174109
-0.43814
0.0019671
0.000196827
-0.447647
0.00210202
-0.00170699
-0.44539
0.00173231
-0.439149
0.00216354
-0.44883
-0.177498
0.000584105
-0.000433463
-0.000382167
0.000299918
0.000997738
-0.317612
-0.000119517
0.378214
-0.000554524
-0.000800015
0.00119134
-0.379268
0.000232317
0.0011883
-0.00113309
-0.318421
-0.000708577
-0.000666722
-0.477205
0.00110585
0.000583585
-0.00392146
0.272229
-0.0023944
-0.27293
0.461871
0.00164582
0.00172526
-0.46481
-0.0024932
-0.000522399
-0.478577
0.00151757
-0.000302664
-0.427218
-0.000305066
9.31485e-05
0.00143739
0.440843
-0.000731688
0.00186805
-0.441986
0.450091
0.00271592
-0.451495
0.00180426
-0.428212
0.176572
0.00134381
-0.177045
0.000650328
0.424923
-0.0020186
1.53769e-05
0.00179672
-0.426072
0.00107551
-0.438321
-0.00181081
-0.44777
0.00243766
0.000282593
0.00049726
-0.445557
0.000350213
-0.439343
-0.00178657
-0.449162
0.474943
0.00179913
0.00147847
-0.47645
0.0006385
-0.270926
-0.00201132
-0.460158
-0.00202149
0.00213403
-0.544184
-0.00141816
-0.271947
-0.463799
-0.000770432
-0.317947
0.000304294
0.000820965
0.378323
0.00121705
-0.000187963
0.00082268
0.00117818
-5.73626e-05
-0.177777
0.000450607
0.00113534
-0.178341
-0.00103129
0.0017742
-0.427762
0.000419915
-0.00191907
0.00197744
0.441031
0.00185158
-0.442147
0.450717
0.000142939
-0.00122123
-0.452436
0.00350495
0.00179731
-0.429022
-0.000178185
0.00125132
-0.47818
0.000105098
-0.0025198
0.000185107
0.272911
-0.00215654
-0.273903
0.463374
-0.000844569
-0.466647
-0.479831
-0.291146
0.000581755
0.462599
0.000854991
0.000475744
-0.00107533
-0.463098
0.00205598
-0.263437
-0.00182302
-0.452977
-0.00165006
-0.000617835
0.0043348
-0.535637
0.000392949
-0.263709
0.0025977
-0.454808
0.30862
-0.00110844
3.2655e-05
-0.308825
0.00111275
-0.372432
0.00109843
0.0014207
-3.20507e-05
-0.3727
0.41612
-0.000116984
-0.00133647
-0.416407
-0.00296606
-0.440673
0.000962003
-0.433409
-0.00216672
-0.000428324
0.000149321
-0.439693
-0.000989992
-0.441491
-0.433683
-0.00162559
-0.172826
0.00010695
0.000123211
0.00063407
-0.000691872
-0.0024142
0.00228404
-0.464595
0.000694695
0.00211077
0.00210707
0.264638
-0.000406358
-0.265329
0.45491
-0.00102954
0.00320044
-0.457391
-0.000816213
-0.000783814
-0.465777
-0.000875991
-0.309989
0.0015034
0.374121
0.000953863
0.000237218
-0.00128844
-0.374914
0.00131088
-0.00153161
0.000175003
-0.31066
0.00340996
-0.000642867
-0.417872
0.00104837
-0.00322007
-0.00157241
0.442516
-0.000383808
-0.443938
0.435225
0.00108394
-0.00149119
-0.436082
-0.00190474
-0.418803
0.17219
-0.000206355
-0.172876
0.00032986
0.417142
-0.00114173
0.000496964
0.000701843
-0.418965
-0.000775016
-0.441577
-0.000835202
-0.434883
-0.000698669
-0.000926188
0.000918479
-0.442284
-0.000502639
-0.443636
0.000510496
-0.438132
0.309124
0.00114053
-0.310627
-5.7568e-05
-0.373189
-0.00593484
-0.380553
0.00800437
-0.000695334
0.00110421
-0.467991
-7.49481e-05
0.000915152
-0.000281163
0.000847972
0.266237
-0.00141503
0.457515
-0.000906829
0.0020258
0.000274615
-0.00084981
-0.000518494
-0.173889
0.000373959
-0.000637145
-0.174695
0.00155405
0.00113396
-0.421421
-0.000617495
-0.000763593
-0.00232434
0.00131563
0.445416
0.000196179
-0.447757
0.440772
1.51246e-05
-0.000261124
-0.000903417
-0.441324
-0.00103075
0.00115229
0.000137021
-0.42324
0.000519589
-0.312368
0.382792
0.000435799
-0.00602839
-0.378705
0.000552754
-0.313468
0.416432
0.000823395
-0.00173203
-9.4427e-06
-0.416891
-0.00208666
-0.436419
-0.000186096
-0.44064
7.02921e-05
0.00198044
-0.00155822
-0.44071
-0.0016914
-0.436734
-0.00278079
-0.441533
0.17203
-0.000312399
-0.172197
-0.00106093
0.462428
-0.00143412
0.00121097
-0.463135
0.00109544
-0.451622
0.00110009
-0.262564
0.00134102
-0.00145333
-0.534814
0.00247688
-0.454239
-0.263149
0.00134949
-0.310166
0.000424829
-0.00127058
0.38055
-0.000686467
-0.000666799
0.00038994
-0.000479244
-0.000251502
0.00183993
0.000625031
-0.418258
-0.00147201
-0.000958804
-0.000704311
0.438231
-0.00066135
-0.439083
0.44259
0.0013631
-0.00185271
-0.444013
0.0010971
0.000138627
-0.419126
-0.17278
-0.00102148
-0.000265216
-0.173167
-0.00118911
-0.000820305
-0.464484
-0.0016864
0.000649891
0.00165063
0.453629
0.00137401
-0.456097
0.263814
-0.00132474
-0.264458
-0.465604
0.309469
-0.00217499
0.00149866
-0.310103
0.000363957
-0.379665
0.000276335
-0.374836
0.46326
0.000733484
0.00387785
-0.00156963
-0.464926
-0.00169356
-0.452072
-0.000794683
-0.263391
0.000393085
-0.00426998
-0.535288
-0.000692976
-0.454961
-0.264371
0.172413
-0.172905
-0.00114673
0.00334813
-0.420633
-0.00168281
0.000749535
-0.00207133
0.00187441
0.438914
0.00152252
0.00023525
0.444702
-0.000749866
-0.000712573
-0.000846467
0.00295867
-0.000498591
0.00229262
-0.000844037
-0.312068
0.000220571
0.377098
0.000641509
-0.384741
0.000990883
-0.313895
0.00171944
0.000928956
-0.467389
-0.00072338
-0.00255647
-0.00169518
0.00153672
0.455727
-0.000725971
-0.459371
0.265859
-0.00391704
-0.267231
-0.00132464
-0.469823
-0.17391
-0.174792
-0.289738
0.0021278
0.423308
-1.32298e-06
-0.0017748
-0.000229754
-0.423881
-0.00232478
-0.446156
0.000785599
-0.436614
-0.00108981
0.000391823
0.000218546
-0.443641
-0.00125924
-0.447247
9.10105e-05
-0.437242
0.175904
-0.00132684
-0.176162
-0.000363347
0.314661
-0.00147684
-0.315135
0.000892779
-0.374529
-0.00107916
-0.37513
-0.00127313
0.00230988
-0.000129126
-0.475943
-0.000382682
-0.000790141
0.000595548
-0.000667164
0.461997
-0.00168686
0.00179919
0.271793
-0.00239974
-0.00121453
-0.00195504
-0.00150945
0.00275018
-0.000756193
-0.425683
-0.00136635
0.00104234
-0.00276625
-0.000920406
0.448532
-0.000642385
-0.450197
0.439175
0.00177822
-5.31657e-05
-0.00162461
-0.44056
-0.00114601
-0.00128253
-0.000424298
-0.427052
-0.176935
-0.000349184
-0.00135153
-0.177505
-0.000894355
-0.316545
0.376843
0.00152268
-0.0012744
-0.378028
-0.00104454
-0.317526
0.473217
-0.000831004
1.10035e-05
0.000363209
-0.474249
-0.000572647
-0.459861
0.00279693
-0.270442
0.0034719
-0.000126359
-0.543089
0.000868709
-0.462495
-0.27102
0.314565
0.000914365
-0.000407314
-0.315115
-0.00110049
-0.374378
-0.00123894
-0.374995
0.175987
-0.176307
0.00252788
0.00187496
-0.426091
-0.00238411
-0.000962798
-0.000763801
-0.00279153
0.449061
0.000252334
-0.0046343
0.43897
-0.00145414
-5.77879e-05
3.35495e-05
-0.00111762
-0.00103825
0.000260753
0.00073986
-0.00305067
-0.47623
0.000886572
0.000613511
0.00242769
-0.00217793
0.462873
0.000306203
-0.466171
0.272264
0.000398917
-0.273399
0.000316291
-0.47808
0.00118407
-0.316597
-0.00131063
0.376714
-0.00101552
-0.377934
-0.00047533
-0.317654
-0.177113
-0.177725
-0.294979
-0.00812651
0.00848289
-0.00891436
0.00954625
0.319879
0.000115502
-0.000661877
-0.32083
-0.000658835
-0.38108
0.000425171
0.000236356
-0.000577758
-0.38225
0.480371
0.00324741
-0.0014854
-0.00101305
-0.481813
-7.23682e-05
-0.274035
0.000564046
-0.464793
-0.00291753
-0.00334245
-0.00173008
-0.548359
0.000694335
-0.274889
0.0012173
-0.467842
0.429907
0.000168194
-0.0019528
-0.430993
-0.00106832
-0.443917
0.00139077
-0.000266887
-0.452939
0.00179914
-0.000728703
-0.45114
0.00074328
-0.445099
0.00132388
-0.454409
-0.1802
0.000162343
0.00026587
-0.000907452
0.00123313
9.36891e-05
-0.322428
0.000891806
0.38412
0.000550894
-8.23295e-05
6.2237e-05
-0.385381
0.000756263
0.000282706
0.000178763
-0.323581
0.000913213
-0.000157394
-0.483576
0.00012394
-0.00156924
-0.0050915
0.276209
-0.00401033
-0.277457
0.467746
0.000648031
0.000633315
-0.470651
-0.00346623
-0.0015853
-0.485048
0.000327896
0.00138501
-0.432717
-0.00121462
0.00122467
0.000141727
0.446885
0.000650151
0.000356929
-0.447968
0.455766
0.000388602
-0.457127
0.000590132
-0.433907
0.179262
0.00103365
-0.179975
0.000388229
0.431089
-0.00128563
0.000468372
0.00117732
-0.432535
0.000665923
-0.444096
-0.00236802
-0.45409
0.00203524
-0.00018993
-0.00052918
-0.451766
2.84076e-05
-0.44538
-0.002883
-0.455811
0.482171
0.00160733
0.00130429
-0.484274
0.000411294
-0.275545
-0.0016354
-0.467305
-0.00237955
0.00302624
-0.554234
-0.00190351
-0.277139
-0.471618
8.23252e-05
-0.323263
-0.000471782
0.00125326
0.384613
0.000145787
0.000716638
0.00148598
0.000212169
0.000507931
-0.180957
5.5144e-05
0.000692964
-0.181793
0.000186233
0.00275868
-0.43446
-0.000819852
-0.00314932
0.00055908
0.447341
0.000197903
-0.448706
0.457436
-0.0012838
-0.00336299
-0.459074
0.00197073
1.90868e-05
-0.435884
-0.00120112
0.00162682
-0.486655
0.000202314
-0.00118782
-0.000704869
0.278838
-0.000452287
-0.280887
0.471739
-0.00172857
-0.475521
-0.489056
-0.297895
0.00109602
0.467896
-0.000199352
0.00170406
-0.000354565
-0.46952
0.00295576
-0.266716
-0.00294196
-0.457978
-2.27091e-05
-0.0001759
0.00630096
-0.543349
0.00108942
-0.267776
0.00401352
-0.460699
0.312178
-0.000805879
0.000331681
-0.313082
0.000739798
-0.376677
0.00164576
0.00171064
0.000587383
-0.377677
0.420822
0.000898633
-0.000697708
-0.422094
-0.0040564
-0.445369
0.000294318
-0.438121
-0.00173291
-0.00138175
-0.00128991
-0.444961
-0.000503509
-0.446952
-0.439279
-0.00132754
-0.17554
6.9958e-05
0.000466676
0.000605214
-0.000320381
-0.0038832
0.00342894
-0.471806
0.00175242
0.00293339
0.00403092
0.269343
0.00127506
-0.270532
0.461306
-0.00222489
0.00472131
-0.464005
0.000701925
0.00045713
-0.473536
-0.000412951
-0.314699
0.00178595
0.379546
0.000291297
0.000920749
-0.000926571
-0.3806
0.00199963
-0.00140195
0.000277795
-0.315636
0.00440188
0.00025811
-0.424167
1.96633e-05
-0.00483885
-0.00113161
0.4483
-0.00107087
-0.449637
0.441363
2.84601e-05
-0.000986478
-0.442542
-0.00149272
-0.425322
0.175948
-0.000188283
-0.176872
0.000902379
0.426289
-0.000335752
0.000630616
0.000280376
-0.428375
-0.00147955
-0.450135
-0.00167079
-0.445923
-0.000763673
-0.00111877
-2.68188e-05
-0.451373
-0.000305344
-0.452801
-0.000105191
-0.448168
0.316027
0.000872469
-0.317759
-0.00213818
-0.387453
0.00889783
-0.38978
0.00193374
-0.0011198
0.00131796
-0.478934
6.09789e-05
0.00151119
-0.000512282
0.00169037
0.273207
-0.000860437
0.467702
-0.001056
0.00256931
0.00112741
-0.000689574
0.000248979
-0.178077
0.000792829
-0.000151534
-0.179001
0.00209939
0.00156262
-0.430903
-0.000724544
-0.00128805
-0.00286196
0.00148066
0.454555
-0.000333328
-0.456539
0.450739
-0.000675682
-0.000506442
0.00108504
-0.452214
-0.00122919
0.00134694
-5.4591e-05
-0.432513
0.00128104
-0.319802
0.392265
-0.000557391
0.00106585
-0.39412
0.00151745
-0.321245
0.42113
0.000635182
-0.000364104
-0.000108287
-0.422417
-0.00175932
-0.441188
-0.00159185
-0.445288
-0.000288342
0.000838933
-0.00132294
-0.446041
-0.00157868
-0.44246
-0.00277185
-0.446952
0.174026
-0.000146972
-0.174637
-0.000874824
0.467853
-0.000427428
0.000790027
-0.469616
0.00020845
-0.456562
0.00111396
-0.265954
0.00164067
-0.00139319
-0.542637
0.00125969
-0.460127
-0.267223
0.00121323
-0.314955
0.00116055
-0.00148184
0.386692
-0.00039257
0.000116483
0.00105677
0.000441946
-0.00045843
0.00178476
0.00215122
-0.424289
-0.00186696
-0.00244744
-0.000825331
0.444564
-0.000619414
-0.445584
0.448191
-0.00046307
-0.0024167
-0.449573
0.000273894
-0.000438332
-0.425376
-0.175545
-0.000985703
-0.000202105
-0.176181
-0.000230315
-0.00162025
-0.471697
-0.000208746
0.00104103
-0.0007559
0.45991
0.000396537
-0.462601
0.268433
-0.000282864
-0.269486
-0.473222
0.315474
-0.00191324
0.0012991
-0.31668
0.00244271
-0.381007
0.000628099
-0.382281
0.472516
0.000721292
0.00420023
-0.0015729
-0.474839
-0.00200256
-0.460381
-0.00120752
-0.268983
-0.000240138
-0.00490925
-0.546418
-0.00111844
-0.464084
-0.270485
0.175837
-0.176644
-0.00118931
0.00413486
-0.429205
-0.00233109
0.000608001
-0.00289361
0.00190785
0.447587
0.00171951
-0.000275523
0.453266
-0.00132782
-0.00115374
-0.00145291
0.00293991
-0.000977602
0.00201046
-0.00152842
-0.318641
0.000321566
0.38475
0.00148279
-0.386281
0.00106103
-0.319904
0.00198423
0.00117038
-0.477637
-0.00099479
-0.00285362
-0.00245066
0.0027417
0.465258
-0.000842434
-0.469031
0.272487
-0.00403341
-0.274481
-0.00151857
-0.48005
-0.177796
-0.178662
-0.29427
0.000108214
0.429218
0.000985174
-0.00198284
-0.000692767
-0.430785
-0.0030642
-0.452152
0.000873164
-0.442884
-0.00127301
0.000674898
-0.000505109
-0.450562
-0.00157291
-0.454187
-0.000222651
-0.444455
0.178437
-0.00141166
-0.17913
-0.000350675
0.319273
-0.00167432
-0.320529
0.000974415
-0.380122
-0.00111494
-0.381591
-0.00142193
0.0026848
0.000125043
-0.483984
-0.00053993
-0.00108763
-0.000543485
-0.00130061
0.469364
-0.00254479
0.00128844
0.276957
-0.00271922
-0.00187385
-0.00222428
-0.00207641
0.00367508
-0.00116238
-0.433048
-0.00184378
0.00167732
-0.00321911
-0.00165482
0.455853
-0.00192844
-0.457648
0.446688
0.00233891
-0.000565076
-0.00243256
-0.448203
-0.00145019
-0.00179809
-0.00109056
-0.434755
-0.180196
-0.000471327
-0.00161486
-0.181079
-0.00119985
-0.322438
0.383804
0.00198391
-0.00182826
-0.385414
-0.00139059
-0.323906
0.480758
0.000396957
-0.00121353
0.000327877
-0.483165
-0.00137466
-0.467167
0.00361332
-0.275165
0.00505501
0.000397639
-0.55383
0.000867713
-0.471007
-0.276749
0.319499
0.00128065
-0.000657845
-0.32084
-0.00137854
-0.380103
-0.00143145
-0.38171
0.178775
-0.179599
0.00315119
0.00286614
-0.43416
-0.00358215
-0.00111701
-0.00190219
-0.00427273
0.456982
-0.000666417
-0.00640824
0.446943
-0.00284095
-0.00098957
-0.00143028
-0.00185029
-0.00271992
-2.41456e-05
0.00181413
-0.0047238
-0.486128
0.00107246
0.00247928
0.00328477
-0.00457136
0.472238
-0.00104842
-0.476312
0.278903
0.00262532
-0.281151
0.000587432
-0.488969
0.0018076
-0.32279
-0.00178691
0.384104
-0.00183567
-0.385976
-0.00115518
-0.324242
-0.18078
-0.181773
-0.300424
-0.00891826
0.0100405
-0.0098808
0.0114206
0.3254
-0.00138116
0.00125811
-0.32683
0.000670671
-0.387333
0.00141005
0.00184684
0.000799676
-0.388729
0.486817
0.00426215
0.00100133
-0.00204016
-0.48825
-0.00151554
-0.279353
-0.00110115
-0.470331
-0.00415303
-0.00606394
-0.00256159
-0.557235
-0.000469435
-0.281393
2.0424e-05
-0.472962
0.435644
-0.00165444
0.00158132
-0.436673
0.000633805
-0.449546
-0.000628097
-0.00317402
-0.45823
-0.000663558
0.000988264
-0.455032
-0.0016233
-0.450251
-0.00112588
-0.459215
-0.184403
-0.000645808
0.00206982
-0.00172738
0.00340374
-0.00153444
-0.328851
0.00286772
0.390738
0.00226767
0.00219168
-0.00263825
-0.392367
0.00243265
-0.00199137
0.00247283
-0.330641
0.00143627
0.00279773
-0.48969
-0.000819977
-0.00420688
-0.00587361
0.284235
-0.00354209
-0.287858
0.472018
-0.00334199
-0.000413905
-0.474068
-0.00474276
-0.00201585
-0.490985
-0.00173265
0.00486911
-0.437823
-0.00390407
0.00317128
-0.00271268
0.451053
0.00269956
-0.00323826
-0.451111
0.459457
-0.00388305
-0.459592
-0.00244443
-0.438365
0.183016
-3.80411e-05
-0.184121
-0.000392549
0.437893
0.00167857
0.00294226
-0.0024713
-0.439214
-0.00163677
-0.45069
-0.00419883
-0.460294
-0.000649958
-0.00300269
-0.00343782
-0.457334
-0.0026622
-0.451897
-0.00629209
-0.461446
0.492163
-0.00221832
0.00240185
-0.495188
0.00325945
-0.284026
-0.0026735
-0.476495
-0.0014827
0.00670355
-0.567814
-0.00563747
-0.287927
-0.481195
0.00248509
-0.329296
-0.00307356
0.00233088
0.392835
-0.00275091
0.00255753
0.00300452
-0.00302379
0.00189756
-0.185507
-0.00169816
-0.00148772
-0.186939
0.00395357
0.00543014
-0.440589
-0.00570327
-0.00586116
-0.00307644
0.453274
-0.00445615
-0.453968
0.46183
-0.00489066
-0.0087624
-0.461995
-0.00237222
-0.00632233
-0.441477
-0.00637874
0.00214232
-0.498389
0.00142401
0.00364967
-0.00556437
0.292909
0.00605161
-0.299924
0.481236
-0.00219548
-0.484993
-0.502076
-0.313907
0.00288033
0.47578
-0.00272657
0.0021838
0.00174478
-0.477299
0.00518644
-0.272166
-0.00372066
-0.464482
0.0017157
0.00177184
0.00773743
-0.552226
0.00283311
-0.273418
0.0056482
-0.466973
0.317449
0.00110224
0.000107117
-0.318694
-0.000545785
-0.383038
0.00241845
0.00168287
0.00117007
-0.390366
0.427073
0.000957514
0.00114058
-0.427832
-0.00435187
-0.450519
-0.00124674
-0.44462
-0.000570928
-0.0025242
-0.002612
-0.449451
0.00010778
-0.451262
-0.446904
0.00141321
-0.178948
-0.000278429
0.00109186
0.00015503
0.000688697
-0.00674278
0.00333232
-0.478751
0.00428407
0.00522976
0.00614686
0.275086
0.00449962
-0.276744
0.466628
-0.00203496
0.00699649
-0.468418
0.00316114
0.00353295
-0.479779
-0.000522101
-0.31956
0.00223511
0.386081
-0.000730425
0.00224735
8.62639e-05
-0.387874
0.00337815
-0.0085162
0.00080368
-0.320531
0.00480609
0.00166894
-0.428094
-0.00155648
-0.00661641
-0.000726586
0.450756
-0.00205434
-0.450305
0.446046
-0.00183002
-0.000230024
-0.44579
-0.00278926
-0.427791
0.180149
-0.0001167
-0.180983
0.000850907
0.434234
0.00148691
0.000712326
-0.000879227
-0.434624
-0.00293399
-0.457739
-0.00169398
-0.453896
-0.00194109
-0.00169777
-0.00210234
-0.456713
-0.00134965
-0.458672
-0.00141745
-0.452706
0.322818
-0.000850224
-0.323262
-0.000580424
-0.395999
-9.92959e-05
-0.390792
-0.0078498
-0.00394362
0.00223307
-0.489505
0.000394766
0.00437613
-0.000937746
0.0043433
0.285806
0.00318185
0.476314
-0.00192336
0.00609585
0.00339797
0.000116346
0.00452957
-0.182394
0.00176022
0.00161065
-0.183822
0.00441343
0.00298634
-0.436048
-0.00172053
-0.00246687
-0.00509595
0.00142488
0.458792
-0.00316794
-0.459107
0.453918
-0.00343979
-0.00163686
0.00401172
-0.45597
-0.00242542
0.00137328
-0.000942571
-0.437051
0.00172163
-0.325035
0.393079
-0.00257845
0.00942124
-0.401461
0.00145187
-0.326845
0.426906
0.000488186
0.00168876
-0.00129466
-0.427199
-0.00167646
-0.446896
-0.00348552
-0.450161
-0.00132443
-0.000705443
-0.00176293
-0.448882
-0.00257998
-0.445491
-0.00415491
-0.450707
0.177099
-0.000137217
-0.177717
-0.00105617
0.475238
-2.70517e-05
-0.000862897
-0.476467
-0.000295984
-0.462703
0.00275072
-0.271206
0.0034795
-0.000259143
-0.551263
-0.00129629
-0.465633
-0.272737
0.002379
-0.3198
0.0018074
-0.00255156
0.392894
-0.000359521
0.00117703
0.00155373
0.0013961
-0.00112972
0.00267225
0.00377204
-0.42828
-0.00396545
-0.00335307
-0.00154834
0.447808
-0.00146896
-0.447271
0.450565
-0.00232524
-0.00496177
-0.45014
-0.00157388
-0.00298902
-0.42795
-0.178808
-0.00164502
-0.000378834
-0.179678
-0.000255617
-0.00435698
-0.477948
0.00189763
0.00311857
-0.00387535
0.464611
3.81337e-05
-0.466408
0.274264
0.00269092
-0.275955
-0.478904
0.322114
0.000268141
0.000246968
-0.324062
0.000599715
-0.389205
-0.000174932
-0.397655
0.48312
0.00114908
0.00278764
-0.00114444
-0.48581
-0.00233539
-0.470272
-0.000543955
-0.277421
0.00111284
-0.00576399
-0.559953
-0.000809552
-0.47405
-0.28075
0.179962
-0.181076
3.64395e-05
0.00612512
-0.436361
-0.00305945
-0.00195294
-0.00473409
0.000646688
0.455687
0.000528778
-0.00194
0.458918
-0.00438374
-0.00387043
-0.00239726
0.000571429
-0.00227767
-0.00175064
-0.00105932
-0.325637
-0.000584466
0.399821
0.00217361
-0.394437
0.000209532
-0.325921
0.00259245
-0.00128681
-0.488716
-0.000649079
-1.19699e-05
-0.00322856
0.000700606
0.474815
-0.00202419
-0.477877
0.285458
-8.83291e-05
-0.291473
-0.00131463
-0.491297
-0.182416
-0.183523
-0.300347
-0.00231135
0.436743
0.00278398
-0.0028322
-0.00167734
-0.438081
-0.00433193
-0.459051
0.00159966
-0.450141
-0.00188613
0.00166242
-0.00212733
-0.455764
-0.00230487
-0.460352
-0.0012154
-0.451239
0.182284
-0.00181506
-0.183428
-0.00064787
0.325941
-0.00239371
-0.327592
0.00156872
-0.387666
-0.00197771
-0.389352
-0.00257369
0.00451335
-0.000399629
-0.491816
-0.000616607
-0.00223404
-0.00150611
-0.00247425
0.474862
-0.00478568
0.000417216
0.285824
-0.00168879
-0.00271023
-0.00191826
-0.0034476
0.00548557
-0.00223851
-0.439515
-0.00297699
0.00297958
-0.00495824
-0.00374524
0.46064
-0.00425542
-0.460902
0.452395
0.00338403
-0.00232182
-0.00488328
-0.452611
-0.00269574
-0.00389938
-0.0025196
-0.440157
-0.185038
-0.000866175
-0.00191304
-0.186735
-0.0020673
-0.329793
0.391608
0.002837
-0.00373457
-0.393359
-0.00300293
-0.331672
0.492393
0.00130196
-0.0049268
0.00134838
-0.495699
-0.0023255
-0.477689
0.0065397
-0.284345
0.00864446
0.00157445
-0.568732
0.00158002
-0.481859
-0.288122
0.326246
0.00278417
-0.0022556
-0.327765
-0.00257434
-0.388568
-0.00257644
-0.390679
0.183129
-0.184329
0.00501273
0.00605583
-0.441534
-0.00795524
-0.00184318
-0.00497217
-0.00645981
0.46253
-0.00364185
-0.0112021
0.454315
-0.00664545
-0.00253048
-0.00541577
-0.00312201
-0.00836181
-0.00117597
0.00193292
-0.00948428
-0.499417
0.00279586
0.00710503
0.00445846
-0.00904914
0.482917
-0.00112672
-0.486791
0.293431
0.0085373
-0.30048
0.00273863
-0.503414
0.00385615
-0.329724
-0.00412275
0.393426
-0.00423189
-0.395767
-0.00410753
-0.331263
-0.185863
-0.187356
-0.309123
-0.00905186
0.0121495
-0.0111294
0.0152875
0.333002
-0.00315419
0.00352057
-0.335068
0.00242256
-0.394622
0.004031
0.00400297
0.00398437
-0.39654
0.492224
0.00170927
0.00579344
-0.00124433
-0.493089
-0.00041307
-0.292873
-0.00524223
-0.472562
-0.00493008
-0.00832794
-0.00219193
-0.569143
-0.00056865
-0.299157
-8.1259e-05
-0.473986
0.438761
-0.00359329
0.00578669
-0.438078
0.00276062
-0.451051
-0.004783
-0.00699326
-0.458886
-0.00564316
0.00251208
-0.450376
-0.00537538
-0.449842
-0.00580337
-0.457864
-0.1933
-0.00171029
0.00475941
-0.00305868
0.00610815
-0.00339123
-0.337448
0.00463737
0.398979
0.00428958
0.00579689
-0.0069037
-0.401324
0.00575307
-0.00598722
0.00399612
-0.339539
-0.00172261
0.00696398
-0.493348
0.000569179
-0.0067066
-0.00501726
0.307156
0.00122628
-0.316979
0.471419
-0.00759263
0.00212856
-0.471817
-0.00381053
0.000551575
-0.493224
-0.0034816
0.00795842
-0.436594
-0.00861237
0.00402705
-0.00625113
0.447944
0.00405022
-0.00842722
-0.444931
0.455425
-0.00690313
-0.452677
-0.00741871
-0.434011
0.188847
-0.00325761
-0.190851
-0.00323053
0.442456
0.00804064
0.00768458
-0.0120787
-0.442615
-0.00710719
-0.454636
-0.00798788
-0.460975
-0.00738512
-0.00613164
-0.00920128
-0.456682
-0.0104899
-0.454224
-0.0139432
-0.459457
0.506515
-0.0111654
0.00113458
-0.511038
0.0111061
-0.309887
-0.00235677
-0.485497
-0.00218488
0.0160033
-0.583964
-0.0146272
-0.322781
-0.489505
0.00676861
-0.336534
-0.00788271
0.0039355
0.40411
-0.0070245
0.00440182
0.00489319
-0.0075744
0.00367497
-0.193338
-0.00502049
-0.00413564
-0.196337
0.0108181
0.0104769
-0.442379
-0.0167426
-0.00815338
-0.00919281
0.453233
-0.0115586
-0.451094
0.456428
-0.0107866
-0.0168107
-0.452724
-0.0107786
-0.0185047
-0.441541
-0.015877
-0.000346851
-0.515602
-0.000767114
0.0142376
-0.0156422
0.338854
0.0148469
-0.358993
0.488211
0.00145293
-0.490455
-0.520795
-0.37112
0.0102618
0.481135
-0.00689983
0.00196729
0.00635782
-0.481735
0.00898892
-0.279163
-0.00278145
-0.46777
0.00568318
0.0041452
0.0103302
-0.559712
0.00683803
-0.281741
0.00929894
-0.469046
0.322388
-0.000627912
0.00194273
-0.322863
-0.00183183
-0.396538
0.00368286
0.00227541
0.00353775
-0.392055
0.427823
0.00386295
0.0026695
-0.425887
-0.00553142
-0.448967
-0.00365131
-0.447293
0.00166798
-0.00459291
-0.00547389
-0.444092
-0.000213708
-0.447159
-0.443975
-0.00245758
-0.184341
-0.00050455
0.00250815
0.00137027
0.00113301
-0.0120266
0.00222493
-0.482581
0.0105467
0.00819748
0.0111001
0.2853
0.0106448
-0.289688
0.467379
-0.00258213
0.0136462
-0.468268
0.00955707
0.0110062
-0.483653
0.00137732
-0.324345
0.00282106
0.394377
-0.00155501
0.00393197
0.00165213
-0.398098
0.00446781
-0.000557432
0.00203712
-0.326517
0.00677741
0.00501812
-0.424004
-0.00525155
-0.00824766
-0.000150386
0.443831
-0.00547491
-0.440806
0.441946
-0.00563632
0.00108238
-0.43953
-0.000516536
-0.421671
0.185439
0.0020992
-0.186934
0.00269982
0.437071
0.00548127
0.00431312
-0.00224384
-0.435184
-0.00641805
-0.457751
-0.00457015
-0.455571
-0.00342632
-0.00472282
-0.00541625
-0.453004
-0.00266951
-0.455521
-0.00303278
-0.45142
0.327949
0.000126957
-0.327758
-0.00143147
-0.403179
5.86139e-05
-0.397422
-0.00813149
-0.0121435
0.00141016
-0.50197
0.0014041
0.0136831
-0.00229173
0.0129609
0.323926
0.0116259
0.479942
-0.000920644
0.0140207
0.0100329
0.000229387
0.0156172
-0.189224
0.00405741
0.00353987
-0.192107
0.00848227
0.00751529
-0.433804
-0.00286925
-0.00590032
-0.0080534
0.00124081
0.451698
-0.00812348
-0.447854
0.448937
-0.00892563
-0.00321668
0.00455847
-0.447339
-0.00385238
0.00165047
-0.00204895
-0.432218
0.00296526
-0.328915
0.399454
-0.00385937
0.0104175
-0.408367
0.00186119
-0.330548
0.427516
0.00325906
0.00351964
-0.00603694
-0.426783
-0.00283858
-0.445348
-0.00563222
-0.448503
-0.00469685
-0.0031629
-0.00420582
-0.444478
-0.00613754
-0.445712
-0.0086082
-0.447159
0.181005
-0.000186836
-0.182579
-0.00105405
0.480338
0.000800208
-0.0057061
-0.481635
-0.000935681
-0.46562
0.00681437
-0.278624
0.00784776
0.00257047
-0.5589
-0.00655694
-0.467989
-0.281753
0.00142664
-0.325455
0.00314917
-0.00257032
0.400955
0.000269151
0.00359628
0.00417785
0.00232679
-0.000761965
0.00480277
0.0066983
-0.425162
-0.0097894
-0.0071596
-0.00443339
0.444177
-0.00408347
-0.440833
0.444046
-0.00550164
-0.0117082
-0.440533
-0.00716649
-0.0100472
-0.422098
-0.184539
-0.000544841
0.0015288
-0.186722
0.00103163
-0.0102517
-0.482578
0.00700356
0.00672831
-0.00972509
0.465779
-0.00184356
-0.466494
0.28518
0.00920449
-0.289555
-0.483461
0.327546
0.00138637
-0.00147915
-0.329124
-0.000304006
-0.3968
-0.00167416
-0.405326
0.494542
0.00186902
-0.0046067
-0.000542258
-0.497521
-0.00298415
-0.478001
0.0048918
-0.299907
0.00849149
-0.00625646
-0.574231
-0.000174511
-0.480399
-0.310525
0.185265
-0.18709
0.00435013
0.00917059
-0.434209
-0.00365185
-0.0109848
-0.00832632
-0.00318561
0.450931
-0.00432889
-0.00404844
0.45218
-0.0091722
-0.0114281
-0.00415316
-0.00664464
-0.00324709
-0.012601
-0.000194376
-0.329941
-0.00210781
0.40712
0.00193564
-0.401864
-0.000712043
-0.329896
0.00227758
-0.00936959
-0.500343
-0.00035843
0.00973698
-0.00475231
-0.00797001
0.479172
-0.00231126
-0.480353
0.324268
0.00881938
-0.341448
-0.0021486
-0.503418
-0.18927
-0.191783
-0.309776
-0.00557618
0.440415
0.00504345
-0.00392193
-0.00326057
-0.439334
-0.00667304
-0.460204
0.00296408
-0.452557
-0.00402613
0.00277422
-0.00521719
-0.451499
-0.00385609
-0.459058
-0.00380202
-0.451031
0.188949
-0.00192918
-0.191261
-0.000964375
0.33404
-0.00325937
-0.335966
0.00259244
-0.395652
-0.00447799
-0.397417
-0.00527374
0.00691298
-0.00350813
-0.495403
0.00110047
-0.00408377
-0.00157596
-0.00483235
0.474261
-0.00689338
0.0029688
0.308763
0.00263085
-0.00205465
0.000978401
-0.00524368
0.00750787
-0.00351463
-0.437652
-0.00441627
0.00364937
-0.00820794
-0.00678539
0.456232
-0.00621075
-0.453183
0.448906
0.00405545
-0.00555206
-0.00892594
-0.445576
-0.00556478
-0.0080925
-0.00370639
-0.434819
-0.194032
-0.00125098
-0.00244411
-0.196709
-0.00323442
-0.338279
0.399741
0.00396327
-0.00706354
-0.401899
-0.00631066
-0.340241
0.507938
-0.000545018
-0.0130975
0.00457823
-0.512367
-0.00126135
-0.487484
0.0136328
-0.310258
0.0170315
0.000481612
-0.586136
0.00447485
-0.490725
-0.322766
0.333233
0.00609286
-0.00654057
-0.334802
-0.00563546
-0.398731
-0.0063464
-0.401299
0.189264
-0.191177
0.00954919
0.0122673
-0.44309
-0.0184631
-0.00346091
-0.0106475
-0.00793507
0.457266
-0.00987335
-0.0186698
0.453761
-0.0128536
-0.00432414
-0.0135201
-0.00478544
-0.0200223
-0.00326057
-0.00177263
-0.0180806
-0.516918
0.00628333
0.0170925
0.00165868
-0.0178052
0.490034
0.00300361
-0.492063
0.33896
0.0166723
-0.359178
0.00533558
-0.522085
0.00766783
-0.336904
-0.00883962
0.404536
-0.00779555
-0.407805
-0.00846223
-0.339196
-0.193611
-0.196549
-0.332518
-0.00835719
0.017144
-0.0115576
0.0221635
0.34175
-0.00634603
0.00346605
-0.343436
0.00498366
-0.404235
0.00723808
0.00459551
0.00686101
-0.407125
0.492118
-0.004155
0.00753274
0.00281216
-0.489487
0.00459915
-0.328812
-0.00825282
-0.46826
-0.000465541
-0.00978377
0.00264292
-0.588189
0.00258385
-0.342158
0.00694223
-0.467487
0.430188
-0.00415081
0.0052845
-0.424019
0.003793
-0.440744
-0.0099092
-0.00811955
-0.448314
-0.00783195
-0.00183417
-0.430274
-0.00466515
-0.434288
-0.0104674
-0.443383
-0.201941
-0.00645458
0.00829845
-0.00893312
0.0105052
-0.00776614
-0.344699
0.00335571
0.410218
0.00983091
0.005812
-0.0119656
-0.412935
0.00725932
-0.0109598
0.00216514
-0.345195
-0.00638213
0.0058453
-0.48415
0.00458093
-0.00869504
0.000704745
0.356643
0.00380745
-0.371479
0.461885
-0.00335308
0.0139392
-0.459382
0.00566272
0.00405006
-0.476173
-0.0038926
0.00411473
-0.415281
-0.00742949
-0.00269378
-0.00275656
0.425694
0.00476331
-0.0118128
-0.415344
0.436111
-0.000867863
-0.42939
-0.0115447
-0.404156
0.200246
-0.00293389
-0.204946
-0.00476953
0.440206
0.0142711
0.0143517
-0.025485
-0.437613
-0.0140408
-0.447854
-0.0139496
-0.446914
-0.0146641
-0.00389199
-0.0125811
-0.443924
-0.0234947
-0.442468
-0.0184853
-0.440403
0.525936
-0.0153164
-0.00756307
-0.530145
0.0184522
-0.382898
0.00341792
-0.488746
-0.0119262
0.0220109
-0.583052
-0.0192232
-0.40936
-0.490286
0.00957385
-0.351062
-0.00914702
0.00538519
0.420381
-0.00916522
0.00211446
0.00407771
-0.00735816
0.00485845
-0.210596
-0.00298509
2.33882e-05
-0.217469
0.0163079
0.0170814
-0.433719
-0.030732
-0.00245046
-0.010511
0.434918
-0.0157887
-0.425078
0.431879
-0.0179997
-0.011691
-0.424615
-0.0121677
-0.0325053
-0.428984
-0.0171618
-0.0127069
-0.532653
-0.0111321
0.016518
-0.0176758
0.436867
0.0119436
-0.465245
0.48539
0.0166152
-0.484215
-0.535243
-0.488915
0.014477
0.484918
-0.015091
0.00387092
0.016875
-0.485487
0.0163442
-0.295385
-0.00316368
-0.466231
0.0153744
0.00829315
0.0163248
-0.569911
0.0161077
-0.301782
0.0194368
-0.466349
0.329718
-0.00095706
0.00287942
-0.332051
-0.00277227
-0.409026
0.00500783
0.00301239
0.00454915
-0.413012
0.418936
0.00728616
0.00775035
-0.413692
-0.0084377
-0.436006
-0.00842257
-0.438079
0.00320275
-0.0107947
-0.0071134
-0.427196
0.000420299
-0.430647
-0.432603
0.000212697
-0.196983
0.00506831
-0.00102286
0.00913789
-0.0044546
-0.0218036
0.0035824
-0.484377
0.0228309
0.014298
0.0182486
0.308881
0.0204138
-0.316604
0.461972
-0.00384395
0.0264157
-0.460122
0.0220791
0.0241334
-0.482145
-0.00289085
-0.333918
0.00412993
0.410439
0.0042189
0.0025679
-0.00212054
-0.414652
0.00538323
-0.0104021
0.00274136
-0.336491
0.00953805
0.00981122
-0.405545
-0.0128008
-0.00882322
0.000158989
0.422264
-0.00713946
-0.414618
0.423064
-0.0103156
-0.000431588
-0.413456
-0.00265485
-0.395581
0.195613
0.00170113
-0.19982
0.00363524
0.429158
0.0104967
0.0109179
-0.00268134
-0.42429
-0.0111636
-0.441688
-0.0104537
-0.442537
-0.00448178
-0.0097208
-0.00800468
-0.432953
-0.00324952
-0.434653
-0.00405822
-0.434052
0.331582
0.000754582
-0.332442
-0.00224304
-0.410614
0.00098404
-0.406936
-0.00594854
-0.0156528
-0.00579981
-0.514012
-0.00388179
0.0283392
-0.0113358
0.0205527
0.41091
0.0105338
0.473463
0.0087083
0.0176963
0.0166397
-0.00838723
0.0305673
-0.205145
0.00196432
-0.00130214
-0.211711
0.01192
0.0141355
-0.418473
-0.00233019
-0.010146
-0.00759615
0.00121355
0.425176
-0.0122112
-0.416878
0.426854
-0.0145489
-0.00203325
0.00215632
-0.416899
-0.00314191
0.00370628
-0.00202471
-0.41144
0.00263972
-0.334549
0.416532
1.8877e-06
0.00250071
-0.419992
0.0101595
-0.336976
0.418066
0.00707278
0.00685472
-0.0164808
-0.412955
-0.00606602
-0.435175
-0.00917815
-0.435067
-0.0132017
-0.00625149
-0.00961624
-0.426391
-0.0151436
-0.429834
-0.0183807
-0.429735
0.189604
0.00395856
-0.19313
0.0015971
0.48455
0.00322743
-0.0144882
-0.485389
-0.00305341
-0.464258
0.0151541
-0.295327
0.014625
0.00752652
-0.568988
-0.0133605
-0.465119
-0.302051
0.00198222
-0.333594
0.00248872
-0.000841464
0.415559
0.00149978
0.00131864
0.00366209
0.00145779
0.00300772
0.0106929
0.00838969
-0.406078
-0.0230487
-0.00680327
-0.0112266
0.424462
-0.0103363
-0.415383
0.422053
-0.00631448
-0.0239141
-0.414714
-0.0191514
-0.0242575
-0.396572
-0.197283
0.00348609
0.00764986
-0.201743
0.00188164
-0.0216903
-0.484697
0.0142904
0.0145797
-0.0179812
0.460451
-0.00191945
-0.458716
0.30891
0.0203196
-0.316479
-0.48244
0.331301
-0.000428326
0.000119642
-0.333094
-3.14572e-05
-0.404573
-0.00153662
-0.413642
0.50672
-0.00100996
-0.0101923
-0.00489243
-0.509437
-0.00162948
-0.477873
0.0124603
-0.362353
0.0188665
-0.014081
-0.576833
-0.00241579
-0.477734
-0.386028
0.195332
-0.19967
0.0101393
0.0130499
-0.416693
-0.0038072
-0.0251422
-0.00841505
-0.00778767
0.424455
-0.0108922
-0.00204719
0.424495
-0.0132313
-0.0156194
-0.00409342
-0.0136919
-0.00288058
-0.0275871
-0.00318506
-0.334095
0.00120238
0.40973
0.00387244
-0.412118
0.00373074
-0.336004
-0.00417737
-0.0121572
-0.51039
-0.00669496
0.0179512
-0.014389
-0.0124174
0.4727
0.00710421
-0.470402
0.411934
0.00729415
-0.439698
-0.010615
-0.511799
-0.204708
-0.211135
-0.334346
-0.00727699
0.430969
0.00477648
-0.00394002
-0.0032539
-0.424776
-0.00790313
-0.448983
0.00365373
-0.441381
-0.00717306
-0.00183869
-0.00751194
-0.430985
-0.00451158
-0.444208
-0.0067765
-0.434915
0.199367
-0.00438937
-0.201389
-0.00248718
0.342485
-0.00560841
-0.34416
0.00445559
-0.404802
-0.00834045
-0.407644
-0.00908424
0.00525043
-0.00793809
-0.486326
0.00534401
-0.00709757
0.00328784
-0.00733892
0.465439
-0.00221673
0.0144769
0.358835
0.00497667
0.00706408
0.0047603
-0.00918364
0.00428094
-0.0035823
-0.416294
-0.00332188
-0.00307779
-0.00748277
-0.00327889
0.437246
-0.00074395
-0.431017
0.426487
0.00434257
-0.00594257
-0.0116827
-0.416213
-0.00733159
-0.0115874
-0.00199388
-0.4054
-0.202957
-0.00531824
-0.00771923
-0.204202
-0.00686231
-0.34555
0.410824
0.00872482
-0.0113468
-0.41363
-0.0105192
-0.346133
0.527202
-0.00953681
-0.0164493
0.00393796
-0.531225
0.00514549
-0.490427
0.0199322
-0.383207
0.0229829
-0.0104045
-0.586012
0.00586233
-0.491134
-0.409595
0.342511
0.0088393
-0.00891198
-0.346524
-0.00913927
-0.411951
-0.0100105
-0.416243
0.20046
-0.205157
0.0170847
0.017467
-0.434437
-0.0322068
-0.00546679
-0.0121679
-0.00367128
0.433156
-0.0178955
-0.0142024
0.435397
-0.0167686
-0.00264582
-0.015565
-0.00453133
-0.0337049
-0.00500799
-0.0148293
-0.0181824
-0.533454
0.00382439
0.0200465
-0.0102411
-0.0195381
0.486743
0.0184565
-0.485551
0.43753
0.0126257
-0.466101
0.000609291
-0.535869
0.00992334
-0.351596
-0.00983623
0.420838
-0.00934908
-0.42493
-0.00788777
-0.357567
-0.210875
-0.217851
-0.372599
-0.0169806
0.0244958
-0.0334431
0.0308817
0.343989
-0.0148289
-0.00163877
-0.34001
0.0119163
-0.413977
0.00332098
0.00126725
-0.00277087
-0.411185
0.464399
0.0115041
-0.00748709
-0.00227814
-0.449121
0.000326164
-0.384131
0.00145594
-0.452984
0.012468
-0.0183579
0.00490663
-0.600884
0.0032109
-0.390479
0.0209369
-0.450718
0.389635
-0.00958563
-0.0109141
-0.372164
0.00604973
-0.402875
-0.0127071
0.00303763
-0.42172
0.0125046
-0.0178979
-0.406453
0.0132407
-0.389017
-0.0127415
-0.416526
0.211473
-0.0305178
0.0314015
-0.0163669
0.0208752
0.0262838
0.402887
-0.026372
-0.0130526
0.331451
-0.0157576
-0.0180124
-0.00632207
-0.0127582
-0.0128151
-0.0557065
0.385862
0.0135266
0.447307
0.0368908
0.433267
-0.0257216
0.0291333
-0.0131699
-0.010128
-0.0249541
-0.00387564
0.0213097
0.021626
0.379056
-0.0111232
0.0239525
0.414208
0.355717
-0.0135388
-0.0185841
0.0240318
-0.0244294
0.0233957
-0.0113823
0.224422
0.00147777
-0.230419
-0.000336105
0.421267
0.0154478
0.0130768
-0.0391227
-0.411294
-0.0169859
-0.411777
-0.0174893
-0.416972
-0.001967
0.0188175
-0.000698064
-0.41796
-0.0377757
-0.396081
0.00465375
-0.414468
0.533458
-0.00674893
-0.0372287
-0.525945
0.0128742
-0.488496
0.025757
-0.476861
-0.00411874
-0.000557013
-0.516579
-0.00294261
-0.498673
-0.472887
-0.00256929
0.410969
-0.0271989
0.35924
0.0143068
-0.0270552
0.00706694
0.000547567
-0.0115812
-0.0162242
0.231967
0.00873459
0.00248387
-0.00313797
0.382427
0.0021689
0.418217
0.0361972
0.40052
-0.0302696
0.0112942
0.00611001
-0.0388692
0.0290805
0.0109393
0.0259323
0.00119633
0.484383
0.0458157
0.461991
0.508109
-0.0073113
-0.0458838
0.0209998
-0.0232598
0.0152757
-0.574248
-0.012307
0.475723
-0.0231934
-0.00171485
0.0299434
-0.464316
0.0274009
-0.323415
-0.000956037
-0.454324
0.0296802
0.0193632
0.0198118
-0.559867
0.0306567
-0.326889
0.03412
-0.451431
0.338396
-0.00927354
-0.00232443
-0.339014
0.00527725
-0.417381
-0.000368022
0.00198715
-0.00781347
-0.417393
0.382697
0.00134263
0.0120835
-0.368025
-0.00710669
-0.406104
-0.0131567
-0.402063
0.000170142
-0.0207618
0.00799582
-0.405784
0.00156967
-0.400447
-0.390374
0.00104089
0.207777
0.0313287
-0.0374283
0.0182539
-0.0190296
0.0205255
0.322694
-0.00181596
0.442038
0.0480347
0.443834
0.0246795
-0.0289931
-0.0057735
0.0330282
0.0328844
0.0223092
0.0394414
0.0231255
0.415316
-0.0312187
-0.0123394
0.335236
-0.0220181
-0.0122065
-0.0103048
-0.0190006
0.00505641
0.00814043
0.397957
-0.00552801
0.382682
-0.00107577
0.354155
-0.00294153
0.0121972
-0.025019
0.0163758
0.00166815
0.00227062
0.218112
-0.00750701
-0.223562
-0.00265732
0.399799
0.00286736
0.016024
0.00445761
-0.384363
-0.00920628
-0.406936
-0.0165537
-0.402611
0.00177743
-0.00858349
0.00808961
-0.403423
7.86695e-05
-0.401658
0.00702989
-0.385679
0.337843
-0.00262324
-0.337458
0.000853849
-0.419803
0.00176282
-0.415806
0.00138495
-0.00388914
0.465777
0.0377351
0.446147
-0.0147795
0.480609
-0.0229403
0.0297309
-0.00577369
-0.0392801
-0.0147108
0.0396983
0.0145279
-0.00745816
-0.00636858
0.224299
-0.0278707
-0.013567
0.0120244
0.401474
-0.00679176
0.36998
0.0236096
6.12796e-05
0.367191
0.0273721
-0.00575071
0.0149603
0.0142661
-0.00383477
0.0173188
0.000806312
0.0166854
0.000870823
0.00827783
0.402774
-0.00137145
0.332106
-0.00394351
0.000565529
0.383823
0.0110168
0.000774358
-0.0302299
-0.3688
-0.0127634
-0.404028
-0.00660879
-0.406307
-0.0268593
0.009226
-0.0174992
-0.406809
-0.0310165
-0.391718
-0.0310584
-0.40058
0.205924
0.0138271
-0.208831
0.00807847
0.476044
-0.00381408
-0.0237601
-0.464453
0.00114564
-0.452947
0.0277525
-0.323172
0.0169223
0.0200451
-0.55799
-0.0207466
-0.450594
-0.32665
0.0150483
0.404917
-0.0350896
0.332758
-0.0255403
0.0340899
-0.00987044
-0.0115139
0.0169085
-0.0199774
-0.00573796
0.380751
0.0102204
0.397985
-0.0444626
0.354209
-0.0258031
0.010956
-0.00331712
-0.0334115
0.0173516
-0.0211903
-0.0347425
0.20762
0.0280887
0.0158348
0.00111072
0.440231
0.0216509
0.321942
0.443405
-0.00894056
-0.0293248
0.0177887
0.03383
-0.0270943
0.336762
-0.00562516
0.00946193
-0.336152
0.00426653
-0.412089
0.00501511
-0.408285
0.508099
-0.0278611
-0.000980362
-0.0153457
-0.498269
0.0160935
-0.461781
0.00822953
-0.463622
0.00689577
-0.0123924
-0.520557
-0.0118365
-0.455709
-0.476417
0.217518
-0.222986
-0.00596778
0.366461
0.0243986
0.0121704
0.400192
0.0159416
0.365498
0.027499
-0.0282938
0.0130469
-0.00556236
0.0141023
-0.0377196
0.0178462
-0.00216562
0.0170141
0.00850179
0.0086903
0.395926
0.330642
0.0292411
-0.00604198
0.0152944
0.0361172
0.443899
-0.00631014
0.466437
0.477595
-0.0245937
-0.0383518
-0.0026634
-0.0164519
-0.0100722
0.0121345
0.0144492
0.223781
-0.374286
-0.0303338
0.390987
-0.0113811
-0.00888868
0.00197497
-0.373569
0.00319951
-0.423855
0.00543694
-0.403819
-0.00354511
-0.0182002
0.0120569
-0.408122
-0.00110694
-0.419074
0.002424
-0.390186
0.205847
-0.0117745
-0.20836
-0.00870228
0.344962
-0.0134104
-0.340974
0.0105874
-0.414789
-0.0124732
-0.412147
-0.0131505
0.0155804
0.452072
0.0387428
-0.0548906
0.387618
0.435687
-0.0246884
-0.0298533
-0.0154825
0.0278226
-0.008846
-0.0190174
-0.00122222
-0.0232946
0.0234534
0.024465
0.416559
0.0207873
0.380275
0.0260566
-0.010562
0.357118
0.016158
-0.0187144
-0.0127171
0.00658064
-0.0253061
0.0235661
0.0235913
0.0124051
-0.0109697
0.2124
-0.0292067
-0.0147956
0.024792
0.403914
-0.0120653
0.332366
-0.0164862
-0.0118869
0.534271
-0.0386824
-0.00629394
-0.00110712
-0.527036
0.0270521
-0.478679
0.0129619
-0.489615
0.00115641
-0.00431342
-0.520546
0.000629092
-0.474331
-0.499758
0.36256
0.00963817
-0.00521425
-0.36494
-0.0100709
-0.4264
-0.00802356
-0.42319
0.224953
-0.230994
0.00221207
0.419966
0.034368
-0.00358111
0.383688
0.0263168
0.401813
-0.0310144
0.0271632
0.00602925
0.0118956
-0.0396025
0.0116745
0.00972524
0.0276337
0.0232353
0.0154815
0.0470133
0.464282
0.00131538
0.48572
0.509334
-0.00844224
-0.0472464
-0.00723292
-0.00215592
-0.0206078
0.0208676
0.0132782
-0.00255358
0.412069
0.360321
0.0141771
0.00707143
0.00039098
0.232511
-1.18561
-0.159577
1.10589
1.12676
1.0732
-0.197455
-1.06853
-0.843493
-0.110343
1.21779
-1.13979
-0.189491
0.983311
-1.1323
-0.256425
1.22237
-0.953392
-0.311786
1.124
1.22593
-0.353337
-1.13752
-0.982836
-0.0821011
-0.945732
-0.958305
1.55515
-0.181608
-0.519652
-0.126549
-0.916425
0.73738
-0.0407858
0.271604
-0.0223405
1.35793
-0.312359
-0.0050195
1.00947
-0.838204
-0.280931
1.16089
-0.0513727
0.814332
1.38959
-0.184245
-0.463029
-0.068006
1.50144
-0.103389
-0.318509
0.185409
-0.00621629
-0.247459
-1.16881
0.0561018
1.23664
0.0279451
-0.132144
1.32966
-0.0147893
-1.63392
0.0821189
1.73839
-0.00374374
-0.172498
-0.0601517
-0.218318
1.41958
0.0423193
-0.621377
-0.07548
1.67628
1.19403
-0.0809425
-1.20615
-0.853676
-0.0774595
1.45479
-0.809365
-1.3093
0.490053
1.41551
-0.493409
-0.184117
-0.826494
0.906746
-0.127757
-1.19619
-0.762921
-0.261376
1.52186
-0.202157
-0.815656
0.0572296
-0.159244
0.144976
-1.4974
0.0038999
0.0725935
-1.05943
0.981084
0.156214
-1.26871
0.193658
-0.888326
-1.80832
2.13711
0.321171
0.402143
0.158643
-1.79308
0.218324
0.0684509
-0.0527851
0.0885083
-0.0490714
1.20603
0.0804114
0.090407
-1.41214
0.0338584
0.198348
0.0457531
1.78053
0.0673553
-0.111661
0.12708
0.119854
-0.012805
0.0906998
1.1036
1.37405
0.19873
0.720161
0.108524
1.35206
0.597825
0.111666
-1.81229
-1.30205
0.0995893
0.887515
1.33944
0.119021
-1.42631
0.595667
-0.73063
1.6597
-1.67498
0.545569
0.314849
-1.2761
1.16588
0.152635
-2.13639
0.229707
0.945039
0.353973
1.60868
1.29513
0.177974
-1.1929
-1.24527
-1.18294
0.285384
1.02278
0.879405
0.10022
-1.59165
1.42893
0.252047
-1.07879
1.33919
0.536726
-1.22922
0.669621
0.452889
-1.48826
-1.47452
0.562873
1.40236
1.08756
-0.184842
0.800314
0.863537
-1.37858
-0.420672
0.62148
-0.235049
0.909654
0.721671
-0.274512
-1.14256
-0.784749
-0.256427
0.950122
0.924482
-0.215398
-0.867391
1.01293
1.0424
-0.683266
-1.14605
0.916877
-0.353362
0.871216
-0.820355
-0.197721
1.05736
0.97355
-0.37884
-1.39263
-0.38935
-0.498026
-0.219629
-0.642834
-0.173604
-0.986693
0.967655
-0.318234
-0.822761
0.682925
0.363353
-0.946709
-0.424185
-0.729528
-1.22158
-0.549003
0.683728
-0.269833
-1.33469
-0.326703
0.626803
-0.576499
-0.134101
0.859823
1.0305
-0.316019
-1.03689
-0.369541
0.217411
-1.05596
-0.484506
1.44267
-0.203803
-1.5105
-0.33402
0.443372
-0.329109
0.514689
-1.11409
-0.47021
-0.358446
0.0612081
0.80877
0.740465
0.280623
-0.886537
-0.750007
0.196855
0.747961
-0.572044
-1.03448
0.622329
0.842802
-0.763987
0.506813
-0.882718
0.730156
0.214762
-1.2016
-1.03326
0.580956
1.13245
0.288561
-0.00311245
-0.505313
-0.647852
0.995831
-0.478488
0.133344
-0.746356
0.0900816
0.353664
-4.22588e-05
0.149845
0.0160442
0.643178
-0.198076
0.0265507
0.47891
-0.476024
-0.199483
0.634577
0.062037
0.532213
0.818425
-0.429562
0.124477
0.0506995
0.855781
-0.298199
0.0786422
0.103926
0.010361
-0.149862
-0.554408
0.0304225
0.590549
0.0324286
-0.102118
0.705352
0.0583596
-0.918749
0.0614246
0.965988
-0.120529
0.0545212
-0.190957
0.0502131
0.741151
0.053337
0.158459
-0.150574
1.07218
-0.10886
0.561499
-0.090487
-0.0724639
0.790095
-0.210129
-0.73005
1.00929
-0.14776
1.20756
0.682607
-1.32558
-0.383877
-0.353024
1.3175
-0.270779
-0.204674
-0.141453
0.0757318
-0.147503
-0.0065718
-0.935661
-0.151856
-0.0722649
1.11629
0.0016144
-0.185883
-0.193271
-1.44161
-0.277861
0.242178
-0.347617
-0.250355
-0.021336
-0.11186
-0.559889
-0.814674
-0.330837
-0.385031
-0.182262
-0.750181
-0.319727
-0.119788
1.10891
0.858419
-0.116822
-0.492681
-0.857904
-0.131836
1.0027
-0.326749
0.460419
-1.09908
1.2111
-0.422304
-0.276872
0.82003
-0.75418
-0.131323
1.41001
-0.255567
-0.662419
-0.283025
-1.02118
-0.0953883
0.0814394
-0.733068
0.00833193
-0.388848
-0.00296549
0.00674122
-0.508672
0.0785349
0.50991
-0.666526
0.0533505
-1.01297
-0.464716
1.20958
0.26875
0.182232
-0.98012
0.00563943
0.134842
0.0391968
-0.0542402
0.0596032
0.00629329
0.582954
0.0227669
0.0162753
-0.742528
0.0237275
0.064548
0.0383004
0.975279
-0.0567269
0.0570983
0.0541909
-0.0175161
0.109037
0.347203
0.0344822
-1.00163
-0.823774
0.00669687
0.522479
0.837898
0.0136713
-0.937965
0.397916
-0.3706
1.15189
-1.26881
0.365609
0.108145
-0.791224
0.691596
0.0936568
-1.26
0.0836032
0.595726
0.143553
1.07301
0.0408681
0.590681
0.761635
0.435108
0.0954747
0.751056
0.0559868
-0.89933
-0.119723
0.837019
0.75767
0.818658
-0.081494
-0.897232
-0.653625
-0.0699164
1.06723
-0.983394
-0.142691
0.704568
-1.04012
-0.247061
0.985893
-0.497344
-0.28692
1.01217
0.942483
-0.218096
-1.10952
-0.765081
0.49945
0.00339846
-1.23017
-0.774533
-0.0778362
0.855443
0.747333
-0.0638758
-0.815297
0.609733
1.00643
-0.664265
-0.99486
0.724929
-0.129854
0.890086
-0.88581
-0.0159984
1.04471
0.918411
-0.13548
-1.49739
-0.0459571
0.0344304
0.802406
0.985925
-1.5572
0.590643
0.0628278
0.98934
0.0305657
-0.128444
0.123404
-1.10844
0.0075195
-0.601158
0.0609355
0.0600613
-0.787775
0.186925
0.739947
-0.999593
0.137803
-1.34905
-0.689289
0.428233
0.15013
-1.37997
0.252875
0.0996938
0.115273
-0.0670538
0.114645
-0.045581
0.904157
0.0617253
-0.931009
0.0534416
0.0408806
-1.12605
0.146164
1.40635
0.0695954
-1.42336
-0.0519715
0.124131
0.104098
0.0864881
-1.14631
0.15907
-0.539903
0.024813
1.18602
0.822254
0.0354672
-0.726136
-0.88831
0.0304424
0.945469
-0.690207
0.715192
-1.05001
1.05229
-0.790681
0.105637
0.840117
-0.891362
0.0471884
1.4523
0.11871
-0.943525
0.102605
-1.06114
0.255097
0.0783901
1.02004
-0.364862
0.565149
0.00400697
0.0487141
0.773462
-0.335947
-0.741084
1.00047
0.13123
1.2194
0.801138
-1.46207
-0.586693
0.174213
1.27375
-0.429482
0.128159
0.0655949
0.179868
0.0817677
-0.300557
-0.887459
0.0704766
0.0689812
1.1051
-0.191685
0.162046
0.1262
-1.35988
-0.181045
0.0847596
0.162665
-0.29478
0.108242
-0.00732977
-0.764145
-0.914525
-0.658698
0.136438
-0.986607
0.0578691
0.898303
0.00402442
-0.836926
-0.781612
-0.891813
0.0138665
0.777628
0.896165
-0.00877822
-1.12913
1.0575
0.0601407
-0.849382
1.10957
0.13217
-1.13911
0.781783
0.133273
-1.13187
-0.980467
0.118043
0.943419
1.13011
-1.31272
-2.8581
-1.7965
4.1175
3.89519
-3.46257
-2.19592
0.615374
0.74674
0.735013
-0.606768
-0.726326
-0.719889
-2.88288
-1.65612
3.92125
-2.25432
1.39883
-1.48235
-0.648063
0.417648
0.55663
0.645519
0.658201
0.445002
-0.58229
-0.660423
0.245092
0.849996
-0.79485
0.635452
-0.840644
0.981739
-0.679439
0.804428
0.784726
-0.698566
-0.849784
0.638159
0.313256
0.492168
0.613772
0.0386474
0.131989
0.479051
-0.947029
-0.460175
0.0491834
0.359378
0.563461
1.10911
0.132878
0.195904
0.535447
0.0564842
-1.32424
-0.567966
1.28535
-0.853497
-0.588821
-0.550519
-0.563348
-0.625324
1.35564
0.554839
-0.449029
-0.639161
-0.770499
-1.23087
1.23229
-0.502351
1.32778
-0.43548
-0.881739
-0.424523
1.48101
-0.600692
-1.37256
-1.39228
-0.7086
1.09209
1.40107
-0.345503
-1.49848
1.39678
-1.05198
1.26989
0.889283
-1.38938
1.11493
1.39798
-0.699265
0.379096
-0.515043
-0.691373
0.262765
0.369736
-0.53701
0.794371
0.828407
0.269704
-0.625781
-0.865599
-0.7805
0.194367
0.292622
-0.689778
0.177649
1.05345
-0.777428
0.977522
0.864602
-0.638368
-0.807358
0.767979
-1.03049
-0.863885
-0.640393
0.737527
1.08751
0.776796
-0.553236
-0.602772
0.994019
-0.450361
0.394654
0.427388
1.04343
0.381712
-0.965156
0.657188
0.438384
0.432533
-1.01542
-0.368789
0.274973
0.469832
0.599337
0.949761
-0.961798
0.256611
-0.94771
0.25792
0.664247
0.291388
-0.29988
-0.216712
-1.12072
-0.268071
0.992351
-0.574522
-0.214377
-0.325055
1.16456
0.330485
-0.0920844
-0.322479
-0.575939
-1.20175
1.15428
-0.136444
1.04612
-0.0829223
-0.619377
-0.11343
-1.0708
0.400094
1.016
1.01277
0.340547
-0.784979
-1.04126
0.199108
1.02899
-0.958366
0.752946
-0.936623
-0.66277
0.963432
-0.739774
-1.02076
-0.916068
0.332159
-0.735058
0.303153
-0.843318
0.275996
-0.83964
0.681148
0.849799
0.165257
-0.779596
-0.916709
-0.546848
0.235779
0.175276
-0.841416
0.209046
0.867837
-0.359492
0.696438
-0.278667
-0.759193
0.825406
-0.319211
0.7717
-0.784899
-0.858706
-0.132507
0.789665
0.979816
0.590335
-0.737526
-0.159265
-0.85029
-0.103642
0.871287
-0.182733
1.02684
-0.297365
-0.927406
-0.955278
-0.257534
1.02823
-0.137159
-1.07423
1.00949
-0.796301
1.03698
-0.979335
1.07803
3.17372
-0.52449
-1.57642
-0.654612
-4.6453
4.98856
2.06861
-4.6298
4.98094
1.65819
0.2502
3.48274
-4.17311
2.08978
-2.93233
-1.42074
5.22215
2.43135
4.96957
3.07457
-3.25945
1.85171
-3.43447
-3.0965
5.97096
-1.00723
-6.91393
3.44368
-3.33458
3.06276
5.30514
-6.28955
-3.73938
-0.219828
11.4724
2.91206
-5.84905
2.06032
6.9904
-0.686767
-1.21659
-3.35733
-15.531
18.2348
10.9674
3.75763
-0.721229
-2.9497
-0.0759533
-6.66012
3.22278
-6.28049
3.78829
1.05814
-10.5766
-1.88762
10.829
0.850626
8.40926
-5.02793
20.3807
-1.95475
8.92384
1.65896
-5.7753
3.2739
4.27274
2.41975
-2.86134
0.743619
-8.70908
-4.54706
21.1255
-23.3914
-4.87965
-5.08051
3.37721
4.49114
-0.957819
5.08767
-0.0964739
15.11
-3.59728
-26.8539
-0.454955
-0.310923
-0.125339
-0.557971
0.154375
-0.5708
0.660266
0.0754839
-0.15232
-0.696143
-0.449231
-0.715033
0.0756434
-0.61309
0.0951024
-0.0505679
-0.69208
-0.781755
-0.713341
-0.681958
0.0303422
-0.195857
0.190748
-0.0317858
-0.00361984
0.772756
-0.756674
0.208365
0.623507
-0.674808
-0.659131
0.301826
0.234043
-0.223858
0.449165
0.223939
0.375201
4.43294
-4.31296
0.77236
0.857723
0.791001
-0.825704
-0.859579
-0.897806
1.49997
-3.96688
2.06362
5.01431
-3.69866
4.05593
-1.27149
1.35697
2.95435
1.90318
-4.43053
-5.2952
3.54171
2.84776
1.17238
1.46002
1.28447
-0.859648
-0.873268
-0.853529
3.20221
0.955016
-4.71099
1.79706
-0.930795
0.630884
-6.96227
1.46497
-0.289203
-0.60459
-0.603184
2.56445
2.34483
2.41395
0.336909
3.53239
-0.985022
-5.42462
3.33248
-5.06649
-0.263603
0.512465
1.00396
0.794018
-0.850333
-0.909518
-1.03812
-0.554259
-0.500678
-0.804238
-0.682714
-1.36484
-0.52159
-0.741039
-0.935393
-1.37048
-0.710407
-0.595971
-1.1085
-1.12174
1.59383
0.729425
1.01227
1.09701
-0.930069
-1.1482
1.46705
2.47977
-2.72493
1.5365
-1.201
1.50834
1.19878
0.935746
-1.10196
1.26374
2.17857
-0.744406
0.553519
1.0181
-0.963712
-0.47618
0.383126
-0.508758
0.718533
0.804831
-1.03801
0.573889
0.837651
-1.01564
0.464038
1.50447
-0.840309
-0.776873
-0.933046
0.908022
-1.27588
1.00704
-1.68251
-1.15589
-0.0910248
-0.515498
-0.323131
0.584
0.668711
0.262148
0.410646
0.0605332
0.58888
0.253636
0.459321
0.701174
0.520732
0.5813
-0.0457538
-0.33957
0.451092
0.0207115
0.00460496
-0.714479
0.699594
0.33686
-0.437678
0.457069
0.534118
-3.21722
0.144204
-1.55905
3.92251
5.87638
-2.48071
-4.024
-1.26419
-1.38841
-1.33845
0.77153
0.822937
0.779851
-0.74081
-3.74526
4.96527
-2.48184
1.36227
-1.7468
7.27113
-4.2525
1.2291
0.984971
0.989872
-1.90975
-1.68328
-1.84172
3.33145
-5.38428
2.68629
11.5348
-2.11404
5.55333
-1.92309
3.46337
-1.55441
2.83476
-4.43641
-4.99251
-1.73563
6.43904
0.130295
0.365513
0.189047
0.873268
0.897633
1.02458
-2.52979
4.34205
-4.8901
3.53853
-1.88968
1.98867
-8.2775
-2.95687
0.832485
0.645332
0.730975
2.90763
1.63589
2.11539
-3.54465
-2.16694
-2.33559
-8.76769
-1.55939
-8.55154
1.32232
-1.02466
-1.21343
-0.37505
0.462216
1.00338
1.09466
1.49685
0.388785
0.131771
1.07502
0.822688
1.33596
1.981
0.234395
0.90003
2.05766
1.076
1.15012
0.983536
-0.729604
-1.04425
-0.996647
-1.0828
0.904442
0.792571
-1.13797
-1.01478
0.722466
-1.08868
-1.31815
1.6329
-1.1251
-0.92771
0.922389
-0.947097
-0.94962
0.431145
-0.73122
-1.2009
1.05063
1.07747
-1.15274
0.631538
-0.220513
1.05151
-0.723472
-1.23355
-1.78639
0.927528
-1.00386
-0.522472
0.521605
0.887306
1.01745
-1.05788
0.595755
-0.923748
0.851255
1.02115
-0.889349
0.761069
0.49201
-0.350298
0.819899
-1.21477
0.196495
-1.65083
0.725262
-1.70431
-1.23423
-0.583245
-0.759401
0.706343
1.74854
-0.541003
-1.22588
1.00126
0.60097
-1.23086
-0.546374
-1.13106
-0.490256
1.0832
0.796249
0.0299635
0.0540508
-0.00912777
-0.0473283
-0.0139949
0.0522281
0.0141877
0.0056778
0.0159751
0.0108914
0.0298268
0.00540342
0.0203336
-0.0106992
-0.00370438
-0.0146254
0.0140434
0.0318829
0.0188975
-0.0140258
0.0527441
0.0142215
0.00607956
0.0299281
0.0543192
-0.00893282
-0.0470548
0.0159066
0.02973
0.0109767
0.0204705
0.00561933
-0.00394244
-0.0107408
0.0319212
0.0191387
-0.0142274
0.0142298
-0.191001
0.432376
-0.445728
0.410689
-0.305086
0.446734
-0.540247
-0.42325
0.363483
0.407118
0.564619
0.398361
0.372644
-0.174491
-0.714954
0.449811
0.370414
-0.357601
-0.418486
0.166132
0.243627
0.425188
0.180573
-0.352095
-0.38507
-0.465136
-0.0895873
-0.186025
0.569371
0.274923
0.57898
0.133598
0.465291
0.195612
0.0753192
0.613372
0.635884
0.600674
0.62328
-0.0381622
-0.210572
0.198945
0.0306871
0.0197096
-0.701257
0.216712
-0.575127
0.347681
0.577898
-0.347412
0.330464
-0.484304
-0.50547
-0.313018
0.27679
0.324947
-0.333826
-0.749992
0.35067
-0.581475
0.324154
-0.640714
0.348963
-0.485423
-0.600098
-0.462591
-0.374759
0.422339
0.624458
0.482549
0.353024
0.556448
0.783777
-0.609769
0.444522
0.645104
-0.53651
0.402214
0.497667
-0.418057
0.356323
0.310683
0.589022
-0.543632
-0.370835
-0.356062
-0.368534
-0.627144
-0.303017
0.323551
-0.402942
-0.30073
0.250674
-0.338949
0.395719
-0.405706
0.319927
0.364938
-0.577833
-0.564466
0.46954
0.636918
0.645517
-0.54731
0.505984
-0.561083
0.620993
0.770697
0.508153
0.0217069
1.09623
-0.118106
1.0508
-0.520895
-1.05341
0.341146
-0.331482
1.01054
1.06644
0.374823
-0.1374
-0.142382
0.523911
1.54357
-0.213823
1.09063
-0.177365
1.35993
-0.232925
1.15631
0.822622
0.374339
1.20029
-0.729482
-1.34294
-1.02625
1.21093
-1.74364
-0.907365
-2.12215
1.07087
2.63153
-0.51817
-0.847098
0.297819
-0.792918
-0.0572054
-1.02936
1.1373
-0.386195
-0.625014
-1.14752
1.15227
0.476691
0.65433
0.331807
1.26543
0.286426
-0.632736
0.312277
0.9928
-0.167163
0.640157
-0.922909
0.991289
-1.267
-0.31145
1.39874
1.21181
0.952801
0.44355
2.09189
-2.65495
-1.11777
-2.75274
0.26022
-0.0475204
-0.821336
1.28352
-1.32738
0.545045
1.08301
-1.01523
-1.01952
1.59423
-1.68239
-0.971247
-1.39057
1.05082
1.24606
-1.29184
-0.292064
-0.636119
-0.198838
-0.586073
-0.384878
0.373418
0.454405
0.415638
0.257307
0.367254
0.453472
0.205288
0.485182
0.447924
0.520153
0.449954
0.509957
0.434269
0.39364
0.464464
0.548016
-0.479508
-0.254351
-0.72844
-0.369236
0.362791
-0.560485
-0.345473
-0.566772
0.620954
-0.428632
-0.77168
-0.257182
-0.205424
-0.539777
-0.235834
0.366999
-0.630226
0.470962
0.297155
-0.461458
0.319432
0.697461
-0.406842
-0.189132
0.374474
-0.339227
0.29766
0.177728
-0.311324
0.299402
0.354332
-0.340387
0.352235
0.0535082
-0.280568
-0.42819
-0.295002
-0.439598
0.192087
-0.301574
0.290292
-0.0219825
-0.432003
-0.545983
-0.399888
-0.474599
0.0339738
-0.338828
0.428769
-0.0183477
-0.0295902
0.621314
0.347504
0.383684
0.612169
0.555686
0.61006
-0.621483
-0.54261
-0.604372
-0.62181
-0.855533
-0.471315
-0.641321
0.254891
-0.155604
-0.676334
-0.178143
0.169233
0.799576
0.587766
0.882419
-0.123145
0.690635
-0.268047
0.14404
1.01132
0.955829
0.907443
-0.130842
0.226456
0.85539
-0.370525
0.202122
-0.999231
0.132737
1.00897
-0.852247
-0.266276
1.01034
0.898794
-3.24992
-1.75168
-2.80888
1.33751
3.61235
2.43102
1.65391
1.2341
2.99114
-0.705461
-0.380893
-0.286474
-0.844263
0.310219
-0.886244
0.9285
0.416627
-0.736277
0.688486
-0.915482
-0.327321
-0.819301
0.594419
0.758245
-0.843442
0.679197
-0.376468
-1.06689
0.715825
0.687233
-1.05659
-0.787796
-0.717132
-0.733538
-1.00752
0.607672
1.16472
0.769163
-1.06511
0.858098
0.756537
-0.987666
1.06238
0.707196
1.30032
-1.01658
-1.2278
0.646361
-0.787545
0.733896
-0.906976
0.613976
0.988867
0.459965
-0.368337
-0.926169
-1.09411
-0.615354
-0.436764
-0.73085
0.513531
-0.589142
-0.83931
0.490204
-0.471114
0.716343
-0.750455
0.686732
0.608598
-0.471263
-0.899113
-0.722787
0.812881
-1.1439
1.21506
1.01417
-1.00595
0.659848
1.01011
-0.870975
0.127931
0.686603
0.279779
-0.865164
-0.943734
-0.252325
-0.552408
0.10913
-1.21892
-0.203623
-0.756137
-1.10982
-1.15032
0.0997213
-0.940417
0.273835
-0.520922
-0.0582294
1.03541
0.109458
-0.31194
0.990587
-1.20485
-0.327398
1.21102
-0.793376
1.26318
0.312282
1.09821
-0.381126
-1.0787
1.28343
-0.643166
0.112218
1.71282
-0.678202
-0.433177
1.36613
1.39605
-0.07386
1.71604
0.966907
-0.023534
-1.68228
-0.230122
-1.23737
0.281634
1.53418
-1.93701
-1.76243
-1.41867
3.79317
-0.497266
0.346229
0.996563
-1.25419
-0.598195
-0.320095
0.353321
1.05056
-0.414698
0.518379
1.26676
0.358357
0.337388
-0.750656
-0.803353
1.14099
-0.343469
1.41749
-0.684247
-0.0768422
0.880743
-1.01028
-1.55005
-1.03415
0.685616
-0.00446323
-0.00326463
-0.225064
-1.63882
4.05511
-3.67781
-0.810769
1.56012
0.395363
-3.53649
3.5744
-1.04021
1.04084
-0.356747
-0.909838
0.806682
0.662083
-0.903496
0.77523
0.675594
0.887725
-0.559709
-0.997312
0.946076
0.306505
0.297819
1.18617
-0.442728
0.125297
0.536431
1.26895
-1.06158
-1.16548
-1.45817
-1.67776
1.27172
-0.478479
-2.21314
1.225
-1.9264
-1.29501
-2.21119
0.355398
-0.775075
-0.951336
0.829734
-0.333889
1.10405
-0.264335
-1.02463
1.50607
0.322443
-1.25867
-0.850381
1.4775
1.06043
1.49674
-1.28059
-1.51748
-1.22316
-1.11544
-1.31895
-1.07363
0.256907
0.720849
0.693001
-0.442025
-0.391822
-0.504224
-0.763745
-0.382077
-0.714355
-0.36339
-0.77101
-0.470396
-1.52669
-0.47692
-0.60977
-1.19166
-0.405888
-0.867852
-0.489835
1.21911
0.773661
0.0451303
0.790075
-1.32797
0.532234
1.95054
-0.754004
0.721599
1.18669
1.41124
0.848386
0.0292801
2.3345
0.651126
-0.375068
0.706413
-0.617416
-0.909709
0.652512
0.390668
-0.756332
-0.676863
0.500174
0.95207
1.05529
-0.609077
0.679077
0.780173
-0.527636
-0.132115
-0.832298
0.717587
-0.736364
0.64023
-0.0698708
-0.734332
0.194935
0.841951
0.863408
0.659836
-0.588589
-0.233188
0.73306
-0.31524
0.636571
0.857029
0.657929
0.114076
0.823122
0.0274005
-0.0436768
-0.273609
-0.907058
-0.171688
0.0979667
-0.767283
-0.747708
0.254738
-0.14254
-2.75274
-1.55044
-2.34013
-0.140287
4.421
2.01053
2.0168
1.83953
1.45832
0.503993
-0.0400151
0.01976
-0.0126729
0.00648853
0.0103043
-0.00670082
0.503919
0.0833258
0.0133579
-0.00688668
0.0179038
0.021901
5.92902e-05
-0.0196663
-0.0250082
0.0103484
0.0184062
0.0119347
0.0157129
0.0140235
0.00820939
0.517808
-0.148445
-0.150691
-0.144169
-0.138506
-0.093582
0.0201146
0.491374
0.0153711
0.0152184
0.491054
0.506437
0.0886346
0.000953615
0.00327824
-0.0669878
0.492096
0.526002
-0.0410924
-0.0446053
-0.0351537
0.0787464
-0.0476981
0.538204
0.0510772
-0.0499118
0.512625
0.018491
0.0549688
0.520549
0.0810666
-0.00864695
0.0649284
0.00132226
0.00704008
0.528562
0.000635946
0.0733129
0.525569
-0.03341
0.000622611
0.510193
-0.0387522
0.121821
0.12014
-0.0261861
0.0366097
0.52246
-0.048266
0.167843
0.537427
-0.00252107
-0.0743729
0.0877416
0.505899
-0.0423285
0.513615
-0.0327834
-0.0999757
-0.198747
-0.187459
-0.0903551
-0.103346
-0.142974
0.496912
0.00853646
-0.06706
0.510325
-0.0549176
0.0753629
-0.0421138
0.000502751
0.013397
0.521538
6.67827e-05
-0.0701603
0.523054
-0.0381569
0.000351357
0.52076
0.0805505
-0.011513
-0.00654718
0.0629678
0.00801401
0.528754
0.0728643
-0.0136765
0.5261
0.000200735
-0.034623
0.0683709
0.505037
0.0818034
-0.00655351
0.0183396
0.0222897
0.000384563
0.504961
-0.0412188
0.0191349
-0.0126218
0.00653248
0.0103266
-0.00668448
-0.0266054
-0.0196633
0.0156622
0.0137154
0.00799188
0.0108816
0.0190953
0.0125041
0.517845
-0.148509
-0.144241
-0.150727
-0.138552
0.0141089
0.492347
-0.0954189
0.0191714
0.492028
0.507192
0.0869602
0.00136668
0.493
0.52706
-0.0408485
-0.0436684
-0.0351243
0.0785465
-0.0466378
0.538944
0.0503541
-0.0496326
0.513268
0.017215
0.0542435
0.510417
-0.0551079
0.100107
0.0756831
-0.0426956
0.0130626
0.521838
-0.0700842
0.142947
0.523426
-0.00927356
-0.0383189
0.066852
0.511373
-0.0377432
0.122107
0.120817
-0.0253725
0.0366659
0.523081
-0.0474278
0.168664
0.538152
-0.00187456
-0.0745405
0.0885186
0.514503
-0.0331599
0.506556
-0.0419508
-0.187815
-0.199219
-0.103963
-0.090526
0.497566
0.230876
0.635666
0.177592
0.836266
0.245297
-0.673769
0.1974
-0.803724
-0.10133
-0.115567
0.149761
-0.680139
1.16616
-0.927209
0.0900629
0.997872
0.0958496
0.121334
-0.944253
0.127312
-0.816711
-0.067874
1.12138
-0.946563
-1.28578
0.00633486
1.41633
-1.1348
1.25637
0.601488
0.096687
0.203416
0.166559
0.129775
-0.676629
-0.195674
0.651376
1.00432
-0.622776
-0.0303029
-1.38513
-0.0746569
1.66407
-0.128792
0.528785
1.42655
-1.34323
-0.435253
1.39783
1.53891
1.16933
-0.0941461
0.727204
-0.0701559
-0.0546147
-1.35408
-0.662178
0.793399
1.31911
0.595055
0.369559
-0.396928
0.273872
0.278305
-0.861959
0.368693
-0.613743
0.650479
-0.304523
-0.0173887
1.37826
1.51139
-0.051957
0.00246868
0.314257
-1.60276
1.66926
1.39351
-0.380701
1.69474
1.43538
-0.260653
0.00392579
0.0150119
0.276977
1.68934
-1.50641
-0.00504264
1.67436
-1.48187
-0.231248
1.51786
1.7031
1.01762
0.020143
-0.150039
-0.0986911
1.30082
-0.0495699
0.970936
-1.28956
0.272026
1.16316
-0.106096
1.51476
1.57957
-0.810624
-0.0901566
-0.250759
-0.160359
-0.0866716
0.904958
0.362153
-0.974987
-1.54736
1.99066
-0.111507
1.23719
-0.0907769
0.0891262
-1.31205
-1.19857
-0.0393457
1.26147
0.0404681
0.0554562
1.41262
-1.5418
-1.52758
0.126311
1.68969
-1.50345
-1.49197
1.38115
-0.106813
0.0806291
-1.63811
0.000267478
0.108731
-0.00972965
1.44311
-0.177317
1.49521
0.678687
0.0852401
1.16297
-0.00281204
0.068789
-0.77817
-1.45737
1.80546
0.447093
-1.12752
0.18396
-0.266065
0.227664
0.222037
1.42101
0.268241
-0.620388
-1.20111
-1.37964
-0.487093
1.45745
0.582797
-0.322431
-0.403463
-0.596658
1.44506
-1.13923
1.07242
1.48118
-0.286573
-0.206514
-0.407859
1.33185
-0.29439
1.28112
0.0836401
0.110598
0.230498
0.791329
-1.29958
0.884138
-0.44196
0.721028
-0.0724037
-0.839539
-0.156031
-0.765825
-1.15289
1.18285
0.761621
-1.20738
-1.16496
-0.767806
-0.162617
-1.03307
-0.0459659
-0.116518
0.979833
1.10253
-1.09284
-0.994588
-0.685455
0.430722
0.408898
0.387067
0.407541
0.789684
-0.451392
0.656824
-0.646914
0.890173
0.474634
-0.91561
-0.0221608
0.398761
1.09586
0.452549
0.821512
0.0444134
-0.974484
0.891552
1.33184
-0.0370099
-1.4024
1.23831
-1.01462
-0.636175
0.240971
-0.135586
0.369509
0.382064
0.67987
0.160149
-0.645493
-1.11716
-0.79629
0.0372809
1.0942
-0.0251623
-0.925158
-0.0765748
1.14726
-0.838526
-1.12906
0.853185
-1.22715
-0.956616
-1.25347
0.977426
-0.00660014
-0.08975
-0.731268
-1.10132
0.905753
-0.0300098
-1.06854
1.29676
0.575968
-1.30371
-1.08862
-0.427823
0.0904262
-0.613846
0.13295
0.680389
0.128554
0.655511
0.727701
-0.894213
-0.574936
0.873649
0.722164
0.693026
0.3038
0.661597
0.202979
0.32034
-0.833014
-0.876619
1.084
0.429153
1.13654
-0.766215
-0.648719
-0.460702
-0.676766
-1.11194
0.596319
-0.967715
0.859684
-0.127505
-0.661861
1.03748
0.629145
0.102585
-0.293663
0.060159
0.693079
-0.0876759
-0.771568
0.427748
0.869907
-0.509855
0.873513
0.763035
0.937635
-0.247983
0.0515266
-0.068394
0.340588
0.985135
-0.756149
0.0513343
0.945699
-1.03348
-0.258968
1.11859
1.1103
-0.752556
-0.046563
0.799281
0.0969683
-0.0793195
-0.875951
-0.0418303
-0.679481
-0.0551667
0.724573
-0.65064
-0.936323
0.0317655
0.972102
-0.888702
0.767998
0.526278
-0.0649296
0.171524
-0.116097
-0.0443165
-0.493695
-0.144713
0.51488
0.841339
-0.93964
0.444367
-0.0476321
0.327699
-1.15092
0.34766
-0.932593
1.03623
0.121114
-0.998957
-0.112861
-1.37245
-1.27045
0.140914
0.361953
0.731149
0.190827
0.272287
-0.119692
-0.755977
1.13798
0.70976
-1.33531
0.0161693
-0.189676
1.05093
0.909163
-0.152409
-1.01506
0.152646
0.105377
-1.12833
1.09923
1.20292
-0.180758
-1.25075
1.04125
1.20834
-1.17491
0.127004
-0.190228
1.0491
0.16178
-0.0512418
-0.122142
-0.936438
0.287597
-1.23734
0.255121
-0.800998
-0.896098
-0.128752
-0.250957
-0.135068
-0.131112
1.16559
0.352865
-0.212575
-1.26139
0.119412
-0.104959
0.816223
-0.10709
-0.119848
-0.991911
-0.233695
0.483387
0.858906
1.05943
0.399505
-1.07723
-0.4449
0.37895
0.40753
0.463663
-1.026
0.832941
-0.780912
-1.02527
0.0122226
0.042933
-0.911166
-0.919434
-0.0497309
1.04475
0.0790048
0.00313334
1.16137
-1.21924
-1.09908
0.195833
1.0771
-1.06171
-1.16435
1.22403
-0.0794127
0.0402682
-0.00829861
-1.19244
0.104207
0.930058
0.0119609
-0.157397
1.15795
0.808196
-0.0584384
-0.0579436
-0.11001
1.08806
-0.0851663
0.701479
-0.77111
0.0495446
0.689422
0.0146655
1.02059
1.04286
-0.0929566
-0.102955
-0.544251
-0.0539139
-0.0731491
0.0956742
0.541603
-1.0049
-0.556472
1.25509
0.874573
-0.0290321
0.413018
0.0125113
0.0407982
-1.25789
-0.433282
0.297225
1.09086
-0.348918
0.0756038
-0.857771
0.00822054
0.0523969
1.16514
0.371082
-0.577451
-1.15344
-1.00845
-0.295004
1.01908
0.32883
-0.174237
-0.211148
-0.314207
1.05469
-0.826401
0.769001
1.05569
-0.030134
0.752978
0.218627
0.160866
0.155997
-0.988164
0.095796
-0.95277
-0.0907683
-0.0361553
0.59347
-0.12347
-0.54086
0.597265
-0.0330911
-0.0808807
-0.854784
-0.711369
0.535819
1.25182
-1.17686
-0.740581
-0.474124
-0.0923196
-0.510945
-0.0802604
-0.0774034
0.589532
0.647932
-0.846191
-0.310966
-0.8749
0.227462
0.627391
0.115599
0.175203
0.884043
-0.607854
0.808501
-0.749404
-0.485283
-0.104519
-0.0131
0.0270849
-0.823077
0.0916444
0.689817
-0.183948
-0.707988
0.293262
-1.06658
-0.653197
-1.01831
-0.0499136
0.0676817
0.0383093
-0.0399051
-0.754129
0.674158
-0.0376601
-0.787845
1.04664
-0.109335
-1.07191
-0.808005
0.0028836
0.936275
-1.50166
1.0868
-0.206463
-1.10361
-0.122158
-0.0462383
1.07623
-0.188704
0.979227
0.0749702
-1.13188
1.02588
1.32724
0.0185439
-1.38716
1.26158
-1.149
-0.32307
-0.0223172
-0.703398
-0.0930803
-0.13148
0.284999
0.754088
-1.172
-0.782436
0.733037
0.0363242
-0.864365
-0.401763
0.0515299
0.886106
-0.0227064
-0.835627
0.454338
0.807384
-0.567703
1.05956
-1.1521
0.792786
-0.897249
1.01883
-0.325346
0.0276788
0.0145777
0.800546
0.339341
-0.701304
-0.0448426
-0.24122
-1.0367
-0.79604
0.0430211
-0.640779
0.103209
0.0258613
0.93697
0.759312
-0.663446
-1.18903
0.613463
0.0812148
0.743266
0.0267068
0.0599001
-0.86633
-0.776464
0.948099
0.676101
0.894359
-0.219872
-0.989697
-0.591257
-0.173636
-0.222002
0.61112
-0.963235
0.815097
-0.844878
-1.02847
-1.07617
-0.208717
0.101533
-0.13947
-1.1143
-0.204248
-1.01108
1.12561
-0.118385
-1.04173
0.0591235
-1.32111
-1.21344
0.275254
-0.188559
0.778018
-0.107808
-0.17571
-0.29723
-0.781421
1.1371
0.821049
-1.45863
-0.0993192
-0.893309
-0.176775
-0.092937
-0.117867
-0.0489809
0.0161893
-0.0165546
0.00542703
0.0503114
0.00407164
-0.0342505
0.133257
0.0495335
-0.00333241
0.0430804
0.0126349
-0.00191912
-0.00800267
0.0136038
0.0304848
0.0124803
0.00286569
-0.0279829
0.0664587
-0.0195211
0.00259383
-0.0244234
-0.0360489
0.0109022
0.114326
-0.0315821
-0.000879179
0.043091
-0.0297211
-0.0316822
-0.0977097
0.125881
-0.0353118
-0.0427221
-0.00319762
0.0312265
0.137465
-0.141937
-0.00970954
0.0130623
-0.138811
-0.152
-0.0328107
-0.132601
0.00823554
-0.126725
-0.132819
0.0119569
0.0517072
-0.034215
0.129397
0.0562115
-0.00342843
0.0369356
0.0161755
-0.0111265
-0.00212332
0.0141798
0.00972617
0.035517
-0.0242736
0.0682638
-0.0183471
-0.0243633
-0.0379649
0.00561215
0.112182
-0.0272148
-0.00256795
0.038618
-0.0286129
-0.025773
-0.0905083
0.0927301
-0.0295889
-0.0377764
-0.00229325
0.00284751
0.135135
-0.136785
-0.0053256
0.0229549
-0.138674
-0.157617
-0.00372771
-0.137458
0.0141626
-0.131226
-0.145719
0.00376236
0.042982
0.00137564
-0.0417522
0.124219
0.0435854
0.004508
0.0185884
-0.00275054
-0.000692149
-0.00152785
-0.00270539
0.028063
-0.000479164
-0.00104391
-0.0140328
0.0491359
-0.00992408
-0.00408024
-0.024595
0.0986506
-0.0230968
-0.0273434
-0.00346047
-0.0675532
0.0969389
-0.0464871
-0.046659
0.00257301
0.0637243
0.0016582
-0.0569591
0.135295
0.0438361
0.0171549
0.036727
-0.0039072
0.00913583
-0.00112367
-0.000812794
0.0284357
-0.00923971
0.0010934
-0.000434194
0.0529423
0.00299253
0.000975322
-0.032189
0.118052
-0.00411836
-0.0360919
-0.00255274
-0.0711125
0.100654
-0.0279873
-0.0325909
0.0017348
0.0423305
-0.0398167
0.124437
0.0417688
0.00213109
0.016368
-0.00429202
0.00301072
-0.00478649
-0.004425
0.00304791
0.0257153
-0.0167609
0.0466347
-0.0131224
-0.0228242
0.100252
-0.0242139
-0.0271143
-0.00533021
-0.0654112
-0.0470852
0.0954477
-0.0479898
-0.00211454
0.135217
0.00294716
-0.136984
-0.00559667
0.022947
-0.138681
-0.137525
0.0139567
-0.00387249
-0.157756
-0.131401
-0.145963
0.00193294
0.0623859
-0.0561084
0.135535
0.0436223
0.0160765
0.0356681
-0.00413725
-0.000960434
0.00781065
-0.000377926
-0.00816023
0.0287542
-0.00120894
0.0526215
0.00182712
-0.0320222
0.118339
-0.00441257
-0.0361554
-0.00250296
-0.0710861
-0.0280813
0.100701
-0.0330001
-0.00359431
0.137683
0.0309834
-0.142067
-0.00963679
0.0135736
-0.139143
-0.132782
0.00867828
-0.032647
-0.152234
-0.126892
-0.132963
0.00513289
0.0508759
0.00424058
-0.034647
0.133507
0.0495122
-0.00309152
0.0437159
0.0123083
-0.00165741
-0.00760564
0.0131111
0.0304129
0.0121084
0.00308792
-0.0278212
0.0664464
-0.0193737
0.00279096
0.0110567
0.114552
-0.0315703
-0.0241833
-0.035974
-0.000814161
-0.0299231
0.0427866
-0.097532
-0.0313432
-0.0354826
0.125565
-0.0427721
0.0119594
0.0522983
-0.0346113
0.129643
0.056411
-0.00317001
0.0375158
0.0160899
-0.0110434
-0.00188935
0.013984
0.0093261
0.0357637
-0.023969
0.0684657
-0.0181535
0.00570906
0.112414
-0.0271616
-0.0242337
-0.0378803
-0.0024298
-0.028688
0.0384828
-0.0905575
-0.025599
-0.0295654
0.0926353
-0.0376924
-0.507469
-0.0666251
-0.504382
-0.012285
-0.0129113
-0.0120808
-0.0885285
0.00224121
0.502572
-0.00923165
0.110858
0.00717363
0.125894
-0.0120981
0.138207
-0.0171387
0.0166046
-0.00928721
0.00586634
-0.0111007
-0.0210548
-0.00488734
0.123849
0.00341807
0.13264
-0.00268432
0.148023
-0.0116839
0.00591999
-0.0107259
0.0177357
-0.0115327
-0.00812065
0.00337594
0.132867
-0.00272278
-0.0049037
0.124072
0.148294
-0.0116464
0.00597858
-0.0109697
0.0180449
-0.0116703
-0.00809228
0.00736009
0.126055
-0.0124981
-0.00899162
0.111044
0.138404
-0.0174359
0.0163136
-0.00922567
0.00606415
-0.0115376
-0.0215485
0.149541
-0.0122016
0.145847
-0.00264173
-0.00929727
-0.0209497
-0.025008
-0.00948407
-0.140787
-0.506224
-0.0141173
-0.507467
-0.0692455
-0.0130023
-0.0140444
0.00214201
-0.091966
0.503694
0.145951
-0.00264909
0.149637
-0.0125514
-0.0214058
-0.00935674
-0.00944732
-0.0254612
-0.140842
-0.0237906
-0.00632471
-0.0277719
0.105191
-0.0100246
0.153242
0.0177184
-0.152494
0.0232948
-0.00826798
0.0308014
0.00602931
0.15214
0.00887816
0.00723666
-0.0295379
0.00839662
0.027369
0.0262812
0.00928078
-0.0253225
0.139618
-0.0356468
0.161272
-0.148699
0.0358478
0.0436399
-0.0300669
-0.0369261
-0.00423402
0.0471689
-0.00779064
0.152614
0.028498
-0.152852
-0.0269445
0.0192574
0.0457333
0.0224532
0.151786
-0.0244093
0.0220407
0.0422835
0.0371451
-0.0184346
0.140371
-0.0461833
0.159405
-0.149006
0.0275103
0.0555312
-0.0364384
-0.028849
-0.00367906
0.0461168
0.000535314
0.14693
0.0153845
-0.143901
0.00994068
-0.0104218
0.0259521
0.00812399
0.141324
0.00082581
0.00971856
-0.014725
0.00140081
0.0239852
0.02228
0.000943913
-0.0072473
0.152268
-0.0283397
0.136758
-0.138934
0.0133796
0.0376107
-0.0289904
-0.0241294
-0.00858446
0.0504316
0.00972565
0.159801
0.0242802
-0.15472
-0.000539685
-0.0201281
0.0424513
0.0159947
0.153618
0.000342707
0.0168795
-0.00385348
0.000730257
0.0382537
0.0343416
0.00029989
-0.0341685
0.160153
-0.0189737
0.155294
-0.148466
0.0459728
0.0277618
-0.0266588
-0.0479567
-0.00103384
0.146841
0.0145812
-0.143879
-0.0117514
0.0116287
0.0263124
0.00915989
0.141488
-0.0159546
0.0104473
0.0242874
0.021317
-0.0294832
0.136307
-0.0068064
0.152068
-0.139018
0.0390692
0.0129192
-0.0230955
-0.0297871
-0.00373274
0.0453293
0.00912944
0.160034
0.0239344
-0.154782
-0.020544
-7.44573e-05
0.0425444
0.0164476
0.153674
-0.00410025
0.0173733
0.0384361
0.0339905
-0.0194377
0.15516
-0.0339862
0.160269
-0.148561
0.0283068
0.0457692
-0.0477147
-0.0268897
-0.00860605
0.0505265
-0.00622196
-0.0237857
-0.00981899
0.15348
0.0177005
-0.152728
0.0231501
-0.00805386
0.0305937
0.00586646
0.152313
0.00900894
0.00719803
-0.0294849
0.00849467
0.0272056
0.0262081
0.00942968
-0.0354562
0.161488
-0.0251764
0.139791
-0.148919
0.0433907
0.0357989
-0.0369744
-0.0298138
-0.0276619
0.105035
-0.00757263
0.152844
0.0286358
-0.153082
-0.0270827
0.0190606
0.0457892
0.0225778
0.152012
-0.0242529
0.0222169
0.0423546
0.0372368
-0.0462117
0.159606
-0.0182807
0.140576
-0.149252
0.0555397
0.0273762
-0.0287646
-0.0364088
-0.00416807
0.0471816
)
;

boundaryField
{
    outlet
    {
        type            calculated;
        value           nonuniform List<scalar> 
248
(
-0.140373
-0.164554
-0.165893
-0.162272
-0.554336
-0.277947
-0.531125
-1.8095
-0.516229
-0.132262
-0.50137
0.443229
-0.0965488
-0.132062
-0.516957
-0.500513
-0.26938
0.444751
-0.136681
-0.513156
-0.515736
-0.512441
-0.136893
-0.278484
-0.0968049
-0.517792
-0.270133
-0.0168057
-0.125901
-0.0196376
-0.0142921
-0.556728
-0.530333
-1.77361
-0.395273
-1.80846
-0.558401
0.104498
-0.343231
-0.246636
-0.114013
-0.0733875
-1.77472
-0.140555
-0.166042
-0.164711
-0.162343
-0.557592
-0.558899
-0.555335
-0.395756
-0.445919
-0.0489573
-0.379602
-0.126962
-0.0522059
-0.0484295
-0.445513
-0.37911
0.00989068
0.146334
-0.343239
-0.272318
-0.170338
-0.424165
-0.329029
-0.114142
-0.071729
-0.0306264
-0.125983
-0.117335
-0.0154246
-0.425178
-0.17077
-0.331192
-0.125975
-0.117907
-0.344086
0.103257
-0.247465
-0.0310707
-0.0171291
-0.127119
-0.0528443
-0.344017
0.145369
-0.273883
-0.12608
-0.0202116
0.00939944
-0.165115
-0.548279
-0.144875
-0.539734
-0.159504
-0.139474
-0.0374998
-0.0450011
-0.15967
-0.530907
-0.139273
-0.159292
-0.538702
-0.139276
-0.550827
-0.149077
-0.13753
-0.547611
-0.165474
-0.144877
-0.148645
-0.55115
-0.137373
-0.0457458
-0.038054
-0.531696
-0.159839
-0.139482
-0.0849863
-0.119054
-0.0753659
-0.109468
-0.074669
-0.107357
-0.0501569
-0.0895995
-0.081926
-0.124502
-0.0845356
-0.11454
-0.0807635
-0.106762
-0.0538266
-0.0874485
-0.115097
-0.116902
-0.087203
-0.115188
-0.109603
-0.117095
-0.0857036
-0.11541
-0.0827317
-0.124662
-0.0855364
-0.114774
-0.0858556
-0.119193
-0.0762556
-0.109721
-0.533321
-0.523583
-0.552684
-0.532935
-0.601672
-0.556245
-0.533356
-0.589416
-0.530377
-0.141425
-0.101798
-0.140817
-0.101602
-0.141254
-0.140589
-0.112277
-0.150627
-0.157411
-0.150867
-0.112512
-0.157693
0.0873114
-0.550109
-0.613525
-0.521459
-0.533232
-0.58912
-0.530135
-0.4893
-0.490782
-0.583015
-0.532319
-0.597209
-0.545032
-0.524704
-0.534016
-0.553348
-0.551061
-0.614214
-0.522102
-0.532403
-0.597548
-0.54537
-0.534084
-0.602342
-0.556924
-0.491645
-0.490002
-0.58377
0.0871848
-0.16462
-0.184881
-0.185528
-0.155434
-0.182096
-0.175014
-0.159289
-0.184769
-0.184915
-0.183389
-0.14457
-0.178086
-0.160868
-0.184451
-0.185604
-0.144068
-0.18446
-0.178437
-0.159121
-0.184539
-0.18469
-0.144379
-0.183174
-0.177822
-0.151523
-0.16917
-0.17262
-0.171404
-0.136299
-0.161675
-0.164443
-0.184837
-0.185529
-0.181911
-0.155568
-0.174862
-0.151307
-0.16938
-0.172492
-0.135813
-0.171305
-0.161882
-0.161072
-0.184628
-0.185871
-0.184671
-0.144201
-0.178661
)
;
    }
    inlet
    {
        type            calculated;
        value           nonuniform List<scalar> 
92
(
-0.0257996
0.0259674
-0.0257996
0.0259674
-0.0113942
-0.0129798
-0.0112178
-0.00469443
0.00464271
0.0112323
0.00977152
0.0116832
0.0129911
-0.0285805
-0.0217399
0.0158693
0.0286975
0.0217008
-0.0217399
-0.0285805
-0.0135051
0.0217008
0.0297926
0.0158693
0.0132194
0.0286975
-0.0129798
-0.0113942
-0.00910289
-0.0112178
-0.00469443
0.0196274
0.00901814
0.00977152
0.00464271
0.0112323
0.0129911
0.0116832
-0.00171031
0.00172145
-0.0249841
0.0249229
-0.0246032
0.0246311
-0.00171031
0.00172145
-0.0098022
-0.00212379
-0.0135051
-0.00269858
-0.0125428
-0.0197014
-0.00910289
-0.00167603
-0.0044537
0.0016994
0.00443583
0.0125527
0.0196274
0.00901814
0.0297926
0.00218827
0.0132194
0.00262723
-0.0317467
-0.0299244
-0.0158168
-0.0234235
-0.0221308
0.0317993
0.0233996
0.0221287
-0.0234083
-0.0221308
-0.0317467
-0.0299244
-0.0158168
0.0233996
0.0221287
0.0317993
-0.0197014
-0.00269858
-0.0098022
-0.00212379
-0.0125428
-0.00167603
-0.0044537
0.0016994
0.00443583
0.0125527
0.00262723
0.00218827
)
;
    }
    wall
    {
        type            calculated;
        value           nonuniform List<scalar> 
8028
(
0
0
0
0
0
0
2.11758e-22
0
0
0
0
0
0
-2.11758e-22
0
0
-2.11758e-22
0
-2.11758e-22
0
0
0
0
0
0
0
0
0
0
0
0
0
-6.46235e-27
0
0
0
0
0
0
0
0
0
0
0
0
0
0
0
0
0
0
0
0
0
0
0
0
0
0
0
0
0
0
0
0
0
0
0
0
0
0
0
0
0
0
0
0
0
0
0
0
0
0
0
0
0
0
0
0
0
0
0
0
0
0
0
0
0
0
0
1.65436e-24
0
0
0
0
-5.16988e-26
0
0
1.65436e-24
0
0
0
0
0
0
0
0
-1.65436e-24
0
0
0
0
0
0
0
0
0
0
0
0
0
0
0
0
0
0
-3.23117e-27
0
0
0
0
-1.61559e-27
0
0
0
0
-1.61559e-27
0
0
0
0
0
0
0
0
0
0
0
0
0
0
0
-3.23117e-27
0
0
0
0
0
0
0
0
0
0
0
0
0
0
0
0
0
0
0
0
0
0
0
0
0
0
0
0
0
0
0
0
0
6.46235e-27
0
0
0
0
0
0
0
0
0
0
0
0
0
0
0
0
0
0
0
0
0
0
0
0
0
0
0
0
0
0
0
0
0
0
0
0
0
0
0
0
0
0
0
0
0
0
0
0
0
0
0
0
0
0
0
0
0
0
0
0
0
0
0
0
0
0
0
0
0
0
0
0
0
0
0
0
0
0
0
0
0
0
0
0
0
0
0
0
0
0
0
0
0
0
0
0
0
0
0
0
0
0
0
0
0
0
0
0
0
0
0
0
0
0
0
0
0
0
0
0
0
0
0
0
0
0
0
0
0
0
0
0
0
0
0
0
0
0
0
0
0
0
0
0
0
0
0
0
0
0
0
0
0
0
0
0
0
0
0
0
0
0
0
0
0
0
0
0
0
0
0
0
0
0
0
0
0
0
0
0
0
0
0
0
0
0
0
0
0
0
0
0
0
0
0
0
0
0
0
0
0
0
0
0
0
0
0
0
0
0
0
0
0
0
0
0
0
0
0
0
0
0
0
0
0
0
0
0
0
0
0
0
0
0
0
0
0
0
0
0
0
0
0
0
0
0
0
0
0
0
0
0
0
0
0
0
0
0
0
0
0
0
0
0
0
0
0
0
0
0
0
0
0
0
0
0
0
-1.61559e-27
0
0
-1.61559e-27
-5.16988e-26
0
0
0
0
0
0
0
0
0
0
0
0
0
0
0
0
0
0
0
1.29247e-26
1.29247e-26
0
0
0
0
-4.1359e-25
0
0
0
0
-1.29247e-26
0
0
0
-1.29247e-26
0
0
0
0
-1.29247e-26
0
0
0
0
0
0
0
0
-1.03398e-25
0
0
0
0
0
0
0
8.07794e-28
0
0
0
0
0
0
0
0
1.61559e-27
0
0
0
0
0
0
0
0
0
0
0
0
0
0
0
0
0
0
0
0
0
0
0
0
0
0
0
5.29396e-23
0
0
0
0
0
0
0
0
-2.64698e-23
0
0
0
0
0
0
0
5.29396e-23
-2.64698e-23
0
0
0
-2.64698e-23
0
0
0
0
0
0
-5.29396e-23
0
0
0
0
0
0
0
0
0
0
0
0
0
0
0
0
0
0
0
-1.29247e-26
-2.58494e-26
0
0
0
0
0
-2.58494e-26
-1.03398e-25
0
0
0
0
0
0
0
0
0
0
0
0
0
0
0
0
0
0
-4.03897e-28
0
0
-1.61559e-27
-1.61559e-27
-4.03897e-28
0
0
0
0
0
0
0
0
0
0
0
0
0
0
0
0
0
8.07794e-28
0
0
0
0
0
0
0
0
8.07794e-28
0
0
0
-1.29247e-26
0
-1.29247e-26
0
0
0
0
0
0
0
0
0
0
0
0
0
0
-2.58494e-26
0
0
0
0
0
0
0
0
0
0
0
0
0
0
0
0
0
0
0
0
0
0
0
0
0
0
0
-1.61559e-27
0
0
0
0
0
0
0
0
0
0
0
0
0
0
0
0
0
0
0
0
0
0
0
0
0
0
-8.07794e-28
0
0
0
0
0
0
0
0
0
0
0
0
0
0
0
0
0
3.23117e-27
0
0
0
0
0
0
0
0
0
0
0
0
0
0
0
0
0
0
0
0
0
0
0
0
0
0
0
0
0
0
0
0
0
0
0
0
0
0
0
0
0
0
0
0
0
0
0
0
0
0
0
0
0
0
0
0
0
0
0
0
0
0
0
0
0
0
0
0
0
0
0
0
0
0
0
0
0
0
0
0
0
0
0
0
0
0
0
0
0
0
0
0
0
0
-3.23117e-27
0
0
0
0
0
0
0
0
0
0
0
0
-6.46235e-27
0
0
0
-1.29247e-26
0
0
0
0
-6.46235e-27
0
0
0
0
0
0
0
0
0
0
0
0
0
3.23117e-27
0
0
0
0
0
-5.16988e-26
0
0
0
0
0
0
0
0
0
0
0
0
0
0
0
0
0
0
0
0
0
0
0
0
0
0
0
0
0
0
0
0
0
0
0
0
0
0
0
0
0
0
0
0
0
0
0
0
0
0
0
0
0
0
0
0
0
0
0
0
0
0
0
0
0
0
0
0
0
0
0
0
0
0
0
0
0
0
0
0
0
0
0
0
0
0
0
0
0
0
0
0
0
0
0
0
0
0
0
0
0
0
0
0
0
0
0
0
0
0
0
0
0
0
5.16988e-26
0
0
0
0
0
0
0
0
0
0
0
0
0
0
0
0
0
0
0
0
0
0
2.06795e-25
0
0
0
0
0
0
0
0
0
0
0
0
0
-4.03897e-28
0
0
0
0
0
0
0
0
-2.01948e-28
0
0
0
0
0
0
0
0
0
0
0
0
0
0
0
0
4.03897e-28
0
0
0
0
0
0
0
0
0
0
0
0
0
0
0
0
0
0
0
2.01948e-28
0
0
0
0
0
0
0
0
0
0
0
0
0
0
0
0
-1.61559e-27
0
0
0
0
0
0
0
0
0
0
0
0
0
0
0
0
0
0
0
0
0
0
0
0
0
0
0
0
0
0
0
0
0
-8.07794e-28
0
0
0
0
0
0
4.03897e-28
0
0
0
0
0
0
0
0
0
0
0
0
1.00974e-28
0
0
0
0
-3.23117e-27
0
0
0
0
0
0
0
0
0
0
0
0
0
0
0
0
0
0
0
0
0
0
0
0
0
8.07794e-28
0
0
0
0
0
0
0
0
0
0
0
0
0
0
0
0
0
0
0
0
0
0
3.23117e-27
4.03897e-28
0
4.03897e-28
6.46235e-27
0
-6.46235e-27
0
0
0
0
0
0
0
0
-1.29247e-26
0
0
0
0
0
0
2.58494e-26
0
0
0
0
0
0
0
0
0
0
0
2.01948e-28
0
0
0
0
0
0
0
0
0
0
0
0
0
0
0
0
0
0
0
0
0
0
0
0
0
0
0
0
0
0
0
0
6.46235e-27
0
0
0
0
0
0
0
0
0
0
0
0
0
3.23117e-27
0
0
0
0
0
0
0
4.03897e-28
0
0
0
0
0
0
0
0
0
0
0
0
0
0
0
0
-1.29247e-26
-1.29247e-26
0
0
0
6.46235e-27
0
0
0
0
0
0
0
0
0
0
0
0
-8.07794e-28
0
0
0
0
3.23117e-27
0
0
0
0
0
0
0
0
0
0
0
0
0
0
0
0
0
0
0
0
0
0
0
0
0
-3.23117e-27
0
0
0
0
0
-1.61559e-27
0
0
0
0
0
6.46235e-27
0
0
0
0
0
0
0
0
0
0
0
8.07794e-28
0
0
0
0
0
0
0
0
0
0
0
0
0
0
0
0
0
0
0
-6.46235e-27
0
0
0
0
0
0
0
0
0
0
0
0
0
0
0
-6.46235e-27
0
0
6.46235e-27
0
0
-8.07794e-28
0
0
0
0
0
0
0
0
0
0
0
0
0
0
0
0
0
0
0
0
0
0
0
0
0
0
0
0
0
0
0
0
0
0
0
0
0
0
0
0
0
0
6.46235e-27
0
-6.46235e-27
0
0
0
0
0
0
0
0
-8.07794e-28
0
0
0
0
0
0
0
0
0
0
0
0
0
0
0
0
0
0
0
0
0
0
0
0
0
0
0
6.46235e-27
0
0
0
6.46235e-27
0
-8.07794e-28
0
0
0
0
0
0
0
0
0
0
0
0
0
0
0
0
1.29247e-26
1.29247e-26
0
0
0
0
0
8.07794e-28
0
0
0
0
0
0
0
0
0
0
0
0
0
0
0
0
0
0
0
-8.07794e-28
0
0
0
1.61559e-27
0
0
0
0
0
0
0
0
0
0
0
0
0
0
0
0
0
0
0
0
0
0
0
0
0
0
0
0
0
0
0
0
0
0
0
0
0
0
0
0
0
8.07794e-28
0
0
0
0
0
0
0
0
0
0
0
0
0
0
0
0
0
0
0
0
0
0
0
0
0
0
0
0
0
0
0
0
1.61559e-27
0
0
0
0
0
0
0
0
-8.07794e-28
0
0
0
0
0
0
0
0
0
0
0
0
0
0
0
0
0
0
0
0
0
0
-6.46235e-27
0
0
0
6.46235e-27
0
0
0
0
0
0
0
0
0
0
0
0
0
0
0
0
0
0
0
0
0
0
0
0
0
0
0
0
1.61559e-27
0
0
0
0
0
0
0
0
0
0
0
0
0
0
0
0
0
0
-4.03897e-28
0
0
0
0
6.46235e-27
0
0
0
0
0
0
0
0
0
0
0
0
0
0
0
0
0
0
0
6.46235e-27
0
0
0
0
0
3.23117e-27
0
0
0
0
0
0
0
0
0
0
0
0
0
0
0
0
0
0
0
0
0
0
0
0
0
0
0
0
0
0
0
0
0
0
0
1.61559e-27
0
0
0
0
0
2.58494e-26
0
2.58494e-26
0
0
0
0
0
-2.58494e-26
0
0
0
0
0
0
0
0
0
0
0
0
0
0
0
0
0
0
0
0
0
0
0
0
0
0
0
0
0
0
0
0
0
0
0
0
0
0
0
0
0
0
0
0
0
0
0
0
0
0
4.03897e-28
0
0
0
0
0
0
0
0
0
0
0
0
0
0
-1.61559e-27
0
-3.23117e-27
0
0
0
0
0
0
0
0
0
0
0
0
-1.29247e-26
-2.58494e-26
0
0
0
0
0
0
1.29247e-26
0
0
0
0
0
0
0
0
0
0
0
0
0
0
0
0
0
0
-1.61559e-27
0
0
0
0
0
0
0
0
0
0
0
0
0
0
0
0
0
0
0
0
0
0
0
0
0
0
0
0
0
0
0
0
0
0
0
0
0
0
0
0
0
0
0
0
0
0
0
0
0
0
0
0
0
0
0
0
6.46235e-27
0
0
0
0
0
0
0
0
-2.58494e-26
0
-3.23117e-27
0
0
0
0
0
0
0
0
0
0
0
0
0
0
0
0
0
0
0
0
0
0
0
0
0
0
0
0
0
0
0
0
0
0
0
0
0
0
0
0
0
0
0
0
-1.29247e-26
0
0
0
0
0
0
0
0
0
0
0
0
0
0
0
0
0
0
1.61559e-27
0
0
0
0
0
0
0
0
0
0
0
0
0
0
0
0
0
3.23117e-27
0
0
0
0
0
0
0
0
0
0
0
0
0
0
0
0
0
0
0
-1.29247e-26
0
0
0
0
0
0
0
0
0
0
0
0
0
0
0
0
0
0
0
0
0
-1.61559e-27
0
0
0
0
0
0
0
0
0
0
0
0
0
0
0
0
0
0
0
0
0
0
0
0
0
0
0
0
0
0
0
0
0
0
0
0
0
0
-6.46235e-27
0
0
0
0
0
0
0
0
0
-1.03398e-25
0
0
0
0
0
0
0
0
0
-8.07794e-28
0
-8.07794e-28
0
0
0
0
0
-3.23117e-27
0
0
0
1.29247e-26
-1.61559e-27
0
-1.61559e-27
0
0
0
0
0
0
0
0
0
1.29247e-26
0
0
0
2.58494e-26
0
0
0
0
-1.03398e-25
0
0
0
0
0
0
0
0
0
0
0
0
0
0
0
0
0
0
0
0
0
0
0
0
-1.61559e-27
-2.58494e-26
0
-2.58494e-26
0
0
0
0
0
0
0
0
5.16988e-26
0
0
0
0
0
0
0
0
0
0
0
0
0
0
0
0
0
0
0
0
0
0
0
0
0
0
0
0
0
0
0
1.61559e-27
0
0
0
0
0
0
0
0
0
0
6.46235e-27
2.58494e-26
0
0
0
0
0
0
0
0
0
5.16988e-26
0
0
0
0
0
0
8.07794e-28
0
0
0
-3.23117e-27
0
0
0
0
0
0
0
0
0
0
0
0
0
0
0
0
0
0
0
0
0
0
0
3.23117e-27
0
0
0
0
0
0
0
0
0
0
0
0
0
0
0
0
0
0
0
3.23117e-27
0
0
0
0
0
0
0
0
0
0
0
0
3.23117e-27
0
0
0
0
0
0
0
0
0
0
0
-3.23117e-27
0
0
0
0
0
0
-1.29247e-26
0
0
0
0
0
0
0
0
0
0
0
0
0
0
0
0
0
0
0
0
0
0
0
0
0
0
0
0
0
0
0
0
0
0
0
0
0
0
0
0
0
0
0
0
0
0
0
0
0
0
0
0
0
0
0
-3.23117e-27
0
0
0
0
-1.29247e-26
0
0
0
0
0
1.61559e-27
0
0
0
0
0
0
0
0
0
0
0
0
0
0
0
0
0
0
0
0
0
-5.16988e-26
0
0
0
0
0
0
0
0
0
0
-3.23117e-27
0
0
0
0
-1.29247e-26
0
0
0
0
0
0
0
0
0
0
0
0
0
0
0
0
0
0
0
0
0
0
0
0
0
0
0
0
0
0
0
0
0
0
0
0
0
0
0
-1.29247e-26
0
0
0
0
0
0
0
0
0
0
0
0
0
0
1.03398e-25
0
0
0
0
0
0
0
0
-5.16988e-26
0
0
0
0
0
0
0
0
0
0
0
0
0
0
0
0
0
0
0
0
0
0
0
0
0
0
0
0
0
0
0
0
0
0
0
0
0
0
0
3.23117e-27
0
0
-1.29247e-26
0
0
0
0
0
0
0
0
0
0
0
0
0
0
0
0
0
0
0
0
0
0
0
0
0
0
0
0
0
0
0
0
0
0
0
0
0
0
0
0
-3.23117e-27
0
0
0
0
0
-6.46235e-27
0
0
0
0
0
0
0
0
0
0
0
0
0
0
0
0
0
0
0
0
0
0
0
0
0
0
0
0
0
0
0
0
0
-1.03398e-25
0
3.23117e-27
0
0
0
0
0
5.16988e-26
0
0
0
0
0
0
0
0
0
0
0
0
0
0
0
0
0
0
0
0
0
0
0
0
0
0
0
0
0
0
0
0
0
0
0
0
0
0
0
0
0
0
0
0
0
0
5.16988e-26
0
0
0
0
0
0
0
0
0
0
0
0
6.46235e-27
0
0
0
0
0
0
0
0
0
0
0
0
0
0
0
0
0
0
0
0
0
0
0
0
0
-5.16988e-26
0
0
0
0
0
0
0
5.16988e-26
0
0
0
0
0
0
0
6.46235e-27
0
-6.46235e-27
0
0
0
0
0
0
0
0
0
0
0
0
0
0
0
0
0
0
0
0
0
0
0
0
0
-5.16988e-26
0
0
0
0
0
0
0
0
0
0
0
0
0
0
0
-6.46235e-27
0
0
0
0
0
0
0
0
0
0
0
0
0
0
0
0
0
0
0
0
0
0
0
0
0
0
0
2.58494e-26
0
0
0
0
0
0
0
0
0
0
0
0
0
0
0
0
0
0
0
0
0
0
0
0
0
0
0
0
0
0
0
0
0
6.46235e-27
0
0
0
0
0
5.16988e-26
0
0
-2.58494e-26
0
0
0
0
0
0
0
0
0
0
0
0
0
0
0
0
0
0
0
0
0
0
0
0
0
0
0
0
0
0
0
0
0
0
-6.46235e-27
0
0
0
0
0
-5.16988e-26
0
0
0
0
0
0
0
0
0
0
0
0
0
0
0
2.58494e-26
0
0
0
0
0
0
0
0
0
0
0
0
0
0
0
0
0
0
0
3.23117e-27
0
0
0
0
0
0
0
0
0
0
0
0
0
-5.16988e-26
0
0
0
0
0
-5.16988e-26
0
0
0
0
0
0
0
0
0
0
0
0
0
0
0
0
0
0
0
0
0
-2.06795e-25
0
0
0
0
0
0
0
0
0
0
0
0
0
0
0
0
0
0
0
0
0
-2.06795e-25
0
0
0
0
0
0
0
0
0
0
0
0
0
0
0
0
0
0
0
0
0
0
0
0
0
0
0
0
0
0
0
0
0
0
0
0
0
0
0
0
0
0
0
0
0
0
0
0
0
0
0
0
0
0
0
0
0
0
0
0
0
0
0
0
0
0
0
0
0
0
0
0
0
0
0
0
0
0
0
0
0
0
0
0
0
0
0
0
5.16988e-26
0
2.58494e-26
0
0
0
0
0
0
0
0
5.16988e-26
0
-1.03398e-25
0
0
0
0
0
0
0
0
5.16988e-26
0
0
0
-5.16988e-26
0
0
0
0
0
0
-5.16988e-26
0
0
0
0
1.03398e-25
0
0
0
0
0
0
0
0
0
0
0
0
0
0
0
0
0
0
0
0
0
0
0
0
0
0
0
0
0
0
0
0
0
0
0
0
0
0
0
0
0
0
0
0
0
0
0
0
0
0
0
0
0
0
0
4.1359e-25
0
0
0
0
0
0
0
-4.1359e-25
0
2.06795e-25
0
0
0
0
0
0
0
0
0
0
0
0
0
0
0
0
0
0
0
0
0
0
1.03398e-25
0
0
0
0
0
0
0
0
0
0
0
0
0
0
0
0
0
0
2.06795e-25
0
0
0
0
0
0
0
0
0
0
0
0
-1.65436e-24
4.1359e-25
0
0
0
0
0
0
0
0
0
0
0
0
0
0
0
0
1.29247e-26
0
0
0
0
0
0
0
0
0
0
0
0
0
0
0
0
0
0
0
0
0
0
0
0
0
0
0
0
0
0
0
0
0
0
0
0
0
0
0
0
0
0
0
0
0
0
0
0
0
0
0
0
0
0
0
0
0
0
0
0
0
0
0
0
0
0
0
0
0
0
0
0
1.05879e-22
0
0
0
0
0
0
0
0
0
0
0
0
0
0
0
5.29396e-23
0
0
0
0
0
0
0
0
0
0
0
-5.29396e-23
0
0
0
0
0
0
0
0
0
0
0
0
0
0
0
0
0
0
0
0
0
0
-3.30872e-24
0
0
0
0
0
0
0
0
0
3.30872e-24
0
0
8.07794e-28
8.07794e-28
0
0
0
0
0
-6.46235e-27
0
0
0
0
0
0
4.03897e-28
0
0
0
0
0
0
0
0
0
0
0
0
0
0
0
8.07794e-28
0
0
0
0
0
8.07794e-28
0
0
0
8.07794e-28
0
0
0
0
4.1359e-25
0
3.23117e-27
0
0
0
6.46235e-27
0
0
0
0
0
0
0
0
0
0
-1.61559e-27
0
0
0
0
0
0
0
0
0
0
0
0
0
0
0
0
0
1.61559e-27
0
1.61559e-27
0
0
0
0
0
0
0
0
0
6.61744e-24
0
0
0
0
0
0
0
0
0
0
0
0
0
0
0
0
0
0
0
0
0
0
0
0
0
0
0
0
0
-8.07794e-28
5.16988e-26
-1.61559e-27
0
0
0
0
0
0
0
0
0
0
0
0
0
0
0
0
0
0
0
0
0
0
0
0
0
0
0
0
0
0
0
0
0
0
0
0
0
0
0
0
0
0
0
0
0
0
0
0
0
0
0
0
0
0
0
0
0
0
0
0
0
0
0
0
0
0
0
0
0
0
0
0
0
0
0
0
0
0
0
0
0
0
0
0
0
0
0
0
0
0
0
0
0
0
0
0
0
0
0
0
0
0
0
0
0
0
0
0
1.03398e-25
2.58494e-26
0
0
0
0
0
0
0
0
0
0
0
0
0
0
0
0
0
0
0
-2.01948e-28
0
0
0
4.03897e-28
4.03897e-28
0
0
0
0
0
0
0
0
0
0
0
0
0
0
-1.61559e-27
0
0
0
0
0
0
0
0
0
0
0
0
0
0
0
8.07794e-28
0
0
0
0
0
0
0
0
-2.06795e-25
0
0
0
0
0
0
0
0
0
0
0
-4.03897e-28
0
0
0
8.07794e-28
0
2.06795e-25
0
0
-4.03897e-28
0
0
0
4.03897e-28
0
0
0
0
0
0
-2.06795e-25
0
0
0
0
-8.07794e-28
-4.03897e-28
0
0
0
0
0
1.29247e-26
0
0
0
0
0
0
0
0
0
0
0
0
0
0
0
-2.06795e-25
0
0
0
8.07794e-28
0
0
0
0
-8.07794e-28
0
-8.07794e-28
0
-8.07794e-28
0
0
0
0
0
0
0
0
0
0
0
0
-1.29247e-26
0
0
1.29247e-26
0
0
0
0
0
0
0
0
0
0
0
0
0
0
0
0
0
0
0
0
0
0
-3.23117e-27
0
1.29247e-26
0
0
0
8.07794e-28
0
0
0
0
0
0
0
0
1.29247e-26
0
0
0
0
0
-8.07794e-28
0
0
0
0
0
0
0
-1.61559e-27
0
0
-3.23117e-27
-3.23117e-27
0
0
0
1.61559e-27
0
0
0
0
-4.1359e-25
0
0
0
0
-1.29247e-26
0
0
0
0
0
0
0
0
0
0
0
0
0
0
0
0
0
-1.61559e-27
0
-8.07794e-28
0
0
0
0
0
0
0
0
0
0
1.61559e-27
0
0
0
0
0
0
0
0
0
0
0
0
0
0
-1.61559e-27
0
0
0
0
0
0
0
0
0
0
0
0
0
0
0
0
0
0
0
0
0
0
0
0
0
0
0
0
0
0
0
0
4.1359e-25
0
0
-4.1359e-25
0
0
1.61559e-27
0
0
0
8.07794e-28
0
0
-4.1359e-25
0
0
2.58494e-26
0
6.46235e-27
0
0
0
0
0
0
0
0
0
0
0
0
0
0
0
1.61559e-27
-1.61559e-27
0
0
0
0
0
0
-3.23117e-27
0
0
0
0
0
0
0
0
0
0
0
0
0
0
0
0
0
0
0
0
1.61559e-27
0
0
0
0
0
0
0
0
0
0
0
0
0
0
0
0
0
0
0
0
0
0
0
0
0
0
0
0
0
0
0
0
0
0
0
0
0
0
0
0
1.61559e-27
-1.61559e-27
0
0
0
0
-1.61559e-27
0
0
0
0
0
0
0
0
0
-3.23117e-27
0
0
0
0
0
0
0
0
0
0
0
-1.61559e-27
1.61559e-27
0
3.23117e-27
0
-1.61559e-27
1.61559e-27
0
0
0
-8.27181e-25
0
0
0
0
0
0
0
0
0
0
0
0
0
8.27181e-25
0
0
0
0
0
3.23117e-27
0
0
0
0
0
0
8.27181e-25
0
0
0
0
0
0
0
0
0
1.61559e-27
0
0
0
0
0
0
0
0
0
0
0
0
0
0
0
0
0
-8.27181e-25
0
0
0
0
0
0
0
0
1.61559e-27
-1.61559e-27
0
0
0
0
0
-3.23117e-27
0
0
0
0
0
0
0
0
-1.61559e-27
0
3.23117e-27
0
0
0
0
0
0
0
3.23117e-27
-3.23117e-27
0
0
-1.61559e-27
0
0
0
0
0
0
0
0
0
0
0
-1.61559e-27
1.61559e-27
0
0
0
0
0
-5.16988e-26
0
0
0
0
0
0
0
1.61559e-27
0
1.29247e-26
0
0
0
0
-8.27181e-25
0
0
0
3.23117e-27
0
0
-1.61559e-27
0
0
0
0
0
0
-8.27181e-25
0
0
0
0
3.23117e-27
0
0
0
0
-3.23117e-27
0
0
3.23117e-27
0
0
0
0
0
0
0
0
0
0
0
0
0
0
0
8.27181e-25
0
-3.23117e-27
0
0
-1.61559e-27
0
0
0
-1.29247e-26
0
0
0
0
0
0
0
0
0
-1.03398e-25
0
0
1.03398e-25
0
0
0
0
0
0
-1.03398e-25
0
0
0
0
0
0
0
0
0
0
0
0
0
1.29247e-26
0
0
0
0
0
0
0
0
0
0
0
0
0
0
0
0
0
0
0
0
0
0
0
0
0
0
0
0
0
0
0
0
0
0
0
0
0
0
0
0
0
0
0
0
0
0
0
0
0
0
0
0
0
0
0
-6.46235e-27
0
0
0
0
0
0
0
0
0
0
0
0
0
0
0
0
0
0
0
0
0
0
0
0
0
0
0
0
0
0
0
0
0
0
0
0
0
0
0
0
0
0
0
0
0
0
0
0
0
0
-1.03398e-25
0
0
0
0
0
0
0
0
0
0
0
0
0
0
0
0
0
0
0
0
0
0
0
0
0
0
0
0
0
0
0
0
0
0
0
0
0
0
0
0
2.58494e-26
0
0
0
0
0
0
0
0
0
0
-1.03398e-25
0
0
0
0
0
0
0
-2.58494e-26
0
0
0
0
0
0
0
-1.61559e-27
0
0
0
-1.61559e-27
0
1.61559e-27
0
0
0
0
0
0
0
0
0
0
0
0
0
0
0
0
0
0
0
0
0
0
0
0
0
0
0
0
0
0
0
0
0
0
0
0
0
0
0
0
-2.64698e-23
-1.05879e-22
0
0
0
6.61744e-24
0
0
0
0
-1.05879e-22
0
0
0
0
0
0
0
0
0
0
0
0
0
0
0
0
0
0
0
0
0
0
0
0
0
0
0
1.03398e-25
0
0
0
0
0
0
0
-1.03398e-25
0
0
0
0
0
0
0
0
0
0
0
0
0
0
0
0
0
0
0
0
0
1.03398e-25
0
0
0
0
0
-1.03398e-25
0
0
0
0
0
0
0
0
0
0
0
0
0
0
0
0
0
1.29247e-26
0
0
0
0
0
0
0
0
0
0
0
0
0
0
-2.01948e-28
0
0
0
0
0
0
0
0
0
0
0
0
0
0
0
0
4.03897e-28
0
0
0
0
0
3.23117e-27
0
0
0
0
0
0
0
0
0
0
0
0
0
0
0
0
0
0
0
0
0
0
0
0
0
0
0
0
0
0
-1.29247e-26
0
0
0
0
0
0
0
-4.03897e-28
0
0
0
0
-6.46235e-27
0
0
0
0
0
0
0
0
0
2.06795e-25
0
0
0
0
0
0
0
0
0
0
0
0
0
0
0
0
0
0
0
0
0
0
-6.46235e-27
0
0
6.46235e-27
0
0
0
0
0
0
0
0
0
0
0
0
0
0
0
0
0
0
0
0
0
6.46235e-27
0
0
0
0
0
0
8.07794e-28
0
0
0
0
0
0
0
0
0
0
0
0
0
0
0
0
0
0
0
0
0
0
0
0
0
0
0
0
0
0
0
0
0
0
0
0
0
0
0
0
0
0
0
0
0
0
0
0
0
1.61559e-27
0
0
0
0
-6.46235e-27
0
0
0
0
0
0
0
0
0
0
0
0
0
1.29247e-26
0
0
0
0
0
0
0
0
0
0
0
0
0
0
0
0
0
0
0
0
0
0
0
0
0
0
0
0
0
0
0
0
0
0
0
0
0
0
0
0
-6.46235e-27
0
0
0
0
0
0
0
0
0
0
-3.23117e-27
0
0
0
0
0
0
0
0
0
0
0
0
0
0
0
0
0
0
0
0
-6.46235e-27
0
0
0
0
0
0
0
1.61559e-27
0
0
0
0
0
0
0
0
0
0
0
0
0
0
0
0
0
0
1.29247e-26
0
0
0
0
0
0
0
0
0
0
0
0
0
0
0
0
0
0
0
0
0
0
0
0
-1.61559e-27
0
0
0
0
0
0
0
0
0
0
0
0
0
0
0
0
0
0
0
0
0
1.61559e-27
0
0
0
0
0
0
0
0
0
0
0
0
0
0
-3.23117e-27
0
0
0
0
0
0
0
0
0
0
0
0
0
0
0
0
0
0
0
0
3.23117e-27
0
0
0
0
0
0
0
0
0
0
0
0
0
0
0
0
0
-3.23117e-27
0
0
0
0
0
0
0
0
0
0
0
0
0
0
0
0
0
0
0
0
0
0
0
0
0
0
-5.16988e-26
0
0
0
0
-2.58494e-26
0
0
0
0
3.23117e-27
0
0
0
0
0
0
0
0
0
0
0
-3.23117e-27
0
0
0
0
0
0
0
0
0
0
0
0
0
0
0
0
3.23117e-27
0
0
0
5.16988e-26
8.27181e-25
0
0
0
0
0
0
0
0
0
0
0
0
0
0
0
0
0
0
0
0
0
0
0
0
0
0
0
1.61559e-27
1.61559e-27
0
0
0
0
0
0
0
0
0
0
0
0
0
0
0
0
0
0
0
0
0
0
0
0
0
0
0
0
0
0
0
0
0
0
0
0
0
0
0
0
0
0
-1.26218e-29
0
0
0
0
0
0
0
0
0
0
0
0
0
0
0
0
0
0
0
0
0
0
0
0
-4.03897e-28
0
0
0
0
0
-1.61559e-27
0
0
0
0
0
0
0
0
0
0
0
0
0
0
0
-2.01948e-28
0
0
0
0
0
0
-3.23117e-27
0
0
0
0
0
0
0
-1.61559e-27
0
0
0
0
0
0
0
0
0
0
-3.23117e-27
3.23117e-27
0
0
0
0
0
0
4.03897e-28
0
0
0
0
0
0
0
0
-3.23117e-27
8.07794e-28
0
0
0
0
0
0
0
0
0
0
0
2.01948e-28
0
0
0
0
0
-1.29247e-26
0
0
-1.00974e-28
3.23117e-27
0
0
0
0
0
0
0
0
0
0
0
0
4.03897e-28
0
0
0
0
0
0
0
0
0
4.03897e-28
0
0
0
0
0
-1.03398e-25
3.23117e-27
0
0
0
0
0
0
0
0
0
0
-2.58494e-26
0
0
0
0
0
0
-4.03897e-28
0
0
0
0
0
0
0
0
0
0
0
0
0
0
0
0
0
0
0
0
0
2.01948e-28
0
0
0
0
0
0
0
0
0
0
0
0
0
0
0
-1.61559e-27
0
0
0
0
0
0
0
0
0
8.07794e-28
0
0
0
0
3.23117e-27
0
0
-2.06795e-25
0
0
0
0
0
0
0
0
0
0
0
0
0
0
0
0
0
0
0
0
0
0
0
0
0
0
0
0
0
0
4.03897e-28
-8.07794e-28
0
0
0
0
0
0
0
0
0
0
0
0
0
0
0
0
0
0
0
3.23117e-27
0
0
0
0
0
0
0
0
0
0
2.01948e-28
0
-2.01948e-28
0
0
0
0
0
-8.07794e-28
3.23117e-27
0
0
0
0
0
0
0
0
0
0
0
-3.23117e-27
0
-2.58494e-26
0
0
0
0
0
0
0
0
-2.06795e-25
0
0
0
0
0
0
6.46235e-27
0
0
0
0
0
6.46235e-27
0
0
0
0
0
0
0
0
0
0
0
0
0
0
0
0
0
0
0
0
0
0
0
0
0
0
0
0
0
0
0
0
0
0
0
0
0
0
0
0
0
0
2.06795e-25
0
0
0
-1.29247e-26
0
0
0
0
0
0
0
0
0
0
0
0
0
0
0
1.29247e-26
0
0
0
0
0
0
8.07794e-28
0
0
0
0
0
0
0
0
0
0
0
0
0
0
0
-4.03897e-28
0
0
0
0
0
0
0
0
0
0
-1.29247e-26
0
0
0
0
0
0
0
0
0
0
0
0
0
0
0
0
1.29247e-26
0
1.61559e-27
0
0
0
0
6.46235e-27
0
0
0
0
0
0
0
0
0
0
0
0
0
0
0
0
0
0
0
0
0
0
0
0
0
0
0
0
0
0
0
-8.07794e-28
0
0
0
0
0
-8.07794e-28
0
0
0
0
8.07794e-28
0
0
0
0
0
0
0
0
0
0
0
0
0
0
0
0
0
0
0
-8.07794e-28
0
0
0
0
0
0
0
0
0
0
0
0
0
0
0
0
0
0
0
8.07794e-28
0
0
0
0
1.61559e-27
0
-1.29247e-26
0
0
0
0
0
0
6.46235e-27
0
0
0
1.29247e-26
0
0
0
0
0
0
0
0
0
0
0
0
0
0
0
0
0
-8.07794e-28
0
0
0
0
0
0
0
0
-8.07794e-28
0
0
0
0
0
0
0
0
0
-8.07794e-28
0
0
0
0
-1.29247e-26
0
0
0
0
-6.46235e-27
0
0
0
0
0
0
0
-5.16988e-26
0
0
0
0
0
0
0
0
0
0
0
0
0
0
0
0
0
0
0
0
0
0
0
0
0
0
0
-8.07794e-28
0
-6.46235e-27
0
0
0
0
0
0
0
0
0
0
0
0
0
0
0
0
0
-1.29247e-26
0
0
0
0
6.46235e-27
0
0
0
0
0
0
-6.46235e-27
0
0
0
0
0
0
0
0
0
-4.03897e-28
0
0
0
0
0
0
0
0
0
0
0
6.46235e-27
0
0
0
0
0
0
0
0
0
0
0
0
0
0
0
0
0
0
0
0
0
0
0
0
0
0
0
0
0
0
0
0
0
0
0
0
0
0
0
0
0
0
0
0
0
0
0
1.61559e-27
0
0
0
0
0
0
0
0
0
0
0
0
0
0
0
0
0
0
0
8.07794e-28
0
0
0
0
0
0
0
0
0
0
0
0
0
0
0
0
0
0
1.61559e-27
0
0
0
0
0
0
0
0
0
0
0
0
0
0
0
1.61559e-27
0
0
0
0
0
6.46235e-27
0
0
0
0
0
0
0
0
0
0
0
0
-8.07794e-28
0
0
0
0
0
0
0
0
0
0
0
0
0
0
0
0
0
1.29247e-26
0
0
0
0
0
0
4.1359e-25
0
0
0
0
0
0
0
0
0
0
0
0
0
0
0
0
0
0
0
0
0
0
0
0
0
0
0
0
0
0
0
0
-8.07794e-28
0
0
0
0
0
0
0
0
0
0
0
0
0
0
0
0
0
0
0
0
0
0
-4.1359e-25
0
0
0
0
0
0
0
0
0
0
0
0
0
0
0
0
0
0
0
0
0
0
0
0
0
0
0
0
0
0
0
0
0
0
0
0
0
0
0
0
-4.1359e-25
0
0
0
0
0
0
0
0
0
0
-4.1359e-25
1.29247e-26
0
0
0
0
0
0
0
0
0
0
0
0
0
0
0
0
0
0
0
0
0
0
0
0
0
0
8.07794e-28
0
0
0
0
0
0
0
0
0
0
0
0
0
0
0
0
4.1359e-25
0
0
1.29247e-26
0
0
0
0
0
0
0
0
0
0
0
0
0
0
0
0
0
0
0
0
0
-1.29247e-26
0
0
0
0
0
0
0
0
0
0
0
0
1.61559e-27
8.07794e-28
0
0
0
8.07794e-28
0
0
0
0
0
0
0
0
0
0
0
0
0
0
0
0
0
0
0
0
0
0
0
0
0
0
0
0
0
0
0
0
0
0
-1.29247e-26
0
0
0
0
0
0
0
0
0
0
0
0
0
0
0
1.61559e-27
8.07794e-28
0
0
0
-8.07794e-28
0
0
0
0
0
-1.61559e-27
0
0
0
0
0
0
0
0
0
0
0
0
4.1359e-25
0
-2.58494e-26
0
0
0
0
0
0
0
0
0
0
0
0
0
0
0
0
0
0
0
0
0
0
0
-3.23117e-27
0
0
0
0
0
0
0
0
0
0
0
0
0
0
0
0
0
0
0
0
0
0
0
0
0
0
0
0
0
0
0
0
0
0
0
0
0
0
0
0
0
0
0
0
0
0
0
0
0
0
0
0
1.61559e-27
0
-1.61559e-27
0
0
0
0
0
0
0
8.07794e-28
0
0
0
0
0
0
0
0
0
0
0
0
0
2.58494e-26
-3.23117e-27
0
0
0
0
0
0
0
0
-1.29247e-26
0
0
0
0
0
0
0
0
0
0
0
-3.23117e-27
0
0
0
0
0
0
0
0
0
0
0
0
0
0
0
0
0
0
0
0
0
0
0
0
0
0
0
0
0
0
0
0
0
0
0
0
0
0
0
0
0
0
0
-3.23117e-27
0
0
0
0
0
0
0
0
0
0
1.61559e-27
0
0
0
0
0
0
0
0
3.23117e-27
3.23117e-27
0
0
0
0
0
0
0
0
0
0
0
0
0
0
0
0
0
0
0
0
0
0
0
0
0
1.61559e-27
0
-1.61559e-27
-3.23117e-27
0
0
0
0
0
0
0
0
0
0
0
0
0
0
0
0
0
0
0
0
0
0
0
0
0
-3.23117e-27
0
0
0
0
0
0
0
0
0
0
0
0
0
0
0
0
0
0
0
0
0
0
0
0
0
0
0
0
0
0
0
0
-2.58494e-26
0
0
0
0
0
0
0
0
0
-1.61559e-27
0
0
0
0
0
0
0
0
0
0
0
0
0
3.23117e-27
0
0
1.61559e-27
0
0
0
0
0
0
0
8.07794e-28
-1.29247e-26
0
0
0
1.61559e-27
0
0
0
0
0
0
0
0
0
-2.58494e-26
1.61559e-27
-2.58494e-26
0
2.58494e-26
0
0
0
0
0
0
0
-1.03398e-25
0
0
0
0
0
0
0
0
1.61559e-27
0
0
0
0
0
0
0
0
0
0
0
0
0
0
0
0
0
0
0
-8.07794e-28
1.29247e-26
0
0
0
-1.61559e-27
0
0
0
0
0
0
0
0
0
0
0
-2.58494e-26
0
0
0
0
0
-1.61559e-27
0
0
0
0
0
0
0
0
0
0
0
0
0
0
0
0
3.23117e-27
8.07794e-28
0
0
0
0
0
0
0
0
0
0
0
0
0
0
0
0
0
0
0
1.61559e-27
0
0
0
-1.61559e-27
0
0
0
0
0
0
0
0
0
0
0
0
-2.58494e-26
0
0
0
0
0
0
0
0
0
0
0
0
0
0
0
0
0
3.23117e-27
0
0
0
0
0
0
0
0
0
0
0
0
0
0
0
0
0
0
0
0
0
0
0
0
-1.61559e-27
0
0
0
0
0
0
0
0
0
0
0
0
0
0
0
0
0
0
0
0
0
0
0
0
1.61559e-27
0
0
0
0
0
0
0
0
-8.07794e-28
-3.23117e-27
0
0
0
0
0
0
0
0
0
0
0
0
0
0
0
0
0
0
0
0
0
0
0
0
0
1.61559e-27
0
0
0
0
0
0
0
0
0
0
0
0
0
0
0
0
0
0
0
0
0
0
0
5.16988e-26
0
0
0
0
0
0
0
0
0
0
3.23117e-27
0
0
0
0
0
0
0
0
0
0
0
0
0
0
0
0
0
1.29247e-26
0
0
0
0
0
0
0
0
0
0
0
-8.27181e-25
0
-2.58494e-26
0
0
3.23117e-27
0
0
1.29247e-26
0
0
0
5.16988e-26
0
0
0
0
0
0
0
0
3.23117e-27
0
0
0
0
0
0
0
0
0
0
0
0
0
0
0
0
0
1.29247e-26
0
0
0
0
-1.29247e-26
0
0
0
0
0
0
0
0
0
0
0
-8.27181e-25
0
0
0
0
0
0
1.29247e-26
0
0
0
-8.27181e-25
0
0
0
0
0
0
0
0
-8.07794e-28
0
0
0
1.29247e-26
0
0
0
0
0
0
0
0
0
0
0
0
0
0
0
1.61559e-27
0
0
0
0
0
0
0
0
0
0
5.16988e-26
0
0
0
0
0
0
0
0
0
0
-5.16988e-26
-6.46235e-27
0
2.58494e-26
0
0
-5.16988e-26
0
0
0
0
0
0
0
0
0
0
0
0
0
0
0
0
0
0
0
0
0
0
0
0
0
0
0
0
0
0
0
0
0
0
1.29247e-26
0
0
0
3.23117e-27
2.58494e-26
-1.29247e-26
8.27181e-25
0
-8.27181e-25
0
0
-8.07794e-28
0
0
0
0
0
0
0
-8.27181e-25
0
0
0
0
0
0
0
0
0
0
0
0
0
0
0
0
0
0
0
0
0
0
0
0
0
0
0
0
0
0
0
0
0
0
0
0
0
0
0
0
0
0
-8.27181e-25
0
0
0
0
0
0
0
0
0
0
0
0
0
0
0
0
0
0
0
8.07794e-28
0
0
0
0
0
0
0
0
0
0
0
0
0
0
0
0
0
0
0
0
0
0
0
0
0
0
0
0
0
0
0
0
0
0
6.46235e-27
1.61559e-27
2.58494e-26
0
0
0
0
0
0
0
0
0
0
0
0
0
1.29247e-26
0
0
0
-3.23117e-27
0
0
0
0
0
0
0
0
0
0
0
0
0
0
0
0
0
0
0
0
0
0
0
0
0
3.23117e-27
0
0
0
0
0
0
0
0
0
0
5.16988e-26
0
8.27181e-25
0
0
0
0
0
0
0
0
0
0
0
0
0
0
0
0
0
8.07794e-28
0
0
0
0
0
0
3.23117e-27
0
0
0
0
0
0
0
0
0
0
0
0
0
0
0
0
0
0
0
0
0
0
0
0
0
0
0
0
-8.27181e-25
0
5.16988e-26
6.46235e-27
0
0
0
0
0
0
0
0
0
0
0
0
0
0
0
-3.23117e-27
0
0
0
0
0
0
0
0
0
0
0
0
0
0
0
-1.61559e-27
0
-2.58494e-26
2.58494e-26
1.61559e-27
0
0
0
0
0
0
0
0
0
0
-5.16988e-26
0
0
0
0
0
0
0
0
0
0
0
0
0
0
0
0
8.27181e-25
0
0
0
0
0
0
0
0
0
0
0
0
0
3.23117e-27
0
0
0
0
0
0
0
0
-3.23117e-27
0
0
0
0
-1.61559e-27
0
0
0
0
0
0
0
0
0
-1.29247e-26
0
0
0
0
0
0
0
0
0
0
0
0
0
-3.23117e-27
0
0
0
0
0
0
0
0
0
0
0
0
0
0
0
0
0
0
0
0
0
0
0
0
0
0
-3.23117e-27
0
0
0
0
0
0
0
0
0
0
0
0
0
0
0
0
0
0
0
0
0
0
0
3.23117e-27
0
0
0
0
0
0
0
0
0
0
0
0
0
0
0
-2.58494e-26
0
0
0
0
0
0
0
0
0
0
0
0
0
0
0
0
-1.61559e-27
0
0
0
0
0
0
0
0
0
0
0
0
0
0
-8.27181e-25
0
8.27181e-25
0
0
2.58494e-26
0
0
0
0
0
0
0
0
3.23117e-27
0
2.58494e-26
0
0
0
0
0
0
0
0
0
0
0
0
0
0
-3.23117e-27
0
0
0
0
0
0
0
0
0
0
0
0
0
0
0
0
0
0
0
0
0
0
0
0
0
0
0
2.58494e-26
0
0
8.27181e-25
0
0
0
0
0
0
0
0
-3.23117e-27
0
0
0
0
0
0
0
0
0
0
0
0
0
0
0
0
0
3.23117e-27
0
0
0
0
0
0
0
0
0
0
0
-3.23117e-27
0
0
0
0
0
0
0
0
0
0
0
0
0
0
0
0
0
0
0
0
0
0
0
0
0
0
0
0
0
0
0
0
0
0
0
0
0
0
0
-5.16988e-26
0
0
0
0
0
0
0
0
-3.30872e-24
0
0
0
0
0
0
0
-8.27181e-25
0
0
0
0
8.27181e-25
0
0
0
0
0
0
0
0
0
0
0
0
0
0
0
0
0
0
0
0
0
0
0
0
0
0
0
0
0
0
0
0
0
0
0
0
0
0
-8.27181e-25
0
-2.58494e-26
1.03398e-25
0
0
0
0
0
0
-2.58494e-26
-1.03398e-25
0
0
0
0
1.03398e-25
0
0
0
0
0
0
0
-2.58494e-26
0
0
0
0
0
0
0
0
0
0
0
0
0
0
0
0
0
0
0
0
2.58494e-26
0
0
0
0
0
0
0
0
0
0
0
0
0
0
0
0
0
0
5.16988e-26
0
0
0
0
0
0
-4.1359e-25
0
-4.1359e-25
0
2.58494e-26
0
-5.16988e-26
0
0
0
0
0
0
0
0
0
0
0
0
0
0
0
0
0
0
0
0
0
0
0
0
0
0
0
0
0
0
0
0
0
0
0
0
0
0
-5.16988e-26
0
0
0
0
0
0
0
0
0
0
0
0
0
0
0
0
-4.1359e-25
-4.1359e-25
0
0
-4.1359e-25
0
0
0
0
0
0
0
0
0
0
0
0
0
0
0
0
0
0
0
0
0
0
0
0
0
0
0
0
0
0
0
0
0
0
0
0
0
0
0
0
0
0
0
0
0
0
5.16988e-26
0
0
0
0
0
0
0
0
0
0
0
0
0
0
0
0
0
0
0
0
0
0
0
0
0
0
0
0
0
0
0
0
0
0
0
0
0
0
0
0
0
0
2.58494e-26
0
0
0
0
0
0
0
0
0
0
0
0
0
0
0
0
0
0
0
0
0
2.58494e-26
0
-2.58494e-26
0
0
0
0
0
0
0
0
0
0
0
0
0
0
5.29396e-23
0
0
)
;
    }
}


// ************************************************************************* //
