/*--------------------------------*- C++ -*----------------------------------*\
| =========                 |                                                 |
| \\      /  F ield         | OpenFOAM: The Open Source CFD Toolbox           |
|  \\    /   O peration     | Version:  2312                                  |
|   \\  /    A nd           | Website:  www.openfoam.com                      |
|    \\/     M anipulation  |                                                 |
\*---------------------------------------------------------------------------*/
FoamFile
{
    version     2.0;
    format      ascii;
    arch        "LSB;label=32;scalar=64";
    class       volScalarField;
    location    "4.549946287382916";
    object      rho;
}
// * * * * * * * * * * * * * * * * * * * * * * * * * * * * * * * * * * * * * //

dimensions      [1 -3 0 0 0 0 0];

internalField   nonuniform List<scalar> 
21822
(
1.61997
0.757718
0.664759
1.40765
0.931733
0.997063
0.873457
1.0179
0.886944
0.781567
0.716208
0.810225
0.814931
0.723128
0.734662
1.19079
0.77772
2.28542
0.76993
0.817306
0.839002
0.753444
0.728499
0.745032
0.785901
0.78528
13.1221
1.11973
0.749285
0.746059
1.28993
0.736342
0.788857
4.69689
0.812948
13.2852
0.867306
0.726778
0.757311
0.767847
0.751639
0.854426
3.16719
0.819153
13.2841
1.03439
0.852308
5.06045
0.777796
0.744022
0.786027
0.706363
0.801127
11.7538
0.93965
0.862119
5.90007
0.772269
0.750018
0.735374
0.803305
0.758669
1.42289
0.890664
0.751474
1.23173
0.766775
0.757067
0.81119
1.19738
0.979036
7.73203
0.963202
0.765374
0.818474
0.776564
0.750384
1.04823
3.58989
0.979193
4.10572
1.08082
0.756777
1.14674
0.783653
0.754113
0.784123
1.97742
0.937316
5.33608
0.786918
0.78311
1.84472
0.749189
0.755344
0.736508
2.43951
0.783215
0.817452
1.61163
0.743291
0.866139
0.767314
0.743601
0.754101
0.737953
0.736631
0.736569
0.809234
0.753489
0.734879
0.762963
0.74167
0.812948
0.771485
0.735104
0.735126
0.748971
0.770817
0.77916
0.73552
0.735817
0.735987
0.739874
0.73523
0.735327
0.756551
0.740604
0.738486
0.734936
0.735074
0.735279
0.734885
0.735053
0.735216
0.73507
0.7347
0.734904
0.73446
0.734659
0.734907
0.734476
0.734636
0.73482
0.734066
0.734206
0.734381
0.734018
0.73416
0.734359
0.734024
0.734133
0.734275
0.733715
0.73377
0.733859
0.733652
0.733706
0.733809
0.73364
0.733675
0.733741
0.73343
0.733409
0.733425
0.733363
0.733334
0.733356
0.733346
0.733319
0.733313
0.733187
0.733147
0.733131
0.733138
0.733088
0.733072
0.733125
0.733078
0.733047
0.733082
0.733066
0.733046
0.733052
0.733029
0.733012
0.733037
0.733013
0.732998
0.7331
0.733103
0.733097
0.733083
0.733084
0.733083
0.733062
0.733058
0.733067
0.732958
0.732953
0.732975
0.732945
0.73294
0.732963
0.732945
0.732939
0.732949
0.732494
0.732477
0.732536
0.732489
0.732471
0.732524
0.732543
0.732526
0.732521
0.731907
0.731888
0.731945
0.731912
0.731893
0.731943
0.731987
0.731968
0.731953
0.731443
0.731425
0.731455
0.731456
0.731438
0.731461
0.731514
0.731499
0.731479
0.731202
0.73118
0.731183
0.731219
0.731197
0.731194
0.731249
0.731233
0.731212
0.731182
0.731165
0.731146
0.731195
0.731179
0.731156
0.731197
0.731185
0.731169
0.731337
0.731337
0.731309
0.731339
0.73134
0.731313
0.731316
0.731316
0.731315
0.731589
0.731603
0.731576
0.731581
0.731596
0.731573
0.731543
0.731555
0.731564
0.731849
0.731858
0.731834
0.731839
0.731848
0.731827
0.731802
0.73181
0.731818
0.731991
0.731983
0.731972
0.731986
0.731977
0.731968
0.731971
0.731966
0.731963
0.731886
0.731868
0.731881
0.731887
0.731868
0.731878
0.731909
0.731893
0.731881
0.731502
0.731482
0.731525
0.731505
0.731484
0.731523
0.731565
0.731547
0.731531
0.730941
0.730926
0.73099
0.730946
0.730931
0.730992
0.731025
0.731011
0.731
0.730373
0.730368
0.730432
0.730381
0.730375
0.730436
0.730454
0.730448
0.730443
0.729944
0.729948
0.729995
0.729951
0.729955
0.73
0.730001
0.730003
0.730005
0.729736
0.729746
0.729766
0.72974
0.72975
0.729771
0.729758
0.729767
0.729772
0.729757
0.729767
0.729764
0.729756
0.729767
0.729767
0.729744
0.729754
0.729762
0.729929
0.729939
0.72992
0.729924
0.729934
0.729919
0.729894
0.729902
0.729911
0.730129
0.730136
0.730118
0.730122
0.730129
0.730114
0.730091
0.730097
0.730104
0.730265
0.73027
0.730262
0.730258
0.730264
0.730257
0.73024
0.730244
0.730249
0.730331
0.730334
0.730333
0.730327
0.73033
0.73033
0.730321
0.730323
0.730326
0.730379
0.73038
0.730376
0.730379
0.73038
0.730376
0.730374
0.730375
0.730375
0.730461
0.73046
0.730448
0.730462
0.730462
0.73045
0.730453
0.730453
0.730451
0.730606
0.730606
0.730585
0.730608
0.730609
0.730588
0.73059
0.730592
0.73059
0.73083
0.730831
0.730802
0.730832
0.730833
0.730806
0.730806
0.730808
0.730808
0.731134
0.731134
0.7311
0.731137
0.731137
0.731104
0.731104
0.731105
0.731106
0.731465
0.731506
0.731472
0.731508
0.731516
0.731472
0.73147
0.73147
0.731477
22.1595
5.32858
1.99987
1.62099
0.717522
0.773682
6.44154
1.00792
0.680757
0.860317
1.29115
4.02457
2.6716
0.900863
1.17104
0.945037
0.81545
0.797306
0.829638
0.866165
15.347
22.125
5.7312
0.822968
2.78867
0.713266
0.807161
1.15452
0.714143
0.621649
0.706432
0.632234
8.91818
1.40452
4.03386
1.03315
0.763331
0.632269
0.70225
1.13396
1.06556
0.902598
1.50605
1.21964
0.727518
0.716405
0.913473
10.5353
0.88703
1.1163
0.82734
0.886563
0.814996
0.64987
0.696438
2.36442
0.87098
1.15414
1.43572
0.866452
0.730505
1.10194
0.709018
2.09974
1.34627
1.4879
1.55032
1.24243
1.30628
1.04251
1.2083
11.5417
16.8526
0.733218
18.8449
10.9186
2.73604
129.555
21.1871
0.778537
1.11884
0.971457
0.805689
0.728109
1.00219
0.778223
0.6755
0.813085
0.705068
0.718756
0.673537
0.730832
0.694284
0.647687
1.76786
0.662767
0.665311
0.862792
0.727764
0.665073
1.67541
1.49095
0.976806
7.18976
1.47591
0.918949
1.87303
1.03358
0.865937
0.821167
1.05346
0.931311
1.67863
1.42956
0.734798
0.707971
0.765297
0.704681
0.782797
0.78356
0.95873
0.829487
0.840545
0.742544
0.924868
0.807845
1.62606
0.839569
1.28731
0.728776
0.778438
0.773493
0.721152
0.783845
0.759258
0.798441
0.929613
0.96827
1.70286
0.958806
0.856374
0.767649
0.721373
0.883028
0.736789
0.90464
2.73349
0.822728
0.807672
1.55886
0.74084
3.83976
5.54886
0.793705
0.790596
0.780714
0.797833
1.92019
0.757181
5.46991
11.2045
0.731464
0.731784
0.731466
0.731464
0.731786
0.731766
0.731466
0.73147
0.731764
0.731745
0.731473
0.731754
0.731466
0.731465
0.731785
0.731766
0.731471
0.731747
0.731761
0.731465
0.731469
0.731766
0.731785
0.731475
0.731761
0.731748
0.731468
0.731784
0.731469
0.731787
0.731767
0.731474
0.731764
0.731745
0.731755
1.16745
49.945
6.6949
5.15518
6.43976
3.43448
2.56513
67.6509
1.34967
1.17357
7.56314
36.9966
0.877309
23.7178
19.4584
28.5894
2.58084
0.639101
7.67099
3.86473
0.649851
23.7915
0.758313
39.8829
0.734582
2.92157
4.39985
10.403
0.676313
15.3924
0.740514
0.667759
2.31816
4.83277
0.659338
0.595218
4.7231
0.66076
0.943187
0.528978
0.62235
0.644151
0.547317
0.626831
0.693854
0.410806
0.66382
0.694
0.798495
0.663518
29.7602
107.658
2.93769
1.7895
20.1078
107.621
2.54238
11.3519
5.3206
68.8468
55.8733
163.527
81.9164
15.6908
0.72164
38.1826
1.17234
107.61
2.07723
9.17103
8.79222
30.0126
60.1404
2.5353
0.677045
1.28006
0.630121
0.989657
0.899741
0.546697
0.599859
0.585712
0.531425
0.66984
0.585434
0.649957
0.553751
0.307969
0.51814
0.698083
0.730557
0.583701
0.651446
2.07902
1.04316
1.32796
1.43004
1.0435
0.848753
1.13336
0.786349
2.69509
24.0943
25.7532
35.5048
26.0618
51.2572
37.5395
3.20767
0.778003
0.755377
17.8478
0.779592
17.9367
3.01917
0.55849
0.950932
0.634461
0.52958
0.772047
1.975
0.884276
0.716188
1.18873
0.954386
0.713257
1.01575
0.695476
0.583382
0.730453
0.636726
0.446937
0.441591
0.644702
0.668407
0.590994
0.63131
0.656388
0.507917
1.28513
0.66013
0.875878
1.75057
0.901432
0.904822
0.799098
0.822802
0.881336
0.754953
0.78946
0.817246
0.792028
3.92776
0.787277
0.727868
0.848612
1.10988
1.44134
0.925503
0.724312
0.809451
0.839965
0.799807
0.855627
0.912526
0.739065
0.881573
0.728316
1.02284
0.82832
0.831963
0.877733
0.77749
0.937138
0.906502
0.657053
0.730521
0.741518
0.757164
0.669649
0.877962
0.706301
0.851539
0.720702
0.823967
0.73673
0.813121
0.75727
1.07208
1.0352
3.03975
1.664
0.757602
2.57882
0.841047
0.846949
0.717815
0.902113
0.762775
1.05238
0.765694
0.851514
0.740537
0.924003
0.902982
0.894796
0.827167
0.910061
0.912227
0.891329
0.988265
0.915154
0.795489
0.785794
0.769518
0.768015
3.53417
3.32281
0.721628
0.803533
0.72664
0.745979
0.738015
0.728066
0.734977
0.740916
0.719736
0.716997
0.740615
0.771116
0.731181
0.72875
0.784414
0.742792
0.715177
0.795994
0.91561
0.908929
0.795187
16.2314
18.6347
8.42712
7.65846
0.723951
0.772669
0.751097
0.744164
0.723514
0.773861
0.785747
0.720776
0.725402
0.800215
0.726415
0.726249
0.749379
0.96051
0.749118
0.723329
0.780728
0.864559
0.735856
0.784533
0.733607
0.782698
1.76946
0.840669
0.79518
0.935957
0.766348
0.871337
0.904027
1.83454
2.40891
3.14003
0.761906
0.873417
1.94414
4.94251
0.771607
0.80457
0.748395
0.785845
0.808838
0.983275
0.826493
0.783929
0.974058
0.755532
0.939966
0.753925
0.823474
0.776506
0.79578
0.772639
0.737078
0.743393
0.750484
0.796229
0.797905
0.792815
0.868283
5.13183
0.772552
5.75575
0.790429
0.884506
0.796006
2.05134
0.868706
6.195
0.877143
6.18738
13.2858
0.810338
1.01011
0.85461
0.983002
0.911215
0.741879
0.877794
0.752829
0.725439
0.750672
0.752439
0.755844
0.797598
0.773855
2.11277
1.22665
0.759978
0.754592
0.80796
0.798701
1.19259
1.165
6.93092
5.86933
0.843294
7.26189
2.01286
10.1655
0.811975
3.26349
0.775708
6.02319
0.810118
6.67234
13.2837
1.16486
0.937558
0.887513
0.726239
0.782304
0.728753
0.722271
0.753923
0.735217
0.881057
0.758457
2.4163
2.3136
0.78428
1.06226
0.782751
0.849298
1.99665
1.00832
0.804222
3.84242
0.836772
0.76863
7.18061
0.888084
5.31165
6.41397
0.7175
0.770983
0.703759
0.742169
6.45947
0.826272
6.90051
13.2838
0.795434
4.86368
0.789936
0.740072
4.49331
1.2948
0.746884
1.5546
1.74452
8.85226
7.13659
10.3985
0.820639
0.837777
4.63385
0.767177
1.0396
8.53332
0.817684
0.758896
0.886402
0.754069
1.55587
3.13184
0.722851
0.783558
0.720111
1.17209
0.726259
0.769904
0.733953
6.54987
0.776682
0.905292
0.953899
1.61723
1.48806
1.54262
1.20877
2.32699
0.830303
1.81648
4.74299
0.744747
0.959693
10.401
1.66785
2.09575
0.771752
0.949713
0.803846
0.80473
1.80978
1.04059
0.755243
1.80929
0.76027
2.22403
1.2813
0.775396
6.16014
1.57229
2.75623
0.743022
1.01588
0.75538
1.23915
0.873951
4.5239
7.7316
2.46937
3.59794
2.54168
0.782543
2.65968
0.756252
0.742849
0.856612
0.744104
0.801451
1.02647
0.867606
1.01303
0.823587
1.41603
0.848259
1.18603
0.835695
0.978478
0.771118
2.49478
0.850995
2.42321
6.21207
1.06904
1.98171
3.40032
3.75669
0.774102
2.94302
0.80715
5.46586
1.01911
4.95684
7.08444
3.728
3.73463
2.71653
0.751322
2.77913
0.746737
0.744448
0.832031
0.782586
0.778738
0.873817
0.817787
1.7532
0.810762
2.85128
0.741043
0.835874
0.853371
1.08998
0.919851
2.38486
0.789147
1.39684
1.10861
0.908666
2.22262
3.75862
1.47802
0.770266
1.43095
0.912591
3.1599
0.866745
1.92765
2.72027
3.73663
1.48477
2.5995
0.748982
0.952126
0.826496
0.80174
0.852879
0.862365
1.82953
1.02903
2.12659
3.3349
0.743997
2.21348
0.760638
0.956293
1.81137
0.762234
0.772741
2.59931
0.777721
4.46168
3.46267
0.736793
0.821487
3.76466
6.26752
0.9367
4.75601
0.831908
3.28418
0.868364
1.19004
1.33089
0.846763
2.11431
0.771897
0.985763
1.29319
0.807378
0.88852
1.97801
0.792446
1.80771
2.12567
1.79335
1.1091
0.764763
4.3551
0.786042
0.746163
1.16606
0.738358
0.779139
3.08071
0.759646
0.754766
0.794159
0.743779
0.776461
5.10586
0.753662
0.796168
0.740113
0.737868
0.809282
0.736143
0.739807
0.741357
5.67365
3.85387
2.62932
0.810522
2.51739
0.762412
0.790901
1.23107
0.748809
0.736193
1.09865
0.733758
7.62351
0.788462
2.18807
0.86969
0.740369
0.734465
0.771916
0.750593
0.742296
0.892177
0.754519
0.746342
0.815532
0.73535
0.740839
0.74549
0.751766
0.743413
0.736607
0.736022
0.735101
0.735083
0.735061
1.64538
0.739291
1.30266
0.755301
0.739119
0.7473
0.743161
0.733878
0.744184
0.736851
0.733276
0.737553
1.21928
0.810605
0.740702
0.739096
0.82445
0.749298
0.767095
0.877424
0.982843
0.737223
0.799142
0.735218
0.738997
0.735302
0.900743
0.868557
0.735257
0.809189
0.735177
0.735132
0.735211
0.735275
0.73529
0.736966
0.745813
0.739232
0.746495
0.749276
0.756581
0.744664
0.742806
0.776482
0.823052
0.749749
0.792162
0.739286
0.744199
0.748448
0.73728
0.744319
0.758991
0.735349
0.735831
0.737714
0.735075
0.734953
0.73534
0.735321
0.735292
0.74116
0.734976
0.735193
0.734961
0.735068
0.735308
0.735121
0.735247
0.735273
0.751347
0.756082
0.754126
0.786958
0.749594
0.736034
0.795428
0.772651
0.735126
0.734993
0.749562
0.735003
0.752794
0.736823
0.756424
0.734627
0.735285
0.735018
0.735028
0.734942
0.73485
0.73457
0.73456
0.73524
0.735017
0.734973
0.734868
0.734569
0.734999
0.734589
0.734705
0.735182
0.734759
0.734909
0.734943
0.740794
0.734212
0.737445
0.73478
0.734237
0.73434
0.734758
0.734856
0.734381
0.734485
0.734885
0.734505
0.741266
0.734473
0.734193
0.734151
0.734916
0.734521
0.734517
0.734452
0.734442
0.73414
0.734121
0.734851
0.734505
0.734452
0.734455
0.734126
0.734585
0.734138
0.734225
0.73478
0.734267
0.734389
0.734421
0.734101
0.733838
0.734124
0.734225
0.733856
0.733916
0.734262
0.734355
0.73394
0.733987
0.734372
0.733988
0.734078
0.734039
0.733822
0.73378
0.73437
0.733985
0.733954
0.734027
0.734009
0.733767
0.733738
0.734304
0.733941
0.733892
0.734015
0.733734
0.734096
0.733734
0.733769
0.73424
0.73379
0.733852
0.733871
0.733757
0.733547
0.733771
0.733819
0.733555
0.733564
0.733835
0.733865
0.733563
0.733553
0.733864
0.733541
0.733739
0.733698
0.733537
0.733499
0.733824
0.733529
0.733479
0.733685
0.733652
0.733483
0.733442
0.73376
0.733462
0.733419
0.733645
0.73343
0.733661
0.733421
0.733408
0.733722
0.733406
0.733407
0.733411
0.733476
0.733288
0.733481
0.733478
0.733288
0.73327
0.733473
0.733451
0.733256
0.733221
0.733439
0.733207
0.733468
0.733429
0.733284
0.733251
0.733375
0.733193
0.733147
0.733413
0.73337
0.733234
0.733198
0.733319
0.733131
0.7331
0.733358
0.733187
0.733327
0.733177
0.733144
0.733311
0.73313
0.733101
0.733099
0.733229
0.733114
0.733228
0.733208
0.733114
0.733102
0.733196
0.733158
0.733095
0.733068
0.733145
0.73306
0.733225
0.733195
0.73311
0.73309
0.733088
0.73305
0.73302
0.733181
0.733146
0.733081
0.733058
0.733048
0.733011
0.732995
0.733136
0.733053
0.733092
0.733047
0.733024
0.73305
0.733016
0.732997
0.732995
0.733095
0.733101
0.733096
0.733089
0.733102
0.733103
0.733083
0.733063
0.733103
0.733099
0.733054
0.733097
0.733092
0.733075
0.733098
0.733085
0.73302
0.733093
0.73308
0.733068
0.733049
0.73308
0.733068
0.732998
0.733075
0.733063
0.733043
0.733065
0.733019
0.733062
0.733055
0.733
0.733054
0.733059
0.733061
0.733097
0.733041
0.733099
0.733103
0.733043
0.733045
0.733103
0.733101
0.733046
0.733044
0.733099
0.733043
0.733095
0.733084
0.73304
0.733034
0.733087
0.733042
0.733036
0.73308
0.733067
0.73303
0.733016
0.73307
0.733033
0.733021
0.733064
0.733012
0.733058
0.733011
0.733009
0.733064
0.733009
0.733015
0.733017
0.73298
0.732704
0.732981
0.73298
0.732703
0.732697
0.732979
0.732978
0.732694
0.732683
0.732977
0.732679
0.732978
0.73297
0.732705
0.732701
0.732966
0.732676
0.732669
0.732966
0.732953
0.732699
0.732685
0.732953
0.732667
0.732659
0.732949
0.73268
0.73294
0.732676
0.732667
0.732945
0.732664
0.732658
0.732658
0.732569
0.732138
0.732568
0.732558
0.732134
0.732123
0.732554
0.732543
0.732118
0.732103
0.73254
0.732099
0.732568
0.732564
0.732141
0.732145
0.732526
0.732096
0.732093
0.732562
0.732552
0.732145
0.73214
0.73252
0.732093
0.732096
0.732548
0.732136
0.73253
0.732133
0.73212
0.732521
0.732116
0.732102
0.732098
0.731986
0.731601
0.731983
0.731969
0.731596
0.731583
0.731965
0.731952
0.731579
0.731567
0.731949
0.731564
0.731988
0.731992
0.731606
0.731617
0.731942
0.731563
0.731567
0.731993
0.731992
0.73162
0.731623
0.731949
0.731569
0.73158
0.73199
0.731622
0.731973
0.73162
0.73161
0.731956
0.731606
0.731591
0.731585
0.731492
0.731268
0.731487
0.731472
0.731263
0.731248
0.731468
0.731458
0.731243
0.731232
0.731456
0.731231
0.731496
0.731507
0.731274
0.731288
0.731458
0.731231
0.731237
0.731511
0.731516
0.731292
0.731298
0.731473
0.731241
0.731254
0.731516
0.731298
0.731504
0.731297
0.731287
0.731485
0.731282
0.731266
0.73126
0.73122
0.731168
0.731215
0.7312
0.731163
0.731149
0.731194
0.731184
0.731145
0.731136
0.731183
0.731135
0.731225
0.731239
0.731171
0.731182
0.73119
0.731135
0.731141
0.731243
0.73125
0.731186
0.731193
0.731207
0.731144
0.731155
0.73125
0.731193
0.731238
0.731192
0.731182
0.731217
0.731177
0.731163
0.73116
0.731175
0.731264
0.731171
0.731159
0.731263
0.731258
0.731155
0.731146
0.731257
0.731255
0.731145
0.731255
0.731179
0.731189
0.731265
0.731269
0.731153
0.731255
0.731258
0.731192
0.731198
0.731271
0.731275
0.731165
0.73126
0.731265
0.731197
0.731275
0.731189
0.731275
0.731271
0.731172
0.73127
0.731266
0.731266
0.73131
0.731489
0.731309
0.731309
0.731491
0.731497
0.731308
0.731308
0.731499
0.731506
0.731308
0.731507
0.731311
0.731313
0.731487
0.731482
0.731312
0.731507
0.731505
0.731314
0.731316
0.731481
0.731481
0.731315
0.731504
0.731501
0.731316
0.731481
0.731317
0.731482
0.731487
0.731315
0.731489
0.731497
0.731499
0.731554
0.731758
0.731556
0.731565
0.731759
0.731767
0.731568
0.731574
0.73177
0.731777
0.731575
0.731778
0.731552
0.731547
0.731755
0.731748
0.731575
0.731777
0.731772
0.731546
0.731542
0.731746
0.731742
0.731567
0.731769
0.731763
0.731542
0.731742
0.731552
0.731742
0.731747
0.731562
0.73175
0.731759
0.731762
0.731817
0.73196
0.73182
0.731827
0.73196
0.731959
0.731829
0.731834
0.731959
0.731958
0.731834
0.731958
0.731816
0.73181
0.73196
0.731956
0.73183
0.731957
0.731953
0.731808
0.731802
0.731954
0.73195
0.73182
0.731951
0.731947
0.731802
0.731949
0.731808
0.731947
0.731944
0.731816
0.731944
0.731945
0.731946
0.731983
0.73196
0.731983
0.73198
0.731958
0.731948
0.731978
0.731974
0.731945
0.731935
0.731973
0.731933
0.731983
0.73198
0.731962
0.731963
0.731969
0.731932
0.73193
0.731979
0.731975
0.731962
0.731958
0.731964
0.731929
0.731929
0.731973
0.731956
0.731967
0.731953
0.731943
0.731964
0.731939
0.73193
0.731929
0.731915
0.731676
0.731912
0.731901
0.731673
0.73166
0.731897
0.731886
0.731655
0.731642
0.731883
0.731639
0.731917
0.731919
0.731679
0.731684
0.731878
0.731637
0.731636
0.731918
0.731915
0.731684
0.731681
0.731879
0.731637
0.731639
0.731912
0.731678
0.731897
0.731675
0.731663
0.731883
0.731658
0.731644
0.731641
0.731565
0.731163
0.731562
0.731547
0.731161
0.73115
0.731543
0.731531
0.731146
0.731134
0.731528
0.731132
0.731567
0.731571
0.731166
0.731172
0.731523
0.731132
0.731133
0.731571
0.73157
0.731173
0.731173
0.731528
0.731134
0.731138
0.731568
0.731171
0.731552
0.731169
0.731159
0.731534
0.731155
0.731143
0.73114
0.731019
0.730578
0.731016
0.731005
0.730577
0.730571
0.731001
0.730993
0.730569
0.730564
0.730991
0.730563
0.73102
0.731024
0.73058
0.730586
0.73099
0.730563
0.730567
0.731025
0.731028
0.730588
0.73059
0.730997
0.730569
0.730573
0.731027
0.73059
0.731015
0.73059
0.730585
0.731002
0.730583
0.730576
0.730574
0.730443
0.730083
0.730441
0.730435
0.730083
0.730083
0.730434
0.730431
0.730083
0.730084
0.730432
0.730084
0.730444
0.730448
0.730084
0.730089
0.730435
0.730085
0.73009
0.730449
0.730454
0.73009
0.730094
0.730442
0.730091
0.730095
0.730454
0.730095
0.730449
0.730096
0.730097
0.730444
0.730098
0.730097
0.730096
0.729989
0.729786
0.729988
0.729989
0.729787
0.729791
0.72999
0.729993
0.729793
0.729798
0.729994
0.7298
0.729989
0.729992
0.729786
0.729788
0.729998
0.729801
0.729805
0.729994
0.729998
0.729789
0.729793
0.730004
0.729806
0.729808
0.73
0.729795
0.730003
0.729797
0.729802
0.730005
0.729804
0.729808
0.729808
0.72975
0.729725
0.729751
0.729756
0.729727
0.729733
0.729758
0.729764
0.729735
0.729742
0.729765
0.729744
0.729749
0.72975
0.729723
0.729722
0.72977
0.729745
0.729747
0.729751
0.729755
0.729722
0.729725
0.729773
0.729748
0.729747
0.729757
0.729727
0.729765
0.729728
0.729735
0.729772
0.729737
0.729744
0.729746
0.729743
0.729853
0.729745
0.729752
0.729855
0.729861
0.729755
0.729761
0.729864
0.72987
0.729763
0.729871
0.729742
0.72974
0.72985
0.729846
0.729767
0.729872
0.729871
0.72974
0.729741
0.729845
0.729845
0.729764
0.729871
0.729867
0.729743
0.729846
0.729751
0.729847
0.729852
0.72976
0.729854
0.729862
0.729865
0.729901
0.730056
0.729904
0.729911
0.730058
0.730064
0.729913
0.729918
0.730066
0.73007
0.729919
0.730071
0.7299
0.729896
0.730053
0.730046
0.72992
0.730071
0.730067
0.729895
0.729893
0.730045
0.730042
0.729913
0.730066
0.73006
0.729893
0.730043
0.7299
0.730043
0.730046
0.729909
0.730048
0.730055
0.730058
0.730104
0.730222
0.730107
0.730113
0.730224
0.730229
0.730115
0.730118
0.73023
0.730233
0.730118
0.730233
0.730102
0.730097
0.730219
0.730213
0.730115
0.730232
0.730228
0.730095
0.730091
0.730212
0.730209
0.730107
0.730227
0.730222
0.73009
0.730208
0.730095
0.730208
0.73021
0.730102
0.730212
0.730217
0.73022
0.730252
0.730312
0.730254
0.730259
0.730313
0.730316
0.73026
0.730262
0.730317
0.730319
0.730262
0.730319
0.73025
0.730245
0.730311
0.730307
0.730259
0.730319
0.730316
0.730244
0.73024
0.730306
0.730304
0.730252
0.730315
0.730312
0.73024
0.730304
0.730243
0.730303
0.730305
0.730248
0.730305
0.730309
0.73031
0.730328
0.730361
0.730329
0.730331
0.730361
0.730362
0.730332
0.730333
0.730362
0.730363
0.730333
0.730364
0.730327
0.730324
0.730361
0.730359
0.730331
0.730363
0.730362
0.730324
0.730321
0.730359
0.730358
0.730327
0.730362
0.730362
0.730321
0.730359
0.730322
0.730359
0.730359
0.730325
0.730359
0.730361
0.730361
0.730375
0.730424
0.730375
0.730376
0.730424
0.730423
0.730376
0.730376
0.730423
0.730424
0.730376
0.730424
0.730375
0.730375
0.730424
0.730425
0.730376
0.730424
0.730424
0.730375
0.730374
0.730425
0.730427
0.730376
0.730425
0.730427
0.730374
0.730427
0.730375
0.730427
0.730427
0.730375
0.730427
0.730427
0.730427
0.730448
0.730542
0.730448
0.730448
0.730542
0.73054
0.730448
0.730448
0.73054
0.730542
0.730448
0.730542
0.730449
0.730451
0.730543
0.730544
0.73045
0.730543
0.730544
0.730451
0.730452
0.730545
0.730547
0.730451
0.730544
0.730547
0.730452
0.730548
0.730454
0.730548
0.730548
0.730452
0.730548
0.730548
0.730548
0.730584
0.730736
0.730584
0.730584
0.730735
0.730734
0.730584
0.730584
0.730733
0.730736
0.730585
0.730737
0.730585
0.730588
0.730737
0.730738
0.730588
0.730737
0.730739
0.730588
0.730589
0.730739
0.730742
0.73059
0.730739
0.730742
0.73059
0.730742
0.730592
0.730743
0.730743
0.730591
0.730743
0.730743
0.730743
0.730799
0.731012
0.730799
0.730799
0.731012
0.73101
0.730799
0.7308
0.731009
0.731011
0.730801
0.731013
0.7308
0.730803
0.731013
0.731014
0.730806
0.731013
0.731014
0.730804
0.730805
0.731015
0.731018
0.730807
0.731015
0.731018
0.730806
0.731018
0.730808
0.731019
0.731018
0.730808
0.731018
0.731019
0.731019
0.731097
0.731364
0.731096
0.731097
0.731363
0.73136
0.731097
0.731098
0.731359
0.731361
0.731099
0.731361
0.731097
0.7311
0.731363
0.731363
0.731103
0.731361
0.731361
0.7311
0.731102
0.731363
0.731367
0.731105
0.731361
0.731364
0.731103
0.731368
0.731105
0.731367
0.731365
0.731105
0.731365
0.731365
0.731365
0.731563
0.731463
0.731559
0.731466
0.731465
0.731561
0.731562
0.731466
0.731505
0.731507
0.731514
0.73179
0.731765
0.731767
0.731707
0.731503
0.731515
0.731504
0.731765
0.731742
0.731708
0.731765
0.731557
0.731474
0.731471
0.731556
0.731473
0.731559
0.731553
0.731562
0.731468
0.731467
0.731564
0.731515
0.731468
0.731507
0.731767
0.731708
0.73179
0.731766
0.731505
0.731508
0.731505
0.731708
0.731765
0.731765
0.731743
0.731559
0.731472
0.731472
0.731557
0.731473
0.731558
0.731557
0.731563
0.731466
0.731471
0.731561
0.731469
0.731562
0.731565
0.731561
0.73147
0.731469
0.73156
0.73147
0.731559
0.731562
0.73156
53.2395
41.9525
40.0187
41.6063
3.68513
72.9535
21.0873
62.1242
19.447
105.234
3.0037
20.3684
8.08374
24.9747
62.1105
5.29334
2.95745
2.18952
17.5727
7.03504
7.58483
16.8011
8.79629
101.376
5.89006
35.8951
9.18724
8.67275
2.82885
1.26528
1.1974
46.045
3.17848
1.69705
10.3971
1.46915
5.85318
1.40705
39.4254
2.59511
8.46485
5.1741
30.7759
47.292
26.8071
16.4799
107.682
3.94874
50.1504
5.36488
24.2257
44.8635
2.47265
8.13726
114.972
43.3825
1.00099
1.60629
1.76731
4.65401
3.03974
13.5499
1.84972
1.10758
3.05117
0.668195
12.8452
0.675911
1.14783
5.43132
1.30845
0.851156
0.7299
0.678466
2.28543
0.676213
0.94242
0.87362
2.7017
3.6951
9.74736
0.930665
15.0508
1.01951
5.80137
0.908384
15.7034
2.42055
0.940266
3.71422
2.65895
6.88255
2.10739
46.294
0.975984
38.6315
11.2799
10.6057
4.63085
6.88312
67.8388
5.29658
66.4728
4.51975
9.1375
4.19039
4.42831
8.10889
4.84801
180.238
6.45919
15.1768
0.721264
117.248
49.3239
2.47812
0.850315
14.6898
245.001
1.20668
238.203
0.689543
33.6693
9.62291
9.76315
0.870262
0.948353
5.16629
56.9122
0.914918
16.3242
4.21416
0.823073
0.82336
11.7957
34.8293
0.836625
22.6603
0.905139
21.0179
0.834436
85.1486
0.887608
91.4834
3.57572
0.806137
0.820908
15.0052
14.7349
0.820234
205.253
73.2282
0.809714
0.915388
22.6075
267.016
0.875799
186.934
0.844158
39.3583
0.873065
267.098
0.893139
146.56
90.2155
39.9405
59.1171
14.5746
90.2196
34.8592
56.5184
0.97834
0.855342
0.834783
0.714057
1.63558
0.682469
0.759896
0.654884
0.733712
0.725338
0.690405
0.68017
0.656647
0.67118
1.16828
1.32498
0.828911
0.705283
0.8084
1.13259
1.47745
8.64548
1.80956
4.20657
1.2245
12.1865
1.80229
8.51213
0.671763
0.680628
1.3533
0.690592
0.738995
0.677655
0.720194
0.933911
1.02438
1.17156
0.94364
0.904775
1.7503
0.793266
0.951513
0.946256
0.947805
0.91916
0.934707
0.968981
0.964869
0.72761
0.744365
0.757751
0.995649
0.776753
0.771736
0.736607
6.73045
1.27899
1.11232
2.85479
2.23817
1.21062
0.82927
1.02337
0.945518
1.39547
0.877632
0.802293
0.796482
0.77885
1.4506
0.94215
1.49408
0.93536
1.80628
2.08713
0.939088
1.25656
1.70837
1.29119
1.81746
1.43142
2.07436
1.17202
0.944159
0.842203
0.887645
0.776445
0.805141
0.820386
0.761007
0.860666
0.787283
0.674191
0.914019
0.687158
0.704541
0.702453
1.01705
1.13563
1.17365
0.849597
1.33057
0.848274
0.936315
0.695109
0.676877
0.68064
0.776679
0.727069
0.719105
0.748999
3.97371
2.83004
5.27092
1.66353
2.54468
3.25933
1.29124
1.11674
0.872548
1.65033
2.82093
1.46595
1.10878
2.3219
3.21096
2.35944
0.905056
2.58533
4.65002
2.0985
1.07983
2.82887
1.14943
5.11857
1.59165
3.06151
2.096
2.56257
1.10656
0.771854
1.06682
2.93926
0.783853
1.55999
2.25689
1.76906
2.62485
5.17302
2.14036
1.02712
0.789666
1.66053
6.61987
0.879936
10.209
4.1558
2.96374
4.28917
1.29011
13.5812
2.06695
1.00074
10.6825
9.91917
5.45364
1.26136
39.7161
39.694
20.7074
17.1012
38.253
39.7181
17.5658
38.3712
16.4208
30.2244
11.123
20.0516
38.3742
11.5962
0.762717
0.934071
1.80492
1.46566
0.739789
0.929435
1.28156
1.12823
4.96124
0.957592
3.28477
0.957406
16.3694
0.995635
0.980485
0.967202
0.963666
0.969377
0.974513
0.985164
0.970179
0.840099
0.935325
0.925998
0.934925
0.875135
0.909822
0.901279
0.935474
0.933859
0.917714
0.93201
1.23981
1.00002
0.807846
0.882086
0.809859
0.771076
1.21375
0.884077
1.02856
1.02827
0.998921
1.24133
0.84944
0.783082
0.743162
0.873812
0.808405
0.734561
0.750331
0.753481
0.937587
0.811507
0.838715
0.782824
0.778783
0.799014
0.924902
0.850435
0.779074
0.764322
0.949743
0.786613
0.782649
0.828694
0.750406
0.786597
0.773863
0.765007
0.762746
0.796408
0.791976
0.802811
0.744177
0.719847
0.739276
0.74739
0.727352
0.742962
0.726982
0.833746
0.726798
0.770859
0.760619
0.863266
0.852636
0.728924
0.778228
0.778341
0.774373
0.781947
0.788343
0.794129
0.759503
0.739544
0.769028
0.747601
0.752327
0.73789
0.764756
0.766034
0.774922
0.792349
0.748711
0.786329
0.740121
0.773302
0.961061
0.963565
2.2219
0.916062
2.39259
1.36163
1.02459
1.61153
0.755621
11.3125
5.13514
3.42911
5.70077
0.902603
1.37001
1.14374
0.739684
0.819668
0.749141
0.948345
2.53325
1.42721
1.20014
0.920515
1.00609
0.780509
1.30845
0.740964
1.14465
2.09918
1.48031
2.96867
1.35123
0.799125
0.761626
0.75055
1.1189
0.733746
1.00068
1.06041
0.722925
0.752933
0.719099
0.714746
0.71162
0.735218
0.726963
0.730149
0.73479
0.719556
0.723664
0.747497
0.76496
0.793879
0.914294
0.828306
0.780586
0.880681
0.805203
0.768764
0.750126
0.750027
0.73957
0.730231
0.735646
0.746507
0.736793
0.738665
0.74211
0.744166
0.759619
0.75452
0.749593
1.76644
0.84531
2.14119
2.24595
0.888372
1.35286
0.964787
19.4226
8.28504
1.10916
10.562
4.96076
3.48141
1.78877
1.30862
4.2254
3.33533
1.40374
3.30843
1.2945
1.81194
0.840968
1.20728
0.863494
1.40832
0.938201
1.12632
3.20996
1.19883
1.79418
1.01706
0.877397
0.846294
1.06957
1.43681
0.949498
0.754136
1.18016
2.25909
0.964166
0.82633
1.97354
0.933803
2.63173
2.52696
0.923919
5.31365
0.765084
4.40962
0.788587
0.734552
0.786084
0.745869
0.757929
0.73642
0.944872
2.43005
1.07157
1.04114
2.49282
3.45412
2.62546
0.897249
9.54495
0.84425
6.59949
4.19987
9.61383
11.7432
1.8617
0.901526
0.7548
1.07152
0.765543
0.781142
0.797618
0.767753
1.18724
0.974524
0.818111
0.798704
0.830067
0.774615
1.34043
0.781493
0.815202
0.819424
0.769871
0.767961
0.787926
0.856497
0.998217
0.823763
0.944243
1.6793
0.830908
1.46187
1.47578
0.768401
0.771925
1.02544
6.65857
3.55238
1.96935
1.43009
1.87969
2.41034
5.22573
3.162
1.61601
7.46862
0.936597
1.98798
10.001
4.59353
2.87075
13.5811
2.78128
0.759131
0.89756
1.51502
0.891101
1.65836
2.54065
6.63354
4.18581
1.92127
11.4637
1.83082
11.2738
5.908
14.866
13.076
9.58677
15.114
15.0565
15.0458
7.65381
0.731565
0.731659
0.731561
0.731464
0.731463
0.731562
0.73156
0.731467
0.731462
0.731559
0.731464
0.731562
0.731559
0.731558
0.731463
0.731464
0.731558
0.731463
0.731558
0.731556
0.731792
0.731658
0.731795
0.73179
0.731661
0.731671
0.731764
0.731767
0.73176
0.731666
0.731648
0.731675
0.731664
0.731794
0.731763
0.731785
0.731662
0.731672
0.731665
0.731672
0.731558
0.731467
0.731558
0.731464
0.731466
0.731557
0.731465
0.731558
0.731555
0.731557
0.731471
0.731468
0.731555
0.731468
0.731558
0.731553
0.731795
0.731789
0.731665
0.731673
0.731792
0.731664
0.731793
0.73176
0.731787
0.731668
0.731675
0.731667
0.731673
0.731757
0.731748
0.731763
0.731676
0.731678
0.731688
0.731677
0.731558
0.731696
0.731561
0.731467
0.731464
0.731559
0.731466
0.731563
0.731559
0.731561
0.731467
0.731466
0.731563
0.73156
0.731465
0.731466
0.731559
0.731465
0.731557
0.73156
0.731797
0.731667
0.731774
0.731761
0.731766
0.731671
0.731649
0.731676
0.731667
0.731797
0.731802
0.731669
0.731674
0.731764
0.731795
0.731793
0.731667
0.731673
0.731674
0.731668
0.731555
0.731472
0.731558
0.731471
0.731472
0.731557
0.731471
0.731556
0.731559
0.731559
0.731473
0.731471
0.731561
0.731763
0.731747
0.731763
0.731684
0.731681
0.731692
0.731681
0.731797
0.731675
0.731758
0.731796
0.731794
0.731676
0.731679
0.731679
0.731675
0.731798
0.731803
0.731676
0.73168
0.731561
0.731466
0.731466
0.73156
0.731467
0.731561
0.731558
0.731563
0.731468
0.731563
0.731466
0.73147
0.731562
0.731469
0.73156
0.731565
0.731797
0.731802
0.73167
0.731673
0.731795
0.731764
0.731793
0.731667
0.731673
0.731668
0.731674
0.731797
0.731667
0.731761
0.731774
0.731767
0.731672
0.731651
0.731668
0.731677
0.731559
0.731473
0.731473
0.731561
0.731559
0.731473
0.731477
0.731558
0.731475
0.731555
0.731561
0.731556
0.731474
0.731796
0.731758
0.731794
0.731677
0.731679
0.731675
0.73168
0.731798
0.731803
0.731676
0.73168
0.731748
0.731763
0.731763
0.731684
0.731682
0.731682
0.731693
0.731798
0.731675
0.731567
0.731661
0.731562
0.731469
0.731468
0.731561
0.731468
0.731559
0.731562
0.731566
0.731468
0.731564
0.73147
0.731469
0.731566
0.731768
0.731764
0.731761
0.731668
0.73165
0.731666
0.731677
0.731764
0.731794
0.731786
0.731664
0.731674
0.731674
0.731667
0.731793
0.73166
0.731795
0.73179
0.731663
0.731673
0.73156
0.731472
0.731475
0.731558
0.731473
0.731556
0.731561
0.731563
0.731471
0.731471
0.731565
0.731561
0.731472
0.731761
0.731794
0.731787
0.73167
0.731677
0.731675
0.731669
0.731749
0.731758
0.731764
0.731679
0.73168
0.731679
0.73169
0.731795
0.731789
0.731668
0.731675
0.731792
0.731667
0.731697
65.8723
57.7746
144.121
144.108
11.8771
15.8771
1.65186
6.60465
37.3922
2.55777
2.71234
2.80645
4.40293
2.68965
1.61609
2.68921
1.61572
1.62262
10.8636
26.2397
62.4265
67.6512
49.8056
10.7466
27.5916
3.61536
6.71808
15.8408
15.4257
6.52455
15.4089
7.41553
2.86231
3.69049
1.23129
1.22856
25.0445
61.5161
75.6308
107.641
81.0022
25.481
56.7028
108.56
48.0002
25.0974
22.6587
99.6442
104.954
72.0267
76.0751
22.2632
125.203
96.9237
40.8715
122.546
50.538
0.59998
0.602367
0.850043
0.665291
0.63269
0.701863
0.563357
0.646482
0.89437
0.742059
0.74505
0.67868
0.699589
0.700617
0.901226
1.04287
1.05582
0.970337
1.06586
0.964563
0.95944
0.545928
0.575194
0.790659
0.626903
0.585811
0.570142
0.549081
0.569365
0.586797
0.64014
0.631463
0.548809
0.562923
0.675131
0.738877
0.89361
0.870977
0.82591
0.849762
0.781555
0.775331
0.980383
0.988211
0.958281
0.938702
0.893589
0.90797
0.833621
0.794831
0.910735
0.807695
0.894534
0.889525
0.856474
0.819
0.955815
0.908692
0.79516
0.951385
0.838342
0.896712
0.911262
0.925144
0.909375
0.854519
0.922435
0.897305
0.907663
0.835137
0.802539
0.804254
0.903173
0.89666
0.902022
0.851171
0.853841
0.903644
0.82099
0.905415
0.916327
0.766828
0.772152
0.781689
0.784938
0.785308
0.782717
0.847326
0.767474
0.823253
0.753865
0.789282
0.886609
0.972004
0.98265
0.846411
0.764475
0.738342
0.72949
0.855642
0.740238
0.728022
0.730195
0.786069
0.75318
0.749555
0.743863
0.785895
0.759107
0.745217
0.836464
0.808191
0.778979
0.770961
0.730539
0.851159
0.8366
0.924145
0.738249
1.10448
0.751285
0.732488
0.754632
1.15488
0.730378
0.735055
0.746513
1.21232
0.801884
0.759573
1.04769
1.28613
0.757322
0.852338
0.787468
1.01554
0.773448
1.16769
1.95207
0.902772
1.55168
0.885086
1.01773
1.55235
2.51747
3.24603
0.826264
1.14417
1.91858
13.2809
0.781168
0.781883
0.779066
0.782101
0.780108
0.780187
1.49352
0.83499
0.943301
1.26902
0.785194
1.07037
0.740317
0.863179
0.731593
0.72854
0.72429
0.735337
0.714953
0.736332
0.729765
0.74188
0.7539
0.750251
0.747768
0.748631
0.750969
0.752533
0.750149
1.33582
0.81188
0.799667
3.20095
0.753801
2.07489
0.730286
0.880295
0.737376
1.46857
0.722299
0.738046
0.748863
1.23954
0.744201
0.744109
0.755915
1.26313
1.86531
1.27268
0.827026
0.8106
1.70221
1.50426
0.840704
6.07006
2.46208
8.21305
5.37608
8.15526
1.64106
8.21214
5.45951
1.07532
5.86605
0.796672
7.12523
1.06813
4.1968
13.2837
0.743042
0.757439
0.753589
0.765223
0.76093
0.752188
14.1656
16.1033
0.718413
0.751225
0.742361
0.797013
0.727532
0.808407
0.790775
0.749403
0.742117
0.750322
0.743376
0.762447
0.765702
0.792026
1.11276
0.772651
0.770248
0.785748
0.850413
1.01399
0.839353
1.11666
6.91535
4.99119
1.51941
0.740418
0.987429
0.722287
0.76594
0.746781
0.739218
0.729039
0.757146
0.759462
1.25106
0.750475
0.779423
0.753747
1.15053
1.52205
2.01947
0.829679
0.861428
1.85103
1.95334
0.80122
2.35922
0.915605
5.55495
2.45789
2.88706
0.900704
3.65856
4.09831
0.985742
2.52412
0.82753
3.50666
1.00226
3.08621
13.2841
0.781824
0.734051
0.937289
0.75792
0.769646
0.815524
1.79444
0.788219
0.92376
0.892838
0.839241
1.75124
0.971468
0.779303
0.755198
1.36885
0.814478
0.925633
0.972979
2.01647
0.7538
0.843573
9.41443
9.41567
2.81058
7.9882
9.28783
9.4159
4.06562
0.754808
0.781978
0.812445
0.768173
0.747359
0.753051
0.734553
0.76786
0.74298
0.78194
0.739047
0.735547
0.743101
0.771647
0.743332
0.734607
0.745158
0.749531
0.698883
0.943328
0.71326
0.742868
0.748609
0.783087
0.711237
0.680043
0.69429
0.692861
0.7242
0.674669
0.702182
0.718856
3.28697
0.987968
2.13487
0.81088
4.97719
1.04059
1.4105
6.27844
2.86076
1.11658
1.68903
2.96286
2.92318
2.37067
6.80743
6.80663
0.831838
0.759494
0.746285
0.831157
0.843283
0.752008
0.747703
1.24029
0.757229
0.821805
0.76688
0.835135
0.753001
0.804295
4.2294
8.86204
2.4374
4.06016
3.93749
7.48114
1.83549
0.779103
0.79801
0.760747
0.888508
0.745808
0.80809
0.740437
0.771138
0.747563
0.847262
0.741332
0.741059
0.758228
0.932107
0.758667
0.806224
0.802096
1.23011
0.899614
0.732291
0.727484
0.77062
0.728998
0.91217
0.74254
0.737535
0.725371
0.883299
0.83481
0.734944
0.72517
0.936888
0.872702
0.810201
0.770882
0.758768
0.776206
0.815833
0.861271
4.21267
1.39958
1.66495
0.749642
0.745834
0.746532
0.748153
1.11557
1.8715
0.828173
0.750411
0.748199
0.92063
0.804081
0.747718
0.747224
0.752705
0.74961
0.765163
0.754337
0.764703
0.748355
0.756336
3.42539
2.79576
1.38263
0.968982
5.64509
1.45484
1.07281
1.48182
3.6201
1.06644
4.2203
0.748447
0.949375
0.746873
0.762782
0.748704
1.03703
0.754127
0.779363
0.825731
1.21163
0.74999
0.759205
0.824842
0.999391
0.830313
0.815864
0.744335
0.900836
0.840113
0.861379
0.743565
0.869587
0.730487
1.54081
1.56033
0.798973
0.74173
2.0414
5.26149
1.35062
1.89126
1.01636
4.25473
1.41857
2.47997
7.73552
0.96278
1.02562
0.751786
0.750316
0.75101
0.750636
1.84075
1.3314
0.782058
0.747721
0.746587
1.03571
0.764629
0.751337
0.746909
0.78442
0.751211
0.767981
0.756623
0.780701
0.761627
0.792559
0.76577
0.793318
0.775246
0.769479
0.786894
0.766094
0.766513
4.33164
3.4558
4.84844
1.93272
0.749507
1.00953
0.77559
0.778525
0.749935
0.896267
0.770875
0.777744
0.839823
0.843789
0.752477
0.789371
0.822827
0.987701
2.50355
2.50787
0.930002
0.91236
1.42358
1.79663
1.20701
3.64311
0.892942
5.5561
3.92667
2.0812
1.17827
5.91828
2.4411
1.38477
2.10164
0.906564
4.47872
1.31454
1.12096
1.48579
0.755362
0.776545
0.779042
0.762338
0.77133
0.770262
7.81855
7.03185
0.756262
0.746594
0.747752
0.904673
0.758293
0.746794
0.746494
0.800551
0.774015
0.777928
0.76514
0.8843
0.759657
0.770418
2.14014
2.01469
1.32714
1.7482
2.14235
2.14057
1.43222
1.26299
0.78838
0.799322
1.20016
0.757669
1.23764
0.77696
0.759636
0.747073
1.23902
0.772455
0.752775
0.777549
1.02792
0.767435
0.755261
0.78363
0.852579
0.758324
0.821307
0.762552
0.746819
0.861517
0.758466
0.738283
3.53948
1.07662
3.61876
4.45785
3.07525
1.19141
7.39026
4.62171
1.07629
3.07978
0.948743
2.89433
1.1184
3.289
5.33764
1.09182
1.04983
1.58431
0.793387
0.980166
0.861671
1.57517
6.15596
0.795087
0.75336
0.747456
1.09688
0.800771
0.808686
0.757509
0.918639
0.747769
0.765515
0.752265
0.857829
0.746886
0.756573
1.23638
2.13744
1.27709
1.90736
1.54501
1.82284
1.23427
3.44058
6.62115
6.40042
3.39431
0.739382
0.855264
0.743141
0.751561
0.738746
0.746107
0.737674
0.774166
0.753423
0.801686
0.745842
0.772805
0.73897
0.764327
0.754657
0.736632
0.748201
0.737333
0.74582
0.73715
0.759775
1.10804
0.905305
4.77167
1.17704
2.32308
0.772119
1.68172
0.745541
0.772359
0.78692
0.746986
0.781277
0.745988
0.756096
0.780638
3.65816
2.1933
3.49623
3.82246
3.98176
3.82231
10.4059
10.4048
0.781763
0.846233
0.751706
1.12893
0.760021
0.796876
0.748533
0.76471
0.757084
0.759416
0.745972
0.742373
0.771916
0.775213
0.73686
0.785791
0.760656
0.763143
0.750613
0.742564
0.740518
0.746086
0.872172
0.749467
0.798668
0.738764
0.74136
0.738931
0.773202
0.737089
0.756789
0.73638
0.772475
0.736567
0.746076
0.743653
0.769756
0.735678
0.739435
0.825096
0.758766
0.812522
0.777836
0.841405
0.786552
0.805316
0.742548
0.740563
0.738061
0.739
0.736954
0.750544
0.738714
0.736187
0.735532
0.743297
0.736422
0.735991
0.735441
0.748254
0.735452
0.880854
1.67083
0.738591
0.895619
0.789524
0.751016
1.19972
2.56711
0.751465
0.747208
0.748519
0.747096
0.757349
0.743481
0.747664
0.745799
0.767242
0.786852
0.767393
0.759052
0.758899
0.77503
0.742885
0.735188
0.738873
0.736044
0.736772
0.736852
0.742493
1.95866
3.54455
3.54476
1.5201
0.736294
0.791798
0.735162
0.741566
0.736089
0.769762
0.735171
0.758059
0.735319
0.736441
0.738259
0.743745
0.735256
0.73549
0.74135
0.805333
0.756196
0.788354
0.752017
0.782741
0.741558
0.822265
0.754403
0.799848
0.941582
0.806332
0.75861
0.984372
0.735137
0.735103
0.73527
0.735136
0.735122
0.735141
0.735151
0.735176
0.740133
0.73867
0.739752
0.738101
0.73751
0.739679
0.740391
0.737481
0.769793
0.748153
0.745083
0.764654
0.765539
0.74157
0.739848
0.783144
0.746754
0.753662
0.757533
0.765683
0.737268
0.738027
0.791231
0.826135
0.824164
0.826061
0.82483
0.823346
0.804559
0.739856
0.741002
0.738786
0.745021
0.735651
0.738063
0.735165
0.735207
0.735209
0.735015
0.735083
0.736485
0.73525
0.735339
0.735244
0.735365
0.735184
0.735285
0.735376
0.735649
0.73539
0.735471
0.735391
0.73542
0.73536
0.735264
0.73655
0.745647
0.735107
0.741954
0.735105
0.735198
0.735228
0.735253
0.735225
0.735206
0.735243
0.735234
0.735204
0.735325
0.787187
0.754343
0.790128
0.805324
0.830291
0.798945
0.756551
0.749263
0.746989
0.736717
0.735775
0.740818
0.736375
0.735078
0.734844
0.739927
0.735234
0.735328
0.735229
0.735168
0.734908
0.735021
0.735238
0.73567
0.735587
0.735447
0.735367
0.735248
0.735245
0.734763
0.7361
0.734927
0.734987
0.734967
0.734845
0.734939
0.734682
0.734769
0.734655
0.734748
0.735192
0.73505
0.735164
0.734884
0.735004
0.734858
0.734973
0.735229
0.7353
0.735271
0.735203
0.735292
0.735233
0.735197
0.734831
0.734915
0.734898
0.734793
0.734921
0.734822
0.734808
0.735003
0.735094
0.735045
0.734966
0.735077
0.735015
0.73496
0.735141
0.734599
0.735739
0.734657
0.734892
0.734839
0.734633
0.734572
0.737308
0.734653
0.734519
0.734573
0.734302
0.734359
0.734256
0.734335
0.734795
0.734676
0.734782
0.734449
0.734536
0.734431
0.734521
0.734819
0.73492
0.734917
0.734786
0.734937
0.734806
0.734794
0.734323
0.734428
0.734423
0.734326
0.734551
0.734438
0.734524
0.734235
0.734315
0.734211
0.734285
0.734768
0.734627
0.734734
0.734411
0.734505
0.734376
0.734469
0.734801
0.734932
0.734894
0.734778
0.73492
0.73481
0.734769
0.734397
0.734505
0.734487
0.734365
0.734509
0.734392
0.734377
0.734553
0.734682
0.734626
0.734519
0.734664
0.734566
0.734511
0.734697
0.734081
0.734179
0.734185
0.734266
0.734293
0.73416
0.733956
0.734042
0.734129
0.734038
0.734102
0.733877
0.733921
0.733846
0.733888
0.734274
0.734182
0.734253
0.733978
0.734024
0.733948
0.733996
0.734254
0.734388
0.734383
0.734247
0.734393
0.734253
0.734246
0.73392
0.734012
0.734007
0.733924
0.734079
0.733991
0.734048
0.733822
0.733862
0.733794
0.733831
0.734234
0.734125
0.734198
0.733923
0.733973
0.733888
0.733937
0.73422
0.734373
0.734345
0.734218
0.734361
0.734232
0.734205
0.733938
0.734043
0.734028
0.733925
0.73404
0.733939
0.733929
0.734039
0.734167
0.734121
0.734019
0.734151
0.734051
0.734011
0.73414
0.733728
0.733805
0.733763
0.733845
0.733856
0.733755
0.733647
0.733712
0.733737
0.73368
0.733701
0.733569
0.733572
0.733533
0.733534
0.733792
0.733735
0.73376
0.733581
0.733581
0.733543
0.733544
0.73373
0.733853
0.73385
0.733744
0.733846
0.73374
0.733731
0.733607
0.73368
0.733671
0.733615
0.73367
0.733622
0.733638
0.7335
0.733499
0.73347
0.733467
0.73373
0.733671
0.733694
0.733509
0.733509
0.733475
0.733475
0.733675
0.733809
0.733794
0.733686
0.733798
0.733688
0.733671
0.733561
0.733644
0.733636
0.733567
0.733638
0.733566
0.733563
0.733587
0.73369
0.733665
0.733585
0.73368
0.733596
0.733577
0.733626
0.733422
0.73349
0.733402
0.733484
0.733479
0.733407
0.733393
0.733451
0.73342
0.733396
0.733383
0.733298
0.733283
0.73327
0.733251
0.733391
0.733371
0.733354
0.733261
0.733233
0.733226
0.733198
0.733319
0.733413
0.73341
0.733342
0.733402
0.733333
0.733327
0.733351
0.73342
0.733408
0.733361
0.733347
0.733332
0.733316
0.733239
0.733217
0.733211
0.733188
0.733318
0.733303
0.733287
0.733191
0.733164
0.733163
0.733138
0.733258
0.733353
0.733342
0.733274
0.733341
0.733271
0.73326
0.733274
0.733341
0.733337
0.73329
0.733333
0.733281
0.733282
0.733242
0.733316
0.733312
0.733253
0.733311
0.733246
0.733247
0.733233
0.733181
0.733227
0.733153
0.733207
0.733197
0.733163
0.733169
0.733215
0.733171
0.733163
0.733144
0.733111
0.733098
0.733092
0.733077
0.733119
0.733118
0.733089
0.73308
0.733059
0.733057
0.733036
0.733072
0.733121
0.733118
0.733094
0.73311
0.733084
0.733081
0.733137
0.733189
0.733179
0.733146
0.733116
0.733115
0.733092
0.733072
0.733054
0.733055
0.733036
0.73306
0.733065
0.733039
0.733033
0.733013
0.733016
0.732998
0.733027
0.733069
0.733063
0.733041
0.73306
0.733035
0.733032
0.733076
0.733116
0.733118
0.733092
0.73311
0.733083
0.733085
0.733035
0.733068
0.733075
0.733048
0.733066
0.733038
0.733044
0.733018
0.733097
0.733097
0.733089
0.733089
0.733084
0.733093
0.733085
0.733086
0.733075
0.733068
0.733058
0.73309
0.733088
0.733079
0.733076
0.733055
0.733048
0.733038
0.733086
0.733084
0.733074
0.733073
0.733051
0.73304
0.733037
0.733061
0.733033
0.733056
0.733054
0.733068
0.733072
0.733066
0.733073
0.73304
0.73304
0.733028
0.733067
0.733062
0.733058
0.733052
0.733021
0.733017
0.733011
0.73306
0.73306
0.73305
0.733051
0.733027
0.73301
0.733006
0.733034
0.733005
0.733032
0.733028
0.733036
0.733031
0.733034
0.733043
0.733029
0.733039
0.73304
0.733023
0.733008
0.733012
0.733026
0.733008
0.733023
0.733025
0.73302
0.733102
0.733103
0.733105
0.733104
0.733104
0.733105
0.73309
0.733089
0.733101
0.733093
0.733094
0.733069
0.733069
0.733064
0.733064
0.733104
0.733096
0.733097
0.73307
0.73307
0.733065
0.733065
0.733097
0.733096
0.733094
0.7331
0.733093
0.733099
0.733097
0.733079
0.73308
0.733076
0.733081
0.733082
0.733073
0.733072
0.733054
0.733053
0.733044
0.733043
0.733087
0.733074
0.733078
0.733055
0.733057
0.733046
0.733048
0.733086
0.733082
0.733079
0.733088
0.733079
0.73309
0.733085
0.73306
0.733059
0.733061
0.733064
0.733058
0.733062
0.733062
0.733062
0.73306
0.733056
0.733063
0.733058
0.733065
0.73306
0.733073
0.732912
0.732981
0.732909
0.73298
0.73298
0.73291
0.73291
0.732975
0.732955
0.732954
0.73295
0.732759
0.732753
0.732756
0.73275
0.73295
0.732948
0.732945
0.732747
0.73274
0.732744
0.732737
0.732897
0.732973
0.732972
0.7329
0.732971
0.732899
0.732898
0.732901
0.732967
0.732964
0.732904
0.732942
0.732936
0.732933
0.73275
0.732743
0.732742
0.732736
0.732938
0.732932
0.73293
0.732737
0.732731
0.732731
0.732725
0.732887
0.732962
0.73296
0.73289
0.73296
0.73289
0.732887
0.732876
0.732943
0.732941
0.732881
0.732939
0.732879
0.732879
0.732873
0.73294
0.732937
0.732875
0.732938
0.732875
0.732873
0.732876
0.732428
0.732564
0.732415
0.732555
0.732552
0.732419
0.732439
0.732567
0.732486
0.732493
0.732484
0.732198
0.732188
0.732198
0.732189
0.732468
0.732475
0.732466
0.732179
0.73217
0.732179
0.732169
0.732392
0.732533
0.732532
0.732396
0.73253
0.732394
0.732394
0.732435
0.732563
0.732561
0.732437
0.73248
0.732484
0.732475
0.732197
0.732187
0.732196
0.732186
0.732462
0.732467
0.732459
0.732177
0.732168
0.732177
0.732168
0.732386
0.732522
0.732522
0.732389
0.732521
0.732387
0.732388
0.732411
0.732539
0.73254
0.732416
0.732536
0.732412
0.732414
0.732396
0.732523
0.732525
0.732399
0.732523
0.732396
0.732399
0.732387
0.731839
0.731975
0.731826
0.731965
0.731961
0.731829
0.731862
0.731993
0.731897
0.73191
0.7319
0.731649
0.73164
0.731655
0.731646
0.73188
0.731891
0.731882
0.731632
0.731624
0.731637
0.731628
0.731808
0.731943
0.731943
0.731811
0.731941
0.731809
0.73181
0.731867
0.731996
0.731996
0.731867
0.731902
0.731914
0.731905
0.731659
0.731651
0.731664
0.731656
0.731883
0.731896
0.731887
0.731642
0.731632
0.731648
0.731638
0.731812
0.73194
0.731944
0.731812
0.731941
0.73181
0.731815
0.731856
0.731982
0.731984
0.731859
0.731981
0.731856
0.731858
0.731841
0.731963
0.731968
0.731843
0.731964
0.731839
0.731845
0.731824
0.731391
0.731477
0.731377
0.731467
0.731464
0.73138
0.73142
0.731505
0.731433
0.73145
0.731441
0.731293
0.731284
0.731301
0.731292
0.731417
0.731432
0.731423
0.731274
0.731265
0.731282
0.731272
0.731367
0.731453
0.731455
0.731368
0.731453
0.731367
0.731369
0.731431
0.731513
0.731515
0.731429
0.731447
0.731462
0.731454
0.731309
0.7313
0.731315
0.731307
0.731428
0.731446
0.731435
0.73129
0.73128
0.731298
0.731287
0.731377
0.731458
0.731464
0.731377
0.731461
0.731374
0.73138
0.731429
0.731512
0.731513
0.73143
0.731511
0.731428
0.73143
0.731414
0.731495
0.7315
0.731416
0.731496
0.731412
0.731418
0.731395
0.731175
0.731205
0.731159
0.731193
0.73119
0.731163
0.731204
0.731236
0.731192
0.731211
0.7312
0.731166
0.731156
0.731174
0.731164
0.731171
0.731188
0.731178
0.731145
0.731137
0.731153
0.731143
0.731153
0.731183
0.731184
0.731153
0.731183
0.731153
0.731155
0.731217
0.731246
0.731248
0.731215
0.731209
0.731226
0.731217
0.731182
0.731173
0.731188
0.73118
0.731186
0.731206
0.731195
0.731161
0.731152
0.731168
0.731159
0.731164
0.731191
0.731198
0.731164
0.731195
0.731161
0.731168
0.731215
0.731246
0.731248
0.731217
0.731247
0.731215
0.731217
0.731199
0.731228
0.731235
0.731201
0.73123
0.731196
0.731203
0.731181
0.731186
0.731164
0.731175
0.731154
0.731151
0.731177
0.731203
0.731186
0.731175
0.731188
0.731181
0.731242
0.731238
0.731246
0.731242
0.731159
0.731171
0.731164
0.731233
0.731231
0.731236
0.731234
0.731173
0.731146
0.731148
0.731172
0.731147
0.731172
0.731173
0.731212
0.731194
0.731196
0.73121
0.731188
0.731201
0.731194
0.731251
0.731247
0.731254
0.731251
0.731172
0.731184
0.731177
0.731242
0.731239
0.731245
0.731242
0.731181
0.731154
0.731159
0.73118
0.731157
0.731178
0.731182
0.731212
0.731195
0.731197
0.731214
0.731195
0.731212
0.731213
0.7312
0.731181
0.731186
0.731202
0.731182
0.731199
0.731203
0.731191
0.731366
0.731309
0.731368
0.731308
0.731308
0.731368
0.731363
0.731312
0.731337
0.731337
0.731338
0.731456
0.73146
0.731454
0.731459
0.731339
0.731338
0.731339
0.731465
0.73147
0.731463
0.731468
0.731372
0.73131
0.73131
0.731372
0.731311
0.731372
0.731372
0.731364
0.731313
0.731314
0.731364
0.73134
0.73134
0.731341
0.731452
0.731457
0.73145
0.731455
0.731341
0.731341
0.731342
0.731462
0.731466
0.73146
0.731464
0.731373
0.731314
0.731314
0.731373
0.731315
0.731373
0.731373
0.731367
0.731316
0.731316
0.731367
0.731317
0.731367
0.731367
0.731369
0.731316
0.731316
0.731369
0.731316
0.731369
0.731369
0.731373
0.731631
0.731562
0.731641
0.731569
0.731571
0.731638
0.731616
0.731548
0.731596
0.731586
0.731593
0.731725
0.731731
0.73172
0.731727
0.731609
0.7316
0.731606
0.731739
0.731744
0.731735
0.73174
0.731647
0.731577
0.731576
0.731647
0.731577
0.731647
0.731646
0.73161
0.731544
0.731543
0.731611
0.731588
0.731577
0.731584
0.731715
0.731722
0.73171
0.731717
0.731602
0.731592
0.731598
0.731729
0.731734
0.731724
0.73173
0.73164
0.731575
0.731572
0.73164
0.731573
0.731642
0.731638
0.731612
0.731546
0.731544
0.731611
0.731546
0.731612
0.731611
0.731622
0.731558
0.731554
0.73162
0.731556
0.731623
0.731619
0.731633
0.731879
0.731824
0.731884
0.73183
0.731831
0.731883
0.73187
0.731812
0.731853
0.731845
0.731849
0.731944
0.731944
0.731941
0.73194
0.731861
0.731854
0.731857
0.731945
0.731945
0.731941
0.731942
0.731884
0.731834
0.731833
0.731886
0.731833
0.731885
0.731884
0.731864
0.731807
0.731806
0.731865
0.731843
0.731835
0.731838
0.731936
0.731936
0.731933
0.731932
0.731852
0.731843
0.731847
0.731937
0.731937
0.731933
0.731934
0.731877
0.731828
0.731825
0.731878
0.731826
0.731879
0.731876
0.73186
0.731804
0.731803
0.73186
0.731804
0.73186
0.73186
0.731865
0.731812
0.731809
0.731864
0.731811
0.731866
0.731863
0.731871
0.73199
0.731981
0.731983
0.731979
0.731978
0.731985
0.731994
0.731983
0.731987
0.731989
0.731984
0.731975
0.731968
0.731974
0.731967
0.73198
0.731981
0.731978
0.731961
0.731954
0.731959
0.731953
0.731974
0.731972
0.731972
0.731976
0.731971
0.731975
0.731975
0.731991
0.73198
0.731979
0.731992
0.731981
0.731984
0.731979
0.731973
0.731965
0.731971
0.731964
0.731975
0.731975
0.731973
0.731958
0.731951
0.731957
0.73195
0.73197
0.731968
0.731967
0.731972
0.731966
0.731971
0.731971
0.731979
0.73197
0.731971
0.731983
0.731969
0.73198
0.731981
0.731972
0.731965
0.731965
0.731973
0.731965
0.731972
0.731973
0.731969
0.731844
0.731906
0.731831
0.731897
0.731894
0.731834
0.73186
0.73192
0.731878
0.731887
0.731878
0.731725
0.731716
0.731727
0.731717
0.73186
0.731868
0.73186
0.731706
0.731696
0.731706
0.731697
0.731815
0.731879
0.731879
0.731817
0.731877
0.731816
0.731816
0.731861
0.731921
0.73192
0.731861
0.731878
0.731886
0.731877
0.731727
0.731718
0.731727
0.731718
0.73186
0.731868
0.73186
0.731707
0.731697
0.731707
0.731698
0.731815
0.731875
0.731878
0.731816
0.731876
0.731814
0.731816
0.731845
0.731905
0.731907
0.731849
0.731904
0.731846
0.731848
0.731829
0.731889
0.731893
0.731833
0.731889
0.731829
0.731833
0.731818
0.73143
0.731554
0.731416
0.731543
0.731539
0.731419
0.731449
0.731572
0.731492
0.731503
0.731494
0.731233
0.731224
0.731235
0.731226
0.731473
0.731483
0.731474
0.731214
0.731207
0.731216
0.731208
0.731401
0.731523
0.731523
0.731403
0.731522
0.731402
0.731402
0.731452
0.731574
0.731574
0.731452
0.731495
0.731505
0.731496
0.731237
0.731229
0.731239
0.731231
0.731475
0.731486
0.731476
0.731219
0.731211
0.731221
0.731213
0.731403
0.731521
0.731524
0.731404
0.731522
0.731402
0.731405
0.731438
0.731561
0.731563
0.731442
0.73156
0.731439
0.731441
0.731422
0.731542
0.731547
0.731426
0.731543
0.731421
0.731426
0.731409
0.730862
0.73101
0.730853
0.731001
0.730998
0.730855
0.730876
0.731024
0.730934
0.730943
0.730936
0.730648
0.730642
0.730651
0.730646
0.73092
0.730928
0.730922
0.730637
0.730633
0.73064
0.730636
0.730845
0.730989
0.73099
0.730845
0.730988
0.730845
0.730845
0.730881
0.731028
0.731029
0.73088
0.730939
0.730949
0.730942
0.730654
0.73065
0.730657
0.730653
0.730925
0.730934
0.730928
0.730644
0.730639
0.730647
0.730643
0.730849
0.73099
0.730993
0.730849
0.730991
0.730848
0.730851
0.730876
0.731022
0.731024
0.730878
0.731021
0.730876
0.730877
0.730865
0.731007
0.731012
0.730867
0.731009
0.730864
0.730868
0.730855
0.730308
0.730437
0.730305
0.730434
0.730433
0.730306
0.730316
0.730446
0.730371
0.730377
0.730374
0.730135
0.730135
0.730139
0.730138
0.730366
0.730371
0.730369
0.730135
0.730135
0.730138
0.730138
0.730307
0.730432
0.730432
0.730305
0.730432
0.730306
0.730306
0.730321
0.73045
0.730451
0.73032
0.730379
0.730384
0.730382
0.730142
0.730143
0.730145
0.730146
0.730373
0.730379
0.730377
0.730142
0.730142
0.730146
0.730146
0.730313
0.730436
0.730438
0.730311
0.730437
0.730311
0.730313
0.730324
0.730453
0.730453
0.730324
0.730452
0.730324
0.730324
0.730321
0.730446
0.730449
0.730321
0.730447
0.73032
0.730322
0.730316
0.729907
0.729988
0.72991
0.729989
0.72999
0.729909
0.729907
0.72999
0.729946
0.729947
0.729949
0.72981
0.729814
0.729813
0.729816
0.72995
0.729951
0.729953
0.729817
0.729821
0.72982
0.729823
0.729918
0.729995
0.729996
0.729915
0.729996
0.729917
0.729917
0.729911
0.729993
0.729994
0.72991
0.729953
0.729953
0.729956
0.729815
0.729819
0.729818
0.729822
0.729957
0.729958
0.72996
0.729823
0.729826
0.729825
0.729828
0.729923
0.73
0.730001
0.729921
0.730001
0.729922
0.729922
0.72992
0.730001
0.730001
0.729918
0.730002
0.729919
0.729919
0.729924
0.730004
0.730004
0.729923
0.730004
0.729924
0.729923
0.729924
0.729731
0.729753
0.729737
0.729757
0.729759
0.729735
0.729725
0.729749
0.729741
0.729738
0.729742
0.729721
0.729726
0.729721
0.729727
0.72975
0.729748
0.729752
0.729731
0.729736
0.729732
0.729737
0.729748
0.729767
0.729768
0.729745
0.729769
0.729746
0.729747
0.729727
0.72975
0.729751
0.729726
0.729745
0.729742
0.729746
0.729722
0.729728
0.729723
0.729728
0.729755
0.729751
0.729756
0.729733
0.729739
0.729734
0.729739
0.729751
0.729772
0.729772
0.729749
0.729773
0.72975
0.72975
0.729737
0.72976
0.72976
0.729734
0.729761
0.729736
0.729735
0.729745
0.729768
0.729767
0.729743
0.729768
0.729745
0.729743
0.72975
0.729777
0.729749
0.729784
0.729754
0.729756
0.729782
0.729766
0.729739
0.729762
0.729756
0.729761
0.729832
0.729837
0.72983
0.729835
0.729773
0.729767
0.729773
0.729842
0.729847
0.729841
0.729846
0.729793
0.729766
0.729766
0.729792
0.729767
0.729792
0.729792
0.729765
0.729738
0.729739
0.729765
0.729761
0.729756
0.729761
0.729828
0.729833
0.729827
0.729832
0.729773
0.729766
0.729772
0.729839
0.729845
0.729837
0.729843
0.729793
0.729768
0.729767
0.729792
0.729767
0.729793
0.729792
0.729772
0.729747
0.729746
0.72977
0.729747
0.729772
0.729771
0.72978
0.729756
0.729753
0.729778
0.729756
0.729781
0.729778
0.729788
0.729959
0.729909
0.729965
0.729914
0.729915
0.729964
0.729946
0.729896
0.729934
0.729927
0.729931
0.730033
0.730037
0.73003
0.730034
0.729943
0.729936
0.729941
0.730042
0.730045
0.730038
0.730042
0.729971
0.729921
0.729921
0.72997
0.729921
0.729971
0.72997
0.729942
0.729893
0.729893
0.729943
0.729929
0.729922
0.729926
0.730027
0.730031
0.730024
0.730027
0.729939
0.729931
0.729936
0.730035
0.730039
0.730032
0.730036
0.729967
0.72992
0.729918
0.729967
0.729919
0.729968
0.729965
0.729944
0.729896
0.729895
0.729943
0.729896
0.729944
0.729943
0.729951
0.729905
0.729902
0.729949
0.729904
0.729952
0.729949
0.72996
0.730154
0.730111
0.730159
0.730115
0.730116
0.730158
0.73014
0.730098
0.730132
0.730125
0.730129
0.730207
0.73021
0.730204
0.730207
0.730139
0.730133
0.730136
0.730213
0.730216
0.73021
0.730213
0.73016
0.730118
0.730117
0.73016
0.730118
0.73016
0.730159
0.730135
0.730093
0.730092
0.730136
0.730125
0.730119
0.730122
0.7302
0.730203
0.730197
0.7302
0.730132
0.730125
0.730129
0.730206
0.730209
0.730203
0.730205
0.730155
0.730115
0.730112
0.730155
0.730113
0.730156
0.730153
0.730134
0.730092
0.730091
0.730134
0.730092
0.730134
0.730134
0.730139
0.730099
0.730096
0.730138
0.730098
0.73014
0.730137
0.730147
0.73028
0.730258
0.730283
0.730261
0.730262
0.730283
0.73027
0.730247
0.730267
0.730262
0.730264
0.730304
0.730306
0.730302
0.730303
0.730272
0.730267
0.730269
0.730308
0.73031
0.730306
0.730307
0.730283
0.730261
0.730261
0.730284
0.730261
0.730284
0.730283
0.730266
0.730243
0.730242
0.730267
0.730261
0.730255
0.730258
0.730299
0.7303
0.730296
0.730298
0.730266
0.730261
0.730263
0.730303
0.730304
0.7303
0.730302
0.730278
0.730258
0.730256
0.730279
0.730256
0.73028
0.730278
0.730264
0.730241
0.73024
0.730264
0.73024
0.730264
0.730264
0.730267
0.730245
0.730243
0.730266
0.730244
0.730268
0.730266
0.730273
0.73034
0.730331
0.730342
0.730332
0.730333
0.730341
0.730336
0.730325
0.730332
0.730329
0.730331
0.730354
0.730354
0.730353
0.730354
0.730335
0.730332
0.730334
0.730355
0.730356
0.730355
0.730355
0.730342
0.730333
0.730332
0.730343
0.730332
0.730342
0.730342
0.730333
0.730323
0.730323
0.730334
0.730328
0.730326
0.730327
0.730352
0.730353
0.730352
0.730352
0.730332
0.730329
0.73033
0.730354
0.730354
0.730353
0.730354
0.73034
0.73033
0.730329
0.73034
0.73033
0.73034
0.730339
0.730333
0.730321
0.730321
0.730333
0.730321
0.730333
0.730333
0.730335
0.730324
0.730323
0.730334
0.730323
0.730335
0.730334
0.730338
0.730387
0.730376
0.730388
0.730376
0.730376
0.730388
0.730387
0.730375
0.730379
0.730379
0.730379
0.730413
0.730413
0.730414
0.730414
0.73038
0.73038
0.73038
0.730413
0.730413
0.730414
0.730414
0.730389
0.730376
0.730376
0.730388
0.730376
0.730389
0.730389
0.730387
0.730375
0.730375
0.730387
0.730379
0.730379
0.73038
0.730414
0.730415
0.730415
0.730415
0.73038
0.73038
0.73038
0.730415
0.730415
0.730415
0.730415
0.730389
0.730376
0.730376
0.730388
0.730376
0.730389
0.730389
0.730388
0.730375
0.730374
0.730388
0.730375
0.730388
0.730388
0.730389
0.730376
0.730375
0.730388
0.730376
0.730389
0.730389
0.730389
0.730473
0.730448
0.730473
0.730448
0.730448
0.730473
0.730476
0.73045
0.730461
0.730461
0.730461
0.730525
0.730525
0.730526
0.730526
0.73046
0.730461
0.730461
0.730525
0.730525
0.730526
0.730526
0.730475
0.730448
0.730449
0.730474
0.730449
0.730475
0.730475
0.730477
0.730451
0.730452
0.730477
0.730462
0.730463
0.730463
0.730527
0.730527
0.730528
0.730528
0.730462
0.730463
0.730463
0.730527
0.730527
0.730528
0.730528
0.730476
0.73045
0.73045
0.730476
0.73045
0.730476
0.730476
0.730479
0.730453
0.730453
0.730479
0.730453
0.730479
0.730479
0.730479
0.730453
0.730453
0.730479
0.730453
0.730479
0.730479
0.730479
0.730627
0.730583
0.730627
0.730583
0.730583
0.730627
0.73063
0.730587
0.730606
0.730607
0.730607
0.730709
0.730709
0.73071
0.73071
0.730607
0.730608
0.730608
0.730709
0.73071
0.730711
0.730712
0.73063
0.730586
0.730586
0.73063
0.730586
0.73063
0.73063
0.730632
0.730588
0.730588
0.730632
0.730608
0.73061
0.73061
0.730711
0.730712
0.730712
0.730713
0.730609
0.73061
0.73061
0.730712
0.730713
0.730713
0.730714
0.730632
0.730588
0.730589
0.730632
0.730589
0.730632
0.730632
0.730635
0.730591
0.730591
0.730635
0.730591
0.730635
0.730635
0.730636
0.730592
0.730592
0.730635
0.730592
0.730635
0.730636
0.730635
0.730862
0.730798
0.730862
0.730799
0.730799
0.730861
0.730865
0.730802
0.73083
0.730831
0.730831
0.730974
0.730975
0.730976
0.730976
0.730831
0.730832
0.730832
0.730976
0.730978
0.730977
0.730978
0.730866
0.730803
0.730804
0.730865
0.730804
0.730866
0.730866
0.730867
0.730803
0.730804
0.730867
0.730832
0.730834
0.730834
0.730977
0.730977
0.730978
0.730979
0.730833
0.730834
0.730835
0.730978
0.730979
0.730979
0.730981
0.730869
0.730806
0.730807
0.730868
0.730806
0.730868
0.730868
0.730871
0.730807
0.730807
0.73087
0.730808
0.730871
0.730871
0.730871
0.730808
0.730809
0.730871
0.730809
0.730871
0.730871
0.730871
0.731178
0.731096
0.731177
0.731097
0.731097
0.731177
0.73118
0.731099
0.731133
0.731136
0.731136
0.731312
0.731319
0.731318
0.731317
0.731134
0.731136
0.731135
0.73132
0.731323
0.731318
0.731322
0.73118
0.731102
0.731102
0.731179
0.731102
0.73118
0.731179
0.731182
0.7311
0.731101
0.731182
0.731137
0.731138
0.731138
0.731319
0.731318
0.731315
0.731321
0.731136
0.731138
0.731138
0.731319
0.731323
0.731322
0.731325
0.731181
0.731104
0.731104
0.73118
0.731104
0.731181
0.731181
0.731185
0.731104
0.731104
0.731185
0.731104
0.731184
0.731185
0.731184
0.731105
0.731106
0.731184
0.731106
0.731184
0.731184
0.731184
0.772193
0.785454
0.776694
0.769839
0.772356
0.77661
0.756559
0.751786
0.755344
0.76455
0.766892
0.7679
0.766331
0.76747
0.759179
0.755971
0.761502
0.792107
0.768664
0.769822
0.781818
0.783261
0.777485
0.786561
0.778733
0.781497
0.781285
0.787438
0.790184
0.824397
0.783714
0.797848
0.793028
0.777817
0.960834
0.888552
0.937105
0.806334
0.827831
0.817314
0.790807
0.787867
0.78412
0.808451
0.780925
0.800518
0.881781
0.802679
0.864752
0.789707
0.757794
0.777216
0.778622
0.779343
0.782196
0.77976
0.782826
0.783202
0.781768
0.781406
0.784921
0.782686
0.825077
0.977385
0.87761
0.837565
0.838419
0.868113
0.819834
0.789092
0.765835
0.771746
0.757702
0.777319
0.774463
0.781375
0.822754
0.764285
0.8527
0.889166
0.964676
0.811625
0.790373
0.791414
0.821948
0.890716
0.894529
0.776357
0.773987
0.802822
0.929904
1.0561
0.846157
0.756818
0.803159
0.786887
0.788488
0.805136
0.783735
0.780044
0.802098
0.779463
0.789303
0.774393
0.796583
0.785857
0.802785
0.78728
0.802242
0.782554
0.76307
0.771649
0.790151
0.77275
0.77697
0.791851
0.74651
0.749353
0.730104
0.747371
0.740366
0.742292
0.740381
0.732666
0.751172
0.74875
0.745908
0.747941
0.742403
0.74382
0.744128
0.7487
0.743335
0.744342
0.738347
0.747933
0.752598
0.756453
0.743589
0.743365
0.742414
0.818199
0.737998
0.763834
0.74671
0.748366
1.47173
0.808993
0.746507
0.854268
0.789934
0.804001
0.777211
0.751713
0.770279
0.764527
0.80248
0.784658
0.791764
0.783379
0.787815
0.78542
0.801446
0.797472
0.786633
0.791681
0.800923
0.788756
0.798513
0.78429
0.773092
0.789941
0.821303
0.779852
0.789915
0.789993
0.791253
0.794193
0.787607
0.831752
0.857789
0.793088
0.814145
0.787029
0.792101
1.01429
2.59055
3.04443
1.01593
0.978127
12.684
4.93291
5.7685
6.18451
1.08116
14.0375
13.4429
13.6768
1.49574
0.765454
1.0843
0.818612
0.937766
0.809224
1.62966
3.36043
2.52486
1.28984
3.9222
5.90061
6.27861
1.07701
12.7789
1.11952
14.0407
4.76842
13.6759
11.8913
0.782238
0.793963
1.18817
1.98081
2.14986
3.43292
0.839473
1.54595
2.4193
0.95465
1.8717
10.1919
3.71054
7.66741
14.5258
4.94822
1.29153
2.83609
4.42111
2.51436
1.51538
9.89025
6.36536
0.87875
1.15232
3.38991
1.62832
2.98051
6.03795
8.37581
14.8691
14.8566
12.8126
14.85
14.8525
2.25429
11.4609
5.84726
6.71589
7.00744
2.61033
11.4655
15.1407
15.1096
14.5915
15.1363
12.8378
15.3963
5.13078
0.868424
1.27465
4.33319
1.25037
2.64336
8.23261
8.47165
7.36624
2.79938
11.4677
2.83634
11.4676
11.4642
11.8681
6.86241
13.2997
6.86005
15.3957
8.80925
13.2842
0.799946
0.816527
0.781751
0.78619
0.783101
0.782861
0.818568
0.794966
0.893473
0.86957
0.804825
0.799768
0.949087
0.844976
0.885528
0.969085
0.906883
0.844686
0.837499
0.956252
0.777065
0.770785
0.777855
0.776026
0.779183
0.773181
0.805996
0.859536
0.792162
0.844794
0.791912
0.906066
0.783452
0.81609
0.788971
0.771157
0.776258
0.799903
0.85193
0.780254
0.779286
0.780881
0.776215
0.856473
0.772425
0.79734
0.798076
0.809684
0.742858
0.766126
0.767914
0.743119
0.751825
0.772402
0.765631
0.736789
0.776859
0.775403
0.778
0.772612
0.775704
0.769275
0.763469
0.744481
0.760534
0.729
0.776788
0.731681
0.757127
0.762139
0.749735
0.758087
0.736662
0.762924
0.736365
0.758154
0.752741
0.752506
1.05921
0.80548
0.778019
0.878293
0.808348
0.851835
1.26093
2.85574
0.828299
0.832054
3.76995
1.21684
0.765272
0.796814
1.16575
0.801146
1.55429
1.21211
5.81409
16.0988
3.59067
1.32811
4.01272
2.51866
1.27485
2.59179
9.32778
11.3172
16.0675
15.5447
16.0671
5.76219
1.66903
1.76276
6.6926
2.7712
6.71792
7.42171
0.758322
0.758133
0.771348
0.745971
0.916583
0.76998
0.755672
0.749233
1.02936
0.742695
3.12367
0.73764
4.14027
0.760366
0.75111
0.753673
0.754333
0.752903
0.753105
0.779016
0.751751
0.740078
0.809678
0.785574
0.765873
1.5534
0.755644
1.25207
0.893389
0.898542
7.40185
5.83039
1.33891
0.990423
0.794548
0.863684
0.91466
0.792685
1.08347
1.03867
0.944379
0.791295
1.23271
1.00798
0.819197
3.74317
0.80214
1.73297
1.87706
11.4741
16.0537
14.2594
14.8411
5.79355
1.3728
6.40646
1.70327
6.35206
1.76914
6.64567
11.8791
14.6653
6.43831
6.67651
3.15229
9.86447
3.24575
9.86193
8.47125
4.44566
4.28414
4.2771
4.6608
4.35824
1.06484
12.3307
6.15965
4.12313
1.06926
12.7041
10.483
9.82715
1.89615
0.827652
1.76095
0.847857
1.69231
0.847056
1.90457
4.0439
4.68128
4.77413
4.18898
4.42057
6.54948
1.14503
14.0104
1.07699
13.5427
5.13207
10.482
10.4836
8.18974
10.1603
2.42293
0.910555
3.73334
0.797445
3.22472
0.859055
3.58584
11.4867
14.8613
5.19052
8.72374
8.23392
11.6239
4.53792
5.17099
1.01734
5.68199
1.14002
8.21273
3.49103
2.90949
0.789857
0.772349
2.53377
0.832066
2.96509
2.80718
11.3786
9.4582
7.7836
12.0802
12.0569
12.0827
8.88394
2.27999
11.467
6.66722
9.31586
2.41639
11.4669
12.0863
12.0875
12.0842
12.089
12.0892
12.0872
4.08474
0.790278
1.00649
2.28859
1.02702
2.58186
3.59003
8.18213
6.75293
2.30695
11.4692
2.38524
11.4671
7.63036
11.4013
10.8025
12.0891
10.875
12.0901
12.0924
13.2829
1.20189
1.16406
0.747399
0.766943
0.763774
0.750525
0.742886
0.782216
0.778399
0.872398
0.76148
0.764044
0.751731
0.736091
0.751555
0.737369
0.722874
0.75383
0.736656
0.724762
0.731858
0.729094
0.736765
0.744495
0.74374
0.736211
0.730598
0.846158
0.72986
0.730243
0.750202
0.734521
0.722845
0.727108
0.722423
0.734772
0.720351
0.732662
0.718667
0.726713
0.757766
0.760604
0.746125
0.74957
0.728638
0.723697
0.749498
0.740179
0.730754
0.752927
0.756738
0.737902
0.758909
0.752741
0.759314
0.745505
0.75282
0.750987
0.748235
0.758941
0.760063
0.763925
0.748302
0.725779
0.745191
0.753664
0.739218
0.738997
0.757391
0.758566
0.764185
0.868012
0.762123
0.764551
0.756654
0.762693
0.764927
0.923827
5.20038
5.91297
1.77601
1.96731
9.12695
4.43304
1.13492
8.21518
12.7241
16.063
4.13964
1.32981
0.887972
2.5977
0.749494
3.77405
0.763615
0.911953
4.39072
1.18998
2.11745
1.5443
1.29556
0.854651
2.55134
0.965261
1.06684
1.86672
0.769853
1.03341
0.806285
0.853565
0.756482
0.772422
0.77151
0.769683
0.777504
0.773396
2.31099
0.719774
1.92938
0.81237
2.10478
0.875055
1.15359
0.860384
2.63292
8.06439
9.26282
3.33386
9.41937
2.73009
1.08238
5.60694
1.46314
1.94333
1.11214
6.50407
8.80571
9.41799
3.97971
1.01541
1.10976
2.76432
1.07013
3.1635
5.16205
9.4176
9.07169
9.41691
9.41493
1.11142
2.41391
1.0135
0.780099
2.9054
0.876852
0.866126
1.13411
4.40437
1.33586
1.74619
5.27558
1.57938
4.30922
1.03302
1.43847
0.92289
0.821433
0.804327
0.981666
0.990414
0.864039
0.803099
0.919085
0.808045
0.893535
0.870889
1.1436
1.14063
1.14227
0.828526
0.940367
1.12383
0.804905
0.949989
1.01948
3.77245
4.83437
4.12503
4.64836
4.52692
1.08288
14.0079
7.00459
4.93034
1.00984
14.0025
10.4753
10.4822
1.11477
0.912488
1.16956
0.742926
1.49255
0.761441
0.884861
2.82153
4.34786
4.71129
1.66565
3.74252
6.60211
0.85722
10.5057
0.907277
13.7526
2.67057
9.49551
5.95249
2.38346
0.982338
1.79983
0.743428
2.3759
0.771212
2.18348
0.729754
2.43538
4.94562
7.68513
9.40075
12.0816
11.5675
12.0829
1.41507
1.04641
0.6907
0.707307
0.778055
1.34908
0.775879
1.33694
0.760976
0.699265
1.5207
0.7075
2.06843
0.974816
2.34021
1.06357
6.68556
9.28474
11.9282
3.66933
7.64947
2.18642
11.4701
6.28247
7.35896
2.16041
11.4709
11.6747
11.2773
10.8996
12.0823
12.0941
12.0937
5.50128
0.834402
1.05407
3.11415
1.03071
3.50879
6.0264
8.90813
6.17462
2.41558
11.4725
2.20694
11.4715
9.86271
12.0933
12.0995
12.0965
12.0953
12.0951
12.0967
13.2837
1.12039
4.86413
0.765906
0.752226
0.743987
0.811278
0.846535
0.730552
0.756555
0.995054
0.729221
0.889142
0.892858
0.781236
0.746105
0.732297
0.797463
0.736089
0.79027
0.835166
1.1496
1.12876
1.02257
4.65606
2.17349
2.13642
2.89348
4.18426
4.61858
3.37792
4.62091
3.16944
3.25497
1.28087
1.12785
2.40195
1.8094
1.51263
1.80624
1.42908
2.61419
0.898077
0.821201
0.754526
0.760138
0.767246
0.762072
0.791644
0.769881
1.64458
2.09641
0.764952
5.32602
0.858122
7.16111
0.878255
1.81045
2.61316
1.56445
3.21794
6.16841
6.72775
1.29215
0.955979
3.00649
1.92034
1.2625
0.966639
3.23795
3.70114
9.95697
12.7906
2.62175
12.7858
1.56751
5.64752
10.39
10.393
1.63666
0.8866
0.805475
1.33433
0.814131
2.02054
1.25664
1.07538
0.775765
0.77348
0.879594
1.23867
0.812798
0.80168
0.863266
0.79758
1.2498
0.890981
6.80598
6.80587
5.13297
4.758
5.86816
1.92197
5.86826
2.258
5.07199
2.37983
0.971654
0.916055
3.34664
1.35208
0.774005
0.841994
0.879806
0.925688
0.832152
1.26475
9.41862
9.41639
5.19926
1.46824
2.28719
1.01248
5.58892
1.78051
1.7192
7.07164
6.78877
9.41416
2.73041
8.16791
9.41542
9.42206
4.4817
9.41854
4.89854
5.62651
5.42757
2.16019
3.01492
0.876079
1.53103
0.82943
1.74899
1.00642
1.698
2.38843
0.828676
0.989607
1.24013
0.802708
0.757609
0.896125
0.74963
0.810276
0.749483
0.879067
0.839174
0.856072
1.29722
1.14094
1.59278
1.04153
1.21174
1.20838
1.95852
0.755991
0.766264
0.759297
0.756709
0.825091
0.753019
0.77353
0.844133
0.745352
0.861737
0.843171
0.864111
0.880582
1.34742
1.29962
1.31535
2.28783
1.28372
2.19693
1.35614
0.743605
2.45326
0.978136
0.998133
0.945601
0.782217
5.64465
1.57925
1.60512
0.735882
2.22639
1.10734
2.6295
0.692892
0.721944
0.703525
0.718899
0.708371
0.714425
0.693859
0.689554
0.700275
0.711023
0.692641
0.703728
0.809023
0.720757
0.824815
0.706078
0.87424
0.722172
0.707789
0.735777
0.781479
0.925841
0.682625
0.701294
1.01322
0.724092
0.734157
0.703517
0.796291
0.676341
0.691222
0.728929
4.70748
1.37403
1.60377
0.695571
0.745273
0.718564
0.812754
0.711939
0.76094
0.711883
0.683921
0.72688
0.716874
0.708623
0.710804
0.718136
0.691758
0.690795
0.712919
0.678816
0.692708
0.794051
0.68489
7.30167
2.20153
11.4735
3.90209
9.32908
1.9242
10.6798
10.5224
10.3154
12.099
5.15787
12.1035
12.099
2.17092
0.803061
0.84981
0.826895
0.978343
1.06098
1.14916
3.79206
1.69092
0.920234
1.48107
1.29766
5.01248
1.42959
4.73476
0.8271
1.82887
1.27811
7.51754
1.79662
2.03686
0.913128
0.95169
3.83324
4.6583
3.33571
3.89128
1.48404
1.87177
1.45702
0.912985
1.41514
1.07183
0.962563
2.18837
2.35888
1.09035
1.36
1.35263
2.12046
1.28455
3.23094
2.15215
2.58077
0.861554
1.67022
1.30225
3.01519
1.36017
2.89534
1.83629
2.60209
1.64643
2.89816
2.28938
1.06437
0.912317
1.19269
1.38164
1.47176
1.66469
3.71719
6.73102
1.17661
2.71216
1.68715
1.23084
2.48918
1.56541
0.955622
1.98544
9.18967
1.84413
2.17269
3.99091
3.87098
0.996927
0.982482
0.760767
1.13484
0.765102
1.44506
0.848375
0.787442
0.812712
0.752062
0.742356
0.891728
0.744435
0.743802
1.03016
1.24744
1.09911
0.744733
1.7227
0.766446
0.792099
7.12342
3.78342
3.85513
4.23084
1.513
1.28971
4.69693
2.61091
1.1493
5.14831
1.21064
4.34757
1.80955
1.44138
0.845792
0.923827
0.77789
1.35506
0.840941
0.926705
5.73085
3.31871
2.50474
1.01182
1.33556
0.824224
1.63307
0.932105
1.66834
5.33945
4.52653
3.39864
4.9883
1.57751
0.790288
0.824233
1.09839
0.835345
0.956626
1.5997
5.88871
4.87783
2.26638
1.05364
0.965196
0.836845
1.5579
0.995282
1.64331
5.21326
1.23902
2.70742
2.59319
5.10064
2.62398
5.3724
1.79353
6.72624
1.66022
5.90018
5.89124
5.89744
3.09903
0.90543
1.46193
1.87356
1.09636
2.04499
4.01704
5.51778
1.34699
2.49178
4.032
0.906821
0.799735
0.832772
0.7554
0.863528
0.812066
0.83832
0.981118
0.896307
1.57258
1.34341
2.33333
1.87164
1.38136
1.33754
2.42672
0.818313
1.98163
1.17707
0.891985
0.950374
0.755788
0.904277
0.842442
0.83472
0.840666
0.942762
1.10246
1.03573
1.77523
2.06634
1.3355
2.42637
1.32431
2.42656
1.78994
1.20418
0.730653
0.765495
0.909447
2.2738
0.781997
1.50007
2.76193
1.03718
0.827245
5.48743
4.87722
1.27435
0.981871
0.778286
0.884726
0.746215
0.976552
0.750239
0.924278
2.66914
1.21956
1.19219
3.59177
5.13008
4.21585
1.10912
9.34319
0.985846
9.3425
6.98527
12.9415
13.0885
1.84827
2.29561
0.725322
0.725565
0.765229
0.741849
0.719967
0.724871
0.820643
0.739686
0.738343
0.737432
0.748563
0.714745
0.904083
0.743608
0.905868
0.72594
1.2351
0.724456
1.05696
0.761198
0.713594
0.74134
0.725617
0.799813
0.724412
0.78166
0.713686
0.764261
0.801306
0.716075
0.865186
0.880234
0.711841
1.15097
1.00673
1.04278
2.3908
0.861638
1.20993
1.68133
0.96864
0.758398
0.764446
1.04082
0.915433
0.763698
1.29652
0.802919
1.07522
1.28244
0.934192
0.951802
2.48351
2.6707
3.97388
1.94819
7.4847
1.64962
4.75754
4.89782
2.12583
1.99298
1.45251
4.92194
2.73886
7.49136
7.73039
2.95518
3.33375
0.919247
0.773896
1.01612
0.763883
2.2554
2.89828
1.71169
2.5827
2.49147
2.90149
1.63009
1.10433
0.801845
1.03813
0.770323
1.26876
0.776518
0.987636
1.2616
1.11436
0.884079
0.757641
0.761682
0.847947
2.09277
2.59874
2.90553
1.55335
2.90394
1.55867
1.87795
1.02202
0.761705
0.761286
0.91589
0.767964
0.940733
0.952187
0.758493
0.768777
0.749273
0.746228
0.746492
0.742973
0.74667
0.746893
0.74821
0.754572
0.902876
0.747342
0.795482
0.758966
0.815997
0.749519
0.750869
0.749502
0.748919
0.750728
0.757012
0.752661
0.750319
0.743369
0.747908
0.74747
0.747278
0.748414
0.74982
0.754174
0.764796
0.768872
0.75533
0.778979
0.750535
0.752966
0.862796
0.806074
0.940378
1.31249
0.789397
1.09586
1.1399
1.42612
0.783354
2.5925
4.57775
3.96634
4.57746
1.22019
0.810937
1.3323
0.82341
1.43763
0.792132
1.34241
0.960704
1.02575
0.880467
1.22111
1.99279
0.759671
1.63598
0.774573
0.905215
1.53213
2.28956
3.60578
0.948864
0.993016
0.855671
0.759679
1.35971
0.779638
1.4475
0.81588
5.90156
5.89979
3.85299
1.41391
1.76549
1.22188
4.06915
1.22692
2.15506
4.14369
1.23777
3.50477
1.51902
1.42681
0.831056
0.91209
0.815382
0.963472
0.860608
0.91406
5.37475
2.04898
2.93634
1.13486
0.837646
2.66103
0.964602
2.56628
1.58647
5.37404
4.61746
2.59825
4.96225
0.911539
1.00902
0.822035
0.778425
0.881471
1.08723
0.807495
0.857309
0.857336
1.30988
1.36007
2.42694
2.60507
1.43579
1.32449
2.20902
3.67937
4.48967
4.48887
4.82668
1.10529
0.819543
1.7107
0.820478
1.46636
0.798436
1.48876
0.983801
2.50804
1.10528
2.53836
1.02596
1.48493
1.13857
1.7876
1.07467
1.33416
1.02228
2.52319
0.852164
3.3039
1.00973
9.34529
5.18987
5.78969
0.886942
9.34879
8.08528
13.0911
0.74903
0.99913
1.79211
0.800655
1.16376
0.754707
0.830402
0.886698
1.89849
0.916197
0.868042
1.64523
3.58277
0.792446
3.00725
0.804105
6.40102
1.04803
3.14667
1.30398
3.75481
3.75551
0.73047
0.7273
0.884147
0.802113
0.718561
0.730609
1.05845
1.01356
0.874406
0.744499
0.995721
0.719312
1.47762
1.01756
2.16366
0.810268
4.33827
0.765831
2.90524
1.32778
0.745629
0.81379
0.736311
1.18803
0.733946
1.25301
0.754494
1.34734
2.14966
0.798242
1.81077
2.17879
0.829338
7.48992
2.60282
7.48518
5.77591
7.40325
2.93508
7.4874
7.49403
3.09221
7.3892
4.77636
7.49298
7.49204
5.85992
1.02404
1.41339
2.97941
1.41325
3.04958
5.88079
7.49385
5.57402
2.71555
7.50277
2.80677
7.49161
7.50546
7.49862
5.6757
6.30252
7.51172
7.49625
7.5078
7.74021
3.73003
3.73219
0.795788
0.754907
0.820925
0.752605
1.52779
2.7776
1.49923
2.76422
1.64222
2.54491
1.47889
0.86738
0.756427
0.875524
0.750423
0.901253
0.753208
0.857372
0.893529
0.834304
0.772966
0.752642
0.752182
0.758685
1.38432
2.79367
2.10635
1.33681
2.31243
1.40533
1.25279
0.825978
0.746305
0.750245
0.801381
0.750898
0.820308
0.796232
0.753604
0.75216
0.752439
0.748669
0.751186
0.747642
0.750272
0.749173
0.762098
0.76316
0.783353
0.772603
0.803596
0.753034
0.801546
0.791396
0.762597
0.756499
0.752176
0.767516
0.764952
0.771989
0.779808
0.766745
0.763454
0.799784
0.753011
0.79909
0.787567
0.782064
0.765336
0.786951
0.77235
0.766163
0.775795
0.773684
0.778556
0.765671
1.17241
2.58898
0.762062
2.067
0.992313
3.22169
0.777775
0.789568
1.34821
0.769097
0.815927
0.736799
0.738178
1.02767
0.762845
0.742572
0.737818
0.822039
2.77965
4.42247
1.49285
2.50289
4.91778
0.844785
4.19092
0.805633
2.11602
0.831461
0.757926
0.736323
1.02025
0.743058
0.743887
0.741838
0.731755
0.739562
0.738617
0.759943
0.759313
0.747648
0.778115
0.776889
1.7462
0.775759
0.933827
0.7644
0.998952
0.993798
4.61836
2.72876
3.38153
1.04233
0.779122
1.0626
0.909442
0.855706
0.807972
1.67705
0.945995
2.14533
0.989995
0.871741
1.05544
1.49019
0.848714
0.963357
2.03388
0.932918
1.1701
1.41796
1.922
2.82297
1.83443
0.941892
0.930818
2.37367
1.49925
1.15984
4.84942
4.84819
3.82398
1.06033
1.5155
1.65622
1.89015
1.33225
2.76975
2.1664
0.758695
0.963976
0.950136
2.21093
0.88029
0.782689
1.02262
1.04578
1.23782
1.14322
4.17545
1.64535
3.4854
1.41384
1.35783
2.88893
1.44977
3.3102
2.13668
2.93848
4.18099
1.82373
4.18182
1.29803
0.793837
1.25404
0.838983
0.824799
0.981034
0.838085
1.31414
0.841892
2.09713
0.942146
0.966154
0.897123
1.2321
1.09788
1.2591
4.97181
1.39296
2.7253
3.61207
3.09119
1.1471
1.21484
5.17297
1.28798
1.75276
3.54831
6.08463
6.08513
3.14961
1.62093
0.854678
0.744394
0.886669
0.767041
0.79524
0.76893
0.76752
7.12231
4.10135
1.82906
0.932033
1.01141
0.884854
5.78501
3.01094
1.54555
3.37038
1.79558
5.91984
5.54402
1.28217
0.80131
1.01846
1.77185
0.874229
0.892029
3.12703
7.46013
7.46485
5.89012
6.33925
1.61111
7.46069
4.15684
2.09164
7.51099
1.58739
7.13763
1.57644
4.81631
3.14771
3.11695
7.0737
1.12919
6.06649
7.5172
1.00632
0.826147
0.957031
1.17615
1.0294
0.820659
1.11049
1.479
1.16362
1.30147
1.93787
1.19696
1.61253
1.45128
0.991153
2.26856
0.947272
1.37946
1.52491
1.43012
1.14561
3.73901
2.92254
0.755189
0.756436
0.755107
0.775227
0.865692
1.7481
1.14133
2.22028
1.04254
1.26954
0.985815
0.7577
0.752215
0.768546
0.755282
0.766373
0.762118
0.757805
0.756529
0.7656
0.773025
0.917982
0.827583
0.928941
0.774903
1.40919
0.778426
0.762356
0.918303
0.810075
0.760705
0.758296
0.787228
0.896752
0.76002
0.799899
0.753875
0.777011
0.865781
0.788042
0.779097
0.779053
0.773643
0.808169
0.777831
0.771793
0.773506
0.828329
0.892117
0.77441
1.06357
0.784792
1.28698
0.779838
0.790239
0.78707
0.783108
0.825908
1.20912
1.97386
0.789943
0.84317
0.81739
0.784059
0.785646
0.781351
0.81885
0.978849
1.57179
2.70481
0.827551
2.07414
0.798891
1.32153
1.76978
2.12841
4.42723
4.95389
0.918524
3.7342
3.22736
4.95633
1.05952
4.53244
0.874748
1.73446
1.5522
1.03416
0.748439
0.773467
0.756699
0.845092
0.756479
0.929181
7.82354
7.82798
4.95449
3.52617
4.79434
1.1046
4.95986
1.13812
4.598
7.81514
7.81801
4.69926
7.8235
1.26481
0.76001
0.759589
1.25734
0.757715
1.20666
1.30907
2.13985
2.14184
1.72496
1.18965
1.34293
0.841046
2.04874
1.07224
1.04958
1.66884
1.17185
2.11516
0.953853
2.13895
1.79675
2.13809
1.2829
2.13903
1.2443
1.89145
1.90275
1.42939
1.36019
0.784237
0.914662
0.77609
0.940947
0.848925
1.08758
1.19376
0.766646
0.814681
0.965295
1.01441
0.765743
0.855953
0.77658
0.833794
0.892428
0.862664
1.33587
0.818329
1.72686
1.31404
1.77512
3.82302
1.15362
1.51219
3.01646
3.63146
7.21928
2.91823
7.21772
1.61761
0.778196
1.49877
0.934457
1.23919
0.931929
2.10021
5.11088
7.21724
3.23183
4.6212
1.88776
5.09545
1.92331
5.09353
3.79797
0.87092
0.884608
1.58632
0.754109
1.58725
0.985183
5.17412
2.76197
2.86671
0.838627
4.10848
2.69551
5.35369
0.739512
0.738372
0.7374
0.741932
0.740364
0.74003
0.741431
0.744073
0.737191
0.738413
0.739101
0.90859
1.39624
0.750418
0.844486
0.766023
1.74809
0.751069
1.07188
0.757194
6.26634
6.26649
1.66253
0.9551
3.07821
0.87291
2.88133
0.857474
2.24364
7.47191
6.9648
3.5119
7.30493
7.23568
6.48684
5.44661
6.26673
1.25532
7.44906
1.53068
7.44865
4.31378
1.23636
0.830447
0.850683
0.877893
0.850596
1.15242
1.08331
7.47148
7.45524
2.53108
1.02368
2.45093
1.9542
5.95057
1.75738
5.55769
3.76314
3.456
1.84625
5.94928
7.41481
7.08754
5.95829
7.42
7.41188
6.33461
2.77625
0.933218
0.883111
0.969553
1.04949
1.95716
1.16073
3.60054
2.47529
1.01416
1.69236
1.47726
4.60363
1.39833
6.5941
1.86254
5.33272
2.55877
6.99752
2.63282
3.54287
0.783692
1.09757
1.06619
0.924479
1.09172
0.860161
0.964003
0.760839
0.763469
0.766767
0.760567
0.76071
0.780011
1.09728
1.06696
0.816584
1.05166
1.00701
1.07058
1.02547
0.873922
0.898702
0.859222
1.08776
0.855226
0.900811
0.881099
0.944816
1.00243
1.01998
0.852035
0.964904
0.931072
0.887267
0.888713
0.944818
0.851174
0.86581
0.949498
0.916219
3.98236
3.10303
0.865046
0.833728
0.776363
0.856274
0.836918
0.832429
0.772265
2.2873
2.70568
0.860808
2.05964
1.88464
2.70478
0.888997
3.10722
2.67356
1.11425
3.98186
3.98193
3.98176
0.98876
0.791329
1.03433
0.778752
0.88112
0.768445
1.09223
2.57055
2.02598
2.70406
0.886266
2.70431
0.901079
2.51019
2.12511
2.12485
1.18208
2.03852
0.917754
0.856347
2.70711
0.98927
0.856632
1.94832
6.79805
5.86804
3.00909
1.10565
0.767669
1.20369
0.771618
1.31939
0.787238
1.11515
8.44311
10.4044
4.71718
1.79652
9.46022
2.9027
3.67668
1.36194
8.90091
3.24951
2.91864
1.42069
9.69802
1.74991
0.794262
0.955088
1.18994
0.8842
1.03232
2.75564
0.878925
1.03891
0.816115
0.857171
0.748647
0.741025
0.893026
0.818626
0.739522
0.770098
0.746369
0.82741
0.737756
0.955198
1.60381
0.922881
0.829973
1.27876
0.960572
0.801685
0.793218
0.747883
0.763861
0.73826
0.745771
0.736168
0.761842
0.73619
0.741443
0.745653
0.736057
0.735591
0.736102
1.46295
1.39777
0.893096
0.780316
1.86648
1.16399
0.850579
3.87158
7.15294
2.16888
1.47089
5.10135
1.703
3.26694
1.14519
3.06331
1.31437
0.864351
1.15928
0.781411
1.00952
0.77586
0.789181
0.759985
0.897866
0.806068
0.775527
1.40138
0.793903
1.10904
0.926603
0.757417
0.770438
0.856855
1.18319
0.776418
0.752501
0.736653
0.743796
0.737395
0.829388
0.790111
0.779563
0.862474
0.761573
0.862352
0.873449
0.785865
0.753083
0.780479
0.739829
0.743812
0.801164
0.739408
0.78137
0.812976
0.771881
0.748091
0.74071
0.811963
0.873946
0.835436
0.821931
0.824267
0.872969
0.872635
0.87334
0.861745
0.874721
2.28822
0.98473
0.788644
0.802131
0.816058
0.748715
0.941548
0.748034
0.764828
1.70678
4.88476
0.926698
0.844676
1.36643
0.794086
0.770356
0.799641
0.737437
0.740533
0.740878
0.833789
0.737012
0.739018
0.736781
0.737604
0.737102
0.73693
0.738801
0.736619
0.80696
0.736692
0.754359
0.73636
0.749501
0.736063
0.745112
0.792032
0.813789
0.764489
0.796156
0.75425
0.746098
0.746433
0.830717
0.898941
0.754978
0.744211
0.883149
0.737948
0.737096
0.736003
0.737368
0.737784
0.739787
0.736003
0.738198
0.747978
0.737457
0.735889
0.742144
0.738914
0.73576
0.738265
0.736952
0.743516
0.737116
0.73746
0.735849
0.758741
7.2625
7.26275
3.55953
2.59902
2.27836
3.77547
2.77676
1.86473
1.24661
5.02774
1.3715
5.02724
1.82703
1.52015
1.25115
0.871743
0.799063
1.26624
1.22823
0.90385
3.65811
3.36412
3.65795
2.10816
3.54853
2.749
2.87918
3.97546
3.65748
1.33729
5.0273
1.54118
2.23567
1.4221
0.775712
0.889933
0.831962
1.0607
0.855837
1.1799
2.5581
3.98193
0.903059
1.14324
0.773886
0.776857
1.03227
1.07527
0.761827
1.3097
2.07354
0.823768
0.879684
2.07347
1.14283
0.776377
1.89554
1.48767
2.81408
1.05172
1.19883
0.814419
0.822588
0.76001
0.807346
0.743061
0.923821
0.750343
0.770067
0.900204
0.760933
0.742352
0.741009
0.814648
0.753308
0.765033
0.812715
0.743487
6.68417
9.46021
3.13614
7.25889
9.25091
9.46092
2.12446
7.00208
2.58324
9.5954
1.47475
1.5852
1.02949
1.13027
0.799992
2.23294
1.0159
0.985537
10.4064
8.29551
4.29513
4.42259
3.80277
0.958593
9.28904
1.34349
3.09607
6.52744
3.06002
2.00952
3.39725
1.34965
0.846012
0.877862
1.22642
0.975038
1.05488
1.1756
0.734224
0.736164
0.735903
0.739918
0.737716
0.743767
0.735957
0.738994
0.741414
0.735268
0.739587
0.734565
0.748899
0.735253
0.737249
0.734541
0.737254
0.734879
0.737282
0.735482
0.734096
0.7355
0.737495
0.750903
0.743415
0.790722
0.74058
0.751817
0.742189
0.740189
0.835627
0.783026
0.758974
0.748292
0.780745
0.745481
0.749843
0.748463
0.77174
0.745253
0.749239
0.749731
0.747207
0.743264
0.746314
0.743517
0.746737
0.744101
0.746619
0.803202
3.42001
0.974287
2.09921
0.782695
0.772916
1.27796
0.878623
0.845022
0.759667
1.15344
0.771086
0.917928
0.766664
0.746259
0.794312
0.888113
0.753757
0.756585
1.09758
0.842941
0.768938
0.843166
0.801959
0.775121
0.782477
0.759753
0.738084
0.826951
0.764106
0.741003
0.802035
0.873552
0.783884
0.807242
0.818723
0.773735
0.809653
0.786628
0.766073
0.802961
0.826767
0.827266
0.768156
0.747065
0.736051
0.740551
0.735659
0.748601
0.736655
0.73915
0.754121
0.739679
0.742933
0.743355
0.771698
0.752021
0.750397
0.753306
0.741188
0.771684
0.782528
0.738802
0.736712
0.748599
0.737433
0.736612
0.768541
0.759536
0.739897
0.761789
0.746774
0.759879
0.739857
0.782406
0.813276
0.743668
0.749537
0.754797
0.771769
0.782813
0.798049
0.755597
0.789046
0.81348
0.806371
0.813411
0.819661
0.735491
0.735753
0.735285
0.735348
0.735354
0.735511
0.735137
0.737632
0.738847
0.738824
0.750517
0.735165
0.735594
0.735867
0.735632
0.735051
0.736872
0.735236
0.742656
0.73528
0.735329
0.735134
0.735112
0.735038
0.735253
0.735084
0.73509
0.735912
0.754767
0.768772
0.735238
0.735036
0.735024
0.735145
0.941079
0.770305
0.824527
1.09071
1.38643
0.777076
0.902368
1.69718
1.02035
0.903868
1.4349
0.921389
0.855327
0.82448
0.803225
0.806995
0.750805
0.994118
0.759939
0.78192
0.745664
0.736563
0.739897
0.73648
0.73652
0.736632
0.755299
0.76203
0.737018
0.740169
0.756585
0.760413
0.737343
0.748712
0.74898
0.739221
0.744184
0.741558
0.755629
0.738056
0.733786
0.742768
0.736801
0.755033
0.739621
0.741485
0.74352
0.740066
0.739709
0.733982
0.733665
0.736964
0.734252
0.736918
0.733583
0.736767
0.73421
0.736135
0.734965
0.735837
0.733814
0.735459
0.736578
0.743083
0.738663
0.740782
0.737666
0.740079
0.737636
0.734503
0.734977
0.735788
0.738288
0.734504
0.73701
0.735947
0.7335
0.734247
0.927993
1.80914
0.797816
0.871066
1.45641
1.06687
0.749489
0.928106
2.44341
1.54618
1.08216
0.754142
0.779835
1.09326
0.756582
0.895164
0.74206
0.826476
0.813165
0.742262
0.773521
0.764897
0.743565
0.740898
0.800375
0.738859
0.742448
0.763843
0.739435
0.759696
0.739244
0.738197
0.739052
0.741545
0.738311
0.737822
0.741984
0.739844
0.785012
0.743598
0.798476
0.750618
0.837539
0.836106
0.760099
0.768273
0.837532
0.827644
0.839285
0.810886
0.820025
0.767846
0.740159
0.771273
0.789554
0.74403
0.753441
0.823167
0.82864
0.826574
0.825765
0.800927
0.820877
0.759816
0.820093
0.804085
0.813137
0.82521
0.742921
0.77027
0.784944
1.3118
1.38085
0.969499
0.80627
1.57235
1.01831
0.90346
2.40996
3.13675
1.69553
1.04583
1.74633
1.42654
1.56708
1.13787
1.82892
0.87259
0.740173
0.790726
0.742424
0.871949
0.750622
0.737973
0.742658
0.770828
0.791337
0.743608
1.03647
0.749764
1.13554
1.10371
0.765435
0.794493
0.921522
1.32642
0.770605
0.737559
0.796904
0.746457
0.759653
0.73558
0.73683
0.735325
0.7352
0.736574
0.735593
0.735237
0.735535
0.736308
0.736354
0.753317
0.737606
0.73549
0.750419
0.736376
0.735485
0.735703
0.735927
0.739772
0.735416
0.735353
0.73527
0.735325
0.735312
0.735366
0.735282
0.735331
0.735357
0.735337
1.40188
1.28656
0.740177
0.737612
0.73807
0.735154
0.752543
0.735685
0.735587
0.860775
0.860967
0.75027
0.757189
0.779859
0.737435
0.819845
0.941718
0.746694
0.856845
0.757311
0.988363
0.779199
0.738257
0.735183
0.735199
0.735203
0.735353
0.735313
0.736445
0.860176
0.809326
0.74637
0.735304
0.735632
0.741942
0.735156
0.735141
0.735109
0.735184
0.735112
0.735184
0.735158
0.735144
0.739649
0.735143
0.73543
0.735155
0.735113
0.735205
0.735199
0.735226
0.735212
0.735209
0.735197
0.735221
0.735226
0.735248
0.735264
0.73526
0.735239
0.735236
0.735252
0.735205
0.735212
0.735213
0.735223
0.73522
0.735244
0.735255
0.738449
0.740644
0.740089
0.738582
0.738751
0.739884
0.740717
0.738608
0.741156
0.740637
0.738988
0.740064
0.743883
0.741104
0.7401
0.745116
0.746088
0.739747
0.741265
0.746281
0.741908
0.747612
0.742227
0.750789
0.742646
0.749129
0.742429
0.744522
0.746853
0.751765
0.741833
0.748067
0.747476
0.743272
0.750545
0.752142
0.753818
0.744931
0.748176
0.749851
0.740549
0.737067
0.742282
0.739663
0.743113
0.747661
0.738946
0.741456
0.750116
0.742822
0.738282
0.742469
0.754604
0.737742
0.747532
0.751421
0.747191
0.754831
0.744268
0.768517
0.751466
0.804134
0.751802
0.754472
0.757984
0.814271
0.748047
0.761417
0.787172
0.756562
0.794901
0.825941
0.824116
0.774119
0.778449
0.820381
0.783687
0.810496
0.745005
0.73861
0.749916
0.743663
0.740987
0.740472
0.762478
0.742632
0.740933
0.739724
0.744861
0.758043
0.761044
0.743967
0.743505
0.747436
0.765601
0.751983
0.743861
0.746684
0.748505
0.745635
0.747176
0.757725
0.743422
0.763027
0.750611
0.748573
0.750956
0.752465
0.750424
0.757821
0.738891
0.761439
0.73853
0.766138
0.744797
0.756067
0.748469
0.794444
0.743863
0.787666
0.740069
0.736578
0.774184
0.753421
0.735876
0.736656
0.736294
0.747582
0.735499
0.748458
0.801707
0.742284
0.739008
0.781276
0.760015
0.736379
0.736351
0.735437
0.736131
0.735516
0.7356
0.735356
0.738205
0.735436
0.735413
0.735492
0.735358
0.735397
0.735366
0.736138
0.737275
0.735673
0.735547
0.73658
0.737668
0.735238
0.73697
0.73786
0.736071
0.736752
0.737477
0.735492
0.736944
0.735322
0.736193
0.737631
0.7398
0.743736
0.735544
0.735519
0.735257
0.735488
0.734945
0.736733
0.73507
0.735102
0.735594
0.735066
0.735346
0.735121
0.734936
0.735
0.735064
0.735344
0.735022
0.73538
0.735472
0.735383
0.735396
0.735365
0.735351
0.735349
0.73534
0.73536
0.735349
0.735355
0.735372
0.735366
0.735368
0.735376
0.735344
0.735315
0.735378
0.735353
0.73534
0.735377
0.735353
0.735383
0.735348
0.735361
0.735331
0.735305
0.735312
0.735346
0.735346
0.735327
0.735369
0.735336
0.735636
0.735186
0.735142
0.735174
0.735192
0.73516
0.735332
0.735132
0.735163
0.735499
0.748283
0.735193
0.735207
0.736639
0.735166
0.735064
0.73504
0.734984
0.734974
0.735057
0.735044
0.734996
0.7351
0.735132
0.735029
0.73507
0.735098
0.735127
0.735035
0.735079
0.73501
0.735105
0.735071
0.735131
0.735039
0.735267
0.735289
0.735293
0.735302
0.735277
0.735279
0.735286
0.735224
0.735223
0.735242
0.7352
0.735253
0.735266
0.735197
0.735179
0.735162
0.735116
0.735213
0.735172
0.735154
0.735243
0.735287
0.735212
0.735228
0.73526
0.735265
0.735198
0.735195
0.735111
0.735168
0.735145
0.735227
0.73518
0.735313
0.753675
0.764412
0.79786
0.778698
0.762193
0.801089
0.774404
0.753064
0.756089
0.75918
0.753274
0.771036
0.776082
0.784621
0.774711
0.768925
0.776393
0.757466
0.796697
0.782484
0.777631
0.746705
0.772698
0.739792
0.766088
0.743609
0.774013
0.765974
0.752982
0.744767
0.775293
0.768138
0.747894
0.76475
0.747384
0.737906
0.738521
0.759004
0.758132
0.74136
0.788837
0.83004
0.774775
0.806623
0.791021
0.762019
0.828391
0.786613
0.749863
0.7718
0.803983
0.786664
0.740185
0.827951
0.751058
0.744518
0.746295
0.73724
0.755707
0.735739
0.743344
0.735418
0.740343
0.739102
0.735926
0.734975
0.747965
0.736281
0.735217
0.739029
0.735362
0.735028
0.734981
0.736114
0.73566
0.73515
0.736269
0.735186
0.767002
0.750768
0.763821
0.760565
0.753695
0.755309
0.766446
0.752399
0.744572
0.753935
0.738254
0.751307
0.750117
0.737505
0.73583
0.75582
0.742931
0.73671
0.759485
0.748049
0.760044
0.766266
0.744941
0.743449
0.755606
0.759231
0.743194
0.747684
0.734866
0.735796
0.739089
0.742728
0.734962
0.735443
0.73476
0.73829
0.735611
0.736585
0.73524
0.735313
0.735235
0.735318
0.735304
0.735211
0.735307
0.735212
0.735242
0.735247
0.735315
0.735312
0.735253
0.735148
0.735138
0.735038
0.735026
0.735132
0.735131
0.735055
0.735158
0.735064
0.735152
0.735131
0.735026
0.735063
0.735129
0.735156
0.735057
0.735167
0.735074
0.735172
0.73507
0.734747
0.734998
0.734848
0.734809
0.734861
0.734828
0.734761
0.73474
0.734857
0.734741
0.734841
0.734851
0.734761
0.734848
0.734753
0.734751
0.734639
0.734555
0.734705
0.734536
0.734641
0.734673
0.734555
0.734563
0.734676
0.734657
0.734543
0.734631
0.734534
0.734634
0.734657
0.734555
0.734548
0.73465
0.734644
0.734539
0.735238
0.735313
0.735304
0.735246
0.735208
0.73526
0.735259
0.735167
0.735279
0.735181
0.735192
0.735221
0.735291
0.735139
0.735125
0.735051
0.73501
0.73515
0.735114
0.735046
0.735154
0.735065
0.735165
0.735055
0.735121
0.735075
0.734988
0.735002
0.735098
0.735097
0.73502
0.735135
0.735034
0.734772
0.734672
0.734872
0.734959
0.734994
0.734911
0.734961
0.734868
0.734911
0.734846
0.734936
0.734876
0.734997
0.734966
0.734911
0.734731
0.734694
0.734619
0.734603
0.734726
0.734708
0.734626
0.73477
0.734811
0.734663
0.734703
0.734769
0.734805
0.734665
0.734745
0.734639
0.734774
0.734702
0.734807
0.734667
0.735053
0.73515
0.735155
0.73511
0.73513
0.735068
0.735087
0.734993
0.73504
0.735073
0.734954
0.735032
0.735111
0.734893
0.734866
0.734809
0.734752
0.734912
0.734857
0.734797
0.73495
0.735009
0.734864
0.734884
0.734971
0.734979
0.734847
0.734888
0.734745
0.734851
0.734786
0.734929
0.734825
0.735047
0.735059
0.734354
0.734601
0.735011
0.73535
0.734611
0.734638
0.737283
0.735687
0.73472
0.736171
0.734668
0.734577
0.734597
0.7349
0.734936
0.734579
0.735215
0.7346
0.734561
0.734407
0.734292
0.734433
0.734351
0.734464
0.734321
0.734398
0.734366
0.734256
0.734263
0.734375
0.734381
0.734279
0.734424
0.734452
0.734348
0.734302
0.734457
0.734413
0.734316
0.734682
0.734845
0.734658
0.73481
0.73478
0.734616
0.734799
0.734627
0.734656
0.734694
0.734842
0.734822
0.734736
0.73483
0.734719
0.734698
0.734529
0.734385
0.734498
0.734415
0.734556
0.734439
0.734531
0.734496
0.734387
0.734418
0.734496
0.734536
0.734421
0.734569
0.734611
0.734474
0.734454
0.734594
0.734578
0.734451
0.734764
0.734637
0.734512
0.73719
0.735882
0.735058
0.73583
0.734678
0.734513
0.734395
0.734486
0.73505
0.734341
0.734382
0.734577
0.734468
0.734367
0.73469
0.734389
0.734347
0.734266
0.734151
0.734272
0.734329
0.734176
0.734176
0.734293
0.734287
0.73416
0.734237
0.734126
0.734223
0.734136
0.734239
0.734248
0.734161
0.734134
0.734257
0.734229
0.734143
0.734824
0.734947
0.734819
0.734916
0.734941
0.734791
0.734939
0.734792
0.734821
0.734828
0.734956
0.734953
0.734829
0.734676
0.734652
0.734534
0.734525
0.734665
0.734661
0.734541
0.734683
0.734543
0.734675
0.734654
0.734521
0.734537
0.734657
0.734674
0.73454
0.734686
0.734541
0.734685
0.734544
0.734331
0.734432
0.734449
0.734355
0.73443
0.734334
0.73435
0.734322
0.73442
0.734325
0.734439
0.73443
0.734341
0.734423
0.734339
0.734331
0.73421
0.734116
0.734213
0.734113
0.734214
0.734234
0.734123
0.734133
0.734217
0.73423
0.734119
0.734207
0.73411
0.734208
0.734221
0.734123
0.734115
0.734221
0.734212
0.734112
0.734808
0.734947
0.734934
0.73482
0.734775
0.734874
0.734874
0.734729
0.734898
0.734744
0.734758
0.734788
0.734914
0.734652
0.734643
0.734527
0.734493
0.734664
0.73463
0.734516
0.734664
0.734533
0.734677
0.734522
0.734631
0.734586
0.73447
0.734477
0.734609
0.734608
0.734495
0.734645
0.734506
0.734348
0.734231
0.734432
0.734544
0.734578
0.73447
0.734543
0.734431
0.734467
0.734408
0.734521
0.734432
0.734579
0.734547
0.734464
0.734272
0.734246
0.73416
0.734147
0.734272
0.734254
0.734162
0.734301
0.734341
0.734192
0.73422
0.734305
0.734333
0.73419
0.734283
0.73417
0.734304
0.734217
0.734333
0.73419
0.7346
0.734739
0.734749
0.734661
0.734718
0.734617
0.734636
0.734542
0.734621
0.734658
0.734504
0.73458
0.734698
0.73441
0.734386
0.734307
0.734258
0.734427
0.734374
0.734295
0.734456
0.734516
0.73435
0.734366
0.734477
0.734487
0.734335
0.734404
0.734251
0.734369
0.734284
0.734438
0.734316
0.734555
0.734009
0.733916
0.734106
0.734235
0.734205
0.734132
0.734069
0.73414
0.734155
0.734032
0.734164
0.73405
0.734056
0.734102
0.734229
0.734188
0.734119
0.734196
0.734129
0.734089
0.73398
0.733895
0.734001
0.733931
0.734024
0.733912
0.733968
0.733935
0.733871
0.733872
0.733949
0.733959
0.733885
0.733993
0.734012
0.733928
0.733896
0.734018
0.733985
0.733908
0.734202
0.734314
0.734189
0.734264
0.734296
0.734153
0.734294
0.734161
0.734183
0.734211
0.734343
0.734329
0.734231
0.734324
0.734226
0.734209
0.734067
0.73395
0.734047
0.733966
0.734081
0.733976
0.734066
0.73404
0.733949
0.73396
0.734044
0.734064
0.733969
0.734086
0.734103
0.733989
0.733975
0.734097
0.734087
0.733981
0.734241
0.734111
0.733964
0.734061
0.734066
0.733992
0.73405
0.733978
0.733978
0.733943
0.73402
0.734029
0.733933
0.733949
0.734047
0.734024
0.733952
0.734033
0.733963
0.733939
0.733863
0.73379
0.73387
0.733896
0.73381
0.733808
0.733882
0.733883
0.733797
0.733852
0.733768
0.733842
0.733777
0.733855
0.733854
0.733792
0.733772
0.733865
0.733845
0.733782
0.734253
0.734396
0.734249
0.734376
0.734383
0.73423
0.734388
0.734239
0.734242
0.73425
0.73439
0.734394
0.734244
0.734111
0.734112
0.733985
0.733977
0.734113
0.734109
0.73398
0.73411
0.733977
0.734102
0.734089
0.733966
0.73396
0.734098
0.734094
0.73397
0.734104
0.73396
0.734097
0.73397
0.733923
0.734014
0.73402
0.73394
0.734009
0.733928
0.733932
0.733915
0.734004
0.733915
0.734012
0.734004
0.733918
0.734004
0.733922
0.733915
0.733827
0.733758
0.733833
0.733752
0.733827
0.733843
0.73376
0.733758
0.733835
0.733833
0.733754
0.733822
0.733746
0.733821
0.733819
0.733745
0.73374
0.733825
0.733818
0.733744
0.734225
0.734382
0.73437
0.734236
0.734203
0.734326
0.734323
0.734167
0.734343
0.734186
0.734186
0.734211
0.734354
0.734072
0.734076
0.733948
0.733927
0.734083
0.734062
0.733936
0.734078
0.73395
0.734088
0.733939
0.734056
0.734024
0.733909
0.733906
0.734044
0.734039
0.73392
0.734065
0.733927
0.733918
0.733818
0.733959
0.734067
0.734088
0.733987
0.734061
0.733962
0.733981
0.733944
0.734048
0.733958
0.734088
0.734064
0.733978
0.733827
0.73382
0.73374
0.733734
0.733831
0.733819
0.733737
0.733839
0.733867
0.733753
0.733763
0.733846
0.733859
0.733749
0.733831
0.73374
0.733841
0.73376
0.733859
0.733747
0.734069
0.734207
0.734215
0.734114
0.734188
0.734083
0.734095
0.734029
0.734116
0.734145
0.734003
0.734054
0.734173
0.733904
0.733893
0.733811
0.733782
0.733917
0.733882
0.733801
0.73393
0.733971
0.733831
0.733839
0.733945
0.733951
0.73382
0.733899
0.733775
0.733878
0.733793
0.733918
0.733809
0.733999
0.733687
0.733613
0.733736
0.733832
0.733817
0.733747
0.733722
0.733782
0.733787
0.7337
0.733796
0.733712
0.73371
0.733733
0.733826
0.733802
0.733733
0.733811
0.733745
0.733722
0.733642
0.733571
0.733648
0.733575
0.733654
0.733572
0.733638
0.733622
0.733563
0.73356
0.733629
0.733631
0.733569
0.733643
0.733642
0.733574
0.733561
0.733649
0.733635
0.733569
0.733765
0.733862
0.733764
0.733841
0.733849
0.733744
0.733854
0.733754
0.733754
0.733766
0.733866
0.73386
0.73376
0.733863
0.733767
0.733757
0.733659
0.733573
0.733657
0.733574
0.733659
0.73357
0.733656
0.733646
0.733572
0.733563
0.733654
0.733649
0.733574
0.733656
0.733647
0.733563
0.733558
0.733652
0.73365
0.733567
0.733754
0.733639
0.733654
0.733729
0.733726
0.733673
0.733718
0.733665
0.73366
0.733636
0.73369
0.7337
0.733626
0.733639
0.73371
0.733692
0.733632
0.733703
0.733644
0.73363
0.733578
0.733518
0.733583
0.7336
0.733531
0.733526
0.733592
0.733588
0.733523
0.733567
0.733499
0.733556
0.733508
0.733569
0.733559
0.733511
0.733501
0.733572
0.733557
0.73351
0.733725
0.733842
0.733716
0.733836
0.733823
0.733702
0.733833
0.733717
0.733703
0.733714
0.733823
0.733833
0.733702
0.733608
0.733627
0.733521
0.733513
0.733618
0.733615
0.733508
0.733602
0.733501
0.733591
0.733582
0.733496
0.733477
0.733597
0.733579
0.733492
0.73359
0.733474
0.733578
0.733488
0.733609
0.733681
0.733673
0.733618
0.733671
0.733616
0.733607
0.733599
0.733664
0.733595
0.733662
0.733654
0.733582
0.733661
0.733592
0.733588
0.733535
0.733486
0.733545
0.733476
0.733533
0.733544
0.733485
0.73347
0.733544
0.733531
0.733476
0.733525
0.733465
0.73352
0.733504
0.733453
0.733451
0.733517
0.73351
0.733459
0.733677
0.733811
0.733801
0.733689
0.73366
0.733777
0.733771
0.73364
0.733783
0.733655
0.733649
0.733666
0.73379
0.733551
0.733565
0.73346
0.733447
0.733562
0.733551
0.733447
0.733553
0.73346
0.733564
0.733447
0.733537
0.733523
0.733431
0.733424
0.733535
0.733528
0.733433
0.733542
0.733437
0.733573
0.733494
0.733564
0.73365
0.733654
0.733576
0.733642
0.73357
0.733569
0.73356
0.73364
0.733562
0.733653
0.733643
0.733566
0.733475
0.733484
0.733414
0.733414
0.733482
0.733476
0.733408
0.73347
0.733481
0.73341
0.733401
0.733479
0.733475
0.733403
0.733474
0.733404
0.733471
0.733398
0.733474
0.7334
0.733595
0.733704
0.733708
0.733615
0.733693
0.733604
0.733606
0.733581
0.733663
0.733676
0.733572
0.733589
0.733687
0.733482
0.733483
0.733407
0.733399
0.733489
0.733475
0.7334
0.733486
0.7335
0.733405
0.733403
0.733493
0.733492
0.733399
0.73348
0.733396
0.733474
0.733397
0.733483
0.733397
0.73351
0.733414
0.733346
0.733419
0.733488
0.733489
0.733416
0.733423
0.733484
0.733483
0.733417
0.733488
0.733421
0.733418
0.733416
0.733485
0.73348
0.733407
0.733486
0.733416
0.73341
0.733348
0.733288
0.733344
0.733277
0.733339
0.733283
0.733348
0.733347
0.73329
0.733286
0.733348
0.733345
0.73329
0.733342
0.73333
0.733276
0.733276
0.733336
0.733337
0.73328
0.733393
0.733473
0.733402
0.73348
0.733468
0.733397
0.733475
0.733404
0.733391
0.733388
0.733459
0.73346
0.73337
0.733468
0.733381
0.733379
0.733322
0.733266
0.73333
0.733258
0.733311
0.733246
0.733317
0.733319
0.733262
0.733247
0.733326
0.733309
0.733255
0.733305
0.733284
0.733231
0.73323
0.733294
0.733296
0.733239
0.733356
0.733271
0.733397
0.733462
0.733457
0.733407
0.733455
0.733404
0.733398
0.733384
0.733432
0.733442
0.733375
0.733384
0.733442
0.733431
0.733371
0.733442
0.733383
0.733375
0.733327
0.733273
0.73333
0.73334
0.733281
0.733276
0.733337
0.733331
0.733276
0.733319
0.733256
0.73331
0.733264
0.733318
0.733305
0.733261
0.733255
0.733317
0.733308
0.733263
0.733312
0.733396
0.733302
0.73339
0.733371
0.733292
0.733383
0.733309
0.733287
0.733298
0.733369
0.733382
0.733284
0.733234
0.733255
0.733183
0.733179
0.733244
0.733242
0.73317
0.733227
0.733163
0.733215
0.733208
0.733162
0.73314
0.733222
0.733203
0.733154
0.733213
0.733138
0.733201
0.73315
0.733349
0.733417
0.733398
0.733353
0.733404
0.733358
0.73334
0.733338
0.733396
0.733331
0.733383
0.733378
0.733313
0.73339
0.733323
0.733323
0.733286
0.733243
0.733298
0.733233
0.733282
0.733289
0.733239
0.733223
0.733294
0.733275
0.733231
0.733275
0.733221
0.733268
0.733248
0.733207
0.733207
0.733261
0.733257
0.733215
0.733258
0.733354
0.733342
0.73327
0.733245
0.733328
0.733321
0.733237
0.733328
0.733246
0.733239
0.733249
0.733332
0.733176
0.733189
0.733126
0.733119
0.733186
0.733177
0.733116
0.733176
0.733126
0.733187
0.733115
0.733164
0.733157
0.733107
0.733101
0.733164
0.733159
0.733105
0.733167
0.733108
0.7333
0.733237
0.733264
0.73333
0.733321
0.733263
0.733322
0.733271
0.733256
0.733269
0.733329
0.73326
0.733318
0.733321
0.733253
0.733209
0.733224
0.733167
0.733169
0.733217
0.733216
0.73316
0.733195
0.733195
0.733155
0.733138
0.733203
0.73319
0.733148
0.733204
0.733154
0.733194
0.733135
0.733186
0.733145
0.733235
0.733311
0.733308
0.733234
0.733307
0.733238
0.733233
0.73324
0.733312
0.73331
0.733245
0.733236
0.733308
0.733171
0.733181
0.73312
0.733125
0.733174
0.733176
0.733116
0.733161
0.733158
0.733108
0.733102
0.733162
0.733158
0.733106
0.73317
0.733124
0.733176
0.733116
0.733163
0.733109
0.733156
0.733182
0.73314
0.733177
0.733216
0.733222
0.733172
0.733181
0.733229
0.733225
0.733181
0.733227
0.733182
0.733179
0.733175
0.733214
0.733216
0.733164
0.733221
0.733169
0.733171
0.73314
0.733115
0.733137
0.733109
0.733133
0.733113
0.73314
0.73314
0.733115
0.733113
0.733141
0.733137
0.733115
0.733135
0.733124
0.733107
0.733107
0.73313
0.733131
0.733111
0.733142
0.733186
0.733148
0.733203
0.733185
0.733152
0.733192
0.733158
0.733141
0.733135
0.733168
0.733171
0.733116
0.733179
0.733124
0.733128
0.733117
0.733104
0.733125
0.733097
0.733108
0.733089
0.733113
0.733115
0.7331
0.733087
0.733121
0.733105
0.733093
0.733102
0.733083
0.733075
0.733078
0.733093
0.733094
0.733084
0.733105
0.733072
0.733172
0.733222
0.733217
0.733177
0.733217
0.733175
0.733172
0.733162
0.733199
0.733208
0.733155
0.733162
0.733205
0.733198
0.733152
0.733207
0.73316
0.733154
0.733129
0.733104
0.733131
0.733136
0.733108
0.733105
0.733135
0.73313
0.733105
0.733124
0.733094
0.733117
0.733099
0.733123
0.733113
0.733097
0.733092
0.733121
0.733116
0.733098
0.733066
0.733103
0.733058
0.733101
0.733083
0.733054
0.733095
0.733067
0.733047
0.733054
0.733079
0.733091
0.733044
0.733042
0.733061
0.733042
0.733041
0.733053
0.733048
0.733034
0.733036
0.733029
0.73303
0.733024
0.733029
0.733015
0.733036
0.733019
0.733023
0.733026
0.733013
0.733016
0.733021
0.733133
0.733186
0.733169
0.733138
0.733175
0.733143
0.733129
0.733128
0.733169
0.733123
0.733157
0.733154
0.733108
0.733163
0.733117
0.733114
0.733102
0.733087
0.73311
0.73308
0.733099
0.733103
0.733084
0.733073
0.733107
0.733093
0.733077
0.733094
0.733074
0.73309
0.733076
0.733065
0.733063
0.733084
0.733082
0.73307
0.733027
0.733068
0.73306
0.733034
0.733019
0.733052
0.733048
0.733018
0.733051
0.733023
0.733017
0.733021
0.733053
0.733003
0.733013
0.733007
0.733004
0.73301
0.733005
0.733001
0.733002
0.733006
0.733008
0.733001
0.732996
0.732995
0.732998
0.732994
0.732998
0.732995
0.732996
0.732998
0.732997
0.7331
0.733069
0.733065
0.733102
0.733088
0.733061
0.733097
0.733072
0.733056
0.733072
0.733104
0.733062
0.733085
0.733095
0.733053
0.733048
0.733061
0.73304
0.733041
0.733052
0.733055
0.733036
0.733038
0.733032
0.733032
0.733021
0.733042
0.733029
0.733028
0.733043
0.733033
0.733036
0.73302
0.733027
0.733027
0.733026
0.733056
0.733052
0.73302
0.733056
0.733027
0.733021
0.733035
0.733074
0.733066
0.733043
0.733029
0.733059
0.733012
0.733022
0.733008
0.733013
0.733013
0.73302
0.733007
0.733004
0.732998
0.733001
0.732997
0.733004
0.733
0.733001
0.733012
0.733014
0.733019
0.733008
0.733006
0.733003
0.732995
0.733093
0.733091
0.733096
0.733093
0.733095
0.733095
0.733096
0.733097
0.733095
0.733094
0.733097
0.733095
0.733093
0.733094
0.733092
0.733092
0.733089
0.733095
0.733093
0.733091
0.733096
0.733107
0.733097
0.733109
0.733097
0.733108
0.733096
0.733093
0.733104
0.733103
0.733094
0.733093
0.733106
0.733096
0.733092
0.733107
0.733103
0.733096
0.733093
0.733107
0.733085
0.733079
0.733086
0.733088
0.733078
0.733086
0.733083
0.73309
0.733082
0.733081
0.73307
0.73307
0.733072
0.733076
0.733076
0.733077
0.733093
0.733109
0.733095
0.733107
0.73309
0.733105
0.733092
0.73309
0.733107
0.733102
0.733094
0.733088
0.733105
0.733088
0.733081
0.733101
0.7331
0.733085
0.733085
0.733104
0.733067
0.733077
0.733086
0.733091
0.733087
0.73309
0.733088
0.733089
0.733086
0.733082
0.733077
0.733082
0.733078
0.733081
0.733082
0.733077
0.733074
0.733083
0.73308
0.733076
0.733084
0.733093
0.733085
0.733089
0.733097
0.733094
0.733088
0.733084
0.733094
0.733081
0.733088
0.733077
0.733091
0.733082
0.733074
0.73309
0.733087
0.73308
0.733077
0.733091
0.733048
0.733029
0.733044
0.733028
0.733017
0.73304
0.733025
0.733047
0.733038
0.733043
0.733015
0.733022
0.733037
0.733065
0.733072
0.733091
0.733089
0.73307
0.733067
0.733088
0.733063
0.733086
0.73306
0.733055
0.733085
0.73308
0.733061
0.733055
0.733084
0.733058
0.73308
0.733054
0.733083
0.733065
0.733071
0.733062
0.733067
0.733065
0.733071
0.733062
0.733063
0.733061
0.73306
0.733055
0.733054
0.733052
0.733059
0.733056
0.733055
0.733068
0.733084
0.733073
0.73308
0.733067
0.733069
0.733083
0.733076
0.733072
0.733064
0.733078
0.733064
0.733076
0.733062
0.733055
0.733071
0.73307
0.733059
0.733059
0.733074
0.733028
0.733009
0.733004
0.733032
0.733023
0.733001
0.732999
0.733021
0.733
0.733024
0.733021
0.733025
0.733001
0.733046
0.733049
0.733076
0.733071
0.73305
0.733045
0.733072
0.733046
0.733077
0.733049
0.733073
0.733042
0.733037
0.733066
0.733065
0.73304
0.733039
0.733068
0.733043
0.73307
0.733048
0.733051
0.733032
0.733025
0.733018
0.73303
0.733023
0.733034
0.733029
0.733035
0.733026
0.733032
0.733017
0.733022
0.733029
0.733043
0.733048
0.733058
0.73306
0.733043
0.733046
0.733057
0.73304
0.733037
0.733056
0.733054
0.73304
0.733038
0.733056
0.733041
0.733057
0.733039
0.733055
0.733037
0.733056
0.73302
0.733003
0.733001
0.73302
0.733003
0.733021
0.733019
0.733023
0.733012
0.733007
0.733026
0.733021
0.733004
0.733035
0.733036
0.733055
0.733054
0.733035
0.733036
0.733055
0.733034
0.733035
0.733056
0.733057
0.733034
0.733035
0.733055
0.733034
0.733054
0.733035
0.733054
0.733034
0.733055
0.733035
0.733096
0.733069
0.733103
0.733104
0.733104
0.733104
0.733102
0.733102
0.733101
0.733098
0.733103
0.7331
0.733099
0.733103
0.733105
0.733102
0.733102
0.733104
0.733104
0.733101
0.733073
0.733045
0.733074
0.733046
0.733074
0.733045
0.733073
0.733072
0.733044
0.733044
0.733072
0.733073
0.733045
0.733074
0.733075
0.733046
0.733045
0.733075
0.733074
0.733045
0.733105
0.733104
0.733105
0.733105
0.733103
0.733103
0.733105
0.733105
0.733103
0.733105
0.733103
0.733102
0.733103
0.733104
0.733104
0.733103
0.733075
0.733046
0.733075
0.733046
0.733075
0.733046
0.733076
0.733075
0.733046
0.733046
0.733075
0.733076
0.733046
0.733076
0.733075
0.733045
0.733045
0.733076
0.733076
0.733046
0.733101
0.733074
0.733091
0.733094
0.733091
0.733094
0.733091
0.733093
0.733091
0.733087
0.733082
0.733086
0.733085
0.733089
0.733088
0.733085
0.733085
0.733088
0.733089
0.733086
0.733061
0.733036
0.733063
0.733067
0.73304
0.733038
0.733066
0.733065
0.733038
0.733059
0.733032
0.733056
0.733035
0.733061
0.733059
0.733037
0.733033
0.733063
0.733058
0.733036
0.733096
0.733091
0.733095
0.733091
0.733086
0.733092
0.73309
0.733095
0.733092
0.733094
0.733085
0.733088
0.733091
0.73307
0.733073
0.733042
0.733041
0.733072
0.733072
0.733041
0.733068
0.733039
0.733067
0.733067
0.733039
0.733036
0.733069
0.733065
0.733039
0.733066
0.733035
0.733064
0.733038
0.733078
0.733081
0.733075
0.733081
0.733077
0.733082
0.733077
0.733075
0.733074
0.733074
0.73307
0.73307
0.733069
0.733073
0.733072
0.733071
0.733051
0.733029
0.733054
0.733026
0.733051
0.733055
0.73303
0.733026
0.733055
0.733051
0.733026
0.733048
0.733023
0.733047
0.733042
0.733021
0.733019
0.733046
0.733044
0.733022
0.733087
0.733081
0.733079
0.73309
0.733082
0.733074
0.733073
0.733077
0.733076
0.73308
0.733079
0.733084
0.733076
0.733059
0.733063
0.733034
0.73303
0.733062
0.73306
0.733031
0.733059
0.733033
0.733061
0.733031
0.733055
0.733051
0.733025
0.733024
0.733055
0.733053
0.733027
0.733057
0.733028
0.733066
0.733038
0.73306
0.733058
0.733056
0.733062
0.733057
0.733062
0.73306
0.733059
0.733056
0.733058
0.733053
0.733054
0.733057
0.733032
0.733038
0.733009
0.733009
0.733037
0.733035
0.733007
0.733031
0.733036
0.733009
0.733006
0.733036
0.733031
0.733006
0.733029
0.733004
0.733027
0.733003
0.733027
0.733003
0.733064
0.733061
0.733063
0.73307
0.73306
0.733066
0.733068
0.73306
0.733053
0.733055
0.733058
0.733062
0.733058
0.733034
0.733037
0.733011
0.733006
0.733039
0.733032
0.733008
0.733036
0.733043
0.733012
0.733012
0.733041
0.733039
0.733009
0.73303
0.733003
0.733028
0.733005
0.733033
0.733007
0.733046
0.732912
0.732811
0.732912
0.732981
0.732981
0.732911
0.732912
0.732981
0.732981
0.732913
0.732981
0.732913
0.732913
0.732912
0.732981
0.73298
0.732911
0.732981
0.732911
0.732912
0.732809
0.7327
0.732808
0.732697
0.732806
0.732699
0.73281
0.732811
0.732702
0.732702
0.732811
0.73281
0.732701
0.732808
0.732806
0.732696
0.7327
0.732806
0.732808
0.732699
0.732907
0.73298
0.732908
0.73298
0.732979
0.73291
0.73298
0.732909
0.732908
0.732907
0.732979
0.732978
0.732904
0.73298
0.732905
0.732906
0.732802
0.732694
0.732804
0.732691
0.732801
0.732689
0.732802
0.732803
0.732694
0.732691
0.732804
0.732801
0.732691
0.7328
0.732797
0.732685
0.732687
0.732798
0.732799
0.732688
0.732901
0.732794
0.732911
0.732977
0.732976
0.732912
0.732975
0.732912
0.732911
0.732909
0.73297
0.732972
0.732907
0.73291
0.732973
0.73297
0.732906
0.732973
0.732909
0.732907
0.732807
0.732705
0.732808
0.73281
0.732706
0.732705
0.732809
0.732809
0.732706
0.732805
0.732702
0.732803
0.732704
0.732805
0.732803
0.732704
0.732702
0.732806
0.732803
0.732705
0.732896
0.73297
0.732895
0.732969
0.732965
0.732893
0.732968
0.732896
0.732893
0.732894
0.732965
0.732967
0.732892
0.732786
0.732791
0.732674
0.732674
0.732788
0.732788
0.732672
0.732784
0.732671
0.732782
0.732781
0.732672
0.732668
0.732784
0.732779
0.73267
0.732782
0.732667
0.732779
0.732669
0.7329
0.732967
0.732962
0.732903
0.732963
0.732904
0.732899
0.732897
0.732961
0.732896
0.732958
0.732956
0.732889
0.732959
0.732894
0.732892
0.732797
0.7327
0.7328
0.732697
0.732796
0.7328
0.7327
0.732695
0.7328
0.732796
0.732697
0.732795
0.732694
0.732793
0.732788
0.73269
0.732689
0.732792
0.73279
0.732693
0.732887
0.732963
0.73296
0.73289
0.732885
0.732957
0.732954
0.73288
0.732957
0.732884
0.732882
0.732885
0.732958
0.732774
0.732778
0.732666
0.732664
0.732777
0.732775
0.732663
0.732775
0.732665
0.732777
0.732663
0.732773
0.732771
0.732662
0.73266
0.732773
0.732771
0.732661
0.732774
0.732662
0.732884
0.732783
0.732875
0.73294
0.732937
0.732876
0.732937
0.732877
0.732873
0.732874
0.732938
0.732873
0.732936
0.732936
0.732871
0.732772
0.732777
0.732673
0.732673
0.732774
0.732774
0.732671
0.732768
0.732768
0.73267
0.732665
0.73277
0.732766
0.732668
0.73277
0.732669
0.732768
0.732664
0.732766
0.732667
0.732872
0.732942
0.732942
0.732875
0.73294
0.732874
0.732874
0.732871
0.732936
0.732937
0.732871
0.732871
0.732939
0.732764
0.732766
0.732662
0.732662
0.732765
0.732765
0.732661
0.732764
0.732766
0.732659
0.732658
0.732765
0.732765
0.732658
0.732764
0.732662
0.732765
0.73266
0.732764
0.732659
0.732768
0.732434
0.732282
0.732425
0.732559
0.732561
0.732422
0.732429
0.732566
0.732565
0.732432
0.732564
0.732431
0.73243
0.732426
0.732558
0.732561
0.732423
0.732561
0.732422
0.732427
0.732273
0.732128
0.73227
0.732122
0.732267
0.732126
0.732274
0.732279
0.732132
0.732132
0.732277
0.732276
0.73213
0.73227
0.732267
0.732122
0.732128
0.732267
0.732271
0.732126
0.732412
0.732549
0.732414
0.732554
0.73255
0.732418
0.732551
0.732418
0.732414
0.73241
0.732545
0.732546
0.732404
0.732548
0.732407
0.732409
0.732259
0.732118
0.732263
0.732115
0.732256
0.732111
0.732258
0.732262
0.732118
0.732114
0.732262
0.732257
0.732114
0.732254
0.73225
0.732106
0.732108
0.732251
0.732253
0.732109
0.7324
0.732246
0.732439
0.732568
0.732568
0.732436
0.732567
0.732438
0.732437
0.732439
0.732565
0.732566
0.732438
0.732439
0.732566
0.732564
0.732436
0.732566
0.732438
0.732438
0.732284
0.732146
0.732283
0.732282
0.732144
0.732143
0.732282
0.732283
0.732145
0.732284
0.732148
0.732284
0.732147
0.732283
0.732281
0.732145
0.732147
0.732282
0.732282
0.732147
0.732391
0.732528
0.73239
0.732528
0.732524
0.73239
0.732526
0.732392
0.732388
0.73239
0.732524
0.732526
0.732388
0.732236
0.732242
0.732094
0.732094
0.732239
0.732238
0.732093
0.732235
0.732092
0.732234
0.732234
0.732094
0.732091
0.732236
0.732232
0.732092
0.732233
0.732091
0.732232
0.732091
0.732434
0.732562
0.732558
0.732435
0.732559
0.732437
0.732432
0.732433
0.732558
0.732432
0.732556
0.732553
0.732425
0.732556
0.732429
0.732428
0.732282
0.732147
0.732283
0.732147
0.73228
0.732281
0.732147
0.732144
0.732281
0.732279
0.732146
0.73228
0.732146
0.732279
0.732275
0.732143
0.732143
0.732278
0.732276
0.732145
0.732386
0.732523
0.732521
0.732387
0.732386
0.732521
0.73252
0.732386
0.73252
0.732387
0.732386
0.732386
0.732521
0.732231
0.732234
0.732091
0.732094
0.732232
0.732233
0.732092
0.732231
0.732091
0.732232
0.732091
0.732232
0.732235
0.732095
0.732094
0.732234
0.732233
0.732093
0.732232
0.732092
0.73242
0.732272
0.732407
0.732534
0.732528
0.732404
0.732532
0.732408
0.732403
0.732409
0.732534
0.732406
0.732528
0.732531
0.732403
0.732261
0.732268
0.732129
0.732131
0.732263
0.732265
0.732128
0.732256
0.732253
0.732125
0.732121
0.732258
0.732252
0.732125
0.732259
0.732127
0.732256
0.73212
0.732252
0.732124
0.732393
0.732521
0.73252
0.732389
0.732521
0.732392
0.732391
0.732396
0.732525
0.732523
0.732399
0.732394
0.732522
0.732244
0.732249
0.732111
0.732116
0.732244
0.732248
0.732113
0.732241
0.732239
0.732106
0.732105
0.732241
0.73224
0.732108
0.732245
0.732116
0.732249
0.732113
0.732243
0.73211
0.732237
0.73185
0.731716
0.731836
0.731968
0.731972
0.731833
0.731841
0.73198
0.731979
0.731846
0.731977
0.731843
0.731843
0.731837
0.731968
0.731974
0.731834
0.731972
0.731833
0.731838
0.731702
0.731588
0.731699
0.731582
0.731696
0.731585
0.731704
0.731711
0.731593
0.731592
0.731707
0.731707
0.73159
0.7317
0.731697
0.731582
0.731587
0.731696
0.731701
0.731586
0.731823
0.731958
0.731825
0.731964
0.73196
0.731829
0.73196
0.731829
0.731825
0.731821
0.731954
0.731956
0.731816
0.731957
0.731818
0.73182
0.731689
0.731578
0.731692
0.731575
0.731687
0.731572
0.731688
0.731693
0.731578
0.731575
0.731692
0.731689
0.731575
0.731685
0.731682
0.731569
0.73157
0.731683
0.731685
0.731571
0.731813
0.731679
0.731861
0.731989
0.731989
0.731854
0.731991
0.731858
0.731858
0.731864
0.731995
0.731994
0.731865
0.731864
0.73199
0.731994
0.731862
0.731992
0.731861
0.731865
0.731726
0.731614
0.731724
0.731719
0.73161
0.73161
0.731721
0.731721
0.731613
0.731728
0.73162
0.73173
0.731617
0.731726
0.731727
0.731614
0.731619
0.731724
0.731729
0.731617
0.731808
0.731941
0.731809
0.731942
0.73194
0.731811
0.73194
0.73181
0.731809
0.731808
0.73194
0.73194
0.731808
0.731674
0.731677
0.731562
0.731563
0.731675
0.731676
0.731562
0.731674
0.731562
0.731674
0.731677
0.731565
0.731564
0.731676
0.731675
0.731563
0.731674
0.731563
0.731675
0.731562
0.731867
0.731994
0.731993
0.731864
0.731994
0.731867
0.731865
0.731867
0.731995
0.731867
0.731994
0.731993
0.731864
0.731994
0.731865
0.731866
0.731733
0.731622
0.731732
0.731623
0.731732
0.731729
0.731622
0.731621
0.731731
0.73173
0.731623
0.731733
0.731624
0.731733
0.731732
0.731623
0.731624
0.731732
0.731733
0.731624
0.731811
0.73194
0.731941
0.731809
0.731814
0.731947
0.731946
0.73182
0.731944
0.731817
0.731817
0.731813
0.731943
0.731678
0.731679
0.731567
0.731572
0.731676
0.731681
0.731569
0.731678
0.731565
0.731676
0.731568
0.731682
0.731689
0.731576
0.731577
0.731685
0.731685
0.731573
0.731681
0.731571
0.731862
0.731732
0.731853
0.731977
0.731972
0.731848
0.731976
0.731852
0.731849
0.731854
0.731979
0.731852
0.731973
0.731976
0.731849
0.731724
0.731729
0.731617
0.731619
0.731725
0.731727
0.731618
0.73172
0.731717
0.731614
0.731612
0.731721
0.731717
0.731615
0.731723
0.731617
0.731721
0.731611
0.731717
0.731614
0.731836
0.731959
0.731957
0.731829
0.73196
0.731833
0.731833
0.731841
0.731969
0.731965
0.731845
0.731838
0.731962
0.731709
0.731712
0.731601
0.731608
0.731707
0.731713
0.731604
0.731705
0.731699
0.731596
0.731595
0.731703
0.731701
0.731599
0.73171
0.731608
0.731714
0.731604
0.731707
0.731601
0.731694
0.731405
0.731326
0.731387
0.731471
0.731474
0.731384
0.731393
0.731483
0.731482
0.7314
0.731479
0.731397
0.731395
0.731389
0.731471
0.731477
0.731386
0.731475
0.731384
0.73139
0.73131
0.731253
0.731307
0.731245
0.731303
0.731249
0.731312
0.73132
0.73126
0.731258
0.731316
0.731315
0.731255
0.731307
0.731305
0.731246
0.731253
0.731303
0.73131
0.73125
0.731375
0.731462
0.731377
0.731467
0.731464
0.731381
0.731464
0.73138
0.731377
0.731374
0.731459
0.731461
0.73137
0.731461
0.731372
0.731374
0.731296
0.731241
0.731299
0.731238
0.731294
0.731236
0.731296
0.7313
0.731242
0.731239
0.731299
0.731297
0.731238
0.731293
0.731291
0.731233
0.731235
0.731292
0.731293
0.731235
0.731368
0.73129
0.731418
0.731499
0.7315
0.73141
0.731503
0.731415
0.731415
0.731423
0.731511
0.731508
0.731426
0.731423
0.731504
0.731509
0.731423
0.731506
0.73142
0.731426
0.731341
0.731284
0.731339
0.731331
0.731278
0.731279
0.731335
0.731336
0.731282
0.731345
0.731291
0.731348
0.731288
0.731343
0.731345
0.731284
0.73129
0.73134
0.731347
0.731287
0.731367
0.731453
0.731369
0.731456
0.731455
0.731373
0.731454
0.731371
0.731371
0.731368
0.731455
0.731454
0.73137
0.731288
0.731289
0.73123
0.731232
0.731288
0.731289
0.73123
0.731288
0.731231
0.73129
0.731294
0.731235
0.731235
0.731291
0.731292
0.731232
0.731289
0.731234
0.731291
0.731232
0.731431
0.731512
0.731513
0.731427
0.731514
0.731429
0.731429
0.731432
0.731516
0.731433
0.731515
0.731516
0.731432
0.731516
0.731432
0.731433
0.731353
0.731294
0.731351
0.731296
0.731353
0.731348
0.731294
0.731295
0.73135
0.731351
0.731296
0.731355
0.731298
0.731355
0.731355
0.731297
0.731299
0.731354
0.731355
0.731298
0.731376
0.731457
0.73146
0.731372
0.731381
0.731469
0.731469
0.731389
0.731465
0.731385
0.731386
0.731379
0.731463
0.731298
0.731297
0.731238
0.731245
0.731295
0.731301
0.731242
0.731297
0.731237
0.731294
0.73124
0.731303
0.731311
0.73125
0.731251
0.731306
0.731307
0.731246
0.731301
0.731244
0.731432
0.731355
0.731426
0.731508
0.731504
0.731421
0.731508
0.731425
0.731423
0.731428
0.73151
0.731426
0.731505
0.731508
0.731423
0.731351
0.731354
0.731294
0.731296
0.731351
0.731353
0.731295
0.731348
0.731344
0.731291
0.731288
0.731347
0.731345
0.731292
0.731351
0.731294
0.731348
0.731288
0.731345
0.731292
0.731409
0.73149
0.731487
0.731401
0.731492
0.731406
0.731405
0.731415
0.731502
0.731498
0.731419
0.731411
0.731494
0.731336
0.731339
0.731277
0.731283
0.731334
0.73134
0.73128
0.731331
0.731323
0.731271
0.73127
0.731328
0.731326
0.731274
0.731337
0.731284
0.731341
0.73128
0.731333
0.731276
0.731317
0.73119
0.731172
0.731171
0.731197
0.731201
0.731167
0.731177
0.731212
0.73121
0.731185
0.731208
0.731181
0.731181
0.731172
0.731198
0.731204
0.73117
0.731202
0.731168
0.731175
0.731157
0.731154
0.731153
0.731147
0.731149
0.731151
0.73116
0.731167
0.73116
0.731159
0.731164
0.731162
0.731156
0.731155
0.731152
0.731147
0.731154
0.73115
0.731157
0.731152
0.731157
0.731187
0.73116
0.731193
0.731191
0.731165
0.73119
0.731163
0.731161
0.731156
0.731185
0.731186
0.731154
0.731186
0.731155
0.731157
0.731142
0.731143
0.731145
0.73114
0.73114
0.731138
0.731142
0.731147
0.731143
0.731141
0.731146
0.731143
0.73114
0.731139
0.731137
0.731136
0.731138
0.731137
0.731139
0.731137
0.731153
0.731136
0.731202
0.731229
0.73123
0.731194
0.731233
0.731198
0.731199
0.731208
0.731243
0.73124
0.731212
0.731206
0.731235
0.731242
0.731207
0.731238
0.731203
0.73121
0.731186
0.73118
0.731184
0.731177
0.731174
0.731175
0.731181
0.731181
0.731177
0.731189
0.731186
0.731192
0.731183
0.731188
0.731189
0.731179
0.731184
0.731186
0.731192
0.731181
0.731153
0.731183
0.731155
0.731187
0.731188
0.73116
0.731185
0.731157
0.731157
0.731155
0.731187
0.731185
0.731157
0.731136
0.731136
0.731135
0.731136
0.731136
0.731137
0.731135
0.731137
0.731136
0.731139
0.731143
0.731138
0.731139
0.73114
0.731141
0.731137
0.731138
0.731139
0.731141
0.731137
0.731216
0.731245
0.731246
0.731211
0.731248
0.731214
0.731214
0.731218
0.73125
0.731218
0.731248
0.73125
0.731218
0.73125
0.731217
0.731219
0.731197
0.731188
0.731195
0.73119
0.731197
0.731193
0.731188
0.731189
0.731195
0.731196
0.73119
0.731199
0.731192
0.731199
0.731199
0.731191
0.731193
0.731198
0.7312
0.731192
0.731163
0.73119
0.731193
0.73116
0.731169
0.731203
0.731203
0.731177
0.731199
0.731173
0.731173
0.731167
0.731197
0.731148
0.731147
0.731142
0.731148
0.731145
0.731151
0.731145
0.731147
0.731142
0.731143
0.731144
0.731152
0.731159
0.731152
0.731152
0.731155
0.731156
0.731149
0.73115
0.731147
0.731219
0.731199
0.731212
0.731242
0.73124
0.731207
0.731243
0.731211
0.731208
0.731214
0.731246
0.731212
0.73124
0.731244
0.731209
0.731196
0.731198
0.731189
0.731191
0.731196
0.731198
0.73119
0.731193
0.731188
0.731186
0.731183
0.731192
0.73119
0.731186
0.731195
0.731189
0.731193
0.731184
0.73119
0.731187
0.731193
0.731222
0.731221
0.731186
0.731225
0.731191
0.731189
0.7312
0.731236
0.731232
0.731205
0.731196
0.731228
0.731181
0.731183
0.731172
0.731178
0.731179
0.731185
0.731174
0.731176
0.731169
0.731168
0.731166
0.731173
0.731172
0.73117
0.731182
0.73118
0.731186
0.731176
0.731178
0.731172
0.731163
0.731195
0.731224
0.731183
0.731157
0.731161
0.73118
0.731187
0.731169
0.731167
0.731192
0.731166
0.73119
0.731189
0.731184
0.731158
0.731163
0.731182
0.731162
0.73118
0.731185
0.731217
0.73126
0.731216
0.731257
0.731213
0.731258
0.731218
0.731222
0.731262
0.731261
0.73122
0.731219
0.73126
0.731216
0.731215
0.731257
0.731259
0.731214
0.731217
0.731259
0.731174
0.731149
0.731175
0.731154
0.731152
0.731178
0.731151
0.731178
0.731175
0.731173
0.731147
0.731148
0.731172
0.731148
0.731172
0.731173
0.73121
0.731256
0.731211
0.731255
0.731209
0.731255
0.73121
0.731212
0.731256
0.731255
0.731212
0.73121
0.731255
0.731208
0.731207
0.731254
0.731255
0.731207
0.731208
0.731254
0.731172
0.731207
0.731202
0.731182
0.731183
0.731198
0.731185
0.731199
0.7312
0.731206
0.731192
0.731189
0.731208
0.731204
0.731186
0.731191
0.731205
0.731188
0.731203
0.731207
0.731231
0.731267
0.73123
0.731226
0.731266
0.731266
0.731228
0.731229
0.731267
0.731233
0.73127
0.731235
0.731268
0.731232
0.731233
0.731267
0.731269
0.731231
0.731234
0.731268
0.731173
0.731148
0.731174
0.73115
0.731152
0.731177
0.731149
0.731175
0.731176
0.731174
0.731151
0.731149
0.731176
0.731209
0.731207
0.731255
0.731256
0.731208
0.731209
0.731256
0.731209
0.731256
0.731211
0.731212
0.731257
0.731258
0.731211
0.731212
0.731257
0.731211
0.731258
0.731212
0.731257
0.731212
0.731194
0.731195
0.731208
0.731196
0.731209
0.731211
0.731213
0.731197
0.731213
0.731197
0.731198
0.731214
0.731197
0.731213
0.731214
0.731238
0.731271
0.731236
0.731272
0.731238
0.731235
0.731271
0.731272
0.731236
0.731237
0.731272
0.731238
0.731273
0.731239
0.731239
0.731274
0.731274
0.731238
0.731239
0.731274
0.73118
0.731153
0.731156
0.731178
0.731183
0.731162
0.731163
0.731188
0.73116
0.731185
0.731186
0.731182
0.731159
0.731216
0.731215
0.731259
0.731261
0.731214
0.731217
0.731261
0.731216
0.731259
0.731214
0.73126
0.731218
0.731221
0.731263
0.731263
0.731219
0.73122
0.731262
0.731217
0.731262
0.731215
0.731239
0.731209
0.731192
0.73119
0.731206
0.731193
0.731209
0.731207
0.731211
0.731194
0.731209
0.73119
0.731193
0.731207
0.731238
0.731239
0.731274
0.731274
0.731238
0.731239
0.731274
0.731237
0.731234
0.731272
0.731272
0.731236
0.731235
0.731273
0.731238
0.731274
0.731237
0.731272
0.731235
0.731273
0.731197
0.731176
0.731175
0.731193
0.731178
0.731196
0.731195
0.731201
0.731186
0.731183
0.731204
0.731199
0.73118
0.73123
0.731232
0.731268
0.73127
0.73123
0.731233
0.731269
0.731228
0.731225
0.731267
0.731267
0.731227
0.731226
0.731268
0.731231
0.731271
0.731233
0.73127
0.731229
0.731269
0.731222
0.731365
0.731423
0.731366
0.731308
0.731309
0.731367
0.731366
0.731309
0.731309
0.731366
0.731309
0.731365
0.731366
0.731366
0.731309
0.731309
0.731367
0.731309
0.731367
0.731366
0.731428
0.731494
0.731429
0.731498
0.731431
0.731496
0.731427
0.731425
0.731491
0.731492
0.731426
0.731426
0.731493
0.731429
0.73143
0.731497
0.731494
0.731431
0.731429
0.731495
0.731369
0.731308
0.731368
0.731308
0.731308
0.731368
0.731308
0.731368
0.731368
0.731369
0.731308
0.731308
0.731371
0.731308
0.73137
0.73137
0.731433
0.7315
0.731432
0.731501
0.731434
0.731503
0.731433
0.731432
0.7315
0.731501
0.731432
0.731433
0.731501
0.731434
0.731435
0.731505
0.731504
0.731435
0.731434
0.731504
0.731371
0.731436
0.731363
0.731311
0.731311
0.731365
0.731312
0.731364
0.731364
0.731363
0.731313
0.731313
0.731363
0.731363
0.731312
0.731313
0.731364
0.731312
0.731363
0.731363
0.731421
0.731483
0.731421
0.731422
0.731485
0.731485
0.731422
0.731422
0.731483
0.73142
0.73148
0.731419
0.731481
0.73142
0.731421
0.731483
0.731481
0.731422
0.73142
0.731482
0.731373
0.731311
0.731373
0.731311
0.731313
0.731373
0.731312
0.731372
0.731373
0.731373
0.731313
0.731312
0.731374
0.731439
0.731437
0.731508
0.731507
0.731438
0.731438
0.731508
0.731439
0.731508
0.731439
0.731438
0.731506
0.731506
0.731438
0.731439
0.731507
0.731439
0.731507
0.731439
0.731507
0.731364
0.731314
0.731315
0.731364
0.731315
0.731363
0.731365
0.731364
0.731315
0.731365
0.731315
0.731316
0.731366
0.731315
0.731365
0.731365
0.731419
0.73148
0.731419
0.731479
0.731419
0.73142
0.73148
0.731481
0.731419
0.73142
0.731479
0.731419
0.731479
0.731419
0.731419
0.731481
0.73148
0.731419
0.731419
0.731479
0.731373
0.731314
0.731314
0.731373
0.731373
0.731314
0.731315
0.731373
0.731315
0.731373
0.731373
0.731373
0.731315
0.731438
0.731438
0.731505
0.731503
0.731439
0.731437
0.731504
0.731439
0.731506
0.731439
0.731505
0.731437
0.731434
0.731502
0.731501
0.731436
0.731436
0.731503
0.731438
0.731504
0.731367
0.731419
0.731368
0.731317
0.731317
0.731368
0.731317
0.731367
0.731368
0.731367
0.731317
0.731368
0.731317
0.731317
0.731368
0.731422
0.73142
0.731483
0.731482
0.731422
0.731421
0.731483
0.731424
0.731426
0.731485
0.731486
0.731424
0.731425
0.731485
0.731423
0.731484
0.731424
0.731487
0.731425
0.731485
0.73137
0.731316
0.731316
0.731372
0.731316
0.731371
0.731371
0.731369
0.731317
0.731316
0.731369
0.73137
0.731316
0.731429
0.731428
0.731492
0.731489
0.731429
0.731427
0.731491
0.73143
0.731432
0.731494
0.731495
0.731431
0.731431
0.731493
0.731428
0.731488
0.731427
0.73149
0.731429
0.731492
0.731433
0.731624
0.731689
0.731633
0.731567
0.731564
0.731636
0.731629
0.731559
0.731559
0.731626
0.731561
0.731627
0.731628
0.731632
0.731566
0.731563
0.731634
0.731564
0.731635
0.731631
0.731699
0.731764
0.731701
0.731768
0.731703
0.731766
0.731697
0.731692
0.731761
0.731761
0.731695
0.731696
0.731763
0.7317
0.731702
0.731768
0.731764
0.731703
0.731699
0.731765
0.731642
0.731572
0.731641
0.731569
0.731571
0.731637
0.731571
0.731638
0.73164
0.731643
0.731574
0.731573
0.731646
0.731573
0.731645
0.731643
0.731708
0.731771
0.731706
0.731773
0.731709
0.731774
0.731708
0.731705
0.73177
0.731772
0.731706
0.731708
0.731772
0.73171
0.731711
0.731776
0.731775
0.731711
0.73171
0.731775
0.731647
0.731712
0.731617
0.731551
0.73155
0.731621
0.731549
0.731619
0.731618
0.731614
0.731545
0.731546
0.731612
0.731614
0.731549
0.731546
0.731614
0.731547
0.731616
0.731613
0.731683
0.73175
0.731684
0.731687
0.731753
0.731753
0.731686
0.731686
0.731751
0.731681
0.731746
0.731679
0.731748
0.731682
0.731682
0.73175
0.731747
0.731684
0.73168
0.731749
0.731646
0.731577
0.731645
0.731576
0.731576
0.731642
0.731577
0.731644
0.731644
0.731646
0.731576
0.731577
0.731644
0.731713
0.731713
0.731777
0.731776
0.731713
0.731712
0.731776
0.731713
0.731776
0.731712
0.731709
0.731774
0.731773
0.731711
0.73171
0.731775
0.731712
0.731773
0.731711
0.731775
0.73161
0.731544
0.731545
0.731612
0.731543
0.731611
0.731611
0.731609
0.731542
0.731609
0.731543
0.731542
0.73161
0.731542
0.73161
0.731609
0.731676
0.731745
0.731678
0.731743
0.731677
0.731679
0.731745
0.731744
0.731678
0.731678
0.731743
0.731675
0.731742
0.731675
0.731674
0.731743
0.731741
0.731675
0.731674
0.731742
0.731641
0.731575
0.731574
0.731643
0.731638
0.731569
0.731569
0.731635
0.731571
0.731636
0.731636
0.731639
0.731572
0.731707
0.731707
0.731771
0.731767
0.731709
0.731705
0.731768
0.731707
0.731771
0.731709
0.731769
0.731704
0.7317
0.731765
0.731765
0.731702
0.731702
0.731766
0.731705
0.731768
0.73161
0.731674
0.731614
0.731549
0.731551
0.731617
0.731549
0.731614
0.731616
0.731613
0.731547
0.731614
0.731551
0.731548
0.731616
0.731677
0.731675
0.731743
0.731742
0.731677
0.731676
0.731743
0.73168
0.731683
0.731745
0.731746
0.73168
0.731683
0.731744
0.731678
0.731743
0.73168
0.731746
0.731682
0.731744
0.731625
0.73156
0.731561
0.73163
0.731559
0.731627
0.731628
0.731621
0.731553
0.731555
0.731619
0.731624
0.731558
0.731688
0.731686
0.731753
0.731749
0.73169
0.731685
0.731752
0.731691
0.731695
0.731756
0.731757
0.731692
0.731693
0.731754
0.731687
0.731749
0.731685
0.731751
0.731689
0.731753
0.731697
0.731876
0.731922
0.73188
0.731828
0.731826
0.731881
0.731878
0.731821
0.731822
0.731877
0.731823
0.731877
0.731878
0.73188
0.731828
0.731825
0.73188
0.731825
0.731881
0.731879
0.731924
0.73196
0.731925
0.73196
0.731925
0.73196
0.731924
0.731923
0.73196
0.73196
0.731924
0.731924
0.73196
0.731925
0.731925
0.73196
0.73196
0.731925
0.731924
0.73196
0.731885
0.731832
0.731884
0.731829
0.731831
0.731882
0.731831
0.731882
0.731884
0.731885
0.731834
0.731833
0.731886
0.731833
0.731886
0.731885
0.731926
0.731959
0.731926
0.731959
0.731927
0.731959
0.731926
0.731926
0.731959
0.731959
0.731926
0.731926
0.731959
0.731927
0.731926
0.731958
0.731959
0.731927
0.731927
0.731959
0.731886
0.731926
0.731871
0.731815
0.731814
0.731874
0.731813
0.731873
0.731872
0.731869
0.731809
0.731811
0.731867
0.731869
0.731813
0.73181
0.731868
0.731812
0.73187
0.731867
0.731919
0.731958
0.731919
0.731921
0.731959
0.731959
0.731921
0.73192
0.731958
0.731917
0.731956
0.731916
0.731957
0.731918
0.731916
0.731957
0.731956
0.731918
0.731916
0.731957
0.731884
0.731833
0.731882
0.731832
0.73183
0.73188
0.731832
0.731882
0.731881
0.731882
0.73183
0.731832
0.731881
0.731925
0.731926
0.731956
0.731955
0.731925
0.731925
0.731955
0.731924
0.731954
0.731923
0.731922
0.731954
0.731952
0.731924
0.731922
0.731954
0.731923
0.731952
0.731922
0.731954
0.731864
0.731807
0.731806
0.731866
0.731806
0.731866
0.731864
0.731863
0.731804
0.731863
0.731804
0.731803
0.731862
0.731804
0.731863
0.731862
0.731913
0.731954
0.731914
0.731953
0.731913
0.731915
0.731954
0.731952
0.731915
0.731913
0.731953
0.731912
0.731952
0.731912
0.731909
0.731951
0.73195
0.731911
0.73191
0.731951
0.731877
0.731828
0.731826
0.731879
0.731875
0.731823
0.731822
0.731873
0.731824
0.731874
0.731874
0.731876
0.731825
0.731918
0.73192
0.731951
0.731949
0.73192
0.731918
0.73195
0.731919
0.731951
0.73192
0.73195
0.731917
0.731914
0.731948
0.731947
0.731916
0.731915
0.731948
0.731917
0.731949
0.731861
0.731908
0.731861
0.731806
0.731807
0.731862
0.731805
0.731861
0.731862
0.73186
0.731804
0.731861
0.731807
0.731805
0.731862
0.731908
0.731908
0.731946
0.731946
0.731908
0.731908
0.731945
0.731908
0.731909
0.731945
0.731944
0.731908
0.731908
0.731944
0.731907
0.731945
0.731907
0.731944
0.731908
0.731944
0.731866
0.731814
0.731815
0.73187
0.731813
0.731868
0.731868
0.731864
0.731808
0.73181
0.731863
0.731866
0.731812
0.73191
0.731909
0.731944
0.731944
0.73191
0.731909
0.731944
0.73191
0.731912
0.731945
0.731945
0.731911
0.731911
0.731944
0.731909
0.731944
0.731908
0.731944
0.73191
0.731944
0.731913
0.731993
0.731985
0.731988
0.73198
0.731981
0.731987
0.73199
0.731982
0.731982
0.731992
0.731982
0.731991
0.731991
0.731989
0.73198
0.731981
0.731987
0.731981
0.731987
0.731989
0.73198
0.731953
0.731978
0.731948
0.731975
0.731951
0.731981
0.731983
0.731957
0.731955
0.731982
0.731981
0.731955
0.731978
0.731976
0.731949
0.731952
0.731976
0.731979
0.731952
0.731982
0.731977
0.731983
0.731979
0.731977
0.731984
0.731978
0.731985
0.731982
0.731981
0.731975
0.731976
0.731979
0.731976
0.73198
0.73198
0.731971
0.731945
0.731973
0.731943
0.731969
0.73194
0.73197
0.731972
0.731945
0.731941
0.731973
0.73197
0.731942
0.731968
0.731965
0.731937
0.731938
0.731966
0.731967
0.731939
0.731977
0.731963
0.731994
0.731983
0.731983
0.731993
0.731983
0.731994
0.731993
0.731994
0.731981
0.731982
0.731993
0.731993
0.731982
0.731981
0.731992
0.731982
0.731993
0.731993
0.731987
0.731964
0.731987
0.731986
0.731963
0.731962
0.731986
0.731986
0.731964
0.731987
0.731965
0.731987
0.731965
0.731987
0.731985
0.731963
0.731964
0.731986
0.731986
0.731964
0.731973
0.73197
0.731973
0.731971
0.731969
0.731973
0.73197
0.731974
0.731972
0.731972
0.731968
0.731969
0.731972
0.731959
0.731962
0.731931
0.731931
0.731961
0.73196
0.73193
0.731958
0.731929
0.731958
0.731959
0.73193
0.731928
0.73196
0.731958
0.731929
0.731957
0.731927
0.731957
0.731928
0.731991
0.73198
0.731978
0.731991
0.731979
0.731992
0.73199
0.73199
0.731978
0.731989
0.731976
0.731976
0.731987
0.731977
0.731988
0.731988
0.731985
0.731964
0.731986
0.731963
0.731985
0.731985
0.731964
0.731961
0.731986
0.731984
0.731963
0.731984
0.731962
0.731983
0.731981
0.73196
0.73196
0.731982
0.731982
0.731961
0.73197
0.731967
0.731966
0.731971
0.731969
0.731965
0.731965
0.731969
0.731965
0.73197
0.731969
0.731969
0.731965
0.731956
0.731958
0.731928
0.731929
0.731957
0.731957
0.731928
0.731956
0.731927
0.731956
0.731927
0.731956
0.731957
0.731928
0.731928
0.731957
0.731957
0.731928
0.731956
0.731927
0.731985
0.731978
0.731977
0.731968
0.731967
0.731976
0.731968
0.731978
0.731975
0.731978
0.731968
0.731976
0.731966
0.731967
0.731975
0.731972
0.731976
0.73195
0.731951
0.731973
0.731975
0.731949
0.731969
0.731967
0.731946
0.731942
0.73197
0.731966
0.731945
0.731971
0.731947
0.731968
0.731941
0.731965
0.731944
0.73197
0.731964
0.731964
0.73197
0.731964
0.73197
0.73197
0.731972
0.731965
0.731964
0.731973
0.731971
0.731964
0.731961
0.731964
0.731936
0.731939
0.731961
0.731964
0.731936
0.731959
0.731958
0.731932
0.731932
0.731959
0.731958
0.731933
0.731961
0.731938
0.731963
0.731936
0.73196
0.731934
0.731957
0.731853
0.731773
0.731841
0.7319
0.731904
0.731838
0.731846
0.73191
0.731909
0.73185
0.731908
0.731849
0.731847
0.731842
0.731901
0.731905
0.731839
0.731904
0.731838
0.731843
0.731762
0.731666
0.731759
0.731659
0.731755
0.731663
0.731764
0.73177
0.731671
0.731669
0.731767
0.731765
0.731668
0.73176
0.731756
0.73166
0.731665
0.731755
0.73176
0.731664
0.731828
0.731891
0.73183
0.731897
0.731893
0.731834
0.731893
0.731834
0.73183
0.731826
0.731888
0.731889
0.731822
0.73189
0.731824
0.731825
0.731748
0.731655
0.731751
0.731651
0.731745
0.731648
0.731747
0.731751
0.731655
0.731651
0.731751
0.731747
0.731651
0.731744
0.731739
0.731644
0.731646
0.731741
0.731742
0.731647
0.731819
0.731736
0.73186
0.731918
0.731918
0.731856
0.731919
0.731858
0.731858
0.731861
0.731921
0.731921
0.731861
0.731861
0.731918
0.73192
0.731859
0.73192
0.731859
0.731861
0.731779
0.731684
0.731778
0.731775
0.731682
0.731682
0.731777
0.731777
0.731684
0.73178
0.731686
0.731781
0.731686
0.731779
0.731778
0.731683
0.731686
0.731777
0.73178
0.731685
0.731814
0.731877
0.731815
0.731878
0.731876
0.731816
0.731876
0.731816
0.731814
0.731813
0.731875
0.731876
0.731813
0.731729
0.731733
0.731636
0.731636
0.731731
0.731731
0.731635
0.731729
0.731634
0.731728
0.73173
0.731637
0.731635
0.73173
0.731728
0.731635
0.731728
0.731633
0.731728
0.731633
0.73186
0.73192
0.731917
0.731859
0.731919
0.731861
0.731859
0.73186
0.731919
0.731859
0.731917
0.731916
0.731855
0.731918
0.731857
0.731857
0.73178
0.731687
0.731781
0.731686
0.731779
0.731778
0.731686
0.731684
0.73178
0.731778
0.731686
0.73178
0.731685
0.731779
0.731776
0.731683
0.731683
0.731777
0.731777
0.731685
0.731813
0.731875
0.731875
0.731813
0.731815
0.731878
0.731877
0.731817
0.731876
0.731816
0.731816
0.731814
0.731876
0.731729
0.73173
0.731635
0.731638
0.731728
0.731731
0.731636
0.731728
0.731633
0.731728
0.731634
0.73173
0.731734
0.731638
0.731638
0.731732
0.731731
0.731636
0.731729
0.731635
0.731852
0.731774
0.731841
0.731901
0.731897
0.731837
0.7319
0.731842
0.731837
0.731843
0.731902
0.73184
0.731896
0.731899
0.731836
0.731765
0.73177
0.731672
0.731674
0.731766
0.731768
0.731671
0.73176
0.731756
0.731668
0.731662
0.731761
0.731756
0.731667
0.731763
0.731669
0.73176
0.731662
0.731756
0.731666
0.731825
0.731885
0.731884
0.731821
0.731886
0.731824
0.731823
0.731829
0.731893
0.73189
0.731833
0.731826
0.731887
0.731748
0.731752
0.731653
0.731658
0.731747
0.731752
0.731654
0.731744
0.73174
0.731648
0.731647
0.731743
0.731742
0.73165
0.731748
0.731658
0.731752
0.731654
0.731746
0.731651
0.731737
0.73144
0.731307
0.731427
0.731547
0.73155
0.731423
0.731432
0.731559
0.731557
0.731437
0.731555
0.731435
0.731433
0.731428
0.731547
0.731552
0.731425
0.731551
0.731424
0.731429
0.731296
0.731155
0.731293
0.731149
0.731289
0.731152
0.731298
0.731304
0.731159
0.731158
0.731301
0.731299
0.731156
0.731294
0.73129
0.731149
0.731154
0.73129
0.731294
0.731153
0.731413
0.731536
0.731415
0.731543
0.731538
0.73142
0.731538
0.731419
0.731415
0.731411
0.731532
0.731534
0.731406
0.731535
0.731408
0.731411
0.731282
0.731146
0.731286
0.731142
0.73128
0.73114
0.731282
0.731286
0.731146
0.731142
0.731286
0.731281
0.731142
0.731278
0.731275
0.731136
0.731138
0.731276
0.731278
0.731139
0.731404
0.731273
0.731448
0.731569
0.731569
0.731443
0.731571
0.731446
0.731446
0.73145
0.731574
0.731573
0.731451
0.73145
0.73157
0.731572
0.731449
0.731572
0.731448
0.731451
0.731313
0.731172
0.731312
0.731309
0.731169
0.731169
0.73131
0.73131
0.731171
0.731314
0.731175
0.731316
0.731174
0.731313
0.731312
0.731171
0.731174
0.731311
0.731314
0.731173
0.7314
0.731521
0.731401
0.731523
0.731521
0.731403
0.731521
0.731403
0.731401
0.7314
0.73152
0.73152
0.7314
0.731268
0.73127
0.731131
0.731131
0.731269
0.73127
0.73113
0.731268
0.73113
0.731268
0.73127
0.731133
0.731131
0.731269
0.731268
0.731131
0.731267
0.73113
0.731267
0.73113
0.731451
0.731573
0.731571
0.731449
0.731573
0.731451
0.731449
0.731451
0.731573
0.731451
0.731571
0.731571
0.731447
0.731573
0.731449
0.731449
0.731316
0.731176
0.731316
0.731176
0.731315
0.731313
0.731175
0.731174
0.731315
0.731314
0.731175
0.731316
0.731176
0.731316
0.731314
0.731174
0.731174
0.731315
0.731315
0.731175
0.731401
0.731521
0.731521
0.7314
0.731404
0.731526
0.731525
0.731407
0.731524
0.731406
0.731405
0.731403
0.731523
0.73127
0.73127
0.731132
0.731136
0.731268
0.731271
0.731133
0.731269
0.731131
0.731268
0.731132
0.731271
0.731276
0.731137
0.731137
0.731273
0.731273
0.731135
0.73127
0.731134
0.731445
0.731313
0.731435
0.731556
0.731551
0.731431
0.731556
0.731435
0.731431
0.731437
0.731558
0.731434
0.731551
0.731555
0.73143
0.731305
0.73131
0.731167
0.731168
0.731306
0.731308
0.731166
0.731301
0.731297
0.731163
0.731159
0.731302
0.731298
0.731163
0.731304
0.731165
0.731301
0.731159
0.731298
0.731162
0.731418
0.731538
0.731536
0.731412
0.731539
0.731417
0.731415
0.731423
0.731547
0.731544
0.731427
0.73142
0.731541
0.731289
0.731293
0.731151
0.731156
0.731288
0.731293
0.731152
0.731286
0.731282
0.731147
0.731145
0.731285
0.731283
0.731148
0.73129
0.731156
0.731294
0.731153
0.731288
0.73115
0.731279
0.730869
0.730724
0.73086
0.731004
0.731007
0.730858
0.730863
0.731014
0.731012
0.730867
0.731011
0.730865
0.730864
0.730861
0.731004
0.731008
0.730858
0.731008
0.730858
0.730862
0.730716
0.730574
0.730715
0.73057
0.730712
0.730572
0.730718
0.730722
0.730576
0.730575
0.73072
0.730719
0.730574
0.730715
0.730713
0.730571
0.730573
0.730713
0.730716
0.730573
0.730851
0.730996
0.730852
0.731001
0.730997
0.730855
0.730998
0.730855
0.730852
0.73085
0.730993
0.730995
0.730846
0.730995
0.730848
0.730849
0.730708
0.730569
0.73071
0.730567
0.730707
0.730566
0.730708
0.73071
0.730569
0.730567
0.73071
0.730708
0.730567
0.730706
0.730705
0.730564
0.730565
0.730705
0.730706
0.730565
0.730845
0.730704
0.730875
0.731022
0.731022
0.730871
0.731023
0.730874
0.730874
0.730878
0.731027
0.731026
0.730879
0.730877
0.731023
0.731026
0.730877
0.731025
0.730876
0.730879
0.730728
0.730585
0.730727
0.730725
0.730582
0.730583
0.730726
0.730726
0.730584
0.73073
0.730588
0.730731
0.730586
0.730729
0.730729
0.730585
0.730587
0.730727
0.73073
0.730586
0.730845
0.730988
0.730846
0.73099
0.730989
0.730848
0.730988
0.730847
0.730847
0.730845
0.730989
0.730988
0.730846
0.730703
0.730704
0.730564
0.730564
0.730703
0.730704
0.730564
0.730703
0.730565
0.730704
0.730706
0.730566
0.730567
0.730705
0.730705
0.730566
0.730704
0.730567
0.730705
0.730566
0.730881
0.731027
0.731026
0.730879
0.731028
0.73088
0.73088
0.730881
0.731029
0.730881
0.731028
0.731028
0.73088
0.731028
0.73088
0.730881
0.730733
0.730589
0.730732
0.73059
0.730733
0.73073
0.730588
0.730589
0.730731
0.730731
0.730589
0.730734
0.73059
0.730734
0.730734
0.73059
0.73059
0.730733
0.730734
0.73059
0.730848
0.730989
0.730991
0.730847
0.730851
0.730995
0.730995
0.730853
0.730993
0.730852
0.730852
0.73085
0.730992
0.730708
0.730707
0.730568
0.730571
0.730706
0.730709
0.73057
0.730707
0.730568
0.730706
0.730569
0.73071
0.730713
0.730572
0.730572
0.73071
0.730711
0.730571
0.730709
0.73057
0.730879
0.730734
0.730873
0.731018
0.731015
0.73087
0.731018
0.730873
0.730871
0.730875
0.73102
0.730873
0.731015
0.731018
0.730871
0.73073
0.730733
0.730588
0.73059
0.730731
0.730732
0.730589
0.730728
0.730725
0.730587
0.730585
0.730728
0.730726
0.730587
0.73073
0.730588
0.730728
0.730586
0.730726
0.730587
0.730862
0.731004
0.731003
0.730857
0.731006
0.730861
0.730859
0.730866
0.731013
0.73101
0.730868
0.730863
0.731007
0.730721
0.730723
0.730581
0.730584
0.73072
0.730723
0.730582
0.730719
0.730716
0.730578
0.730577
0.730718
0.730717
0.730579
0.730722
0.730584
0.730724
0.730582
0.73072
0.73058
0.730715
0.730311
0.730193
0.730308
0.730435
0.730436
0.730307
0.730309
0.73044
0.730439
0.73031
0.730438
0.73031
0.730309
0.730308
0.730435
0.730437
0.730307
0.730437
0.730307
0.730308
0.73019
0.730082
0.73019
0.730082
0.730189
0.730082
0.73019
0.730192
0.730083
0.730082
0.730191
0.730191
0.730082
0.73019
0.730189
0.730082
0.730083
0.730189
0.73019
0.730083
0.730305
0.730432
0.730306
0.730434
0.730432
0.730306
0.730432
0.730306
0.730306
0.730305
0.730431
0.730432
0.730304
0.730432
0.730305
0.730305
0.730189
0.730082
0.730189
0.730083
0.730189
0.730083
0.730189
0.730189
0.730083
0.730083
0.730189
0.730189
0.730083
0.730189
0.73019
0.730084
0.730083
0.730189
0.730189
0.730083
0.730304
0.730191
0.730315
0.730444
0.730445
0.730313
0.730445
0.730314
0.730315
0.730317
0.730449
0.730448
0.730319
0.730317
0.730446
0.730448
0.730318
0.730447
0.730317
0.730318
0.730196
0.730086
0.730195
0.730194
0.730085
0.730086
0.730194
0.730195
0.730086
0.730197
0.730089
0.730198
0.730087
0.730196
0.730198
0.730087
0.730089
0.730196
0.730198
0.730087
0.730307
0.730433
0.730308
0.730433
0.730435
0.73031
0.730433
0.730308
0.73031
0.730308
0.730435
0.730433
0.730309
0.730192
0.730191
0.730086
0.730087
0.730191
0.730192
0.730087
0.730192
0.730088
0.730193
0.730194
0.730089
0.73009
0.730193
0.730195
0.730089
0.730193
0.73009
0.730195
0.730089
0.730321
0.73045
0.730451
0.73032
0.730451
0.73032
0.730321
0.730322
0.730452
0.730322
0.730452
0.730453
0.730323
0.730452
0.730322
0.730323
0.7302
0.73009
0.730199
0.730091
0.730201
0.730199
0.73009
0.730092
0.730199
0.730201
0.730091
0.730202
0.730092
0.730202
0.730204
0.730093
0.730093
0.730202
0.730203
0.730092
0.730312
0.730436
0.730437
0.730311
0.730314
0.73044
0.73044
0.730315
0.730439
0.730314
0.730315
0.730313
0.730438
0.730197
0.730196
0.730092
0.730093
0.730196
0.730197
0.730093
0.730197
0.730091
0.730196
0.730093
0.730199
0.730201
0.730094
0.730095
0.730199
0.7302
0.730094
0.730198
0.730094
0.730323
0.730205
0.730324
0.730451
0.73045
0.730322
0.730451
0.730323
0.730323
0.730324
0.730452
0.730324
0.73045
0.730451
0.730323
0.730205
0.730205
0.730097
0.730097
0.730205
0.730205
0.730097
0.730205
0.730204
0.730097
0.730098
0.730204
0.730205
0.730098
0.730205
0.730098
0.730205
0.730098
0.730205
0.730098
0.73032
0.730445
0.730445
0.730317
0.730446
0.730319
0.730319
0.730321
0.730449
0.730448
0.730322
0.73032
0.730447
0.730204
0.730204
0.730097
0.730098
0.730203
0.730204
0.730098
0.730204
0.730203
0.730097
0.730097
0.730203
0.730203
0.730098
0.730204
0.730098
0.730205
0.730098
0.730204
0.730098
0.730202
0.729906
0.72984
0.729907
0.729989
0.729988
0.729908
0.729906
0.729988
0.729988
0.729906
0.729988
0.729906
0.729906
0.729907
0.729989
0.729988
0.729908
0.729988
0.729908
0.729908
0.729841
0.729789
0.729842
0.729791
0.729843
0.72979
0.72984
0.72984
0.729787
0.729788
0.72984
0.72984
0.729788
0.729841
0.729843
0.729791
0.72979
0.729843
0.729842
0.72979
0.729911
0.729991
0.72991
0.729989
0.72999
0.729909
0.72999
0.729909
0.729911
0.729911
0.729992
0.729992
0.729913
0.729991
0.729912
0.729912
0.729845
0.729792
0.729844
0.729794
0.729846
0.729795
0.729845
0.729844
0.729793
0.729795
0.729844
0.729846
0.729794
0.729847
0.729849
0.729797
0.729797
0.729848
0.729848
0.729796
0.729914
0.729851
0.729907
0.729989
0.72999
0.729906
0.72999
0.729906
0.729907
0.729908
0.729992
0.729991
0.729909
0.729908
0.729991
0.729992
0.72991
0.729991
0.729908
0.729909
0.72984
0.729786
0.729839
0.729839
0.729786
0.729786
0.729839
0.72984
0.729786
0.72984
0.729787
0.729841
0.729786
0.72984
0.729842
0.729787
0.729787
0.729841
0.729841
0.729787
0.729918
0.729997
0.729919
0.729997
0.729998
0.72992
0.729997
0.729918
0.72992
0.72992
0.729999
0.729998
0.729921
0.729854
0.729852
0.729803
0.729803
0.729852
0.729853
0.729804
0.729854
0.729805
0.729855
0.729855
0.729804
0.729806
0.729854
0.729856
0.729805
0.729856
0.729807
0.729857
0.729806
0.729912
0.729993
0.729995
0.729911
0.729995
0.72991
0.729912
0.729912
0.729995
0.729913
0.729997
0.729997
0.729915
0.729996
0.729914
0.729914
0.729843
0.729788
0.729842
0.729789
0.729843
0.729843
0.729788
0.72979
0.729842
0.729844
0.729789
0.729844
0.72979
0.729844
0.729847
0.729792
0.729792
0.729846
0.729846
0.729791
0.729923
0.73
0.730001
0.729922
0.729924
0.730003
0.730003
0.729924
0.730002
0.729923
0.729924
0.729923
0.730002
0.729858
0.729857
0.729807
0.729807
0.729857
0.729858
0.729808
0.729859
0.729808
0.729858
0.729808
0.729859
0.72986
0.729808
0.729809
0.729859
0.729859
0.729809
0.729859
0.729809
0.729916
0.729849
0.729921
0.730002
0.730003
0.729922
0.730002
0.729921
0.729922
0.729921
0.730002
0.729922
0.730004
0.730003
0.729923
0.729852
0.72985
0.729798
0.729798
0.729852
0.729851
0.729799
0.729854
0.729855
0.7298
0.729803
0.729853
0.729855
0.729801
0.729853
0.7298
0.729855
0.729803
0.729856
0.729802
0.729924
0.730005
0.730005
0.729924
0.730005
0.729924
0.729925
0.729924
0.730004
0.730005
0.729923
0.729924
0.730005
0.729858
0.729856
0.729805
0.729804
0.729857
0.729857
0.729806
0.729859
0.72986
0.729807
0.729807
0.729859
0.729859
0.729807
0.729858
0.729804
0.729857
0.729805
0.729859
0.729806
0.72986
0.729727
0.72972
0.729732
0.729756
0.729754
0.729734
0.72973
0.729751
0.729752
0.729728
0.729752
0.729729
0.72973
0.729732
0.729756
0.729754
0.729734
0.729754
0.729733
0.729732
0.729725
0.72973
0.729726
0.729733
0.729728
0.729731
0.729724
0.729721
0.729727
0.729728
0.729722
0.729723
0.729729
0.729726
0.729728
0.729733
0.72973
0.729728
0.729725
0.729731
0.729739
0.72976
0.729737
0.729757
0.72976
0.729736
0.729759
0.729735
0.729738
0.729739
0.729763
0.729762
0.729742
0.729761
0.729741
0.72974
0.729731
0.729735
0.729729
0.729737
0.729733
0.729738
0.729732
0.72973
0.729735
0.729737
0.72973
0.729732
0.729737
0.729734
0.729736
0.729741
0.72974
0.729735
0.729734
0.729739
0.729744
0.729738
0.729725
0.729749
0.729749
0.729726
0.729749
0.729725
0.729726
0.729725
0.729749
0.729749
0.729725
0.729725
0.72975
0.72975
0.729726
0.729749
0.729726
0.729725
0.729717
0.729721
0.729717
0.729719
0.729722
0.729722
0.729718
0.729718
0.729721
0.729717
0.729721
0.729717
0.729721
0.729717
0.729719
0.729722
0.729721
0.729718
0.729718
0.729721
0.729748
0.72977
0.729749
0.729769
0.729771
0.729749
0.72977
0.729748
0.72975
0.729749
0.729772
0.729771
0.72975
0.729743
0.72974
0.729746
0.729746
0.729742
0.729741
0.729747
0.729743
0.729748
0.729744
0.729743
0.729747
0.729748
0.729743
0.729745
0.729748
0.729744
0.729749
0.729745
0.729749
0.729727
0.72975
0.729752
0.729727
0.729751
0.729726
0.729728
0.729728
0.729752
0.729728
0.729754
0.729754
0.729731
0.729753
0.729729
0.729729
0.729718
0.729721
0.729717
0.729721
0.729719
0.729719
0.729721
0.729723
0.729718
0.72972
0.729722
0.729719
0.729722
0.72972
0.729722
0.729724
0.729724
0.729721
0.729721
0.729723
0.729751
0.729773
0.729773
0.729751
0.729751
0.729773
0.729773
0.72975
0.729773
0.72975
0.729751
0.729751
0.729773
0.729745
0.729744
0.729749
0.729748
0.729745
0.729744
0.729749
0.729745
0.729749
0.729745
0.729749
0.729745
0.729743
0.729748
0.729748
0.729744
0.729744
0.729748
0.729745
0.729749
0.729732
0.729723
0.729739
0.729762
0.729765
0.72974
0.729763
0.729738
0.729741
0.729738
0.729762
0.72974
0.729766
0.729764
0.729741
0.729729
0.729725
0.72973
0.729729
0.729728
0.729727
0.729731
0.729731
0.729732
0.729732
0.729735
0.72973
0.729733
0.729733
0.729729
0.729732
0.729731
0.729735
0.729733
0.729733
0.729747
0.72977
0.729771
0.729749
0.72977
0.729747
0.729748
0.729745
0.729767
0.729769
0.729743
0.729746
0.72977
0.729736
0.729735
0.729739
0.729737
0.729737
0.729735
0.729739
0.729738
0.729741
0.729742
0.729743
0.729739
0.72974
0.729741
0.729736
0.729737
0.729734
0.729739
0.729738
0.72974
0.729742
0.729771
0.729809
0.729778
0.729752
0.729751
0.72978
0.729776
0.729746
0.729747
0.729773
0.729748
0.729774
0.729775
0.729778
0.729752
0.72975
0.72978
0.72975
0.72978
0.729777
0.729815
0.729859
0.729817
0.729862
0.729819
0.72986
0.729814
0.729811
0.729856
0.729857
0.729812
0.729813
0.729858
0.729817
0.729818
0.729862
0.729859
0.729819
0.729816
0.72986
0.729786
0.729758
0.729784
0.729754
0.729757
0.729782
0.729756
0.729782
0.729784
0.729787
0.72976
0.729759
0.729789
0.729758
0.729788
0.729787
0.729822
0.729864
0.729821
0.729866
0.729824
0.729867
0.729823
0.729821
0.729864
0.729866
0.729821
0.729823
0.729866
0.729825
0.729826
0.729869
0.729868
0.729826
0.729825
0.729868
0.729791
0.729828
0.729767
0.729741
0.729741
0.729769
0.72974
0.729768
0.729768
0.729765
0.729738
0.729739
0.729765
0.729766
0.72974
0.729739
0.729766
0.729739
0.729767
0.729765
0.729804
0.729846
0.729805
0.729807
0.729849
0.729848
0.729806
0.729806
0.729847
0.729803
0.729845
0.729802
0.729845
0.729804
0.729804
0.729847
0.729845
0.729805
0.729803
0.729846
0.729794
0.729767
0.729793
0.729766
0.729768
0.729792
0.729767
0.729792
0.729793
0.729794
0.729768
0.729768
0.729794
0.729831
0.729829
0.729872
0.729872
0.72983
0.72983
0.729873
0.729831
0.729873
0.729831
0.72983
0.729872
0.729872
0.72983
0.729831
0.729873
0.729831
0.729873
0.729831
0.729873
0.729765
0.729739
0.72974
0.729766
0.729739
0.729765
0.729766
0.729765
0.729739
0.729765
0.729741
0.729741
0.729767
0.72974
0.729766
0.729766
0.729802
0.729844
0.729802
0.729844
0.729803
0.729804
0.729844
0.729845
0.729803
0.729804
0.729844
0.729802
0.729844
0.729802
0.729803
0.729845
0.729844
0.729803
0.729803
0.729844
0.729793
0.729768
0.729768
0.729794
0.729792
0.729766
0.729766
0.72979
0.729767
0.729791
0.729791
0.729793
0.729767
0.72983
0.72983
0.729872
0.729869
0.729831
0.729829
0.729871
0.72983
0.729872
0.729831
0.729871
0.729829
0.729826
0.729868
0.729868
0.729828
0.729827
0.729869
0.729829
0.72987
0.729769
0.729804
0.729774
0.729749
0.729751
0.729776
0.729749
0.729774
0.729776
0.729773
0.729748
0.729774
0.729751
0.72975
0.729776
0.729808
0.729805
0.729848
0.729848
0.729808
0.729807
0.729849
0.72981
0.729812
0.72985
0.729852
0.72981
0.729812
0.72985
0.729809
0.729849
0.72981
0.729852
0.729812
0.72985
0.729783
0.729758
0.729759
0.729786
0.729758
0.729783
0.729784
0.72978
0.729753
0.729755
0.729778
0.729782
0.729757
0.729816
0.729815
0.729857
0.729854
0.729817
0.729814
0.729856
0.729818
0.729821
0.729859
0.72986
0.729819
0.72982
0.729858
0.729816
0.729854
0.729814
0.729856
0.729817
0.729857
0.729823
0.729953
0.730005
0.729961
0.729912
0.72991
0.729962
0.729958
0.729906
0.729907
0.729955
0.729908
0.729957
0.729957
0.72996
0.729912
0.729909
0.729961
0.72991
0.729962
0.729959
0.730012
0.730062
0.730014
0.730065
0.730015
0.730064
0.730011
0.730008
0.73006
0.73006
0.73001
0.73001
0.730061
0.730014
0.730015
0.730065
0.730062
0.730015
0.730013
0.730063
0.729967
0.729916
0.729966
0.729914
0.729916
0.729963
0.729915
0.729964
0.729965
0.729967
0.729918
0.729917
0.729969
0.729917
0.729968
0.729967
0.730018
0.730066
0.730017
0.730068
0.730019
0.730068
0.730018
0.730016
0.730066
0.730067
0.730017
0.730018
0.730068
0.73002
0.73002
0.73007
0.730069
0.73002
0.730019
0.730069
0.72997
0.730021
0.729947
0.729899
0.729898
0.72995
0.729897
0.729948
0.729948
0.729945
0.729894
0.729895
0.729943
0.729945
0.729897
0.729895
0.729945
0.729896
0.729946
0.729944
0.729999
0.730048
0.73
0.730003
0.730051
0.73005
0.730002
0.730002
0.730049
0.729998
0.730045
0.729996
0.730046
0.729999
0.729998
0.730048
0.730045
0.73
0.729997
0.730047
0.72997
0.729921
0.72997
0.729921
0.729921
0.729968
0.729921
0.729969
0.729969
0.72997
0.729921
0.729921
0.729969
0.730022
0.730021
0.730071
0.73007
0.730022
0.730021
0.73007
0.730022
0.73007
0.730021
0.73002
0.730069
0.730068
0.730021
0.730021
0.730069
0.730021
0.730069
0.730021
0.730069
0.729942
0.729894
0.729894
0.729944
0.729893
0.729943
0.729943
0.729942
0.729893
0.729942
0.729893
0.729893
0.729942
0.729893
0.729942
0.729942
0.729995
0.730044
0.729995
0.730043
0.729995
0.729997
0.730044
0.730044
0.729996
0.729996
0.730043
0.729994
0.730043
0.729994
0.729994
0.730043
0.730042
0.729995
0.729994
0.730042
0.729967
0.72992
0.729919
0.729969
0.729965
0.729916
0.729915
0.729962
0.729917
0.729964
0.729964
0.729966
0.729918
0.730018
0.730019
0.730067
0.730064
0.730019
0.730017
0.730066
0.730018
0.730068
0.73002
0.730066
0.730016
0.730012
0.730062
0.730062
0.730015
0.730014
0.730064
0.730017
0.730065
0.729943
0.729993
0.729945
0.729898
0.7299
0.729947
0.729898
0.729946
0.729947
0.729945
0.729897
0.729946
0.729899
0.729898
0.729947
0.729996
0.729994
0.730044
0.730043
0.729996
0.729995
0.730043
0.729997
0.729999
0.730045
0.730045
0.729998
0.729999
0.730044
0.729996
0.730044
0.729997
0.730045
0.729998
0.730044
0.729953
0.729907
0.729908
0.729957
0.729906
0.729954
0.729955
0.72995
0.729901
0.729903
0.729948
0.729952
0.729905
0.730002
0.730001
0.73005
0.730047
0.730003
0.73
0.730049
0.730004
0.730007
0.730052
0.730053
0.730005
0.730006
0.730051
0.730001
0.730047
0.729999
0.730048
0.730003
0.73005
0.730009
0.730148
0.730188
0.730156
0.730114
0.730113
0.730157
0.730153
0.730109
0.730109
0.73015
0.730111
0.730152
0.730152
0.730155
0.730114
0.730112
0.730156
0.730113
0.730157
0.730154
0.730195
0.730227
0.730196
0.73023
0.730198
0.730229
0.730194
0.730191
0.730225
0.730226
0.730192
0.730193
0.730227
0.730196
0.730197
0.730229
0.730227
0.730197
0.730195
0.730228
0.73016
0.730117
0.730159
0.730115
0.730116
0.730157
0.730116
0.730158
0.730158
0.73016
0.730118
0.730117
0.730161
0.730117
0.73016
0.730159
0.730199
0.730231
0.730198
0.730232
0.7302
0.730232
0.730199
0.730198
0.730231
0.730231
0.730198
0.730199
0.730232
0.7302
0.7302
0.730233
0.730232
0.7302
0.730199
0.730232
0.730161
0.7302
0.730141
0.730101
0.7301
0.730145
0.730099
0.730143
0.730142
0.730139
0.730095
0.730096
0.730137
0.730139
0.730099
0.730095
0.730138
0.730097
0.73014
0.730137
0.730182
0.730215
0.730183
0.730186
0.730217
0.730217
0.730185
0.730184
0.730216
0.73018
0.730212
0.730179
0.730213
0.730181
0.730181
0.730215
0.730212
0.730183
0.73018
0.730214
0.730159
0.730118
0.730159
0.730117
0.730116
0.730157
0.730117
0.730158
0.730158
0.730159
0.730116
0.730117
0.730158
0.730199
0.730199
0.730232
0.730231
0.730199
0.730199
0.730231
0.730199
0.730231
0.730198
0.730197
0.73023
0.730229
0.730198
0.730197
0.73023
0.730198
0.730229
0.730197
0.73023
0.730135
0.730094
0.730094
0.730137
0.730093
0.730136
0.730135
0.730134
0.730092
0.730134
0.730092
0.730091
0.730134
0.730092
0.730134
0.730134
0.730177
0.730211
0.730178
0.73021
0.730177
0.730179
0.730211
0.73021
0.730178
0.730178
0.73021
0.730176
0.730209
0.730176
0.730175
0.730209
0.730209
0.730176
0.730175
0.730209
0.730155
0.730115
0.730114
0.730156
0.730153
0.73011
0.730109
0.73015
0.730111
0.730151
0.730151
0.730154
0.730112
0.730194
0.730195
0.730228
0.730225
0.730196
0.730193
0.730226
0.730195
0.730228
0.730196
0.730227
0.730192
0.730189
0.730223
0.730223
0.730191
0.73019
0.730225
0.730193
0.730225
0.730134
0.730174
0.730135
0.730094
0.730094
0.730136
0.730093
0.730135
0.730136
0.730134
0.730092
0.730135
0.730094
0.730093
0.730135
0.730175
0.730175
0.730209
0.730208
0.730176
0.730175
0.730208
0.730176
0.730178
0.730209
0.73021
0.730177
0.730177
0.730209
0.730175
0.730208
0.730176
0.73021
0.730177
0.730209
0.73014
0.730101
0.730101
0.730144
0.730099
0.730142
0.730142
0.730138
0.730095
0.730097
0.730137
0.73014
0.730098
0.73018
0.73018
0.730213
0.730211
0.730181
0.730178
0.730212
0.730181
0.730184
0.730215
0.730215
0.730183
0.730183
0.730214
0.730179
0.730211
0.730178
0.730212
0.73018
0.730213
0.730186
0.730276
0.730297
0.730281
0.73026
0.730259
0.730282
0.730279
0.730256
0.730256
0.730277
0.730257
0.730278
0.730278
0.73028
0.73026
0.730258
0.730281
0.730259
0.730281
0.730279
0.730301
0.730315
0.730302
0.730317
0.730303
0.730316
0.730301
0.730299
0.730314
0.730314
0.7303
0.7303
0.730315
0.730302
0.730303
0.730316
0.730315
0.730303
0.730301
0.730315
0.730284
0.730262
0.730283
0.730261
0.730261
0.730282
0.730262
0.730282
0.730283
0.730284
0.730262
0.730262
0.730285
0.730262
0.730284
0.730284
0.730304
0.730317
0.730304
0.730318
0.730305
0.730318
0.730304
0.730303
0.730317
0.730317
0.730304
0.730304
0.730318
0.730305
0.730305
0.730319
0.730318
0.730305
0.730305
0.730318
0.730285
0.730305
0.730271
0.730249
0.730249
0.730274
0.730248
0.730272
0.730272
0.730269
0.730244
0.730246
0.730268
0.730269
0.730247
0.730245
0.730268
0.730246
0.73027
0.730268
0.730293
0.730308
0.730294
0.730296
0.73031
0.73031
0.730295
0.730294
0.730309
0.730292
0.730307
0.730291
0.730307
0.730293
0.730292
0.730308
0.730307
0.730293
0.730291
0.730308
0.730283
0.730261
0.730282
0.73026
0.730259
0.73028
0.73026
0.730282
0.730281
0.730282
0.730259
0.73026
0.730281
0.730304
0.730304
0.730318
0.730318
0.730304
0.730304
0.730318
0.730304
0.730318
0.730303
0.730302
0.730317
0.730316
0.730303
0.730302
0.730317
0.730303
0.730316
0.730302
0.730317
0.730266
0.730243
0.730243
0.730267
0.730242
0.730267
0.730266
0.730265
0.730242
0.730265
0.730241
0.73024
0.730264
0.730241
0.730265
0.730264
0.73029
0.730306
0.73029
0.730305
0.730289
0.730291
0.730306
0.730305
0.73029
0.73029
0.730305
0.730289
0.730304
0.730288
0.730287
0.730304
0.730304
0.730289
0.730288
0.730304
0.730279
0.730258
0.730257
0.73028
0.730277
0.730254
0.730253
0.730275
0.730255
0.730276
0.730276
0.730278
0.730255
0.7303
0.730301
0.730315
0.730313
0.730301
0.730299
0.730314
0.7303
0.730315
0.730301
0.730314
0.730299
0.730296
0.730312
0.730312
0.730298
0.730297
0.730313
0.730299
0.730314
0.730264
0.730287
0.730264
0.730242
0.730242
0.730265
0.730241
0.730265
0.730265
0.730264
0.73024
0.730264
0.730242
0.730241
0.730265
0.730287
0.730287
0.730304
0.730303
0.730288
0.730287
0.730303
0.730288
0.730289
0.730304
0.730304
0.730288
0.730289
0.730304
0.730288
0.730304
0.730288
0.730304
0.730289
0.730304
0.730268
0.730246
0.730246
0.730271
0.730245
0.730269
0.73027
0.730267
0.730242
0.730243
0.730266
0.730268
0.730244
0.73029
0.73029
0.730306
0.730305
0.730291
0.730289
0.730306
0.730291
0.730293
0.730308
0.730308
0.730292
0.730292
0.730307
0.73029
0.730305
0.730289
0.730306
0.730291
0.730307
0.730295
0.730338
0.730351
0.73034
0.730332
0.730331
0.730341
0.73034
0.730329
0.73033
0.730339
0.73033
0.730339
0.730339
0.73034
0.730332
0.730331
0.73034
0.730331
0.730341
0.73034
0.730353
0.730362
0.730353
0.730362
0.730354
0.730362
0.730353
0.730352
0.730361
0.730361
0.730352
0.730353
0.730361
0.730353
0.730354
0.730362
0.730361
0.730354
0.730353
0.730362
0.730342
0.730333
0.730342
0.730332
0.730333
0.730341
0.730333
0.730341
0.730341
0.730342
0.730333
0.730333
0.730343
0.730333
0.730342
0.730342
0.730354
0.730362
0.730354
0.730363
0.730354
0.730363
0.730354
0.730354
0.730362
0.730362
0.730354
0.730354
0.730363
0.730354
0.730354
0.730363
0.730363
0.730354
0.730354
0.730363
0.730343
0.730354
0.730336
0.730326
0.730326
0.730338
0.730326
0.730337
0.730336
0.730335
0.730324
0.730325
0.730335
0.730335
0.730325
0.730324
0.730335
0.730325
0.730335
0.730335
0.73035
0.73036
0.73035
0.730351
0.73036
0.73036
0.730351
0.73035
0.73036
0.73035
0.730359
0.730349
0.730359
0.73035
0.73035
0.730359
0.730359
0.73035
0.730349
0.730359
0.730342
0.730332
0.730341
0.730332
0.730331
0.730341
0.730332
0.730341
0.730341
0.730341
0.730331
0.730332
0.730341
0.730354
0.730354
0.730363
0.730363
0.730354
0.730354
0.730363
0.730354
0.730363
0.730354
0.730353
0.730363
0.730363
0.730354
0.730353
0.730363
0.730354
0.730363
0.730354
0.730363
0.730333
0.730323
0.730323
0.730334
0.730323
0.730334
0.730333
0.730333
0.730322
0.730333
0.730322
0.730321
0.730333
0.730322
0.730333
0.730333
0.730349
0.730359
0.730349
0.730358
0.730349
0.730349
0.730359
0.730358
0.730349
0.730349
0.730358
0.730348
0.730358
0.730348
0.730347
0.730359
0.730358
0.730348
0.730348
0.730358
0.73034
0.730331
0.73033
0.730341
0.730339
0.730328
0.730328
0.730338
0.730329
0.730339
0.730338
0.730339
0.730329
0.730353
0.730353
0.730362
0.730362
0.730353
0.730353
0.730362
0.730353
0.730363
0.730353
0.730363
0.730352
0.730351
0.730362
0.730362
0.730352
0.730351
0.730362
0.730352
0.730362
0.730333
0.730347
0.730333
0.730322
0.730322
0.730334
0.730322
0.730333
0.730334
0.730333
0.730321
0.730333
0.730322
0.730322
0.730334
0.730348
0.730347
0.730359
0.730359
0.730348
0.730348
0.730359
0.730348
0.730349
0.730359
0.730359
0.730348
0.730349
0.730359
0.730348
0.730359
0.730348
0.730359
0.730349
0.730359
0.730335
0.730324
0.730325
0.730337
0.730324
0.730336
0.730336
0.730335
0.730323
0.730323
0.730334
0.730335
0.730324
0.730349
0.730349
0.73036
0.73036
0.73035
0.730349
0.73036
0.73035
0.73035
0.73036
0.730361
0.73035
0.73035
0.73036
0.730349
0.73036
0.730349
0.73036
0.73035
0.73036
0.730351
0.730388
0.730405
0.730387
0.730376
0.730376
0.730388
0.730387
0.730375
0.730375
0.730387
0.730375
0.730387
0.730387
0.730387
0.730376
0.730376
0.730387
0.730376
0.730387
0.730387
0.730405
0.730423
0.730405
0.730423
0.730406
0.730423
0.730405
0.730405
0.730424
0.730423
0.730405
0.730405
0.730423
0.730405
0.730406
0.730423
0.730423
0.730405
0.730406
0.730423
0.730388
0.730376
0.730388
0.730376
0.730376
0.730387
0.730376
0.730388
0.730388
0.730388
0.730376
0.730376
0.730388
0.730376
0.730388
0.730388
0.730406
0.730423
0.730406
0.730423
0.730405
0.730423
0.730406
0.730406
0.730423
0.730423
0.730405
0.730406
0.730423
0.730405
0.730405
0.730424
0.730423
0.730405
0.730406
0.730423
0.730388
0.730405
0.730387
0.730375
0.730375
0.730387
0.730375
0.730387
0.730387
0.730387
0.730375
0.730375
0.730387
0.730387
0.730375
0.730375
0.730387
0.730375
0.730387
0.730387
0.730407
0.730425
0.730406
0.730406
0.730424
0.730425
0.730406
0.730406
0.730424
0.730407
0.730425
0.730407
0.730425
0.730407
0.730407
0.730425
0.730425
0.730407
0.730407
0.730425
0.730389
0.730376
0.730389
0.730377
0.730376
0.730388
0.730376
0.730388
0.730389
0.730389
0.730376
0.730377
0.730389
0.730406
0.730406
0.730424
0.730424
0.730406
0.730406
0.730424
0.730406
0.730424
0.730406
0.730407
0.730424
0.730425
0.730406
0.730407
0.730424
0.730406
0.730425
0.730407
0.730424
0.730387
0.730375
0.730375
0.730387
0.730375
0.730387
0.730387
0.730387
0.730374
0.730387
0.730374
0.730374
0.730388
0.730374
0.730388
0.730388
0.730407
0.730425
0.730407
0.730425
0.730407
0.730407
0.730425
0.730425
0.730407
0.730407
0.730425
0.730407
0.730426
0.730407
0.730407
0.730426
0.730426
0.730407
0.730407
0.730426
0.730389
0.730376
0.730376
0.730389
0.730389
0.730376
0.730376
0.730389
0.730376
0.730389
0.730389
0.730389
0.730376
0.730407
0.730407
0.730425
0.730425
0.730407
0.730407
0.730425
0.730407
0.730425
0.730407
0.730425
0.730407
0.730407
0.730426
0.730426
0.730407
0.730407
0.730426
0.730407
0.730425
0.730388
0.730408
0.730389
0.730375
0.730375
0.730388
0.730375
0.730388
0.730389
0.730389
0.730375
0.730389
0.730375
0.730375
0.730389
0.730408
0.730408
0.730427
0.730427
0.730408
0.730408
0.730427
0.730408
0.730409
0.730427
0.730427
0.730408
0.730409
0.730427
0.730408
0.730427
0.730408
0.730427
0.730409
0.730427
0.730389
0.730375
0.730375
0.730389
0.730375
0.730389
0.730389
0.730389
0.730375
0.730376
0.730389
0.730389
0.730376
0.730408
0.730409
0.730427
0.730427
0.730409
0.730409
0.730427
0.730408
0.730408
0.730427
0.730427
0.730408
0.730408
0.730427
0.730409
0.730427
0.730409
0.730427
0.730408
0.730427
0.730407
0.730475
0.730507
0.730473
0.730448
0.730448
0.730473
0.730473
0.730448
0.730448
0.730474
0.730448
0.730474
0.730474
0.730473
0.730448
0.730448
0.730473
0.730448
0.730473
0.730473
0.730506
0.730541
0.730506
0.73054
0.730506
0.73054
0.730507
0.730507
0.730541
0.730541
0.730507
0.730507
0.730541
0.730506
0.730507
0.73054
0.73054
0.730506
0.730507
0.73054
0.730473
0.730448
0.730473
0.730448
0.730448
0.730473
0.730448
0.730473
0.730473
0.730473
0.730448
0.730448
0.730474
0.730448
0.730474
0.730474
0.730506
0.73054
0.730506
0.73054
0.730506
0.730541
0.730506
0.730507
0.73054
0.73054
0.730506
0.730507
0.730541
0.730507
0.730507
0.730541
0.730541
0.730507
0.730507
0.730541
0.730474
0.730507
0.730476
0.730449
0.73045
0.730475
0.73045
0.730475
0.730476
0.730476
0.730451
0.730451
0.730477
0.730476
0.730451
0.730451
0.730476
0.730451
0.730476
0.730476
0.730509
0.730544
0.730509
0.730508
0.730543
0.730543
0.730508
0.730509
0.730544
0.73051
0.730545
0.73051
0.730544
0.73051
0.730511
0.730544
0.730545
0.73051
0.73051
0.730544
0.730475
0.730449
0.730475
0.730449
0.73045
0.730475
0.730449
0.730475
0.730475
0.730475
0.73045
0.730449
0.730475
0.730508
0.730507
0.730543
0.730543
0.730508
0.730508
0.730543
0.730508
0.730543
0.730509
0.730509
0.730543
0.730544
0.730509
0.730509
0.730543
0.730509
0.730544
0.730509
0.730544
0.730477
0.730451
0.730452
0.730477
0.730452
0.730477
0.730477
0.730477
0.730452
0.730478
0.730452
0.730452
0.730479
0.730452
0.730478
0.730478
0.730511
0.730545
0.730511
0.730545
0.730511
0.730511
0.730545
0.730545
0.730511
0.730511
0.730545
0.730511
0.730546
0.730511
0.730512
0.730546
0.730547
0.730511
0.730512
0.730546
0.730476
0.73045
0.73045
0.730476
0.730477
0.730451
0.730451
0.730478
0.730451
0.730477
0.730478
0.730477
0.73045
0.73051
0.73051
0.730544
0.730545
0.73051
0.73051
0.730545
0.73051
0.730544
0.73051
0.730544
0.730511
0.730511
0.730545
0.730546
0.730511
0.730511
0.730545
0.73051
0.730545
0.730479
0.730512
0.730479
0.730453
0.730453
0.730479
0.730453
0.730479
0.73048
0.73048
0.730453
0.73048
0.730454
0.730453
0.73048
0.730513
0.730513
0.730548
0.730548
0.730513
0.730513
0.730548
0.730514
0.730514
0.730548
0.730548
0.730514
0.730514
0.730548
0.730513
0.730548
0.730514
0.730548
0.730514
0.730548
0.730479
0.730453
0.730453
0.730479
0.730453
0.730479
0.730479
0.73048
0.730454
0.730453
0.73048
0.730479
0.730453
0.730514
0.730514
0.730548
0.730548
0.730514
0.730514
0.730548
0.730513
0.730512
0.730548
0.730548
0.730513
0.730513
0.730548
0.730514
0.730548
0.730514
0.730548
0.730513
0.730548
0.730512
0.730629
0.730681
0.730627
0.730583
0.730583
0.730627
0.730627
0.730584
0.730584
0.730628
0.730583
0.730628
0.730627
0.730627
0.730583
0.730584
0.730627
0.730583
0.730627
0.730627
0.73068
0.730734
0.73068
0.730733
0.73068
0.730734
0.730681
0.730681
0.730735
0.730734
0.730681
0.730681
0.730734
0.730681
0.730681
0.730734
0.730734
0.730681
0.730681
0.730734
0.730627
0.730584
0.730627
0.730583
0.730584
0.730627
0.730584
0.730627
0.730627
0.730627
0.730584
0.730584
0.730629
0.730584
0.730628
0.730628
0.730681
0.730733
0.73068
0.730734
0.730681
0.730734
0.730681
0.730681
0.730734
0.730734
0.730681
0.730681
0.730734
0.730681
0.730682
0.730735
0.730735
0.730682
0.730681
0.730734
0.730629
0.730683
0.73063
0.730586
0.730586
0.73063
0.730586
0.73063
0.73063
0.730631
0.730588
0.730587
0.730631
0.730631
0.730587
0.730588
0.730631
0.730587
0.73063
0.730631
0.730684
0.730737
0.730683
0.730682
0.730737
0.730737
0.730682
0.730683
0.730737
0.730684
0.730738
0.730685
0.730738
0.730684
0.730685
0.730737
0.730738
0.730684
0.730685
0.730738
0.730631
0.730587
0.730631
0.730587
0.730588
0.730631
0.730587
0.730631
0.730631
0.730631
0.730588
0.730587
0.730631
0.730685
0.730683
0.730738
0.730738
0.730684
0.730684
0.730738
0.730685
0.730738
0.730686
0.730686
0.730738
0.730739
0.730686
0.730686
0.730739
0.730686
0.730739
0.730686
0.730739
0.730632
0.730588
0.730589
0.730632
0.730588
0.730632
0.730632
0.730633
0.730589
0.730633
0.730589
0.730589
0.730634
0.730589
0.730633
0.730634
0.730686
0.730739
0.730685
0.730739
0.730686
0.730686
0.730739
0.730739
0.730685
0.730686
0.73074
0.730686
0.73074
0.730686
0.730687
0.73074
0.730741
0.730686
0.730686
0.73074
0.730632
0.730588
0.730589
0.730632
0.730633
0.730589
0.730589
0.730635
0.730589
0.730633
0.730634
0.730633
0.730589
0.730687
0.730687
0.73074
0.73074
0.730687
0.730687
0.73074
0.730687
0.730739
0.730687
0.73074
0.730688
0.730688
0.730741
0.730742
0.730688
0.730688
0.730741
0.730687
0.730741
0.730635
0.730687
0.730636
0.730592
0.730592
0.730635
0.730592
0.730635
0.730636
0.730636
0.730591
0.730636
0.730592
0.730592
0.730636
0.730689
0.730688
0.730743
0.730743
0.730689
0.730689
0.730743
0.73069
0.73069
0.730743
0.730743
0.73069
0.73069
0.730743
0.730689
0.730743
0.73069
0.730744
0.73069
0.730743
0.730636
0.730591
0.730591
0.730635
0.730592
0.730636
0.730636
0.730636
0.730592
0.730592
0.730636
0.730636
0.730592
0.73069
0.73069
0.730743
0.730743
0.73069
0.73069
0.730744
0.73069
0.730689
0.730743
0.730743
0.730689
0.73069
0.730744
0.73069
0.730744
0.73069
0.730744
0.73069
0.730744
0.730689
0.730864
0.730938
0.730861
0.730798
0.730798
0.730861
0.730862
0.730799
0.730798
0.730863
0.730798
0.730863
0.730862
0.730862
0.730799
0.730799
0.730861
0.730798
0.730861
0.730861
0.730937
0.73101
0.730937
0.73101
0.730937
0.73101
0.730937
0.730938
0.731011
0.73101
0.730937
0.730937
0.73101
0.730937
0.730938
0.73101
0.73101
0.730938
0.730938
0.73101
0.730862
0.730799
0.730862
0.730799
0.730799
0.730861
0.730799
0.730861
0.730861
0.730862
0.7308
0.7308
0.730864
0.730799
0.730863
0.730862
0.730938
0.73101
0.730938
0.73101
0.730938
0.73101
0.730938
0.730938
0.73101
0.73101
0.730938
0.730938
0.73101
0.730938
0.730939
0.731011
0.73101
0.73094
0.730939
0.73101
0.730865
0.73094
0.730865
0.7308
0.730801
0.730865
0.730801
0.730865
0.730865
0.730866
0.730803
0.730802
0.730866
0.730866
0.730802
0.730803
0.730866
0.730802
0.730865
0.730866
0.73094
0.731014
0.73094
0.730939
0.731013
0.731013
0.730939
0.73094
0.731013
0.730941
0.731014
0.730941
0.731014
0.730941
0.730942
0.731013
0.731014
0.730941
0.730941
0.731014
0.730866
0.730804
0.730867
0.730805
0.730805
0.730867
0.730805
0.730866
0.730867
0.730867
0.730805
0.730805
0.730867
0.730943
0.730941
0.731014
0.731013
0.730943
0.730943
0.731014
0.730944
0.731014
0.730944
0.730945
0.731013
0.731015
0.730944
0.730945
0.731014
0.730944
0.731015
0.730945
0.731014
0.730868
0.730803
0.730804
0.730867
0.730804
0.730867
0.730867
0.730868
0.730804
0.730868
0.730804
0.730805
0.73087
0.730804
0.730868
0.730869
0.730943
0.731015
0.730942
0.731016
0.730943
0.730942
0.731015
0.731015
0.730942
0.730943
0.731016
0.730943
0.731016
0.730943
0.730944
0.731016
0.731017
0.730943
0.730944
0.731017
0.730868
0.730806
0.730806
0.730868
0.730869
0.730807
0.730807
0.73087
0.730807
0.730869
0.73087
0.730869
0.730807
0.730946
0.730945
0.731015
0.731015
0.730945
0.730946
0.731016
0.730946
0.731015
0.730945
0.731016
0.730946
0.730946
0.731016
0.731018
0.730946
0.730947
0.731017
0.730946
0.731016
0.73087
0.730945
0.730871
0.730808
0.730808
0.730871
0.730808
0.730871
0.730871
0.730871
0.730808
0.730871
0.730809
0.730808
0.730871
0.730947
0.730945
0.731019
0.731019
0.730946
0.730946
0.731019
0.730947
0.730947
0.731018
0.731019
0.730947
0.730947
0.731019
0.730947
0.731019
0.730947
0.731019
0.730948
0.731019
0.730871
0.730808
0.730808
0.730871
0.730808
0.730871
0.730871
0.730871
0.730809
0.730809
0.730871
0.730871
0.730808
0.730948
0.730948
0.731018
0.731019
0.730948
0.730948
0.731019
0.730947
0.730947
0.731018
0.731019
0.730947
0.730948
0.731019
0.730948
0.731019
0.730948
0.731019
0.730948
0.731019
0.730947
0.731179
0.731273
0.731177
0.731096
0.731096
0.731177
0.731178
0.731096
0.731096
0.731179
0.731096
0.731179
0.731177
0.731177
0.731096
0.731097
0.731176
0.731096
0.731177
0.731176
0.731362
0.731272
0.731362
0.731361
0.731273
0.731273
0.731362
0.731361
0.731362
0.731272
0.731273
0.731273
0.731272
0.731361
0.731359
0.731361
0.731272
0.731273
0.731272
0.731273
0.731177
0.731097
0.731177
0.731097
0.731097
0.731176
0.731097
0.731177
0.731176
0.731177
0.731099
0.731098
0.731178
0.731097
0.731178
0.731177
0.731361
0.731361
0.731274
0.731273
0.731361
0.731275
0.73136
0.731359
0.73136
0.731273
0.731274
0.731273
0.731274
0.731361
0.731359
0.731361
0.731275
0.731276
0.731276
0.731275
0.731179
0.731277
0.73118
0.731098
0.731098
0.731179
0.731098
0.73118
0.731179
0.731181
0.7311
0.731099
0.731181
0.73118
0.731099
0.7311
0.73118
0.731099
0.73118
0.731181
0.731364
0.731275
0.731363
0.731362
0.731363
0.731275
0.731274
0.731275
0.731274
0.731364
0.731364
0.731275
0.731276
0.731362
0.731364
0.731363
0.731275
0.731275
0.731275
0.731275
0.73118
0.731102
0.73118
0.731103
0.731104
0.73118
0.731103
0.731179
0.73118
0.73118
0.731104
0.731103
0.731181
0.731362
0.73136
0.731362
0.731279
0.731278
0.731279
0.731278
0.731362
0.731279
0.73136
0.731363
0.731362
0.731279
0.731279
0.731279
0.73128
0.731363
0.731363
0.73128
0.73128
0.731182
0.7311
0.731101
0.731181
0.731101
0.731181
0.731181
0.731183
0.731101
0.731183
0.731101
0.731102
0.731184
0.731101
0.731182
0.731183
0.731365
0.731365
0.731276
0.731276
0.731364
0.731363
0.731364
0.731276
0.731276
0.731276
0.731276
0.731366
0.731277
0.731365
0.731366
0.731365
0.731277
0.731278
0.731277
0.731278
0.731182
0.731104
0.731105
0.731181
0.731182
0.731105
0.731106
0.731183
0.731105
0.731182
0.731183
0.731182
0.731105
0.731363
0.731362
0.731363
0.731281
0.73128
0.73128
0.73128
0.731364
0.731364
0.731281
0.731281
0.731362
0.731365
0.731364
0.731282
0.731282
0.731281
0.731282
0.731364
0.731282
0.731185
0.731278
0.731184
0.731105
0.731105
0.731184
0.731105
0.731184
0.731184
0.731185
0.731105
0.731185
0.731105
0.731105
0.731185
0.731366
0.731368
0.731367
0.731279
0.731279
0.731278
0.73128
0.731365
0.731366
0.731366
0.73128
0.731279
0.73128
0.73128
0.731368
0.73128
0.731367
0.731367
0.73128
0.73128
0.731184
0.731105
0.731106
0.731184
0.731106
0.731184
0.731184
0.731185
0.731106
0.731106
0.731185
0.731185
0.731106
0.731365
0.731366
0.731366
0.731281
0.73128
0.73128
0.731281
0.731364
0.731366
0.731366
0.731282
0.731281
0.731281
0.731282
0.731367
0.731367
0.731281
0.731281
0.731367
0.731282
0.731282
26.5245
87.4618
40.9018
63.4653
14.8752
39.7352
44.8719
31.0122
95.8758
93.9687
39.2211
34.3288
61.4669
77.6175
95.8691
52.6334
51.0798
34.2425
101.38
101.379
95.9414
18.1871
21.3435
101.379
22.8552
20.3738
27.7539
71.8601
106.896
73.5602
106.788
41.7756
33.5233
11.3078
9.54439
18.3775
41.7692
6.7819
87.8697
101.369
58.732
28.6306
17.5985
81.8713
12.7002
50.9648
35.8875
50.9463
39.4295
32.7431
13.7276
6.78706
30.962
24.9409
12.2609
25.0101
18.254
25.0357
13.4908
1.46991
7.39558
5.96346
17.3606
19.0448
22.6323
20.8805
47.322
10.7565
6.45946
50.1327
25.2202
14.7705
47.2532
32.3323
38.4863
16.6235
22.4955
47.2141
5.78119
16.4747
19.8498
33.7868
5.74123
1.04943
2.00788
1.58149
11.8721
12.8281
3.22218
1.36232
10.6591
4.90514
7.33701
6.10567
4.48665
6.11389
10.1925
3.88115
28.2064
4.6418
1.96743
2.62069
1.82591
7.81442
19.2123
34.79
30.5706
31.7457
3.92278
48.2352
6.79209
12.3172
8.28413
1.31062
12.9715
2.79536
3.43115
5.18477
9.62655
6.69561
0.934046
0.869662
1.01694
0.924573
62.1503
24.759
26.6275
67.8698
67.8548
49.0275
7.21263
34.1566
16.0023
34.1047
114.023
286.834
239.886
8.34122
1.27346
3.77581
3.73652
49.1203
18.0191
45.205
26.9187
47.6351
48.2357
19.5964
244.156
245.03
129.319
2.0011
9.67963
2.69369
3.57962
238.237
0.789567
0.759285
67.8638
66.8845
67.8058
61.6399
9.74113
38.6337
18.2292
39.7714
56.9316
18.0048
1.27109
11.4232
5.35853
2.46065
23.2525
1.12186
1.72355
52.589
54.4182
67.0011
3.20915
1.85322
3.87846
2.32026
93.3363
93.3572
93.3645
4.97022
4.14803
4.94699
5.1499
267.087
267.043
247.406
23.6656
97.9614
115.322
27.6681
57.7139
167.851
83.3887
1.42327
7.42798
1.60125
1.78678
25.72
79.1614
57.5107
1.70276
2.21109
3.27452
1.5369
266.957
23.5377
63.7558
245.165
263.905
263.877
20.2586
5.52272
7.82372
12.6686
0.849015
1.07099
1.19547
0.818863
1.02653
0.803085
0.803235
63.579
90.237
90.2369
90.2444
20.9336
84.0989
65.595
19.0137
2.70419
4.67906
10.9157
6.80815
36.2003
3.93048
1.39734
0.793305
1.70306
1.54603
0.768157
1.58588
0.958293
1.48397
1.263
2.00813
4.27497
0.93291
2.91106
2.2918
19.8868
4.02208
9.74001
9.05872
5.27667
14.4482
3.687
0.729414
0.659418
0.659502
0.680519
0.71788
0.865278
0.679062
8.28425
7.80038
16.2392
18.6951
5.18153
16.4775
11.2335
1.04518
0.835427
0.827094
1.12314
0.92507
0.843828
1.70413
1.72521
0.910338
0.830709
2.69251
1.80962
4.79889
1.22888
0.909242
0.918781
0.886233
0.913582
1.0203
0.960749
0.906842
0.807248
0.855555
0.829768
0.842589
0.885887
0.861627
0.94793
0.900095
0.910903
0.909928
0.887178
0.869887
0.874163
0.898602
0.842088
0.724081
0.818681
0.704532
0.853725
0.736388
0.985362
0.752298
0.711951
0.758686
0.704443
0.85106
0.707207
0.776911
4.56916
1.015
1.20104
2.72152
1.42307
4.91471
2.54846
0.583359
0.696262
0.695078
0.64051
0.694197
0.604891
0.604234
2.01415
0.882788
2.83914
0.78652
3.1127
0.78952
2.16632
0.557751
0.729913
0.676806
0.701995
0.636989
0.678488
0.612397
0.699858
0.871086
0.764417
0.754242
0.770414
0.63442
0.764221
0.602305
0.767942
0.809486
0.805407
0.722715
0.629805
0.741174
11.4049
33.8007
21.0756
22.1314
7.21168
2.98721
1.48486
24.9461
3.03267
4.17336
35.7575
2.23723
5.34309
32.1296
39.7062
4.37171
13.9241
44.0639
101.728
129.558
0.798978
0.721261
0.840142
0.76564
0.956234
0.820137
0.785478
0.712046
0.674612
0.672617
0.691399
0.674276
0.708765
0.711627
0.648619
0.686779
0.692393
0.691469
0.671716
0.699938
0.698338
0.67856
0.665784
0.642078
0.678156
0.721155
0.666509
0.676787
0.662534
0.681803
0.71114
0.66477
0.664045
0.729854
0.668144
0.688715
0.739434
1.36718
0.689557
0.742084
1.00205
0.666465
0.744808
0.631505
1.08061
0.805017
0.934598
0.868567
0.693577
0.852209
0.825392
1.38551
4.50942
0.840903
0.829337
3.70459
1.39664
1.1326
8.21461
10.9849
34.8346
0.949123
2.58013
1.37593
0.978276
0.768453
0.753687
1.01257
1.27416
1.22616
0.785374
0.76735
0.801363
0.769064
0.857968
0.977595
0.848358
1.75143
1.18849
0.832451
1.00212
0.878683
1.00685
1.42009
0.646261
0.702272
0.734608
0.684195
0.69651
0.724818
0.71537
0.776104
0.81199
0.736474
0.819736
0.742351
0.856771
0.760166
0.783231
0.814811
0.759964
0.852631
0.771133
0.840994
0.773266
0.809562
0.82068
0.788417
0.914638
0.837269
0.77566
0.888022
0.825607
0.85109
0.907192
0.88083
0.872855
0.875866
0.821108
0.979817
0.782007
0.969601
0.940613
0.911198
0.863261
1.12157
1.01153
0.946221
1.16251
0.974016
0.731786
0.731786
0.731758
0.731738
0.731745
0.731753
0.731754
0.731787
0.731786
0.731759
0.731739
0.731746
0.731755
0.731753
70.1266
6.87257
25.7816
22.9203
48.224
25.2787
59.6124
113.738
88.0139
200.549
171.497
8.18048
5.40687
11.6098
4.22297
5.16843
3.73812
17.915
31.1472
3.20878
5.57031
39.7121
39.707
4.71488
34.6948
1.1482
1.89173
14.1551
0.948868
13.1752
0.897864
1.04382
1.5276
1.9555
5.42414
1.11618
1.13041
5.52003
1.05897
3.36083
3.54604
36.0529
1.87602
21.2485
4.08409
1.54531
4.38441
30.0409
64.3101
14.6147
33.6447
33.91
1.03494
0.658833
0.651378
0.640223
0.711517
0.673366
0.641039
0.642598
10.3588
24.8777
22.567
0.694713
0.691448
0.817426
0.644046
1.76247
0.647637
0.64339
0.745003
0.730889
0.943141
0.655547
0.669817
0.659784
1.43447
1.14583
1.61987
13.8386
0.820621
2.12337
8.98605
0.694224
1.58997
1.21042
14.7782
2.30397
5.80282
0.817291
7.38702
0.515166
0.532417
0.471782
0.606804
0.5985
0.508764
0.469687
2.64708
0.895045
2.46243
1.19012
1.39996
2.89957
2.64512
9.95025
6.3445
0.979905
1.24852
12.2924
25.4113
55.2573
8.46633
61.4747
8.2435
10.7995
4.96458
3.04037
13.0475
1.86554
1.96015
11.6007
4.53015
13.15
23.8155
50.8924
12.9728
63.6484
14.0473
10.4749
23.5718
91.9904
107.621
68.0929
75.716
55.0675
22.5215
30.3064
21.9789
34.973
19.3288
56.7757
19.0432
40.3906
94.3478
56.208
62.5514
89.8549
99.6168
61.52
94.3508
0.655606
0.66425
0.63965
0.773745
0.675392
0.691503
0.654991
1.21715
1.62337
1.46645
0.605574
0.666779
0.583538
0.610084
0.654311
0.645835
0.568855
0.568579
0.572509
0.606419
0.53408
0.632572
0.536307
0.546689
0.544936
0.583359
0.625331
0.618585
0.615278
0.543203
0.634283
0.98143
1.08667
0.972068
0.874646
0.947227
0.86141
1.94709
0.868245
0.959571
0.861083
0.861385
0.835792
0.808158
0.945969
0.786191
0.87104
0.888769
0.860671
0.94771
1.30804
1.05755
1.14195
0.832536
0.938225
0.902767
2.50377
0.93849
0.955523
0.937148
0.871036
0.922676
0.743997
0.767041
0.792062
0.785682
0.786438
0.815698
0.743909
0.60862
0.567217
0.51371
0.809216
0.56338
0.665752
0.721511
0.548359
0.496552
0.586871
0.531844
0.539422
0.530066
0.639248
0.687222
0.729259
0.776934
0.705126
0.90125
0.757535
0.661095
0.813928
0.77203
0.738795
0.771628
0.90027
0.786635
0.747535
0.7063
0.806126
1.87995
0.894546
1.35843
0.975907
0.796486
0.735821
0.665118
0.813504
0.716801
0.804073
0.737392
0.707656
0.704171
0.788206
0.869299
0.722248
0.647471
0.693299
0.821173
0.695519
0.727344
0.793668
0.916679
0.872105
1.04275
0.8967
0.889704
0.909333
0.920891
3.73642
0.931772
1.34445
0.897488
0.886821
0.932052
0.921329
0.867271
0.822119
0.768436
0.887797
0.773606
0.896453
0.865907
0.875278
0.758186
0.774825
0.884983
0.785179
0.87691
0.883802
0.775873
0.795106
0.783716
0.795613
0.786512
0.771478
0.773617
0.749003
0.807368
0.660426
0.894596
0.697532
0.888047
0.714338
0.746908
0.760558
0.703149
0.818304
0.774376
0.770735
0.715354
0.779005
0.856239
0.758
0.896712
0.72981
0.805018
0.897625
0.82367
0.969392
0.971968
0.97648
0.912334
0.953145
0.834064
0.920119
0.868633
0.806719
0.909685
0.827919
0.952249
0.910085
0.904536
0.789624
0.795377
0.896399
0.808547
0.890438
0.905195
0.888556
0.899758
0.906294
0.673593
0.702806
0.651315
0.92948
0.631816
0.707582
0.90469
0.731767
0.731768
0.731662
0.731669
0.731668
0.731766
0.731671
0.731766
0.731676
0.731763
0.73167
0.731763
0.731678
0.731682
0.731767
0.731674
0.731764
0.731671
0.731763
0.731678
0.731681
0.731763
0.731676
0.731764
0.731681
0.731762
0.731681
0.731683
0.731757
0.731756
0.731689
0.73168
0.73168
0.731765
0.731678
0.731762
0.731681
0.731763
0.731684
0.731762
0.731683
0.731685
0.731767
0.731674
0.731764
0.731671
0.731763
0.731678
0.731681
0.731768
0.731767
0.731663
0.731669
0.73167
0.731766
0.731671
0.731766
0.731677
0.731764
0.731672
0.731763
0.731679
0.731683
0.731763
0.731681
0.731763
0.731684
0.731762
0.731683
0.731685
0.731763
0.731677
0.731764
0.731683
0.731763
0.731682
0.731684
0.731757
0.731757
0.73169
0.731681
0.731681
0.731765
0.731679
84.2674
84.2783
144.139
100.437
19.1317
37.7716
87.4791
87.4205
53.2005
82.9664
91.1561
9.15701
3.0348
4.93125
25.6559
6.14026
6.94882
29.3883
10.9138
8.691
5.41058
30.0259
44.9147
47.2943
18.1247
31.0189
19.4699
20.5814
37.0927
64.263
103.723
18.542
17.3079
8.00928
15.0533
12.8913
7.77922
18.2226
6.79161
43.2137
76.1418
11.0999
40.6444
106.774
82.4661
106.878
45.4106
42.4408
11.9915
27.9527
44.2712
14.6768
10.8369
13.3265
12.4974
5.64
4.73488
23.6648
8.59899
7.89671
19.0632
9.12301
14.2524
7.93428
6.50151
24.9865
3.66961
14.2074
4.64838
4.64757
5.78624
12.1001
28.6969
3.23502
24.8562
21.0158
40.627
42.0928
16.723
2.77728
4.15845
24.249
4.18633
2.46594
68.5359
2.56673
6.61054
4.47342
2.72258
12.2475
5.15772
31.9903
5.16232
6.50093
5.22904
9.80988
31.6857
2.74638
7.69993
1.37427
3.15023
2.07556
0.893543
2.3944
1.35555
3.26796
6.67811
4.45547
4.43192
7.70642
6.75319
4.5411
2.08488
5.32224
2.03236
4.01522
32.7573
18.5283
18.2711
10.7348
101.721
49.2549
61.8748
7.94514
24.8948
5.87443
5.36299
7.98476
10.5688
5.10685
29.457
6.1433
7.0945
5.63223
9.841
12.6941
6.88148
59.2605
43.0363
28.6269
25.409
89.2476
43.3418
37.6328
14.9671
11.2278
85.3428
33.1244
1.44189
6.60482
4.35029
125.225
77.1204
125.209
76.972
72.2953
125.231
28.7672
30.4199
22.5099
1.72513
4.98104
8.66536
2.36254
2.56943
6.2134
0.936584
1.31791
0.907222
1.96821
1.24233
0.855389
6.10891
0.675865
0.85682
0.678487
1.20242
3.31076
0.660341
3.9671
0.744217
0.875748
0.729
0.862506
1.38743
0.71787
1.28819
2.62123
0.760419
0.916428
5.55411
2.16562
4.49995
1.62979
2.1797
2.28518
0.669532
0.730116
0.679415
0.755093
0.67794
0.671132
0.687078
0.739883
0.681489
0.677963
3.7333
0.679082
0.710902
0.725853
0.724406
1.43465
0.879847
8.04153
16.5116
2.35184
13.1331
0.755462
0.935227
0.877313
1.26967
1.36764
0.996636
1.25607
1.61552
0.894801
0.880317
0.844337
0.863818
0.884209
0.863317
0.902279
0.877706
0.899404
0.925429
1.7925
1.2349
1.23809
5.42264
10.929
5.57805
12.2206
3.50114
5.29148
9.49407
3.23762
1.78293
1.1736
0.866155
0.863208
1.761
1.29961
1.30571
2.28337
3.27506
20.8492
62.2057
30.3795
5.14885
12.5364
6.76079
9.42914
4.30995
35.6051
13.0964
4.56125
4.69934
13.4241
3.22517
7.83352
1.79144
8.88765
18.6894
16.5205
8.26693
24.8611
47.5703
25.8178
0.979327
1.43835
20.8155
2.29005
0.671965
30.5031
7.79803
1.64518
19.3905
12.2722
5.54711
12.1576
0.648627
5.50972
0.606551
2.9239
30.6446
8.14093
17.4943
2.02175
0.67636
0.5958
0.805886
0.716515
3.69453
0.729087
36.8295
150.884
49.1399
0.755532
1.03863
0.728873
0.753558
28.0101
137.737
57.2221
3.11599
1.26811
4.05082
2.03745
0.864741
0.796868
0.770723
0.777865
0.817722
0.771625
0.829104
0.781301
0.712387
0.765015
4.71011
17.2854
0.954859
1.16817
67.8251
67.8764
66.8679
27.8186
5.60316
13.9184
5.64145
0.822207
1.15555
1.23758
1.26937
5.83468
28.508
9.08216
1.78244
3.60627
3.3213
2.70838
0.96096
0.922606
0.924487
0.949787
0.979703
0.986444
0.93994
22.8059
52.5344
3.73261
2.74276
41.7005
2.73372
5.01555
70.0289
2.75765
7.95515
2.80314
20.3802
4.83168
1.33732
0.969163
0.89976
0.946453
0.883884
0.8417
0.891212
0.895575
0.848033
0.854018
0.888543
0.828733
0.938647
0.890739
0.896499
0.895922
0.843786
0.934318
49.4506
29.0441
3.17021
9.66918
15.9538
8.2046
3.04865
10.2378
1.3905
4.17812
1.73319
4.58628
1.08965
1.52078
108.527
267.05
192.841
20.0794
30.0957
14.7182
84.3755
32.2499
183.671
92.9465
2.79318
4.20728
9.05078
1.04708
0.918842
0.938265
0.874356
0.870924
0.894885
0.904512
0.906978
0.884145
0.843394
0.880525
0.885119
0.857213
0.890078
0.856574
0.858362
0.877302
0.885324
0.888864
0.877346
0.868397
0.874842
0.840183
0.896008
0.840025
0.905905
0.867319
0.918835
0.896531
245.143
14.5405
267.01
36.9269
0.731803
0.731795
0.731802
0.731755
0.731747
0.731749
0.731753
0.731766
0.731785
0.731763
0.731734
0.731757
0.731738
0.73175
0.731687
0.731686
0.73165
0.731647
0.731685
0.731687
0.731648
0.731803
0.731796
0.731803
0.731753
0.731747
0.731753
0.731747
0.731765
0.731786
0.731762
0.731732
0.73175
0.731735
0.731748
0.731688
0.731686
0.731651
0.731647
0.731685
0.731689
0.731648
0.731805
0.731798
0.731805
0.731752
0.731747
0.731746
0.731753
0.731797
0.731774
0.73174
0.731751
0.731753
0.731806
0.731799
0.731806
0.731752
0.731747
0.731747
0.731754
0.731798
0.731775
0.731741
0.731749
0.731754
0.731804
0.731798
0.731804
0.731752
0.731747
0.731753
0.731746
0.731797
0.731774
0.73174
0.731751
0.731753
0.731689
0.731687
0.731649
0.731652
0.731686
0.73165
0.73169
0.731806
0.731799
0.731805
0.731752
0.731747
0.731754
0.731747
0.731798
0.731775
0.731741
0.731749
0.731754
0.731688
0.731688
0.731649
0.731652
0.731686
0.73165
0.731689
0.731803
0.731796
0.731803
0.731756
0.731748
0.73175
0.731754
0.731786
0.731767
0.731763
0.731735
0.731758
0.731751
0.731739
0.731803
0.731796
0.731803
0.731754
0.731748
0.731755
0.731749
0.731786
0.731766
0.731763
0.731734
0.731751
0.731749
0.731736
0.731463
0.731463
0.731558
0.731555
0.731556
0.731559
0.731461
0.73178
0.73179
0.731789
0.731753
0.731753
0.73175
0.731747
0.731782
0.731789
0.73179
0.731756
0.731755
0.731753
0.731749
0.731789
0.731782
0.731791
0.731757
0.731756
0.731754
0.731749
0.73179
0.73178
0.731789
0.731754
0.731754
0.731751
0.731748
0.731793
0.731793
0.73175
0.731751
0.73175
0.731749
0.731793
0.731466
0.731466
0.73156
0.731558
0.731558
0.73156
0.731463
0.731793
0.731793
0.731751
0.731751
0.731751
0.73175
0.731794
0.731765
0.731754
0.731768
0.731754
0.731789
0.731768
0.731774
0.731793
0.731753
0.731795
0.731752
0.731794
0.731752
0.731751
0.731788
0.731791
0.731754
0.73175
0.731793
0.73175
0.731757
0.731742
0.731762
0.731724
0.731794
0.731752
0.731795
0.731752
0.731796
0.731751
0.731753
0.731788
0.731794
0.731753
0.731749
0.731795
0.731751
0.731754
0.731756
0.731758
0.731732
0.731795
0.73175
0.731796
0.731751
0.731796
0.731751
0.731749
0.731794
0.731791
0.731751
0.731751
0.731796
0.731752
0.73175
0.731749
0.731758
0.731727
0.731796
0.73175
0.731796
0.73175
0.731797
0.731751
0.731749
0.731794
0.731792
0.731751
0.731752
0.731797
0.731751
0.731751
0.731795
0.73175
0.731796
0.731751
0.731796
0.731749
0.731752
0.731791
0.731794
0.731751
0.731751
0.731796
0.731751
0.731752
0.731756
0.731758
0.731732
0.731796
0.73175
0.731796
0.73175
0.731797
0.731749
0.731751
0.731792
0.731795
0.731751
0.731752
0.731797
0.731752
0.731751
0.731749
0.731758
0.731727
0.731768
0.731755
0.731766
0.731755
0.731794
0.731754
0.731795
0.731753
0.731795
0.731753
0.731752
0.731791
0.731788
0.731755
0.731751
0.731794
0.731758
0.731751
0.73179
0.731769
0.731775
0.731794
0.731753
0.731795
0.731753
0.731796
0.731752
0.731754
0.731794
0.731789
0.731754
0.73175
0.731796
0.731755
0.731752
0.731743
0.731763
0.731726
)
;

boundaryField
{
    outlet
    {
        type            calculated;
        value           nonuniform List<scalar> 
248
(
0.731818
0.731817
0.731817
0.731817
0.731817
0.731818
0.731817
0.731817
0.731817
0.731818
0.731817
0.731818
0.731818
0.731818
0.731817
0.731817
0.731818
0.731818
0.731818
0.731817
0.731817
0.731817
0.731818
0.731818
0.731818
0.731817
0.731818
0.731818
0.731818
0.731818
0.731818
0.731817
0.731817
0.731817
0.731817
0.731817
0.731817
0.731818
0.731817
0.731818
0.731817
0.731818
0.731817
0.731818
0.731817
0.731817
0.731817
0.731817
0.731817
0.731817
0.731817
0.731818
0.731818
0.731818
0.731818
0.731818
0.731818
0.731818
0.731818
0.731818
0.731818
0.731817
0.731818
0.731818
0.731817
0.731818
0.731817
0.731818
0.731818
0.731817
0.731818
0.731818
0.731817
0.731818
0.731818
0.731818
0.731818
0.731817
0.731818
0.731818
0.731818
0.731818
0.731818
0.731818
0.731817
0.731818
0.731818
0.731818
0.731818
0.731818
0.731818
0.731817
0.731818
0.731817
0.731818
0.731818
0.731818
0.731818
0.731818
0.731817
0.731818
0.731818
0.731817
0.731818
0.731817
0.731818
0.731818
0.731817
0.731818
0.731818
0.731818
0.731817
0.731818
0.731818
0.731818
0.731817
0.731818
0.731818
0.731818
0.731818
0.731818
0.731818
0.731817
0.731818
0.731817
0.731818
0.731818
0.731818
0.731818
0.731818
0.731817
0.731818
0.731817
0.731818
0.731817
0.731818
0.731817
0.731818
0.731817
0.731818
0.731817
0.731818
0.731818
0.731818
0.731818
0.731818
0.731818
0.731818
0.731818
0.731818
0.731817
0.731817
0.731817
0.731817
0.731817
0.731817
0.731817
0.731817
0.731817
0.731818
0.731818
0.731818
0.731818
0.731818
0.731818
0.731818
0.731818
0.731818
0.731818
0.731818
0.731818
0.731818
0.731817
0.731817
0.731817
0.731817
0.731817
0.731817
0.731817
0.731817
0.731817
0.731817
0.731817
0.731817
0.731817
0.731817
0.731817
0.731817
0.731817
0.731817
0.731817
0.731817
0.731817
0.731817
0.731817
0.731817
0.731817
0.731817
0.731817
0.731818
0.731818
0.731818
0.731818
0.731818
0.731818
0.731818
0.731818
0.731818
0.731818
0.731818
0.731818
0.731818
0.731818
0.731818
0.731818
0.731818
0.731818
0.731818
0.731818
0.731818
0.731818
0.731818
0.731818
0.731818
0.731817
0.731817
0.731817
0.731818
0.731818
0.731818
0.731818
0.731817
0.731818
0.731818
0.731818
0.731818
0.731817
0.731817
0.731817
0.731818
0.731818
0.731818
0.731818
0.731818
0.731818
0.731818
0.731818
0.731818
)
;
    }
    inlet
    {
        type            calculated;
        value           nonuniform List<scalar> 
92
(
1000.1
1000.1
1000.1
1000.1
1000.1
1000.1
1000.1
1000.1
1000.09
1000.09
1000.09
1000.09
1000.09
1000.1
1000.1
1000.1
1000.1
1000.1
1000.1
1000.1
1000.1
1000.09
1000.09
1000.09
1000.09
1000.16
1000.1
1000.1
1000.1
1000.11
1000.11
1000.1
1000.11
1000.11
1000.11
1000.15
1000.12
1000.12
1000.1
1000.1
1000.1
1000.1
1000.1
1000.1
1000.1
1000.1
1000.1
1000.1
1000.1
1000.1
1000.1
1000.09
1000.1
1000.1
1000.1
1000.1
1000.09
1000.09
1000.1
1000.09
1000.1
1000.09
1000.1
1000.09
1000.1
1000.1
1000.1
1000.1
1000.1
1000.08
1000.1
1000.1
1000.1
1000.1
1000.1
1000.1
1000.1
1000.11
1000.09
1000.13
1000.1
1000.11
1000.1
1000.11
1000.1
1000.11
1000.1
1000.11
1000.1
1000.1
1000.12
1000.13
)
;
    }
    wall
    {
        type            calculated;
        value           nonuniform List<scalar> 
8028
(
0.731753
0.731754
0.73176
0.731756
0.731769
0.731761
0.731758
0.731769
0.73177
0.731771
0.731762
0.731757
0.731761
0.731757
0.731751
0.731761
0.731763
0.731738
0.731744
0.731752
0.731745
0.731764
0.731761
0.731739
2.28542
13.1221
13.2852
13.2841
11.7538
1.42289
7.73203
4.10572
5.33608
0.817452
0.736569
0.735126
0.735327
0.735216
0.73482
0.734275
0.733741
0.733313
0.733047
0.732998
0.733067
0.732949
0.732521
0.731953
0.731479
0.731212
0.731169
0.731315
0.731564
0.731818
0.731963
0.731881
0.731531
0.731
0.730443
0.730005
0.729772
0.729762
0.729911
0.730104
0.730249
0.730326
0.730375
0.730451
0.73059
0.730808
0.731106
0.731477
11.5417
11.5419
11.5417
16.8526
129.554
129.557
129.555
21.1872
1.76786
0.727764
0.958729
0.924867
1.62606
0.839569
0.929613
0.96827
5.54886
0.793705
11.2045
0.731464
0.731473
0.731757
0.731757
0.731468
0.731757
0.731757
4.39982
4.39991
4.39984
10.403
0.677041
0.677055
0.677044
1.28006
2.07901
2.07905
2.07901
1.04316
1.0435
1.01574
1.01577
1.01574
0.695476
0.901425
0.901449
0.901429
0.904822
0.912526
1.02283
0.937131
0.937157
0.937135
0.906503
0.924003
0.910061
0.915154
0.769518
3.32281
0.784414
0.908929
8.42712
1.76946
0.871337
4.94251
0.771607
0.80457
0.939966
0.753925
0.790429
0.884506
13.2858
0.810338
1.01011
0.752439
0.755844
2.01286
10.1655
13.2837
1.16486
0.937558
0.758457
2.4163
6.41397
0.7175
13.2838
0.795434
4.86368
7.13659
10.3985
0.720111
1.17209
0.953899
1.61723
1.48806
10.401
1.66785
1.57229
2.75623
7.7316
2.46937
3.59794
1.02647
0.867606
3.40032
3.75669
7.08444
3.728
3.73463
0.873817
0.817787
3.75862
1.47802
2.72027
3.73663
1.48477
1.02903
2.12659
3.76466
6.26752
1.33089
0.846763
2.11431
2.12567
1.79335
5.10586
0.753662
0.741357
5.67365
3.85387
1.09865
0.733758
0.740839
0.74549
0.735061
1.64538
0.739291
0.733276
0.737553
0.900743
0.868557
0.73529
0.736966
0.745813
0.749749
0.792162
0.74116
0.734976
0.735273
0.751347
0.756082
0.749562
0.735003
0.734868
0.734569
0.734943
0.740794
0.734212
0.734885
0.734505
0.734455
0.734126
0.734421
0.734101
0.733838
0.734372
0.733988
0.734015
0.733734
0.733871
0.733757
0.733547
0.733864
0.733541
0.733645
0.73343
0.733411
0.733476
0.733288
0.733439
0.733207
0.733358
0.733187
0.733099
0.733229
0.733114
0.733145
0.73306
0.733136
0.733053
0.732995
0.733095
0.733101
0.733054
0.733097
0.733043
0.733065
0.733061
0.733097
0.733041
0.733099
0.733043
0.733064
0.733012
0.733017
0.73298
0.732704
0.732977
0.732679
0.732949
0.73268
0.732658
0.732569
0.732138
0.73254
0.732099
0.732548
0.732136
0.732098
0.731986
0.731601
0.731949
0.731564
0.73199
0.731622
0.731585
0.731492
0.731268
0.731456
0.731231
0.731516
0.731298
0.73126
0.73122
0.731168
0.731183
0.731135
0.73125
0.731193
0.73116
0.731175
0.731264
0.731145
0.731255
0.731197
0.731275
0.731266
0.73131
0.731489
0.731308
0.731507
0.731316
0.731481
0.731499
0.731554
0.731758
0.731575
0.731778
0.731542
0.731742
0.731762
0.731817
0.73196
0.731834
0.731958
0.731802
0.731949
0.731946
0.731983
0.73196
0.731973
0.731933
0.731973
0.731956
0.731929
0.731915
0.731676
0.731883
0.731639
0.731912
0.731678
0.731641
0.731565
0.731163
0.731528
0.731132
0.731568
0.731171
0.73114
0.731019
0.730578
0.730991
0.730563
0.731027
0.73059
0.730574
0.730443
0.730083
0.730432
0.730084
0.730454
0.730095
0.730096
0.729989
0.729786
0.729994
0.7298
0.73
0.729795
0.729808
0.72975
0.729725
0.729765
0.729744
0.729757
0.729727
0.729746
0.729743
0.729853
0.729763
0.729871
0.729743
0.729846
0.729865
0.729901
0.730056
0.729919
0.730071
0.729893
0.730043
0.730058
0.730104
0.730222
0.730118
0.730233
0.73009
0.730208
0.73022
0.730252
0.730312
0.730262
0.730319
0.73024
0.730304
0.73031
0.730328
0.730361
0.730333
0.730364
0.730321
0.730359
0.730361
0.730375
0.730424
0.730376
0.730424
0.730374
0.730427
0.730427
0.730448
0.730542
0.730448
0.730542
0.730452
0.730548
0.730548
0.730584
0.730736
0.730585
0.730737
0.73059
0.730742
0.730743
0.730799
0.731012
0.730801
0.731013
0.730806
0.731018
0.731019
0.731097
0.731364
0.731099
0.731361
0.731103
0.731368
0.731365
0.731563
0.73156
0.731562
0.731474
0.731559
0.731563
0.731471
0.731566
0.731561
41.9524
40.0187
35.8951
9.18724
5.85318
39.4253
30.7759
47.292
12.8452
5.43131
1.30845
46.2939
0.975984
67.8387
0.850315
245.001
245.001
238.203
0.689543
56.9121
22.6602
0.905139
0.915388
267.016
267.016
267.097
0.893139
90.2155
90.2196
1.16828
1.13259
0.951513
0.968981
1.80492
1.46566
1.28156
0.969377
0.970178
0.925997
0.934925
0.901278
1.23981
1.00002
0.809859
0.937587
0.838715
0.802811
0.778228
0.788343
0.786329
0.961061
0.963565
3.42911
2.53325
2.09918
0.752933
0.747497
0.750126
0.744166
8.28504
10.562
4.2254
3.33533
3.20996
0.846294
1.43681
2.25909
4.40962
2.43005
9.54495
6.59949
9.61383
1.8617
0.901526
0.818111
0.774615
0.768401
1.02544
7.46862
10.001
13.5811
11.4637
11.2738
14.866
15.0565
7.65381
0.731565
0.731661
0.731661
0.731561
0.731796
0.731658
0.731664
0.731768
0.731558
0.731668
0.731796
0.731665
0.731759
0.73169
0.731558
0.731698
0.731562
0.731801
0.731667
0.731778
0.731806
0.73167
0.731556
0.73156
0.731768
0.731802
0.731675
0.731807
0.731676
0.731563
0.73147
0.731566
0.731806
0.73167
0.731801
0.731668
0.731778
0.731559
0.731561
0.731556
0.731807
0.731677
0.731769
0.731765
0.731695
0.731802
0.731676
0.731568
0.731663
0.731663
0.731566
0.731564
0.731766
0.731769
0.731796
0.73166
0.731666
0.731475
0.731563
0.731562
0.731764
0.73176
0.731692
0.73167
0.731796
0.731667
0.731699
2.68965
62.4265
67.6511
49.8056
15.8408
15.4257
15.4089
75.6308
107.641
81.0022
125.203
1.05581
0.970337
0.964563
0.631463
0.870977
0.77533
0.980383
0.958281
0.955815
0.911262
0.922435
0.916326
0.772152
0.785308
0.767474
0.786069
0.759107
0.778979
0.773448
0.885086
13.2809
0.781168
0.779066
1.49352
0.750251
0.752533
1.33582
8.21305
8.21214
13.2837
0.743042
0.753589
14.1656
0.772651
1.01399
1.11666
5.55495
3.65856
13.2841
0.781824
0.937289
1.79444
9.41567
9.4159
0.754808
0.692861
0.718856
6.27844
2.86076
1.68903
6.80743
8.86204
7.48114
0.779103
0.883299
0.936888
4.21267
1.39958
0.749642
1.11557
2.79576
1.45484
1.48182
1.54081
2.0414
7.73552
0.96278
0.751786
1.84075
0.793318
0.766094
4.33164
5.5561
5.91828
1.48579
0.755362
0.779042
7.81855
2.01469
2.14057
1.26299
3.61876
7.39026
5.33764
1.09182
1.58431
1.57517
2.13744
1.82284
3.44058
4.77167
1.68172
0.780638
3.65816
3.49623
10.4059
0.785791
0.742564
0.746086
0.738061
0.738714
0.735452
0.880854
0.738591
1.19972
0.735188
0.736852
1.95866
0.799848
0.984372
0.735176
0.740133
0.739752
0.740391
0.826135
0.823346
0.739856
0.745647
0.735198
0.735325
0.787187
0.790128
0.756551
0.73567
0.735248
0.734763
0.734898
0.734808
0.735141
0.734599
0.734657
0.734572
0.73492
0.734806
0.734323
0.734487
0.734377
0.734697
0.734081
0.734185
0.733956
0.734388
0.734253
0.73392
0.734028
0.733929
0.73414
0.733728
0.733763
0.733647
0.733853
0.73374
0.733607
0.733636
0.733563
0.733626
0.733422
0.733402
0.733393
0.733413
0.733333
0.733351
0.733337
0.733282
0.733233
0.733181
0.733153
0.733169
0.733121
0.733084
0.733137
0.733118
0.733085
0.733018
0.733097
0.733089
0.733085
0.73304
0.733056
0.733068
0.733034
0.73304
0.73302
0.733102
0.733105
0.73309
0.733096
0.733099
0.733079
0.733061
0.733062
0.733073
0.732912
0.732909
0.73291
0.732973
0.732899
0.732901
0.732941
0.732879
0.732876
0.732428
0.732415
0.732439
0.732533
0.732394
0.732435
0.73254
0.732414
0.732387
0.731839
0.731826
0.731862
0.731943
0.731809
0.731867
0.731984
0.731858
0.731824
0.731391
0.731377
0.73142
0.731453
0.731367
0.731431
0.731513
0.73143
0.731395
0.731175
0.731159
0.731204
0.731183
0.731153
0.731217
0.731248
0.731217
0.731181
0.731186
0.731175
0.731203
0.731146
0.731172
0.731212
0.731197
0.731213
0.731191
0.731366
0.731368
0.731363
0.73131
0.731372
0.731364
0.731316
0.731367
0.731373
0.731631
0.731641
0.731616
0.731577
0.731647
0.73161
0.731544
0.731611
0.731633
0.731879
0.731884
0.73187
0.731834
0.731885
0.731864
0.731803
0.73186
0.731871
0.73199
0.731983
0.731994
0.731972
0.731975
0.731991
0.731971
0.731981
0.731969
0.731844
0.731831
0.73186
0.731879
0.731816
0.731861
0.731907
0.731848
0.731818
0.73143
0.731416
0.731449
0.731523
0.731402
0.731452
0.731563
0.731441
0.731409
0.730862
0.730853
0.730876
0.730989
0.730845
0.730881
0.731024
0.730877
0.730855
0.730308
0.730305
0.730316
0.730432
0.730306
0.730321
0.730453
0.730324
0.730316
0.729907
0.72991
0.729907
0.729995
0.729917
0.729911
0.730001
0.729919
0.729924
0.729731
0.729737
0.729725
0.729767
0.729746
0.729727
0.72976
0.729735
0.72975
0.729777
0.729784
0.729766
0.729766
0.729792
0.729765
0.729746
0.729771
0.729788
0.729959
0.729965
0.729946
0.729921
0.729971
0.729942
0.729895
0.729943
0.72996
0.730154
0.730159
0.73014
0.730118
0.73016
0.730135
0.730091
0.730134
0.730147
0.73028
0.730283
0.73027
0.730261
0.730284
0.730266
0.73024
0.730264
0.730273
0.73034
0.730342
0.730336
0.730333
0.730342
0.730333
0.730321
0.730333
0.730338
0.730387
0.730388
0.730387
0.730376
0.730389
0.730387
0.730374
0.730388
0.730389
0.730473
0.730473
0.730476
0.730448
0.730475
0.730477
0.730453
0.730479
0.730479
0.730627
0.730627
0.73063
0.730586
0.73063
0.730632
0.730591
0.730635
0.730635
0.730862
0.730862
0.730865
0.730803
0.730866
0.730867
0.730807
0.730871
0.730871
0.731178
0.731177
0.73118
0.731102
0.73118
0.731182
0.731104
0.731185
0.731184
0.772193
0.785454
0.772356
0.781818
0.777485
0.787867
0.782826
0.784921
0.771746
0.777319
0.822754
0.764285
0.776357
0.788488
0.785857
0.749353
0.747941
0.752598
0.748366
0.784658
0.791681
0.791253
0.793088
0.787029
3.04443
13.6768
3.36043
12.7789
14.0407
13.6759
0.782238
0.793963
1.8717
7.66741
8.37581
14.8566
11.4655
14.5915
15.3963
11.4677
11.4676
11.8681
15.3957
13.2842
0.799946
0.816527
0.781751
0.777065
0.777855
0.779286
0.776859
0.775704
0.758087
0.762924
0.752741
0.752506
2.85574
5.81409
11.3172
0.758322
0.742695
0.751751
0.898542
0.944379
11.4741
11.8791
9.86447
9.86193
4.44566
10.483
4.0439
14.0104
13.5427
10.482
8.18974
10.1603
11.4867
5.19052
11.3786
7.7836
11.4669
12.0863
12.0892
11.4692
11.4671
11.4013
12.0901
13.2829
1.20189
1.16406
0.747399
0.731858
0.736765
0.757766
0.75282
0.760063
0.868012
0.764551
0.764927
0.923827
8.21518
4.39072
1.86672
2.31099
8.06439
8.80571
9.4176
1.13411
0.92289
1.1436
1.12383
0.949989
3.77245
10.4753
2.82153
10.5057
13.7526
9.49551
2.38346
0.982338
4.94562
9.40075
2.34021
6.68556
11.4709
11.6747
12.0941
11.4725
11.4715
12.0933
12.0951
13.2837
1.12039
4.86413
0.765906
1.1496
1.02257
2.61419
1.81045
6.16841
12.7906
12.7858
10.39
10.393
1.07538
6.80598
2.37983
9.41862
7.07164
5.42757
2.38843
0.839174
0.755991
0.864111
2.28783
2.19693
0.743605
1.10734
0.689554
0.824815
0.87424
0.707789
0.781479
0.925841
0.676341
0.728929
0.690795
0.678816
10.6798
10.5224
12.1035
1.48107
5.01248
4.73476
7.51754
2.03686
0.913128
0.95169
3.83324
3.23094
2.58077
3.71719
0.982482
1.44506
1.09911
1.7227
7.12342
3.78342
5.14831
5.73085
5.33945
5.88871
5.21326
5.89124
5.51778
0.981118
0.818313
1.10246
2.42637
2.42656
1.20418
4.87722
2.66914
9.34319
9.3425
12.9415
1.84827
2.29561
0.739686
0.737432
0.764261
0.716075
1.68133
0.96864
0.915433
7.4847
4.75754
2.12583
2.73886
7.73039
2.95518
3.33375
0.919247
1.2616
0.884079
0.758493
0.750869
0.757012
0.768872
0.778979
0.862796
0.806074
2.5925
0.960704
1.53213
5.90156
4.14369
5.37475
5.37404
0.857309
3.67937
0.983801
1.48493
1.7876
1.33416
8.08528
0.886698
3.00725
6.40102
3.14667
3.75481
3.75551
1.01356
0.744499
1.34734
0.798242
7.4874
7.49403
7.49298
7.50277
7.49161
7.49862
7.49625
7.74021
3.73003
3.73219
0.795788
0.893529
0.772966
0.753604
0.762597
0.764952
0.786951
0.766163
0.778556
0.765671
0.789568
2.77965
0.831461
0.759313
0.993798
0.945995
0.932918
4.84942
2.1664
4.17545
2.88893
3.3102
2.93848
1.31414
4.97181
5.17297
1.75276
6.08463
3.14961
1.62093
7.12231
1.82906
7.46013
5.89012
4.81631
3.14771
6.06649
1.93787
1.61253
0.991153
1.52491
1.14561
3.73901
2.92254
0.755189
0.756529
0.773025
0.865781
0.790239
1.20912
2.70481
2.07414
1.76978
2.12841
4.53244
7.82354
7.81514
2.13985
1.66884
1.90275
1.19376
1.33587
3.63146
5.11088
5.09545
5.09353
0.87092
2.69551
0.744073
0.844486
1.74809
1.07188
6.26634
6.26649
7.47191
3.5119
7.47148
2.53108
5.94928
7.41481
7.41188
1.69236
4.60363
6.5941
6.99752
3.54287
0.783692
1.09757
1.06619
0.873922
0.859222
3.98236
3.10722
3.98193
2.70406
2.70431
2.12511
2.12485
1.94832
8.44311
3.24951
0.878925
0.770098
0.793218
0.745653
3.87158
1.31437
1.40138
0.770438
1.18319
0.752501
0.785865
0.771881
0.824267
0.872635
0.861745
2.28822
0.98473
1.70678
0.926698
0.80696
0.754359
0.746098
0.746433
0.744211
0.735889
0.738914
0.738265
0.73746
0.758741
7.2625
7.26275
3.55953
3.65811
3.65795
2.5581
1.89554
1.19883
0.742352
0.814648
0.812715
0.743487
7.00208
10.4064
6.52744
0.734224
0.735268
0.734096
0.740189
0.749239
0.803202
0.771086
0.888113
0.756585
0.842941
0.802035
0.802961
0.735659
0.736655
0.754121
0.742933
0.743355
0.738802
0.748599
0.755597
0.81348
0.735137
0.737632
0.735165
0.735038
0.735084
0.735912
0.735036
0.735145
0.941079
0.770305
0.824527
0.745664
0.739897
0.733786
0.73421
0.733814
0.735788
0.734504
0.7335
0.734247
0.928106
0.813165
0.763843
0.785012
0.827644
0.82864
0.82521
2.40996
0.87259
1.03647
0.794493
1.32642
0.737559
0.735535
0.735703
0.735312
0.735282
0.735357
1.40188
1.28656
0.860775
0.75027
0.860176
0.74637
0.735158
0.735144
0.735155
0.73526
0.735236
0.735205
0.73522
0.735255
0.738449
0.740644
0.740089
0.741908
0.742227
0.740549
0.747191
0.751466
0.825941
0.774119
0.783687
0.810496
0.742632
0.743861
0.748573
0.748469
0.736656
0.736351
0.735492
0.73697
0.737631
0.735594
0.735
0.735344
0.73538
0.735372
0.735377
0.735312
0.735346
0.735369
0.735636
0.735186
0.735499
0.735193
0.735079
0.735105
0.735286
0.735224
0.735253
0.735228
0.735265
0.735195
0.735227
0.735313
0.753675
0.764412
0.79786
0.777631
0.772698
0.788837
0.746295
0.743344
0.735028
0.736114
0.736269
0.735186
0.752399
0.759485
0.747684
0.73524
0.735247
0.735158
0.735167
0.73474
0.734639
0.734631
0.734548
0.734644
0.735238
0.735221
0.735154
0.735002
0.735097
0.735135
0.734772
0.734672
0.734846
0.734876
0.734745
0.734774
0.735087
0.734993
0.735032
0.734884
0.734979
0.734888
0.734929
0.735047
0.735059
0.734354
0.734601
0.734407
0.734433
0.734682
0.734529
0.734556
0.734474
0.734594
0.734764
0.734637
0.734395
0.734266
0.734237
0.734824
0.734828
0.734683
0.734686
0.734322
0.73421
0.734207
0.734115
0.734212
0.734808
0.734788
0.734664
0.734477
0.734608
0.734645
0.734348
0.734231
0.734408
0.734432
0.734283
0.734304
0.734636
0.734542
0.73458
0.734366
0.734487
0.734404
0.734438
0.734555
0.734009
0.733916
0.734106
0.73398
0.734001
0.734202
0.734067
0.734081
0.733989
0.734097
0.734241
0.734111
0.733943
0.733863
0.733852
0.734253
0.73425
0.73411
0.734104
0.733915
0.733827
0.733822
0.73374
0.733818
0.734225
0.734211
0.734078
0.733906
0.734039
0.734065
0.733918
0.733818
0.733944
0.733958
0.733831
0.733841
0.734095
0.734029
0.734054
0.733839
0.733951
0.733899
0.733918
0.733999
0.733687
0.733613
0.733736
0.733642
0.733648
0.733765
0.733659
0.733659
0.733563
0.733652
0.733754
0.733639
0.733636
0.733578
0.733567
0.733725
0.733714
0.733602
0.73359
0.733599
0.733535
0.733525
0.733451
0.73351
0.733677
0.733666
0.733553
0.733424
0.733528
0.733542
0.733573
0.733494
0.73356
0.733562
0.733474
0.733471
0.733606
0.733581
0.733589
0.733403
0.733492
0.73348
0.733483
0.73351
0.733414
0.733346
0.733419
0.733348
0.733344
0.733393
0.733322
0.733311
0.733231
0.733294
0.733356
0.733271
0.733384
0.733327
0.733319
0.733312
0.733298
0.733227
0.733213
0.733338
0.733286
0.733275
0.733207
0.733257
0.733258
0.733249
0.733176
0.733101
0.733159
0.733167
0.7333
0.733237
0.733269
0.73326
0.733204
0.733194
0.733233
0.73324
0.733236
0.733102
0.733158
0.73317
0.733163
0.733156
0.733182
0.73314
0.733177
0.73314
0.733137
0.733142
0.733117
0.733108
0.733075
0.733093
0.733105
0.733072
0.733162
0.733129
0.733124
0.733066
0.733054
0.733036
0.733026
0.733128
0.733102
0.733094
0.733063
0.733082
0.733027
0.733021
0.733002
0.732994
0.732995
0.732998
0.7331
0.733069
0.733072
0.733062
0.733043
0.733036
0.733021
0.733035
0.733029
0.732997
0.733
0.733012
0.733006
0.732995
0.733093
0.733091
0.733096
0.733096
0.733097
0.733085
0.733093
0.73309
0.733101
0.733085
0.733067
0.733077
0.733082
0.733084
0.733081
0.733048
0.733043
0.733063
0.733058
0.733063
0.733068
0.733064
0.73307
0.733059
0.733028
0.733025
0.733046
0.733065
0.733039
0.733043
0.733048
0.733051
0.733035
0.733032
0.733041
0.733039
0.733019
0.733023
0.733021
0.733057
0.733035
0.733034
0.733034
0.733035
0.733096
0.733069
0.733103
0.733073
0.733074
0.733105
0.733075
0.733075
0.733045
0.733076
0.733101
0.733074
0.733087
0.733061
0.733059
0.733096
0.733094
0.733068
0.733066
0.733075
0.733051
0.733048
0.733019
0.733044
0.733087
0.733084
0.733059
0.733024
0.733053
0.733057
0.733066
0.733038
0.733059
0.733058
0.733029
0.733027
0.733068
0.73306
0.733062
0.733012
0.733039
0.73303
0.733033
0.733046
0.732912
0.732811
0.732912
0.732809
0.732808
0.732907
0.732802
0.732801
0.732685
0.732798
0.732901
0.732794
0.732909
0.732807
0.732805
0.732896
0.732894
0.732784
0.732782
0.732897
0.732797
0.732795
0.732689
0.73279
0.732887
0.732885
0.732775
0.73266
0.732771
0.732774
0.732884
0.732783
0.732874
0.732873
0.73277
0.732768
0.732874
0.732871
0.732871
0.732658
0.732765
0.732764
0.732764
0.732768
0.732434
0.732282
0.732425
0.732273
0.73227
0.732412
0.732259
0.732256
0.732106
0.732251
0.7324
0.732246
0.732439
0.732284
0.732284
0.732391
0.73239
0.732235
0.732233
0.732433
0.732282
0.73228
0.732143
0.732276
0.732386
0.732386
0.732231
0.732094
0.732233
0.732232
0.73242
0.732272
0.732409
0.732406
0.732259
0.732256
0.732391
0.732396
0.732394
0.732105
0.73224
0.732245
0.732243
0.732237
0.73185
0.731716
0.731836
0.731702
0.731699
0.731823
0.731689
0.731687
0.731569
0.731683
0.731813
0.731679
0.731864
0.731726
0.731728
0.731808
0.731808
0.731674
0.731674
0.731867
0.731733
0.731733
0.731624
0.731733
0.731811
0.731813
0.731678
0.731577
0.731685
0.731681
0.731862
0.731732
0.731854
0.731852
0.731723
0.731721
0.731833
0.731841
0.731838
0.731595
0.731701
0.73171
0.731707
0.731694
0.731405
0.731326
0.731387
0.73131
0.731307
0.731375
0.731296
0.731294
0.731233
0.731292
0.731368
0.73129
0.731423
0.731341
0.731345
0.731367
0.731368
0.731288
0.731289
0.731432
0.731353
0.731355
0.731299
0.731355
0.731376
0.731379
0.731297
0.731251
0.731307
0.731301
0.731432
0.731355
0.731428
0.731426
0.731351
0.731348
0.731405
0.731415
0.731411
0.73127
0.731326
0.731337
0.731333
0.731317
0.73119
0.731172
0.731171
0.731157
0.731153
0.731157
0.731142
0.73114
0.731136
0.731137
0.731153
0.731136
0.731208
0.731186
0.731189
0.731153
0.731155
0.731137
0.731138
0.731218
0.731197
0.731199
0.731193
0.7312
0.731163
0.731167
0.731147
0.731152
0.731156
0.73115
0.731219
0.731199
0.731214
0.731212
0.731195
0.731193
0.731189
0.7312
0.731196
0.731166
0.731172
0.731182
0.731178
0.731163
0.731195
0.731224
0.731183
0.731217
0.731216
0.731174
0.73121
0.731209
0.731254
0.731207
0.731172
0.731207
0.731206
0.731231
0.731233
0.731173
0.731174
0.731209
0.731211
0.731213
0.731238
0.731238
0.731274
0.731239
0.73118
0.731182
0.731216
0.731263
0.73122
0.731217
0.731215
0.731239
0.731211
0.731209
0.731238
0.731237
0.731195
0.731201
0.731199
0.731267
0.731226
0.731231
0.731229
0.731222
0.731365
0.731423
0.731366
0.731428
0.731429
0.731369
0.731433
0.731434
0.731505
0.731435
0.731371
0.731436
0.731363
0.731421
0.73142
0.731373
0.731373
0.731439
0.731439
0.731364
0.731419
0.731419
0.73148
0.731419
0.731373
0.731373
0.731439
0.731501
0.731436
0.731438
0.731367
0.731419
0.731367
0.731368
0.731423
0.731424
0.731371
0.731369
0.73137
0.731495
0.731431
0.731428
0.731429
0.731433
0.731624
0.731689
0.731633
0.731699
0.731701
0.731642
0.731708
0.731709
0.731776
0.731711
0.731647
0.731712
0.731614
0.731683
0.731681
0.731646
0.731646
0.731713
0.731712
0.731609
0.731676
0.731675
0.731741
0.731674
0.731641
0.731639
0.731707
0.731765
0.731702
0.731705
0.73161
0.731674
0.731613
0.731614
0.731678
0.73168
0.731628
0.731621
0.731624
0.731757
0.731693
0.731687
0.731689
0.731697
0.731876
0.731922
0.73188
0.731924
0.731925
0.731885
0.731926
0.731927
0.731958
0.731927
0.731886
0.731926
0.731869
0.731919
0.731917
0.731884
0.731882
0.731924
0.731923
0.731863
0.731913
0.731912
0.73195
0.73191
0.731877
0.731876
0.731919
0.731947
0.731915
0.731917
0.731861
0.731908
0.73186
0.731861
0.731907
0.731907
0.731868
0.731864
0.731866
0.731945
0.731911
0.731909
0.73191
0.731913
0.731993
0.731985
0.731988
0.73198
0.731978
0.731982
0.731971
0.731969
0.731937
0.731966
0.731977
0.731963
0.731994
0.731987
0.731987
0.731973
0.731972
0.731958
0.731957
0.73199
0.731985
0.731984
0.73196
0.731982
0.73197
0.731969
0.731956
0.731928
0.731956
0.731956
0.731985
0.731978
0.731978
0.731976
0.731971
0.731968
0.73197
0.731972
0.731971
0.731932
0.731958
0.731961
0.73196
0.731957
0.731853
0.731773
0.731841
0.731762
0.731759
0.731828
0.731748
0.731745
0.731644
0.731741
0.731819
0.731736
0.731861
0.731779
0.73178
0.731814
0.731813
0.731729
0.731728
0.73186
0.73178
0.73178
0.731683
0.731777
0.731813
0.731814
0.731728
0.731638
0.731731
0.731729
0.731852
0.731774
0.731843
0.73184
0.731763
0.73176
0.731823
0.731829
0.731826
0.731647
0.731742
0.731748
0.731746
0.731737
0.73144
0.731307
0.731427
0.731296
0.731293
0.731413
0.731282
0.73128
0.731136
0.731276
0.731404
0.731273
0.73145
0.731313
0.731314
0.7314
0.7314
0.731268
0.731267
0.731451
0.731316
0.731316
0.731174
0.731315
0.731401
0.731403
0.731269
0.731137
0.731273
0.73127
0.731445
0.731313
0.731437
0.731434
0.731304
0.731301
0.731415
0.731423
0.73142
0.731145
0.731283
0.73129
0.731288
0.731279
0.730869
0.730724
0.73086
0.730716
0.730715
0.730851
0.730708
0.730707
0.730564
0.730705
0.730845
0.730704
0.730878
0.730728
0.73073
0.730845
0.730845
0.730703
0.730704
0.730881
0.730733
0.730734
0.73059
0.730734
0.730848
0.73085
0.730707
0.730572
0.730711
0.730709
0.730879
0.730734
0.730875
0.730873
0.73073
0.730728
0.730859
0.730866
0.730863
0.730577
0.730717
0.730722
0.73072
0.730715
0.730311
0.730193
0.730308
0.73019
0.73019
0.730305
0.730189
0.730189
0.730084
0.730189
0.730304
0.730191
0.730317
0.730196
0.730197
0.730307
0.730308
0.730192
0.730193
0.730322
0.7302
0.730202
0.730093
0.730203
0.730312
0.730313
0.730197
0.730095
0.7302
0.730198
0.730323
0.730205
0.730324
0.730324
0.730205
0.730205
0.730319
0.730321
0.73032
0.730097
0.730203
0.730204
0.730204
0.730202
0.729906
0.72984
0.729907
0.729841
0.729842
0.729911
0.729845
0.729846
0.729797
0.729848
0.729914
0.729851
0.729908
0.72984
0.72984
0.729918
0.72992
0.729854
0.729856
0.729912
0.729843
0.729844
0.729792
0.729846
0.729923
0.729923
0.729859
0.729809
0.729859
0.729859
0.729916
0.729849
0.729921
0.729922
0.729853
0.729855
0.729925
0.729924
0.729924
0.729807
0.729859
0.729858
0.729859
0.72986
0.729727
0.72972
0.729732
0.729725
0.729726
0.729739
0.729731
0.729733
0.729741
0.729735
0.729744
0.729738
0.729725
0.729717
0.729717
0.729748
0.729749
0.729743
0.729744
0.729728
0.729718
0.729719
0.729724
0.729721
0.729751
0.729751
0.729745
0.729748
0.729744
0.729745
0.729732
0.729723
0.729738
0.72974
0.729729
0.729731
0.729748
0.729745
0.729746
0.729743
0.72974
0.729736
0.729738
0.729742
0.729771
0.729809
0.729778
0.729815
0.729817
0.729786
0.729822
0.729824
0.729869
0.729826
0.729791
0.729828
0.729765
0.729804
0.729803
0.729794
0.729794
0.729831
0.729831
0.729765
0.729802
0.729802
0.729844
0.729803
0.729793
0.729793
0.72983
0.729868
0.729827
0.729829
0.729769
0.729804
0.729773
0.729774
0.729809
0.72981
0.729784
0.72978
0.729782
0.72986
0.72982
0.729816
0.729817
0.729823
0.729953
0.730005
0.729961
0.730012
0.730014
0.729967
0.730018
0.730019
0.73007
0.73002
0.72997
0.730021
0.729945
0.729999
0.729998
0.72997
0.72997
0.730022
0.730021
0.729942
0.729995
0.729994
0.730042
0.729994
0.729967
0.729966
0.730018
0.730062
0.730014
0.730017
0.729943
0.729993
0.729945
0.729946
0.729996
0.729997
0.729955
0.72995
0.729952
0.730053
0.730006
0.730001
0.730003
0.730009
0.730148
0.730188
0.730156
0.730195
0.730196
0.73016
0.730199
0.7302
0.730233
0.7302
0.730161
0.7302
0.730139
0.730182
0.73018
0.730159
0.730159
0.730199
0.730198
0.730134
0.730177
0.730176
0.730209
0.730175
0.730155
0.730154
0.730195
0.730223
0.73019
0.730193
0.730134
0.730174
0.730134
0.730135
0.730175
0.730176
0.730142
0.730138
0.73014
0.730215
0.730183
0.730179
0.73018
0.730186
0.730276
0.730297
0.730281
0.730301
0.730302
0.730284
0.730304
0.730305
0.730319
0.730305
0.730285
0.730305
0.730269
0.730293
0.730292
0.730283
0.730282
0.730304
0.730303
0.730265
0.73029
0.730289
0.730304
0.730288
0.730279
0.730278
0.7303
0.730312
0.730297
0.730299
0.730264
0.730287
0.730264
0.730264
0.730288
0.730288
0.73027
0.730267
0.730268
0.730308
0.730292
0.73029
0.730291
0.730295
0.730338
0.730351
0.73034
0.730353
0.730353
0.730342
0.730354
0.730354
0.730363
0.730354
0.730343
0.730354
0.730335
0.73035
0.73035
0.730342
0.730341
0.730354
0.730354
0.730333
0.730349
0.730348
0.730358
0.730348
0.73034
0.730339
0.730353
0.730362
0.730351
0.730352
0.730333
0.730347
0.730333
0.730333
0.730348
0.730348
0.730336
0.730335
0.730335
0.730361
0.73035
0.730349
0.73035
0.730351
0.730388
0.730405
0.730387
0.730405
0.730405
0.730388
0.730406
0.730405
0.730424
0.730405
0.730388
0.730405
0.730387
0.730407
0.730407
0.730389
0.730389
0.730406
0.730406
0.730387
0.730407
0.730407
0.730426
0.730407
0.730389
0.730389
0.730407
0.730426
0.730407
0.730407
0.730388
0.730408
0.730389
0.730389
0.730408
0.730408
0.730389
0.730389
0.730389
0.730427
0.730408
0.730409
0.730408
0.730407
0.730475
0.730507
0.730473
0.730506
0.730506
0.730473
0.730506
0.730506
0.730541
0.730507
0.730474
0.730507
0.730476
0.730509
0.73051
0.730475
0.730475
0.730508
0.730509
0.730477
0.730511
0.730511
0.730547
0.730512
0.730476
0.730477
0.73051
0.730546
0.730511
0.73051
0.730479
0.730512
0.73048
0.73048
0.730513
0.730514
0.730479
0.73048
0.730479
0.730548
0.730513
0.730514
0.730513
0.730512
0.730629
0.730681
0.730627
0.73068
0.73068
0.730627
0.730681
0.730681
0.730735
0.730682
0.730629
0.730683
0.730631
0.730684
0.730684
0.730631
0.730631
0.730685
0.730686
0.730633
0.730686
0.730686
0.730741
0.730686
0.730632
0.730633
0.730687
0.730742
0.730688
0.730687
0.730635
0.730687
0.730636
0.730636
0.730689
0.73069
0.730636
0.730636
0.730636
0.730743
0.73069
0.73069
0.73069
0.730689
0.730864
0.730938
0.730861
0.730937
0.730937
0.730862
0.730938
0.730938
0.731011
0.73094
0.730865
0.73094
0.730866
0.73094
0.730941
0.730866
0.730867
0.730944
0.730944
0.730868
0.730943
0.730943
0.731017
0.730944
0.730868
0.730869
0.730946
0.731018
0.730947
0.730946
0.73087
0.730945
0.730871
0.730871
0.730947
0.730947
0.730871
0.730871
0.730871
0.731019
0.730948
0.730948
0.730948
0.730947
0.731179
0.731273
0.731177
0.731272
0.731273
0.731177
0.731274
0.731275
0.731361
0.731276
0.731179
0.731277
0.731181
0.731275
0.731275
0.73118
0.73118
0.731279
0.73128
0.731183
0.731276
0.731277
0.731366
0.731278
0.731182
0.731182
0.731281
0.731365
0.731282
0.731282
0.731185
0.731278
0.731185
0.731185
0.73128
0.73128
0.731184
0.731185
0.731185
0.731367
0.731282
0.731281
0.731282
0.731282
40.9017
40.9017
63.4653
31.0121
31.0122
31.0124
95.8757
93.9686
39.221
61.4668
77.6175
101.38
101.379
95.9413
101.379
22.8553
20.374
27.7541
41.7755
41.7754
11.3077
9.54438
41.7692
101.369
58.7318
28.6306
81.8712
50.9646
50.9648
50.9651
35.8874
39.4298
32.7433
13.7277
30.962
25.0356
25.0357
13.4908
17.3605
17.3606
17.3607
19.0448
20.8807
47.3224
10.7566
47.253
38.4862
16.6235
47.214
19.8498
33.7867
5.74122
1.58149
11.8721
11.8722
12.8282
3.22221
10.6591
7.33701
6.10564
6.10566
6.10571
4.48665
6.11388
10.1924
28.2063
4.64179
19.2122
34.7899
30.5705
48.2352
12.3171
12.3171
8.28411
1.31062
3.43115
9.62652
6.69558
0.934045
1.01694
62.1501
62.1503
62.1507
24.759
26.6274
67.8704
67.8553
49.0278
286.834
286.833
239.886
8.34122
3.73652
18.019
45.2048
26.9186
48.2357
244.156
244.157
245.032
129.32
9.67962
2.69369
238.236
238.237
238.238
0.789566
0.759285
67.8057
67.8057
61.6399
39.7714
39.7717
56.932
18.0049
11.4232
2.46065
23.2524
23.2525
23.2526
1.12186
1.72355
54.418
67.0009
3.20915
93.3569
93.3643
4.97022
5.1499
267.087
267.089
267.044
247.408
97.9613
115.322
167.851
167.85
83.3885
1.42327
1.78678
79.1612
57.5105
1.70276
3.27451
266.956
266.956
266.958
23.5377
63.7558
263.876
263.876
20.2586
90.2369
90.2444
2.00813
4.27496
0.830709
2.69251
0.909928
0.887178
11.4049
22.1314
2.98721
24.9461
4.17336
44.0639
0.631505
1.08061
0.868566
0.852209
4.50942
0.829336
3.70459
0.851089
0.907192
0.875865
0.979817
1.12157
1.01153
1.16251
0.731761
0.73174
0.731761
0.731741
70.1266
48.224
113.738
200.549
8.18048
11.6098
5.16842
17.915
30.0408
33.6447
10.3588
1.21042
14.7782
5.80282
2.64708
2.64511
9.95026
0.979906
91.9904
107.621
75.716
30.3064
34.9729
56.7757
40.3906
1.21716
1.62337
0.605574
0.583538
0.65431
0.568854
0.981433
2.50377
0.93849
0.937147
0.60862
0.809215
0.665751
0.72151
0.665117
0.813503
0.737391
0.704173
0.916679
0.920889
3.73642
1.34446
0.886823
0.86727
0.887795
0.896451
0.865906
0.969391
0.971968
0.953144
0.920119
0.909684
0.952248
0.910083
0.888559
0.899758
84.2674
144.139
19.1317
87.479
82.9664
31.0191
19.47
20.5815
14.2074
28.6969
21.0158
31.9906
5.16235
6.50098
7.70642
2.08488
2.03236
32.7572
18.2711
49.2549
7.94521
24.8949
5.87447
6.10896
0.675869
0.856826
2.62123
4.49995
1.62979
2.1797
0.877706
2.28337
20.8494
62.2062
30.3797
16.5205
36.8297
150.885
49.1402
0.796868
0.817721
0.771625
0.712387
67.825
66.8678
5.6032
13.9186
5.64149
0.922606
0.939939
0.969163
0.89976
108.528
267.051
192.842
0.938265
0.894885
0.904512
0.877302
0.896008
245.143
267.01
0.731807
0.731807
0.731757
0.731756
0.731769
0.731768
0.731737
0.73174
0.731807
0.731807
0.731756
0.731756
0.731768
0.731766
0.731735
0.731736
0.731809
0.731809
0.731754
0.731756
0.731777
0.731741
0.731751
0.73181
0.73181
0.731755
0.731756
0.731778
0.731742
0.73175
0.731809
0.731809
0.731754
0.731756
0.731741
0.731751
0.73181
0.73181
0.731755
0.731756
0.731742
0.73175
0.731808
0.731808
0.731758
0.731757
0.73177
0.731767
0.731738
0.731741
0.731807
0.731807
0.731757
0.731757
0.731769
0.731767
0.731736
0.731738
0.731768
0.73177
0.731794
0.731768
0.731763
0.731758
0.731752
0.731759
0.731759
0.731758
0.731752
0.731759
0.731769
0.731794
0.731769
0.731764
0.795489
16.2314
0.781689
0.836464
0.782101
0.81188
0.765223
6.91535
0.75792
0.781978
2.96286
0.79801
0.745834
3.6201
0.750316
3.4558
0.762338
0.78838
0.793387
6.62115
3.82246
0.872172
0.895619
3.54455
0.738101
0.741002
0.805324
0.7361
0.734892
0.734428
0.734266
0.734012
0.733845
0.73368
0.733484
0.73342
0.733207
0.733189
0.733089
0.733072
0.733104
0.73308
0.73298
0.732967
0.732555
0.732563
0.731965
0.731996
0.731467
0.731513
0.731193
0.731246
0.731154
0.731194
0.731308
0.731313
0.731569
0.731544
0.73183
0.731807
0.731979
0.73198
0.731897
0.731921
0.731543
0.731574
0.731001
0.731028
0.730434
0.73045
0.729989
0.729993
0.729757
0.72975
0.729754
0.729738
0.729914
0.729893
0.730115
0.730093
0.730261
0.730243
0.730332
0.730323
0.730376
0.730375
0.730448
0.730451
0.730583
0.730588
0.730799
0.730803
0.731097
0.7311
0.731466
0.731468
41.9528
16.8013
101.377
30.7761
1.84974
1.10759
12.8453
0.675922
15.0509
5.80141
9.62298
9.76322
5.16637
56.9126
146.561
0.884276
0.935474
0.917714
0.713256
1.01153
1.16251
0.807846
0.782824
0.778341
11.3125
1.48031
0.719556
0.759619
1.40374
0.754136
1.07157
0.798704
6.65857
0.936597
13.076
0.731465
0.731468
0.731473
0.731474
0.73147
0.731471
53.2399
41.6066
72.954
62.1246
19.4471
20.3685
8.08386
35.8954
10.3971
1.46916
39.4256
2.59515
5.17414
26.8073
16.48
50.1508
5.36496
44.8638
8.13732
5.43136
2.70172
9.74744
46.2943
38.6318
11.28
6.88323
67.8392
180.24
15.1769
117.248
49.3242
14.69
245.002
238.204
33.6695
22.6604
21.0181
85.1492
205.254
73.2287
22.6078
267.017
186.935
39.3586
267.099
67.6509
65.8723
107.658
144.121
36.9965
113.738
107.621
200.549
15.3924
4.83277
2.86231
1.23129
9.95026
0.979906
2.69508
3.73642
1.34446
6.73056
2.85483
2.23821
1.21064
0.944173
0.887659
0.776457
0.820399
3.97377
5.271
1.66356
3.25938
1.10657
0.771865
0.783864
1.56001
66.4732
4.51982
4.42834
8.10901
91.484
3.57577
15.0054
14.735
39.7161
39.694
38.253
39.7181
1.12823
4.96124
0.957406
16.3694
0.988265
0.785794
0.768015
3.53417
2.2219
18.6347
7.65846
1.97354
1.87969
5.31365
0.776694
0.786561
0.783202
0.890716
0.802785
0.74875
1.47173
0.800923
1.01429
2.52486
10.1919
12.8126
15.1407
6.86241
0.78619
0.776026
0.775403
0.828299
16.0675
3.12367
7.40185
16.0537
4.28414
4.68128
8.72374
12.0802
12.0875
10.8025
0.766943
0.744495
0.750987
12.7241
0.769853
9.26282
9.07169
0.821433
4.83437
4.34786
12.0816
9.28474
11.2773
12.0995
0.752226
4.65606
2.61316
0.775765
0.971654
6.78877
0.828676
0.766264
2.45326
0.700275
4.70748
0.692708
10.3154
0.8271
4.6583
0.861554
0.760767
1.21064
4.52653
1.23902
1.34699
1.98163
0.730653
1.21956
0.748563
0.865186
0.758398
1.99298
0.773896
0.757641
0.749502
4.57775
2.28956
1.23777
4.61746
4.48967
1.02228
1.89849
0.995721
1.81077
3.09221
5.6757
0.754907
0.752642
0.756499
1.34821
0.757926
4.61836
1.1701
0.758695
4.18099
1.39296
0.932033
6.33925
3.11695
2.26856
0.756436
0.917982
0.78707
0.874748
7.81801
1.17185
0.766646
7.21928
0.884608
0.737191
7.30493
1.02368
7.08754
1.86254
0.924479
1.08776
2.67356
6.79805
2.91864
0.746369
0.736057
0.864351
0.736653
0.748091
0.844676
0.73636
0.830717
0.736952
2.59902
2.10816
1.48767
2.58324
3.06002
0.739587
0.835627
3.42001
0.768938
0.826767
0.737433
0.806371
0.738847
0.754767
1.09071
0.73648
0.736135
2.44341
0.739435
0.839285
0.742921
0.740173
0.796904
0.735927
0.757189
0.735304
0.739649
0.735212
0.738582
0.750789
0.754831
0.740933
0.750956
0.736294
0.735358
0.7398
0.735472
0.735353
0.735207
0.735071
0.735223
0.735111
0.778698
0.739792
0.73724
0.744572
0.734866
0.735315
0.735074
0.734555
0.735313
0.735065
0.734997
0.734702
0.73504
0.734745
0.735011
0.734351
0.734385
0.734486
0.734126
0.734956
0.734541
0.734116
0.734947
0.734533
0.734579
0.734217
0.734621
0.734251
0.734235
0.733931
0.73395
0.73402
0.733768
0.73439
0.73396
0.733758
0.734382
0.73395
0.734088
0.73376
0.734116
0.733775
0.733832
0.733575
0.733573
0.73369
0.733499
0.733823
0.733474
0.733486
0.733811
0.73346
0.733653
0.733398
0.733663
0.733396
0.733488
0.733277
0.733266
0.733432
0.733256
0.733369
0.733138
0.733243
0.733354
0.733126
0.733318
0.733135
0.733312
0.733124
0.733216
0.733109
0.733104
0.733199
0.733094
0.733079
0.733013
0.733087
0.733068
0.733006
0.733085
0.73302
0.733074
0.733014
0.733093
0.733109
0.733109
0.733077
0.733088
0.733015
0.73308
0.733084
0.733009
0.733077
0.733017
0.733055
0.733012
0.733054
0.733104
0.733046
0.733046
0.733082
0.733032
0.733085
0.733035
0.733029
0.733081
0.733033
0.733053
0.733003
0.733053
0.733003
0.732981
0.732697
0.732694
0.73297
0.732702
0.732965
0.732667
0.7327
0.732963
0.732665
0.732936
0.732664
0.732936
0.732662
0.732559
0.732122
0.732118
0.732565
0.732148
0.732524
0.732091
0.732147
0.732523
0.732091
0.732528
0.73212
0.732525
0.732116
0.731968
0.731582
0.731578
0.731995
0.73162
0.73194
0.731563
0.731622
0.73194
0.731565
0.731973
0.731611
0.731969
0.731608
0.731471
0.731245
0.731241
0.731511
0.731291
0.731455
0.731234
0.731294
0.731457
0.731237
0.731505
0.731288
0.731502
0.731284
0.731197
0.731147
0.731143
0.731243
0.731186
0.731187
0.731139
0.731188
0.73119
0.731142
0.73124
0.731184
0.731236
0.73118
0.731157
0.731257
0.731256
0.731192
0.73127
0.731151
0.731258
0.731271
0.731153
0.731259
0.73119
0.731272
0.731186
0.731271
0.731308
0.731498
0.7315
0.731313
0.73148
0.731313
0.731507
0.73148
0.731314
0.731506
0.731317
0.731487
0.731317
0.731488
0.731567
0.731768
0.731771
0.731545
0.731746
0.731576
0.731773
0.731745
0.731575
0.731771
0.731551
0.731746
0.731553
0.731749
0.731828
0.73196
0.731959
0.731809
0.731956
0.73183
0.731952
0.731954
0.731828
0.731951
0.731807
0.731944
0.731808
0.731944
0.73198
0.731948
0.731945
0.731981
0.731965
0.731968
0.731927
0.731964
0.731967
0.731927
0.731966
0.731941
0.731965
0.731938
0.7319
0.731659
0.731655
0.731921
0.731686
0.731875
0.731633
0.731687
0.731875
0.731633
0.731896
0.731662
0.731893
0.731658
0.731547
0.731149
0.731146
0.731574
0.731175
0.73152
0.73113
0.731176
0.731521
0.731131
0.731551
0.731159
0.731547
0.731156
0.731004
0.73057
0.730569
0.731027
0.730588
0.730989
0.730567
0.730589
0.730989
0.730568
0.731015
0.730586
0.731013
0.730584
0.730435
0.730082
0.730082
0.730449
0.730089
0.730435
0.73009
0.73009
0.730436
0.730091
0.73045
0.730098
0.730449
0.730098
0.729989
0.729791
0.729792
0.729992
0.729787
0.729999
0.729807
0.729788
0.73
0.729808
0.730004
0.729803
0.730004
0.729804
0.729756
0.729733
0.729735
0.729749
0.729721
0.729772
0.729749
0.729721
0.729773
0.729749
0.729766
0.729735
0.729767
0.729737
0.729752
0.729862
0.729864
0.729738
0.729845
0.729768
0.729873
0.729844
0.729768
0.729872
0.729751
0.729852
0.729753
0.729854
0.729912
0.730065
0.730066
0.729894
0.730045
0.729921
0.730069
0.730044
0.72992
0.730068
0.729899
0.730045
0.729901
0.730047
0.730114
0.73023
0.730231
0.730095
0.730212
0.730116
0.730229
0.730211
0.730115
0.730228
0.730094
0.73021
0.730095
0.730211
0.73026
0.730317
0.730317
0.730244
0.730307
0.730259
0.730316
0.730306
0.730258
0.730315
0.730242
0.730304
0.730242
0.730305
0.730332
0.730362
0.730362
0.730324
0.730359
0.730331
0.730363
0.730359
0.730331
0.730363
0.730322
0.730359
0.730323
0.73036
0.730376
0.730423
0.730423
0.730375
0.730425
0.730376
0.730425
0.730425
0.730376
0.730425
0.730375
0.730427
0.730375
0.730427
0.730448
0.73054
0.73054
0.730451
0.730545
0.73045
0.730544
0.730545
0.73045
0.730544
0.730454
0.730548
0.730454
0.730548
0.730583
0.730733
0.730733
0.730588
0.730738
0.730588
0.730739
0.730739
0.730588
0.730739
0.730592
0.730744
0.730592
0.730744
0.730798
0.73101
0.73101
0.730803
0.731014
0.730805
0.731015
0.731015
0.730806
0.731015
0.730809
0.731019
0.730809
0.731019
0.731096
0.731362
0.731361
0.7311
0.731364
0.731104
0.731363
0.731365
0.731104
0.731364
0.731105
0.731367
0.731106
0.731367
0.731463
0.731467
0.731465
0.731562
0.731468
0.731467
0.731467
0.731564
0.731477
0.731561
105.234
107.682
20.3684
19.1317
50.1503
87.479
62.1109
5.29342
17.5728
7.03515
20.3684
8.67281
2.82889
46.0453
3.17853
39.4253
3.05117
32.7572
12.8452
18.2711
43.3828
1.00101
4.65408
3.03976
50.1503
0.851162
0.729912
0.676224
0.942427
15.7035
2.42059
2.65897
6.88265
4.63085
67.8387
4.71011
0.948353
0.954859
67.825
56.9121
66.8678
16.3243
4.21422
11.7959
34.8295
0.905905
0.918835
245.143
267.01
11.8771
15.8771
37.3922
2.55777
108.56
48.0002
99.6442
104.954
0.59998
0.602367
0.63269
0.563357
0.545928
0.575194
0.570142
0.549081
0.893589
0.90797
0.910735
0.894534
0.897305
0.907663
0.903173
0.89666
41.7758
33.5235
11.3078
87.8703
101.37
58.7323
1.02338
1.39549
0.877645
0.796494
1.45063
1.4941
0.935374
2.08716
1.25658
1.70839
1.43145
2.07439
0.86068
0.914033
0.687169
0.704552
1.01706
1.13565
1.33059
0.848287
0.69512
0.68065
0.776691
0.719116
6.79214
12.3172
8.28418
5.18481
9.62661
6.69565
1.11675
0.87256
1.46597
1.10879
3.21101
2.58537
4.65009
2.09854
2.82891
5.11865
1.59167
2.09603
1.76909
5.17309
2.14039
0.789678
6.61997
10.2092
4.15586
4.28923
13.5814
10.6826
9.91932
5.45371
245.167
263.906
263.878
38.3712
30.2244
20.0516
38.3742
0.980485
0.974513
0.933859
0.82591
0.93201
0.925144
1.21375
1.24133
1.61153
1.00609
1.30845
0.882086
0.771076
0.811507
0.779074
0.949743
0.778783
0.799014
0.791976
0.833746
0.852636
0.774373
0.781947
0.794129
0.792349
0.828306
0.880681
5.13514
5.70077
1.42721
2.96867
1.35123
0.722925
0.723664
0.76496
0.750027
0.75452
0.749593
19.4226
3.30843
1.2945
1.19883
1.18016
0.964166
0.765084
1.04114
2.49282
11.7432
0.769871
0.787926
0.974524
0.830067
1.34043
0.771925
3.55238
1.96935
1.98798
4.59353
2.87075
9.58677
15.114
15.0458
0.731563
0.731564
0.731676
0.731677
0.731463
0.731563
0.731766
0.73179
0.731775
0.731673
0.731467
0.731471
0.731559
0.731675
0.731763
0.731746
0.731726
0.731764
0.731694
0.731466
0.731564
0.731779
0.731759
0.731676
0.731472
0.731472
0.731562
0.731682
0.731468
0.731676
0.731779
0.731677
0.731473
0.731561
0.731474
0.731682
0.731771
0.731758
0.731678
0.731758
0.731468
0.731469
0.731566
0.731791
0.731676
0.731471
0.731566
0.731472
0.731677
0.731747
26.5247
87.4625
40.9021
39.2213
34.3291
61.4673
34.2428
101.38
101.38
25.0103
18.2542
25.0359
47.2535
32.3326
38.4866
16.4748
19.8499
33.787
10.1925
3.88118
28.2065
7.81448
19.2124
34.7902
114.024
286.835
239.887
49.1207
18.0192
45.2052
67.8643
66.885
67.8063
52.5894
54.4185
67.0015
93.337
93.3577
93.365
57.7143
167.852
83.3892
25.7202
79.1619
57.511
57.7746
144.108
2.80645
2.68921
1.61572
3.69049
1.22856
76.0751
40.8715
122.546
0.646482
0.742059
0.67868
0.699589
0.569365
0.562922
0.675131
0.988211
0.938702
0.889525
0.908692
0.951384
0.902022
0.903644
0.905415
0.766828
0.756559
0.784938
0.782717
0.847326
0.8527
0.808191
0.770961
12.684
11.4609
14.0375
0.781883
0.794966
0.780108
0.780187
0.83499
0.80548
0.799667
3.20095
12.3307
11.467
12.7041
0.757439
0.782216
0.76093
0.752188
16.1033
5.91297
4.99119
1.51941
14.0079
11.4701
14.0025
0.734051
0.730552
0.769646
0.815524
0.788219
0.8866
0.812445
0.768173
5.64465
11.4735
2.22639
1.11658
1.87177
2.92318
2.37067
6.80663
4.23084
0.760747
0.888508
1.50007
1.04278
5.48743
1.66495
2.89828
0.746532
0.748153
1.8715
1.31249
1.06644
4.2203
9.34529
7.48518
9.34879
1.02562
2.7776
0.75101
0.750636
1.3314
2.58898
4.84844
1.93272
1.25404
7.51099
0.838085
0.776545
1.7481
0.77133
0.770262
7.03185
4.95389
0.799322
1.20016
5.17412
5.55769
4.10848
1.04983
0.760839
0.980166
0.861671
6.15596
2.03852
6.40042
3.39431
0.779563
0.813789
0.873449
2.1933
1.86473
3.98176
3.82231
10.4048
9.46021
0.749467
0.798668
0.759753
0.735285
0.741003
1.67083
1.69718
0.789524
0.751016
2.56711
1.80914
3.54476
1.5201
0.735325
0.735109
0.735237
0.73867
0.738608
0.73751
0.739679
0.737481
0.73861
0.738786
0.745021
0.735349
0.735293
0.735355
0.754343
0.753064
0.830291
0.798945
0.749263
0.750768
0.734927
0.734987
0.735259
0.735155
0.735192
0.735739
0.737283
0.734839
0.734633
0.737308
0.73719
0.734423
0.734326
0.734874
0.734749
0.734758
0.734179
0.73414
0.734293
0.73416
0.734042
0.734061
0.734007
0.733924
0.734323
0.734215
0.734186
0.733805
0.733782
0.733856
0.733755
0.733712
0.733729
0.733671
0.733615
0.733771
0.733708
0.733649
0.73349
0.733484
0.733479
0.733407
0.733451
0.733462
0.733408
0.733361
0.733321
0.733308
0.733239
0.733227
0.733229
0.733197
0.733163
0.733215
0.733222
0.733179
0.733146
0.733048
0.733052
0.733017
0.733097
0.733097
0.733084
0.733093
0.733086
0.733091
0.733066
0.733073
0.732999
0.733001
0.733021
0.733103
0.733102
0.733104
0.733105
0.733089
0.733094
0.733076
0.733081
0.733073
0.733063
0.733079
0.732981
0.732981
0.73298
0.73291
0.732975
0.732977
0.732964
0.732904
0.732954
0.732942
0.732882
0.732564
0.732566
0.732552
0.732419
0.732567
0.732568
0.732561
0.732437
0.73252
0.73252
0.732386
0.731975
0.73198
0.731961
0.731829
0.731993
0.731989
0.731996
0.731867
0.731946
0.731957
0.731817
0.731477
0.731483
0.731464
0.73138
0.731505
0.731499
0.731515
0.731429
0.731469
0.731487
0.731386
0.731205
0.731212
0.73119
0.731163
0.731236
0.731229
0.731248
0.731215
0.731203
0.731221
0.731173
0.731164
0.731169
0.731151
0.731177
0.731186
0.731182
0.731196
0.73121
0.731163
0.731175
0.731186
0.731309
0.731309
0.731308
0.731368
0.731312
0.731311
0.731314
0.731364
0.731315
0.731316
0.731373
0.731562
0.731559
0.731571
0.731638
0.731548
0.731551
0.731543
0.731611
0.731569
0.731561
0.731636
0.731824
0.731821
0.731831
0.731883
0.731812
0.731815
0.731806
0.731865
0.731822
0.731815
0.731874
0.731981
0.731982
0.731978
0.731985
0.731983
0.731983
0.731979
0.731992
0.731965
0.731964
0.731969
0.731906
0.73191
0.731894
0.731834
0.73192
0.731918
0.73192
0.731861
0.731877
0.731884
0.731816
0.731554
0.731559
0.731539
0.731419
0.731572
0.731569
0.731574
0.731452
0.731525
0.731536
0.731405
0.73101
0.731014
0.730998
0.730855
0.731024
0.731022
0.731029
0.73088
0.730995
0.731003
0.730852
0.730437
0.73044
0.730433
0.730306
0.730446
0.730444
0.730451
0.73032
0.73044
0.730445
0.730315
0.729988
0.729988
0.72999
0.729909
0.72999
0.729989
0.729994
0.72991
0.730003
0.730005
0.729924
0.729753
0.729751
0.729759
0.729735
0.729749
0.729749
0.729751
0.729726
0.729773
0.729771
0.729751
0.729749
0.729746
0.729756
0.729782
0.729739
0.729741
0.729739
0.729765
0.729766
0.729759
0.729791
0.729909
0.729906
0.729915
0.729964
0.729896
0.729899
0.729893
0.729943
0.729915
0.729908
0.729964
0.730111
0.730109
0.730116
0.730158
0.730098
0.730101
0.730092
0.730136
0.730109
0.730101
0.730151
0.730258
0.730256
0.730262
0.730283
0.730247
0.730249
0.730242
0.730267
0.730253
0.730246
0.730276
0.730331
0.730329
0.730333
0.730341
0.730325
0.730326
0.730323
0.730334
0.730328
0.730325
0.730338
0.730376
0.730375
0.730376
0.730388
0.730375
0.730375
0.730375
0.730387
0.730376
0.730375
0.730389
0.730448
0.730448
0.730448
0.730473
0.73045
0.730449
0.730452
0.730477
0.730451
0.730453
0.730478
0.730583
0.730584
0.730583
0.730627
0.730587
0.730586
0.730588
0.730632
0.730589
0.730591
0.730634
0.730798
0.730799
0.730799
0.730861
0.730802
0.7308
0.730804
0.730867
0.730807
0.730808
0.73087
0.731096
0.731096
0.731097
0.731177
0.731099
0.731098
0.731101
0.731182
0.731106
0.731106
0.731183
0.7679
0.791414
0.802098
0.789303
0.769839
0.77661
0.783261
0.790184
0.783714
0.778733
0.781497
0.790807
0.789707
0.782196
0.781768
0.781406
0.782686
0.7487
0.744342
0.894529
0.773987
0.805136
0.78728
0.802242
0.74651
0.745908
0.742403
0.756453
0.808993
0.746507
0.80248
0.783379
0.786633
0.788756
0.798513
0.794193
2.59055
1.01593
13.4429
1.28984
3.9222
11.8913
4.42111
1.51538
0.95465
3.71054
14.5258
14.8691
14.85
14.8525
15.1096
15.1363
12.8378
13.2997
6.86005
8.80925
0.799768
0.851835
4.01272
1.27485
0.783101
0.782861
0.770785
0.792162
0.791912
0.779183
0.773181
0.780881
0.767914
0.765631
0.778
0.772612
0.769275
0.753673
0.752903
0.832054
3.76995
16.0988
15.5447
16.0671
0.758133
0.73764
4.14027
0.740078
5.83039
1.33891
0.791295
0.819197
1.87706
14.2594
14.8411
14.6653
4.2771
4.6608
9.82715
4.77413
4.18898
10.4836
5.68199
8.21273
14.8613
8.23392
11.6239
9.4582
12.0569
12.0827
12.0842
12.089
12.0872
12.0891
10.875
12.0924
0.764044
4.43304
1.29556
2.55134
0.763774
0.750525
0.729094
0.72986
0.750202
0.74374
0.736211
0.760604
0.756738
0.759314
0.748235
0.758941
0.763925
5.60694
1.94333
16.063
4.13964
1.18998
1.03341
0.806285
0.719774
3.33386
9.41937
9.41799
9.41691
9.41493
4.40437
5.27558
1.43847
0.804327
0.981666
1.14063
4.12503
4.64836
10.4822
4.71129
1.66565
5.95249
0.707307
1.34908
7.68513
11.5675
12.0829
1.06357
11.9282
3.66933
10.8996
12.0823
12.0937
12.0965
12.0953
12.0967
0.889142
2.02054
5.86816
5.86826
0.743987
0.811278
1.12876
4.61858
4.62091
2.17349
2.13642
0.898077
2.09641
7.16111
1.56445
3.21794
6.72775
9.42206
9.41854
0.77348
0.879594
6.80587
0.916055
3.34664
9.41639
9.41416
2.73041
2.16019
0.989607
1.24013
0.856072
1.59278
1.95852
0.759297
0.756709
0.880582
0.978136
0.998133
2.6295
0.711023
0.692641
0.735777
0.812754
0.76094
0.691222
1.37403
1.60377
0.712919
0.794051
0.68489
12.099
5.15787
12.099
1.82887
1.27811
1.79662
1.07183
2.61091
1.33556
1.63307
3.33571
3.89128
2.15215
2.89534
2.60209
1.67022
1.30225
6.73102
9.18967
3.87098
1.13484
0.765102
0.848375
5.3724
6.72624
4.34757
1.80955
3.31871
3.39864
4.9883
4.87783
2.70742
2.59319
5.89744
2.49178
4.032
0.896307
2.33333
2.42672
1.17707
0.891985
1.03573
0.765495
0.909447
1.27435
1.19219
3.59177
13.0885
1.2351
1.05696
0.738343
0.714745
0.904083
0.801306
0.880234
0.711841
0.764446
1.04082
0.763698
1.45251
4.92194
7.49136
2.90149
1.42612
1.99279
1.63598
1.01612
0.763883
1.11436
2.90553
2.90394
0.761682
0.847947
0.768777
0.902876
0.815997
0.748919
0.750728
0.752661
0.91209
0.963472
3.96634
4.57746
1.02575
3.60578
0.948864
5.89979
3.50477
1.51902
2.04898
2.59825
4.96225
0.857336
2.42694
2.20902
4.48887
4.82668
2.50804
2.52319
0.852164
13.0911
0.916197
0.868042
1.30398
4.33827
2.90524
0.874406
0.719312
1.47762
2.14966
2.17879
0.829338
7.3892
4.77636
7.49204
6.30252
7.51172
7.5078
2.54491
3.22169
4.91778
4.19092
0.820925
0.752605
0.834304
2.10635
2.31243
0.752182
0.758685
0.75216
0.783353
0.801546
0.752176
0.767516
0.771989
1.0626
0.855706
0.769097
0.815927
4.42247
0.736323
1.02025
0.747648
2.72876
3.38153
2.14533
1.41796
1.922
4.84819
1.5155
2.76975
0.963976
0.950136
1.64535
1.82373
4.18182
0.841892
2.7253
3.61207
6.08513
3.37038
5.91984
4.10135
1.01141
0.884854
7.46485
1.61111
7.46069
7.0737
1.12919
7.5172
0.947272
1.37946
1.43012
1.26954
4.95633
4.79434
4.95986
0.755107
0.775227
0.7656
0.778426
0.918303
0.827583
0.928941
0.788042
0.892117
1.28698
0.783108
0.825908
1.97386
2.13809
2.13903
1.73446
1.5522
7.82798
4.69926
7.8235
2.14184
2.11516
0.953853
1.42939
0.814681
0.965295
0.818329
1.77512
3.01646
2.91823
7.21772
7.21724
1.58632
0.754109
5.35369
0.738413
0.739101
0.757194
7.44906
7.44865
6.9648
7.23568
6.48684
7.45524
2.45093
1.9542
5.95829
7.42
6.33461
5.33272
2.55877
2.63282
0.76071
0.98927
9.46022
3.67668
1.09172
0.860161
0.898702
1.00243
0.852035
0.855226
0.900811
3.10303
2.70568
2.70478
1.11425
3.98186
3.98176
0.922881
1.27876
5.86804
3.00909
10.4044
1.42069
9.69802
1.03891
0.82741
0.737756
0.747883
0.735591
0.736102
7.15294
5.10135
3.06331
1.15928
0.781411
0.793903
0.743796
0.737395
0.753083
0.74071
0.811963
0.874721
0.740533
0.833789
4.88476
1.36643
0.794086
0.736692
0.749501
0.736063
0.898941
0.754978
0.883149
0.743516
0.737116
0.735849
5.02724
9.46092
3.80277
9.28904
2.27836
3.77547
3.36412
3.65748
5.0273
3.54853
2.749
3.98193
2.07354
1.14283
2.81408
1.05172
0.814419
0.734541
0.734879
9.5954
1.47475
8.29551
2.00952
3.39725
0.736164
0.734565
0.748899
0.7355
0.783026
0.758974
0.749731
0.746314
0.746619
0.974287
2.09921
0.917928
0.843166
0.801959
0.873552
0.827266
0.768156
0.739679
0.746774
0.739857
0.736712
0.736612
0.768541
0.789046
0.813411
0.819661
0.738824
0.750517
0.735594
0.768772
0.735238
0.735024
0.921389
1.06687
0.743565
0.800375
1.38643
0.777076
0.736563
0.737018
0.756585
0.73652
0.736632
0.742768
0.733665
0.733583
0.734965
0.735837
0.735459
0.771273
0.74403
1.54618
1.08216
0.742262
0.759696
0.739244
0.743598
0.810886
0.820025
0.826574
0.77027
0.784944
3.13675
1.74633
1.82892
0.790726
0.742424
0.749764
0.746457
0.759653
0.736308
0.739772
0.735416
0.735337
0.856845
0.988363
0.860967
0.779859
0.737435
0.809326
0.735632
0.741942
0.735143
0.73543
0.735113
0.735213
0.735223
0.735244
0.740064
0.740472
0.747176
0.743422
0.738751
0.739884
0.747612
0.746853
0.741833
0.742646
0.749129
0.737067
0.738282
0.747532
0.744268
0.768517
0.804134
0.742284
0.781276
0.739724
0.744861
0.746684
0.752465
0.750424
0.794444
0.747582
0.735499
0.735437
0.735397
0.735366
0.73786
0.737477
0.736193
0.743736
0.735544
0.735066
0.735383
0.735396
0.735366
0.735383
0.735348
0.735336
0.734974
0.735044
0.748283
0.736639
0.735166
0.73501
0.735131
0.735039
0.735242
0.7352
0.735266
0.735168
0.735145
0.73518
0.771036
0.755309
0.744941
0.755606
0.762193
0.801089
0.746705
0.752982
0.775293
0.766088
0.743609
0.83004
0.803983
0.751058
0.755707
0.735739
0.735418
0.735038
0.735132
0.753935
0.738254
0.748049
0.735796
0.739089
0.735313
0.735312
0.735253
0.735064
0.735172
0.73507
0.734857
0.734851
0.734751
0.734705
0.734536
0.734534
0.735304
0.735246
0.735291
0.735165
0.735055
0.735034
0.734603
0.734708
0.734936
0.734966
0.734911
0.734639
0.734807
0.734667
0.735073
0.734954
0.735111
0.734851
0.734786
0.734825
0.734668
0.734678
0.734176
0.734293
0.73535
0.734611
0.734292
0.734256
0.734375
0.734464
0.734321
0.734845
0.734842
0.734719
0.734498
0.734415
0.734439
0.734534
0.734665
0.73505
0.734341
0.734151
0.734223
0.734136
0.734947
0.734953
0.734829
0.734543
0.734685
0.734544
0.73442
0.73443
0.734331
0.734213
0.734113
0.73411
0.734934
0.73482
0.734914
0.734677
0.734522
0.734506
0.734147
0.734254
0.734521
0.734547
0.734464
0.73417
0.734333
0.73419
0.734658
0.734504
0.734698
0.734369
0.734284
0.734316
0.73405
0.733978
0.73381
0.733882
0.734205
0.734132
0.733895
0.733871
0.733949
0.734024
0.733912
0.734314
0.734343
0.734226
0.734047
0.733966
0.733976
0.733985
0.734113
0.734029
0.733933
0.73379
0.733842
0.733777
0.734396
0.734394
0.734244
0.733977
0.734097
0.73397
0.734004
0.734004
0.733915
0.733833
0.733752
0.733746
0.73437
0.734236
0.734354
0.734088
0.733939
0.733927
0.733734
0.733819
0.734048
0.734064
0.733978
0.73374
0.733859
0.733747
0.734145
0.734003
0.734173
0.733878
0.733793
0.733809
0.733712
0.733665
0.733531
0.733592
0.733817
0.733747
0.733571
0.733563
0.733629
0.733654
0.733572
0.733862
0.733866
0.733767
0.733657
0.733574
0.73357
0.733521
0.733618
0.7337
0.733626
0.733518
0.733556
0.733508
0.733842
0.733833
0.733702
0.733501
0.733578
0.733488
0.733664
0.733654
0.733588
0.733545
0.733476
0.733465
0.733801
0.733689
0.73379
0.733564
0.733447
0.733437
0.733414
0.733476
0.73364
0.733643
0.733566
0.733404
0.733474
0.7334
0.733676
0.733572
0.733687
0.733474
0.733397
0.733397
0.733421
0.733404
0.733281
0.733337
0.733489
0.733416
0.733288
0.73329
0.733348
0.733339
0.733283
0.733473
0.733459
0.733381
0.73333
0.733258
0.733246
0.733183
0.733244
0.733442
0.733375
0.733273
0.73331
0.733264
0.733396
0.733382
0.733285
0.733163
0.733201
0.73315
0.733396
0.733378
0.733323
0.733298
0.733233
0.733221
0.733342
0.73327
0.733332
0.733187
0.733115
0.733108
0.733169
0.733216
0.733329
0.733321
0.733253
0.733154
0.733186
0.733145
0.73331
0.733245
0.733308
0.733176
0.733116
0.733109
0.733182
0.733175
0.733108
0.733135
0.733222
0.733172
0.733115
0.733115
0.733141
0.733133
0.733113
0.733186
0.733168
0.733124
0.733125
0.733097
0.733089
0.733042
0.733053
0.733208
0.733155
0.733104
0.733117
0.733099
0.733103
0.733091
0.733044
0.733029
0.733016
0.733021
0.733169
0.733154
0.733114
0.73311
0.73308
0.733074
0.73306
0.733034
0.733053
0.733008
0.733001
0.732997
0.733041
0.733055
0.733104
0.733095
0.733053
0.733033
0.733027
0.733027
0.733066
0.733043
0.733059
0.733019
0.733008
0.733003
0.733095
0.733089
0.733097
0.733088
0.733095
0.733095
0.733107
0.733104
0.733094
0.733097
0.733108
0.733079
0.73307
0.733076
0.733095
0.733107
0.733105
0.733091
0.73307
0.733082
0.733078
0.733093
0.733077
0.733091
0.733029
0.733022
0.733037
0.733086
0.733054
0.733083
0.733061
0.733054
0.733055
0.733073
0.73308
0.733076
0.733004
0.733032
0.733001
0.733049
0.733073
0.73307
0.73306
0.733046
0.733026
0.733022
0.733029
0.733057
0.733037
0.733056
0.733007
0.733026
0.733004
0.733035
0.733054
0.733055
0.7331
0.733093
0.73304
0.733066
0.733104
0.733104
0.733045
0.733044
0.733072
0.733074
0.733045
0.733104
0.733103
0.733104
0.733075
0.733046
0.733046
0.733042
0.733072
0.733086
0.733085
0.733036
0.733056
0.733035
0.733091
0.733088
0.733092
0.733039
0.733064
0.733038
0.733074
0.73307
0.733071
0.733054
0.733026
0.733023
0.733079
0.73309
0.733076
0.733061
0.733031
0.733028
0.733009
0.733035
0.733056
0.733054
0.733057
0.733004
0.733027
0.733003
0.733055
0.733058
0.733058
0.733028
0.733005
0.733007
0.732913
0.732912
0.732706
0.732809
0.732981
0.732911
0.7327
0.732702
0.732811
0.732806
0.732699
0.73298
0.732979
0.732905
0.732804
0.732691
0.732689
0.732674
0.732788
0.732972
0.732907
0.732705
0.732803
0.732704
0.73297
0.732967
0.732892
0.732671
0.732779
0.732669
0.732961
0.732956
0.732892
0.7328
0.732697
0.732694
0.73296
0.73289
0.732958
0.732777
0.732663
0.732662
0.732673
0.732774
0.732938
0.732936
0.732871
0.732669
0.732766
0.732667
0.732937
0.732871
0.732939
0.732765
0.73266
0.732659
0.732431
0.732438
0.732144
0.732282
0.732561
0.732422
0.732128
0.732132
0.732277
0.732267
0.732126
0.732549
0.732545
0.732407
0.732263
0.732115
0.732111
0.732094
0.732239
0.732566
0.732438
0.732146
0.732284
0.732147
0.732528
0.732526
0.732388
0.732092
0.732232
0.732091
0.732558
0.732553
0.732428
0.732283
0.732147
0.732146
0.732521
0.732387
0.732521
0.732232
0.732091
0.732092
0.732131
0.732265
0.732534
0.732531
0.732403
0.732127
0.732252
0.732124
0.732523
0.732399
0.732522
0.732249
0.732113
0.73211
0.731843
0.731858
0.73161
0.731721
0.731972
0.731833
0.731588
0.731593
0.731707
0.731696
0.731585
0.731958
0.731954
0.731818
0.731692
0.731575
0.731572
0.731562
0.731675
0.731994
0.731865
0.731614
0.73173
0.731617
0.731941
0.73194
0.731808
0.731562
0.731675
0.731562
0.731995
0.731993
0.731866
0.731732
0.731623
0.731624
0.731941
0.731809
0.731943
0.731676
0.731568
0.731571
0.731619
0.731727
0.731979
0.731976
0.731849
0.731617
0.731717
0.731614
0.731965
0.731845
0.731962
0.731714
0.731604
0.731601
0.731397
0.731415
0.731278
0.731335
0.731474
0.731384
0.731253
0.73126
0.731316
0.731303
0.731249
0.731462
0.731459
0.731372
0.731299
0.731238
0.731236
0.73123
0.731288
0.731508
0.731426
0.731284
0.731348
0.731288
0.731453
0.731454
0.73137
0.731231
0.731291
0.731232
0.731516
0.731516
0.731433
0.731351
0.731296
0.731298
0.73146
0.731372
0.731463
0.731294
0.73124
0.731244
0.731296
0.731353
0.73151
0.731508
0.731423
0.731294
0.731345
0.731292
0.731498
0.731419
0.731494
0.731341
0.73128
0.731276
0.731181
0.731198
0.731174
0.731181
0.731201
0.731167
0.731154
0.73116
0.731164
0.731149
0.731151
0.731187
0.731185
0.731155
0.731145
0.73114
0.731138
0.731135
0.731136
0.73124
0.731212
0.73118
0.731192
0.731183
0.731183
0.731185
0.731157
0.731136
0.731141
0.731137
0.73125
0.73125
0.731219
0.731195
0.73119
0.731192
0.731193
0.73116
0.731197
0.731143
0.731144
0.731147
0.731191
0.731198
0.731246
0.731244
0.731209
0.731189
0.73119
0.731187
0.731232
0.731205
0.731228
0.731186
0.731176
0.731172
0.73119
0.731199
0.731266
0.731228
0.731161
0.73118
0.73126
0.731262
0.73122
0.731213
0.731258
0.731149
0.731147
0.731172
0.731211
0.731255
0.731255
0.731255
0.731208
0.731189
0.731208
0.731267
0.731235
0.731268
0.731148
0.731149
0.731176
0.731256
0.731212
0.731257
0.731197
0.731198
0.731214
0.731236
0.731272
0.731273
0.731156
0.731178
0.731159
0.731214
0.73126
0.731262
0.731274
0.731239
0.731194
0.731193
0.731207
0.731274
0.731235
0.731273
0.731183
0.731204
0.73118
0.731233
0.73127
0.731269
0.731365
0.731364
0.731485
0.731422
0.731309
0.731367
0.731494
0.731491
0.731426
0.731431
0.731496
0.731308
0.731308
0.73137
0.731432
0.731501
0.731503
0.731508
0.731438
0.731313
0.731363
0.731483
0.731419
0.731481
0.731311
0.731312
0.731374
0.731508
0.731439
0.731507
0.731315
0.731316
0.731365
0.731419
0.731479
0.731479
0.731314
0.731373
0.731315
0.731439
0.731505
0.731504
0.731482
0.731421
0.731317
0.731317
0.731368
0.731484
0.731425
0.731485
0.731316
0.731369
0.731316
0.731427
0.73149
0.731492
0.731627
0.731619
0.731753
0.731686
0.731564
0.731636
0.731764
0.731761
0.731695
0.731703
0.731766
0.731572
0.731574
0.731645
0.731706
0.731773
0.731774
0.731777
0.731713
0.731546
0.731612
0.73175
0.731679
0.731748
0.731577
0.731577
0.731644
0.731776
0.731711
0.731775
0.731542
0.731542
0.731609
0.731678
0.731743
0.731742
0.731574
0.731643
0.731572
0.731709
0.731769
0.731768
0.731742
0.731676
0.731547
0.731548
0.731616
0.731743
0.731682
0.731744
0.731555
0.731619
0.731558
0.731685
0.731751
0.731753
0.731877
0.731873
0.731959
0.731921
0.731826
0.731881
0.73196
0.73196
0.731924
0.731925
0.73196
0.731832
0.731834
0.731886
0.731926
0.731959
0.731959
0.731956
0.731925
0.731811
0.731867
0.731958
0.731916
0.731957
0.731833
0.731832
0.731881
0.731954
0.731922
0.731954
0.731804
0.731803
0.731862
0.731914
0.731953
0.731952
0.731826
0.731879
0.731825
0.73192
0.73195
0.731949
0.731946
0.731908
0.731804
0.731805
0.731862
0.731945
0.731908
0.731944
0.73181
0.731863
0.731812
0.731908
0.731944
0.731944
0.731991
0.731994
0.731963
0.731986
0.731981
0.731987
0.731953
0.731957
0.731982
0.731975
0.731951
0.731977
0.731975
0.73198
0.731973
0.731943
0.73194
0.731931
0.731961
0.731982
0.731993
0.731964
0.731987
0.731965
0.73197
0.731969
0.731972
0.731929
0.731957
0.731928
0.731978
0.731976
0.731988
0.731986
0.731963
0.731962
0.731966
0.731971
0.731965
0.731956
0.731927
0.731927
0.731951
0.731975
0.731968
0.731967
0.731975
0.731947
0.731965
0.731944
0.731964
0.731973
0.731964
0.731963
0.731936
0.731934
0.731849
0.731858
0.731682
0.731777
0.731904
0.731838
0.731666
0.731671
0.731767
0.731755
0.731663
0.731891
0.731888
0.731824
0.731751
0.731651
0.731648
0.731636
0.731731
0.731921
0.731861
0.731684
0.731781
0.731686
0.731877
0.731876
0.731813
0.731634
0.731728
0.731633
0.731919
0.731916
0.731857
0.731781
0.731686
0.731685
0.731875
0.731813
0.731876
0.731728
0.731634
0.731635
0.731674
0.731768
0.731902
0.731899
0.731836
0.731669
0.731756
0.731666
0.73189
0.731833
0.731887
0.731752
0.731654
0.731651
0.731435
0.731446
0.731169
0.73131
0.73155
0.731423
0.731155
0.731159
0.731301
0.731289
0.731152
0.731536
0.731532
0.731408
0.731286
0.731142
0.73114
0.731131
0.731269
0.731573
0.731451
0.731172
0.731316
0.731174
0.731521
0.73152
0.7314
0.73113
0.731267
0.73113
0.731573
0.731571
0.731449
0.731316
0.731176
0.731176
0.731521
0.7314
0.731523
0.731268
0.731132
0.731134
0.731168
0.731308
0.731558
0.731555
0.73143
0.731165
0.731298
0.731162
0.731544
0.731427
0.731541
0.731294
0.731153
0.73115
0.730865
0.730874
0.730582
0.730726
0.731007
0.730858
0.730574
0.730576
0.73072
0.730712
0.730572
0.730996
0.730993
0.730848
0.73071
0.730567
0.730566
0.730564
0.730703
0.731026
0.730879
0.730585
0.730731
0.730586
0.730988
0.730988
0.730846
0.730565
0.730705
0.730566
0.731029
0.731028
0.730881
0.730732
0.73059
0.73059
0.730991
0.730847
0.730992
0.730706
0.730569
0.73057
0.73059
0.730732
0.73102
0.731018
0.730871
0.730588
0.730726
0.730587
0.73101
0.730868
0.731007
0.730724
0.730582
0.73058
0.73031
0.730314
0.730085
0.730194
0.730436
0.730307
0.730082
0.730083
0.730191
0.730189
0.730082
0.730432
0.730431
0.730305
0.730189
0.730083
0.730083
0.730086
0.730191
0.730448
0.730319
0.730086
0.730198
0.730087
0.730433
0.730433
0.730309
0.730088
0.730195
0.730089
0.730452
0.730453
0.730323
0.730199
0.730091
0.730092
0.730437
0.730311
0.730438
0.730196
0.730093
0.730094
0.730097
0.730205
0.730452
0.730451
0.730323
0.730098
0.730205
0.730098
0.730448
0.730322
0.730447
0.730205
0.730098
0.730098
0.729906
0.729906
0.729786
0.729839
0.729988
0.729908
0.729789
0.729787
0.72984
0.729843
0.72979
0.729991
0.729992
0.729912
0.729844
0.729794
0.729795
0.729803
0.729852
0.729991
0.729909
0.729786
0.729841
0.729786
0.729997
0.729998
0.729921
0.729805
0.729857
0.729806
0.729995
0.729997
0.729914
0.729842
0.729789
0.72979
0.730001
0.729922
0.730002
0.729858
0.729808
0.729809
0.729798
0.729851
0.730002
0.730003
0.729923
0.7298
0.729856
0.729802
0.730005
0.729923
0.730005
0.729857
0.729805
0.729806
0.729729
0.729725
0.729722
0.729718
0.729754
0.729734
0.72973
0.729727
0.729722
0.729728
0.729731
0.72976
0.729763
0.729741
0.729729
0.729737
0.729738
0.729746
0.729742
0.729749
0.729725
0.729721
0.729717
0.729721
0.72977
0.729771
0.72975
0.729748
0.729745
0.729749
0.729752
0.729754
0.729729
0.729717
0.729721
0.729722
0.729773
0.729751
0.729773
0.729745
0.729749
0.729749
0.729729
0.729727
0.729762
0.729764
0.729741
0.729732
0.729733
0.729733
0.729769
0.729743
0.72977
0.729734
0.729739
0.72974
0.729774
0.729768
0.729849
0.729806
0.729751
0.72978
0.729859
0.729856
0.729812
0.729819
0.72986
0.729758
0.72976
0.729788
0.729821
0.729866
0.729867
0.729872
0.72983
0.729739
0.729765
0.729846
0.729802
0.729845
0.729767
0.729768
0.729794
0.729873
0.729831
0.729873
0.729739
0.729741
0.729766
0.729802
0.729844
0.729844
0.729768
0.729794
0.729767
0.729831
0.729871
0.72987
0.729848
0.729807
0.729748
0.72975
0.729776
0.729849
0.729812
0.72985
0.729755
0.729778
0.729757
0.729814
0.729856
0.729857
0.729957
0.729948
0.730051
0.730002
0.72991
0.729962
0.730062
0.73006
0.73001
0.730015
0.730064
0.729916
0.729918
0.729968
0.730017
0.730068
0.730068
0.730071
0.730022
0.729895
0.729943
0.730048
0.729996
0.730046
0.729921
0.729921
0.729969
0.73007
0.730021
0.730069
0.729893
0.729893
0.729942
0.729995
0.730043
0.730043
0.729919
0.729969
0.729918
0.73002
0.730066
0.730065
0.730043
0.729995
0.729897
0.729898
0.729947
0.730044
0.729998
0.730044
0.729903
0.729948
0.729905
0.729999
0.730048
0.73005
0.730152
0.730143
0.730217
0.730185
0.730113
0.730157
0.730227
0.730225
0.730192
0.730198
0.730229
0.730117
0.730118
0.73016
0.730198
0.730232
0.730232
0.730232
0.730199
0.730096
0.730137
0.730215
0.730179
0.730213
0.730118
0.730117
0.730158
0.730231
0.730197
0.73023
0.730092
0.730091
0.730134
0.730178
0.73021
0.730209
0.730114
0.730156
0.730112
0.730196
0.730227
0.730225
0.730208
0.730175
0.730092
0.730093
0.730135
0.730208
0.730177
0.730209
0.730097
0.730137
0.730098
0.730178
0.730212
0.730213
0.730278
0.730272
0.73031
0.730295
0.730259
0.730282
0.730315
0.730314
0.7303
0.730303
0.730316
0.730262
0.730262
0.730284
0.730304
0.730318
0.730318
0.730318
0.730304
0.730246
0.730268
0.730308
0.730291
0.730307
0.730261
0.73026
0.730281
0.730318
0.730302
0.730317
0.730242
0.73024
0.730264
0.73029
0.730305
0.730304
0.730257
0.73028
0.730255
0.730301
0.730314
0.730314
0.730303
0.730287
0.73024
0.730241
0.730265
0.730304
0.730289
0.730304
0.730243
0.730266
0.730244
0.730289
0.730306
0.730307
0.730339
0.730337
0.73036
0.730351
0.730331
0.730341
0.730362
0.730361
0.730352
0.730354
0.730362
0.730333
0.730333
0.730342
0.730354
0.730363
0.730363
0.730363
0.730354
0.730325
0.730335
0.73036
0.730349
0.730359
0.730332
0.730332
0.730341
0.730363
0.730354
0.730363
0.730322
0.730321
0.730333
0.730349
0.730358
0.730358
0.73033
0.730341
0.730329
0.730353
0.730363
0.730362
0.730359
0.730348
0.730321
0.730322
0.730334
0.730359
0.730349
0.730359
0.730323
0.730334
0.730324
0.730349
0.73036
0.73036
0.730387
0.730387
0.730424
0.730406
0.730376
0.730388
0.730423
0.730424
0.730405
0.730406
0.730423
0.730376
0.730376
0.730388
0.730406
0.730423
0.730423
0.730424
0.730406
0.730375
0.730387
0.730425
0.730407
0.730425
0.730376
0.730377
0.730389
0.730424
0.730407
0.730424
0.730374
0.730374
0.730388
0.730407
0.730425
0.730426
0.730376
0.730389
0.730376
0.730407
0.730425
0.730425
0.730427
0.730408
0.730375
0.730375
0.730389
0.730427
0.730409
0.730427
0.730376
0.730389
0.730376
0.730409
0.730427
0.730427
0.730474
0.730475
0.730543
0.730508
0.730448
0.730473
0.730541
0.730541
0.730507
0.730506
0.73054
0.730448
0.730448
0.730474
0.730506
0.73054
0.730541
0.730543
0.730508
0.730451
0.730477
0.730544
0.73051
0.730544
0.730449
0.730449
0.730475
0.730543
0.730509
0.730544
0.730452
0.730452
0.730478
0.730511
0.730545
0.730546
0.73045
0.730476
0.73045
0.73051
0.730544
0.730545
0.730548
0.730513
0.730453
0.730453
0.73048
0.730548
0.730514
0.730548
0.730453
0.73048
0.730453
0.730514
0.730548
0.730548
0.730628
0.73063
0.730737
0.730682
0.730583
0.730627
0.730734
0.730735
0.730681
0.73068
0.730734
0.730584
0.730584
0.730628
0.73068
0.730734
0.730734
0.730738
0.730684
0.730587
0.730631
0.730737
0.730685
0.730738
0.730587
0.730587
0.730631
0.730738
0.730686
0.730739
0.730589
0.730589
0.730634
0.730685
0.730739
0.73074
0.730589
0.730632
0.730589
0.730687
0.73074
0.730741
0.730743
0.730689
0.730591
0.730592
0.730636
0.730743
0.73069
0.730743
0.730592
0.730636
0.730592
0.73069
0.730744
0.730744
0.730863
0.730865
0.731013
0.730939
0.730798
0.730861
0.73101
0.731011
0.730937
0.730937
0.73101
0.730799
0.7308
0.730863
0.730938
0.73101
0.73101
0.731014
0.730943
0.730802
0.730866
0.731014
0.730941
0.731014
0.730804
0.730805
0.730867
0.731014
0.730945
0.731014
0.730804
0.730805
0.730869
0.730942
0.731016
0.731016
0.730806
0.730868
0.730807
0.730945
0.731016
0.731016
0.731019
0.730946
0.730808
0.730808
0.730871
0.731019
0.730948
0.731019
0.730809
0.730871
0.730808
0.730948
0.731019
0.731019
0.731179
0.73118
0.731363
0.731275
0.731096
0.731177
0.731362
0.731363
0.731273
0.731361
0.731273
0.731097
0.731099
0.731178
0.731361
0.731273
0.731361
0.731362
0.731279
0.731099
0.731181
0.731364
0.731364
0.731276
0.731102
0.731103
0.731181
0.731362
0.731363
0.73128
0.731101
0.731102
0.731183
0.731365
0.731276
0.731366
0.731105
0.731181
0.731105
0.731364
0.731281
0.731364
0.731368
0.73128
0.731105
0.731105
0.731185
0.731368
0.731367
0.73128
0.731106
0.731185
0.731106
0.731367
0.731281
0.731367
39.2211
52.6334
22.8552
106.896
106.788
50.9463
39.4295
24.9409
47.2532
22.6323
20.8805
50.1326
14.7704
10.1925
2.62069
67.8698
34.1566
16.0023
54.4182
2.32026
9.15701
4.93125
25.6559
29.3883
19.0632
14.2524
7.93428
24.9864
14.9671
85.3428
33.1244
4.35029
0.724406
0.879847
8.04153
13.1331
1.61552
0.880317
0.844337
0.884208
0.648627
0.606551
2.9239
8.14093
0.883883
0.891212
0.895575
0.888542
0.884145
0.880525
0.885118
0.890077
3.96713
0.744223
0.875755
5.83472
28.5082
9.08222
245.145
267.012
33.8007
21.0756
35.7574
32.1296
39.7062
13.9241
101.728
129.558
1.39664
10.9849
34.8346
2.58013
0.946221
0.974016
19.1319
87.4797
17.308
8.00933
15.0534
7.69999
1.37428
3.15025
32.7575
18.2712
29.4572
6.14335
7.09455
4.30998
35.6053
13.0965
28.0103
137.738
57.2225
67.8256
66.8683
32.2501
183.672
92.9471
88.0139
64.3101
171.497
31.1472
39.7121
39.707
34.6948
24.8777
22.567
6.3445
1.24852
94.3478
89.8548
99.6168
94.3508
1.46645
0.568579
0.534079
0.536307
0.546689
1.08667
0.972068
0.548359
0.531844
0.530066
0.639247
0.788206
0.869298
0.931772
0.897488
0.932052
0.921328
0.875278
0.884981
0.876908
0.883802
0.904535
0.896398
0.890437
0.905194
0.906294
47.5707
25.818
20.8156
30.5033
1.64519
12.2723
49.4509
29.0443
15.9539
10.2379
4.17815
4.58631
84.2783
100.437
37.7716
87.4204
45.4109
42.441
44.2715
13.3266
5.64004
23.665
53.2005
76.1417
106.774
106.878
91.1561
47.2943
10.9138
5.41058
30.0259
42.093
16.7231
24.2491
68.5364
6.61059
12.2476
4.64757
5.78624
24.8562
6.67811
40.627
6.75318
5.32224
4.01522
5.55411
18.5282
10.7347
30.4201
22.5101
8.66542
6.21345
1.31792
1.96822
101.721
43.0363
89.2476
61.8748
37.6328
125.225
125.209
76.9719
125.231
0.669537
0.730121
0.677945
0.739888
0.677968
0.679087
2.28518
0.755462
0.996635
0.877313
1.26967
5.42268
10.9291
3.50116
3.23764
1.17361
1.76101
0.899404
0.925429
1.23809
1.30571
1.79144
3.27506
8.26693
0.67636
0.5958
0.805886
0.729087
0.781301
0.765014
17.2854
1.16817
0.979703
67.8763
27.8186
22.8061
52.5347
41.7008
70.0294
7.95521
20.3803
0.938647
0.946453
0.934318
0.890739
0.896499
0.885324
0.888863
0.874842
0.840183
0.840025
0.867319
0.896531
14.5405
36.9269
0.731776
0.731778
0.731757
0.731757
0.731733
0.731728
0.731733
0.731728
0.731776
0.731727
)
;
    }
}


// ************************************************************************* //
