/*--------------------------------*- C++ -*----------------------------------*\
| =========                 |                                                 |
| \\      /  F ield         | OpenFOAM: The Open Source CFD Toolbox           |
|  \\    /   O peration     | Version:  2312                                  |
|   \\  /    A nd           | Website:  www.openfoam.com                      |
|    \\/     M anipulation  |                                                 |
\*---------------------------------------------------------------------------*/
FoamFile
{
    version     2.0;
    format      ascii;
    arch        "LSB;label=32;scalar=64";
    class       volScalarField;
    location    "3.099971044252915";
    object      k;
}
// * * * * * * * * * * * * * * * * * * * * * * * * * * * * * * * * * * * * * //

dimensions      [0 2 -2 0 0 0 0];

internalField   nonuniform List<scalar> 
21822
(
66.9096
80.1544
19.2382
168.385
118.062
77.8752
317.468
99.5874
885.079
98.6417
63.1346
44.8772
167.436
50.6316
88.2183
600.77
282.355
693.067
53.6338
31.8375
24.227
54.1536
17.0934
17.5315
84.0813
41.4568
18.9556
30.4902
19.8596
18.695
18.0343
9.22395
15.4698
24.7444
10.4991
10.9752
14.6184
11.3335
13.9813
4.36486
4.68605
11.4811
5.48925
7.51982
9.99394
3.69242
5.55195
10.1618
2.37987
2.40618
8.02744
3.79148
5.17755
7.88555
0.427938
1.93864
6.38769
1.26788
1.28434
5.0068
2.78766
3.49391
5.82414
0.137391
0.329483
2.62526
0.583334
0.666928
2.74604
1.80774
2.32104
3.78321
0.0797656
0.0638628
0.926516
0.195132
0.256042
1.61468
0.771611
1.24786
2.11067
0.0556049
0.0345125
0.0685975
0.0794693
0.0527025
0.490243
0.158318
0.348016
0.890757
0.0387624
0.0254122
0.0161173
0.0446754
0.0269616
0.028804
0.0631182
0.0852158
0.204942
0.0280706
0.01832
0.0136159
0.0297637
0.0183242
0.0143411
0.0452227
0.0266582
0.0242543
0.0207845
0.013508
0.0118214
0.0191702
0.0141959
0.0111573
0.0225412
0.0123229
0.0121664
0.0131213
0.0110117
0.0107395
0.0116471
0.0114245
0.0101802
0.012527
0.0106331
0.0119393
0.0102583
0.00999872
0.0101152
0.0102044
0.0100193
0.00971807
0.0105054
0.00985199
0.0120882
0.00961711
0.00959357
0.00982035
0.00960862
0.00960078
0.0095652
0.00970963
0.00958112
0.012121
0.00948008
0.00949915
0.00977887
0.00947858
0.00952101
0.00953279
0.00957462
0.00951271
0.0121943
0.00945454
0.00948239
0.00971873
0.00946236
0.00950251
0.00948893
0.0096299
0.00948494
0.0123396
0.00945699
0.00947987
0.00961962
0.00947649
0.00951298
0.00946908
0.00972886
0.00947402
0.0125162
0.00946667
0.00948996
0.00965959
0.00950523
0.00952426
0.00947553
0.00993414
0.00948104
0.0126653
0.0094707
0.00949059
0.00969633
0.00950609
0.00952191
0.00947878
0.0099826
0.00948402
0.0128122
0.00946571
0.00947937
0.00968316
0.00949125
0.00951467
0.00947395
0.0098801
0.00947493
0.012944
0.00945015
0.00946344
0.00964804
0.00947475
0.00950253
0.00945885
0.00981661
0.00946299
0.0131152
0.00943272
0.00944703
0.00962774
0.00946006
0.00948101
0.00944077
0.00982181
0.00944546
0.013302
0.00941406
0.0094252
0.0096241
0.00943668
0.0094532
0.00942513
0.0098025
0.00942312
0.0134449
0.00939991
0.0094064
0.00955857
0.00941327
0.00942825
0.00940564
0.00968926
0.00940304
0.0136063
0.00939586
0.00940041
0.00950247
0.00940088
0.00941415
0.00939726
0.00961172
0.0093973
0.0137253
0.00939904
0.00940211
0.00950344
0.00939911
0.00941056
0.00940012
0.00954982
0.00940018
0.0137894
0.00940389
0.00940789
0.00949862
0.00940602
0.00941719
0.00940398
0.00948995
0.00940558
0.013894
0.00941607
0.00942125
0.00950513
0.0094219
0.00943279
0.00941948
0.00949314
0.00942008
0.0139629
0.00943286
0.00943948
0.00952625
0.00943923
0.00945341
0.00943872
0.00951242
0.00944022
0.0140154
0.00944642
0.00945448
0.00953922
0.00945392
0.00947041
0.00945436
0.00952716
0.00945412
0.0140879
0.00945368
0.00946159
0.00954519
0.00946256
0.00947748
0.00946396
0.00953493
0.00946141
0.0141647
0.00945156
0.00945959
0.00955369
0.00946032
0.00947425
0.00946239
0.00955113
0.00946013
0.0142979
0.00944172
0.0094506
0.00956618
0.0094504
0.00946394
0.0094503
0.00956091
0.00944956
0.0144345
0.00943163
0.00944107
0.00955365
0.00943922
0.00945269
0.00944137
0.0095448
0.00944222
0.0143744
0.00942635
0.00943466
0.00954199
0.00943267
0.00944599
0.00943291
0.00952634
0.00943512
0.0144058
0.00942484
0.00943273
0.00954488
0.00943096
0.00944464
0.00943088
0.00952226
0.00943084
0.0144637
0.00942585
0.00943411
0.00954667
0.0094312
0.00944665
0.00943004
0.00953087
0.00942884
0.0144765
0.00943046
0.00943873
0.00954468
0.00943566
0.00945396
0.00943306
0.00953752
0.00943306
0.0144878
0.00943863
0.00944809
0.00954878
0.00944608
0.0094673
0.00944301
0.0095468
0.00944205
0.0145068
0.0094461
0.00945703
0.00954899
0.00945637
0.00948017
0.00945141
0.00958247
0.00945085
0.0145501
0.00944843
0.00946024
0.00954411
0.00946016
0.00948618
0.00945417
0.00958845
0.00945355
0.014705
0.00944279
0.00945268
0.00954899
0.00945229
0.00947648
0.00945052
0.0095662
0.00944996
0.0148671
0.0094275
0.00943453
0.00953063
0.00943309
0.009452
0.00943322
0.00954169
0.00943716
0.0150047
0.0094122
0.00941599
0.00963899
0.00941135
0.00942219
0.0094203
0.00954096
0.00942396
0.0153021
0.00941787
0.00940203
0.0106043
0.00939077
0.00939193
0.00943084
0.00982717
0.00943807
0.0159007
0.00955829
0.00949221
0.0124018
0.00944877
0.00945882
0.00951628
0.0106172
0.00960898
0.0165665
0.010434
0.0100834
0.0126039
0.00997661
0.00978338
0.0101424
0.0120552
0.0103534
0.015683
11.1524
20.7718
42.4388
42.1484
18.6284
13.7626
28.0785
61.7868
29.8885
46.1893
73.437
159.916
49.0704
548.577
197.953
237.003
55.0171
54.8097
206.82
467.306
14.0011
29.3013
16.1275
56.7013
45.1061
72.4295
53.0407
19.8647
65.6007
282.956
14.5913
936.028
26.3461
96.7779
49.3761
197.738
62.4709
406.119
120.773
115.893
171.967
216.144
318.644
740.125
219.222
5364.13
247.925
347.924
121.315
647.91
399.342
524.701
595.374
6709.86
13619
39.0634
60.5216
82.6865
81.0802
58.3351
37.4499
78.9098
60.3275
97.7316
78.8237
174.224
61.1979
79.2509
65.8063
59.2207
91.6486
13.3107
8.1136
19.9468
10.9444
8.08267
15.077
14.3031
11.5523
95.599
137.663
113.423
106.414
112.879
186.304
125.942
48.9483
99.0337
77.2007
89.1049
136.127
106.273
89.2548
585.349
10.7231
38.5844
111.447
12.5994
293.98
65.9938
45.943
29.8834
34.1443
33.798
126.949
249.569
135.062
235.432
123.824
499.902
168.09
85.2623
155.041
544.186
100.592
95.5301
177.662
1929.87
478.434
272.37
343.991
416.589
348.721
365.794
531.019
3156.23
83.4663
67.1656
81.2333
65.9748
62.6877
48.563
60.9501
48.5983
43.2077
30.5981
43.6001
28.6664
91.2402
156.817
72.3874
88.6071
53.2035
26.9238
21.3472
171.106
292.849
93.6822
105.725
420.887
19.309
31.8417
387.592
98.3057
289.672
121.341
105.307
693.15
83.9712
63.6863
49.4804
0.0159504
0.0179864
0.0120587
0.0102448
0.0132723
0.011123
0.0103277
0.0125183
0.0111308
0.0160824
0.0156703
0.0159282
0.0114641
0.0105512
0.0133025
0.0114602
0.0101481
0.0160132
0.0110572
0.0105393
0.0114671
0.0114538
0.0132903
0.0126238
0.0110542
0.0160171
0.0159718
0.0179588
0.0102581
0.0132576
0.0111337
0.0125299
0.0111468
0.0161018
0.0159413
29.2542
25.8978
13.8169
10.5862
8.49456
14.1355
23.351
6.67331
40.7176
75.6073
9.08304
13.1002
80.6376
26.2483
26.5445
20.3991
23.6979
18.2632
23.8769
27.0418
62.4821
26.4767
80.9278
21.6802
105.616
33.4611
21.3878
8.99362
34.0645
9.76424
40.825
64.6935
15.0639
33.2955
48.58
29.4252
24.6475
20.2573
35.6159
262.826
643.836
117.736
215.229
779.749
78.3586
696.547
72.4919
174.293
109.977
1462.3
19.5242
7.75885
64.0014
56.6218
27.2356
17.2266
86.9203
18.0026
25.3985
10.2639
24.1994
30.4149
36.2509
35.5505
65.6668
31.3658
126.77
33.1479
107.253
42.4396
22.0513
36.5632
25.7215
30.0863
177.542
11.2101
294.609
17.3897
12.7545
650.276
1244.48
728.297
1486.73
187.005
2664.41
220.315
716.936
3339.23
1596.6
2648.59
1089.06
2198.05
1257.46
50.8029
43.64
84.7637
155.8
88.1033
290.429
64.1942
228.414
85.6589
49.5447
46.7451
38.5758
60.5929
85.3219
112.215
146.661
304.724
282.16
211.092
299.638
162.219
186.901
1521.66
23.5968
161.692
1069.37
2051.66
374.445
1378.06
2235.6
303.595
724.162
3447.44
4630.49
571.106
1854.03
1749.12
3064.46
1219.4
4830
4341.41
2768.26
10871.2
2354.52
9172.24
5832.03
10584
15340
275.056
364.627
477.596
342.678
1161.9
97.1761
264.291
851.188
1467.19
633.254
884.574
723.279
778.79
693.772
1504.79
2307.4
2505.38
3045.61
4517.8
3920.65
3523.86
3077.72
76.4159
19.3844
2086.75
39.4511
939.333
3676.93
1714.08
72.9428
51.4858
1039.31
2138.18
35.9567
5292.29
5349.34
2608.63
13494.6
2359.31
9272.24
6941.96
6705.49
6088.87
5087.62
8464.83
9123.24
12403.5
9281.43
269.127
59.538
65.8069
123.929
97.6329
145.512
138.956
1347.66
76.3096
118.146
360.552
102.043
515.841
850.266
1337.77
1048.85
854.803
1087.55
937.012
1334.33
1304.16
62.3432
56.4317
51.7357
48.2857
42.3223
45.712
81.7718
92.0723
74.4093
129.658
59.7803
71.2753
49.8644
80.5533
33.9437
50.5899
50.3177
41.7732
41.3266
31.9071
28.5704
25.6998
39.1739
49.9051
44.9482
31.6175
37.1864
31.2562
41.9969
110.07
123.632
136.681
116.713
65.0806
291.827
133.411
89.6493
37.9061
120.09
73.238
44.8504
107.454
160.99
26.3799
26.7644
42.7954
49.2551
60.778
95.4649
72.3327
51.5367
42.8287
41.1662
52.7916
764.965
693.998
1209.16
893.478
476.936
574.042
654.597
348.141
882.331
1009.73
493.631
197.684
212.575
463.278
251.538
62.7176
47.8862
54.9796
40.9683
42.1504
32.484
37.1123
28.018
29.6491
23.4657
26.7088
22.5613
65.9509
72.4203
48.5928
43.0493
19.5373
20.9308
17.9848
71.4187
94.2209
39.7514
39.4737
16.0899
16.8584
11.1782
96.9194
38.1403
48.4259
35.3271
13.5435
21.909
12.343
11.5277
9.96603
42.8413
28.385
36.3454
27.1716
25.1871
18.5051
25.1181
21.4689
17.8778
17.1246
20.8231
16.897
42.7305
36.1168
28.0079
13.813
16.202
15.4929
13.4902
32.8544
26.9806
11.1788
8.9248
11.7447
12.9072
10.7822
26.6808
8.01435
10.3676
7.03887
7.73125
11.1202
8.52756
10.1554
10.6276
24.8383
11.3128
21.7336
15.1192
10.7981
9.92466
15.0135
15.6807
10.2461
12.2351
15.6304
12.4886
23.441
8.08512
9.82443
2.56095
11.7867
11.3295
9.51677
6.19491
5.59625
2.67915
3.643
10.1202
9.27539
8.55467
5.69727
3.94938
6.87218
4.13187
5.51313
9.235
6.06925
7.74512
8.45972
8.04934
0.720448
7.72167
8.24811
1.19937
3.05349
8.91031
11.1656
4.51314
8.08704
11.4884
8.43452
6.51035
1.93073
0.55245
1.05778
8.18042
7.57322
6.00229
2.19558
3.19782
1.42697
2.53253
7.94507
5.89996
6.34693
3.62758
2.91292
4.79583
3.06041
3.82168
6.94204
4.14439
5.57686
6.34416
0.342558
0.146624
0.471732
1.75104
0.147457
0.230089
2.97078
6.96872
0.522322
3.35953
7.28823
3.69225
0.32965
0.828893
0.161585
0.466438
5.00124
3.47925
3.07882
1.14022
2.19307
0.698771
1.5834
5.78891
3.19371
4.17693
2.6439
1.93447
3.26292
2.07189
2.48001
4.94318
2.70055
3.702
4.28043
0.127281
0.0940766
0.114579
0.118702
0.0863647
0.0629416
0.261667
2.40339
0.0664021
0.856766
2.77825
1.16361
0.137158
0.336697
0.0991294
0.181708
2.56841
1.29807
1.68625
0.496215
1.28693
0.253583
0.66858
3.65299
1.86131
2.39665
1.67433
0.896977
2.15279
1.02802
1.39175
3.20779
1.55751
2.20643
2.48504
0.0859883
0.0699307
0.0760874
0.056421
0.061932
0.0459197
0.0541443
0.566973
0.040098
0.0732615
0.825365
0.136628
0.0888458
0.129707
0.0718586
0.0876513
1.42207
0.208832
0.57263
0.166084
0.454194
0.0972623
0.160919
1.993
0.785574
1.04039
0.657542
0.201177
1.10564
0.239294
0.432959
1.80404
0.527663
0.892154
1.06427
0.0640025
0.0505528
0.0550718
0.0406518
0.0440312
0.032524
0.0354102
0.0273894
0.0275101
0.0160265
0.0456669
0.0166189
0.0657701
0.0744884
0.052335
0.0593148
0.288878
0.0173598
0.0222426
0.0795675
0.116435
0.058941
0.0705625
0.841472
0.0522124
0.309811
0.140349
0.0758238
0.284529
0.0680804
0.0924506
0.696912
0.108757
0.253998
0.322611
0.0459722
0.0354733
0.0389544
0.0289049
0.0309517
0.0234223
0.0248585
0.0154646
0.0198207
0.0142356
0.0159129
0.0139548
0.0475457
0.0528423
0.0367339
0.0422692
0.0181382
0.0143433
0.0148823
0.0524821
0.0656622
0.0422433
0.050643
0.191697
0.0157842
0.0413309
0.0684577
0.0547737
0.0750277
0.0512056
0.040255
0.154184
0.0366737
0.0348109
0.0418204
0.0322651
0.0241497
0.0280066
0.0209029
0.0221428
0.0160809
0.017616
0.0136719
0.0145016
0.0124505
0.0134654
0.0124026
0.0332625
0.0384828
0.0246942
0.0304856
0.0137621
0.0122847
0.0116374
0.0381107
0.0442204
0.0301409
0.0293151
0.0240139
0.0116377
0.0123914
0.0484551
0.0297975
0.0312599
0.0269762
0.0135874
0.0207081
0.0131213
0.0124376
0.0123407
0.0218006
0.0156206
0.0199336
0.0146121
0.014713
0.0120825
0.0136369
0.0120255
0.0115759
0.011097
0.0120959
0.0116438
0.0222252
0.0278324
0.0162267
0.015418
0.0111717
0.0109775
0.0103871
0.0279819
0.0245999
0.0151792
0.0147469
0.0116693
0.0103825
0.0105941
0.0250239
0.014528
0.012626
0.0139387
0.0112096
0.0116875
0.0109482
0.0105971
0.0119214
0.0135798
0.0120333
0.0132335
0.0114025
0.0111645
0.0102833
0.0111495
0.0108203
0.0102286
0.0102586
0.011595
0.0117028
0.0144126
0.0133174
0.0115848
0.0108776
0.010173
0.0102517
0.00981022
0.0131511
0.012829
0.0108281
0.0109464
0.0103711
0.00982535
0.0099862
0.0128807
0.0119197
0.0108277
0.0107957
0.0101207
0.0103893
0.0100097
0.00994895
0.0120687
0.0120365
0.0121566
0.0107374
0.0100434
0.0101175
0.00967769
0.010038
0.0100991
0.00969635
0.00980561
0.0117503
0.0120019
0.0109468
0.0104946
0.0100646
0.00980297
0.00970578
0.00986492
0.00957596
0.0104655
0.0106587
0.00981371
0.00997352
0.00986725
0.00959368
0.00976734
0.0119223
0.0122557
0.00992277
0.00982451
0.00965124
0.00983916
0.00963584
0.00976383
0.0121114
0.012154
0.012196
0.0100456
0.00962086
0.00985772
0.009559
0.0096298
0.00974249
0.00952713
0.00966102
0.0120556
0.0122289
0.00996043
0.00967311
0.00989323
0.00952823
0.00954849
0.00978483
0.00953741
0.00967802
0.00980739
0.00951632
0.00961914
0.00974216
0.00954803
0.00975833
0.0122987
0.0124719
0.00957694
0.00957514
0.00951185
0.00974369
0.00953529
0.00979967
0.0121647
0.0121968
0.0122704
0.00984119
0.00955679
0.00977611
0.00955334
0.00950907
0.00963753
0.00948853
0.00961006
0.0122647
0.012384
0.0098902
0.0095223
0.00983277
0.00951649
0.0095296
0.00975783
0.00951785
0.00949506
0.00959598
0.0094787
0.00959182
0.0097433
0.00950845
0.00971772
0.0124384
0.0124646
0.00949412
0.00960423
0.0094969
0.00976245
0.0094971
0.00972035
0.0122939
0.0122942
0.0124322
0.00976513
0.00954317
0.00971493
0.0095156
0.00947855
0.00959259
0.00947873
0.00958353
0.0124234
0.012526
0.00977891
0.00950464
0.00964223
0.00947974
0.00949925
0.00963488
0.00948103
0.00947193
0.00959131
0.00947639
0.00962321
0.00968651
0.00947415
0.00964373
0.0124413
0.0124511
0.00948931
0.00968874
0.00949045
0.00967983
0.00947929
0.00964959
0.0124729
0.0124807
0.0126241
0.00969478
0.009504
0.00965304
0.00950564
0.009478
0.00958
0.00950159
0.00961266
0.0125457
0.0125754
0.00961065
0.00947332
0.00959394
0.00947947
0.00947481
0.00964434
0.00948053
0.00947876
0.00964246
0.00949944
0.00976632
0.00962918
0.00947725
0.00963821
0.012432
0.0124142
0.0094879
0.00988121
0.00951155
0.00963134
0.00948119
0.00962073
0.0126276
0.0126682
0.0128008
0.00963315
0.00950158
0.0095931
0.00949777
0.00950565
0.00961548
0.00951833
0.00963852
0.0125752
0.0126113
0.00959162
0.00948059
0.00960313
0.00948918
0.00947824
0.00969304
0.00948214
0.00950548
0.00980569
0.00951439
0.00986087
0.00964672
0.00948086
0.00968113
0.0124081
0.012452
0.00951707
0.0100039
0.0095309
0.00961001
0.00948728
0.00960599
0.0127762
0.0128422
0.0129517
0.0095838
0.00949319
0.00957631
0.00948559
0.00951652
0.0096383
0.00950858
0.00963653
0.0126313
0.0127301
0.00960288
0.00948779
0.00960692
0.00948561
0.00947904
0.00969035
0.00947727
0.00950997
0.00984104
0.00950009
0.00979016
0.00968244
0.00947874
0.00968736
0.0124831
0.0126001
0.00952206
0.0099094
0.00950615
0.00960112
0.00947919
0.009598
0.0129089
0.0129941
0.0131239
0.00956855
0.00948015
0.00954476
0.00946955
0.00950166
0.00962834
0.00948242
0.00961096
0.0127716
0.0129083
0.00959838
0.00948085
0.00957076
0.00946901
0.00947329
0.00965792
0.00946819
0.00949262
0.00976011
0.00947958
0.00969296
0.00968403
0.00946464
0.00965991
0.0126502
0.0127849
0.00949724
0.00983042
0.00948409
0.00958878
0.00946818
0.00955915
0.0130647
0.0131589
0.0132455
0.00953592
0.00946377
0.00952565
0.00945123
0.00947358
0.0096009
0.00945882
0.00958783
0.0129545
0.0130631
0.00956996
0.0094631
0.00958342
0.00945554
0.00946249
0.00963109
0.00945448
0.00947437
0.00966655
0.00946948
0.00965221
0.00963794
0.00944684
0.00957952
0.0128334
0.0129414
0.00947764
0.00981953
0.00947228
0.00954573
0.00945257
0.00952457
0.0132613
0.013271
0.0133659
0.00952257
0.00944483
0.00952415
0.0094306
0.00945249
0.00957991
0.00943909
0.0095712
0.0130973
0.0132021
0.0095856
0.00945009
0.00957603
0.0094387
0.0094503
0.00963038
0.0094479
0.00946509
0.00964667
0.0094552
0.00964749
0.00955952
0.00943033
0.00953915
0.0129759
0.0130731
0.0094675
0.00982034
0.0094625
0.00952217
0.00943144
0.00952645
0.0134038
0.0134001
0.0135096
0.0095233
0.00942382
0.00952495
0.00941019
0.00943043
0.0095582
0.00941196
0.00953118
0.0132514
0.0134405
0.00957254
0.00943108
0.00956239
0.0094162
0.00944241
0.00958104
0.00942321
0.00944799
0.00963386
0.00943185
0.0096008
0.00953045
0.00941266
0.00951834
0.0131158
0.0132575
0.00945489
0.0097217
0.0094331
0.00952204
0.00940878
0.00950583
0.0135611
0.0135443
0.0136154
0.00952248
0.00940461
0.00953898
0.00940105
0.00940441
0.00951879
0.00939911
0.00951211
0.0135145
0.0137035
0.0095601
0.00941041
0.00958313
0.0094073
0.0094127
0.0095103
0.00939985
0.00942461
0.00958012
0.00941208
0.00954225
0.00950799
0.00939943
0.0095005
0.0133159
0.0134822
0.00942214
0.00963175
0.0094067
0.00949432
0.00939931
0.00948013
0.0137013
0.0136242
0.0136556
0.00954688
0.0093994
0.0095722
0.00940574
0.00939705
0.00950977
0.00940292
0.00953069
0.0137409
0.0137838
0.009597
0.00940597
0.00964096
0.00941415
0.00939708
0.00950535
0.00940084
0.00940644
0.00952183
0.0094042
0.00949115
0.0094929
0.00940104
0.00949545
0.0135476
0.0137182
0.00940154
0.00957481
0.00940083
0.00947784
0.00940093
0.00948659
0.0137695
0.0136729
0.0137882
0.00956934
0.00940594
0.00953376
0.00941102
0.00940283
0.00953146
0.00941119
0.00954081
0.0137911
0.0138264
0.00964428
0.00941367
0.00961421
0.00941357
0.00940006
0.00950489
0.00940444
0.00940239
0.00947921
0.00940597
0.00947799
0.00949029
0.00940488
0.00949149
0.0137814
0.0139096
0.00939904
0.00950602
0.00940387
0.00948591
0.00940574
0.00948656
0.0138665
0.0138378
0.0139584
0.0095155
0.00940914
0.00950666
0.00941721
0.00941104
0.00953824
0.00942333
0.00954511
0.0138456
0.0139046
0.00958333
0.0094102
0.00952179
0.00941718
0.00940423
0.00950777
0.00941679
0.009405
0.00948136
0.00941751
0.00950622
0.00948939
0.00941704
0.00951076
0.0139378
0.0139788
0.00940434
0.00949276
0.00941722
0.00948445
0.00941752
0.00949419
0.0139555
0.0139803
0.0140314
0.00950948
0.00941835
0.00953046
0.00943443
0.00942465
0.0095435
0.00944023
0.00954939
0.0139291
0.0140096
0.00950876
0.00941914
0.00951593
0.00943501
0.00941904
0.00952737
0.00943601
0.00942038
0.00951731
0.00943694
0.00953942
0.009519
0.00943674
0.00954786
0.0139838
0.0140387
0.00941959
0.00951246
0.0094347
0.00949758
0.00943809
0.00951872
0.0140013
0.0140506
0.0141225
0.00953381
0.00943661
0.00954642
0.00945142
0.00944183
0.00954733
0.00945411
0.00954901
0.0140426
0.0141468
0.00951678
0.00943672
0.00954134
0.00945049
0.00943783
0.00954291
0.0094529
0.00943788
0.00954352
0.00945139
0.00955749
0.00955561
0.00945378
0.00958477
0.0140605
0.0141445
0.00943635
0.00953088
0.00945099
0.00952026
0.00945382
0.00953511
0.0140725
0.0141382
0.0141947
0.00955142
0.00945174
0.00956864
0.00946168
0.00945336
0.00954529
0.00946108
0.00954728
0.0141796
0.0142669
0.00954094
0.00945137
0.00955411
0.00946147
0.0094533
0.00954939
0.00946303
0.00945171
0.00955776
0.00946069
0.00956102
0.00959191
0.00946505
0.00961524
0.0141729
0.0142578
0.00945141
0.00953762
0.00946043
0.00953467
0.00946308
0.0095539
0.0141419
0.0142081
0.014278
0.00957372
0.00946037
0.00958005
0.00946392
0.00945944
0.0095515
0.00946305
0.00957689
0.0142797
0.0143041
0.00955123
0.00946066
0.00956101
0.00946437
0.00946124
0.00955628
0.00946306
0.0094594
0.00955821
0.00946315
0.00957657
0.00961489
0.00946703
0.00960583
0.0142806
0.0143123
0.0094587
0.00955448
0.00946211
0.0095495
0.00946452
0.00955166
0.0142535
0.0143023
0.0144205
0.00958098
0.00946065
0.00957414
0.00945659
0.0094595
0.00959159
0.00945576
0.00962056
0.0142927
0.0142815
0.00955338
0.00946031
0.00954293
0.00945505
0.00945878
0.00957006
0.00945686
0.00945906
0.00958584
0.00945677
0.00962687
0.00959007
0.00945527
0.00955689
0.0143083
0.0142882
0.00945857
0.00956714
0.00945648
0.00954153
0.00945544
0.0095341
0.0144187
0.0144533
0.014444
0.00956127
0.00945059
0.00954999
0.00944532
0.00944964
0.00962541
0.00944267
0.00961461
0.0142784
0.0143245
0.00953949
0.00944944
0.00958066
0.0094464
0.00945312
0.00956452
0.00944662
0.00945232
0.00963438
0.00944764
0.00964045
0.00954584
0.00944531
0.00955409
0.0142893
0.0143336
0.00945109
0.00955674
0.00944375
0.00953933
0.009446
0.00958499
0.0143947
0.0144217
0.0144132
0.00954485
0.00944239
0.00954892
0.00944054
0.0094382
0.00961066
0.00943571
0.00960273
0.0143411
0.0144006
0.00959496
0.0094426
0.00961115
0.00943867
0.00944069
0.00954831
0.00943518
0.00944159
0.00963151
0.00943548
0.0095989
0.00955165
0.00943662
0.00955218
0.0143596
0.0144439
0.00943871
0.00953523
0.00943575
0.00960111
0.00943922
0.00961127
0.0143909
0.0144251
0.0144557
0.00954106
0.00943646
0.00953932
0.00943472
0.00943232
0.00960277
0.00943349
0.00960443
0.0144123
0.0144317
0.00960484
0.00943421
0.00958957
0.00943327
0.00943222
0.00954871
0.00943381
0.00943157
0.00958228
0.00943186
0.00954966
0.00954455
0.00943284
0.00954388
0.0144732
0.0145382
0.00943252
0.00952617
0.0094325
0.00960487
0.00943345
0.00958129
0.0144541
0.0144534
0.0144036
0.00953591
0.00943261
0.0095572
0.00943551
0.00943143
0.00960501
0.00943386
0.00960212
0.0144301
0.0144314
0.00958894
0.00943088
0.00961807
0.00943345
0.00943238
0.00955186
0.00943459
0.00942955
0.00954147
0.00943123
0.00954156
0.00953976
0.00943203
0.00954725
0.0145514
0.0145535
0.00943008
0.00953223
0.00943043
0.00957465
0.00943055
0.00956604
0.014477
0.0143791
0.0143376
0.00956015
0.00943452
0.00957813
0.00943804
0.00943232
0.00960156
0.00943567
0.00959736
0.0144304
0.0144492
0.00963499
0.00943257
0.00967366
0.00943935
0.00943289
0.00954974
0.00943605
0.00943006
0.00954591
0.00943604
0.00956069
0.00954292
0.0094329
0.00955101
0.0145471
0.0145416
0.00942872
0.00954057
0.00943246
0.00956596
0.00943287
0.00957179
0.0144818
0.0143413
0.0143738
0.00957146
0.00943733
0.00957265
0.00944418
0.00943473
0.00959755
0.00944208
0.00959648
0.0144565
0.0144891
0.00967503
0.00943913
0.00966673
0.00944634
0.00943595
0.00955249
0.00944385
0.00943567
0.00955848
0.00944242
0.00954441
0.00954895
0.0094418
0.00956577
0.0145525
0.0146053
0.00943258
0.00954573
0.00944069
0.00957192
0.00944118
0.00957592
0.0145019
0.0143951
0.0144532
0.00956501
0.00944442
0.00956531
0.0094515
0.0094425
0.00959619
0.0094501
0.0095854
0.014497
0.0145517
0.00965773
0.00944599
0.00964218
0.00945265
0.00944464
0.00955491
0.00945314
0.00944287
0.00953768
0.00945063
0.00953729
0.00956393
0.00945171
0.00957372
0.0146185
0.014625
0.00944152
0.00957662
0.00945038
0.00957619
0.00945063
0.00958486
0.0145293
0.0144823
0.0145717
0.00955755
0.00945139
0.00955994
0.00945642
0.0094499
0.00958027
0.00945527
0.00956795
0.014577
0.0146961
0.00963171
0.00945216
0.00961468
0.0094566
0.00945275
0.00954884
0.00945576
0.00945081
0.00953691
0.0094564
0.0095443
0.00956783
0.00945531
0.00957392
0.0146204
0.0146572
0.00945059
0.00959711
0.00945531
0.00958389
0.0094552
0.00957223
0.0146584
0.0146007
0.0146781
0.00955593
0.00945513
0.00956753
0.00945375
0.0094539
0.00955885
0.00945288
0.00955458
0.0147458
0.0148814
0.00961406
0.0094554
0.00962967
0.00945587
0.00945421
0.009553
0.00945459
0.00945516
0.00954238
0.00945421
0.00954178
0.00956992
0.00945449
0.00957743
0.0146909
0.0148304
0.00945361
0.00957906
0.00945309
0.00956568
0.00945366
0.00955946
0.0148317
0.0146966
0.0147856
0.00956545
0.00944959
0.00957062
0.0094393
0.00944865
0.00954696
0.0094402
0.0095531
0.0149252
0.0150425
0.00964198
0.00945251
0.00966114
0.00944517
0.00945084
0.00953804
0.0094402
0.00944991
0.00953613
0.00943971
0.00952718
0.00957155
0.00943963
0.00956476
0.0148896
0.0150395
0.009449
0.00955409
0.00943977
0.0095602
0.00944296
0.00957052
0.0149639
0.0148238
0.0149799
0.00956256
0.00943277
0.00956064
0.00942308
0.00943436
0.00955317
0.00942656
0.00962448
0.0150835
0.0152573
0.00966004
0.00943842
0.0096317
0.00942453
0.00943339
0.00957125
0.00942329
0.00943241
0.00952685
0.00942167
0.00952512
0.00955525
0.00942382
0.00959301
0.0150756
0.015188
0.00943311
0.00953635
0.00942329
0.009575
0.00942807
0.00963609
0.0152013
0.0150267
0.0151803
0.00956567
0.00941986
0.00972301
0.00942539
0.00942325
0.00969839
0.00942645
0.0103049
0.0153448
0.0157351
0.00962943
0.00942034
0.00966482
0.0094319
0.00941901
0.0102473
0.00942777
0.00941828
0.00953682
0.00942913
0.009608
0.00965802
0.00942654
0.0102629
0.0152115
0.0153209
0.00941951
0.00970312
0.00942835
0.0097075
0.00943173
0.0103034
0.0157239
0.0152223
0.0154142
0.00984612
0.00942553
0.0104137
0.00944047
0.00943008
0.0106536
0.00950502
0.0120196
0.0159071
0.016455
0.0097131
0.0094416
0.0100131
0.00952704
0.00943437
0.0120007
0.00948365
0.00943573
0.00966646
0.00951458
0.00999792
0.0106231
0.0094751
0.0120316
0.0153564
0.0155336
0.00942946
0.0103951
0.0094462
0.0106526
0.00952377
0.0120285
0.0164571
0.015446
0.0156249
0.0106367
0.00946776
0.0115257
0.00991338
0.00958641
0.0124003
0.0100691
0.012656
0.0165633
0.0160549
0.0101823
0.0096066
0.010975
0.0101983
0.00952467
0.0127362
0.0098701
0.00959164
0.0101779
0.0101847
0.0109793
0.0124399
0.00986439
0.0127625
0.0155508
0.0156675
0.00947578
0.0115181
0.00992992
0.012415
0.0101006
0.0126703
0.0160659
0.0190798
0.0192631
0.0156789
0.0139967
0.0148916
0.0145325
0.0180134
0.0186541
0.0100756
0.00997656
0.00981301
0.0119773
0.0103254
0.0102447
0.00989476
0.010646
0.00978363
0.0101959
0.0104148
0.0123044
0.00981526
0.0107908
0.0137895
0.015999
0.0109544
0.0129697
0.0132333
0.0156897
0.0115542
0.0147282
0.0136845
0.0143387
0.0140731
0.00981008
0.0104377
0.0100813
0.0102391
0.00989456
0.0119635
0.0103251
0.0101971
0.0100894
0.0106482
0.00981579
0.0107901
0.0104217
0.0123037
0.0121039
0.0106314
0.0104633
0.0104122
0.0112767
0.0112933
0.0108877
0.0132145
0.011302
0.0152619
0.0128505
0.0123123
0.0120773
0.0151122
0.0123578
0.0103932
0.0108191
0.0106024
0.0115091
0.0108133
0.0114186
0.015361
17.3089
12.2749
8.86875
12.8324
10.3756
12.7602
9.48471
13.6813
18.2028
6.89833
32.0926
10.3394
22.7333
8.7322
13.9092
21.2292
15.2271
38.7485
12.7123
22.0786
11.39
11.3955
10.7235
13.3364
8.62797
10.8714
9.83503
12.4502
21.9763
17.5117
41.2049
12.7609
22.7063
13.935
12.385
16.9986
11.4914
23.9825
10.2171
20.7177
8.93831
11.7767
13.1604
12.4589
16.1132
19.4892
9.23963
38.1501
12.682
26.5913
17.976
13.707
26.4767
15.1284
13.0465
14.9489
30.2319
53.1412
32.8388
27.2273
17.1053
29.4143
8.61136
17.7565
9.96432
39.3087
9.91355
25.4788
12.2491
7.20495
11.313
12.4891
28.4066
43.1135
31.0751
26.8008
16.8348
24.4756
6.6463
13.6392
5.34691
12.4715
13.8258
28.8774
16.1192
33.1889
14.0061
30.3405
49.7681
91.5167
17.5135
32.3186
57.1515
14.2523
39.5661
14.6004
16.1956
112.368
87.1682
33.3964
13.5888
69.1378
5.7678
28.5857
27.8018
26.4596
14.3684
25.0458
18.5579
2.85825
12.2449
4.73875
111.259
4.10412
7.98598
39.7644
701.394
14.1658
3.07613
136.978
2.96755
183.865
15.9487
14.1641
17.7726
177.869
274.275
54.5767
12.3587
226.739
10.3078
22.1833
98.8312
47.0771
36.8725
9.10518
137.732
10.462
261.622
8.97723
50.091
4.4054
206.541
5.72074
22.8404
48.5261
40.1259
20.9694
9.63916
35.2895
4.81615
6.73546
41.1461
13.9245
20.4715
4.95668
16.5349
4.66839
35.21
4.16534
28.677
5.10007
17.29
4.81145
7.51811
8.27056
6.79119
17.5105
5.87307
8.87161
8.54631
37.9173
24.0203
51.2273
72.6153
20.5757
36.7377
78.3381
36.8482
26.133
49.4215
63.1733
17.0515
35.1947
58.965
18.3694
9.25688
10.3377
19.6085
20.6372
9.32013
15.9556
61.4451
83.536
45.813
149.485
38.7174
136.595
64.7831
112.941
59.5297
33.5171
89.155
24.0187
79.1875
81.3845
90.4755
48.8743
137.437
178.362
61.6903
69.3416
204.449
162.153
157.162
245.798
251.521
250.228
171.163
164.989
443.348
191.072
139.245
274.329
258.669
266.147
502.626
25.5518
51.0799
59.8159
26.0474
32.3245
33.2351
74.2795
27.7169
58.0231
26.2676
33.2855
72.9435
33.5842
75.6013
36.0044
75.3351
32.982
36.402
89.0017
39.1817
84.0907
38.1777
42.7959
78.8416
84.3481
39.8973
40.4261
81.4015
29.2614
54.4095
30.0008
34.2683
68.0213
33.6996
63.9549
26.1612
46.4011
47.2926
28.6256
29.9194
33.491
57.9128
38.7696
44.3844
74.4156
73.8375
39.928
42.493
69.8465
34.8239
55.4762
32.2249
37.0385
69.7339
39.1272
65.8061
40.0447
118.831
42.3899
42.4519
97.4237
42.81
105.199
39.4232
40.9117
83.6224
71.7091
41.5435
36.3016
79.9513
42.5691
150.983
138.687
43.2476
43.6655
41.615
115.893
26.8274
84.5373
36.1047
36.4045
66.8537
31.835
81.8362
36.7735
42.3776
76.7986
73.6039
41.5125
35.2522
77.9596
34.9803
51.5671
30.1603
36.5244
75.5117
39.4003
76.2669
25.8714
54.3986
25.8951
31.2707
69.185
29.8093
68.3104
21.3648
33.371
55.9007
17.9644
23.5823
27.6132
50.1909
9.09344
9.11787
10.7825
10.7894
8.97144
9.84762
10.2276
8.82528
6.50688
7.89819
11.7109
9.38651
6.59867
12.9504
20.2296
10.7532
11.0445
19.9248
14.4511
19.5165
25.352
21.0908
18.1222
31.7955
29.6555
20.7803
17.9459
32.5945
25.6748
34.3444
32.4969
29.3222
27.969
34.256
30.165
455.022
336.7
399.666
391.4
381.252
402.383
477.892
1288.72
1763.64
305.576
1250.29
77.5298
71.0394
55.4243
57.8786
52.0067
48.4749
73.5267
82.3457
71.0318
64.1801
73.6774
67.9789
78.2022
57.3834
70.7042
63.1754
57.7965
62.5194
52.884
67.7921
50.9474
49.7946
47.4136
43.7961
45.0637
46.4087
55.8027
63.1142
57.9411
62.2333
60.5464
63.1706
54.2566
49.8704
49.937
44.7435
52.9954
45.9693
53.9021
49.0215
44.8229
39.9007
53.6552
60.672
55.3906
45.4047
56.1696
48.5247
50.2917
43.6131
59.196
47.4875
40.5716
39.9209
38.3088
47.2892
40.7806
41.6982
43.0044
39.2516
38.4746
36.8798
40.2974
45.3613
40.9816
39.5882
42.6359
42.3036
38.0951
35.6713
32.7438
31.8918
35.0202
33.8013
37.7968
33.7161
36.1605
30.5847
82.2576
119.135
95.6568
93.9157
83.8894
81.987
108.69
110.925
97.2447
112.297
118.8
146.784
136.521
136.42
118.263
137.818
126.789
121.838
86.4441
83.765
84.9032
77.507
74.193
82.2713
77.5307
91.6845
79.5407
97.2956
90.1543
99.1504
89.4837
97.6854
103.56
89.0276
88.0858
100.957
100.072
88.288
35.4211
25.9191
49.2041
42.2029
41.6463
30.4041
37.8158
36.6234
31.7907
34.6391
37.6136
24.0337
22.3234
23.8017
27.8631
24.4294
26.9755
25.0699
28.1251
22.4782
20.7202
19.7048
21.5036
24.3842
23.2557
18.6875
24.5403
21.2292
19.7554
18.5909
17.6016
19.1453
17.3789
152.154
187.37
172.027
155.406
153.305
137.636
170.276
164.14
152.832
235.82
228.946
203.244
172.627
248.706
211.972
195.588
118.481
95.1491
105.879
106.807
116.014
109.489
93.5821
100.624
110.789
114.63
106.172
119.858
112.003
119.614
157.867
108.451
117.83
126.254
119.851
114.325
182.826
75.2123
54.4646
85.6576
515.301
470.587
1287.76
218.259
186.663
158.416
189.227
3071.36
442.063
34.2399
23.7855
18.1256
22.3715
22.0894
28.3245
20.7846
30.9944
18.7407
26.2205
16.1561
113.537
137.897
35.9155
34.1941
94.6268
141.285
36.0237
101.049
38.0505
343.574
216.554
499.41
827.437
990.672
734.159
243.736
398.052
533.617
1856.32
1359.27
2621.32
2340.41
1536.58
1519.37
620.665
317.775
185.156
119.94
402.472
439.334
274.27
501.716
206.156
151.096
196.962
287.708
375.091
254.231
913.328
438.437
974.102
473.285
914.527
503.939
481.558
1143.83
1087.45
516.334
291.274
264.747
431.741
2703.64
2542.64
955.48
1263.35
2025.15
671.523
287.114
152.961
69.1287
143.375
140.329
300.04
124.673
287.649
182.635
68.6781
100.159
150.634
259.587
121.984
543.866
383.027
736.631
272.289
377.588
170.755
199.92
0.0168941
0.0186266
0.0153747
0.0138734
0.0146666
0.0143399
0.0132234
0.0152647
0.0112996
0.0128519
0.0123284
0.0151157
0.0120724
0.0116978
0.0105182
0.0104804
0.0105518
0.0107996
0.0111551
0.0108575
0.0210393
0.0191842
0.0164318
0.0226434
0.0167331
0.0151517
0.0154075
0.0137385
0.0167523
0.0147941
0.0129427
0.015167
0.0130672
0.0124946
0.0115453
0.0150908
0.0127106
0.0109211
0.0118895
0.0112527
0.0188241
0.0193069
0.0123524
0.0108243
0.0103974
0.0105815
0.0115031
0.0114187
0.0108127
0.0140356
0.0160594
0.0110483
0.0128958
0.0132145
0.0158091
0.0116267
0.0168219
0.0231149
0.0171117
0.0154373
0.02106
0.0185996
0.0128052
0.0115414
0.0163483
0.0134603
0.0109164
0.012129
0.0112212
0.0164775
0.0134896
0.0176268
0.0154654
0.0140525
0.0157515
0.0124687
0.0153472
0.0152426
0.0132481
0.0150714
0.0110697
0.0123299
0.0125515
0.0150158
0.0117613
0.0147577
0.0137187
0.0143666
0.0141242
0.0116711
0.0105997
0.0103254
0.0109024
0.0109333
0.0110822
0.0108277
0.0162804
0.0174247
0.0152334
0.0134582
0.0156173
0.0141836
0.0127995
0.0150345
0.0126321
0.016004
0.0167579
0.0155457
0.0148032
0.0117714
0.0119992
0.0147839
0.0126557
0.0112887
0.0116071
0.0114218
0.0185101
0.0192121
0.0121151
0.0104577
0.0106323
0.010417
0.0112879
0.0108849
0.0113045
0.0150211
0.0138981
0.0145258
0.0144216
0.0159197
0.0135013
0.0165465
0.0148546
0.0141055
0.0155259
0.0123844
0.0167137
0.0177887
0.0115756
0.0131293
0.0158083
0.0132059
0.0108191
0.0112883
0.0121285
0.0165532
0.0172854
0.0159972
0.0152899
0.0116787
0.0103477
0.0105882
0.0108922
0.0109479
0.0108409
0.0110798
0.0180376
0.018711
0.0131993
0.0110349
0.0150534
0.0123287
0.0124906
0.0117159
0.0150049
0.0159929
0.0166838
0.0155134
0.0147375
0.0119779
0.0117714
0.0147323
0.0126517
0.0112791
0.0114172
0.011609
0.0162379
0.0174191
0.0134033
0.0152323
0.0155857
0.014146
0.0127903
0.0125791
0.0150293
0.0150151
0.0138861
0.0145214
0.0144039
0.013796
0.0109582
0.0160254
0.0129818
0.0132551
0.0115588
0.0157086
0.0184971
0.0191859
0.013084
0.0115718
0.0158015
0.0131985
0.0108153
0.012108
0.0112869
0.0165358
0.0172767
0.0159887
0.0152672
0.013499
0.0159273
0.0165437
0.0148524
0.0141104
0.0123847
0.0155371
0.0167076
0.0177821
0.0168955
0.0186218
0.0116971
0.0104996
0.0105194
0.0105643
0.0107975
0.0108742
0.0111581
0.0190935
0.0192908
0.0153855
0.0138867
0.014676
0.0143548
0.0137461
0.0154038
0.0167563
0.0147921
0.0129311
0.0130731
0.0151634
0.011562
0.0125037
0.0150839
0.0127117
0.0109322
0.0112677
0.0118949
0.0210417
0.0191932
0.0164578
0.0226582
0.0167445
0.0151699
0.0140407
0.0110437
0.0160683
0.0129111
0.0132175
0.0116245
0.0158208
0.0156877
0.0140099
0.0149008
0.0145475
0.0188265
0.0193078
0.0115457
0.0128157
0.0163527
0.0134665
0.0109334
0.0112241
0.0121331
0.0134943
0.0164898
0.0176337
0.0154714
0.0140708
0.0124718
0.0157648
0.0168439
0.0231239
0.0171217
0.0154543
0.0210655
0.0186047
0.0152562
7.2354
7.25893
7.6175
8.68011
9.08098
9.2877
11.0702
10.7507
9.01795
8.69633
10.4589
8.83138
9.94185
7.96554
10.598
7.91399
9.32794
10.5999
11.1765
7.1519
7.55489
6.98438
7.77836
10.7898
7.59203
16.0864
10.8078
11.3101
11.2386
12.9399
13.6854
13.9965
9.92509
15.9124
10.1927
20.9752
16.5585
9.29546
10.4618
9.22795
12.126
13.8941
11.6785
13.8123
15.021
24.7532
27.234
15.4375
13.6695
22.8831
12.3332
10.2586
10.3109
22.5874
9.53671
14.2969
17.2394
26.8473
22.6369
16.0538
23.4241
13.3554
18.4949
40.457
20.7886
18.1823
12.2007
14.9341
12.3041
17.5288
16.752
104.057
118.718
70.404
77.0535
116.598
60.5261
102.164
213.052
42.1078
66.523
53.4032
131.042
71.482
69.3804
425.611
398.587
128.409
151.321
189.379
100.873
506.365
1629.26
1337.29
1374.55
1950.47
1843.28
1095.07
2020.67
119.461
120.02
278.53
303.481
227.771
113.533
127.575
148.366
170.822
181.835
167.327
265.891
302.311
266.672
235.257
220.687
340.567
282.415
663.711
94.8619
23.0396
770.946
984.357
37.2874
650.38
114.664
82.5498
67.0123
120.766
103.706
65.1612
147.444
96.3658
86.7386
63.0905
54.2195
92.9962
59.4006
103.617
44.9483
42.3307
38.3443
36.3433
34.9815
36.8978
79.7032
73.3601
38.0022
51.9344
23.373
40.8746
29.8793
35.5357
16.6411
26.4122
19.8593
21.6134
25.4856
22.4051
14.0695
18.5686
22.6144
23.6636
20.8949
20.5552
23.7332
22.2037
23.2899
82.4009
87.8752
75.7775
73.6556
20.6218
72.8791
36.917
32.0427
11.7269
40.4204
17.7902
21.4016
20.1085
18.6231
12.4904
17.5504
13.2753
14.0492
16.5209
19.3191
19.7651
19.2627
17.5847
15.6996
19.0217
85.6875
79.4827
72.8411
63.4238
72.242
70.1973
63.0526
33.1538
41.133
35.5837
25.3321
28.0085
22.802
31.294
14.0215
28.9786
31.8463
26.4793
29.6896
28.566
27.403
36.0906
38.9569
22.2777
22.3627
10.7906
21.5288
15.3911
11.8066
6.552
18.8539
10.1999
15.4052
15.0055
15.4984
7.57252
12.6319
16.4964
18.0199
18.1128
18.093
16.9955
17.4334
17.7755
32.5642
39.4884
38.9555
36.2951
6.97375
19.152
10.4212
8.03792
4.60069
8.4661
7.72531
14.8363
11.031
12.6816
6.61093
12.4084
9.08775
10.9996
13.366
14.3271
15.1234
14.8462
13.8876
13.8533
14.3849
12.9155
19.8832
21.7307
16.6226
19.7854
12.6499
14.9342
9.64516
10.7043
9.48317
10.0163
9.7825
10.5414
8.99305
11.5489
15.8864
19.0721
18.0379
19.988
19.9617
17.7843
20.0201
25.2846
10.8375
5.9254
3.83889
8.3089
7.28609
3.09236
2.22345
12.8442
5.63004
10.2952
8.31453
10.5081
4.19164
8.28875
12.4354
13.8214
13.3398
13.307
13.0766
13.1192
12.8585
5.68146
14.759
9.93533
7.98213
3.15007
5.08347
6.1478
3.12799
2.1076
3.95601
4.88682
10.2775
7.35063
9.46238
3.33158
8.25632
5.82146
7.99787
10.6973
11.4152
11.4418
11.0964
11.2055
10.9023
11.0098
5.35175
5.76286
5.6666
4.87144
5.75248
5.3311
5.15399
7.38091
8.00658
7.06068
7.22788
7.64199
7.7719
6.80101
9.53463
7.67628
9.78288
11.4201
12.3552
12.679
10.9134
1.56282
3.98107
3.85352
1.70329
1.3369
1.17769
1.70029
1.0352
0.739529
8.37247
2.96156
6.49592
3.53796
6.47992
1.89407
4.94224
8.95778
10.2642
9.49868
9.46331
9.69157
9.50676
8.90893
2.00399
1.95699
2.22323
1.61302
1.32617
3.22325
3.88378
1.765
0.857533
2.62264
3.08221
6.42661
4.54875
6.58653
1.7664
4.92428
3.60276
5.35768
8.10811
8.71775
8.25035
7.50065
8.73124
8.06437
7.68906
4.02876
4.12976
4.10532
3.56789
4.27894
3.91396
3.86114
5.3981
5.60018
5.22068
5.04501
5.66851
5.44941
4.97543
7.38916
0.673722
1.34489
4.83751
5.36718
6.43415
3.71407
0.381997
0.460787
0.655267
0.651282
0.334728
0.209295
0.210025
0.417105
0.167661
4.57062
1.02995
3.48396
0.835748
2.76656
0.481987
2.31297
5.28033
6.51758
5.80506
5.48487
6.14994
5.55126
5.07217
1.08897
0.960052
1.23145
0.830003
0.670986
2.09628
2.432
0.881785
0.572617
1.61764
1.90642
3.63604
2.88579
4.26497
0.923881
2.64717
2.30529
3.34505
5.45214
5.85702
5.36333
4.42624
6.08562
5.19079
4.78325
2.98402
2.9595
3.09684
2.57049
3.22611
2.74744
2.8596
3.76341
3.83743
3.76044
3.33669
4.06174
3.63991
3.4897
5.31612
0.0895191
0.111223
0.777059
0.705277
1.2708
0.386946
0.172718
0.203271
0.103715
0.269058
0.111351
0.101144
0.0764424
0.171817
0.0867605
1.56629
0.221976
1.56022
0.13328
0.931494
0.112906
1.03854
2.45471
2.85736
2.50624
2.12822
2.90476
2.33424
2.12802
0.458665
0.402226
0.552246
0.331429
0.46904
1.16266
1.41631
0.351256
0.334288
0.741764
0.960021
1.93383
1.79921
2.60132
0.453357
1.32942
1.32565
1.94502
2.80048
3.15525
3.05297
2.42673
3.47953
2.68745
2.69015
1.95633
1.92523
2.09828
1.55967
2.22586
1.67635
1.83345
2.47755
2.56062
2.57922
2.11619
2.75171
2.32621
2.30591
3.2568
0.059185
0.0636297
0.0558967
0.0611392
0.116763
0.0415813
0.107288
0.117302
0.0637782
0.113446
0.0655195
0.0661763
0.0538513
0.0813253
0.0463245
0.461105
0.0671223
0.536898
0.0433019
0.142652
0.0453112
0.15239
1.09673
1.15149
1.00759
0.676745
1.35918
0.878986
0.787971
0.146653
0.142755
0.17807
0.124319
0.203452
0.405301
0.564832
0.115049
0.108586
0.202736
0.288458
0.759941
0.876243
1.29481
0.109247
0.319054
0.489522
0.753308
1.7158
1.79427
1.83565
1.3349
1.83696
1.54628
1.59259
0.810167
0.866733
0.970496
0.547794
1.08923
0.631682
0.702941
1.2963
1.39696
1.44581
1.0121
1.58436
1.17084
1.16
1.71959
0.0420753
0.0449681
0.0225147
0.028087
0.0241124
0.0260566
0.0747036
0.0794568
0.0445834
0.0624424
0.033962
0.0463493
0.0370832
0.0484953
0.0267832
0.0306785
0.0316071
0.0358789
0.0292406
0.022488
0.0257988
0.022997
0.057237
0.108968
0.0965768
0.0245203
0.190635
0.031846
0.0336186
0.0889773
0.0883217
0.0905637
0.0822873
0.0630447
0.111261
0.149365
0.0582179
0.0412498
0.0733254
0.0902474
0.117192
0.248032
0.443275
0.0364834
0.0463755
0.12907
0.243921
0.783204
0.787328
0.789783
0.245938
1.1245
0.493682
0.514694
0.134651
0.19024
0.186944
0.106831
0.225146
0.130067
0.10944
0.319236
0.417404
0.395027
0.233799
0.466423
0.300606
0.251031
0.677919
0.0298082
0.0316712
0.0176017
0.0208289
0.0185528
0.0195976
0.0540784
0.0587273
0.0311191
0.0384413
0.0223961
0.0326743
0.0266539
0.0312043
0.0196355
0.0186509
0.0224012
0.0202974
0.0215186
0.0162694
0.0199514
0.0174194
0.0143407
0.0155627
0.0163474
0.0156247
0.0148393
0.0149463
0.015688
0.0582838
0.060774
0.0631632
0.0561397
0.0288967
0.0573554
0.0518605
0.0362062
0.0224147
0.0470325
0.0327194
0.0250886
0.0608296
0.111147
0.0211503
0.0204555
0.0285551
0.0407599
0.0840209
0.0567797
0.0871697
0.0194932
0.156877
0.0276298
0.0429243
0.0556207
0.0744108
0.0657371
0.0606396
0.0606147
0.0618839
0.0613277
0.0709938
0.106327
0.0790316
0.0648421
0.0998329
0.0748343
0.0598769
0.118066
0.021622
0.0232276
0.0139361
0.015593
0.0144368
0.0147985
0.0376514
0.0414412
0.023486
0.0262654
0.0177401
0.0243421
0.0206103
0.0225964
0.016746
0.0143986
0.0179561
0.0147024
0.0156939
0.0129239
0.0159273
0.012824
0.0123937
0.0132729
0.0133577
0.0132145
0.012816
0.012889
0.0128975
0.0390631
0.0419414
0.0434481
0.0377831
0.0188122
0.0371547
0.0230882
0.0245487
0.0164214
0.0289419
0.0165356
0.0160693
0.0183143
0.0184689
0.0163184
0.013214
0.0145751
0.0132078
0.0132876
0.0134688
0.0160564
0.0131234
0.0149123
0.0125419
0.0139025
0.0343912
0.0424829
0.045299
0.0394113
0.0422256
0.0369741
0.0380833
0.0178094
0.0246083
0.0279291
0.0185014
0.0229521
0.0178426
0.0200155
0.0151328
0.0149511
0.0165161
0.0123817
0.0130551
0.0127857
0.0127354
0.0234997
0.0268508
0.0170775
0.0190534
0.0154341
0.016541
0.0136547
0.0147579
0.0135737
0.0118494
0.0140548
0.0117477
0.0119635
0.011056
0.012611
0.011001
0.0111026
0.0120458
0.0114347
0.0115422
0.0113473
0.0119113
0.0111585
0.0225398
0.0259754
0.026449
0.0223137
0.0145036
0.0219004
0.0133655
0.0136344
0.0132103
0.0143095
0.0118645
0.0117509
0.0126284
0.0115449
0.0124944
0.0109439
0.0114244
0.0107233
0.0106435
0.0109117
0.011231
0.0108557
0.0109779
0.0106285
0.0108865
0.0147558
0.0206364
0.0197152
0.0185934
0.0173942
0.0164807
0.0164191
0.0114097
0.0120855
0.012145
0.0117551
0.011928
0.0115257
0.0116516
0.0120089
0.0129153
0.0131203
0.0118538
0.0118215
0.0118975
0.0117252
0.0146088
0.016108
0.0116347
0.0122521
0.0120852
0.0111582
0.0106193
0.0109806
0.0109878
0.0104714
0.0115092
0.0104469
0.0103903
0.0100617
0.0106763
0.0100451
0.0103379
0.0118136
0.0103351
0.0105633
0.0105021
0.0118594
0.0101728
0.0127222
0.0138612
0.014115
0.0123639
0.0119573
0.0113063
0.0110214
0.010795
0.0110009
0.0105476
0.010418
0.0104289
0.010672
0.0102781
0.0105943
0.010051
0.0101972
0.00996903
0.00996788
0.0100969
0.0101701
0.0100635
0.0100858
0.00998015
0.0100628
0.0111328
0.0113198
0.0125204
0.0115195
0.0112766
0.0110052
0.0122369
0.0102637
0.010477
0.0106084
0.0103906
0.0104412
0.010288
0.0103736
0.0119748
0.0137518
0.0135098
0.0118934
0.0116477
0.0118663
0.0116572
0.0141487
0.01416
0.0100904
0.0102555
0.0102311
0.00983811
0.00979502
0.00985679
0.00979779
0.0097903
0.010065
0.00976627
0.00975186
0.00961206
0.00975977
0.00960183
0.00986038
0.0120741
0.00977301
0.0100069
0.00994964
0.0121739
0.00969849
0.0119603
0.0116596
0.0119495
0.0116643
0.0102469
0.0100849
0.00998863
0.00983495
0.00981068
0.00975675
0.00970163
0.00977772
0.00985835
0.00973621
0.00972966
0.00961151
0.00964795
0.0095814
0.00963499
0.00968609
0.00972463
0.00967083
0.0096819
0.00963996
0.00968586
0.0100718
0.0100942
0.0120658
0.0102157
0.0102667
0.00992169
0.0121462
0.00977525
0.00982054
0.00985267
0.00976946
0.00982866
0.00975364
0.00977912
0.0121115
0.0143091
0.01421
0.0120143
0.0117073
0.0119798
0.0117323
0.0144038
0.0143288
0.00962442
0.00962542
0.00962026
0.00951588
0.00955935
0.00953018
0.00955294
0.0095152
0.00962074
0.0095252
0.00952523
0.00947488
0.00955861
0.00949442
0.00967217
0.0124191
0.00956921
0.00979826
0.00970194
0.0125111
0.00956337
0.012043
0.0117049
0.0120193
0.0117248
0.00961612
0.00956365
0.00956076
0.00951434
0.00953866
0.0094846
0.0095026
0.00953359
0.00955195
0.0095032
0.00954672
0.00950131
0.00951376
0.00946929
0.00954965
0.00956959
0.00957013
0.00956492
0.00955375
0.00956721
0.00956954
0.00966235
0.009576
0.0123733
0.0096426
0.0097114
0.00954795
0.0124697
0.00958357
0.00957989
0.00957921
0.00957112
0.00959097
0.00957179
0.00957138
0.0121275
0.0144775
0.0144377
0.0121053
0.0117793
0.0120783
0.0118024
0.0146296
0.0145711
0.00953163
0.0094955
0.00952549
0.00946327
0.00951388
0.00947986
0.00951409
0.00945978
0.00952734
0.00948172
0.0094887
0.00945435
0.00951046
0.00947382
0.00964036
0.0126777
0.0095591
0.00978524
0.0096437
0.0127364
0.00956651
0.0121006
0.011767
0.0120857
0.0117834
0.00950816
0.0094562
0.00948294
0.00946546
0.00949906
0.00944784
0.00947801
0.00948535
0.00949628
0.00945563
0.00950775
0.00947456
0.00948497
0.00945039
0.00954901
0.00953864
0.00953625
0.00953179
0.00954723
0.00953421
0.00953746
0.00956139
0.00945957
0.0126094
0.0095721
0.00957182
0.00946337
0.012678
0.00951214
0.00950965
0.00950717
0.00951291
0.00950764
0.00951126
0.00951469
0.0122201
0.014556
0.0145181
0.0121609
0.0118348
0.0121426
0.0118513
0.014778
0.0147458
0.00949927
0.00947061
0.00950938
0.00945313
0.00948826
0.00946765
0.00950846
0.00945156
0.00950272
0.00946765
0.00947869
0.00945107
0.00950398
0.00946639
0.00961232
0.0127971
0.00952497
0.00969009
0.00962184
0.0128136
0.00951134
0.0121593
0.0118097
0.0121369
0.011823
0.00949962
0.00944791
0.00947767
0.00946625
0.00950569
0.00945141
0.00948068
0.00946859
0.00947817
0.00945015
0.00950528
0.00946914
0.00947783
0.00945407
0.00950957
0.00949982
0.00949295
0.0094854
0.00951859
0.00949568
0.00948891
0.00955722
0.00947076
0.0127506
0.00963974
0.00955593
0.00947995
0.0127853
0.00949234
0.00948218
0.0094976
0.00948645
0.00948482
0.0094852
0.00950432
0.0123818
0.0147122
0.0146469
0.0121979
0.0118745
0.0121843
0.011887
0.0148964
0.0148599
0.00948456
0.00947108
0.00951177
0.00946222
0.00948706
0.00947748
0.00951776
0.00945388
0.00951164
0.00947035
0.00948492
0.00945848
0.00952013
0.00947649
0.00962152
0.0127988
0.00947901
0.0096221
0.00961882
0.0128215
0.00948417
0.0122251
0.0118486
0.0122068
0.0118594
0.00951576
0.00945749
0.00948737
0.00949142
0.00952711
0.00946709
0.00949705
0.00947402
0.00948229
0.00945912
0.00952029
0.00948003
0.00948814
0.00946353
0.00949683
0.00948461
0.00946982
0.00947463
0.00949533
0.0094881
0.00947487
0.00959986
0.00952185
0.0128177
0.00976941
0.00958836
0.00955014
0.0128562
0.00949701
0.00947181
0.00949197
0.00947768
0.00948848
0.00947607
0.00949607
0.0125542
0.014961
0.0148871
0.0122523
0.0119159
0.012232
0.0119296
0.0150911
0.015037
0.00949082
0.00948329
0.00952284
0.00946967
0.00949287
0.00948635
0.00952488
0.00946255
0.00952561
0.00948218
0.00949212
0.00946478
0.00952712
0.00948548
0.00962803
0.0128886
0.00949612
0.00967273
0.00963141
0.0129276
0.00950195
0.0122748
0.0118923
0.0122584
0.0119083
0.00953535
0.00947686
0.00950555
0.00951046
0.00953664
0.00948047
0.00950759
0.00948413
0.00949246
0.00946702
0.0095242
0.00948535
0.00949396
0.00946944
0.00950279
0.00949345
0.00947507
0.00948015
0.00950165
0.00949641
0.00947985
0.00966547
0.00966653
0.0129515
0.00997502
0.00965373
0.00969751
0.0130001
0.00952222
0.00947757
0.0094971
0.00948561
0.00951388
0.00948298
0.0095021
0.0127024
0.0152296
0.01516
0.0123526
0.0119734
0.012323
0.0119917
0.0153231
0.0152673
0.00949212
0.00948645
0.00952323
0.00946962
0.00948878
0.00948414
0.009519
0.00946492
0.00952523
0.00948548
0.00948627
0.00946276
0.00952103
0.00948244
0.00963595
0.0130035
0.0095034
0.00969651
0.00963673
0.0130401
0.00950234
0.0123477
0.0119665
0.0123254
0.0119865
0.00953162
0.00947572
0.0095026
0.00949884
0.0095246
0.00946884
0.00949549
0.00948493
0.00949328
0.00947032
0.00951868
0.00948305
0.00949058
0.00946938
0.00950209
0.00950003
0.00947688
0.00948121
0.00950255
0.00950045
0.00947866
0.00966042
0.00969994
0.0130893
0.00996245
0.00966829
0.00968353
0.013123
0.00952116
0.00948109
0.00950022
0.00948405
0.00952267
0.00948154
0.00950145
0.0128433
0.0154766
0.0154201
0.0124565
0.0120507
0.0124306
0.0120724
0.0155455
0.0154878
0.00948244
0.00947899
0.00951361
0.00945854
0.00947379
0.00947136
0.0095078
0.00945813
0.00951496
0.00947646
0.00947128
0.00945202
0.00950815
0.00946897
0.00962582
0.0131304
0.0094872
0.00967412
0.00963421
0.0131755
0.00948221
0.0124368
0.012047
0.0124107
0.0120689
0.00951835
0.00946306
0.00948825
0.00948288
0.00951232
0.00945784
0.00948044
0.00947878
0.00948566
0.00946662
0.00950972
0.00947206
0.00947843
0.00946108
0.00949866
0.00949571
0.00947152
0.00947268
0.00950015
0.0094916
0.0094712
0.00963176
0.00961941
0.0132136
0.00986299
0.00964108
0.00960412
0.0132567
0.00950755
0.00947196
0.00949527
0.00947378
0.00951054
0.00947077
0.00949579
0.0129803
0.015716
0.015659
0.012554
0.0121405
0.0125288
0.0121625
0.0157922
0.01573
0.00946505
0.00946333
0.00950099
0.00944179
0.00945643
0.00945533
0.00949165
0.00944587
0.00950086
0.0094619
0.00945567
0.00943924
0.00949209
0.00945485
0.00960093
0.0133018
0.00946561
0.00964017
0.00960727
0.013347
0.00946229
0.0125505
0.0121296
0.012522
0.0121478
0.00950496
0.00945167
0.00947137
0.00946789
0.00949624
0.00944491
0.00946193
0.00946413
0.00946912
0.00945292
0.00949279
0.00945564
0.0094584
0.00944348
0.00948705
0.00947664
0.00945906
0.00945606
0.00949024
0.00947253
0.00945659
0.00959784
0.00956296
0.0133737
0.00981331
0.00960723
0.00955773
0.0134224
0.00949245
0.00945834
0.00948418
0.00946137
0.0094944
0.00945713
0.00948158
0.0131651
0.0159717
0.0159053
0.0126567
0.0122266
0.0126294
0.012249
0.016056
0.0159913
0.0094466
0.00944615
0.00947957
0.00942322
0.00943561
0.00943589
0.00946594
0.00943114
0.00948139
0.00944668
0.00943688
0.00942157
0.00946841
0.00943696
0.00960013
0.013456
0.00945219
0.0096289
0.00960024
0.0135035
0.00945246
0.0126635
0.0122072
0.0126354
0.0122281
0.00948599
0.00943636
0.00945249
0.00944972
0.00947421
0.00942606
0.00944283
0.00944652
0.00944755
0.00943333
0.0094676
0.00943684
0.00943683
0.00942301
0.00946969
0.00945778
0.00943973
0.00943778
0.00947332
0.00945545
0.00943641
0.00957764
0.0095522
0.0135523
0.00982602
0.00958357
0.00955142
0.0136023
0.00947993
0.00944244
0.0094639
0.00944273
0.00948144
0.00944087
0.00946033
0.0133352
0.0162415
0.0161724
0.0127616
0.0123224
0.0127354
0.0123492
0.0163203
0.0162539
0.00942443
0.00942564
0.00945212
0.00940601
0.00941456
0.00941694
0.00943961
0.00941111
0.00945363
0.0094256
0.00941429
0.00940171
0.00943957
0.00941411
0.00959186
0.0136337
0.00944459
0.00961446
0.0096023
0.013689
0.00943908
0.0127736
0.0122954
0.0127453
0.0123177
0.0094611
0.00941477
0.00943204
0.00942379
0.00944787
0.00940471
0.00942128
0.00942649
0.00942593
0.00941321
0.00943952
0.009416
0.00941587
0.00940465
0.00945831
0.00944494
0.00942329
0.00942293
0.0094615
0.00944325
0.0094213
0.00954791
0.00952319
0.0137186
0.0097789
0.00955944
0.0095066
0.0137594
0.00946214
0.00942341
0.00944368
0.00941922
0.00946858
0.00941983
0.00943914
0.0134795
0.0164673
0.0164107
0.0128531
0.0124226
0.0128306
0.0124458
0.0165737
0.0165134
0.00940749
0.00941033
0.00942903
0.0093965
0.00940376
0.00940625
0.00942072
0.00939517
0.00942829
0.00940535
0.00940194
0.00939169
0.00942029
0.00940073
0.00953379
0.0138238
0.00941189
0.00953837
0.00955204
0.0138782
0.00940705
0.0128783
0.0123851
0.0128523
0.0124068
0.0094357
0.00939746
0.00941213
0.00940577
0.00942516
0.00939335
0.00940542
0.00940713
0.00940803
0.00939823
0.00941985
0.00940107
0.00940268
0.00939383
0.0094398
0.00942843
0.00940623
0.00940344
0.00944403
0.00942538
0.00940426
0.0095137
0.00945275
0.0138492
0.00966737
0.00952269
0.00944171
0.0138899
0.00943567
0.00940295
0.00942408
0.0094022
0.00944095
0.00940212
0.00942228
0.0136395
0.0166174
0.0165744
0.0129268
0.0124992
0.0129084
0.0125175
0.0167947
0.0167435
0.00940299
0.00940495
0.00941521
0.00939708
0.00940398
0.00940548
0.00941257
0.00939084
0.00941516
0.00939928
0.00940079
0.00939168
0.00941223
0.0093991
0.00950179
0.0139939
0.00940222
0.00950065
0.00950811
0.0140349
0.00940534
0.0129878
0.0124705
0.0129624
0.0124915
0.00941687
0.00939139
0.0094012
0.00939878
0.00941192
0.00939153
0.00939984
0.00939774
0.00939961
0.00939129
0.00941107
0.00939681
0.0093987
0.00939087
0.00942827
0.00941883
0.00939652
0.00939936
0.00942917
0.00942052
0.00939821
0.00949613
0.00941693
0.0139904
0.00960208
0.00949858
0.00941379
0.0140243
0.00942937
0.00939713
0.00941831
0.00939927
0.00942933
0.00939901
0.00941959
0.0137395
0.0167699
0.016723
0.0129897
0.0125595
0.0129735
0.0125747
0.0169811
0.0169415
0.00940546
0.00940647
0.00941233
0.00940111
0.00940683
0.00940733
0.00941412
0.00939369
0.00941135
0.00939968
0.00940417
0.00939659
0.00941301
0.0094016
0.00950043
0.0141095
0.00940844
0.00950699
0.00949944
0.0141325
0.00941008
0.0130772
0.0125423
0.0130606
0.0125568
0.00941061
0.00939329
0.00940072
0.00940139
0.0094124
0.00939648
0.00940308
0.00939794
0.0093996
0.00939257
0.00941263
0.00940088
0.00940212
0.00939585
0.00943044
0.00942075
0.00939884
0.00940324
0.00942864
0.00942361
0.00940198
0.00949235
0.00940274
0.0140951
0.00953699
0.00949187
0.00940256
0.0141144
0.00943113
0.00939946
0.00942527
0.00940313
0.00943029
0.00940221
0.00942771
0.0138103
0.0169179
0.0168773
0.0130515
0.0126081
0.0130339
0.0126223
0.0171214
0.0170891
0.00940929
0.00940938
0.00941799
0.00940883
0.00941422
0.00941413
0.00942441
0.00940112
0.00941752
0.00940608
0.00941362
0.00940733
0.00942429
0.00941277
0.00951227
0.0141943
0.00940814
0.00950418
0.00950536
0.0142101
0.00941147
0.0131333
0.012587
0.0131203
0.0125968
0.00941696
0.00940135
0.0094074
0.00941324
0.00942425
0.00940831
0.00941402
0.00940585
0.00940663
0.00940077
0.00942397
0.00941279
0.00941308
0.00940729
0.00944008
0.00942543
0.00940359
0.00940898
0.00943457
0.00943064
0.00940876
0.00949504
0.00940278
0.0141697
0.00949022
0.00949116
0.00940746
0.0141883
0.00943606
0.00940578
0.00943249
0.00941
0.009432
0.00941059
0.00943524
0.0139215
0.0170212
0.0169873
0.0131184
0.0126565
0.0130995
0.0126729
0.0172432
0.0172122
0.0094217
0.00942156
0.00943338
0.0094245
0.00943064
0.0094304
0.00944375
0.00941495
0.00943303
0.0094212
0.00943028
0.0094235
0.00944328
0.00943057
0.00953587
0.0142758
0.00941838
0.00951557
0.00952575
0.0142936
0.00942446
0.0131866
0.0126226
0.013171
0.0126342
0.00943372
0.00941658
0.00942238
0.0094307
0.00944409
0.0094249
0.0094313
0.00942122
0.00942113
0.00941523
0.00944303
0.0094305
0.00943019
0.00942409
0.00946116
0.00944128
0.00941916
0.00942738
0.00945593
0.00944847
0.00942671
0.00951485
0.00941993
0.0142532
0.00950131
0.00950792
0.00942632
0.0142744
0.00945378
0.00942239
0.00944305
0.0094276
0.00944623
0.00942992
0.00944863
0.0139753
0.0172107
0.0171409
0.0131996
0.0127147
0.0131764
0.0127347
0.017421
0.0173689
0.00943975
0.00943949
0.00945395
0.00944025
0.00944797
0.00944776
0.00946288
0.00943207
0.00945366
0.00943986
0.00944778
0.00943968
0.00946295
0.00944807
0.00955464
0.0143723
0.0094358
0.00953636
0.00954581
0.0143975
0.00944254
0.0132537
0.0126806
0.0132341
0.012702
0.00945406
0.0094326
0.0094399
0.00944714
0.00946282
0.00943957
0.00944768
0.00943983
0.00943923
0.0094329
0.0094628
0.00944817
0.00944751
0.00944049
0.00947793
0.00945937
0.00943741
0.00944604
0.00947307
0.00946616
0.00944491
0.00953824
0.00943624
0.0143496
0.00952199
0.00952882
0.00944185
0.0143751
0.00947207
0.00944242
0.00945912
0.00944691
0.00946528
0.00944897
0.00946541
0.0140361
0.0174635
0.0173954
0.0132783
0.0127792
0.0132584
0.012797
0.0176287
0.0175779
0.00945474
0.00945453
0.00946995
0.00945108
0.00945981
0.00945955
0.00947467
0.00944582
0.00947028
0.00945463
0.0094592
0.00945003
0.00947486
0.00945925
0.00956863
0.0144884
0.00945178
0.00954519
0.00956285
0.0145189
0.00945673
0.0133212
0.0127561
0.0133042
0.0127743
0.00946986
0.0094456
0.00945427
0.00945931
0.00947459
0.00945002
0.00945922
0.00945478
0.00945466
0.00944647
0.00947547
0.00945959
0.0094601
0.00945076
0.0094955
0.00947797
0.0094539
0.00946012
0.00949092
0.00948344
0.00946028
0.009564
0.00944909
0.0144631
0.00953333
0.00955432
0.00945373
0.0144889
0.0094862
0.00945545
0.00947386
0.00945931
0.0094807
0.00946055
0.00947955
0.0141065
0.0176552
0.0176038
0.0133464
0.0128361
0.0133283
0.0128534
0.0177999
0.0177587
0.00946246
0.00946235
0.00947674
0.00945389
0.00946238
0.00946258
0.00947646
0.00945207
0.00947655
0.00946167
0.0094617
0.00945211
0.00947607
0.00946187
0.00957035
0.0146029
0.00945916
0.0095512
0.00956923
0.0146266
0.00946186
0.0133758
0.0128115
0.0133618
0.0128254
0.00947665
0.00945264
0.00946198
0.00946292
0.00947616
0.00945319
0.00946225
0.00946225
0.00946297
0.00945311
0.00947691
0.00946241
0.00946311
0.00945328
0.00950386
0.00949414
0.0094641
0.00946785
0.00950309
0.00949732
0.00946799
0.00957841
0.00945676
0.0145692
0.00954465
0.00957291
0.00945988
0.0145877
0.00949243
0.00946128
0.00948183
0.00946493
0.00948925
0.00946449
0.0094865
0.0141894
0.0178363
0.0177885
0.013411
0.012894
0.013395
0.0129123
0.0179498
0.0179071
0.00945992
0.00946001
0.00947409
0.00944717
0.00945556
0.00945494
0.00946962
0.00945052
0.00947363
0.00946005
0.00945557
0.00944725
0.00946914
0.00945624
0.00956634
0.0146912
0.00945969
0.00956301
0.00956289
0.0147018
0.00946139
0.0134471
0.0128559
0.0134255
0.0128729
0.00947358
0.00945158
0.00946024
0.00945577
0.0094692
0.00944798
0.00945615
0.00945999
0.00946066
0.00945121
0.00946968
0.0094553
0.00945603
0.00944719
0.00949182
0.00949283
0.00946116
0.00946205
0.00949469
0.0094893
0.0094611
0.00956609
0.00945719
0.0146455
0.00956106
0.0095656
0.00945892
0.0146572
0.00948819
0.00945953
0.0094811
0.00946127
0.00948592
0.00946114
0.00948282
0.0143372
0.0179884
0.0179536
0.0134575
0.0129506
0.0134494
0.0129651
0.0181207
0.0180762
0.00945016
0.00944892
0.00946381
0.00943623
0.00944511
0.00944328
0.00945787
0.0094425
0.00946356
0.00945116
0.00944568
0.00943704
0.00945771
0.00944548
0.00956602
0.0147548
0.00945648
0.00957081
0.00956268
0.0147659
0.00945608
0.0135325
0.0129136
0.0135105
0.0129318
0.0094636
0.00944301
0.00945092
0.00944462
0.00945757
0.00943726
0.00944566
0.0094496
0.00945053
0.00944208
0.00945804
0.0094444
0.00944563
0.00943706
0.00947771
0.00947366
0.00944978
0.00944971
0.00947819
0.00947263
0.00944995
0.00955364
0.00945443
0.0147199
0.00956551
0.00955185
0.00945444
0.0147364
0.00947847
0.00945018
0.00947301
0.00944967
0.00947805
0.00945031
0.00947329
0.0144348
0.0180961
0.0180715
0.013492
0.0129913
0.0134831
0.0130013
0.0182578
0.0182275
0.00944116
0.00943882
0.00945292
0.0094284
0.00943799
0.00943567
0.0094494
0.00943184
0.00945216
0.00943999
0.00943728
0.00942792
0.00944803
0.00943589
0.00955761
0.0148237
0.00944293
0.00955362
0.00955549
0.014833
0.00944136
0.0135924
0.0129646
0.01358
0.0129755
0.00945211
0.0094321
0.0094411
0.0094352
0.00944807
0.00942823
0.00943718
0.00943985
0.00944145
0.00943251
0.00944855
0.00943599
0.00943772
0.00942878
0.00946938
0.0094628
0.00944222
0.00944083
0.00946935
0.00946251
0.00944186
0.00954953
0.00944193
0.0148019
0.00954434
0.00954513
0.00944049
0.0148129
0.00947971
0.0094421
0.00947092
0.00944307
0.0094792
0.00944314
0.00947042
0.0143743
0.0181615
0.0181523
0.0135276
0.0130203
0.01352
0.0130268
0.0182989
0.0182934
0.00943509
0.00943346
0.00944694
0.0094253
0.00943308
0.00943209
0.00944551
0.00942591
0.00944584
0.00943362
0.00943325
0.00942526
0.00944504
0.0094326
0.00955467
0.0148703
0.00943412
0.00954626
0.0095521
0.0148709
0.00943549
0.0136087
0.0129883
0.013609
0.0129922
0.0094457
0.00942593
0.00943409
0.00943144
0.00944477
0.00942501
0.00943227
0.00943315
0.00943465
0.00942628
0.00944488
0.00943152
0.00943267
0.009425
0.00946366
0.00945532
0.00943346
0.00943375
0.00946257
0.0094566
0.00943408
0.00955369
0.00943111
0.0148479
0.00952767
0.00954788
0.00943146
0.0148487
0.00946904
0.00943477
0.00946247
0.00943574
0.00947098
0.00943552
0.00946152
0.0144247
0.0181776
0.0181767
0.0135391
0.0130311
0.0135384
0.0130333
0.018272
0.0182711
0.00943235
0.00943155
0.0094451
0.00942491
0.00943283
0.00943179
0.00944569
0.00942508
0.00944496
0.00943218
0.00943296
0.00942514
0.00944544
0.00943227
0.00955166
0.0148846
0.00943556
0.00954979
0.00954928
0.0148813
0.00943781
0.0136009
0.0129935
0.0136044
0.0129958
0.00944465
0.00942463
0.00943152
0.00943078
0.0094451
0.00942437
0.00943147
0.00943078
0.00943172
0.00942448
0.0094451
0.00943082
0.00943159
0.0094244
0.00946396
0.00945493
0.00943074
0.00943277
0.00946211
0.00945658
0.00943274
0.00955685
0.0094282
0.0148596
0.00952652
0.00955241
0.009429
0.0148538
0.00946208
0.0094305
0.00945662
0.00943178
0.00946216
0.00943156
0.00945648
0.0144711
0.0181758
0.0181756
0.013538
0.0130322
0.0135375
0.013034
0.0182721
0.0182608
0.00943439
0.00943303
0.00944755
0.00942781
0.00943675
0.00943528
0.00945089
0.0094259
0.009447
0.00943327
0.009436
0.00942738
0.00944996
0.00943502
0.0095482
0.0148961
0.00943812
0.00955017
0.00954665
0.0148933
0.00943972
0.0136061
0.0129986
0.0136053
0.013002
0.0094465
0.00942459
0.00943213
0.00943278
0.00944933
0.00942599
0.00943367
0.00943167
0.00943251
0.00942485
0.00944954
0.00943322
0.0094345
0.00942628
0.00946286
0.009454
0.00943018
0.0094315
0.00946101
0.00945555
0.00943169
0.0095585
0.00942746
0.0148444
0.00953583
0.00955397
0.00942856
0.0148345
0.00946104
0.00942844
0.00945464
0.00943072
0.00945977
0.00943046
0.00945561
0.014477
0.0181873
0.0181804
0.0135424
0.013034
0.0135399
0.0130364
0.0183093
0.018291
0.00943971
0.00943822
0.00945559
0.00943411
0.00944373
0.00944225
0.00946155
0.00943006
0.0094545
0.00943813
0.00944292
0.00943418
0.00946075
0.00944287
0.00955375
0.014905
0.00943966
0.00954894
0.00955008
0.014902
0.00944206
0.0136195
0.0130056
0.0136173
0.0130092
0.00945381
0.00942871
0.00943648
0.0094403
0.00946007
0.0094329
0.0094409
0.00943612
0.00943757
0.00942923
0.00946016
0.00944086
0.00944204
0.00943367
0.00946849
0.00945766
0.0094328
0.00943666
0.00946465
0.00946148
0.00943653
0.00956622
0.009431
0.0148378
0.00954158
0.00956026
0.00943386
0.0148385
0.00946682
0.00943304
0.00945838
0.00943664
0.00946381
0.00943685
0.00946093
0.014492
0.0182173
0.0182069
0.0135505
0.0130385
0.0135461
0.013043
0.0183504
0.0183343
0.00944874
0.00944743
0.00946837
0.00944294
0.00945366
0.00945265
0.00947508
0.00943913
0.00946796
0.00944851
0.00945305
0.00944341
0.00947498
0.00945372
0.00956304
0.0149178
0.00944658
0.00955359
0.00955931
0.0149187
0.00944999
0.0136217
0.0130135
0.0136246
0.0130171
0.00946736
0.00943782
0.00944641
0.00945177
0.00947446
0.00944242
0.00945175
0.00944651
0.00944728
0.0094385
0.00947421
0.00945186
0.00945225
0.0094427
0.00948
0.00946822
0.00944268
0.00944736
0.00947587
0.00947241
0.00944738
0.00957441
0.00944109
0.0148709
0.0095557
0.00956797
0.00944514
0.0148774
0.00947703
0.00944209
0.0094671
0.00944613
0.00947297
0.00944641
0.00947104
0.0145093
0.0183028
0.0182701
0.0135777
0.0130566
0.0135654
0.0130681
0.0184274
0.01839
0.0094575
0.00945684
0.00948066
0.00944802
0.00946001
0.0094596
0.00948454
0.0094465
0.00948091
0.00945782
0.00945968
0.00944827
0.00948505
0.00946026
0.0095697
0.014955
0.00945271
0.0095513
0.00956694
0.0149706
0.0094543
0.0136398
0.0130275
0.0136332
0.0130376
0.00948043
0.00944582
0.00945613
0.00945943
0.00948463
0.0094479
0.0094591
0.00945623
0.00945639
0.00944596
0.00948462
0.00945923
0.00945937
0.00944813
0.00948777
0.00947735
0.00945164
0.00945391
0.00948632
0.00947906
0.00945431
0.0095839
0.00945379
0.014932
0.00959091
0.00957815
0.00945693
0.0149489
0.00948607
0.00945112
0.00947769
0.00945386
0.00948397
0.00945413
0.00947986
0.0145786
0.0185079
0.0184438
0.0136589
0.0131123
0.0136316
0.0131345
0.0186388
0.0185695
0.00946078
0.00946051
0.0094859
0.00944693
0.00945926
0.00945899
0.00948386
0.00944845
0.00948628
0.00946052
0.00945811
0.00944667
0.00948363
0.00945824
0.00957686
0.0150672
0.00945323
0.00954822
0.00957344
0.0151055
0.00945433
0.0137237
0.0130837
0.0136985
0.013104
0.0094859
0.00944805
0.00945999
0.00945798
0.00948338
0.00944593
0.00945803
0.0094601
0.0094603
0.00944854
0.00948361
0.00945825
0.00945839
0.00944674
0.0094988
0.00948256
0.00945426
0.00945598
0.00949473
0.00948435
0.0094565
0.00958396
0.00945769
0.0150444
0.00958773
0.00958087
0.00945757
0.0150743
0.00948739
0.00945322
0.00948028
0.00945525
0.00948704
0.00945489
0.00948049
0.0147504
0.0187946
0.0187206
0.013776
0.0132028
0.0137443
0.0132294
0.0189448
0.0188613
0.00945458
0.00945411
0.00947751
0.00943619
0.00944706
0.00944585
0.00946702
0.00944218
0.00947649
0.00945295
0.00944452
0.00943552
0.00946557
0.00944531
0.00957647
0.0152409
0.00944936
0.00954718
0.00957832
0.015284
0.00944686
0.0138516
0.0131754
0.013819
0.013203
0.00947653
0.00944105
0.00945263
0.00944382
0.00946588
0.00943408
0.00944465
0.00945306
0.00945315
0.00944237
0.00946561
0.00944539
0.00944532
0.00943614
0.00949858
0.00948286
0.00945125
0.00944854
0.00950291
0.00947922
0.00944944
0.00957837
0.00944936
0.0151956
0.00956567
0.00957664
0.00944679
0.01523
0.00948196
0.00944932
0.0094792
0.00944943
0.00948479
0.00944871
0.0094777
0.0148982
0.019119
0.0190367
0.0139187
0.0133087
0.0138797
0.0133386
0.0192942
0.0192007
0.00943696
0.00943461
0.00945277
0.00941904
0.00942649
0.00942284
0.00943671
0.00942751
0.00945206
0.00943616
0.00942497
0.00942226
0.00943778
0.00942736
0.00956287
0.0154273
0.00943184
0.00953224
0.00956387
0.0154821
0.00942854
0.0139963
0.0132796
0.0139603
0.0133066
0.00945177
0.00942571
0.00943481
0.00942214
0.00943582
0.00941821
0.00942494
0.00943616
0.00943583
0.00942866
0.00943745
0.00942746
0.0094265
0.00942396
0.00947563
0.00946391
0.00943424
0.00943054
0.00948249
0.00945752
0.00943236
0.00956646
0.00943129
0.0153687
0.0095393
0.00956602
0.00942737
0.0154137
0.0094687
0.00943567
0.00947433
0.00943497
0.00947283
0.00943411
0.00947195
0.0150559
0.019494
0.0193975
0.0141322
0.013429
0.0140741
0.0134612
0.0196545
0.0195542
0.00941551
0.00941162
0.0094198
0.00941112
0.0094061
0.00940214
0.00940369
0.00942229
0.00942279
0.00941788
0.00940812
0.00943731
0.00940677
0.00941029
0.00967915
0.0156791
0.00942377
0.00977105
0.00961629
0.0157653
0.00943171
0.0141567
0.0133886
0.014118
0.0134204
0.00941877
0.00941216
0.00941455
0.00940159
0.00940218
0.00941175
0.00940638
0.00941784
0.00941717
0.00942375
0.00940637
0.0094102
0.00940938
0.0094383
0.00949296
0.00945266
0.00942848
0.00942186
0.00948176
0.00945595
0.00943631
0.00959021
0.00941341
0.0156039
0.00956828
0.00957041
0.00941304
0.0156767
0.00950093
0.00943182
0.00947296
0.00942513
0.00948337
0.00944017
0.00947447
0.0154232
0.0198822
0.0197971
0.01435
0.0135558
0.014309
0.0135865
0.0200369
0.0199486
0.00939855
0.00939282
0.00939147
0.00945479
0.00941573
0.00939731
0.00940318
0.00946791
0.00939181
0.00940909
0.00941555
0.00953525
0.00939662
0.00944427
0.0105055
0.0161094
0.00951149
0.0110388
0.0102064
0.0162582
0.00956611
0.0142579
0.0134991
0.0142451
0.0135278
0.00938907
0.00941896
0.00940132
0.00939344
0.00939893
0.00945562
0.00942093
0.00940902
0.00940433
0.00946892
0.00939647
0.00944507
0.00941904
0.00953643
0.00975788
0.00951873
0.00948995
0.00944077
0.00965571
0.00955529
0.0095221
0.0101028
0.00944444
0.0159242
0.00998916
0.00989641
0.00948218
0.0160259
0.00979839
0.00948517
0.00951984
0.0094527
0.00968726
0.00950907
0.00955
0.0160914
0.0198278
0.019928
0.0143538
0.013646
0.0143763
0.0136489
0.0198694
0.0200451
0.00950284
0.0094535
0.00947425
0.00981638
0.0097412
0.00965347
0.00961864
0.00966599
0.00946032
0.00956557
0.0097162
0.00998706
0.00959894
0.00983838
0.0121217
0.0166786
0.00985261
0.0126875
0.0116995
0.0167201
0.0100091
0.0141922
0.0135658
0.0142287
0.0135433
0.00946812
0.00955928
0.00950958
0.00965069
0.00961274
0.00982063
0.0097482
0.00956691
0.00949694
0.00966658
0.00959712
0.00984025
0.00972251
0.00998822
0.0103875
0.00975864
0.00963768
0.00958441
0.0102051
0.00986181
0.00970727
0.0111708
0.00979469
0.0162287
0.0108627
0.0108963
0.00999363
0.0161244
0.010462
0.00959465
0.00979499
0.00973732
0.0102668
0.00965975
0.00994877
0.0165429
58.1353
53.4017
40.1923
42.2932
40.2633
38.569
51.6569
52.4751
48.1953
45.5871
51.9569
48.9196
50.1346
39.8043
44.6972
43.5884
41.4916
39.9518
38.3505
43.1659
38.1647
35.5707
36.7157
33.255
35.5055
34.3038
40.5254
45.5406
40.5061
39.9901
43.7072
42.3833
37.7038
36.9663
33.6154
32.204
34.8551
34.2358
36.6069
34.5826
34.3842
33.0503
36.4948
34.7426
34.2128
33.046
36.2916
35.3383
33.6551
29.5591
31.2372
30.9248
29.8128
26.9892
28.4101
30.0708
32.6879
32.1922
34.2671
30.8019
31.0008
29.2706
30.0227
30.8456
30.0733
27.9608
31.839
29.1936
28.3484
27.4928
24.5603
24.8974
25.5794
26.2898
26.7535
26.0037
25.6863
23.6518
69.5525
71.9285
73.2159
66.307
60.1922
63.9642
63.6457
83.9044
84.6656
77.2384
75.8071
75.4902
76.6612
78.9923
69.8333
62.0428
65.4049
67.0149
66.5375
55.9057
59.467
54.7189
52.1338
48.8452
58.0297
56.3606
52.9041
70.0203
50.9491
68.0741
56.16
61.1945
51.2362
47.8739
49.1076
56.1642
57.0466
53.6295
18.8611
18.8705
21.036
17.2667
18.7182
18.4572
19.4939
20.7796
16.8354
15.0355
16.5979
16.9705
15.2398
19.1777
21.4531
19.9578
20.5741
20.467
20.9268
18.745
17.997
17.6898
17.6327
18.3559
18.693
16.1395
19.0781
16.4141
17.2803
16.7399
16.0215
15.5154
16.7561
76.6512
77.8261
87.974
72.3601
60.9909
65.4283
64.8384
92.0579
75.6812
90.2533
99.095
96.9183
80.6883
76.9746
76.5498
81.985
63.0538
48.8368
65.4826
49.4135
55.2807
48.1496
46.4607
38.1335
53.8637
47.4711
44.5193
57.0338
44.709
58.1867
53.7807
39.9392
41.0576
52.5051
60.8566
43.1188
16.7329
14.3928
16.8222
15.246
18.1549
15.0629
14.558
11.3249
12.3017
16.3121
11.0458
14.8676
9.31674
17.6324
16.9623
15.2422
16.4743
15.385
17.5829
15.1084
16.3789
15.2037
14.5229
14.95
10.2657
10.6835
14.1999
9.80835
14.0788
8.94236
12.2746
8.19486
12.1004
75.9669
56.9726
70.5227
51.9599
77.8913
62.0271
35.2724
52.4278
39.7838
67.8609
59.7578
99.8702
116.679
63.6042
47.0207
48.2453
53.1169
31.2128
32.5098
51.3051
49.4124
30.8303
42.9293
22.4669
21.6032
15.2568
36.4574
26.6387
24.1519
47.2577
33.7636
47.1465
22.5203
34.4525
28.7384
27.7626
24.4193
29.7476
21.4327
15.7161
20.0812
17.2836
57.5443
40.7748
29.3088
38.044
29.0871
22.6051
17.7323
17.6513
11.8785
12.4519
14.3211
20.7661
12.2144
15.5545
11.6189
12.3965
11.2411
13.5911
13.0903
12.176
20.8261
18.7855
26.2722
15.432
16.981
13.0927
11.1485
36.2361
31.4687
28.4235
30.4126
31.0871
27.9455
30.3914
35.6886
33.7075
33.3912
33.2913
32.6578
31.43
28.0537
28.8655
29.7052
25.3369
30.7499
26.3776
27.6252
25.0318
21.9302
25.0983
22.3663
25.0341
22.2077
25.795
27.6919
24.9313
22.3917
27.6494
25.0189
22.7288
24.0894
20.426
20.0963
19.4004
22.7677
21.9401
21.0208
25.3305
27.2372
23.7018
27.1512
24.065
23.4083
25.7534
24.7728
22.5879
22.3265
23.1327
22.7664
20.1676
24.0124
21.5943
21.3568
24.1995
22.3911
24.8219
22.061
23.298
21.3987
21.3378
19.5943
19.4964
17.9178
21.8212
19.6379
19.3151
20.4805
18.4963
18.4508
17.5462
19.952
19.1536
18.8059
19.6109
18.1498
33.9623
44.077
40.8477
34.9171
41.9068
34.7012
33.6365
40.3139
40.6915
40.4554
39.514
35.3292
39.2945
37.4055
29.9486
40.711
32.7262
34.617
32.994
29.9429
32.6233
30.2849
29.396
26.135
31.8539
29.1853
27.5493
36.0168
30.3521
34.6313
30.7803
34.5231
20.7608
20.8442
21.7037
28.0996
29.1209
29.8993
15.773
16.2515
15.4235
16.6144
15.0719
15.7062
15.8802
16.2388
14.607
15.2572
15.3769
15.6857
15.0059
14.8927
16.1825
15.113
15.0894
15.7961
15.4831
14.3189
14.389
13.8301
13.9582
13.8256
13.9025
12.8694
14.2072
13.3456
13.4651
14.0604
13.4401
13.9867
13.5211
29.0328
36.6791
29.6964
26.7924
36.1205
31.8357
24.3214
27.6838
37.0088
25.9597
28.1335
29.0204
21.3393
32.8591
22.9434
23.0218
26.2654
25.1389
32.2559
18.4631
21.1697
17.1974
17.1886
10.1109
25.214
15.0439
13.8697
20.3194
13.5658
18.0787
13.2442
9.65768
10.2924
14.0076
15.7271
11.8028
14.328
14.9968
14.5247
14.7293
12.4479
13.4255
11.7643
11.8337
12.571
12.9992
12.048
13.6158
13.5226
12.4789
13.3277
12.3248
12.6362
12.7977
13.1078
11.9918
13.6399
13.3439
13.8934
13.1023
11.8368
11.2297
11.6196
11.1334
12.0851
11.5624
11.3814
13.0735
12.5932
19.5545
12.6649
10.0468
13.738
10.4075
9.27492
14.8824
9.89486
8.75244
13.9619
21.1207
12.4741
14.5026
18.9206
10.1771
8.60505
10.4089
6.71318
6.93365
8.51141
9.70044
6.68932
7.69589
8.19588
7.18237
7.22087
7.95984
7.63824
6.83718
9.36957
7.3489
8.85446
7.68231
8.37395
7.45599
10.3417
11.3536
10.3375
11.3705
10.2393
11.4087
10.7934
9.4057
12.1326
10.533
9.4371
9.67179
9.8114
8.7902
8.9138
9.09456
7.83864
9.39977
8.15161
8.48934
9.50553
10.4761
10.0301
9.74192
10.2959
10.0546
9.20254
8.67856
8.02338
8.44051
8.36162
8.99784
8.71973
11.0564
21.3407
15.8149
16.3741
19.72
19.4258
17.1776
16.7129
21.986
18.2635
18.3378
19.5743
18.7413
15.8513
15.0338
17.292
15.6905
13.0002
17.8905
14.712
13.5598
13.7749
11.6486
14.1657
13.0082
14.7138
12.3381
13.8516
13.9463
11.4307
10.3014
14.7799
12.3341
11.5821
13.046
11.1018
11.3904
9.93276
12.6056
11.3377
11.2649
17.8482
19.5496
15.2755
17.0815
15.6025
13.1874
17.2045
14.8784
14.0315
15.4865
16.9467
15.7343
14.4668
17.0973
15.5176
14.3196
16.0882
13.747
15.5074
14.2476
16.1607
14.465
13.4235
11.4839
11.4564
11.2799
12.7888
12.4744
11.9552
13.9603
13.29
12.9535
11.8578
14.1825
12.9896
12.5925
14.5429
13.4732
18.3517
25.793
20.702
19.0477
23.9292
20.19
15.0099
19.8514
21.2421
27.725
12.2186
13.0215
13.6036
12.9347
5.18173
21.3512
8.64031
7.16839
13.7896
7.98562
12.5331
14.0747
9.49283
6.4555
14.3593
10.17
7.64346
11.0524
3.55376
6.82955
5.70598
7.50444
3.40512
3.42299
2.77272
5.44505
4.31843
4.22585
12.1058
12.7404
11.7235
12.173
11.8066
11.4472
12.2989
11.809
11.2709
11.9297
12.5548
12.5479
11.9392
11.3663
12.0085
11.291
10.8386
12.0044
11.3745
10.6943
11.1564
10.4964
10.7143
9.92026
9.89416
9.72906
10.3527
10.3248
10.0871
11.0666
10.4897
11.1339
10.4185
4.69353
9.227
5.57502
4.34598
7.48205
5.15581
4.34374
4.79868
7.58648
4.57771
5.589
6.01292
4.64704
6.56599
4.60956
4.55559
3.39741
2.66834
4.42363
2.67044
3.25256
3.08732
2.51887
3.02784
3.25896
3.27501
2.78601
3.46753
3.00471
3.50222
3.86807
3.47372
3.38813
3.65988
3.67604
3.18686
11.7691
12.5439
12.3714
11.9309
10.2364
10.7452
10.534
9.66074
10.7365
10.2994
10.0535
11.3701
11.9325
9.98115
9.68883
9.50341
9.34782
10.0793
9.80899
9.42379
11.072
10.5467
11.1849
10.4504
9.63147
9.02278
8.96233
8.98841
9.43608
9.48865
9.1054
10.7282
10.1483
4.77399
4.25095
5.79297
6.39824
6.50211
6.5255
6.10966
6.02267
6.22762
5.99928
6.4302
6.26847
6.98612
6.66784
6.62283
4.89676
4.40404
4.5597
4.43291
4.82648
4.70719
4.62873
5.24482
5.76504
5.13846
5.3569
5.3949
5.59652
4.99041
5.54582
5.22482
5.77253
5.72817
6.07112
5.43724
8.0607
8.9385
8.90102
8.92095
8.33676
8.73225
8.58011
7.31168
7.31131
7.61354
6.97745
7.67167
7.94605
6.60414
6.28069
6.56216
5.84929
6.74081
6.08711
6.3567
7.26181
8.0563
7.50177
7.46868
7.68995
7.79567
6.98487
6.64081
6.0297
6.36271
6.32903
6.95956
6.671
8.93233
4.89647
2.04422
8.88649
11.6086
10.7108
9.90699
7.04815
8.67383
7.40409
5.5581
9.05602
6.4721
5.75648
7.60088
9.78406
7.66805
6.79518
9.411
8.24443
6.14148
5.32373
3.14869
6.63449
5.92814
7.93182
4.54135
4.60648
2.60837
1.57622
1.58375
3.5592
3.06715
2.38908
5.63128
4.72591
5.07207
2.08845
6.63282
3.77902
3.72746
11.4562
12.7984
9.87835
10.1973
10.0451
7.50293
10.7803
8.96657
8.75702
10.2842
11.7614
10.6896
10.147
11.3315
10.634
9.58553
9.92101
7.13762
9.05199
8.17549
10.4292
8.92336
8.72939
5.87591
6.34544
6.27352
7.65028
7.42146
7.56618
9.32394
9.12619
8.56075
7.30416
9.66782
8.39777
8.18159
10.4994
9.48928
1.80527
5.79005
3.72978
3.40401
4.18385
2.61931
1.82043
1.25906
1.91806
2.64362
1.28889
1.28545
2.10913
1.87126
1.59697
2.27599
1.37541
1.43506
0.772262
0.572477
0.819591
1.34415
0.488221
0.561668
0.9889
0.885855
0.532813
0.828129
0.88262
1.02475
0.677532
0.878555
1.25422
0.760538
0.957215
0.965087
1.13258
0.703355
8.86858
9.59103
8.43968
8.60375
8.83905
7.67801
9.13956
8.06808
8.16465
8.88017
9.70683
9.58939
9.0048
7.97583
8.35864
7.62512
7.02987
8.48692
7.68705
7.16463
7.95935
7.15521
7.52197
6.54165
6.34074
6.58956
6.92553
7.30449
6.76684
8.03468
7.43811
8.20163
7.24869
2.15976
2.02847
2.50785
1.97103
2.35301
1.76453
2.35467
2.36438
2.50869
2.55812
2.93323
2.93626
3.04295
2.74504
2.80758
2.76822
1.70746
1.16689
1.33105
1.50133
1.82304
1.60077
1.27152
1.84068
1.45084
1.9549
1.66376
2.0571
1.86502
2.17847
2.66633
2.286
2.30843
2.37891
2.43325
2.0276
9.10511
9.81415
9.76227
9.12743
7.9521
8.14767
8.43808
7.44497
8.51292
7.60641
7.90692
8.91778
9.51759
7.41145
6.45792
6.6037
6.16781
7.28777
6.75812
6.76725
8.40741
7.6516
8.37667
7.73021
7.35645
6.86279
6.30603
6.80473
6.87366
7.34973
6.78292
8.28683
7.66951
3.40582
3.1229
4.3006
4.5611
4.82598
4.63495
4.55035
4.38081
4.58153
4.5746
4.86946
4.72938
5.27692
5.04297
4.94526
3.73633
3.26894
3.30891
3.35068
3.51612
3.58545
3.49359
3.94495
3.95706
3.65548
3.90086
3.82659
4.15376
3.68972
4.27391
4.00404
4.39939
4.26491
4.57306
4.10954
5.95821
6.53928
6.75096
6.61573
6.2692
6.32011
6.40057
5.41922
5.51106
5.75241
5.17364
5.71841
6.04022
4.82416
4.2588
4.47669
4.20048
4.63202
4.45493
4.54026
5.34927
5.91092
5.25278
5.41912
5.49539
5.78016
5.01936
4.9394
4.42603
4.74713
4.6107
5.18501
4.85346
6.84393
0.225725
0.173359
1.2292
4.07201
2.64224
2.41881
0.501769
0.635064
0.635307
0.302276
0.981403
0.355696
0.384743
0.869321
2.99295
1.00432
0.98634
1.72221
1.5447
0.554005
0.319752
0.17892
0.599475
0.641012
1.17986
0.303313
0.231847
0.173393
0.140057
0.153022
0.185906
0.190923
0.147467
0.389829
0.462733
0.36592
0.161587
0.76231
0.253834
0.197742
5.46957
7.10758
4.49218
4.58444
4.93986
1.84153
6.09226
2.82747
3.51748
5.49435
7.25837
6.16789
5.76594
6.86184
5.85968
4.9309
3.31959
1.21321
2.19789
2.05553
3.95511
2.61809
2.88797
1.00371
0.813682
1.31303
1.51409
2.18758
1.69424
4.0487
4.53247
3.18164
2.4461
4.44591
3.62733
2.7189
6.06562
4.82946
0.330099
0.346283
0.401644
0.243231
0.406937
0.272513
0.3207
0.459618
0.725176
0.55112
0.613974
0.460231
0.576399
0.768981
0.711715
0.555354
0.47578
0.655367
0.307761
0.255578
0.264503
0.190605
0.185767
0.209612
0.219716
0.249756
0.221495
0.364107
0.398965
0.480466
0.302046
0.35932
0.541739
0.306131
0.429157
0.36396
0.50778
0.299217
5.36324
6.21339
5.07848
5.26291
5.76495
4.41246
5.85827
4.61633
5.05443
5.57749
6.62455
6.37911
5.8726
4.30213
4.28619
3.6075
3.29061
4.44651
3.93126
3.552
4.43485
3.66847
4.21934
3.59632
3.11088
3.60221
3.67158
4.29118
3.5262
4.71916
4.24858
5.09644
3.88549
1.22919
1.03174
1.49349
1.02407
1.36654
0.907292
1.3901
1.39986
1.55026
1.58552
1.92082
2.01728
2.04875
1.72472
1.81623
1.86743
0.857048
0.550964
0.6511
0.744083
0.97119
0.780746
0.613129
0.985925
0.707191
1.07579
0.853866
1.12224
0.983674
1.2914
1.74769
1.35538
1.38921
1.47213
1.56738
1.14639
6.36956
6.89678
7.03341
6.18822
5.62036
5.63288
6.24805
5.26446
6.19114
5.06724
5.70081
6.42181
7.03599
4.80621
3.70784
3.8407
3.57236
4.50093
4.11854
4.18882
5.68804
4.67668
5.4598
4.97261
5.03512
4.71766
3.89221
4.57635
4.46293
5.13872
4.45626
5.78338
5.10789
2.41919
2.16393
3.11747
3.175
3.53881
3.09709
3.3748
2.98276
3.28056
3.46826
3.72821
3.5402
3.94006
3.81277
3.65279
2.72887
2.3046
2.21395
2.35787
2.45055
2.60784
2.4854
2.83905
2.67824
2.37794
2.7183
2.59839
2.98065
2.59064
3.19894
2.93451
3.26347
3.09218
3.36132
2.99622
4.15413
4.52923
4.86423
4.59858
4.48759
4.27193
4.50035
3.87885
4.05769
4.19967
3.75168
4.05676
4.38808
3.37673
2.8816
2.93908
2.88146
3.14007
3.15121
3.09036
3.70333
4.02704
3.40993
3.68008
3.66553
4.01413
3.38641
3.53355
3.1576
3.43557
3.24108
3.66183
3.35217
4.79725
0.113972
0.10212
0.0989521
0.335405
0.156811
0.175515
0.0891103
0.107034
0.110518
0.106416
0.101936
0.0974441
0.102698
0.0829899
0.172306
0.103108
0.0858292
0.110401
0.0976353
0.0894383
0.0767419
0.0704829
0.0741231
0.0666638
0.100334
0.0634267
0.0772605
0.090939
0.0801705
0.0815589
0.0852886
0.0852074
0.0721722
0.0687377
0.0686408
0.0560112
0.0701818
0.0674569
0.0742821
0.0627299
1.12755
1.70975
0.578639
0.415663
0.769753
0.143744
0.997924
0.213367
0.445614
1.15235
2.22156
1.58703
1.69112
1.76621
1.53257
1.04567
0.452993
0.108016
0.206623
0.238271
0.718648
0.412366
0.329813
0.0898282
0.0710413
0.148044
0.116432
0.258676
0.178225
0.751169
1.21218
0.710758
0.44025
1.07294
0.695927
0.456531
2.06934
1.55051
0.151014
0.156823
0.166924
0.122826
0.177255
0.140099
0.144938
0.194209
0.295254
0.232549
0.243331
0.192376
0.230954
0.314903
0.293322
0.227489
0.199947
0.26377
0.144938
0.135312
0.124963
0.107628
0.109547
0.110744
0.121597
0.11994
0.11422
0.150461
0.151482
0.178473
0.130237
0.145828
0.203242
0.136554
0.15928
0.151263
0.187327
0.126343
2.60488
3.04469
2.55386
2.49139
3.0243
2.27217
2.95036
2.17206
2.67152
2.83806
3.53722
3.29252
3.09461
2.00393
1.59519
1.50793
1.37431
1.8279
1.61858
1.67976
2.20041
1.84297
2.17885
1.92434
1.521
2.00594
1.74777
2.3205
1.85725
2.46827
2.37759
2.6217
2.13186
0.535465
0.44911
0.715962
0.440419
0.633684
0.378011
0.635045
0.6211
0.742766
0.743467
1.03989
1.11002
1.11052
0.886343
0.919689
0.933501
0.317507
0.190456
0.23113
0.252046
0.372307
0.289888
0.213048
0.361753
0.259923
0.42739
0.296201
0.438691
0.343874
0.530138
0.836757
0.538077
0.534278
0.648486
0.691641
0.414163
3.36825
3.86879
4.18955
3.20771
3.10239
3.34398
3.97385
3.1011
3.81327
2.86904
3.35908
3.49695
4.3497
2.44492
2.11626
2.10797
2.10445
2.41971
2.39976
2.15884
2.97914
2.44405
2.82198
2.68752
2.69455
2.69721
2.24078
2.64115
2.55965
2.8403
2.48622
3.1507
2.95951
1.41823
1.15076
2.05084
2.05207
2.42438
1.92997
2.31342
1.81075
2.16757
2.3468
2.64649
2.42151
2.81166
2.71057
2.54439
1.67278
1.28841
1.13426
1.26008
1.3958
1.54976
1.38406
1.76486
1.62654
1.25932
1.60486
1.51431
1.88445
1.48206
2.02686
1.69404
2.1046
1.90084
2.22761
1.77309
2.71215
2.93068
3.25527
2.89388
3.01272
2.68341
2.92602
2.65854
2.8721
2.93111
2.59623
2.72171
3.01636
2.16329
1.773
1.73159
1.73647
1.95141
2.00503
1.88833
2.36461
2.48746
2.00637
2.24525
2.24721
2.55338
2.07424
2.35278
1.99747
2.30248
2.05871
2.40539
2.11425
2.83189
0.0807569
0.0744633
0.0515665
0.0517206
0.0563177
0.0446461
0.0609332
0.0719539
0.0705968
0.072692
0.0647457
0.067963
0.0679876
0.0526946
0.049216
0.0621562
0.0535891
0.0564318
0.0452109
0.0596124
0.0536163
0.050005
0.04673
0.0366081
0.0400143
0.0431211
0.054965
0.06487
0.057907
0.0578377
0.061298
0.059902
0.0518293
0.0477578
0.0482744
0.037936
0.0514273
0.0409794
0.0534069
0.0447421
0.0970439
0.213918
0.0497408
0.0495575
0.0854527
0.0484882
0.0930346
0.0398869
0.0536498
0.128682
0.438111
0.263509
0.339237
0.256045
0.24063
0.143513
0.033075
0.030754
0.034228
0.0265244
0.0449457
0.0273643
0.0323171
0.0433418
0.0315162
0.034047
0.0347383
0.0392872
0.0265962
0.0594731
0.178708
0.0432867
0.0349166
0.113312
0.0715235
0.0290326
0.532237
0.298707
0.09316
0.0968625
0.0960849
0.0834407
0.100454
0.0893361
0.0905001
0.106027
0.118978
0.112073
0.108123
0.0947315
0.108522
0.119775
0.118541
0.102412
0.101381
0.10571
0.0978712
0.0887331
0.0835474
0.0763086
0.0755874
0.0770696
0.0806203
0.0811673
0.0781499
0.094455
0.0926095
0.0991629
0.0882988
0.0855162
0.0934721
0.0814689
0.0835366
0.0863924
0.0880998
0.0800241
1.25774
1.51594
1.31261
1.20521
1.69513
1.17748
1.54534
0.972878
1.45654
1.58232
2.08235
1.84933
1.78809
0.76644
0.384322
0.303036
0.267784
0.553113
0.471056
0.464629
0.960727
0.650627
1.03425
0.892695
0.37275
0.935489
0.645923
1.21408
0.713081
1.28094
1.23014
1.51762
0.966585
0.159039
0.150509
0.231945
0.145993
0.201191
0.126663
0.190474
0.180526
0.234722
0.209143
0.347541
0.365003
0.333386
0.279458
0.27242
0.263748
0.117507
0.0960033
0.102311
0.104049
0.119043
0.105997
0.0899029
0.113462
0.0996609
0.130182
0.104417
0.135968
0.1186
0.147494
0.216137
0.14125
0.137556
0.174016
0.178712
0.122284
2.00594
2.0445
2.19526
1.78561
1.58458
1.83414
2.16306
1.61488
2.07881
1.46428
1.73031
2.05001
2.51577
1.59505
1.09469
1.07597
1.09377
1.32052
1.38414
1.41408
1.7433
1.44893
1.64266
1.47039
1.33525
1.23621
1.13194
1.17184
1.29958
1.4133
1.13904
1.50866
1.17513
0.455855
0.303283
0.908327
0.978164
1.31708
0.861658
1.19071
0.734915
1.03262
1.01129
1.34696
1.08659
1.55809
1.42637
1.21499
0.562127
0.367007
0.288695
0.304076
0.433913
0.475415
0.365634
0.647074
0.620451
0.350722
0.520495
0.516128
0.75723
0.431533
0.707316
0.460338
0.770826
0.596016
0.883456
0.508375
1.44558
1.60964
1.87986
1.52696
1.74107
1.38274
1.56803
1.41325
1.66571
1.74013
1.32904
1.47412
1.79107
0.97869
0.732159
0.629076
0.60882
0.837628
0.867341
0.70164
1.08895
1.14547
0.772954
0.898199
0.972646
1.18946
0.804202
1.07212
0.685121
0.990824
0.756211
1.123
0.80485
1.36155
0.0598692
0.0543535
0.0361284
0.033212
0.0389555
0.0306949
0.0438069
0.0518047
0.0507627
0.0525321
0.0463739
0.0489955
0.0490292
0.0377344
0.0342462
0.0454303
0.0385228
0.0402553
0.0318115
0.0434467
0.037523
0.0352759
0.0325151
0.0261189
0.0279116
0.0304331
0.0387517
0.0463484
0.0410372
0.0409797
0.0434402
0.0424918
0.0366433
0.0336167
0.034001
0.0268632
0.0364643
0.0286205
0.0379812
0.0316815
0.0215216
0.0229927
0.021963
0.0284172
0.0297692
0.0328918
0.023832
0.026201
0.0271668
0.0197518
0.0208657
0.0249789
0.0189433
0.0213981
0.0184444
0.0221569
0.0209499
0.0225057
0.0239756
0.0197898
0.0201709
0.0190884
0.0203557
0.0292337
0.0224604
0.0225601
0.0239294
0.024058
0.0192401
0.0185994
0.0168773
0.0164527
0.0185469
0.0172266
0.0198012
0.0177394
0.0196936
0.0174309
0.0668119
0.0698254
0.0701709
0.0617826
0.0713434
0.0653135
0.0665028
0.0723008
0.084224
0.0801497
0.0758341
0.0672089
0.0727822
0.075618
0.0699716
0.072301
0.0693647
0.0696668
0.0691947
0.0639445
0.0612193
0.0560612
0.0552254
0.0567928
0.059783
0.0600805
0.056515
0.0669281
0.064011
0.0686248
0.0620797
0.0617233
0.0615761
0.0599974
0.0593579
0.0625513
0.0630394
0.0574607
0.106362
0.320206
0.129312
0.156973
0.614896
0.106982
0.36575
0.0487627
0.284567
0.326923
0.911193
0.634996
0.597164
0.0213004
0.0180146
0.0164567
0.017818
0.0176287
0.0193713
0.0157687
0.0331649
0.0181925
0.044338
0.0390871
0.0184879
0.0443851
0.0223688
0.111216
0.019816
0.106756
0.147887
0.332456
0.0285983
0.0780367
0.0792911
0.0887153
0.0735783
0.085021
0.073775
0.0799444
0.0922231
0.0960103
0.0834032
0.103011
0.107682
0.0930338
0.0997969
0.0902339
0.0876522
0.0782522
0.0658942
0.0720443
0.0700083
0.0706314
0.0626131
0.0603071
0.0611567
0.0646031
0.0667696
0.0654167
0.0848468
0.0748329
0.0789083
0.0749091
0.0685787
0.0760415
0.0735306
0.0843084
0.0736528
1.00504
1.16002
1.2508
0.83227
0.738342
0.915643
0.916096
0.638573
0.928706
0.682922
0.696005
0.725592
0.931104
0.490332
0.11015
0.133201
0.177661
0.273153
0.319199
0.28447
0.730922
0.311281
0.541017
0.478235
0.54551
0.481643
0.30435
0.319509
0.470601
0.486798
0.377003
0.547094
0.392102
0.0964526
0.0771498
0.172484
0.230856
0.332876
0.188094
0.271895
0.157162
0.207103
0.153282
0.277327
0.186542
0.371165
0.31177
0.220865
0.0873884
0.0824078
0.0856463
0.0660369
0.100552
0.0724284
0.069958
0.116985
0.127499
0.0917272
0.0846904
0.114942
0.130109
0.0875931
0.0806676
0.057988
0.117541
0.0868211
0.132432
0.0835627
0.42444
0.539189
0.68362
0.540633
0.560081
0.423142
0.543816
0.321867
0.436908
0.493579
0.266724
0.384081
0.535696
0.20992
0.155933
0.143985
0.10232
0.204409
0.15909
0.139871
0.284528
0.380451
0.199061
0.242301
0.293661
0.354688
0.193489
0.200607
0.104062
0.159853
0.134128
0.244385
0.163153
0.461549
0.0424772
0.0386389
0.0259141
0.0239211
0.0276049
0.0224556
0.030751
0.0365076
0.0356514
0.0367792
0.0325834
0.0343459
0.0342066
0.0268146
0.0244265
0.032031
0.0275406
0.0284467
0.022998
0.0306911
0.0270993
0.0254436
0.0236495
0.0192601
0.0205793
0.0221395
0.027763
0.0329289
0.029091
0.0289378
0.0310262
0.030254
0.0261304
0.0243349
0.0247264
0.0197182
0.0262478
0.0210274
0.0274037
0.022889
0.0171059
0.0179853
0.0170326
0.020743
0.0205556
0.0234098
0.0180263
0.0195034
0.0192719
0.0159982
0.015855
0.0169896
0.015088
0.0168544
0.0156108
0.0161543
0.0164765
0.0168992
0.0180588
0.0156436
0.0161894
0.0156643
0.0159791
0.0211299
0.0170491
0.0164583
0.0180954
0.0174082
0.015165
0.0150101
0.0146435
0.0147723
0.0148679
0.0152335
0.0151885
0.0144893
0.0151945
0.0144997
0.0473905
0.0505066
0.0514522
0.0440597
0.0516375
0.0464069
0.0482365
0.0522556
0.0588139
0.0568975
0.0540197
0.0481693
0.0541283
0.0543537
0.0501577
0.0523898
0.0512738
0.0502523
0.0495905
0.0454562
0.0431447
0.0399243
0.0386368
0.0406961
0.0423194
0.0436348
0.0393473
0.0477502
0.0448785
0.0492328
0.0436244
0.0436728
0.0448596
0.0439553
0.0416783
0.0464302
0.0455495
0.0398471
0.0154365
0.0161133
0.0144
0.0169103
0.0210329
0.0172886
0.0151394
0.0160962
0.0150412
0.0147284
0.0419709
0.0166958
0.0156095
0.0138008
0.0147652
0.0137995
0.0141359
0.01429
0.0146741
0.0133087
0.0148368
0.0142864
0.0138985
0.0160758
0.0141987
0.0134897
0.0151221
0.0141183
0.0132657
0.0141732
0.0130471
0.0135715
0.0137149
0.05405
0.0554005
0.0543477
0.050635
0.0583603
0.051853
0.0522897
0.0602731
0.0659487
0.0594688
0.0617986
0.0705009
0.0629139
0.0659312
0.0585463
0.065482
0.0530803
0.0464964
0.0510832
0.0483595
0.0490546
0.0450786
0.0431403
0.0442562
0.0470907
0.046776
0.0449583
0.0550538
0.0503986
0.0522478
0.056002
0.0473066
0.050777
0.0504168
0.0565603
0.0475178
0.142554
0.150408
0.280334
0.0608979
0.14816
0.190316
0.202778
0.120639
0.244558
0.116505
0.125936
0.160553
0.262068
0.0399035
0.0171917
0.0143923
0.0197607
0.0165495
0.026184
0.0194372
0.0609774
0.0129741
0.0193515
0.0240694
0.0817069
0.0738297
0.0411126
0.0384413
0.0755142
0.0732811
0.0423889
0.0881834
0.0424495
0.0648673
0.0625452
0.0606269
0.080112
0.0633403
0.0608469
0.0714548
0.0666444
0.0500146
0.0540523
0.054324
0.0482288
0.0673723
0.0635849
0.0537274
0.0526388
0.0564767
0.0474548
0.053509
0.0537175
0.0579776
0.0483227
0.052817
0.0492555
0.0475099
0.0384309
0.0557944
0.0411125
0.0484011
0.049617
0.0478942
0.0455561
0.0352137
0.0423678
0.0422387
0.0817625
0.122935
0.152233
0.0989832
0.125304
0.0865846
0.0970592
0.0723153
0.0817958
0.0953601
0.061781
0.0784477
0.112264
0.0471967
0.0490554
0.0338401
0.0329333
0.0504724
0.0423441
0.0298775
0.0537369
0.0602665
0.0325792
0.0327535
0.0547446
0.0602457
0.0309471
0.0491089
0.0316616
0.0436435
0.0295886
0.0573417
0.0319535
0.069432
0.0293998
0.0266837
0.0188558
0.0177048
0.0202485
0.0166134
0.0222208
0.0264885
0.0259939
0.0262029
0.0237924
0.0246763
0.0247135
0.0195296
0.0180467
0.023682
0.0196153
0.0208907
0.0169851
0.0224799
0.0197159
0.0183132
0.017218
0.0141777
0.0152307
0.0160357
0.0202044
0.0237919
0.0207073
0.021042
0.0224158
0.0222695
0.0187903
0.0178282
0.017507
0.0143599
0.0190503
0.0154458
0.0202402
0.0166693
0.0147125
0.015184
0.013627
0.0157157
0.0151558
0.0164889
0.0141383
0.0147853
0.0146475
0.0138351
0.0143345
0.0142228
0.0132619
0.0142177
0.0136823
0.0137405
0.0136335
0.0135155
0.0138984
0.0131962
0.0142883
0.0137628
0.0135071
0.0151067
0.0133572
0.0133864
0.0138391
0.0139807
0.013021
0.0135301
0.012759
0.0127779
0.0126745
0.0131543
0.0131285
0.0130327
0.0130867
0.012701
0.0322311
0.0350542
0.036908
0.0303136
0.0356082
0.031803
0.0338992
0.0358581
0.0406423
0.0396171
0.0366978
0.0324618
0.0402365
0.0375361
0.0360312
0.0358884
0.0375367
0.034055
0.033943
0.0303646
0.0289641
0.0273652
0.025899
0.027374
0.0286993
0.0305158
0.0260358
0.032181
0.0291523
0.0328379
0.0286526
0.0290076
0.0334516
0.0310112
0.0273005
0.034338
0.0304199
0.0260443
0.013439
0.0138307
0.0121603
0.0133459
0.0128039
0.0128522
0.0126778
0.0127007
0.0121604
0.0130582
0.0127074
0.0133795
0.0124252
0.0119802
0.0126144
0.0122634
0.0119135
0.0125167
0.0122659
0.0116594
0.0131719
0.0129624
0.0117022
0.0121223
0.0116921
0.0112015
0.0121115
0.0116106
0.0113565
0.0128349
0.0120869
0.0122471
0.0126318
0.036352
0.0388149
0.0394866
0.0355071
0.0402174
0.0352983
0.0364084
0.0404727
0.0450977
0.0380121
0.0415569
0.0453278
0.0395637
0.0423313
0.0380816
0.0403643
0.0346462
0.0298163
0.0336782
0.0305771
0.0322425
0.0327215
0.028314
0.0299934
0.0315602
0.0326423
0.0288066
0.0356409
0.0314093
0.0332421
0.0335036
0.0296352
0.0304209
0.0327814
0.0348214
0.0294036
0.0129669
0.0126776
0.013801
0.0123017
0.0152742
0.0216688
0.0200064
0.0169415
0.0228395
0.0150547
0.0140678
0.0150118
0.0210495
0.0121982
0.012213
0.011273
0.0118182
0.0118225
0.0125786
0.0114574
0.0125849
0.0119457
0.0121143
0.0122874
0.0129651
0.0138606
0.0119673
0.0123814
0.0130102
0.0128147
0.0119285
0.0138937
0.0136645
0.0426663
0.0359751
0.0311824
0.0401923
0.0341194
0.0216433
0.0414018
0.0317299
0.0245197
0.0304305
0.0407592
0.0244974
0.0289583
0.0335999
0.0214256
0.0274226
0.0329988
0.0250866
0.0244797
0.0310703
0.0310574
0.0213721
0.0230788
0.0159821
0.0189791
0.0137742
0.0246174
0.0172799
0.0176812
0.0238606
0.0185441
0.0188652
0.0132481
0.0159343
0.0149466
0.0162756
0.0224631
0.0189414
0.0159571
0.0201211
0.0171815
0.014857
0.0174876
0.0256531
0.022297
0.019022
0.0170615
0.0211913
0.0140581
0.0144951
0.0128919
0.0128443
0.0142631
0.0145835
0.0126312
0.0137752
0.0136494
0.0125152
0.0124692
0.0138157
0.0130146
0.0125183
0.013996
0.0126489
0.014227
0.012927
0.0143619
0.0136863
0.0129418
0.0195561
0.0175123
0.0137059
0.0135256
0.0144009
0.0131531
0.0156808
0.0186131
0.0187506
0.0183688
0.0170143
0.0169924
0.0175394
0.013774
0.0133671
0.0167815
0.0139764
0.0149488
0.013128
0.0154528
0.0138565
0.0134251
0.0132432
0.0122972
0.012762
0.0129461
0.0137644
0.0163785
0.0135083
0.0139156
0.015077
0.015189
0.0130177
0.013165
0.0129474
0.0118949
0.0130728
0.0125459
0.0139953
0.0125581
0.0131897
0.0133184
0.0120347
0.013095
0.0126307
0.01293
0.0125485
0.0125968
0.0121134
0.0122219
0.0124448
0.0121478
0.0117209
0.0126166
0.0121644
0.0117881
0.0121208
0.0119751
0.0122405
0.011986
0.0131229
0.0131224
0.0115964
0.0121655
0.0114758
0.0112192
0.0120126
0.0115837
0.0111997
0.0118316
0.0113703
0.0118128
0.0110344
0.011941
0.011392
0.0114377
0.0118905
0.0117284
0.0208316
0.0232517
0.0242991
0.0199379
0.0232466
0.0208672
0.021338
0.0218655
0.0255161
0.0251785
0.0220366
0.0205581
0.0275087
0.0240293
0.0233876
0.0230838
0.0233025
0.0211594
0.020446
0.017941
0.0186263
0.0179907
0.0167421
0.0165387
0.0186596
0.0188394
0.0169338
0.0188109
0.016064
0.0188131
0.0162513
0.0181549
0.0188709
0.0162536
0.0161901
0.019458
0.018391
0.0161916
0.0127901
0.0128602
0.0107821
0.0112633
0.0108712
0.0108827
0.0110289
0.0109775
0.0106207
0.0123812
0.0119797
0.0124992
0.011879
0.0108696
0.0112037
0.011802
0.010587
0.0118301
0.010801
0.0106785
0.0128127
0.0128518
0.0105349
0.0105634
0.0104625
0.0102408
0.0106608
0.0104009
0.0103542
0.0123082
0.0117541
0.0118112
0.0122449
0.0216138
0.0247745
0.0269504
0.0240835
0.0250665
0.0214372
0.0237525
0.0228076
0.0269281
0.0213956
0.0250412
0.0257255
0.0212301
0.0250977
0.0220907
0.0217088
0.0189671
0.0160882
0.0189367
0.0161529
0.018003
0.0190384
0.0157702
0.0150936
0.0181112
0.0190921
0.0153673
0.0189738
0.0161537
0.0176219
0.0170613
0.0150015
0.014786
0.0177266
0.0175895
0.0149711
0.0120857
0.0118715
0.0121873
0.0117807
0.010917
0.0113042
0.0122501
0.0111818
0.0113398
0.0108891
0.0121323
0.0135871
0.0136746
0.0104082
0.0105565
0.0102473
0.0103825
0.0104141
0.0105588
0.0102305
0.0120511
0.0116913
0.0117388
0.0120074
0.0106369
0.01083
0.0103723
0.0120948
0.0105606
0.0121142
0.0104511
0.0136306
0.0136379
0.0207227
0.0172054
0.0126584
0.0150747
0.0124323
0.0120558
0.014562
0.0128345
0.0118009
0.0145571
0.0156514
0.0127293
0.0124121
0.0132738
0.0121595
0.0128712
0.0157239
0.0118971
0.0128144
0.0133905
0.0140397
0.0115538
0.0117444
0.011604
0.0113962
0.0110897
0.01182
0.0114476
0.0112768
0.0141378
0.013803
0.0125871
0.0119243
0.012055
0.0124351
0.0113592
0.0117431
0.0123086
0.0112238
0.011844
0.0112162
0.0121799
0.0123546
0.0122469
0.0125975
0.0120353
0.0135262
0.0135811
0.0110205
0.011302
0.0107651
0.0109024
0.0110874
0.0112405
0.0107084
0.0109831
0.010855
0.0105471
0.0121182
0.0108339
0.0121402
0.0106797
0.012211
0.011796
0.0119107
0.012074
0.0135926
0.0136444
0.0119631
0.0127207
0.0122975
0.0123739
0.0120403
0.0125469
0.0118897
0.011792
0.012837
0.01286
0.0126173
0.0125393
0.0124121
0.0119916
0.0111927
0.0112949
0.012103
0.0109483
0.0118293
0.0108644
0.0113098
0.013049
0.0132803
0.0122675
0.0117323
0.0117881
0.0121876
0.0112291
0.0117503
0.0121038
0.0107602
0.0120689
0.0112344
0.0108045
0.0107415
0.0105718
0.0102389
0.0104477
0.0105049
0.0108207
0.0103835
0.013286
0.0131857
0.0105641
0.0110353
0.01085
0.010776
0.0108441
0.0106705
0.0105671
0.0108145
0.011753
0.0107063
0.0106163
0.0111068
0.0117584
0.0104365
0.011842
0.0116511
0.0116736
0.0118492
0.0134163
0.0135543
0.0103247
0.0104763
0.0101533
0.0101143
0.0103847
0.0103076
0.0101285
0.0105698
0.0104125
0.0118786
0.0100298
0.0118014
0.010211
0.0103415
0.011611
0.011629
0.0142459
0.0150146
0.0149873
0.0133287
0.0156269
0.0133559
0.013613
0.01292
0.0139342
0.01432
0.0124851
0.0133129
0.0141119
0.0143398
0.012217
0.0145554
0.0127567
0.0129895
0.0141632
0.0142279
0.013257
0.012421
0.0123666
0.0113429
0.0126392
0.0123955
0.0120099
0.0123101
0.0117056
0.011872
0.0121243
0.0122517
0.0113949
0.0110546
0.0111142
0.0116987
0.0119135
0.0113579
0.013072
0.0129577
0.0100434
0.0102378
0.0100854
0.0100525
0.0101768
0.0100952
0.00997174
0.0121764
0.0117171
0.0122057
0.0116923
0.0101897
0.0103958
0.012003
0.00988525
0.01192
0.0100018
0.0100508
0.0132238
0.0133727
0.00991314
0.00989838
0.00983699
0.00976011
0.0099365
0.00984573
0.00981507
0.0121599
0.0116791
0.0116808
0.0121531
0.0124735
0.0139785
0.0127969
0.0119923
0.0136914
0.0125808
0.0117304
0.0140834
0.0145442
0.0122378
0.0129202
0.0130845
0.0117703
0.0132389
0.0117715
0.012483
0.0121046
0.0116763
0.0117884
0.011971
0.0115113
0.0112013
0.0109399
0.0107384
0.0115566
0.011089
0.0109121
0.0138066
0.0137041
0.0115771
0.0111927
0.0107673
0.0121087
0.0111038
0.0122288
0.0111235
0.0119816
0.0116714
0.0119942
0.0116561
0.0101712
0.0101699
0.0121339
0.010246
0.0102966
0.0100692
0.0121773
0.0137744
0.0137139
0.00985197
0.00991032
0.00977198
0.00983413
0.00985925
0.00990552
0.00976689
0.0119821
0.0116579
0.0116518
0.0119893
0.0100376
0.0100767
0.00984897
0.0122992
0.00991753
0.0122348
0.00994101
0.0138638
0.0139497
0.0122324
0.011989
0.0106821
0.0109942
0.0107759
0.0105826
0.0109604
0.0107016
0.0105189
0.0132874
0.0135667
0.0122266
0.0118447
0.0123283
0.0117702
0.0108366
0.0111181
0.0103717
0.0120403
0.0106198
0.012082
0.0105536
0.0103927
0.0102925
0.0101715
0.0100875
0.0103782
0.0102614
0.0101643
0.013192
0.0132143
0.0121763
0.011708
0.011735
0.012133
0.0102592
0.0103173
0.0121479
0.0102235
0.0104462
0.0101488
0.0121811
0.0119392
0.0117375
0.0120022
0.0116914
0.0138531
0.0137705
0.010075
0.0101639
0.00996663
0.0100088
0.0100884
0.0101547
0.00996875
0.0100881
0.0100717
0.00988207
0.0122507
0.00999061
0.0122182
0.00998072
0.0119207
0.0116701
0.0116768
0.0119119
0.0139384
0.0139941
0.0120105
0.0120922
0.0121214
0.0120945
0.0117056
0.0121321
0.0117007
0.0102051
0.0121947
0.010381
0.0104382
0.0104611
0.0123133
0.0101447
0.00992968
0.0100292
0.0101635
0.00988118
0.0101152
0.00988681
0.00995908
0.0139351
0.0141037
0.0120766
0.0117212
0.0117046
0.0120707
0.0100462
0.0102649
0.0124704
0.0098872
0.012394
0.00998861
0.00991821
0.00980266
0.0097627
0.00969619
0.00971756
0.0097792
0.00982095
0.00969909
0.0138284
0.0136915
0.00984248
0.00997467
0.00994261
0.00989077
0.00996684
0.00983934
0.00982145
0.0100081
0.0119658
0.00987613
0.00998568
0.0101601
0.012071
0.00977226
0.0119193
0.0116922
0.0116699
0.0119546
0.0139516
0.0140761
0.00974145
0.00978055
0.00964969
0.00964106
0.00973683
0.00971609
0.0096646
0.00989666
0.00987296
0.0122691
0.00961648
0.0121676
0.00967745
0.00980829
0.0118489
0.0119067
0.010454
0.0123585
0.0107518
0.0105063
0.0110139
0.0124197
0.0103254
0.0121105
0.0116833
0.012125
0.0116798
0.010335
0.010601
0.0106227
0.0102036
0.010741
0.0102673
0.0102742
0.0141849
0.0142658
0.0101354
0.0102306
0.0125305
0.00989704
0.0124808
0.0100752
0.0099256
0.0121098
0.0117053
0.0116917
0.0121067
0.0100509
0.00996978
0.00984037
0.0098195
0.0100152
0.0100099
0.00985328
0.0136814
0.0135266
0.00966547
0.0097305
0.00967092
0.00965346
0.00972546
0.00966994
0.00962225
0.0121606
0.0116824
0.0121511
0.011694
0.00979652
0.00992265
0.012351
0.0096011
0.0122489
0.00963305
0.00974115
0.0138198
0.0139644
0.00961369
0.00959593
0.00958548
0.00955589
0.00960699
0.00957527
0.00958853
0.0121688
0.0117269
0.011705
0.0121851
0.0102492
0.0105461
0.0104017
0.0102059
0.0105302
0.010259
0.0101499
0.0138815
0.0137438
0.0105006
0.010424
0.0120864
0.0104023
0.0107944
0.0101777
0.0121563
0.0119769
0.0116897
0.0116744
0.0120004
0.0100149
0.00996736
0.00983984
0.00977592
0.0100195
0.00992457
0.00982995
0.0140057
0.0141435
0.0102358
0.0101475
0.00979933
0.0123468
0.00994458
0.0122384
0.0100255
0.0120198
0.0116646
0.0119999
0.0116856
0.0098007
0.00974284
0.0123469
0.00982451
0.00984754
0.00970561
0.0123992
0.0141313
0.0140391
0.00959096
0.00960903
0.00958587
0.00960404
0.00959895
0.0096181
0.00957358
0.0120382
0.0117231
0.0116976
0.0120694
0.00975755
0.00976623
0.00963016
0.0124506
0.00964392
0.012421
0.00974947
0.0142112
0.0142947
0.0120319
0.0121031
0.0098229
0.00995042
0.00989987
0.00982194
0.0099455
0.00982338
0.00981045
0.0134198
0.0132921
0.0121126
0.0116968
0.0121204
0.0116981
0.00990268
0.00999154
0.00967321
0.0123181
0.00975224
0.0122103
0.00980043
0.0096902
0.00970133
0.00962691
0.00964491
0.00968972
0.00968968
0.00963131
0.0135331
0.0136875
0.0121166
0.0117193
0.0117011
0.0121255
0.00982655
0.0097618
0.012277
0.00979375
0.00986906
0.0097048
0.0123113
0.0119278
0.0116699
0.0119171
0.0116803
0.0140955
0.0140402
0.00967849
0.0096708
0.00963315
0.00964458
0.00965997
0.00967619
0.00965754
0.00976067
0.0097403
0.00961865
0.0123846
0.00963226
0.0123388
0.0097495
0.0119389
0.0117056
0.0116858
0.0119598
0.0141434
0.0142132
0.0121147
0.012178
0.012171
0.0120895
0.011734
0.0120761
0.0117572
0.00979254
0.0125072
0.00982692
0.00994774
0.00984829
0.0125474
0.00976477
0.00958787
0.00964547
0.00964897
0.00958289
0.00964043
0.00960577
0.00959447
0.0143613
0.0144203
0.0121059
0.0117924
0.0117692
0.0121292
0.00976313
0.00991626
0.0125869
0.00969086
0.0125582
0.00973119
0.00973513
0.0095725
0.00956854
0.00956726
0.00955437
0.00958493
0.00957109
0.00955451
0.0142851
0.0141796
0.00958339
0.00959472
0.00958193
0.00958141
0.00961626
0.00955341
0.00954825
0.00969294
0.01235
0.00956442
0.00970821
0.0097426
0.0124273
0.00953761
0.0120337
0.0117694
0.0117448
0.0120645
0.0143661
0.0144511
0.00955911
0.0095484
0.00951038
0.00950592
0.00952656
0.00952094
0.00954211
0.00965152
0.009674
0.0125421
0.00950342
0.0124856
0.0095158
0.00962454
0.0121319
0.0121741
0.00972586
0.012568
0.00979129
0.00990663
0.00980135
0.0126024
0.00971204
0.0121232
0.0117184
0.0121153
0.0117324
0.00962322
0.00970904
0.00968039
0.0095937
0.00971468
0.0096216
0.00959878
0.0144589
0.014523
0.00969373
0.00988933
0.0126496
0.00964524
0.0126246
0.00967034
0.00967661
0.0121305
0.0117447
0.0117383
0.0121346
0.00957111
0.00954656
0.00954372
0.00954445
0.00956773
0.00955469
0.00954893
0.014219
0.0140852
0.00956176
0.00955737
0.0095331
0.00954538
0.00956763
0.00955507
0.00952871
0.012205
0.0117388
0.0121904
0.0117612
0.00965556
0.00978138
0.0126388
0.00956207
0.0125651
0.00955316
0.0096459
0.0143277
0.0144478
0.00955395
0.00953238
0.00954666
0.00952563
0.00954119
0.00952149
0.00955507
0.0122046
0.0117937
0.0117707
0.0122146
0.00960025
0.00970392
0.0096399
0.00960267
0.00969266
0.00961171
0.00957054
0.0143525
0.0142463
0.0097627
0.00965543
0.0124283
0.00972406
0.00986969
0.00959016
0.0125163
0.0120577
0.0117583
0.0117382
0.0120769
0.00954114
0.00954124
0.00951777
0.00949708
0.00955272
0.0095146
0.00951042
0.0144266
0.0145056
0.00968593
0.00964787
0.00949813
0.012627
0.00952159
0.0125694
0.00963611
0.0121329
0.0117363
0.0120945
0.0117643
0.00972621
0.0096013
0.0124724
0.00975679
0.0097272
0.00960047
0.0125028
0.014417
0.0143557
0.00954273
0.00954721
0.00955154
0.00955146
0.00955521
0.00954854
0.00954623
0.0121608
0.0117958
0.0117736
0.0122
0.00969906
0.009743
0.00957762
0.0125674
0.00958083
0.012532
0.00969243
0.0144503
0.0144847
0.012416
0.0124084
0.00953728
0.00954598
0.0095645
0.00955587
0.00955484
0.00952412
0.00954531
0.0139509
0.0137996
0.01215
0.0117305
0.0121364
0.0117562
0.00961564
0.00960034
0.00948499
0.012585
0.00949345
0.0125061
0.00959021
0.0095021
0.00951549
0.00948206
0.0094994
0.00948345
0.00950183
0.0095024
0.0140534
0.0141893
0.012159
0.0117943
0.0117689
0.0121726
0.00969756
0.00958043
0.0124179
0.00978859
0.0097031
0.00958426
0.0124712
0.012002
0.0117134
0.0119751
0.011737
0.0143402
0.0142669
0.00953773
0.00953731
0.00953484
0.00953196
0.0095361
0.00953021
0.00953833
0.00965492
0.00976914
0.00956082
0.0125606
0.00955819
0.0125064
0.00964507
0.0120187
0.0117683
0.0117446
0.0120459
0.0143893
0.0144546
0.012148
0.0122255
0.0122355
0.0121761
0.0118013
0.01215
0.0118224
0.00969429
0.0125934
0.00966433
0.00980823
0.00971194
0.012624
0.00963519
0.00955921
0.00955448
0.0095492
0.00955711
0.00955931
0.00954649
0.0095487
0.0144803
0.0145149
0.0121942
0.0118466
0.0118283
0.0122167
0.00967266
0.009797
0.0126715
0.00958806
0.0126349
0.00961069
0.00965623
0.00956993
0.00955409
0.0095299
0.00954717
0.00953539
0.00954679
0.00957069
0.0145706
0.0145068
0.00951471
0.00949568
0.00949023
0.00950171
0.00952364
0.00949208
0.00948393
0.00959054
0.012587
0.00949291
0.00963253
0.00960091
0.0126285
0.00949104
0.0121143
0.0118301
0.0118099
0.0121371
0.0146078
0.0146569
0.00950127
0.00948975
0.00948755
0.0094731
0.00948475
0.00947378
0.0094991
0.00957701
0.00961282
0.0126928
0.00948426
0.0126627
0.00948474
0.00957549
0.0123081
0.012344
0.00966174
0.0126604
0.0096292
0.00988964
0.00967172
0.0126858
0.00961673
0.0121374
0.0117458
0.0121381
0.0117556
0.00953839
0.00953375
0.0095401
0.00952258
0.00953598
0.00953167
0.00954375
0.0146708
0.0147172
0.00964919
0.00986128
0.0127231
0.00957915
0.0126948
0.00959693
0.00963175
0.0121399
0.0117751
0.0117599
0.0121425
0.00952942
0.00951904
0.00952339
0.0095311
0.00952635
0.00953688
0.0095299
0.0146275
0.0145363
0.00955559
0.00953787
0.00952696
0.00953386
0.00955213
0.00954316
0.00953159
0.0122197
0.0117994
0.0122109
0.0118179
0.00963892
0.00976946
0.0127968
0.0095488
0.0127589
0.00955572
0.00962942
0.014685
0.0147393
0.0095481
0.00952154
0.00952706
0.00952447
0.00953037
0.00952831
0.0095434
0.0122164
0.0118356
0.0118207
0.0122262
0.00948956
0.00949723
0.00948207
0.00948984
0.00949219
0.00948964
0.00948165
0.0146165
0.0145565
0.00958569
0.00947252
0.0126576
0.00959275
0.0096045
0.00946831
0.0126941
0.0121079
0.0118046
0.0117895
0.012125
0.00948364
0.00947957
0.00947997
0.00947698
0.00948051
0.00947652
0.00948664
0.0146542
0.0147047
0.00957301
0.00958814
0.0094623
0.0127438
0.00945986
0.0127145
0.00956705
0.0122507
0.0118023
0.0122216
0.0118221
0.00965804
0.00955576
0.0125965
0.00974911
0.00966322
0.00954783
0.012626
0.0145204
0.0144958
0.00954335
0.00951391
0.00951365
0.00951442
0.0095196
0.00951971
0.00953459
0.0122615
0.0118422
0.0118261
0.0122774
0.00963493
0.00972459
0.00951584
0.0126647
0.00952465
0.0126447
0.00963429
0.0145287
0.0145608
0.0124737
0.0124402
0.00949777
0.00946548
0.00947933
0.0094993
0.00948963
0.00947321
0.00948477
0.0143791
0.0142735
0.0121916
0.0118027
0.0121776
0.0118241
0.00955742
0.00959576
0.00946836
0.0127468
0.00945897
0.0126953
0.00955384
0.00949425
0.00949121
0.00947887
0.00948123
0.00946845
0.00947366
0.00950343
0.0144367
0.0145121
0.0121926
0.0118444
0.011827
0.0122053
0.00960369
0.00953589
0.0125925
0.00977009
0.00960925
0.00953567
0.0126414
0.0120855
0.0117741
0.012061
0.0117959
0.0145498
0.0144945
0.00949204
0.00949623
0.00949598
0.009508
0.00949309
0.0094999
0.00949888
0.00957857
0.00972418
0.00951363
0.012713
0.00951406
0.012669
0.0095772
0.012097
0.0118179
0.0117992
0.0121175
0.0145822
0.0146297
0.0122583
0.0123391
0.012379
0.0122444
0.0118502
0.0122282
0.0118654
0.00961701
0.0126914
0.0095664
0.00974849
0.00963409
0.0127363
0.00954906
0.00956762
0.00951791
0.00953829
0.00953716
0.00957279
0.00951154
0.00953475
0.0145691
0.0146192
0.0122512
0.0118824
0.0118687
0.0122627
0.00959753
0.00973119
0.0128098
0.00952069
0.0127616
0.0095303
0.00958479
0.0095599
0.00952068
0.0094971
0.00951674
0.00949935
0.00951995
0.00955315
0.0147202
0.014682
0.00949373
0.00948317
0.00946584
0.00947969
0.00949105
0.00949046
0.00946861
0.00957093
0.0127177
0.00947513
0.0095915
0.00956727
0.0127355
0.00947405
0.012165
0.0118697
0.0118554
0.0121803
0.0147419
0.0147777
0.00948854
0.00947351
0.00949781
0.00947061
0.0094878
0.00946473
0.00949398
0.00956586
0.00957789
0.0127671
0.00946892
0.0127552
0.0094667
0.00957142
0.0124626
0.0124967
0.00959318
0.0127377
0.00954989
0.00973271
0.00960889
0.0127691
0.00952781
0.0121569
0.0117855
0.0121485
0.0118064
0.00951074
0.00951101
0.0095131
0.0094969
0.00951541
0.0095038
0.00950223
0.0148005
0.0148297
0.00957823
0.00967684
0.0128239
0.00948896
0.0127917
0.00950142
0.00957767
0.012167
0.0118382
0.0118199
0.0121804
0.00949693
0.00948364
0.0094855
0.00948735
0.00948953
0.00948943
0.00949556
0.0147943
0.0147657
0.00951786
0.00950586
0.00951328
0.00949388
0.00952673
0.00949872
0.009508
0.0122358
0.0118364
0.012225
0.0118479
0.00961211
0.00965161
0.0128088
0.00948664
0.012799
0.00949118
0.0096112
0.0148085
0.0148308
0.00950205
0.00948048
0.0094814
0.00949741
0.00948174
0.00949869
0.00949915
0.0122368
0.0118634
0.0118504
0.0122482
0.00948374
0.00947385
0.00947145
0.0094739
0.0094805
0.00947696
0.00947252
0.0147845
0.0147373
0.00956042
0.00945998
0.0127622
0.00959873
0.00956072
0.00946575
0.0127844
0.0121734
0.011842
0.0118287
0.0121946
0.00948215
0.00947145
0.00948152
0.00947562
0.00947382
0.00947088
0.00949003
0.0148186
0.0148654
0.00955774
0.00960437
0.00947866
0.0128196
0.00946898
0.0128013
0.00956177
0.0122832
0.0118444
0.0122787
0.0118573
0.00961787
0.00949651
0.0126747
0.00967611
0.0096176
0.00949253
0.0126953
0.0146191
0.0145769
0.00949929
0.00947178
0.00948734
0.00947642
0.00948611
0.00947458
0.00949778
0.0122807
0.0118653
0.0118568
0.0122829
0.00960518
0.00964965
0.00948388
0.0127495
0.00948145
0.0127119
0.00960376
0.0146478
0.0147028
0.0124609
0.012442
0.00950714
0.0094764
0.0094735
0.0094927
0.00950088
0.00948447
0.00948163
0.0146024
0.0145471
0.0122134
0.0118449
0.0122034
0.0118598
0.00956663
0.00966764
0.00950219
0.0128141
0.00948731
0.0127833
0.00957274
0.00950347
0.00948606
0.00948994
0.00948656
0.00948222
0.0094784
0.00950828
0.014632
0.0146857
0.0122107
0.0118745
0.0118602
0.0122195
0.00955877
0.00949899
0.012739
0.00967744
0.00955835
0.0095009
0.0127773
0.0121449
0.0118192
0.0121267
0.0118348
0.0147003
0.0146583
0.00948337
0.00947747
0.00947821
0.00949881
0.00947487
0.00949517
0.00949126
0.00954298
0.00964873
0.00949576
0.0128389
0.00949221
0.0128046
0.00954405
0.0121545
0.0118518
0.0118367
0.0121731
0.0147256
0.0147646
0.0124305
0.0125324
0.0125779
0.0122754
0.0118867
0.0122671
0.0119004
0.00956877
0.0128358
0.00950947
0.00968244
0.00957405
0.0128826
0.00950883
0.00954012
0.00949045
0.00950457
0.00950594
0.00954425
0.00949387
0.0095055
0.0147567
0.0148325
0.0122807
0.0119242
0.0119081
0.0122878
0.00956649
0.00966434
0.0129464
0.00950564
0.0129062
0.00950362
0.00956745
0.00953126
0.00950126
0.00949708
0.00949901
0.00949223
0.00949755
0.00952851
0.0148372
0.0148003
0.00950161
0.00949743
0.00947102
0.00948752
0.00949239
0.00951095
0.00947982
0.00957954
0.0127844
0.00946686
0.00959407
0.0095697
0.0127949
0.0094738
0.0122043
0.0119068
0.0118937
0.0122202
0.0148683
0.0149138
0.00950364
0.00949131
0.0095255
0.00949288
0.00951224
0.00948374
0.00951485
0.00958203
0.00959691
0.0128303
0.00948472
0.0128144
0.00947626
0.00959426
0.0125631
0.0125667
0.00957617
0.0128528
0.0094776
0.00960064
0.00957118
0.0128857
0.00947741
0.0122079
0.01185
0.0121926
0.0118689
0.00949149
0.00947694
0.00948361
0.00947544
0.00948874
0.0094783
0.00948585
0.0149375
0.0149833
0.00956823
0.00958955
0.0129528
0.00947914
0.01292
0.00947526
0.00957135
0.0122226
0.0118955
0.0118794
0.0122419
0.00948767
0.00947429
0.00947903
0.00948592
0.00947451
0.0094829
0.00949194
0.0148716
0.0148462
0.00949679
0.00947447
0.00949423
0.00947873
0.00949371
0.00947965
0.00949706
0.0122699
0.0118671
0.0122526
0.0118797
0.0096296
0.00962909
0.0128678
0.00949349
0.012831
0.00948535
0.00962865
0.0148902
0.014919
0.00949559
0.00947572
0.00948372
0.00949685
0.00947759
0.00949495
0.00949951
0.0122837
0.0119059
0.0118883
0.0123083
0.00950237
0.00948184
0.00948034
0.00948634
0.00949236
0.00949342
0.00948843
0.0149452
0.0148993
0.00957467
0.00948792
0.0128391
0.00967887
0.00956403
0.00950498
0.012857
0.0122341
0.0118816
0.0118676
0.0122488
0.0095056
0.00949138
0.00950626
0.00950444
0.0094953
0.00949632
0.00951613
0.014983
0.0150304
0.00957998
0.00971553
0.00954558
0.0128999
0.00952322
0.0128802
0.00959524
0.0122885
0.0118679
0.0122838
0.0118806
0.00958942
0.00948058
0.012785
0.00963048
0.00959268
0.0094872
0.0128414
0.0148098
0.0147428
0.00949761
0.00947175
0.00949267
0.00947698
0.00948836
0.00947139
0.00950014
0.0122916
0.0119006
0.0118866
0.0123012
0.0095807
0.00962858
0.00949786
0.0129512
0.00948915
0.0128902
0.00957979
0.014867
0.0149381
0.0124335
0.0124144
0.00951379
0.00949056
0.009489
0.00949596
0.00950693
0.00950088
0.00949927
0.0147786
0.0147202
0.0122304
0.0118767
0.0122189
0.0118925
0.00961994
0.00982683
0.00962747
0.0129224
0.00958723
0.0128751
0.00963501
0.00951502
0.00949896
0.00951716
0.00952237
0.00950532
0.00950822
0.00952282
0.0148236
0.0148837
0.0122339
0.011916
0.0118981
0.0122489
0.00953799
0.0094938
0.0128666
0.00963363
0.00953379
0.00949989
0.0128959
0.0122084
0.0118568
0.012186
0.0118734
0.0148214
0.0147841
0.00949969
0.00947617
0.00947858
0.00949879
0.00947313
0.00949287
0.00950942
0.00953441
0.00962043
0.00950695
0.0129479
0.00950175
0.0129219
0.00954132
0.0122266
0.0119
0.0118821
0.0122523
0.014834
0.014872
0.0125915
0.0127127
0.0127586
0.0123014
0.0119362
0.0122951
0.0119541
0.00957327
0.0129643
0.00950018
0.00962053
0.00956999
0.0129975
0.00950015
0.00951524
0.00949604
0.00949189
0.00950307
0.00951797
0.00949892
0.00949164
0.0150206
0.0150943
0.01231
0.0119901
0.0119697
0.0123189
0.00957867
0.00960144
0.013049
0.00949704
0.0130132
0.0094959
0.00958399
0.00950651
0.00949845
0.00949866
0.0094861
0.00949743
0.00948623
0.00950533
0.0150058
0.0149553
0.00952649
0.00952642
0.00949725
0.00951299
0.00951807
0.00953634
0.00950366
0.00960893
0.0128541
0.00948734
0.00962831
0.00959794
0.0128704
0.00949347
0.0122709
0.0119577
0.0119413
0.0122978
0.0150563
0.0151128
0.00952766
0.00951551
0.00953952
0.00950816
0.00953558
0.00950639
0.00952984
0.00961233
0.00963056
0.0129173
0.00949874
0.0128968
0.00949544
0.0096216
0.0125866
0.0125922
0.00956524
0.0129919
0.00947965
0.00959919
0.00956335
0.0130242
0.00948374
0.0122839
0.0119091
0.0122608
0.0119274
0.00949438
0.00947754
0.00948411
0.00948551
0.0094905
0.0094822
0.00948666
0.0151493
0.0152076
0.00955942
0.00959795
0.0130951
0.00948829
0.0130642
0.00948465
0.00956078
0.0123075
0.0119577
0.0119409
0.0123342
0.00949389
0.00948618
0.00948324
0.00948804
0.00948063
0.00948554
0.00949537
0.0149774
0.014943
0.00950336
0.00948209
0.00949462
0.00948166
0.00949994
0.00948639
0.00949611
0.0123588
0.0119175
0.0123297
0.0119354
0.00963199
0.00968517
0.012985
0.00950596
0.0129493
0.00950317
0.00963102
0.0150092
0.0150574
0.00950313
0.00947948
0.00948875
0.00949486
0.00948512
0.00949402
0.00950566
0.0123854
0.011975
0.0119525
0.0124155
0.00952941
0.00950823
0.00951199
0.00951181
0.00952063
0.00951626
0.00951845
0.0151216
0.0150722
0.00961774
0.00956379
0.0129262
0.0098435
0.00960263
0.00957936
0.012944
0.0122873
0.011948
0.0119261
0.0123077
0.00953125
0.0095134
0.00951476
0.00952348
0.00951393
0.00952193
0.00953449
0.0151694
0.0152188
0.0096197
0.00985529
0.0095833
0.0129938
0.00958364
0.0129722
0.00962495
0.0123235
0.0119132
0.0123094
0.0119329
0.00957809
0.00950221
0.0129991
0.00966122
0.00957491
0.00951131
0.0130508
0.0150726
0.0150035
0.00950355
0.00947767
0.00949954
0.00948027
0.00949699
0.00947727
0.00950395
0.0123375
0.0119688
0.0119487
0.0123581
0.00957699
0.00966963
0.00952166
0.0131329
0.00951487
0.0130914
0.00958298
0.0151387
0.0152012
0.0124186
0.0124306
0.00952925
0.00952092
0.00953525
0.00952808
0.00952426
0.00952933
0.00954807
0.0150033
0.0149388
0.0122787
0.0119271
0.0122588
0.0119482
0.00967415
0.00999613
0.009717
0.0130681
0.00971322
0.0130288
0.00967409
0.00952713
0.00952764
0.00952989
0.00955518
0.00952756
0.00955293
0.00952649
0.015064
0.0151253
0.0122946
0.0119869
0.0119644
0.0123168
0.00954692
0.00950786
0.0129791
0.00960993
0.00954082
0.00951162
0.0130076
0.0123027
0.0119133
0.0122753
0.0119335
0.0149436
0.0148929
0.00952336
0.00948472
0.00948478
0.00950344
0.00948174
0.00950027
0.00952625
0.00954706
0.00960292
0.00951399
0.0130742
0.00951118
0.0130444
0.00955198
0.0123282
0.0119711
0.0119506
0.0123544
0.0149815
0.015041
0.0127412
0.0128782
0.0129151
0.0123433
0.0120087
0.0123309
0.0120299
0.00959889
0.0130737
0.00949615
0.00958191
0.00959073
0.0131136
0.00949874
0.00949882
0.00949738
0.00948294
0.0094919
0.00949947
0.00949867
0.00948299
0.0152953
0.0153566
0.0123584
0.0120704
0.0120493
0.0123733
0.00960697
0.00957834
0.013177
0.00949849
0.013141
0.00949822
0.00961618
0.0094939
0.00948741
0.00949963
0.00948042
0.0094982
0.00948054
0.00949328
0.0152272
0.0151701
0.00952475
0.00953495
0.00950657
0.00951562
0.00952659
0.00953427
0.00950513
0.00963045
0.0129477
0.00949863
0.00964145
0.0096234
0.0129685
0.009499
0.0123784
0.0120297
0.0120101
0.0124064
0.0152882
0.015346
0.00952167
0.00951154
0.00952466
0.00949997
0.00952738
0.00950199
0.00952101
0.00962994
0.00963786
0.013027
0.00949459
0.0130017
0.00949697
0.00963274
0.0126617
0.0126925
0.00955712
0.013134
0.00948909
0.00960783
0.00955553
0.0131641
0.00949201
0.0123866
0.0119754
0.0123606
0.0119948
0.0094952
0.00948058
0.0094872
0.00948889
0.00949464
0.00948229
0.00948907
0.0153784
0.0154326
0.0095535
0.00960748
0.0132326
0.0094912
0.0132018
0.00949134
0.00955457
0.0124132
0.012031
0.0120131
0.0124389
0.00949481
0.00948596
0.00947925
0.0094883
0.00947916
0.00948734
0.00949385
0.0151618
0.0151033
0.00950777
0.00948617
0.00949299
0.00948021
0.00950585
0.00948774
0.00949382
0.0124711
0.0119927
0.0124425
0.0120129
0.00964061
0.00969433
0.0131012
0.00949414
0.0130621
0.00949761
0.00963612
0.0152125
0.0152744
0.00950609
0.00947692
0.00948467
0.00949062
0.00948449
0.00949107
0.00950617
0.0124972
0.0120531
0.012032
0.0125225
0.00953014
0.00950786
0.00952016
0.00950844
0.00953034
0.0095069
0.0095183
0.0153144
0.0152672
0.00961687
0.00957029
0.0130289
0.00982927
0.00961713
0.00956136
0.0130532
0.012366
0.0120271
0.0120058
0.0123893
0.00952558
0.0095022
0.00949962
0.00950994
0.00949975
0.00951277
0.00952559
0.0153667
0.015417
0.00960733
0.00980185
0.00953719
0.0131228
0.00954549
0.0130942
0.00960738
0.0124012
0.011989
0.0123783
0.0120124
0.00958726
0.0095229
0.0131704
0.00968792
0.00958318
0.00952595
0.0132064
0.015323
0.0152657
0.00950101
0.00947805
0.00949868
0.00947555
0.00949997
0.00947503
0.00950035
0.0124236
0.012053
0.0120323
0.0124475
0.00958618
0.00968549
0.00952393
0.013275
0.00952433
0.0132432
0.00958715
0.0153853
0.0154421
0.0125169
0.0125608
0.00951377
0.00951958
0.00954946
0.00951951
0.00951832
0.00951648
0.00954393
0.0152428
0.015186
0.0123565
0.0120058
0.0123358
0.0120279
0.00965359
0.00992839
0.00964142
0.0131843
0.0096581
0.0131464
0.009646
0.00950472
0.00950883
0.00950274
0.00953126
0.00950495
0.00953644
0.0095019
0.0153029
0.0153581
0.0123749
0.0120687
0.0120473
0.0123937
0.00955635
0.00951248
0.0131129
0.00960353
0.00955232
0.00951354
0.0131413
0.0124044
0.0119893
0.0123801
0.0120085
0.0151467
0.015087
0.00951672
0.00947963
0.00947666
0.00949913
0.00947681
0.00949775
0.00951489
0.00955661
0.00959804
0.00951018
0.0132076
0.00951072
0.0131795
0.00955917
0.0124298
0.0120452
0.0120266
0.0124532
0.0151933
0.0152531
0.0128771
0.0130373
0.013082
0.0124116
0.0120901
0.012392
0.0121114
0.00962676
0.0132005
0.00949407
0.00956201
0.0096223
0.0132344
0.00948995
0.00948867
0.00949889
0.00947718
0.00947765
0.00948867
0.00949904
0.00947653
0.0155398
0.0155954
0.0124345
0.0121526
0.0121313
0.0124575
0.00962495
0.00955129
0.0132988
0.00947615
0.0132614
0.00948205
0.00962149
0.00948422
0.00947205
0.00949379
0.00946997
0.00949596
0.00947188
0.0094837
0.0154647
0.0154078
0.00951582
0.00951523
0.00949502
0.00949661
0.00951752
0.0095111
0.00949132
0.00962282
0.0130652
0.00948877
0.00962376
0.00962571
0.0130942
0.00948396
0.0124799
0.0121176
0.0120951
0.0125053
0.0155274
0.0155849
0.00951098
0.00948792
0.00949726
0.00948056
0.00950121
0.00948475
0.00950834
0.00961193
0.00961481
0.0131729
0.00947234
0.0131365
0.00947669
0.00960782
0.0128173
0.0128639
0.00954808
0.0132697
0.00948599
0.00958868
0.00954995
0.013302
0.00948093
0.0124908
0.0120506
0.0124655
0.0120696
0.0094885
0.00947365
0.00948484
0.00947812
0.00949111
0.00947137
0.00948373
0.0156052
0.0156669
0.00954267
0.0095775
0.0133721
0.00946691
0.0133385
0.00947265
0.00954106
0.012516
0.0121114
0.0120904
0.0125407
0.00948544
0.00947172
0.0094626
0.00947749
0.00946479
0.00947875
0.00948433
0.0153904
0.0153264
0.00949916
0.00947941
0.00948691
0.00947289
0.00950163
0.00947778
0.00948555
0.0125691
0.0120727
0.0125467
0.0120941
0.00962117
0.00966493
0.0132637
0.00947201
0.0132137
0.00947562
0.0096122
0.0154477
0.0155172
0.00949367
0.00946881
0.00947126
0.00948005
0.00947247
0.00948168
0.00949107
0.0125924
0.0121356
0.0121142
0.0126121
0.00951481
0.00949191
0.00950209
0.00948936
0.00951801
0.00949121
0.00949704
0.0155252
0.0154733
0.00959655
0.00952253
0.0131686
0.00974286
0.00959716
0.00951484
0.013198
0.0124629
0.0121109
0.0120895
0.0124911
0.00950556
0.00948206
0.00948432
0.00948343
0.00948433
0.00948829
0.00950219
0.0155861
0.0156412
0.0095874
0.00971001
0.00949685
0.0132712
0.00950282
0.0132423
0.00958839
0.0124963
0.0120719
0.0124709
0.0120916
0.00957598
0.00951916
0.0133107
0.00968071
0.00958071
0.00951364
0.0133376
0.0155637
0.0155054
0.00949801
0.00946696
0.00948269
0.00946533
0.00948659
0.00946667
0.00949614
0.0125206
0.0121295
0.0121099
0.0125476
0.00956394
0.00967048
0.00949498
0.0133962
0.00950442
0.0133715
0.00955791
0.0156285
0.0156871
0.0126932
0.0127436
0.00949205
0.00949268
0.00952657
0.00949414
0.0094947
0.00948929
0.00952216
0.0154759
0.0154198
0.0124304
0.0120882
0.0124116
0.0121095
0.00962512
0.00984002
0.00957535
0.0133362
0.00958577
0.0132911
0.00961569
0.00948566
0.00948589
0.00947827
0.00951526
0.00948023
0.00951805
0.00948407
0.0155388
0.0155956
0.0124504
0.0121504
0.0121291
0.0124722
0.00955664
0.00950578
0.0132468
0.00958329
0.00955736
0.009502
0.013277
0.0125021
0.012064
0.0124789
0.0120829
0.0153602
0.0153006
0.00950197
0.00946916
0.0094638
0.00949024
0.00946522
0.00949097
0.00949919
0.00955161
0.00956909
0.00948831
0.0133503
0.00949427
0.0133159
0.00954689
0.0125274
0.0121233
0.012103
0.0125499
0.0154108
0.0154752
0.013021
0.0131916
0.0132166
0.0125065
0.0121727
0.0124822
0.0121937
0.00960549
0.0133287
0.00946878
0.00953177
0.00961402
0.0133713
0.00946399
0.0094771
0.00948831
0.00946435
0.00946074
0.00947817
0.00948456
0.00946188
0.0157786
0.0158396
0.0125311
0.0122351
0.0122139
0.0125542
0.0095973
0.00952694
0.013446
0.00945374
0.0134044
0.00945809
0.00959055
0.00947131
0.00945472
0.00947374
0.00945396
0.00947758
0.00945645
0.0094698
0.0157047
0.0156474
0.0094976
0.0094876
0.00947327
0.00946905
0.00950194
0.00948433
0.00946921
0.00959364
0.0132218
0.00946555
0.00959755
0.00959647
0.0132599
0.00946243
0.0125778
0.012205
0.012184
0.0126038
0.0157698
0.0158314
0.00949054
0.00946174
0.00947434
0.00945983
0.00947618
0.00946271
0.00948719
0.00958425
0.00958794
0.0133469
0.00945602
0.0133093
0.00945752
0.00958361
0.0129946
0.0130325
0.00953884
0.0134079
0.00946102
0.00957281
0.00953822
0.0134445
0.00945818
0.0125871
0.0121347
0.0125647
0.0121583
0.00947951
0.00945642
0.00947286
0.00946155
0.00948039
0.00945499
0.00947078
0.0158593
0.0159218
0.00953907
0.00958004
0.0135187
0.00945462
0.0134798
0.00945598
0.00953941
0.0126108
0.0122021
0.0121792
0.0126357
0.00947487
0.00945639
0.0094474
0.00946444
0.00944926
0.00946724
0.00947159
0.0156568
0.0155825
0.00948383
0.00946529
0.0094761
0.00946101
0.00948703
0.00946299
0.00947421
0.0126534
0.0121528
0.0126344
0.0121732
0.00960057
0.00963189
0.0134244
0.00945564
0.0133793
0.00945689
0.00959681
0.0157265
0.015816
0.00947783
0.00945552
0.0094554
0.00946884
0.009457
0.00946976
0.00947519
0.0126737
0.0122165
0.0121939
0.0126917
0.00949273
0.00947908
0.00947605
0.00947349
0.00949379
0.00948055
0.00947345
0.0157641
0.0157034
0.00958449
0.00948699
0.0133103
0.00966049
0.00958245
0.00948388
0.0133337
0.0125794
0.012187
0.0121673
0.0126072
0.00948775
0.00946969
0.00947792
0.00946807
0.00947595
0.00946871
0.00948877
0.0158353
0.015903
0.00957796
0.00964806
0.00947824
0.0133942
0.00947875
0.0133699
0.00958004
0.012599
0.0121503
0.0125731
0.0121713
0.00954088
0.00948288
0.0134317
0.00962032
0.00954457
0.00947244
0.0134562
0.0158103
0.0157549
0.00948214
0.00945006
0.00946365
0.00944647
0.00946702
0.00944984
0.00947787
0.012625
0.0122102
0.0121903
0.0126531
0.00953178
0.00959423
0.00945273
0.0135268
0.00946101
0.013496
0.00952814
0.0158773
0.0159402
0.0128719
0.0129116
0.00947827
0.00947067
0.00951207
0.00947698
0.00947911
0.00946957
0.00951013
0.0157203
0.015661
0.0125241
0.0121701
0.012497
0.0121916
0.00959336
0.00981301
0.00955463
0.0135128
0.00955391
0.0134635
0.0095872
0.0094748
0.0094719
0.00946529
0.00950558
0.00946418
0.00950761
0.00947441
0.015789
0.0158527
0.0125553
0.0122354
0.0122123
0.0125881
0.00953724
0.00947864
0.0133851
0.00953706
0.00954246
0.00947235
0.0134243
0.0125985
0.0121455
0.0125751
0.0121677
0.0155983
0.0155311
0.00948738
0.00945485
0.00944907
0.0094702
0.00945073
0.00947389
0.00948539
0.00953537
0.00952755
0.00945811
0.0135024
0.00946288
0.0134579
0.00953116
0.012626
0.0122178
0.0121929
0.0126534
0.0156599
0.0157296
0.0132183
0.0133026
0.013332
0.0126023
0.012257
0.0125788
0.0122799
0.00958557
0.0134772
0.00944744
0.00952276
0.00958636
0.013515
0.0094432
0.00946051
0.00946619
0.00944844
0.0094411
0.00946297
0.00946312
0.00944539
0.016039
0.0161073
0.0126281
0.0123257
0.0123024
0.012654
0.00958532
0.00952157
0.0135762
0.00943387
0.0135405
0.00943723
0.00958521
0.00945342
0.00943447
0.00945312
0.00943602
0.00945602
0.00943952
0.00945092
0.0159653
0.0159002
0.00947652
0.00946668
0.00945351
0.00944975
0.00947968
0.00946434
0.00945043
0.00957489
0.0133964
0.0094517
0.00958148
0.00957536
0.0134324
0.00945001
0.0126828
0.0122969
0.0122722
0.01271
0.0160348
0.0161008
0.00946896
0.00944279
0.00945185
0.00943972
0.00945585
0.00944354
0.00946511
0.0095666
0.00957343
0.0135198
0.0094408
0.0134798
0.00944464
0.00956428
0.013129
0.0131646
0.00953273
0.0135532
0.00945168
0.00958275
0.00953581
0.0135938
0.00944855
0.0126902
0.012223
0.012662
0.0122463
0.00946098
0.00944082
0.00946002
0.00944843
0.00946494
0.00943835
0.00945623
0.0161234
0.0161874
0.00952701
0.00958061
0.0136689
0.00943951
0.0136277
0.0094435
0.00952517
0.0127182
0.0122887
0.0122662
0.0127483
0.0094548
0.0094418
0.00942844
0.00944756
0.00943134
0.00945082
0.00945117
0.0159957
0.0158977
0.00946862
0.00945008
0.0094669
0.0094504
0.00946984
0.00944976
0.00946843
0.0127361
0.0122389
0.0127147
0.0122635
0.00960575
0.00962862
0.0135923
0.00945008
0.0135414
0.00945045
0.0096036
0.0160833
0.0161747
0.00946521
0.00944742
0.00944686
0.00947153
0.0094461
0.00946998
0.00946463
0.0127622
0.012313
0.0122861
0.0127843
0.00948494
0.00947332
0.00946408
0.00946364
0.00948451
0.00947543
0.00946343
0.0160511
0.0159797
0.00957607
0.00947445
0.0134325
0.00965285
0.0095733
0.00947417
0.0134589
0.012691
0.0122727
0.0122498
0.0127177
0.00948025
0.00945819
0.00946949
0.00945666
0.00947034
0.0094592
0.00947876
0.0161287
0.0162015
0.00956997
0.00964624
0.00946793
0.0135355
0.00947029
0.0135005
0.00957076
0.0127103
0.0122332
0.0126803
0.0122561
0.00952014
0.00944421
0.0135733
0.00955228
0.00952074
0.00943937
0.0136096
0.0160794
0.0160103
0.00946563
0.00943216
0.00944882
0.00942851
0.00944971
0.00943044
0.00946493
0.012737
0.0123028
0.0122799
0.0127663
0.00951468
0.0095401
0.00943064
0.0136951
0.00943345
0.0136587
0.00951826
0.0161535
0.0162231
0.0130059
0.01304
0.00947451
0.00946046
0.00950244
0.00946804
0.00947373
0.00946203
0.00949928
0.015995
0.0159258
0.0126541
0.0122574
0.0126206
0.0122819
0.00957443
0.00982569
0.00953863
0.013686
0.00954639
0.0136409
0.00956683
0.00947549
0.00946345
0.00945775
0.00948929
0.00945767
0.00949514
0.00947495
0.0160679
0.0161362
0.0126856
0.0123292
0.0123045
0.0127174
0.00952846
0.00945105
0.0135364
0.00952467
0.00953199
0.00944821
0.0135838
0.0127142
0.0122436
0.0126841
0.0122691
0.0158584
0.0157899
0.0094766
0.00943497
0.0094313
0.00945007
0.00943381
0.0094543
0.00947335
0.00952863
0.00952431
0.00943976
0.0136643
0.00944246
0.0136187
0.00952386
0.0127461
0.0123183
0.0122937
0.0127752
0.015915
0.0159843
0.0133723
0.0134365
0.013474
0.0127146
0.0123482
0.0126844
0.0123712
0.00957508
0.0136035
0.0094286
0.00952606
0.00958234
0.0136468
0.00942632
0.00944096
0.00944612
0.00942928
0.00941993
0.00944385
0.00944298
0.00942486
0.0162992
0.0163647
0.0127497
0.0124139
0.0123925
0.0127825
0.00956728
0.00952343
0.0137342
0.009421
0.013681
0.00942177
0.00955338
0.00943428
0.0094131
0.00943325
0.00941309
0.00943604
0.00941715
0.00943198
0.0162329
0.0161688
0.00945177
0.00944258
0.00943123
0.00942546
0.00945675
0.00943781
0.00942645
0.00954725
0.0135703
0.00943207
0.00955217
0.00955331
0.0136126
0.00942561
0.012785
0.0124008
0.0123746
0.0128097
0.0162975
0.0163574
0.00944438
0.00941636
0.00942723
0.00941325
0.00943038
0.00941752
0.00944002
0.00953435
0.00953732
0.0137137
0.00941065
0.0136664
0.00941606
0.00952839
0.0133072
0.0133716
0.00951544
0.0137029
0.00943389
0.00956796
0.00951983
0.0137446
0.00942954
0.0128037
0.0123099
0.0127766
0.0123336
0.00944111
0.00942119
0.00944159
0.00942683
0.0094453
0.00941805
0.00943664
0.016387
0.0164514
0.00951051
0.00956318
0.0138199
0.00942041
0.0137785
0.00942323
0.00950614
0.0128291
0.0123738
0.0123522
0.0128563
0.00943791
0.00941875
0.00940903
0.00942831
0.00941096
0.00943156
0.00943485
0.0163405
0.0162551
0.00945904
0.00944166
0.00947088
0.00943859
0.00946122
0.00943865
0.00946829
0.0128346
0.0123349
0.0128108
0.0123582
0.00958337
0.00959796
0.0137863
0.00942173
0.0137308
0.0094294
0.00956495
0.016405
0.0164771
0.00945131
0.00942962
0.00942346
0.00945105
0.00942942
0.00945996
0.00944519
0.01286
0.0124043
0.0123803
0.0128791
0.0094671
0.00946146
0.00944984
0.00944373
0.00947121
0.00945887
0.00944512
0.0163429
0.0162744
0.00955972
0.0094606
0.0135852
0.00962833
0.00956211
0.00945541
0.0136244
0.0127995
0.0123644
0.0123409
0.0128255
0.00945772
0.00943587
0.00944715
0.00943238
0.00945048
0.00943704
0.00945386
0.0164146
0.0164784
0.00954651
0.00960901
0.00944198
0.013726
0.00944717
0.0136808
0.00954157
0.0128223
0.0123251
0.012794
0.0123488
0.0095159
0.00942559
0.0137442
0.00953021
0.00951403
0.00942288
0.0137788
0.0163691
0.0163005
0.00945414
0.00941619
0.00943484
0.00941257
0.00943816
0.00941545
0.0094498
0.0128471
0.01239
0.0123701
0.0128744
0.00951108
0.00951972
0.00941344
0.0138531
0.00941704
0.0138249
0.00951187
0.016438
0.0164988
0.0131589
0.0132099
0.00946866
0.00944989
0.00948184
0.00945
0.0094735
0.00944571
0.00947229
0.0162693
0.0162047
0.0127761
0.0123513
0.0127468
0.0123751
0.00954038
0.00974769
0.00947045
0.0138234
0.00948634
0.0137859
0.00952982
0.00946309
0.0094392
0.00943016
0.00945292
0.00943512
0.00946236
0.00945618
0.0163296
0.0163881
0.0128027
0.0124175
0.0123957
0.0128282
0.00951536
0.0094339
0.0136962
0.00952011
0.00952251
0.00943017
0.0137391
0.0128295
0.0123413
0.0128042
0.0123643
0.0161151
0.0160431
0.00945536
0.00941151
0.00940916
0.00942928
0.00941198
0.00943274
0.009448
0.00951379
0.00951094
0.00941898
0.0138004
0.00942346
0.013764
0.00950733
0.0128534
0.0124061
0.0123854
0.0128741
0.0161755
0.0162477
0.0135246
0.0135738
0.0135975
0.0128491
0.0124328
0.0128183
0.0124514
0.00952849
0.0137739
0.00941786
0.00952642
0.00954352
0.0138304
0.00941916
0.0094267
0.00942758
0.00940652
0.00940371
0.00942711
0.0094262
0.00940469
0.0165013
0.0165473
0.0128809
0.0124829
0.0124673
0.0129072
0.00952038
0.00952935
0.0139198
0.00942309
0.0138689
0.00941907
0.00950876
0.00942373
0.00940032
0.0094222
0.00940099
0.00942208
0.00940057
0.00942454
0.0164686
0.0164159
0.00943192
0.0094238
0.00940544
0.00940257
0.00943463
0.00942326
0.00940335
0.00951632
0.0137714
0.0094041
0.00951701
0.009518
0.0138165
0.00940276
0.0128716
0.0124839
0.0124636
0.0128917
0.0165222
0.0165702
0.00942856
0.00939814
0.00942425
0.00939851
0.00942294
0.00939837
0.00942726
0.0095103
0.00950904
0.0139133
0.00940381
0.0138714
0.00940092
0.00951318
0.0135872
0.0136499
0.00950007
0.013854
0.00941613
0.00956463
0.00950212
0.0138933
0.00941611
0.0129047
0.0123931
0.0128799
0.0124149
0.00943223
0.00940375
0.00942533
0.00940965
0.00943258
0.00940376
0.00942468
0.0166314
0.0166871
0.00949944
0.00956992
0.0139638
0.0094193
0.0139273
0.00941549
0.00950068
0.0129269
0.0124538
0.0124331
0.0129506
0.00943298
0.00940602
0.0094031
0.00942705
0.00940071
0.00942498
0.00943593
0.0165956
0.0165319
0.00943165
0.00941268
0.00943998
0.00940765
0.00943573
0.00940789
0.0094328
0.0129144
0.0124232
0.0128999
0.0124427
0.00952508
0.0095211
0.0139641
0.00940262
0.0139143
0.00940217
0.00951203
0.0166424
0.0166972
0.00942631
0.00940073
0.00940121
0.00942284
0.00940147
0.00942506
0.00942658
0.0129317
0.0124741
0.0124582
0.0129444
0.00944217
0.00943949
0.00942477
0.00942116
0.00944539
0.00943686
0.00942074
0.0165995
0.0165413
0.00952188
0.00943416
0.0137881
0.00957183
0.00952742
0.00942974
0.013833
0.0129066
0.0124496
0.0124277
0.0129324
0.00943558
0.00941452
0.009428
0.00941096
0.00942989
0.00941395
0.00943407
0.0166524
0.016709
0.00950995
0.00955064
0.00942015
0.0139392
0.00942323
0.0138946
0.00950588
0.0129199
0.012408
0.0128963
0.0124261
0.00950519
0.0094074
0.0138928
0.00950808
0.00950426
0.0094043
0.0139117
0.0166144
0.0165623
0.00943472
0.009399
0.00942098
0.0093993
0.00942103
0.00939931
0.00943204
0.0129381
0.0124567
0.0124411
0.0129584
0.00949926
0.00949865
0.00939895
0.0139572
0.00940003
0.0139448
0.00950281
0.0166704
0.0167156
0.0133689
0.0134303
0.00944357
0.00941972
0.00944403
0.00941707
0.00944925
0.00941591
0.00943694
0.0164985
0.0164426
0.0128727
0.0124359
0.012851
0.0124553
0.00950885
0.00964285
0.00942486
0.0139589
0.00943028
0.0139201
0.00950329
0.00943927
0.0094088
0.00940715
0.0094273
0.00940841
0.00943107
0.00943596
0.0165509
0.0166029
0.0128924
0.0124891
0.0124716
0.0129115
0.00950529
0.00941206
0.0138167
0.00948953
0.00950891
0.00940805
0.0138489
0.0129109
0.0124257
0.0128936
0.0124451
0.0163754
0.0163062
0.00943185
0.00939863
0.00939923
0.00941891
0.0093984
0.00941926
0.00942983
0.00951009
0.00948119
0.00940005
0.0138982
0.00940227
0.0138646
0.00950786
0.0129282
0.012483
0.0124642
0.0129448
0.0164316
0.0164952
0.0136769
0.0136344
0.0136401
0.0129543
0.0124964
0.0129334
0.0125103
0.00949969
0.013951
0.00942558
0.0095586
0.00950549
0.0139929
0.00943096
0.00942452
0.00941995
0.00939895
0.00940197
0.00942276
0.00942207
0.00940109
0.0166457
0.0166912
0.0129752
0.012536
0.0125226
0.0129919
0.00950054
0.00956566
0.014051
0.00943768
0.0140167
0.00943331
0.00949866
0.00942442
0.00940177
0.00942442
0.00940389
0.00942122
0.00940052
0.00942754
0.0166642
0.01662
0.00942513
0.00942581
0.00939568
0.00939981
0.00942525
0.00942811
0.00939776
0.00951608
0.0139628
0.00940532
0.00951921
0.00951106
0.0139957
0.00941
0.0129422
0.0125478
0.0125311
0.0129595
0.0167124
0.0167553
0.00942421
0.00939905
0.00943358
0.00939978
0.0094307
0.00939632
0.00942566
0.00951393
0.00951916
0.0140628
0.00941568
0.0140344
0.00941152
0.00951746
0.0137654
0.0137781
0.00950761
0.0139987
0.00942289
0.00961443
0.00950253
0.0140314
0.00942998
0.0129927
0.0124701
0.0129705
0.0124894
0.0094458
0.00940267
0.00943082
0.00940956
0.00944059
0.00940724
0.0094356
0.0168482
0.0168942
0.00950993
0.00962747
0.014092
0.00944151
0.014065
0.00943501
0.00951513
0.0130102
0.0125215
0.0125037
0.0130309
0.00945181
0.00940979
0.00941343
0.00944423
0.00940831
0.00944042
0.00945691
0.0167828
0.0167338
0.00942731
0.0093988
0.0094196
0.00939889
0.0094247
0.00940092
0.0094211
0.0129742
0.0124865
0.0129611
0.0124997
0.00950174
0.00949955
0.0140883
0.00940896
0.0140605
0.00940596
0.00949986
0.0168189
0.0168679
0.0094261
0.00939803
0.00940273
0.00942236
0.00939989
0.00941998
0.00942883
0.0129897
0.012522
0.0125101
0.0130019
0.00943049
0.00942308
0.00940493
0.00940589
0.00942978
0.00942362
0.00940398
0.016806
0.0167523
0.00949707
0.00941417
0.0139943
0.00951432
0.00949896
0.00941213
0.0140322
0.013016
0.0125282
0.0125098
0.0130383
0.00942976
0.00940258
0.00942533
0.00940195
0.00942235
0.00940033
0.00943256
0.0168405
0.0168914
0.00949665
0.00949654
0.00940741
0.014106
0.00940783
0.0140706
0.00949644
0.0129908
0.0124698
0.0129733
0.0124845
0.00950356
0.00939661
0.0139881
0.00949616
0.00949874
0.00939732
0.0140004
0.0168061
0.0167655
0.0094276
0.00939818
0.00942149
0.00939973
0.0094192
0.00939693
0.00942842
0.0130035
0.012511
0.0124966
0.0130195
0.00949931
0.00949066
0.00939829
0.0140479
0.00939627
0.0140322
0.00950355
0.016851
0.0168882
0.0136023
0.0136673
0.00943423
0.00940223
0.0094251
0.00940181
0.00943487
0.00940277
0.00942419
0.0167011
0.0166536
0.0129471
0.0125038
0.0129293
0.01252
0.0094946
0.00958295
0.00940725
0.0140739
0.00940865
0.014051
0.00949506
0.009435
0.00939912
0.00940204
0.00942482
0.00939997
0.00942452
0.00943575
0.0167482
0.0167887
0.0129628
0.012548
0.0125332
0.0129792
0.00951156
0.00939645
0.0139169
0.0094815
0.00951366
0.00939661
0.0139524
0.0129782
0.012501
0.0129618
0.0125191
0.0166054
0.016547
0.00943013
0.00939822
0.00940028
0.0094232
0.00939789
0.00942087
0.0094306
0.00951662
0.00948225
0.00939684
0.014005
0.00939499
0.0139715
0.00951435
0.0129939
0.0125507
0.0125345
0.0130071
0.016651
0.0167062
0.0137564
0.013704
0.0137403
0.0130253
0.0125475
0.0130092
0.0125603
0.0095002
0.0140704
0.0094371
0.00956379
0.0095012
0.0141016
0.00943776
0.00943169
0.00942417
0.00940348
0.00940963
0.00942864
0.00942776
0.00940671
0.0168023
0.0168467
0.0130416
0.0125844
0.0125714
0.0130596
0.00950238
0.00954769
0.0141487
0.00942926
0.0141199
0.00943242
0.00950098
0.00943304
0.00940846
0.0094306
0.00940795
0.00942734
0.00940521
0.00943596
0.0168406
0.016801
0.00942789
0.00943654
0.00939917
0.00940725
0.00942582
0.00943949
0.0094034
0.00951712
0.0140931
0.00941604
0.00954141
0.00951507
0.0141164
0.00941863
0.013003
0.0125991
0.0125848
0.0130198
0.0168839
0.0169215
0.00942823
0.00940681
0.00944501
0.00940675
0.00944223
0.0094025
0.00943091
0.00951414
0.00953638
0.0141634
0.00941693
0.014137
0.00941604
0.0095152
0.0137964
0.0138123
0.00951533
0.0141221
0.00944297
0.00964566
0.00951378
0.0141421
0.00944379
0.0130649
0.0125338
0.013046
0.0125506
0.00946357
0.00941406
0.0094455
0.00941614
0.00946128
0.00941774
0.00944479
0.0170202
0.0170535
0.00951004
0.00963085
0.0141819
0.00943365
0.0141676
0.00943853
0.00951116
0.0130775
0.0125772
0.0125619
0.0130933
0.00946208
0.00941329
0.00941654
0.00943826
0.00941579
0.00944085
0.00945932
0.0169535
0.016907
0.00943079
0.00940202
0.0094213
0.00940266
0.00942777
0.00940473
0.00942357
0.0130287
0.0125314
0.0130157
0.0125429
0.00950054
0.00950093
0.0141717
0.00940934
0.0141551
0.00940785
0.00950458
0.0169961
0.0170365
0.00942932
0.00940152
0.00940591
0.0094266
0.00940328
0.00942358
0.00943225
0.0130437
0.0125652
0.0125519
0.0130587
0.00943561
0.0094263
0.00940003
0.00940483
0.00943353
0.00942947
0.00940278
0.0169725
0.0169231
0.00950053
0.00940385
0.0141313
0.00947902
0.00950023
0.0094044
0.0141592
0.0130935
0.0125787
0.0125664
0.0131069
0.00943616
0.00940334
0.00943196
0.00940501
0.00943019
0.00940158
0.0094371
0.0170023
0.0170448
0.00950392
0.00947356
0.00940419
0.0142043
0.00940202
0.0141763
0.00950343
0.0130476
0.0125223
0.0130314
0.0125373
0.00950224
0.00939824
0.0140812
0.00949433
0.00949926
0.00940107
0.0141015
0.0169625
0.0169265
0.00943021
0.00940179
0.00942573
0.00940415
0.0094225
0.0094008
0.00943327
0.0130614
0.0125635
0.0125487
0.0130783
0.00949965
0.00948921
0.00940372
0.0141572
0.00940091
0.0141326
0.00950137
0.016991
0.0170295
0.0138278
0.0138791
0.00943717
0.00940012
0.00942479
0.00940138
0.00943663
0.00940259
0.00942552
0.0168645
0.0168286
0.0130084
0.0125591
0.0129932
0.0125722
0.00948983
0.00951271
0.00940237
0.0141484
0.00940025
0.0141343
0.00949208
0.00943746
0.00940056
0.00940474
0.00942679
0.00940149
0.00942501
0.00943803
0.0168967
0.0169301
0.0130214
0.0125933
0.0125817
0.0130359
0.00951772
0.00939645
0.0140192
0.00948803
0.0095195
0.00939939
0.0140494
0.0130263
0.0125629
0.0130186
0.012577
0.0168023
0.0167482
0.00943019
0.00940251
0.00940524
0.00943163
0.00940185
0.00942945
0.00943225
0.00952362
0.00948551
0.00940335
0.0140912
0.00939971
0.014061
0.00952345
0.0130328
0.0126003
0.0125871
0.0130368
0.0168431
0.0168934
0.013837
0.0138858
0.013926
0.0130939
0.0125955
0.0130753
0.0126091
0.0095023
0.0141674
0.00942191
0.00950845
0.00950279
0.0141941
0.00941989
0.00944479
0.00943021
0.00940638
0.00941251
0.00943952
0.00943413
0.00941049
0.0169395
0.0169725
0.0131104
0.0126352
0.0126205
0.0131303
0.00950562
0.00950206
0.0142359
0.00941876
0.0142111
0.0094162
0.00950773
0.0094509
0.00941199
0.00944044
0.00941673
0.00943493
0.00941063
0.00945758
0.016995
0.0169603
0.0094369
0.00944815
0.00940652
0.0094165
0.00943303
0.00945168
0.0094123
0.00951961
0.0141787
0.00941443
0.00954463
0.00951613
0.0142032
0.00941672
0.0130665
0.012647
0.0126317
0.0130846
0.0170317
0.0170689
0.00943996
0.00941718
0.00945873
0.00941965
0.00945516
0.00941311
0.00944483
0.00952203
0.0095419
0.0142429
0.00941946
0.014215
0.00941566
0.0095257
0.0138606
0.0138837
0.00951023
0.0142034
0.00942541
0.00956128
0.00950683
0.0142162
0.0094216
0.0131166
0.0125865
0.0131038
0.0126013
0.0094495
0.00941267
0.0094341
0.00941229
0.00945284
0.00941403
0.00943461
0.0171522
0.0171808
0.00951059
0.0095334
0.0142482
0.0094187
0.0142341
0.00941705
0.00951929
0.0131231
0.0126203
0.0126082
0.0131337
0.00944534
0.00941159
0.00941742
0.00943939
0.00941261
0.00943434
0.00944798
0.0171106
0.0170733
0.00943691
0.00940514
0.00942838
0.00940891
0.00943168
0.00940936
0.00943362
0.0130909
0.0125762
0.0130744
0.0125906
0.00951484
0.00949977
0.0142505
0.00941681
0.0142355
0.00941177
0.00952405
0.0171465
0.0171862
0.0094384
0.00941022
0.0094165
0.00944395
0.0094101
0.00943741
0.00944538
0.0131071
0.0126179
0.012602
0.0131251
0.00943957
0.00943159
0.00940458
0.00940933
0.00943744
0.0094349
0.00940953
0.0171045
0.0170691
0.00950982
0.0094038
0.0142159
0.00948985
0.0095085
0.00940828
0.0142391
0.0131464
0.0126154
0.0126046
0.013158
0.00944075
0.00941068
0.00944198
0.00941768
0.00943582
0.00941072
0.00944581
0.0171133
0.017141
0.00951698
0.0094983
0.00941802
0.0142656
0.00941078
0.0142416
0.00952048
0.0131146
0.0125729
0.0130955
0.0125878
0.00950442
0.00940371
0.014182
0.00949512
0.00950248
0.00940779
0.0142076
0.017089
0.0170494
0.00944407
0.00941002
0.00943895
0.00941706
0.0094321
0.00940997
0.00945113
0.0131353
0.0126138
0.012598
0.0131564
0.00950872
0.00949988
0.0094151
0.0142561
0.00940916
0.0142292
0.00951233
0.0171031
0.0171433
0.0139548
0.013964
0.00944019
0.00940479
0.00942649
0.0094091
0.00943796
0.00940934
0.00943058
0.016997
0.016959
0.013064
0.0126028
0.0130494
0.0126145
0.00949755
0.00948573
0.00941666
0.0142304
0.00941034
0.0142123
0.00950407
0.00944139
0.00941111
0.00941694
0.00943794
0.00941094
0.00943186
0.00944563
0.0170248
0.0170656
0.013077
0.0126369
0.0126241
0.013091
0.0095308
0.00940427
0.0141023
0.0094871
0.00952939
0.00940884
0.0141328
0.0130447
0.0126095
0.01304
0.0126227
0.0169748
0.0169329
0.00943748
0.00941135
0.00941922
0.00944105
0.00941275
0.00943671
0.00944384
0.00953648
0.00948781
0.00941671
0.0141781
0.00941081
0.0141452
0.00953926
0.0130491
0.012646
0.0126323
0.0130581
0.0170139
0.0170511
0.0139393
0.0139984
0.0140122
0.0131675
0.0126465
0.0131473
0.0126625
0.00951674
0.0142528
0.00941918
0.00951844
0.0095127
0.0142786
0.00942434
0.00947028
0.00944236
0.00941846
0.00942492
0.00946424
0.00944883
0.00942571
0.0170454
0.0170969
0.013184
0.012695
0.0126758
0.0132032
0.00952325
0.00952293
0.0143255
0.00943275
0.0142956
0.00942642
0.00952816
0.00947526
0.00942702
0.00945776
0.0094356
0.00945104
0.00942807
0.00947931
0.0171432
0.0171037
0.00945496
0.00946224
0.0094211
0.00943149
0.0094489
0.00946596
0.0094285
0.00953367
0.0142539
0.00942035
0.00954849
0.00953074
0.0142831
0.00942575
0.0131354
0.0127022
0.0126836
0.0131571
0.0171789
0.0172265
0.00945995
0.00943321
0.00947307
0.00943833
0.00946925
0.00943053
0.00946725
0.00953679
0.0095456
0.014334
0.00943363
0.0142977
0.00942747
0.00953782
0.0139506
0.0139804
0.00953245
0.0142659
0.00941895
0.00951016
0.00952242
0.014285
0.00942417
0.0131508
0.012628
0.0131397
0.0126437
0.00945443
0.0094191
0.00944164
0.00942621
0.00944821
0.00942598
0.00944792
0.0172791
0.0173198
0.00953682
0.00950776
0.0143302
0.0094327
0.0143061
0.00942635
0.00954556
0.0131635
0.0126705
0.0126533
0.0131845
0.00945625
0.00942817
0.00943479
0.00945764
0.00942802
0.00945131
0.00946275
0.0172637
0.0172237
0.00945495
0.00941869
0.00944677
0.00942634
0.00944721
0.00942598
0.00945289
0.0131593
0.0126287
0.0131398
0.0126439
0.00953702
0.00951546
0.0143415
0.00943333
0.0143226
0.00942659
0.00954506
0.0173059
0.0173528
0.00945736
0.00942858
0.00943559
0.00946026
0.00942804
0.00945459
0.00946461
0.0131739
0.0126739
0.0126543
0.0131924
0.00945584
0.00944528
0.00942013
0.00942801
0.00944978
0.00945243
0.00942779
0.0171946
0.0171567
0.00953559
0.0094223
0.0142681
0.00952649
0.00953083
0.00942984
0.0142929
0.013202
0.0126658
0.0126464
0.013219
0.00946008
0.00943036
0.00946088
0.0094363
0.00945546
0.00942966
0.00946544
0.0172241
0.0172826
0.00954423
0.00953389
0.0094383
0.0143369
0.00943273
0.0143013
0.00954707
0.0131981
0.0126247
0.0131771
0.0126431
0.0095229
0.00941791
0.0142741
0.00952964
0.00951841
0.00942511
0.0143024
0.0171964
0.0171576
0.00946417
0.00942947
0.00945732
0.00943569
0.00945013
0.00942846
0.00946942
0.0132161
0.0126718
0.0126559
0.0132367
0.00952893
0.0095375
0.00943541
0.0143505
0.00942821
0.0143197
0.00953357
0.0172215
0.0172743
0.0140001
0.0140144
0.00945334
0.00941918
0.00943995
0.0094261
0.00944772
0.00942582
0.00944675
0.0171391
0.0170946
0.0131189
0.0126476
0.0131039
0.0126625
0.0095184
0.00950241
0.00943462
0.0143207
0.00942874
0.0143004
0.00952632
0.00945609
0.009428
0.00943453
0.00945567
0.00942774
0.00944876
0.00946173
0.0171742
0.0172211
0.0131329
0.0126934
0.0126755
0.0131508
0.00954512
0.00941959
0.0141938
0.00950631
0.00954343
0.00942665
0.0142304
0.0130813
0.0126553
0.0130668
0.0126695
0.017124
0.0170873
0.00945616
0.00943055
0.00944045
0.00945701
0.00943299
0.00945087
0.00946366
0.00954692
0.00951017
0.00943701
0.0142927
0.00942996
0.0142523
0.00954794
0.0130965
0.012696
0.0126799
0.0131173
0.0171633
0.0172065
0.0139842
0.0140763
0.0140965
0.0132338
0.0127103
0.0132176
0.0127311
0.00954259
0.0143388
0.00943521
0.00953841
0.00953685
0.0143697
0.00944174
0.00948296
0.00946056
0.00943765
0.00944384
0.00948127
0.00946746
0.00944447
0.0172664
0.0173414
0.013245
0.0127664
0.012746
0.0132564
0.00955329
0.00954195
0.0144077
0.00944961
0.0143773
0.00944369
0.00955919
0.00948212
0.0094452
0.00947639
0.00945135
0.00947047
0.00944551
0.00948367
0.0173168
0.0172642
0.00947961
0.00947545
0.0094404
0.00944838
0.00947309
0.00947871
0.00944784
0.00954282
0.0143538
0.00943579
0.00955218
0.00954192
0.0143912
0.00944222
0.0132188
0.012767
0.0127476
0.0132409
0.0173541
0.0174087
0.0094831
0.00944894
0.00948132
0.00945436
0.0094794
0.00944874
0.00948713
0.00954515
0.0095481
0.0144507
0.0094492
0.0144132
0.00944387
0.00954584
0.0140743
0.01411
0.00955107
0.0143578
0.00943531
0.00952822
0.00954553
0.014383
0.00944174
0.0132305
0.0126835
0.0132048
0.0127036
0.00947185
0.00943629
0.00946065
0.00944322
0.00946533
0.00944295
0.00946611
0.0174733
0.017527
0.00954976
0.0095302
0.0144373
0.00944981
0.0144138
0.00944383
0.00955611
0.0132523
0.0127334
0.0127152
0.0132796
0.00947627
0.0094443
0.00945064
0.00947412
0.00944419
0.00946897
0.00948184
0.0174445
0.0173962
0.00947271
0.00943752
0.00946154
0.00944508
0.00946555
0.00944469
0.00946797
0.01323
0.0126871
0.013208
0.0127058
0.00955478
0.00953489
0.0144575
0.00945058
0.0144308
0.0094446
0.00956193
0.0174925
0.0175433
0.00947427
0.00944641
0.00945252
0.00947523
0.00944597
0.00946941
0.0094805
0.0132468
0.0127398
0.0127187
0.0132685
0.00947469
0.00946412
0.00943718
0.00944429
0.00946971
0.00946988
0.00944378
0.0174128
0.0173385
0.00955713
0.00943915
0.014357
0.00954994
0.00955464
0.0094441
0.0143992
0.0132702
0.0127419
0.0127196
0.0132881
0.00947674
0.00944543
0.00947692
0.00945084
0.00947239
0.00944469
0.0094813
0.0174674
0.0175373
0.00956208
0.00955142
0.00945036
0.0144712
0.00944499
0.0144254
0.00956312
0.0132745
0.0126839
0.0132547
0.0127033
0.00954445
0.00943828
0.01437
0.00956629
0.00954008
0.00944527
0.0144042
0.0173682
0.0173098
0.0094819
0.00944726
0.00947487
0.00945319
0.00946859
0.0094462
0.00948696
0.01329
0.0127341
0.012716
0.0133102
0.00955125
0.00957453
0.00945368
0.0144579
0.0094474
0.014423
0.00955623
0.0174138
0.0174783
0.0140874
0.0141153
0.00947001
0.00943623
0.00945829
0.00944322
0.00946427
0.00944293
0.00946502
0.017313
0.0172641
0.0131864
0.0127081
0.0131663
0.0127283
0.00954158
0.00952127
0.00944843
0.0144317
0.00944306
0.0144083
0.00955217
0.00947228
0.00944454
0.00945047
0.00947396
0.00944405
0.00946819
0.00947755
0.0173601
0.0174067
0.0132017
0.0127631
0.0127427
0.0132217
0.00954963
0.00943951
0.0143212
0.00952762
0.0095478
0.00944554
0.0143607
0.0131632
0.0127084
0.0131383
0.0127265
0.0173024
0.0172525
0.00947313
0.00944789
0.00945547
0.00947331
0.0094497
0.00946708
0.00947949
0.00954827
0.00952665
0.00945222
0.0144243
0.0094468
0.0143921
0.00955175
0.0131864
0.0127584
0.0127399
0.0132122
0.0173516
0.0174035
0.0140519
0.0141609
0.0141725
0.013276
0.0127796
0.0132661
0.0127991
0.00957429
0.0144161
0.00945097
0.00955707
0.00956977
0.0144489
0.00945634
0.00948447
0.00947872
0.00945122
0.00945724
0.00948127
0.00948323
0.0094565
0.0175084
0.0175653
0.013287
0.0128293
0.0128107
0.0133003
0.0095825
0.00956332
0.0144963
0.00946124
0.0144602
0.00945694
0.00958387
0.00948315
0.0094568
0.00948837
0.00946078
0.00948493
0.0094558
0.00948722
0.0174973
0.0174443
0.00949067
0.00947991
0.00945374
0.00945786
0.00948833
0.00948197
0.0094585
0.00955152
0.0144701
0.00944979
0.00954707
0.0095499
0.014503
0.0094544
0.0132944
0.0128254
0.0128083
0.0133128
0.0175297
0.0175824
0.00949055
0.00945665
0.00948354
0.00946149
0.00948061
0.00945724
0.00949253
0.00955537
0.00954459
0.0145527
0.00945824
0.0145191
0.00945417
0.00955763
0.0142127
0.0142392
0.00956077
0.0144671
0.00945134
0.00954912
0.00955422
0.0144889
0.00945638
0.0133202
0.0127462
0.0132985
0.0127641
0.00948775
0.00945146
0.00947505
0.00945676
0.00948371
0.00945697
0.00947952
0.0176737
0.0177196
0.00955859
0.00954625
0.0145348
0.00946061
0.0145165
0.00945677
0.00956489
0.0133355
0.0127912
0.0127758
0.0133535
0.00948711
0.00945692
0.00946145
0.00948345
0.00945689
0.00947862
0.00949089
0.017641
0.0175893
0.00948812
0.00945296
0.00947757
0.00945898
0.0094827
0.00945849
0.00948307
0.0133106
0.0127526
0.0132862
0.0127729
0.00956941
0.00954255
0.0145754
0.00946038
0.0145493
0.00945677
0.00957301
0.0176856
0.017736
0.00949193
0.00945852
0.00946265
0.00949041
0.00945795
0.00948615
0.00949665
0.0133288
0.0128049
0.0127851
0.013354
0.00948566
0.00947705
0.00945118
0.00945684
0.00948197
0.00948067
0.00945659
0.017644
0.0175865
0.00956679
0.0094513
0.0144981
0.00956357
0.00956667
0.00945612
0.0145347
0.0133352
0.0128014
0.012786
0.0133492
0.00948422
0.00945619
0.00948325
0.00946055
0.00947908
0.00945604
0.00948844
0.0176827
0.0177323
0.00956651
0.0095588
0.0094591
0.0145873
0.00945546
0.0145547
0.00956656
0.0133452
0.0127465
0.0133256
0.0127663
0.00957054
0.00945526
0.0144734
0.00960162
0.00956507
0.0094611
0.0145084
0.0175893
0.0175235
0.009499
0.00945995
0.00949177
0.00946568
0.00948673
0.00946022
0.00950234
0.0133599
0.0127981
0.0127783
0.0133789
0.00958051
0.00960716
0.00946768
0.0145581
0.0094623
0.0145224
0.00958595
0.0176359
0.0177009
0.0142007
0.0142309
0.00948269
0.00945095
0.0094759
0.00945679
0.00947805
0.00945621
0.00948045
0.0174985
0.0174531
0.0132545
0.0127765
0.0132359
0.0127966
0.00956577
0.00952944
0.00945754
0.0145415
0.00945357
0.0145201
0.0095746
0.00948173
0.00945603
0.00945992
0.00948444
0.0094554
0.00948084
0.00948622
0.0175417
0.017584
0.0132684
0.0128283
0.012809
0.0132865
0.00955362
0.00945307
0.0144534
0.0095453
0.00954963
0.00945809
0.0144771
0.0132597
0.0127715
0.0132346
0.0127891
0.0175013
0.0174504
0.0094864
0.00945874
0.00946352
0.00948407
0.00945951
0.00947856
0.00949068
0.00955101
0.00954377
0.00946266
0.0145232
0.00945832
0.0145034
0.00955541
0.0132796
0.012818
0.0128013
0.0133024
0.0175426
0.0175914
0.0141223
0.0142327
0.01425
0.0133315
0.0128397
0.0133142
0.0128578
0.00958689
0.0145095
0.00946066
0.0095764
0.00958836
0.0145465
0.00946338
0.00949028
0.00948955
0.00945923
0.00946402
0.00948656
0.00949181
0.00946323
0.0176948
0.017746
0.0133477
0.0128852
0.0128676
0.0133687
0.00958798
0.00957878
0.0146095
0.00946307
0.0145656
0.00946145
0.00958464
0.00949018
0.0094614
0.0094936
0.00946347
0.00949208
0.00946049
0.00949289
0.0176637
0.0176134
0.00949398
0.00948286
0.00945964
0.00946317
0.0094926
0.00948566
0.00946325
0.00956694
0.0145646
0.00945748
0.00955888
0.00956449
0.0145951
0.00946076
0.0133622
0.0128828
0.0128645
0.01338
0.0176946
0.0177468
0.00949293
0.00946046
0.00948705
0.00946262
0.00948505
0.00946024
0.00949347
0.00957376
0.0095675
0.0146349
0.00946172
0.0146031
0.00945916
0.0095762
0.014295
0.0142967
0.00956804
0.0145603
0.00945977
0.00955882
0.00956255
0.0145772
0.00946282
0.0133825
0.0128015
0.0133667
0.012816
0.00949304
0.00946031
0.00948186
0.00946429
0.00948932
0.00946397
0.00948646
0.0178344
0.0178742
0.00956447
0.00955548
0.0146218
0.00946324
0.0146023
0.00946112
0.00956732
0.0133958
0.012844
0.0128272
0.0134111
0.00949034
0.00946208
0.00946384
0.00948714
0.00946137
0.00948384
0.00949292
0.0178266
0.0177774
0.00950186
0.00946116
0.00949075
0.00946437
0.00949902
0.00946457
0.00949263
0.0133966
0.0128166
0.0133726
0.0128351
0.00956609
0.00954766
0.0146683
0.00946205
0.0146538
0.00945987
0.00956823
0.0178646
0.0179107
0.00950152
0.00946129
0.00946349
0.00948994
0.00946164
0.0094901
0.00950145
0.0134136
0.012862
0.0128457
0.0134341
0.00949101
0.00948151
0.00945925
0.00946335
0.0094868
0.00948568
0.00946333
0.0178103
0.0177663
0.00956967
0.00945765
0.0146022
0.00956426
0.00956846
0.00946092
0.014629
0.0133895
0.0128471
0.0128341
0.0134072
0.0094886
0.00946066
0.00948539
0.0094634
0.00948286
0.00946082
0.0094917
0.0178427
0.0178869
0.00957153
0.00956619
0.00946153
0.0146678
0.00945878
0.0146389
0.00957349
0.0134102
0.0128101
0.0133924
0.0128295
0.00959736
0.00946761
0.0145712
0.00961697
0.00959462
0.00947109
0.0146058
0.0178074
0.0177476
0.00950179
0.00946512
0.00949692
0.00946662
0.00949686
0.00946469
0.00950032
0.0134227
0.0128599
0.0128412
0.0134385
0.00960075
0.00960871
0.00946935
0.014659
0.00946846
0.0146222
0.00959795
0.0178509
0.0179032
0.0142974
0.0143088
0.00948864
0.00945842
0.0094833
0.00946222
0.00948432
0.0094621
0.00948618
0.0176668
0.0176253
0.0133186
0.0128396
0.0133008
0.012857
0.0095731
0.00954354
0.00945997
0.0146238
0.00945792
0.0146132
0.00957488
0.00948593
0.00945949
0.00946233
0.00948517
0.00945947
0.00948295
0.00948947
0.0177061
0.0177467
0.0133322
0.0128813
0.0128668
0.0133482
0.00955766
0.00946154
0.0145508
0.00955619
0.00955298
0.00946478
0.0145725
0.013338
0.0128297
0.0133195
0.0128458
0.0176731
0.0176281
0.00948866
0.00946199
0.00946373
0.00948654
0.00946122
0.009483
0.00949135
0.00955561
0.00954862
0.00946388
0.0146221
0.00946206
0.0145988
0.00955913
0.013351
0.012872
0.0128568
0.0133638
0.0177066
0.0177474
0.0142221
0.0143391
0.0143769
0.0134054
0.0128946
0.0133843
0.0129119
0.00957814
0.0146376
0.00946072
0.00958139
0.00958343
0.014682
0.00946136
0.00949634
0.00949376
0.00946013
0.00946197
0.00949444
0.00949344
0.00946205
0.0178775
0.0179196
0.0134189
0.0129384
0.0129218
0.0134378
0.00957225
0.00957749
0.014737
0.00945591
0.0147118
0.00945757
0.00956659
0.00949675
0.00945741
0.00948647
0.0094575
0.0094905
0.00945768
0.00949498
0.017835
0.0177818
0.00949148
0.00948694
0.00945897
0.00946097
0.00949224
0.009488
0.00946057
0.00958767
0.014642
0.00946049
0.00960332
0.0095856
0.0146721
0.00946301
0.0134252
0.0129409
0.0129236
0.0134379
0.017871
0.0179208
0.00948771
0.00945625
0.00948464
0.0094559
0.00948655
0.00945602
0.00948511
0.00959421
0.0096155
0.014706
0.00946288
0.0146779
0.00946158
0.00959301
0.0142904
0.0142782
0.00956473
0.0146514
0.00945984
0.00955383
0.00956283
0.0146772
0.00946001
0.013444
0.0128579
0.0134257
0.0128751
0.00948971
0.00945966
0.00948233
0.00946092
0.00948892
0.00946045
0.00948331
0.0179892
0.0180363
0.0095608
0.00954345
0.0147411
0.00945363
0.0147111
0.00945484
0.00956206
0.013461
0.0129076
0.0128892
0.0134812
0.00948567
0.00945549
0.0094543
0.00947767
0.00945478
0.00947817
0.00948469
0.0179894
0.0179475
0.00949489
0.00945951
0.00948447
0.00945969
0.00949702
0.00946021
0.00948359
0.013464
0.0128704
0.0134473
0.0128834
0.00956191
0.00956155
0.0147329
0.00945978
0.0147251
0.00945866
0.00956668
0.0180272
0.018063
0.00948863
0.00945566
0.0094571
0.00947754
0.0094562
0.00947735
0.00948764
0.0134746
0.0129037
0.0128915
0.0134857
0.00948976
0.00948227
0.00945919
0.00946047
0.00948872
0.0094829
0.00946069
0.01797
0.0179237
0.0095796
0.00945944
0.0146781
0.0096021
0.0095784
0.00946202
0.0147084
0.0134674
0.012902
0.0128841
0.0134908
0.00948823
0.00945584
0.00948028
0.00945717
0.00948045
0.00945597
0.00948917
0.018005
0.0180504
0.0095824
0.00961311
0.00946117
0.014754
0.00945954
0.0147203
0.00958113
0.0134625
0.0128717
0.0134503
0.0128891
0.00958518
0.00946418
0.0146784
0.00958212
0.00959459
0.0094627
0.0147146
0.0179852
0.0179412
0.00948526
0.00945616
0.00947998
0.00945465
0.009483
0.00945491
0.0094836
0.0134745
0.0129131
0.0128997
0.0134863
0.00957687
0.009563
0.00945549
0.0147642
0.00945671
0.0147359
0.00956771
0.0180174
0.0180541
0.0143005
0.0142936
0.00948744
0.00945878
0.00947991
0.00946037
0.00948483
0.0094604
0.00948215
0.0178272
0.0177856
0.013377
0.0128899
0.013361
0.0129029
0.00955785
0.00955793
0.00945765
0.0146935
0.00945608
0.0146815
0.00955898
0.00948192
0.00945604
0.00945606
0.0094775
0.00945575
0.00947645
0.00948275
0.0178645
0.0179042
0.0133917
0.0129258
0.0129119
0.0134097
0.00956028
0.00945945
0.0146436
0.00954097
0.00955797
0.00945967
0.0146683
0.0133847
0.012883
0.0133735
0.012899
0.0178203
0.0177797
0.00948231
0.00945562
0.00945606
0.00947732
0.00945582
0.00947701
0.00948294
0.00956186
0.00953286
0.0094538
0.0147051
0.00945445
0.0146809
0.00956339
0.0133963
0.0129278
0.012911
0.0134115
0.0178535
0.0178948
0.0143865
0.0144699
0.0144617
0.0134633
0.012947
0.0134484
0.0129597
0.00955639
0.0147541
0.00945018
0.00955675
0.00955803
0.0147571
0.00944797
0.0094853
0.00947939
0.00945148
0.00944943
0.00949002
0.00947544
0.00945023
0.0180165
0.0180459
0.0134715
0.0129748
0.0129664
0.0134822
0.00954952
0.00954576
0.0147604
0.00944231
0.0147643
0.00944278
0.00955233
0.00947843
0.00944453
0.0094683
0.00944534
0.00946808
0.00944485
0.0094773
0.0179909
0.0179501
0.0094768
0.00947959
0.00945025
0.00944843
0.00947874
0.00947557
0.00944971
0.00959103
0.014709
0.0094601
0.00962396
0.00959658
0.0147332
0.00945924
0.0134666
0.0129845
0.012973
0.0134743
0.0180131
0.0180493
0.00947063
0.00944259
0.0094669
0.00944413
0.00946913
0.00944414
0.00947022
0.00958976
0.00961992
0.0147593
0.00945187
0.0147338
0.00945385
0.00958374
0.0142906
0.0143016
0.00956581
0.0147696
0.00944848
0.00954967
0.00956174
0.014799
0.00944872
0.0135159
0.0129192
0.0134969
0.0129353
0.00948125
0.00944843
0.00947503
0.00944968
0.00948187
0.00944866
0.00947597
0.0181589
0.0181971
0.009571
0.00956182
0.0148419
0.00944822
0.0148163
0.00944606
0.00957544
0.0135286
0.0129573
0.0129427
0.0135466
0.00948034
0.00944511
0.00944527
0.00947821
0.00944388
0.00947692
0.00947979
0.0181288
0.018097
0.00948303
0.00945381
0.00947263
0.0094533
0.00948236
0.00945404
0.0094728
0.0134994
0.0129102
0.0134923
0.0129228
0.00956048
0.00956344
0.0147998
0.00944845
0.0147905
0.00945065
0.00956291
0.0181592
0.0181868
0.00947749
0.00944787
0.00944793
0.00946617
0.00944925
0.00946696
0.00947653
0.0135042
0.0129451
0.0129323
0.0135136
0.00949151
0.00947824
0.009453
0.00945314
0.00949039
0.00947757
0.00945457
0.0181221
0.0180806
0.00958031
0.00945823
0.0147685
0.0096436
0.00958412
0.00945886
0.0148013
0.0135509
0.012959
0.012944
0.0135674
0.00949035
0.00944813
0.00947177
0.00945007
0.00947358
0.00944993
0.00948963
0.0181403
0.0181814
0.00957955
0.00964115
0.00945283
0.0148457
0.00945394
0.0148127
0.00957313
0.013509
0.0129226
0.013498
0.012931
0.00955678
0.00945125
0.0147835
0.00954859
0.00955973
0.00945153
0.0147977
0.0181172
0.0180823
0.00947344
0.00944559
0.00946748
0.00944623
0.00946781
0.00944591
0.00947359
0.0135202
0.0129448
0.0129367
0.0135312
0.00955216
0.00954677
0.00944919
0.0148149
0.00944878
0.0148112
0.00955396
0.0181456
0.0181784
0.0142956
0.014313
0.00947686
0.00945061
0.00947169
0.0094504
0.00947691
0.00944985
0.00947146
0.017981
0.0179408
0.0134475
0.012937
0.0134273
0.012953
0.00954763
0.00955582
0.00944758
0.0147783
0.00944915
0.0147646
0.00955051
0.00947258
0.00944442
0.00944315
0.00946624
0.00944385
0.00946653
0.00947221
0.0180149
0.01805
0.0134638
0.0129796
0.0129641
0.0134819
0.00956974
0.00944944
0.0147139
0.0095503
0.00956824
0.00944982
0.0147424
0.0134505
0.0129402
0.0134295
0.0129577
0.0179722
0.0179293
0.00947715
0.009445
0.00944614
0.00947237
0.00944521
0.00947181
0.00947863
0.0095756
0.00956945
0.00944883
0.0147804
0.00944752
0.0147504
0.00957487
0.0134702
0.0129833
0.0129678
0.0134912
0.0180016
0.0180406
0.0144085
0.0144107
0.0144068
0.0134979
0.0129799
0.0134892
0.0129875
0.00955145
0.0147685
0.00943897
0.00955086
0.0095476
0.0147684
0.00943933
0.00947363
0.00946368
0.00944191
0.00944362
0.00947281
0.00946506
0.00944283
0.0181181
0.0181361
0.0135048
0.0130018
0.0129933
0.0135137
0.00954697
0.0095455
0.0147915
0.00943636
0.0147838
0.00943627
0.00955063
0.0094701
0.00944034
0.00946124
0.00943949
0.00946096
0.00943932
0.00947007
0.0181035
0.0180718
0.0094654
0.00946218
0.00943929
0.00943893
0.00946569
0.00946112
0.0094396
0.0095791
0.0147644
0.00944681
0.00960791
0.00958356
0.0147911
0.00944559
0.0135014
0.0130161
0.0130072
0.0135109
0.0181246
0.01815
0.00946174
0.00943489
0.00945835
0.00943582
0.00945831
0.00943524
0.00946218
0.00957819
0.00960437
0.0148235
0.00944164
0.0147976
0.00944152
0.00957612
0.0143628
0.0143804
0.0095788
0.0148489
0.00944659
0.00960706
0.00957908
0.0148688
0.00944777
0.0135699
0.0129674
0.0135578
0.0129804
0.00947571
0.00944131
0.00947628
0.00944298
0.00947761
0.00944236
0.00947399
0.0182765
0.0182932
0.00957872
0.00961025
0.0148831
0.00944376
0.0148684
0.00944437
0.00957292
0.0135775
0.0129939
0.0129848
0.0135871
0.00947371
0.00943827
0.00943857
0.00946745
0.00943768
0.00947072
0.00947143
0.0182437
0.0182175
0.00946977
0.00944256
0.00946042
0.00943956
0.0094709
0.00944117
0.0094598
0.0135342
0.0129536
0.0135219
0.0129659
0.00955301
0.00954572
0.0148559
0.00943671
0.0148537
0.00943693
0.00955737
0.0182683
0.0182863
0.00946502
0.00943485
0.00943619
0.00945696
0.00943638
0.00945579
0.00946505
0.013547
0.0129799
0.0129725
0.0135616
0.0094843
0.00946847
0.00944417
0.00944111
0.00948742
0.00946672
0.00944357
0.0182389
0.0182032
0.00956705
0.00944719
0.0148562
0.00962619
0.00957286
0.00944595
0.0148826
0.0136009
0.0129883
0.0129815
0.0136054
0.0094778
0.00943577
0.00946049
0.00943689
0.00946191
0.00943778
0.00947388
0.0182484
0.0182785
0.00956518
0.00961075
0.00943868
0.0149049
0.00944019
0.0148852
0.00955953
0.0135522
0.0129528
0.0135416
0.0129611
0.00955452
0.00944566
0.0148266
0.00955588
0.00955086
0.0094446
0.0148284
0.0182333
0.0182067
0.0094657
0.00943684
0.00945877
0.00943741
0.00945858
0.00943762
0.00946617
0.0135609
0.0129809
0.0129704
0.0135681
0.00955133
0.00954981
0.00943861
0.0148444
0.00944003
0.0148422
0.00955605
0.0182588
0.018277
0.0143847
0.0144159
0.00946927
0.0094382
0.00946287
0.00943892
0.00946912
0.00943804
0.00946325
0.0181051
0.0180791
0.0135055
0.0129882
0.0134929
0.0130002
0.0095458
0.00953457
0.00943472
0.0148351
0.00943546
0.014832
0.00955149
0.00946662
0.00943486
0.00943452
0.009461
0.00943381
0.00946047
0.00946692
0.0181255
0.0181388
0.0135112
0.0130137
0.0130055
0.0135193
0.00957443
0.00944663
0.0147861
0.00960955
0.00957822
0.00944685
0.014811
0.0135232
0.0129909
0.0135077
0.0130031
0.0180869
0.0180579
0.0094772
0.00943892
0.00943919
0.009466
0.00943879
0.00946732
0.00947532
0.00957621
0.0096131
0.0094421
0.0148262
0.00944308
0.0148092
0.00957151
0.0135353
0.0130169
0.0130083
0.0135448
0.0180899
0.0181072
0.0143759
0.0144383
0.0144502
0.0135271
0.0130082
0.0135203
0.0130154
0.00955045
0.0148131
0.00943313
0.00954259
0.00954607
0.0148232
0.00943343
0.00946659
0.00945715
0.00943537
0.00943674
0.00946642
0.00945793
0.00943559
0.0181703
0.0181731
0.0135311
0.013023
0.0130195
0.0135346
0.00954674
0.00953535
0.0148458
0.00943213
0.0148422
0.00943092
0.00955092
0.00946394
0.00943351
0.00945731
0.00943348
0.0094553
0.00943228
0.00946525
0.0181816
0.0181658
0.00946154
0.00945746
0.00943244
0.00943394
0.00946002
0.00945867
0.00943424
0.00957691
0.0148304
0.00943978
0.00960436
0.00957771
0.0148511
0.00944162
0.0135333
0.0130318
0.0130282
0.0135367
0.0181887
0.0181958
0.00946044
0.0094315
0.00946012
0.00943411
0.0094588
0.00943205
0.00946235
0.00957674
0.00960399
0.014867
0.00944262
0.0148521
0.00944059
0.00957583
0.0144227
0.0144271
0.0095632
0.0148776
0.00943907
0.00960015
0.00956992
0.0148884
0.00943816
0.0135981
0.0129977
0.0135928
0.0130023
0.00946758
0.00943414
0.00946318
0.00943489
0.00946876
0.00943535
0.00946098
0.0182868
0.0182865
0.00956227
0.00959278
0.0148862
0.00943483
0.0148795
0.00943453
0.00955756
0.0136019
0.0130037
0.0130019
0.0136052
0.00946679
0.00943181
0.00943372
0.00945724
0.00943201
0.00945798
0.00946645
0.0183236
0.0183082
0.00946429
0.00943307
0.0094548
0.00943376
0.00946244
0.00943429
0.00945678
0.0135806
0.012984
0.0135729
0.0129898
0.00955102
0.00954321
0.0148769
0.0094361
0.0148817
0.00943385
0.00955407
0.0183325
0.0183371
0.00946243
0.00943157
0.00943402
0.00945775
0.00943191
0.009455
0.00946473
0.0135869
0.0129932
0.012992
0.0135919
0.00946645
0.00945706
0.00943226
0.00943287
0.00946854
0.00945706
0.00943306
0.0182994
0.0182824
0.00955613
0.009434
0.014901
0.00957256
0.0095605
0.00943376
0.0149118
0.0136089
0.012994
0.012992
0.0136048
0.0094624
0.00943018
0.00945556
0.00943153
0.00945482
0.0094302
0.00946273
0.0182918
0.018299
0.00955637
0.00955768
0.00943075
0.0149094
0.00943037
0.0149018
0.00955318
0.013581
0.0129882
0.0135745
0.0129941
0.00956204
0.00943418
0.0148584
0.00954687
0.00955418
0.00943375
0.0148577
0.0182939
0.018291
0.00946179
0.00943132
0.00945611
0.0094329
0.0094546
0.00943138
0.00946348
0.0135832
0.0129995
0.012996
0.0135837
0.00955966
0.00954
0.00943149
0.0148615
0.00943081
0.0148676
0.00956648
0.018301
0.0182955
0.0144961
0.0145219
0.00946508
0.00943168
0.00945847
0.00943388
0.00946458
0.00943302
0.00945892
0.0181549
0.0181509
0.0135265
0.0130164
0.0135213
0.0130216
0.00955096
0.00952278
0.00942987
0.0148543
0.00942904
0.0148586
0.00955614
0.00946355
0.00943111
0.00943179
0.00945726
0.00943046
0.009457
0.00946375
0.0181598
0.0181577
0.0135266
0.0130256
0.0130222
0.0135301
0.00956915
0.00943771
0.0148185
0.00959733
0.00957312
0.00943687
0.0148283
0.0135579
0.0130195
0.0135531
0.0130248
0.0181059
0.0180988
0.00946558
0.00943254
0.0094333
0.00945845
0.00943215
0.00945887
0.00946463
0.00957135
0.00958849
0.00943331
0.0148232
0.00943346
0.0148175
0.00956844
0.0135631
0.0130285
0.0130253
0.0135647
0.0180914
0.0180934
0.01444
0.0144431
0.0144245
0.0135374
0.0130234
0.013536
0.0130236
0.0095497
0.0148563
0.00943101
0.00954394
0.00954689
0.0148519
0.00943358
0.00946507
0.00945558
0.00943133
0.0094346
0.00946337
0.00945799
0.00943325
0.018179
0.0181794
0.0135386
0.0130205
0.0130218
0.0135398
0.00954469
0.00954486
0.0148444
0.00943792
0.0148549
0.00943418
0.00954705
0.00946334
0.00943332
0.00945885
0.00943415
0.00945635
0.00943191
0.0094653
0.0181965
0.0181961
0.00946271
0.00945984
0.00943203
0.00943355
0.0094615
0.00946043
0.0094339
0.00957497
0.0148646
0.00944179
0.00960602
0.00957616
0.0148741
0.00944337
0.0135386
0.013034
0.0130319
0.0135386
0.0181954
0.0181943
0.00946111
0.00943172
0.00945993
0.00943337
0.00945966
0.00943182
0.00946206
0.00957315
0.00960346
0.0148765
0.00944292
0.0148671
0.0094417
0.00957288
0.0144293
0.0144286
0.00955659
0.0148759
0.00943305
0.00959407
0.00955969
0.0148844
0.00943505
0.0136115
0.0130023
0.0136081
0.0130039
0.00946816
0.00943118
0.00945522
0.0094327
0.00946725
0.00943351
0.00945554
0.0182605
0.0182668
0.00956042
0.00960419
0.0148903
0.00943922
0.014878
0.00943537
0.00955818
0.0136145
0.0130056
0.0130031
0.0136178
0.0094714
0.00943099
0.00943529
0.00945585
0.00943199
0.00945474
0.00947403
0.0183382
0.0183358
0.0094647
0.00943292
0.00945572
0.00943447
0.00946292
0.00943493
0.00945771
0.0135967
0.0129934
0.0135946
0.0129931
0.00954773
0.00954699
0.0148876
0.00943894
0.0148916
0.00943704
0.00954916
0.0183315
0.0183309
0.00946332
0.00943286
0.00943468
0.00945799
0.00943327
0.00945593
0.00946488
0.0136001
0.0129889
0.0129891
0.0136016
0.0094612
0.00945407
0.00942909
0.00943125
0.00946016
0.00945503
0.00943061
0.0182975
0.018289
0.00955455
0.00942834
0.0148984
0.00954078
0.00955654
0.00942932
0.0149043
0.0136026
0.0129991
0.0129958
0.0136017
0.00945922
0.0094293
0.00945618
0.00943019
0.0094546
0.00942864
0.00946061
0.0182929
0.018309
0.00955724
0.00953814
0.00942917
0.014908
0.00942765
0.0148954
0.00955645
0.0135818
0.0129987
0.0135834
0.0130005
0.00957056
0.00942944
0.0148655
0.00954525
0.0095658
0.00943076
0.0148576
0.0182865
0.0182911
0.00946172
0.00943081
0.00945582
0.00943223
0.00945489
0.00943077
0.00946311
0.0135797
0.0130045
0.0130025
0.0135772
0.0095694
0.00954199
0.00943037
0.0148541
0.00942931
0.0148615
0.00957463
0.0182814
0.018275
0.0145546
0.014558
0.00946276
0.0094297
0.0094557
0.00943132
0.00946243
0.00943078
0.00945598
0.0181567
0.0181595
0.0135323
0.013025
0.0135294
0.0130276
0.0095539
0.0095262
0.00942849
0.0148457
0.00942767
0.0148565
0.0095578
0.00946194
0.00942909
0.00942978
0.00945525
0.00942864
0.00945494
0.00946209
0.0181581
0.0181554
0.0135314
0.0130288
0.0130268
0.0135333
0.00956916
0.00943091
0.0148109
0.00957039
0.00957176
0.00943116
0.0148167
0.0135681
0.0130282
0.013568
0.0130309
0.0180823
0.0180795
0.00946031
0.00942943
0.00943034
0.0094555
0.00942909
0.00945508
0.00946098
0.00957245
0.00956689
0.00942972
0.0148154
0.00942912
0.0148067
0.00956942
0.0135709
0.0130326
0.0130306
0.0135693
0.0180712
0.0180774
0.0144751
0.0143599
0.0143449
0.0135406
0.0130179
0.0135408
0.0130173
0.00954695
0.0148445
0.00943947
0.00957211
0.00954337
0.0148336
0.00944318
0.0094662
0.00945734
0.0094333
0.00943663
0.00946384
0.00945981
0.00943566
0.0181716
0.0181759
0.0135406
0.0130175
0.013016
0.0135394
0.00954495
0.00957079
0.0148299
0.00944653
0.014837
0.00944401
0.00954967
0.00946476
0.00943575
0.00946079
0.00943766
0.0094582
0.00943509
0.00946769
0.0181915
0.0181941
0.00946196
0.00945921
0.00943144
0.00943463
0.00946071
0.00945958
0.00943339
0.00957278
0.0148698
0.00944175
0.00960162
0.00957322
0.0148794
0.00944317
0.0135373
0.0130343
0.0130324
0.0135387
0.0181927
0.0181928
0.00946093
0.00943331
0.00945976
0.00943462
0.00945866
0.00943213
0.00946296
0.00957051
0.00959933
0.0148875
0.00944356
0.0148736
0.00944194
0.00956944
0.0144339
0.0144385
0.00956183
0.0148866
0.00944128
0.00965144
0.00956323
0.0149001
0.00944614
0.0136224
0.0130051
0.01362
0.0130083
0.00948272
0.009435
0.00945671
0.00943587
0.00947943
0.00943932
0.0094586
0.018271
0.0182862
0.00956817
0.00966451
0.0149045
0.00945267
0.0148937
0.00944849
0.0095676
0.0136236
0.0130115
0.0130076
0.0136252
0.00948669
0.00943577
0.00944317
0.00946324
0.00943934
0.00946102
0.00948713
0.0183141
0.0183129
0.00946491
0.00943311
0.00945603
0.00943453
0.00946285
0.00943455
0.00945839
0.0136051
0.0129869
0.0136047
0.0129876
0.00954729
0.00954589
0.0148976
0.00944021
0.0149025
0.00943851
0.00955007
0.0183018
0.0183119
0.00946393
0.00943336
0.0094358
0.00946056
0.00943334
0.0094573
0.00946707
0.0136076
0.0129902
0.0129874
0.013607
0.00946219
0.00945817
0.00942869
0.00943309
0.00945992
0.00946088
0.00943138
0.0183285
0.0183117
0.00956241
0.00942862
0.0149064
0.00955473
0.00956185
0.00943139
0.0149201
0.0136101
0.0130051
0.0130015
0.0136122
0.00946299
0.00943286
0.00946507
0.00943417
0.00946322
0.00943102
0.00946567
0.0183283
0.0183421
0.00956509
0.0095572
0.00943456
0.0149328
0.00943171
0.0149185
0.00956405
0.0135731
0.0130039
0.0135746
0.0130053
0.0095778
0.00942904
0.014859
0.00954801
0.00957244
0.00943024
0.0148514
0.0182661
0.018271
0.00946157
0.00943033
0.00945746
0.00943293
0.00945455
0.00943031
0.00946447
0.0135731
0.0130058
0.0130046
0.0135754
0.00957606
0.00954379
0.00943182
0.0148494
0.00942962
0.014857
0.00958246
0.0182649
0.0182644
0.0145393
0.0145388
0.00946172
0.00942837
0.00945429
0.00943048
0.00946112
0.00943006
0.00945495
0.0181539
0.0181569
0.0135335
0.0130276
0.0135319
0.0130293
0.00955651
0.00953498
0.00943041
0.0148294
0.00942822
0.0148366
0.00956269
0.00946197
0.00942947
0.00943214
0.0094569
0.00942928
0.00945505
0.00946379
0.0181554
0.018154
0.0135321
0.0130306
0.0130281
0.0135345
0.0095699
0.0094284
0.0148078
0.00956776
0.00957294
0.00942993
0.0148191
0.0135677
0.0130317
0.0135705
0.0130331
0.0180798
0.0180702
0.00946081
0.00942991
0.00943289
0.00945743
0.00942961
0.00945563
0.00946309
0.00957364
0.00956899
0.00943226
0.0148262
0.00942971
0.0148136
0.00957118
0.0135687
0.0130337
0.0130319
0.0135669
0.0180747
0.0180868
0.0144783
0.0143468
0.0143629
0.0135397
0.0130191
0.0135399
0.0130222
0.00955415
0.0148394
0.00944567
0.00957595
0.00954819
0.0148364
0.00944749
0.00947028
0.00945946
0.00943722
0.00944033
0.00946667
0.00946289
0.00944027
0.0181928
0.0181994
0.0135406
0.0130275
0.0130241
0.0135421
0.009553
0.00956816
0.0148503
0.00944958
0.0148492
0.00944678
0.00955944
0.00947046
0.00944047
0.00946688
0.00944423
0.0094628
0.00944044
0.0094745
0.018199
0.0181958
0.00946592
0.00945939
0.00943408
0.00943791
0.00946292
0.00946175
0.00943762
0.00956978
0.0148859
0.00944339
0.00959825
0.00956949
0.0149006
0.00944599
0.0135425
0.0130388
0.0130356
0.0135456
0.0182048
0.0182092
0.00946739
0.00943813
0.00946639
0.00944219
0.00946326
0.00943821
0.00947078
0.00956974
0.00959775
0.0149135
0.00944944
0.0148992
0.00944655
0.00957113
0.0144678
0.0144762
0.00957335
0.0148962
0.0094535
0.00967548
0.00957406
0.0149069
0.00945654
0.013627
0.0130118
0.0136262
0.0130158
0.00948624
0.00944223
0.00946583
0.0094428
0.00948761
0.00944546
0.00946819
0.0183139
0.0183318
0.00957881
0.00966852
0.0149145
0.00945915
0.0149
0.00945635
0.00957745
0.0136262
0.0130185
0.0130153
0.0136264
0.00948662
0.00944273
0.00944805
0.00947287
0.00944447
0.00947065
0.00948673
0.0183202
0.0183064
0.00947147
0.00943601
0.00946047
0.00943953
0.00946726
0.00943948
0.00946466
0.0136066
0.0129918
0.0136086
0.0129959
0.00955438
0.00954624
0.014908
0.00944545
0.0149126
0.00944223
0.0095584
0.0183156
0.0183308
0.00947202
0.00943983
0.00944397
0.0094693
0.00944006
0.00946473
0.00947648
0.013608
0.013
0.0129979
0.0136062
0.00947011
0.00946584
0.00943404
0.00943885
0.00946741
0.00946689
0.00943761
0.0183489
0.0183382
0.00956429
0.00943465
0.0149318
0.0095582
0.00956666
0.00943716
0.0149405
0.0136232
0.0130123
0.0130092
0.0136225
0.00947149
0.00943892
0.00946938
0.00944141
0.00946759
0.00943796
0.00947426
0.0183384
0.0183499
0.00956556
0.00954936
0.00944018
0.0149454
0.00943739
0.0149349
0.00956366
0.0135831
0.0130051
0.0135789
0.0130051
0.00958827
0.00943236
0.0148557
0.009558
0.00958166
0.00943547
0.0148478
0.0182695
0.0182675
0.00947026
0.00943749
0.009467
0.00944155
0.0094628
0.00943708
0.00947412
0.0135873
0.0130056
0.0130042
0.0135916
0.00958766
0.0095571
0.0094402
0.0148498
0.00943666
0.0148555
0.00959295
0.0182755
0.0182831
0.0145657
0.0145865
0.00946806
0.00943253
0.00945803
0.00943614
0.00946537
0.00943592
0.00946055
0.0181648
0.0181617
0.0135389
0.0130308
0.013535
0.0130339
0.00956424
0.00954002
0.00943899
0.0148552
0.00943538
0.0148528
0.00957028
0.00947021
0.00943667
0.00944038
0.00946533
0.00943658
0.00946206
0.00947343
0.0181724
0.0181766
0.0135392
0.0130368
0.0130338
0.0135436
0.00957539
0.00943306
0.014819
0.00957419
0.0095763
0.0094363
0.0148285
0.0135696
0.0130337
0.0135701
0.0130363
0.0180951
0.0180822
0.00946783
0.00943725
0.0094414
0.00946555
0.00943732
0.00946218
0.00947161
0.00958164
0.00957295
0.00944093
0.0148319
0.00943738
0.01482
0.0095813
0.0135731
0.0130393
0.0130365
0.0135727
0.0180922
0.0181096
0.0144995
0.0144091
0.0144335
0.0135484
0.0130297
0.0135447
0.013034
0.00956253
0.014868
0.00944988
0.00956964
0.00955731
0.0148737
0.00945306
0.00947856
0.00946707
0.00944446
0.00944803
0.0094749
0.00947098
0.00944812
0.0182294
0.0182488
0.0135534
0.0130443
0.0130376
0.0135592
0.00955984
0.00956163
0.0149087
0.00945584
0.0148966
0.0094534
0.00956391
0.00947893
0.00944813
0.00947472
0.00945146
0.00947135
0.00944818
0.00948218
0.0182222
0.0182161
0.0094754
0.00946828
0.00944272
0.00944644
0.00947238
0.00947123
0.00944663
0.00957589
0.0149117
0.00945009
0.00959476
0.00957353
0.0149234
0.00945255
0.0135525
0.0130516
0.0130444
0.0135595
0.0182342
0.0182474
0.00947688
0.00944661
0.00947586
0.00945032
0.0094733
0.00944689
0.00947964
0.00957706
0.00958995
0.0149386
0.00945433
0.0149219
0.00945231
0.00958066
0.0145115
0.0145271
0.00957954
0.0149122
0.00945841
0.00965565
0.00958142
0.0149293
0.00946058
0.0136284
0.0130173
0.0136263
0.0130203
0.00948956
0.00944739
0.00947416
0.00944937
0.00948818
0.00945102
0.0094765
0.0183512
0.0183763
0.00958312
0.00964601
0.0149477
0.00946098
0.0149287
0.00945941
0.00957969
0.0136336
0.0130286
0.0130221
0.0136376
0.00948965
0.00944932
0.00945388
0.00947771
0.00945052
0.00947612
0.0094901
0.0183308
0.0183204
0.00948198
0.00944492
0.00947018
0.00944885
0.00947758
0.00944881
0.00947483
0.0136082
0.0129989
0.0136086
0.0130037
0.00956378
0.00955046
0.0149363
0.00945306
0.0149329
0.00945044
0.00956653
0.0183293
0.0183556
0.00948181
0.0094494
0.00945251
0.00947885
0.00944912
0.00947492
0.00948498
0.0136139
0.0130135
0.0130079
0.0136184
0.00947825
0.00947056
0.00944179
0.00944672
0.0094749
0.00947302
0.00944563
0.0183637
0.0183453
0.00956649
0.00944101
0.014942
0.0095379
0.00956736
0.00944452
0.0149515
0.013624
0.0130213
0.013018
0.013626
0.00947913
0.00944722
0.00947761
0.00944968
0.00947503
0.00944628
0.00948253
0.0183713
0.0183936
0.00956864
0.00953524
0.00944926
0.0149647
0.00944595
0.0149514
0.00957007
0.0135991
0.0130069
0.0135941
0.0130084
0.00959999
0.00944166
0.014859
0.00957181
0.00959224
0.00944521
0.0148552
0.0182928
0.0182886
0.0094823
0.00944812
0.0094769
0.00945212
0.00947381
0.00944823
0.00948532
0.0136015
0.013014
0.0130078
0.0136081
0.0095975
0.00956783
0.00944953
0.0148746
0.0094465
0.0148708
0.00960252
0.0183079
0.0183263
0.0146272
0.0146233
0.00947992
0.00944139
0.00946733
0.00944573
0.00947622
0.00944547
0.00947096
0.0181944
0.0181864
0.0135497
0.0130372
0.0135443
0.0130414
0.00957326
0.00956449
0.00945185
0.0149071
0.00944779
0.0148984
0.00958008
0.00948295
0.00944639
0.00945026
0.00947663
0.00944632
0.00947342
0.00948617
0.0182093
0.0182247
0.0135521
0.0130507
0.0130435
0.0135603
0.00958628
0.00944229
0.0148278
0.00958056
0.00958736
0.00944602
0.0148465
0.0135776
0.0130402
0.013577
0.0130438
0.0181344
0.0181101
0.00947871
0.00944682
0.00945106
0.00947631
0.00944706
0.00947272
0.0094823
0.00959163
0.00958155
0.00945102
0.0148774
0.00944743
0.0148499
0.009589
0.0135834
0.0130524
0.0130463
0.0135869
0.0181447
0.0181799
0.0145176
0.0145092
0.0145406
0.0135774
0.0130511
0.0135679
0.0130619
0.00956593
0.0149352
0.00945546
0.00956107
0.00956218
0.0149541
0.00945719
0.0094851
0.00947505
0.00945124
0.00945444
0.00948227
0.00947786
0.00945417
0.0183393
0.0183889
0.013592
0.0130907
0.013074
0.0136086
0.00956523
0.00955508
0.0150101
0.0094581
0.0149847
0.0094566
0.00956904
0.00948486
0.009454
0.00948003
0.00945622
0.00947796
0.00945375
0.00948699
0.0182957
0.0182699
0.00948325
0.00947792
0.00945015
0.00945313
0.00948107
0.00947991
0.00945333
0.00958743
0.0149461
0.00945415
0.00957856
0.00958366
0.0149669
0.00945622
0.0135904
0.0130957
0.0130784
0.0136107
0.0183357
0.0183804
0.00948443
0.00945255
0.00948254
0.00945518
0.00948136
0.00945264
0.00948607
0.00958583
0.00956875
0.0150163
0.0094568
0.0149873
0.00945529
0.00958913
0.0146103
0.0146515
0.00958075
0.0149504
0.00945933
0.0096259
0.00958352
0.0149751
0.00946032
0.0136539
0.0130325
0.013645
0.0130402
0.00949138
0.00945285
0.00947758
0.00945497
0.00949084
0.00945557
0.00947925
0.0184636
0.018516
0.00958523
0.00961821
0.0150187
0.00945995
0.0149846
0.00945884
0.00958343
0.0136656
0.0130616
0.0130476
0.0136844
0.00949312
0.00945422
0.00945657
0.00948126
0.00945425
0.00948048
0.00949233
0.0184145
0.0183698
0.00948668
0.00945215
0.00947827
0.00945526
0.00948434
0.00945442
0.00948094
0.013642
0.0130199
0.0136302
0.0130309
0.00957034
0.00954579
0.0150284
0.00945437
0.0150017
0.00945316
0.00957277
0.0184492
0.0185157
0.00948589
0.00945375
0.00945522
0.00948153
0.00945319
0.00947976
0.00948802
0.0136602
0.0130634
0.0130442
0.0136778
0.00948601
0.00947795
0.00945007
0.00945398
0.00948301
0.0094803
0.00945326
0.0184372
0.0184053
0.00957315
0.0094504
0.0149735
0.00954172
0.00957245
0.00945349
0.0149893
0.0136561
0.013067
0.0130511
0.0136719
0.00948583
0.00945378
0.00948066
0.00945584
0.00947904
0.00945333
0.00948775
0.0184545
0.0185098
0.00957395
0.00954093
0.00945651
0.0150359
0.00945431
0.0150076
0.00957368
0.0136284
0.0130201
0.013615
0.013032
0.00960095
0.00945001
0.0148989
0.00957289
0.00959792
0.00945214
0.0149119
0.0183914
0.0183565
0.00948994
0.00945291
0.00948193
0.00945549
0.00948012
0.00945298
0.00949146
0.0136435
0.0130616
0.013044
0.0136683
0.00959763
0.00956749
0.00945391
0.0149691
0.00945199
0.0149458
0.00960148
0.0184351
0.0184882
0.0146274
0.0146358
0.0094901
0.00945069
0.00947915
0.00945375
0.00948848
0.00945378
0.00948103
0.0182808
0.0182514
0.0135805
0.0130562
0.013567
0.013068
0.00958145
0.00959246
0.00945934
0.0150053
0.00945774
0.0149827
0.00958574
0.00949065
0.00945294
0.0094553
0.00948275
0.00945312
0.00948213
0.00949088
0.018324
0.0183709
0.0135937
0.0130963
0.0130789
0.0136138
0.00958814
0.00945192
0.0148886
0.00958267
0.00959311
0.00945438
0.0149235
0.0136061
0.0130584
0.0135967
0.0130689
0.0182447
0.0182002
0.00948638
0.009453
0.00945509
0.00948081
0.00945296
0.00947993
0.00948739
0.00959065
0.00957691
0.00945505
0.0149838
0.00945379
0.0149408
0.00958418
0.013623
0.0130963
0.01308
0.01364
0.0182737
0.0183299
0.0146157
0.0146307
0.0146525
0.0136539
0.013109
0.0136306
0.0131307
0.00957113
0.0150484
0.00945741
0.0095626
0.0095677
0.015078
0.00945863
0.00948689
0.00947942
0.00945514
0.00945644
0.00948601
0.00948032
0.00945658
0.018575
0.0186464
0.0136812
0.0131767
0.0131528
0.0137086
0.0095673
0.00956014
0.01515
0.00945804
0.0151208
0.00945746
0.00956943
0.00948463
0.00945382
0.00947779
0.00945416
0.00947837
0.00945415
0.00948419
0.018502
0.0184402
0.0094876
0.00948289
0.00945382
0.00945557
0.00948698
0.00948267
0.00945549
0.00958699
0.015052
0.0094554
0.00956257
0.00958554
0.0150813
0.009456
0.0136851
0.0131799
0.0131552
0.0137154
0.0185754
0.0186469
0.00948731
0.00945276
0.00947988
0.00945294
0.00948147
0.00945278
0.00948633
0.00957936
0.0095516
0.0151583
0.00945221
0.0151235
0.00945316
0.00957963
0.01479
0.0148373
0.00958706
0.0150382
0.00945901
0.00961587
0.00958849
0.0150829
0.00946034
0.01373
0.0130782
0.0137057
0.0131001
0.00949192
0.00945496
0.00948182
0.00945721
0.00949263
0.00945696
0.00948219
0.0187057
0.0187841
0.00959212
0.00962298
0.0151634
0.00946084
0.0151113
0.00945964
0.00959121
0.0137567
0.0131459
0.0131206
0.0137853
0.0094924
0.00945504
0.00945591
0.00948237
0.00945463
0.00948248
0.00949188
0.0186528
0.0185768
0.00948991
0.00945385
0.00948259
0.00945611
0.00948867
0.00945551
0.00948405
0.0137262
0.0130806
0.0137009
0.0131056
0.00957893
0.00954904
0.0151917
0.00945265
0.0151521
0.00945289
0.00958303
0.0187261
0.0188037
0.00948976
0.00945393
0.00945385
0.0094861
0.00945352
0.00948551
0.00948961
0.013755
0.0131538
0.0131288
0.0137845
0.00948772
0.00947918
0.00945472
0.00945676
0.00948667
0.0094804
0.00945613
0.0186261
0.018553
0.00957413
0.00945564
0.0150704
0.00954617
0.00957401
0.00945631
0.0151031
0.0137557
0.0131506
0.0131259
0.013785
0.00948618
0.00945409
0.00947829
0.00945331
0.00947836
0.00945342
0.00948599
0.018686
0.0187723
0.00957291
0.00954078
0.00945255
0.0151867
0.00945362
0.0151442
0.00957194
0.0137194
0.0130806
0.0136911
0.0131033
0.00960047
0.00945336
0.015014
0.00957691
0.0095956
0.00945448
0.0150454
0.0186221
0.0185567
0.00950163
0.00945402
0.00948325
0.00945531
0.00948419
0.00945447
0.00950184
0.0137471
0.0131504
0.0131233
0.0137795
0.00959329
0.00957292
0.00945248
0.0151338
0.0094528
0.0150969
0.00959469
0.0187051
0.0187845
0.0147313
0.0147808
0.00949037
0.00945356
0.00948259
0.00945516
0.00949056
0.00945492
0.00948238
0.0184949
0.0184327
0.0136597
0.0131129
0.0136338
0.0131349
0.00957971
0.00957829
0.00945361
0.0151499
0.00945481
0.0151191
0.00958247
0.00949003
0.00945255
0.00945288
0.00948047
0.00945243
0.00948165
0.00948935
0.0185678
0.0186382
0.0136844
0.0131806
0.0131554
0.013714
0.00958126
0.00945357
0.0150088
0.00956212
0.00958665
0.00945427
0.0150567
0.0136875
0.0131133
0.0136645
0.0131351
0.0184445
0.0183731
0.00948684
0.00945283
0.0094532
0.00947958
0.00945232
0.00948017
0.00948599
0.00958522
0.00955871
0.00945227
0.015138
0.00945225
0.0150864
0.00958117
0.0137161
0.0131819
0.0131562
0.0137426
0.0185038
0.0185903
0.0147941
0.0147232
0.0147485
0.0137711
0.0132005
0.0137395
0.0132259
0.0095656
0.0151932
0.00945595
0.00957189
0.00956419
0.0152202
0.00945522
0.00947876
0.00947459
0.00945005
0.00944788
0.00948097
0.00947198
0.00944837
0.0188741
0.0189515
0.0138037
0.0132782
0.0132505
0.0138387
0.00955954
0.00956709
0.0152907
0.00944817
0.0152627
0.00945124
0.00956063
0.00947613
0.00944226
0.00946357
0.00943981
0.00946804
0.00944282
0.00947276
0.0188033
0.018726
0.00948204
0.00947805
0.0094488
0.00944749
0.00948483
0.00947543
0.00944747
0.00957321
0.0152062
0.00944834
0.00955252
0.00957357
0.0152474
0.00944645
0.0138081
0.0132823
0.0132539
0.0138411
0.0188849
0.0189723
0.0094795
0.00944215
0.00947059
0.00943997
0.00947363
0.009442
0.0094758
0.00956944
0.00954499
0.0153521
0.00944012
0.0152973
0.00944187
0.00956899
0.0149632
0.0150049
0.0095964
0.0151984
0.00946012
0.00965058
0.00959671
0.0152553
0.00946073
0.0138454
0.0131683
0.0138145
0.0131953
0.0094919
0.00945262
0.00948282
0.00945204
0.00949323
0.00945275
0.00948221
0.019028
0.0191166
0.00960266
0.00965935
0.0153432
0.00945684
0.0152884
0.00945851
0.00960198
0.0138761
0.0132475
0.0132191
0.0139075
0.00949169
0.00944722
0.00944576
0.00948019
0.0094477
0.00948213
0.00948683
0.0189757
0.0188858
0.0094834
0.00945023
0.00948296
0.00944915
0.00948651
0.00944854
0.00947907
0.0138454
0.0131801
0.0138163
0.0132096
0.00957129
0.00954115
0.015377
0.0094378
0.0153333
0.00944169
0.00956871
0.019059
0.0191465
0.00947866
0.00944315
0.00944006
0.00946911
0.00944301
0.00947399
0.00947388
0.0138776
0.0132609
0.0132339
0.0139087
0.00948248
0.00947567
0.00944907
0.00944851
0.00948432
0.00947368
0.00944749
0.0189352
0.018843
0.00956811
0.00944821
0.015233
0.0095363
0.00957122
0.00944556
0.0152784
0.0138875
0.013256
0.0132279
0.0139224
0.00948068
0.00944261
0.00946708
0.00943924
0.00947073
0.00944179
0.00947843
0.0190052
0.0190974
0.00956739
0.00953076
0.00943632
0.0153747
0.00943979
0.0153197
0.00956245
0.0138419
0.013173
0.0138083
0.0131982
0.00958933
0.00944909
0.015186
0.00957295
0.00958972
0.00944668
0.0152228
0.0189483
0.0188666
0.00949466
0.00944274
0.00946948
0.0094406
0.00947532
0.00944337
0.00948764
0.0138727
0.0132511
0.013223
0.0139072
0.0095807
0.00956395
0.00943789
0.0153156
0.00944155
0.0152765
0.00957802
0.019038
0.0191239
0.0149411
0.0149939
0.0094866
0.00944883
0.00947882
0.00944782
0.00948846
0.00944765
0.00947596
0.0187926
0.0187175
0.0137735
0.0132034
0.0137417
0.0132304
0.00957255
0.00955392
0.00943773
0.0153157
0.0094414
0.0152795
0.00957349
0.00948457
0.00944218
0.00943977
0.00946873
0.00944224
0.00947293
0.00948146
0.0188744
0.0189517
0.0138028
0.0132825
0.0132545
0.0138357
0.00958379
0.00944931
0.01517
0.00956343
0.00958667
0.00944809
0.015222
0.0138021
0.0132055
0.0137731
0.0132333
0.0187567
0.0186625
0.00947955
0.00944448
0.00944165
0.00947504
0.00944338
0.00947698
0.00947513
0.00959143
0.0095661
0.00944208
0.015305
0.00944409
0.0152525
0.00959057
0.0138348
0.0132871
0.0132583
0.013867
0.0188326
0.0189274
0.0149297
0.0148739
0.0149221
0.0139055
0.0133036
0.0138705
0.013333
0.00955505
0.0153365
0.00944163
0.00956338
0.00955428
0.0153731
0.00943652
0.00946881
0.00945999
0.00943322
0.00942967
0.0094716
0.00945563
0.00942975
0.0192121
0.0193004
0.0139377
0.013391
0.0133607
0.0139723
0.00954994
0.00955525
0.0154874
0.00942473
0.0154327
0.00942922
0.00955424
0.00946905
0.00942417
0.00945342
0.00942173
0.00945402
0.00942373
0.00946895
0.0191409
0.0190501
0.00947128
0.00946918
0.00943436
0.0094323
0.00947382
0.00946654
0.00943272
0.00957868
0.0154015
0.00943592
0.00956707
0.00957523
0.0154606
0.00943418
0.0139671
0.013399
0.0133676
0.014016
0.0192036
0.0192815
0.00947266
0.00942698
0.00946607
0.00943094
0.00946637
0.0094287
0.00947653
0.00959657
0.0095804
0.0155849
0.0094339
0.0155124
0.00943126
0.00961981
0.0151283
0.0151851
0.00960377
0.0153683
0.00945118
0.00965111
0.00960746
0.0154168
0.00944572
0.0139724
0.0132735
0.0139403
0.0133037
0.00947423
0.00943827
0.00947838
0.00943474
0.00948241
0.00943485
0.00947411
0.0193789
0.0194714
0.00960989
0.0096432
0.0154849
0.00943069
0.0154383
0.00943704
0.00960773
0.0140076
0.0133575
0.0133289
0.0140447
0.00947152
0.00942702
0.00942592
0.00946978
0.00942732
0.00947292
0.00946619
0.0193222
0.0192328
0.00946554
0.00943386
0.00946457
0.00943039
0.00946954
0.00943159
0.00946034
0.0139743
0.013284
0.0139418
0.0133095
0.00956915
0.00953986
0.0156066
0.0094233
0.0155401
0.00942457
0.00957886
0.0194079
0.0195069
0.0094628
0.00942481
0.00942834
0.00945358
0.00942765
0.00945646
0.00946224
0.0140147
0.0133669
0.0133351
0.0140552
0.00947336
0.00946286
0.00943262
0.00942904
0.00947632
0.0094584
0.00942918
0.0192525
0.019164
0.00956009
0.00942975
0.0154099
0.00952314
0.00956497
0.00942543
0.0154614
0.0140406
0.0133641
0.0133343
0.0140774
0.00946916
0.00942261
0.00945058
0.00942221
0.00945283
0.00942273
0.00946785
0.0193125
0.01941
0.00956391
0.00952435
0.00941719
0.0155392
0.0094191
0.0154882
0.00956279
0.0139764
0.0132778
0.0139408
0.0133087
0.0095624
0.00943213
0.0153767
0.00955839
0.00956663
0.00942885
0.0154281
0.0193107
0.0192174
0.00947525
0.00942519
0.00945186
0.00942882
0.00945467
0.00942796
0.00947508
0.0140124
0.0133618
0.0133352
0.0140481
0.00956075
0.00955939
0.00942432
0.0155745
0.00942478
0.0154989
0.00956911
0.0194002
0.0194942
0.0151187
0.0151507
0.00947466
0.00943309
0.00946508
0.00943036
0.0094786
0.00943008
0.00946061
0.0191175
0.0190364
0.0139
0.0133075
0.0138661
0.0133362
0.0095617
0.00953106
0.00941776
0.0155339
0.00942134
0.0154784
0.0095644
0.00947275
0.00942458
0.00942216
0.00945723
0.00942418
0.00945866
0.00947103
0.0192099
0.0193001
0.0139325
0.0133926
0.0133629
0.0139679
0.00960568
0.00943765
0.0153366
0.00958358
0.00960185
0.00943556
0.0153928
0.013942
0.0133132
0.0139039
0.0133429
0.0190843
0.0189988
0.00946969
0.00942936
0.00943123
0.00947056
0.00942967
0.00947181
0.00947129
0.00962607
0.00959988
0.00943355
0.0155046
0.00943271
0.0154331
0.00964648
0.0139878
0.0134026
0.0133713
0.0140353
0.019142
0.0192139
0.0151215
0.0150833
0.0151232
0.0140395
0.0134187
0.0140045
0.0134483
0.00958214
0.0155646
0.00941953
0.00959216
0.00955995
0.0156419
0.00941777
0.00947771
0.00945823
0.0094177
0.00942133
0.00947352
0.00946438
0.00941836
0.0195974
0.0196982
0.0140728
0.0135046
0.0134757
0.0141084
0.00963285
0.00963713
0.0158202
0.00942831
0.0157278
0.00941959
0.00972505
0.00949092
0.0094223
0.00949704
0.00942684
0.00947904
0.00942036
0.00950828
0.0193777
0.0193246
0.00950672
0.00946946
0.00943175
0.00942422
0.00948907
0.00947192
0.00943856
0.00974778
0.0156536
0.00943697
0.00983339
0.00967223
0.0157428
0.00944621
0.0141954
0.0135245
0.0134921
0.0142529
0.0194114
0.019487
0.00954131
0.00942328
0.0094901
0.00946119
0.00948037
0.00944615
0.00959041
0.00987682
0.0100213
0.0159715
0.00949198
0.0158472
0.00946316
0.0100452
0.0154523
0.0155831
0.00962729
0.0155061
0.00942367
0.00962699
0.00961728
0.0155547
0.00942102
0.0141222
0.0133863
0.0140867
0.0134146
0.00947546
0.00942318
0.00947092
0.00942172
0.00946922
0.00942775
0.00947337
0.0197461
0.0198491
0.00965947
0.009643
0.0156278
0.00943113
0.0155771
0.0094217
0.00971631
0.0141662
0.0134732
0.0134403
0.0142011
0.00949237
0.00942394
0.00944779
0.00949531
0.0094338
0.00948132
0.00951744
0.0196829
0.0195871
0.0094877
0.00942865
0.00945635
0.00942013
0.00947215
0.00943669
0.0094593
0.0141459
0.013394
0.0141011
0.0134201
0.00980332
0.00996615
0.0159771
0.0094736
0.0158616
0.00944907
0.00996889
0.0197602
0.0198784
0.00952129
0.00942209
0.00946613
0.00948858
0.00944848
0.00947077
0.00957172
0.014198
0.0134801
0.0134478
0.0142429
0.0094742
0.00945174
0.00941971
0.00942072
0.00947085
0.00945422
0.0094236
0.0195968
0.0194888
0.00958863
0.00941394
0.0155634
0.00954832
0.00957707
0.00941476
0.0156073
0.0141932
0.0134754
0.0134481
0.0142205
0.00949251
0.00942232
0.0094832
0.00944217
0.00946752
0.00942841
0.00951826
0.0197004
0.0198259
0.00962576
0.00957498
0.00943031
0.0156698
0.0094178
0.0156251
0.00968832
0.0141387
0.0133895
0.0140949
0.0134222
0.00965939
0.00942503
0.0156581
0.00978813
0.00960171
0.00943256
0.0157558
0.0196902
0.0195863
0.00952725
0.00942303
0.00948866
0.00946622
0.00947141
0.00944754
0.0095759
0.0141809
0.0134741
0.0134487
0.014215
0.00978084
0.00997965
0.00947479
0.015983
0.00944928
0.0158606
0.00995815
0.0197888
0.0199048
0.0152477
0.0152736
0.00947736
0.00941793
0.00946089
0.00942138
0.00947375
0.00941944
0.00946589
0.0195024
0.0194008
0.0140376
0.0134196
0.0140012
0.0134492
0.00964515
0.00961508
0.00942455
0.0158342
0.00941563
0.0157508
0.00973833
0.00949201
0.00942334
0.00943019
0.00949964
0.0094226
0.00948039
0.00951286
0.0196111
0.0197188
0.0140722
0.0135051
0.0134761
0.0141097
0.00976606
0.00943552
0.0155713
0.00983438
0.00969594
0.00944418
0.015675
0.0141483
0.0134321
0.0140912
0.0134642
0.0193021
0.0192529
0.0095401
0.00942596
0.00946724
0.00949624
0.00945035
0.00948388
0.00959643
0.00989407
0.0100229
0.00948968
0.0159263
0.00946194
0.015787
0.0100606
0.014211
0.0135271
0.0134947
0.0142688
0.0193348
0.0194125
0.0155657
0.015292
0.0153424
0.0141726
0.0135317
0.0141416
0.0135589
0.0100893
0.0159158
0.00944874
0.0100062
0.00988159
0.0160201
0.00948753
0.0095766
0.00952552
0.00943641
0.00942904
0.00953947
0.00955599
0.00945679
0.0199423
0.0199605
0.0141943
0.0136027
0.0135825
0.0142048
0.0103446
0.0101981
0.0162034
0.00965938
0.0161203
0.00955819
0.0106213
0.00963356
0.00943404
0.00964525
0.00953771
0.00959963
0.00949097
0.00969903
0.0197211
0.0195737
0.00977355
0.00951105
0.00947826
0.00944136
0.00967177
0.00954014
0.00950218
0.0105531
0.0161157
0.00953095
0.0110805
0.0102784
0.0162761
0.00958607
0.0143789
0.013635
0.0136135
0.014382
0.0198875
0.0200873
0.00990524
0.00946367
0.00967812
0.00955969
0.00959613
0.00953148
0.0100583
0.0108809
0.0115456
0.0166053
0.00977447
0.0164419
0.00967293
0.0112344
0.0160941
0.0162844
0.00998889
0.0156479
0.0094485
0.00977385
0.00982242
0.0156906
0.00948572
0.0142511
0.0135032
0.0142348
0.0135316
0.00963347
0.00946558
0.00952193
0.00945767
0.00956621
0.00949424
0.00955523
0.0200998
0.0201008
0.0102287
0.00987957
0.015709
0.00964616
0.0156895
0.00954795
0.0105162
0.0142569
0.0135668
0.0135497
0.0142551
0.00973059
0.00948359
0.00958907
0.00963734
0.009534
0.00959668
0.00983479
0.0201345
0.0199975
0.00976416
0.0094889
0.0095235
0.00944626
0.00965928
0.009521
0.00955937
0.0142967
0.0135068
0.0142789
0.013531
0.0108683
0.011519
0.0165582
0.0097308
0.0164084
0.00965084
0.0112728
0.0202655
0.0203499
0.00989609
0.00946444
0.00959027
0.00968309
0.00955975
0.00961771
0.0100451
0.0143025
0.0135733
0.0135547
0.0142899
0.00962268
0.00950806
0.0094581
0.00944919
0.00956562
0.00953212
0.00948427
0.0200631
0.0199472
0.0099617
0.00944905
0.0156823
0.00973832
0.00980047
0.00948632
0.0157132
0.0142635
0.0135714
0.0135536
0.0142535
0.00971407
0.00947313
0.00962066
0.00957187
0.0095738
0.00951978
0.00981932
0.0201518
0.0201753
0.0101887
0.00985666
0.0096484
0.0157053
0.00954884
0.0156963
0.0104704
0.0142692
0.0134992
0.01425
0.0135263
0.0105114
0.00951272
0.0161207
0.0110587
0.0102029
0.00956509
0.0162748
0.0201506
0.0200258
0.00989063
0.00945632
0.00966918
0.00959419
0.00961138
0.00956129
0.0100372
0.0142765
0.0135601
0.013546
0.0142756
0.0108862
0.0115423
0.00972587
0.016589
0.00964569
0.0164318
0.0112999
0.0202478
0.0203007
0.0154216
0.0154675
0.00958844
0.00944019
0.00952977
0.0094337
0.00954837
0.00946114
0.00956117
0.0199216
0.0198257
0.0141783
0.0135321
0.0141449
0.0135598
0.0103571
0.0101811
0.00964439
0.0162088
0.00954943
0.0161251
0.0106257
0.00964678
0.00943877
0.00954273
0.00964738
0.00949524
0.00960423
0.00970979
0.0199927
0.0200213
0.0142021
0.0136053
0.013584
0.0142152
0.010565
0.00952729
0.0160821
0.0110818
0.0102921
0.00958057
0.0162522
0.0143683
0.0135583
0.014326
0.0135892
0.0196561
0.0195016
0.00993569
0.00947828
0.00955909
0.00967917
0.00953564
0.00960362
0.0100898
0.0108906
0.0115515
0.00976411
0.0165907
0.00966682
0.0164244
0.0112376
0.0143986
0.0136396
0.0136167
0.0144015
0.0198314
0.0200477
0.0162844
0.0154903
0.0154991
0.0141944
0.0136163
0.0142028
0.0136161
0.0111882
0.0162207
0.0098113
0.0108792
0.0109038
0.0161173
0.0100093
0.00987878
0.00970038
0.00961183
0.00954183
0.00977935
0.00976963
0.00972795
0.0194429
0.0196663
0.0136794
0.0143364
0.0142176
0.0136206
0.0155722
0.0106876
0.0118357
0.0114805
0.0111513
0.01589
0.0103023
0.0100824
0.0101383
0.0102521
0.0100165
0.00968929
0.0098759
0.00990043
0.0202432
0.0202122
0.0104418
0.00980154
0.00960011
0.00970955
0.0102396
0.00996107
0.0096674
0.0119913
0.0167335
0.00991626
0.0126486
0.0116165
0.0167649
0.0100976
0.0137577
0.0145158
0.0143705
0.0136686
0.0197705
0.020106
0.0104216
0.0100379
0.0110025
0.0106913
0.0098749
0.0101643
0.00980747
0.016394
0.0106436
0.0127368
0.0123577
0.0127316
0.0166218
0.0103601
0.0165365
0.0163469
0.011203
0.015662
0.00978221
0.0103792
0.0108461
0.0156086
0.00997531
0.0142091
0.0135685
0.0142383
0.0135533
0.0100954
0.0096646
0.00968915
0.00973944
0.00995846
0.00977865
0.00974772
0.0191595
0.0195928
0.0152892
0.010588
0.0120321
0.0115902
0.0106405
0.0154478
0.0102364
0.0135735
0.0142154
0.0141831
0.0135372
0.010197
0.00998579
0.0104848
0.0102651
0.00993559
0.00994868
0.00983678
0.0202751
0.0203655
0.0103981
0.00963178
0.00977119
0.00959208
0.0102147
0.00969982
0.00987495
0.0142474
0.0135779
0.0142695
0.0135774
0.0163552
0.0105295
0.0128803
0.0125174
0.0128016
0.0165957
0.0102598
0.0197125
0.0200684
0.0100842
0.0102088
0.0108589
0.0106098
0.00970736
0.00984448
0.0100176
0.0136777
0.0143162
0.0142444
0.013591
0.0100928
0.00967887
0.00964226
0.00972236
0.00994783
0.009747
0.00975182
0.0199625
0.0201348
0.0111452
0.00978375
0.0156468
0.0103789
0.0107929
0.00997188
0.0155848
0.0135435
0.0141881
0.0141624
0.0135187
0.0100045
0.0101776
0.0104946
0.0102672
0.00991654
0.00984032
0.00992251
0.0192415
0.0196823
0.010565
0.0152633
0.0119663
0.0115265
0.0106439
0.0102253
0.0154206
0.0142476
0.0135654
0.0142653
0.0135637
0.0121619
0.00984689
0.0167138
0.0127268
0.0117349
0.0100043
0.0167559
0.0202034
0.0202982
0.0102044
0.0100906
0.0108455
0.0105975
0.00969963
0.0100072
0.00985105
0.0136637
0.0143141
0.0142441
0.0135766
0.0105317
0.0163874
0.0129152
0.0125544
0.012832
0.0102564
0.0166359
0.0196656
0.020004
0.0155774
0.015563
0.00988004
0.00961971
0.00970005
0.00955414
0.00978606
0.00974197
0.009766
0.0198984
0.0199972
0.0142063
0.013621
0.0142147
0.013624
0.0106839
0.0155723
0.0118118
0.0114561
0.0111397
0.0102929
0.0158956
0.0101587
0.0100815
0.0102504
0.010015
0.00970548
0.00991872
0.00987312
0.0194894
0.019731
0.013691
0.0143459
0.0142285
0.0136306
0.0119858
0.00990258
0.0167238
0.0126659
0.0116141
0.0100824
0.0167617
0.0143719
0.0136535
0.0143951
0.0136583
0.0202331
0.0201891
0.0100297
0.010411
0.0110117
0.0107046
0.00990536
0.00979674
0.0101509
0.0106362
0.0163987
0.0127372
0.0123554
0.0127504
0.010351
0.0166251
0.0137699
0.0145271
0.014385
0.0136795
0.0197697
0.0201033
0.0163565
15.0512
14.9281
13.8731
9.84484
17.5809
12.5586
14.03
12.5938
11.5671
10.6117
10.9316
12.8491
11.9047
10.4716
11.7601
10.1254
12.5007
11.9261
11.8151
11.1714
11.6009
12.6611
12.4906
12.2991
10.6332
13.183
14.9425
13.747
10.1946
11.7068
10.5958
10.128
13.2736
10.7369
12.1333
10.2202
9.66466
14.0633
13.1374
11.2819
10.8748
11.7846
13.3108
11.991
13.0743
9.89532
10.5227
9.7221
10.7791
11.9907
12.3678
11.9999
9.48724
9.9485
10.3331
10.659
9.89583
10.1106
10.234
11.9699
10.8934
10.4193
12.3768
16.6104
14.8724
14.113
14.0614
14.8351
18.8514
14.1788
15.4287
16.6237
9.47882
15.4739
13.2951
16.58
17.6387
14.6072
24.0701
14.429
11.4546
11.5313
15.322
21.4478
21.9146
14.2416
9.59096
10.0927
9.85546
11.3717
10.477
10.2308
10.0741
8.02238
8.35194
9.1709
5.95548
6.49968
5.04684
7.02993
7.98391
7.67652
9.3373
6.25154
3.15444
3.75529
5.34635
9.96009
10.5292
4.38106
14.7147
13.5648
13.9357
19.0692
27.9609
26.5926
22.5287
15.6994
12.2164
12.8049
16.2933
23.3799
14.9411
25.7249
14.1056
32.4859
37.8705
13.3592
14.3073
14.3434
52.3894
44.1629
41.032
51.7196
3.63537
2.08838
2.52404
10.2147
3.46956
9.44566
4.6092
4.2347
3.20313
4.21848
4.43406
8.63218
4.3579
7.17718
3.35201
3.82848
4.58753
11.637
4.39901
6.57796
6.25659
2.57002
4.16664
4.03536
15.3395
16.4682
15.1427
59.003
85.2262
63.4608
82.4188
13.5543
16.4619
17.4611
134.394
92.5885
111.474
126.613
10.2795
119.726
136.953
5.48379
5.50782
4.93479
44.0169
81.6729
28.0335
60.9551
4.79827
3.81959
5.00434
22.1935
7.70452
11.5091
10.2209
5.22832
4.87007
4.85111
7.32913
6.49777
6.36552
6.56057
4.33722
4.7478
4.87824
6.01677
5.71314
5.99635
5.84147
4.08115
4.23475
4.74085
5.99963
6.76958
6.42208
6.134
4.82173
6.05977
5.97963
4.25813
4.60735
4.1783
6.12829
9.4304
6.20979
6.89135
89.3684
101.202
88.4752
103.604
114.124
123.932
114.846
8.31268
8.15775
6.72394
9.19508
14.5294
10.1859
11.1639
10.8395
33.2478
17.7694
18.025
21.089
13.3389
30.2543
15.6975
20.279
18.6555
18.0802
17.8164
15.4064
19.4878
11.7625
10.1083
10.4402
10.4762
12.7584
11.5402
10.1674
20.3351
34.3672
26.9193
30.2876
27.0152
22.0157
34.6252
15.4133
34.2218
25.2413
21.412
25.4729
13.4811
30.2187
146.647
138.893
135.308
108.531
141.684
119.876
126.759
393.394
575.788
290.146
79.7947
76.1241
92.7207
85.9509
144.168
207.432
161.203
145.369
161.348
133.227
174.945
233.091
244.65
243.374
197.374
175.616
192.081
179.714
107.689
19.8476
24.9628
18.9974
20.0617
11.179
27.9612
691.241
101.593
318.001
6.94968
19.3753
27.801
8.24361
30.915
76.4442
38.3277
78.9564
28.1176
90.5237
36.9819
36.6472
63.8445
37.4467
62.573
26.6412
58.9107
44.6394
76.3912
193.184
172.692
114.343
170.846
58.1004
123.609
682.053
123.295
130.229
186.458
134.501
378.12
350.937
117.819
225.496
142.612
234.685
90.3912
254.612
161.179
386.59
336.229
215.383
254.47
476.045
270.537
196.196
1093.31
423.623
572.481
1507.73
493.227
1292.39
1325.64
3260.13
625.477
1181.5
2284.99
1166.67
2038.82
3839.09
9.85964
7.02051
7.67776
7.5489
7.27094
7.7203
19.6405
6.09044
11.3609
8.9805
9.31894
16.1256
11.6643
12.6567
10.6509
10.6565
11.7707
11.366
8.59049
10.0231
111.344
128.684
154.536
128.468
147.689
160.807
162.675
67.956
57.7831
58.8659
75.3704
67.9517
81.2348
71.384
108.967
86.2688
92.6087
87.0503
84.472
88.4049
91.5181
43.8113
52.186
600.847
161.008
52.2487
54.7699
188.062
39.9156
34.9408
231.819
86.1844
39.0574
41.5598
126.771
21.8758
21.2964
11.3515
19.4035
17.6285
23.8228
23.8821
40.7679
570.131
40.4555
232.326
40.901
50.3585
304.949
28.1523
43.6413
41.1232
38.7746
37.1162
36.328
31.1582
22.1048
36.682
29.6553
26.2
19.7392
32.6077
25.5537
210.311
197.863
323.186
272.532
267.984
206.449
165.362
469.619
383.663
505.913
361.005
450.077
291.985
329.048
205.011
329.623
740.148
252.169
527.809
154.06
128.362
1910.15
601.859
726.679
401.638
714.412
169.937
205.325
485.215
499.744
450.373
534.799
447.039
545.499
534.582
454.265
396.577
440.767
490.861
408.681
460.764
515.329
406.738
395.767
286.082
407.111
342.015
327.758
488.835
536.918
626.989
480.356
583.868
518.668
565.876
681.045
2141.4
1699.93
3456.74
4441.51
2118
2069.36
3789.8
4770.56
2489.15
4697.16
2222.37
0.0224151
0.02252
0.0204226
0.0193533
0.0175102
0.0274724
0.0279148
0.022486
0.0224174
0.0204106
0.0193445
0.0174905
0.027882
0.0275007
10.6731
20.1945
20.0081
17.2886
15.7819
13.0317
11.9304
10.7939
8.48578
12.6772
10.4282
9.73573
12.3332
13.2012
14.5847
10.092
11.5112
13.7637
9.84039
12.847
11.3556
13.3071
10.2395
10.9242
12.7227
41.2059
18.1459
14.2965
49.0904
10.2685
59.285
36.1833
42.8083
61.5475
20.5254
81.024
75.0729
18.8623
47.3921
20.563
12.6526
7.15082
28.6899
8.24223
17.9452
33.3737
11.6391
13.5268
8.70137
12.9782
9.26474
8.47864
22.5106
59.9155
60.8682
30.1758
89.0571
90.1731
32.0675
60.3123
8.63467
8.84543
11.2944
29.0625
28.0411
37.2276
37.7324
28.3294
30.8089
40.7891
36.8396
34.4686
105.556
56.5515
38.4813
71.6362
37.1595
15.4538
14.2757
10.2401
12.8601
12.2884
12.4991
15.7691
31.8628
37.7057
19.8262
113.399
27.4866
62.2658
29.5978
400.999
354.33
417.957
163.647
202.878
379.21
534.32
34.381
36.7832
110.367
275.837
40.0498
34.4931
87.2247
141.791
31.3875
279.167
37.2322
32.1926
16.2317
20.8634
49.7105
15.5969
49.925
36.4583
66.1485
51.865
29.0536
79.4711
73.7215
34.0492
76.561
21.1803
19.1558
10.3625
34.337
11.0896
19.4906
33.9271
23.9882
21.3276
12.1119
22.6333
16.492
15.9134
27.2096
13.2287
13.0117
16.425
14.5725
11.6654
14.1858
14.4675
14.6351
19.9376
23.949
19.6237
16.584
16.0085
16.3992
58.8756
55.6535
34.8262
90.9281
82.258
39.5773
66.6425
17.7612
11.2473
18.6824
130.007
129.05
336.809
428.785
108.766
91.6585
917.116
175.417
552.139
96.7111
1125.34
89.0276
876.448
319.456
642.475
729.112
901.481
354.999
413.75
479.245
989.267
37.3292
53.4413
42.5616
108.165
52.2522
157.043
67.7218
142.049
48.8562
133.088
181.357
263.959
297.594
211.495
280.902
200.644
181.919
98.7473
47.8528
105.345
65.8249
103.431
113.302
50.7711
101.384
76.131
80.6034
110.328
59.8526
124.937
106.649
291.232
301.874
361.709
256.883
356.624
278.957
258.182
1158.73
832.429
1579.67
1650.25
426.219
1208.88
1778.9
980.606
1472.05
172.301
1301.08
303.05
579.143
1828.01
1620.44
1730.08
1052.78
3220.31
740.847
3025.52
2091.1
1316.44
1222.79
1212.17
3561.71
831.111
1922.65
2014.3
1146.74
659.928
181.182
1291.22
335.699
701.751
2129.3
2227.39
3186.75
2681.4
4230.09
2438.03
2830.31
3160.98
2095.12
1473.98
3183.75
5523.62
4555.89
3254.25
6474.41
3471.95
5393.99
6589.42
181.198
266.073
250.411
253.012
277.574
192.694
199.792
118.052
114.094
267.102
310.34
386.102
403.938
475.32
372.388
360.94
795.529
742.443
439.559
265.722
546.52
328.315
826.586
368.802
849.244
335.474
935.674
348.046
544.905
647.88
612.513
553.154
614.639
548.065
553.074
1374.33
1634.91
1867.6
3506.27
1044.52
1928.21
2276.19
1445.37
1181.62
1432.44
3699.84
891.253
1782.99
2777.27
288.115
362.274
55.2671
28.0992
188.269
38.4889
478.547
1797.99
4152.75
2032.57
3518.92
2027.71
2105.42
3311.39
1079.46
1729.54
1485.9
1601.15
1290.45
1519.52
1910.61
709.714
1225.79
554.358
1399.97
874.531
499.769
1286.24
65.1242
27.1795
139.053
4914.29
5314.21
3373.45
6663.57
3335.06
4767.49
6850.47
0.0111446
0.0114567
0.0113927
0.011012
0.0110701
0.0104282
0.0103324
0.0104194
0.0103267
0.0102885
0.0104142
0.0103039
0.0102987
0.0103396
0.0106188
0.0102208
0.01022
0.0105161
0.0103776
0.0103446
0.0102354
0.0107725
0.0104029
0.0103891
0.0106749
0.0106996
0.0106742
0.0103955
0.0113971
0.0114961
0.0118038
0.0112895
0.0113543
0.0111394
0.0111047
0.0109622
0.0106975
0.0104365
0.010836
0.0105952
0.0106111
0.0104366
0.0106193
0.0102182
0.0102157
0.0105167
0.0103829
0.0103495
0.0102337
0.0114636
0.011125
0.0113862
0.0110823
0.0109953
0.0104445
0.0103498
0.0104092
0.0103287
0.0102918
0.0104065
0.0103062
0.0103021
0.0103446
0.0109599
0.0106966
0.0104371
0.0108345
0.0106008
0.0106158
0.0104371
0.0107744
0.010411
0.0103865
0.0106786
0.0106963
0.010674
0.0103953
0.011492
0.0113984
0.0118037
0.0113525
0.0112916
0.0111427
0.0111095
7.81247
9.35351
8.71744
9.9057
11.5054
10.5056
13.0738
11.1329
8.16233
9.57825
8.5905
9.3041
10.7294
9.19998
10.1153
10.5642
10.7006
10.0274
8.70714
10.3947
9.12987
9.25692
10.2975
8.74448
10.5704
13.069
16.4047
15.2769
13.8493
12.3157
11.5762
13.9422
17.2247
21.1028
18.7309
20.9445
23.2179
16.8341
25.8694
7.46301
7.76995
8.67906
9.36598
7.60427
8.51042
8.16266
13.6068
15.6588
15.9377
13.0579
15.5868
13.9439
14.6903
12.0783
18.6716
13.916
15.725
14.59
14.9807
20.3012
9.78754
10.4841
10.2255
10.6251
10.6676
10.5171
10.5671
8.42218
11.5432
9.92
10.207
9.391
8.82118
11.966
8.88771
9.93756
8.54566
13.0471
13.7113
19.4714
14.3651
13.2812
15.3985
19.5092
12.8843
19.4866
12.4569
15.761
20.0638
12.9031
15.8237
10.413
13.7977
11.1434
12.9795
14.7507
9.71238
19.1867
14.9365
18.4536
16.2204
21.4885
18.9532
13.7994
20.7794
10.7088
11.7376
10.5141
10.5704
11.7943
12.0997
11.0393
10.7664
10.7898
9.27279
9.56393
11.0949
10.5104
9.77457
10.1164
8.34737
15.9434
9.9868
14.2268
15.967
16.55
19.0967
19.6342
16.0652
26.9691
15.9836
25.6268
21.1657
23.0116
21.2897
18.7132
24.8855
11.0737
16.4534
16.7722
16.9875
13.2536
13.3426
18.5688
15.5173
21.876
12.8878
15.4924
21.8537
21.7529
14.3194
11.4498
21.9355
14.5847
16.1441
17.9161
13.8044
22.9641
15.4525
15.3681
27.6635
23.6989
16.8721
28.5056
24.8372
16.4011
29.7306
18.9001
28.0698
18.0373
24.4353
35.839
8.77296
20.0555
12.7247
17.9884
11.5839
9.6956
23.9163
10.6604
21.9298
15.1879
18.1884
20.7524
12.0873
24.705
10.186
9.1749
14.8287
13.0104
10.0486
9.98857
9.12549
12.4127
9.16763
10.3872
23.068
16.8376
26.0388
17.664
23.0577
25.4662
22.497
17.4297
27.1716
22.2864
24.3266
22.777
24.2703
27.5717
9.58764
13.8087
8.71816
6.2949
11.8428
12.3854
5.12145
10.7583
13.1662
9.87496
8.12264
10.1659
8.97442
11.7844
16.3988
30.0231
21.0127
19.2609
26.1933
14.5424
29.9921
30.7585
27.3753
24.1399
21.1984
35.2804
31.47
25.692
13.6489
16.6798
38.5015
40.284
15.3687
37.4154
40.9964
14.9263
36.275
15.8381
32.0204
37.3239
14.0034
33.6859
45.9419
43.2843
51.4961
17.5095
13.3595
14.7781
46.6581
42.9491
45.4021
41.7043
18.6369
14.6681
14.5939
71.5722
73.7786
59.6097
81.313
104.652
70.9375
99.7245
91.5215
85.3388
77.0969
100.514
9.02283
9.9846
21.8844
5.78961
14.1904
15.785
16.1519
9.96043
26.3726
19.6039
21.7202
18.4534
26.5339
16.857
18.2079
28.5491
51.2549
11.8122
9.68079
4.07145
9.76621
88.6507
108.677
90.1972
54.7721
31.6992
38.695
73.5851
11.0942
3.3409
6.20708
23.5134
15.8076
32.8011
5.65647
12.4187
4.63293
7.73448
15.4773
17.8528
10.941
19.4261
811.436
481.329
476.122
90.5537
86.219
99.8333
125.984
543.254
22.4001
50.2869
113.019
111.569
232.738
190.922
14.2513
52.9971
15.5652
81.2939
22.6755
13.6524
20.1105
163.156
141.895
164.989
140.673
21.5731
17.0923
19.0925
114.033
115.109
98.2307
123.787
261.427
280.028
274.662
220.274
206.51
208.705
220.282
15.9536
11.3415
60.4247
73.3399
16.6378
80.1878
45.7071
6.94527
20.7928
11.6635
16.806
10.536
14.8704
23.0455
280.984
176.946
191.115
78.1256
86.7544
114.556
72.5455
19.931
44.9979
39.9176
163.851
202.906
171.46
108.407
149.077
91.8397
154.981
12.4349
7.43727
20.1276
13.044
14.2478
20.4289
14.2885
9.34857
21.8124
13.438
16.967
14.1132
22.4421
17.4191
10.8362
4.74189
5.653
12.1854
7.35079
15.2971
5.95407
13.4644
4.72183
5.75161
13.739
16.1428
8.67328
22.2885
12.9104
16.8596
17.3498
12.2683
9.18573
10.2915
9.70205
51.5898
33.0557
40.0275
13.7396
14.0566
19.0059
12.7619
33.1478
32.537
36.1443
13.0648
13.0183
13.0597
12.3914
15.9779
12.2139
13.4822
797.763
44.9784
10.8636
8.78245
3.66401
5.08904
4.58063
6.27686
0.0166529
0.0184745
0.0172894
0.0169578
0.0159598
0.0178684
0.016422
0.0183083
0.0196542
0.0171276
0.0173191
0.0214053
0.0185529
0.0198947
0.0147156
0.0131708
0.0147892
0.0126966
0.0128993
0.0153875
0.0141489
0.0168437
0.018927
0.0175155
0.0171894
0.0163609
0.0166325
0.0183499
0.0187736
0.0204183
0.0174436
0.0176444
0.0218784
0.0188302
0.0205356
0.0136812
0.0131797
0.0145824
0.0122208
0.0125715
0.0156035
0.0131254
0.0163234
0.0178744
0.0171104
0.0168009
0.0154925
0.0172109
0.0161748
0.0201198
0.0173773
0.0172218
0.0162787
0.0192076
0.0167743
0.0181541
0.0175244
0.0172052
0.0162835
0.0178528
0.0166047
0.0211496
0.0177271
0.017489
0.0169984
0.0202015
0.0162786
0.0178449
0.017132
0.0167803
0.0154153
0.016116
0.0170835
0.0200933
0.0173761
0.017218
0.0161999
0.0191311
0.0136753
0.0131657
0.012212
0.0145721
0.0125595
0.0131212
0.0155906
0.0167124
0.0181597
0.0175285
0.0172021
0.0162266
0.0165515
0.0178303
0.0211474
0.0177286
0.0174802
0.0169861
0.0201759
0.014726
0.013156
0.0126933
0.014792
0.0128947
0.0141559
0.0153915
0.0166711
0.0184965
0.0173079
0.016977
0.0159838
0.0178934
0.0164412
0.0196626
0.0183258
0.0171397
0.0173322
0.0214123
0.0199045
0.0185683
0.01686
0.0189408
0.0175306
0.0172051
0.0163821
0.0166505
0.0183652
0.0204249
0.0187865
0.0174547
0.0176554
0.0218863
0.0205453
0.0188428
0.0104487
0.0102901
0.0108873
0.0107761
0.0107173
0.0101913
0.0100638
0.0160527
0.0129482
0.0150519
0.0151317
0.0133463
0.012997
0.0159655
0.0167235
0.0128367
0.0141449
0.0140272
0.0132648
0.0128514
0.0172875
0.0128208
0.0167036
0.0141364
0.0140195
0.0132519
0.0128364
0.0172711
0.0129457
0.0160572
0.0150616
0.0151419
0.0133313
0.0129912
0.0159732
0.0115882
0.0114634
0.011901
0.0115556
0.0115307
0.0114318
0.011429
0.0102943
0.0104485
0.0108828
0.0107289
0.0107657
0.010209
0.010077
0.0114596
0.0115686
0.0118893
0.0115284
0.0115389
0.0114288
0.0114252
0.0158122
0.0168753
0.0206259
0.0213614
0.0208339
0.0204436
0.0202824
0.0133692
0.0124566
0.0119968
0.0124572
0.0125815
0.0131648
0.0120027
0.0141727
0.01303
0.0125479
0.0144185
0.0124925
0.013946
0.0130411
0.0197187
0.0203515
0.019281
0.0135178
0.0125497
0.012342
0.0127474
0.0125839
0.0122947
0.0133036
0.0148528
0.014205
0.0129537
0.015452
0.0128993
0.0144834
0.0141452
0.0163882
0.0163133
0.0169507
0.0132203
0.0119309
0.0115746
0.0119015
0.0119661
0.0128167
0.0116128
0.0138894
0.0138964
0.0130477
0.0143626
0.0131204
0.0138734
0.0136477
0.016904
0.0167836
0.0174849
0.0141
0.0126804
0.0124125
0.0129495
0.0127351
0.0136805
0.0123987
0.0137604
0.0144929
0.0130594
0.0152062
0.0129869
0.0137527
0.0141381
0.0131308
0.0118931
0.0115526
0.0118742
0.0119158
0.0115987
0.0127545
0.0138468
0.0139107
0.0130789
0.0143205
0.0131596
0.0136076
0.0138935
0.0163633
0.0162774
0.0169428
0.0140455
0.0126491
0.0123836
0.0128967
0.012698
0.0123744
0.0136256
0.0144783
0.0137507
0.0130538
0.0151987
0.0129809
0.0141262
0.0137443
0.0169
0.0167772
0.0174799
0.0206184
0.0213638
0.0158319
0.0169192
0.0133832
0.0124643
0.0120021
0.0124649
0.0125885
0.0131757
0.0120086
0.0130317
0.0141812
0.0125521
0.0144154
0.0124956
0.0130439
0.0139526
0.020833
0.0204467
0.0202828
0.0135269
0.012555
0.0123506
0.0127553
0.0125881
0.0123027
0.0133091
0.0142086
0.0148628
0.012957
0.0154574
0.0129013
0.0141501
0.0144923
0.0197222
0.0203572
0.0192848
)
;

boundaryField
{
    outlet
    {
        type            zeroGradient;
    }
    inlet
    {
        type            fixedValue;
        value           uniform 0.01;
    }
    wall
    {
        type            kLowReWallFunction;
        value           nonuniform List<scalar> 
8028
(
0.0167848
0.0167768
0.0172626
0.015375
0.0156359
0.0169076
0.0151172
0.015637
0.0159176
0.0159187
0.0169211
0.015126
0.0172726
0.0153831
0.0147169
0.0142865
0.0176735
0.0179241
0.015624
0.0146983
0.0156209
0.0176667
0.0143013
0.0179267
1e-15
1e-15
1e-15
1e-15
1e-15
1e-15
1e-15
1e-15
1e-15
0.0262951
0.0100743
0.00848467
0.00835961
0.00844008
0.00845749
0.00849729
0.00857601
0.0086716
0.00875272
0.00883343
0.0089064
0.00900025
0.00910206
0.00918002
0.00926709
0.00933109
0.00936547
0.00942094
0.00945725
0.00948461
0.0095222
0.00956184
0.0096309
0.00970148
0.00966968
0.0096852
0.00971458
0.00972079
0.00972695
0.00973804
0.00976304
0.009847
0.00993559
0.0100123
0.0101717
0.0104847
0.0108297
0.0103602
1e-15
1e-15
1e-15
1e-15
1e-15
1e-15
1e-15
1e-15
1e-15
1e-15
1e-15
1e-15
1e-15
1e-15
1e-15
1e-15
1e-15
1e-15
1e-15
0.0103913
0.0103536
0.00914091
0.00914091
0.0104008
0.00914663
0.00914663
1e-15
1e-15
1e-15
1e-15
1e-15
1e-15
1e-15
1e-15
1e-15
1e-15
1e-15
1e-15
1e-15
1e-15
1e-15
1e-15
1e-15
1e-15
1e-15
1e-15
1e-15
1e-15
1e-15
1e-15
1e-15
1e-15
1e-15
1e-15
1e-15
1e-15
1e-15
1e-15
1e-15
1e-15
1e-15
1e-15
1e-15
1e-15
1e-15
1e-15
1e-15
1e-15
1e-15
1e-15
1e-15
1e-15
1e-15
1e-15
1e-15
1e-15
1e-15
1e-15
1e-15
1e-15
1e-15
1e-15
1e-15
1e-15
1e-15
1e-15
0.0422828
1e-15
1e-15
1e-15
1e-15
1e-15
0.0552581
0.0357453
1e-15
1e-15
1e-15
1e-15
1e-15
0.033826
0.0334623
1e-15
1e-15
1e-15
0.0286775
1e-15
0.032931
0.0300641
0.034787
0.0413492
0.0529052
0.05366
1e-15
0.028384
0.0241884
0.0192112
0.00849719
0.0450211
1e-15
1e-15
0.0226418
0.0188284
0.00825511
0.00912399
1e-15
0.0128093
0.0113903
0.0175799
0.014145
0.00909734
0.00861314
0.0222564
0.0166692
0.00857261
0.013088
0.0100856
0.00844634
0.00819776
0.0146712
0.00964498
0.0083501
0.00877208
0.00835407
0.00817047
0.00822913
0.00878713
0.00834821
0.00842966
0.00841193
0.00847772
0.00825504
0.00839255
0.00834943
0.00853091
0.00845232
0.00847618
0.00849883
0.0084218
0.00851606
0.00855418
0.00864772
0.00848116
0.00849916
0.00853885
0.00853545
0.00860003
0.00862952
0.00864345
0.00855126
0.00855173
0.00862649
0.0086214
0.0086769
0.00863084
0.00863593
0.0086481
0.0086529
0.00873103
0.00868776
0.00870451
0.00862563
0.00861621
0.00873205
0.0087553
0.00882798
0.00870489
0.00872569
0.00861324
0.00863806
0.00881348
0.00885078
0.00891091
0.00873706
0.00879184
0.00865542
0.00872016
0.00888691
0.00893428
0.00900541
0.00881488
0.00888995
0.00874782
0.00882193
0.00897258
0.00902481
0.00907287
0.00891541
0.00897523
0.00884873
0.00890853
0.00907973
0.00908719
0.0091392
0.00899415
0.00905127
0.00892773
0.0089814
0.00915765
0.00915786
0.00921685
0.00907799
0.00917934
0.00900483
0.00908153
0.00924273
0.00923548
0.00927362
0.00921889
0.00931956
0.00911292
0.00920187
0.00931814
0.00927851
0.00929561
0.00933957
0.00936287
0.00923673
0.00932728
0.00935486
0.00930498
0.00936624
0.00936695
0.00938601
0.00936077
0.00942859
0.00940636
0.00939254
0.00945613
0.00939625
0.00942741
0.00944357
0.00946531
0.00945334
0.0094677
0.00949436
0.00944029
0.0094824
0.00946797
0.00949663
0.00947731
0.00950434
0.00954166
0.00949965
0.00955383
0.00950801
0.00955159
0.00951422
0.00954972
0.00957883
0.00957077
0.00961597
0.00956625
0.00961019
0.00955006
0.00958569
0.00962184
0.00962251
0.00963488
0.00962195
0.00963822
0.00960789
0.00963441
0.00969567
0.00962893
0.00962281
0.00963602
0.00962531
0.00969344
0.00971266
0.00970747
0.0096211
0.00964477
0.00962579
0.0096484
0.00968043
0.00969571
0.00969067
0.00965325
0.00968359
0.00966175
0.00970512
0.00967767
0.00969665
0.00971188
0.00968946
0.00969889
0.00972017
0.0097533
0.00970974
0.0097105
0.00968416
0.00969784
0.00969817
0.00975997
0.00976066
0.00972112
0.00967139
0.00964988
0.00969761
0.00970753
0.00975731
0.00975454
0.00972366
0.00965192
0.00966968
0.00971143
0.00972919
0.00976031
0.00978846
0.00973509
0.00968117
0.00971309
0.00973371
0.00976379
0.00979572
0.00980077
0.00975151
0.00972896
0.00977809
0.0097777
0.00984207
0.00979913
0.00982082
0.00982187
0.00979418
0.00983786
0.00986886
0.00994247
0.00983926
0.00991489
0.00991602
0.0098487
0.00989898
0.00996638
0.010031
0.00994672
0.0100282
0.00998976
0.00992021
0.0100057
0.0100536
0.0101478
0.0100483
0.010111
0.0101182
0.0100315
0.0101161
0.0101944
0.0103993
0.0101248
0.0101865
0.0103928
0.0101397
0.010244
0.0104888
0.0107718
0.0102068
0.0103034
0.0107721
0.0102623
0.0103125
0.0108288
0.0105694
0.010314
0.0103327
0.0105746
0.0142965
0.00922934
0.0137876
0.0107707
0.0105585
0.00885413
0.0102759
0.00995703
0.010112
1e-15
1e-15
1e-15
1e-15
1e-15
1e-15
1e-15
1e-15
1e-15
1e-15
1e-15
1e-15
1e-15
1e-15
1e-15
1e-15
1e-15
1e-15
1e-15
1e-15
1e-15
1e-15
1e-15
1e-15
1e-15
1e-15
1e-15
1e-15
1e-15
1e-15
1e-15
1e-15
1e-15
1e-15
1e-15
1e-15
1e-15
1e-15
1e-15
1e-15
1e-15
1e-15
1e-15
1e-15
1e-15
1e-15
1e-15
1e-15
1e-15
1e-15
1e-15
1e-15
1e-15
1e-15
1e-15
1e-15
1e-15
1e-15
1e-15
1e-15
1e-15
1e-15
1e-15
1e-15
1e-15
1e-15
1e-15
1e-15
1e-15
1e-15
1e-15
1e-15
1e-15
1e-15
1e-15
1e-15
1e-15
1e-15
1e-15
1e-15
1e-15
1e-15
1e-15
1e-15
1e-15
1e-15
0.0104452
0.010095
0.010095
0.00904732
0.0129032
0.0144468
0.00965437
0.00862809
0.0142875
0.00986697
0.0137597
0.0142581
0.010117
0.0102488
0.0101057
0.00959905
0.00886998
0.010882
0.0136183
0.00842254
0.00974461
0.00951547
0.0142308
0.00903966
0.00944533
0.0111653
0.0139826
0.0099547
0.00977653
0.0138016
0.0101942
0.00993943
0.00971274
0.00949862
0.01086
0.0136142
0.00842203
0.00903787
0.0105727
0.0142242
0.00995101
0.0097737
0.00944885
0.00944888
0.0101708
0.0111621
0.0139791
0.0104454
0.0100929
0.0100929
0.0143039
0.00905171
0.00862662
0.00862661
0.0129043
0.0144519
0.00965906
0.0107815
0.00923265
0.0142879
0.0101224
0.0101225
0.0102542
0.00987111
0.0137625
0.0142608
0.00960528
1e-15
1e-15
1e-15
1e-15
1e-15
1e-15
1e-15
1e-15
1e-15
1e-15
1e-15
1e-15
1e-15
1e-15
1e-15
1e-15
1e-15
1e-15
1e-15
1e-15
1e-15
1e-15
1e-15
1e-15
1e-15
1e-15
1e-15
1e-15
1e-15
1e-15
1e-15
1e-15
1e-15
1e-15
1e-15
1e-15
1e-15
1e-15
1e-15
1e-15
1e-15
1e-15
1e-15
1e-15
1e-15
1e-15
1e-15
1e-15
1e-15
1e-15
1e-15
1e-15
0.122249
1e-15
1e-15
1e-15
1e-15
1e-15
1e-15
0.136671
1e-15
0.111619
1e-15
1e-15
1e-15
1e-15
1e-15
1e-15
0.0463287
1e-15
0.064594
1e-15
1e-15
0.0183219
1e-15
1e-15
1e-15
0.0344085
0.0218485
0.0257683
0.00271042
1e-15
0.0356876
0.0325454
0.0591485
1e-15
0.0265823
0.011824
0.040898
0.0299699
0.016375
1e-15
0.0547309
0.0400593
1e-15
0.0203252
0.00980857
0.0323953
0.0103387
0.0101198
0.0217892
1e-15
1e-15
0.0305638
0.0157279
0.0076512
0.0245548
0.00927931
0.00907061
0.0176434
0.0150508
0.0199725
0.00920764
0.0115965
0.00748962
0.016924
0.00859933
0.00852525
0.0119787
0.0125575
0.0109169
0.00839855
0.0104735
0.00748616
0.0114461
0.00846745
0.00849471
0.00783171
0.0088361
0.00868856
0.00837885
0.0110716
0.00750403
0.0113812
0.00861297
0.00867048
0.00758588
0.00859182
0.00863788
0.0084526
0.0114331
0.00756127
0.0115477
0.0088052
0.00885809
0.00762577
0.00876271
0.00881745
0.00846094
0.0115414
0.00760425
0.0116944
0.00894848
0.00898271
0.00765157
0.00889326
0.00893244
0.00851122
0.0115916
0.00763042
0.0117891
0.00901426
0.00902524
0.00768085
0.00897101
0.00899133
0.00859883
0.0116925
0.00764843
0.011865
0.00901543
0.00902997
0.00771365
0.00900769
0.00903021
0.00869211
0.0118538
0.00767571
0.0119919
0.00906612
0.00908988
0.007738
0.00908183
0.00911004
0.00877295
0.0120277
0.00772515
0.0121435
0.00913135
0.00915383
0.00777345
0.00915905
0.00917922
0.00885058
0.0121874
0.00777635
0.012288
0.00920345
0.00923048
0.00781827
0.00922922
0.00925457
0.00892629
0.0123423
0.00782477
0.0124476
0.0092997
0.00932687
0.00787606
0.00931889
0.00934729
0.00902732
0.0125069
0.0078753
0.0126179
0.00938628
0.00941447
0.00793257
0.00941857
0.00944762
0.00912016
0.0126786
0.00792597
0.012788
0.00948459
0.00951685
0.0079859
0.00951103
0.00953492
0.00919875
0.0128214
0.0079697
0.0129504
0.00958879
0.00962042
0.00803407
0.00958318
0.00960682
0.00928491
0.0129164
0.00800502
0.0130901
0.0096818
0.00970612
0.0080862
0.00966018
0.00967997
0.00933875
0.0130126
0.0080352
0.0132073
0.00974508
0.00975966
0.00812913
0.009717
0.00972892
0.00937662
0.0131055
0.00806448
0.0132943
0.00979139
0.009802
0.00815843
0.0097575
0.00976904
0.00943545
0.0131699
0.00809569
0.0133704
0.0098353
0.0098469
0.00818363
0.00980249
0.00981532
0.00946373
0.0132871
0.00813305
0.0134811
0.00988674
0.00990214
0.00821433
0.00985389
0.00986893
0.00949535
0.0134428
0.00816902
0.0136106
0.00994819
0.00996638
0.00824279
0.00991396
0.00992903
0.00953179
0.0135604
0.00820002
0.0137159
0.0100087
0.0100233
0.00826783
0.00996989
0.00998112
0.00957464
0.0136714
0.00822949
0.0138062
0.0100554
0.0100631
0.0083039
0.0100101
0.0100177
0.0096513
0.0137642
0.00825058
0.0139113
0.0100891
0.010097
0.00834284
0.0100491
0.0100593
0.00970153
0.0138294
0.00826587
0.0139951
0.0101249
0.0101318
0.00836966
0.010092
0.0100992
0.00966945
0.0138684
0.00828143
0.0140187
0.0101489
0.0101512
0.00837727
0.0101156
0.0101173
0.00969482
0.0138772
0.00828599
0.0140011
0.0101557
0.0101559
0.0083731
0.010121
0.0101193
0.00971828
0.0138756
0.00828515
0.0140007
0.0101615
0.0101622
0.00837519
0.0101125
0.0101088
0.00972106
0.0138833
0.00828763
0.0140241
0.0101664
0.0101672
0.0083818
0.0101092
0.0101113
0.00972928
0.0139035
0.0082928
0.0140519
0.0101744
0.0101774
0.00838295
0.010128
0.0101334
0.00973989
0.0139592
0.00830796
0.0141024
0.0101965
0.0102077
0.0083946
0.0101628
0.0101741
0.00977862
0.0140894
0.008349
0.0142386
0.0102597
0.0102833
0.00843416
0.0102259
0.0102443
0.00987161
0.0142701
0.00840744
0.014432
0.0103564
0.0103827
0.00849795
0.0103105
0.0103315
0.009953
0.0144742
0.00847826
0.0146515
0.0104605
0.0104932
0.00857146
0.0104073
0.0104341
0.0100402
0.0147092
0.00858189
0.0148785
0.0105995
0.0106487
0.0086516
0.0105374
0.0105789
0.0102355
0.0149527
0.00868807
0.0151188
0.010832
0.0109137
0.00870649
0.0107124
0.0107691
0.0105834
0.0149287
0.00869745
0.0150277
0.0111359
0.0111612
0.00868085
0.0108789
0.0108261
0.0108193
1e-15
1e-15
1e-15
1e-15
1e-15
1e-15
1e-15
1e-15
1e-15
1e-15
1e-15
1e-15
1e-15
1e-15
1e-15
1e-15
1e-15
1e-15
1e-15
1e-15
1e-15
1e-15
1e-15
1e-15
1e-15
1e-15
1e-15
1e-15
1e-15
1e-15
1e-15
1e-15
1e-15
1e-15
1e-15
1e-15
1e-15
1e-15
1e-15
1e-15
1e-15
1e-15
1e-15
1e-15
1e-15
1e-15
1e-15
1e-15
1e-15
1e-15
1e-15
1e-15
1e-15
1e-15
1e-15
1e-15
1e-15
1e-15
1e-15
1e-15
1e-15
1e-15
1e-15
1e-15
1e-15
1e-15
1e-15
1e-15
1e-15
1e-15
1e-15
1e-15
1e-15
1e-15
1e-15
1e-15
1e-15
1e-15
1e-15
1e-15
1e-15
1e-15
1e-15
1e-15
1e-15
1e-15
1e-15
1e-15
1e-15
1e-15
1e-15
1e-15
1e-15
1e-15
1e-15
1e-15
1e-15
1e-15
1e-15
1e-15
1e-15
1e-15
1e-15
1e-15
1e-15
1e-15
1e-15
1e-15
1e-15
1e-15
1e-15
1e-15
1e-15
1e-15
1e-15
1e-15
1e-15
1e-15
1e-15
1e-15
1e-15
1e-15
1e-15
1e-15
1e-15
1e-15
1e-15
1e-15
1e-15
1e-15
1e-15
1e-15
1e-15
1e-15
1e-15
1e-15
1e-15
1e-15
1e-15
1e-15
1e-15
1e-15
1e-15
1e-15
1e-15
0.143478
1e-15
1e-15
1e-15
1e-15
1e-15
1e-15
1e-15
1e-15
1e-15
1e-15
1e-15
1e-15
1e-15
1e-15
1e-15
1e-15
1e-15
1e-15
1e-15
1e-15
1e-15
1e-15
1e-15
1e-15
1e-15
1e-15
1e-15
1e-15
1e-15
1e-15
0.0441235
0.0377354
1e-15
0.102115
0.0181827
1e-15
1e-15
1e-15
1e-15
1e-15
1e-15
1e-15
0.029269
0.0995675
0.037174
1e-15
1e-15
1e-15
1e-15
0.122413
1e-15
0.141009
1e-15
1e-15
1e-15
1e-15
1e-15
1e-15
1e-15
1e-15
1e-15
1e-15
1e-15
1e-15
1e-15
1e-15
1e-15
1e-15
1e-15
1e-15
1e-15
1e-15
1e-15
1e-15
0.033297
0.0326368
0.0303396
0.0415537
0.0259977
0.147629
0.0335513
0.142779
0.0598192
0.0243585
1e-15
1e-15
0.0376434
0.0488403
0.0337864
0.0107199
1e-15
0.0590667
1e-15
0.122629
0.033509
0.109134
0.0670847
0.0606765
1e-15
1e-15
1e-15
1e-15
1e-15
1e-15
1e-15
1e-15
0.00378163
1e-15
0.0570581
1e-15
1e-15
1e-15
1e-15
1e-15
1e-15
1e-15
0.0104514
1e-15
0.0322972
0.0311916
0.0209225
0.0319633
0.0196356
0.0485899
0.0155406
0.0277062
0.0218682
0.0407173
0.0577718
0.0586707
0.00613066
0.0252945
0.00586539
0.117338
1e-15
0.104251
1e-15
0.0740097
0.0324622
0.0613879
0.0464838
0.0526648
1e-15
1e-15
1e-15
1e-15
1e-15
1e-15
0.0631682
0.061184
0.142688
1e-15
0.140383
1e-15
1e-15
1e-15
0.126975
1e-15
1e-15
1e-15
0.146447
1e-15
0.0271487
0.0254226
0.0165465
0.0243315
0.0153909
0.0155967
0.0111867
0.0147918
0.010622
0.0110851
0.00995298
0.00880259
0.0233245
0.0389113
0.0248111
0.0529284
0.042611
0.0223815
0.0321471
0.0151869
0.00381659
0.00647494
1e-15
1e-15
1e-15
1e-15
1e-15
1e-15
1e-15
1e-15
0.0329869
0.0114587
0.0669111
0.0396504
0.0405514
0.0329887
1e-15
0.0226711
0.0570789
1e-15
1e-15
1e-15
1e-15
1e-15
0.0214214
0.0200236
0.0131237
0.0188616
0.0122889
0.0129386
0.00933116
0.0123393
0.00829261
0.00845807
0.00865258
0.00891136
0.0213801
0.0303292
0.0201587
0.0122169
0.0088786
0.0118323
0.00862743
0.0301859
0.0215533
0.0321888
0.0238707
0.0168046
0.0362263
0.0637433
0.0233951
0.0187219
0.0244029
0.0434277
1e-15
1e-15
1e-15
0.00973805
1e-15
1e-15
1e-15
1e-15
1e-15
0.00709028
1e-15
0.0018147
0.00191056
0.0158326
0.0164088
0.0152682
0.0103489
0.014569
0.00965003
0.0100185
0.00706582
0.00982433
0.00895967
0.00892029
0.00896674
0.00877295
0.0166454
0.0226463
0.015443
0.0109203
0.0081119
0.0107434
0.0080067
0.0259807
0.0162577
0.0235546
0.017356
0.0191412
0.00803333
0.0117507
0.00788536
0.00879327
0.00899247
0.0111985
0.0214838
0.0190652
0.0180864
0.011514
0.017167
0.0105676
0.00878609
0.00792965
0.011114
0.00881488
0.00892004
0.00828501
0.0112091
0.00874869
0.0120348
0.011027
0.00744491
0.0100757
0.00707578
0.0106907
0.0075992
0.0106597
0.00845447
0.00852539
0.00833339
0.00824407
0.0117134
0.0151338
0.0104802
0.0104882
0.00778957
0.0105028
0.00775404
0.0165597
0.0105439
0.014273
0.00998673
0.0114271
0.00764885
0.0110181
0.00763224
0.00863285
0.00864387
0.0110466
0.0127255
0.0110094
0.0115949
0.00790202
0.0113242
0.00783514
0.00865663
0.00772567
0.0109253
0.00862162
0.00863406
0.00765726
0.0109685
0.00837315
0.00805833
0.0081044
0.00773107
0.0106102
0.00768331
0.0107667
0.0074801
0.010852
0.00849037
0.00844582
0.00817855
0.00818819
0.00785758
0.0108847
0.00749617
0.010674
0.00768893
0.0107744
0.00768067
0.0112561
0.00760111
0.0111307
0.00863851
0.00869563
0.00759916
0.0111408
0.00759909
0.0087463
0.00871049
0.0111991
0.00849709
0.00838481
0.0107679
0.00766425
0.0107047
0.00764
0.00865615
0.00752697
0.0111378
0.00869451
0.00867657
0.00751781
0.0111929
0.00839807
0.00844297
0.00845865
0.00760041
0.0111908
0.00759161
0.0111208
0.00751621
0.0112008
0.00870821
0.00865034
0.00830855
0.00834007
0.00765866
0.0114057
0.0076576
0.011076
0.00768136
0.0111667
0.00768513
0.0112088
0.00759443
0.0112901
0.0087714
0.00870913
0.00761555
0.0113728
0.00762421
0.00883006
0.00881365
0.0114246
0.00840955
0.00844824
0.0108538
0.00760906
0.0109279
0.00761081
0.00872785
0.00752065
0.0112944
0.00876838
0.00874298
0.00752582
0.0113253
0.00845423
0.00848919
0.00848527
0.00759744
0.0114667
0.00760512
0.0114168
0.0075704
0.011469
0.00885965
0.00882694
0.00846289
0.0084858
0.00766366
0.0115836
0.0076674
0.0114272
0.00770221
0.0114979
0.00770198
0.0115157
0.00763243
0.0115635
0.00892671
0.00889305
0.00766949
0.0115583
0.00768285
0.00889485
0.00887518
0.0115798
0.00861797
0.00861378
0.0112004
0.00762634
0.0112669
0.00763057
0.00881632
0.00755567
0.0114524
0.00886576
0.00883577
0.0075636
0.011484
0.00847211
0.00851469
0.00852005
0.00763822
0.011543
0.00764673
0.0116007
0.00760845
0.0116245
0.00894269
0.0089247
0.00855847
0.0085779
0.0076716
0.011721
0.00767272
0.0116916
0.00770795
0.0117288
0.00770634
0.0116857
0.00765502
0.01171
0.00899103
0.00897299
0.00772682
0.0116257
0.007732
0.00894865
0.00893762
0.011631
0.00864883
0.00863065
0.0114776
0.00764588
0.0115147
0.00764628
0.00891035
0.00759526
0.0115874
0.00894972
0.00892555
0.00760071
0.0116082
0.00853202
0.00857599
0.00859767
0.0076703
0.0116
0.00767357
0.0116965
0.00763243
0.0117106
0.00898367
0.00897565
0.00864205
0.00866053
0.0076791
0.0118033
0.0076831
0.0117997
0.00771657
0.0118089
0.0077171
0.0117947
0.00768842
0.011817
0.00903287
0.00902094
0.00774113
0.0116889
0.00773994
0.00899541
0.00897462
0.0117074
0.00864167
0.00863137
0.0116212
0.00765589
0.0116402
0.00765455
0.00898506
0.00762323
0.0116838
0.00901883
0.00900002
0.00762776
0.0117001
0.00862522
0.00868095
0.00870584
0.00768538
0.0117215
0.00768829
0.0117721
0.00765184
0.0117925
0.00901946
0.00900904
0.00869675
0.00869905
0.00770243
0.0118918
0.00770972
0.0118499
0.00773317
0.0118623
0.00774006
0.0118989
0.00771816
0.0119235
0.00907755
0.00906469
0.00774379
0.0118123
0.00774549
0.00910719
0.0090734
0.0118494
0.0086267
0.00861656
0.0117342
0.00766378
0.0117633
0.00766561
0.00905022
0.00765324
0.0117614
0.00907905
0.00906466
0.00766205
0.0117697
0.00871245
0.00877959
0.0088049
0.00769919
0.0118926
0.00770381
0.0118819
0.00768511
0.0119149
0.00906922
0.00905608
0.0087109
0.00871444
0.00774027
0.0120303
0.00775288
0.0119196
0.00777684
0.0119407
0.00779007
0.0120133
0.00774361
0.0120441
0.00913056
0.00911649
0.00776157
0.0119827
0.00776877
0.00920867
0.0091855
0.0120258
0.00861943
0.00862642
0.011879
0.00768744
0.0119184
0.00769545
0.00911235
0.00769874
0.0118406
0.0091497
0.00913305
0.00771123
0.0118655
0.00879429
0.00887048
0.00889089
0.00772095
0.0120703
0.00772871
0.0120256
0.00773797
0.0120653
0.00913159
0.00911583
0.00875336
0.00877062
0.00779224
0.0121794
0.00780525
0.0120406
0.00783237
0.012074
0.00784573
0.0121385
0.00778305
0.0121728
0.00920365
0.00918556
0.0078004
0.0121456
0.00781146
0.00928871
0.00927085
0.0121861
0.00867442
0.00869876
0.0120341
0.007726
0.0120731
0.00773534
0.00918749
0.00774861
0.0119726
0.00922491
0.00920908
0.00776126
0.0120032
0.00886936
0.00895789
0.00898249
0.00775531
0.0122284
0.00776682
0.0121794
0.00778813
0.0122201
0.00921391
0.00919204
0.00883934
0.00886505
0.00784362
0.012327
0.00785646
0.0121899
0.00788146
0.0122273
0.00789302
0.012276
0.00783119
0.0123156
0.00928734
0.00926903
0.00784762
0.012302
0.00786002
0.00935738
0.00934343
0.0123443
0.00877174
0.00879955
0.012185
0.00776311
0.0122258
0.0077732
0.00926391
0.00779688
0.0121113
0.00930502
0.00928582
0.00780945
0.0121443
0.00894875
0.00904285
0.00905695
0.00780257
0.0123829
0.00781492
0.0123346
0.0078367
0.0123767
0.00931148
0.009289
0.00893687
0.00895784
0.0078906
0.0124909
0.00790221
0.0123633
0.00792459
0.0124083
0.00793437
0.012432
0.00789085
0.0124784
0.00935753
0.00934165
0.00789777
0.0124615
0.00791125
0.00943092
0.00941364
0.012505
0.00887027
0.00889231
0.0123428
0.0078095
0.0123871
0.00782489
0.00934648
0.00784448
0.0122653
0.00939013
0.00936547
0.00785809
0.0123051
0.00905633
0.00910455
0.00912077
0.00785
0.01255
0.0078627
0.0125021
0.00788807
0.0125465
0.00940754
0.00938396
0.00901091
0.00903042
0.00794162
0.0126616
0.00795578
0.0125812
0.00796529
0.0126375
0.00797864
0.0126177
0.00794601
0.0126675
0.00943703
0.00941549
0.0079531
0.0126351
0.00796579
0.00952456
0.00950435
0.0126825
0.00894463
0.00896357
0.0125193
0.00787303
0.0125661
0.00788847
0.00943547
0.00790109
0.0124326
0.0094802
0.00945507
0.00791666
0.0124692
0.00914046
0.00917746
0.00919776
0.00790427
0.0127153
0.00792107
0.0126724
0.00793723
0.0127134
0.00951391
0.00948662
0.00910739
0.00914199
0.00799798
0.0128311
0.00801124
0.0128008
0.00801273
0.0128419
0.00802497
0.0128043
0.0079977
0.0128497
0.00954213
0.00951537
0.00800836
0.0128208
0.00802063
0.00961211
0.00959647
0.0128649
0.00902853
0.00905619
0.0126945
0.00793237
0.012733
0.00794528
0.00952164
0.00795713
0.012597
0.00955563
0.00953561
0.00796879
0.0126357
0.00922313
0.00925128
0.00926405
0.00796816
0.0128431
0.0079833
0.0128214
0.00797865
0.0128554
0.00962278
0.00959843
0.00925699
0.00929045
0.00804914
0.0129869
0.00805981
0.0129623
0.00805024
0.0129921
0.00805869
0.0129661
0.00804761
0.0129997
0.0096585
0.00963215
0.00805701
0.0129778
0.00806595
0.00966976
0.0096628
0.0130134
0.00914165
0.00917456
0.01284
0.00797895
0.0128732
0.00798847
0.00958246
0.00799657
0.0127624
0.00960962
0.00959129
0.008005
0.012798
0.00930501
0.00928404
0.00928728
0.00801812
0.0129343
0.00802812
0.0129449
0.00801251
0.0129754
0.00970428
0.00968728
0.00935211
0.00935911
0.00809121
0.0131238
0.00809966
0.0130811
0.00807937
0.0131041
0.00808693
0.0130966
0.00809962
0.0131185
0.00974912
0.00972781
0.0080914
0.0130994
0.00809762
0.00971953
0.00971094
0.0131279
0.00926613
0.00930068
0.0129677
0.00801449
0.0129973
0.00802201
0.00963926
0.00802888
0.0129075
0.00966792
0.00964974
0.0080364
0.0129362
0.00934785
0.00932154
0.0093409
0.00805204
0.0130331
0.00805981
0.013056
0.00804161
0.0130832
0.00975904
0.0097432
0.00936935
0.00937797
0.00812534
0.0132315
0.00813051
0.0131894
0.0081062
0.0132167
0.00811426
0.0132019
0.00813784
0.0132211
0.00980278
0.00978542
0.0081184
0.013198
0.00812415
0.0097788
0.00976555
0.0132156
0.00938566
0.00941281
0.0130701
0.00804356
0.0130904
0.00804974
0.00969204
0.00805177
0.0130311
0.0097147
0.00969842
0.00805494
0.0130567
0.00939079
0.00941788
0.00943909
0.00808447
0.0131191
0.00809224
0.0131528
0.00807156
0.0131757
0.00980198
0.00978542
0.00940364
0.00941589
0.00814761
0.0133136
0.00815071
0.0132888
0.00813703
0.0133113
0.00814465
0.0132863
0.00816471
0.0132919
0.00983616
0.00982113
0.0081489
0.0132768
0.0081587
0.00983218
0.00981772
0.0132857
0.00945294
0.00945783
0.0131531
0.00806979
0.0131704
0.00807589
0.00973719
0.00806066
0.0131389
0.00976154
0.00974387
0.00806276
0.0131632
0.00944487
0.00947714
0.0094844
0.00811876
0.0131849
0.0081264
0.0132449
0.00810353
0.013267
0.00985059
0.00982968
0.009451
0.00946661
0.00816377
0.0133928
0.00816968
0.0133844
0.00816912
0.0134109
0.00817669
0.0133428
0.00819081
0.0133612
0.00987438
0.00985326
0.00818808
0.0133439
0.00819568
0.00988276
0.00986629
0.0133592
0.00947686
0.00948437
0.0132415
0.00809543
0.0132632
0.00810191
0.00978956
0.00807778
0.0132317
0.00982285
0.00980126
0.00808481
0.013256
0.00946839
0.00951768
0.0095282
0.00814922
0.0133214
0.00815429
0.0133521
0.00814184
0.013375
0.00991245
0.00989098
0.00951556
0.00953413
0.00820122
0.0135138
0.00821222
0.0134962
0.00820157
0.0135258
0.00820919
0.0134781
0.00822098
0.0135115
0.00994564
0.00991922
0.0082239
0.0134509
0.00823111
0.00994004
0.00992141
0.0134792
0.00952232
0.00953685
0.0133489
0.00812655
0.0133779
0.00813353
0.009859
0.00811562
0.0133419
0.00989274
0.00987568
0.00812627
0.0133722
0.00950357
0.00956143
0.00956738
0.00816821
0.0134704
0.00817318
0.0134629
0.00817629
0.0134827
0.00996626
0.0099469
0.00958732
0.00960102
0.00824512
0.0136384
0.00825215
0.0136167
0.00823738
0.0136442
0.0082457
0.0136195
0.00824913
0.0136433
0.010007
0.00998761
0.00825775
0.0135884
0.00826449
0.00999314
0.00997422
0.0136171
0.00958098
0.00959665
0.0134629
0.00815762
0.0134894
0.00816391
0.0099206
0.00815986
0.0134642
0.00994489
0.0099345
0.00816897
0.0134895
0.00953994
0.00959845
0.00960738
0.00819338
0.0135847
0.00820078
0.0135649
0.00820718
0.0135837
0.0100095
0.0099911
0.00962974
0.00963051
0.00827352
0.0137368
0.00827923
0.0137309
0.00827693
0.0137543
0.00828478
0.0137219
0.00827453
0.0137421
0.0100497
0.0100321
0.00828755
0.0137229
0.00829324
0.0100464
0.010027
0.0137496
0.00963096
0.00963684
0.013566
0.0081868
0.0135901
0.00819296
0.00997087
0.0081956
0.0135695
0.00999706
0.00998478
0.0082015
0.01359
0.00959161
0.00965349
0.00967307
0.00822718
0.0136966
0.00823335
0.0136698
0.00823593
0.0136918
0.010047
0.0100305
0.00962703
0.00962056
0.00829855
0.0138302
0.00830629
0.0138318
0.0083093
0.0138553
0.00831454
0.013822
0.00831335
0.0138435
0.0100954
0.0100754
0.00831016
0.0138314
0.00831523
0.0101018
0.0100869
0.0138508
0.00963224
0.00962856
0.0136642
0.00821339
0.0136869
0.00822008
0.0100213
0.00821676
0.0136595
0.0100406
0.0100279
0.00822203
0.0136797
0.00967684
0.0097212
0.00971682
0.00825356
0.0137813
0.00825723
0.013765
0.00825464
0.0137784
0.0100747
0.0100598
0.0096268
0.00963239
0.00833198
0.0139352
0.00833885
0.0139181
0.00832697
0.0139362
0.00832819
0.0139149
0.00835013
0.0139254
0.0101434
0.0101239
0.0083297
0.0139111
0.00833562
0.0101283
0.0101264
0.0139289
0.00962924
0.00963815
0.013758
0.00824547
0.0137785
0.00825283
0.0100602
0.00824668
0.0137521
0.0100801
0.0100642
0.00825562
0.0137699
0.00968772
0.0096898
0.00968756
0.00826892
0.0138426
0.0082719
0.0138331
0.00827001
0.0138458
0.010108
0.0100929
0.00966372
0.00967268
0.00835686
0.0140064
0.00836066
0.0139866
0.0083401
0.0140015
0.00834587
0.0139857
0.00837298
0.0139912
0.0101743
0.0101617
0.00835156
0.0139831
0.00835532
0.0101432
0.0101422
0.0139984
0.00967503
0.00969104
0.0138332
0.00827161
0.0138454
0.00827403
0.0100959
0.00827953
0.0138216
0.0101035
0.0100947
0.00828491
0.0138232
0.00967011
0.00970327
0.00970924
0.00828154
0.0138735
0.00828314
0.0138798
0.00828383
0.0138838
0.0101301
0.0101208
0.00969403
0.00969613
0.00836835
0.0140109
0.00836978
0.0140355
0.00836241
0.0140407
0.00836512
0.0140225
0.00837725
0.0140176
0.0101759
0.0101699
0.00836256
0.0140184
0.00836332
0.0101513
0.0101548
0.0140224
0.00973219
0.00974541
0.0138627
0.00828052
0.0138654
0.00828038
0.0101042
0.00829476
0.0138322
0.0101011
0.0100983
0.00829696
0.0138231
0.00970257
0.00970494
0.00969515
0.00828552
0.0138778
0.0082859
0.0138879
0.00828561
0.013887
0.0101345
0.010128
0.00969668
0.00969625
0.00837373
0.0139939
0.00837494
0.0140436
0.00836932
0.0140398
0.0083716
0.0140205
0.00837374
0.0140175
0.0101746
0.0101658
0.0083621
0.0140128
0.00836014
0.0101467
0.0101508
0.0140091
0.00976186
0.00976346
0.0138629
0.00828254
0.0138636
0.008282
0.0100974
0.00829883
0.013817
0.0100965
0.0100919
0.00829998
0.01381
0.0097202
0.00966133
0.00965355
0.00828669
0.0138731
0.00828671
0.0138844
0.00828488
0.0138852
0.0101404
0.0101313
0.00969881
0.00970127
0.00837844
0.0140001
0.008379
0.0140292
0.00837418
0.0140217
0.00837541
0.0140391
0.00837707
0.014039
0.0101878
0.0101779
0.00835655
0.0139992
0.00835658
0.0101443
0.0101482
0.0139985
0.00975359
0.00975335
0.0138608
0.00828283
0.0138618
0.00828222
0.0100984
0.00829839
0.0138151
0.0101022
0.0100955
0.00829888
0.013812
0.00972178
0.00965499
0.00966365
0.00828669
0.013887
0.00828738
0.0138896
0.00828798
0.0138935
0.0101552
0.0101456
0.00971694
0.00972156
0.00838098
0.0140273
0.0083809
0.0140333
0.00837493
0.0140304
0.00837498
0.0140522
0.00838371
0.014046
0.0101954
0.0101873
0.00836204
0.0140022
0.0083651
0.0101457
0.0101483
0.0140067
0.00976771
0.00977878
0.013868
0.00828574
0.013873
0.00828615
0.0101038
0.00829968
0.013825
0.0101062
0.0100996
0.00830155
0.0138235
0.00973346
0.00968894
0.00970219
0.00829212
0.0139116
0.00829499
0.0139058
0.00829431
0.0139138
0.0101706
0.0101595
0.00974113
0.00974981
0.00838428
0.0140531
0.00838723
0.0140408
0.00837566
0.0140401
0.00837773
0.0140624
0.00838456
0.0140678
0.0102077
0.0101978
0.0083724
0.0140193
0.0083752
0.0101613
0.0101585
0.01403
0.00980102
0.00979962
0.013888
0.0082921
0.0138978
0.00829376
0.0101149
0.00830479
0.0138509
0.0101325
0.0101173
0.00830797
0.0138579
0.00974479
0.00974373
0.00976095
0.00830809
0.0139826
0.00831566
0.0139541
0.00831463
0.0139797
0.0102153
0.0101973
0.00979518
0.00981745
0.00839804
0.0141264
0.00840553
0.0140954
0.00839351
0.0141179
0.00840292
0.0141112
0.00840178
0.0141223
0.0102486
0.0102306
0.00838901
0.0140837
0.00839679
0.0102149
0.0102015
0.0141116
0.00980389
0.00980914
0.0139442
0.00830883
0.0139717
0.00831573
0.0101585
0.00832046
0.0139218
0.0101922
0.0101685
0.00832908
0.0139406
0.00979874
0.00981087
0.00982336
0.00834698
0.0141317
0.00836066
0.014085
0.00836215
0.0141312
0.0102949
0.0102736
0.00989224
0.00991783
0.00843997
0.0142811
0.00845345
0.0142465
0.0084364
0.0142926
0.00845027
0.0142302
0.00845004
0.0142683
0.0103329
0.0103069
0.00843482
0.01423
0.00844933
0.0103067
0.010286
0.0142826
0.00986162
0.00988841
0.0140798
0.00834892
0.0141256
0.00836138
0.0102329
0.00836154
0.0140487
0.0102782
0.0102498
0.00837577
0.0140863
0.00989538
0.00986384
0.00987835
0.0084055
0.0143202
0.00842173
0.0142746
0.00842346
0.0143259
0.0104026
0.0103706
0.00998669
0.0100096
0.00849808
0.0144845
0.00851354
0.0144496
0.00849518
0.014502
0.00851112
0.0144253
0.00851587
0.0144699
0.0104378
0.010405
0.00849714
0.0144362
0.00851297
0.0104085
0.0103864
0.0144929
0.00997499
0.0100036
0.0142672
0.0084058
0.0143186
0.00842053
0.0103251
0.00841873
0.0142449
0.0103717
0.0103427
0.00843506
0.0142928
0.00997065
0.0099477
0.00997419
0.00847249
0.0145326
0.0084887
0.0144866
0.00850187
0.0145266
0.0105311
0.0104898
0.0100776
0.0101084
0.00856091
0.0147049
0.00857855
0.0146685
0.0085614
0.0147231
0.00858237
0.0146268
0.00859345
0.0146654
0.010531
0.0105002
0.00856338
0.0146636
0.00858058
0.010551
0.0105096
0.0147195
0.0100724
0.0100905
0.0144715
0.00846917
0.0145294
0.00848557
0.010421
0.0084882
0.014451
0.010483
0.0104438
0.00851065
0.0144879
0.0100756
0.0100624
0.0100848
0.00853996
0.0147739
0.00855689
0.0146383
0.00861239
0.014661
0.0107405
0.010672
0.0102506
0.0103193
0.00863608
0.0149366
0.00865881
0.0148959
0.00864675
0.0149455
0.00867319
0.0148444
0.00866932
0.0149092
0.0106071
0.0105794
0.00864421
0.0149021
0.00866454
0.0107725
0.0107066
0.0149638
0.0101456
0.0101607
0.0147125
0.00853831
0.0147804
0.00855584
0.0105757
0.00858856
0.0145913
0.0107107
0.0106361
0.00861884
0.0146134
0.0103102
0.0101775
0.0102055
0.00860784
0.0149915
0.00861974
0.0148551
0.00870322
0.0149579
0.0110772
0.0109891
0.0105849
0.0106833
0.00870127
0.01516
0.00870686
0.0151782
0.00872269
0.0152598
0.00872736
0.0151368
0.00871018
0.0151925
0.0106339
0.0106251
0.00871176
0.0151903
0.0087173
0.011096
0.0110126
0.0152518
0.0102426
0.0102682
0.0149745
0.00860968
0.0150199
0.00862254
0.0108841
0.00869573
0.0148146
0.0110632
0.0109754
0.0087115
0.0149228
0.0106831
0.010284
0.0102806
0.00862433
0.0148278
0.00863404
0.0151787
0.00870648
0.0150991
0.0109693
0.0110892
0.0108163
0.0107218
0.00869082
0.0148565
0.00867696
0.0152728
0.00870647
0.0151516
0.00870707
0.0150838
0.00866689
0.0149112
0.0103717
0.0104773
0.00871102
0.0152339
0.0087112
0.0109937
0.0111259
0.0151167
0.010327
0.010312
0.0149694
0.00862904
0.0148652
0.00863837
0.0111554
0.00870503
0.0151712
0.0109661
0.0110866
0.00871241
0.015096
0.0107265
1e-15
1e-15
1e-15
1e-15
1e-15
1e-15
1e-15
1e-15
1e-15
1e-15
1e-15
1e-15
1e-15
1e-15
1e-15
1e-15
1e-15
1e-15
1e-15
1e-15
1e-15
1e-15
1e-15
1e-15
1e-15
1e-15
1e-15
1e-15
1e-15
1e-15
1e-15
1e-15
1e-15
1e-15
1e-15
1e-15
1e-15
1e-15
1e-15
1e-15
1e-15
1e-15
1e-15
1e-15
1e-15
1e-15
1e-15
1e-15
1e-15
1e-15
1e-15
1e-15
1e-15
1e-15
1e-15
1e-15
1e-15
1e-15
1e-15
1e-15
1e-15
1e-15
1e-15
1e-15
1e-15
1e-15
1e-15
1e-15
1e-15
1e-15
1e-15
1e-15
1e-15
1e-15
1e-15
1e-15
1e-15
1e-15
1e-15
1e-15
1e-15
1e-15
1e-15
1e-15
1e-15
1e-15
1e-15
1e-15
1e-15
1e-15
1e-15
1e-15
1e-15
1e-15
1e-15
1e-15
1e-15
1e-15
1e-15
1e-15
1e-15
1e-15
1e-15
1e-15
1e-15
1e-15
1e-15
1e-15
1e-15
1e-15
1e-15
1e-15
1e-15
1e-15
1e-15
1e-15
1e-15
1e-15
1e-15
1e-15
1e-15
1e-15
1e-15
1e-15
1e-15
1e-15
1e-15
1e-15
1e-15
1e-15
1e-15
1e-15
1e-15
1e-15
1e-15
1e-15
1e-15
1e-15
1e-15
1e-15
1e-15
1e-15
1e-15
1e-15
1e-15
1e-15
1e-15
1e-15
1e-15
1e-15
1e-15
1e-15
1e-15
1e-15
1e-15
1e-15
1e-15
1e-15
1e-15
1e-15
1e-15
1e-15
1e-15
1e-15
1e-15
1e-15
1e-15
1e-15
1e-15
1e-15
1e-15
1e-15
1e-15
1e-15
1e-15
1e-15
1e-15
1e-15
1e-15
1e-15
0.0167847
0.0164674
0.0167767
0.0164605
1e-15
1e-15
1e-15
1e-15
1e-15
1e-15
1e-15
1e-15
1e-15
1e-15
1e-15
1e-15
1e-15
1e-15
1e-15
1e-15
1e-15
1e-15
1e-15
1e-15
1e-15
1e-15
1e-15
1e-15
1e-15
1e-15
1e-15
1e-15
1e-15
1e-15
1e-15
1e-15
1e-15
1e-15
1e-15
1e-15
1e-15
1e-15
1e-15
1e-15
1e-15
1e-15
1e-15
1e-15
1e-15
1e-15
1e-15
1e-15
1e-15
1e-15
1e-15
1e-15
1e-15
1e-15
1e-15
1e-15
1e-15
1e-15
1e-15
1e-15
1e-15
1e-15
1e-15
1e-15
1e-15
1e-15
1e-15
1e-15
1e-15
1e-15
1e-15
1e-15
1e-15
1e-15
1e-15
1e-15
1e-15
1e-15
1e-15
1e-15
1e-15
1e-15
1e-15
1e-15
1e-15
1e-15
1e-15
1e-15
1e-15
1e-15
1e-15
1e-15
1e-15
1e-15
1e-15
1e-15
1e-15
1e-15
1e-15
1e-15
1e-15
1e-15
1e-15
1e-15
1e-15
1e-15
1e-15
1e-15
1e-15
1e-15
1e-15
1e-15
1e-15
1e-15
1e-15
1e-15
1e-15
1e-15
1e-15
1e-15
1e-15
1e-15
1e-15
0.0118651
0.0125729
0.0130247
0.0124537
0.0169075
0.0151172
0.0139803
0.0179929
0.011972
0.012704
0.0131793
0.0125869
0.0172626
0.015375
0.0142117
0.0182544
0.0117182
0.0125691
0.0133039
0.01236
0.015637
0.0162222
0.00989937
0.0119813
0.0128101
0.0135668
0.0126432
0.0159175
0.0164414
0.0102548
0.0116452
0.0125808
0.013288
0.0123463
0.0162184
0.00986323
0.0118821
0.0128129
0.0135644
0.0125998
0.0164343
0.0102493
0.0118753
0.0125835
0.0130365
0.0124654
0.0169211
0.0151259
0.013989
0.0180055
0.0119811
0.0127126
0.0131889
0.0125978
0.0172725
0.0153831
0.0142189
0.0182647
0.0142865
0.0176734
0.0166341
0.0127739
0.012871
0.0110492
0.0156239
0.0114161
0.0146982
0.0110303
0.0156209
0.0114127
0.0143013
0.0166335
0.0127753
0.0128737
1e-15
1e-15
1e-15
1e-15
1e-15
1e-15
1e-15
1e-15
1e-15
1e-15
1e-15
1e-15
1e-15
0.00864361
0.0208931
0.0286959
0.0128564
0.0026303
0.0103817
0.0203221
0.00838014
0.0166685
0.00638235
0.0121412
0.00703242
0.00775281
0.00695433
0.0069344
0.00698015
0.00695526
0.00701175
0.00698642
0.00703598
0.00700546
0.00705373
0.00701807
0.00707328
0.00703796
0.00710048
0.00707678
0.00713652
0.00710875
0.00717823
0.00714726
0.0072183
0.00717878
0.0072618
0.00722462
0.00730646
0.00726903
0.0073406
0.00730659
0.00736764
0.00733833
0.00738928
0.00735388
0.00741042
0.00736965
0.00743537
0.00739437
0.00746275
0.0074307
0.00748678
0.0074539
0.00751133
0.00746197
0.00753537
0.00748694
0.00755234
0.00751342
0.00756402
0.00751717
0.00756785
0.00751929
0.00756792
0.00752106
0.00756891
0.00752423
0.00757199
0.00752808
0.00758197
0.00753659
0.00760921
0.00757423
0.00765225
0.00761749
0.00770261
0.00766758
0.00775969
0.00771337
0.00782032
0.00776739
0.00786616
0.00780856
0.00800022
0.00784137
1e-15
1e-15
1e-15
1e-15
1e-15
1e-15
1e-15
1e-15
1e-15
1e-15
1e-15
1e-15
1e-15
1e-15
1e-15
1e-15
1e-15
1e-15
1e-15
1e-15
1e-15
1e-15
1e-15
1e-15
1e-15
1e-15
1e-15
1e-15
1e-15
1e-15
1e-15
1e-15
1e-15
1e-15
1e-15
0.0079425
0.00784378
0.00793684
0.00793341
0.00794779
0.00800548
1e-15
1e-15
1e-15
1e-15
1e-15
1e-15
1e-15
1e-15
1e-15
1e-15
1e-15
1e-15
1e-15
1e-15
1e-15
1e-15
1e-15
1e-15
1e-15
1e-15
1e-15
1e-15
1e-15
1e-15
1e-15
1e-15
1e-15
1e-15
1e-15
1e-15
1e-15
1e-15
1e-15
1e-15
1e-15
1e-15
1e-15
1e-15
1e-15
1e-15
1e-15
1e-15
1e-15
1e-15
1e-15
1e-15
1e-15
1e-15
1e-15
1e-15
1e-15
1e-15
1e-15
1e-15
1e-15
1e-15
1e-15
1e-15
1e-15
1e-15
1e-15
1e-15
1e-15
1e-15
1e-15
1e-15
1e-15
1e-15
1e-15
1e-15
1e-15
1e-15
1e-15
1e-15
1e-15
1e-15
1e-15
1e-15
1e-15
1e-15
1e-15
1e-15
1e-15
1e-15
1e-15
1e-15
1e-15
1e-15
1e-15
1e-15
1e-15
1e-15
1e-15
1e-15
1e-15
1e-15
1e-15
1e-15
1e-15
1e-15
1e-15
1e-15
1e-15
1e-15
1e-15
1e-15
1e-15
1e-15
1e-15
1e-15
1e-15
1e-15
1e-15
1e-15
1e-15
1e-15
1e-15
1e-15
1e-15
1e-15
1e-15
1e-15
1e-15
1e-15
1e-15
1e-15
1e-15
1e-15
1e-15
1e-15
1e-15
1e-15
1e-15
1e-15
1e-15
1e-15
1e-15
1e-15
1e-15
1e-15
1e-15
1e-15
1e-15
1e-15
1e-15
1e-15
1e-15
1e-15
1e-15
1e-15
1e-15
1e-15
1e-15
1e-15
1e-15
1e-15
1e-15
1e-15
1e-15
1e-15
1e-15
1e-15
1e-15
1e-15
0.0134884
1e-15
1e-15
1e-15
1e-15
1e-15
1e-15
1e-15
1e-15
1e-15
0.0280276
0.0219701
0.0276082
0.0259823
0.0284702
1e-15
1e-15
0.0303286
1e-15
1e-15
1e-15
1e-15
1e-15
1e-15
0.019021
0.0153409
0.0136774
0.0238184
0.00197256
1e-15
1e-15
0.0101546
1e-15
1e-15
1e-15
1e-15
1e-15
1e-15
0.0143885
0.0122337
0.0110049
0.0030719
0.0213428
1e-15
0.0307866
0.0194209
1e-15
0.0286909
0.02606
0.0222522
0.0186124
1e-15
0.0115
0.00980825
0.00889409
0.0204928
0.0174373
0.0167849
0.00753423
0.0177898
0.0307318
0.00750639
0.0160658
0.00288231
1e-15
0.00730464
0.00920464
0.00768057
0.00667368
0.0163742
0.0131567
0.00738912
0.00711969
0.0133376
0.00737093
0.00706853
0.00427905
0.00765273
0.00567526
0.00739558
0.00673226
0.00708531
0.00709074
0.0120078
0.00861583
0.00707839
0.00698292
0.00863273
0.00703
0.00694533
0.00729286
0.00707858
0.00722073
0.00702175
0.00712352
0.00699231
0.00695615
0.00776941
0.00690718
0.00696576
0.00694814
0.00692384
0.0069367
0.00692993
0.00704301
0.00698173
0.00699546
0.00696482
0.00698014
0.00698657
0.00697358
0.006943
0.00696053
0.00694981
0.00696913
0.00694244
0.00693222
0.0069575
0.0069765
0.00698606
0.00696446
0.00697992
0.0069921
0.00701772
0.00700744
0.00696009
0.00696671
0.00697432
0.00699831
0.00698311
0.00696323
0.0069894
0.00699094
0.00701901
0.00698331
0.00700748
0.00702155
0.00704129
0.00703397
0.00696761
0.00698021
0.00700032
0.00701614
0.00700274
0.00699273
0.00701014
0.00702267
0.00704091
0.00701001
0.00702916
0.00704282
0.00705706
0.00705141
0.00698418
0.0070119
0.00701693
0.0070289
0.00701498
0.0070106
0.00701964
0.0070411
0.0070539
0.00702972
0.00704385
0.00705915
0.00707647
0.00706878
0.0070171
0.00703754
0.00703067
0.00704827
0.00703295
0.00702091
0.00703573
0.00705489
0.00707246
0.00704611
0.00706539
0.00708228
0.00710725
0.00709297
0.00704399
0.00706155
0.00705376
0.00708017
0.0070682
0.00704164
0.00706715
0.00707767
0.00710495
0.00707156
0.007098
0.00711603
0.00714456
0.00712663
0.00706991
0.00710102
0.00708855
0.00711122
0.00709946
0.00707659
0.00711144
0.00711386
0.00714296
0.00710659
0.00713264
0.00715386
0.00718287
0.00716747
0.00711019
0.00713229
0.00712044
0.00715533
0.00714416
0.00712037
0.00714104
0.00715217
0.00718096
0.00714151
0.00716909
0.00719238
0.00722145
0.00720818
0.00714908
0.00718501
0.00715762
0.00718697
0.00716925
0.00715678
0.00718425
0.00719024
0.00722043
0.00717946
0.00721269
0.00723167
0.00726293
0.00725027
0.00719483
0.00721962
0.00719733
0.00723067
0.00721429
0.00719483
0.00722645
0.00723071
0.00726361
0.00722461
0.00725883
0.00727313
0.00730245
0.00729666
0.00722948
0.00725327
0.00724658
0.00727693
0.00726029
0.00723052
0.00726032
0.00727382
0.00730384
0.00726943
0.00729882
0.00731096
0.00733329
0.00733367
0.00726253
0.00728942
0.00728496
0.00730766
0.00729735
0.00726896
0.00729093
0.00731223
0.00733606
0.00730775
0.00733337
0.00733944
0.00735721
0.00736231
0.00729665
0.00731923
0.00731336
0.0073293
0.00733197
0.00729688
0.00731522
0.00734268
0.00736227
0.00734144
0.00736341
0.00736244
0.00737889
0.00738524
0.00732461
0.00734871
0.00733369
0.00734367
0.00734959
0.0073202
0.00734343
0.00736724
0.00738229
0.00736887
0.00738533
0.00738382
0.00740121
0.00740629
0.00735229
0.00736695
0.00734863
0.00736621
0.00736651
0.00734747
0.00736572
0.00738652
0.00740142
0.0073894
0.00740536
0.00740613
0.00742699
0.00743004
0.00737029
0.00738856
0.00737748
0.00739072
0.00738815
0.00736368
0.00739012
0.00740609
0.00742584
0.00740943
0.00742695
0.00743351
0.00745742
0.00745764
0.00739415
0.00741024
0.00740246
0.00742409
0.00742534
0.00738897
0.00741096
0.00743216
0.00745562
0.00743225
0.00745354
0.007463
0.00748403
0.00748227
0.00741622
0.00743525
0.00742896
0.00745099
0.00744967
0.00741667
0.00743859
0.00746125
0.00748323
0.00745908
0.00747876
0.0074884
0.00750771
0.0075066
0.00743953
0.00746246
0.00745587
0.00747519
0.00746401
0.00744358
0.00746452
0.00748798
0.00750563
0.0074837
0.00750161
0.00751168
0.00753028
0.0075313
0.00747394
0.00749425
0.00747922
0.00748834
0.00748218
0.00746895
0.00749142
0.00750923
0.0075244
0.00750625
0.00752523
0.00753386
0.00754547
0.00754961
0.00749922
0.00750368
0.00748464
0.00750499
0.00751753
0.0075016
0.00750511
0.00752909
0.00754699
0.00753043
0.00754858
0.00754752
0.00755637
0.00756246
0.00751433
0.00752441
0.00750784
0.00751904
0.00752379
0.00750893
0.00751994
0.00755054
0.00756097
0.00755166
0.00756231
0.0075589
0.00756465
0.00756838
0.00753212
0.00753352
0.00751424
0.00751777
0.00751969
0.00752901
0.00753316
0.00756192
0.00756537
0.00756325
0.00756661
0.00756465
0.00756305
0.00756875
0.00753272
0.00753379
0.00752464
0.00751663
0.00752133
0.00752584
0.00753367
0.00756499
0.00756633
0.0075663
0.00756792
0.00756186
0.00756179
0.00756891
0.00753347
0.00753631
0.0075158
0.00751733
0.0075239
0.0075333
0.00753423
0.00756572
0.0075671
0.00756747
0.0075684
0.00756261
0.00756693
0.00757172
0.00753653
0.00754024
0.00751806
0.00752808
0.00752771
0.00753413
0.00752946
0.00756731
0.00757061
0.00756853
0.00757167
0.00756828
0.00757607
0.00757917
0.00754063
0.007547
0.00752093
0.00754028
0.00753288
0.00753731
0.00753035
0.00757117
0.00757846
0.00757242
0.00757919
0.00757968
0.00759905
0.00760114
0.00754892
0.00755274
0.0075441
0.0075657
0.00756678
0.00753322
0.00755269
0.0075815
0.00760103
0.00758241
0.00760102
0.00760785
0.00763999
0.00764132
0.00756138
0.00759348
0.00756717
0.00760148
0.00760576
0.00756871
0.00760164
0.0076091
0.00764118
0.00760924
0.00764173
0.00765132
0.00768827
0.00768999
0.00760421
0.0076415
0.00761374
0.00765774
0.00765565
0.00761249
0.00764341
0.00765209
0.00768962
0.00765299
0.00769156
0.00770048
0.007742
0.00774535
0.00765336
0.0076926
0.00766951
0.00770316
0.00770842
0.00765547
0.00770129
0.00770163
0.00774219
0.00770404
0.00774642
0.00775534
0.00779678
0.00780522
0.00771351
0.00774844
0.00772276
0.00775757
0.00776166
0.00770786
0.00775533
0.00775526
0.00779653
0.00776054
0.00780588
0.0078101
0.00784566
0.00785935
0.00776915
0.0077953
0.00777719
0.00781
0.00780939
0.00776109
0.00779302
0.00780983
0.00784631
0.00782093
0.00786087
0.0078536
0.00787678
0.00791254
0.00779863
0.00780313
0.00781366
0.00785826
0.00778903
0.00779807
0.00784086
0.00785509
0.0078813
0.0078689
0.00791726
0.0145146
0.0102795
0.00892961
0.00817143
0.0102004
0.0142294
0.00872082
0.00795991
0.0107922
0.0105962
1e-15
1e-15
1e-15
1e-15
1e-15
1e-15
1e-15
1e-15
1e-15
1e-15
1e-15
1e-15
1e-15
1e-15
1e-15
1e-15
1e-15
1e-15
1e-15
1e-15
1e-15
1e-15
1e-15
1e-15
1e-15
1e-15
1e-15
1e-15
1e-15
1e-15
1e-15
1e-15
1e-15
1e-15
1e-15
1e-15
1e-15
1e-15
1e-15
1e-15
1e-15
1e-15
1e-15
1e-15
1e-15
1e-15
1e-15
1e-15
1e-15
1e-15
1e-15
1e-15
1e-15
1e-15
1e-15
1e-15
1e-15
1e-15
1e-15
1e-15
1e-15
1e-15
1e-15
1e-15
1e-15
1e-15
1e-15
1e-15
1e-15
1e-15
1e-15
1e-15
1e-15
1e-15
1e-15
1e-15
1e-15
1e-15
1e-15
1e-15
1e-15
1e-15
1e-15
1e-15
1e-15
1e-15
1e-15
1e-15
1e-15
1e-15
1e-15
1e-15
1e-15
1e-15
1e-15
1e-15
1e-15
1e-15
1e-15
1e-15
1e-15
1e-15
1e-15
1e-15
1e-15
1e-15
1e-15
1e-15
1e-15
1e-15
1e-15
1e-15
1e-15
1e-15
1e-15
1e-15
1e-15
1e-15
1e-15
1e-15
1e-15
1e-15
1e-15
1e-15
1e-15
1e-15
1e-15
1e-15
1e-15
1e-15
1e-15
1e-15
1e-15
1e-15
1e-15
1e-15
1e-15
1e-15
1e-15
1e-15
1e-15
1e-15
1e-15
1e-15
1e-15
1e-15
1e-15
1e-15
1e-15
1e-15
1e-15
1e-15
1e-15
1e-15
1e-15
1e-15
1e-15
1e-15
1e-15
1e-15
1e-15
1e-15
1e-15
1e-15
1e-15
1e-15
1e-15
1e-15
1e-15
1e-15
1e-15
1e-15
1e-15
1e-15
1e-15
1e-15
1e-15
1e-15
1e-15
1e-15
1e-15
1e-15
1e-15
1e-15
1e-15
1e-15
1e-15
1e-15
1e-15
1e-15
1e-15
1e-15
1e-15
1e-15
1e-15
1e-15
1e-15
1e-15
1e-15
1e-15
1e-15
1e-15
0.00996022
0.00994317
0.00961179
0.00966877
0.00880457
0.00808252
0.0086281
0.0166341
0.0172745
0.00819715
0.0146114
0.0107814
0.0105939
0.00831562
0.010117
0.017924
0.0168634
0.00944536
0.010164
0.00873586
0.00796971
0.00842253
0.0147168
0.0081041
0.0146399
0.00883421
0.00811533
0.00831536
0.0142639
0.00808799
0.00842203
0.00966681
0.00883387
0.00810932
0.0146264
0.00830591
0.0176667
0.0200763
0.00960957
0.0166534
0.01453
0.00880827
0.00808845
0.0166336
0.00820413
0.00893317
0.00817725
0.0146105
0.00832214
0.0179267
1e-15
1e-15
1e-15
1e-15
1e-15
1e-15
1e-15
1e-15
1e-15
1e-15
1e-15
1e-15
1e-15
1e-15
1e-15
1e-15
1e-15
1e-15
1e-15
1e-15
1e-15
1e-15
1e-15
1e-15
1e-15
1e-15
1e-15
1e-15
1e-15
1e-15
1e-15
1e-15
1e-15
1e-15
1e-15
1e-15
1e-15
1e-15
1e-15
1e-15
1e-15
1e-15
1e-15
1e-15
1e-15
1e-15
1e-15
1e-15
1e-15
1e-15
1e-15
1e-15
1e-15
1e-15
1e-15
1e-15
1e-15
1e-15
1e-15
1e-15
1e-15
1e-15
1e-15
1e-15
1e-15
1e-15
1e-15
1e-15
1e-15
1e-15
1e-15
1e-15
1e-15
1e-15
1e-15
1e-15
1e-15
1e-15
1e-15
1e-15
1e-15
1e-15
1e-15
1e-15
1e-15
1e-15
1e-15
1e-15
1e-15
1e-15
1e-15
1e-15
1e-15
1e-15
1e-15
1e-15
1e-15
1e-15
1e-15
1e-15
1e-15
1e-15
1e-15
1e-15
1e-15
1e-15
1e-15
1e-15
1e-15
1e-15
1e-15
1e-15
1e-15
1e-15
0.122471
0.0205563
1e-15
1e-15
0.121696
0.065723
1e-15
1e-15
1e-15
1e-15
1e-15
0.0538102
0.0392153
1e-15
0.023936
0.0756013
0.0403444
0.00590685
0.0204118
1e-15
1e-15
1e-15
0.0362918
0.0315046
0.0326242
0.0166281
0.0265086
0.0257813
0.0382746
0.0273515
1e-15
1e-15
1e-15
0.0279673
0.0253209
0.0124353
0.0122136
0.0386456
0.0310215
0.015824
0.00267569
1e-15
1e-15
1e-15
0.0213235
0.0197325
0.0102018
0.00992729
0.0344605
0.0249355
0.0187375
0.019885
0.0219028
1e-15
0.0261562
0.0166805
0.0155428
0.00833441
0.00803714
0.0264368
0.0191946
0.0189408
0.0155988
0.0122162
0.00885059
0.00949828
0.0125831
0.0118115
0.007072
0.00653199
0.0188185
0.0141043
0.0134564
0.010913
0.00872044
0.00872844
0.00865437
0.0101301
0.00808998
0.00750738
0.00698962
0.0124601
0.010027
0.00847592
0.00707161
0.00865447
0.00863785
0.00867865
0.0109135
0.00866843
0.00749126
0.00695834
0.0113306
0.00876553
0.00758132
0.00694297
0.00877267
0.00870891
0.00880165
0.011369
0.00884165
0.00754492
0.00699117
0.011499
0.00888775
0.00761483
0.00696345
0.0088421
0.00878679
0.00885896
0.0115158
0.00888908
0.00759156
0.00702186
0.0116566
0.00893876
0.00764468
0.00699343
0.00891098
0.00888338
0.00892727
0.0115672
0.00894286
0.00762184
0.00704321
0.0117689
0.00898111
0.00766927
0.00700598
0.00895417
0.00896401
0.00896546
0.0116503
0.00902261
0.00764186
0.00705939
0.0118416
0.00904443
0.00770421
0.00701688
0.00901514
0.00903413
0.00904626
0.011806
0.00909458
0.00766584
0.00707963
0.0119569
0.00912218
0.00772959
0.00703877
0.009134
0.00909651
0.00916264
0.0119828
0.00915657
0.00771082
0.00710888
0.0121076
0.00920222
0.00776175
0.00708008
0.00922989
0.00917151
0.00925003
0.012151
0.0092281
0.00776377
0.00714644
0.0122506
0.00927856
0.00780553
0.00711872
0.00930896
0.00924699
0.00932413
0.0123055
0.00930063
0.00781244
0.00718838
0.0124079
0.00935652
0.00786096
0.00715021
0.00937741
0.00932472
0.00939121
0.0124644
0.00938418
0.00786213
0.00722848
0.0125763
0.00943825
0.00791892
0.00718825
0.00945685
0.0094093
0.00947706
0.0126349
0.0094547
0.00791355
0.00727366
0.0127458
0.00952188
0.00797185
0.00722789
0.00955183
0.00949809
0.00957092
0.0127858
0.00954814
0.00795911
0.00731667
0.0129121
0.00960518
0.00802184
0.00727845
0.00963407
0.00956484
0.00964452
0.0128893
0.00964457
0.00799636
0.0073487
0.0130578
0.00968414
0.00807423
0.00731578
0.00968675
0.00961999
0.00969358
0.0129831
0.00970966
0.0080276
0.00737434
0.0131826
0.0097513
0.00812103
0.00734522
0.0097377
0.00967571
0.00974868
0.0130801
0.00976236
0.0080563
0.00739546
0.0132744
0.00979539
0.00815152
0.00735199
0.00979226
0.00972073
0.00980601
0.0131489
0.00980842
0.00808701
0.00741745
0.0133514
0.0098292
0.00817567
0.00736828
0.00984192
0.00977001
0.00985707
0.013244
0.00985425
0.00812251
0.0074439
0.0134489
0.00987826
0.00820494
0.00739658
0.00989316
0.009838
0.00991142
0.0134009
0.00989504
0.00816003
0.00747029
0.0135793
0.00993648
0.00823516
0.00743825
0.00994824
0.00990811
0.00996683
0.0135289
0.00994428
0.00819181
0.00749411
0.0136907
0.00998572
0.00826141
0.00745985
0.01
0.00995944
0.0100184
0.013642
0.010012
0.00822226
0.00751914
0.0137802
0.0100335
0.0082936
0.00746979
0.0100566
0.0100084
0.0100757
0.013743
0.0100736
0.00824701
0.00754148
0.0138837
0.010096
0.0083332
0.007494
0.0101119
0.0100452
0.0101193
0.0138146
0.0100807
0.00826204
0.00755648
0.0139771
0.0101377
0.00836332
0.00751148
0.0101343
0.0100828
0.0101352
0.013863
0.0101035
0.00827823
0.00756661
0.0140158
0.0101519
0.00837741
0.00751917
0.0101503
0.0100993
0.0101498
0.0138768
0.0101255
0.00828589
0.00756867
0.0140008
0.0101501
0.00837494
0.00752014
0.0101532
0.0100944
0.0101489
0.0138756
0.0101187
0.00828503
0.00756867
0.0139938
0.0101552
0.0083749
0.00752249
0.0101493
0.0100924
0.0101452
0.0138788
0.0101163
0.00828636
0.00757013
0.0140127
0.0101606
0.00838068
0.00752594
0.0101478
0.0100985
0.0101438
0.0138965
0.0101327
0.00829043
0.00757436
0.014041
0.0101704
0.00838481
0.00753645
0.010151
0.0101045
0.0101496
0.0139383
0.0101708
0.00830163
0.0075876
0.0140782
0.0101932
0.00839118
0.00754105
0.0101749
0.0101392
0.0101826
0.0140489
0.0102344
0.00833555
0.00761967
0.0141948
0.0102438
0.0084217
0.00758374
0.0102397
0.0102065
0.0102575
0.0142235
0.0103158
0.00839175
0.00766483
0.0143794
0.0103335
0.00848176
0.00763042
0.0103357
0.0102964
0.0103566
0.0144224
0.0103971
0.00845906
0.00771669
0.0145931
0.0104288
0.00855266
0.00767402
0.0104422
0.0103899
0.0104708
0.0146488
0.0105235
0.00855387
0.00777492
0.0148155
0.010508
0.00863231
0.00772835
0.0105968
0.0105197
0.0106498
0.014899
0.0107148
0.00866772
0.00783508
0.0150634
0.0105901
0.00869802
0.00777457
0.0108464
0.0107938
0.0109287
0.0149882
0.0108817
0.00870625
0.00786866
0.0151331
0.0106059
0.0086968
0.00780034
0.0111633
0.0111343
0.0111866
1e-15
1e-15
1e-15
1e-15
1e-15
1e-15
1e-15
1e-15
1e-15
1e-15
1e-15
1e-15
1e-15
1e-15
1e-15
1e-15
1e-15
1e-15
1e-15
1e-15
1e-15
1e-15
1e-15
1e-15
1e-15
1e-15
1e-15
1e-15
1e-15
1e-15
1e-15
1e-15
1e-15
1e-15
1e-15
1e-15
1e-15
1e-15
1e-15
1e-15
1e-15
1e-15
1e-15
1e-15
1e-15
1e-15
1e-15
1e-15
1e-15
1e-15
1e-15
1e-15
1e-15
1e-15
1e-15
1e-15
1e-15
1e-15
1e-15
1e-15
1e-15
1e-15
1e-15
1e-15
1e-15
1e-15
1e-15
1e-15
1e-15
1e-15
1e-15
1e-15
1e-15
1e-15
1e-15
1e-15
1e-15
1e-15
1e-15
1e-15
1e-15
1e-15
1e-15
1e-15
1e-15
1e-15
1e-15
1e-15
1e-15
1e-15
1e-15
1e-15
1e-15
1e-15
1e-15
1e-15
1e-15
1e-15
1e-15
1e-15
1e-15
1e-15
1e-15
1e-15
1e-15
1e-15
1e-15
1e-15
1e-15
1e-15
1e-15
1e-15
1e-15
1e-15
1e-15
1e-15
1e-15
1e-15
1e-15
1e-15
1e-15
1e-15
1e-15
1e-15
1e-15
1e-15
1e-15
1e-15
1e-15
1e-15
1e-15
1e-15
1e-15
1e-15
1e-15
1e-15
1e-15
1e-15
1e-15
1e-15
1e-15
1e-15
1e-15
1e-15
1e-15
1e-15
1e-15
1e-15
1e-15
1e-15
1e-15
1e-15
1e-15
1e-15
1e-15
1e-15
1e-15
1e-15
1e-15
1e-15
1e-15
1e-15
1e-15
1e-15
1e-15
1e-15
1e-15
1e-15
1e-15
1e-15
0.0674102
0.0305058
1e-15
1e-15
1e-15
1e-15
1e-15
1e-15
1e-15
1e-15
1e-15
1e-15
1e-15
1e-15
1e-15
1e-15
1e-15
1e-15
1e-15
0.132441
1e-15
0.00108682
1e-15
1e-15
1e-15
1e-15
1e-15
1e-15
1e-15
1e-15
1e-15
1e-15
1e-15
1e-15
1e-15
1e-15
1e-15
1e-15
1e-15
1e-15
1e-15
1e-15
1e-15
1e-15
1e-15
1e-15
1e-15
1e-15
1e-15
1e-15
1e-15
1e-15
1e-15
1e-15
0.0526396
0.0615696
0.0493854
0.0560902
1e-15
1e-15
0.0733971
0.0442805
0.0485418
1e-15
0.0410023
1e-15
1e-15
1e-15
1e-15
1e-15
0.00786468
1e-15
1e-15
0.0189385
1e-15
0.0886049
1e-15
0.0396852
1e-15
1e-15
1e-15
1e-15
1e-15
1e-15
0.0896499
1e-15
1e-15
1e-15
1e-15
0.143865
1e-15
1e-15
1e-15
1e-15
1e-15
1e-15
1e-15
1e-15
1e-15
1e-15
1e-15
1e-15
1e-15
1e-15
1e-15
1e-15
1e-15
1e-15
1e-15
1e-15
0.037487
0.0318277
0.0257903
0.0265452
0.0370414
0.031996
0.039089
0.0336297
0.0348117
0.0268373
0.0237539
0.116619
1e-15
1e-15
0.0324821
0.0408472
0.116482
1e-15
1e-15
0.0395259
0.029714
0.033022
0.0298507
0.0278849
1e-15
1e-15
1e-15
0.0932781
1e-15
1e-15
0.135068
0.0145054
0.0383221
0.0293277
0.0390268
0.0988368
1e-15
1e-15
1e-15
1e-15
1e-15
1e-15
1e-15
1e-15
1e-15
1e-15
1e-15
0.0999636
1e-15
1e-15
1e-15
1e-15
1e-15
1e-15
1e-15
0.0514975
0.0303944
0.0268921
0.0313125
0.0299762
0.0221104
0.0174001
0.0303248
0.0273473
0.02842
0.0162411
0.01863
0.0815863
0.0683094
0.0591634
0.0146811
0.0133328
0.018898
0.0262377
1e-15
0.0124932
0.0185286
0.0307253
0.00452564
0.00643406
0.119833
1e-15
1e-15
0.115895
1e-15
1e-15
0.0848452
0.0647187
0.060044
0.0224195
0.0301156
0.055866
1e-15
1e-15
1e-15
1e-15
1e-15
1e-15
0.0663682
0.0699332
0.128891
1e-15
1e-15
0.123108
1e-15
0.0288083
1e-15
1e-15
0.0918978
1e-15
1e-15
0.13279
0.0243543
0.0297559
0.0265409
0.028029
0.0174055
0.0136584
0.0231902
0.0214628
0.0223621
0.0128025
0.0147013
0.01645
0.0128435
0.0116941
0.0115115
0.0107192
0.0141486
0.0106171
0.0109131
0.0128144
0.0136082
0.0367207
0.0207183
0.0238125
0.104595
0.0159923
1e-15
0.0139394
0.0277738
0.0143465
0.0470819
0.0398632
0.0274717
0.013744
0.0120617
0.0126841
1e-15
1e-15
1e-15
0.00376308
0.0304339
0.0597739
0.00610133
0.0230575
0.0961837
0.0416596
0.0330701
0.0221326
0.0297569
0.0266398
0.0203895
0.0296333
0.0920699
0.023308
1e-15
1e-15
0.0188634
0.0234989
0.0206065
0.0219971
0.0137304
0.0109946
0.0179366
0.0166737
0.0175051
0.0103071
0.0117064
0.013479
0.00989488
0.00904547
0.00933809
0.00896144
0.0118315
0.00956144
0.00981558
0.0225643
0.0195352
0.0283857
0.0184617
0.018996
0.0126457
0.00974415
0.00858668
0.0114756
0.00775543
0.00841731
0.0222551
1e-15
0.00270914
0.0188537
0.0203397
0.0307611
0.0421215
0.0209065
0.078974
0.010024
0.0126278
0.0262252
6.75394e-05
1e-15
0.00865025
0.0198552
0.0147763
1e-15
0.0102566
1e-15
1e-15
0.000246855
1e-15
0.00994744
0.00855405
0.0112463
0.0147118
0.0178708
0.0153137
0.0165494
0.0109388
0.00877753
0.0136979
0.0128386
0.013674
0.00823355
0.00914497
0.0106872
0.00829925
0.00853613
0.00750475
0.00689374
0.0101376
0.00872148
0.00886454
0.0178041
0.0153402
0.0207453
0.0142561
0.014229
0.0111779
0.00826186
0.00726758
0.0106038
0.00719013
0.00791021
0.0282335
0.0231079
0.0212771
0.0144687
0.0149099
0.0213522
0.00828135
0.00722337
0.0153022
0.00714208
0.00774475
0.0110688
0.0147808
0.0176087
0.00764719
0.00531183
0.00863676
0.0140817
0.00870355
0.00891285
0.00773334
0.00764738
0.0114853
0.00795514
0.00799358
0.0110281
0.0109875
0.0129866
0.0109177
0.0119045
0.00836406
0.00641758
0.00976911
0.0086937
0.0100139
0.00665526
0.00731466
0.0105654
0.00880743
0.00865065
0.00699191
0.0075498
0.0106597
0.00846124
0.00847909
0.012974
0.0108358
0.0136034
0.00967305
0.00939103
0.0105351
0.00784615
0.00703349
0.0105281
0.00700275
0.00772263
0.0189161
0.0153208
0.0134513
0.00969952
0.00936486
0.0125399
0.00769739
0.00699046
0.0110756
0.00697224
0.00761184
0.0110515
0.00898087
0.00966081
0.0122921
0.00815542
0.00718254
0.0111062
0.00713633
0.00776344
0.00784029
0.00712792
0.0109614
0.00707264
0.00759189
0.0110021
0.00825386
0.00887165
0.00863806
0.00847937
0.00769968
0.00706251
0.0107631
0.00861711
0.00853649
0.00701727
0.00764516
0.0107011
0.00842043
0.00842197
0.00696635
0.00748341
0.0109424
0.00857327
0.00852858
0.00854084
0.0071349
0.0111066
0.00688104
0.0075454
0.0105982
0.00770324
0.00695448
0.0108725
0.0069491
0.00767714
0.0115218
0.00909334
0.00880564
0.0068974
0.0075851
0.0110909
0.00760541
0.00692979
0.0111013
0.0069276
0.00760225
0.011255
0.00857781
0.00860258
0.0109514
0.00771257
0.00700988
0.010719
0.00699395
0.00761916
0.00755727
0.0069748
0.0110842
0.00696801
0.00751344
0.011229
0.00873443
0.00880584
0.00886708
0.00883961
0.00761848
0.0069778
0.0113002
0.00882144
0.00877906
0.00697929
0.00758871
0.0110318
0.00853907
0.00859652
0.00696376
0.00753303
0.0112818
0.00876737
0.00871229
0.00765232
0.00693814
0.011458
0.00694904
0.00765522
0.0109738
0.00767621
0.00694916
0.0112608
0.00695385
0.00769209
0.0111191
0.00862611
0.00866332
0.00694164
0.00760636
0.0113805
0.00760688
0.0069471
0.0113131
0.00695223
0.00763977
0.0114792
0.00873216
0.00867347
0.0107699
0.00761286
0.00697698
0.0110286
0.00697811
0.00761485
0.00751568
0.00696899
0.0112587
0.00697127
0.00753569
0.0113704
0.0088639
0.00890677
0.00893283
0.00891904
0.00759111
0.00700232
0.0115047
0.00888562
0.00886973
0.00700752
0.00761616
0.0113488
0.00875316
0.00879472
0.00699661
0.00758511
0.011524
0.00892702
0.00888805
0.00765971
0.00696664
0.0116254
0.00696969
0.0076701
0.0113396
0.00769453
0.00697841
0.0115753
0.00698255
0.00770583
0.0114472
0.00881667
0.00886367
0.00696874
0.00764079
0.0116146
0.00765176
0.00698142
0.0115188
0.00698553
0.0077023
0.0116024
0.00887987
0.00883753
0.0111017
0.00761988
0.0070023
0.0113547
0.00700786
0.00763687
0.00754291
0.00699372
0.011405
0.00699702
0.00757652
0.0115261
0.00890592
0.00895273
0.00897313
0.00895764
0.00762589
0.00703081
0.0115652
0.00893195
0.00891184
0.00703332
0.00765728
0.0115599
0.00888437
0.00890592
0.00702509
0.00761928
0.0116562
0.00901414
0.00899508
0.00767199
0.00697191
0.0117507
0.00697372
0.00767374
0.0116325
0.00770382
0.00700836
0.0117637
0.00700959
0.00771097
0.0116473
0.00894355
0.00896175
0.00699607
0.00766328
0.0117429
0.00771289
0.00700145
0.0116098
0.00700323
0.00773943
0.0116517
0.00896895
0.00894191
0.0114092
0.00763921
0.00703209
0.011563
0.00703337
0.00765214
0.00758367
0.00701958
0.0115518
0.00702103
0.00761037
0.0116386
0.00896757
0.00899824
0.00902837
0.00901063
0.00766267
0.0070495
0.0116323
0.00900811
0.00898155
0.007051
0.00767901
0.0116723
0.00895636
0.00896473
0.00704508
0.00763981
0.0117338
0.00902077
0.00901721
0.00767621
0.00699863
0.0118221
0.00701016
0.00768983
0.0117808
0.00771064
0.00701625
0.0118229
0.00701742
0.00772179
0.0117641
0.00900116
0.00901154
0.00700274
0.00769822
0.0118473
0.00773979
0.00702207
0.011662
0.00702188
0.00774165
0.0117433
0.00900569
0.00899018
0.0115855
0.0076512
0.00704758
0.0116744
0.00704774
0.00765854
0.00761469
0.00703648
0.0116569
0.00703732
0.00763649
0.011725
0.00904848
0.00906265
0.00910015
0.00908184
0.00768133
0.00706535
0.0117705
0.00908421
0.00906185
0.0070691
0.0076919
0.0117485
0.00899337
0.00899789
0.00706272
0.00765974
0.0118222
0.00905422
0.00903552
0.00769576
0.00703128
0.0119218
0.00703611
0.00771981
0.011833
0.00772405
0.00703047
0.0118806
0.00703455
0.00775128
0.0118693
0.00904371
0.0090517
0.00702072
0.00772469
0.0119541
0.00774215
0.00703252
0.0117692
0.00703539
0.00775093
0.0118957
0.00906552
0.00904075
0.0116966
0.00765827
0.00706189
0.0118017
0.00706451
0.00767273
0.00764266
0.00705343
0.0117375
0.00705741
0.00767434
0.0117941
0.00911316
0.00914022
0.00918022
0.00916282
0.00769588
0.0070905
0.0119401
0.00914238
0.00912237
0.00709793
0.00770843
0.0118494
0.00903307
0.009041
0.00708535
0.0076983
0.0119516
0.00912053
0.00910235
0.00772938
0.00705863
0.0120685
0.00705935
0.00776697
0.0118966
0.0077619
0.0070561
0.0119717
0.00706409
0.00780401
0.0119813
0.0090924
0.00910048
0.00705287
0.00775279
0.012076
0.00775527
0.00705657
0.0119383
0.00706401
0.00777963
0.0120666
0.0091468
0.00912631
0.0118374
0.00767773
0.0070872
0.0119577
0.0070948
0.00770617
0.00768555
0.00708071
0.0118079
0.00708866
0.00772397
0.0119039
0.00917878
0.00921905
0.00925759
0.00924028
0.0077147
0.00712574
0.0121098
0.00921454
0.00919448
0.00713489
0.00773612
0.011989
0.00908653
0.00909696
0.00711761
0.00775167
0.0121028
0.00918668
0.00916665
0.00778018
0.00708474
0.0122145
0.00709284
0.00781782
0.012002
0.00781751
0.007092
0.0121141
0.00710151
0.00785816
0.0121077
0.00915047
0.00916235
0.00708961
0.00779472
0.0122058
0.00778985
0.00709317
0.0121087
0.00710202
0.0078232
0.012223
0.00921252
0.00919269
0.0119972
0.00771572
0.00712401
0.0121086
0.00713317
0.00774461
0.00773671
0.00711546
0.011934
0.00712406
0.00777272
0.0120418
0.0092471
0.00929671
0.0093363
0.0093174
0.00774565
0.0071636
0.0122643
0.0092835
0.00926256
0.00717305
0.00777816
0.0121429
0.00915321
0.00916814
0.00715712
0.00780065
0.0122574
0.00927809
0.00925213
0.0078311
0.007119
0.0123671
0.00712915
0.00786921
0.0121483
0.00787038
0.00713021
0.0122719
0.00713927
0.00790224
0.0122425
0.00922947
0.0092441
0.00712794
0.00784474
0.0123514
0.00783505
0.00712949
0.0122642
0.00713854
0.00787382
0.0123824
0.00929773
0.00927407
0.0121487
0.0077537
0.00716199
0.0122622
0.00717123
0.00778382
0.00778548
0.00715029
0.0120729
0.00715974
0.0078205
0.0121858
0.00932442
0.00937699
0.0094187
0.00939695
0.00779059
0.00720211
0.0124221
0.00936644
0.00934328
0.00721167
0.00782628
0.0122979
0.00924142
0.00926128
0.00719853
0.00784946
0.0124165
0.00936839
0.00934524
0.00788045
0.00716531
0.0125313
0.00717458
0.00791447
0.0123148
0.00791428
0.00716099
0.0124655
0.00717716
0.00794304
0.0123923
0.00930956
0.00932103
0.00716002
0.00790478
0.0125224
0.00788581
0.00717226
0.012426
0.0071748
0.0079252
0.0125456
0.00939637
0.00937042
0.0123045
0.00779623
0.00720014
0.0124278
0.00720985
0.00784074
0.00783304
0.00718966
0.0122221
0.00720136
0.00787139
0.0123498
0.0094052
0.00946088
0.00950284
0.00948
0.00783853
0.00724208
0.0125934
0.0094394
0.00941963
0.00725243
0.00787515
0.0124607
0.00933911
0.00935763
0.00723912
0.00790122
0.0125888
0.0094617
0.00943571
0.00792765
0.00720557
0.012703
0.00721535
0.00797124
0.0125182
0.00795454
0.00720883
0.0126952
0.00721263
0.00798856
0.012572
0.00937916
0.0093921
0.00719785
0.00795837
0.012714
0.00793868
0.0072048
0.0125908
0.00722214
0.00798075
0.0127274
0.00949276
0.00946923
0.0124748
0.00785672
0.00724194
0.0126095
0.00725242
0.00790377
0.0078865
0.00723627
0.0123888
0.00724763
0.00793076
0.0125135
0.00947844
0.00954478
0.00958636
0.00956364
0.00788988
0.00728337
0.0127566
0.00952636
0.00949733
0.007293
0.00793657
0.0126321
0.00943539
0.00945708
0.00728507
0.00794905
0.0127514
0.0095682
0.00953991
0.00798526
0.00724665
0.0128725
0.00724927
0.00802538
0.0127462
0.00800069
0.00725044
0.012887
0.00726031
0.00803332
0.0127607
0.00946467
0.00948431
0.00724438
0.0080092
0.0128899
0.00799515
0.00724783
0.0127773
0.00725754
0.00803455
0.012904
0.00956892
0.00954974
0.0126533
0.00791816
0.00728465
0.0127699
0.00729407
0.00795744
0.00794489
0.00727982
0.0125513
0.00728952
0.00797878
0.0126814
0.00957883
0.00962661
0.00966506
0.00964525
0.00795361
0.0073192
0.012872
0.0096275
0.00959985
0.00732639
0.00799573
0.0127884
0.00954545
0.0095685
0.0073247
0.00798825
0.0128858
0.00966539
0.0096403
0.00803716
0.00727224
0.0130221
0.00728035
0.0080711
0.0129218
0.00804318
0.00729363
0.0130266
0.00730064
0.00806482
0.0129296
0.0095761
0.00959855
0.00728775
0.00805993
0.0130356
0.00804556
0.00727715
0.0129446
0.00728401
0.00807569
0.0130421
0.00964299
0.00962338
0.0128045
0.00796851
0.00732096
0.0129057
0.00732835
0.00799745
0.00798827
0.00731643
0.0127187
0.00732504
0.00801293
0.0128381
0.00966727
0.00970188
0.00973494
0.0097202
0.00800821
0.00734564
0.012963
0.009699
0.00968034
0.00735125
0.00803608
0.0129173
0.0096498
0.00966615
0.00735487
0.00802081
0.0130026
0.00973337
0.00972021
0.00808065
0.0073051
0.0131527
0.00731145
0.00810946
0.0130499
0.00807296
0.00731926
0.0131348
0.00732405
0.00809278
0.013063
0.00968847
0.00970695
0.00732388
0.00811029
0.0131507
0.00808301
0.00730342
0.0130738
0.00730891
0.00810526
0.0131513
0.00970547
0.00969453
0.0129376
0.00800598
0.0073499
0.0130224
0.0073558
0.00802966
0.00802111
0.00734944
0.0128709
0.00735634
0.00804264
0.0129708
0.00972652
0.00976214
0.00978374
0.00977601
0.0080444
0.00736816
0.0130609
0.00975216
0.00973658
0.00737315
0.00806829
0.0130314
0.00972085
0.00973196
0.00737892
0.00804961
0.013107
0.00977907
0.00977207
0.00811664
0.00733149
0.0132522
0.0073426
0.00813766
0.0131597
0.00809956
0.00733932
0.013242
0.00733739
0.0081216
0.0131708
0.00976293
0.009776
0.00734352
0.00814471
0.0132483
0.00811099
0.0073263
0.0131755
0.00733751
0.00813186
0.0132395
0.00974598
0.00973975
0.0130474
0.00803632
0.00737299
0.013111
0.00737725
0.00805648
0.00804814
0.00737509
0.0129972
0.00737955
0.00805685
0.013088
0.00977678
0.0098023
0.00981967
0.009812
0.00807574
0.00738981
0.0131396
0.00979932
0.00978598
0.00739485
0.00810149
0.0131314
0.00976741
0.00977903
0.00739961
0.00808007
0.0131991
0.00982173
0.0098157
0.00814236
0.00736484
0.0133318
0.00736787
0.00815647
0.0132652
0.00812915
0.00735493
0.0133357
0.0073598
0.00815278
0.013264
0.0098092
0.00981965
0.00735544
0.00816956
0.0133092
0.00813992
0.00735398
0.013252
0.0073585
0.0081688
0.013311
0.00979026
0.00978199
0.0131291
0.00806284
0.00739168
0.0131956
0.00739589
0.00808236
0.00805843
0.00739518
0.0131127
0.00739942
0.00806699
0.0131864
0.00982221
0.00983938
0.00986357
0.0098507
0.00810943
0.00741305
0.0132168
0.00984721
0.00983128
0.00741876
0.00813524
0.0132206
0.00980788
0.00982188
0.00742206
0.00811363
0.0132966
0.0098704
0.00986243
0.00815931
0.00738328
0.0134183
0.00738738
0.00818022
0.0133589
0.00815916
0.00737794
0.0134395
0.00737604
0.00818443
0.0133191
0.00983755
0.00984874
0.00737353
0.00819801
0.0133975
0.00817905
0.00737785
0.0133201
0.00738955
0.008206
0.0133923
0.00983851
0.00982921
0.0132136
0.00808836
0.00741258
0.013292
0.0074182
0.00811008
0.00807106
0.00741556
0.0132089
0.00742006
0.00809444
0.0132827
0.00987066
0.00989171
0.00992067
0.00990813
0.00814184
0.00744244
0.0133677
0.0098907
0.00987457
0.00744873
0.00815943
0.0133199
0.00986107
0.00987937
0.00744934
0.00815202
0.0134088
0.00993184
0.00991986
0.0081897
0.00740947
0.0135476
0.00740832
0.00822596
0.013466
0.00819084
0.00740369
0.0135565
0.00740903
0.00821826
0.0134322
0.00988509
0.00990542
0.00741022
0.00822819
0.0135543
0.0082152
0.00740413
0.0134147
0.00740959
0.00824127
0.0135196
0.00989737
0.00988651
0.0133186
0.00811721
0.00744081
0.0134063
0.00744693
0.00814262
0.00810413
0.00744001
0.0133111
0.00744568
0.00813813
0.0134041
0.00991237
0.009948
0.00997221
0.00996261
0.00816379
0.00747125
0.0135053
0.00993736
0.00991827
0.00747613
0.00817918
0.0134306
0.00992266
0.00993847
0.00747502
0.00818477
0.0135153
0.00999413
0.00998248
0.00823499
0.00742387
0.0136667
0.00742877
0.00826039
0.0135847
0.00822611
0.00743753
0.013675
0.00744262
0.00825724
0.0135844
0.00995986
0.00997707
0.00744316
0.00825562
0.0136741
0.00824864
0.00742517
0.0135476
0.00743023
0.00827322
0.0136572
0.00995528
0.00994555
0.0134348
0.00814903
0.00746986
0.0135151
0.00747509
0.00817208
0.00814836
0.00746658
0.013433
0.00747172
0.00817939
0.0135194
0.00996383
0.00999454
0.0100179
0.0100077
0.00818549
0.00749608
0.0136161
0.00999721
0.00997393
0.00750019
0.00821041
0.0135343
0.00997246
0.00998698
0.00749878
0.0082154
0.013616
0.0100432
0.0100377
0.00826639
0.00744554
0.0137607
0.00744963
0.00828504
0.0137004
0.00826581
0.00746378
0.0137824
0.00746824
0.00829422
0.013695
0.0100148
0.0100269
0.00746409
0.00828395
0.0137701
0.00827937
0.00745181
0.013686
0.00745671
0.00830043
0.0137817
0.00999864
0.0099946
0.0135404
0.00817857
0.00749542
0.0136147
0.00749952
0.00820017
0.00818716
0.00749055
0.0135419
0.00749517
0.00820731
0.0136149
0.0100356
0.0100471
0.0100809
0.010065
0.0082175
0.00751905
0.0137223
0.0100646
0.0100513
0.00752323
0.00824197
0.0136374
0.0100132
0.0100275
0.00752391
0.00824182
0.0137225
0.0100776
0.0100755
0.00829054
0.00748061
0.0138592
0.00748647
0.00831558
0.0138053
0.00830061
0.00747863
0.0138772
0.00748264
0.00831988
0.0137934
0.0100552
0.0100692
0.0074746
0.00832424
0.0138717
0.00830551
0.0074826
0.0138048
0.00748641
0.00832023
0.013873
0.0100352
0.0100305
0.0136385
0.00820598
0.00751479
0.013711
0.00751857
0.00822817
0.00821172
0.00751306
0.0136347
0.0075181
0.00822892
0.013705
0.0100751
0.0101115
0.0101342
0.0101207
0.00824676
0.00753925
0.0137991
0.0100765
0.0100788
0.00754201
0.008262
0.0137404
0.0100485
0.0100596
0.00754477
0.00825813
0.0138007
0.0101125
0.0101099
0.00832289
0.00750664
0.0139589
0.00750395
0.00834796
0.0138984
0.00832371
0.00748996
0.0139525
0.00750028
0.00833201
0.01389
0.010103
0.0101181
0.00750497
0.0083569
0.0139504
0.00832471
0.00750514
0.0138898
0.00750119
0.00834094
0.0139491
0.0100797
0.010074
0.0137333
0.0082362
0.0075359
0.0137997
0.00754054
0.00826095
0.00823711
0.00753787
0.013726
0.00754205
0.00826515
0.0137936
0.0100805
0.010148
0.0101551
0.0101476
0.00826505
0.00755063
0.0138534
0.0100923
0.0100884
0.00755294
0.0082758
0.0138143
0.0100773
0.0100896
0.00755878
0.00827427
0.0138613
0.0101414
0.0101426
0.00835225
0.00752603
0.0140163
0.00752083
0.0083648
0.0139709
0.00833529
0.00751923
0.0140125
0.00752192
0.00835344
0.0139639
0.0101489
0.0101605
0.00752089
0.00837505
0.0140098
0.00834596
0.00750598
0.0139666
0.00750965
0.00835744
0.0140089
0.010109
0.0101091
0.0138173
0.00826584
0.00755556
0.0138531
0.00755768
0.00827748
0.00827255
0.00755677
0.013804
0.00755881
0.00828911
0.0138335
0.0101086
0.0101574
0.0101557
0.0101524
0.00827858
0.00756181
0.0138749
0.0101202
0.0101184
0.00756333
0.00828454
0.0138707
0.0101114
0.0101205
0.00756697
0.00828528
0.0138882
0.0101518
0.0101567
0.00836636
0.00753338
0.0140105
0.00753291
0.00837114
0.0140262
0.00835939
0.00752365
0.0140433
0.00752441
0.00836775
0.0140123
0.010172
0.0101754
0.00751895
0.00837531
0.0140221
0.00835926
0.00752449
0.0140168
0.00752509
0.00836285
0.0140186
0.0101184
0.0101224
0.0138602
0.00827824
0.00756405
0.0138637
0.00756412
0.00828176
0.00829273
0.00756538
0.0138281
0.0075654
0.00829753
0.0138241
0.010123
0.0101544
0.0101573
0.0101509
0.008285
0.0075646
0.013878
0.0101187
0.0101244
0.00756367
0.00828637
0.0138881
0.0101286
0.0101318
0.00756792
0.00828561
0.0138865
0.010157
0.0101613
0.00837228
0.00753325
0.0139976
0.0075328
0.00837641
0.0140421
0.0083683
0.00752454
0.0140393
0.00751629
0.00837242
0.0140157
0.01017
0.0101707
0.00752001
0.00837333
0.0140275
0.00836306
0.00752645
0.0140159
0.00753343
0.00835862
0.0140049
0.0101133
0.0101206
0.0138645
0.00828127
0.00756604
0.0138616
0.00756557
0.00828276
0.00829892
0.0075674
0.0138154
0.00756712
0.0082992
0.0138137
0.010113
0.0101624
0.0101648
0.010159
0.00828678
0.00756158
0.0138759
0.0101111
0.0101148
0.00756107
0.00828624
0.0138863
0.0101309
0.0101344
0.00756801
0.00828571
0.0138857
0.0101624
0.010167
0.00837733
0.00753486
0.0140095
0.00753458
0.00837983
0.0140282
0.00837392
0.00751614
0.0140278
0.00751611
0.0083751
0.0140291
0.0101737
0.0101787
0.00752227
0.00837818
0.0140478
0.00835729
0.00753389
0.0140023
0.00753361
0.00835777
0.0139983
0.0101047
0.0101099
0.0138624
0.00828205
0.00756649
0.0138608
0.00756601
0.00828334
0.00829969
0.00756808
0.0138092
0.00756758
0.00829816
0.0138195
0.0101149
0.0101665
0.0101711
0.0101631
0.0082866
0.00756412
0.0138914
0.0101229
0.010122
0.00756518
0.00828837
0.0138877
0.0101397
0.0101461
0.00757005
0.00828977
0.0138969
0.0101688
0.010173
0.00838043
0.00753845
0.0140388
0.00753847
0.00838137
0.0140245
0.00837587
0.00751951
0.0140398
0.00752703
0.00837429
0.0140456
0.0101874
0.01019
0.00752614
0.00838373
0.0140537
0.00835963
0.00753487
0.0140005
0.00752845
0.00836757
0.0140118
0.0101193
0.0101192
0.0138657
0.00828365
0.00756886
0.0138758
0.00756908
0.00828835
0.00829972
0.00756986
0.0138169
0.00757018
0.00830165
0.0138346
0.0101362
0.0101799
0.0101909
0.0101802
0.00828995
0.00757057
0.0139243
0.010156
0.0101489
0.00757264
0.00829824
0.0139016
0.0101547
0.0101597
0.00757548
0.00829818
0.0139229
0.0101858
0.0101855
0.00838203
0.00753603
0.014069
0.00753734
0.00838886
0.0140341
0.00837622
0.00752977
0.0140566
0.00753787
0.00838004
0.0140512
0.0101939
0.0101972
0.00753734
0.00838697
0.0140829
0.00836867
0.00753224
0.0140157
0.00752662
0.00837915
0.0140423
0.0101489
0.0101451
0.0138823
0.00828907
0.00757344
0.0139078
0.00757484
0.00829802
0.00830405
0.00757443
0.0138355
0.00757603
0.00831018
0.0138802
0.0101816
0.0102071
0.0102323
0.0102132
0.00830293
0.00758503
0.0140141
0.0102131
0.0101987
0.00759105
0.00832415
0.0139376
0.0101754
0.0101856
0.00759287
0.00832495
0.0140084
0.0102381
0.0102252
0.00839285
0.00755346
0.0141603
0.00755174
0.00841632
0.0140663
0.0083864
0.00754324
0.0141594
0.00754985
0.00841129
0.0140911
0.0102131
0.0102201
0.00755345
0.00840881
0.0141569
0.00838289
0.00754549
0.0140616
0.00755133
0.00840971
0.0141455
0.0102043
0.0101929
0.013925
0.00830182
0.00758733
0.0140013
0.0075928
0.00832576
0.00831541
0.00758765
0.0138936
0.00759324
0.00833776
0.0139761
0.0102512
0.0102686
0.0103137
0.0102849
0.00833527
0.00761813
0.0141767
0.0102917
0.0102751
0.00762866
0.00837436
0.0140462
0.0102352
0.0102502
0.0076296
0.0083773
0.0141765
0.0103291
0.0103092
0.00842762
0.00757179
0.0143306
0.00758164
0.00846784
0.0141984
0.00842358
0.00757886
0.0143415
0.00759664
0.00846548
0.0141844
0.0102679
0.010284
0.00759414
0.00846482
0.0143228
0.00842071
0.00757938
0.0141886
0.007582
0.00846491
0.0143324
0.0102851
0.0102692
0.0140403
0.00833594
0.00761954
0.0141698
0.00762938
0.008376
0.00835
0.00761956
0.0140038
0.00762966
0.00838904
0.0141404
0.0103314
0.0103649
0.0104141
0.0103838
0.00838976
0.0076634
0.0143689
0.0103715
0.0103552
0.00767516
0.00843909
0.0142263
0.0103215
0.0103429
0.00767657
0.00844002
0.014381
0.0104324
0.01041
0.00848256
0.00761685
0.0145402
0.00762824
0.00852928
0.0143932
0.00848129
0.00763388
0.0145568
0.00764497
0.00852671
0.0143677
0.0103587
0.0103818
0.00764232
0.00853349
0.0145281
0.00847951
0.0076179
0.0143843
0.00763023
0.00853017
0.014547
0.010378
0.010359
0.0142196
0.00838989
0.00766487
0.014367
0.00767642
0.00843686
0.00840423
0.00766608
0.014186
0.00767802
0.0084511
0.0143521
0.0104179
0.0104559
0.0104951
0.0104689
0.00845508
0.00771437
0.014588
0.0104812
0.0104508
0.00772763
0.00850606
0.01443
0.01043
0.0104609
0.0077305
0.0085258
0.0145761
0.0105597
0.0105253
0.00854553
0.00767411
0.0147632
0.00768617
0.00859771
0.0146114
0.00854373
0.00767584
0.0147846
0.00768156
0.0086017
0.0145708
0.010458
0.0104844
0.00768733
0.00861147
0.0147268
0.00854674
0.00767604
0.0146055
0.00769515
0.00859932
0.0147789
0.0104989
0.0104698
0.0144202
0.00845217
0.00771527
0.0145858
0.00772814
0.00850314
0.0084694
0.00771808
0.0143973
0.00773164
0.00853384
0.0145335
0.0105658
0.0105353
0.0105776
0.010549
0.00852235
0.00776952
0.0148369
0.0106629
0.0106127
0.00778284
0.00857483
0.0146043
0.0105689
0.0106156
0.00778975
0.00864034
0.0147093
0.010761
0.0107011
0.00861805
0.00772716
0.0150013
0.00773293
0.00867652
0.0148351
0.00862362
0.00772887
0.0150186
0.00773555
0.00869463
0.014777
0.0105456
0.0105681
0.00774832
0.00868374
0.0149878
0.00862324
0.00773001
0.0148373
0.00774954
0.00868276
0.0150366
0.0106634
0.0106195
0.0146487
0.00852
0.00776944
0.0148473
0.00778257
0.00857461
0.00856091
0.00777581
0.0145593
0.00779045
0.00864683
0.0146627
0.0107713
0.0106145
0.0106284
0.0106162
0.00859185
0.00782342
0.015005
0.0108706
0.0108256
0.00783542
0.00862632
0.0147641
0.0108176
0.010901
0.00784846
0.00870657
0.0150806
0.011071
0.0109939
0.00869276
0.00778952
0.0151639
0.00779259
0.008709
0.0150927
0.00871214
0.00778205
0.0153124
0.00779394
0.00872241
0.0150642
0.0106158
0.0106318
0.00779411
0.00870637
0.015209
0.00870159
0.00778165
0.0151127
0.00779208
0.0087196
0.0152868
0.0108665
0.0108228
0.0149141
0.0085925
0.00782342
0.0150395
0.00783567
0.00863018
0.00867471
0.00783588
0.014719
0.00784946
0.00871472
0.0150552
0.0108272
0.0105776
0.0103809
0.0104877
0.00862747
0.00785447
0.0146739
0.0105103
0.0107027
0.00868003
0.00785649
0.0151584
0.0111458
0.0111617
0.00877059
0.00787784
0.0148967
0.0109683
0.0110986
0.00870367
0.00779269
0.0145763
0.00868469
0.0077923
0.0153248
0.00871508
0.00781488
0.0149375
0.00874013
0.00782216
0.015187
0.0106051
0.0105698
0.00867172
0.00778303
0.0146267
0.00871751
0.00779889
0.0152888
0.00874293
0.00780573
0.0149128
0.0105068
0.0107016
0.0150276
0.00863202
0.00785738
0.0147004
0.00868373
0.00786035
0.00871407
0.00787225
0.0151429
0.00877496
0.00788207
0.0148946
1e-15
1e-15
1e-15
1e-15
1e-15
1e-15
1e-15
1e-15
1e-15
1e-15
1e-15
1e-15
1e-15
1e-15
1e-15
1e-15
1e-15
1e-15
1e-15
1e-15
1e-15
1e-15
1e-15
1e-15
1e-15
1e-15
1e-15
1e-15
1e-15
1e-15
1e-15
1e-15
1e-15
1e-15
1e-15
1e-15
1e-15
1e-15
1e-15
1e-15
1e-15
1e-15
1e-15
1e-15
1e-15
1e-15
1e-15
1e-15
1e-15
1e-15
1e-15
1e-15
1e-15
1e-15
1e-15
1e-15
1e-15
1e-15
1e-15
1e-15
1e-15
1e-15
1e-15
1e-15
1e-15
1e-15
1e-15
1e-15
1e-15
1e-15
1e-15
1e-15
1e-15
1e-15
1e-15
1e-15
1e-15
1e-15
1e-15
1e-15
1e-15
1e-15
1e-15
1e-15
1e-15
1e-15
1e-15
1e-15
1e-15
1e-15
1e-15
1e-15
1e-15
1e-15
1e-15
1e-15
1e-15
1e-15
1e-15
1e-15
1e-15
1e-15
1e-15
1e-15
1e-15
1e-15
1e-15
1e-15
1e-15
1e-15
1e-15
1e-15
1e-15
1e-15
1e-15
1e-15
1e-15
1e-15
1e-15
1e-15
1e-15
1e-15
1e-15
1e-15
1e-15
1e-15
1e-15
1e-15
1e-15
1e-15
1e-15
1e-15
1e-15
1e-15
1e-15
1e-15
1e-15
1e-15
1e-15
1e-15
1e-15
1e-15
1e-15
1e-15
1e-15
1e-15
1e-15
1e-15
1e-15
1e-15
1e-15
1e-15
1e-15
1e-15
1e-15
1e-15
1e-15
1e-15
1e-15
1e-15
1e-15
1e-15
1e-15
1e-15
1e-15
1e-15
1e-15
1e-15
1e-15
1e-15
1e-15
1e-15
1e-15
1e-15
1e-15
1e-15
1e-15
1e-15
1e-15
1e-15
1e-15
1e-15
1e-15
1e-15
1e-15
1e-15
1e-15
1e-15
1e-15
1e-15
1e-15
1e-15
1e-15
1e-15
1e-15
1e-15
1e-15
1e-15
1e-15
1e-15
1e-15
1e-15
1e-15
1e-15
1e-15
1e-15
1e-15
1e-15
1e-15
1e-15
1e-15
1e-15
1e-15
1e-15
1e-15
1e-15
1e-15
1e-15
1e-15
1e-15
1e-15
1e-15
1e-15
1e-15
1e-15
1e-15
1e-15
1e-15
1e-15
1e-15
1e-15
1e-15
1e-15
1e-15
1e-15
1e-15
1e-15
1e-15
1e-15
1e-15
1e-15
1e-15
1e-15
1e-15
1e-15
1e-15
1e-15
1e-15
1e-15
1e-15
1e-15
1e-15
1e-15
1e-15
1e-15
1e-15
1e-15
0.0156359
0.0159187
0.0166168
0.0200744
0.0150962
0.0157146
0.0150905
0.0157108
0.0172748
0.0168662
)
;
    }
}


// ************************************************************************* //
