/*--------------------------------*- C++ -*----------------------------------*\
| =========                 |                                                 |
| \\      /  F ield         | OpenFOAM: The Open Source CFD Toolbox           |
|  \\    /   O peration     | Version:  2312                                  |
|   \\  /    A nd           | Website:  www.openfoam.com                      |
|    \\/     M anipulation  |                                                 |
\*---------------------------------------------------------------------------*/
FoamFile
{
    version     2.0;
    format      ascii;
    arch        "LSB;label=32;scalar=64";
    class       volScalarField;
    location    "3.099971044252915";
    object      rho;
}
// * * * * * * * * * * * * * * * * * * * * * * * * * * * * * * * * * * * * * //

dimensions      [1 -3 0 0 0 0 0];

internalField   nonuniform List<scalar> 
21822
(
1.05264
0.745964
2.25392
0.763993
0.788459
0.749733
1.0184
3.4455
0.900837
0.819487
0.75858
0.760378
0.805832
0.800854
0.766483
1.20039
1.01269
2.64037
0.758673
0.807184
0.771713
1.03663
0.764679
0.768594
8.29469
2.62262
16.0047
0.942443
0.779749
0.768268
0.783437
0.764123
0.76534
0.876762
0.79395
0.782863
1.07046
0.794352
0.776334
0.772989
0.772421
0.769556
0.801776
0.779818
0.781194
0.783086
0.807343
0.767371
0.786318
0.7634
0.774676
0.791263
0.771479
0.795827
0.817995
0.757586
0.768434
0.77196
0.766517
0.763196
0.792707
0.804916
0.794758
0.819009
0.762546
0.758914
0.765798
0.788297
0.760479
0.789766
0.907812
0.771355
0.784845
0.803768
0.78968
0.764039
0.780372
0.788321
0.766967
0.765249
0.899208
0.74906
0.809215
1.1279
0.811075
0.770952
0.746542
0.747017
0.785857
6.04118
0.747323
0.79842
0.901277
0.797526
0.765891
0.743195
3.9953
1.48725
1.20364
0.755515
0.844169
0.747588
0.745739
0.742919
0.74281
0.941953
0.976661
1.3733
0.772904
0.775454
0.742909
0.754526
0.742859
0.742867
0.743688
0.742801
0.742831
0.812377
0.743301
0.743086
0.745806
0.74303
0.743071
0.74947
0.742984
0.743041
0.743458
0.743303
0.743319
0.743208
0.743247
0.743284
0.743149
0.743179
0.743233
0.743389
0.743424
0.743446
0.743334
0.743353
0.743391
0.743281
0.743285
0.743325
0.743462
0.743483
0.743492
0.743401
0.743409
0.743431
0.743345
0.743335
0.743364
0.743548
0.743555
0.743537
0.743473
0.743473
0.743469
0.743403
0.74339
0.743406
0.743525
0.743516
0.743502
0.743487
0.743473
0.74346
0.743444
0.74343
0.743426
0.743274
0.743255
0.743269
0.743294
0.743276
0.74328
0.743336
0.743322
0.743301
0.742907
0.742881
0.742903
0.742941
0.742918
0.742932
0.743024
0.743006
0.742974
0.742516
0.742485
0.742485
0.742541
0.74251
0.742508
0.742615
0.742589
0.742549
0.74205
0.742024
0.742042
0.742089
0.742066
0.742072
0.742177
0.742159
0.742122
0.741573
0.741575
0.741623
0.741617
0.741624
0.741667
0.741712
0.741722
0.741709
0.741233
0.741265
0.741317
0.741241
0.741274
0.741335
0.741292
0.741324
0.741341
0.741044
0.74107
0.741107
0.74101
0.741034
0.741087
0.741012
0.741032
0.741061
0.740903
0.740902
0.74092
0.740874
0.74087
0.740893
0.740862
0.740857
0.740867
0.740773
0.740757
0.740762
0.74077
0.740754
0.740753
0.740771
0.740756
0.740749
0.740676
0.740669
0.740669
0.740687
0.740681
0.740674
0.740698
0.740692
0.740683
0.740647
0.740652
0.74065
0.740655
0.740661
0.740657
0.74066
0.740664
0.740663
0.740696
0.740704
0.740697
0.740698
0.740706
0.7407
0.740689
0.740696
0.7407
0.740798
0.740802
0.740789
0.740795
0.740799
0.740788
0.740778
0.740782
0.740784
0.740896
0.740899
0.740887
0.740892
0.740893
0.740884
0.740876
0.740877
0.740879
0.740963
0.740967
0.740961
0.740963
0.740966
0.740961
0.740954
0.740956
0.740959
0.741025
0.741031
0.741028
0.741031
0.741037
0.741034
0.741028
0.741035
0.741037
0.741126
0.741135
0.741129
0.741134
0.741143
0.741138
0.741127
0.741138
0.741142
0.74127
0.741281
0.741272
0.741272
0.741283
0.741276
0.741257
0.741269
0.741275
0.741409
0.741418
0.741412
0.741403
0.741412
0.741409
0.741383
0.741392
0.7414
0.741477
0.741484
0.741486
0.741467
0.741473
0.741479
0.741456
0.741461
0.741468
0.74142
0.741423
0.74144
0.741412
0.741414
0.741432
0.741419
0.74142
0.741425
0.741189
0.741188
0.741225
0.741185
0.741183
0.741219
0.741216
0.741213
0.741215
0.740748
0.740744
0.740805
0.740746
0.740741
0.7408
0.740806
0.7408
0.740799
0.740098
0.740093
0.740177
0.740098
0.740092
0.740174
0.740188
0.740181
0.740178
0.739277
0.739272
0.739377
0.73928
0.739274
0.739376
0.739393
0.739387
0.739383
0.738325
0.738322
0.738443
0.738329
0.738326
0.738444
0.738458
0.738454
0.738452
0.73725
0.73725
0.737386
0.737253
0.737253
0.737387
0.737395
0.737393
0.737393
0.736031
0.736033
0.736181
0.736032
0.736033
0.736179
0.736185
0.736184
0.736185
0.734642
0.734652
0.734799
0.734644
0.734646
0.7348
0.734808
0.734805
0.734802
0.733268
0.733097
0.733231
0.733082
0.733057
0.733232
0.733265
0.733249
0.733224
30.0195
5.30191
1.30337
1.03586
0.898941
1.50272
5.38278
0.883352
0.733932
0.816872
0.852703
0.783138
0.84847
0.851978
0.790088
0.780496
0.779647
0.800239
0.923093
0.858222
19.948
24.6095
5.96668
0.748659
2.90968
0.72695
0.736459
1.61049
0.72745
0.589372
3.61518
0.337841
6.68063
0.804587
4.35935
0.915091
0.732743
0.544842
0.747597
0.784156
1.12094
0.956895
1.92646
1.49839
0.781632
0.731276
0.954172
8.36762
1.02614
1.25537
0.891801
0.830321
0.867603
0.579869
0.726296
2.03876
0.859823
0.81403
0.971677
0.848582
0.718777
1.22127
0.751809
0.818296
1.08556
0.772202
0.78097
1.20302
0.732208
0.900727
1.59608
21.5539
62.2225
0.65691
5.06753
18.5573
3.84718
134.035
32.7559
0.754356
0.787723
0.775527
0.782642
0.742778
0.795992
0.760749
0.729124
0.779157
0.73535
0.745667
0.693729
0.754136
0.728459
0.657596
18.1999
0.764227
0.795629
4.52009
2.20842
0.714595
17.2137
7.14301
12.0869
21.575
0.802856
0.756313
0.915323
0.788931
0.77964
0.845912
0.864304
0.714003
1.24621
1.8108
0.766089
0.730567
0.979461
0.767493
2.17497
0.845124
2.38605
0.827989
7.1731
0.964732
7.66665
0.782747
1.5419
0.83048
1.19575
0.753273
0.804123
0.786877
0.750818
0.778108
0.766792
0.779012
0.790149
0.782643
1.42937
0.856446
0.777032
0.830898
0.755009
0.775846
0.765713
0.823163
1.90167
1.55036
3.07971
1.86844
0.772454
5.6253
2.64974
3.59407
0.81902
1.15709
0.786827
3.4438
0.86391
3.93397
6.38872
0.733278
0.732
0.733264
0.73326
0.73197
0.732035
0.733247
0.733238
0.732059
0.732099
0.733223
0.732294
0.733259
0.733256
0.731976
0.732037
0.733232
0.732103
0.732061
0.733256
0.73326
0.732037
0.731976
0.733232
0.732061
0.732103
0.733279
0.732
0.733261
0.73197
0.732035
0.73324
0.732059
0.732099
0.732294
0.775204
59.6267
13.58
3.88665
40.9797
7.16308
2.70386
160.12
1.17382
0.788509
8.30361
46.5702
0.758618
37.8238
18.0768
13.0795
3.60036
25.5913
15.3553
4.91923
0.660868
26.9419
0.762231
49.8253
0.71564
3.33309
21.1099
11.0589
1.71447
30.0963
0.778077
0.717396
3.05076
4.52676
0.711649
0.66034
6.9941
12.2883
1.08178
11.3618
0.689632
1.63765
0.678303
0.342439
0.755234
0.628433
0.704148
0.699134
1.00528
0.529925
24.9163
167.179
1.57346
0.93359
13.5163
166.374
1.15075
1.77789
17.9413
25.9437
10.5965
167.477
100.742
12.175
0.654458
39.9132
0.773039
104.863
1.02607
9.29758
10.986
32.4934
63.8064
1.0996
2.40122
15.8481
1.1065
3.28722
11.5686
0.674736
0.600592
0.597315
0.733246
0.6774
0.741373
0.679698
0.467328
0.54045
0.725186
0.755536
0.798508
0.734791
0.738228
21.9422
15.5751
3.63189
0.866993
3.75534
0.743894
4.42063
0.754551
41.2288
31.4194
25.8957
41.5171
26.8309
67.8564
59.0556
6.55877
0.722202
1.03932
27.8172
0.721945
40.2902
5.01388
0.598896
1.65025
1.7396
0.629215
0.765892
2.75952
0.82509
0.732044
1.96809
1.08016
0.768327
1.12031
1.11563
0.594309
0.550084
0.8936
0.678412
0.570641
0.6171
0.69731
0.612713
0.692323
0.792189
0.532881
1.85407
0.770742
0.762555
21.8145
6.18971
22.7783
1.02096
1.65782
22.719
0.869602
0.85475
0.782173
0.864401
3.97916
0.955433
8.2382
0.854335
1.39901
1.43086
1.07195
0.789196
0.869858
0.974418
0.851615
2.49153
11.0973
0.7293
28.9669
0.972411
1.03135
0.863918
4.2731
42.9936
0.858156
0.932695
49.649
0.666155
0.736363
0.76786
0.721813
0.761164
0.922009
0.668281
0.821235
0.738234
0.823338
0.749766
0.909502
0.866407
1.04604
1.24524
0.972169
1.26936
0.727279
2.90401
0.99
0.719381
0.835073
6.13849
4.2747
1.77876
8.3719
1.37144
0.836505
0.896656
0.881767
0.909532
0.871347
0.881697
0.882456
0.8988
0.941259
0.842532
0.770061
0.782226
0.778628
0.766343
4.13915
2.39922
0.7582
0.794792
0.76467
0.763627
0.766181
0.9007
0.784349
0.764962
0.7631
0.756882
0.768492
0.764428
0.765089
0.75767
0.719918
0.752154
0.717362
0.765917
0.781966
0.770639
0.771057
3.28497
1.13852
0.896099
1.8867
0.826005
0.810294
0.815036
1.25526
0.861954
1.12007
0.907386
0.755556
1.0785
1.28613
0.848635
0.758084
1.56525
1.89627
0.75439
0.732528
0.895033
1.18752
0.780488
0.812185
0.758576
0.798561
1.55996
0.850388
0.831002
0.921327
0.789844
0.874207
1.34658
0.848904
1.28765
2.07575
1.00775
1.24558
0.953732
6.62067
0.762455
0.759353
0.764202
0.811508
0.76565
0.922804
0.804625
0.777413
0.908344
0.776452
0.779715
0.777649
0.749174
0.757579
0.747917
0.950611
0.764186
0.769891
0.765696
1.08567
12.4562
1.05679
2.06393
4.97242
0.764358
0.940755
14.5789
2.85715
3.05092
1.61317
0.87064
10.9246
0.945522
1.67036
1.79729
0.756839
4.41905
0.803563
0.923295
2.89827
0.779041
0.894061
0.774765
0.760892
0.771527
0.775903
0.772549
0.777192
0.892502
4.26241
0.776386
0.766953
0.771211
0.770015
0.900583
0.952153
0.782927
0.799161
0.775179
0.768349
0.770971
1.00865
0.805724
0.794093
0.803532
0.782362
0.779329
0.783265
0.778159
0.778281
4.42417
0.803742
3.5252
0.774993
0.803831
0.831765
0.775727
0.785807
0.843991
0.763856
0.775866
0.765211
3.35289
0.805586
0.786665
0.858983
0.77059
0.767722
0.773515
0.782956
0.797911
0.818669
0.791772
0.772469
0.774131
0.781785
0.803343
0.794564
0.777248
0.791267
0.770504
0.78243
0.77133
0.79172
0.792521
0.771027
0.787499
0.774764
0.806093
0.926567
0.793403
0.814404
0.7679
0.773562
0.794836
0.763479
0.770407
0.77131
0.832738
0.776198
0.782578
0.774138
0.76693
0.771189
0.840209
0.790525
0.797691
0.790546
0.785961
0.769846
0.793073
0.794721
0.791475
0.77699
0.793709
0.830611
0.795613
0.782345
0.790755
0.799963
0.816589
0.959525
0.950508
0.765733
0.877937
0.752195
0.762318
0.777145
0.749487
0.752897
0.770503
0.756494
0.777337
0.780038
0.84989
0.780358
0.765207
0.756139
0.755025
0.778258
0.800196
0.778754
0.811794
0.79027
0.755683
0.767513
0.789739
0.818098
0.897553
0.794916
0.906607
0.782938
0.906124
0.778176
0.772268
0.958154
0.824023
0.835233
0.752297
0.783677
0.752694
0.750231
0.753431
0.751206
0.767176
0.755136
0.77462
0.929247
0.774424
0.981819
0.766929
0.759962
0.777042
0.774988
0.783867
0.783311
0.766978
0.766102
0.765281
0.775179
1.48614
0.799836
0.770092
0.907429
0.769422
0.768442
0.805729
0.769815
0.90329
1.00861
0.786636
0.746197
0.765354
0.751456
0.747295
0.752295
0.751413
0.771356
0.755997
0.777021
0.776344
0.812744
0.911435
0.771177
0.760906
0.852771
0.79234
1.12867
0.780422
0.763657
0.764063
0.783272
0.754019
1.19805
0.754974
2.57654
0.766945
0.751762
0.765729
0.748239
0.760232
0.833408
0.792333
1.82769
3.28738
0.745967
0.748168
0.74577
0.75311
0.747673
0.755895
0.758318
0.777509
0.762719
0.932165
0.961839
1.19952
0.745429
0.87397
0.745672
0.746702
0.748196
0.965522
0.74329
0.870827
0.762947
0.82784
4.22825
2.94511
0.743289
1.35745
0.753498
5.1067
0.749332
1.8061
0.814233
3.45682
1.11848
2.2327
2.95752
0.749188
0.752092
0.748923
0.759045
0.752344
0.771004
0.76747
1.04784
0.77828
0.980747
1.19614
0.802844
0.746614
0.743811
0.748928
0.74565
0.743034
0.761091
0.742824
0.768693
4.94425
0.745183
1.03779
1.17987
0.742891
0.993354
5.65916
1.68826
0.882063
2.1206
0.959142
1.37161
1.10883
1.63035
1.7026
0.752936
0.760947
0.754797
0.77736
0.762564
0.789288
0.784608
0.879483
0.934524
0.744372
0.759175
0.742945
0.750691
0.746803
0.757094
0.752241
0.742817
0.742907
0.742845
0.746427
0.762021
0.749913
0.746259
0.930631
0.742821
0.743472
0.816833
0.746729
0.847629
0.743879
0.742733
1.12433
0.742745
0.743978
0.744242
0.763306
0.777056
0.766149
0.837473
0.78674
0.797349
0.939808
0.743013
0.746742
0.743013
0.742924
0.743022
0.760022
0.756974
0.773215
0.776292
0.742882
0.74302
0.74301
0.754354
0.746899
0.777173
0.75675
0.74284
0.743001
0.74298
0.746024
0.758935
0.742796
0.752003
0.742894
0.742821
0.742911
0.742956
0.74297
0.835395
0.75535
0.927727
0.74805
0.74506
0.743218
0.743131
0.743083
0.74323
0.743259
0.743087
0.743265
0.781482
0.796539
0.758358
0.743245
0.743077
0.743264
0.743244
0.793178
0.757625
0.743162
0.743118
0.743052
0.743234
0.743201
0.759228
0.743112
0.742969
0.743099
0.743116
0.743029
0.74313
0.743173
0.743189
0.74341
0.743353
0.743269
0.743286
0.743363
0.743394
0.743299
0.743322
0.743404
0.743428
0.743322
0.74343
0.743623
0.74319
0.743342
0.743307
0.743295
0.743426
0.743393
0.743174
0.74315
0.743296
0.743267
0.743248
0.743376
0.743325
0.743148
0.743261
0.743168
0.743256
0.74326
0.74322
0.743267
0.743296
0.743311
0.743385
0.743446
0.743397
0.743424
0.743454
0.743475
0.743434
0.743452
0.743481
0.743491
0.74345
0.74349
0.743374
0.743336
0.743435
0.743398
0.743409
0.743484
0.743444
0.743323
0.743292
0.743385
0.743351
0.743341
0.743426
0.743374
0.743285
0.743343
0.74328
0.743335
0.743327
0.743313
0.743329
0.743346
0.74336
0.743466
0.743533
0.743478
0.743496
0.743541
0.743555
0.743501
0.743506
0.743557
0.743549
0.7435
0.743542
0.743454
0.743411
0.743521
0.743475
0.743448
0.743531
0.743485
0.743397
0.743361
0.743458
0.743413
0.743379
0.743467
0.743414
0.743352
0.743403
0.743335
0.743393
0.743382
0.743353
0.743381
0.743392
0.743403
0.743545
0.743563
0.743556
0.74357
0.743568
0.743571
0.74357
0.743558
0.743569
0.743552
0.743548
0.743546
0.743533
0.743486
0.743557
0.743523
0.743488
0.743537
0.7435
0.743469
0.743421
0.743509
0.743466
0.743418
0.743484
0.743446
0.74341
0.743458
0.743391
0.743452
0.743443
0.743398
0.74344
0.743436
0.74344
0.743532
0.743399
0.743536
0.743536
0.743394
0.743383
0.743532
0.743516
0.743379
0.743365
0.743508
0.743362
0.743527
0.743501
0.743403
0.743407
0.743472
0.74336
0.74336
0.74349
0.743456
0.743408
0.743403
0.743431
0.743361
0.743366
0.743449
0.743402
0.743434
0.7434
0.74339
0.743425
0.743385
0.743372
0.743369
0.743308
0.743063
0.7433
0.743286
0.743052
0.743029
0.743281
0.743271
0.743023
0.743016
0.74327
0.743017
0.743314
0.743327
0.743075
0.7431
0.743275
0.743021
0.74304
0.743331
0.743337
0.743111
0.743131
0.743294
0.743049
0.743078
0.743338
0.743134
0.743327
0.743134
0.743125
0.743306
0.743119
0.743099
0.743089
0.742951
0.742678
0.742938
0.742912
0.742666
0.742637
0.742905
0.742897
0.74263
0.742614
0.742899
0.742613
0.742962
0.74299
0.742691
0.742719
0.742923
0.742615
0.742632
0.743
0.743021
0.742727
0.74274
0.742962
0.742639
0.742666
0.743024
0.742739
0.743012
0.742738
0.742722
0.742984
0.742714
0.742688
0.742676
0.742556
0.742236
0.742541
0.742511
0.742225
0.742197
0.742502
0.742486
0.74219
0.742175
0.742485
0.742173
0.742569
0.742598
0.742249
0.742284
0.7425
0.742175
0.742194
0.742605
0.742619
0.742292
0.742309
0.742537
0.742202
0.742235
0.742619
0.742309
0.742596
0.742309
0.742295
0.74256
0.742288
0.74226
0.742247
0.742095
0.741743
0.742081
0.742053
0.741733
0.741718
0.742047
0.742037
0.741717
0.741722
0.742039
0.741729
0.74211
0.742146
0.741756
0.741792
0.742062
0.741738
0.741771
0.742156
0.742177
0.741803
0.741832
0.742108
0.741782
0.741816
0.742179
0.74184
0.742165
0.741846
0.741852
0.742134
0.741851
0.741838
0.741827
0.741611
0.741339
0.7416
0.741589
0.741339
0.741347
0.74159
0.741603
0.741353
0.741377
0.741613
0.741387
0.741623
0.741655
0.741341
0.741355
0.741657
0.741397
0.741418
0.741665
0.741696
0.74136
0.741382
0.741699
0.741425
0.741439
0.741705
0.741391
0.741721
0.7414
0.741423
0.741716
0.74143
0.74144
0.74144
0.741252
0.741104
0.741254
0.741268
0.741111
0.741133
0.741276
0.7413
0.741143
0.74116
0.74131
0.741164
0.741251
0.741256
0.741098
0.741081
0.741332
0.741165
0.741158
0.741258
0.741274
0.741075
0.741071
0.741341
0.741153
0.741141
0.741283
0.741073
0.741316
0.741078
0.741096
0.741339
0.741103
0.741126
0.741134
0.741053
0.740961
0.741061
0.741083
0.740966
0.740976
0.74109
0.741104
0.740979
0.740981
0.741107
0.740978
0.741047
0.741026
0.740955
0.740931
0.741094
0.740974
0.740954
0.741017
0.741008
0.740922
0.740903
0.741068
0.740945
0.740923
0.741009
0.7409
0.741025
0.740899
0.740899
0.741053
0.740901
0.740911
0.740916
0.740922
0.74083
0.740926
0.740932
0.74083
0.740824
0.740932
0.740928
0.740821
0.740812
0.740925
0.740808
0.740916
0.740895
0.740828
0.74082
0.740901
0.740804
0.740792
0.740887
0.740867
0.740817
0.740804
0.740872
0.740789
0.740781
0.740864
0.7408
0.740858
0.740797
0.740786
0.740863
0.740783
0.740778
0.740779
0.740792
0.740711
0.740791
0.740783
0.740709
0.740701
0.74078
0.740769
0.740699
0.740692
0.740766
0.740691
0.740791
0.740789
0.740713
0.740718
0.740755
0.740689
0.74069
0.740787
0.740779
0.74072
0.740721
0.74075
0.740692
0.740698
0.740774
0.74072
0.74076
0.740718
0.740711
0.740749
0.740709
0.740701
0.740699
0.740685
0.740649
0.740683
0.740677
0.740649
0.740648
0.740675
0.74067
0.740649
0.74065
0.740669
0.74065
0.740687
0.740694
0.74065
0.740657
0.740671
0.740651
0.740656
0.740697
0.7407
0.740659
0.740665
0.740681
0.740658
0.740665
0.740699
0.740666
0.740694
0.740666
0.740667
0.740685
0.740668
0.740667
0.740666
0.740644
0.74067
0.740644
0.740645
0.74067
0.740674
0.740646
0.740648
0.740675
0.74068
0.740649
0.740681
0.740645
0.740651
0.740669
0.740671
0.740655
0.740682
0.740684
0.740653
0.740658
0.740672
0.740675
0.740663
0.740685
0.740687
0.740659
0.740676
0.740663
0.740677
0.740681
0.740664
0.740683
0.740687
0.740687
0.740685
0.740757
0.740685
0.74069
0.740758
0.740761
0.740692
0.740695
0.740762
0.740765
0.740696
0.740765
0.740685
0.740686
0.740756
0.740754
0.7407
0.740765
0.740764
0.740686
0.740688
0.740754
0.740754
0.7407
0.740764
0.740763
0.740688
0.740754
0.740694
0.740754
0.740757
0.740699
0.740758
0.740762
0.740762
0.740782
0.740863
0.740784
0.740787
0.740863
0.740865
0.740788
0.74079
0.740865
0.740867
0.740789
0.740866
0.740782
0.74078
0.740861
0.740858
0.740788
0.740866
0.740863
0.74078
0.740778
0.740857
0.740855
0.740785
0.740861
0.740859
0.740778
0.740854
0.740781
0.740854
0.740854
0.740784
0.740854
0.740857
0.740858
0.740884
0.740941
0.740885
0.740888
0.740942
0.740943
0.740888
0.740888
0.740944
0.740945
0.740888
0.740945
0.740884
0.740881
0.740941
0.740939
0.740885
0.740945
0.740943
0.74088
0.740877
0.740938
0.740937
0.74088
0.740942
0.740941
0.740876
0.740936
0.740876
0.740936
0.740936
0.740879
0.740937
0.74094
0.740941
0.740955
0.740999
0.740956
0.740959
0.740999
0.741002
0.74096
0.740961
0.741003
0.741007
0.740961
0.741008
0.740955
0.740955
0.740999
0.741001
0.740961
0.741009
0.741011
0.740955
0.740954
0.741002
0.741006
0.74096
0.741012
0.741015
0.740954
0.741007
0.740955
0.741007
0.74101
0.740958
0.741012
0.741015
0.741016
0.741015
0.74108
0.741015
0.74102
0.741081
0.741084
0.741021
0.741025
0.741087
0.741094
0.741026
0.741096
0.741015
0.74102
0.741081
0.741084
0.741032
0.741098
0.741103
0.741021
0.741025
0.741086
0.741093
0.741037
0.741105
0.741111
0.741026
0.741096
0.741033
0.741098
0.741104
0.741037
0.741106
0.741112
0.741112
0.741108
0.741211
0.741109
0.741115
0.741212
0.741217
0.741117
0.741124
0.74122
0.741229
0.741126
0.741231
0.741109
0.741114
0.74121
0.74121
0.741136
0.741233
0.741236
0.741116
0.741122
0.741211
0.741217
0.741142
0.741237
0.74124
0.741124
0.74122
0.741136
0.741222
0.74123
0.741142
0.741233
0.741239
0.74124
0.741249
0.74136
0.74125
0.741257
0.741362
0.741368
0.74126
0.741267
0.741371
0.741378
0.741269
0.741379
0.741248
0.741249
0.741358
0.741353
0.741276
0.74138
0.741378
0.74125
0.741253
0.741352
0.741352
0.741276
0.741377
0.741374
0.741254
0.741353
0.741266
0.741354
0.74136
0.741274
0.741362
0.74137
0.741372
0.741393
0.741464
0.741396
0.741404
0.741466
0.741471
0.741406
0.741411
0.741473
0.741477
0.741412
0.741477
0.741391
0.741387
0.741461
0.741453
0.74141
0.741476
0.74147
0.741385
0.741382
0.741451
0.741446
0.741403
0.741468
0.741461
0.741382
0.741446
0.74139
0.741445
0.741448
0.741398
0.741449
0.741456
0.741459
0.741476
0.74146
0.741478
0.741485
0.741462
0.741465
0.741486
0.741488
0.741466
0.741467
0.741487
0.741467
0.741473
0.741466
0.741458
0.741451
0.741481
0.741465
0.74146
0.741463
0.741457
0.741449
0.741444
0.74147
0.741457
0.741451
0.741456
0.741442
0.741459
0.741441
0.741442
0.741466
0.741443
0.741447
0.741449
0.741436
0.741299
0.741438
0.741441
0.7413
0.741302
0.741442
0.741442
0.741301
0.7413
0.741441
0.741299
0.741434
0.741428
0.741298
0.741294
0.741435
0.741298
0.741295
0.741426
0.741421
0.741292
0.741288
0.741426
0.741293
0.741288
0.74142
0.741287
0.74142
0.741286
0.741285
0.741423
0.741285
0.741286
0.741287
0.741228
0.74094
0.741229
0.741229
0.74094
0.740939
0.741229
0.741227
0.740938
0.740934
0.741226
0.740933
0.741227
0.741222
0.740939
0.740938
0.741221
0.740932
0.74093
0.741221
0.741218
0.740937
0.740933
0.741216
0.740929
0.740926
0.741217
0.740932
0.741213
0.740931
0.740929
0.741214
0.740928
0.740926
0.740925
0.740815
0.740366
0.740815
0.740812
0.740365
0.740363
0.740811
0.740808
0.740362
0.740356
0.740807
0.740355
0.740815
0.740812
0.740367
0.740369
0.740801
0.740354
0.740353
0.740811
0.740809
0.740369
0.740365
0.7408
0.740353
0.740352
0.740808
0.740363
0.740801
0.740362
0.740359
0.740799
0.740358
0.740353
0.740352
0.740191
0.739603
0.74019
0.740184
0.739602
0.739599
0.740183
0.74018
0.739598
0.739593
0.740179
0.739592
0.740191
0.740191
0.739605
0.73961
0.740174
0.739592
0.739593
0.740191
0.74019
0.73961
0.739609
0.740177
0.739594
0.739595
0.74019
0.739608
0.740182
0.739608
0.739605
0.740179
0.739604
0.739597
0.739596
0.739389
0.738695
0.739387
0.73938
0.738694
0.738692
0.739379
0.739378
0.738691
0.738688
0.739377
0.738687
0.73939
0.739391
0.738697
0.738703
0.739376
0.738688
0.738691
0.739391
0.739394
0.738704
0.738705
0.739381
0.738692
0.738694
0.739394
0.738705
0.739388
0.738705
0.738704
0.739384
0.738703
0.738697
0.738695
0.73845
0.737665
0.738449
0.738442
0.737665
0.737665
0.738442
0.738443
0.737665
0.737663
0.738443
0.737663
0.738451
0.738453
0.737666
0.737671
0.738443
0.737664
0.737668
0.738453
0.738458
0.737672
0.737672
0.73845
0.737668
0.737669
0.738458
0.737673
0.738455
0.737673
0.737675
0.738452
0.737675
0.737671
0.73767
0.737388
0.736501
0.737387
0.737384
0.736502
0.736504
0.737384
0.737386
0.736504
0.736503
0.737386
0.736503
0.737388
0.737388
0.736502
0.736505
0.737387
0.736503
0.736505
0.737389
0.737394
0.736505
0.736505
0.737391
0.736506
0.736506
0.737395
0.736505
0.737393
0.736505
0.736508
0.737393
0.736509
0.736507
0.736506
0.736182
0.735175
0.736182
0.73618
0.735176
0.73518
0.73618
0.736182
0.735182
0.735183
0.736181
0.735184
0.736182
0.736182
0.735175
0.735177
0.736179
0.735184
0.735186
0.736182
0.736185
0.735177
0.735176
0.736183
0.735187
0.735186
0.736185
0.735177
0.736184
0.735178
0.735183
0.736185
0.735184
0.735185
0.735186
0.734807
0.733686
0.734806
0.734805
0.73369
0.733691
0.734803
0.734801
0.733699
0.733712
0.7348
0.733719
0.734805
0.734803
0.733687
0.733684
0.7348
0.733716
0.733709
0.734803
0.734807
0.733684
0.733688
0.734801
0.733709
0.733717
0.734808
0.733687
0.734808
0.733691
0.733693
0.734803
0.7337
0.733714
0.733721
0.732865
0.733283
0.732896
0.733264
0.73327
0.73288
0.732876
0.733268
0.733094
0.733082
0.733056
0.731954
0.732034
0.732021
0.732262
0.733133
0.733057
0.733109
0.732032
0.732135
0.732257
0.732038
0.732923
0.733228
0.733229
0.732937
0.733238
0.732946
0.732931
0.732877
0.733263
0.733268
0.732869
0.733057
0.733269
0.733094
0.732021
0.732262
0.731954
0.732034
0.73311
0.733097
0.733134
0.732257
0.732038
0.732032
0.732136
0.732906
0.733244
0.733233
0.732902
0.733242
0.732899
0.732909
0.732876
0.733279
0.733266
0.732907
0.733277
0.732874
0.732895
0.732897
0.733249
0.733266
0.732892
0.733263
0.732901
0.732884
0.732974
47.2365
121.08
113.634
121.05
7.76175
30.1749
68.0771
75.8853
29.5576
165.606
2.7232
22.044
12.1481
47.9605
84.3779
2.81839
4.14675
1.7173
9.17668
5.32279
10.484
87.4791
7.27909
55.0864
54.1726
51.2814
34.9912
15.9632
1.52464
1.98587
0.852318
10.8542
0.98793
3.02764
12.2994
0.975713
31.4735
1.03619
30.3663
1.13868
9.1348
2.25118
18.6913
17.3022
10.551
15.3841
97.4018
2.57949
53.987
7.41157
14.707
11.0611
5.12002
14.8276
42.916
7.75184
1.37441
1.25322
2.06554
3.71353
5.76481
10.0117
4.73408
0.80723
11.84
0.714641
14.8922
0.712442
2.42821
12.9045
3.6287
1.60652
0.950119
0.798768
0.850588
0.864442
0.905393
1.00842
10.309
1.40497
1.29416
2.55383
10.096
2.21481
5.74994
3.90814
3.31928
1.07721
1.0289
0.856066
3.99611
1.71996
1.03271
10.5549
4.06081
10.9135
7.2397
0.85958
0.886425
3.05917
17.9639
1.21491
2.94972
0.799216
0.917406
2.65437
0.863216
0.817027
4.93044
44.3318
0.970616
1.15491
3.29185
34.6278
18.9271
7.06707
0.752761
9.06601
271.342
4.65118
162.537
2.49177
10.0115
7.8235
5.0577
0.84055
1.66732
1.5002
11.6477
2.11203
8.16791
0.981777
0.829102
0.922425
1.51441
0.733177
1.52395
11.82
14.2935
11.825
1.28903
0.828068
16.3351
5.30146
0.737789
2.62565
1.51261
0.762959
0.730307
6.59097
33.5059
17.39
9.03867
195.189
2.10071
202.79
52.7184
74.0484
3.24958
1.62746
17.1496
123.742
24.4854
88.5578
129.881
60.8114
89.1208
12.1807
130.875
43.1043
65.995
0.929316
1.07128
0.758129
0.716577
1.18823
0.687117
0.728943
0.682237
0.928438
0.71965
0.70628
0.998494
0.694406
0.705593
24.1076
15.6958
13.2251
3.89567
17.8361
24.1127
15.5148
1.58181
0.914474
2.9184
0.800171
4.70464
0.788124
1.81642
1.23383
0.742273
0.962255
0.731354
1.83062
0.739902
0.964297
1.14072
1.68666
0.780966
0.821992
1.34195
2.07833
0.773484
2.64843
1.19194
0.941167
1.1558
1.55615
0.989138
2.7982
1.06499
0.834267
1.32003
1.56589
1.94901
1.08665
0.861912
6.10011
1.07336
0.904948
3.08145
2.90729
1.1609
0.78476
1.25489
0.888917
1.81768
0.802765
0.776042
0.782912
0.782632
0.923151
0.806128
1.42499
0.864063
0.812705
0.862612
0.795069
0.758584
1.64401
0.812577
0.841971
0.866542
1.12597
0.78856
0.974846
0.782479
0.775969
0.8163
0.789772
0.842385
0.811403
0.717222
0.72118
0.715025
0.717517
0.71103
0.740937
0.75788
0.951744
1.88082
0.917149
1.17393
0.991907
1.41845
0.914568
0.749649
0.757222
0.775073
0.803058
0.902392
0.905696
0.812501
1.15058
0.803313
2.16559
2.8029
0.819882
1.63418
0.803557
2.79286
2.35578
0.867483
0.939564
2.36302
1.9243
0.864007
2.22189
0.795193
0.777948
2.81708
1.56793
2.69798
0.791426
0.807248
0.817656
1.106
1.7667
0.80001
0.928386
0.844002
0.757661
2.08064
1.04412
0.833301
1.27586
0.980475
0.760924
0.730947
0.931136
0.759283
0.753484
0.805356
0.802929
0.77662
0.73378
2.32985
0.754883
0.73456
0.745877
0.73352
0.952025
4.72767
4.91028
3.18431
1.97939
1.53435
0.845523
1.96338
9.85776
31.3911
6.59419
7.43102
41.1848
37.4272
3.79556
8.80487
17.2359
43.7368
8.00736
35.3628
36.1405
3.16476
7.21009
12.9421
17.9973
18.2051
5.08741
16.5522
18.2125
45.4363
43.4385
4.07344
25.6209
9.46238
55.272
12.3675
12.7166
17.3358
5.07751
6.67998
3.95832
9.40038
8.15442
3.23391
1.98813
6.52733
3.13687
2.75877
2.63349
8.70556
0.863757
0.926522
0.956374
0.924401
1.41269
1.05178
0.763602
0.825487
0.784747
0.761367
1.19013
0.914487
1.0194
0.995939
1.16117
1.21779
0.906945
0.763868
0.774267
0.847004
0.796218
0.756498
0.756363
0.775845
1.00392
1.0086
0.853032
0.783625
0.778766
0.875181
1.06468
0.951173
0.972858
0.798676
1.22765
0.843127
1.00198
0.852549
0.76729
0.786883
0.801783
0.77361
0.785778
0.88713
0.786397
0.793711
0.753924
0.757895
0.763286
0.770041
0.758167
0.759833
0.763851
0.773499
0.763798
0.776628
0.784444
0.780228
0.79454
0.768602
0.777208
0.769662
0.769461
0.773945
0.787996
0.784255
0.767332
0.760851
0.763299
0.768565
0.76175
0.764102
0.764668
0.779955
0.779019
0.7853
0.770004
0.787845
0.76766
0.776808
0.807087
0.78771
2.13464
0.937734
2.32331
1.46152
1.02266
1.54633
0.858295
6.70065
5.76674
4.03141
4.4844
0.862307
1.21914
1.40644
1.35271
0.884288
0.872554
1.21358
1.21819
0.80832
0.959133
0.862506
0.798234
0.749256
1.0266
0.774983
0.769746
1.53488
0.944734
1.88404
0.798078
0.929193
0.959289
0.740907
0.873361
0.77537
1.18295
0.749595
0.711978
0.76945
0.757423
0.73119
0.731473
0.766965
0.769128
0.769104
0.765014
0.726847
0.738647
0.786266
0.78228
0.77083
0.778436
0.777924
0.772144
0.776867
0.77221
0.774281
0.772569
0.776858
0.766444
0.763485
0.766886
0.770191
0.765745
0.764859
0.770657
0.773071
0.778922
0.771596
0.77647
1.02235
0.841068
0.97952
0.906398
0.86516
0.972429
0.872645
1.17719
0.934977
1.1182
2.68677
1.7102
0.930079
0.991475
0.939954
0.955766
4.37315
1.80062
2.40309
5.52405
3.07294
1.59956
1.92455
2.80097
2.21372
1.88974
6.01175
5.26081
11.1231
2.3218
0.964187
3.12671
10.9748
1.41606
1.36295
11.0014
0.740816
1.25809
5.06828
0.902327
0.827822
2.09952
0.895963
2.85922
6.35216
1.19265
9.98109
0.757291
3.74378
0.974925
0.771224
0.779218
0.767372
0.801841
0.758972
0.917069
6.20848
0.824046
1.06092
2.19056
6.45037
5.87867
1.09915
12.4562
1.17418
12.456
5.19896
12.9101
12.9079
0.971507
0.923847
0.747245
0.718386
0.739452
0.709189
0.792986
0.733492
0.717741
0.999148
0.906164
0.769628
0.872941
0.80935
0.728856
0.830497
0.922051
0.848128
1.06961
0.828591
0.876959
0.857192
0.709162
0.749996
0.797747
0.747179
0.760037
0.705886
0.769037
0.844529
0.843601
0.734027
0.729317
0.710516
0.761513
2.74264
2.92641
2.19944
4.97115
5.2408
2.48787
5.25739
0.754452
0.791112
1.58347
0.795693
1.07969
3.2024
1.21761
0.940526
1.104
0.744019
1.13794
0.798719
0.879427
1.95787
3.17927
2.08467
2.53197
1.76866
2.35199
1.51215
1.13848
0.750213
0.756075
0.87582
1.67612
0.973268
6.52596
0.732883
0.732524
0.732876
0.733273
0.733279
0.732868
0.732875
0.733264
0.733277
0.732906
0.733275
0.732894
0.732873
0.73288
0.733272
0.733257
0.732877
0.73327
0.732874
0.732887
0.731982
0.732525
0.731923
0.731967
0.732501
0.732458
0.732109
0.73204
0.732033
0.732481
0.732521
0.732429
0.73245
0.731933
0.732056
0.731965
0.732458
0.732408
0.732454
0.732407
0.73292
0.733263
0.732896
0.733264
0.733248
0.732891
0.733261
0.732883
0.7329
0.732923
0.733237
0.73324
0.732933
0.733251
0.732955
0.73293
0.731922
0.731968
0.732477
0.732442
0.732002
0.732478
0.731933
0.732061
0.731966
0.732434
0.732386
0.73244
0.732386
0.732239
0.732126
0.732089
0.732413
0.732399
0.732338
0.732368
0.732973
0.732294
0.732877
0.733258
0.733267
0.732902
0.733261
0.732885
0.732878
0.732877
0.733263
0.733267
0.732869
0.732877
0.733254
0.733264
0.732874
0.733263
0.732881
0.732872
0.731964
0.732466
0.732037
0.732064
0.73205
0.732431
0.732518
0.732417
0.732435
0.731902
0.731914
0.732459
0.732437
0.732041
0.731918
0.731916
0.73244
0.732402
0.732404
0.732436
0.732924
0.733246
0.732905
0.733233
0.733245
0.732902
0.733243
0.732908
0.732898
0.732906
0.733245
0.73325
0.732895
0.732181
0.732122
0.732069
0.732388
0.732391
0.732328
0.732355
0.73196
0.732437
0.732066
0.731916
0.731917
0.732403
0.732368
0.732367
0.732409
0.731898
0.731907
0.732431
0.732409
0.732877
0.733264
0.733254
0.732874
0.733264
0.732872
0.732881
0.732876
0.733269
0.732877
0.733268
0.733259
0.732902
0.733262
0.732878
0.732886
0.731902
0.731914
0.732459
0.732438
0.731918
0.732042
0.731917
0.732441
0.732403
0.732437
0.732404
0.731964
0.732467
0.732064
0.732037
0.73205
0.732432
0.732518
0.732436
0.732418
0.732907
0.733244
0.733249
0.732896
0.732924
0.73323
0.733229
0.732938
0.733238
0.732933
0.732947
0.732925
0.733246
0.731916
0.732066
0.731917
0.732403
0.732368
0.732408
0.732367
0.731899
0.731907
0.73243
0.732409
0.732122
0.732181
0.73207
0.732387
0.732391
0.732355
0.732328
0.73196
0.732436
0.732884
0.732524
0.73288
0.733258
0.733274
0.732877
0.733272
0.732888
0.732875
0.732866
0.733285
0.732876
0.733274
0.733281
0.732869
0.73204
0.732109
0.732034
0.732482
0.732522
0.732451
0.732429
0.732056
0.731933
0.731965
0.732459
0.732409
0.732408
0.732455
0.731983
0.732526
0.731923
0.731967
0.732502
0.732459
0.732923
0.733241
0.733239
0.732934
0.733253
0.73293
0.732956
0.732897
0.733266
0.733272
0.732881
0.732921
0.733264
0.732061
0.731933
0.731966
0.732435
0.732387
0.732386
0.732441
0.732126
0.73224
0.732089
0.732414
0.732399
0.732368
0.732338
0.731922
0.731968
0.732478
0.732443
0.732002
0.732479
0.732294
126.37
78.7927
177.738
175.622
38.7196
15.4516
8.74876
9.38058
46.691
13.9271
12.4581
17.3922
20.8964
36.7133
20.7944
17.3926
29.0325
17.3898
12.9179
47.4398
117.97
111.906
74.4127
16.4507
36.9545
2.50253
15.3036
10.0376
28.8099
4.9754
10.8898
10.4044
30.3948
30.3844
21.2253
21.2311
19.3537
74.0763
69.9093
167.176
69.9667
21.7495
63.9639
20.9017
55.2744
28.0882
29.1855
55.2651
39.6243
13.9369
32.9364
32.3587
74.4316
20.8784
85.8001
24.15
10.4738
11.0552
11.9699
5.61267
7.90511
15.0583
10.2077
6.09148
14.4309
13.4311
15.078
8.04179
15.0711
15.0353
11.1078
3.93771
2.40496
7.8709
17.0186
2.84827
25.7064
6.55541
0.834493
6.6232
1.6028
5.14681
3.09991
4.00321
2.42513
0.733132
0.691594
2.5151
0.846215
1.33587
1.70049
0.725463
0.794416
0.83488
0.793869
0.865419
0.886531
0.867762
0.834513
1.78826
7.23289
1.09265
1.79032
0.968476
0.874146
1.32344
0.929156
1.4282
0.931142
0.853927
4.10805
16.142
1.6485
41.5374
16.5258
1.60348
40.2565
0.905364
1.07631
34.8997
0.937485
0.918628
3.6554
0.987659
2.36047
1.70432
12.4359
2.18312
4.89394
7.31059
1.18641
3.64228
5.96711
26.5818
43.0048
6.54175
24.2834
3.89134
0.892513
0.784544
0.774461
0.776985
0.779025
0.776921
0.740874
0.738793
0.814636
0.816044
0.781612
0.792723
0.89349
0.854349
0.785573
0.771483
0.765427
0.759628
0.827957
0.768808
0.766271
0.760651
0.774168
0.767488
0.771446
0.769162
0.770159
0.771676
0.766007
1.2035
3.70086
3.00878
1.18284
0.766018
2.49816
1.12767
0.817005
0.769388
1.129
0.78486
0.762433
1.04372
1.47074
0.765881
0.764297
0.773499
0.853778
0.774759
0.768896
0.799894
0.778511
0.766687
0.773676
0.772397
2.46094
11.3517
3.20815
12.3302
12.4911
4.31571
14.3251
2.27236
3.14192
2.76043
11.7986
2.65169
2.30859
12.3281
16.0092
0.77587
0.773773
0.791193
0.794852
0.79281
0.794016
5.48526
1.59115
0.830823
0.791516
0.767532
1.38704
0.848467
0.776668
0.772213
0.763297
0.76891
0.763194
0.781649
0.771936
0.776051
0.770969
0.771851
0.771741
0.766808
0.768449
0.770509
0.772771
0.767872
1.17437
3.6059
3.60715
1.9598
0.764598
0.7961
0.78104
0.775542
0.762176
0.786615
0.770251
0.764647
0.773068
0.770993
0.769168
0.76874
0.76954
0.769576
0.769743
0.769945
0.767215
0.766451
0.770614
0.770522
0.767072
0.814601
0.80493
0.962827
0.810846
0.987398
0.808727
0.81093
0.791308
0.787011
0.82365
0.788101
0.830631
0.78237
0.797729
0.777859
1.22951
0.882842
0.757148
0.759104
0.761186
0.760941
2.43927
4.09484
0.824492
0.787598
0.777209
0.791412
0.785549
0.790415
0.783961
0.786657
0.780496
0.774818
0.78945
0.779445
0.781425
0.776066
0.770864
0.773673
0.774916
0.775925
0.772208
0.772319
0.774965
0.800224
0.807545
0.800403
1.12955
0.764995
0.77612
0.767622
0.785965
0.76718
0.773717
0.769895
0.772001
0.768348
0.772458
0.77124
0.771972
0.765726
0.774466
0.770133
0.769552
0.771299
0.770606
0.769385
0.770186
0.772624
0.796866
0.785652
0.803781
0.794598
0.802575
0.78032
0.797839
0.795084
0.78309
0.795785
0.776324
0.79441
0.781428
0.794727
0.784534
0.793617
0.852762
1.32895
1.38969
1.0288
1.39303
0.768711
0.771517
0.818725
0.779435
0.786111
0.817792
0.857891
0.774355
0.780081
0.785365
0.778405
0.772673
0.79306
0.775116
0.765948
0.765821
0.767444
0.765976
0.771305
0.767677
0.767583
0.765878
0.770713
1.25875
1.46922
1.20467
1.23289
0.765864
0.784148
0.788863
0.776453
0.768856
0.790781
0.804558
0.770443
0.772449
0.773218
0.765069
0.767524
0.796651
0.766885
0.773418
0.771794
0.775521
0.774227
0.772053
0.77228
0.775165
0.786877
0.784284
0.791949
0.792402
0.788909
0.794288
0.791376
0.787673
0.775217
0.782712
0.771318
0.792617
0.772925
0.779336
0.797905
0.768377
0.785717
0.771561
0.781608
0.812872
0.766246
0.7697
0.768556
0.79012
0.772132
0.793598
0.812265
0.770368
0.771003
0.829155
0.762974
0.761229
0.756052
0.753468
0.752727
0.775476
0.755331
0.773025
0.771438
0.769352
0.770514
0.771905
0.773778
0.768118
0.791177
0.896895
0.809903
0.887683
0.775564
0.791509
0.817839
0.768037
0.776292
0.785001
0.804746
0.761403
0.823063
0.765782
0.77747
0.764555
0.835317
0.786535
0.775148
0.776714
0.763731
0.758137
0.778718
0.773826
0.758868
0.805875
0.816549
0.795846
0.792776
0.798961
0.831747
0.796062
0.775331
0.781531
0.781711
0.835517
0.77393
0.784564
0.792072
0.782841
0.749334
0.751115
0.74936
0.748267
0.748828
0.748188
0.879835
0.813603
0.778408
0.795481
0.827013
0.813848
0.781275
0.816232
0.82603
0.759408
0.806349
0.767076
0.777204
0.774674
0.830857
0.779094
0.765532
0.758691
0.760214
0.763904
0.762295
0.764087
0.7644
0.850376
0.83592
0.853037
0.804562
0.76981
0.767006
0.771803
0.763716
0.765538
0.761772
0.762964
0.780464
0.829649
0.920551
0.789726
0.792865
0.785429
0.961539
0.881894
0.7712
0.791379
0.765868
0.766836
0.79569
0.829591
0.817279
0.812635
0.801133
0.780196
0.852274
0.786701
0.789523
0.815187
0.905796
0.910545
0.873816
0.820002
0.886449
0.875594
0.800162
0.747126
0.747126
0.754635
0.750668
0.753064
0.751819
1.82356
1.82712
0.763909
0.797568
0.774156
0.763409
0.757088
0.789378
0.759235
0.819527
0.830066
0.822772
0.809281
0.907401
0.808671
0.864573
0.91852
0.787266
0.807695
0.816667
0.787181
0.944176
0.927964
0.76696
0.773606
0.764354
0.778927
0.759524
0.758095
0.760376
0.774221
0.762875
0.754967
0.757207
0.811711
0.781106
0.875104
0.77283
0.823902
0.809416
1.09425
0.907515
0.800646
0.815975
0.781741
1.05447
0.798648
0.794584
0.765901
0.763558
0.770147
0.761653
0.769823
0.759521
0.766522
0.765637
0.7747
0.77022
0.770752
0.772542
0.777726
0.762786
0.927922
0.750841
0.750177
0.764617
0.756394
0.762158
0.757431
0.752851
0.899296
0.754195
0.784163
0.756932
0.745457
0.755201
0.759379
0.758315
0.980361
0.769582
0.829445
0.796906
0.867738
0.757288
0.763968
0.782255
1.06208
0.996975
1.07598
0.859485
0.887675
0.871253
2.65042
1.83319
1.25543
1.88472
0.776207
0.772988
0.760069
0.865092
0.780557
0.959138
0.798444
0.769734
0.885999
1.15723
0.775223
0.749025
0.972576
0.935763
0.755925
0.757497
0.755351
0.744076
0.767551
0.747523
0.749679
0.746722
0.744254
0.748404
0.773364
0.744386
0.747098
0.769878
1.12381
0.987312
0.780727
0.785165
0.958158
1.15976
0.788729
6.04054
0.756718
0.755128
0.778323
0.768441
0.776695
0.771347
0.746386
0.74575
0.764711
0.749859
0.770609
0.75033
0.781079
0.751037
0.774095
0.852847
0.752774
0.749054
0.839222
0.80791
0.755244
0.744917
0.743876
0.770164
0.769371
0.830051
0.746095
0.753374
0.759789
0.794745
0.766956
0.994261
0.745662
0.771912
1.33265
0.825572
0.750261
0.746228
0.981578
0.785881
0.7496
0.953664
0.872362
0.749733
0.75134
0.895735
0.937841
0.747988
0.743545
0.745761
0.742998
0.747432
0.743415
0.745732
3.66225
0.873099
5.99071
4.98547
1.84332
1.02059
7.21296
5.80991
2.46679
3.54075
1.39807
6.24894
2.33468
3.03524
1.02227
0.765039
0.76095
0.905168
0.781398
0.80584
0.78754
0.751142
0.750248
0.803593
0.756236
0.76812
0.763108
0.822408
0.769489
0.763717
0.774543
0.75364
0.743856
0.809123
0.752564
0.748245
0.743285
0.742855
0.742924
0.743102
0.744663
0.74287
0.742874
0.743014
0.749601
0.748452
0.748484
0.749569
0.74557
0.751402
0.744832
0.748057
0.744809
0.743947
0.743391
0.743016
0.755682
0.791371
0.742877
0.742792
0.742753
0.743379
0.746514
0.743481
0.749674
0.742784
0.764675
0.7428
0.743103
0.822693
0.824132
1.38249
0.751758
1.74601
0.747822
0.776375
0.941239
1.07635
1.21739
0.781146
1.20627
0.842861
0.879152
0.899224
0.785296
0.781632
0.795835
1.01596
0.93528
0.947426
0.760329
0.757931
0.819301
0.773466
0.759044
0.805599
0.799484
0.769492
0.752264
0.744331
0.745253
0.742989
0.751297
0.743043
0.743713
0.742957
0.742928
0.742906
0.742911
0.74293
0.742908
0.742927
0.742934
0.759261
0.755653
0.755149
0.75927
0.74392
0.746158
0.743023
0.7486
0.74333
0.747921
0.742939
0.742853
0.742793
0.742838
0.742915
0.742948
0.742893
0.742936
0.742896
0.742878
0.742857
0.742896
0.742869
0.742904
0.742889
0.743051
0.74309
0.744091
0.744772
0.743023
0.744623
0.744129
0.742813
0.742805
0.742791
0.742808
0.742797
0.742818
0.742803
0.742857
0.752819
0.853108
0.743117
0.743092
0.743073
0.743114
0.78403
0.770876
0.755312
0.758117
0.744245
0.756429
0.743447
0.744476
0.743162
0.743093
0.743061
0.743072
0.743194
0.743221
0.743165
0.743197
0.743143
0.743089
0.743086
0.743141
0.74309
0.743142
0.743141
0.767161
0.766016
0.764692
0.777633
0.743039
0.7438
0.743
0.743255
0.743126
0.743123
0.743108
0.743068
0.743015
0.743056
0.74315
0.743184
0.74313
0.743165
0.743123
0.743081
0.743067
0.743121
0.743077
0.743129
0.743115
0.743011
0.743299
0.744974
0.744398
0.743172
0.743057
0.743189
0.743034
0.742999
0.742982
0.743026
0.742996
0.74304
0.743021
0.743087
0.743313
0.743275
0.743348
0.743305
0.743312
0.743341
0.743497
0.753948
0.743284
0.743238
0.74325
0.74334
0.743359
0.743309
0.743327
0.743328
0.743273
0.7433
0.743379
0.7434
0.743346
0.743369
0.743358
0.743319
0.743313
0.743363
0.743315
0.743362
0.743358
0.74321
0.743312
0.743196
0.74322
0.743225
0.743187
0.743201
0.743284
0.743296
0.743261
0.743267
0.743276
0.74322
0.743248
0.743313
0.743337
0.74328
0.743303
0.743314
0.743292
0.743272
0.74332
0.743282
0.743327
0.743307
0.743186
0.743152
0.74315
0.743188
0.743153
0.743191
0.743185
0.743211
0.743192
0.743177
0.743211
0.743188
0.743221
0.743203
0.743264
0.743433
0.743417
0.743459
0.74344
0.743446
0.743455
0.743373
0.743351
0.743406
0.74336
0.743374
0.743426
0.74344
0.743395
0.743406
0.743439
0.74339
0.743407
0.743453
0.743464
0.743418
0.74343
0.743453
0.743443
0.743437
0.743461
0.743437
0.743458
0.743454
0.743338
0.743322
0.743313
0.743347
0.743341
0.743309
0.743311
0.74337
0.743373
0.743343
0.743342
0.743373
0.743318
0.743336
0.743382
0.743396
0.743346
0.743359
0.743395
0.743398
0.743375
0.743407
0.743383
0.743411
0.743389
0.743292
0.743278
0.743279
0.743302
0.743275
0.7433
0.743295
0.743297
0.743292
0.743281
0.743303
0.743287
0.743308
0.743293
0.74334
0.743516
0.743498
0.743531
0.743514
0.743516
0.74353
0.743454
0.74343
0.743473
0.74343
0.743437
0.743507
0.743515
0.743471
0.743476
0.743488
0.743446
0.743453
0.743521
0.74352
0.743482
0.743482
0.743491
0.743487
0.743479
0.743506
0.743478
0.7435
0.743495
0.74341
0.743398
0.743389
0.743421
0.743403
0.743369
0.743368
0.743436
0.743438
0.743399
0.743398
0.743417
0.743371
0.743379
0.743441
0.743443
0.743399
0.743401
0.743431
0.743435
0.743414
0.743445
0.74342
0.743447
0.743427
0.743349
0.743339
0.74334
0.743363
0.743334
0.743359
0.743355
0.743344
0.743339
0.74333
0.743352
0.743333
0.743355
0.743341
0.74338
0.743587
0.743573
0.743589
0.743579
0.743578
0.743591
0.743531
0.743509
0.743554
0.743513
0.743517
0.743563
0.743565
0.743535
0.743537
0.743548
0.743518
0.743512
0.743561
0.743549
0.743531
0.743519
0.743529
0.743531
0.743522
0.743548
0.743519
0.743539
0.743535
0.743481
0.74347
0.743457
0.743495
0.743473
0.743433
0.743431
0.743497
0.743496
0.743462
0.743458
0.743468
0.74343
0.743427
0.743491
0.743481
0.743454
0.743447
0.743467
0.743472
0.743452
0.743484
0.743456
0.743483
0.743467
0.743413
0.743396
0.743397
0.743426
0.743391
0.743422
0.743418
0.743406
0.743391
0.743383
0.743414
0.743385
0.743414
0.743405
0.743426
0.743512
0.743541
0.743502
0.743535
0.743533
0.743506
0.7435
0.743513
0.743523
0.743511
0.743509
0.743425
0.743419
0.743426
0.74342
0.743503
0.743501
0.743486
0.743412
0.7434
0.743411
0.743398
0.743465
0.743497
0.743492
0.743476
0.743489
0.743471
0.74347
0.743475
0.743489
0.74348
0.743484
0.743483
0.743466
0.74346
0.743419
0.743413
0.743417
0.743411
0.743459
0.743451
0.743442
0.743402
0.743388
0.743402
0.74339
0.743437
0.743459
0.743449
0.743448
0.743449
0.743444
0.74344
0.743443
0.74344
0.743442
0.743451
0.743437
0.743448
0.743447
0.743431
0.743428
0.743429
0.743436
0.743427
0.743434
0.743432
0.743427
0.743221
0.743289
0.743205
0.743277
0.743274
0.743208
0.743265
0.743323
0.743264
0.743286
0.743275
0.743094
0.74308
0.743112
0.743098
0.743246
0.743266
0.743256
0.743071
0.743065
0.743089
0.743081
0.743208
0.743269
0.74327
0.743205
0.743269
0.743206
0.743207
0.743281
0.743331
0.743332
0.74328
0.743285
0.743307
0.743301
0.743127
0.743117
0.743147
0.743139
0.743263
0.743293
0.743281
0.743108
0.743097
0.743132
0.74312
0.743226
0.743276
0.743283
0.743224
0.743279
0.743221
0.74323
0.743291
0.743335
0.743335
0.743292
0.743332
0.743291
0.743292
0.743278
0.743317
0.743321
0.743278
0.743318
0.743274
0.74328
0.743253
0.742844
0.742919
0.742824
0.742903
0.7429
0.742828
0.742908
0.742983
0.742891
0.742925
0.742909
0.742718
0.7427
0.742733
0.742716
0.742874
0.742899
0.74289
0.742689
0.742678
0.742703
0.742692
0.742828
0.742904
0.742908
0.742821
0.742908
0.742824
0.742826
0.742934
0.743005
0.74301
0.742929
0.742929
0.74296
0.742949
0.742746
0.742731
0.742761
0.742747
0.742907
0.74294
0.742928
0.742718
0.742704
0.742736
0.742722
0.742857
0.742929
0.742941
0.74285
0.742937
0.742849
0.74286
0.742944
0.743022
0.743024
0.742944
0.743023
0.742941
0.742945
0.742925
0.743
0.74301
0.742925
0.743004
0.742918
0.742931
0.74289
0.742436
0.742519
0.74241
0.742498
0.742493
0.742415
0.742501
0.742591
0.742499
0.742531
0.742514
0.742293
0.742277
0.742311
0.742296
0.742472
0.742499
0.742484
0.742262
0.742249
0.74228
0.742266
0.742402
0.742484
0.742488
0.742399
0.742486
0.7424
0.742402
0.742526
0.74261
0.742615
0.742521
0.742526
0.742554
0.74254
0.742322
0.742308
0.742337
0.742325
0.742494
0.742526
0.74251
0.742293
0.742277
0.74231
0.742294
0.742427
0.742503
0.742517
0.742422
0.742511
0.742419
0.742431
0.742523
0.74261
0.742614
0.742527
0.74261
0.742522
0.742526
0.742498
0.742579
0.742591
0.742501
0.742583
0.742492
0.742506
0.74246
0.741957
0.742058
0.74194
0.742041
0.742037
0.741942
0.742027
0.742133
0.742037
0.742073
0.742061
0.741802
0.741796
0.741828
0.741822
0.742015
0.742047
0.742037
0.741788
0.741786
0.741814
0.741812
0.741959
0.742044
0.742047
0.74195
0.742047
0.741954
0.741957
0.742059
0.742157
0.742164
0.742052
0.742079
0.742108
0.742099
0.741848
0.741846
0.74187
0.741868
0.742054
0.742086
0.742074
0.741839
0.741834
0.74186
0.741855
0.741994
0.742069
0.742083
0.741986
0.742078
0.741984
0.741998
0.742085
0.742175
0.742177
0.742082
0.742176
0.74208
0.742085
0.742073
0.742152
0.742162
0.742072
0.742155
0.742066
0.742078
0.742036
0.741505
0.741587
0.74151
0.741584
0.741586
0.741506
0.741543
0.74164
0.741575
0.741594
0.741598
0.741381
0.741392
0.741393
0.741405
0.741582
0.741599
0.741605
0.7414
0.741413
0.741415
0.741428
0.741567
0.741628
0.741635
0.741552
0.741636
0.74156
0.741562
0.741573
0.741663
0.741671
0.741565
0.741622
0.741637
0.741642
0.741411
0.741423
0.741426
0.741438
0.741628
0.741643
0.741646
0.741433
0.741445
0.741446
0.741457
0.741603
0.741665
0.741678
0.741593
0.741675
0.741595
0.741603
0.741627
0.741716
0.741716
0.741614
0.741721
0.74162
0.741621
0.741639
0.741721
0.741727
0.741633
0.741726
0.741634
0.741638
0.741626
0.741217
0.741259
0.741241
0.741273
0.741279
0.741235
0.741195
0.741251
0.741249
0.741233
0.74125
0.741125
0.741143
0.741114
0.741132
0.741279
0.741267
0.741283
0.741159
0.741172
0.74115
0.741164
0.741279
0.741322
0.741324
0.741271
0.741327
0.741275
0.741274
0.741195
0.741254
0.741258
0.741193
0.741258
0.741248
0.741263
0.741109
0.741125
0.741106
0.74112
0.74129
0.741277
0.741292
0.741142
0.741159
0.741135
0.741151
0.741285
0.741338
0.741338
0.741279
0.741341
0.741284
0.74128
0.74123
0.7413
0.741297
0.741219
0.741303
0.741226
0.741224
0.741257
0.741329
0.741323
0.741251
0.741328
0.741258
0.741251
0.741275
0.741049
0.741076
0.741068
0.741093
0.741097
0.741065
0.741003
0.741031
0.741057
0.741027
0.741039
0.740973
0.740979
0.740955
0.740961
0.741078
0.741053
0.741063
0.740985
0.740987
0.740967
0.740971
0.741065
0.741107
0.741105
0.741068
0.741105
0.741067
0.741065
0.740979
0.741012
0.74101
0.740983
0.741021
0.740998
0.741007
0.740935
0.740938
0.740919
0.74092
0.741047
0.741019
0.741032
0.740945
0.740951
0.740927
0.740934
0.741041
0.741091
0.741081
0.741043
0.741085
0.741046
0.741036
0.740976
0.741015
0.741014
0.740974
0.741016
0.740976
0.740975
0.740992
0.741038
0.741031
0.740988
0.741035
0.740994
0.740987
0.741014
0.740905
0.740934
0.740904
0.740938
0.740937
0.740905
0.740884
0.740905
0.740903
0.740891
0.740889
0.740836
0.74083
0.740829
0.740824
0.7409
0.740888
0.740886
0.740824
0.740819
0.740816
0.740811
0.740877
0.740916
0.740914
0.740884
0.740912
0.740881
0.740879
0.740865
0.740888
0.740882
0.74087
0.740872
0.74086
0.740857
0.74082
0.740814
0.740812
0.740805
0.74087
0.740856
0.740857
0.740806
0.740801
0.740799
0.740794
0.740855
0.740893
0.740886
0.74086
0.740887
0.740861
0.740854
0.740836
0.74086
0.74086
0.740843
0.740857
0.740839
0.740839
0.74083
0.740859
0.740854
0.740834
0.740855
0.740834
0.74083
0.740838
0.740761
0.740788
0.740752
0.740781
0.740779
0.740755
0.74077
0.740793
0.740766
0.740772
0.740765
0.740717
0.740712
0.740721
0.740715
0.740751
0.740755
0.740749
0.740705
0.7407
0.740707
0.740701
0.740734
0.740761
0.740759
0.740738
0.740758
0.740736
0.740735
0.74077
0.740791
0.740789
0.740771
0.740763
0.740767
0.740761
0.740725
0.74072
0.740726
0.740722
0.740747
0.740753
0.740746
0.740712
0.740705
0.740715
0.740709
0.740731
0.740752
0.740752
0.740733
0.740751
0.740731
0.740733
0.74075
0.740767
0.740768
0.740755
0.740764
0.740752
0.740753
0.740738
0.740753
0.740755
0.740742
0.740752
0.740739
0.740741
0.740733
0.740666
0.740679
0.740663
0.740675
0.740674
0.740663
0.740676
0.740692
0.740673
0.740681
0.740678
0.740651
0.740651
0.740656
0.740656
0.740666
0.740673
0.740669
0.740651
0.740651
0.740656
0.740655
0.740661
0.740669
0.740668
0.740661
0.740668
0.740661
0.740661
0.740684
0.740697
0.740699
0.740683
0.740685
0.74069
0.740689
0.740662
0.740663
0.740666
0.740667
0.740676
0.740685
0.740681
0.740663
0.740661
0.740667
0.740665
0.740669
0.740673
0.740676
0.740668
0.740676
0.740667
0.74067
0.740686
0.740697
0.740697
0.740686
0.740696
0.740686
0.740686
0.740682
0.740689
0.740692
0.740683
0.74069
0.740681
0.740683
0.740677
0.740649
0.740643
0.740653
0.740645
0.740646
0.740652
0.740651
0.740648
0.740649
0.74065
0.740653
0.740662
0.740666
0.740665
0.740668
0.740653
0.740656
0.740657
0.740669
0.740672
0.740672
0.740674
0.74066
0.740651
0.740651
0.740658
0.740652
0.740659
0.74066
0.740656
0.740652
0.740654
0.740655
0.740658
0.740658
0.740661
0.740667
0.740671
0.740669
0.740672
0.740662
0.740663
0.740664
0.740675
0.740677
0.740676
0.740679
0.740666
0.740658
0.740659
0.740664
0.74066
0.740664
0.740666
0.740663
0.740661
0.740661
0.740662
0.740662
0.740663
0.740662
0.740668
0.740664
0.740665
0.740667
0.740665
0.740668
0.740667
0.740669
0.74071
0.740688
0.740714
0.740691
0.740692
0.740713
0.740705
0.740684
0.7407
0.740697
0.740701
0.740744
0.740747
0.740743
0.740746
0.740706
0.740705
0.740707
0.74075
0.740752
0.740749
0.740751
0.740719
0.740698
0.740698
0.740718
0.740699
0.740719
0.740719
0.740706
0.740685
0.740686
0.740706
0.740702
0.740699
0.740702
0.740743
0.740746
0.740742
0.740745
0.740708
0.740706
0.740708
0.740749
0.740751
0.740748
0.74075
0.74072
0.740701
0.740701
0.740719
0.740701
0.74072
0.74072
0.74071
0.740691
0.74069
0.740709
0.740691
0.74071
0.74071
0.740716
0.740698
0.740696
0.740715
0.740697
0.740716
0.740714
0.740719
0.740813
0.740786
0.740816
0.740788
0.740789
0.740815
0.740808
0.740781
0.7408
0.740796
0.740798
0.740851
0.740852
0.740848
0.740849
0.740803
0.7408
0.740802
0.740853
0.740854
0.740851
0.740852
0.740816
0.74079
0.740789
0.740816
0.740789
0.740816
0.740816
0.740806
0.740779
0.740779
0.740806
0.740796
0.740793
0.740795
0.740846
0.740847
0.740844
0.740845
0.7408
0.740797
0.740799
0.740848
0.74085
0.740846
0.740847
0.740813
0.740788
0.740787
0.740813
0.740788
0.740813
0.740812
0.740804
0.740779
0.740779
0.740804
0.740779
0.740805
0.740804
0.740807
0.740783
0.740781
0.740806
0.740782
0.740807
0.740806
0.74081
0.740908
0.740887
0.74091
0.740889
0.740889
0.74091
0.740903
0.740882
0.740897
0.740894
0.740895
0.740933
0.740934
0.740932
0.740933
0.740899
0.740896
0.740897
0.740936
0.740936
0.740934
0.740935
0.740908
0.740887
0.740887
0.740909
0.740887
0.740908
0.740908
0.7409
0.74088
0.740879
0.740901
0.740892
0.740889
0.74089
0.74093
0.740931
0.740928
0.740929
0.740894
0.740891
0.740892
0.740932
0.740933
0.74093
0.740932
0.740904
0.740884
0.740883
0.740905
0.740883
0.740905
0.740904
0.740896
0.740876
0.740876
0.740897
0.740875
0.740897
0.740897
0.740898
0.740878
0.740877
0.740898
0.740877
0.740898
0.740897
0.740902
0.740972
0.740958
0.740974
0.74096
0.74096
0.740974
0.740969
0.740955
0.740965
0.740963
0.740965
0.740992
0.740994
0.740994
0.740996
0.740968
0.740966
0.740967
0.740996
0.740998
0.740998
0.740999
0.740976
0.740961
0.740961
0.740976
0.740961
0.740976
0.740976
0.74097
0.740955
0.740955
0.74097
0.740964
0.740963
0.740964
0.740995
0.740997
0.740996
0.740998
0.740967
0.740965
0.740967
0.740999
0.741001
0.741
0.741003
0.740977
0.740961
0.74096
0.740976
0.740961
0.740977
0.740977
0.740971
0.740954
0.740954
0.740971
0.740954
0.740972
0.740971
0.740974
0.740957
0.740956
0.740974
0.740957
0.740975
0.740973
0.740977
0.741035
0.741017
0.74104
0.74102
0.741022
0.741038
0.741035
0.741017
0.741028
0.741028
0.741031
0.741069
0.741073
0.741073
0.741077
0.741034
0.741034
0.741037
0.741077
0.74108
0.741081
0.741084
0.741049
0.741029
0.741029
0.741048
0.74103
0.741048
0.741049
0.74104
0.74102
0.741021
0.741039
0.741034
0.741034
0.741037
0.741077
0.741081
0.741081
0.741085
0.74104
0.74104
0.741043
0.741085
0.741088
0.741089
0.741093
0.741055
0.741034
0.741035
0.741053
0.741035
0.741054
0.741055
0.741051
0.74103
0.741029
0.741048
0.741031
0.74105
0.741049
0.741057
0.741036
0.741035
0.741055
0.741037
0.741056
0.741055
0.74106
0.741142
0.741111
0.741149
0.741116
0.741118
0.741147
0.74114
0.741111
0.741131
0.74113
0.741134
0.741195
0.7412
0.741198
0.741203
0.74114
0.741139
0.741144
0.741205
0.74121
0.741208
0.741213
0.741163
0.741131
0.741131
0.74116
0.741133
0.741161
0.741162
0.741145
0.741115
0.741117
0.741143
0.741139
0.741138
0.741143
0.7412
0.741206
0.741203
0.741209
0.741148
0.741148
0.741152
0.741211
0.741216
0.741214
0.741219
0.74117
0.741139
0.741139
0.741167
0.74114
0.741168
0.741169
0.74116
0.74113
0.74113
0.741157
0.741132
0.741159
0.741158
0.741169
0.74114
0.741139
0.741166
0.741141
0.741169
0.741167
0.741173
0.741291
0.741254
0.741299
0.74126
0.741262
0.741297
0.741282
0.741247
0.741275
0.741271
0.741276
0.741345
0.74135
0.741343
0.741348
0.741286
0.741282
0.741287
0.741355
0.74136
0.741353
0.741358
0.74131
0.741273
0.741274
0.741308
0.741275
0.741309
0.741309
0.741282
0.741248
0.741249
0.741282
0.741277
0.741273
0.741278
0.741342
0.741347
0.741341
0.741346
0.741288
0.741284
0.741289
0.741352
0.741357
0.741351
0.741356
0.74131
0.741277
0.741277
0.741309
0.741278
0.74131
0.741309
0.741293
0.74126
0.741259
0.74129
0.741261
0.741292
0.741291
0.741302
0.741272
0.741269
0.7413
0.741271
0.741303
0.7413
0.741309
0.741428
0.741401
0.741434
0.741407
0.741408
0.741433
0.741414
0.741387
0.741414
0.741406
0.74141
0.741456
0.74146
0.741451
0.741455
0.741422
0.741415
0.741419
0.741464
0.741466
0.741459
0.741462
0.741437
0.741412
0.741412
0.741438
0.741412
0.741438
0.741437
0.741408
0.741383
0.741383
0.741409
0.741407
0.741399
0.741403
0.741447
0.74145
0.741442
0.741445
0.741416
0.741408
0.741412
0.741454
0.741457
0.741449
0.741453
0.741431
0.741409
0.741407
0.741432
0.741408
0.741433
0.74143
0.741409
0.741385
0.741384
0.741408
0.741386
0.741409
0.741408
0.741415
0.741395
0.741392
0.741414
0.741394
0.741416
0.741413
0.741424
0.741484
0.741483
0.741489
0.741487
0.741488
0.741488
0.741471
0.741468
0.741481
0.741472
0.741475
0.741467
0.74147
0.741462
0.741465
0.741486
0.741478
0.741481
0.741472
0.741473
0.741467
0.741469
0.741486
0.741486
0.741485
0.741488
0.741485
0.741487
0.741486
0.741464
0.741462
0.741461
0.741466
0.74147
0.741462
0.741465
0.741458
0.741459
0.741453
0.741455
0.741476
0.741468
0.741471
0.741462
0.741464
0.741457
0.741459
0.741477
0.741479
0.741476
0.741479
0.741477
0.741479
0.741476
0.741458
0.741456
0.741456
0.741459
0.741456
0.741459
0.741458
0.741461
0.741462
0.74146
0.741461
0.741461
0.741463
0.74146
0.741469
0.741406
0.741441
0.741407
0.741443
0.741443
0.741407
0.741397
0.741431
0.741422
0.741416
0.741417
0.741329
0.74133
0.741326
0.741326
0.741424
0.741419
0.74142
0.74133
0.74133
0.741327
0.741327
0.741403
0.741439
0.741438
0.741404
0.741438
0.741404
0.741403
0.741392
0.741426
0.741425
0.741393
0.741412
0.741408
0.741408
0.741323
0.741323
0.74132
0.741319
0.741415
0.741409
0.741411
0.741323
0.741324
0.74132
0.741321
0.741396
0.741433
0.74143
0.741398
0.741431
0.741398
0.741396
0.741386
0.741419
0.741419
0.741387
0.741419
0.741386
0.741386
0.741386
0.741421
0.741419
0.741387
0.74142
0.741388
0.741386
0.741391
0.741148
0.74123
0.741147
0.741229
0.741229
0.741147
0.741144
0.741225
0.741189
0.741187
0.741186
0.740996
0.740994
0.740994
0.740992
0.741187
0.741185
0.741185
0.740993
0.740991
0.740991
0.74099
0.741141
0.741224
0.741223
0.741142
0.741223
0.741141
0.741141
0.741141
0.741222
0.741221
0.741141
0.741184
0.741182
0.741181
0.740992
0.740991
0.74099
0.740988
0.741183
0.74118
0.74118
0.740989
0.740988
0.740987
0.740986
0.741137
0.74122
0.741218
0.741138
0.741219
0.741138
0.741137
0.741134
0.741214
0.741215
0.741135
0.741214
0.741135
0.741135
0.741132
0.741213
0.741212
0.741133
0.741212
0.741133
0.741133
0.741133
0.740678
0.740813
0.740675
0.740811
0.74081
0.740676
0.74068
0.740814
0.740746
0.740747
0.740745
0.740447
0.740445
0.740447
0.740444
0.740742
0.740743
0.740741
0.740442
0.74044
0.740442
0.740439
0.740667
0.740803
0.740803
0.740669
0.740802
0.740668
0.740668
0.740679
0.740812
0.740811
0.740679
0.740743
0.740744
0.740742
0.740446
0.740443
0.740445
0.740442
0.740739
0.74074
0.740738
0.740441
0.740438
0.74044
0.740437
0.740665
0.7408
0.7408
0.740666
0.7408
0.740666
0.740666
0.740671
0.740804
0.740805
0.740672
0.740804
0.740671
0.740672
0.740667
0.7408
0.7408
0.740668
0.7408
0.740668
0.740668
0.740664
0.740003
0.740187
0.739999
0.740183
0.740183
0.74
0.74001
0.740192
0.740095
0.740098
0.740095
0.739706
0.739703
0.739706
0.739703
0.74009
0.740093
0.74009
0.7397
0.739697
0.739701
0.739698
0.739992
0.740176
0.740175
0.739993
0.740175
0.739993
0.739993
0.740011
0.740192
0.740192
0.740011
0.740095
0.740098
0.740095
0.739707
0.739704
0.739708
0.739705
0.740089
0.740092
0.740089
0.739701
0.739699
0.739702
0.739699
0.739992
0.740173
0.740174
0.739993
0.740174
0.739992
0.739993
0.740005
0.740186
0.740187
0.740006
0.740186
0.740005
0.740006
0.74
0.74018
0.740181
0.740002
0.74018
0.740001
0.740002
0.739994
0.739162
0.739383
0.739159
0.739379
0.739379
0.739159
0.739172
0.739392
0.739274
0.739278
0.739275
0.738815
0.738813
0.738817
0.738815
0.739269
0.739273
0.73927
0.738811
0.738809
0.738813
0.73881
0.739156
0.739376
0.739376
0.739155
0.739376
0.739155
0.739156
0.739174
0.739393
0.739393
0.739174
0.739277
0.739281
0.739279
0.738819
0.738817
0.738821
0.738819
0.739272
0.739276
0.739273
0.738815
0.738813
0.738817
0.738814
0.739158
0.739376
0.739377
0.739159
0.739377
0.739158
0.739159
0.739172
0.739391
0.739392
0.739173
0.739391
0.739172
0.739173
0.739169
0.739385
0.739387
0.73917
0.739386
0.739169
0.73917
0.739161
0.738194
0.738445
0.738192
0.738442
0.738441
0.738192
0.738201
0.738453
0.738323
0.738326
0.738325
0.737803
0.737802
0.737804
0.737803
0.73832
0.738324
0.738322
0.737801
0.7378
0.737803
0.737801
0.738192
0.738443
0.738443
0.738191
0.738443
0.738192
0.738193
0.738204
0.738455
0.738455
0.738204
0.738328
0.73833
0.738329
0.737806
0.737805
0.737807
0.737807
0.738324
0.738328
0.738326
0.737805
0.737803
0.737806
0.737804
0.738195
0.738444
0.738445
0.738196
0.738445
0.738195
0.738196
0.738206
0.738458
0.738457
0.738205
0.738457
0.738205
0.738206
0.738204
0.738454
0.738455
0.738205
0.738454
0.738204
0.738205
0.738198
0.737103
0.737385
0.737103
0.737384
0.737384
0.737103
0.737105
0.737389
0.73725
0.737251
0.737252
0.736658
0.736657
0.736659
0.736658
0.73725
0.737251
0.737252
0.736658
0.736656
0.736658
0.736656
0.737104
0.737386
0.737387
0.737103
0.737387
0.737103
0.737104
0.737106
0.73739
0.73739
0.737106
0.737253
0.737253
0.737254
0.736659
0.736658
0.73666
0.736658
0.737253
0.737254
0.737254
0.736659
0.736657
0.736659
0.736657
0.737106
0.737388
0.737388
0.737106
0.737388
0.737105
0.737106
0.737109
0.737395
0.737395
0.737108
0.737395
0.737108
0.737109
0.73711
0.737393
0.737394
0.737111
0.737394
0.73711
0.73711
0.737107
0.735861
0.73618
0.735863
0.73618
0.73618
0.735863
0.735861
0.736182
0.736033
0.736031
0.736033
0.735354
0.735348
0.735352
0.735351
0.736036
0.736033
0.736035
0.735349
0.735343
0.735351
0.735344
0.735865
0.73618
0.73618
0.735865
0.736179
0.735865
0.735864
0.735862
0.736183
0.736183
0.735862
0.736033
0.736032
0.736035
0.735353
0.735351
0.735354
0.735349
0.736036
0.736035
0.736037
0.735351
0.735345
0.735349
0.735343
0.735866
0.736179
0.73618
0.735866
0.73618
0.735865
0.735866
0.735863
0.736186
0.736185
0.735863
0.736185
0.735863
0.735863
0.735867
0.736185
0.736185
0.735867
0.736185
0.735867
0.735866
0.735866
0.734454
0.734806
0.734459
0.734804
0.734804
0.734458
0.73445
0.734804
0.734651
0.734644
0.734645
0.733885
0.733856
0.733865
0.733864
0.734662
0.734646
0.734658
0.733852
0.733837
0.733861
0.733841
0.734467
0.734799
0.7348
0.734466
0.734799
0.734467
0.734467
0.73445
0.734803
0.734803
0.734449
0.734645
0.734643
0.734652
0.733865
0.733863
0.733885
0.733856
0.734659
0.734653
0.734663
0.733861
0.733841
0.733852
0.733837
0.734466
0.7348
0.7348
0.734467
0.7348
0.734466
0.734467
0.734455
0.73481
0.734808
0.734454
0.734809
0.734453
0.734455
0.734462
0.734805
0.734806
0.734462
0.734806
0.734463
0.73446
0.734467
0.757655
0.759388
0.78267
0.830721
0.781392
0.776403
0.806216
0.776237
0.837361
0.770894
0.755945
0.765275
0.761613
0.787844
0.791383
0.828409
0.772697
0.799556
0.778473
0.776921
0.772988
0.773994
0.774965
0.783712
0.7777
0.776921
0.768145
0.759191
0.768279
0.782609
0.766347
0.768388
0.773489
0.772535
0.854203
0.819347
0.820114
0.7907
0.798532
0.78361
0.784715
0.785037
0.770956
0.796497
0.770647
0.780558
0.832754
0.782789
0.816612
0.783688
0.777553
0.778004
0.780864
0.777007
0.783378
0.780497
0.782355
0.788245
0.780628
0.788205
0.786356
0.788813
0.798877
0.89278
0.859321
0.828518
0.805249
0.833714
0.834605
0.78825
0.776805
0.78458
0.779349
0.784927
0.781366
0.795893
0.778764
0.77799
0.74874
0.742845
0.736399
0.735808
0.747206
0.747282
0.741089
0.762396
0.729047
0.728387
0.771342
0.735897
0.763891
0.726879
0.729369
0.778595
0.742187
0.770858
0.739989
0.748139
0.737186
0.747997
0.74953
0.748278
0.749584
0.740824
0.742374
0.729971
1.24502
0.83369
0.815052
0.73304
0.854175
0.797642
1.03535
0.752875
0.821542
0.775702
0.774241
0.772533
0.763833
0.768672
0.769013
0.7676
0.764719
0.762816
0.768251
0.775694
0.772374
0.771227
0.773556
0.76834
0.768764
0.771888
0.766223
0.7705
0.764812
0.769849
0.771858
0.773171
0.767074
0.764431
0.763443
0.769457
0.762089
0.768276
0.768415
0.771062
0.773587
0.772265
0.772709
1.41342
2.64819
5.79053
4.08736
1.01943
1.22821
2.125
9.25986
6.94116
7.09632
13.9564
13.941
12.1171
11.8429
5.90753
13.9475
4.93088
3.17172
1.79152
6.37537
3.42918
1.08287
1.91832
1.12109
1.43569
1.36543
2.89552
7.51246
7.51459
7.50458
5.28569
1.43671
3.85688
2.42994
10.6132
3.32149
0.781077
1.11832
0.832239
0.778521
0.974806
11.1996
3.73943
2.19529
5.69437
0.93634
9.4268
8.7827
4.0433
0.774324
0.763969
0.770235
0.770791
0.771397
0.770809
0.773549
0.77715
0.773517
0.775722
0.774701
1.16983
2.84071
0.774411
1.01626
0.840323
4.18167
0.789867
1.4275
0.795315
14.567
10.1157
2.19462
2.21355
1.81553
6.73776
3.53261
2.76092
10.353
3.83895
13.7873
1.07641
1.037
10.5148
13.6474
8.07678
5.74525
0.962545
2.79782
2.26115
11.0753
2.48223
4.86905
1.73392
0.852157
1.90304
1.59992
6.70433
1.69464
13.8025
5.72719
11.1933
8.62098
20.0751
4.61423
4.88908
9.83351
4.45093
13.1969
12.9794
5.10118
13.9134
1.95844
2.98946
19.0809
17.5446
4.03229
20.0579
6.95568
1.57373
1.12283
1.76287
1.42109
7.00922
2.24361
8.76793
5.74901
1.46912
3.44623
2.55988
13.0058
2.8276
20.0633
9.17392
20.0727
7.19169
20.0634
5.98235
9.36922
0.88379
2.51448
0.782934
0.791441
0.778789
0.792882
0.810922
0.773058
0.827758
0.865828
0.781077
0.801705
0.891901
0.838469
0.868797
0.903453
0.919682
0.806799
0.883
0.947584
0.776859
0.819605
0.781551
0.766979
0.786075
0.776081
0.919396
1.4894
1.871
1.442
0.997579
1.18378
1.20915
0.870789
0.829134
0.772131
0.887636
0.827257
0.945392
0.851618
0.786987
0.790584
0.811707
0.896926
0.811299
0.843707
0.83782
0.865693
0.786998
0.783731
0.78273
0.773611
0.770571
0.792598
0.778411
0.766955
0.782167
0.768327
0.785893
0.769479
0.779545
0.772125
0.778318
0.78375
0.761932
0.773928
0.798812
0.768821
0.762543
0.773
0.767428
0.769653
0.773886
0.773428
0.763874
0.766197
0.772654
0.771238
3.43844
0.840833
0.892835
1.3505
1.1703
2.48868
1.38098
5.48152
3.24982
2.4349
4.64063
2.15481
0.955271
1.73359
0.821606
1.51357
0.923069
1.3965
5.48813
5.49174
4.35978
3.10017
4.97292
1.14091
4.96716
1.56483
3.25367
5.3131
0.987418
2.22253
2.55704
1.37869
0.786477
0.780685
0.798568
0.821789
0.971724
0.89804
0.775339
0.774026
0.770862
0.7646
0.770505
0.767998
0.769473
0.765687
0.771446
0.774461
0.773864
0.773316
0.774659
0.772034
0.768696
0.773345
0.772612
0.772233
0.770259
0.772801
0.774652
0.774472
0.771007
0.769419
0.769659
0.771276
0.768232
0.771164
0.771337
0.773366
0.772955
0.773181
0.773178
0.979598
1.67544
0.921011
0.820438
1.71952
1.13738
0.824401
0.879169
2.42717
0.935575
0.931374
1.29986
0.805547
1.62394
0.822366
0.855322
0.801382
0.782293
1.0028
0.780491
0.801629
0.788023
0.785507
0.786259
0.852846
0.786917
0.78857
0.788571
0.792334
0.796565
0.802841
0.792686
0.798252
0.796467
0.797329
0.797159
0.772078
0.772575
0.77226
0.773046
0.770672
0.771707
0.778005
0.774157
0.77449
0.767573
0.774849
0.77292
0.77475
0.768869
0.767744
0.769839
0.769542
0.769751
0.768665
0.769089
0.770647
0.771408
0.771438
0.770922
0.769067
0.771034
0.768042
0.774068
0.767245
0.773845
0.769307
0.772083
0.772716
0.807572
0.811254
0.810242
0.793147
0.873016
0.793615
0.901328
0.802901
0.8049
0.819954
1.28446
0.822936
1.62413
1.35061
0.810786
0.811418
0.80955
0.793036
0.806562
0.803822
0.812858
0.804818
0.804882
0.786974
0.785289
0.796731
0.793334
0.799008
0.800029
0.816968
0.807707
0.814095
0.803367
0.808159
0.80585
0.789065
0.781645
0.823544
0.777601
0.831297
0.779626
0.78551
0.792802
1.51377
1.18314
0.8007
0.790067
0.977451
0.790088
0.784972
0.781641
0.794305
0.782127
0.793949
0.791629
0.786669
0.776862
0.779911
0.788454
0.779126
0.78574
0.788609
0.796929
0.801263
0.803
0.797769
0.792178
0.794515
0.778312
3.62268
1.46239
0.920214
0.760255
0.783302
0.792873
1.78083
2.5542
1.58497
2.51829
1.44337
2.55807
1.39531
0.963543
0.763446
0.867527
0.842727
0.855566
0.794582
0.926998
1.39038
1.25757
1.38587
1.3881
1.10187
1.38835
1.3915
1.18627
0.83856
0.805253
1.4296
0.944734
0.870747
1.27293
0.874796
1.38907
0.815811
1.07031
0.85867
1.07942
0.761811
0.76596
0.767771
0.757968
0.805852
0.853134
0.761655
0.773124
0.835041
0.762262
0.767689
0.806731
0.776373
0.7633
0.765983
0.794343
0.763096
1.0954
0.840641
0.827972
0.759419
0.761863
0.78949
0.885818
1.2064
0.828181
0.88678
0.82319
0.87846
0.760912
0.766805
0.761671
0.779893
0.763654
0.774276
0.766104
0.772852
0.767906
1.58354
4.93223
0.942092
1.88069
2.00603
3.01593
0.955136
1.13774
0.834049
1.17256
1.02353
1.03957
0.827897
0.816249
0.871242
0.896762
0.891611
0.948656
1.2152
0.815643
1.08037
1.05822
0.79811
0.786643
1.25953
0.870956
0.807389
1.15404
1.47363
1.47492
1.06019
1.02304
0.884745
0.832773
1.06576
0.867684
1.15899
0.942847
0.771446
0.772971
0.769834
0.769962
0.770569
0.771067
0.770645
0.77037
0.770209
0.770719
0.771798
0.771881
0.771035
0.769026
0.77099
0.766988
0.772049
0.769266
0.772655
0.768036
0.769825
0.768753
0.769568
0.772442
0.77157
0.771156
0.771073
0.770479
0.769723
0.76969
0.770574
0.770673
0.769215
0.785822
0.793908
0.784493
0.784821
0.78781
0.858762
0.781198
0.792517
0.793935
0.792769
0.790606
0.797718
0.794866
0.795307
0.785647
0.795562
0.878567
1.47015
1.44804
1.04455
0.791098
0.803606
0.945575
0.783215
0.914979
0.781847
0.802946
0.78874
0.783381
0.791228
0.794401
0.783681
0.792034
0.786044
0.794769
0.787733
0.771145
0.770905
0.770891
0.771071
0.770428
0.769669
0.774878
0.774172
0.769786
0.770949
0.775986
0.773666
0.773187
0.770878
0.772939
0.771436
0.775116
0.770974
0.77448
0.771314
0.77096
0.770557
0.770875
0.770756
0.771234
0.777992
0.773928
0.780589
0.773044
0.778009
0.772167
0.773953
0.77452
0.796818
0.796842
0.793329
0.779215
0.796544
0.773373
0.797918
0.775262
0.793121
0.800367
0.805343
0.801241
0.803768
0.804579
0.802319
0.793585
0.794135
0.777133
0.792106
0.778159
0.794819
0.790041
0.788877
0.771482
0.773501
0.784109
0.773426
0.788492
0.7851
0.796693
0.793079
0.796456
0.794335
0.799481
0.792272
0.794801
0.783628
0.792397
0.78518
0.792723
0.784976
0.794721
0.80058
0.802665
0.800303
0.801986
0.799434
0.798156
0.797357
0.773216
0.775448
0.787708
0.778743
0.792456
0.795367
0.798225
0.790483
0.787031
0.798179
0.788644
0.798233
0.797822
0.801972
0.799061
0.802261
0.800389
0.801801
0.800316
0.78939
0.7799
0.779656
0.827401
1.39096
1.09167
1.02814
0.794998
0.774567
0.782225
0.791871
0.785031
0.799625
0.806934
0.798609
1.02935
0.801369
0.802344
0.858105
0.821074
0.804353
0.810626
0.832292
0.78769
0.784216
0.821908
0.7847
0.923046
0.84362
0.969249
0.960497
0.974413
0.964715
0.959358
0.829585
0.822516
0.782818
0.894759
0.788087
0.913013
0.838854
0.951118
0.792002
1.05701
1.18131
0.848091
0.801587
1.0118
0.913125
0.828659
0.935626
0.761823
0.805702
0.794179
0.803636
0.800693
0.851076
1.31201
0.835073
1.02942
1.00769
1.31108
1.19764
0.941025
0.786693
0.785943
0.782878
0.80781
0.79935
0.832314
1.0429
0.806314
0.85993
0.796306
0.877332
0.826459
0.939197
0.766653
0.771055
0.769653
0.770709
0.76979
0.77533
0.772727
0.772091
0.768443
0.794192
1.1655
0.85701
0.945979
0.797618
0.795439
0.94116
0.817819
0.830851
0.785883
0.882179
0.76798
0.767894
0.76977
0.776125
0.773611
0.770625
0.773044
0.770755
0.770724
0.785733
0.866693
0.860256
0.790231
0.790246
0.792039
0.781089
0.816586
0.782319
0.829341
0.795046
0.7679
0.768138
0.770393
0.771042
0.771475
0.77419
0.769958
0.771876
0.771279
0.768995
0.770121
0.768962
0.769563
0.76713
0.766778
0.766603
0.770694
0.765698
0.76968
0.767778
0.767424
0.768379
0.769977
0.77295
0.7709
0.772961
0.771168
0.770908
0.771128
0.768625
0.773892
0.769303
0.770973
0.89229
0.960942
0.795479
0.835659
0.849439
0.938786
0.807056
1.03031
0.84204
0.794605
0.784852
0.793476
0.790183
0.78629
0.787237
0.796713
1.13561
0.933159
1.01183
0.899178
0.914562
0.81069
0.825981
0.834733
0.878579
0.819174
0.897106
1.11494
0.920588
0.851654
0.792153
0.834522
0.857327
0.799138
0.803355
0.917573
0.772343
0.769936
0.77069
0.769998
0.779548
0.775231
0.785718
0.789867
0.774579
0.776194
0.789867
0.781203
0.776299
0.776008
0.772386
0.776744
0.770206
0.773611
0.773119
0.778626
0.778023
0.780092
0.772761
0.783846
0.784956
0.793333
0.774088
0.793837
0.77676
0.792734
0.78743
0.787223
0.790595
0.793426
0.792799
0.781426
0.789971
0.781555
0.782478
0.782617
0.806269
0.779077
0.790291
0.79249
0.788469
0.791266
0.791361
0.78748
0.788995
0.793226
0.813834
0.794352
0.808283
0.792746
0.792464
0.785004
0.822078
0.863015
0.783939
0.847003
0.781166
0.789294
0.78975
0.790826
0.786844
0.782876
0.785408
0.786377
0.796168
0.786902
0.799732
0.795112
0.798659
0.782875
0.798619
0.792994
0.793734
0.798318
0.788452
0.79727
0.800033
0.781532
0.781879
0.775339
0.775151
0.775785
0.776713
0.776075
0.79151
0.794171
0.774921
0.79224
0.778776
0.795621
0.785604
0.786986
0.781209
0.78531
0.780933
0.791923
0.784845
0.800863
0.903486
0.961455
0.756769
0.774985
0.77005
0.758742
0.815466
0.966906
0.925044
0.936491
0.882935
0.879792
0.84833
0.767666
0.767738
0.816262
0.757348
0.786067
0.755791
0.780532
0.760578
0.754258
0.753112
0.748988
0.750426
0.750338
0.789606
0.89735
0.803836
0.794338
0.837394
0.808072
0.771912
0.759467
0.753458
0.749987
0.760513
0.751901
0.765219
0.754387
0.774627
0.869129
0.765813
0.773166
0.771002
0.752651
0.780868
0.757474
0.755066
0.771368
0.796249
0.775949
0.77005
0.812136
0.771717
0.765435
0.756018
0.748585
0.75125
0.749177
0.763614
0.751136
0.751508
0.749761
0.748738
0.749109
0.750055
0.74996
0.748859
0.761064
0.763272
0.753778
0.749072
0.765585
0.752747
0.750538
0.772236
0.767745
0.77146
0.775004
0.770892
0.781088
0.770846
0.775802
0.770976
0.782244
0.856928
0.786637
0.846075
0.788917
0.778359
0.814755
0.780947
0.792638
0.775845
0.814421
0.773712
0.787296
0.773994
0.799951
0.826399
0.774252
0.784923
0.77256
0.782533
0.774316
0.804395
0.823068
0.77197
0.779732
0.782995
0.768765
0.805342
0.770996
0.808844
0.771722
0.774591
0.773476
0.7726
0.767388
0.774249
0.760555
0.77326
0.76345
0.772682
0.776971
0.778838
0.776633
0.779127
0.767758
0.764942
0.757332
0.754851
0.768601
0.759797
0.757134
0.769747
0.758124
0.765898
0.755918
0.754493
0.756801
0.756957
0.763722
0.756568
0.771161
0.760506
0.773118
0.758917
0.786822
0.797797
0.812041
0.774158
0.826381
0.793767
0.791111
0.789002
0.828229
0.8547
0.845698
0.898134
0.828195
0.907857
0.835446
0.896339
0.804079
0.870294
0.885867
0.831021
0.778225
0.777056
0.817181
0.770874
0.804926
0.77255
0.776639
0.776715
0.775312
0.798197
0.83728
0.779665
0.79553
0.802984
0.84368
0.775997
0.785728
0.782984
0.785886
0.782878
0.785252
0.768812
0.794105
0.78053
0.787945
0.762562
0.790045
0.790527
0.791408
0.764192
0.755318
0.757236
0.759551
0.763659
0.756134
0.758538
0.777328
0.763606
0.775312
0.766153
0.773615
0.769789
0.759627
0.770755
0.757988
0.776963
0.766405
0.780302
0.770315
0.791028
0.812276
0.826346
0.885447
0.800793
0.905634
0.803286
0.907995
0.827958
0.792906
0.79175
0.791206
0.784027
0.788044
0.78771
0.817364
0.794355
0.843861
0.799624
0.849283
0.795758
0.845787
0.876689
0.906167
0.909382
0.916385
0.909198
0.888935
0.920916
0.794963
0.796908
0.796617
0.804186
0.794644
0.804017
0.775154
0.770954
0.782723
0.776759
0.778812
0.769634
0.777164
0.778157
0.780094
0.778196
0.781877
0.776697
0.778816
0.784305
0.883157
0.851506
0.856188
0.803712
0.805525
0.806254
0.778112
0.77299
0.789835
0.776789
0.781013
0.774674
0.785629
0.77974
0.795547
0.785659
0.786174
0.776857
0.781948
0.774281
0.92721
0.893632
0.748051
0.748351
0.748857
0.748023
0.756033
0.778652
0.77881
0.818608
0.761058
0.768154
0.775122
0.749483
0.748815
0.755614
0.753472
0.751023
0.748313
0.755579
0.748058
0.747626
0.747616
0.748174
0.747883
0.747444
0.751524
0.801656
0.755117
0.762912
0.759977
0.765021
0.749942
0.748292
0.753919
0.747814
0.753468
0.748044
0.754506
0.747809
0.751825
0.750254
0.748772
0.748384
0.749479
0.751497
0.748693
0.748194
0.750227
0.750965
0.753381
0.749308
0.757473
0.74994
0.755472
0.750624
0.750387
0.749508
0.748631
0.75153
0.753882
0.755855
0.749112
0.751823
0.748223
0.751569
0.748124
0.750684
0.749865
0.752461
0.760955
0.762686
0.755648
0.759326
0.751582
0.754623
0.761537
0.768146
0.836076
0.930464
0.780876
1.00356
0.79503
1.09656
0.806045
0.784072
0.781397
0.774885
0.770099
0.775267
0.768899
0.789708
0.769182
0.770052
0.771342
0.772738
1.09768
1.58224
0.981562
1.01463
1.2153
0.909182
1.22025
0.855493
1.2119
0.806086
0.78638
0.775047
0.901455
0.781865
0.766434
0.787204
0.772283
0.775047
0.768166
0.809138
0.759685
0.758365
0.76337
0.760446
0.765923
0.763945
0.762389
0.76403
0.764532
0.758244
0.760295
0.758998
0.765282
0.770737
0.770973
0.776178
0.778799
0.770633
0.771618
0.77631
0.767048
0.775176
0.768749
0.771423
0.778311
0.776433
0.771514
0.766921
0.775176
0.758865
0.784427
0.779001
0.766047
0.810045
0.82076
0.769211
0.78378
0.786852
0.808887
0.772303
0.827257
0.794678
0.768456
0.768748
0.775149
0.771277
0.770527
0.767
0.770506
0.822823
0.768355
0.776231
0.78378
0.815005
0.775854
0.767527
0.777736
0.788328
0.776511
0.794294
0.831961
0.827649
0.778598
0.768339
0.768108
0.772186
0.765451
0.767857
0.800301
0.864564
0.762071
0.764674
0.804739
0.85352
0.775241
0.77089
0.84061
0.767956
0.903015
0.807031
0.866442
0.769384
1.21649
0.772484
0.808149
0.828109
0.804908
0.837462
1.17962
1.72731
1.33103
1.01562
2.48914
1.33345
1.32435
1.44845
2.23314
1.37919
1.23973
2.47093
1.28571
2.72272
0.776714
0.772078
0.888885
0.862668
0.918264
0.843731
0.921394
0.811183
0.918769
0.797374
0.802509
0.837644
0.821032
0.819263
0.887106
0.787611
0.772862
0.766535
0.77233
0.773662
0.777342
0.774393
0.818696
0.791062
0.768518
0.785861
0.784535
0.847894
0.780101
0.786182
0.776853
0.820029
0.809644
0.862038
0.789485
0.804323
0.838802
0.780479
0.836609
0.790731
0.883165
0.795662
0.785673
0.803515
0.787627
0.828065
0.780582
0.780363
0.798118
0.796934
0.785835
0.783943
0.815815
0.816333
0.782132
0.801134
0.912918
0.834207
0.812369
0.863129
0.819567
0.790905
0.78676
0.816196
0.84213
0.78946
0.780108
0.779129
0.995266
0.767
0.749922
0.748095
0.749175
0.747431
0.750164
0.747216
0.750272
0.754437
0.759765
0.747929
0.748506
0.751981
0.747051
0.747638
0.7502
0.750594
0.747195
0.747977
0.748676
0.747772
0.748555
0.749407
0.752334
0.751436
0.750346
0.746574
0.749658
0.746795
0.746424
0.746725
0.747671
0.746775
0.747111
0.751932
0.7498
0.747282
0.749099
0.747655
0.747567
0.760893
0.758381
0.752874
0.748695
0.753347
0.752111
0.751262
0.749666
0.755856
0.761142
0.767493
0.760833
0.774531
0.757813
0.770462
0.765968
0.756649
0.754389
0.753228
0.758535
0.764301
0.767434
0.75519
0.754521
0.752206
0.762797
0.751144
0.759797
0.757453
0.765411
0.77621
0.775324
0.772847
0.7735
0.770728
0.768675
0.777246
0.77743
1.40705
1.16558
0.931564
0.861805
1.39386
1.07742
0.900349
1.74758
0.855636
1.39876
0.994548
1.02082
0.829447
0.78128
0.780386
0.918732
0.85436
0.798892
1.79596
1.38351
1.24684
0.796931
0.795538
0.825464
0.889992
0.869956
1.06028
1.83528
1.83537
1.62119
1.83264
1.2963
0.828185
0.871668
1.18488
0.899013
0.927987
1.28267
0.817536
0.778485
0.826256
0.808458
0.780565
0.836043
0.781139
0.908478
0.786391
0.7761
0.780704
0.771602
0.771498
1.15966
0.969283
1.19064
1.18073
1.19479
1.18391
1.12412
0.894066
0.863409
0.922029
0.829049
0.942556
0.780922
1.02761
0.79776
0.879079
0.792127
0.764967
0.770336
0.786275
0.760293
0.766109
0.770677
0.765631
0.773316
0.769857
0.761658
0.76079
0.783505
0.776597
0.774812
0.7891
0.768369
0.796946
0.77095
0.786376
0.768745
1.33394
0.866715
0.782776
0.765317
0.771353
0.839522
0.765934
0.784041
0.763012
0.769232
0.764548
0.767719
0.75859
0.762832
0.758543
0.756947
0.759294
0.765583
0.762705
1.3091
1.14883
2.02909
0.878634
2.15951
1.10735
1.90964
1.19582
2.4272
0.986822
1.84597
3.48608
3.49114
0.841802
0.768734
0.771835
0.762868
0.789211
0.776658
0.797218
0.990792
0.76832
0.785225
0.926598
1.83519
1.73413
0.884462
4.53613
0.952393
2.89807
1.67408
3.13242
2.96607
0.761049
0.758309
0.763097
0.766124
0.768911
0.773589
0.768669
0.767871
0.762633
0.767707
0.772229
0.766931
0.779508
0.774277
0.766401
0.758118
0.754297
0.746666
0.749663
0.753147
0.757832
0.74908
0.757281
0.771468
0.748595
0.755004
0.759535
0.760885
0.749312
0.760167
0.751091
0.758859
0.749413
0.757427
0.750165
0.77378
0.796784
0.787934
0.840168
0.778509
0.807671
0.782499
0.763411
0.783061
0.781506
0.765153
0.761688
0.774781
0.774489
0.792239
0.875651
0.77404
0.825665
0.763982
0.826486
0.803676
1.02801
1.10614
1.21881
0.922664
0.842269
0.983488
0.753819
0.74992
0.755383
0.760989
0.754666
0.797857
1.31128
0.746389
0.747481
0.75275
0.753921
0.752063
0.75455
0.748308
0.747858
0.74631
0.746034
0.747935
0.748319
0.746375
0.749201
0.751316
0.74794
0.753515
0.748806
0.751772
0.748018
0.752735
0.753838
0.754436
0.75742
0.75643
0.755303
0.749751
0.747116
0.750873
0.748041
0.749806
0.747652
0.750765
0.750807
0.755633
0.75447
0.750004
0.753673
0.749748
0.751674
0.773521
0.7715
0.763922
0.754161
0.767541
0.75855
0.761494
0.755004
0.769215
0.774645
0.776854
0.775228
0.777245
0.772643
0.777263
0.775976
0.770073
0.762558
0.760601
0.772615
0.776698
0.778064
0.76911
0.761873
0.759645
0.774052
0.758044
0.772403
0.771488
0.777045
0.820695
0.793229
0.777481
0.779738
0.777003
0.777677
1.11805
1.19497
0.746304
0.748113
0.758447
0.744575
0.809261
0.745185
0.744064
0.846305
1.8309
1.41435
1.16712
0.772623
0.812567
1.24114
0.842447
1.00341
0.7568
0.949657
0.744549
0.744786
0.743953
0.74494
0.746453
0.74373
0.745675
0.743547
0.744152
0.74699
0.747556
0.804681
0.743429
0.743627
0.75958
0.743143
0.74631
0.743551
0.767989
0.74294
0.743169
0.7513
0.745447
0.796087
0.750408
0.744557
0.759901
0.763002
0.744213
0.744106
0.75836
0.754527
0.752288
0.763247
1.0036
0.79878
0.787592
0.843218
0.807983
0.751127
0.743457
0.743289
0.743817
0.743821
0.74678
0.743164
0.749247
0.743408
0.743255
0.743081
0.744295
0.747511
0.743016
1.58122
1.22157
0.802504
0.933971
0.852814
1.3773
0.907351
2.62666
0.802288
1.19437
0.773078
0.769827
0.84916
0.769488
0.850757
1.04356
2.14102
0.843903
1.1526
1.45605
2.09957
0.89161
0.866682
1.26268
1.02674
1.26884
1.90471
3.89171
2.91198
3.95576
1.76549
2.48191
4.94622
1.66987
4.43988
4.59742
0.855228
0.761951
0.903125
0.755939
1.43856
0.832319
4.53484
2.72909
1.66316
0.799801
4.40355
2.77917
2.96465
0.750856
0.743491
0.743746
0.745796
0.744342
0.746966
0.747954
0.802695
0.74892
0.751773
0.767442
1.17894
1.9078
0.763716
1.86773
0.776591
3.08638
0.944711
2.00696
1.2357
0.852327
1.90325
0.741831
0.744238
0.747264
0.745835
0.743285
0.744055
0.743675
0.74645
0.745323
0.741817
0.743445
0.743806
0.742105
0.812332
0.979138
0.812751
2.69179
0.76863
1.12906
1.13182
0.744883
0.749977
0.753938
0.852142
0.745557
0.748568
0.758154
0.831519
1.51549
0.747275
0.838187
0.749347
0.783189
2.64189
1.72009
2.38822
5.70416
1.58404
2.90708
5.41454
0.909354
0.750636
0.803393
0.76782
1.24904
0.964958
1.64871
0.818195
1.58726
1.4952
1.19729
0.867796
3.39037
4.08862
4.39027
1.84406
5.28356
2.26966
5.41407
6.21203
1.61767
1.87892
0.890819
4.77834
3.44184
6.24744
5.44001
0.749775
0.750975
0.758045
0.759954
0.756605
0.761842
0.753151
0.751615
0.749521
0.749664
0.751755
0.753045
0.75014
0.754809
0.756825
0.752354
0.761004
0.75335
0.75859
0.753468
0.757589
0.759227
0.759837
0.771226
0.766981
0.762127
0.755367
0.751131
0.756354
0.753184
0.754244
0.752207
0.757651
0.75765
0.769163
0.766065
0.760416
0.762801
0.757487
0.759957
0.782082
0.780238
0.777021
0.765102
0.776714
0.769971
0.775389
0.767916
0.778586
0.780854
0.871167
0.797606
1.08249
0.778328
1.02508
0.839617
0.780873
0.778484
0.776197
0.784598
0.789096
0.822202
0.779569
0.775481
0.775586
0.804271
0.773156
0.784919
0.784662
0.81396
1.07753
1.12531
0.975856
1.13025
0.887982
0.915261
1.02702
0.90051
0.745763
0.747598
0.7446
0.747107
0.745057
0.74812
0.745032
0.744627
0.743353
0.743904
0.743784
0.744442
0.744088
0.743341
0.743837
0.743492
0.744575
0.743831
0.747893
0.748788
0.747329
0.748314
0.750334
0.746496
0.749602
0.746094
0.748048
0.746245
0.746792
0.745519
0.747382
0.745961
0.745148
0.746069
0.746596
0.745639
0.745566
0.746724
0.742935
0.743046
0.742906
0.744439
0.742992
0.742931
0.743028
0.743807
0.742891
0.742883
0.743126
0.742957
0.742916
0.743076
0.782199
0.743697
0.745121
0.74579
0.746591
0.742922
0.742882
0.74285
0.742854
0.742855
0.742978
0.742815
0.743064
0.742846
0.742821
0.742851
0.742816
0.74285
0.74282
0.887317
0.779656
1.0824
0.748117
1.2524
0.749378
0.882682
0.990259
1.67897
1.78892
2.56963
4.94478
4.23905
3.33393
1.89406
3.31442
0.747215
0.746326
0.744388
0.746174
0.763409
0.744471
0.746326
0.746645
0.744631
0.763644
0.746235
0.777586
0.745509
0.963069
2.17663
0.786575
0.810113
1.01032
1.39795
0.758383
0.750563
0.746393
0.753284
0.744028
0.799047
0.753796
1.37338
1.02513
0.822656
0.755387
1.24729
0.846058
0.91024
0.749201
0.742936
0.744296
0.760834
0.743827
0.753829
0.761337
0.749621
0.744198
0.74339
0.750835
0.797918
0.96452
0.798703
0.883541
0.763856
1.07281
0.79232
0.833548
0.793997
5.65838
4.54306
0.939753
0.761373
1.17371
0.850729
0.789666
0.776138
1.01208
7.86894
3.60965
1.58012
1.01852
0.924371
1.01087
4.77667
4.16588
1.05085
4.36903
1.17785
7.21279
3.86169
1.22885
0.879874
0.858097
1.30101
0.859082
0.996334
1.35562
8.84124
8.84119
5.07034
2.55261
1.28777
4.8622
6.25149
2.70647
4.9228
1.47232
6.24703
2.76591
5.48511
6.05537
3.66257
6.24815
2.47927
6.25141
6.24771
3.20263
1.13416
1.23631
1.29141
1.60247
1.58427
1.55504
4.86117
1.81129
1.31881
2.51907
1.97484
4.859
2.19883
2.87397
1.56986
1.33206
1.50868
5.88138
2.34713
1.51386
0.755122
0.756821
0.773084
0.776755
0.767431
0.779935
0.762294
0.757954
0.756594
0.756588
0.759214
0.761372
0.758457
0.7664
0.771989
0.768683
0.779089
0.763132
0.775006
0.771323
0.771348
0.776968
0.778722
0.809194
0.782493
0.781297
0.765238
0.759224
0.768601
0.766163
0.76336
0.762842
0.770082
0.772736
0.781494
0.78842
0.776988
0.777926
0.77605
0.776481
1.10043
0.999065
0.906206
0.778728
0.875851
0.799278
0.814423
0.784598
0.949829
1.09832
1.07552
0.989076
0.810349
1.07626
0.942967
0.940163
1.01929
0.979864
0.822739
1.02283
1.09268
0.940182
1.01922
0.837443
0.949689
0.888334
0.807808
0.952159
0.982539
0.982549
0.757872
0.749522
0.778271
0.798612
0.843124
0.83499
0.745639
0.74313
0.750586
0.751744
0.747966
0.751766
0.749626
0.752865
0.749042
0.749996
0.748607
0.749084
0.749595
0.749371
0.74741
0.748316
0.74749
0.748427
0.748405
0.749144
0.752993
0.755294
0.75275
0.753928
0.757538
0.755135
0.75509
0.75147
0.755007
0.751926
0.753869
0.751537
0.754267
0.751728
0.749851
0.755135
0.753664
0.751213
0.751458
0.754052
0.742843
0.742849
0.742821
0.742856
0.74282
0.742817
0.742828
0.742842
0.742814
0.742822
0.742819
0.742827
0.742816
0.742866
0.742952
0.742872
0.742907
0.742868
0.742904
0.74287
0.74286
0.742869
0.742843
0.742832
0.74285
0.742846
0.74284
0.742838
0.742852
0.742845
0.74285
0.742839
0.742855
0.749021
0.748255
0.746206
0.746734
0.748234
0.749056
0.746515
0.749841
0.74845
0.749734
0.748144
0.749928
0.748432
0.748485
0.747202
0.750254
0.751257
0.753422
0.751378
0.752866
0.750265
0.748181
0.752334
0.747528
0.750882
0.747128
0.751248
0.750793
0.751608
0.750015
0.747444
0.746519
0.749712
0.746599
0.75001
0.75025
0.749329
0.745911
0.775351
0.742889
0.781648
0.82105
0.812936
0.847061
0.818088
0.7663
0.783475
0.776338
0.787494
0.742844
0.742807
0.742829
0.742811
0.742816
0.742795
0.742815
0.74297
0.742833
0.74282
0.742822
0.74601
0.765351
0.742794
0.742946
0.744154
0.751185
0.742817
0.746606
0.742829
0.749949
0.748735
0.767845
0.779785
1.11979
0.750792
1.03696
0.744225
0.798248
1.01292
3.837
0.885524
2.23057
2.26487
1.05393
0.744404
0.745651
0.742872
0.744572
0.743153
0.74633
0.743221
0.742959
0.742782
0.742852
0.74273
0.74281
0.743413
0.742755
0.747512
0.743547
0.74466
0.742733
0.751249
0.742832
0.985753
1.08898
1.37048
0.916449
1.26821
0.908772
1.01001
1.12089
1.8233
1.43266
1.1269
1.12865
1.47779
0.759492
0.743324
0.742749
0.742737
0.747171
0.747064
0.742823
0.78
0.782224
0.74297
0.743393
0.763619
0.782677
0.74332
0.780269
0.742775
0.76239
0.742975
0.790331
0.743184
0.773918
0.767054
0.773441
0.931736
0.966016
0.797128
1.01526
0.77873
0.772775
0.772188
0.771149
0.775439
0.777442
0.776581
0.814388
0.880415
0.779067
0.96795
0.780076
1.02222
0.791686
0.9667
0.982383
0.979561
0.776128
0.918703
0.891845
0.81977
0.779402
0.886114
0.936833
0.779019
0.7882
0.993704
0.988731
0.903714
0.795624
0.930501
0.913669
0.917098
0.928786
0.745549
0.786916
0.774584
1.01974
0.822513
0.882591
0.864649
0.914892
0.766767
0.744032
0.743122
0.750208
0.742934
0.757988
0.742956
0.743631
0.746153
0.745112
0.791332
0.743045
0.743033
0.743013
0.745622
0.789662
0.746516
0.743018
0.790415
0.745007
0.743054
0.743024
0.742979
0.74301
0.74301
0.742982
0.743006
0.74301
0.742933
0.742983
0.760664
0.760285
0.758701
0.764158
0.757872
0.762066
0.762807
0.759346
0.756314
0.756728
0.759279
0.760976
0.758513
0.757046
0.7586
0.757459
0.76352
0.760795
0.763306
0.768025
0.764533
0.769089
0.771566
0.770293
0.765526
0.768085
0.769258
0.763063
0.766933
0.763437
0.767091
0.765455
0.76288
0.770195
0.767045
0.767579
0.764915
0.768576
0.742929
0.742906
0.742917
0.742885
0.742891
0.74291
0.742894
0.742911
0.742914
0.742921
0.742893
0.742896
0.742919
0.742985
0.74298
0.743022
0.743023
0.742983
0.742981
0.743023
0.742984
0.743025
0.742978
0.742967
0.74301
0.743014
0.742968
0.742977
0.743016
0.742979
0.74302
0.742977
0.743021
0.757868
0.755465
0.750463
0.755171
0.754065
0.759007
0.752031
0.757631
0.753497
0.755643
0.748097
0.750937
0.748698
0.751766
0.74962
0.75494
0.763734
0.766125
0.763778
0.765092
0.760877
0.758854
0.765061
0.765565
0.762488
0.754781
0.763596
0.762169
0.763334
0.759518
0.753133
0.756322
0.762015
0.751652
0.759891
0.761882
0.742901
0.742881
0.742871
0.742909
0.742885
0.742842
0.742848
0.742868
0.742856
0.742875
0.742876
0.742891
0.742861
0.742964
0.742959
0.743009
0.742997
0.74297
0.742953
0.743004
0.742965
0.743014
0.742971
0.743009
0.742955
0.742937
0.742988
0.742988
0.742943
0.742947
0.742996
0.742958
0.743001
0.748315
0.754609
0.742891
0.743125
0.742786
0.742796
0.74287
0.742968
0.742793
0.742946
0.743138
0.742856
0.742786
0.742821
0.742796
0.743205
0.750566
0.744009
0.748446
0.745487
0.745713
0.743423
0.742889
0.742869
0.742917
0.742892
0.742927
0.742862
0.742893
0.742887
0.742883
0.74289
0.742894
0.742865
0.742886
0.742828
0.742814
0.742812
0.742844
0.742806
0.742834
0.742836
0.742813
0.742793
0.742797
0.742804
0.742823
0.742803
0.742886
0.74288
0.742925
0.742908
0.742893
0.742875
0.74292
0.742899
0.742916
0.742944
0.742947
0.742904
0.742908
0.742937
0.742885
0.742908
0.742875
0.742919
0.742894
0.742931
0.742926
0.903607
0.842712
0.743712
0.744243
0.766971
0.743118
0.791421
0.954342
0.925703
0.892825
0.934789
0.861878
0.798497
0.74705
0.747235
0.814826
0.743128
0.803792
0.74316
0.748872
0.743264
0.74321
0.743175
0.743227
0.743178
0.743219
0.745198
0.782564
0.743363
0.743215
0.756339
0.746456
0.743218
0.743208
0.74317
0.743223
0.743209
0.743178
0.743236
0.743216
0.743125
0.743078
0.743115
0.743128
0.743067
0.743107
0.743074
0.743112
0.743113
0.743127
0.743083
0.743077
0.743134
0.743079
0.743131
0.743127
0.743196
0.743237
0.743189
0.743244
0.743202
0.743251
0.743196
0.743182
0.743235
0.74324
0.743189
0.743191
0.743243
0.743204
0.743207
0.743258
0.743253
0.743208
0.743201
0.743253
0.743141
0.743209
0.806018
0.773822
0.775059
0.897988
0.771763
0.833194
0.822566
0.779381
0.768051
0.768913
0.777178
0.793086
0.79804
0.772636
0.771367
0.770612
0.784736
0.787045
0.839728
0.804106
0.839503
0.836093
0.77221
0.75369
0.839124
0.798887
0.784085
0.797998
0.75373
0.775198
0.768646
0.780515
0.747137
0.744297
0.745692
0.756656
0.762575
0.753545
0.743144
0.74309
0.743137
0.743079
0.743085
0.743129
0.743087
0.743131
0.743134
0.74314
0.743085
0.743087
0.743139
0.743208
0.743207
0.743264
0.743261
0.743209
0.743205
0.743263
0.743207
0.743262
0.743204
0.743193
0.74325
0.743249
0.743198
0.7432
0.743255
0.743204
0.743252
0.743201
0.743257
0.769233
0.770305
0.771382
0.762098
0.773479
0.778356
0.75416
0.758635
0.763782
0.760532
0.760884
0.759901
0.747631
0.767917
0.750018
0.751359
0.754847
0.747319
0.763927
0.744642
0.751687
0.744925
0.744287
0.743136
0.756705
0.744218
0.743665
0.748615
0.743563
0.747917
0.743518
0.743129
0.743188
0.743846
0.744923
0.743358
0.743128
0.743081
0.743078
0.743133
0.743115
0.743058
0.743062
0.743098
0.743069
0.743107
0.743106
0.74312
0.743072
0.743189
0.743186
0.74324
0.743224
0.743195
0.743179
0.743231
0.74319
0.743245
0.743196
0.743236
0.743179
0.743162
0.743213
0.74321
0.743169
0.743172
0.743221
0.743183
0.743227
0.747687
0.743452
0.742996
0.742968
0.742968
0.743009
0.742959
0.743001
0.743006
0.74299
0.742952
0.742997
0.742968
0.742957
0.743008
0.743057
0.743134
0.7431
0.743094
0.743064
0.743062
0.743096
0.743066
0.743076
0.743107
0.743111
0.743066
0.743076
0.743103
0.743058
0.743099
0.743066
0.743112
0.743075
0.743104
0.743051
0.743015
0.743022
0.743072
0.743011
0.743059
0.743062
0.743033
0.742981
0.742993
0.743022
0.743045
0.743005
0.743102
0.74309
0.743142
0.743123
0.743105
0.743089
0.743134
0.743116
0.743136
0.74316
0.743161
0.743121
0.743128
0.743151
0.743099
0.743124
0.743087
0.743134
0.74311
0.743145
0.743148
0.743281
0.743327
0.743321
0.743293
0.743285
0.743331
0.743307
0.743264
0.743261
0.74329
0.743271
0.743297
0.743301
0.743318
0.743293
0.743276
0.743323
0.743284
0.743328
0.743311
0.743361
0.743384
0.74337
0.743401
0.743378
0.743393
0.743357
0.743339
0.74337
0.743374
0.743349
0.743349
0.743379
0.74337
0.743371
0.743398
0.743383
0.743377
0.743362
0.743389
0.743355
0.743318
0.743347
0.743305
0.743308
0.743335
0.743312
0.743339
0.743344
0.743357
0.743323
0.743317
0.743362
0.743321
0.743361
0.743356
0.743395
0.74341
0.743388
0.743417
0.743401
0.743423
0.743395
0.743383
0.743408
0.743413
0.743389
0.743391
0.743415
0.743403
0.743404
0.743427
0.743423
0.743406
0.7434
0.743424
0.743365
0.743403
0.743287
0.744548
0.743486
0.743271
0.746632
0.74327
0.743257
0.743279
0.743866
0.745967
0.743235
0.743242
0.743221
0.743248
0.74323
0.743694
0.743242
0.743227
0.743293
0.743321
0.743297
0.743315
0.743333
0.743331
0.743307
0.743303
0.743325
0.743281
0.743303
0.74327
0.743312
0.743283
0.743276
0.743319
0.743303
0.743289
0.743271
0.743314
0.743357
0.743313
0.743348
0.743304
0.743301
0.743335
0.743309
0.743345
0.743339
0.74335
0.743301
0.743308
0.743342
0.743393
0.743399
0.743424
0.74342
0.743397
0.743391
0.74342
0.743389
0.743417
0.743383
0.743367
0.743406
0.743396
0.74338
0.743373
0.743408
0.743382
0.743399
0.743373
0.743409
0.743208
0.74319
0.743165
0.74322
0.743171
0.743217
0.743209
0.743204
0.743165
0.743202
0.743155
0.743154
0.743195
0.74316
0.743202
0.743197
0.743251
0.743294
0.743259
0.743286
0.743251
0.743262
0.743294
0.743285
0.74326
0.743252
0.743285
0.743244
0.74328
0.743241
0.743233
0.743276
0.743271
0.74324
0.743236
0.743277
0.743319
0.743293
0.743284
0.743331
0.743299
0.743259
0.743259
0.743277
0.743269
0.743292
0.743287
0.743307
0.743274
0.743346
0.743352
0.743381
0.743359
0.743359
0.743337
0.743366
0.743349
0.743386
0.743361
0.743372
0.743329
0.743306
0.743342
0.743335
0.743319
0.743318
0.743349
0.743336
0.743358
0.743191
0.743228
0.743188
0.74316
0.743167
0.743201
0.74316
0.743195
0.743193
0.743187
0.743154
0.743189
0.743164
0.743158
0.743194
0.743226
0.743227
0.743256
0.743251
0.743227
0.743227
0.743249
0.743229
0.743235
0.743257
0.743252
0.743231
0.743233
0.743249
0.743225
0.743249
0.743226
0.743252
0.74323
0.743249
0.743227
0.743205
0.743212
0.743248
0.743201
0.743237
0.743236
0.743211
0.743173
0.743184
0.743203
0.743222
0.743194
0.743248
0.743243
0.743274
0.743258
0.743253
0.74324
0.743264
0.743259
0.743278
0.743287
0.743284
0.743264
0.74327
0.743276
0.743244
0.743257
0.743236
0.743263
0.743253
0.743272
0.743291
0.743404
0.743427
0.74344
0.743432
0.743425
0.743448
0.743427
0.743406
0.743404
0.743413
0.743412
0.743419
0.743422
0.743436
0.74343
0.743416
0.743439
0.743424
0.743444
0.74343
0.743458
0.743473
0.743466
0.743486
0.743472
0.74348
0.743454
0.743438
0.74346
0.743462
0.743447
0.743444
0.743468
0.743463
0.74346
0.743481
0.743468
0.743469
0.743454
0.743474
0.743463
0.74345
0.743457
0.74344
0.743441
0.743447
0.743445
0.743452
0.743454
0.743464
0.743454
0.743448
0.743465
0.743452
0.743465
0.743462
0.743482
0.743491
0.743478
0.743494
0.743484
0.743495
0.74348
0.743468
0.743487
0.743485
0.743476
0.743473
0.743491
0.743484
0.74348
0.743493
0.743491
0.743484
0.743478
0.743494
0.743466
0.743477
0.743378
0.743366
0.743362
0.743394
0.743356
0.743386
0.743384
0.743364
0.743331
0.743341
0.743355
0.743366
0.743348
0.743332
0.743359
0.743344
0.743371
0.743356
0.743393
0.743414
0.743398
0.743416
0.743427
0.743424
0.743408
0.743403
0.743418
0.743383
0.743395
0.743373
0.743404
0.743386
0.743377
0.74341
0.743395
0.74339
0.743374
0.743406
0.74345
0.743433
0.74344
0.743423
0.743413
0.743425
0.743426
0.743438
0.743427
0.743441
0.743414
0.743425
0.74343
0.74346
0.743471
0.743479
0.743474
0.743468
0.74346
0.743472
0.743456
0.743469
0.743448
0.743431
0.743458
0.743445
0.743447
0.743435
0.743458
0.743447
0.743447
0.743435
0.743459
0.743337
0.743322
0.743312
0.743347
0.743312
0.743346
0.743336
0.743331
0.743306
0.743327
0.7433
0.743296
0.743316
0.743302
0.743325
0.74332
0.743355
0.743385
0.743364
0.743376
0.743354
0.743364
0.743384
0.743373
0.743364
0.743352
0.743374
0.743347
0.743368
0.743344
0.743331
0.743361
0.743355
0.74334
0.743337
0.743363
0.743401
0.743401
0.743387
0.743416
0.743378
0.743355
0.743353
0.743354
0.743366
0.743371
0.743364
0.743387
0.743373
0.743404
0.743414
0.74343
0.743409
0.74342
0.743397
0.743414
0.743408
0.743434
0.743422
0.743419
0.743387
0.743362
0.743391
0.743383
0.743378
0.743374
0.743397
0.743394
0.743406
0.743309
0.743323
0.743289
0.743279
0.743277
0.743299
0.743276
0.743298
0.74329
0.74329
0.743273
0.743288
0.743273
0.743272
0.743289
0.743309
0.743317
0.743331
0.743327
0.743312
0.743314
0.743322
0.743307
0.743311
0.743327
0.743316
0.743311
0.743306
0.743318
0.743305
0.74332
0.743303
0.743316
0.743301
0.743317
0.743306
0.743301
0.743305
0.743325
0.743295
0.743318
0.743313
0.743295
0.743276
0.743282
0.743291
0.743302
0.743289
0.743312
0.743313
0.743332
0.743318
0.743318
0.743308
0.743321
0.743318
0.743334
0.743339
0.743334
0.743324
0.743327
0.743328
0.743307
0.743316
0.743303
0.743319
0.743312
0.743324
0.743346
0.743489
0.743508
0.743522
0.74351
0.743505
0.743527
0.743511
0.743488
0.743483
0.743497
0.743494
0.743503
0.743505
0.743517
0.743506
0.743491
0.743515
0.743502
0.743522
0.743509
0.74354
0.743559
0.743545
0.743568
0.743549
0.743565
0.743536
0.74352
0.743547
0.743548
0.74353
0.743526
0.743555
0.743543
0.743537
0.743563
0.743552
0.743547
0.743533
0.743559
0.74353
0.743515
0.743527
0.743511
0.743504
0.743518
0.743514
0.743525
0.74352
0.743527
0.743513
0.743505
0.743519
0.743514
0.743523
0.743521
0.743551
0.743569
0.743551
0.743568
0.743548
0.743565
0.74355
0.743539
0.743564
0.743556
0.743549
0.74354
0.743564
0.743547
0.743535
0.743555
0.743554
0.743543
0.743537
0.743561
0.743515
0.743526
0.743459
0.743446
0.74344
0.743477
0.743435
0.743469
0.743465
0.743444
0.743409
0.74342
0.743432
0.743445
0.743425
0.74341
0.743435
0.743422
0.743449
0.743433
0.74347
0.743496
0.743476
0.743495
0.743513
0.743507
0.743488
0.74348
0.743502
0.743459
0.743472
0.743446
0.743485
0.743462
0.743448
0.743491
0.743473
0.743464
0.743448
0.743488
0.743487
0.743474
0.743477
0.743464
0.743451
0.743463
0.743465
0.743478
0.743463
0.743476
0.743451
0.743464
0.743464
0.743499
0.743516
0.743523
0.743519
0.74351
0.743501
0.743513
0.743493
0.743508
0.743485
0.743468
0.743502
0.743483
0.743485
0.74347
0.743498
0.743482
0.743483
0.743468
0.743496
0.743408
0.743398
0.743385
0.74342
0.743387
0.74342
0.743406
0.7434
0.74338
0.743395
0.743371
0.743368
0.743381
0.743376
0.743393
0.743386
0.743422
0.74346
0.743434
0.743447
0.743421
0.743433
0.743458
0.743442
0.743434
0.743418
0.743444
0.743412
0.743435
0.743407
0.743391
0.743426
0.743419
0.743402
0.743398
0.743429
0.743436
0.743437
0.743423
0.74345
0.743414
0.743395
0.74339
0.743393
0.743403
0.74341
0.743401
0.743422
0.743409
0.743437
0.74345
0.743467
0.743448
0.743453
0.743432
0.743451
0.74344
0.743469
0.743454
0.743455
0.743419
0.743398
0.74343
0.743422
0.743413
0.743407
0.743434
0.743426
0.743441
0.743372
0.74338
0.743344
0.743337
0.743329
0.743352
0.743332
0.743354
0.743342
0.743347
0.743331
0.743343
0.743324
0.743327
0.743341
0.74336
0.743372
0.743389
0.743385
0.743366
0.743367
0.743379
0.743357
0.74336
0.743384
0.743371
0.743363
0.743354
0.743373
0.743356
0.743376
0.743352
0.74337
0.743349
0.743372
0.743349
0.743343
0.743345
0.743367
0.743337
0.74336
0.743356
0.743343
0.743324
0.743328
0.74334
0.743347
0.743332
0.743356
0.74336
0.743383
0.74337
0.743363
0.743354
0.743372
0.743359
0.743374
0.743386
0.743383
0.743365
0.743367
0.743376
0.743351
0.743369
0.743348
0.74337
0.743354
0.743374
0.743384
0.743564
0.74356
0.74359
0.743579
0.743577
0.743592
0.743583
0.743564
0.743562
0.743571
0.74357
0.743577
0.743577
0.743587
0.743578
0.743567
0.743581
0.743575
0.743588
0.74358
0.743581
0.743577
0.743583
0.743579
0.743584
0.743579
0.743579
0.743568
0.743572
0.743571
0.743574
0.743572
0.743575
0.743581
0.743576
0.743576
0.743572
0.743583
0.743575
0.743576
0.743584
0.743574
0.743585
0.743578
0.743569
0.74358
0.743577
0.743588
0.743578
0.74358
0.743567
0.743563
0.743567
0.743572
0.743574
0.743574
0.743579
0.743576
0.743581
0.743573
0.743574
0.743568
0.743578
0.743573
0.743574
0.743565
0.74358
0.743571
0.74357
0.743571
0.743559
0.743558
0.743559
0.743566
0.743564
0.743564
0.743559
0.743549
0.743536
0.743527
0.743518
0.743554
0.743515
0.743547
0.743541
0.743521
0.743483
0.743497
0.743507
0.743523
0.743503
0.743486
0.74351
0.743501
0.743526
0.743508
0.74353
0.743539
0.743536
0.743551
0.743551
0.743547
0.743546
0.743539
0.743543
0.74352
0.743519
0.743507
0.743531
0.743524
0.74351
0.743536
0.74352
0.743526
0.74351
0.743533
0.743523
0.743512
0.743513
0.743506
0.743488
0.743503
0.743504
0.743519
0.743499
0.743511
0.743485
0.7435
0.743498
0.743522
0.74354
0.74353
0.743527
0.743534
0.743526
0.743521
0.743515
0.743516
0.743509
0.743495
0.743513
0.743496
0.743512
0.743494
0.743508
0.743504
0.743494
0.74349
0.743505
0.743478
0.743471
0.743452
0.743493
0.743456
0.743493
0.743476
0.743469
0.743445
0.743462
0.743434
0.743429
0.743444
0.74344
0.743459
0.743451
0.743483
0.743509
0.743495
0.743497
0.743482
0.743494
0.743508
0.743493
0.743496
0.743478
0.743494
0.743472
0.743487
0.743466
0.743448
0.743479
0.743472
0.743461
0.743456
0.743482
0.74347
0.743471
0.743457
0.743484
0.743452
0.743432
0.743426
0.743435
0.743438
0.743449
0.743441
0.743458
0.743444
0.743464
0.743478
0.743481
0.74347
0.743479
0.743462
0.743468
0.743464
0.743482
0.743477
0.74347
0.74345
0.743433
0.743456
0.743449
0.743446
0.74344
0.743456
0.743454
0.743461
0.743435
0.743438
0.743409
0.743394
0.743385
0.743416
0.743388
0.743418
0.743407
0.743411
0.743386
0.743407
0.743379
0.743382
0.743405
0.743422
0.743431
0.743448
0.743446
0.743426
0.743428
0.743442
0.74342
0.743422
0.743445
0.743436
0.743424
0.743417
0.743438
0.743418
0.74344
0.743415
0.743435
0.743412
0.743437
0.743407
0.743392
0.743393
0.743418
0.743386
0.743415
0.743411
0.743404
0.743377
0.743379
0.743403
0.743406
0.743382
0.743415
0.743419
0.743439
0.743434
0.743418
0.743415
0.743433
0.743413
0.743419
0.743436
0.743433
0.743416
0.743417
0.743432
0.74341
0.743433
0.74341
0.743432
0.743411
0.743431
0.743424
0.74351
0.743446
0.743511
0.743539
0.74354
0.743509
0.743512
0.743539
0.743538
0.743511
0.74354
0.743511
0.743511
0.74351
0.74354
0.743537
0.743507
0.743539
0.743508
0.74351
0.74344
0.743387
0.743437
0.74338
0.743435
0.743384
0.743441
0.743444
0.743392
0.743391
0.743442
0.743443
0.743389
0.743437
0.743437
0.743381
0.743387
0.743435
0.743439
0.743385
0.743498
0.743528
0.743501
0.743534
0.743529
0.743503
0.743533
0.743505
0.743499
0.743496
0.743521
0.743521
0.743487
0.743526
0.743491
0.743493
0.743428
0.743377
0.743431
0.743374
0.743425
0.743371
0.743428
0.743432
0.743377
0.743374
0.74343
0.743428
0.743374
0.743423
0.743417
0.743367
0.74337
0.74342
0.743422
0.74337
0.743481
0.743412
0.743503
0.743524
0.74352
0.743508
0.743518
0.743507
0.743504
0.743496
0.743498
0.743507
0.743488
0.743498
0.743512
0.7435
0.743492
0.74351
0.7435
0.743489
0.743445
0.743407
0.743446
0.743446
0.743406
0.743405
0.743446
0.743446
0.743407
0.743443
0.743406
0.743439
0.743408
0.743443
0.743441
0.743408
0.743406
0.743444
0.74344
0.74341
0.743462
0.743483
0.743459
0.743483
0.743469
0.743457
0.74348
0.743464
0.743452
0.743456
0.743465
0.743475
0.74345
0.7434
0.743408
0.743358
0.743359
0.743404
0.743404
0.743357
0.743398
0.743356
0.743399
0.743399
0.743361
0.743356
0.743403
0.743394
0.743357
0.743396
0.743355
0.743392
0.743356
0.743473
0.74349
0.743478
0.743484
0.74348
0.743483
0.743475
0.74347
0.743473
0.743467
0.743466
0.743462
0.743459
0.743469
0.743467
0.743462
0.743432
0.743408
0.743436
0.743405
0.743432
0.743438
0.743409
0.743405
0.743437
0.743432
0.743403
0.74343
0.743406
0.743429
0.743424
0.743406
0.743404
0.743429
0.743426
0.743406
0.743438
0.743457
0.743448
0.743444
0.743432
0.743439
0.743434
0.743429
0.74344
0.743434
0.743429
0.743434
0.743442
0.743388
0.743396
0.743357
0.743361
0.743393
0.743392
0.743357
0.743388
0.743356
0.743391
0.743356
0.74339
0.743391
0.743364
0.743362
0.743392
0.74339
0.74336
0.743389
0.743359
0.743455
0.743421
0.743439
0.743437
0.743432
0.743442
0.743435
0.743444
0.743437
0.743441
0.743434
0.743438
0.743428
0.743431
0.743435
0.743412
0.743417
0.743398
0.743398
0.743415
0.743415
0.743395
0.743408
0.743407
0.743393
0.743389
0.74341
0.743405
0.74339
0.74341
0.743393
0.743406
0.743387
0.743403
0.743389
0.743428
0.743424
0.743424
0.743428
0.743424
0.74343
0.743427
0.74343
0.743425
0.743424
0.743432
0.743428
0.743423
0.743398
0.743402
0.743382
0.743383
0.743399
0.743401
0.743382
0.743395
0.743392
0.743376
0.743375
0.743394
0.743393
0.743376
0.743397
0.743382
0.743399
0.743381
0.743395
0.743377
0.74339
0.743243
0.743136
0.743217
0.743281
0.743284
0.743212
0.743224
0.743295
0.743297
0.743234
0.743291
0.743229
0.743228
0.743218
0.743282
0.74329
0.743216
0.743285
0.743213
0.743222
0.74311
0.743036
0.743104
0.743026
0.7431
0.743031
0.743113
0.743126
0.743046
0.743043
0.743118
0.743119
0.743039
0.743104
0.743105
0.743027
0.743036
0.743101
0.74311
0.743033
0.743204
0.743273
0.743206
0.743277
0.743277
0.743212
0.743274
0.743209
0.743208
0.743203
0.743271
0.743274
0.743203
0.743272
0.743202
0.743204
0.743093
0.743022
0.743095
0.743018
0.743091
0.743017
0.743093
0.743099
0.743022
0.743019
0.743095
0.743096
0.743019
0.74309
0.743092
0.743015
0.743016
0.74309
0.743093
0.743016
0.743203
0.743094
0.743262
0.743317
0.743319
0.743252
0.743321
0.743258
0.743258
0.743271
0.743328
0.743326
0.743273
0.743271
0.743324
0.743327
0.743271
0.743325
0.743267
0.743272
0.743163
0.743093
0.743159
0.743146
0.743083
0.743082
0.743151
0.743154
0.743089
0.743169
0.743107
0.743175
0.743101
0.743167
0.74317
0.743094
0.743105
0.743163
0.743173
0.7431
0.743209
0.74327
0.743212
0.743273
0.743273
0.743217
0.743271
0.743212
0.743216
0.743212
0.743273
0.743271
0.743216
0.743102
0.743097
0.743023
0.743026
0.743099
0.743101
0.743027
0.743104
0.743029
0.743107
0.743113
0.743033
0.743039
0.743107
0.743112
0.743033
0.743107
0.74304
0.743112
0.743034
0.743281
0.74333
0.743333
0.743279
0.743332
0.743281
0.743281
0.743287
0.743335
0.743289
0.743338
0.743337
0.74329
0.743336
0.743289
0.74329
0.743186
0.743115
0.743182
0.743119
0.743185
0.743179
0.743115
0.743117
0.74318
0.743185
0.743119
0.743191
0.743125
0.743193
0.743198
0.743127
0.74313
0.743194
0.743196
0.743127
0.743225
0.743276
0.743278
0.74322
0.743234
0.743291
0.743289
0.743245
0.743286
0.743239
0.74324
0.743231
0.743283
0.743125
0.743121
0.743047
0.743058
0.743119
0.743129
0.743055
0.743124
0.743046
0.743118
0.743053
0.743134
0.743147
0.743068
0.743072
0.74314
0.743141
0.743064
0.743131
0.74306
0.743292
0.743201
0.743287
0.743331
0.743325
0.743284
0.743329
0.743287
0.743286
0.743289
0.743331
0.743286
0.743325
0.743328
0.743284
0.743199
0.7432
0.743133
0.743136
0.7432
0.7432
0.743136
0.743195
0.743192
0.743128
0.743131
0.743195
0.743192
0.743132
0.743199
0.743136
0.743197
0.743131
0.743194
0.743133
0.743271
0.743312
0.743309
0.743261
0.743313
0.743266
0.743267
0.743277
0.743321
0.743318
0.74328
0.743273
0.743315
0.743183
0.743187
0.743114
0.743125
0.743181
0.743188
0.743121
0.743178
0.743166
0.743106
0.743108
0.743174
0.743172
0.743114
0.743186
0.743126
0.74319
0.743122
0.743181
0.743116
0.743158
0.742874
0.742758
0.742839
0.742909
0.742913
0.742833
0.742848
0.742929
0.742929
0.742862
0.742922
0.742856
0.742852
0.742841
0.742908
0.742918
0.742835
0.742913
0.742834
0.742843
0.742723
0.742647
0.742716
0.742633
0.742711
0.74264
0.742727
0.742744
0.74266
0.742655
0.742735
0.742734
0.742651
0.742717
0.742715
0.742636
0.742646
0.742711
0.742723
0.742643
0.742821
0.742897
0.742824
0.742902
0.742901
0.742829
0.742899
0.742829
0.742824
0.74282
0.742896
0.742898
0.742818
0.742896
0.742819
0.742819
0.7427
0.742627
0.742704
0.742623
0.742697
0.742619
0.7427
0.742707
0.742629
0.742624
0.742704
0.742702
0.742624
0.742695
0.742695
0.742616
0.742617
0.742694
0.742697
0.742618
0.742819
0.742695
0.742904
0.742969
0.742971
0.742887
0.742978
0.742896
0.742896
0.742916
0.742998
0.742991
0.742923
0.742914
0.742981
0.742995
0.742915
0.742987
0.742907
0.742921
0.742793
0.742711
0.742788
0.742771
0.742699
0.7427
0.742779
0.742781
0.742707
0.7428
0.742726
0.742807
0.742719
0.742797
0.742799
0.742711
0.742725
0.74279
0.742805
0.742717
0.74283
0.742911
0.742835
0.742915
0.742921
0.742841
0.742914
0.742834
0.742841
0.742835
0.742922
0.742915
0.742841
0.742701
0.742697
0.742616
0.742618
0.742698
0.742702
0.742619
0.742703
0.74262
0.742707
0.742716
0.742625
0.742631
0.742708
0.742713
0.742625
0.742707
0.742629
0.742713
0.742624
0.742934
0.743003
0.743007
0.742924
0.743009
0.742929
0.742931
0.742938
0.743014
0.74294
0.743016
0.743019
0.742942
0.743016
0.742938
0.742942
0.742818
0.742731
0.742813
0.742736
0.742816
0.742807
0.742731
0.742733
0.742811
0.742813
0.742736
0.742821
0.742739
0.742822
0.742824
0.742737
0.742741
0.74282
0.742824
0.74274
0.742855
0.742928
0.742936
0.742848
0.742866
0.742952
0.742954
0.742879
0.742947
0.74287
0.742873
0.742862
0.742943
0.742728
0.742725
0.742637
0.742648
0.74272
0.742734
0.742645
0.742727
0.742635
0.74272
0.742642
0.742738
0.742753
0.742657
0.74266
0.742744
0.742745
0.742653
0.742734
0.742649
0.742944
0.742826
0.742941
0.743016
0.743015
0.742931
0.743019
0.742936
0.742937
0.742943
0.743023
0.742941
0.743017
0.74302
0.742937
0.742821
0.742824
0.742733
0.742738
0.74282
0.742823
0.742735
0.742816
0.742808
0.742728
0.742726
0.742814
0.742811
0.742731
0.74282
0.742734
0.742817
0.742726
0.742812
0.742731
0.742917
0.742992
0.74299
0.742902
0.742998
0.742909
0.74291
0.742926
0.743013
0.743007
0.742932
0.74292
0.743002
0.742798
0.742801
0.742706
0.742719
0.742793
0.742805
0.742712
0.74279
0.742776
0.742696
0.742696
0.742785
0.742783
0.742703
0.7428
0.74272
0.742807
0.742713
0.742794
0.742706
0.742765
0.742467
0.742335
0.742429
0.742505
0.742511
0.742421
0.742441
0.742532
0.742531
0.742456
0.742523
0.742449
0.742445
0.742432
0.742505
0.742519
0.742426
0.742513
0.742424
0.742436
0.742298
0.742204
0.742291
0.74219
0.742284
0.742197
0.742302
0.742321
0.742218
0.742214
0.742311
0.742311
0.742209
0.742292
0.74229
0.742193
0.742206
0.742284
0.742299
0.742201
0.742406
0.74249
0.742411
0.742498
0.742496
0.742419
0.742493
0.742417
0.742412
0.742406
0.742486
0.74249
0.742401
0.742488
0.742403
0.742405
0.742273
0.742184
0.742278
0.74218
0.74227
0.742177
0.742272
0.742283
0.742187
0.742184
0.742277
0.742276
0.742182
0.742269
0.742267
0.742175
0.742178
0.742266
0.742272
0.742177
0.742398
0.742265
0.742497
0.742578
0.742579
0.74248
0.742586
0.742488
0.74249
0.742509
0.742605
0.742598
0.742516
0.742507
0.742589
0.742603
0.74251
0.742595
0.742502
0.742515
0.742371
0.742272
0.742367
0.742349
0.742258
0.742261
0.742358
0.74236
0.742267
0.742379
0.742288
0.742387
0.74228
0.742377
0.742381
0.742274
0.742287
0.742371
0.742385
0.742278
0.742401
0.742487
0.742407
0.742495
0.742496
0.742415
0.742491
0.742409
0.742412
0.742405
0.742496
0.742491
0.742409
0.742267
0.742265
0.742176
0.742179
0.742265
0.742268
0.742178
0.742268
0.742179
0.742272
0.74228
0.742186
0.742191
0.742274
0.742277
0.742185
0.742271
0.742189
0.742277
0.742183
0.742526
0.742608
0.74261
0.742518
0.742613
0.742521
0.742524
0.742529
0.742617
0.74253
0.742616
0.742619
0.74253
0.742618
0.742528
0.742531
0.742398
0.742295
0.742392
0.7423
0.742397
0.742389
0.742295
0.7423
0.742391
0.742395
0.742301
0.742401
0.742304
0.742402
0.742404
0.742305
0.742308
0.742401
0.742404
0.742306
0.742423
0.742502
0.74251
0.742415
0.742435
0.742528
0.742529
0.74245
0.742521
0.74244
0.742443
0.742431
0.742517
0.742293
0.742289
0.742199
0.742213
0.742285
0.742298
0.742208
0.742291
0.742196
0.742283
0.742204
0.742303
0.742321
0.742223
0.742227
0.74231
0.742312
0.742217
0.742299
0.742212
0.742529
0.742404
0.742519
0.742603
0.742598
0.742509
0.742604
0.742517
0.742513
0.742522
0.742608
0.742518
0.742599
0.742605
0.742512
0.742396
0.742401
0.742305
0.74231
0.742396
0.742399
0.742308
0.74239
0.742382
0.742301
0.742299
0.742389
0.742384
0.742304
0.742394
0.742306
0.74239
0.742299
0.742385
0.742304
0.742488
0.74257
0.742567
0.742472
0.742575
0.742482
0.74248
0.742499
0.742593
0.742585
0.742506
0.742492
0.742579
0.742368
0.742375
0.74228
0.742293
0.742366
0.742377
0.742286
0.74236
0.742346
0.74227
0.742269
0.742357
0.742352
0.742277
0.742371
0.742293
0.742379
0.742287
0.742365
0.74228
0.742334
0.741989
0.741847
0.741951
0.742045
0.742051
0.741945
0.741962
0.74207
0.74207
0.741977
0.742062
0.74197
0.741968
0.741955
0.742046
0.742061
0.741955
0.742053
0.741949
0.741962
0.741813
0.741716
0.741807
0.741709
0.741804
0.741712
0.741816
0.741833
0.741726
0.741725
0.741823
0.741824
0.741719
0.741809
0.741812
0.741713
0.741722
0.741805
0.741817
0.741716
0.741939
0.742036
0.741942
0.742041
0.742042
0.74195
0.742037
0.741945
0.741947
0.74194
0.742035
0.74204
0.741943
0.742035
0.741941
0.741944
0.741801
0.741708
0.741802
0.741709
0.741802
0.741711
0.741801
0.741809
0.741711
0.741717
0.741803
0.741807
0.741712
0.741803
0.74181
0.741717
0.741719
0.741805
0.741809
0.741713
0.741945
0.741816
0.742022
0.742118
0.742122
0.742003
0.742128
0.742012
0.742016
0.742036
0.74215
0.742141
0.742044
0.742033
0.742135
0.742149
0.742041
0.742139
0.74203
0.742043
0.741884
0.741777
0.741879
0.741861
0.741763
0.741768
0.74187
0.741875
0.741773
0.741892
0.741794
0.741901
0.741785
0.74189
0.741899
0.741781
0.741793
0.741887
0.7419
0.741783
0.741961
0.74205
0.741967
0.742053
0.742061
0.741976
0.742053
0.741967
0.741975
0.741967
0.742061
0.742054
0.741975
0.741833
0.741823
0.741745
0.741748
0.741827
0.741832
0.741752
0.741836
0.741756
0.741842
0.741853
0.74176
0.741772
0.741842
0.741851
0.741762
0.741843
0.741772
0.741851
0.741763
0.74206
0.742156
0.742164
0.742051
0.742164
0.742052
0.742061
0.742065
0.742169
0.742067
0.742172
0.742175
0.742074
0.742171
0.742068
0.742072
0.741917
0.741803
0.741909
0.741811
0.741918
0.74191
0.741803
0.741814
0.741909
0.74192
0.741812
0.741924
0.741817
0.741927
0.741937
0.741823
0.741827
0.74193
0.741933
0.741821
0.741991
0.742068
0.742076
0.741982
0.742004
0.742096
0.7421
0.742022
0.74209
0.74201
0.742014
0.742
0.742085
0.741871
0.741863
0.741781
0.741793
0.741861
0.741875
0.741791
0.741869
0.74178
0.741859
0.741789
0.741883
0.7419
0.741804
0.741809
0.741888
0.741892
0.741801
0.741878
0.741797
0.742078
0.741943
0.742084
0.74217
0.742167
0.742076
0.742172
0.742079
0.742081
0.742085
0.742176
0.742084
0.74217
0.742173
0.742082
0.741949
0.741946
0.741849
0.741852
0.741946
0.741948
0.741855
0.741949
0.741943
0.741852
0.741858
0.741945
0.741947
0.741858
0.741951
0.741857
0.741952
0.741859
0.741951
0.741859
0.742066
0.742145
0.742141
0.742049
0.742149
0.742058
0.742058
0.742074
0.742165
0.742159
0.742078
0.742069
0.742153
0.741941
0.741941
0.741849
0.741858
0.741936
0.741945
0.741856
0.741937
0.741924
0.741844
0.741846
0.741932
0.74193
0.741851
0.741946
0.741859
0.741949
0.741857
0.741941
0.741854
0.741914
0.74152
0.741409
0.741504
0.741583
0.741584
0.741504
0.741506
0.741594
0.741594
0.741514
0.741589
0.74151
0.74151
0.741506
0.741584
0.74159
0.74151
0.741585
0.741506
0.74151
0.7414
0.741339
0.7414
0.741345
0.741402
0.741342
0.741401
0.741404
0.741339
0.741339
0.741402
0.741402
0.741339
0.741401
0.741405
0.741346
0.741343
0.741403
0.741403
0.741343
0.741514
0.741589
0.741512
0.741585
0.741592
0.741513
0.741587
0.741509
0.741517
0.741517
0.741596
0.741598
0.74153
0.741591
0.741524
0.741523
0.741411
0.74135
0.741406
0.741355
0.741416
0.741361
0.741412
0.74141
0.741352
0.74136
0.741407
0.741416
0.741357
0.741419
0.741433
0.741371
0.741369
0.741426
0.741425
0.741365
0.74154
0.741444
0.74154
0.741628
0.741634
0.741529
0.741636
0.741533
0.741538
0.74155
0.741655
0.741647
0.741558
0.741548
0.741644
0.741654
0.741557
0.741644
0.741548
0.741557
0.741423
0.741347
0.741421
0.741414
0.741342
0.741345
0.741416
0.741422
0.741345
0.741427
0.741354
0.741434
0.74135
0.741425
0.741436
0.741349
0.741354
0.741427
0.741433
0.741349
0.741571
0.74164
0.741577
0.741645
0.741656
0.741584
0.741646
0.741573
0.741586
0.741579
0.741657
0.741648
0.741586
0.741467
0.741454
0.741403
0.741404
0.741459
0.741464
0.741409
0.741471
0.741413
0.741474
0.741482
0.741412
0.741423
0.741472
0.741483
0.741417
0.741478
0.741424
0.741485
0.741418
0.741574
0.741663
0.741676
0.741566
0.741672
0.741565
0.741576
0.741579
0.741678
0.741582
0.741686
0.741689
0.741595
0.741682
0.741585
0.741589
0.741446
0.741358
0.741439
0.741364
0.741447
0.741443
0.741359
0.741367
0.741439
0.741451
0.741365
0.741451
0.741368
0.741454
0.741469
0.741374
0.741377
0.74146
0.741462
0.741371
0.741601
0.741665
0.741674
0.741594
0.74161
0.741689
0.741693
0.741619
0.741685
0.741611
0.741615
0.741607
0.741681
0.741497
0.74149
0.741429
0.741431
0.74149
0.741498
0.741434
0.741497
0.741429
0.741491
0.741433
0.741503
0.74151
0.741435
0.741439
0.741504
0.741507
0.741437
0.741501
0.741436
0.741605
0.741479
0.741633
0.741719
0.741726
0.74163
0.741724
0.741626
0.741636
0.741629
0.741724
0.741634
0.74173
0.741728
0.741637
0.741501
0.741489
0.741408
0.741407
0.741496
0.741495
0.741413
0.741507
0.741508
0.741417
0.741426
0.741503
0.741512
0.741421
0.741505
0.741416
0.74151
0.741427
0.741514
0.741422
0.741639
0.741721
0.74172
0.741631
0.741725
0.741634
0.741636
0.74164
0.741731
0.74173
0.741639
0.74164
0.741728
0.741518
0.741513
0.741434
0.741432
0.741515
0.741516
0.741436
0.74152
0.741518
0.741438
0.74144
0.741519
0.74152
0.741439
0.74152
0.741432
0.741518
0.741436
0.741521
0.741438
0.741515
0.741203
0.741138
0.741223
0.741267
0.741262
0.741228
0.741215
0.741255
0.741257
0.741208
0.741258
0.741211
0.741212
0.741223
0.741267
0.741262
0.741227
0.741262
0.741228
0.741221
0.741156
0.741125
0.741161
0.741137
0.741167
0.741132
0.741153
0.741143
0.741116
0.741116
0.741147
0.74115
0.741121
0.74116
0.741166
0.741136
0.741127
0.741167
0.741158
0.741131
0.741247
0.741285
0.741242
0.741274
0.741283
0.741236
0.741281
0.741236
0.741243
0.74125
0.741295
0.741293
0.741259
0.741289
0.741255
0.741251
0.74118
0.741145
0.741174
0.74115
0.741185
0.741154
0.741181
0.741174
0.741145
0.741148
0.741174
0.741182
0.741149
0.741188
0.741196
0.741159
0.741156
0.741192
0.74119
0.741156
0.741266
0.741202
0.741196
0.741249
0.741253
0.7412
0.74125
0.741198
0.741198
0.741193
0.741253
0.74125
0.741193
0.741194
0.741253
0.741253
0.741196
0.741249
0.741197
0.741194
0.741124
0.741084
0.741127
0.741134
0.741093
0.741092
0.74113
0.741131
0.741088
0.741118
0.741074
0.741117
0.741078
0.74112
0.741123
0.741086
0.741076
0.741124
0.74112
0.741081
0.741281
0.74133
0.74128
0.741327
0.741335
0.741277
0.741331
0.741275
0.741283
0.741283
0.741338
0.741334
0.741285
0.74121
0.741205
0.741167
0.741165
0.741208
0.741207
0.741167
0.741211
0.741167
0.741209
0.741205
0.74116
0.741163
0.741205
0.741209
0.741164
0.741211
0.741164
0.741211
0.741166
0.741197
0.741254
0.741263
0.741197
0.741259
0.741195
0.741199
0.741197
0.741261
0.741199
0.741267
0.741268
0.741206
0.741263
0.741201
0.741203
0.741114
0.74107
0.741113
0.741068
0.741117
0.741119
0.741072
0.741073
0.741115
0.741119
0.74107
0.741114
0.741067
0.741114
0.741121
0.74107
0.741069
0.741118
0.741117
0.741068
0.741286
0.74134
0.741342
0.741286
0.741284
0.74134
0.741342
0.741279
0.741342
0.741279
0.741283
0.741285
0.741342
0.741205
0.741202
0.741158
0.74115
0.741207
0.7412
0.741156
0.741207
0.741161
0.741209
0.741157
0.741201
0.741194
0.741143
0.741146
0.741197
0.741198
0.741149
0.741204
0.741152
0.741212
0.741125
0.741237
0.741309
0.741317
0.741243
0.74131
0.741235
0.741244
0.741233
0.741306
0.741239
0.741318
0.741312
0.741245
0.74114
0.741132
0.741083
0.74108
0.741139
0.741135
0.741085
0.741146
0.741153
0.74109
0.741097
0.741146
0.741152
0.741091
0.741142
0.741087
0.741147
0.741098
0.741153
0.741093
0.741263
0.741335
0.741336
0.74127
0.741333
0.741265
0.741267
0.741257
0.741323
0.741328
0.741251
0.741261
0.741332
0.741165
0.741161
0.741111
0.741103
0.741168
0.741159
0.74111
0.741173
0.741183
0.741119
0.741122
0.741177
0.741178
0.741117
0.741165
0.741104
0.741159
0.741109
0.74117
0.741114
0.74119
0.741027
0.740985
0.741055
0.741087
0.741082
0.74106
0.741045
0.741066
0.741069
0.741034
0.741073
0.74104
0.74104
0.741053
0.741086
0.741076
0.741053
0.74108
0.741057
0.741048
0.741005
0.740979
0.74101
0.740985
0.741013
0.740982
0.741002
0.740992
0.740971
0.74097
0.740997
0.740998
0.740975
0.741007
0.741007
0.740982
0.740973
0.741011
0.741003
0.740979
0.74107
0.7411
0.741067
0.741092
0.741095
0.741059
0.741096
0.741064
0.741063
0.74107
0.741103
0.741101
0.741069
0.741101
0.74107
0.741067
0.741018
0.740987
0.741016
0.740988
0.741018
0.740987
0.741016
0.741011
0.740984
0.74098
0.741014
0.741013
0.740985
0.741018
0.741016
0.740984
0.740981
0.741017
0.741016
0.740985
0.74107
0.741015
0.741008
0.741041
0.741041
0.74102
0.741035
0.741015
0.741013
0.740996
0.741018
0.741023
0.74099
0.740999
0.741032
0.741022
0.740996
0.741026
0.741004
0.740992
0.740962
0.740941
0.740966
0.740978
0.74095
0.740948
0.740972
0.740971
0.740944
0.740955
0.740929
0.740949
0.740935
0.740957
0.740953
0.740939
0.74093
0.740961
0.740951
0.740937
0.741063
0.741105
0.741059
0.741099
0.741097
0.741052
0.741101
0.741057
0.741054
0.741059
0.741098
0.741102
0.741054
0.741006
0.741012
0.740971
0.740969
0.741009
0.741007
0.740967
0.741004
0.740965
0.741
0.740993
0.740961
0.740954
0.741
0.740993
0.740961
0.740999
0.740954
0.740993
0.74096
0.74098
0.741014
0.741014
0.740987
0.741012
0.740985
0.740981
0.740975
0.741007
0.740974
0.741008
0.741007
0.740973
0.741006
0.740974
0.740973
0.740937
0.740922
0.740942
0.740916
0.740938
0.740943
0.740922
0.740915
0.740943
0.740937
0.740916
0.740932
0.740911
0.740931
0.740927
0.740907
0.740905
0.74093
0.740928
0.740908
0.741042
0.741093
0.741088
0.741048
0.741032
0.741073
0.741073
0.741022
0.741078
0.741027
0.741027
0.741036
0.741082
0.740979
0.740985
0.740947
0.740938
0.740986
0.740976
0.74094
0.740981
0.740948
0.740987
0.740942
0.740971
0.740961
0.740928
0.740927
0.740968
0.740965
0.740932
0.740975
0.740936
0.740972
0.740926
0.740979
0.741021
0.741025
0.740983
0.741021
0.74098
0.740982
0.740977
0.741018
0.74098
0.741025
0.741022
0.740982
0.740926
0.740926
0.740898
0.740897
0.740926
0.740926
0.740895
0.740926
0.74093
0.740898
0.740895
0.740928
0.740928
0.740895
0.740925
0.740894
0.740925
0.740894
0.740926
0.740894
0.740998
0.741046
0.741047
0.741007
0.741043
0.741
0.741003
0.740991
0.74103
0.741035
0.740986
0.740995
0.74104
0.740934
0.740933
0.740904
0.740897
0.740937
0.740931
0.7409
0.740939
0.740947
0.740906
0.740907
0.740942
0.740943
0.740903
0.740932
0.740895
0.740928
0.740898
0.740936
0.740901
0.740954
0.740896
0.740857
0.740906
0.740938
0.740936
0.740906
0.740903
0.740929
0.740929
0.740898
0.740932
0.740901
0.7409
0.740903
0.740935
0.74093
0.740899
0.740934
0.740904
0.740899
0.74086
0.74083
0.74086
0.740827
0.740859
0.740829
0.74086
0.740858
0.74083
0.740829
0.740859
0.740858
0.74083
0.740859
0.740855
0.740826
0.740826
0.740857
0.740857
0.740828
0.740902
0.740936
0.740902
0.740935
0.740931
0.740898
0.740935
0.740903
0.740897
0.7409
0.740931
0.74093
0.740893
0.740934
0.740897
0.740895
0.740855
0.740825
0.740857
0.740822
0.740852
0.74082
0.740853
0.740853
0.740823
0.740818
0.740856
0.74085
0.740821
0.740851
0.740844
0.740815
0.740814
0.740848
0.740847
0.740818
0.74089
0.74084
0.740886
0.740912
0.74091
0.740892
0.740908
0.74089
0.740887
0.74088
0.740894
0.7409
0.740876
0.74088
0.740902
0.740895
0.740875
0.740901
0.740881
0.740876
0.740849
0.740827
0.74085
0.740854
0.740828
0.740826
0.740852
0.74085
0.740827
0.740846
0.740824
0.740843
0.740826
0.740846
0.740841
0.740823
0.740822
0.740846
0.740842
0.740825
0.740875
0.740909
0.740872
0.740907
0.7409
0.740866
0.740906
0.740873
0.740866
0.740871
0.740899
0.740905
0.740866
0.740828
0.740835
0.740801
0.740799
0.740831
0.74083
0.740798
0.740826
0.740796
0.740823
0.740821
0.740796
0.740791
0.740825
0.740819
0.740794
0.740822
0.74079
0.740818
0.740793
0.740864
0.740888
0.74088
0.740868
0.740881
0.740869
0.740862
0.74086
0.740877
0.740857
0.740873
0.740871
0.740849
0.740875
0.740855
0.740853
0.740835
0.740821
0.740839
0.740818
0.740833
0.740836
0.740819
0.740813
0.740838
0.740831
0.740815
0.740831
0.740814
0.740828
0.740821
0.740809
0.740807
0.740826
0.740824
0.740811
0.740856
0.740894
0.740888
0.740861
0.74085
0.740879
0.740876
0.740843
0.740881
0.740848
0.740846
0.740852
0.740883
0.740812
0.740815
0.740788
0.740786
0.740815
0.740812
0.740786
0.740811
0.740788
0.740815
0.740786
0.740808
0.740803
0.740783
0.740782
0.740807
0.740806
0.740783
0.740809
0.740784
0.740845
0.740816
0.740833
0.740858
0.740854
0.740835
0.740855
0.740837
0.740831
0.740834
0.740854
0.740831
0.740851
0.740852
0.740829
0.740805
0.740812
0.740793
0.740793
0.740809
0.740809
0.74079
0.740802
0.740803
0.740789
0.740783
0.740805
0.7408
0.740786
0.740803
0.740788
0.740799
0.740782
0.740797
0.740785
0.740831
0.740859
0.74086
0.740836
0.740856
0.740834
0.740833
0.740828
0.74085
0.740852
0.740828
0.740829
0.740854
0.740796
0.7408
0.740781
0.740781
0.740799
0.740797
0.740779
0.740795
0.740798
0.740778
0.740777
0.740797
0.740797
0.740777
0.740794
0.74078
0.740795
0.740778
0.740794
0.740777
0.7408
0.740766
0.740733
0.740759
0.740784
0.740786
0.740757
0.740762
0.74079
0.740789
0.740764
0.740788
0.740763
0.740762
0.740759
0.740783
0.740786
0.740756
0.740786
0.740757
0.740759
0.740726
0.740705
0.740724
0.740702
0.740722
0.740704
0.740727
0.74073
0.740707
0.740707
0.740729
0.740728
0.740706
0.740724
0.740721
0.740702
0.740704
0.740722
0.740724
0.740704
0.740749
0.740776
0.740751
0.740781
0.740776
0.740752
0.740778
0.740753
0.740749
0.740747
0.740772
0.740773
0.740743
0.740775
0.740745
0.740745
0.740718
0.7407
0.74072
0.740698
0.740715
0.740696
0.740717
0.740718
0.740699
0.740696
0.740719
0.740716
0.740697
0.740714
0.74071
0.740693
0.740694
0.740712
0.740712
0.740695
0.74074
0.740708
0.740769
0.740792
0.740791
0.740767
0.740793
0.740768
0.740767
0.740771
0.740792
0.740793
0.740771
0.74077
0.74079
0.740791
0.740767
0.740792
0.740767
0.740769
0.740739
0.740717
0.740738
0.740734
0.740714
0.740714
0.740736
0.740736
0.740716
0.74074
0.740721
0.740741
0.740719
0.740739
0.740738
0.740716
0.740719
0.740737
0.74074
0.740718
0.740733
0.740756
0.740732
0.740757
0.740753
0.740733
0.740756
0.740734
0.740731
0.740731
0.740751
0.740754
0.74073
0.740704
0.740706
0.740688
0.740689
0.740705
0.740704
0.740688
0.740702
0.740687
0.740703
0.740704
0.740689
0.740689
0.740704
0.740703
0.740688
0.740702
0.740688
0.740701
0.740687
0.740768
0.740789
0.740785
0.740767
0.740787
0.740769
0.740766
0.740768
0.740786
0.740767
0.740782
0.740781
0.740762
0.740784
0.740764
0.740764
0.740742
0.740722
0.740742
0.740723
0.740741
0.740739
0.740721
0.740721
0.740741
0.740739
0.740722
0.740741
0.740723
0.740741
0.740737
0.740722
0.740722
0.740739
0.740739
0.740723
0.74073
0.74075
0.74075
0.74073
0.740732
0.740751
0.740751
0.740733
0.74075
0.740733
0.740733
0.740731
0.74075
0.740705
0.740706
0.740691
0.740694
0.740704
0.740707
0.740692
0.740704
0.74069
0.740702
0.740691
0.740707
0.740709
0.740696
0.740696
0.740708
0.740709
0.740694
0.740706
0.740693
0.740759
0.740735
0.740747
0.740763
0.740758
0.740745
0.740761
0.740749
0.740744
0.740748
0.740762
0.740746
0.740756
0.740759
0.740743
0.740728
0.740732
0.740716
0.740716
0.740729
0.74073
0.740715
0.740725
0.740723
0.740714
0.74071
0.740726
0.740722
0.740713
0.740726
0.740714
0.740724
0.74071
0.740721
0.740712
0.740736
0.74075
0.740749
0.740734
0.74075
0.740736
0.740734
0.740738
0.740754
0.740751
0.74074
0.740736
0.74075
0.740717
0.74072
0.740706
0.740708
0.740717
0.74072
0.740706
0.740715
0.740712
0.740703
0.740702
0.740714
0.740713
0.740704
0.740717
0.740708
0.740719
0.740706
0.740715
0.740704
0.74071
0.740671
0.740654
0.740665
0.740676
0.740678
0.740664
0.740667
0.740682
0.740681
0.740669
0.74068
0.740668
0.740668
0.740665
0.740677
0.740679
0.740665
0.740679
0.740664
0.740667
0.740651
0.740647
0.74065
0.740647
0.74065
0.740647
0.740651
0.740653
0.740648
0.740648
0.740652
0.740652
0.740647
0.740651
0.740651
0.740647
0.740648
0.740651
0.740652
0.740647
0.740662
0.740673
0.740662
0.740675
0.740673
0.740664
0.740674
0.740663
0.740663
0.740662
0.740672
0.740672
0.740661
0.740673
0.740661
0.740662
0.74065
0.740647
0.74065
0.740648
0.74065
0.740648
0.74065
0.740651
0.740648
0.740649
0.74065
0.74065
0.740648
0.74065
0.74065
0.740649
0.740649
0.74065
0.74065
0.740648
0.740661
0.74065
0.740675
0.740689
0.740689
0.740672
0.740691
0.740673
0.740674
0.740678
0.740696
0.740694
0.74068
0.740677
0.740692
0.740695
0.740679
0.740693
0.740677
0.74068
0.74066
0.740653
0.740659
0.740656
0.740651
0.740652
0.740657
0.740658
0.740652
0.740662
0.740657
0.740664
0.740655
0.740661
0.740663
0.740654
0.740657
0.740661
0.740664
0.740654
0.740662
0.740668
0.740663
0.74067
0.740671
0.740665
0.74067
0.740663
0.740664
0.740663
0.74067
0.740669
0.740665
0.740652
0.74065
0.740651
0.740652
0.740651
0.740651
0.740652
0.740652
0.740653
0.740654
0.740655
0.740654
0.740656
0.740653
0.740656
0.740654
0.740654
0.740656
0.740655
0.740654
0.740684
0.740697
0.740699
0.740682
0.740699
0.740682
0.740684
0.740686
0.7407
0.740686
0.7407
0.7407
0.740687
0.7407
0.740686
0.740686
0.740668
0.740659
0.740666
0.740661
0.740668
0.740666
0.740659
0.740661
0.740666
0.740668
0.740661
0.740669
0.740662
0.74067
0.740671
0.740663
0.740664
0.74067
0.740671
0.740662
0.740669
0.740672
0.740674
0.740666
0.740672
0.740679
0.74068
0.740675
0.740678
0.740673
0.740673
0.740671
0.740677
0.74066
0.740658
0.740658
0.740661
0.740658
0.740661
0.74066
0.74066
0.740658
0.740658
0.74066
0.740662
0.740665
0.740663
0.740664
0.740663
0.740664
0.740662
0.740661
0.740661
0.740687
0.740672
0.740685
0.740695
0.740694
0.740684
0.740695
0.740685
0.740684
0.740686
0.740696
0.740685
0.740693
0.740695
0.740684
0.740673
0.740672
0.740667
0.740666
0.740672
0.740673
0.740667
0.740673
0.740672
0.740667
0.740668
0.740673
0.740673
0.740667
0.740673
0.740667
0.740673
0.740669
0.740673
0.740668
0.74068
0.740687
0.740686
0.740678
0.740688
0.74068
0.740679
0.740682
0.740692
0.74069
0.740684
0.740681
0.740689
0.740672
0.740672
0.740668
0.740668
0.740671
0.740673
0.740668
0.740671
0.740669
0.740668
0.740667
0.74067
0.74067
0.740668
0.740672
0.740669
0.740673
0.740669
0.740671
0.740668
0.740667
0.740649
0.740655
0.74065
0.740644
0.740644
0.740651
0.740649
0.740643
0.740643
0.740649
0.740643
0.740649
0.740649
0.74065
0.740645
0.740645
0.740651
0.740644
0.740651
0.74065
0.740656
0.740671
0.740657
0.740673
0.740658
0.740672
0.740656
0.740655
0.74067
0.740671
0.740655
0.740656
0.74067
0.740657
0.740659
0.740673
0.740672
0.740658
0.740657
0.740672
0.740654
0.740646
0.740653
0.740646
0.740647
0.740653
0.740646
0.740652
0.740654
0.740654
0.740648
0.740648
0.740656
0.740647
0.740655
0.740655
0.740661
0.740675
0.740659
0.740676
0.740662
0.740677
0.740661
0.74066
0.740675
0.740677
0.74066
0.740662
0.740676
0.740662
0.740664
0.740679
0.740679
0.740663
0.740663
0.740678
0.740658
0.740665
0.74065
0.740646
0.740647
0.74065
0.740647
0.74065
0.740651
0.740652
0.740651
0.740649
0.740653
0.740652
0.740649
0.740651
0.740654
0.740649
0.740652
0.740653
0.740656
0.740669
0.740656
0.740655
0.740669
0.74067
0.740655
0.740656
0.740669
0.740657
0.74067
0.740658
0.740669
0.740657
0.740658
0.74067
0.74067
0.740657
0.740658
0.740669
0.740661
0.740653
0.740661
0.740653
0.740656
0.740663
0.740654
0.740661
0.740663
0.740662
0.740656
0.740654
0.740663
0.740669
0.740666
0.740682
0.740682
0.740667
0.740668
0.740683
0.740669
0.740684
0.74067
0.740671
0.740683
0.740685
0.740669
0.740671
0.740684
0.74067
0.740685
0.740671
0.740684
0.740656
0.740652
0.740655
0.740656
0.740654
0.740655
0.740657
0.740657
0.740655
0.740658
0.740656
0.740657
0.74066
0.740656
0.740659
0.740659
0.74066
0.740671
0.740659
0.740672
0.74066
0.74066
0.740671
0.740673
0.740659
0.740661
0.740672
0.740661
0.740673
0.740661
0.740663
0.740674
0.740674
0.740662
0.740662
0.740673
0.740666
0.740658
0.740659
0.740664
0.740667
0.740661
0.740662
0.740668
0.740661
0.740668
0.740668
0.740667
0.74066
0.740673
0.740672
0.740685
0.740686
0.740672
0.740673
0.740686
0.740673
0.740686
0.740672
0.740686
0.740674
0.740674
0.740687
0.740687
0.740674
0.740675
0.740687
0.740674
0.740687
0.740661
0.740664
0.740665
0.740662
0.740664
0.740666
0.740663
0.740664
0.740666
0.740664
0.740662
0.740665
0.740664
0.740663
0.740667
0.740667
0.740665
0.740678
0.740677
0.740667
0.740666
0.740678
0.740669
0.74067
0.740679
0.740681
0.740669
0.74067
0.74068
0.740668
0.740679
0.740669
0.740681
0.74067
0.74068
0.740669
0.740665
0.740665
0.740669
0.740665
0.740669
0.740669
0.740668
0.740665
0.740665
0.740668
0.740669
0.740665
0.740673
0.740672
0.740684
0.740683
0.740673
0.740672
0.740684
0.740674
0.740674
0.740686
0.740686
0.740674
0.740674
0.740685
0.740673
0.740683
0.740672
0.740684
0.740673
0.740685
0.740674
0.740708
0.74073
0.740711
0.74069
0.740689
0.740712
0.740709
0.740686
0.740687
0.740708
0.740687
0.740708
0.740709
0.74071
0.74069
0.740688
0.740712
0.740689
0.740712
0.74071
0.740733
0.740759
0.740734
0.740761
0.740735
0.74076
0.740733
0.740731
0.740758
0.740759
0.740732
0.740732
0.740759
0.740734
0.740735
0.740761
0.74076
0.740735
0.740734
0.74076
0.740715
0.740693
0.740714
0.740692
0.740693
0.740713
0.740693
0.740713
0.740715
0.740716
0.740695
0.740694
0.740717
0.740694
0.740717
0.740716
0.740737
0.740762
0.740736
0.740763
0.740738
0.740764
0.740737
0.740736
0.740762
0.740763
0.740736
0.740737
0.740763
0.740738
0.740739
0.740765
0.740764
0.740739
0.740738
0.740764
0.740718
0.740739
0.740706
0.740684
0.740685
0.740707
0.740684
0.740706
0.740706
0.740705
0.740685
0.740684
0.740705
0.740705
0.740685
0.740685
0.740706
0.740685
0.740706
0.740706
0.740728
0.740754
0.740728
0.740729
0.740755
0.740755
0.740729
0.740729
0.740755
0.740728
0.740754
0.740728
0.740754
0.740728
0.740729
0.740754
0.740754
0.740729
0.740728
0.740754
0.740719
0.740699
0.740719
0.740699
0.7407
0.740719
0.7407
0.740719
0.74072
0.74072
0.7407
0.7407
0.74072
0.74074
0.74074
0.740765
0.740765
0.74074
0.74074
0.740765
0.74074
0.740765
0.740741
0.74074
0.740764
0.740764
0.74074
0.740741
0.740765
0.740741
0.740765
0.740741
0.740765
0.740706
0.740686
0.740687
0.740707
0.740686
0.740706
0.740707
0.740707
0.740686
0.740707
0.740687
0.740688
0.740708
0.740687
0.740708
0.740708
0.740728
0.740753
0.740728
0.740753
0.740728
0.740729
0.740753
0.740754
0.740728
0.740729
0.740753
0.740728
0.740753
0.740728
0.740728
0.740754
0.740754
0.740728
0.740728
0.740753
0.74072
0.740701
0.740701
0.74072
0.74072
0.740701
0.740701
0.74072
0.740701
0.74072
0.74072
0.74072
0.740701
0.74074
0.74074
0.740764
0.740763
0.740741
0.74074
0.740764
0.74074
0.740764
0.740741
0.740764
0.74074
0.740739
0.740763
0.740763
0.740739
0.740739
0.740763
0.74074
0.740764
0.740709
0.740729
0.740712
0.740693
0.740694
0.740713
0.740693
0.740711
0.740713
0.740711
0.740692
0.740712
0.740694
0.740693
0.740713
0.740731
0.740729
0.740755
0.740754
0.74073
0.74073
0.740755
0.740732
0.740733
0.740756
0.740756
0.740732
0.740733
0.740755
0.740731
0.740755
0.740732
0.740756
0.740733
0.740756
0.740717
0.740699
0.740699
0.740719
0.740698
0.740718
0.740718
0.740715
0.740696
0.740697
0.740714
0.740716
0.740698
0.740736
0.740735
0.740759
0.740757
0.740736
0.740734
0.740758
0.740737
0.740738
0.74076
0.740761
0.740737
0.740737
0.74076
0.740735
0.740757
0.740734
0.740758
0.740736
0.740759
0.740738
0.740811
0.740836
0.740814
0.740788
0.740787
0.740815
0.740813
0.740785
0.740785
0.740812
0.740785
0.740812
0.740813
0.740814
0.740788
0.740786
0.740814
0.740787
0.740814
0.740813
0.740839
0.740865
0.74084
0.740866
0.740841
0.740865
0.740839
0.740837
0.740864
0.740864
0.740838
0.740838
0.740864
0.74084
0.74084
0.740865
0.740864
0.740841
0.740839
0.740865
0.740816
0.740789
0.740816
0.740788
0.740789
0.740815
0.740789
0.740815
0.740816
0.740816
0.74079
0.740789
0.740817
0.74079
0.740817
0.740816
0.740842
0.740866
0.740841
0.740866
0.740842
0.740867
0.740842
0.740841
0.740866
0.740866
0.740841
0.740841
0.740866
0.740842
0.740841
0.740867
0.740867
0.740842
0.740841
0.740867
0.740817
0.740841
0.740808
0.740782
0.740781
0.74081
0.740781
0.740809
0.740809
0.740807
0.74078
0.74078
0.740807
0.740807
0.740781
0.74078
0.740807
0.740781
0.740808
0.740807
0.740834
0.740859
0.740835
0.740836
0.740861
0.74086
0.740835
0.740835
0.74086
0.740833
0.740858
0.740833
0.740858
0.740834
0.740833
0.740859
0.740858
0.740834
0.740833
0.740859
0.740815
0.740789
0.740815
0.740789
0.740789
0.740814
0.740789
0.740814
0.740814
0.740815
0.740788
0.740789
0.740814
0.74084
0.740841
0.740865
0.740865
0.740841
0.74084
0.740865
0.74084
0.740864
0.740839
0.740839
0.740863
0.740863
0.740839
0.740839
0.740864
0.740839
0.740863
0.740838
0.740863
0.740806
0.740779
0.74078
0.740806
0.740779
0.740806
0.740806
0.740805
0.740779
0.740805
0.740779
0.740778
0.740805
0.740779
0.740805
0.740805
0.740831
0.740857
0.740832
0.740856
0.740831
0.740832
0.740857
0.740856
0.740832
0.740832
0.740856
0.740831
0.740856
0.74083
0.740829
0.740855
0.740855
0.74083
0.74083
0.740855
0.740813
0.740788
0.740788
0.740813
0.740812
0.740786
0.740786
0.740811
0.740787
0.740812
0.740811
0.740812
0.740787
0.740837
0.740838
0.740862
0.74086
0.740838
0.740837
0.740861
0.740837
0.740862
0.740838
0.740861
0.740836
0.740834
0.74086
0.740859
0.740835
0.740835
0.74086
0.740836
0.74086
0.740805
0.740829
0.740804
0.74078
0.740781
0.740806
0.74078
0.740805
0.740805
0.740804
0.740779
0.740804
0.74078
0.74078
0.740805
0.740829
0.740829
0.740853
0.740853
0.740829
0.740829
0.740853
0.740829
0.74083
0.740853
0.740853
0.74083
0.74083
0.740853
0.740829
0.740853
0.740829
0.740853
0.740829
0.740853
0.740808
0.740783
0.740784
0.740809
0.740783
0.740808
0.740808
0.740806
0.740781
0.740782
0.740806
0.740807
0.740783
0.740831
0.740831
0.740855
0.740854
0.740832
0.74083
0.740854
0.740832
0.740833
0.740856
0.740856
0.740832
0.740832
0.740855
0.740831
0.740853
0.74083
0.740854
0.740831
0.740855
0.740833
0.740906
0.740924
0.740909
0.740888
0.740888
0.740909
0.740908
0.740886
0.740886
0.740907
0.740887
0.740907
0.740907
0.740908
0.740888
0.740887
0.740908
0.740888
0.740909
0.740908
0.740926
0.740943
0.740927
0.740944
0.740928
0.740943
0.740926
0.740925
0.740942
0.740942
0.740925
0.740926
0.740943
0.740927
0.740927
0.740944
0.740943
0.740927
0.740927
0.740943
0.74091
0.740889
0.74091
0.740889
0.740889
0.740909
0.740889
0.740909
0.740909
0.74091
0.740889
0.740889
0.74091
0.740889
0.74091
0.74091
0.740928
0.740945
0.740928
0.740945
0.740928
0.740945
0.740928
0.740928
0.740944
0.740944
0.740928
0.740928
0.740945
0.740928
0.740928
0.740945
0.740945
0.740928
0.740928
0.740945
0.74091
0.740927
0.740904
0.740883
0.740883
0.740905
0.740883
0.740904
0.740904
0.740903
0.740881
0.740882
0.740902
0.740903
0.740882
0.740881
0.740902
0.740882
0.740903
0.740902
0.740922
0.740939
0.740923
0.740923
0.74094
0.74094
0.740923
0.740923
0.740939
0.740922
0.740938
0.740921
0.740939
0.740922
0.740922
0.740939
0.740938
0.740922
0.740921
0.740939
0.740907
0.740886
0.740907
0.740886
0.740885
0.740906
0.740886
0.740907
0.740906
0.740907
0.740885
0.740886
0.740906
0.740927
0.740927
0.740944
0.740944
0.740927
0.740927
0.740944
0.740926
0.740944
0.740926
0.740925
0.740943
0.740943
0.740926
0.740925
0.740943
0.740926
0.740943
0.740925
0.740943
0.7409
0.74088
0.740879
0.740901
0.740879
0.740901
0.7409
0.7409
0.740879
0.7409
0.740878
0.740877
0.740899
0.740878
0.7409
0.740899
0.74092
0.740938
0.740921
0.740938
0.74092
0.740921
0.740938
0.740938
0.740921
0.74092
0.740938
0.74092
0.740937
0.740919
0.740918
0.740937
0.740937
0.740919
0.740919
0.740937
0.740904
0.740884
0.740883
0.740905
0.740904
0.740882
0.740881
0.740903
0.740882
0.740903
0.740903
0.740904
0.740883
0.740924
0.740925
0.740943
0.740942
0.740925
0.740924
0.740942
0.740924
0.740943
0.740925
0.740942
0.740923
0.740922
0.740942
0.740942
0.740923
0.740923
0.740942
0.740924
0.740942
0.740898
0.740917
0.740896
0.740876
0.740876
0.740897
0.740876
0.740897
0.740897
0.740896
0.740875
0.740896
0.740876
0.740875
0.740897
0.740917
0.740917
0.740936
0.740936
0.740917
0.740917
0.740935
0.740917
0.740918
0.740936
0.740936
0.740917
0.740917
0.740935
0.740917
0.740935
0.740917
0.740936
0.740917
0.740935
0.740899
0.740878
0.740878
0.740901
0.740878
0.7409
0.7409
0.740898
0.740876
0.740877
0.740897
0.740898
0.740877
0.740919
0.740918
0.740938
0.740936
0.740919
0.740918
0.740937
0.740919
0.74092
0.740939
0.740939
0.74092
0.74092
0.740938
0.740918
0.740936
0.740918
0.740937
0.740919
0.740938
0.740921
0.74097
0.740984
0.740972
0.740959
0.740958
0.740973
0.740971
0.740956
0.740957
0.740971
0.740957
0.740971
0.740971
0.740972
0.740959
0.740958
0.740973
0.740958
0.740973
0.740972
0.740986
0.741
0.740987
0.741002
0.740988
0.741001
0.740985
0.740984
0.740999
0.741
0.740984
0.740985
0.741
0.740986
0.740988
0.741002
0.741001
0.740988
0.740987
0.741001
0.740975
0.74096
0.740974
0.74096
0.74096
0.740974
0.74096
0.740974
0.740974
0.740975
0.740961
0.740961
0.740976
0.740961
0.740976
0.740975
0.740989
0.741003
0.740989
0.741004
0.74099
0.741005
0.740989
0.740989
0.741003
0.741004
0.740989
0.74099
0.741004
0.74099
0.740991
0.741006
0.741006
0.740991
0.740991
0.741005
0.740976
0.740991
0.740969
0.740955
0.740955
0.74097
0.740955
0.740969
0.74097
0.740969
0.740955
0.740955
0.74097
0.740969
0.740955
0.740955
0.74097
0.740955
0.74097
0.74097
0.740984
0.740999
0.740984
0.740984
0.740999
0.740999
0.740984
0.740984
0.740999
0.740985
0.741001
0.740986
0.741
0.740985
0.740986
0.741
0.741001
0.740985
0.740986
0.741
0.740976
0.740961
0.740976
0.740961
0.740961
0.740976
0.740961
0.740976
0.740976
0.740976
0.740961
0.740961
0.740976
0.740994
0.740992
0.741009
0.741009
0.740993
0.740993
0.741009
0.740994
0.74101
0.740995
0.740995
0.74101
0.741011
0.740994
0.740995
0.74101
0.740995
0.741011
0.740995
0.74101
0.74097
0.740955
0.740955
0.74097
0.740955
0.74097
0.74097
0.74097
0.740955
0.74097
0.740954
0.740954
0.740971
0.740954
0.740971
0.740971
0.740987
0.741001
0.740986
0.741002
0.740987
0.740987
0.741002
0.741003
0.740986
0.740987
0.741002
0.740987
0.741003
0.740987
0.740988
0.741004
0.741005
0.740988
0.740988
0.741004
0.740977
0.740961
0.740961
0.740977
0.740977
0.74096
0.74096
0.740977
0.74096
0.740977
0.740977
0.740977
0.740961
0.740996
0.740995
0.741012
0.741013
0.740996
0.740996
0.741013
0.740996
0.741012
0.740996
0.741013
0.740997
0.740996
0.741014
0.741015
0.740996
0.740997
0.741014
0.740996
0.741014
0.740971
0.740989
0.740972
0.740955
0.740955
0.740973
0.740955
0.740972
0.740972
0.740971
0.740954
0.740972
0.740955
0.740955
0.740972
0.740991
0.740989
0.741008
0.741008
0.74099
0.74099
0.741008
0.740992
0.740993
0.741009
0.74101
0.740992
0.740993
0.741009
0.740991
0.741009
0.740992
0.741011
0.740993
0.74101
0.740975
0.740958
0.740958
0.740977
0.740957
0.740976
0.740976
0.740974
0.740956
0.740957
0.740973
0.740975
0.740957
0.740995
0.740994
0.741013
0.741012
0.740995
0.740994
0.741013
0.740996
0.740996
0.741014
0.741015
0.740995
0.740996
0.741014
0.740995
0.741012
0.740994
0.741013
0.740995
0.741014
0.740996
0.741034
0.741055
0.741036
0.741019
0.741018
0.741037
0.741035
0.741016
0.741017
0.741034
0.741016
0.741034
0.741035
0.741036
0.741019
0.741018
0.741037
0.741018
0.741037
0.741036
0.741057
0.741081
0.741058
0.741084
0.74106
0.741082
0.741057
0.741056
0.74108
0.741081
0.741056
0.741057
0.741081
0.741058
0.741061
0.741084
0.741082
0.74106
0.741059
0.741082
0.741041
0.741023
0.74104
0.741021
0.741023
0.741039
0.741022
0.741038
0.741041
0.741042
0.741024
0.741024
0.741045
0.741023
0.741043
0.741043
0.741063
0.741086
0.741062
0.741087
0.741064
0.741089
0.741064
0.741063
0.741086
0.741089
0.741062
0.741065
0.741088
0.741065
0.741068
0.741092
0.741092
0.741067
0.741066
0.74109
0.741046
0.74107
0.741035
0.741016
0.741017
0.741034
0.741016
0.741034
0.741035
0.741036
0.741019
0.741018
0.741037
0.741036
0.741018
0.741019
0.741038
0.741018
0.741036
0.741037
0.741058
0.741081
0.741057
0.741056
0.74108
0.741081
0.741056
0.741057
0.741081
0.741059
0.741084
0.741061
0.741082
0.741059
0.741061
0.741082
0.741084
0.74106
0.741061
0.741082
0.74105
0.741031
0.741051
0.741031
0.741033
0.741052
0.741032
0.74105
0.741052
0.741051
0.741033
0.741032
0.741053
0.741076
0.741072
0.741099
0.741099
0.741074
0.741074
0.7411
0.741077
0.741101
0.741078
0.741078
0.741101
0.741104
0.741077
0.741079
0.741102
0.741078
0.741104
0.74108
0.741103
0.74104
0.74102
0.741023
0.741039
0.741022
0.741039
0.741041
0.741041
0.741022
0.741042
0.741024
0.741024
0.741045
0.741023
0.741043
0.741044
0.741064
0.741085
0.741062
0.741087
0.741064
0.741063
0.741085
0.741088
0.741063
0.741065
0.741087
0.741065
0.741089
0.741066
0.741069
0.741091
0.741091
0.741067
0.741067
0.74109
0.741055
0.741034
0.741035
0.741054
0.741057
0.741036
0.741037
0.741059
0.741036
0.741057
0.741058
0.741057
0.741036
0.741083
0.74108
0.741106
0.741107
0.741081
0.741082
0.741107
0.741082
0.741106
0.741081
0.741108
0.741084
0.741084
0.741109
0.74111
0.741084
0.741084
0.741109
0.741083
0.741109
0.741047
0.741071
0.741052
0.741032
0.741034
0.741053
0.741033
0.741051
0.741054
0.741051
0.741031
0.741053
0.741034
0.741033
0.741054
0.741077
0.741073
0.7411
0.741099
0.741076
0.741075
0.741101
0.741079
0.74108
0.741102
0.741105
0.741078
0.741081
0.741103
0.741078
0.741102
0.74108
0.741106
0.741081
0.741104
0.741058
0.741037
0.741038
0.741059
0.741037
0.741058
0.741059
0.741057
0.741035
0.741036
0.741056
0.741058
0.741037
0.741084
0.741082
0.741108
0.741107
0.741084
0.741083
0.741109
0.741085
0.741085
0.74111
0.741111
0.741085
0.741086
0.74111
0.741084
0.741108
0.741083
0.741109
0.741085
0.74111
0.741085
0.74114
0.741174
0.741143
0.741114
0.741112
0.741145
0.741141
0.741109
0.74111
0.741141
0.74111
0.741141
0.741141
0.741143
0.741114
0.741113
0.741145
0.741112
0.741145
0.741143
0.741178
0.741214
0.741179
0.741217
0.741181
0.741215
0.741177
0.741175
0.741212
0.741213
0.741176
0.741177
0.741213
0.741179
0.741182
0.741217
0.741214
0.741181
0.741179
0.741215
0.741151
0.74112
0.741149
0.741116
0.74112
0.741148
0.741118
0.741147
0.74115
0.741152
0.741122
0.741122
0.741156
0.741121
0.741154
0.741153
0.741186
0.741219
0.741183
0.741221
0.741188
0.741224
0.741186
0.741185
0.741219
0.741222
0.741184
0.741187
0.741222
0.741189
0.741192
0.741227
0.741226
0.74119
0.74119
0.741225
0.741159
0.741194
0.74114
0.741109
0.74111
0.74114
0.74111
0.741139
0.74114
0.74114
0.741113
0.741112
0.741142
0.74114
0.741112
0.741114
0.741142
0.741112
0.741141
0.741142
0.741175
0.741209
0.741175
0.741174
0.741209
0.741209
0.741175
0.741175
0.741209
0.741176
0.741209
0.741177
0.741209
0.741176
0.741178
0.741209
0.741209
0.741177
0.741177
0.741209
0.741164
0.741134
0.741165
0.741134
0.741137
0.741165
0.741135
0.741163
0.741166
0.741165
0.741137
0.741135
0.741167
0.741201
0.741197
0.741234
0.741234
0.741199
0.741199
0.741235
0.741201
0.741236
0.741203
0.741203
0.741235
0.741237
0.741202
0.741204
0.741236
0.741203
0.741238
0.741204
0.741237
0.741145
0.741115
0.741118
0.741144
0.741117
0.741143
0.741146
0.741146
0.741118
0.741147
0.74112
0.741121
0.741152
0.741119
0.741149
0.741149
0.741179
0.74121
0.741178
0.741211
0.74118
0.741179
0.74121
0.741213
0.741179
0.741181
0.741212
0.741181
0.741213
0.741182
0.741185
0.741215
0.741215
0.741183
0.741183
0.741214
0.74117
0.741139
0.74114
0.741169
0.741171
0.741141
0.741142
0.741173
0.741141
0.741171
0.741172
0.741171
0.741141
0.741206
0.741205
0.741238
0.741238
0.741205
0.741206
0.741239
0.741206
0.741239
0.741205
0.74124
0.741207
0.741207
0.74124
0.74124
0.741206
0.741207
0.74124
0.741207
0.74124
0.741154
0.741187
0.741162
0.741134
0.741137
0.741164
0.741135
0.741161
0.741165
0.741161
0.741133
0.741163
0.741137
0.741135
0.741166
0.741194
0.74119
0.741225
0.741224
0.741193
0.741192
0.741226
0.741197
0.741199
0.741227
0.741231
0.741197
0.7412
0.741228
0.741196
0.741227
0.741198
0.741232
0.7412
0.741229
0.741171
0.741142
0.741142
0.741173
0.741142
0.741171
0.741172
0.74117
0.741139
0.741141
0.741168
0.741171
0.741141
0.741204
0.741202
0.741235
0.741233
0.741204
0.741202
0.741236
0.741205
0.741206
0.741238
0.741239
0.741205
0.741206
0.741238
0.741204
0.741234
0.741202
0.741236
0.741205
0.741237
0.741207
0.741287
0.741324
0.741292
0.741257
0.741255
0.741294
0.74129
0.741251
0.741252
0.741288
0.741253
0.741289
0.74129
0.741292
0.741257
0.741255
0.741294
0.741255
0.741294
0.741292
0.741331
0.741365
0.741333
0.741369
0.741335
0.741367
0.74133
0.741327
0.741363
0.741364
0.741328
0.741329
0.741364
0.741333
0.741334
0.741369
0.741366
0.741335
0.741332
0.741366
0.741301
0.741264
0.741299
0.74126
0.741263
0.741297
0.741262
0.741297
0.7413
0.741302
0.741266
0.741265
0.741306
0.741265
0.741304
0.741303
0.741339
0.741371
0.741337
0.741373
0.741341
0.741374
0.74134
0.741337
0.741371
0.741373
0.741337
0.74134
0.741373
0.741341
0.741343
0.741377
0.741376
0.741343
0.741342
0.741375
0.741307
0.741345
0.741283
0.741248
0.741248
0.741285
0.741247
0.741284
0.741284
0.741282
0.741247
0.741247
0.741281
0.741282
0.741249
0.741248
0.741283
0.741248
0.741283
0.741282
0.741321
0.741353
0.741321
0.741323
0.741356
0.741356
0.741322
0.741322
0.741354
0.74132
0.741351
0.741319
0.741352
0.741321
0.741321
0.741354
0.741352
0.741322
0.74132
0.741352
0.74131
0.741275
0.74131
0.741275
0.741277
0.741309
0.741276
0.741309
0.74131
0.741311
0.741277
0.741276
0.741311
0.741348
0.741346
0.74138
0.74138
0.741347
0.741347
0.74138
0.741348
0.74138
0.741348
0.741347
0.741378
0.741379
0.741347
0.741348
0.741379
0.741348
0.741379
0.741348
0.74138
0.741282
0.741249
0.741251
0.741283
0.74125
0.741282
0.741283
0.741283
0.74125
0.741283
0.741251
0.741252
0.741286
0.74125
0.741285
0.741285
0.741319
0.741351
0.741319
0.74135
0.741319
0.741321
0.741351
0.741351
0.74132
0.741321
0.74135
0.741319
0.74135
0.741319
0.741321
0.741351
0.741351
0.74132
0.74132
0.74135
0.741311
0.741277
0.741278
0.741311
0.74131
0.741277
0.741277
0.741309
0.741277
0.74131
0.74131
0.741311
0.741278
0.741347
0.741347
0.741378
0.741376
0.741348
0.741346
0.741377
0.741347
0.741378
0.741348
0.741377
0.741346
0.741343
0.741375
0.741375
0.741345
0.741345
0.741376
0.741347
0.741377
0.741288
0.741322
0.741295
0.741264
0.741267
0.741297
0.741264
0.741295
0.741298
0.741294
0.741262
0.741296
0.741267
0.741265
0.741298
0.741327
0.741323
0.741356
0.741355
0.741326
0.741325
0.741356
0.74133
0.741332
0.741358
0.74136
0.741329
0.741332
0.741358
0.741328
0.741357
0.74133
0.74136
0.741332
0.741358
0.741305
0.741273
0.741274
0.741307
0.741273
0.741305
0.741306
0.741302
0.741269
0.741271
0.7413
0.741304
0.741272
0.741336
0.741335
0.741365
0.741362
0.741337
0.741334
0.741364
0.741338
0.74134
0.741368
0.741368
0.741339
0.741339
0.741367
0.741336
0.741362
0.741334
0.741364
0.741338
0.741366
0.741342
0.741422
0.741446
0.741429
0.741405
0.741403
0.741431
0.741427
0.741398
0.741398
0.741424
0.7414
0.741425
0.741426
0.741429
0.741405
0.741401
0.74143
0.741403
0.741431
0.741428
0.741455
0.74147
0.741456
0.741473
0.741458
0.741471
0.741454
0.741449
0.741467
0.741468
0.741451
0.741452
0.741469
0.741456
0.741457
0.741472
0.741469
0.741458
0.741454
0.74147
0.741435
0.741409
0.741434
0.741407
0.741408
0.741432
0.741409
0.741432
0.741434
0.741436
0.741411
0.741409
0.741438
0.74141
0.741437
0.741436
0.741461
0.741474
0.74146
0.741475
0.741461
0.741476
0.741461
0.741458
0.741474
0.741475
0.74146
0.74146
0.741475
0.741462
0.741461
0.741477
0.741476
0.741462
0.741461
0.741476
0.741439
0.741461
0.741415
0.74139
0.74139
0.741419
0.741388
0.741417
0.741416
0.741412
0.741385
0.741386
0.741411
0.741413
0.741388
0.741385
0.741412
0.741387
0.741414
0.741411
0.741439
0.741456
0.74144
0.741444
0.741459
0.741458
0.741442
0.741442
0.741457
0.741437
0.741452
0.741435
0.741454
0.741438
0.741437
0.741455
0.741452
0.74144
0.741436
0.741454
0.741437
0.741412
0.741436
0.741411
0.741411
0.741434
0.741412
0.741435
0.741434
0.741436
0.741411
0.741412
0.741435
0.74146
0.741461
0.741476
0.741475
0.741461
0.74146
0.741475
0.74146
0.741474
0.741459
0.741457
0.741472
0.741471
0.741459
0.741457
0.741473
0.741459
0.741471
0.741457
0.741473
0.741408
0.741384
0.741384
0.74141
0.741383
0.741409
0.741409
0.741408
0.741382
0.741407
0.741383
0.741382
0.741408
0.741382
0.741408
0.741407
0.741432
0.74145
0.741434
0.741449
0.741432
0.741435
0.74145
0.741449
0.741434
0.741433
0.741448
0.741431
0.741448
0.741431
0.74143
0.741447
0.741446
0.741431
0.74143
0.741447
0.741432
0.74141
0.741408
0.741433
0.741429
0.741405
0.741404
0.741426
0.741406
0.741428
0.741428
0.74143
0.741407
0.741454
0.741455
0.741469
0.741465
0.741455
0.741453
0.741467
0.741454
0.741469
0.741456
0.741467
0.741451
0.741447
0.741463
0.741463
0.74145
0.741449
0.741464
0.741452
0.741466
0.741408
0.741429
0.74141
0.741388
0.74139
0.741412
0.741388
0.74141
0.741411
0.741409
0.741386
0.74141
0.74139
0.741388
0.741411
0.741431
0.74143
0.741446
0.741445
0.741431
0.74143
0.741445
0.741433
0.741435
0.741446
0.741447
0.741433
0.741434
0.741445
0.741431
0.741445
0.741432
0.741447
0.741434
0.741445
0.741418
0.741397
0.741397
0.741422
0.741396
0.741419
0.741419
0.741415
0.741391
0.741393
0.741413
0.741417
0.741395
0.741438
0.741436
0.741451
0.741448
0.741439
0.741436
0.74145
0.741439
0.741442
0.741454
0.741454
0.74144
0.741441
0.741452
0.741437
0.741448
0.741435
0.741449
0.741438
0.741451
0.741444
0.741479
0.741474
0.741486
0.741486
0.741485
0.741487
0.741483
0.741481
0.741481
0.741481
0.741482
0.741482
0.741482
0.741485
0.741486
0.741483
0.741485
0.741485
0.741486
0.741484
0.741481
0.741465
0.741482
0.741467
0.741483
0.741466
0.74148
0.741477
0.741463
0.741463
0.741479
0.741479
0.741464
0.741482
0.741482
0.741466
0.741464
0.741483
0.74148
0.741465
0.741489
0.741489
0.741488
0.741487
0.741487
0.741487
0.741488
0.741487
0.741488
0.741489
0.741489
0.741488
0.741489
0.741489
0.741489
0.741489
0.741484
0.741467
0.741484
0.741468
0.741485
0.741468
0.741484
0.741483
0.741467
0.741467
0.741484
0.741483
0.741467
0.741485
0.741483
0.741467
0.741467
0.741484
0.741484
0.741468
0.741489
0.741482
0.741472
0.741471
0.741471
0.741476
0.741469
0.741474
0.741474
0.74147
0.741464
0.741467
0.741468
0.74147
0.741468
0.741465
0.741468
0.741467
0.741471
0.741468
0.741468
0.741454
0.741469
0.741472
0.741457
0.741456
0.741471
0.74147
0.741455
0.741466
0.741451
0.741464
0.741452
0.741467
0.741465
0.741453
0.741451
0.741467
0.741464
0.741453
0.741485
0.741484
0.741483
0.741483
0.741481
0.741481
0.741483
0.741483
0.741482
0.741484
0.741481
0.741483
0.741482
0.741479
0.741481
0.741465
0.741464
0.741481
0.74148
0.741464
0.741479
0.741463
0.741478
0.741476
0.741462
0.74146
0.741478
0.741476
0.741462
0.741478
0.74146
0.741476
0.741462
0.741464
0.741463
0.741461
0.741466
0.741461
0.741466
0.741464
0.741463
0.741459
0.741462
0.741459
0.741458
0.741461
0.741459
0.741462
0.741461
0.741461
0.741449
0.741462
0.741447
0.74146
0.741463
0.741449
0.741447
0.741462
0.74146
0.741447
0.741459
0.741446
0.741458
0.741456
0.741445
0.741444
0.741458
0.741457
0.741445
0.741478
0.741479
0.741477
0.74148
0.741475
0.741473
0.741472
0.741471
0.741474
0.741474
0.741473
0.741476
0.741475
0.741472
0.741473
0.741458
0.741455
0.741474
0.741471
0.741456
0.741472
0.741458
0.741474
0.741456
0.741469
0.741466
0.741453
0.741452
0.741468
0.741467
0.741454
0.74147
0.741455
0.74146
0.741455
0.741458
0.741458
0.741459
0.74146
0.741458
0.741459
0.741459
0.741458
0.741456
0.741458
0.741458
0.741457
0.741459
0.741455
0.741455
0.741441
0.741441
0.741455
0.741455
0.74144
0.741455
0.741457
0.741441
0.741441
0.741456
0.741456
0.74144
0.741455
0.74144
0.741455
0.74144
0.741455
0.74144
0.741463
0.741464
0.741464
0.741467
0.741463
0.741465
0.741465
0.741461
0.741459
0.74146
0.74146
0.741462
0.741462
0.741458
0.741458
0.741444
0.741441
0.741459
0.741457
0.741442
0.741459
0.741462
0.741445
0.741445
0.74146
0.741461
0.741444
0.741457
0.741441
0.741456
0.741442
0.741458
0.741443
0.741464
0.741402
0.741356
0.741406
0.741443
0.741442
0.741407
0.741405
0.741439
0.741439
0.741404
0.74144
0.741405
0.741405
0.741406
0.741442
0.74144
0.741406
0.741441
0.741407
0.741405
0.741359
0.741302
0.74136
0.741302
0.74136
0.741302
0.741359
0.741357
0.741301
0.741301
0.741358
0.741358
0.741302
0.741359
0.741359
0.741302
0.741301
0.74136
0.741358
0.741302
0.741407
0.741443
0.741407
0.741443
0.741442
0.741407
0.741443
0.741407
0.741407
0.741407
0.741443
0.741442
0.741406
0.741443
0.741407
0.741407
0.74136
0.741302
0.74136
0.741302
0.74136
0.741302
0.74136
0.741359
0.741302
0.741301
0.74136
0.741359
0.741302
0.741359
0.741358
0.741301
0.741301
0.741359
0.741359
0.741301
0.741406
0.741357
0.741398
0.741433
0.741433
0.741401
0.741432
0.7414
0.741399
0.741396
0.741428
0.741429
0.741394
0.741396
0.74143
0.741428
0.741395
0.74143
0.741397
0.741395
0.741352
0.741296
0.741352
0.741354
0.741297
0.741297
0.741353
0.741353
0.741296
0.74135
0.741293
0.741349
0.741295
0.741351
0.741349
0.741295
0.741294
0.741351
0.741349
0.741295
0.741402
0.741438
0.741401
0.741437
0.741435
0.7414
0.741437
0.741401
0.7414
0.741401
0.741435
0.741436
0.7414
0.741354
0.741356
0.741298
0.741297
0.741355
0.741355
0.741297
0.741354
0.741296
0.741353
0.741352
0.741296
0.741295
0.741353
0.741352
0.741296
0.741353
0.741294
0.741352
0.741295
0.741392
0.741426
0.741424
0.741393
0.741424
0.741393
0.741391
0.741391
0.741423
0.74139
0.741422
0.741422
0.741388
0.741423
0.74139
0.741389
0.741346
0.741292
0.741348
0.741291
0.741346
0.741347
0.741292
0.741291
0.741348
0.741346
0.741291
0.741345
0.74129
0.741345
0.741343
0.741289
0.741289
0.741344
0.741344
0.74129
0.741397
0.741433
0.741432
0.741398
0.741395
0.741428
0.741428
0.741392
0.741429
0.741394
0.741393
0.741395
0.74143
0.741349
0.74135
0.741293
0.741292
0.74135
0.741348
0.741292
0.741349
0.741293
0.74135
0.741292
0.741347
0.741345
0.74129
0.741289
0.741347
0.741346
0.74129
0.741348
0.741291
0.741387
0.741342
0.741385
0.741419
0.741419
0.741387
0.741419
0.741386
0.741385
0.741385
0.741418
0.741385
0.741418
0.741418
0.741385
0.74134
0.741341
0.741286
0.741286
0.74134
0.74134
0.741285
0.741339
0.74134
0.741285
0.741284
0.74134
0.741339
0.741285
0.741339
0.741285
0.741339
0.741284
0.741339
0.741284
0.741387
0.741422
0.741422
0.741389
0.741421
0.741388
0.741389
0.741386
0.741419
0.74142
0.741385
0.741387
0.74142
0.74134
0.74134
0.741285
0.741284
0.74134
0.741339
0.741285
0.74134
0.741342
0.741286
0.741286
0.741341
0.741341
0.741285
0.741339
0.741284
0.741339
0.741284
0.74134
0.741284
0.741344
0.741146
0.741049
0.741148
0.74123
0.74123
0.741148
0.741148
0.741229
0.741229
0.741147
0.74123
0.741147
0.741147
0.741148
0.74123
0.741229
0.741147
0.74123
0.741147
0.741147
0.741049
0.74094
0.741048
0.740939
0.741048
0.74094
0.741049
0.741049
0.74094
0.74094
0.741049
0.741048
0.74094
0.741048
0.741047
0.740939
0.74094
0.741048
0.741048
0.74094
0.741146
0.741229
0.741146
0.741229
0.741228
0.741147
0.741229
0.741147
0.741146
0.741145
0.741228
0.741228
0.741144
0.741228
0.741145
0.741145
0.741047
0.740939
0.741047
0.740938
0.741046
0.740937
0.741047
0.741046
0.740938
0.740937
0.741047
0.741046
0.740938
0.741046
0.741044
0.740935
0.740936
0.741045
0.741045
0.740936
0.741142
0.741043
0.741144
0.741226
0.741225
0.741145
0.741225
0.741145
0.741144
0.741143
0.741223
0.741224
0.741142
0.741143
0.741224
0.741223
0.741142
0.741224
0.741143
0.741142
0.741046
0.740939
0.741046
0.741048
0.740939
0.740939
0.741047
0.741046
0.740939
0.741045
0.740938
0.741044
0.740938
0.741045
0.741044
0.740939
0.740938
0.741045
0.741045
0.740938
0.74114
0.741222
0.74114
0.741222
0.741221
0.741139
0.741222
0.74114
0.741139
0.741139
0.741221
0.741222
0.741139
0.741039
0.741042
0.740932
0.740931
0.74104
0.74104
0.740931
0.741039
0.74093
0.741038
0.741038
0.740931
0.74093
0.741039
0.741038
0.74093
0.741038
0.740929
0.741037
0.74093
0.74114
0.741222
0.74122
0.741141
0.741221
0.741141
0.74114
0.74114
0.74122
0.741139
0.741219
0.741219
0.741137
0.74122
0.741139
0.741138
0.741043
0.740937
0.741044
0.740937
0.741043
0.741043
0.740937
0.740936
0.741044
0.741042
0.740936
0.741042
0.740936
0.741042
0.741041
0.740935
0.740934
0.741042
0.741041
0.740935
0.741137
0.74122
0.741219
0.741138
0.741136
0.741217
0.741217
0.741134
0.741217
0.741135
0.741135
0.741136
0.741218
0.741036
0.741037
0.740929
0.740928
0.741037
0.741036
0.740928
0.741036
0.740929
0.741037
0.740928
0.741035
0.741035
0.740927
0.740927
0.741035
0.741035
0.740927
0.741036
0.740928
0.741136
0.74104
0.741134
0.741213
0.741212
0.741134
0.741213
0.741134
0.741133
0.741134
0.741213
0.741133
0.741212
0.741213
0.741132
0.741036
0.741038
0.74093
0.74093
0.741036
0.741037
0.740929
0.741035
0.741034
0.740929
0.740928
0.741035
0.741034
0.740929
0.741035
0.740929
0.741034
0.740927
0.741034
0.740928
0.741132
0.741213
0.741213
0.741133
0.741212
0.741132
0.741133
0.741132
0.741212
0.741212
0.741132
0.741132
0.741212
0.741033
0.741033
0.740927
0.740927
0.741033
0.741033
0.740926
0.741033
0.741033
0.740926
0.740926
0.741033
0.741033
0.740926
0.741033
0.740927
0.741033
0.740926
0.741033
0.740926
0.741034
0.740679
0.740528
0.740678
0.740812
0.740813
0.740677
0.740678
0.740814
0.740814
0.740678
0.740814
0.740678
0.740678
0.740678
0.740812
0.740812
0.740677
0.740813
0.740677
0.740678
0.740525
0.740364
0.740524
0.740363
0.740523
0.740364
0.740525
0.740527
0.740365
0.740365
0.740526
0.740525
0.740364
0.740524
0.740523
0.740363
0.740364
0.740523
0.740524
0.740364
0.740674
0.74081
0.740675
0.740811
0.740809
0.740676
0.74081
0.740676
0.740675
0.740673
0.740809
0.740809
0.740671
0.740809
0.740672
0.740673
0.740521
0.740362
0.740522
0.740361
0.740521
0.74036
0.740521
0.740522
0.740362
0.740361
0.740522
0.74052
0.74036
0.74052
0.740519
0.740357
0.740359
0.740519
0.74052
0.740359
0.740669
0.740517
0.74068
0.740814
0.740814
0.740679
0.740814
0.74068
0.740679
0.74068
0.740812
0.740813
0.74068
0.74068
0.740813
0.740812
0.74068
0.740813
0.74068
0.74068
0.740528
0.740369
0.740528
0.740528
0.740368
0.740368
0.740528
0.740528
0.740369
0.740528
0.740369
0.740528
0.74037
0.740528
0.740526
0.740369
0.740369
0.740527
0.740527
0.740369
0.740667
0.740802
0.740667
0.740801
0.7408
0.740667
0.740801
0.740667
0.740666
0.740667
0.7408
0.740801
0.740666
0.740513
0.740516
0.740354
0.740353
0.740514
0.740513
0.740353
0.740512
0.740352
0.740512
0.740511
0.740353
0.740352
0.740512
0.740511
0.740352
0.740511
0.740352
0.74051
0.740352
0.740678
0.740812
0.740811
0.740679
0.740811
0.740679
0.740678
0.740678
0.740811
0.740677
0.74081
0.74081
0.740675
0.740811
0.740677
0.740676
0.740526
0.740369
0.740527
0.740369
0.740526
0.740526
0.740369
0.740368
0.740527
0.740525
0.740368
0.740526
0.740368
0.740526
0.740524
0.740367
0.740366
0.740525
0.740525
0.740367
0.740665
0.7408
0.7408
0.740665
0.740665
0.7408
0.740799
0.740665
0.7408
0.740665
0.740665
0.740665
0.7408
0.740511
0.740511
0.740352
0.740352
0.740511
0.740511
0.740352
0.740511
0.740351
0.740511
0.740351
0.740511
0.740512
0.740352
0.740352
0.740512
0.740512
0.740352
0.740511
0.740352
0.740673
0.740524
0.74067
0.740802
0.740801
0.74067
0.740802
0.740671
0.740669
0.74067
0.740803
0.740669
0.740801
0.740802
0.740668
0.740519
0.740522
0.740361
0.740362
0.740519
0.740521
0.740361
0.740518
0.740516
0.740361
0.740359
0.740517
0.740516
0.74036
0.740519
0.740361
0.740517
0.740359
0.740516
0.74036
0.740666
0.7408
0.740799
0.740665
0.740799
0.740666
0.740665
0.740667
0.7408
0.7408
0.740668
0.740666
0.7408
0.740515
0.740515
0.740357
0.740358
0.740514
0.740515
0.740357
0.740514
0.740513
0.740355
0.740354
0.740514
0.740514
0.740355
0.740515
0.740358
0.740515
0.740357
0.740514
0.740356
0.740513
0.740005
0.739809
0.740002
0.740184
0.740185
0.740001
0.740003
0.740189
0.740187
0.740004
0.740187
0.740004
0.740004
0.740002
0.740185
0.740185
0.740002
0.740186
0.740001
0.740003
0.739804
0.7396
0.739803
0.739599
0.739801
0.7396
0.739805
0.739808
0.739602
0.739601
0.739806
0.739805
0.739601
0.739803
0.739801
0.739599
0.7396
0.739802
0.739803
0.7396
0.739998
0.740182
0.739999
0.740183
0.740182
0.740001
0.740182
0.74
0.739999
0.739997
0.740181
0.740181
0.739995
0.740181
0.739996
0.739997
0.7398
0.739597
0.7398
0.739596
0.739799
0.739595
0.7398
0.7398
0.739597
0.739597
0.7398
0.739799
0.739596
0.739799
0.739798
0.739594
0.739595
0.739798
0.739799
0.739595
0.739994
0.739797
0.74001
0.740191
0.740191
0.740007
0.740192
0.740008
0.740009
0.740011
0.740192
0.740192
0.740011
0.740011
0.740191
0.740192
0.740011
0.740192
0.740011
0.740011
0.739811
0.739609
0.739811
0.73981
0.739607
0.739608
0.73981
0.73981
0.739608
0.739812
0.739611
0.739812
0.73961
0.739811
0.73981
0.73961
0.73961
0.73981
0.739812
0.73961
0.739992
0.740175
0.739992
0.740174
0.740174
0.739993
0.740174
0.739993
0.739992
0.739992
0.740174
0.740174
0.739991
0.739794
0.739796
0.739592
0.739592
0.739795
0.739795
0.739592
0.739794
0.739592
0.739794
0.739794
0.739593
0.739592
0.739794
0.739794
0.739592
0.739794
0.739592
0.739793
0.739592
0.740011
0.740192
0.74019
0.740011
0.740191
0.740011
0.74001
0.74001
0.740192
0.74001
0.740191
0.740191
0.740008
0.740191
0.740009
0.740009
0.739812
0.739611
0.739812
0.739611
0.739812
0.739811
0.739611
0.73961
0.739812
0.739811
0.739611
0.739812
0.739611
0.739812
0.739811
0.73961
0.73961
0.739812
0.739812
0.73961
0.739992
0.740173
0.740173
0.739992
0.739993
0.740175
0.740176
0.739994
0.740174
0.739993
0.739993
0.739992
0.740174
0.739794
0.739794
0.739592
0.739594
0.739794
0.739794
0.739593
0.739794
0.739592
0.739793
0.739592
0.739795
0.739798
0.739594
0.739594
0.739796
0.739796
0.739593
0.739795
0.739593
0.740007
0.739811
0.740004
0.740184
0.740183
0.740003
0.740184
0.740004
0.740003
0.740004
0.740185
0.740004
0.740183
0.740184
0.740003
0.739808
0.73981
0.739607
0.739607
0.739808
0.739809
0.739607
0.739806
0.739804
0.739606
0.739605
0.739806
0.739805
0.739606
0.739807
0.739606
0.739806
0.739605
0.739805
0.739606
0.739999
0.740179
0.740179
0.739996
0.74018
0.739998
0.739997
0.740001
0.740181
0.74018
0.740002
0.739999
0.74018
0.739802
0.739803
0.739603
0.739604
0.739802
0.739804
0.739603
0.739802
0.7398
0.7396
0.739599
0.739801
0.739801
0.739601
0.739803
0.739604
0.739804
0.739603
0.739802
0.739602
0.7398
0.739165
0.738935
0.739161
0.73938
0.739381
0.73916
0.739163
0.739385
0.739384
0.739164
0.739384
0.739164
0.739163
0.739162
0.73938
0.739382
0.739161
0.739382
0.73916
0.739162
0.738929
0.738693
0.738927
0.738691
0.738926
0.738692
0.73893
0.738933
0.738694
0.738693
0.738931
0.73893
0.738693
0.738928
0.738926
0.738691
0.738693
0.738926
0.738927
0.738692
0.739158
0.739379
0.739158
0.739379
0.739379
0.73916
0.739379
0.739159
0.739159
0.739157
0.739378
0.739379
0.739156
0.739378
0.739156
0.739157
0.738925
0.73869
0.738925
0.73869
0.738925
0.738689
0.738925
0.738925
0.73869
0.73869
0.738926
0.738925
0.73869
0.738925
0.738925
0.738688
0.738688
0.738925
0.738925
0.738689
0.739155
0.738925
0.739171
0.73939
0.73939
0.739167
0.739391
0.739169
0.73917
0.739173
0.739393
0.739392
0.739173
0.739172
0.739391
0.739392
0.739173
0.739392
0.739173
0.739173
0.738938
0.738702
0.738937
0.738936
0.738699
0.7387
0.738936
0.738937
0.738701
0.738938
0.738704
0.738939
0.738703
0.738938
0.738937
0.738703
0.738703
0.738937
0.738939
0.738702
0.739156
0.739376
0.739156
0.739376
0.739376
0.739158
0.739376
0.739158
0.739157
0.739157
0.739376
0.739376
0.739157
0.738925
0.738925
0.738688
0.738689
0.738925
0.738925
0.738689
0.738925
0.738689
0.738925
0.738925
0.738691
0.73869
0.738925
0.738925
0.73869
0.738925
0.73869
0.738925
0.73869
0.739174
0.739393
0.739392
0.739174
0.739393
0.739174
0.739174
0.739174
0.739394
0.739174
0.739393
0.739394
0.739173
0.739394
0.739174
0.739174
0.73894
0.738704
0.73894
0.738705
0.73894
0.738938
0.738704
0.738705
0.73894
0.738939
0.738705
0.738941
0.738705
0.738941
0.738942
0.738705
0.738705
0.73894
0.738942
0.738705
0.739158
0.739376
0.739377
0.739157
0.739159
0.739379
0.73938
0.73916
0.739378
0.73916
0.73916
0.739158
0.739378
0.738926
0.738925
0.738691
0.738693
0.738926
0.738926
0.738692
0.738926
0.738691
0.738925
0.738691
0.738928
0.738931
0.738693
0.738693
0.738928
0.73893
0.738693
0.738927
0.738692
0.739173
0.738942
0.739172
0.739389
0.739388
0.739171
0.739389
0.739172
0.739171
0.739172
0.739391
0.739172
0.739389
0.739389
0.739171
0.73894
0.738941
0.738704
0.738705
0.73894
0.73894
0.738705
0.738939
0.738937
0.738705
0.738704
0.738938
0.738938
0.738705
0.73894
0.738705
0.738939
0.738704
0.738938
0.738705
0.739167
0.739385
0.739384
0.739163
0.739385
0.739166
0.739165
0.739169
0.739388
0.739386
0.73917
0.739168
0.739386
0.738936
0.738936
0.738702
0.738703
0.738935
0.738937
0.738702
0.738935
0.738934
0.7387
0.738699
0.738935
0.738934
0.7387
0.738936
0.738703
0.738937
0.738703
0.738936
0.738701
0.738933
0.738196
0.737935
0.738193
0.738442
0.738443
0.738193
0.738194
0.738447
0.738446
0.738195
0.738445
0.738195
0.738194
0.738194
0.738443
0.738443
0.738194
0.738444
0.738193
0.738194
0.737931
0.737665
0.73793
0.737664
0.737929
0.737665
0.737931
0.737934
0.737665
0.737665
0.737933
0.737932
0.737665
0.73793
0.737929
0.737665
0.737665
0.737929
0.73793
0.737665
0.738191
0.738442
0.738192
0.738442
0.738441
0.738193
0.738442
0.738192
0.738192
0.738191
0.738442
0.738442
0.738191
0.738442
0.738191
0.738191
0.737929
0.737664
0.737929
0.737664
0.737929
0.737663
0.737929
0.737929
0.737664
0.737665
0.737929
0.737928
0.737664
0.737929
0.73793
0.737663
0.737663
0.73793
0.73793
0.737663
0.73819
0.737931
0.7382
0.738452
0.738452
0.738197
0.738452
0.738198
0.7382
0.738202
0.738454
0.738453
0.738202
0.738201
0.738452
0.738454
0.738203
0.738453
0.738202
0.738202
0.737937
0.737669
0.737937
0.737936
0.737667
0.737668
0.737936
0.737936
0.737668
0.737937
0.737671
0.737938
0.73767
0.737937
0.737937
0.73767
0.73767
0.737936
0.737938
0.73767
0.738193
0.738443
0.738194
0.738443
0.738444
0.738195
0.738443
0.738194
0.738194
0.738194
0.738444
0.738443
0.738195
0.737931
0.737931
0.737664
0.737665
0.737931
0.737931
0.737665
0.737932
0.737666
0.737932
0.737932
0.737667
0.737667
0.737932
0.737932
0.737666
0.737932
0.737667
0.737932
0.737666
0.738204
0.738455
0.738454
0.738204
0.738455
0.738203
0.738204
0.738204
0.738456
0.738204
0.738456
0.738457
0.738204
0.738456
0.738204
0.738204
0.737938
0.737671
0.737937
0.737671
0.737939
0.737937
0.737671
0.737672
0.737938
0.737938
0.737671
0.737939
0.737672
0.73794
0.737942
0.737672
0.737672
0.73794
0.737941
0.737672
0.738195
0.738444
0.738445
0.738194
0.738196
0.738447
0.738449
0.738197
0.738447
0.738197
0.738197
0.738196
0.738446
0.737934
0.737932
0.737668
0.737669
0.737933
0.737933
0.737668
0.737933
0.737668
0.737933
0.737668
0.737935
0.737938
0.737669
0.737669
0.737935
0.737936
0.737668
0.737934
0.737668
0.738205
0.737943
0.738206
0.738456
0.738456
0.738206
0.738456
0.738206
0.738206
0.738206
0.738457
0.738206
0.738456
0.738456
0.738206
0.737943
0.737943
0.737674
0.737674
0.737943
0.737943
0.737674
0.737942
0.737941
0.737675
0.737675
0.737941
0.737942
0.737675
0.737943
0.737675
0.737942
0.737675
0.737942
0.737675
0.738203
0.738453
0.738453
0.7382
0.738454
0.738202
0.738201
0.738205
0.738455
0.738455
0.738205
0.738203
0.738454
0.737941
0.73794
0.737674
0.737675
0.73794
0.737941
0.737674
0.73794
0.737939
0.737672
0.737672
0.73794
0.73794
0.737673
0.737941
0.737675
0.737941
0.737674
0.737941
0.737673
0.737939
0.737102
0.736805
0.737103
0.737384
0.737384
0.737103
0.737103
0.737386
0.737386
0.737102
0.737386
0.737103
0.737102
0.737103
0.737384
0.737384
0.737104
0.737385
0.737103
0.737104
0.736803
0.736502
0.736803
0.736503
0.736803
0.736503
0.736804
0.736805
0.736502
0.736502
0.736804
0.736804
0.736502
0.736803
0.736802
0.736503
0.736503
0.736803
0.736802
0.736503
0.737102
0.737384
0.737103
0.737384
0.737384
0.737104
0.737384
0.737103
0.737103
0.737103
0.737385
0.737385
0.737102
0.737385
0.737102
0.737102
0.736803
0.736503
0.736803
0.736503
0.736803
0.736503
0.736803
0.736802
0.736503
0.736504
0.736803
0.736802
0.736504
0.736803
0.736804
0.736503
0.736503
0.736804
0.736804
0.736503
0.737102
0.736804
0.737105
0.737388
0.737388
0.737103
0.737389
0.737104
0.737104
0.737106
0.737389
0.737388
0.737107
0.737106
0.737388
0.737389
0.737107
0.737389
0.737106
0.737106
0.736806
0.736504
0.736806
0.736805
0.736503
0.736503
0.736805
0.736805
0.736503
0.736805
0.736505
0.736806
0.736504
0.736806
0.736805
0.736505
0.736505
0.736805
0.736806
0.736504
0.737104
0.737387
0.737105
0.737387
0.737387
0.737106
0.737387
0.737105
0.737106
0.737105
0.737387
0.737387
0.737106
0.736804
0.736804
0.736503
0.736503
0.736804
0.736804
0.736503
0.736804
0.736504
0.736804
0.736804
0.736505
0.736504
0.736804
0.736804
0.736504
0.736804
0.736504
0.736804
0.736504
0.737107
0.73739
0.737389
0.737107
0.73739
0.737106
0.737107
0.737107
0.737391
0.737107
0.737391
0.737393
0.737107
0.737392
0.737107
0.737107
0.736807
0.736505
0.736806
0.736505
0.736807
0.736805
0.736505
0.736506
0.736806
0.736806
0.736505
0.736807
0.736505
0.736808
0.736809
0.736505
0.736505
0.736807
0.736809
0.736505
0.737105
0.737388
0.737388
0.737105
0.737106
0.73739
0.73739
0.737106
0.737389
0.737106
0.737106
0.737106
0.737389
0.736805
0.736804
0.736505
0.736506
0.736804
0.736804
0.736505
0.736804
0.736505
0.736804
0.736505
0.736806
0.736808
0.736505
0.736506
0.736806
0.736807
0.736505
0.736805
0.736505
0.737107
0.73681
0.73711
0.737394
0.737394
0.737111
0.737395
0.73711
0.73711
0.737109
0.737395
0.73711
0.737394
0.737394
0.73711
0.73681
0.73681
0.736506
0.736506
0.73681
0.73681
0.736506
0.73681
0.736809
0.736507
0.736508
0.736809
0.73681
0.736507
0.73681
0.736506
0.73681
0.736508
0.73681
0.736507
0.737109
0.737393
0.737393
0.737107
0.737394
0.737108
0.737108
0.73711
0.737394
0.737394
0.73711
0.737109
0.737394
0.73681
0.736809
0.736509
0.736508
0.736809
0.73681
0.736508
0.73681
0.736809
0.736507
0.736507
0.736809
0.736809
0.736508
0.73681
0.736508
0.73681
0.736508
0.73681
0.736508
0.736809
0.73586
0.735515
0.735862
0.73618
0.73618
0.735862
0.735861
0.736181
0.736181
0.73586
0.736181
0.735861
0.73586
0.735862
0.73618
0.73618
0.735863
0.73618
0.735863
0.735862
0.735514
0.735178
0.735514
0.735179
0.735514
0.735179
0.735515
0.735515
0.735177
0.735176
0.735515
0.735515
0.735178
0.735514
0.735514
0.735179
0.73518
0.735514
0.735514
0.735179
0.735864
0.736181
0.735864
0.73618
0.73618
0.735864
0.736181
0.735863
0.735864
0.735864
0.736182
0.736182
0.735864
0.736181
0.735865
0.735864
0.735514
0.73518
0.735513
0.735181
0.735514
0.735182
0.735514
0.735513
0.735181
0.735182
0.735514
0.735514
0.735181
0.735514
0.735514
0.735183
0.735182
0.735515
0.735514
0.735182
0.735865
0.735514
0.735861
0.736182
0.736182
0.73586
0.736182
0.735861
0.735861
0.735862
0.736181
0.736181
0.735862
0.735862
0.736181
0.736182
0.735863
0.736182
0.735863
0.735862
0.735515
0.735176
0.735515
0.735515
0.735176
0.735175
0.735515
0.735515
0.735176
0.735515
0.735176
0.735514
0.735176
0.735514
0.735514
0.735177
0.735176
0.735514
0.735514
0.735176
0.735865
0.736179
0.735865
0.736179
0.736179
0.735866
0.736179
0.735866
0.735865
0.735865
0.736179
0.736179
0.735865
0.735512
0.735513
0.735185
0.735185
0.735513
0.735513
0.735185
0.735512
0.735185
0.735512
0.735512
0.735186
0.735185
0.735512
0.735512
0.735185
0.735511
0.735185
0.735511
0.735185
0.735862
0.736183
0.736182
0.735863
0.736183
0.735862
0.735863
0.735862
0.736183
0.735862
0.736184
0.736184
0.735862
0.736184
0.735862
0.735862
0.735514
0.735176
0.735513
0.735176
0.735514
0.735513
0.735176
0.735177
0.735514
0.735514
0.735176
0.735515
0.735176
0.735516
0.735517
0.735176
0.735176
0.735516
0.735516
0.735176
0.735865
0.736179
0.73618
0.735864
0.735866
0.736182
0.736182
0.735866
0.736181
0.735866
0.735867
0.735865
0.736181
0.735513
0.735512
0.735186
0.735187
0.735512
0.735513
0.735186
0.735513
0.735185
0.735512
0.735185
0.735513
0.735516
0.735186
0.735186
0.735514
0.735515
0.735186
0.735513
0.735186
0.735862
0.735518
0.735864
0.736184
0.736185
0.735866
0.736185
0.735865
0.735865
0.735863
0.736185
0.735864
0.736185
0.736184
0.735865
0.735518
0.735518
0.735178
0.735179
0.735518
0.735518
0.735179
0.735517
0.735517
0.735182
0.735182
0.735517
0.735517
0.735181
0.735518
0.73518
0.735517
0.735181
0.735517
0.735181
0.735867
0.736185
0.736185
0.735867
0.736185
0.735866
0.735867
0.735866
0.736185
0.736185
0.735866
0.735866
0.736185
0.735517
0.735517
0.735184
0.735183
0.735517
0.735517
0.735183
0.735517
0.735517
0.735184
0.735185
0.735517
0.735517
0.735184
0.735517
0.735182
0.735517
0.735183
0.735517
0.735184
0.735517
0.734451
0.734057
0.734455
0.734805
0.734805
0.734455
0.734453
0.734806
0.734808
0.734453
0.734806
0.734454
0.734452
0.734456
0.734805
0.734804
0.734457
0.734805
0.734457
0.734457
0.733685
0.734058
0.733687
0.733688
0.734056
0.734056
0.73369
0.733685
0.733686
0.734057
0.734054
0.734055
0.734059
0.733688
0.733695
0.73369
0.734055
0.734054
0.734056
0.734052
0.734462
0.734803
0.73446
0.734804
0.734803
0.73446
0.734803
0.734459
0.734461
0.734463
0.734802
0.734802
0.734464
0.734802
0.734464
0.734463
0.733693
0.733698
0.734052
0.734052
0.733705
0.734049
0.733694
0.733702
0.733698
0.734051
0.734049
0.734052
0.734049
0.733713
0.73371
0.733707
0.734046
0.734042
0.734042
0.734044
0.734465
0.73404
0.73445
0.734804
0.734806
0.734451
0.734804
0.734451
0.73445
0.73445
0.734803
0.734803
0.734449
0.734451
0.734802
0.734803
0.734451
0.734803
0.734452
0.73445
0.733683
0.734052
0.733686
0.733684
0.733683
0.734051
0.734051
0.734051
0.734053
0.733681
0.733683
0.73405
0.73405
0.733687
0.733682
0.733684
0.73405
0.734049
0.734048
0.734051
0.734466
0.734799
0.734466
0.7348
0.7348
0.734467
0.734799
0.734467
0.734466
0.734466
0.734799
0.734799
0.734465
0.733716
0.733715
0.733712
0.73404
0.73404
0.734038
0.734041
0.733711
0.734041
0.733711
0.733705
0.733707
0.734042
0.734044
0.734043
0.734042
0.733704
0.733707
0.734043
0.734042
0.734451
0.734803
0.734803
0.734451
0.734803
0.734451
0.734452
0.73445
0.734805
0.734451
0.734807
0.734805
0.734452
0.734805
0.734451
0.734451
0.73368
0.733682
0.734052
0.734052
0.733681
0.733687
0.733683
0.734051
0.734049
0.734052
0.734049
0.733682
0.734053
0.733684
0.733687
0.733683
0.734053
0.734053
0.734055
0.734052
0.734466
0.7348
0.7348
0.734465
0.734468
0.734801
0.7348
0.734467
0.7348
0.734467
0.734468
0.734467
0.7348
0.733706
0.733712
0.733708
0.734042
0.734044
0.734042
0.734043
0.733705
0.733708
0.734043
0.734042
0.733716
0.733717
0.733713
0.73404
0.734041
0.734042
0.734039
0.733712
0.734042
0.734452
0.734058
0.734458
0.734807
0.734808
0.734459
0.734808
0.734459
0.734458
0.734455
0.734809
0.734457
0.734808
0.734808
0.734457
0.733686
0.733691
0.733687
0.734059
0.734056
0.734061
0.734057
0.733696
0.73369
0.733691
0.734057
0.734056
0.734054
0.734058
0.733686
0.734061
0.733688
0.73369
0.734059
0.734058
0.734464
0.734804
0.734804
0.734466
0.734804
0.734465
0.734466
0.734461
0.734806
0.734806
0.734459
0.734463
0.734805
0.733704
0.733696
0.7337
0.734053
0.734051
0.734051
0.734054
0.733711
0.733714
0.733708
0.734048
0.734044
0.734046
0.734044
0.733694
0.733699
0.734055
0.734054
0.733706
0.734051
0.734041
36.3022
53.9468
49.4981
30.2237
6.07489
22.2898
10.5061
107.342
113.099
107.356
48.8382
63.8302
36.3405
57.2725
125.276
114.593
114.854
22.8554
126.331
50.3846
81.404
31.0304
56.9281
128.838
24.1717
22.034
24.7747
53.1106
107.717
56.4555
165.572
132.085
81.5187
132.028
83.7525
28.2417
58.2266
35.6263
82.8871
132.033
132.028
132.023
33.8438
132.009
39.8583
40.0677
12.4573
34.9087
27.4033
12.5332
12.669
6.10311
31.4801
23.6481
21.8492
11.6387
10.6799
16.9927
16.9941
3.00053
16.9938
10.7015
45.4483
38.6233
45.4332
53.9676
53.9801
26.5212
43.0074
53.9766
43.4486
53.9705
15.9844
11.1845
10.8096
21.7777
32.917
60.8823
9.91121
16.3201
17.4891
12.3189
9.96396
2.02873
4.02149
3.7584
14.9017
11.6309
5.40458
3.14089
14.8949
9.45745
13.8524
12.8875
10.7865
12.8955
10.9702
4.87316
10.9691
9.73337
5.91283
10.9637
2.65587
2.27265
7.61005
10.2298
7.29059
1.13096
1.65463
4.19611
9.82978
10.0931
4.9071
1.04597
1.19839
0.972113
1.12953
5.32783
16.2651
5.71415
1.10635
1.14449
1.68041
0.971656
12.8893
1.69057
2.2405
17.9715
17.9652
17.2203
1.00336
2.11097
1.75191
1.26303
6.40926
135.024
59.2838
13.6044
46.5067
3.58608
103.479
1.88938
2.82855
4.60865
3.50219
1.00926
1.92075
1.40065
271.307
263.725
103.9
29.2002
129.411
66.5031
54.3708
209.4
82.5328
191.6
16.9411
13.7358
16.9384
1.29501
0.822777
0.927121
0.788621
10.6744
11.6512
7.24774
0.814885
0.941602
0.776246
0.965714
11.5328
1.93325
1.11983
4.90619
11.8361
8.42415
2.18747
2.68397
2.55749
4.44602
1.02596
1.08072
1.29199
1.1325
0.88594
1.54204
1.07576
202.782
192.889
69.333
22.2441
202.793
153.175
112.715
19.8618
74.0579
58.5059
27.5795
26.9648
8.23876
38.9438
4.05596
7.04599
27.7675
13.2288
1.37274
3.79985
2.97712
123.749
58.6006
89.1962
260.57
230.892
260.75
248.04
35.1422
87.4509
151.165
0.767045
0.807136
0.82371
0.758832
0.796777
0.777267
0.776049
92.777
123.986
130.876
130.876
26.6743
82.6011
61.8662
27.0409
2.02873
5.19033
10.9731
7.96248
31.2204
3.25216
5.57773
0.797561
2.63988
2.57929
1.06576
5.44121
0.928605
11.6726
5.45632
13.8436
16.9884
2.3676
14.4276
8.004
16.5022
2.84776
6.61405
7.13478
5.98524
14.8526
3.27586
1.11412
0.70334
0.71154
0.714773
0.766108
1.46508
0.701047
0.780581
0.861533
0.971454
0.801456
0.759468
0.767427
0.787721
1.25453
0.845185
1.60612
2.1611
1.26169
1.19588
1.48168
0.780941
0.799294
0.75577
0.757471
0.755484
0.759224
0.75721
0.760431
0.91486
0.95559
0.798267
0.752148
0.768439
0.762303
0.790132
4.93573
13.0803
31.6457
6.49546
56.5058
8.92943
0.845479
0.8164
0.851869
28.2779
4.90741
2.85654
55.1811
0.902359
0.724049
0.815058
0.72217
0.949575
0.720882
0.891115
1.00645
0.718481
0.817187
0.728818
0.919379
0.725728
0.783531
1.25933
0.874926
0.85475
1.20031
0.80813
1.62374
1.11891
0.635629
0.747163
0.74661
0.647707
0.751946
0.661094
0.570996
2.51154
0.944162
1.61697
0.945568
1.44858
0.855329
2.54034
0.581395
0.793896
0.716281
0.705945
0.747581
0.707883
0.619328
0.795773
1.11859
0.861658
0.696254
1.11328
0.719808
0.778378
0.665359
0.890132
0.860664
0.679301
0.803946
0.692914
0.6513
20.9292
87.3016
24.5195
21.2637
12.382
27.2511
0.870531
36.1338
1.65643
15.6619
8.49489
2.06883
6.66666
32.2259
36.733
2.84452
11.4747
58.9401
124.783
134.029
0.733856
0.735702
0.762407
0.739951
0.767633
0.761352
0.76389
0.725078
0.72261
0.711855
0.725713
0.716931
0.727801
0.73207
0.692028
0.737913
0.723576
0.733924
0.700855
0.732226
0.743112
1.46599
2.99472
0.702104
0.779991
6.41923
0.831612
0.991421
1.34266
1.2969
0.887845
0.709239
0.818498
2.09943
0.82014
1.93343
8.6472
9.58416
1.38772
1.85953
15.8464
0.826924
4.12115
1.27901
17.8654
1.95387
9.61849
11.21
1.27582
52.4505
20.9323
25.2204
41.5728
22.0637
22.1796
55.2731
55.2699
35.3515
30.053
26.6621
55.2644
33.4441
55.2674
0.760717
0.750501
0.750146
0.75719
0.769451
0.752893
0.75936
0.79355
0.773659
0.80557
0.769893
0.864505
0.796895
0.766787
3.12015
1.81719
1.1828
1.26121
1.44867
1.36669
2.01478
0.699886
0.758433
0.87035
0.743208
0.915369
0.917507
0.765464
2.38649
2.41277
1.3833
3.25631
1.41046
4.89155
1.42118
1.0059
0.824016
0.807418
1.60935
0.777168
1.39682
0.964075
2.27406
5.47684
1.53858
10.6902
2.02519
1.51886
12.676
2.67435
3.35104
5.35258
4.87251
3.42318
7.14684
1.60047
0.966571
0.808975
0.932386
0.909185
0.913644
0.885728
1.05159
0.991523
0.952215
1.08618
0.961331
0.732008
0.731999
0.732125
0.732183
0.732117
0.732115
0.732105
0.731999
0.732008
0.732125
0.732183
0.732118
0.732105
0.732116
74.6717
3.34797
30.8568
22.7528
56.0742
27.1243
57.3677
150.304
115.072
230.239
192.424
46.6909
14.1935
28.8061
12.0404
31.0358
14.0453
46.6888
46.6946
10.2446
11.4046
46.6935
46.6934
14.3967
46.692
0.985171
1.67506
14.7701
0.954897
14.4587
0.751347
1.32495
0.99751
0.829827
5.27088
0.833236
0.783521
4.56331
0.856118
3.14583
3.52413
46.9692
1.19102
29.2852
3.43654
1.25147
3.81588
36.606
72.8887
16.8444
41.0428
42.3768
0.847074
0.783093
0.662243
0.648007
0.690253
0.682765
0.649848
0.655803
18.3173
21.6137
21.6075
0.783315
1.7916
5.88588
0.682737
5.60125
0.705231
0.684025
0.780388
0.894459
0.807848
0.703689
0.694946
0.709106
1.08563
1.3511
3.13084
7.52954
1.47765
2.46358
9.45715
0.991063
1.13615
2.8344
18.4088
1.56525
7.21623
0.697337
6.12914
0.697598
0.684025
0.671821
0.697338
0.705624
0.687969
0.650105
19.2311
2.13856
2.17058
1.26027
8.94202
7.53224
4.39284
7.78241
16.9519
6.05594
19.3694
6.73904
21.5795
46.8904
3.76141
51.3984
3.72464
6.0149
2.40617
1.29093
8.04759
1.02425
0.997275
7.6574
1.89251
8.87632
15.4522
54.1328
5.77785
60.2453
9.33993
5.33297
14.5691
79.0902
166.368
69.0889
57.4283
60.7876
13.0407
56.8353
22.9239
21.4233
4.54581
85.7973
9.40229
52.4484
34.799
5.91777
14.1986
52.1568
31.2213
8.39587
63.8079
0.65787
0.849952
0.648132
0.667032
0.668016
1.39689
0.656012
18.0554
18.0683
18.0498
2.12137
2.21064
0.687649
0.869963
2.40651
2.99599
0.668741
1.45691
0.730349
2.76283
0.644473
2.97281
0.637437
0.78464
0.543739
0.579816
0.566847
0.653115
0.6352
0.567131
0.537124
20.8144
16.0012
21.9753
1.00625
3.24126
0.737363
15.1448
0.726609
17.2064
0.893795
1.10186
0.753497
0.749277
3.07442
0.750494
0.826597
2.78637
1.65055
4.82361
1.17466
6.96388
2.00781
0.816869
17.844
3.31809
32.5635
41.2624
12.8925
35.6075
0.815947
13.3148
0.685126
0.721621
0.748698
0.687627
0.749414
0.685115
0.684707
0.682691
0.583757
0.637397
0.76558
0.820572
0.667479
0.767665
0.670616
0.653289
2.25755
0.63744
1.49311
0.681587
0.75999
0.895094
0.818936
0.90779
0.784063
1.19497
0.852606
0.690342
0.940066
0.867533
0.864898
0.782163
1.06663
0.801277
0.779453
1.07608
1.36726
2.64902
0.892494
2.26876
1.46927
0.868261
0.799054
0.736967
0.877642
0.765063
0.852265
0.828724
0.755758
0.736986
0.841323
0.921948
0.770902
0.638612
0.713173
0.830396
0.719515
0.76722
0.820373
8.35374
1.1782
11.3965
5.45151
3.37809
5.99659
17.2101
78.1669
24.5288
27.3
5.78032
18.7718
20.1081
20.1252
1.10874
4.29841
0.918463
0.936827
0.957789
9.84074
0.921628
0.949711
0.910369
0.913362
0.908735
0.909197
0.940044
0.960751
0.788804
0.784276
0.814321
0.774222
0.818693
0.783554
0.772349
0.829528
0.893981
0.742747
0.899698
0.818254
0.929691
0.805288
0.774899
0.850539
0.812821
0.810612
0.92501
0.81035
0.757147
0.939538
0.958631
11.0968
46.0221
0.838354
7.51874
1.00598
0.881035
0.988779
0.975698
0.971522
0.939551
0.975016
0.865638
0.978484
0.948417
0.852065
0.940025
0.904609
1.02785
0.932171
0.962317
0.840813
0.90748
0.916453
0.887084
0.960028
0.913704
3.118
49.6584
0.924969
0.696437
0.697122
0.676093
0.933636
0.640813
0.734764
0.90974
0.732031
0.732024
0.732471
0.732413
0.732417
0.732031
0.732394
0.73203
0.732377
0.73204
0.732409
0.73204
0.73237
0.732352
0.732028
0.732392
0.732032
0.732406
0.73204
0.73237
0.732362
0.732054
0.73238
0.732041
0.732347
0.732052
0.732349
0.732349
0.732059
0.732052
0.732313
0.732369
0.732362
0.732049
0.732355
0.732054
0.732352
0.732047
0.732336
0.732055
0.732342
0.732334
0.732028
0.732392
0.732032
0.732406
0.732041
0.73237
0.732363
0.732024
0.732031
0.732471
0.732417
0.732413
0.732031
0.732394
0.73203
0.732378
0.73204
0.732409
0.73204
0.73237
0.732352
0.732055
0.732352
0.732047
0.732336
0.732055
0.732342
0.732334
0.732054
0.732381
0.732042
0.732348
0.732052
0.732349
0.732349
0.732052
0.732059
0.732313
0.732363
0.732369
0.732049
0.732356
168.214
168.221
177.741
83.7807
22.0575
60.257
53.9856
19.7706
114.546
110.806
114.554
12.6288
19.622
43.8398
103.872
28.6069
63.4775
52.7952
126.328
38.123
105.878
126.339
125.275
126.342
103.23
25.4945
14.9775
20.4475
36.0133
47.4804
129.031
23.5928
36.0566
14.656
31.0756
18.3591
6.48495
16.1559
8.76216
97.5979
165.613
26.5444
83.189
165.623
157.62
165.636
50.0422
12.5149
7.15776
16.0425
14.9571
13.5934
13.2134
12.2636
7.77747
9.2075
12.0009
14.9449
14.5509
7.86385
26.1431
10.0079
86.9649
126.5
16.651
80.2143
19.3782
116.558
11.853
116.542
113.087
62.3771
116.563
18.7184
21.5677
46.7879
34.7936
19.8401
2.15605
1.63474
6.69222
2.63584
8.05974
1.69857
19.7223
1.9629
3.27834
6.67845
4.85422
2.32538
5.79516
21.0648
2.229
4.95707
2.47031
5.02254
14.1783
1.73198
2.98302
0.965321
2.38943
1.5546
1.01184
4.72898
0.921476
21.7287
20.3451
11.3864
11.4372
31.4796
21.4884
22.6664
30.3971
30.4104
9.66821
11.409
25.576
30.4233
14.051
14.0482
63.1812
48.9324
16.6555
25.6774
10.4933
11.625
12.2268
11.7957
31.0381
3.31751
33.1154
9.30329
13.0614
17.7846
6.03078
13.1453
8.61648
50.9025
29.1459
19.0656
16.5064
53.9048
33.3034
22.2419
46.7618
25.0516
46.7452
25.774
1.91001
7.41345
11.522
76.6671
42.9247
37.7437
64.3228
76.6653
76.6923
21.2466
14.6272
16.0931
2.11036
6.85053
14.6313
2.32896
3.89814
15.6782
1.06992
3.2606
1.10422
5.06818
1.83414
0.854565
11.1717
0.859223
1.7332
0.992589
2.14899
7.19643
0.714035
2.78088
0.708845
0.850578
0.801684
0.807505
2.54112
0.704836
4.31126
8.98202
1.34533
1.41119
11.8709
4.58264
8.76679
3.94383
3.73351
4.18985
0.888208
1.21728
0.831989
0.960962
0.99984
0.800752
0.89097
1.05897
0.951925
0.882162
1.00578
0.997604
1.02115
1.00365
3.17337
2.07872
4.96541
3.15243
0.993977
1.64628
1.30503
5.80822
2.31061
6.01449
5.77608
2.42826
6.83821
2.08834
9.53566
1.58662
1.79574
0.864422
0.964219
1.59949
0.880135
2.57337
3.42814
1.56733
0.887708
1.06161
0.947153
1.03131
4.27778
1.92719
1.1048
1.31498
1.28794
1.03172
1.43355
5.29093
0.874578
3.23671
0.934674
0.867018
2.72153
0.931455
3.09812
1.12316
1.14147
5.47074
17.9636
11.6706
1.20782
1.55904
1.47426
1.75338
5.22205
13.7606
9.19387
0.800845
0.852018
0.932781
0.796921
0.943302
1.85897
1.31056
0.795073
0.790476
0.817411
0.777592
1.1362
1.46433
0.783742
6.04999
0.783507
0.979535
0.915033
0.956782
0.781246
0.799294
0.867835
0.782683
0.885306
0.856286
2.29759
0.973692
2.33589
1.91655
0.914258
1.17218
1.20977
1.54077
3.22027
3.0023
4.72824
8.52802
3.20995
7.93645
12.3244
131.857
37.832
29.5659
33.0033
11.5069
104.693
9.91293
95.1931
28.594
12.1
8.26642
17.881
5.95039
0.767072
0.706313
0.740613
2.72133
1.53857
2.84379
1.18164
0.789477
14.2514
6.40643
0.816346
0.763941
0.866681
0.760042
17.9609
1.43363
13.7266
0.996569
3.80795
6.12871
3.54214
0.854647
1.31038
0.899704
1.1235
3.4927
8.2901
5.02827
0.744184
0.773984
0.777527
0.775028
1.2717
2.11447
1.62726
0.91776
0.880633
0.807963
1.26408
4.40171
4.45778
1.31969
1.4933
3.32705
1.00128
1.81762
1.16557
1.47335
0.732907
0.821309
1.65782
1.77043
0.735479
7.77722
3.36677
1.27186
1.05638
1.20974
2.09936
1.97437
0.913475
1.06212
1.12362
1.55051
41.3677
9.21896
3.74997
5.63343
1.83729
14.0163
1.07322
1.08877
1.03044
2.82786
0.74598
2.45556
0.902666
0.748139
0.772905
0.737001
0.763704
0.724685
0.722816
0.880417
2.84225
123.727
13.8409
7.26723
13.1709
5.37902
61.6495
3.50982
66.2401
8.62886
8.34199
14.5873
42.0633
6.62179
60.3026
183.314
73.7436
71.1308
202.788
193.28
176.605
1.59542
8.75421
6.05353
6.17305
1.73439
2.16522
3.68789
14.7532
31.882
18.8447
12.9818
13.6216
6.96802
19.2051
35.9148
23.8932
32.572
0.811818
2.06535
13.8449
203.895
263.74
151.02
230.904
230.881
0.731916
0.731926
0.731922
0.732084
0.732109
0.732091
0.732095
0.732069
0.731966
0.732078
0.732178
0.732042
0.732142
0.7321
0.732378
0.732376
0.732538
0.732525
0.732378
0.7324
0.732525
0.731915
0.731926
0.731922
0.732098
0.732107
0.732092
0.732108
0.732081
0.731965
0.73208
0.732189
0.732109
0.732181
0.732115
0.732374
0.732382
0.732527
0.732509
0.732377
0.732385
0.732518
0.731898
0.731899
0.7319
0.732107
0.732112
0.732116
0.732098
0.731932
0.732051
0.732162
0.732091
0.73209
0.731894
0.731894
0.731895
0.732108
0.73212
0.73212
0.732104
0.731925
0.732047
0.732161
0.732104
0.732093
0.7319
0.7319
0.731903
0.732105
0.732113
0.7321
0.732115
0.731932
0.732051
0.732163
0.732091
0.732089
0.732374
0.732383
0.73251
0.732527
0.732377
0.732519
0.732385
0.731895
0.731895
0.731896
0.732108
0.732121
0.732105
0.73212
0.731926
0.732047
0.732161
0.732104
0.732094
0.732379
0.732376
0.732526
0.732539
0.732379
0.732526
0.7324
0.731916
0.731926
0.731922
0.732084
0.732109
0.732091
0.732095
0.731967
0.732069
0.732078
0.732178
0.732042
0.7321
0.732143
0.731915
0.731926
0.731922
0.732098
0.732107
0.732092
0.732109
0.731965
0.732081
0.73208
0.732189
0.732109
0.732115
0.732182
0.733257
0.733256
0.73287
0.732882
0.732882
0.732868
0.733262
0.732009
0.731951
0.731971
0.732076
0.732086
0.732092
0.732133
0.732004
0.731952
0.731959
0.732062
0.732073
0.73207
0.732118
0.731952
0.732004
0.731959
0.732062
0.732074
0.73207
0.732118
0.731951
0.732009
0.731971
0.732077
0.732086
0.732092
0.732133
0.731939
0.731935
0.732084
0.732062
0.732072
0.732067
0.731931
0.733256
0.733258
0.73287
0.732882
0.732882
0.732869
0.733262
0.731935
0.731939
0.732084
0.732072
0.732063
0.732067
0.731931
0.732124
0.732128
0.73207
0.732112
0.732153
0.73198
0.731912
0.731933
0.732069
0.731917
0.732079
0.731921
0.732081
0.732079
0.731966
0.731938
0.732067
0.732095
0.731928
0.732088
0.732045
0.732207
0.732059
0.732274
0.731934
0.732082
0.731917
0.732079
0.73192
0.732078
0.732084
0.731964
0.731937
0.73208
0.732108
0.731926
0.732093
0.73208
0.732139
0.732049
0.732207
0.731915
0.732088
0.731907
0.732089
0.73191
0.732093
0.732088
0.731923
0.731939
0.732078
0.732101
0.731916
0.732075
0.732103
0.73217
0.732066
0.732242
0.731914
0.7321
0.731904
0.732093
0.731906
0.732096
0.732098
0.73192
0.731939
0.732091
0.732108
0.731913
0.732097
0.732103
0.731916
0.732089
0.731907
0.732089
0.73191
0.732089
0.732092
0.73194
0.731923
0.732078
0.7321
0.731916
0.732103
0.732075
0.73214
0.732049
0.732207
0.731914
0.7321
0.731903
0.732094
0.731906
0.732098
0.732096
0.731939
0.73192
0.732092
0.732108
0.731913
0.732103
0.732097
0.73217
0.732067
0.732242
0.73207
0.732112
0.732124
0.732128
0.731933
0.732069
0.731917
0.73208
0.731922
0.732082
0.732079
0.731938
0.731966
0.732067
0.732095
0.731928
0.732045
0.732088
0.732154
0.731981
0.731912
0.731935
0.732083
0.731917
0.732079
0.73192
0.732079
0.732084
0.731937
0.731964
0.73208
0.732108
0.731927
0.73208
0.732093
0.732207
0.732059
0.732275
)
;

boundaryField
{
    outlet
    {
        type            calculated;
        value           nonuniform List<scalar> 
248
(
0.731818
0.731818
0.731818
0.731817
0.731817
0.731818
0.731817
0.731817
0.731818
0.731818
0.731817
0.731818
0.731818
0.731818
0.731818
0.731817
0.731818
0.731818
0.731818
0.731817
0.731818
0.731817
0.731818
0.731818
0.731818
0.731818
0.731818
0.731818
0.731818
0.731818
0.731818
0.731817
0.731817
0.731817
0.731817
0.731817
0.731817
0.731818
0.731818
0.731818
0.731818
0.731818
0.731817
0.731818
0.731818
0.731818
0.731817
0.731817
0.731817
0.731817
0.731817
0.731818
0.731819
0.731819
0.731818
0.731818
0.731819
0.731818
0.731819
0.731818
0.731819
0.731818
0.731819
0.731817
0.731818
0.731818
0.731818
0.731818
0.731818
0.731818
0.731818
0.731818
0.731818
0.731817
0.731818
0.731818
0.731818
0.731818
0.731818
0.731818
0.731818
0.731818
0.731818
0.731818
0.731818
0.731819
0.731819
0.731818
0.731818
0.731818
0.731818
0.731818
0.731818
0.731818
0.731818
0.731818
0.731818
0.731818
0.731818
0.731818
0.731818
0.731818
0.731818
0.731818
0.731818
0.731818
0.731818
0.731818
0.731818
0.731818
0.731818
0.731818
0.731818
0.731818
0.731818
0.731818
0.731818
0.731818
0.731818
0.731818
0.731818
0.731818
0.731818
0.731818
0.731818
0.731818
0.731818
0.731818
0.731818
0.731818
0.731818
0.731818
0.731818
0.731818
0.731818
0.731818
0.731818
0.731818
0.731818
0.731818
0.731818
0.731818
0.731818
0.731818
0.731818
0.731818
0.731818
0.731818
0.731818
0.731818
0.731817
0.731817
0.731817
0.731817
0.731817
0.731817
0.731817
0.731817
0.731817
0.731818
0.731818
0.731818
0.731818
0.731818
0.731818
0.731818
0.731818
0.731818
0.731818
0.731818
0.731818
0.731818
0.731817
0.731817
0.731817
0.731817
0.731817
0.731817
0.731817
0.731817
0.731817
0.731817
0.731817
0.731817
0.731817
0.731817
0.731817
0.731817
0.731817
0.731817
0.731817
0.731817
0.731817
0.731817
0.731817
0.731817
0.731817
0.731817
0.731817
0.731818
0.731818
0.731818
0.731818
0.731818
0.731818
0.731818
0.731818
0.731818
0.731818
0.731818
0.731818
0.731818
0.731818
0.731818
0.731818
0.731818
0.731818
0.731818
0.731818
0.731818
0.731818
0.731818
0.731818
0.731818
0.731818
0.731818
0.731818
0.731818
0.731818
0.731818
0.731818
0.731818
0.731818
0.731818
0.731818
0.731818
0.731818
0.731818
0.731818
0.731818
0.731818
0.731818
0.731818
0.731818
0.731818
0.731818
0.731818
0.731818
)
;
    }
    inlet
    {
        type            calculated;
        value           nonuniform List<scalar> 
92
(
1000.1
1000.09
1000.1
1000.11
1000.1
1000.1
1000.1
1000.1
1000.1
1000.1
1000.1
1000.1
1000.1
1000.1
1000.1
1000.1
1000.12
1000.11
1000.1
1000.1
1000.1
1000.08
1000.09
1000.1
1000.1
1000.2
1000.1
1000.1
1000.1
1000.12
1000.12
1000.1
1000.11
1000.11
1000.11
1000.11
1000.12
1000.12
1000.1
1000.1
1000.1
1000.1
1000.1
1000.11
1000.11
1000.11
1000.1
1000.1
1000.1
1000.1
1000.1
1000.1
1000.1
1000.1
1000.1
1000.1
1000.1
1000.1
1000.08
1000.1
1000.1
1000.1
1000.1
1000.09
1000.1
1000.1
1000.1
1000.1
1000.1
1000.1
1000.1
1000.1
1000.1
1000.1
1000.1
1000.1
1000.1
1000.13
1000.1
1000.16
1000.1
1000.1
1000.1
1000.11
1000.12
1000.11
1000.11
1000.11
1000.1
1000.11
1000.12
1000.12
)
;
    }
    wall
    {
        type            calculated;
        value           nonuniform List<scalar> 
8028
(
0.73212
0.73212
0.732076
0.732074
0.732046
0.732064
0.732072
0.732046
0.732042
0.732042
0.732064
0.732073
0.732076
0.732074
0.732135
0.732119
0.732066
0.732202
0.732166
0.732135
0.732166
0.732066
0.732119
0.732202
2.64037
16.0047
0.782863
0.781194
0.795827
0.794758
0.771355
0.899208
6.04118
1.20364
1.3733
0.742831
0.743041
0.743233
0.743325
0.743364
0.743406
0.743426
0.743301
0.742974
0.742549
0.742122
0.741709
0.741341
0.741061
0.740867
0.740749
0.740683
0.740663
0.7407
0.740784
0.740879
0.740959
0.741037
0.741142
0.741275
0.7414
0.741468
0.741425
0.741215
0.740799
0.740178
0.739383
0.738452
0.737393
0.736185
0.734802
0.733224
21.5538
21.5542
21.5539
62.2225
134.034
134.036
134.034
32.7559
18.1999
2.20842
2.38605
7.66664
1.5419
0.83048
0.790149
0.782643
2.64974
3.59407
6.38872
0.733278
0.733223
0.732297
0.732297
0.73328
0.732297
0.732297
21.1098
21.1102
21.1099
11.0589
2.40121
2.40125
2.40121
15.8481
21.9421
21.9425
21.9421
15.5751
3.75534
1.1203
1.12033
1.12031
1.11563
6.18968
6.1898
6.1897
22.7783
11.0973
1.03135
0.932688
0.932713
0.932692
49.649
0.896655
0.881697
0.842532
0.778628
2.39922
0.719918
0.770639
0.896099
1.55996
0.874207
6.62067
0.762455
0.759353
0.779715
0.777649
14.5789
2.85715
1.79729
0.756839
4.41905
0.775903
0.772549
1.00865
0.805724
0.778281
4.42417
0.803742
0.775866
0.765211
0.803343
0.794564
0.792521
0.771027
0.787499
0.763479
0.770407
0.794721
0.791475
0.799963
0.816589
0.959525
0.770503
0.756494
0.789739
0.818098
0.772268
0.958154
0.824023
0.755136
0.77462
0.799836
0.770092
1.00861
0.786636
0.746197
0.776344
0.812744
0.766945
0.751762
3.28738
0.745967
0.748168
0.961839
1.19952
0.753498
5.1067
2.95752
0.749188
0.752092
1.19614
0.802844
5.65916
1.68826
1.7026
0.752936
0.760947
0.759175
0.742945
0.816833
0.746729
0.744242
0.763306
0.777056
0.742924
0.743022
0.746024
0.758935
0.74297
0.835395
0.75535
0.743087
0.743265
0.759228
0.743112
0.743189
0.74341
0.743353
0.743322
0.74343
0.743148
0.743261
0.743311
0.743385
0.743446
0.74345
0.74349
0.743285
0.743343
0.74336
0.743466
0.743533
0.7435
0.743542
0.743352
0.743403
0.743403
0.743545
0.743563
0.743548
0.743546
0.74341
0.743458
0.74344
0.743532
0.743399
0.743508
0.743362
0.743449
0.743402
0.743369
0.743308
0.743063
0.74327
0.743017
0.743338
0.743134
0.743089
0.742951
0.742678
0.742899
0.742613
0.743024
0.742739
0.742676
0.742556
0.742236
0.742485
0.742173
0.742619
0.742309
0.742247
0.742095
0.741743
0.742039
0.741729
0.742179
0.74184
0.741827
0.741611
0.741339
0.741613
0.741387
0.741705
0.741391
0.74144
0.741252
0.741104
0.74131
0.741164
0.741283
0.741073
0.741134
0.741053
0.740961
0.741107
0.740978
0.741009
0.7409
0.740916
0.740922
0.74083
0.740925
0.740808
0.740864
0.7408
0.740779
0.740792
0.740711
0.740766
0.740691
0.740774
0.74072
0.740699
0.740685
0.740649
0.740669
0.74065
0.740699
0.740666
0.740666
0.740644
0.74067
0.740649
0.740681
0.740659
0.740676
0.740687
0.740685
0.740757
0.740696
0.740765
0.740688
0.740754
0.740762
0.740782
0.740863
0.740789
0.740866
0.740778
0.740854
0.740858
0.740884
0.740941
0.740888
0.740945
0.740876
0.740936
0.740941
0.740955
0.740999
0.740961
0.741008
0.740954
0.741007
0.741016
0.741015
0.74108
0.741026
0.741096
0.741026
0.741096
0.741112
0.741108
0.741211
0.741126
0.741231
0.741124
0.74122
0.74124
0.741249
0.74136
0.741269
0.741379
0.741254
0.741353
0.741372
0.741393
0.741464
0.741412
0.741477
0.741382
0.741446
0.741459
0.741476
0.74146
0.741487
0.741467
0.741456
0.741442
0.741449
0.741436
0.741299
0.741441
0.741299
0.74142
0.741287
0.741287
0.741228
0.74094
0.741226
0.740933
0.741217
0.740932
0.740925
0.740815
0.740366
0.740807
0.740355
0.740808
0.740363
0.740352
0.740191
0.739603
0.740179
0.739592
0.74019
0.739608
0.739596
0.739389
0.738695
0.739377
0.738687
0.739394
0.738705
0.738695
0.73845
0.737665
0.738443
0.737663
0.738458
0.737673
0.73767
0.737388
0.736501
0.737386
0.736503
0.737395
0.736505
0.736506
0.736182
0.735175
0.736181
0.735184
0.736185
0.735177
0.735186
0.734807
0.733686
0.7348
0.733719
0.734808
0.733687
0.733721
0.732865
0.732897
0.732876
0.733229
0.732946
0.732878
0.733266
0.732896
0.732974
121.079
113.634
51.2813
34.9912
31.4735
30.3663
18.6913
17.3022
14.8922
12.9045
3.6287
10.5549
4.06081
17.9639
0.752761
271.342
271.342
162.536
2.49177
11.6476
11.82
14.2935
195.189
202.79
202.79
123.742
24.4854
129.881
130.875
24.1076
24.1127
2.64843
0.989138
17.9973
18.2051
18.2125
6.67998
8.15442
6.52733
3.13687
8.70556
1.41269
1.05178
0.784747
1.00392
0.853032
0.793711
0.777208
0.787996
0.787845
0.807087
0.78771
4.03141
1.21819
1.53488
0.76945
0.786266
0.772569
0.773071
0.934977
2.68677
0.955766
4.37315
5.26081
10.9748
1.36295
5.06828
3.74378
6.20848
12.4562
12.456
12.9101
0.971507
0.923847
0.906164
0.80935
0.844529
0.734027
5.25739
1.58347
3.2024
2.53197
2.35199
1.13848
1.67612
6.52596
0.732884
0.732525
0.732525
0.732876
0.731986
0.732525
0.732504
0.732113
0.73292
0.732479
0.732006
0.732478
0.732241
0.732339
0.732973
0.732296
0.732877
0.731968
0.732466
0.732041
0.731918
0.732459
0.732924
0.732906
0.732187
0.731964
0.732437
0.731911
0.732432
0.732877
0.733259
0.732886
0.731918
0.73246
0.731968
0.732467
0.732041
0.732908
0.732947
0.732925
0.731911
0.732431
0.732187
0.732183
0.73233
0.731964
0.732436
0.732885
0.732526
0.732526
0.732866
0.732877
0.732111
0.732114
0.731987
0.732526
0.732505
0.733239
0.732898
0.732921
0.732246
0.732241
0.73234
0.73248
0.732006
0.732479
0.732296
36.7133
117.97
111.906
74.4127
10.0376
28.8099
10.8898
69.9093
167.176
69.9667
74.4316
7.8709
17.0186
25.7063
0.846215
0.793869
0.834512
1.78826
1.09265
41.5374
34.8997
0.987658
3.89134
0.784544
0.779025
0.738793
0.774168
0.771676
3.00878
11.3517
14.3251
16.0092
0.77587
0.791193
5.48526
0.771741
0.772771
1.17437
0.962827
0.81093
0.777859
1.22951
0.757148
2.43927
0.773673
0.772319
0.800224
0.803781
0.797839
0.784534
0.793617
1.32895
0.768711
0.765976
0.765878
1.25875
0.791949
0.791376
0.797905
0.768377
0.771561
0.7697
0.771438
0.773778
0.791177
0.795846
0.796062
0.782841
0.749334
0.74936
0.879835
0.758691
0.764087
0.850376
0.801133
0.789523
0.800162
0.747126
0.754635
1.82356
0.787266
0.944176
0.76696
0.770147
0.766522
0.927922
0.750841
0.764617
0.752851
1.06208
0.887675
2.65042
0.748404
0.769878
6.04054
0.756718
0.778323
0.746386
0.770164
0.753374
0.794745
5.99071
7.21296
1.02227
0.765039
0.905168
0.751142
0.742924
0.742874
0.749601
1.38249
0.776375
0.899224
0.785296
0.795835
0.760329
0.742906
0.742927
0.759261
0.744091
0.744129
0.742857
0.752819
0.743117
0.78403
0.743089
0.743142
0.767161
0.744974
0.743189
0.743087
0.743313
0.743348
0.743497
0.743319
0.743362
0.74321
0.74315
0.743185
0.743264
0.743433
0.743459
0.743373
0.743443
0.743458
0.743338
0.743279
0.743295
0.74334
0.743516
0.743531
0.743454
0.743487
0.7435
0.74341
0.74334
0.743355
0.74338
0.743587
0.743589
0.743531
0.743531
0.743539
0.743481
0.743397
0.743418
0.743426
0.743512
0.743502
0.7435
0.743497
0.743471
0.743475
0.743442
0.743447
0.743427
0.743221
0.743205
0.743265
0.743269
0.743206
0.743281
0.743335
0.743292
0.743253
0.742844
0.742824
0.742908
0.742904
0.742824
0.742934
0.743024
0.742945
0.74289
0.742436
0.74241
0.742501
0.742484
0.7424
0.742526
0.742614
0.742526
0.74246
0.741957
0.74194
0.742027
0.742044
0.741954
0.742059
0.742177
0.742085
0.742036
0.741505
0.74151
0.741543
0.741628
0.74156
0.741573
0.741716
0.741621
0.741626
0.741217
0.741241
0.741195
0.741322
0.741275
0.741195
0.741297
0.741224
0.741275
0.741049
0.741068
0.741003
0.741107
0.741067
0.740979
0.741014
0.740975
0.741014
0.740905
0.740904
0.740884
0.740916
0.740881
0.740865
0.74086
0.740839
0.740838
0.740761
0.740752
0.74077
0.740761
0.740736
0.74077
0.740768
0.740753
0.740733
0.740666
0.740663
0.740676
0.740669
0.740661
0.740684
0.740697
0.740686
0.740677
0.740649
0.740653
0.740651
0.740651
0.740659
0.740656
0.740661
0.740662
0.740669
0.74071
0.740714
0.740705
0.740698
0.740719
0.740706
0.74069
0.74071
0.740719
0.740813
0.740816
0.740808
0.74079
0.740816
0.740806
0.740779
0.740804
0.74081
0.740908
0.74091
0.740903
0.740887
0.740908
0.7409
0.740876
0.740897
0.740902
0.740972
0.740974
0.740969
0.740961
0.740976
0.74097
0.740954
0.740971
0.740977
0.741035
0.74104
0.741035
0.741029
0.741048
0.74104
0.741029
0.741049
0.74106
0.741142
0.741149
0.74114
0.741131
0.741161
0.741145
0.74113
0.741158
0.741173
0.741291
0.741299
0.741282
0.741273
0.741309
0.741282
0.741259
0.741291
0.741309
0.741428
0.741434
0.741414
0.741412
0.741438
0.741408
0.741384
0.741408
0.741424
0.741484
0.741489
0.741471
0.741486
0.741487
0.741464
0.741456
0.741458
0.741469
0.741406
0.741407
0.741397
0.741439
0.741404
0.741392
0.741419
0.741386
0.741391
0.741148
0.741147
0.741144
0.741224
0.741141
0.741141
0.741215
0.741135
0.741133
0.740678
0.740675
0.74068
0.740803
0.740668
0.740679
0.740805
0.740672
0.740664
0.740003
0.739999
0.74001
0.740176
0.739993
0.740011
0.740187
0.740006
0.739994
0.739162
0.739159
0.739172
0.739376
0.739155
0.739174
0.739392
0.739173
0.739161
0.738194
0.738192
0.738201
0.738443
0.738192
0.738204
0.738457
0.738206
0.738198
0.737103
0.737103
0.737105
0.737386
0.737103
0.737106
0.737395
0.737109
0.737107
0.735861
0.735863
0.735861
0.73618
0.735865
0.735862
0.736185
0.735863
0.735866
0.734454
0.734459
0.73445
0.734799
0.734467
0.73445
0.734808
0.734455
0.734467
0.757655
0.759388
0.781392
0.772988
0.774965
0.785037
0.782355
0.786356
0.78458
0.784927
0.778764
0.77799
0.728387
0.739989
0.729971
0.772533
0.771227
0.771858
0.771062
6.94116
4.93088
7.51246
3.85688
10.6132
0.832239
4.0433
0.77715
1.01626
4.18167
1.4275
14.567
10.1157
13.7873
10.5148
13.8025
11.1933
13.9134
19.0809
20.0579
3.44623
13.0058
20.0633
20.0634
9.36922
0.88379
2.51448
0.782934
0.776859
0.781551
0.786987
0.782167
0.779545
0.769653
0.773428
0.772654
0.771238
5.48152
5.48813
5.3131
0.775339
0.774461
0.774652
0.773366
0.879169
0.801382
0.788571
0.798252
0.797329
0.772078
0.77292
0.770647
0.774068
0.773845
0.772083
0.807572
0.811254
0.819954
0.822936
0.816968
0.814095
0.78551
0.792802
0.790067
0.788454
0.78574
0.796929
0.792178
0.778312
3.62268
1.46239
0.920214
1.39038
1.38587
0.761811
0.763096
0.759419
0.761671
0.763654
0.772852
0.767906
1.13774
1.2152
1.15404
0.771446
0.770719
0.769825
0.76969
0.792517
0.878567
0.78874
0.792034
0.794769
0.771145
0.773666
0.77096
0.780589
0.778009
0.773953
0.796818
0.796842
0.800367
0.801241
0.796693
0.796456
0.794721
0.80058
0.799434
0.798179
0.798233
0.801972
0.801801
0.78939
0.7799
0.779656
0.827401
0.810626
0.78769
0.951118
1.31201
1.31108
0.85993
0.877332
0.766653
0.771055
0.794192
0.76798
0.785733
0.7679
0.768995
0.767424
0.768625
1.03031
1.13561
1.11494
0.857327
0.803355
0.772343
0.781203
0.778023
0.793837
0.792734
0.787223
0.793426
0.792799
0.790291
0.788469
0.78975
0.786844
0.798619
0.792994
0.79727
0.79224
0.795621
0.786986
0.791923
0.800863
0.903486
0.961455
0.756769
0.760578
0.753112
0.774627
0.756018
0.763614
0.753778
0.765585
0.772236
0.767745
0.782244
0.773712
0.774316
0.774591
0.776971
0.769747
0.771161
0.789002
0.804079
0.776715
0.79553
0.84368
0.785728
0.790527
0.777328
0.770755
0.776963
0.780302
0.791028
0.812276
0.792906
0.791206
0.794963
0.796617
0.777164
0.778157
0.776697
0.776789
0.774674
0.77974
0.776857
0.774281
0.92721
0.893632
0.748051
0.748058
0.747616
0.751825
0.750387
0.753882
0.762686
0.759326
0.761537
0.768146
0.784072
1.09768
0.806086
0.759685
0.758244
0.767048
0.758865
0.827257
0.822823
0.831961
0.772186
0.767857
0.864564
0.866442
1.72731
2.23314
1.23973
1.28571
0.776714
0.772078
0.797374
0.837644
0.786182
0.820029
0.795662
0.785673
0.780582
0.812369
0.819567
0.78676
0.780108
0.995266
0.767
0.749922
0.748095
0.747772
0.749407
0.760893
0.756649
0.764301
0.775324
0.7735
0.777246
0.77743
1.74758
1.79596
1.83528
0.817536
0.7761
0.894066
0.792127
0.76079
0.768745
0.764548
0.756947
0.765583
1.3091
3.48608
0.990792
4.53613
2.89807
3.13242
0.761049
0.758309
0.767707
0.766931
0.760167
0.758859
0.782499
0.763411
0.761688
1.21881
0.842269
0.753819
0.754666
1.31128
0.746389
0.747481
0.75275
0.752735
0.754436
0.773521
0.770073
0.776698
0.793229
0.779738
1.11805
1.19497
0.846305
0.744549
0.74699
0.743169
0.744106
0.743457
0.743081
2.62666
2.14102
3.89171
4.94622
4.43988
0.855228
2.77917
0.802695
1.86773
3.08638
2.00696
0.852327
1.90325
0.74645
0.741817
0.831519
0.747275
5.41454
0.909354
1.24904
5.28356
5.41407
1.61767
3.44184
5.44001
0.749775
0.750975
0.758045
0.757589
0.759837
0.782082
0.780873
0.789096
1.12531
1.13025
1.02702
0.90051
0.744627
0.747893
0.746245
0.742935
0.742883
0.742882
0.742851
0.990259
0.747215
0.777586
0.810113
1.39795
0.750563
0.846058
0.749621
0.883541
1.07281
0.833548
5.65838
4.54306
7.86894
1.58012
8.84124
5.07034
5.48511
6.05537
6.25141
2.51907
4.859
2.87397
5.88138
1.51386
0.755122
0.756821
0.773084
0.771348
0.778722
1.10043
1.01929
1.09268
0.749522
0.798612
0.745639
0.74313
0.749996
0.752993
0.751926
0.742843
0.742822
0.74286
0.742845
0.749841
0.751257
0.750793
0.749712
0.75001
0.749329
0.776338
0.74297
0.742946
0.751185
0.746606
0.749949
0.748735
1.01292
0.885524
0.747512
0.74466
1.01001
1.12089
1.12865
0.743393
0.782677
0.780269
0.790331
0.773918
0.767054
0.773441
0.931736
0.9667
0.979561
0.745549
0.746153
0.743033
0.74301
0.742982
0.742933
0.742983
0.759346
0.763306
0.763063
0.742929
0.742921
0.742984
0.742979
0.757631
0.763734
0.762169
0.762015
0.759891
0.742901
0.742891
0.742965
0.742988
0.742947
0.742958
0.748315
0.754609
0.742946
0.742856
0.742887
0.74289
0.742836
0.742813
0.742823
0.742947
0.742908
0.742885
0.742894
0.742926
0.903607
0.842712
0.743712
0.743264
0.743175
0.743125
0.743196
0.743202
0.743258
0.743208
0.743141
0.743209
0.779381
0.839728
0.797998
0.743144
0.74314
0.743207
0.743204
0.758635
0.754847
0.748615
0.743188
0.744923
0.743128
0.74312
0.74319
0.74321
0.743172
0.743183
0.747687
0.743452
0.74299
0.742997
0.743058
0.743066
0.743062
0.743033
0.743045
0.743161
0.743128
0.743099
0.74311
0.743148
0.743281
0.743327
0.743321
0.743361
0.74337
0.743355
0.743395
0.743401
0.743427
0.743406
0.743365
0.743403
0.743279
0.743293
0.743281
0.743357
0.74335
0.743389
0.743382
0.743204
0.743251
0.743244
0.743271
0.743236
0.743319
0.743307
0.743349
0.743335
0.743318
0.743336
0.743191
0.743228
0.743187
0.743189
0.743225
0.743226
0.743236
0.743211
0.743222
0.743284
0.74327
0.743244
0.743253
0.743291
0.743404
0.743427
0.74344
0.743458
0.743466
0.743463
0.743482
0.743484
0.743493
0.743484
0.743466
0.743477
0.743364
0.743393
0.743383
0.74345
0.743441
0.743456
0.743447
0.743331
0.743355
0.743347
0.743355
0.743337
0.743401
0.743387
0.743408
0.743383
0.743374
0.743394
0.743309
0.743323
0.74329
0.743288
0.743305
0.743303
0.743313
0.743295
0.743302
0.743334
0.743327
0.743307
0.743312
0.743346
0.743489
0.743508
0.743522
0.74354
0.743545
0.74353
0.743551
0.743548
0.743555
0.743543
0.743515
0.743526
0.743444
0.74347
0.743459
0.743487
0.743476
0.743493
0.743482
0.7434
0.743422
0.743412
0.743419
0.743398
0.743436
0.743422
0.74344
0.743422
0.743407
0.743426
0.743372
0.74338
0.743347
0.743343
0.743356
0.743352
0.743356
0.743343
0.743347
0.743383
0.743367
0.743351
0.743354
0.743384
0.743564
0.74356
0.74359
0.743581
0.743583
0.743584
0.743579
0.743574
0.743558
0.743566
0.743559
0.743549
0.743521
0.74353
0.74352
0.743523
0.743511
0.743515
0.743504
0.743469
0.743483
0.743472
0.743472
0.743456
0.74347
0.743458
0.743464
0.743449
0.74344
0.743454
0.743435
0.743438
0.743411
0.743407
0.743418
0.743415
0.743411
0.743404
0.743406
0.743433
0.743417
0.74341
0.743411
0.743424
0.74351
0.743446
0.743511
0.74344
0.743437
0.743498
0.743428
0.743425
0.743367
0.74342
0.743481
0.743412
0.743496
0.743445
0.743443
0.743462
0.743456
0.743398
0.743396
0.74347
0.743432
0.74343
0.743404
0.743426
0.743438
0.743434
0.743388
0.743362
0.74339
0.743389
0.743455
0.743421
0.743441
0.743438
0.74341
0.743406
0.743427
0.74343
0.743428
0.743375
0.743393
0.743397
0.743395
0.74339
0.743243
0.743136
0.743217
0.74311
0.743104
0.743204
0.743093
0.743091
0.743015
0.74309
0.743203
0.743094
0.743271
0.743163
0.743169
0.743209
0.743212
0.743104
0.743107
0.743287
0.743186
0.743191
0.74313
0.743196
0.743225
0.743231
0.743124
0.743072
0.743141
0.743131
0.743292
0.743201
0.743289
0.743286
0.743199
0.743197
0.743267
0.743277
0.743273
0.743108
0.743172
0.743186
0.743181
0.743158
0.742874
0.742758
0.742839
0.742723
0.742716
0.742821
0.7427
0.742697
0.742616
0.742694
0.742819
0.742695
0.742916
0.742793
0.7428
0.74283
0.742835
0.742703
0.742707
0.742938
0.742818
0.742821
0.742741
0.742824
0.742855
0.742862
0.742727
0.74266
0.742745
0.742734
0.742944
0.742826
0.742943
0.742941
0.74282
0.742817
0.74291
0.742926
0.74292
0.742696
0.742783
0.7428
0.742794
0.742765
0.742467
0.742335
0.742429
0.742298
0.742291
0.742406
0.742273
0.74227
0.742175
0.742266
0.742398
0.742265
0.742509
0.742371
0.742379
0.742401
0.742405
0.742268
0.742271
0.742529
0.742398
0.742401
0.742308
0.742404
0.742423
0.742431
0.742291
0.742227
0.742312
0.742299
0.742529
0.742404
0.742522
0.742518
0.742394
0.74239
0.74248
0.742499
0.742492
0.742269
0.742352
0.742371
0.742365
0.742334
0.741989
0.741847
0.741951
0.741813
0.741807
0.741939
0.741801
0.741802
0.741717
0.741805
0.741945
0.741816
0.742036
0.741884
0.741892
0.741961
0.741967
0.741836
0.741843
0.742065
0.741917
0.741924
0.741827
0.741933
0.741991
0.742
0.741869
0.741809
0.741892
0.741878
0.742078
0.741943
0.742085
0.742084
0.741951
0.741952
0.742058
0.742074
0.742069
0.741846
0.74193
0.741946
0.741941
0.741914
0.74152
0.741409
0.741504
0.7414
0.7414
0.741514
0.741411
0.741416
0.741371
0.741426
0.74154
0.741444
0.74155
0.741423
0.741427
0.741571
0.741579
0.741471
0.741478
0.741579
0.741446
0.741451
0.741377
0.741462
0.741601
0.741607
0.741497
0.741439
0.741507
0.741501
0.741605
0.741479
0.741629
0.741634
0.741505
0.74151
0.741636
0.74164
0.74164
0.74144
0.74152
0.74152
0.741521
0.741515
0.741203
0.741138
0.741223
0.741156
0.741161
0.741247
0.74118
0.741185
0.741159
0.741192
0.741266
0.741202
0.741193
0.741124
0.741118
0.741281
0.741283
0.741211
0.741211
0.741197
0.741114
0.741114
0.741069
0.741117
0.741286
0.741285
0.741207
0.741146
0.741198
0.741204
0.741212
0.741125
0.741233
0.741239
0.741142
0.741147
0.741267
0.741257
0.741261
0.741122
0.741178
0.741165
0.74117
0.74119
0.741027
0.740985
0.741055
0.741005
0.74101
0.74107
0.741018
0.741018
0.740984
0.741017
0.74107
0.741015
0.740996
0.740962
0.740955
0.741063
0.741059
0.741004
0.740999
0.740975
0.740937
0.740932
0.740905
0.740928
0.741042
0.741036
0.740981
0.740927
0.740965
0.740975
0.740972
0.740926
0.740977
0.74098
0.740925
0.740925
0.741003
0.740991
0.740995
0.740907
0.740943
0.740932
0.740936
0.740954
0.740896
0.740857
0.740906
0.74086
0.74086
0.740902
0.740855
0.740852
0.740815
0.740848
0.74089
0.74084
0.74088
0.740849
0.740846
0.740875
0.740871
0.740826
0.740822
0.74086
0.740835
0.740831
0.740807
0.740824
0.740856
0.740852
0.740811
0.740782
0.740806
0.740809
0.740845
0.740816
0.740834
0.740831
0.740803
0.740799
0.740833
0.740828
0.740829
0.740777
0.740797
0.740794
0.740794
0.7408
0.740766
0.740733
0.740759
0.740726
0.740724
0.740749
0.740718
0.740715
0.740693
0.740712
0.74074
0.740708
0.740771
0.740739
0.74074
0.740733
0.740731
0.740702
0.740702
0.740768
0.740742
0.740741
0.740722
0.740739
0.74073
0.740731
0.740704
0.740696
0.740709
0.740706
0.740759
0.740735
0.740748
0.740746
0.740726
0.740724
0.740734
0.740738
0.740736
0.740702
0.740713
0.740717
0.740715
0.74071
0.740671
0.740654
0.740665
0.740651
0.74065
0.740662
0.74065
0.74065
0.740649
0.74065
0.740661
0.74065
0.740678
0.74066
0.740662
0.740662
0.740663
0.740652
0.740654
0.740686
0.740668
0.740669
0.740664
0.740671
0.740669
0.740671
0.74066
0.740664
0.740664
0.740661
0.740687
0.740672
0.740686
0.740685
0.740673
0.740673
0.740679
0.740682
0.740681
0.740667
0.74067
0.740672
0.740671
0.740667
0.740649
0.740655
0.74065
0.740656
0.740657
0.740654
0.740661
0.740662
0.740679
0.740663
0.740658
0.740665
0.740652
0.740656
0.740657
0.740661
0.740662
0.740669
0.74067
0.740657
0.74066
0.740661
0.740674
0.740662
0.740666
0.740667
0.740673
0.740687
0.740675
0.740674
0.740661
0.740664
0.740664
0.740665
0.740668
0.740669
0.740669
0.740668
0.740669
0.740686
0.740674
0.740673
0.740673
0.740674
0.740708
0.74073
0.740711
0.740733
0.740734
0.740715
0.740737
0.740738
0.740765
0.740739
0.740718
0.740739
0.740705
0.740728
0.740728
0.740719
0.74072
0.74074
0.740741
0.740707
0.740728
0.740728
0.740754
0.740728
0.74072
0.74072
0.74074
0.740763
0.740739
0.74074
0.740709
0.740729
0.740711
0.740712
0.740731
0.740732
0.740718
0.740715
0.740716
0.740761
0.740737
0.740735
0.740736
0.740738
0.740811
0.740836
0.740814
0.740839
0.74084
0.740816
0.740842
0.740842
0.740867
0.740842
0.740817
0.740841
0.740807
0.740834
0.740833
0.740815
0.740815
0.74084
0.740839
0.740805
0.740831
0.740831
0.740855
0.74083
0.740813
0.740812
0.740837
0.740859
0.740835
0.740836
0.740805
0.740829
0.740804
0.740804
0.740829
0.740829
0.740808
0.740806
0.740807
0.740856
0.740832
0.740831
0.740831
0.740833
0.740906
0.740924
0.740909
0.740926
0.740927
0.74091
0.740928
0.740928
0.740945
0.740928
0.74091
0.740927
0.740903
0.740922
0.740922
0.740907
0.740907
0.740926
0.740926
0.7409
0.74092
0.74092
0.740937
0.740919
0.740904
0.740904
0.740924
0.740942
0.740923
0.740924
0.740898
0.740917
0.740896
0.740896
0.740917
0.740917
0.7409
0.740898
0.740898
0.740939
0.74092
0.740918
0.740919
0.740921
0.74097
0.740984
0.740972
0.740986
0.740987
0.740975
0.740989
0.74099
0.741006
0.740991
0.740976
0.740991
0.740969
0.740984
0.740985
0.740976
0.740976
0.740994
0.740995
0.74097
0.740987
0.740987
0.741005
0.740988
0.740977
0.740977
0.740996
0.741015
0.740997
0.740996
0.740971
0.740989
0.740971
0.740972
0.740991
0.740992
0.740976
0.740974
0.740975
0.741015
0.740996
0.740995
0.740995
0.740996
0.741034
0.741055
0.741036
0.741057
0.741058
0.741041
0.741063
0.741064
0.741092
0.741067
0.741046
0.74107
0.741036
0.741058
0.741059
0.74105
0.741051
0.741077
0.741078
0.741041
0.741064
0.741065
0.741091
0.741067
0.741055
0.741057
0.741082
0.74111
0.741084
0.741083
0.741047
0.741071
0.741051
0.741053
0.741078
0.74108
0.741059
0.741057
0.741058
0.741111
0.741086
0.741084
0.741085
0.741085
0.74114
0.741174
0.741143
0.741178
0.741179
0.741151
0.741186
0.741188
0.741227
0.74119
0.741159
0.741194
0.74114
0.741175
0.741176
0.741164
0.741165
0.741201
0.741203
0.741146
0.741179
0.741181
0.741215
0.741183
0.74117
0.741171
0.741206
0.74124
0.741207
0.741207
0.741154
0.741187
0.741161
0.741163
0.741196
0.741198
0.741172
0.74117
0.741171
0.741239
0.741206
0.741204
0.741205
0.741207
0.741287
0.741324
0.741292
0.741331
0.741333
0.741301
0.741339
0.741341
0.741377
0.741343
0.741307
0.741345
0.741282
0.741321
0.74132
0.74131
0.741311
0.741348
0.741348
0.741283
0.741319
0.741319
0.741351
0.74132
0.741311
0.741311
0.741347
0.741375
0.741345
0.741347
0.741288
0.741322
0.741294
0.741296
0.741328
0.74133
0.741306
0.741302
0.741304
0.741368
0.741339
0.741336
0.741338
0.741342
0.741422
0.741446
0.741429
0.741455
0.741456
0.741435
0.741461
0.741461
0.741477
0.741462
0.741439
0.741461
0.741412
0.741439
0.741437
0.741437
0.741436
0.74146
0.741459
0.741408
0.741432
0.741431
0.741446
0.74143
0.741432
0.74143
0.741454
0.741463
0.741449
0.741452
0.741408
0.741429
0.741409
0.74141
0.741431
0.741432
0.741419
0.741415
0.741417
0.741454
0.741441
0.741437
0.741438
0.741444
0.741479
0.741474
0.741486
0.741481
0.741482
0.741489
0.741484
0.741485
0.741467
0.741484
0.741489
0.741482
0.74147
0.741468
0.741466
0.741485
0.741484
0.741479
0.741478
0.741463
0.741461
0.741459
0.741444
0.741457
0.741478
0.741476
0.741472
0.741452
0.741467
0.74147
0.74146
0.741455
0.741458
0.741458
0.741455
0.741455
0.741465
0.741461
0.741462
0.741445
0.741461
0.741457
0.741458
0.741464
0.741402
0.741356
0.741406
0.741359
0.74136
0.741407
0.74136
0.74136
0.741301
0.741359
0.741406
0.741357
0.741396
0.741352
0.74135
0.741402
0.741401
0.741354
0.741353
0.741391
0.741346
0.741345
0.741289
0.741344
0.741397
0.741395
0.741349
0.741289
0.741346
0.741348
0.741387
0.741342
0.741385
0.741385
0.741339
0.741339
0.741389
0.741386
0.741387
0.741286
0.741341
0.741339
0.74134
0.741344
0.741146
0.741049
0.741148
0.741049
0.741048
0.741146
0.741047
0.741046
0.740935
0.741045
0.741142
0.741043
0.741143
0.741046
0.741045
0.74114
0.741139
0.741039
0.741038
0.74114
0.741043
0.741042
0.740934
0.741041
0.741137
0.741136
0.741036
0.740927
0.741035
0.741036
0.741136
0.74104
0.741134
0.741133
0.741035
0.741034
0.741133
0.741132
0.741132
0.740926
0.741033
0.741033
0.741033
0.741034
0.740679
0.740528
0.740678
0.740525
0.740524
0.740674
0.740521
0.740521
0.740357
0.740519
0.740669
0.740517
0.74068
0.740528
0.740528
0.740667
0.740667
0.740512
0.740511
0.740678
0.740526
0.740526
0.740366
0.740525
0.740665
0.740665
0.740511
0.740352
0.740512
0.740511
0.740673
0.740524
0.74067
0.740669
0.740519
0.740517
0.740665
0.740667
0.740666
0.740354
0.740514
0.740515
0.740514
0.740513
0.740005
0.739809
0.740002
0.739804
0.739803
0.739998
0.7398
0.739799
0.739594
0.739798
0.739994
0.739797
0.740011
0.739811
0.739812
0.739992
0.739992
0.739794
0.739794
0.74001
0.739812
0.739812
0.73961
0.739812
0.739992
0.739992
0.739794
0.739594
0.739796
0.739795
0.740007
0.739811
0.740004
0.740004
0.739807
0.739806
0.739997
0.740001
0.739999
0.739599
0.739801
0.739803
0.739802
0.7398
0.739165
0.738935
0.739161
0.738929
0.738927
0.739158
0.738925
0.738925
0.738688
0.738925
0.739155
0.738925
0.739173
0.738938
0.738938
0.739156
0.739157
0.738925
0.738925
0.739174
0.73894
0.738941
0.738705
0.738942
0.739158
0.739158
0.738926
0.738693
0.73893
0.738927
0.739173
0.738942
0.739172
0.739172
0.73894
0.738939
0.739165
0.739169
0.739168
0.738699
0.738934
0.738936
0.738936
0.738933
0.738196
0.737935
0.738193
0.737931
0.73793
0.738191
0.737929
0.737929
0.737663
0.73793
0.73819
0.737931
0.738202
0.737937
0.737937
0.738193
0.738194
0.737932
0.737932
0.738204
0.737938
0.737939
0.737672
0.737941
0.738195
0.738196
0.737933
0.737669
0.737936
0.737934
0.738205
0.737943
0.738206
0.738206
0.737943
0.737942
0.738201
0.738205
0.738203
0.737672
0.73794
0.737941
0.737941
0.737939
0.737102
0.736805
0.737103
0.736803
0.736803
0.737102
0.736803
0.736803
0.736503
0.736804
0.737102
0.736804
0.737106
0.736806
0.736805
0.737104
0.737105
0.736804
0.736804
0.737107
0.736807
0.736807
0.736505
0.736809
0.737105
0.737106
0.736804
0.736506
0.736807
0.736805
0.737107
0.73681
0.737109
0.73711
0.73681
0.73681
0.737108
0.73711
0.737109
0.736507
0.736809
0.73681
0.73681
0.736809
0.73586
0.735515
0.735862
0.735514
0.735514
0.735864
0.735514
0.735514
0.735183
0.735515
0.735865
0.735514
0.735862
0.735515
0.735515
0.735865
0.735865
0.735512
0.735511
0.735862
0.735514
0.735515
0.735176
0.735516
0.735865
0.735865
0.735513
0.735186
0.735515
0.735513
0.735862
0.735518
0.735863
0.735864
0.735518
0.735517
0.735867
0.735866
0.735866
0.735185
0.735517
0.735517
0.735517
0.735517
0.734451
0.734057
0.734455
0.734058
0.734056
0.734462
0.734052
0.734049
0.733713
0.734042
0.734465
0.73404
0.73445
0.734052
0.73405
0.734466
0.734466
0.734041
0.734043
0.73445
0.734052
0.734053
0.733687
0.734052
0.734466
0.734467
0.734043
0.733717
0.734039
0.734042
0.734452
0.734058
0.734455
0.734457
0.734061
0.734059
0.734466
0.734461
0.734463
0.733714
0.734044
0.734055
0.734051
0.734041
49.498
49.498
30.2237
107.342
107.342
107.343
113.099
107.356
48.838
36.3404
57.2724
126.33
50.3844
81.4039
128.838
24.1719
22.0342
24.7749
132.085
132.085
132.028
83.7524
58.2266
132.033
132.028
132.023
132.009
40.0676
40.0677
40.068
12.4573
27.4035
12.5333
12.6691
31.4801
16.9926
16.9926
16.9941
45.4481
45.4482
45.4485
38.6233
53.9681
53.9805
26.5214
15.9844
10.8095
21.7777
60.8822
17.489
12.3189
9.96395
3.75839
14.9017
14.9018
11.631
5.40462
14.8949
13.8524
12.8875
12.8875
12.8876
10.7865
12.8955
10.9701
10.969
9.73336
7.61002
10.2298
7.29058
4.19611
10.0931
10.0931
4.90708
1.04597
1.12953
16.265
5.71413
1.10635
1.6804
12.8892
12.8892
12.8893
1.69057
2.2405
17.9716
17.9653
17.2205
135.024
135.024
59.2836
13.6044
103.479
2.82854
4.60864
3.50219
1.92075
271.307
271.309
263.726
103.901
129.411
66.503
209.399
209.4
209.401
82.5328
191.6
16.9383
16.9383
1.29501
10.6744
10.6745
11.6513
7.2478
0.941601
0.965713
11.5328
11.5328
11.5329
1.93324
1.11982
11.8361
8.42412
2.18747
1.08072
1.29198
1.1325
1.07576
202.782
202.784
192.89
69.3334
202.793
153.175
74.0579
74.0577
58.5057
27.5794
38.9438
7.04597
27.7675
13.2288
3.79984
123.748
123.749
123.749
58.6006
89.1961
260.75
260.75
248.04
130.876
130.876
13.8436
16.9884
0.75577
0.757471
0.851869
28.2779
20.9293
21.2637
27.2511
36.1338
15.6619
58.9402
1.27901
17.8654
11.21
52.4505
41.5727
22.1795
55.273
3.35104
5.35258
7.14683
0.966571
1.05158
0.991525
1.08618
0.732128
0.732185
0.732128
0.732185
74.6717
56.0741
150.304
230.239
46.6909
28.806
31.0358
46.6887
36.6059
41.0427
18.3173
2.8344
18.4088
7.21623
19.2311
4.39284
7.78241
6.05595
79.0902
166.368
57.4283
56.8353
21.4233
85.7972
52.4483
18.0554
18.0683
2.12137
0.687649
2.40651
0.668741
20.8144
32.5635
41.2624
35.6075
0.682691
0.765579
0.667478
0.767664
0.736967
0.877642
0.828724
0.736988
8.35374
17.21
78.1669
27.3001
18.7719
1.10874
0.936825
9.84073
0.921627
0.988778
0.975698
0.975015
0.978483
0.940024
1.02785
0.93217
3.11801
49.6584
168.214
177.741
22.0575
53.9855
110.806
25.4947
14.9776
20.4476
116.558
116.563
46.7879
21.0649
2.22901
4.95711
31.4796
30.3971
9.66821
25.5759
14.051
48.9324
25.6776
10.4933
11.625
11.1718
0.85923
1.73321
8.98202
8.76679
3.94383
3.73351
3.42814
1.12316
5.47078
17.9637
11.6707
0.790476
12.3245
131.858
37.8322
0.706313
1.53857
2.84379
14.2514
17.9608
13.7266
3.80798
6.12876
3.54217
2.11447
1.26408
7.77722
3.36677
2.84227
123.728
13.841
183.314
202.788
193.28
31.882
23.8932
263.74
230.904
0.73192
0.731926
0.732086
0.732097
0.732072
0.732082
0.73218
0.732144
0.731919
0.731927
0.732101
0.732095
0.732084
0.732084
0.732192
0.732183
0.731903
0.731905
0.732109
0.7321
0.732054
0.732164
0.732092
0.731899
0.731899
0.73211
0.732107
0.73205
0.732162
0.732105
0.731904
0.731907
0.732108
0.732102
0.732164
0.732092
0.7319
0.7319
0.732111
0.732108
0.732163
0.732105
0.73192
0.731926
0.732087
0.732097
0.732072
0.732083
0.732181
0.732144
0.73192
0.731927
0.732101
0.732095
0.732084
0.732084
0.732192
0.732183
0.732127
0.732073
0.732157
0.731981
0.73206
0.732049
0.732174
0.732067
0.732143
0.732049
0.732174
0.732067
0.732127
0.732158
0.731981
0.73206
0.770061
3.28497
0.774461
1.2035
0.794852
3.6059
0.759104
0.807545
1.38969
1.46922
0.781608
0.896895
0.748267
0.83592
0.750668
0.773606
0.756394
1.83319
0.768441
0.766956
0.781398
0.748452
1.01596
0.755653
0.743092
0.766016
0.743305
0.743312
0.74344
0.743322
0.743514
0.743398
0.743579
0.74347
0.743535
0.743489
0.743277
0.743331
0.742903
0.743005
0.742498
0.74261
0.742041
0.742157
0.741584
0.741663
0.741273
0.741254
0.741093
0.741012
0.740938
0.740888
0.740781
0.740791
0.740675
0.740697
0.740645
0.740652
0.740691
0.740685
0.740788
0.740779
0.740889
0.74088
0.74096
0.740955
0.74102
0.74102
0.741116
0.741115
0.74126
0.741248
0.741407
0.741383
0.741487
0.741462
0.741443
0.741426
0.741229
0.741222
0.740811
0.740812
0.740183
0.740192
0.739379
0.739393
0.738442
0.738455
0.737384
0.73739
0.73618
0.736183
0.734804
0.734803
0.733265
0.733263
121.08
87.4797
55.0868
18.6914
4.73412
0.807235
14.8923
0.712454
10.0961
5.74999
7.82355
5.05774
1.50022
11.6477
88.5584
0.82509
0.863757
0.956374
0.768326
0.991525
1.08618
0.763602
0.783625
0.769662
6.70065
0.944734
0.726847
0.778922
1.80062
0.740816
0.824046
0.769628
0.729317
0.754452
0.750213
0.733273
0.733263
0.733245
0.733244
0.733275
0.733266
47.2368
121.051
30.1751
75.8858
29.5578
22.0441
12.1483
51.2817
12.2995
0.97572
30.3665
1.13869
2.2512
10.5511
15.3842
53.9874
7.41168
11.0612
14.8277
12.9046
10.3091
1.29417
10.5549
10.9136
7.23975
3.05922
17.964
44.3322
1.15492
34.628
18.9273
9.06614
271.344
162.537
10.0115
11.8201
11.8251
0.828074
33.5061
17.3901
2.10074
202.791
74.049
1.62747
123.743
160.12
126.37
167.179
177.738
46.5702
150.304
166.374
230.239
30.0963
4.52676
30.3948
21.2253
7.78241
6.05595
41.2288
78.1669
27.3001
6.10021
3.0815
2.90733
1.16092
0.974861
0.775981
0.816313
0.842398
1.1506
2.16562
2.80294
1.63421
0.757673
2.08067
1.27588
0.98049
2.94974
0.799229
0.863223
0.81704
5.3015
0.737801
0.762971
0.730312
9.85776
31.3911
41.1848
37.4272
45.4363
43.4385
9.46238
55.272
0.941259
0.782226
0.766343
4.13915
2.13464
1.13852
1.8867
2.09952
2.92641
9.98109
0.78267
0.783712
0.788245
0.762396
1.24502
0.775694
0.773587
3.17172
0.781077
0.773517
1.07641
8.62098
1.95844
9.17392
0.791441
0.766979
0.768327
3.24982
0.987418
0.773864
0.772955
0.782293
0.772575
0.771408
1.62413
0.803367
1.51377
0.801263
0.760255
1.3881
1.0954
0.834049
1.47363
0.771798
0.770574
1.47015
0.770905
0.770557
0.803768
0.794335
0.802665
0.799061
1.39096
0.784216
0.835073
1.1655
0.866693
0.770121
0.773892
0.933159
0.769936
0.780092
0.791266
0.782876
0.793734
0.781209
0.774985
0.748988
0.748585
0.856928
0.804395
0.778838
0.760506
0.870294
0.782984
0.763606
0.784027
0.804186
0.780094
0.795547
0.748351
0.748174
0.749508
0.781397
0.78638
0.760295
0.784427
0.768355
0.762071
1.33103
0.821032
0.809644
0.803515
0.816196
0.749175
0.752334
0.754389
0.855636
1.83537
0.780704
0.764967
1.33394
1.14883
0.76832
0.779508
0.749413
0.783061
0.74992
0.753921
0.75742
0.762558
1.8309
0.747556
0.75836
0.744295
0.843903
0.761951
0.74892
0.743445
0.838187
0.750636
1.87892
0.759954
0.771226
0.778484
0.743353
0.746792
0.743126
0.742816
0.746326
0.746393
0.744198
1.01852
2.55261
3.66257
1.56986
0.776755
0.809194
0.979864
0.748607
0.753869
0.742819
0.74285
0.753422
0.745911
0.742833
2.23057
0.742733
1.8233
0.742775
0.966016
0.776128
0.745112
0.756314
0.766933
0.742893
0.74302
0.766125
0.742881
0.743014
0.742786
0.742894
0.742793
0.742908
0.744243
0.743227
0.743237
0.768051
0.75373
0.743085
0.743252
0.747319
0.743081
0.743245
0.742968
0.743112
0.742981
0.743124
0.743293
0.743401
0.74341
0.743866
0.743303
0.743301
0.743399
0.743294
0.743293
0.743386
0.743164
0.743252
0.743173
0.743257
0.743432
0.743486
0.743491
0.743331
0.743395
0.743414
0.743447
0.743385
0.743401
0.743434
0.743273
0.743316
0.743276
0.743316
0.74351
0.743568
0.743569
0.743409
0.743472
0.743451
0.743483
0.74346
0.743437
0.743469
0.743324
0.74337
0.743324
0.743369
0.743579
0.743579
0.743576
0.743483
0.743519
0.743485
0.743494
0.743509
0.743471
0.743482
0.743379
0.743435
0.743377
0.743433
0.743539
0.74338
0.743377
0.743498
0.743406
0.743465
0.743355
0.743408
0.743457
0.743356
0.743428
0.743387
0.743425
0.743382
0.743281
0.743026
0.743022
0.743328
0.743107
0.743273
0.74304
0.743115
0.743276
0.743046
0.743325
0.743131
0.743321
0.743126
0.742909
0.742633
0.742627
0.742998
0.742726
0.742922
0.742629
0.742731
0.742928
0.742635
0.743017
0.742726
0.743013
0.74272
0.742505
0.74219
0.742184
0.742605
0.742288
0.742496
0.742189
0.742295
0.742502
0.742196
0.742599
0.742299
0.742593
0.742293
0.742045
0.741709
0.741708
0.74215
0.741794
0.742061
0.741772
0.741803
0.742068
0.74178
0.74217
0.741859
0.742165
0.741859
0.741583
0.741345
0.74135
0.741655
0.741354
0.741657
0.741424
0.741358
0.741665
0.741429
0.74173
0.741427
0.741731
0.741432
0.741267
0.741137
0.741145
0.741253
0.741074
0.741338
0.741164
0.74107
0.74134
0.741161
0.741318
0.741098
0.741323
0.741104
0.741087
0.740985
0.740987
0.741018
0.740929
0.741098
0.740954
0.740922
0.741093
0.740948
0.741025
0.740894
0.74103
0.740895
0.740938
0.740827
0.740825
0.740894
0.740824
0.740899
0.74079
0.740821
0.740894
0.740788
0.740851
0.740782
0.74085
0.74078
0.740784
0.740702
0.7407
0.740792
0.740721
0.740751
0.740688
0.740722
0.74075
0.74069
0.740756
0.74071
0.740754
0.740708
0.740676
0.740647
0.740647
0.740696
0.740657
0.74067
0.740656
0.740659
0.740672
0.740658
0.740693
0.740669
0.740692
0.740669
0.740644
0.740673
0.740675
0.740651
0.74067
0.740656
0.740685
0.740671
0.740658
0.740686
0.740664
0.740681
0.740665
0.740683
0.74069
0.740761
0.740762
0.740685
0.740754
0.7407
0.740765
0.740753
0.740701
0.740764
0.740694
0.740756
0.740696
0.740757
0.740788
0.740866
0.740866
0.74078
0.740858
0.740788
0.740863
0.740857
0.740788
0.740862
0.74078
0.740853
0.740781
0.740853
0.740888
0.740944
0.740945
0.740881
0.740938
0.740885
0.740943
0.740938
0.740884
0.740943
0.740876
0.740936
0.740876
0.740936
0.740959
0.741002
0.741003
0.740955
0.741001
0.740961
0.741011
0.741001
0.740961
0.741012
0.740955
0.741011
0.740956
0.741012
0.741019
0.741084
0.741086
0.741019
0.741084
0.741033
0.741104
0.741085
0.741034
0.741106
0.741034
0.741106
0.741035
0.741108
0.741114
0.741217
0.741219
0.741113
0.741209
0.741137
0.741238
0.74121
0.741139
0.741239
0.741137
0.741232
0.741139
0.741234
0.741257
0.741369
0.741371
0.741247
0.741351
0.741277
0.741379
0.741351
0.741277
0.741378
0.741267
0.74136
0.741269
0.741362
0.741405
0.741473
0.741474
0.741385
0.741452
0.741411
0.741471
0.74145
0.74141
0.741469
0.74139
0.741447
0.741391
0.741448
0.741486
0.741467
0.741467
0.741464
0.741451
0.741481
0.74146
0.741449
0.741479
0.741458
0.741458
0.74144
0.741459
0.741441
0.741443
0.741302
0.741302
0.741428
0.741293
0.741435
0.741294
0.741292
0.741433
0.741293
0.741418
0.741284
0.741419
0.741284
0.74123
0.740939
0.740939
0.741223
0.740938
0.741221
0.740929
0.740937
0.74122
0.740929
0.741212
0.740927
0.741212
0.740927
0.740812
0.740363
0.740362
0.740812
0.740369
0.7408
0.740352
0.740369
0.7408
0.740351
0.740801
0.740359
0.7408
0.740358
0.740184
0.739599
0.739597
0.740192
0.739611
0.740174
0.739592
0.739611
0.740173
0.739592
0.740183
0.739605
0.740181
0.739604
0.73938
0.738691
0.73869
0.739393
0.738704
0.739376
0.73869
0.738704
0.739377
0.738691
0.739389
0.738704
0.739388
0.738703
0.738442
0.737664
0.737664
0.738454
0.737671
0.738444
0.737667
0.737671
0.738444
0.737668
0.738456
0.737675
0.738455
0.737675
0.737384
0.736503
0.736503
0.737389
0.736505
0.737387
0.736504
0.736505
0.737388
0.736505
0.737394
0.736508
0.737394
0.736508
0.73618
0.735179
0.73518
0.736181
0.735176
0.736179
0.735185
0.735176
0.736179
0.735185
0.736185
0.735181
0.736185
0.735182
0.734805
0.733687
0.733693
0.734803
0.733681
0.734799
0.733704
0.73368
0.7348
0.733705
0.734808
0.733688
0.734806
0.733695
0.733283
0.733264
0.73327
0.73288
0.733258
0.733268
0.733268
0.732869
0.733229
0.732956
165.606
97.4018
22.0439
22.0575
53.987
53.9855
84.3784
2.81843
9.17674
5.32287
22.0439
15.9633
1.52466
10.8543
0.987945
30.3663
11.84
25.5759
14.8922
14.0509
7.75189
1.37444
3.71358
5.76485
53.987
1.60653
0.950135
0.864456
0.9054
3.31931
1.07723
3.99614
1.71999
0.886425
17.9639
0.816346
1.66732
0.866681
17.9608
11.6476
13.7266
8.16797
0.981793
1.51443
0.733182
0.811818
13.8449
263.74
230.904
38.7196
15.4516
46.691
13.9271
20.9017
55.2744
55.2651
39.6243
11.0552
11.9699
15.0583
6.09148
0.834493
6.6232
4.00321
2.42513
0.968476
0.874146
1.4282
0.853927
2.36047
1.70432
7.31059
1.18641
132.086
81.5192
132.029
82.8877
132.034
132.029
1.25491
1.81771
0.802777
0.782924
0.923165
1.42501
0.864076
0.862625
0.758596
1.64404
0.866556
1.12598
0.717233
0.717528
0.711041
0.740949
0.951758
1.88085
0.991922
1.41847
0.749661
0.775085
0.80307
0.90571
9.82986
10.0932
4.90713
5.32787
16.2652
5.71418
2.79291
2.35582
2.36306
1.92433
2.22192
2.81712
1.56795
2.69802
0.80726
1.10601
1.76672
0.928401
0.730958
0.759295
0.753496
0.802941
0.733791
0.754894
0.734572
0.733531
4.72774
1.97942
1.53437
0.845536
260.571
230.894
260.752
8.80487
43.7368
35.3628
36.1405
12.7166
3.95832
0.926522
0.865419
0.924401
0.937484
1.19013
1.21779
1.54633
0.798234
1.0266
0.825487
0.761367
1.0086
0.972858
1.22765
0.778766
0.875181
0.786397
0.773499
0.79454
0.769461
0.773945
0.784255
0.7853
0.777924
0.776867
5.76674
4.4844
0.80832
1.88404
0.798078
0.711978
0.738647
0.78228
0.776858
0.771596
0.77647
1.17719
2.40309
5.52405
11.1231
1.25809
0.902327
0.757291
1.06092
2.19056
12.9079
1.06961
0.876959
0.999148
0.872941
0.728856
0.843601
0.710516
0.761513
0.791112
0.795693
1.07969
0.756075
0.87582
0.973268
0.732895
0.732886
0.732429
0.732418
0.733279
0.732869
0.732111
0.732154
0.731913
0.732461
0.733263
0.733237
0.732955
0.732445
0.732245
0.73221
0.732275
0.732182
0.73233
0.733267
0.732869
0.732042
0.732142
0.732439
0.733246
0.733251
0.732896
0.732412
0.733269
0.73244
0.732042
0.732418
0.733249
0.732897
0.733246
0.732411
0.732073
0.732115
0.73243
0.732131
0.733285
0.733281
0.73287
0.732155
0.732462
0.733272
0.732881
0.733264
0.732446
0.73221
36.3025
53.9472
49.4984
48.8385
63.8306
36.3407
22.8556
126.331
50.3848
11.6388
10.68
16.9928
15.9845
11.1846
10.8096
16.3202
17.4892
12.319
10.9702
4.87319
10.9691
2.27266
7.61009
10.2299
6.40931
135.025
59.2841
1.88939
2.82857
4.60868
16.9413
13.7359
16.9385
4.90623
11.8362
8.4242
1.02597
1.08073
1.29199
19.862
74.0584
58.5062
4.05599
7.04603
27.7677
78.7927
175.622
17.3922
17.3926
29.0325
30.3844
21.2311
32.9364
85.8
24.15
14.4309
15.078
15.0711
15.0353
0.733132
1.70049
0.725462
7.23289
1.79032
4.10805
16.5258
40.2565
3.64228
43.0048
24.2834
0.892513
0.806216
0.776985
0.776921
0.740874
0.74874
3.70086
1.18284
11.1996
9.83351
9.4268
0.773773
0.773058
0.79281
0.794016
1.59115
0.840833
3.60715
1.9598
0.778005
0.823544
0.774849
0.882842
2.5542
0.761186
0.760941
4.09484
4.93223
0.800403
1.12955
0.774878
0.792397
0.775986
0.852762
0.774567
1.0288
1.39303
0.771517
0.770709
1.20467
1.23289
0.785718
0.799732
0.789867
0.785717
0.966906
0.812872
0.766246
0.768556
0.775004
0.809903
0.887683
0.794105
0.782723
0.790045
0.751115
0.778652
0.748828
0.748188
0.813603
0.930464
0.853037
0.804562
0.77089
0.780479
0.807031
0.747126
0.750272
0.753064
0.751819
1.82712
1.16558
0.764354
0.778927
1.90964
0.787934
1.84597
0.750177
0.747858
0.762158
0.757431
0.899296
0.748113
1.25543
1.88472
4.53484
2.38822
4.40355
0.755128
0.751615
0.776695
0.771347
0.74575
0.747598
0.994261
0.745662
1.37338
4.9228
1.24729
0.76095
0.757954
0.80584
0.78754
0.750248
0.751744
0.748484
0.749569
0.812936
1.37048
0.783475
0.781632
0.772775
0.93528
0.947426
0.757931
0.760285
0.755149
0.75927
0.742848
0.742812
0.742876
0.853108
0.954342
0.743073
0.743114
0.770876
0.773822
0.764692
0.777633
0.743062
0.743022
0.743106
0.743275
0.743264
0.743312
0.743341
0.753948
0.744548
0.743196
0.74322
0.743259
0.743212
0.743287
0.743417
0.743406
0.743446
0.743455
0.743351
0.743366
0.743313
0.743347
0.743353
0.743305
0.743364
0.743498
0.743488
0.743516
0.74353
0.74343
0.743446
0.743389
0.743421
0.74339
0.743345
0.743401
0.743573
0.743564
0.743578
0.743591
0.743509
0.743527
0.743457
0.743495
0.743426
0.743393
0.743441
0.743541
0.743539
0.743533
0.743506
0.743513
0.743524
0.74348
0.743484
0.743434
0.743424
0.743429
0.743289
0.743295
0.743274
0.743208
0.743323
0.743317
0.743332
0.74328
0.743289
0.743309
0.74324
0.742919
0.742929
0.7429
0.742828
0.742983
0.742969
0.74301
0.742929
0.742954
0.74299
0.742873
0.742519
0.742532
0.742493
0.742415
0.742591
0.742578
0.742615
0.742521
0.742529
0.742567
0.742443
0.742058
0.74207
0.742037
0.741942
0.742133
0.742118
0.742164
0.742052
0.7421
0.742141
0.742014
0.741587
0.741594
0.741586
0.741506
0.74164
0.741628
0.741671
0.741565
0.741693
0.74172
0.741615
0.741259
0.741255
0.741279
0.741235
0.741251
0.741249
0.741258
0.741193
0.741342
0.741336
0.741283
0.741076
0.741066
0.741097
0.741065
0.741031
0.741041
0.74101
0.740983
0.741073
0.741047
0.741027
0.740934
0.740929
0.740937
0.740905
0.740905
0.740912
0.740882
0.74087
0.740876
0.74086
0.740846
0.740788
0.74079
0.740779
0.740755
0.740793
0.740792
0.740789
0.740771
0.740751
0.740749
0.740733
0.740679
0.740682
0.740674
0.740663
0.740692
0.740689
0.740699
0.740683
0.74068
0.740686
0.740673
0.740643
0.740643
0.740646
0.740652
0.740648
0.740646
0.740654
0.740655
0.740662
0.740665
0.740668
0.740688
0.740686
0.740692
0.740713
0.740684
0.740684
0.740686
0.740706
0.740701
0.740699
0.74072
0.740786
0.740785
0.740789
0.740815
0.740781
0.740782
0.740779
0.740806
0.740786
0.740784
0.740811
0.740887
0.740886
0.740889
0.74091
0.740882
0.740883
0.740879
0.740901
0.740881
0.740878
0.740903
0.740958
0.740956
0.74096
0.740974
0.740955
0.740955
0.740955
0.74097
0.74096
0.740958
0.740977
0.741017
0.741016
0.741022
0.741038
0.741017
0.741016
0.741021
0.741039
0.741037
0.741038
0.741058
0.741111
0.741109
0.741118
0.741147
0.741111
0.741109
0.741117
0.741143
0.741142
0.741142
0.741172
0.741254
0.741251
0.741262
0.741297
0.741247
0.741248
0.741249
0.741282
0.741277
0.741274
0.74131
0.741401
0.741398
0.741408
0.741433
0.741387
0.74139
0.741383
0.741409
0.741404
0.741397
0.741428
0.741483
0.741481
0.741488
0.741488
0.741468
0.741471
0.741461
0.741466
0.741472
0.741464
0.741473
0.741441
0.741439
0.741443
0.741407
0.741431
0.741433
0.741425
0.741393
0.741428
0.741422
0.741393
0.74123
0.741229
0.741229
0.741147
0.741225
0.741226
0.741221
0.741141
0.741217
0.741213
0.741135
0.740813
0.740814
0.74081
0.740676
0.740814
0.740814
0.740811
0.740679
0.740799
0.740799
0.740665
0.740187
0.740189
0.740183
0.74
0.740192
0.740191
0.740192
0.740011
0.740176
0.740179
0.739993
0.739383
0.739385
0.739379
0.739159
0.739392
0.73939
0.739393
0.739174
0.73938
0.739384
0.73916
0.738445
0.738447
0.738441
0.738192
0.738453
0.738452
0.738455
0.738204
0.738449
0.738453
0.738197
0.737385
0.737386
0.737384
0.737103
0.737389
0.737388
0.73739
0.737106
0.73739
0.737393
0.737106
0.73618
0.736181
0.73618
0.735863
0.736182
0.736182
0.736183
0.735862
0.736182
0.736185
0.735867
0.734806
0.734806
0.734804
0.734458
0.734804
0.734804
0.734803
0.734449
0.7348
0.734804
0.734468
0.765275
0.747282
0.74953
0.749584
0.830721
0.776403
0.773994
0.768279
0.766347
0.7777
0.776921
0.784715
0.783688
0.783378
0.780628
0.788205
0.788813
0.771888
0.7705
0.729047
0.771342
0.748139
0.83369
0.815052
0.774241
0.772374
0.773556
0.773171
0.772265
0.772709
9.25986
13.9564
13.9475
1.79152
6.37537
7.51459
1.11832
0.778521
8.7827
0.775722
0.774701
0.795315
2.79782
11.0753
3.83895
1.037
13.6474
5.72719
20.0751
4.61423
2.98946
17.5446
4.03229
20.0727
7.19169
5.98235
0.801705
2.48868
4.97292
4.96716
0.778789
0.792882
0.819605
1.871
0.997579
0.786075
0.776081
0.790584
0.78273
0.778411
0.785893
0.769479
0.772125
0.773345
0.772233
2.4349
4.64063
5.49174
2.22253
2.55704
0.774026
0.773316
0.774659
0.774472
0.773181
0.773178
2.42717
1.29986
0.855322
1.0028
0.780491
0.792334
0.77226
0.773046
0.77475
0.771438
0.770922
0.772716
0.806562
0.812858
1.28446
1.35061
0.810786
0.807707
0.808159
0.80585
1.18314
0.8007
0.977451
0.803
0.797769
0.794515
2.55807
3.01593
0.79811
1.25953
0.783302
0.792873
1.25757
0.83856
1.4296
1.10187
1.38835
0.76596
0.767689
0.765983
0.840641
0.827972
0.761863
0.766988
0.769266
1.17256
1.02353
0.815643
1.47492
1.06019
0.772971
0.771881
0.771035
0.768753
0.770673
0.769215
0.793935
0.797718
0.795562
1.44804
1.04455
0.783381
0.770891
0.771071
0.773187
0.770875
0.770756
0.77452
0.792106
0.794819
0.805343
0.804579
0.802319
0.793079
0.799481
0.792272
0.800303
0.801986
0.798156
0.802261
0.800389
0.800316
0.799625
0.772091
0.773611
0.773044
1.09167
1.02814
0.832292
0.969249
0.974413
0.821908
0.7847
0.792002
0.761823
0.800693
1.02942
1.00769
1.19764
0.766603
0.765698
0.85701
0.945979
0.767894
0.860256
0.790231
0.768138
0.768962
0.769563
0.768379
0.769303
0.770973
0.84204
0.793476
0.796713
1.01183
0.899178
0.920588
0.77069
0.769998
0.776299
0.772761
0.783846
0.790595
0.794352
0.792746
0.79249
0.791361
0.78748
0.790826
0.785408
0.786377
0.798318
0.788452
0.800033
0.78531
0.780933
0.784845
0.879792
0.775802
0.826399
0.784923
0.77005
0.758742
0.754258
0.803836
0.837394
0.750426
0.750338
0.869129
0.796249
0.771717
0.75125
0.749177
0.751136
0.757332
0.768601
0.786637
0.846075
0.787296
0.823067
0.77197
0.773476
0.776633
0.779127
0.758124
0.773118
0.758917
0.828229
0.898134
0.896339
0.885867
0.831021
0.775312
0.785886
0.782878
0.791408
0.775312
0.766153
0.770315
0.799624
0.795758
0.79175
0.788044
0.78771
0.796908
0.794644
0.804017
0.778196
0.781877
0.778816
0.785659
0.786174
0.781948
0.768154
1.09656
1.2153
1.22025
0.748857
0.748023
0.747626
0.755117
0.759977
0.747883
0.747444
0.750254
0.753381
0.755472
0.748631
0.75153
0.755855
0.776178
0.770633
0.774885
0.770099
1.58224
0.775047
0.901455
0.758365
0.758998
0.765282
0.775176
0.779001
0.766047
0.794678
0.775149
0.770506
0.776231
0.78378
0.827649
0.764674
0.804739
0.769384
1.01562
2.48914
2.72272
0.77233
0.777342
0.802509
0.819263
0.887106
0.776853
0.862038
0.789485
0.787627
0.828065
0.780363
0.84213
0.78946
0.779129
0.748506
1.07742
0.795538
0.889992
0.747431
0.750164
0.748555
0.746795
0.746725
0.751436
0.750346
0.758381
0.767493
0.770462
0.753228
0.758535
0.767434
1.19064
1.19479
1.39876
0.994548
1.38351
1.62119
1.83264
0.778485
0.771602
0.771498
0.863409
0.770336
0.786275
0.783505
0.7891
0.786376
0.866715
0.782776
0.767719
2.02909
0.878634
3.49114
0.785225
0.926598
2.96607
0.749663
0.757832
0.772229
0.774277
0.766401
0.751091
0.757427
0.750165
0.781506
0.765153
0.774781
0.755383
0.760989
0.797857
0.748319
0.745185
0.746453
0.745675
0.752063
0.75455
0.753838
0.750873
0.749806
0.75643
0.755303
0.7715
0.776854
0.777263
0.760601
0.772615
0.778064
0.79878
0.843218
1.41435
1.16712
0.744786
0.804681
0.743429
0.7513
0.754527
0.752288
0.743289
0.747511
0.743016
0.802288
0.769827
1.04356
1.1526
1.45605
2.91198
0.903125
0.755939
2.96465
0.751773
0.767442
1.2357
2.69179
1.12906
0.745323
0.743806
0.742105
1.51549
0.749347
0.783189
0.803393
0.76782
0.964958
0.890819
4.77834
6.24744
0.753045
0.74812
0.750334
0.749602
0.756605
0.761842
0.759227
0.756354
0.754244
0.766981
0.762127
0.780238
0.871167
1.02508
0.776197
0.784598
0.822202
0.743697
0.74579
0.743904
0.743784
0.748788
0.745519
0.747382
0.743046
0.742957
0.742916
0.74285
0.74285
0.74282
1.67897
4.94478
3.31442
0.744388
0.746174
0.745509
0.753284
0.744028
0.91024
0.74339
0.750835
0.793997
4.36903
7.21279
3.60965
0.924371
1.01087
8.84119
1.28777
4.8622
6.24815
2.47927
6.24771
1.33206
1.50868
2.34713
0.761372
0.752865
0.757538
0.75509
0.767431
0.779935
0.776968
0.768601
0.76336
0.782493
0.781297
0.999065
1.07552
0.942967
0.822739
1.02283
0.940182
0.742872
0.742868
0.749084
0.749595
0.755294
0.751537
0.754267
0.742849
0.742827
0.742816
0.742869
0.742839
0.742855
0.74845
0.749928
0.750254
0.751378
0.752866
0.751608
0.775351
0.742889
0.787494
0.74282
0.742822
0.742829
0.744572
0.74633
3.837
2.26487
1.05393
0.743547
0.751249
0.742832
1.43266
1.1269
1.47779
0.76239
0.742975
0.743184
0.777442
0.762066
0.771566
0.765526
0.797128
1.01526
0.982383
0.886114
0.779019
0.918703
0.891845
0.786916
0.743122
0.742956
0.791332
0.743045
0.743013
0.743022
0.742983
0.756728
0.759279
0.768025
0.763437
0.767091
0.742906
0.742896
0.742919
0.743025
0.742977
0.743021
0.753497
0.750937
0.75494
0.763778
0.765092
0.763334
0.742871
0.742909
0.742861
0.742971
0.743009
0.743001
0.748446
0.745713
0.743138
0.742821
0.742796
0.742883
0.742865
0.742886
0.742797
0.742804
0.742803
0.742875
0.742919
0.742931
0.861878
0.833194
0.77221
0.839124
0.766971
0.743118
0.74321
0.743363
0.756339
0.743178
0.743219
0.743078
0.743083
0.743131
0.743189
0.743244
0.743251
0.743264
0.743209
0.768913
0.777178
0.804106
0.775198
0.768646
0.74309
0.743087
0.743139
0.743262
0.743201
0.743257
0.763782
0.759901
0.751359
0.763927
0.744642
0.743563
0.743078
0.743133
0.743072
0.743196
0.743236
0.743227
0.743094
0.743062
0.742952
0.742957
0.743008
0.743099
0.743075
0.743104
0.742993
0.743022
0.743005
0.743087
0.743134
0.743145
0.743297
0.74327
0.743333
0.743307
0.743285
0.743331
0.743384
0.74337
0.743349
0.743378
0.743393
0.743318
0.743323
0.743361
0.743388
0.743417
0.743423
0.743424
0.743397
0.745967
0.743235
0.743321
0.74327
0.743312
0.743313
0.743308
0.743342
0.743417
0.743373
0.743409
0.743165
0.743154
0.743197
0.743259
0.743286
0.74328
0.743284
0.743331
0.743274
0.743361
0.743372
0.743358
0.743251
0.743227
0.743154
0.743158
0.743194
0.743249
0.74323
0.743249
0.743184
0.743203
0.743194
0.743236
0.743263
0.743272
0.743419
0.743386
0.743427
0.743408
0.743425
0.743448
0.743473
0.74346
0.743447
0.743472
0.74348
0.74345
0.743454
0.743465
0.743478
0.743494
0.743495
0.743479
0.743468
0.743341
0.743355
0.743414
0.743373
0.743404
0.743433
0.743425
0.74343
0.743469
0.743435
0.743459
0.743306
0.743296
0.74332
0.743364
0.743376
0.743368
0.743387
0.743416
0.743373
0.743422
0.743419
0.743406
0.743327
0.743314
0.743273
0.743272
0.743289
0.74332
0.743301
0.743317
0.743282
0.743291
0.743289
0.743303
0.743319
0.743324
0.743503
0.743469
0.743513
0.743488
0.743505
0.743527
0.743559
0.743547
0.74353
0.743549
0.743565
0.743515
0.743513
0.743523
0.743551
0.743568
0.743565
0.743523
0.74351
0.74342
0.743432
0.743496
0.743446
0.743485
0.743474
0.743464
0.743464
0.743508
0.743468
0.743496
0.74338
0.743368
0.743386
0.743434
0.743447
0.743435
0.743423
0.74345
0.743409
0.743454
0.743455
0.743441
0.743385
0.743367
0.743331
0.743327
0.743341
0.743376
0.743349
0.743372
0.743328
0.74334
0.743332
0.743348
0.74337
0.743374
0.743577
0.743547
0.743551
0.743546
0.743577
0.743592
0.743577
0.743572
0.743574
0.743584
0.743579
0.743574
0.743567
0.743574
0.743581
0.743573
0.743568
0.74353
0.743534
0.743497
0.743507
0.743539
0.743507
0.743531
0.743512
0.7435
0.743498
0.743516
0.74349
0.743505
0.743445
0.743429
0.743451
0.743495
0.743497
0.743487
0.743457
0.743484
0.743444
0.743477
0.74347
0.743461
0.743446
0.743428
0.743386
0.743382
0.743405
0.74344
0.743412
0.743437
0.743379
0.743403
0.743382
0.74341
0.743432
0.743431
0.743511
0.743507
0.743406
0.743446
0.74354
0.743509
0.743387
0.743392
0.743442
0.743435
0.743384
0.743528
0.743521
0.743491
0.743431
0.743374
0.743371
0.743358
0.743404
0.743507
0.743488
0.743407
0.743439
0.743408
0.743483
0.743475
0.74345
0.743356
0.743392
0.743356
0.743473
0.743462
0.743462
0.743436
0.743405
0.743406
0.743448
0.743444
0.743442
0.743391
0.743356
0.743359
0.743398
0.743415
0.743434
0.743431
0.743435
0.743393
0.743403
0.743389
0.743424
0.743432
0.743423
0.743399
0.743381
0.743377
0.743229
0.743258
0.743083
0.743151
0.743284
0.743212
0.743036
0.743046
0.743118
0.7431
0.743031
0.743273
0.743271
0.743202
0.743095
0.743018
0.743017
0.743023
0.743099
0.743326
0.743273
0.743093
0.743175
0.743101
0.74327
0.743271
0.743216
0.743029
0.743112
0.743034
0.743335
0.743337
0.74329
0.743182
0.743119
0.743125
0.743278
0.74322
0.743283
0.743118
0.743053
0.74306
0.743136
0.7432
0.743331
0.743328
0.743284
0.743136
0.743194
0.743133
0.743318
0.74328
0.743315
0.74319
0.743122
0.743116
0.742856
0.742896
0.742699
0.742779
0.742913
0.742833
0.742647
0.74266
0.742735
0.742711
0.74264
0.742897
0.742896
0.742819
0.742704
0.742623
0.742619
0.742616
0.742698
0.742991
0.742923
0.742711
0.742808
0.742719
0.742911
0.742915
0.742841
0.74262
0.742713
0.742624
0.743014
0.743019
0.742942
0.742813
0.742736
0.742739
0.742936
0.742848
0.742943
0.74272
0.742642
0.742649
0.742738
0.742823
0.743023
0.74302
0.742937
0.742734
0.742812
0.742731
0.743007
0.742932
0.743002
0.742807
0.742713
0.742706
0.742449
0.742488
0.742258
0.742358
0.742511
0.742421
0.742204
0.742218
0.742311
0.742284
0.742197
0.74249
0.742486
0.742403
0.742278
0.74218
0.742177
0.742176
0.742265
0.742598
0.742516
0.742272
0.742387
0.74228
0.742487
0.742491
0.742409
0.742179
0.742277
0.742183
0.742617
0.742619
0.742531
0.742392
0.7423
0.742304
0.74251
0.742415
0.742517
0.742283
0.742204
0.742212
0.74231
0.742399
0.742608
0.742605
0.742512
0.742306
0.742385
0.742304
0.742585
0.742506
0.742579
0.742379
0.742287
0.74228
0.74197
0.742012
0.741763
0.74187
0.742051
0.741945
0.741716
0.741726
0.741823
0.741804
0.741712
0.742036
0.742035
0.741941
0.741802
0.741709
0.741711
0.741745
0.741827
0.742141
0.742044
0.741777
0.741901
0.741785
0.74205
0.742054
0.741975
0.741756
0.741851
0.741763
0.742169
0.742175
0.742072
0.741909
0.741811
0.741817
0.742076
0.741982
0.742085
0.741859
0.741789
0.741797
0.741852
0.741948
0.742176
0.742173
0.742082
0.741857
0.741951
0.741859
0.742159
0.742078
0.742153
0.741949
0.741857
0.741854
0.74151
0.741533
0.741342
0.741416
0.741584
0.741504
0.741339
0.741339
0.741402
0.741402
0.741342
0.741589
0.741596
0.741524
0.741406
0.741355
0.741361
0.741403
0.741459
0.741647
0.741558
0.741347
0.741434
0.74135
0.74164
0.741648
0.741586
0.741413
0.741485
0.741418
0.741678
0.741689
0.741589
0.741439
0.741364
0.741368
0.741674
0.741594
0.741681
0.741491
0.741433
0.741436
0.741407
0.741495
0.741724
0.741728
0.741637
0.741416
0.741514
0.741422
0.74173
0.741639
0.741728
0.741518
0.741436
0.741438
0.741211
0.741198
0.741093
0.74113
0.741262
0.741228
0.741125
0.741116
0.741147
0.741167
0.741132
0.741285
0.741295
0.741255
0.741174
0.74115
0.741154
0.741167
0.741208
0.74125
0.741193
0.741084
0.741117
0.741078
0.74133
0.741334
0.741285
0.741167
0.741211
0.741166
0.741261
0.741268
0.741203
0.741113
0.741068
0.741067
0.741342
0.741286
0.741342
0.741209
0.741157
0.741152
0.74108
0.741135
0.741306
0.741312
0.741245
0.741087
0.741153
0.741093
0.741328
0.741251
0.741332
0.741159
0.741109
0.741114
0.74104
0.741015
0.74095
0.740972
0.741082
0.74106
0.740979
0.740971
0.740997
0.741013
0.740982
0.7411
0.741103
0.74107
0.741016
0.740988
0.740987
0.740971
0.741009
0.741023
0.74099
0.740941
0.740949
0.740935
0.741105
0.741102
0.741054
0.740965
0.740993
0.74096
0.741007
0.741007
0.740973
0.740942
0.740916
0.740911
0.741088
0.741048
0.741082
0.740987
0.740942
0.740936
0.740897
0.740926
0.741018
0.741022
0.740982
0.740894
0.740926
0.740894
0.741035
0.740986
0.74104
0.740928
0.740898
0.740901
0.740901
0.74089
0.740828
0.740852
0.740936
0.740906
0.74083
0.74083
0.740859
0.740859
0.740829
0.740936
0.740931
0.740897
0.740857
0.740822
0.74082
0.740801
0.740831
0.7409
0.740876
0.740827
0.740843
0.740826
0.740909
0.740905
0.740866
0.740796
0.740818
0.740793
0.740877
0.740871
0.740853
0.740839
0.740818
0.740814
0.740888
0.740861
0.740883
0.740815
0.740786
0.740784
0.740793
0.740809
0.740854
0.740852
0.740829
0.740788
0.740797
0.740785
0.740852
0.740828
0.740854
0.740795
0.740778
0.740777
0.740763
0.740768
0.740714
0.740736
0.740786
0.740757
0.740705
0.740707
0.740729
0.740722
0.740704
0.740776
0.740772
0.740745
0.74072
0.740698
0.740696
0.740688
0.740705
0.740793
0.740771
0.740717
0.740741
0.740719
0.740756
0.740754
0.74073
0.740687
0.740701
0.740687
0.740786
0.740781
0.740764
0.740742
0.740723
0.740723
0.74075
0.74073
0.74075
0.740702
0.740691
0.740693
0.740716
0.74073
0.740762
0.740759
0.740743
0.740714
0.740721
0.740712
0.740751
0.74074
0.74075
0.740719
0.740706
0.740704
0.740668
0.740673
0.740651
0.740657
0.740678
0.740664
0.740647
0.740648
0.740652
0.74065
0.740647
0.740673
0.740672
0.740661
0.74065
0.740648
0.740648
0.740651
0.740651
0.740694
0.74068
0.740653
0.740664
0.740655
0.740668
0.740669
0.740665
0.740653
0.740655
0.740654
0.7407
0.7407
0.740686
0.740666
0.740661
0.740662
0.740674
0.740666
0.740677
0.740658
0.74066
0.740661
0.740666
0.740673
0.740696
0.740695
0.740684
0.740667
0.740673
0.740668
0.74069
0.740684
0.740689
0.740673
0.740669
0.740668
0.740649
0.74065
0.740669
0.740655
0.740644
0.740651
0.740671
0.74067
0.740655
0.740658
0.740672
0.740646
0.740648
0.740655
0.740659
0.740676
0.740677
0.740682
0.740667
0.740649
0.740653
0.740669
0.740658
0.740669
0.740653
0.740654
0.740663
0.740684
0.740671
0.740684
0.740655
0.740657
0.740659
0.740659
0.740672
0.740673
0.740659
0.740664
0.74066
0.740672
0.740686
0.740687
0.740677
0.740666
0.740662
0.740663
0.740667
0.740679
0.74067
0.74068
0.740665
0.740668
0.740665
0.740672
0.740684
0.740685
0.740708
0.740706
0.740755
0.740729
0.740689
0.740712
0.740759
0.740758
0.740732
0.740735
0.74076
0.740693
0.740695
0.740717
0.740736
0.740763
0.740764
0.740765
0.74074
0.740684
0.740705
0.740754
0.740728
0.740754
0.740699
0.7407
0.74072
0.740765
0.740741
0.740765
0.740686
0.740688
0.740708
0.740728
0.740753
0.740753
0.740701
0.74072
0.740701
0.740741
0.740764
0.740764
0.740754
0.74073
0.740692
0.740693
0.740713
0.740755
0.740733
0.740756
0.740697
0.740714
0.740698
0.740734
0.740758
0.740759
0.740812
0.740809
0.740861
0.740835
0.740787
0.740815
0.740865
0.740864
0.740838
0.740841
0.740865
0.740789
0.74079
0.740817
0.740841
0.740866
0.740867
0.740865
0.740841
0.74078
0.740807
0.740859
0.740833
0.740858
0.740789
0.740789
0.740814
0.740864
0.740838
0.740863
0.740779
0.740778
0.740805
0.740832
0.740856
0.740856
0.740788
0.740813
0.740787
0.740838
0.740861
0.74086
0.740853
0.740829
0.740779
0.74078
0.740805
0.740853
0.740829
0.740853
0.740782
0.740806
0.740783
0.74083
0.740854
0.740855
0.740907
0.740904
0.74094
0.740923
0.740888
0.740909
0.740943
0.740942
0.740925
0.740928
0.740943
0.740889
0.740889
0.74091
0.740928
0.740945
0.740945
0.740944
0.740927
0.740882
0.740902
0.740939
0.740921
0.740939
0.740886
0.740886
0.740906
0.740944
0.740925
0.740943
0.740879
0.740877
0.740899
0.740921
0.740938
0.740937
0.740883
0.740905
0.740883
0.740925
0.740942
0.740942
0.740936
0.740917
0.740875
0.740875
0.740897
0.740935
0.740917
0.740935
0.740877
0.740897
0.740877
0.740918
0.740937
0.740938
0.740971
0.740969
0.740999
0.740984
0.740958
0.740973
0.741
0.740999
0.740984
0.740988
0.741001
0.74096
0.740961
0.740976
0.740989
0.741004
0.741005
0.741009
0.740993
0.740955
0.74097
0.740999
0.740986
0.741
0.740961
0.740961
0.740977
0.74101
0.740995
0.74101
0.740955
0.740954
0.740971
0.740986
0.741002
0.741003
0.740961
0.740977
0.740961
0.740996
0.741013
0.741014
0.741008
0.74099
0.740954
0.740955
0.740972
0.741009
0.740993
0.74101
0.740957
0.740973
0.740957
0.740994
0.741013
0.741014
0.741034
0.741034
0.74108
0.741056
0.741018
0.741037
0.741081
0.74108
0.741056
0.74106
0.741082
0.741023
0.741024
0.741043
0.741062
0.741087
0.741089
0.741099
0.741074
0.741018
0.741037
0.741081
0.741061
0.741082
0.741031
0.741032
0.741053
0.741101
0.74108
0.741103
0.741022
0.741024
0.741044
0.741062
0.741087
0.741089
0.741035
0.741054
0.741036
0.741081
0.741108
0.741109
0.741099
0.741075
0.741031
0.741033
0.741054
0.741102
0.741081
0.741104
0.741036
0.741056
0.741037
0.741083
0.741109
0.74111
0.741141
0.741139
0.741209
0.741175
0.741112
0.741145
0.741214
0.741212
0.741176
0.741181
0.741215
0.74112
0.741122
0.741154
0.741183
0.741221
0.741224
0.741234
0.741199
0.741112
0.741142
0.741209
0.741177
0.741209
0.741134
0.741135
0.741167
0.741236
0.741204
0.741237
0.741118
0.741121
0.741149
0.741178
0.741211
0.741213
0.74114
0.741169
0.741141
0.741205
0.74124
0.74124
0.741224
0.741192
0.741133
0.741135
0.741166
0.741227
0.7412
0.741229
0.741141
0.741168
0.741141
0.741202
0.741236
0.741237
0.741289
0.741284
0.741356
0.741322
0.741255
0.741294
0.741365
0.741363
0.741328
0.741335
0.741367
0.741264
0.741266
0.741304
0.741337
0.741373
0.741374
0.74138
0.741347
0.741247
0.741281
0.741353
0.741319
0.741352
0.741275
0.741276
0.741311
0.74138
0.741348
0.74138
0.74125
0.741252
0.741285
0.741319
0.74135
0.74135
0.741278
0.741311
0.741278
0.741348
0.741377
0.741377
0.741355
0.741325
0.741262
0.741265
0.741298
0.741357
0.741332
0.741358
0.741271
0.7413
0.741272
0.741334
0.741364
0.741366
0.741425
0.741417
0.741459
0.741442
0.741403
0.741431
0.74147
0.741467
0.741451
0.741458
0.741471
0.741409
0.741411
0.741437
0.74146
0.741475
0.741476
0.741476
0.741461
0.741386
0.741411
0.741456
0.741435
0.741454
0.741412
0.741412
0.741435
0.741474
0.741457
0.741473
0.741382
0.741382
0.741407
0.741434
0.741449
0.741448
0.741408
0.741433
0.741407
0.741456
0.741467
0.741466
0.741445
0.74143
0.741386
0.741388
0.741411
0.741445
0.741434
0.741445
0.741393
0.741413
0.741395
0.741435
0.741449
0.741451
0.741482
0.741474
0.741457
0.741471
0.741485
0.741487
0.741465
0.741463
0.741479
0.741483
0.741466
0.741489
0.741489
0.741489
0.741484
0.741468
0.741468
0.741465
0.741481
0.741467
0.741468
0.741454
0.741464
0.741452
0.741484
0.741483
0.741482
0.741463
0.741476
0.741462
0.741459
0.741458
0.741461
0.741462
0.741447
0.741446
0.741477
0.74148
0.741475
0.741474
0.741456
0.741455
0.741441
0.741455
0.741456
0.741457
0.741459
0.74144
0.741455
0.74144
0.74146
0.74146
0.741462
0.741456
0.741442
0.741443
0.741405
0.7414
0.741297
0.741353
0.741442
0.741407
0.741302
0.741301
0.741358
0.74136
0.741302
0.741443
0.741443
0.741407
0.74136
0.741302
0.741302
0.741298
0.741356
0.741429
0.741394
0.741296
0.741349
0.741295
0.741438
0.741436
0.7414
0.741296
0.741352
0.741295
0.741423
0.741422
0.741389
0.741348
0.741291
0.74129
0.741432
0.741398
0.74143
0.74135
0.741292
0.741291
0.741286
0.74134
0.741418
0.741418
0.741385
0.741285
0.741339
0.741284
0.74142
0.741385
0.74142
0.741339
0.741284
0.741284
0.741147
0.741145
0.740939
0.741047
0.74123
0.741148
0.74094
0.74094
0.741049
0.741048
0.74094
0.741229
0.741228
0.741145
0.741047
0.740938
0.740937
0.740932
0.74104
0.741224
0.741142
0.740939
0.741044
0.740938
0.741222
0.741222
0.741139
0.74093
0.741037
0.74093
0.74122
0.741219
0.741138
0.741044
0.740937
0.740936
0.741219
0.741138
0.741218
0.741037
0.740928
0.740928
0.74093
0.741037
0.741213
0.741213
0.741132
0.740929
0.741034
0.740928
0.741212
0.741132
0.741212
0.741033
0.740926
0.740926
0.740678
0.74068
0.740368
0.740528
0.740813
0.740677
0.740364
0.740365
0.740526
0.740523
0.740364
0.74081
0.740809
0.740672
0.740522
0.740361
0.74036
0.740354
0.740514
0.740813
0.74068
0.740369
0.740528
0.74037
0.740802
0.740801
0.740666
0.740352
0.74051
0.740352
0.740811
0.74081
0.740676
0.740527
0.740369
0.740368
0.7408
0.740665
0.7408
0.740511
0.740351
0.740352
0.740362
0.740521
0.740803
0.740802
0.740668
0.740361
0.740516
0.74036
0.7408
0.740668
0.7408
0.740515
0.740357
0.740356
0.740004
0.740008
0.739607
0.73981
0.740185
0.740001
0.7396
0.739602
0.739806
0.739801
0.7396
0.740182
0.740181
0.739996
0.7398
0.739596
0.739595
0.739592
0.739795
0.740192
0.740011
0.739609
0.739812
0.73961
0.740175
0.740174
0.739991
0.739592
0.739793
0.739592
0.740192
0.740191
0.740009
0.739812
0.739611
0.739611
0.740173
0.739992
0.740174
0.739793
0.739592
0.739593
0.739607
0.739809
0.740185
0.740184
0.740003
0.739606
0.739805
0.739606
0.74018
0.740002
0.74018
0.739804
0.739603
0.739602
0.739164
0.739169
0.738699
0.738936
0.739381
0.73916
0.738693
0.738694
0.738931
0.738926
0.738692
0.739379
0.739378
0.739156
0.738925
0.73869
0.738689
0.738688
0.738925
0.739392
0.739173
0.738702
0.738939
0.738703
0.739376
0.739376
0.739157
0.738689
0.738925
0.73869
0.739394
0.739394
0.739174
0.73894
0.738705
0.738705
0.739377
0.739157
0.739378
0.738925
0.738691
0.738692
0.738705
0.73894
0.739391
0.739389
0.739171
0.738705
0.738938
0.738705
0.739386
0.73917
0.739386
0.738937
0.738703
0.738701
0.738195
0.738198
0.737667
0.737936
0.738443
0.738193
0.737665
0.737665
0.737933
0.737929
0.737665
0.738442
0.738442
0.738191
0.737929
0.737664
0.737663
0.737664
0.737931
0.738453
0.738202
0.737669
0.737938
0.73767
0.738443
0.738443
0.738195
0.737666
0.737932
0.737666
0.738456
0.738457
0.738204
0.737937
0.737671
0.737672
0.738445
0.738194
0.738446
0.737933
0.737668
0.737668
0.737674
0.737943
0.738457
0.738456
0.738206
0.737675
0.737942
0.737675
0.738455
0.738205
0.738454
0.737941
0.737674
0.737673
0.737103
0.737104
0.736503
0.736805
0.737384
0.737103
0.736502
0.736502
0.736804
0.736803
0.736503
0.737384
0.737385
0.737102
0.736803
0.736503
0.736503
0.736503
0.736804
0.737388
0.737107
0.736504
0.736806
0.736504
0.737387
0.737387
0.737106
0.736504
0.736804
0.736504
0.737391
0.737393
0.737107
0.736806
0.736505
0.736505
0.737388
0.737105
0.737389
0.736804
0.736505
0.736505
0.736506
0.73681
0.737395
0.737394
0.73711
0.736506
0.73681
0.736507
0.737394
0.73711
0.737394
0.73681
0.736508
0.736508
0.735861
0.735861
0.735176
0.735515
0.73618
0.735862
0.735178
0.735177
0.735515
0.735514
0.735179
0.736181
0.736182
0.735865
0.735513
0.735181
0.735182
0.735185
0.735513
0.736181
0.735862
0.735176
0.735514
0.735176
0.736179
0.736179
0.735865
0.735185
0.735511
0.735185
0.736183
0.736184
0.735862
0.735513
0.735176
0.735176
0.73618
0.735864
0.736181
0.735512
0.735185
0.735186
0.735179
0.735518
0.736185
0.736184
0.735865
0.73518
0.735517
0.735181
0.736185
0.735866
0.736185
0.735517
0.735183
0.735184
0.734454
0.734451
0.733686
0.734051
0.734805
0.734455
0.733685
0.73369
0.734055
0.733688
0.734056
0.734803
0.734802
0.734464
0.733698
0.734052
0.733705
0.733716
0.734038
0.734803
0.734449
0.733683
0.733683
0.73405
0.734799
0.734799
0.734465
0.733711
0.733707
0.734042
0.734805
0.734805
0.734451
0.733682
0.734052
0.733682
0.7348
0.734465
0.7348
0.733708
0.734042
0.733712
0.733691
0.734057
0.734809
0.734808
0.734457
0.733686
0.73369
0.734058
0.734806
0.734459
0.734805
0.733699
0.734054
0.733706
48.8381
114.593
24.1717
107.717
165.571
34.9087
27.4032
23.6481
15.9844
45.4332
53.9676
53.9766
53.9704
10.9702
10.9637
17.9714
2.11097
1.75191
11.8361
4.44602
12.6288
43.8398
103.872
52.7952
26.1431
86.9649
126.5
80.2143
46.7618
46.7452
25.774
11.522
3.17337
4.96541
3.15243
1.30503
9.53566
1.79574
0.864421
1.59949
2.29759
2.33589
1.91655
1.17218
1.05638
2.09936
1.97437
1.12362
1.59542
6.05353
6.17305
2.16522
2.7809
0.70885
0.850585
3.49272
8.29016
5.02831
263.742
230.906
87.3016
24.5195
8.49489
32.2258
36.733
11.4747
124.783
134.029
55.2699
26.6621
55.2644
55.2673
0.952215
0.961331
22.0577
53.986
36.0568
14.6561
31.0758
2.98304
0.965327
2.38945
25.5761
14.0511
33.1156
9.30336
13.0615
5.22209
13.7607
9.19394
9.913
95.1937
28.5942
17.961
13.7267
3.50984
66.2405
8.62892
115.072
72.8887
192.424
46.6946
46.6935
46.6934
46.692
21.6137
21.6075
16.9519
19.3694
34.799
52.1568
31.2213
63.8079
18.0498
1.45691
0.644473
0.637436
0.78464
16.0012
21.9753
0.670616
0.637439
0.681587
0.759989
0.841324
0.921948
24.5288
5.78032
20.1081
20.1252
0.949711
0.908734
0.940043
0.96075
0.962317
0.916452
0.960027
0.913703
0.924969
1.13621
1.46434
0.783513
0.956789
0.7993
0.782689
1.07323
1.08878
0.745986
0.748144
0.737007
0.72469
168.221
83.7807
60.257
19.7706
50.0426
12.5149
14.9572
12.2637
9.20756
14.945
114.546
165.613
165.622
165.636
114.554
126.342
126.328
105.878
126.339
19.8403
2.15607
2.63586
19.7225
3.27836
2.3254
116.542
113.086
21.5677
20.3451
34.7936
21.4883
30.4104
11.409
11.8709
30.4233
14.0482
14.6273
16.0932
14.6314
15.6783
3.26062
5.06821
63.1812
29.1459
53.9048
16.6555
22.2419
76.6671
37.7437
64.3227
76.6922
0.888214
1.21729
0.999847
1.05898
0.882168
0.997611
4.18984
5.80822
6.83821
6.01449
5.77608
4.27781
1.9272
1.28795
5.29097
3.23673
2.72155
1.56733
0.887708
1.03131
3.09812
1.85897
1.14147
0.81741
3.22027
3.0023
4.72824
7.93645
0.789477
6.40643
0.763941
0.760042
0.880633
1.43362
0.996568
4.40174
4.45781
3.32708
1.16558
0.732912
1.65783
41.3677
1.27186
14.0163
9.21896
3.74997
18.8446
12.9818
19.2051
35.9148
32.572
2.06535
203.895
151.019
230.881
0.732054
0.73205
0.732131
0.732114
0.732208
0.732243
0.732208
0.732243
0.731913
0.732276
)
;
    }
}


// ************************************************************************* //
