/*--------------------------------*- C++ -*----------------------------------*\
| =========                 |                                                 |
| \\      /  F ield         | OpenFOAM: The Open Source CFD Toolbox           |
|  \\    /   O peration     | Version:  2312                                  |
|   \\  /    A nd           | Website:  www.openfoam.com                      |
|    \\/     M anipulation  |                                                 |
\*---------------------------------------------------------------------------*/
FoamFile
{
    version     2.0;
    format      ascii;
    arch        "LSB;label=32;scalar=64";
    class       volScalarField;
    location    "1.800099348691413";
    object      nut;
}
// * * * * * * * * * * * * * * * * * * * * * * * * * * * * * * * * * * * * * //

dimensions      [0 2 -1 0 0 0 0];

internalField   nonuniform List<scalar> 
21822
(
0.451347
0.538844
0.173947
1.39898
0.97184
0.658459
1.10288
1.39877
0.199085
0.554644
0.722831
0.592817
0.896681
0.683524
0.475434
1.03836
1.50701
0.666946
0.468287
0.49176
0.254347
0.432745
0.31819
0.293481
0.326703
0.405682
0.179441
0.313552
0.321862
0.177503
0.209513
0.221036
0.211418
0.133229
0.11122
0.0245233
0.196615
0.216348
0.147504
0.0819031
0.153961
0.172902
0.0632301
0.114741
0.0230098
0.091074
0.13173
0.118483
0.0184599
0.0878573
0.129732
0.0233808
0.074147
0.0142523
0.038251
0.043376
0.0776842
0.00945139
0.027745
0.0767229
0.00614203
0.0330705
0.00786576
0.00548762
0.00657549
0.00824903
0.00747863
0.00838854
0.0212733
0.00314419
0.0132482
0.00289309
0.00484293
0.00493254
0.00114091
0.00640246
0.00760691
0.00624466
0.00290597
0.00837692
0.0007236
0.00396873
0.00405261
0.00166632
0.00556536
0.00805593
0.00513587
0.00250562
0.00685404
0.000462314
0.00234162
0.00274844
0.00226958
0.00480604
0.00734256
0.00254901
0.00191057
0.00442889
0.000286351
0.0011515
0.0022394
0.00242632
0.0022748
0.00450934
0.00183523
0.00110561
0.00221953
0.000269564
0.00173671
0.00337071
0.00363358
0.0016373
0.00477686
0.00256432
0.000574472
0.00198187
0.000313938
0.00436627
0.00706825
0.0082895
0.00360396
0.0097866
0.00678435
0.00189982
0.00432601
0.000461007
0.0084382
0.0100482
0.00837312
0.00827976
0.0101154
0.00996586
0.00628551
0.0099235
0.000500526
0.00960492
0.0100319
0.00838912
0.010039
0.0100798
0.00997044
0.00900717
0.00999361
0.000454196
0.00836777
0.0100346
0.00839722
0.00947399
0.0100693
0.00973344
0.00882387
0.00993943
0.000393391
0.00772924
0.00906324
0.00702832
0.0084927
0.0100627
0.00794864
0.00714392
0.0076033
0.000328512
0.00773377
0.007683
0.00659664
0.00805316
0.0100665
0.0067259
0.0063345
0.00654849
0.00026966
0.00727564
0.00768783
0.00643864
0.00764473
0.010071
0.00651312
0.00549374
0.00635748
0.000224499
0.00741311
0.00841884
0.00725873
0.00835218
0.010069
0.00734036
0.00615807
0.00729523
0.000193149
0.00867377
0.0100294
0.00876035
0.0100288
0.0100668
0.00959652
0.00815252
0.00998303
0.000173947
0.00999423
0.0100249
0.00895941
0.0100251
0.010066
0.00997663
0.00861512
0.00998111
0.000164083
0.00999195
0.0100225
0.00892404
0.0100248
0.01006
0.00997533
0.00857532
0.00997811
0.000159197
0.00999207
0.010019
0.00883873
0.0100213
0.0100505
0.00997724
0.00856438
0.0099763
0.0001559
0.00999195
0.0100163
0.00916532
0.0100177
0.0100419
0.00997748
0.00880499
0.00997712
0.000154606
0.00999251
0.0100178
0.00955537
0.0100169
0.0100371
0.0099804
0.00908561
0.00998045
0.000155917
0.0099918
0.0100192
0.00961579
0.010017
0.0100353
0.00998296
0.00925421
0.0099826
0.000159216
0.00999627
0.01002
0.00959568
0.010019
0.0100356
0.00998335
0.00938486
0.00998394
0.000166527
0.0100016
0.0100221
0.00955189
0.0100229
0.0100397
0.00998648
0.00939379
0.00998697
0.000178467
0.0100048
0.0100268
0.00954591
0.0100266
0.0100474
0.00999005
0.00948504
0.00999185
0.000193232
0.0100069
0.0100304
0.00959884
0.0100304
0.0100533
0.0099932
0.00954279
0.00999217
0.000208181
0.00983849
0.0100339
0.00958496
0.0100338
0.0100554
0.00999445
0.00955424
0.00999445
0.000225431
0.00803799
0.00899505
0.00850134
0.00869904
0.0100528
0.00832773
0.00746458
0.00746388
0.000255187
0.00741533
0.00821888
0.00692253
0.00815909
0.0100485
0.00686285
0.00705466
0.00696299
0.000307877
0.00792601
0.00873188
0.00714743
0.00887661
0.0100433
0.00717613
0.00800779
0.00794052
0.000385639
0.0090769
0.0100191
0.00872097
0.0100211
0.0100398
0.00888667
0.00915341
0.00913626
0.000494548
0.00999847
0.0100198
0.0095625
0.0100191
0.0100381
0.00998413
0.0095366
0.00998389
0.000643733
0.00999726
0.0100189
0.00960011
0.010018
0.0100362
0.00998362
0.00951909
0.0099826
0.000847387
0.00999766
0.0100195
0.00961087
0.0100184
0.0100364
0.0099839
0.00950135
0.00998391
0.0011009
0.0100005
0.0100225
0.00959018
0.0100214
0.0100403
0.00998686
0.00951182
0.00998634
0.00136427
0.0100024
0.0100255
0.00960784
0.0100251
0.0100465
0.00998884
0.00944517
0.0099877
0.00158542
0.010002
0.0100263
0.00962439
0.010026
0.0100524
0.00998634
0.00941552
0.0099854
0.00168625
0.00999908
0.0100236
0.00956687
0.0100235
0.0100518
0.0099836
0.00953261
0.00998297
0.00157168
0.00999416
0.0100182
0.00960824
0.0100177
0.0100444
0.00997955
0.00953625
0.00997978
0.00131989
0.00999069
0.0100125
0.00959333
0.0100118
0.0100349
0.00997731
0.00955847
0.00997589
0.0010728
0.0099853
0.0100054
0.00824287
0.0100039
0.0100245
0.00997258
0.00951941
0.00997252
0.000807198
0.00999045
0.0100051
0.00277858
0.0100002
0.0100273
0.00998607
0.00650101
0.00999279
0.000600861
0.00708104
0.00934342
0.00256651
0.0100162
0.0100642
0.00947665
0.00439542
0.00750642
0.000526096
0.280799
0.364458
0.435011
0.362423
0.131438
0.0873744
0.381183
0.852083
0.165941
0.442515
0.911029
0.805537
0.459249
0.190771
0.68176
0.93768
1.22296
0.979536
0.243407
0.147127
0.246842
0.260784
0.250176
0.276442
0.347678
0.510068
0.270453
0.140469
0.501411
0.510871
0.125319
0.424992
0.350786
0.997143
0.339994
0.908195
0.606502
0.50343
0.831605
1.07411
0.814872
0.994295
1.19294
0.2061
0.47523
0.853411
0.751117
0.809339
1.57443
2.00364
2.08358
0.260391
1.92813
1.52062
1.40337
0.51555
0.541982
0.989546
0.795656
0.501987
0.284898
0.709729
0.523973
1.13016
0.924824
1.10861
1.0732
0.871508
0.602151
0.863302
0.329242
0.0256327
0.0459611
0.1012
0.0279846
0.0550219
0.126859
0.0619795
0.234765
0.609147
1.0885
0.927933
0.612929
0.813259
1.15255
1.03436
0.36625
0.834623
0.699065
0.721148
0.573698
0.970758
0.878483
0.118228
0.0093612
0.372685
0.23851
0.0913068
0.0147221
0.460539
0.280385
0.528736
0.442277
0.364846
1.09173
1.37424
1.24644
1.37863
0.9911
1.8443
1.30888
0.864026
1.08726
0.47919
0.938373
0.624751
1.10295
1.13335
1.43263
1.52483
0.254444
1.502
0.903183
2.00903
0.312296
0.248163
0.168857
0.0821149
0.277042
0.549012
0.335226
0.483951
0.5268
0.497668
0.469374
0.265074
0.314134
0.0867188
0.281295
0.797819
0.330377
0.623956
0.514277
0.332991
0.414737
0.860613
0.866299
0.602274
0.488142
1.14472
0.377918
0.803149
0.383398
0.116581
1.42222
0.450372
0.484674
1.42772
0.626065
0.816221
0.246041
0.000742281
0.000865597
0.00434043
0.00790554
0.00282514
0.00258978
0.00769038
0.0025834
0.00320302
0.000758015
0.000528121
0.000827092
0.00651359
0.00584491
0.00285548
0.0024038
0.00953732
0.000785966
0.00368976
0.00595133
0.00624737
0.00240317
0.00285645
0.00254135
0.00367288
0.000786107
0.000741828
0.000865532
0.00781425
0.00283299
0.00258532
0.00259636
0.00317951
0.00075763
0.000826972
0.0978216
0.190887
0.0871448
0.0269271
0.078407
0.11548
0.11114
0.0247563
0.285249
0.1579
0.194556
0.013427
0.20359
0.0595513
0.0708639
0.0812205
0.16623
0.106791
0.0914656
0.1544
0.228397
0.134153
0.497242
0.0881332
0.351111
0.233024
0.045475
0.0284995
0.163972
0.0133656
0.204433
0.238446
0.109436
0.0289187
0.282664
0.142834
0.273016
0.172676
0.411202
0.310024
0.546688
0.292192
0.301818
0.565733
0.474371
0.38682
0.386023
0.42144
0.164752
0.141038
0.195043
0.0510999
0.56669
0.159708
0.426177
0.0189957
0.502896
0.210487
0.529209
0.240409
0.356071
0.11524
0.229494
0.247335
0.199668
0.245976
0.499773
0.177429
0.311999
0.315065
0.0805656
0.146245
0.123401
0.16385
0.0118177
0.0239515
0.0266222
0.075467
0.0598539
0.101813
0.157871
0.317393
0.629804
0.583531
0.0766139
0.355736
0.56391
0.0345929
0.31239
0.0860963
0.580702
0.10322
0.587231
0.143082
0.327626
0.456006
1.03899
0.121619
1.12694
0.531469
1.27734
0.0872777
0.239041
0.181901
0.199499
0.184009
0.174187
0.170043
0.543504
1.32081
1.17583
0.343199
1.37885
0.327869
0.544833
0.0405915
0.0810969
0.0552036
0.118575
0.0844
0.413848
0.0323182
0.340791
0.130893
0.301318
0.0541142
0.0565636
0.0364719
0.122278
0.643454
0.151003
0.462513
0.124826
0.623509
1.04976
0.578849
0.425535
0.285984
0.863216
0.599405
0.577508
0.69896
1.01005
0.864456
0.607008
1.94161
0.752929
0.438331
1.67032
2.62364
1.9395
2.49182
1.42563
2.41952
1.88832
2.70994
2.0001
1.51072
3.42005
3.2324
2.81395
3.62956
0.664756
0.587403
0.0313208
0.521024
0.299207
0.953319
0.0452021
0.586674
0.687738
0.297948
1.35945
0.114487
0.12558
0.997812
0.6818
1.78327
2.24193
1.3649
0.558753
2.20062
1.47641
2.83265
2.00853
2.53918
1.17141
1.33417
0.392946
0.182879
0.254181
0.568542
0.436854
0.157856
0.318881
0.35317
1.13665
1.02275
1.07279
1.68746
0.680964
1.47399
1.52328
0.0676022
0.139023
0.148285
0.209706
0.0522927
0.148413
0.163819
0.0707612
0.0825443
0.298752
0.472665
0.176527
0.188828
0.129565
0.102987
0.682039
0.905443
0.866703
0.5393
0.58953
0.685565
0.639457
0.591811
0.833552
0.67274
0.60938
0.488786
0.61107
0.503336
0.378513
0.634001
0.729333
0.597648
0.486189
0.227482
0.562674
0.141447
0.20354
0.272224
0.242262
0.628353
0.909481
0.868849
0.610153
0.398554
0.555607
0.477501
0.473265
1.10374
1.14371
0.431289
0.409497
0.638276
0.816843
0.574644
0.464063
0.491119
0.4088
0.442314
0.38049
0.344082
1.17541
0.479145
1.10004
0.761029
0.750839
0.797891
0.267493
1.53468
1.69899
1.67075
1.25799
1.2164
1.27753
1.23636
0.433487
0.0744231
0.0767295
0.318297
0.428867
0.292142
0.35432
0.422473
0.233022
0.342777
0.189143
0.0574554
0.0323091
0.343725
0.550747
0.302408
0.396394
0.308556
0.193882
0.231768
0.507307
0.352941
0.344588
0.205847
0.652772
0.224311
0.267838
0.0750552
0.0317134
0.270283
0.159007
0.0992036
0.636105
0.125496
0.158844
0.0419171
0.0750794
0.061784
0.266731
0.316631
0.217403
0.249772
0.312257
0.17983
0.247425
0.156319
0.0309599
0.0276763
0.283378
0.33482
0.22017
0.200721
0.212714
0.156944
0.185147
0.279692
0.164234
0.160854
0.100184
0.142805
0.184107
0.118497
0.0250652
0.0105869
0.0927063
0.0774624
0.0933826
0.0959802
0.120797
0.108907
0.0236212
0.0541599
0.0246027
0.193251
0.221269
0.128773
0.157451
0.224288
0.149192
0.163098
0.126696
0.0262723
0.0210251
0.196837
0.166975
0.107834
0.0564368
0.17302
0.128007
0.144262
0.129463
0.0766087
0.0328944
0.0233032
0.112281
0.143218
0.0952576
0.00708324
0.00173526
0.0951866
0.0300291
0.0755664
0.109145
0.0880527
0.0916888
0.0158623
0.0179463
0.00829529
0.101959
0.133554
0.0642096
0.0785146
0.144366
0.118685
0.0911751
0.0902967
0.0190311
0.0131392
0.0867029
0.0350767
0.0579951
0.00928878
0.131086
0.0921322
0.0954758
0.0178484
0.0147215
0.00971413
0.00566447
0.0880584
0.0937267
0.0679879
0.00120652
0.00050866
0.0629422
0.00802273
0.0304087
0.0810936
0.0480544
0.0620183
0.00936671
0.00558829
0.000839208
0.0530761
0.0530705
0.0037663
0.00869881
0.0613856
0.0773808
0.0104453
0.0323018
0.0107379
0.00376268
0.0368651
0.00808963
0.00211995
0.00706011
0.078843
0.0189036
0.0359685
0.00858187
0.00458901
0.00747071
0.00306714
0.0595544
0.0334761
0.0369225
0.000393519
0.000284461
0.023099
0.00321585
0.0139519
0.0507555
0.0182003
0.0305993
0.0039715
0.000335386
0.000205322
0.00173484
0.00496213
0.000809701
0.003574
0.00507766
0.0112837
0.00280876
0.000799119
0.00200732
0.000315257
0.00186328
0.00655319
0.00128908
0.00574576
0.0213289
0.00130859
0.00655229
0.00695054
0.00308769
0.00622684
0.00282571
0.029714
0.0071564
0.00948151
0.000270062
0.000253991
0.0114395
0.00271951
0.00899612
0.0221048
0.0092849
0.00834098
0.00100046
0.000187272
0.000135622
0.000854701
0.00344525
0.000858491
0.00288976
0.00261238
0.000756537
0.00226325
0.00120907
0.00024711
0.000195722
0.00139645
0.00534619
0.00135582
0.00487263
0.00569193
0.00133818
0.00383209
0.00578425
0.00290162
0.00519673
0.00248908
0.0068463
0.00515998
0.00385916
0.000244291
0.000214707
0.00828739
0.00247125
0.00740447
0.00663043
0.00741476
0.00455628
0.000511297
0.000133101
0.000117077
0.000892374
0.00259772
0.000755587
0.00155283
0.00209843
0.00144124
0.00143313
0.00173221
0.000184081
0.000189585
0.00129436
0.00470555
0.00134228
0.00433743
0.00329526
0.00197194
0.00241359
0.00495813
0.00236052
0.00451162
0.00182881
0.00316069
0.00275111
0.00196254
0.000199921
0.000159328
0.00687082
0.0019872
0.00553227
0.00381635
0.0053274
0.00227205
0.000324629
0.00011477
0.000141787
0.00062987
0.00137063
0.000610744
0.00130035
0.00140136
0.00190896
0.00139253
0.0019866
0.000190351
0.000232377
0.00116917
0.0035231
0.000629404
0.00191257
0.00236406
0.00221876
0.00193975
0.00436319
0.00157824
0.00308118
0.00111352
0.00197643
0.00186295
0.00231458
0.000144888
0.000121066
0.00502611
0.00131366
0.00314785
0.00184651
0.00283325
0.001635
0.000308088
0.000168316
0.000372093
0.00072202
0.00155925
0.00129775
0.00220923
0.0016657
0.00232151
0.00227696
0.00284701
0.000244178
0.000338294
0.000639477
0.00142648
0.000995905
0.000912978
0.00190568
0.00306182
0.00245576
0.002082
0.00095677
0.000999481
0.000668653
0.0023617
0.00212314
0.00217465
0.000117046
0.00014212
0.00213875
0.000727872
0.00227842
0.00178139
0.0024634
0.00265073
0.00027898
0.000441452
0.00097803
0.00169655
0.00282549
0.00345896
0.00462853
0.00291503
0.00375112
0.00478552
0.00569292
0.00036318
0.000474496
0.00131052
0.000941319
0.00257201
0.00188958
0.0028501
0.00649321
0.00552433
0.00090913
0.00072893
0.00171746
0.00123304
0.0024894
0.00498227
0.0047966
0.000197387
0.000883241
0.00191389
0.00132803
0.00258324
0.00261368
0.00302822
0.00437153
0.000431151
0.000837156
0.000728219
0.00435038
0.00612527
0.00748875
0.00924207
0.00627793
0.00786173
0.0100167
0.00887308
0.00049855
0.000529443
0.00334427
0.00236069
0.0066466
0.00497544
0.0073091
0.00839332
0.00997747
0.00222899
0.00175764
0.00492371
0.00459722
0.00618812
0.0099748
0.00784601
0.00114352
0.000807979
0.00373337
0.00490712
0.00717213
0.00607493
0.00777419
0.00808957
0.000499245
0.000645557
0.000527903
0.00681712
0.00998393
0.00811156
0.00997696
0.0100051
0.00890537
0.00998875
0.00901506
0.000526859
0.000479775
0.00721361
0.00555251
0.00841595
0.00957019
0.00996936
0.00839797
0.00996681
0.00545922
0.00518029
0.00943144
0.00900574
0.00777025
0.00996741
0.00789918
0.000681988
0.000546567
0.00905566
0.00847216
0.00998904
0.00813792
0.00999237
0.00845927
0.000465269
0.000494764
0.000414379
0.00720347
0.00993995
0.00800528
0.00935219
0.00998672
0.00901928
0.00998746
0.00901022
0.000464058
0.000407732
0.00814876
0.00870022
0.00725117
0.00886456
0.00996866
0.00840068
0.00997654
0.00862137
0.00847712
0.00902452
0.0091796
0.00783393
0.00997734
0.00793938
0.000513421
0.000433978
0.00998878
0.0089014
0.00998581
0.00853448
0.00999099
0.00884408
0.000407179
0.00039392
0.000333901
0.00760862
0.00874926
0.00766876
0.00775973
0.0095992
0.00899146
0.00814853
0.00833638
0.0003928
0.000340454
0.0071527
0.00815156
0.00687635
0.00767065
0.00966521
0.00806327
0.00823002
0.00833831
0.00867158
0.00776871
0.00755233
0.00794912
0.00839434
0.0082172
0.000412238
0.000346982
0.00974921
0.00788094
0.0080902
0.00890668
0.00822722
0.00805602
0.000342743
0.000319778
0.000276637
0.00725006
0.00735587
0.00724472
0.00699881
0.00774426
0.00807703
0.00689293
0.00668826
0.000327083
0.000280365
0.00702872
0.00758751
0.00723554
0.00723033
0.00778323
0.00695879
0.00683326
0.00756658
0.00740024
0.00721891
0.00668192
0.00783023
0.00685749
0.00694495
0.00033017
0.000281472
0.00751218
0.00700754
0.00682954
0.00730822
0.00677502
0.00655734
0.000282224
0.000266348
0.000234352
0.00693755
0.00696507
0.00713289
0.00700112
0.00689067
0.00658298
0.00684116
0.0065135
0.000268447
0.000232074
0.00710608
0.0071932
0.00725962
0.0070273
0.00668125
0.00652589
0.00636637
0.00713788
0.00659068
0.00698232
0.00625126
0.00675339
0.00641842
0.00643856
0.000268634
0.000232558
0.00658336
0.00620668
0.00632721
0.00626619
0.00639917
0.00623612
0.000233835
0.000226501
0.000203735
0.00723664
0.00723221
0.00757332
0.00752807
0.00701291
0.00672624
0.00735157
0.00717787
0.000223299
0.000199301
0.0072281
0.00708775
0.00740137
0.00721437
0.00653762
0.00707004
0.00697959
0.00695549
0.00614426
0.00713782
0.00635039
0.00640316
0.00700972
0.00675481
0.000223238
0.000198687
0.00624212
0.00610315
0.00664475
0.00623745
0.0068482
0.00681762
0.00019938
0.000197464
0.000180381
0.00750277
0.00759167
0.00780887
0.00793657
0.00737407
0.00732931
0.00792095
0.00822442
0.000193502
0.000177851
0.00727295
0.00729018
0.00802466
0.00815465
0.00743092
0.00821107
0.00855472
0.00718129
0.00649827
0.00816145
0.00779478
0.00703787
0.00865408
0.00838462
0.000192696
0.00017728
0.00712242
0.00766981
0.00882122
0.00717453
0.00907525
0.00907459
0.000177504
0.000175856
0.000165125
0.00796285
0.00834542
0.00896744
0.00997708
0.0083098
0.00864095
0.0099826
0.00898386
0.000173943
0.000164545
0.00813874
0.00859075
0.0093104
0.00997747
0.00941531
0.00893353
0.00997598
0.00858119
0.00811881
0.00997791
0.00936525
0.00870723
0.00997583
0.00883278
0.000173714
0.000164908
0.00963005
0.00856771
0.00997849
0.00932402
0.00997987
0.00931745
0.00016563
0.000162861
0.000157776
0.00907541
0.00997776
0.00922244
0.00997425
0.00998198
0.00899515
0.00997726
0.00905695
0.000162401
0.000157563
0.00926954
0.00997766
0.00925179
0.00997397
0.00997667
0.00896702
0.00997453
0.00997836
0.0093433
0.00997715
0.00930845
0.00887304
0.00997388
0.00900841
0.000163144
0.000158418
0.00997933
0.00859267
0.00997715
0.00930722
0.00997735
0.00932195
0.000160005
0.000157133
0.00015599
0.00927728
0.00997523
0.00930496
0.00997394
0.00997868
0.00907885
0.00997864
0.0091343
0.000156606
0.000154821
0.00924757
0.00997488
0.00928431
0.00997481
0.00997679
0.00884481
0.00997909
0.00997903
0.00929458
0.00997977
0.0092821
0.009049
0.00997491
0.00907023
0.000157629
0.000154988
0.00997912
0.00854218
0.0099795
0.00931904
0.00997538
0.00935236
0.000156493
0.000156004
0.000155885
0.00934083
0.00997526
0.00940504
0.00997432
0.0099799
0.00912679
0.00997674
0.0091751
0.000154686
0.000155109
0.0092709
0.00997651
0.00922145
0.00997563
0.00998157
0.00904076
0.00997884
0.00998137
0.00927247
0.00998033
0.00930709
0.00906698
0.00997625
0.00911525
0.000154509
0.000153079
0.00998162
0.0087227
0.00997953
0.00936738
0.00997506
0.00943666
0.000154668
0.000155901
0.000156675
0.00944628
0.00997634
0.00953932
0.00997862
0.00997734
0.0091815
0.00997779
0.00921449
0.000155547
0.000157085
0.00919475
0.00997752
0.00910085
0.00997927
0.00997888
0.00947608
0.00997742
0.0099819
0.00932572
0.00998138
0.00942438
0.00915281
0.00997808
0.00926616
0.00015297
0.00015412
0.00998055
0.00901395
0.00997886
0.00944914
0.00997854
0.00940391
0.000155584
0.000156929
0.000159545
0.00957489
0.00998117
0.00960484
0.00998336
0.00997986
0.00919474
0.00998103
0.00916473
0.000157454
0.000159596
0.00902392
0.00998148
0.00886962
0.00998342
0.00997962
0.00960857
0.00998118
0.00998227
0.0094372
0.00998176
0.00947462
0.00930334
0.00998146
0.0093841
0.000154835
0.000159079
0.00998055
0.00921444
0.00998056
0.00937601
0.00998105
0.00925351
0.000158553
0.000160389
0.000165744
0.00961413
0.00998591
0.00958303
0.009986
0.0099829
0.00914791
0.00998286
0.00921685
0.000160153
0.000164783
0.00881761
0.00998589
0.00890171
0.00998524
0.00998288
0.00961099
0.00998209
0.00998335
0.00946159
0.00998275
0.00946554
0.00939136
0.00998243
0.00943433
0.00016046
0.000166615
0.00998215
0.00937785
0.00998204
0.00923084
0.00998239
0.00929473
0.000164514
0.000167632
0.000175253
0.00955377
0.00998647
0.00945783
0.00998509
0.0099843
0.00923665
0.00998443
0.00933999
0.000166444
0.000174295
0.00897874
0.00998585
0.00930418
0.00998528
0.00998326
0.00957593
0.00998372
0.00998399
0.0094612
0.00998563
0.00955993
0.00942242
0.00998411
0.00937787
0.000168554
0.00017643
0.00998389
0.00940174
0.00998515
0.00935172
0.00998466
0.00949391
0.000175283
0.000177881
0.000186949
0.00941814
0.00998666
0.00932331
0.00998751
0.00998619
0.00936275
0.00998719
0.00938068
0.000177289
0.000188156
0.00939135
0.00998766
0.00948218
0.00998902
0.00998566
0.00954716
0.00998754
0.00998859
0.00958677
0.00999046
0.00960486
0.00932735
0.00998802
0.00927522
0.000179167
0.00018892
0.00998725
0.00945744
0.00998812
0.00953019
0.00998977
0.00955789
0.000189482
0.000190342
0.000201877
0.0093098
0.00998901
0.00935018
0.0099893
0.00998909
0.00936922
0.00998934
0.00939035
0.00019214
0.000204683
0.0094711
0.00999005
0.00941508
0.00998875
0.00998977
0.00959332
0.00999186
0.00999077
0.00958339
0.00998845
0.00948623
0.00926686
0.00999169
0.00927943
0.000192272
0.00020274
0.00998973
0.0095359
0.00998987
0.00955891
0.00999102
0.00952119
0.000204535
0.000206057
0.000221534
0.00935798
0.00999092
0.00939438
0.00999247
0.00999092
0.00940891
0.00999234
0.00950654
0.000208916
0.000223267
0.00938914
0.00999035
0.00943689
0.00999249
0.00999339
0.0095895
0.00999282
0.00999008
0.00946989
0.00999221
0.0094974
0.00929025
0.00999319
0.00926788
0.000206378
0.000220373
0.0099913
0.00956803
0.00999185
0.00950019
0.00999296
0.00948753
0.000220761
0.000227061
0.000250958
0.00939318
0.00999405
0.00818366
0.00861643
0.00999395
0.00952319
0.00867979
0.00873472
0.000228129
0.000249194
0.00944088
0.00941536
0.00800687
0.00787531
0.00999399
0.00894845
0.0090678
0.00943612
0.00953646
0.00773714
0.00757478
0.00926868
0.00897806
0.00850573
0.000225876
0.000249681
0.00999333
0.00785168
0.00808512
0.00948916
0.00809168
0.00823496
0.000246603
0.000259709
0.000296465
0.00816395
0.00839916
0.00754117
0.00761778
0.00839355
0.00858092
0.00761433
0.0073665
0.000257095
0.000290696
0.00788022
0.00759144
0.00722768
0.0072084
0.00837502
0.00716806
0.00712361
0.0075217
0.00743641
0.00719681
0.00695369
0.00811107
0.0071562
0.00692126
0.000258909
0.000297301
0.00751132
0.00682526
0.00682435
0.00772018
0.00684943
0.00670846
0.000292868
0.000310382
0.000362927
0.00755082
0.00746498
0.00738667
0.0072566
0.00741735
0.00728438
0.00723618
0.00704518
0.000304019
0.000359953
0.00755006
0.00743133
0.00758194
0.00785351
0.00681206
0.00686965
0.00697898
0.00743413
0.00731991
0.00784543
0.00765316
0.0068165
0.00696742
0.00695658
0.000311666
0.000366324
0.00696208
0.00747451
0.00751998
0.00691715
0.00752467
0.0072653
0.000364367
0.000383076
0.000460899
0.00758922
0.0073235
0.00805914
0.00803713
0.00730461
0.00722121
0.00806384
0.00797581
0.000381884
0.000465496
0.00795468
0.00814316
0.00828746
0.00867351
0.0072309
0.0080385
0.00828869
0.00808629
0.00810168
0.0086875
0.00863932
0.00729906
0.00833385
0.00831071
0.000386779
0.000462327
0.0079572
0.00863221
0.00880304
0.00771598
0.00878979
0.00856944
0.000464824
0.000491408
0.000604509
0.00871441
0.00853525
0.00947452
0.00998389
0.00855166
0.00854556
0.00998339
0.0093066
0.000496549
0.000607455
0.00871207
0.00885084
0.00939039
0.00977592
0.00886604
0.00955894
0.00998458
0.00887902
0.00905805
0.00981297
0.00949729
0.00902637
0.00998405
0.00948986
0.000491336
0.000600937
0.0091373
0.00955046
0.00998419
0.00905781
0.00998463
0.00937304
0.000603167
0.000647704
0.000795705
0.00948359
0.00998365
0.00953156
0.00998479
0.00998327
0.00929741
0.00998369
0.00929757
0.000648403
0.000791111
0.00939242
0.00998427
0.0092974
0.0099838
0.00998481
0.00959664
0.00998507
0.00998406
0.0095301
0.00998333
0.00954142
0.00947729
0.00998404
0.00947198
0.000643509
0.000797
0.0099834
0.00952848
0.00998271
0.00939416
0.00998275
0.00940647
0.000791246
0.000851356
0.00102006
0.00952712
0.009985
0.00953818
0.00998505
0.00998374
0.00930359
0.0099839
0.00931749
0.000845896
0.00101858
0.00923859
0.00998387
0.00913726
0.00998483
0.00998478
0.00962904
0.00998478
0.00998316
0.00951403
0.00998416
0.00942267
0.00946081
0.0099834
0.00947562
0.000855404
0.00103562
0.00998263
0.00950905
0.00998321
0.00940529
0.00998336
0.00942925
0.00103178
0.00108371
0.00125489
0.00952608
0.00998521
0.00952447
0.00998643
0.00998429
0.00931719
0.00998538
0.00934899
0.00108453
0.00126731
0.00914216
0.00998551
0.00919385
0.00998689
0.00998521
0.00960257
0.00998662
0.00998494
0.00942794
0.00998597
0.0095049
0.00945407
0.0099856
0.00944765
0.00110278
0.00128955
0.00998363
0.00951979
0.00998536
0.00943489
0.00998559
0.00947122
0.00129716
0.00131416
0.00146629
0.00952307
0.00998713
0.00956649
0.00998785
0.00998626
0.00934307
0.00998703
0.00941231
0.00133326
0.00151067
0.00921946
0.0099874
0.00924389
0.00998844
0.00998755
0.00961386
0.00998954
0.00998658
0.00956987
0.00998789
0.00961739
0.00943581
0.00998881
0.00949201
0.00135311
0.001509
0.00998615
0.00948634
0.00998744
0.00944657
0.00998745
0.00940654
0.00153495
0.00151204
0.00162153
0.00958848
0.00998789
0.00965929
0.00998683
0.00998711
0.00942225
0.00998582
0.00953572
0.00156484
0.00168355
0.00928076
0.00998854
0.00934101
0.00998691
0.00998971
0.0096383
0.0099872
0.00998802
0.0096518
0.00998692
0.00967545
0.0094906
0.00998677
0.00952552
0.00155168
0.00163092
0.00998761
0.0094275
0.0099856
0.00938059
0.00998578
0.00945241
0.00167644
0.00163117
0.00161392
0.00966002
0.00998643
0.00965944
0.00998389
0.0099856
0.00955274
0.00998347
0.00960898
0.00169676
0.00163077
0.00936978
0.00998651
0.00935821
0.00998418
0.0099866
0.00959422
0.00998397
0.00998679
0.00967364
0.00998444
0.0096787
0.00950268
0.00998414
0.00948806
0.00164008
0.0016159
0.0099852
0.00951971
0.00998295
0.00948777
0.00998329
0.00957436
0.00161967
0.00156695
0.00141001
0.00964856
0.00998337
0.00961266
0.0099806
0.00998299
0.00959818
0.00998011
0.0095638
0.00158045
0.00139794
0.0093259
0.00998392
0.00919211
0.00998174
0.00998336
0.00959909
0.00998011
0.009984
0.00966198
0.00998077
0.00960098
0.00945968
0.00998022
0.00947852
0.00157369
0.00141046
0.00998264
0.00955004
0.0099799
0.00958132
0.00998036
0.00949538
0.00138507
0.00134466
0.00117607
0.00957943
0.00997972
0.00950321
0.00997693
0.00997931
0.00951843
0.00997643
0.00941727
0.00133022
0.0011418
0.00917271
0.00998103
0.00923002
0.00997651
0.00997953
0.00961505
0.0099776
0.00997985
0.00956479
0.00997649
0.00955245
0.00947528
0.00997795
0.00948868
0.00134622
0.00117563
0.0099792
0.0095629
0.00997658
0.00944373
0.00997672
0.00933537
0.00113501
0.00112337
0.000994887
0.0094784
0.00997632
0.00944577
0.00997299
0.00997584
0.0093662
0.00997197
0.00923541
0.00107797
0.000879664
0.00926582
0.00997568
0.00925268
0.00997367
0.00997685
0.00948264
0.0099733
0.00997624
0.0095446
0.00997454
0.00947497
0.00945988
0.00997341
0.00937704
0.00112475
0.000999747
0.00997595
0.00954623
0.00997354
0.0093025
0.00997264
0.0091863
0.000879467
0.000954172
0.000864297
0.00944572
0.00997219
0.00775387
0.00997206
0.00997149
0.00810999
0.00997755
0.00335274
0.000807648
0.000648255
0.00922242
0.00997385
0.00915683
0.00997903
0.00997322
0.00338513
0.00998229
0.009974
0.00943783
0.00997728
0.00936474
0.00815254
0.00998003
0.00334962
0.000957841
0.000864759
0.00997304
0.00781612
0.00997213
0.00825595
0.00998038
0.00338244
0.000646925
0.00082725
0.000757578
0.00645416
0.00997478
0.00401927
0.00998405
0.00998897
0.00272564
0.00922408
0.00192525
0.000602549
0.000530906
0.00913301
0.00998958
0.00655859
0.00948714
0.00998829
0.00193367
0.0099944
0.00998768
0.00934243
0.00942049
0.0061459
0.00274419
0.00999132
0.00191743
0.000826911
0.000756183
0.00997449
0.00409022
0.00998632
0.00274009
0.00877476
0.001931
0.000528188
0.000612318
0.000712323
0.00144123
0.00163627
0.00144804
0.00158908
0.000634686
0.00062829
0.00842251
0.0100177
0.0100789
0.00627796
0.00678581
0.0079489
0.0100424
0.00576746
0.0100641
0.00871359
0.00543814
0.00378951
0.0100097
0.00375706
0.00350126
0.000558095
0.00655374
0.00586523
0.00244929
0.000644327
0.00549255
0.00136524
0.00153852
0.00148791
0.00158286
0.0100771
0.0070701
0.00826461
0.007955
0.0100414
0.00649644
0.00670987
0.00868182
0.00916209
0.00579269
0.0100104
0.00374874
0.00532006
0.00381596
0.00499463
0.00917347
0.00735725
0.00978686
0.00840178
0.00651306
0.00550448
0.00529202
0.00467078
0.000654389
0.00480657
0.00471742
0.00439747
0.000705296
0.00488982
0.00825316
0.00800264
0.00741153
0.00761541
0.00628165
0.00535229
0.000581241
0.137903
0.0437645
0.0794897
0.0950681
0.0995635
0.0580041
0.223545
0.108926
0.153103
0.0314655
0.422889
0.0299321
0.361889
0.277292
0.0987906
0.316048
0.253019
0.44719
0.0748817
0.351349
0.287789
0.021277
0.06383
0.0461539
0.0238651
0.00755377
0.0193904
0.0258007
0.259778
0.211432
0.28356
0.0625274
0.175104
0.121587
0.0195315
0.0208791
0.0133184
0.164587
0.00244925
0.115552
0.0419955
0.0129428
0.0791194
0.196509
0.16974
0.158255
0.055569
0.53187
0.0366429
0.494757
0.340197
0.193235
0.515589
0.2215
0.240108
0.178256
0.716994
0.724708
0.6373
0.612813
0.222812
0.511722
0.0202377
0.018515
0.00939079
0.338191
0.00482003
0.070725
0.0902715
0.0118586
0.0244688
0.0201721
0.084058
0.415512
0.178166
0.0774976
0.0246815
0.145131
0.0271938
0.0730748
0.0208722
0.0935208
0.341705
0.519468
0.239696
0.443741
0.311183
0.832809
0.655093
0.918061
0.242374
0.859586
0.632927
0.169708
0.336061
0.353719
0.349281
0.889158
0.1335
0.880635
0.129938
0.561638
0.0216659
0.0945305
0.193178
0.428234
0.0240665
0.0935531
0.159394
0.0211201
0.0901901
0.0205636
0.0530655
0.0229461
0.0295122
0.241434
0.0203204
0.0816653
0.00557801
0.0829891
0.0114907
0.0318658
0.352219
0.339148
0.347315
1.00357
0.230492
0.895935
0.191355
0.560803
0.304409
0.679144
1.25178
0.936924
0.812344
0.227768
0.78172
0.209912
0.503562
0.328033
0.654783
0.162811
0.336157
0.0408553
0.521338
0.588606
0.704386
0.211846
0.171201
0.398228
0.0285359
0.0316642
0.402347
0.0239535
0.0994362
0.00642791
0.221035
0.0395767
0.559251
0.110739
0.242255
0.0144603
0.0872694
0.0239884
0.0354979
0.173142
0.199787
0.240555
0.0459216
0.143872
0.184729
0.12149
0.128183
0.281138
0.274839
0.1543
0.151277
0.235991
0.171033
0.135885
0.257645
0.29525
0.110743
0.173991
0.283251
0.0216426
0.0648993
0.0718699
0.150223
0.0824884
0.0140256
0.0872107
0.495935
0.797427
0.685783
1.08477
0.47519
0.901832
0.623818
0.261696
0.551118
0.233882
0.544341
0.191988
0.608995
0.270049
0.730412
0.728752
1.09008
1.18451
0.713033
0.705904
1.24776
0.211254
0.43478
0.512954
0.695321
0.448403
0.235772
0.400724
1.98859
1.59716
1.25104
1.81901
1.09559
2.06023
1.77604
0.435389
0.562406
0.668019
0.441984
0.531211
0.472917
0.714806
0.335961
0.563401
0.392018
0.421641
0.619568
0.344193
0.674946
0.713298
0.862903
0.604921
0.565935
0.995212
0.674369
0.882257
0.491711
0.434286
0.714851
0.885662
0.375701
0.582167
0.797675
0.273918
0.433617
0.193741
0.190255
0.565753
0.257136
0.518669
0.0881935
0.356445
0.398907
0.128837
0.0961165
0.127809
0.464148
0.179522
0.287373
0.629221
0.672955
0.257135
0.208258
0.584595
0.113998
0.472104
0.0989625
0.128777
0.607375
0.153918
0.532802
0.818174
1.16258
0.85108
0.7914
1.14376
0.767881
1.1862
0.687488
0.549628
1.00309
0.959807
0.672331
0.575048
1.04094
0.901606
1.18511
1.19468
0.898623
0.869547
0.822977
1.22705
0.632476
1.1615
0.753761
0.717234
1.01509
0.600771
1.0991
0.270204
0.372702
0.851869
0.89645
0.263949
0.428262
0.877974
0.148542
0.500213
0.147347
0.20131
0.759114
0.192359
0.782758
0.480844
0.756368
0.358957
0.33673
0.86412
0.468203
0.831801
0.086415
0.366153
0.466977
0.111355
0.144508
0.192323
0.684586
0.0150008
0.0102738
0.032242
0.0595188
0.0124605
0.0161318
0.0632216
0.0134534
0.06919
0.00621834
0.0529165
0.0141577
0.00577997
0.0964615
0.144605
0.0584821
0.0225466
0.0107141
0.128726
0.0792443
0.0244042
0.1903
0.201018
0.509414
0.479523
0.20059
0.192547
0.454956
0.166786
0.409515
0.492219
0.0820577
0.185743
0.434188
0.0645872
1.02093
0.479412
0.631951
0.280661
0.855489
0.532662
0.741002
0.0508421
0.06899
0.042044
0.0518781
0.138684
0.10605
0.15095
0.141913
0.175145
0.172439
0.120344
0.468784
0.252949
0.304131
0.339061
0.130013
0.474452
0.289268
0.521627
0.289014
0.338477
0.549272
0.341682
0.516014
0.0666565
0.0535421
0.152641
0.126439
0.161826
0.117195
0.295496
0.302598
0.0822882
0.428711
0.0953634
0.418527
0.297473
0.329995
0.505381
0.336194
0.460881
0.347297
0.467635
0.324933
0.380246
0.175929
0.300383
0.504622
0.281559
0.328868
0.539096
0.330812
0.506088
0.357911
0.512337
0.394151
0.289849
0.416007
0.193782
0.48002
0.13542
0.125204
0.159492
0.115951
0.0535655
0.0443333
0.336589
0.50088
0.34215
0.445662
0.350104
0.472405
0.333723
0.240701
0.324094
0.0633033
0.343574
0.0938661
0.402072
0.215593
0.211091
0.141997
0.164769
0.41697
0.248812
0.250965
0.305733
0.14964
0.475507
0.12615
0.237273
0.16634
0.162144
0.767958
0.36627
0.461546
0.548734
0.79736
0.774909
0.636349
0.0547689
0.0475168
0.256086
0.307645
0.0744332
0.507027
0.0994537
0.497494
0.315192
0.15597
0.206668
0.199424
0.16589
0.609482
0.682851
0.637589
0.544801
0.69109
0.584286
0.554219
0.255781
0.172664
0.690522
0.772407
0.75072
0.665579
0.609237
0.626595
0.484597
0.602737
0.613807
0.497892
0.542719
0.454493
0.408338
0.10537
0.41342
0.15601
0.473196
0.365213
0.117836
0.0794041
0.529648
0.488903
0.426714
0.300046
0.492685
0.387656
0.418592
0.367451
0.337479
0.45818
0.242961
0.6537
0.881628
0.674496
0.658903
0.824551
0.66929
0.806295
0.129483
0.124497
0.882985
0.267743
0.671415
0.623531
0.730363
0.791536
0.209716
0.246796
0.23466
0.243758
0.217681
0.551035
0.671836
0.522572
0.563403
0.580343
0.631422
0.486545
0.0997045
0.0836171
0.511021
0.570841
0.53297
0.122039
0.599635
0.152955
0.443724
0.569289
0.531461
0.49686
0.545958
1.10751
0.451198
1.12076
1.00019
1.10116
1.01638
0.387255
0.421936
0.301411
0.36926
0.412193
0.267646
0.350308
0.332638
0.348549
0.32766
0.475263
0.420294
0.506192
0.421293
0.838461
0.963578
0.697173
0.244517
0.860828
0.319406
0.684542
0.223581
0.170567
0.234507
0.16647
1.41295
1.70801
1.71944
1.11022
1.07556
0.963085
1.15659
0.476833
0.269527
1.69843
1.47848
0.775801
0.837084
0.546113
0.582388
0.410273
0.104494
0.569622
0.167212
0.387853
0.746004
0.704885
0.426218
0.529554
0.628888
0.801359
0.48477
0.151816
0.0812821
0.396109
0.200829
0.425619
0.191674
1.49662
0.81348
1.56718
1.18652
1.19972
1.27161
0.447302
1.74866
1.56864
0.782339
0.850364
0.580188
0.301855
0.95053
0.84898
0.752823
0.632115
0.969405
0.897256
0.707278
0.922476
0.982422
0.825972
0.210171
1.01127
0.297819
0.718812
0.454359
0.229498
0.45529
0.255642
0.190652
0.119888
0.326142
0.000832245
0.00120674
0.00158642
0.00162441
0.00170146
0.00151267
0.00527188
0.000658112
0.00466174
0.0048519
0.00470019
0.000709507
0.00446399
0.00461398
0.00930109
0.00774283
0.00784956
0.00883334
0.00541776
0.00743392
0.000722128
0.000709788
0.000768042
0.00073963
0.00108458
0.00136445
0.000954483
0.0018815
0.00109014
0.00305791
0.00265891
0.000747439
0.00224741
0.0028623
0.00248041
0.00112773
0.001983
0.00341608
0.00275602
0.00358298
0.000614658
0.0005833
0.00490415
0.00777066
0.00797623
0.00756649
0.0075153
0.00527852
0.00629087
0.0040061
0.000548812
0.0060092
0.00595321
0.00259772
0.00063729
0.00627355
0.000782253
0.000696289
0.00107718
0.00141737
0.000763403
0.000636938
0.00306651
0.00310133
0.00111799
0.00217329
0.00385553
0.00260462
0.0045123
0.000896608
0.00219903
0.000997231
0.00250032
0.0025541
0.000577995
0.00368462
0.000582716
0.000478074
0.0035648
0.000791746
0.00587293
0.00430294
0.00382213
0.00096123
0.00494482
0.00137326
0.00154786
0.00149015
0.00159802
0.00489404
0.00771212
0.00948555
0.00510065
0.00879195
0.00547477
0.00703648
0.000755545
0.000615414
0.0011434
0.00180338
0.00159661
0.00360877
0.00257605
0.000949157
0.00300172
0.000702756
0.000819141
0.000972678
0.00136407
0.00292676
0.00413229
0.00126067
0.00268461
0.00289017
0.00273328
0.00432221
0.000603438
0.00057083
0.00496299
0.00737028
0.00916674
0.00979006
0.00839532
0.00555271
0.00637374
0.00145632
0.00162423
0.00151951
0.00179777
0.00093511
0.00198406
0.000990378
0.00265441
0.00252309
0.000615188
0.00352989
0.000757011
0.000586537
0.00314555
0.00284615
0.00107963
0.00201378
0.00451633
0.00417706
0.00277184
0.000741257
0.000770184
0.00101238
0.00153811
0.00483155
0.00948596
0.00780281
0.00512112
0.0087896
0.00671708
0.00540127
0.000640998
0.000633654
0.00367457
0.00605333
0.000793157
0.0042972
0.00392434
0.0051697
0.00096398
0.000702149
0.000816119
0.000969945
0.00135185
0.00441992
0.00291499
0.00126941
0.00268805
0.00292146
0.00423477
0.0027164
0.000758874
0.000619502
0.00182694
0.00114169
0.00160197
0.00366803
0.00257834
0.00308304
0.000950392
0.00144668
0.00160746
0.00150538
0.00177362
0.00349184
0.00652613
0.0005561
0.00584167
0.00243502
0.00544847
0.000643501
0.00060037
0.000568299
0.00297258
0.00315335
0.00107758
0.00201281
0.00450937
0.00277458
0.0041714
0.000737766
0.00077009
0.00100764
0.00151819
0.00199162
0.000934605
0.000990349
0.00267298
0.00253056
0.00352897
0.000615482
0.000757446
0.000585647
0.000831871
0.00120434
0.00464202
0.00760516
0.0092903
0.00774199
0.00883213
0.00730145
0.00545231
0.000609734
0.000707058
0.0015784
0.00161432
0.00168484
0.00150547
0.00187313
0.000953936
0.0010881
0.00305381
0.00264821
0.00223825
0.000745007
0.00247909
0.00287854
0.00112891
0.00199234
0.00342064
0.00361491
0.00276643
0.000720914
0.000710223
0.00076925
0.000738714
0.00108233
0.00136061
0.00393156
0.00609025
0.000546753
0.00593028
0.00258046
0.00621682
0.000635497
0.00143139
0.00162341
0.00143528
0.00158008
0.000610728
0.000578801
0.00307575
0.0030738
0.00111825
0.0021731
0.00386931
0.00448166
0.0026179
0.00218927
0.000896596
0.000996272
0.00248198
0.00253867
0.00365221
0.000577306
0.000783669
0.000696524
0.00107383
0.0014141
0.000764644
0.000635397
0.000477654
0.0366145
0.0229347
0.0524301
0.0420181
0.0152321
0.00851578
0.0316962
0.0451954
0.0171227
0.0072559
0.0327977
0.0120722
0.0333616
0.00890141
0.0501069
0.00667863
0.0105858
0.0273735
0.108031
0.151562
0.0658535
0.0147521
0.0219949
0.169661
0.110834
0.133571
0.0628155
0.044061
0.0215997
0.102554
0.0705392
0.0811174
0.014277
0.024454
0.0137838
0.0164531
0.315632
0.194521
0.178647
0.0452348
0.150715
0.331432
0.17982
0.150969
0.19651
0.511504
0.480704
0.176836
0.178488
0.464982
0.116185
0.187449
0.0512443
0.443426
0.0418004
0.144398
0.424442
0.0178046
0.019409
0.0794586
0.0860387
0.017743
0.0809061
0.0183267
0.016
0.0447762
0.00636254
0.0954848
0.0154222
0.00599256
0.0841178
0.425595
0.389074
0.352884
0.106196
0.511093
0.283527
0.306236
0.0181467
0.0200856
0.0851778
0.0974148
0.102111
0.0185385
0.0195228
0.016259
0.0444742
0.0880147
0.00722635
0.0848122
0.0186134
0.0058823
0.201832
0.114582
0.0812979
0.0453542
0.132716
0.168657
0.11739
0.186667
0.171665
0.278151
0.266021
0.389233
0.291217
0.751164
0.852854
0.326666
0.891575
0.354402
0.390247
0.601721
0.686206
0.148778
0.314745
0.9052
0.212591
0.232459
0.146091
0.0864198
0.0353092
0.166574
0.207528
0.0990688
0.22706
0.229001
0.572118
0.792223
0.656754
0.175034
0.294457
0.167796
0.358474
0.418743
0.0434749
0.482954
0.123141
0.0532091
0.0438681
0.0401231
0.0986214
0.0943212
0.0794042
0.0871018
0.0550532
0.0592651
0.484885
0.534833
0.465849
0.385069
0.393431
0.407357
0.340913
0.365926
0.449613
0.36866
0.394642
0.289062
0.344043
0.29027
0.0658846
0.316798
0.275196
0.21023
0.232008
0.0431384
0.282488
0.23101
0.196564
0.172771
0.219844
0.286311
0.349971
0.287017
0.311424
0.214452
0.247853
0.20089
0.318577
0.33268
0.471916
0.259967
0.26833
0.215089
0.252563
0.204203
0.334913
0.27183
0.217175
0.263296
0.16344
0.253518
0.290438
0.0614919
0.269034
0.139178
0.224334
0.209366
0.0365271
0.530356
0.407463
0.49098
0.308376
0.265638
0.355738
0.173799
0.123108
0.0338884
0.0355865
0.0710605
0.0832155
0.0729371
0.0802074
0.0601196
0.0639434
0.318308
0.291152
0.248014
0.253681
0.258454
0.211805
0.18096
0.24126
0.273389
0.243645
0.265757
0.209379
0.22317
0.21188
0.149837
0.0298882
0.200999
0.172629
0.154819
0.0293934
0.195275
0.0819527
0.150088
0.101814
0.124116
0.160104
0.171241
0.154476
0.139323
0.119415
0.118973
0.131276
0.23625
0.17949
0.179784
0.187897
0.206142
0.153109
0.156875
0.169556
0.178034
0.204324
0.203818
0.119185
0.16991
0.184073
0.0867953
0.125258
0.0189357
0.111585
0.0966451
0.112121
0.0147047
0.0752267
0.11281
0.0712832
0.106639
0.0721489
0.108746
0.0764614
0.0202109
0.0232947
0.0262406
0.0555533
0.0675054
0.060332
0.0616728
0.025319
0.0388976
0.203118
0.141426
0.116448
0.139382
0.153588
0.0669442
0.0636386
0.182202
0.177393
0.184564
0.172693
0.15542
0.137861
0.15581
0.127437
0.025288
0.162267
0.142863
0.132011
0.0239705
0.157125
0.0254398
0.04848
0.0328142
0.0384157
0.0857896
0.0793928
0.102539
0.0341908
0.0577027
0.0453251
0.0763541
0.178195
0.128791
0.13734
0.120646
0.148617
0.104692
0.117251
0.142616
0.148207
0.168764
0.165023
0.148493
0.142364
0.160701
0.0490097
0.0699264
0.00615884
0.0509363
0.0557867
0.0603599
0.00452492
0.0905137
0.118068
0.0943151
0.107514
0.0959071
0.112547
0.0879727
0.0199501
0.0107091
0.0140464
0.0342534
0.0428592
0.0398621
0.0361067
0.00790567
0.00929423
0.106284
0.0312031
0.0391619
0.0671221
0.067305
0.0124913
0.0240999
0.130176
0.101754
0.127186
0.088203
0.102637
0.0638388
0.096165
0.100497
0.0187008
0.126037
0.11202
0.107487
0.017049
0.118981
0.0013554
0.0124187
0.00399895
0.00534808
0.0363474
0.0284674
0.0522796
0.0119887
0.0200389
0.0178288
0.0328802
0.118582
0.080256
0.0961729
0.0548956
0.0863822
0.0561251
0.0734309
0.111054
0.118238
0.126717
0.119887
0.118793
0.110254
0.1172
0.0238284
0.0359305
0.00198729
0.0158085
0.03193
0.0253859
0.00150254
0.0628184
0.0802958
0.0643054
0.0679372
0.0678587
0.0755163
0.0580447
0.0124348
0.00280501
0.00386557
0.0117411
0.0148317
0.0160393
0.0100069
0.00112607
0.00311268
0.0267946
0.00800717
0.0117033
0.00940294
0.00796296
0.00719947
0.00711472
0.0714942
0.0298928
0.0621972
0.0149797
0.0425949
0.0119936
0.0324869
0.0599054
0.0106061
0.0804876
0.060722
0.0705279
0.00841128
0.0680122
0.000382481
0.000408002
0.000385784
0.000397755
0.0106803
0.0119686
0.0197751
0.00824249
0.00780169
0.00923146
0.0125804
0.0535076
0.0351563
0.0505307
0.0132733
0.0268849
0.020317
0.0308501
0.0701119
0.0783142
0.0758924
0.0645713
0.0803285
0.0680181
0.0640338
0.00605498
0.0115446
0.000581154
0.00450952
0.00816571
0.00920243
0.000460017
0.0277285
0.0411558
0.0236381
0.0282789
0.035463
0.035795
0.0183136
0.00648164
0.000320002
0.000634304
0.0018272
0.00310014
0.00335067
0.00163307
0.000122857
0.00012965
0.00573905
0.00657411
0.00652534
0.00507064
0.00556473
0.00616889
0.00656542
0.0146215
0.0071413
0.0130115
0.00584657
0.00600532
0.00699764
0.0067545
0.00781649
0.00224772
0.0123866
0.00401369
0.0144984
0.00132949
0.00727375
0.000371521
0.000397531
0.000377214
0.000389857
0.00726744
0.00794349
0.00927017
0.00690195
0.00723593
0.0072179
0.00791452
0.0119359
0.0122084
0.0174671
0.00752048
0.00749807
0.00887985
0.0106865
0.0159441
0.0249307
0.0241048
0.0139067
0.0256467
0.0153219
0.0164437
0.00277932
0.00672148
0.000279611
0.00282734
0.00299341
0.00616869
0.000261739
0.00738702
0.0156711
0.00696492
0.0121464
0.00955561
0.0139112
0.0057648
0.00207697
0.000170502
0.000229189
0.000352331
0.000353367
0.000318178
0.000368422
9.48518e-05
0.000103884
0.00567157
0.00583864
0.00672944
0.00474041
0.00586795
0.00562871
0.00697042
0.00396201
0.00741946
0.00648655
0.00454794
0.00322914
0.00786618
0.00525964
0.00174485
0.00029405
0.00279479
0.00112754
0.00192042
0.000255765
0.00248454
0.000312323
0.000345144
0.000330802
0.000322538
0.00726916
0.00667469
0.00723448
0.00594805
0.00727769
0.00617611
0.00665599
0.00676157
0.00764854
0.0080539
0.00785624
0.00646057
0.0068944
0.00692466
0.0069044
0.00706699
0.00758528
0.00574933
0.00678265
0.00618903
0.00689189
0.00249607
0.00602343
0.000237845
0.00263287
0.0025631
0.0055629
0.000230074
0.00400158
0.00854397
0.00405373
0.00816702
0.00438837
0.00819963
0.00378393
0.000604504
0.000107951
0.000115024
0.000311103
0.000318266
0.000317754
0.000310276
7.40581e-05
7.85604e-05
0.00513089
0.00554208
0.00726972
0.00333967
0.00424118
0.00486151
0.00759305
0.00277107
0.00779135
0.00465598
0.00343868
0.00241923
0.00683993
0.00422595
0.00186799
0.000174873
0.00203983
0.0016983
0.00186012
0.000175854
0.00194297
0.000247058
0.000266487
0.000261458
0.000253422
0.00725777
0.00566733
0.00605551
0.00526303
0.00727689
0.00514981
0.00562463
0.00641905
0.0061704
0.00598204
0.00814911
0.00518592
0.00564689
0.00513423
0.00403679
0.00413889
0.00511007
0.00367639
0.00481914
0.00370277
0.00471583
0.00221111
0.00529943
0.000198753
0.00224304
0.00233691
0.00486283
0.000186234
0.00285025
0.00679028
0.0031356
0.00654106
0.00315841
0.0064772
0.00289306
0.000428712
0.000125244
0.00011505
0.000367451
0.000344083
0.000341157
0.000372547
7.70368e-05
7.40522e-05
0.00316082
0.00348362
0.0071577
0.0015406
0.00225899
0.00244671
0.00537917
0.00210938
0.00570973
0.00354003
0.00232051
0.00200878
0.0046891
0.00289664
0.00200319
0.000177302
0.00210667
0.00209374
0.00207381
0.000186679
0.00198489
0.000210543
0.000223264
0.000218098
0.000218627
0.00694559
0.00462779
0.00484483
0.00345897
0.00631897
0.00417208
0.00353166
0.00493846
0.00570484
0.00472342
0.00557928
0.00382424
0.00494067
0.00516801
0.00194399
0.00189237
0.00385551
0.00222376
0.00250629
0.00174855
0.00281782
0.00162154
0.00444298
0.000149014
0.0016935
0.00183623
0.00399111
0.000139252
0.00178916
0.00432351
0.002321
0.00417146
0.00197524
0.00430486
0.00216583
0.000295824
0.000237035
0.000197533
0.000553259
0.00051056
0.000488024
0.000584118
8.73051e-05
7.33135e-05
0.00196133
0.0018786
0.00400117
0.00121567
0.00223626
0.00157193
0.00366788
0.00215862
0.00411623
0.00260751
0.00259781
0.0025993
0.00429322
0.00275899
0.00222662
0.000225337
0.00215966
0.00249608
0.00212889
0.000249485
0.00233703
0.000214583
0.0002199
0.000202591
0.000231585
0.00500292
0.00283321
0.00292168
0.00179203
0.00386367
0.00147592
0.00292077
0.00280285
0.00409004
0.00360578
0.00420696
0.00251224
0.00285837
0.00235376
0.00169444
0.00169129
0.00185326
0.00178881
0.00161473
0.00177684
0.00176278
0.000922345
0.00291771
0.000119285
0.00101599
0.00108
0.00273083
0.00012103
0.001015
0.00272168
0.00160537
0.00204316
0.00134294
0.0024088
0.000987548
0.000250468
0.00045916
0.000389817
0.000839941
0.000825899
0.000759755
0.000925856
0.000424393
0.000276298
0.00305586
0.00174267
0.00444398
0.00274209
0.00456603
0.00253571
0.0062704
0.00342639
0.00526356
0.00348146
0.00479243
0.00491592
0.00719066
0.00498702
0.00372806
0.000339433
0.00333779
0.00418739
0.00327133
0.000373848
0.00395698
0.000587862
0.000459074
0.000395964
0.000689624
0.0039551
0.00119007
0.00223037
0.00215448
0.00541237
0.00156983
0.00272419
0.00301628
0.00265158
0.00249664
0.00651296
0.00441427
0.00354838
0.00369855
0.00305511
0.00267087
0.00249451
0.00304424
0.00266145
0.00310801
0.00296897
0.00084551
0.00081242
0.000241488
0.000652459
0.000493438
0.000930141
0.000384464
0.00239509
0.00204418
0.00234162
0.00192596
0.00215446
0.0023238
0.00205301
0.000353864
0.000541761
0.000542306
0.00102109
0.00110902
0.00100647
0.00112451
0.000927705
0.00107383
0.00682666
0.00403983
0.00942794
0.00649084
0.00943059
0.00631986
0.0101784
0.00773528
0.0102854
0.00789791
0.0100763
0.0100104
0.0101703
0.0100713
0.00848188
0.000472615
0.00838437
0.00838966
0.00825698
0.000483794
0.00989965
0.00228917
0.00235607
0.00228913
0.00232302
0.00825807
0.0026941
0.0046067
0.00589756
0.0102005
0.00485336
0.00721264
0.00715396
0.00570219
0.00620716
0.0101783
0.0100731
0.00900699
0.00999399
0.00834822
0.00693207
0.00649142
0.00884243
0.00694976
0.00867991
0.00834108
0.00342222
0.00240294
0.000922937
0.0027478
0.00250339
0.00324969
0.000927615
0.00633733
0.00504525
0.00434391
0.00501979
0.00497457
0.00590978
0.00542606
0.000483312
0.000440379
0.00046948
0.000934384
0.00106083
0.000977517
0.00101101
0.000476811
0.000517025
0.0100625
0.0086656
0.010118
0.00949451
0.0100509
0.0100499
0.0100929
0.00999086
0.0101155
0.0100375
0.0100354
0.00998481
0.0100908
0.0100259
0.00870109
0.000503017
0.00988048
0.00839315
0.00862878
0.000487961
0.00987893
0.00110251
0.00129222
0.00120411
0.00117859
0.0101289
0.00718939
0.0100693
0.00977427
0.0100964
0.00913284
0.0100454
0.0100391
0.0100618
0.00997802
0.0100898
0.0100273
0.0100436
0.00997752
0.00964163
0.0097494
0.00994757
0.00996519
0.00962367
0.00973785
0.00994878
0.00833621
0.00705373
0.00062603
0.00715913
0.00740528
0.00762069
0.000586471
0.00971472
0.00998928
0.00979777
0.00999786
0.00966691
0.00998496
0.00981384
0.000488535
0.000346053
0.000369077
0.000770005
0.000869917
0.000812245
0.000821437
0.000356716
0.000380129
0.0100468
0.0100392
0.0100817
0.00905831
0.0100452
0.0100343
0.0100757
0.00998375
0.0100798
0.0100227
0.0100322
0.00998495
0.0100737
0.0100228
0.00876814
0.000449351
0.00987443
0.00840024
0.0087398
0.00043036
0.00987689
0.000807785
0.000936347
0.000862278
0.00087582
0.0100812
0.00979624
0.0100363
0.0100322
0.0100729
0.0095918
0.0100332
0.0100251
0.0100401
0.00998448
0.0100742
0.0100257
0.0100397
0.00998958
0.00967422
0.00972269
0.00995707
0.00997295
0.00966079
0.00972126
0.00995997
0.00871832
0.00993498
0.000491189
0.00899595
0.00870388
0.0099294
0.000465649
0.00978963
0.00998448
0.00985359
0.00999187
0.00977754
0.00998256
0.00985976
0.000437344
0.000278462
0.000295792
0.000634104
0.000715879
0.000669523
0.000676166
0.000281284
0.000299748
0.00990732
0.00927417
0.0100723
0.00789688
0.00924211
0.00869076
0.0100702
0.00998667
0.0100695
0.010025
0.0100368
0.00966924
0.0100662
0.0100276
0.00875951
0.000383553
0.00944946
0.00841852
0.00876003
0.000363719
0.00940608
0.000637115
0.0007333
0.000679311
0.000687112
0.0100677
0.00887516
0.0100327
0.00888075
0.0100647
0.00813638
0.00935558
0.0100264
0.0100386
0.00999201
0.0100656
0.0100272
0.0100347
0.00941525
0.00949786
0.00968664
0.00968643
0.00945744
0.00965994
0.00973948
0.0091817
0.00871739
0.00940529
0.000401708
0.00877048
0.00871326
0.00901067
0.00037872
0.00979398
0.00998237
0.00987423
0.00954241
0.00979789
0.00981151
0.00950833
0.000375247
0.000226964
0.000240126
0.00052097
0.000587121
0.000552105
0.000553526
0.000228301
0.000241609
0.00864504
0.00845481
0.0100682
0.00776063
0.00833126
0.00844526
0.0100664
0.0081684
0.0100631
0.00903194
0.00812971
0.00717976
0.0100632
0.00792689
0.00755877
0.000317306
0.0076062
0.00744432
0.00754653
0.000299256
0.00748118
0.000516142
0.000588453
0.000547241
0.000556156
0.0100636
0.00757367
0.00847425
0.00827283
0.0100641
0.00725613
0.00793366
0.00885144
0.00865803
0.00788249
0.0100632
0.00776132
0.00778777
0.00693547
0.0077202
0.00797877
0.00787304
0.0074958
0.0079521
0.00771037
0.00749462
0.0072681
0.00740756
0.000323381
0.00733927
0.00750746
0.00732854
0.000305221
0.00734071
0.0076582
0.00777198
0.00731435
0.00782805
0.00732798
0.00722678
0.000311292
0.000189398
0.000198774
0.000428621
0.000481908
0.000452227
0.000456718
0.00019004
0.000199572
0.00823544
0.00838793
0.0100667
0.00751777
0.00813085
0.00814119
0.0100686
0.00674745
0.0100663
0.00745029
0.00759737
0.00670507
0.0100694
0.00740339
0.0064574
0.000259449
0.00661351
0.00661489
0.00658482
0.000245858
0.00642386
0.000426218
0.000484916
0.000448653
0.000463204
0.0100669
0.00703104
0.00764949
0.00778809
0.0100706
0.00682328
0.0075075
0.00732185
0.007403
0.00653538
0.0100696
0.00729103
0.00737358
0.00652819
0.0065173
0.00677579
0.00669551
0.00645514
0.00677365
0.00651848
0.00645738
0.00657117
0.00653384
0.000263334
0.00664457
0.00660604
0.00654293
0.000250342
0.00648953
0.00651965
0.00661972
0.00647377
0.00663136
0.00644597
0.0063958
0.000256275
0.00016275
0.000169208
0.000364745
0.000405207
0.000380095
0.000388633
0.000162765
0.000169256
0.00797317
0.00790114
0.0100703
0.00722069
0.00797122
0.00791623
0.0100712
0.00686076
0.0100714
0.00756319
0.00794053
0.00716621
0.0100715
0.00788165
0.00660879
0.00021652
0.00651831
0.0067172
0.0064808
0.000207078
0.00661003
0.000362728
0.000410192
0.000377815
0.000396049
0.0100735
0.00679551
0.00754687
0.00782743
0.0100738
0.00707827
0.00785415
0.00751127
0.00760563
0.00678612
0.0100703
0.0079567
0.00804722
0.00722199
0.00660079
0.00648626
0.00651364
0.00658823
0.00651103
0.00665443
0.00657348
0.00618709
0.00587578
0.000219648
0.00594563
0.00602572
0.00601773
0.000209746
0.00640862
0.00632845
0.00636046
0.00648124
0.00634108
0.00644275
0.00642879
0.000214933
0.000143474
0.000148108
0.00032154
0.000353192
0.000332115
0.000341971
0.000142517
0.000147158
0.00826109
0.00825468
0.0100704
0.00780378
0.00879719
0.00887653
0.0100684
0.00765888
0.0100705
0.0084806
0.00912725
0.00838759
0.0100691
0.00947463
0.00757225
0.000187346
0.00738079
0.00746573
0.00739436
0.000181139
0.00747975
0.000317577
0.000354972
0.00032825
0.000345102
0.0100715
0.00766213
0.00847264
0.00915267
0.0100688
0.00858193
0.00956091
0.00866654
0.00872461
0.00787286
0.0100677
0.00981214
0.00987382
0.00898264
0.00771089
0.00726183
0.00736328
0.00761211
0.00739176
0.00768961
0.00761832
0.00739145
0.00652698
0.000188395
0.00676563
0.00687484
0.00695361
0.000182065
0.00783855
0.00729136
0.00733174
0.00773009
0.00736242
0.00770803
0.00778652
0.000186994
0.000128839
0.000132094
0.000289733
0.000315185
0.000296827
0.000307747
0.000128216
0.000131287
0.00982323
0.0100278
0.0100667
0.00999705
0.0100274
0.0100251
0.0100657
0.00958722
0.0100674
0.010027
0.0100269
0.00999209
0.0100662
0.010025
0.00896942
0.000168132
0.00915709
0.00882691
0.00893037
0.000164363
0.00989194
0.000286633
0.000317896
0.000293226
0.00031067
0.010067
0.00999207
0.01003
0.0100265
0.0100663
0.00999142
0.0100282
0.0100279
0.0100309
0.00999243
0.0100667
0.0100263
0.0100292
0.00999247
0.00971182
0.00963153
0.00969538
0.00997792
0.00966473
0.0098179
0.00996725
0.00890473
0.00863696
0.000169506
0.00847825
0.00889378
0.00946131
0.000165859
0.00973009
0.00997221
0.00988814
0.00998079
0.00973996
0.00996992
0.00988356
0.000170501
0.000120286
0.000121984
0.000270294
0.000291403
0.000274243
0.000287098
0.000120024
0.000121721
0.0100247
0.010023
0.0100649
0.00999254
0.0100233
0.0100217
0.0100628
0.00999063
0.0100651
0.0100236
0.0100235
0.00999032
0.0100632
0.0100224
0.00911373
0.000157216
0.00992921
0.00898379
0.00909176
0.000155273
0.00992951
0.000268833
0.000294695
0.000272654
0.000291656
0.0100654
0.00999022
0.0100263
0.0100249
0.0100635
0.00998825
0.0100248
0.0100247
0.0100272
0.00999199
0.0100637
0.010023
0.0100249
0.00999173
0.00974344
0.00983782
0.00996701
0.00997449
0.00974833
0.00983716
0.00996478
0.00896514
0.00992067
0.000159375
0.00861255
0.00896125
0.00992091
0.000157451
0.00974009
0.00997021
0.00988445
0.00997874
0.00974524
0.00996786
0.00987934
0.00016233
0.000117405
0.000117828
0.000262629
0.000280232
0.000263912
0.000278871
0.000117049
0.000117565
0.0100221
0.0100206
0.010059
0.00999219
0.0100205
0.010019
0.0100545
0.00999076
0.0100601
0.0100214
0.0100213
0.00999039
0.010056
0.01002
0.00906934
0.000152126
0.0099272
0.00890177
0.00910107
0.000151269
0.0099264
0.000261325
0.000284874
0.000262883
0.000283129
0.0100605
0.00998641
0.0100236
0.0100237
0.0100567
0.00998437
0.0100224
0.0100214
0.0100228
0.00999156
0.0100554
0.0100198
0.0100209
0.00999064
0.00973842
0.00984682
0.00996592
0.00997416
0.00975232
0.00983902
0.00996449
0.00899775
0.00992172
0.000154632
0.00855296
0.00899387
0.00992184
0.000153496
0.00973278
0.00996783
0.0098788
0.00997619
0.00974619
0.00996593
0.00987537
0.000158122
0.000117535
0.000117474
0.000261835
0.000278348
0.000261942
0.000278372
0.000116589
0.000116715
0.0100185
0.0100175
0.0100499
0.00999166
0.010017
0.0100169
0.0100461
0.00998923
0.0100508
0.0100181
0.0100169
0.00998877
0.0100458
0.010016
0.0090111
0.000150204
0.00992235
0.00888461
0.00902471
0.000149723
0.00992355
0.00025844
0.00028016
0.000259328
0.000280553
0.0100526
0.0099846
0.0100206
0.0100189
0.0100486
0.00998644
0.0100189
0.0100185
0.0100191
0.00999003
0.0100458
0.010017
0.0100177
0.00999029
0.00970794
0.00982824
0.00996688
0.00997638
0.00971914
0.00982394
0.00996568
0.00905942
0.00992251
0.000151433
0.0086023
0.0090481
0.00992376
0.000150432
0.00973396
0.00996679
0.00988102
0.00997469
0.00973811
0.00996514
0.00987871
0.000155267
0.000118118
0.000117971
0.000262616
0.000279006
0.00026249
0.000279283
0.000116702
0.000116577
0.0100167
0.010017
0.0100427
0.00999249
0.0100175
0.0100175
0.0100395
0.00998945
0.010042
0.0100151
0.0100169
0.00999085
0.0100394
0.0100159
0.00916459
0.000150018
0.00993843
0.00927603
0.00912577
0.000150199
0.00994343
0.000257138
0.000276719
0.000257138
0.000276831
0.0100445
0.00998953
0.0100178
0.0100172
0.0100406
0.00999189
0.0100176
0.010016
0.0100171
0.00999137
0.010039
0.010016
0.0100172
0.00999299
0.00973674
0.00984625
0.00996848
0.00997644
0.00973471
0.00985021
0.00996738
0.00915596
0.00993252
0.000149147
0.00887404
0.00914356
0.00993583
0.000148986
0.00979295
0.00996882
0.00988347
0.00997669
0.00978741
0.00996855
0.00987979
0.000154789
0.000119713
0.000119006
0.000265185
0.000280605
0.000264
0.000281941
0.000118769
0.000117895
0.0100186
0.0100183
0.0100371
0.00999208
0.0100195
0.0100191
0.0100358
0.00999212
0.0100375
0.0100171
0.0100185
0.00999345
0.0100363
0.0100175
0.00937644
0.000151581
0.00995796
0.00957732
0.00935022
0.000152417
0.00995982
0.000261041
0.000278658
0.000259109
0.00028075
0.0100373
0.00999326
0.0100175
0.0100167
0.0100353
0.00999377
0.0100174
0.0100164
0.0100176
0.00999438
0.010036
0.0100166
0.0100177
0.00999547
0.00979721
0.00987989
0.0099716
0.00998015
0.00979427
0.00987976
0.00997112
0.00926641
0.00994716
0.000150376
0.00912869
0.00925975
0.0099487
0.000151459
0.0098218
0.00997347
0.00987852
0.00997992
0.00982752
0.00997275
0.00987164
0.000156857
0.000123595
0.00012216
0.000271692
0.000286
0.000268952
0.00028884
0.000123049
0.000121607
0.0100202
0.0100198
0.0100353
0.00999326
0.0100209
0.0100205
0.0100357
0.0099946
0.0100354
0.0100176
0.0100196
0.00999595
0.010035
0.0100179
0.00942657
0.000154776
0.00996539
0.00962053
0.00944156
0.000156218
0.0099645
0.000270058
0.00028686
0.000266986
0.000289868
0.0100345
0.00999468
0.0100177
0.0100179
0.0100346
0.00999613
0.0100185
0.0100169
0.0100179
0.00999632
0.010035
0.0100176
0.0100186
0.00999719
0.00982376
0.00988226
0.00997493
0.00998226
0.00982792
0.00987874
0.00997419
0.00928905
0.00995376
0.000155083
0.00930857
0.0092931
0.00995373
0.000157068
0.00982025
0.00997581
0.00986161
0.00998172
0.00982481
0.00997487
0.0098544
0.000160966
0.000129362
0.000127593
0.000283309
0.000297077
0.000279263
0.000301081
0.000129081
0.000127208
0.010021
0.0100206
0.0100363
0.00999935
0.0100214
0.0100212
0.0100378
0.00999716
0.0100357
0.0100186
0.0100208
0.00999865
0.0100371
0.0100199
0.00940333
0.000160905
0.00996376
0.0096018
0.0094173
0.000163229
0.00996269
0.000282695
0.000300154
0.000278682
0.000305797
0.0100355
0.00999802
0.0100196
0.0100207
0.0100376
0.0100002
0.0100212
0.0100185
0.0100193
0.0099982
0.0100371
0.0100199
0.0100205
0.00999927
0.00980585
0.0098704
0.00997577
0.00998257
0.00981762
0.00986379
0.00997489
0.0093246
0.0099585
0.00016277
0.00940852
0.00932124
0.00995848
0.000165446
0.00984608
0.0099779
0.00986379
0.00998327
0.0098452
0.00997734
0.00986274
0.000169352
0.000137245
0.000134939
0.000301413
0.000314236
0.000295994
0.000319749
0.00013709
0.000134777
0.0100229
0.0100227
0.0100406
0.0100032
0.0100248
0.0100245
0.0100442
0.0100003
0.0100396
0.0100218
0.0100243
0.010002
0.0100434
0.0100242
0.00937941
0.000171461
0.00996271
0.00955202
0.00938532
0.000174785
0.00996187
0.000300161
0.000317459
0.000295142
0.000324346
0.0100408
0.0100025
0.0100234
0.0100249
0.0100446
0.0100042
0.0100256
0.0100219
0.0100223
0.0100005
0.0100435
0.0100242
0.0100247
0.0100025
0.00977645
0.00986386
0.00997816
0.00998643
0.00978422
0.00986109
0.0099775
0.00928587
0.00996116
0.0001737
0.00940933
0.00929996
0.00996041
0.000176825
0.00986093
0.00998166
0.00988248
0.00998703
0.00986072
0.00998167
0.00988083
0.000182027
0.000148244
0.000145199
0.000325714
0.000338027
0.000319328
0.000344663
0.000147148
0.000144373
0.0100271
0.0100268
0.0100478
0.0100059
0.0100292
0.010029
0.0100509
0.0100035
0.0100474
0.0100265
0.0100287
0.0100048
0.0100507
0.0100286
0.00944152
0.000186153
0.0099664
0.00956366
0.00943014
0.000190065
0.00996655
0.000321056
0.000339818
0.000315604
0.000347498
0.0100479
0.0100055
0.0100275
0.0100286
0.0100509
0.0100059
0.0100294
0.0100267
0.0100272
0.0100045
0.0100506
0.0100287
0.010029
0.0100054
0.00980601
0.00987713
0.00998138
0.00998993
0.00980631
0.00987978
0.00998104
0.00932573
0.00996428
0.000186576
0.00951333
0.00931422
0.00996406
0.000189896
0.00986579
0.00998621
0.00989606
0.00999104
0.00986704
0.00998537
0.00989442
0.000197104
0.000162115
0.000158259
0.00035416
0.000366517
0.000346317
0.000374969
0.000160102
0.000156378
0.0100309
0.0100307
0.0100532
0.0100085
0.0100327
0.0100323
0.0100547
0.0100064
0.0100533
0.0100304
0.0100324
0.010008
0.0100551
0.0100322
0.00946517
0.000202287
0.00997003
0.00960833
0.0094683
0.00020657
0.00996924
0.00034636
0.000363659
0.000339032
0.000371518
0.0100534
0.0100065
0.010031
0.0100322
0.0100547
0.0100079
0.0100327
0.0100305
0.0100308
0.0100063
0.0100552
0.0100323
0.010033
0.0100075
0.00981921
0.00988871
0.00998464
0.00999246
0.00982752
0.00988379
0.00998387
0.00935681
0.00996618
0.000200228
0.0095644
0.00936278
0.00996541
0.000204181
0.00986125
0.0099863
0.00989687
0.00999157
0.00986411
0.00998557
0.0098966
0.000212095
0.00018041
0.000174585
0.000391226
0.000401825
0.000379155
0.000414709
0.000178741
0.000172825
0.0100341
0.0100338
0.0100549
0.0088289
0.0100278
0.00964786
0.0100542
0.0100092
0.0100552
0.0100334
0.0100338
0.00929951
0.0100543
0.0100333
0.00946955
0.000220226
0.00997069
0.00957532
0.00947297
0.00022629
0.00997025
0.000384315
0.000398948
0.000371766
0.000412532
0.0100548
0.0096188
0.010034
0.00948873
0.0100539
0.00837395
0.00953259
0.0100336
0.0100346
0.0100087
0.0100544
0.00993561
0.00961227
0.00882703
0.00981082
0.00987609
0.00998617
0.00999421
0.0098207
0.00986442
0.00998581
0.00926063
0.0099672
0.000218755
0.0090579
0.00934099
0.0092883
0.000225657
0.00985215
0.00998756
0.00990291
0.00959256
0.00985841
0.00983948
0.00963227
0.000231795
0.00020817
0.000199371
0.000447325
0.000455626
0.000429086
0.000475251
0.000208073
0.000198657
0.0089951
0.00878893
0.010053
0.00755327
0.00838854
0.0083061
0.0100513
0.00813529
0.0100529
0.00886486
0.00837094
0.00748497
0.0100508
0.0082322
0.00789411
0.000247765
0.00840997
0.00788269
0.00851392
0.000257655
0.0079205
0.000447396
0.000461623
0.000426881
0.000483274
0.0100525
0.00768239
0.00864471
0.00825482
0.0100508
0.00735517
0.00819338
0.00876827
0.00864482
0.00778697
0.0100509
0.00817906
0.00818081
0.00727837
0.00782536
0.00855478
0.0082197
0.00787261
0.00844976
0.00795826
0.00775031
0.00710234
0.00747399
0.000250037
0.00704645
0.00749908
0.00715317
0.000261843
0.00706344
0.00754131
0.00751556
0.00714461
0.00756695
0.00711523
0.00712406
0.000266587
0.000250019
0.000237049
0.000534742
0.000538192
0.00050688
0.00056737
0.000252715
0.000239503
0.00821362
0.0082045
0.0100484
0.00756724
0.00835691
0.00840943
0.0100455
0.00729589
0.0100481
0.00809315
0.00837087
0.00740957
0.0100454
0.00826073
0.00677186
0.000294613
0.00688855
0.00678209
0.006882
0.000311476
0.00686761
0.000542226
0.000554491
0.000514183
0.000584783
0.0100485
0.00734183
0.00810555
0.00839521
0.0100457
0.0076077
0.0083178
0.00805872
0.0081091
0.00719492
0.0100458
0.00822672
0.00832841
0.00741222
0.00677477
0.00690624
0.00682078
0.00681083
0.0068941
0.00677191
0.00678997
0.00705463
0.00700559
0.000302403
0.00699678
0.00696631
0.00705241
0.000319878
0.00701634
0.0068862
0.00701378
0.00703284
0.00691598
0.00696169
0.00711602
0.000325574
0.000315714
0.000295626
0.000674514
0.000669296
0.000631576
0.000714599
0.000315276
0.000296924
0.00873499
0.0088543
0.0100432
0.00843421
0.00932457
0.0094668
0.0100416
0.00774209
0.0100429
0.00866428
0.00928058
0.00827822
0.0100409
0.00929031
0.00742908
0.000371503
0.00720439
0.00728725
0.00716205
0.000397047
0.00745748
0.000670839
0.000679991
0.000633006
0.000724448
0.0100431
0.00808424
0.00880446
0.00953505
0.0100411
0.00868338
0.00953845
0.00863618
0.00880329
0.00785709
0.0100413
0.00931344
0.00952254
0.00849422
0.00755176
0.00717025
0.00721851
0.00747221
0.00721952
0.00749571
0.00752673
0.0081434
0.00794694
0.000377182
0.00801461
0.007918
0.0081678
0.000400421
0.00827575
0.00788501
0.0080079
0.0081607
0.00797965
0.00812143
0.00827615
0.000410381
0.000412894
0.000384537
0.000879019
0.000868035
0.00081956
0.000931167
0.000406181
0.000378789
0.0100222
0.0100214
0.0100403
0.00998587
0.0100207
0.0100203
0.0100391
0.00900996
0.0100397
0.0100214
0.0100207
0.00999865
0.010039
0.0100206
0.00916752
0.000481739
0.00875488
0.00901096
0.00868526
0.000516243
0.00921577
0.000854896
0.000863884
0.000798895
0.000924623
0.0100398
0.00936449
0.0100218
0.01002
0.0100389
0.00999908
0.0100205
0.0100214
0.010022
0.00928804
0.0100388
0.0100201
0.0100206
0.00999871
0.00951451
0.00897877
0.00892764
0.00935887
0.00899475
0.00950796
0.00942107
0.00931583
0.00914097
0.00047907
0.00920237
0.00902906
0.00941856
0.00051165
0.00956863
0.00913588
0.00917853
0.00944561
0.0091956
0.00945642
0.00951061
0.000528631
0.000541785
0.000506261
0.00114542
0.00113752
0.00107251
0.00121554
0.000539723
0.000500639
0.0100196
0.0100192
0.0100381
0.00999789
0.0100191
0.0100186
0.0100371
0.00999797
0.0100382
0.0100197
0.0100192
0.00999764
0.0100373
0.010019
0.0095544
0.0006277
0.00996543
0.00958085
0.00952923
0.000672435
0.00996607
0.00112777
0.00113442
0.00104731
0.00122219
0.0100381
0.00999863
0.0100195
0.0100185
0.0100371
0.00999804
0.0100188
0.0100191
0.0100196
0.00999818
0.0100372
0.0100186
0.0100188
0.00999767
0.00984793
0.00988643
0.0099767
0.0099844
0.00984661
0.00988728
0.00997699
0.00938351
0.00996055
0.000624201
0.00953664
0.00938197
0.00996016
0.000670226
0.00985655
0.00997743
0.00989607
0.00998347
0.00985714
0.0099771
0.00989467
0.000690106
0.000707897
0.000664682
0.00148165
0.0014824
0.00139648
0.00157255
0.000712911
0.000668765
0.010019
0.0100184
0.0100364
0.00999705
0.0100193
0.0100187
0.0100362
0.00999751
0.0100362
0.0100185
0.010019
0.00999786
0.0100357
0.0100185
0.00957876
0.000821167
0.00996661
0.00962226
0.00956937
0.000875899
0.00996684
0.00148635
0.00151187
0.00139548
0.00160936
0.0100361
0.00999787
0.0100184
0.0100179
0.0100358
0.00999786
0.0100184
0.0100181
0.0100184
0.00999749
0.0100357
0.010018
0.0100186
0.00999768
0.00985489
0.00988446
0.00997672
0.00998348
0.00985367
0.00988359
0.00997665
0.00938853
0.00996023
0.000825738
0.00952036
0.00937004
0.00996117
0.000883281
0.00985415
0.0099763
0.00988952
0.00998281
0.00985277
0.00997643
0.00989045
0.00090638
0.000900427
0.000856962
0.00186469
0.00188782
0.00177947
0.00198
0.000899531
0.000855501
0.0100198
0.0100191
0.0100367
0.00999902
0.0100209
0.0100201
0.0100383
0.0099983
0.0100363
0.0100192
0.0100208
0.00999936
0.0100381
0.0100207
0.00957162
0.00105839
0.00996708
0.00961442
0.0095754
0.0011151
0.00996691
0.00186475
0.0019178
0.00177709
0.00201247
0.0100364
0.00999819
0.0100189
0.0100196
0.010038
0.00999945
0.01002
0.0100186
0.0100194
0.00999824
0.010038
0.01002
0.0100206
0.00999928
0.00984851
0.00988236
0.00997688
0.00998419
0.00985138
0.00988239
0.00997699
0.00940892
0.00996283
0.00107473
0.00951353
0.00939692
0.00996308
0.00113523
0.00986222
0.00997769
0.00989727
0.00998422
0.00986015
0.00997813
0.00989768
0.00116333
0.00108901
0.00104747
0.00225206
0.00230576
0.00216988
0.00239533
0.00108018
0.00103592
0.0100228
0.0100219
0.0100409
0.0100017
0.0100245
0.0100238
0.0100438
0.0100007
0.0100406
0.0100224
0.0100241
0.0100021
0.0100436
0.010024
0.00956988
0.00130277
0.00996838
0.00961187
0.0095677
0.001363
0.00996865
0.00222072
0.00232436
0.00214193
0.00240308
0.0100404
0.010001
0.0100218
0.0100235
0.0100434
0.0100021
0.0100237
0.0100217
0.0100221
0.0100007
0.0100432
0.0100234
0.0100238
0.0100019
0.00984501
0.00988949
0.00997914
0.00998764
0.0098456
0.00989018
0.00998001
0.00940843
0.00996383
0.00132825
0.00951471
0.009395
0.00996411
0.0013827
0.00986321
0.00998018
0.00989814
0.00998669
0.00986487
0.00998049
0.00989548
0.00142338
0.00125132
0.00121465
0.00258399
0.00267146
0.00250912
0.00275035
0.00122099
0.00119093
0.0100258
0.0100253
0.0100468
0.0100024
0.0100264
0.0100259
0.0100496
0.0100027
0.0100468
0.0100256
0.0100263
0.0100026
0.0100499
0.0100264
0.00956338
0.00153045
0.00996919
0.00963236
0.00957068
0.00158266
0.00996816
0.0025189
0.00265782
0.00244761
0.00273126
0.0100467
0.0100022
0.0100252
0.0100258
0.0100497
0.0100015
0.0100258
0.0100251
0.0100252
0.0100024
0.0100498
0.010026
0.010026
0.0100021
0.00985572
0.00989772
0.00998184
0.0099881
0.0098584
0.00989514
0.00998096
0.00942464
0.00996422
0.00152337
0.0094515
0.00940937
0.00996355
0.00155129
0.00985555
0.00998153
0.00988974
0.0099872
0.00985915
0.00998089
0.00988683
0.00162292
0.00131334
0.00131041
0.00270387
0.00286543
0.0027044
0.00286551
0.00130125
0.00128657
0.0100265
0.010026
0.0100519
0.010001
0.0100259
0.0100255
0.0100529
0.0100015
0.0100523
0.0100263
0.0100254
0.0100001
0.0100531
0.0100252
0.00953387
0.00166332
0.0099653
0.00963177
0.00954977
0.00164984
0.0099639
0.00265504
0.00282103
0.00263395
0.0028486
0.0100521
0.0100011
0.0100261
0.0100254
0.010053
0.0100003
0.0100256
0.0100261
0.0100262
0.0100011
0.0100532
0.0100254
0.0100257
0.00999965
0.00983177
0.00989019
0.00997859
0.00998551
0.00984652
0.00988603
0.00997754
0.00944846
0.00996125
0.00159699
0.00947114
0.00942855
0.00996091
0.00159601
0.00985353
0.00997891
0.00989256
0.00998443
0.00985831
0.00997777
0.00989093
0.00167722
0.00121278
0.0012471
0.00247501
0.0027189
0.00255471
0.00264109
0.00122137
0.0012533
0.0100242
0.010024
0.0100522
0.00999647
0.010022
0.0100217
0.0100497
0.00999826
0.0100518
0.0100233
0.0100212
0.00999645
0.0100488
0.0100208
0.00949277
0.00152906
0.00995995
0.0095773
0.0094829
0.00146733
0.0099591
0.00248281
0.00274265
0.00254925
0.00267028
0.0100519
0.00999877
0.0100238
0.0100208
0.0100492
0.00999658
0.0100211
0.0100235
0.0100238
0.00999791
0.0100488
0.0100209
0.0100214
0.0099963
0.00978708
0.00987972
0.00997507
0.00998227
0.00979405
0.00987582
0.00997358
0.00947671
0.00995986
0.00151934
0.00955543
0.00947109
0.00995902
0.00147721
0.00985253
0.00997617
0.00989398
0.00998192
0.00985589
0.00997504
0.00989037
0.00151389
0.00103043
0.00107473
0.00209524
0.00233347
0.00218681
0.00223233
0.00102383
0.00107257
0.0100193
0.0100185
0.0100453
0.00999256
0.0100165
0.0100151
0.0100398
0.00999439
0.0100443
0.0100181
0.0100153
0.00999227
0.0100397
0.0100159
0.00952486
0.0012792
0.00995826
0.00961952
0.00952157
0.00122271
0.00995779
0.00209231
0.00232723
0.00217762
0.00224408
0.0100449
0.00999445
0.0100183
0.0100147
0.0100396
0.00999276
0.0100157
0.0100181
0.0100185
0.00999455
0.0100397
0.0100159
0.0100157
0.00999264
0.00981452
0.00988194
0.00997161
0.00997864
0.00981154
0.00988248
0.00997084
0.00945689
0.00995642
0.00130055
0.00955189
0.00945827
0.0099554
0.00124229
0.0098449
0.00997313
0.00986922
0.00997879
0.00984872
0.0099721
0.00985935
0.00125562
0.00085117
0.000893122
0.00175369
0.00193491
0.00183015
0.00185074
0.00086046
0.000893525
0.0100134
0.0100118
0.0100342
0.00998834
0.0100101
0.0100087
0.0100294
0.00998957
0.0100352
0.0100134
0.0100097
0.00998746
0.0100309
0.0100105
0.00949434
0.00105489
0.00995587
0.00958196
0.00951186
0.00100357
0.00995378
0.00178159
0.00198722
0.0018451
0.0019213
0.0100341
0.00999103
0.0100128
0.0100087
0.0100292
0.00998885
0.0100097
0.0100134
0.0100128
0.0099899
0.0100306
0.0100104
0.0100098
0.00998744
0.00978182
0.00987297
0.00996979
0.00997598
0.00980133
0.00986012
0.00996857
0.00936679
0.00995235
0.00108156
0.00957633
0.00939605
0.0099505
0.00103534
0.00980879
0.00997035
0.00983297
0.00997436
0.00982733
0.00996969
0.00981899
0.00101184
0.000704909
0.000737979
0.00154628
0.00166092
0.00158323
0.00161915
0.000740836
0.000765649
0.0100055
0.0100043
0.0100234
0.00998525
0.0100038
0.0100002
0.0100194
0.00998521
0.0100244
0.0100061
0.0100039
0.00998448
0.0100197
0.0100078
0.00890101
0.000838367
0.00994624
0.00569405
0.00928884
0.000793015
0.00994298
0.0015948
0.0017434
0.00162304
0.00171608
0.0100231
0.00998596
0.0100056
0.00999938
0.0100185
0.00998516
0.0100047
0.010006
0.0100057
0.00998482
0.0100199
0.010008
0.0100043
0.00998354
0.00972807
0.00980824
0.0099709
0.00997298
0.00973678
0.0098016
0.00997436
0.00910029
0.00994454
0.000894566
0.00951471
0.00917562
0.00994408
0.000852347
0.00968839
0.00997148
0.00976649
0.00997231
0.009721
0.00997185
0.00974445
0.000746955
0.000654083
0.000646601
0.00146794
0.00154756
0.00146283
0.00156591
0.000668053
0.00067318
0.0100121
0.0100019
0.0100294
0.00999424
0.0100346
0.0100173
0.0100595
0.00995063
0.010028
0.0100198
0.00999521
0.00978836
0.0100524
0.0100247
0.0034078
0.00065828
0.00993162
0.00229611
0.00426839
0.000629142
0.00989
0.00154813
0.00159455
0.00151521
0.00160854
0.0100272
0.00998955
0.0100139
0.0100151
0.0100567
0.00999418
0.0100366
0.0100199
0.0100058
0.00995049
0.010051
0.0100258
0.00999608
0.00979282
0.00875268
0.00984937
0.0099923
0.00999529
0.00952936
0.00985804
0.00999396
0.00503376
0.00996994
0.000731895
0.00534858
0.00595162
0.00995572
0.000705119
0.00842395
0.00998091
0.00977885
0.0100118
0.00922536
0.00998137
0.00980302
0.000567619
0.0762555
0.0766332
0.100906
0.0996585
0.0921449
0.0930791
0.0689481
0.381884
0.276608
0.276506
0.325063
0.0677163
0.383089
0.316736
0.408361
0.303737
0.299979
0.415619
0.307827
0.403968
0.0385168
0.0375454
0.0903005
0.0909999
0.0925409
0.0881936
0.262065
0.300354
0.0643383
0.331255
0.064986
0.340646
0.253716
0.283596
0.369983
0.280607
0.345951
0.292287
0.357838
0.27327
0.0381943
0.0303593
0.319477
0.405947
0.312882
0.29134
0.400567
0.304183
0.37765
0.052632
0.311534
0.197688
0.186392
0.215465
0.0409534
0.285352
0.0756694
0.0840801
0.0853284
0.0738142
0.0279682
0.0268709
0.277083
0.363073
0.277525
0.322559
0.289584
0.344342
0.266486
0.178308
0.199773
0.0339552
0.242317
0.0359527
0.260029
0.171128
0.0433214
0.0348791
0.0752501
0.47007
0.320949
0.308561
0.335209
0.0800601
0.433408
0.213901
0.174365
0.184756
0.218846
0.579998
0.503264
0.511106
0.483494
0.503784
0.538009
0.471895
0.0625257
0.0639822
0.292037
0.319784
0.0833735
0.366536
0.0828855
0.398335
0.273831
0.194784
0.202321
0.217307
0.193702
0.453446
0.446603
0.445763
0.392486
0.490893
0.43286
0.419631
0.0512341
0.0298742
0.318652
0.215924
0.305873
0.227103
0.281798
0.287141
0.177416
0.245832
0.161597
0.0920919
0.1527
0.175205
0.200453
0.0314548
0.224895
0.0332646
0.233871
0.165002
0.0213142
0.019809
0.187464
0.240881
0.230201
0.180271
0.239536
0.181322
0.175382
0.0557493
0.0565342
0.0849522
0.0479808
0.460556
0.447083
0.402561
0.355611
0.456996
0.418852
0.398352
0.0675928
0.0573083
0.394524
0.0841097
0.343782
0.294638
0.291939
0.346177
0.0691242
0.146991
0.17651
0.201263
0.124935
0.30885
0.393666
0.333386
0.293404
0.373433
0.332831
0.273554
0.0470018
0.0394519
0.249114
0.232862
0.248564
0.0455086
0.278711
0.0544163
0.219654
0.338226
0.36464
0.282151
0.238833
0.554541
0.185926
0.554472
0.440245
0.513683
0.429156
0.13482
0.134215
0.10296
0.153651
0.231595
0.149159
0.198236
0.140418
0.23542
0.115442
0.193541
0.0804542
0.147458
0.112266
0.334431
0.385221
0.2249
0.0550357
0.317898
0.0919877
0.237192
0.0737371
0.0465804
0.0505262
0.0404792
0.261848
0.247638
0.209813
0.1105
0.156064
0.158352
0.107953
0.0419542
0.022514
0.0869416
0.0884826
0.0454462
0.0412191
0.100694
0.191641
0.128941
0.0226515
0.162546
0.0283131
0.0939469
0.0877259
0.115256
0.107179
0.066507
0.132627
0.0729969
0.0825128
0.0155343
0.0131404
0.0326124
0.0254799
0.0279059
0.028689
0.610276
0.13722
0.527887
0.361013
0.483369
0.442789
0.0820108
0.102468
0.126948
0.0566149
0.0454587
0.0672482
0.0329981
0.135632
0.157709
0.136163
0.0696284
0.203539
0.0923906
0.0824117
0.213094
0.333162
0.151353
0.0232888
0.28226
0.042503
0.111434
0.0290557
0.0235804
0.0269166
0.0223756
0.0159418
0.0105113
0.0752393
0.0723233
0.0674659
0.0811962
0.0886625
0.0850615
0.084928
0.224257
0.0606219
0.294546
0.254525
0.236245
0.0585166
0.281732
0.240781
0.263294
0.307589
0.299179
0.254746
0.248333
0.292491
0.031509
0.0292539
0.0766415
0.0757098
0.0808087
0.071438
0.207317
0.231235
0.0503564
0.236092
0.0538657
0.250146
0.194112
0.222868
0.267489
0.214887
0.244373
0.230762
0.260482
0.207893
0.0249268
0.0261249
0.241199
0.262394
0.298018
0.291987
0.254297
0.247596
0.278313
0.156966
0.0328555
0.225365
0.171653
0.164008
0.0314261
0.212169
0.0682591
0.0724422
0.0768575
0.064389
0.0238567
0.0225868
0.226828
0.26609
0.215945
0.239896
0.231427
0.257502
0.21288
0.150083
0.163696
0.028435
0.187584
0.0301814
0.199095
0.143135
0.0300059
0.0287595
0.233722
0.0829543
0.333644
0.263087
0.254184
0.0786403
0.301577
0.16679
0.182259
0.186254
0.156042
0.34076
0.392957
0.346296
0.288224
0.381011
0.345342
0.302922
0.0555282
0.0484146
0.213147
0.242382
0.0653924
0.236818
0.0731929
0.269571
0.191286
0.147676
0.102475
0.132005
0.120985
0.301306
0.239911
0.255214
0.219851
0.299068
0.260016
0.262536
0.0191492
0.0194518
0.159244
0.207604
0.16972
0.205409
0.164897
0.201156
0.163835
0.0489498
0.0560218
0.0487582
0.0569578
0.1427
0.161354
0.0270625
0.174904
0.027905
0.17975
0.138357
0.0184952
0.0177674
0.151844
0.191489
0.180869
0.15126
0.186541
0.156383
0.146939
0.0482539
0.0537045
0.0566656
0.0463322
0.197512
0.286788
0.233435
0.238579
0.230576
0.247156
0.201009
0.0244264
0.0308353
0.157376
0.194862
0.0338078
0.144344
0.182809
0.171217
0.0269722
0.0622888
0.0733757
0.0994789
0.0455834
0.161043
0.190431
0.170323
0.135194
0.205624
0.156796
0.134757
0.0179564
0.0136512
0.128148
0.114771
0.117072
0.0147804
0.133042
0.0191747
0.109297
0.0595005
0.0583636
0.0687274
0.0570428
0.121884
0.168224
0.0325719
0.105118
0.150333
0.147669
0.0246692
0.0208747
0.0282029
0.161591
0.191085
0.155373
0.179394
0.161372
0.186981
0.155526
0.0594467
0.0538636
0.0572445
0.053569
0.109488
0.116636
0.139125
0.027175
0.144062
0.0270258
0.105071
0.0216234
0.0203544
0.0193628
0.0144569
0.082128
0.102309
0.0713037
0.0889771
0.0842872
0.095034
0.0755135
0.00974441
0.0118222
0.0234437
0.0257262
0.0270095
0.0246164
0.0744962
0.0934715
0.0817128
0.0083912
0.0956368
0.0113812
0.0641167
0.0825429
0.0925684
0.0937683
0.0909962
0.0978912
0.0833398
0.0824885
0.00792915
0.00628598
0.0203197
0.0205104
0.0230026
0.0170085
0.0815656
0.103196
0.0170623
0.0804741
0.08204
0.0947199
0.0180044
0.0256136
0.0249208
0.0232633
0.0260265
0.0113477
0.0101051
0.086675
0.113302
0.123235
0.0964723
0.115901
0.0869819
0.0993417
0.092409
0.0966221
0.122635
0.0209186
0.107798
0.0199695
0.101026
0.0266232
0.0240587
0.0258593
0.0257504
0.0121486
0.0121102
0.0226245
0.0455779
0.0349208
0.058409
0.0699673
0.0652665
0.0633034
0.160904
0.0441121
0.205508
0.17623
0.176278
0.0390813
0.189022
0.17258
0.197201
0.213599
0.201401
0.189473
0.180228
0.19504
0.020057
0.017265
0.0513491
0.0495971
0.0564277
0.0445948
0.142041
0.148899
0.0267981
0.14143
0.0319349
0.158298
0.126112
0.154093
0.175758
0.146095
0.150093
0.162547
0.167414
0.137493
0.0197366
0.0213057
0.185765
0.199998
0.221256
0.204445
0.199205
0.184244
0.203813
0.128704
0.0269322
0.176424
0.142078
0.135931
0.0251327
0.165674
0.0505377
0.0493687
0.0555847
0.0453654
0.0181036
0.0163759
0.172516
0.182344
0.153593
0.169775
0.168609
0.186031
0.159306
0.121421
0.134386
0.0211869
0.14264
0.0232598
0.153995
0.113907
0.0247373
0.0228069
0.13833
0.0563597
0.205022
0.170146
0.167119
0.043276
0.170233
0.0558406
0.0693926
0.089905
0.0470552
0.173948
0.216025
0.179175
0.129804
0.219599
0.17121
0.144711
0.0163162
0.0112098
0.107012
0.139284
0.0190975
0.0991811
0.0291431
0.13304
0.0800196
0.0387794
0.029208
0.0346288
0.033558
0.136938
0.0870287
0.0981997
0.0931974
0.128068
0.119425
0.107513
0.0157807
0.0167701
0.134943
0.168555
0.144381
0.166006
0.140199
0.16244
0.138757
0.0410275
0.0504339
0.0438685
0.0465955
0.120654
0.133472
0.020564
0.138376
0.0220932
0.144543
0.115144
0.0146454
0.0135197
0.12741
0.15272
0.142207
0.123948
0.149621
0.130789
0.120982
0.0380076
0.0389517
0.0428322
0.0348035
0.0920373
0.140507
0.105247
0.100785
0.111987
0.116408
0.0844931
0.00702073
0.0100544
0.0720062
0.0892564
0.00974406
0.0631449
0.0892381
0.0744804
0.00642058
0.0176958
0.0207797
0.0289682
0.00984359
0.0682588
0.0610804
0.0644714
0.0315887
0.093262
0.05119
0.0431248
0.00399043
0.00180293
0.0498723
0.0396177
0.031234
0.00152763
0.045968
0.00304295
0.0238015
0.0432029
0.0501536
0.048221
0.0459222
0.0967949
0.132149
0.0249229
0.106928
0.100732
0.126198
0.021836
0.0160961
0.0181954
0.134709
0.152023
0.127512
0.139849
0.134326
0.148403
0.128032
0.0389864
0.0381015
0.0419588
0.0352831
0.0917612
0.100527
0.11154
0.0175489
0.117649
0.0196114
0.0873767
0.0145172
0.0131496
0.00446468
0.00263967
0.0761568
0.0925357
0.0903796
0.0931269
0.080608
0.0838336
0.0829571
0.00412658
0.0050819
0.0121069
0.0180584
0.0144672
0.0155583
0.0430255
0.0411998
0.04417
0.002634
0.0515956
0.00342116
0.0375767
0.0662149
0.0853358
0.0615772
0.0672045
0.072468
0.0744953
0.0546844
0.00334775
0.00268327
0.0100174
0.0108831
0.0130418
0.0081601
0.0892301
0.118014
0.0192104
0.104895
0.093575
0.114123
0.0174143
0.0207254
0.0214697
0.0231154
0.0189207
0.00979413
0.0108799
0.0821281
0.0946478
0.0944414
0.0734289
0.0993904
0.0796645
0.076971
0.0812147
0.0953782
0.0984389
0.0132696
0.101641
0.0147893
0.0771226
0.0175631
0.0136742
0.0159924
0.0153604
0.00829174
0.00736084
0.0181754
0.0139801
0.0106007
0.029517
0.0425912
0.037482
0.0350812
0.0899458
0.019886
0.109264
0.0828071
0.10621
0.0145541
0.094298
0.100847
0.128874
0.121817
0.116647
0.118873
0.111335
0.105467
0.00769525
0.00576427
0.021958
0.0196694
0.0272868
0.0156397
0.0740011
0.0744433
0.00800991
0.0666849
0.0112089
0.0777506
0.0640068
0.0833615
0.0965438
0.0770799
0.0697662
0.0940635
0.0846001
0.0687336
0.0126402
0.0145614
0.132061
0.138203
0.153689
0.126933
0.145497
0.123062
0.138907
0.0968153
0.0188989
0.130778
0.11031
0.10572
0.0166869
0.118765
0.0282696
0.0215382
0.0289383
0.0217664
0.0106123
0.00847295
0.117969
0.10971
0.0906795
0.105028
0.107362
0.123395
0.10189
0.0871209
0.101158
0.0122471
0.0922153
0.0144636
0.106384
0.0765762
0.0172703
0.0152482
0.0593604
0.0154846
0.0850512
0.0783591
0.0694535
0.012339
0.0711533
0.024763
0.0238257
0.0285973
0.0153222
0.0497146
0.076905
0.0505577
0.0200387
0.0737921
0.0523476
0.0237103
0.00653145
0.00503887
0.0515437
0.0665155
0.00761922
0.0453819
0.0100896
0.0592658
0.0401869
0.0188757
0.0020651
0.00701703
0.00982242
0.0293416
0.012108
0.0169064
0.00539164
0.0321363
0.0115028
0.013775
0.0110854
0.0123079
0.104635
0.129534
0.114955
0.121372
0.11247
0.121051
0.106881
0.0281718
0.0350818
0.0315373
0.0313637
0.0910749
0.100983
0.0129188
0.0959158
0.0149442
0.105419
0.081892
0.0097525
0.00845534
0.0945679
0.106965
0.096514
0.0872953
0.107204
0.0965344
0.0851511
0.0248195
0.024458
0.0277505
0.0215964
0.00751559
0.0248689
0.0179288
0.0132116
0.015945
0.00949246
0.0150435
0.000306439
0.000642554
0.00617912
0.0182522
0.000760031
0.0104423
0.00991777
0.0136525
0.00056381
0.000554087
0.000542993
0.00161671
0.000414243
0.00535647
0.0102867
0.00413558
0.0105857
0.00539813
0.0113211
0.00459659
0.000205604
0.000183834
0.0044048
0.00750013
0.00849179
0.000345969
0.0100946
0.000394149
0.00377803
0.0286806
0.034303
0.0317396
0.0308784
0.0763935
0.10199
0.0157678
0.0822951
0.0814484
0.0950873
0.014084
0.0107926
0.0119036
0.100603
0.104847
0.0904428
0.0921012
0.0995468
0.102611
0.0919019
0.0257174
0.0245575
0.0275531
0.0229062
0.0698446
0.0743793
0.0765563
0.0109465
0.0843742
0.0124731
0.0641775
0.00972874
0.00864337
0.00089383
0.000645911
0.031418
0.0475874
0.0580142
0.0507819
0.0417009
0.0364199
0.0475688
0.0016179
0.00208276
0.00508784
0.00869666
0.00643406
0.00706398
0.0168942
0.0118485
0.0143574
0.000816554
0.0198014
0.00107952
0.0121844
0.0218313
0.0387051
0.0213324
0.0246786
0.0273827
0.0331048
0.0161342
0.00116736
0.000888859
0.00371754
0.00415835
0.00522321
0.00288166
0.0644049
0.0847294
0.0109553
0.0774464
0.0683664
0.0816296
0.00987452
0.0108171
0.0110676
0.0125542
0.00925543
0.00534711
0.00604682
0.0525519
0.0532571
0.0560488
0.0363515
0.0603596
0.0473431
0.0479122
0.0546215
0.066016
0.0635729
0.00693509
0.0665139
0.00779786
0.0508857
0.00828449
0.00570686
0.00695316
0.00702971
0.00414987
0.00362735
0.0108923
0.00367445
0.00189039
0.0076474
0.012773
0.0106846
0.008954
0.0442992
0.00579398
0.0558745
0.0310583
0.0540329
0.00415437
0.0438839
0.0464322
0.0615479
0.0529049
0.034425
0.0574761
0.0484739
0.0352211
0.00210843
0.0013216
0.00559058
0.00444903
0.00649123
0.00394687
0.0302077
0.0109322
0.00117478
0.00629528
0.00239356
0.0144541
0.0077504
0.031765
0.0172995
0.0120044
0.00731657
0.0359179
0.0153491
0.0097564
0.00448341
0.00622708
0.0667776
0.0731811
0.0681463
0.0355923
0.0847402
0.0549513
0.0417046
0.0500118
0.00982686
0.0758126
0.0607793
0.0632563
0.00687798
0.0579634
0.00736023
0.00486136
0.00683596
0.00521684
0.00346318
0.00241821
0.041501
0.0192266
0.0123152
0.0139746
0.0289205
0.0241254
0.0180509
0.0399846
0.0503537
0.0036557
0.0325002
0.00526338
0.0439338
0.0325601
0.00798893
0.00590043
0.00947091
0.00519018
0.0291613
0.0171386
0.0227368
0.0028456
0.012908
0.000546699
0.00052186
0.00301358
0.000375641
0.00293252
0.00939967
0.00344334
0.00783364
0.00579429
0.00698452
0.00315003
0.000257616
0.000133522
0.00281559
0.00580902
0.000289113
0.0049614
0.000985272
0.00601214
0.00143492
0.000350931
0.000371464
0.000373438
0.000342425
0.00272707
0.00731677
0.00660848
0.00334309
0.00692976
0.0033396
0.00278408
0.0058375
0.00711257
0.0628385
0.0808011
0.0753618
0.0662723
0.0734072
0.0679535
0.0651418
0.0152676
0.0210905
0.0183432
0.017744
0.0423429
0.0351197
0.00392154
0.0273596
0.00589302
0.0453566
0.0259382
0.00436135
0.00315942
0.0440464
0.0487673
0.0329056
0.0352352
0.0509624
0.0503621
0.029433
0.0118156
0.0109711
0.0142342
0.00886481
0.00397439
0.00396391
0.0090028
0.00832697
0.00426526
0.00382175
0.00874157
0.000163457
0.000166081
0.00303281
0.00709573
0.000283504
0.00376045
0.0032528
0.00636136
0.00027292
0.000378915
0.000398589
0.000399713
0.000379666
0.00388036
0.00761084
0.00371477
0.00763625
0.00397004
0.00797587
0.00362753
0.000158635
0.000159326
0.00284172
0.00351182
0.00543147
0.000252182
0.00576583
0.000251675
0.00271546
0.0171668
0.0214049
0.0200857
0.0183161
0.0505657
0.064785
0.00944323
0.0523878
0.0571109
0.0558179
0.00790795
0.00650695
0.00764018
0.0568139
0.0447447
0.0380838
0.0362421
0.0535983
0.0477791
0.0396566
0.0142343
0.0118119
0.0150315
0.011289
0.0432933
0.0442299
0.0355301
0.0050392
0.0444755
0.00645808
0.0361624
0.0054266
0.00431041
0.000343439
0.000298998
0.008217
0.0169281
0.016131
0.019318
0.010683
0.0143007
0.0124521
0.000458931
0.000607497
0.00148926
0.00282125
0.00195905
0.00218045
0.00429362
0.00389557
0.00708467
0.000309981
0.00813441
0.000359826
0.00355702
0.0058559
0.0156733
0.0109693
0.0069395
0.0121955
0.00853562
0.0048705
0.000334374
0.000264919
0.00105228
0.00113485
0.00149412
0.000814155
0.036696
0.0480882
0.0051803
0.0461232
0.0406338
0.0450348
0.00440981
0.0039875
0.00389806
0.00488459
0.00308803
0.00215601
0.0025693
0.0180813
0.0203785
0.0213449
0.00943277
0.0249652
0.0120827
0.0136871
0.0256012
0.0364558
0.0284645
0.00245037
0.0317882
0.00312461
0.0192172
0.00266985
0.00156661
0.00207462
0.00203086
0.00144968
0.00111814
0.00512773
0.00026466
0.000237198
0.000883655
0.00278368
0.00208523
0.00127362
0.00103866
0.000522955
0.0036502
0.00114257
0.00242025
0.000394408
0.00297462
0.0014437
0.00386783
0.00440365
0.00498565
0.00308592
0.00144778
0.00468204
0.000290924
0.000303883
0.000441553
0.0003624
0.000478489
0.000432825
0.000976853
0.000832945
0.000325608
0.0021657
0.000408742
0.00245412
0.000913377
0.00142994
0.00454562
0.00128089
0.00369878
0.00122497
0.00429635
0.00130547
0.000862709
0.00149582
0.00193526
0.00463828
0.0066634
0.00390602
0.00655056
0.00154883
0.00385566
0.00331112
0.00215813
0.0151587
0.00339779
0.0130211
0.00087381
0.00553798
0.000618415
0.000278368
0.000567855
0.000255167
0.000316731
0.000120905
0.000738958
0.00413865
0.000901942
0.00214659
0.000879225
0.00301355
0.000660532
0.000789177
0.00132249
0.000204683
0.00146028
0.000350018
0.00228514
0.000441854
0.00101743
0.000518799
0.00137991
0.00021725
0.00408486
0.00128594
0.00140956
0.00020237
0.00363634
0.000325711
0.000369918
0.00033944
0.00035761
0.00276192
0.0061407
0.00328634
0.00638422
0.00273941
0.00591374
0.00331062
0.000119263
0.000109908
0.00146325
0.00133134
0.00017431
0.00374563
0.000191093
0.0039945
0.00143114
0.000317101
0.00032807
0.000349381
0.000294392
0.00273297
0.0058744
0.00525571
0.0033238
0.00540323
0.00321712
0.00277465
0.00122023
0.0020009
0.0103301
0.0175831
0.0229639
0.0140783
0.0184264
0.0124883
0.0133208
0.00373001
0.00781804
0.00595991
0.00513974
0.00378934
0.00204473
0.000427771
0.0033511
0.000669212
0.00421699
0.00230461
0.000627351
0.000364854
0.00578676
0.00841596
0.00646111
0.00707821
0.0086379
0.0083892
0.0044052
0.00199959
0.00167663
0.00302467
0.00109926
0.00338047
0.00357575
0.0068112
0.00682927
0.00343023
0.00345136
0.00672414
0.000155882
0.000157083
0.00257819
0.00508435
0.000243506
0.00288974
0.00260451
0.00513641
0.000244625
0.000361191
0.000360374
0.000380781
0.000346149
0.00327818
0.00632733
0.00336789
0.00640699
0.00338167
0.00637681
0.0033288
0.000150458
0.000146086
0.00246726
0.00298572
0.00498833
0.000232018
0.0049112
0.000234366
0.00250219
0.00612295
0.00878833
0.00860288
0.00608167
0.0224752
0.0266111
0.00378213
0.020279
0.0290977
0.0196884
0.00269076
0.00236669
0.00329328
0.00978568
0.0090297
0.008604
0.00879176
0.00982379
0.0112692
0.00745753
0.0041441
0.00232901
0.00390005
0.00264037
0.0143142
0.0143543
0.0106341
0.0012483
0.01422
0.00184176
0.00890456
0.00162007
0.00105472
0.000265908
0.00025815
0.00370197
0.00981918
0.00546609
0.0107637
0.00405067
0.00918988
0.00481839
0.000195913
0.000221489
0.00055834
0.000863041
0.000653637
0.000707166
0.00265518
0.00299755
0.00582014
0.000244539
0.00626122
0.000252284
0.00257447
0.0034832
0.00922815
0.00821587
0.00402472
0.00872822
0.00433552
0.00331517
0.000182258
0.000173458
0.000505736
0.000558374
0.000613769
0.000473004
0.00985631
0.0197273
0.00166477
0.0158142
0.0135192
0.0163761
0.00122439
0.00107299
0.00113137
0.00140941
0.000889799
0.000562147
0.000753442
0.00587327
0.00974072
0.00976623
0.00435972
0.0106317
0.00492058
0.004919
0.00744177
0.0115643
0.0104472
0.000641387
0.0123639
0.000840931
0.00578124
0.000829877
0.000641246
0.000730644
0.000699047
0.000409805
0.000331409
0.00140735
0.000161155
0.000152665
0.000395476
0.000441539
0.000457545
0.000411252
0.00110579
0.000261693
0.00217511
0.000877627
0.00106126
0.000215379
0.00225068
0.00134396
0.0012955
0.00352606
0.00337981
0.00135908
0.00134228
0.00356032
0.000145284
0.000125936
0.000347684
0.000339036
0.000378546
0.000310762
0.00112015
0.000869824
0.000169022
0.00203368
0.000191456
0.00208748
0.00105576
0.00136756
0.00318031
0.00135517
0.00308058
0.00138461
0.00329235
0.00123441
0.000162607
0.000143049
0.00088389
0.000945125
0.00209416
0.0025052
0.000737754
0.00104004
0.0020491
0.000695221
0.000207245
0.00131492
0.00084819
0.000505473
0.000207936
0.00135793
0.000355024
0.000331826
0.000361827
0.000329294
0.000161281
0.000148578
0.00107594
0.00247996
0.00123088
0.00194919
0.00116704
0.00207608
0.00125239
0.000972532
0.0010178
0.000199214
0.00159018
0.000206396
0.00148842
0.00129598
0.000222859
0.000201711
0.00142079
0.000162183
0.00418495
0.00139434
0.00145738
0.000146819
0.00386981
0.000256462
0.000312959
0.000279142
0.000290037
0.00289874
0.00492324
0.00342003
0.00522674
0.00289294
0.0048223
0.00341336
8.87381e-05
8.21174e-05
0.00134282
0.00139488
0.000126393
0.00368195
0.000136878
0.00392697
0.00126307
0.000240032
0.00025551
0.000273814
0.000222669
0.00284805
0.00496235
0.00456417
0.00320759
0.00462174
0.00340231
0.00272593
0.000207936
0.000251661
0.00377673
0.00545366
0.00564065
0.0054404
0.00413635
0.00473538
0.00491755
0.000583456
0.000987521
0.000719112
0.00074
0.00173463
0.00125091
0.000192138
0.00198429
0.000205875
0.00220074
0.00168972
0.000165719
0.000142219
0.00327986
0.00534057
0.00285109
0.00408782
0.0037507
0.00440572
0.00257948
0.000465112
0.000465308
0.000580785
0.000383383
0.00331724
0.00338912
0.00614936
0.00566083
0.00328978
0.00336183
0.00608279
0.000132064
0.000138401
0.00240095
0.00484765
0.000219464
0.00272446
0.00240266
0.00493129
0.00021341
0.000294582
0.00028156
0.000303113
0.000276482
0.00327539
0.00531331
0.00327479
0.00557612
0.00339221
0.00572724
0.00319468
0.00012339
0.000116346
0.00227256
0.00269804
0.00460901
0.000190277
0.00475659
0.000199143
0.0022261
0.00109421
0.00138469
0.00167014
0.000900782
0.0044144
0.00849189
0.000882379
0.00534359
0.00581308
0.00731569
0.000692231
0.000456735
0.000678903
0.0066123
0.00534094
0.00474482
0.00569958
0.00545462
0.0062897
0.00577368
0.0007994
0.000545934
0.000679642
0.00062308
0.00369282
0.00446387
0.00585958
0.000560932
0.00654263
0.000604923
0.00322052
0.000346422
0.000296551
0.000237255
0.000224696
0.00311286
0.00796044
0.0038443
0.00814194
0.00325955
0.00746143
0.00365112
0.000162954
0.000168055
0.000438332
0.00052658
0.000453628
0.000504125
0.00249259
0.0027522
0.00525271
0.000210684
0.0057216
0.000220914
0.00238484
0.00307686
0.00761719
0.00677733
0.00332748
0.00728475
0.00352695
0.00290862
0.000157762
0.000151447
0.000422796
0.000465257
0.000485086
0.000406079
0.00426553
0.00869854
0.00049995
0.00560126
0.00488186
0.0079926
0.000442246
0.000573987
0.000587764
0.000616988
0.000555359
0.000255155
0.000279063
0.00376164
0.00760746
0.00735556
0.0033736
0.0075784
0.00361152
0.0034675
0.00389005
0.004948
0.00670203
0.000387185
0.00709965
0.000400134
0.00348638
0.000541058
0.000506943
0.000529744
0.000517198
0.000236819
0.000227273
0.00052878
0.000124453
0.000124946
0.000274194
0.000319739
0.000287099
0.000307992
0.000994443
0.000154801
0.00178036
0.000892736
0.00105849
0.000141766
0.00165753
0.00106271
0.00134669
0.00264311
0.00227275
0.00118957
0.00125055
0.00243089
0.000104984
0.000106673
0.000269606
0.000317722
0.000308239
0.000275381
0.000908783
0.000845311
0.000132319
0.00126829
0.000132885
0.00140121
0.000815045
0.00097532
0.00187546
0.00112386
0.00166247
0.00119784
0.00200787
0.000881306
0.000139046
0.000142097
0.00151479
0.00129543
0.00190823
0.0018556
0.00141055
0.00129431
0.00170676
0.00187908
0.000190108
0.00177506
0.00156168
0.00163359
0.000188561
0.00172476
0.000314039
0.000323143
0.000313154
0.000323509
0.000139449
0.000143063
0.00157163
0.00167653
0.00128873
0.00145876
0.00129204
0.00165389
0.00161124
0.0020636
0.00175548
0.000190405
0.00168066
0.000185547
0.00187514
0.00210342
0.000186469
0.000182491
0.00115005
0.000122718
0.00360663
0.00131381
0.0011469
0.000116204
0.00296507
0.000203245
0.000241429
0.000211338
0.000227876
0.00255479
0.00444517
0.00306605
0.00460659
0.00256504
0.00436995
0.00294453
7.24655e-05
7.27383e-05
0.00126037
0.00135625
0.000112522
0.00241074
0.000111855
0.00260306
0.00137143
0.000197066
0.000211533
0.000219072
0.000191738
0.00256511
0.00446645
0.0033635
0.0028701
0.00415767
0.00295598
0.00241448
0.000123104
0.000126012
0.00197779
0.00259391
0.00311227
0.00271605
0.00220625
0.00228481
0.00215387
0.000296626
0.00037128
0.000320787
0.000317377
0.00204772
0.002102
0.000176478
0.00199554
0.000171445
0.0021267
0.00200469
0.000121999
0.000124965
0.00207104
0.00270625
0.00219162
0.00174968
0.00239639
0.00191551
0.0020361
0.000287334
0.000290265
0.00029383
0.000290698
0.00293539
0.00319268
0.00528506
0.00483631
0.00305526
0.00307297
0.00511158
0.000101988
0.000108424
0.00202736
0.00432328
0.000175341
0.00218764
0.00209332
0.00419911
0.000165027
0.00023652
0.000230137
0.000243088
0.000225297
0.00283645
0.00463848
0.00296217
0.00464251
0.00306148
0.00483699
0.00270879
9.58574e-05
9.0824e-05
0.00197789
0.00198548
0.00383314
0.000141814
0.00397397
0.000151539
0.00190406
0.000383523
0.000426073
0.000495472
0.000342443
0.00238151
0.00515594
0.000500141
0.00251143
0.00270857
0.00452102
0.000403707
0.000194543
0.000251775
0.00360057
0.00331535
0.0021486
0.00469264
0.00279454
0.00458287
0.00298031
0.000307988
0.000282159
0.000298065
0.000271285
0.00223021
0.0021141
0.0038017
0.000250721
0.00407459
0.000313875
0.00222611
0.000149755
0.000122738
0.000187546
0.000171458
0.00268232
0.00644036
0.00316464
0.00650111
0.00283903
0.00593815
0.00296648
0.000135257
0.000143948
0.00036225
0.000441786
0.000385138
0.000415605
0.0021333
0.00224512
0.00447559
0.000160899
0.00493326
0.000172941
0.00196435
0.00263059
0.00594448
0.00502944
0.00262757
0.00555196
0.00283482
0.00247519
0.000125774
0.000116107
0.000336861
0.000360748
0.000387558
0.000312323
0.00261066
0.00556246
0.000356805
0.00335643
0.00304526
0.00526702
0.000340209
0.00045711
0.000480063
0.000486867
0.000451059
0.000200487
0.000212241
0.00250649
0.00547642
0.00531575
0.00244034
0.00545152
0.00266553
0.00223143
0.00215085
0.00256971
0.00392976
0.000288324
0.00404257
0.000301843
0.00182543
0.000423312
0.000393005
0.000420624
0.000395906
0.000183635
0.000172941
0.000356883
0.000112387
0.000124262
0.000321026
0.000340592
0.000294522
0.000370964
0.000802199
0.000138686
0.00106686
0.000594435
0.000809236
0.000151551
0.00100429
0.000903944
0.00117866
0.00134507
0.00122118
0.000905141
0.00120634
0.0011339
0.000145549
0.000167917
0.000362737
0.000466598
0.000412032
0.00041944
0.000890898
0.00058933
0.000197495
0.000864927
0.000168171
0.00085553
0.000998425
0.00103422
0.00130846
0.00150858
0.0011303
0.00136958
0.00109254
0.00115396
0.000159599
0.000149701
0.00174407
0.00137464
0.00153681
0.00129242
0.00168669
0.00143135
0.00142716
0.00215702
0.000194247
0.00187222
0.00183334
0.00215548
0.000207034
0.00170324
0.000398764
0.000457039
0.000408996
0.00044284
0.000171736
0.000188627
0.00183937
0.00141329
0.00168901
0.00160118
0.00158296
0.00167479
0.00194732
0.00220074
0.00205593
0.000238439
0.00186715
0.000216789
0.00198003
0.00228819
0.000204386
0.000209905
0.00120921
0.000111887
0.00198957
0.000958526
0.00136729
0.000109399
0.00190765
0.000182865
0.000207037
0.000187293
0.000203989
0.00170541
0.00255221
0.00283407
0.00291021
0.00213965
0.00216446
0.00232838
7.57776e-05
7.34102e-05
0.000952162
0.000732413
0.000116194
0.00123047
0.000111497
0.00153912
0.00065687
0.000192035
0.000205515
0.000200574
0.000189024
0.00132983
0.00224894
0.00153481
0.0013506
0.00181333
0.00181009
0.00101573
0.000133074
0.000126973
0.00202075
0.00229254
0.00175686
0.00212131
0.00208632
0.00205898
0.00168846
0.000302725
0.000295242
0.000292564
0.000308017
0.00205211
0.00230289
0.000209686
0.00207195
0.000194017
0.00207893
0.00203943
0.000139024
0.00015008
0.00203009
0.00203312
0.0019795
0.00169465
0.00209881
0.00171238
0.00200938
0.000312889
0.000345334
0.000321048
0.000335071
0.0023844
0.00288711
0.00424174
0.004252
0.0025748
0.00262614
0.00418741
8.39785e-05
8.69686e-05
0.00168344
0.00363122
0.000131981
0.00144864
0.00183354
0.00355168
0.000125711
0.00020862
0.000209069
0.000217459
0.000204883
0.00206348
0.00356795
0.00187662
0.00336057
0.00239841
0.00362304
0.00184127
8.25672e-05
8.22217e-05
0.00150186
0.0012012
0.0028901
0.000117796
0.00319039
0.000120141
0.00137418
0.000267017
0.000279926
0.000261794
0.000288007
0.00239755
0.00366204
0.00021877
0.00204531
0.00232991
0.00364918
0.000204316
0.000115171
0.000114621
0.00167388
0.00206698
0.00167387
0.00193774
0.00170705
0.00230676
0.00156192
0.000279561
0.000325026
0.000301475
0.000302684
0.00222401
0.00208798
0.00278613
0.0001885
0.00381361
0.00019177
0.00197421
0.000120376
0.000127892
0.000135509
0.00012528
0.00224273
0.00454851
0.00256158
0.00461764
0.00242912
0.00394144
0.0023697
9.80857e-05
0.000106684
0.000268478
0.00033526
0.000288633
0.000314477
0.00146211
0.0014953
0.00347726
0.000123318
0.00373743
0.000129912
0.00121873
0.00213783
0.00382899
0.00283305
0.00204763
0.00333494
0.00231004
0.00187954
9.06186e-05
8.48256e-05
0.000250892
0.000283566
0.000295566
0.000239216
0.00132106
0.00305864
0.000266036
0.00187913
0.00149536
0.00322026
0.000270409
0.000358927
0.000367835
0.000371885
0.000349945
0.00016031
0.000162901
0.00165979
0.0034942
0.00330137
0.00202619
0.00374739
0.00213705
0.00151684
0.00110654
0.00158525
0.0030188
0.000297328
0.00285103
0.00027196
0.000914107
0.000346751
0.000324857
0.000332433
0.000351813
0.000158956
0.000171051
0.000282643
0.00021401
0.00026247
0.000568817
0.000526498
0.000477136
0.000609104
0.00141864
0.000232891
0.000980782
0.000830661
0.0011716
0.000300044
0.00108553
0.00155948
0.00172768
0.00127383
0.00161962
0.00137146
0.00194166
0.00139672
0.000279956
0.000338748
0.00064677
0.000795352
0.000688447
0.000774782
0.00168015
0.00105839
0.000477572
0.00160797
0.000354629
0.00138634
0.0020841
0.00189099
0.0020317
0.00261775
0.0019337
0.00227995
0.00171301
0.00220811
0.000231463
0.000206156
0.00232337
0.00187078
0.00200629
0.00171942
0.00209902
0.00206817
0.00196426
0.00261016
0.000254794
0.00225227
0.00228119
0.00238869
0.000287329
0.00216509
0.000611578
0.000747813
0.000652596
0.000691899
0.000253527
0.00028535
0.00263047
0.00213694
0.00268797
0.00258749
0.00236321
0.00255545
0.00299708
0.00285289
0.00283969
0.000350962
0.00271999
0.000310346
0.00273764
0.00321964
0.000277387
0.000295834
0.000516081
0.000141204
0.000955882
0.000687011
0.000511011
0.000174577
0.000780855
0.000205735
0.000208483
0.000191876
0.000216323
0.000640809
0.0012402
0.00103657
0.00115592
0.000756732
0.00106061
0.000725102
0.000121416
0.000176977
0.000619563
0.000840701
0.000307473
0.000889493
0.000230927
0.000762015
0.000829625
0.000259906
0.00033351
0.000249673
0.000357186
0.000691141
0.00102436
0.000888987
0.000701767
0.00093221
0.000634181
0.00081224
0.000180065
0.000162035
0.0021383
0.00201526
0.00179249
0.00198445
0.00207482
0.00208329
0.00188247
0.000397627
0.000373544
0.000358523
0.000417352
0.00249106
0.00281752
0.000305813
0.00288537
0.000274162
0.00253628
0.00272685
0.000198799
0.000222849
0.00239004
0.00212825
0.00257176
0.00238175
0.00229175
0.00213685
0.00259818
0.000438004
0.000526578
0.000464966
0.000492226
0.00131506
0.00151604
0.00249709
0.0015996
0.00154059
0.00108095
0.00186347
8.44203e-05
7.99114e-05
0.00102269
0.00238415
0.000117736
0.000926524
0.00122235
0.00203258
0.000121113
0.000243694
0.000318097
0.000254641
0.000286783
0.000969107
0.00117092
0.000658826
0.00103694
0.000739274
0.00130539
0.000694144
9.75123e-05
0.000118498
0.00096089
0.00076427
0.000987487
0.000160243
0.00133657
0.000126636
0.000840207
0.000370755
0.000352138
0.000329463
0.000395237
0.00170963
0.00206756
0.000191615
0.00221816
0.00168464
0.00173959
0.000206348
0.000150239
0.000136186
0.00190684
0.00192814
0.00220096
0.0020743
0.00197001
0.00189332
0.00213109
0.000414604
0.000503317
0.000440644
0.000473311
0.0018724
0.00218088
0.00197895
0.000255397
0.00195483
0.00022369
0.00207485
0.000166175
0.000191786
0.000120068
0.000121441
0.00116607
0.00209623
0.00160399
0.00155968
0.00156202
0.00155925
0.000976702
8.08081e-05
8.13276e-05
0.000247024
0.000282979
0.000235047
0.000310407
0.000806319
0.000832771
0.00114633
0.000153141
0.00179987
0.000131684
0.000619485
0.00077607
0.0017411
0.00120354
0.000772315
0.00115306
0.000643128
0.000535615
8.83165e-05
0.000114876
0.000291525
0.000431736
0.000404052
0.000386801
0.00122463
0.00253259
0.00031211
0.00262663
0.000891832
0.00217753
0.00027716
0.000456718
0.000340389
0.00040048
0.000410008
0.000293374
0.000208572
0.00159755
0.00269035
0.00227978
0.00206327
0.00246464
0.000764652
0.00296485
0.00291402
0.0032647
0.00245473
0.000275219
0.00258956
0.000265067
0.00342682
0.00056626
0.000514561
0.000431313
0.00058146
0.000264007
0.000229958
0.000255838
0.000680663
0.000705156
0.000996816
0.000887139
0.000859713
0.000995989
0.00304465
0.000541938
0.00212429
0.00212856
0.00246541
0.000700422
0.00246284
0.00325295
0.00315507
0.00246403
0.00315277
0.00271462
0.00367192
0.0028112
0.000496641
0.000539264
0.00106289
0.00114637
0.00107827
0.00114458
0.00362299
0.00275589
0.000822747
0.00376337
0.000734665
0.00327847
0.00449912
0.00403229
0.00411738
0.00530484
0.00422512
0.00449432
0.00368957
0.00490815
0.000343524
0.00031031
0.00417302
0.0031517
0.00347622
0.00322095
0.00354754
0.00370392
0.00360961
0.00425417
0.000380133
0.00359744
0.00387575
0.00368098
0.000422472
0.00363126
0.000904885
0.00106515
0.00099755
0.000959719
0.000367973
0.000393744
0.00514723
0.00422618
0.00547428
0.00541196
0.00449054
0.0050349
0.0061773
0.00506438
0.00532949
0.000486942
0.00528445
0.000453752
0.00503609
0.00597888
0.000409081
0.00043693
0.00147699
0.000430026
0.00111036
0.00158609
0.00111142
0.000608973
0.0014204
0.000783967
0.000498132
0.000534648
0.000743112
0.00133548
0.00105515
0.000876577
0.00115965
0.00105102
0.00128384
0.00116682
0.000709978
0.00110985
0.00190365
0.00209527
0.00107903
0.00229613
0.000823812
0.00179516
0.00246427
0.00123134
0.00179581
0.00119258
0.00178642
0.0017038
0.00144739
0.00209218
0.00197544
0.00164398
0.00149842
0.00218799
0.000274681
0.000248307
0.00350862
0.00298635
0.00292334
0.00341927
0.00309621
0.00352925
0.00333998
0.000610895
0.000588715
0.00054917
0.000655561
0.0049283
0.00527135
0.000439067
0.00635414
0.00041226
0.00492799
0.00607405
0.000304322
0.00032478
0.00456048
0.00432243
0.00562682
0.00531182
0.00445438
0.00444243
0.00556323
0.000678508
0.000781834
0.000731878
0.000730699
0.000846865
0.00077837
0.000923429
0.000995812
0.000690992
0.00099912
0.000939225
0.000261867
0.000164729
0.000776478
0.000768518
0.000213425
0.000751461
0.000732092
0.000763644
0.000324162
0.000972156
0.00172286
0.00112858
0.00157303
0.00118179
0.00130692
0.00177175
0.00155078
0.00134627
0.00114957
0.0015935
0.00047352
0.000935207
0.00101413
0.000936965
0.00130661
0.000991012
0.0010096
0.000570432
0.00140104
0.000596889
0.000569437
0.000533679
0.000641211
0.00297213
0.00245558
0.000288025
0.00293804
0.00258456
0.00285349
0.000326472
0.00024613
0.000215987
0.00412778
0.00392212
0.00491636
0.00479543
0.00405685
0.00383606
0.00484252
0.000666594
0.00077904
0.000714888
0.000716235
0.00400248
0.00376242
0.00499126
0.000398978
0.00382009
0.000367163
0.00494103
0.000275433
0.000300887
0.000301222
0.000494442
0.00129276
0.00131364
0.00184548
0.00163942
0.000814356
0.00124607
0.0017512
0.000303276
0.000214241
0.000593984
0.000586958
0.000444749
0.000709626
0.00126249
0.000917496
0.00157955
0.00084328
0.00115747
0.000539294
0.00168555
0.00148667
0.00211397
0.00207194
0.00278979
0.00157153
0.00209717
0.00209602
0.000367512
0.00053309
0.000750635
0.00098414
0.000811702
0.000958421
0.00283457
0.00239328
0.000309928
0.00291413
0.00264446
0.0026423
0.000351467
0.00063902
0.000616552
0.000565145
0.000671776
0.000280866
0.00024329
0.00291263
0.00253621
0.00360388
0.00323247
0.00296573
0.00252833
0.00383367
0.0034964
0.0036634
0.00406135
0.000433148
0.00338505
0.000393412
0.00442077
0.000737577
0.000914923
0.000783406
0.00083107
0.000317067
0.000353826
0.000392837
0.000895676
0.000755921
0.00116585
0.00118974
0.00116413
0.00119368
0.00659735
0.000789314
0.00508005
0.00553089
0.00536171
0.000779632
0.00568569
0.00732679
0.00656664
0.00571137
0.0068561
0.00611187
0.0077722
0.006356
0.000521331
0.000496694
0.00114245
0.00113973
0.00118392
0.00109311
0.0072416
0.00599833
0.000681238
0.0078069
0.000724944
0.00708667
0.0079998
0.0085215
0.00863664
0.00985069
0.00879416
0.00893267
0.00826219
0.00939986
0.00042377
0.000412175
0.00911701
0.00689263
0.00751096
0.00730247
0.00763507
0.00840733
0.00808667
0.00806176
0.000512873
0.00746439
0.00873209
0.00722362
0.000528568
0.00804724
0.00102901
0.00109627
0.00112445
0.00100427
0.000428909
0.000424259
0.00986419
0.00889861
0.00989388
0.0100056
0.0098995
0.0100117
0.00985692
0.00815799
0.00880172
0.0005343
0.00991776
0.000539552
0.00991598
0.00828079
0.000518394
0.000530907
0.00385953
0.00100729
0.00288427
0.00419713
0.00305271
0.000976288
0.00370572
0.00196231
0.00226571
0.00205375
0.00221474
0.00352565
0.00262544
0.00248824
0.00313571
0.00271248
0.00344941
0.00324961
0.000690243
0.000607854
0.00450269
0.00515797
0.000740595
0.0056761
0.000804102
0.0043444
0.00579823
0.00154022
0.00152423
0.00171985
0.00136896
0.0040773
0.00372032
0.00543179
0.00510473
0.00409991
0.00379996
0.00545988
0.000360766
0.000351574
0.00965201
0.00767015
0.00758161
0.009738
0.00787975
0.00997676
0.00953454
0.000816114
0.000852094
0.000790942
0.000876163
0.00851309
0.00835464
0.000499205
0.00988982
0.000504352
0.00988905
0.00862773
0.000378156
0.000374515
0.00964465
0.00998317
0.0099642
0.0097598
0.00996932
0.00976563
0.00962895
0.000856562
0.000912176
0.000921915
0.000849121
0.00285681
0.00225768
0.0020187
0.00299283
0.00213588
0.00300768
0.00277944
0.00140297
0.00213323
0.00266837
0.00183955
0.00175197
0.00253941
0.00194595
0.00254119
0.00147425
0.00167642
0.00154225
0.00176117
0.0014569
0.00343051
0.00360515
0.00481679
0.00467892
0.00349564
0.00336918
0.00471407
0.00079981
0.000661778
0.00324973
0.00318055
0.00446317
0.000827386
0.00324484
0.000963301
0.00451739
0.000803914
0.000846432
0.000781395
0.000878492
0.00778557
0.00661116
0.000435107
0.00767283
0.00673416
0.00897906
0.000453127
0.000342337
0.000327645
0.00960993
0.00998047
0.0097629
0.00995522
0.00977456
0.00995879
0.00963096
0.000848729
0.000918555
0.000922985
0.000839887
0.00785548
0.00764401
0.00977345
0.000476345
0.00973346
0.000476882
0.00798511
0.000360472
0.000361305
0.00125071
0.000893086
0.00401987
0.0030154
0.0038143
0.00449552
0.0030145
0.00378367
0.00487058
0.000571284
0.000546329
0.00112986
0.00105722
0.0010682
0.00111842
0.00462974
0.00366863
0.00552308
0.000703549
0.00451847
0.00076889
0.00589655
0.00539174
0.00625118
0.00618222
0.00749827
0.00521183
0.00640333
0.00674446
0.000514638
0.000490384
0.00109729
0.00107931
0.0011009
0.00106048
0.00724465
0.00571834
0.000462508
0.00716745
0.00596548
0.00665711
0.000482915
0.000929773
0.000986625
0.000892741
0.00104098
0.000391812
0.000374302
0.00814808
0.00706906
0.00930671
0.00813414
0.00858769
0.00706991
0.00949303
0.00746737
0.00791811
0.00985255
0.000493624
0.00970717
0.000495642
0.00770243
0.000943977
0.00102974
0.00104434
0.000929844
0.000396478
0.000395017
0.000498025
0.00060995
0.000560361
0.000982571
0.00109473
0.0010457
0.0010358
0.00814513
0.000632567
0.00817188
0.00808216
0.00805018
0.000588359
0.00876297
0.00977552
0.0098433
0.00982081
0.00997959
0.00965704
0.00983839
0.00997666
0.000415675
0.000389085
0.000933072
0.000927566
0.000984563
0.000873773
0.00817979
0.00694343
0.000512171
0.00864076
0.000550181
0.00808156
0.00823482
0.00974396
0.00997679
0.00983273
0.00997141
0.00983572
0.009959
0.00977512
0.000400767
0.000415326
0.00983224
0.00988446
0.00999213
0.00999827
0.00984295
0.00988088
0.00998679
0.00840814
0.000527326
0.009909
0.00895358
0.00831713
0.000510228
0.00991029
0.000895357
0.000911448
0.000964766
0.000850147
0.000385611
0.000367928
0.00981972
0.0099908
0.00987591
0.009976
0.00987558
0.00997822
0.00980888
0.00842759
0.00897988
0.000472309
0.00991227
0.000493561
0.00990601
0.0085228
0.000512196
0.000499539
0.00798426
0.000649363
0.0061199
0.0085483
0.00637453
0.000606092
0.00793299
0.00108007
0.00128663
0.00117299
0.0011926
0.00800971
0.00599587
0.00566909
0.00755201
0.00602319
0.00800412
0.00754035
0.000433543
0.000406586
0.00809411
0.00831003
0.000522586
0.00901237
0.000556415
0.00762985
0.00876253
0.000985371
0.000995537
0.00106948
0.000919312
0.00803521
0.00754088
0.00968159
0.00935119
0.00789495
0.00762456
0.00952182
0.000368331
0.000379671
0.00959941
0.00995668
0.00974346
0.00996675
0.00961865
0.00995345
0.00974209
0.000836297
0.000927653
0.000863573
0.000901877
0.00869094
0.00838766
0.000461909
0.00987458
0.000480039
0.00987365
0.00874437
0.000364635
0.000350754
0.00959429
0.00996598
0.00995278
0.0097398
0.00995249
0.00973581
0.00958348
0.000828611
0.000857232
0.000896305
0.000796402
0.00710259
0.00517897
0.00527369
0.00738049
0.00515647
0.00728708
0.00720844
0.000487964
0.00053497
0.0070397
0.00517098
0.000680605
0.00750515
0.00510779
0.00716994
0.000627229
0.000989702
0.00100737
0.00107154
0.000925876
0.00708954
0.00745566
0.00933986
0.00948365
0.00713537
0.00735548
0.00929993
0.000437559
0.000409614
0.00714055
0.00725439
0.00944987
0.000530817
0.00735994
0.000565523
0.0089381
0.000830876
0.000935936
0.000858278
0.000904545
0.00805003
0.00975461
0.000485321
0.00789359
0.00799449
0.00977739
0.000472171
0.000360238
0.000369178
0.00964152
0.00996505
0.00972403
0.00995338
0.00973075
0.00995008
0.00965909
0.000827524
0.00086624
0.000897895
0.000795168
0.00802937
0.00782219
0.00978019
0.000452621
0.00976554
0.000469804
0.00805738
0.0003594
0.000346469
0.000635396
0.00057917
0.00956706
0.00788637
0.00922964
0.0096856
0.00832734
0.00870174
0.00984614
0.000428627
0.000451832
0.000959094
0.00103978
0.00100873
0.000996345
0.00866958
0.00868755
0.00907263
0.00051709
0.00904678
0.000546547
0.00870731
0.00973565
0.00999425
0.00997379
0.00984254
0.00997996
0.00984973
0.00972862
0.000404953
0.000385047
0.000918161
0.000915435
0.000959857
0.000870347
0.00802065
0.00986688
0.000494259
0.00828204
0.00782943
0.00988841
0.000479931
0.000885869
0.00100634
0.000919477
0.000967083
0.000379696
0.00039099
0.00973784
0.00999489
0.00998252
0.00984092
0.00998373
0.0098308
0.00976807
0.00813017
0.00832329
0.00991728
0.000456266
0.00989964
0.000474016
0.00828969
0.000866197
0.000894752
0.000938856
0.000828244
0.000372066
0.000357992
0.000481607
0.000465583
0.000440566
0.000781487
0.000882764
0.000831411
0.000830962
0.00825472
0.00048332
0.00791751
0.00804996
0.00817124
0.000451773
0.00836509
0.00977289
0.00978013
0.00971599
0.00997684
0.00975972
0.00982791
0.00990945
0.00032969
0.000309813
0.00074778
0.000747545
0.000793189
0.000704017
0.00808314
0.00750769
0.000402405
0.00810207
0.00042937
0.00785029
0.00826904
0.00950383
0.00942524
0.00968676
0.00921926
0.009325
0.00933664
0.00967666
0.000335619
0.000352993
0.00978689
0.00987451
0.00997306
0.0099873
0.00979729
0.00987612
0.00997324
0.00864196
0.000454385
0.00991392
0.00902914
0.00855045
0.000433361
0.00992148
0.000736865
0.000744579
0.000787921
0.000698215
0.000322638
0.000306558
0.00977435
0.00998732
0.00987375
0.00997265
0.00987458
0.00997299
0.00976093
0.0086718
0.00901581
0.000396636
0.00993281
0.000416819
0.00992646
0.00874777
0.00044372
0.000427938
0.00826339
0.000490236
0.00825197
0.00779987
0.00856674
0.000459917
0.00870708
0.000804875
0.000932224
0.000861655
0.000874129
0.00925773
0.00889082
0.0088878
0.00971618
0.00906416
0.00964047
0.00922408
0.000336983
0.000315889
0.00827167
0.00760801
0.000408207
0.00805652
0.000435239
0.00809442
0.00767317
0.000761636
0.000777178
0.000825963
0.000711495
0.0088611
0.00876755
0.00877115
0.00838503
0.00877153
0.00895501
0.00851029
0.000328627
0.000342867
0.00958355
0.00995469
0.00973628
0.00997022
0.00958455
0.00995615
0.00973964
0.000744661
0.000839223
0.000776366
0.000807029
0.00875908
0.00839136
0.000397521
0.00988159
0.000416577
0.00987813
0.0087695
0.000319215
0.000304595
0.00958786
0.00997394
0.00996237
0.00973669
0.00995955
0.00973595
0.00959591
0.000720926
0.000742381
0.000782999
0.000687505
0.0096135
0.00843003
0.00874007
0.00969277
0.0084233
0.00951187
0.0098773
0.000358938
0.000382108
0.00902222
0.00872657
0.000496018
0.00911806
0.00853358
0.00989648
0.000466862
0.000762848
0.000771077
0.000827643
0.000714693
0.00888235
0.0087606
0.00895579
0.0091955
0.00879604
0.0089399
0.00902983
0.000339142
0.000318513
0.00893698
0.00896812
0.00927778
0.000415282
0.00903953
0.000441767
0.00903026
0.00074696
0.000846354
0.000779968
0.00080621
0.00809957
0.00977288
0.000443805
0.00789783
0.00805497
0.00978705
0.000425209
0.000325972
0.000340205
0.00967221
0.00997605
0.00972486
0.00996607
0.00972174
0.00996412
0.00967328
0.00072575
0.000747121
0.000781144
0.000690934
0.00812552
0.0078665
0.00980273
0.000394095
0.00978735
0.000413103
0.0081932
0.000316867
0.000302054
0.000485251
0.000460261
0.00973389
0.0099716
0.00983658
0.00998616
0.00973366
0.00996922
0.00983464
0.000350772
0.000368332
0.000795067
0.000883219
0.000837506
0.000842375
0.00870522
0.00894849
0.00989646
0.000420908
0.00992263
0.000444867
0.00871211
0.00974227
0.00998712
0.00996887
0.00983169
0.00996936
0.0098316
0.00974344
0.000336803
0.000319912
0.000765745
0.000771973
0.000811731
0.000726763
0.00849319
0.00993221
0.000447359
0.00866213
0.00839077
0.0099409
0.00043011
0.000771839
0.000867693
0.000806841
0.000827161
0.000335626
0.000349338
0.00979312
0.00999363
0.00998162
0.00986866
0.00998435
0.0098691
0.00979761
0.00855154
0.00874344
0.00994902
0.000401667
0.00995052
0.000419031
0.00858797
0.000748162
0.000762446
0.00080057
0.000714216
0.000326126
0.000312347
0.000424449
0.000370895
0.000353789
0.000635775
0.0007152
0.000675244
0.00067483
0.00828738
0.00038367
0.00774521
0.00790615
0.00793413
0.000360466
0.00787686
0.0086803
0.00882754
0.00866993
0.00856117
0.00877785
0.00899331
0.00835961
0.00026611
0.000250945
0.000609303
0.00060966
0.000646225
0.000573712
0.0076434
0.00748526
0.000324473
0.00762176
0.000344271
0.00750281
0.0078721
0.00785237
0.00798804
0.00816999
0.00765173
0.0081358
0.00788885
0.00782495
0.00028027
0.000295242
0.00952518
0.0098695
0.00987787
0.00920263
0.00975237
0.00925963
0.00956543
0.00882854
0.000381902
0.00993879
0.00899648
0.00877637
0.000363132
0.00971595
0.000608705
0.000612204
0.000649071
0.000575476
0.000269663
0.000255384
0.00898718
0.00864193
0.00825165
0.00840184
0.0087368
0.008932
0.00852883
0.00885052
0.00899586
0.000331208
0.00840167
0.000349445
0.00914001
0.00835556
0.000373307
0.000359337
0.00733523
0.000387821
0.00770426
0.0069108
0.00784147
0.000364247
0.00758726
0.000632765
0.000737115
0.000676182
0.000691317
0.00792871
0.00814276
0.00834453
0.00806838
0.00828853
0.00803855
0.00780808
0.000268125
0.000252368
0.00765417
0.00695597
0.00032712
0.00740372
0.000347417
0.00749038
0.00727087
0.000604119
0.000620235
0.000659055
0.000566959
0.0078839
0.00772148
0.00765605
0.0075537
0.00771552
0.00799151
0.00758403
0.000279521
0.000294522
0.00961804
0.00967103
0.00973265
0.00929283
0.00960661
0.00926539
0.00973222
0.000628832
0.000716645
0.000663426
0.000679245
0.00826856
0.00757766
0.000330822
0.00828091
0.000349999
0.00829683
0.00836626
0.000269423
0.000254702
0.00842717
0.00852081
0.00815095
0.00857458
0.00848638
0.00857222
0.008354
0.000605504
0.000617417
0.000653739
0.00057157
0.0083289
0.00851268
0.00845239
0.00826649
0.00861142
0.00826155
0.00839033
0.000284214
0.000302544
0.00836005
0.00858321
0.000394858
0.00838129
0.00861862
0.00841769
0.000371466
0.000607979
0.000615096
0.000655677
0.00057177
0.0081676
0.00785823
0.00772034
0.00782848
0.00797746
0.00790003
0.00779755
0.000270759
0.00025466
0.00799829
0.00795848
0.00769073
0.000332794
0.0079397
0.000353779
0.00769464
0.00063089
0.000720121
0.00066642
0.000682244
0.00832284
0.00968932
0.000380488
0.00804103
0.00824712
0.00957061
0.000361261
0.000276926
0.000291786
0.00855156
0.00871149
0.00874737
0.00821866
0.00869494
0.00860994
0.00843977
0.000606928
0.000620363
0.000656971
0.000572792
0.00837633
0.00809913
0.0084455
0.000328807
0.00877873
0.00034752
0.00843245
0.00026672
0.000252382
0.000387911
0.000368588
0.00936191
0.00980957
0.00983069
0.00928989
0.00975517
0.00928442
0.00950768
0.00029003
0.000306452
0.000660108
0.000740291
0.000697521
0.000701367
0.00836318
0.00791114
0.00801851
0.000339913
0.00821495
0.000360687
0.00790236
0.00851599
0.00842063
0.00805225
0.00824764
0.00840609
0.00884597
0.00800712
0.000277034
0.000261641
0.000630504
0.000633203
0.000669939
0.000595041
0.00861631
0.0099514
0.000388801
0.00897403
0.00860896
0.00981864
0.000370333
0.000653677
0.000734177
0.000688034
0.000696694
0.000287188
0.000301713
0.00904517
0.00861008
0.00834258
0.00810689
0.00879223
0.00896149
0.00832733
0.00863954
0.00818098
0.00834351
0.000337269
0.00882475
0.000356012
0.00818126
0.000626271
0.000630636
0.000666795
0.000592491
0.000275582
0.000261061
0.000360995
0.000302881
0.000291113
0.000518239
0.000584061
0.000549721
0.000551229
0.00758494
0.000310687
0.00724253
0.00744713
0.0073535
0.000293855
0.00742895
0.00738578
0.00751044
0.00733091
0.00722855
0.00724672
0.00756346
0.0072515
0.000217777
0.000206599
0.000497512
0.000500181
0.00052877
0.000470363
0.00724556
0.00706868
0.00026802
0.00725897
0.000282271
0.00713784
0.00736482
0.00705364
0.00704627
0.00721435
0.00707937
0.00718402
0.00712515
0.00716851
0.000231634
0.000245218
0.00753175
0.00777021
0.00790776
0.00734884
0.00793361
0.00747391
0.00740008
0.00737695
0.000318061
0.00797436
0.00737673
0.00789535
0.000300581
0.00736429
0.00049939
0.000501544
0.000531151
0.000471424
0.00022203
0.000209638
0.00713265
0.00716306
0.00699593
0.00680848
0.00719993
0.00713343
0.00689091
0.00704935
0.00713198
0.000271542
0.00672046
0.000287853
0.00711448
0.00673058
0.00030937
0.000296595
0.00732678
0.000313422
0.00749485
0.00711556
0.00764238
0.000296232
0.00735553
0.000512679
0.00059416
0.000543576
0.000558793
0.00745423
0.00754935
0.00779517
0.00743481
0.00768878
0.00746454
0.00742125
0.000219086
0.000207683
0.00742146
0.00716789
0.000269807
0.00723537
0.000284625
0.0074041
0.00715939
0.000492891
0.000507913
0.000533973
0.0004668
0.00750658
0.00742887
0.00725306
0.00713014
0.00742952
0.00744329
0.0072552
0.000230956
0.00024471
0.0075473
0.00774003
0.00783659
0.00751034
0.00772547
0.00741502
0.00770245
0.000517807
0.00059311
0.000549118
0.000562064
0.00704911
0.00680221
0.000270885
0.00681196
0.000286631
0.007082
0.00685385
0.000221495
0.000209161
0.00728315
0.00720147
0.00685655
0.00693118
0.00720032
0.00724527
0.00694923
0.00049685
0.000506894
0.000539616
0.000469585
0.00738658
0.00762462
0.00758039
0.00749338
0.00775521
0.00739196
0.00742269
0.000229468
0.000243211
0.00725014
0.00745403
0.000317527
0.00705178
0.00751669
0.00727736
0.00029971
0.000494484
0.000504319
0.000535606
0.000467912
0.00727919
0.00736224
0.00718913
0.00708551
0.0073832
0.00727439
0.00696859
0.000219688
0.000208085
0.0071548
0.00700748
0.00699135
0.000270993
0.00717894
0.000286468
0.00691523
0.000519532
0.000596848
0.000550487
0.000560414
0.00764045
0.00793061
0.000315501
0.00756428
0.00798439
0.00745295
0.000298278
0.00022922
0.000242502
0.00741062
0.00723717
0.00692278
0.00683406
0.00733185
0.00724331
0.00697347
0.000498905
0.000510382
0.000538031
0.000471116
0.00721563
0.00724244
0.00679402
0.000270711
0.00712543
0.000285836
0.00688827
0.000219719
0.000207849
0.000311679
0.000297171
0.00727292
0.00745663
0.00779096
0.00727949
0.00750439
0.00728941
0.00738853
0.000235527
0.000249313
0.000534801
0.000603336
0.000566615
0.000569944
0.00699812
0.00672935
0.00690645
0.000275703
0.00691786
0.000290789
0.00687588
0.00701238
0.00696145
0.00687795
0.00687537
0.00694925
0.00711214
0.00686441
0.000224457
0.000212589
0.000509429
0.000513585
0.000542874
0.000482082
0.00722008
0.00763826
0.000322555
0.00714136
0.00775232
0.00730676
0.000304939
0.000534199
0.000601413
0.000565472
0.000568166
0.000235771
0.00024937
0.00707226
0.00696736
0.00675261
0.00669857
0.00694458
0.00709027
0.00677355
0.00701184
0.00664412
0.00667266
0.000275357
0.00689363
0.000290906
0.00661945
0.000509163
0.000512329
0.000541496
0.000481579
0.000224797
0.000212735
0.000297664
0.000253902
0.000244819
0.000429469
0.000480749
0.000452483
0.000456733
0.00725684
0.000258131
0.00710802
0.00710059
0.00717877
0.000246025
0.0071522
0.00702402
0.00709216
0.00705945
0.00693105
0.00695756
0.00711085
0.00699444
0.000182735
0.000174858
0.000414116
0.000420212
0.000440218
0.000394955
0.00713583
0.00693854
0.000227106
0.00716714
0.000237421
0.00713295
0.00725333
0.00694711
0.00699258
0.00717115
0.00704269
0.00709755
0.00704965
0.00704922
0.000190356
0.000200965
0.00669658
0.00692451
0.00675774
0.00674433
0.0067781
0.0067926
0.00662549
0.00647885
0.000259953
0.00666025
0.00642122
0.00662132
0.000246077
0.00651274
0.000412409
0.00041911
0.000439909
0.000393184
0.000182996
0.000174388
0.00679063
0.00684466
0.00684729
0.00676496
0.00687855
0.00672659
0.00683418
0.00658343
0.00650865
0.000224802
0.00660304
0.000236231
0.00661354
0.00658349
0.000254417
0.000243852
0.00704652
0.000259457
0.00722041
0.00717017
0.00716695
0.000246917
0.00709476
0.000427047
0.000487257
0.000448823
0.000460966
0.00716632
0.00725176
0.00707005
0.00700283
0.00724792
0.00711136
0.0069748
0.000183047
0.000175214
0.00714526
0.00708816
0.000227694
0.00715537
0.000237952
0.00714724
0.00715681
0.000411539
0.000425593
0.000443519
0.000393304
0.00722936
0.00703981
0.00711745
0.00708515
0.00716486
0.00707162
0.00722241
0.000189662
0.000200309
0.00654493
0.00671998
0.00670791
0.0064554
0.0068384
0.00644826
0.00647257
0.000426786
0.000486199
0.000450064
0.000461951
0.00634097
0.00638484
0.000224718
0.006386
0.000235961
0.00637957
0.00635892
0.000181894
0.000172983
0.00647219
0.00642168
0.00637432
0.00640705
0.0064581
0.00640602
0.00644916
0.00040911
0.000418999
0.000443146
0.000389566
0.00681015
0.0072157
0.00697238
0.00704321
0.00694292
0.00705603
0.00687579
0.000189785
0.000199561
0.00670927
0.00689344
0.000259332
0.00642836
0.00685466
0.00677709
0.000246451
0.000409579
0.000424249
0.000446102
0.000391311
0.00688773
0.00693884
0.00708449
0.00687517
0.00709227
0.00676781
0.00692629
0.000182467
0.000174378
0.00672822
0.00630892
0.00665546
0.000225835
0.00664221
0.00023653
0.00671107
0.000427357
0.000488783
0.000451411
0.000461106
0.00649287
0.0066596
0.000259295
0.00658408
0.00674126
0.00645673
0.000246343
0.000188825
0.000198978
0.00647761
0.0064419
0.00644575
0.0063788
0.00647548
0.00643763
0.00640958
0.000409826
0.000422592
0.000441965
0.000389409
0.00645707
0.00646104
0.00637724
0.000225237
0.00641407
0.000236211
0.00639858
0.000180969
0.000172541
0.000255161
0.000243942
0.00656671
0.00658954
0.00668649
0.00652298
0.00664293
0.00656947
0.00657562
0.000192765
0.000202971
0.000436461
0.000489966
0.000459936
0.000464775
0.00623959
0.00582011
0.00619531
0.000228547
0.006126
0.000239786
0.00628992
0.00634216
0.00632954
0.00637137
0.0063799
0.00632402
0.00637957
0.00640014
0.000184609
0.000175816
0.000417451
0.000422973
0.000444747
0.00039716
0.00631224
0.00642185
0.000262657
0.00628142
0.00652554
0.00635602
0.000249321
0.000435725
0.000488633
0.000459449
0.000463373
0.000192404
0.000202837
0.00639196
0.00632967
0.00636368
0.00633428
0.00632571
0.00637077
0.00637204
0.00632794
0.00616302
0.00632958
0.0002271
0.00623998
0.00023839
0.00625051
0.000416871
0.000421527
0.000443061
0.000396576
0.000183908
0.000175126
0.000245232
0.000217896
0.00021095
0.000366523
0.000406535
0.000381986
0.000390254
0.00743165
0.000219652
0.0073666
0.00735872
0.00735709
0.000211079
0.00734112
0.00738329
0.00737548
0.00727064
0.00727156
0.00726242
0.00742315
0.00730677
0.000157846
0.000152493
0.00035551
0.000365263
0.000378694
0.000342979
0.00760707
0.00747917
0.000197343
0.00749187
0.000204463
0.00754417
0.00753993
0.00772436
0.00751676
0.00758165
0.00755255
0.00769302
0.00753009
0.00760618
0.000161643
0.000168447
0.00713903
0.00715511
0.00696306
0.00709926
0.00712115
0.00712105
0.00706861
0.00685945
0.000216845
0.00683302
0.00682518
0.00684795
0.000207873
0.00693609
0.000354002
0.000363636
0.000376922
0.000341539
0.000156733
0.000151209
0.00748837
0.00725582
0.00735374
0.00735915
0.00749552
0.00727006
0.00736036
0.00714061
0.0070808
0.000194057
0.00729859
0.000201395
0.00715895
0.0070799
0.000213898
0.000206835
0.00719994
0.000220081
0.0072382
0.00737092
0.00728406
0.000211658
0.00722492
0.000365082
0.000410617
0.000379964
0.000392119
0.0072652
0.0072151
0.00719824
0.00708263
0.00739962
0.00717668
0.00717347
0.000157455
0.000151921
0.00731115
0.00728507
0.000197664
0.00730499
0.000204815
0.00729285
0.00719441
0.000353112
0.000368827
0.000380974
0.000340576
0.00744133
0.0071575
0.00727022
0.00724406
0.0072533
0.00736233
0.00727091
0.00015925
0.000166508
0.00667484
0.00651909
0.00657711
0.00659355
0.00651476
0.00658624
0.00663381
0.000358531
0.000403661
0.000374899
0.000387496
0.00692301
0.00676595
0.000192886
0.00697096
0.000200375
0.00690297
0.00703925
0.000153949
0.000148227
0.00688098
0.00691671
0.00699065
0.00708909
0.00687601
0.00693085
0.0071121
0.000346786
0.000358785
0.000374661
0.000333616
0.00697843
0.00729459
0.00682882
0.00703134
0.00708284
0.00711544
0.00693575
0.000161636
0.000168263
0.00677721
0.00657352
0.000217703
0.00617197
0.00682536
0.00668579
0.000209127
0.000350994
0.000366367
0.000381551
0.000338564
0.00714892
0.00700782
0.00717679
0.00708426
0.00724896
0.0069209
0.00711201
0.000156353
0.000150815
0.00692648
0.00619761
0.00685775
0.000194872
0.00669905
0.00020219
0.00695533
0.000358061
0.000406333
0.000374593
0.000386938
0.00653788
0.00643946
0.000216644
0.00648113
0.00643841
0.00651553
0.000207433
0.000159139
0.000166012
0.00685523
0.00684062
0.00705733
0.0069546
0.00684397
0.00683328
0.00699995
0.000346017
0.000361457
0.000374054
0.000332648
0.00668309
0.00658786
0.00685207
0.000192667
0.00669294
0.000200241
0.00690091
0.000153784
0.000148145
0.00021383
0.000206307
0.00637516
0.00621778
0.00624408
0.00630005
0.00620849
0.00634234
0.00633755
0.000161484
0.000169024
0.000363987
0.000406309
0.000381514
0.000387747
0.00619783
0.00557826
0.00624683
0.000194294
0.00596876
0.000202355
0.00650101
0.00647766
0.00644506
0.00668341
0.00667771
0.0064502
0.00641122
0.00675307
0.000155876
0.000149719
0.000351369
0.000358927
0.000374012
0.000337115
0.0063365
0.00631064
0.000218045
0.00638913
0.00634046
0.0064597
0.000208577
0.000363782
0.000404925
0.000380969
0.000386692
0.000160825
0.000168119
0.00656529
0.00660987
0.00681535
0.00683243
0.00657824
0.00662722
0.00679917
0.00658132
0.00652493
0.00683399
0.000193416
0.00659798
0.000201173
0.00672192
0.000350986
0.000358383
0.00037328
0.000336989
0.000155121
0.000149199
0.000207217
0.000191214
0.000185656
0.000322249
0.00035494
0.000333002
0.000343379
0.00743228
0.000191501
0.00755082
0.00755308
0.00756262
0.000185358
0.00753491
0.00751223
0.0077225
0.00756448
0.00760057
0.00772313
0.00755135
0.00759742
0.000139489
0.000135485
0.000313058
0.000324119
0.00033393
0.000303919
0.00749219
0.00747926
0.000174769
0.00779988
0.000180095
0.00760306
0.00766703
0.00766607
0.00771471
0.0078905
0.00788877
0.00774821
0.00761086
0.00781471
0.000142367
0.000146946
0.00749397
0.00755931
0.00746573
0.00752087
0.00761961
0.0074314
0.0075732
0.0072715
0.000188582
0.00740577
0.00755856
0.00731823
0.00018269
0.00761973
0.00031303
0.00032311
0.000332526
0.000304113
0.000138607
0.000134826
0.00779005
0.00759464
0.00786706
0.00800403
0.00766383
0.00774044
0.00795866
0.00755099
0.00777595
0.000173028
0.0081759
0.00017792
0.00778186
0.00774965
0.000187494
0.000182662
0.00743894
0.000191412
0.00736764
0.00751757
0.00738717
0.000185346
0.007536
0.000319386
0.000357355
0.000329824
0.000344313
0.00745136
0.00730753
0.00743447
0.00750641
0.00739699
0.00751053
0.0075636
0.000138442
0.000134583
0.00768859
0.00746284
0.000174925
0.00803213
0.000179939
0.0076763
0.00796953
0.000310286
0.000325617
0.000334861
0.000301723
0.00776973
0.00771756
0.00813821
0.00828034
0.00764847
0.00790687
0.00817792
0.000139369
0.000143902
0.00767859
0.00734571
0.00751093
0.00758944
0.00736367
0.00754689
0.00769335
0.000313347
0.000348427
0.000324261
0.000338643
0.00809542
0.00793165
0.000171805
0.00832411
0.000176562
0.00806058
0.00838338
0.000135888
0.00013234
0.00816155
0.0082206
0.00840075
0.0086767
0.00810343
0.00824269
0.00850912
0.000305788
0.000321007
0.000329895
0.000297189
0.0074413
0.00735432
0.00715424
0.00743549
0.00730317
0.00741399
0.0074229
0.000141566
0.000146213
0.00732798
0.0069803
0.000188949
0.00688818
0.00715269
0.00728321
0.000182998
0.000308787
0.000325738
0.000335038
0.000300121
0.00777782
0.00761
0.00821899
0.00820383
0.00773119
0.00768169
0.00826529
0.000137705
0.000133997
0.00774451
0.00713233
0.00816781
0.000173288
0.00758709
0.000178131
0.00825618
0.000312442
0.000350817
0.000322795
0.000337713
0.00759483
0.00716476
0.000186835
0.00734882
0.00714979
0.00748423
0.000180824
0.000139224
0.000143748
0.00830932
0.00822247
0.00875989
0.0087445
0.00820933
0.00828772
0.00884949
0.000304678
0.000320596
0.000329575
0.000296598
0.00804764
0.00796032
0.00861149
0.000171693
0.00808896
0.000176317
0.00874544
0.000135786
0.000132277
0.000186639
0.000181957
0.00774387
0.00713837
0.00714356
0.00753624
0.00725798
0.00753982
0.00767538
0.000140517
0.000145236
0.000316318
0.000348026
0.000327123
0.000336666
0.00796496
0.00708044
0.00801736
0.000172885
0.00745018
0.000177557
0.00861304
0.00845638
0.00822549
0.00875795
0.00904517
0.0082398
0.00833815
0.00901144
0.000137113
0.000133583
0.000308649
0.000319871
0.000328403
0.000300499
0.00756021
0.00722705
0.000187547
0.00768396
0.00721813
0.00763113
0.000181528
0.000316348
0.000347729
0.000326856
0.000336243
0.000140098
0.000144697
0.00858416
0.00845386
0.00909731
0.00920753
0.00847384
0.00855711
0.00932504
0.00833693
0.00822112
0.00895111
0.00017247
0.00833172
0.000177007
0.00891203
0.000308604
0.000319489
0.000328095
0.000300696
0.000136672
0.000133207
0.000182155
0.000171687
0.000168335
0.000288895
0.000316081
0.000296158
0.000308239
0.00854756
0.000170279
0.00813198
0.0088027
0.00796451
0.000165908
0.00870914
0.0089842
0.00837789
0.00817437
0.00893046
0.00828402
0.00888553
0.00891016
0.00012623
0.000123766
0.000283032
0.000295855
0.000301871
0.00027746
0.00863203
0.00890606
0.000159132
0.00990901
0.000162473
0.00941207
0.00861039
0.0097441
0.00964181
0.00980709
0.0099714
0.00968427
0.00952241
0.00983012
0.000128733
0.000131706
0.00902911
0.00833245
0.00847078
0.00895341
0.00848051
0.00900178
0.00901071
0.00877734
0.000169071
0.00863212
0.00896998
0.00823566
0.00016534
0.00932547
0.000283872
0.000295794
0.000301601
0.000278408
0.000126313
0.000124019
0.00973958
0.00968291
0.00989071
0.00997164
0.00968551
0.0098106
0.00971574
0.00925233
0.00896989
0.000159275
0.00995122
0.000162215
0.00995504
0.00924625
0.000170306
0.000167328
0.0090059
0.000170546
0.00834991
0.00911943
0.00839979
0.000166504
0.0091009
0.000287622
0.000317947
0.000294474
0.000310622
0.00937147
0.00845642
0.00883619
0.00937915
0.00865552
0.00929595
0.00955367
0.000125756
0.000123385
0.0092107
0.00933372
0.000159921
0.00994874
0.000163147
0.00969601
0.00918704
0.000282054
0.000300357
0.000304665
0.000276466
0.0097744
0.00998019
0.00996703
0.00984971
0.00985199
0.00985821
0.00975895
0.000126757
0.000129545
0.00977092
0.00927278
0.00946486
0.00997776
0.00943186
0.00993562
0.00982084
0.000284679
0.000314147
0.000291159
0.000307317
0.0090098
0.00887827
0.00015906
0.00992773
0.000161648
0.0099254
0.00905267
0.000124711
0.000122724
0.00979067
0.00997847
0.00996734
0.00984089
0.00997008
0.00983897
0.00978703
0.000280193
0.00029617
0.000302501
0.00027575
0.00974713
0.0087621
0.00876552
0.00947682
0.00888081
0.00963826
0.00962006
0.000128162
0.000131
0.00905185
0.00871582
0.000169568
0.00928257
0.00897424
0.00961631
0.000166016
0.000281459
0.000297616
0.000304848
0.000276383
0.00984051
0.00998028
0.00983822
0.009972
0.00984625
0.00997518
0.00983359
0.000125934
0.000123735
0.00902276
0.00938651
0.00994655
0.000160353
0.00995103
0.000163237
0.00901328
0.00028429
0.000314154
0.000290545
0.000307294
0.00904967
0.00950088
0.000168321
0.00874867
0.00903759
0.00993284
0.000164763
0.000127002
0.000129678
0.00973029
0.00997847
0.0098272
0.00996591
0.00982787
0.00996845
0.00973215
0.000280046
0.000299109
0.000302477
0.000275412
0.00909455
0.00877855
0.0099369
0.00015979
0.009936
0.000162373
0.00912426
0.000125183
0.000123285
0.000170143
0.000167601
0.00983733
0.00960088
0.00980306
0.00998031
0.0098407
0.00997199
0.00981939
0.000128371
0.000131061
0.000288404
0.000313708
0.000294547
0.000307109
0.00893047
0.00854661
0.0099179
0.000160935
0.00991698
0.000163501
0.00893896
0.00984627
0.00998074
0.00997052
0.00982068
0.0099727
0.00982725
0.0098433
0.00012663
0.0001247
0.000284154
0.00029788
0.000302814
0.000279739
0.00916012
0.00995822
0.000169112
0.00932985
0.00916441
0.00995983
0.000165728
0.000288829
0.0003133
0.000294919
0.000306908
0.000128133
0.000130694
0.00974088
0.00998221
0.00996888
0.00988248
0.00997135
0.00988772
0.00973359
0.00917404
0.00931448
0.00995461
0.000160931
0.00995943
0.000163426
0.00915698
0.000284833
0.000297843
0.000302483
0.000280222
0.00012642
0.000124571
0.000168102
0.000160549
0.000159194
0.000269352
0.00029134
0.000273408
0.000287068
0.00864307
0.000156856
0.0099148
0.00911967
0.00865092
0.000154548
0.00991395
0.00982993
0.00981815
0.00997191
0.00997555
0.00983347
0.00981278
0.00996966
0.000119245
0.00011823
0.000266809
0.000281637
0.000284334
0.000264255
0.0086818
0.00920317
0.000151827
0.00991717
0.000153238
0.00991934
0.00866937
0.00983332
0.00997624
0.00981997
0.00996874
0.00982597
0.00997063
0.0098305
0.000120663
0.000122309
0.00970924
0.00989123
0.00997176
0.009979
0.00972592
0.00988707
0.00996866
0.00923819
0.000157077
0.00995149
0.00901343
0.00923575
0.000155032
0.00994879
0.000267674
0.0002815
0.000284318
0.000265085
0.000119584
0.000118512
0.00973079
0.00997926
0.00988572
0.00996784
0.00988887
0.00996977
0.00972436
0.00923688
0.0090313
0.000152179
0.00994894
0.000153604
0.00995031
0.0092535
0.000160408
0.000158943
0.00916029
0.00015758
0.00994608
0.00926466
0.00918209
0.000155227
0.0099423
0.000268562
0.00029489
0.000272583
0.000289334
0.00974706
0.00996707
0.00984736
0.00997545
0.0097538
0.00996477
0.00984017
0.000119065
0.000118003
0.0091606
0.0092502
0.000152398
0.00993908
0.000153837
0.00994139
0.00915127
0.0002661
0.000284111
0.00028695
0.000263615
0.00975835
0.00997586
0.00996327
0.00983933
0.00996533
0.0098434
0.00975795
0.000120002
0.000121377
0.00979285
0.00996825
0.00984892
0.00997463
0.00979865
0.0099659
0.00984468
0.000269233
0.000294295
0.000272467
0.000292269
0.00912483
0.00897607
0.000152904
0.00992793
0.000154066
0.00992836
0.00911458
0.000119192
0.00011835
0.00980205
0.00997586
0.00996571
0.00983747
0.00996728
0.00984528
0.00979565
0.000267194
0.00028658
0.000288924
0.000264945
0.00982651
0.00983628
0.00997164
0.00997682
0.00983234
0.00983296
0.00996964
0.000120579
0.000122183
0.00901297
0.00994431
0.000158374
0.00932698
0.00899272
0.00994267
0.00015633
0.00026653
0.000286125
0.000288969
0.000264012
0.00983043
0.00997814
0.00984205
0.00996949
0.00983938
0.00997071
0.00982725
0.000119669
0.000118622
0.009034
0.00931593
0.00994663
0.000153475
0.00994551
0.000155041
0.00908033
0.000269662
0.000294539
0.000272834
0.000289735
0.00920076
0.0099391
0.000158221
0.00892051
0.00917434
0.00993917
0.000156406
0.000120786
0.000122108
0.00975417
0.00997563
0.00984434
0.00996425
0.00984816
0.00996615
0.00974539
0.000267829
0.000286331
0.000288887
0.0002656
0.00922879
0.00896648
0.00993919
0.000154085
0.00994
0.000155379
0.00922312
0.000120023
0.000119045
0.000161105
0.000159909
0.00984319
0.00997155
0.00982454
0.00997738
0.00984754
0.00996938
0.00981677
0.000122207
0.000123572
0.000273787
0.00029508
0.000276966
0.000291483
0.00898184
0.00862033
0.0099205
0.00015524
0.00992111
0.0001565
0.00897599
0.00984445
0.00997862
0.00996889
0.00980827
0.00997037
0.00981814
0.00983784
0.000121517
0.000120568
0.000272142
0.000286984
0.000289635
0.000269827
0.0091427
0.00995315
0.000159412
0.00931386
0.00915902
0.00994888
0.000157601
0.000274312
0.000294882
0.00027768
0.000291479
0.000122102
0.000123463
0.00975085
0.0099796
0.00996666
0.00987608
0.00996895
0.00988107
0.00974034
0.0091524
0.0093094
0.0099462
0.000155243
0.00994862
0.000156602
0.00914456
0.00027265
0.000286932
0.000289582
0.000270157
0.000121391
0.000120349
0.000161304
0.000156457
0.000156275
0.000261897
0.000280456
0.000263085
0.000279118
0.00867715
0.000151249
0.00992165
0.00927722
0.00869895
0.000150527
0.00991892
0.0098306
0.00983335
0.00997
0.0099738
0.00983349
0.00982669
0.00996858
0.000117409
0.000117314
0.000261658
0.000278252
0.000278885
0.0002613
0.00868876
0.00930968
0.000150065
0.0099183
0.000150392
0.0099216
0.00866314
0.00983298
0.00997539
0.00983046
0.00996936
0.009837
0.00997071
0.00982926
0.000117553
0.000118036
0.00975033
0.00988857
0.00997004
0.00997767
0.00975274
0.00988655
0.0099688
0.00928964
0.000151457
0.00995181
0.00910374
0.0092664
0.000150812
0.00995159
0.000262354
0.00027815
0.000278631
0.000261782
0.000117504
0.000117375
0.00977306
0.00997976
0.0098861
0.00997042
0.00988904
0.00997146
0.00976964
0.00930307
0.00911192
0.000150241
0.00995423
0.000150541
0.00995495
0.00931593
0.00015582
0.000155276
0.00919865
0.000151718
0.00994097
0.00926467
0.0091772
0.000151052
0.00994145
0.00026104
0.000282861
0.000262423
0.000281205
0.00977626
0.00996421
0.00984787
0.00997368
0.0097746
0.00996276
0.00984705
0.000116952
0.000116714
0.00924481
0.0092726
0.000150562
0.00994577
0.000150872
0.00994491
0.00926829
0.000260713
0.000280748
0.000280555
0.000259766
0.00979133
0.00997556
0.0099637
0.00985624
0.00996456
0.00985655
0.00978835
0.000117341
0.0001179
0.00979574
0.00996815
0.00983748
0.0099766
0.00980257
0.0099677
0.00982655
0.000261794
0.000285019
0.000263525
0.00028309
0.00905439
0.00884981
0.000150349
0.00992262
0.000150877
0.00992378
0.00902042
0.000117155
0.000116777
0.00979794
0.00997954
0.00997078
0.00980727
0.0099709
0.00982231
0.00979059
0.000260838
0.000280455
0.000283169
0.000259594
0.00983187
0.00985458
0.00997131
0.00997837
0.00983409
0.00985781
0.00997079
0.000117597
0.000118222
0.00916531
0.00995097
0.000152763
0.00928486
0.00911652
0.00995247
0.000151796
0.00026078
0.000280353
0.00028281
0.000259754
0.00983911
0.00998068
0.00986757
0.00997325
0.0098672
0.0099736
0.00983729
0.000117468
0.000117047
0.00919944
0.00927241
0.00995768
0.000150533
0.00995694
0.000151352
0.00924519
0.00026256
0.000284953
0.00026421
0.000283098
0.00920151
0.00993969
0.000153298
0.00906784
0.00922611
0.00993856
0.000152295
0.000117782
0.000118512
0.00973633
0.00997571
0.00982524
0.00996468
0.00983496
0.00996602
0.00971837
0.000261406
0.00028037
0.000280858
0.00025988
0.00919326
0.00907025
0.00993674
0.000150829
0.00993845
0.000151664
0.00915997
0.000117431
0.000116875
0.000156491
0.000155906
0.00982599
0.00997054
0.00980947
0.0099783
0.00983704
0.00996969
0.00980261
0.000119324
0.000120112
0.000266698
0.000285605
0.00026869
0.000283351
0.00901742
0.00854038
0.00992141
0.000151978
0.00992132
0.000152977
0.00902247
0.00982242
0.00998065
0.00997066
0.00980184
0.00997175
0.0098059
0.00980854
0.000118939
0.000118222
0.000265636
0.000280017
0.000282074
0.000263729
0.00916903
0.00994759
0.000154494
0.00932816
0.00916694
0.00994679
0.000153368
0.000266842
0.000285548
0.000268938
0.000283246
0.000118942
0.000119817
0.00973831
0.00997714
0.00996538
0.00987679
0.00996722
0.00987924
0.00972774
0.00919435
0.00933352
0.00994931
0.000151785
0.0099493
0.00015271
0.00919611
0.000265684
0.000279957
0.000282004
0.000263824
0.000118485
0.000117772
0.000157393
0.000155901
0.000155909
0.000261568
0.000278418
0.000261503
0.00027817
0.00868037
0.000150133
0.00992204
0.00934903
0.0086836
0.000150027
0.00992121
0.00982721
0.00984001
0.00997117
0.0099738
0.00983089
0.00983454
0.00996943
0.000117707
0.000117803
0.00026182
0.000278293
0.000278395
0.00026199
0.00873486
0.00939252
0.000150216
0.00992974
0.000150171
0.00992821
0.00876398
0.00982915
0.0099753
0.00984205
0.00996922
0.00984552
0.0099707
0.00982642
0.000117683
0.000117561
0.00978368
0.00988726
0.00997225
0.00997823
0.0097868
0.00988337
0.00997066
0.00930918
0.000150264
0.00995595
0.00914492
0.00931486
0.000150402
0.0099538
0.000262092
0.000278771
0.000278674
0.000262107
0.000117957
0.000118126
0.00980237
0.00997856
0.0098781
0.00997006
0.0098832
0.00997164
0.00979906
0.00928676
0.00914625
0.000150781
0.00995115
0.000150591
0.00995364
0.00926362
0.00015466
0.000154888
0.00930753
0.000150557
0.0099486
0.00925983
0.00930378
0.000150374
0.00994855
0.000258996
0.000280327
0.000259666
0.000278154
0.00978823
0.00996571
0.00986266
0.00997527
0.00979489
0.00996466
0.00986092
0.00011659
0.000116517
0.00931735
0.00923269
0.000150236
0.0099492
0.000150346
0.00994999
0.00930131
0.000258649
0.000279423
0.000278866
0.000258098
0.0097917
0.00997662
0.0099656
0.00985854
0.00996641
0.00986295
0.0097839
0.000116478
0.00011673
0.00978924
0.00997408
0.00980002
0.00997972
0.00979475
0.00997259
0.00978969
0.00025805
0.000278484
0.000259116
0.000278599
0.00904045
0.00895196
0.000149789
0.00993096
0.000149803
0.00992665
0.00906263
0.000116554
0.000116557
0.00980212
0.00998105
0.00997168
0.00980256
0.0099739
0.00980049
0.0098022
0.000257819
0.000276475
0.000278188
0.00025747
0.00983785
0.00987073
0.00997511
0.0099802
0.00984094
0.00986919
0.00997397
0.000116603
0.000116949
0.00928781
0.00995994
0.000150179
0.00928184
0.00925924
0.00995888
0.000149653
0.000258021
0.000277049
0.000278912
0.000257415
0.00983952
0.00998142
0.00986932
0.00997345
0.00987142
0.00997487
0.00983454
0.000116438
0.000116241
0.00930477
0.00928278
0.00995909
0.00014888
0.00996016
0.000149263
0.00933687
0.00025791
0.000280773
0.000258887
0.000278215
0.00914512
0.00993693
0.000150358
0.00907522
0.00916152
0.00993605
0.000149758
0.000116318
0.00011666
0.00971862
0.00997789
0.0098299
0.00996643
0.00983069
0.00996783
0.00971268
0.00025746
0.000278564
0.000277824
0.000256975
0.00917556
0.00909535
0.00993954
0.000149272
0.00993879
0.000149504
0.00918022
0.000116225
0.000116162
0.000153797
0.00015345
0.00979499
0.00997248
0.00980904
0.00997997
0.00980732
0.00997061
0.00980964
0.000117201
0.000117847
0.000260935
0.000278795
0.000262633
0.000276992
0.00908783
0.00866352
0.00992776
0.000149372
0.00992505
0.00014996
0.00910256
0.0098006
0.00998137
0.00997037
0.00982797
0.00997198
0.00982311
0.00979212
0.000116899
0.000116496
0.000260052
0.000274864
0.00027604
0.000258938
0.00920246
0.00995188
0.000151226
0.00939117
0.00921185
0.00995168
0.000150542
0.000261134
0.00027883
0.000262716
0.00027715
0.000116897
0.00011741
0.00975295
0.00997597
0.00996602
0.00987979
0.00996696
0.00988275
0.00975888
0.00919961
0.00941107
0.00995185
0.000149807
0.0099533
0.000150174
0.00917051
0.000260282
0.000275232
0.000276286
0.000259239
0.000116678
0.000116443
0.00015492
0.00015606
0.000156213
0.000262502
0.00027861
0.000262183
0.00027859
0.00888441
0.000150452
0.0099378
0.00946797
0.00884357
0.000150636
0.00994034
0.00982771
0.00985452
0.00997084
0.00997607
0.00982906
0.00985219
0.00997011
0.000118336
0.000118676
0.00026272
0.000279472
0.000278998
0.000263504
0.00896934
0.00951629
0.000151463
0.00995167
0.000150985
0.00994857
0.00901199
0.00983101
0.00997857
0.00986652
0.00997184
0.00986608
0.00997228
0.00982991
0.000118633
0.000118388
0.00980478
0.00987707
0.00997098
0.00997643
0.00981275
0.00987181
0.00996988
0.00920754
0.000151071
0.00995082
0.00920777
0.00922645
0.000151498
0.00994906
0.00026301
0.000280215
0.000279533
0.000263484
0.00011887
0.000119239
0.00981499
0.00997797
0.00986329
0.00997101
0.00987092
0.00997146
0.00981065
0.00917981
0.00920543
0.000152289
0.00994883
0.000151797
0.00994991
0.00917527
0.000156044
0.000156519
0.00928478
0.000150256
0.00995063
0.0091796
0.00930162
0.0001504
0.00995022
0.000257938
0.000279112
0.000257823
0.000279007
0.00977849
0.00996787
0.00985891
0.00997712
0.00978943
0.00996738
0.00985366
0.000116939
0.000117417
0.00928422
0.00913312
0.000151197
0.00995116
0.00015063
0.00995166
0.00926892
0.000258078
0.000280166
0.000279285
0.000259005
0.00977855
0.00997946
0.00996971
0.00984595
0.00996998
0.0098532
0.00976153
0.000116945
0.000116716
0.00982454
0.00997188
0.00982259
0.009977
0.00982258
0.00997015
0.00982767
0.000257813
0.000276545
0.000257539
0.000276827
0.00923728
0.0094056
0.000151193
0.00995285
0.000150545
0.00994966
0.00927797
0.000117175
0.000117675
0.00983957
0.00997817
0.00997122
0.00985272
0.00997155
0.00984851
0.00984158
0.000258056
0.00027807
0.000277078
0.00025903
0.00982892
0.00987177
0.00997461
0.00998098
0.00983447
0.00986855
0.00997335
0.000116254
0.000116134
0.00936692
0.00996046
0.000148669
0.00936212
0.00934953
0.00995935
0.000148899
0.000257328
0.000277956
0.000276918
0.000258265
0.00982855
0.00998236
0.00986392
0.00997359
0.00986888
0.00997461
0.00982262
0.00011637
0.000116887
0.00936937
0.00938568
0.00995983
0.000149655
0.0099608
0.000149016
0.00937624
0.000257095
0.00027844
0.000256861
0.000278646
0.00924553
0.00994408
0.000149253
0.00918705
0.00923234
0.00994591
0.00014939
0.000116454
0.000116226
0.00976363
0.0099784
0.00987024
0.00996899
0.00986794
0.00996973
0.0097673
0.000257269
0.000279864
0.000278895
0.00025817
0.00929112
0.00923184
0.00995226
0.000150045
0.0099506
0.00014951
0.00930148
0.000116643
0.000117151
0.000153101
0.000153391
0.00980305
0.00997194
0.00984681
0.00997881
0.00980633
0.00997079
0.00985076
0.000116342
0.00011637
0.000258195
0.000274386
0.000258447
0.000274163
0.009199
0.00895909
0.00994275
0.000149781
0.00993999
0.000149184
0.0092117
0.00981874
0.0099801
0.00997178
0.00986691
0.0099727
0.00986744
0.00981275
0.000116524
0.000117001
0.000258358
0.00027524
0.000274321
0.000259211
0.00911213
0.00995273
0.000149677
0.00944485
0.00915473
0.00995031
0.000149695
0.000258739
0.000274756
0.000258877
0.000274527
0.00011651
0.000116405
0.00981629
0.00997894
0.00997109
0.00987757
0.0099715
0.00988249
0.00981429
0.00909888
0.00943363
0.00994801
0.00015033
0.00995043
0.000149826
0.00906346
0.000258925
0.000275616
0.000274752
0.000259883
0.000116705
0.000117199
0.000154979
0.000157763
0.000158207
0.000265339
0.000280047
0.000263889
0.00028144
0.00913299
0.000151991
0.00995985
0.00958252
0.00909619
0.00015293
0.00996212
0.00983333
0.00988188
0.00997422
0.00998098
0.00983497
0.00988248
0.00997392
0.000120254
0.000121378
0.000266096
0.000284614
0.000282306
0.000268359
0.00919562
0.00960007
0.000155124
0.00996814
0.000153692
0.00996766
0.00920737
0.00984177
0.0099835
0.00989033
0.00997624
0.00989141
0.00997657
0.00984075
0.000120142
0.000119519
0.0098284
0.00986333
0.00997312
0.00997964
0.00982696
0.0098547
0.00997273
0.00915372
0.00015263
0.00995042
0.00918713
0.00915582
0.00015348
0.00994952
0.000265918
0.000284739
0.000282656
0.000267879
0.000120525
0.000121432
0.00984353
0.0099816
0.00985315
0.00997414
0.00985918
0.00997476
0.0098439
0.00914994
0.00915845
0.000154966
0.00995092
0.000153894
0.00995162
0.00915665
0.000158209
0.000158521
0.00924369
0.000151686
0.00995146
0.00898515
0.0092614
0.000152737
0.0099503
0.00026151
0.00028101
0.000259677
0.000282855
0.00973744
0.00997232
0.00984178
0.00998113
0.00975745
0.00997186
0.00983001
0.000119482
0.000120695
0.00923325
0.00889944
0.000154931
0.00994787
0.000153474
0.00994892
0.00922276
0.000262759
0.000286817
0.00028421
0.000265252
0.00973511
0.00998366
0.009974
0.00981281
0.00997468
0.00982417
0.00971453
0.000118688
0.000117947
0.0098497
0.00997367
0.00986977
0.00997934
0.00984976
0.00997349
0.00987167
0.000260987
0.000278459
0.000259396
0.000280176
0.00942127
0.00960359
0.00015414
0.00996351
0.000152875
0.00996319
0.00942043
0.000119062
0.000120059
0.00985319
0.0099817
0.00997494
0.00988094
0.00997567
0.00988101
0.00985138
0.000261568
0.000283215
0.00028082
0.000263671
0.0098121
0.00986201
0.00997444
0.00998122
0.00981987
0.00985552
0.00997325
0.000118306
0.000117337
0.0093607
0.00996063
0.000150202
0.0094676
0.00936582
0.00995922
0.000151549
0.000262429
0.000284836
0.000282177
0.000265091
0.00980744
0.00998251
0.00984413
0.00997342
0.00985284
0.00997437
0.00979549
0.000119075
0.000120364
0.00935613
0.00946161
0.00995883
0.000154064
0.00996015
0.000152438
0.00934973
0.00026012
0.000280279
0.000258521
0.000281921
0.00932043
0.00995567
0.000150261
0.009333
0.00932251
0.00995617
0.000151206
0.000118196
0.000117425
0.00981885
0.00998217
0.00988127
0.00997299
0.00988363
0.00997363
0.00981738
0.000260701
0.000284837
0.0002826
0.000262971
0.0093199
0.009355
0.00995763
0.00015296
0.0099582
0.000151597
0.00931243
0.000118595
0.00011962
0.00015616
0.000157258
0.00980896
0.00997381
0.00987776
0.00997951
0.00982128
0.0099727
0.00987377
0.000118396
0.000117473
0.000261785
0.00027596
0.000259951
0.000277905
0.00929422
0.00917858
0.00995175
0.00015401
0.00995098
0.000152357
0.00928699
0.00980871
0.00998136
0.00997369
0.00987219
0.0099746
0.00987876
0.0097957
0.000119127
0.000120439
0.000262997
0.000281841
0.000279092
0.000265653
0.00904429
0.00994822
0.000150668
0.00933173
0.0090643
0.00994634
0.000151629
0.000262307
0.000276368
0.000260425
0.000278248
0.000118424
0.000117573
0.00982784
0.00998169
0.00997398
0.00986177
0.00997476
0.00987022
0.00981988
0.00905562
0.00928712
0.0099453
0.000153513
0.00994647
0.000152174
0.00904557
0.000263215
0.000282062
0.000279431
0.000265753
0.000118984
0.000120126
0.000157249
0.000162196
0.000163542
0.000272656
0.000285889
0.00026969
0.000288958
0.00924919
0.000156152
0.00997183
0.00960899
0.00924477
0.000158007
0.00997096
0.00984553
0.00989413
0.00997862
0.00998546
0.00984816
0.00989349
0.00997776
0.000124613
0.000126235
0.000274687
0.000294442
0.000290831
0.000278198
0.00928065
0.00960282
0.000161418
0.00996963
0.000159334
0.00997238
0.00928354
0.00984837
0.00998723
0.00989549
0.00997806
0.00989647
0.00997943
0.00984209
0.000123258
0.000122016
0.00985273
0.00985972
0.00997606
0.00998215
0.00985303
0.0098537
0.00997542
0.00916824
0.000155578
0.0099527
0.00916483
0.00916122
0.000157126
0.00995235
0.000273363
0.00029426
0.000290812
0.000276769
0.000124145
0.000125706
0.00985762
0.00998391
0.00985226
0.00997622
0.00985889
0.00997721
0.00985591
0.00918524
0.00917375
0.000160021
0.00995429
0.000158116
0.00995485
0.00919582
0.000161693
0.000162741
0.00923498
0.000155928
0.00994713
0.00882653
0.00922763
0.000157632
0.00994779
0.000269877
0.000288665
0.000267045
0.00029195
0.00970275
0.00997683
0.00981293
0.00998519
0.00971682
0.00997574
0.00980882
0.000124182
0.000125818
0.00925669
0.00883623
0.000160861
0.00995088
0.000158915
0.00994887
0.00927276
0.00027219
0.000296861
0.000293167
0.000275451
0.00971585
0.00998693
0.00997621
0.00982394
0.00997813
0.0098187
0.00971575
0.000121832
0.000120626
0.00985016
0.00997655
0.00988438
0.00998198
0.00985268
0.0099758
0.00988209
0.000267333
0.000284316
0.000264697
0.000287029
0.00943044
0.00961046
0.000159275
0.00996332
0.000157295
0.00996487
0.00941023
0.000122774
0.00012431
0.00984883
0.00998314
0.00997574
0.00987807
0.00997685
0.00988218
0.00984482
0.000269035
0.000293847
0.000290322
0.000272502
0.00978448
0.00984489
0.00997485
0.00998239
0.00979286
0.00983934
0.00997387
0.000122949
0.000121415
0.0093471
0.00995954
0.000155309
0.00947348
0.00935345
0.00995802
0.000157318
0.000272357
0.000297197
0.000293625
0.000275813
0.00979163
0.00998398
0.00984577
0.00997469
0.00984569
0.00997564
0.0097931
0.000124223
0.000125946
0.00936625
0.00945528
0.00995826
0.00016095
0.00995918
0.000158846
0.00936842
0.00026675
0.000286056
0.000263952
0.000289022
0.00932027
0.00995932
0.000153633
0.00941121
0.00931317
0.00995881
0.00015537
0.000121527
0.000120229
0.00982617
0.00998342
0.00987231
0.00997463
0.0098771
0.00997558
0.00982009
0.000268727
0.000293505
0.000289806
0.000272236
0.00932385
0.00940937
0.0099592
0.000158783
0.00996025
0.000156542
0.00932803
0.000122512
0.000124186
0.000162607
0.000164249
0.00979397
0.00997545
0.00987485
0.00998112
0.00979938
0.00997434
0.00986952
0.000122953
0.00012136
0.000270548
0.000283484
0.000267241
0.000286911
0.00929753
0.0093394
0.00995609
0.000160902
0.00995546
0.000158478
0.00930831
0.00980362
0.00998272
0.0099753
0.00987517
0.00997605
0.00987661
0.00980448
0.000124131
0.000126027
0.000272813
0.000293383
0.000289273
0.000276739
0.00904977
0.00994605
0.000154329
0.00923587
0.00906319
0.00994579
0.000156023
0.000270249
0.000283711
0.000267112
0.000286976
0.000122338
0.000120907
0.00983221
0.00998322
0.00997597
0.00985414
0.00997673
0.00985793
0.00983234
0.00906674
0.00926098
0.00994818
0.000159397
0.0099476
0.000157278
0.00905674
0.000272281
0.000293301
0.000289317
0.000276028
0.000123468
0.000125264
0.000162222
0.000170162
0.000172493
0.000284807
0.000297201
0.000280879
0.000301248
0.00930563
0.00016306
0.00996788
0.00952321
0.00930531
0.000165274
0.00996455
0.00982616
0.00989658
0.00997859
0.00998509
0.00983878
0.00989491
0.00997711
0.000131005
0.000132962
0.000288181
0.00030958
0.000304852
0.000292564
0.0093196
0.00948657
0.000169686
0.0099612
0.000167249
0.00996302
0.0093198
0.00982009
0.00998578
0.00989484
0.00997706
0.00989578
0.00997794
0.00980314
0.000128873
0.000126991
0.00985434
0.00985526
0.00997765
0.00998339
0.00985698
0.0098484
0.0099769
0.00921312
0.000161553
0.0099551
0.00927343
0.00921042
0.000163999
0.00995429
0.000286735
0.000309501
0.000304779
0.000291402
0.000130597
0.000132819
0.00985467
0.0099851
0.00984993
0.00997819
0.00985331
0.00997862
0.00985218
0.00923527
0.00929214
0.000168909
0.0099564
0.00016614
0.00995638
0.0092458
0.000168976
0.000171279
0.00931483
0.000162483
0.00995353
0.00908275
0.00930251
0.000164769
0.00995608
0.00028224
0.000300053
0.00027822
0.00030299
0.00976051
0.00997746
0.00984663
0.00998439
0.00974575
0.00997589
0.00985454
0.000130732
0.000132847
0.00932873
0.00919692
0.000169377
0.00996042
0.000166738
0.00995915
0.00932151
0.000285523
0.000313036
0.000306741
0.000289957
0.00979957
0.00998566
0.00997734
0.00987477
0.0099778
0.00987262
0.00981152
0.000127649
0.000125708
0.00983588
0.00997656
0.00987493
0.00998251
0.00984152
0.00997568
0.00986802
0.00027947
0.000297062
0.00027518
0.000301581
0.00940411
0.00958043
0.000168533
0.00996197
0.000165531
0.00996339
0.00938505
0.000129563
0.000131972
0.00983089
0.00998419
0.00997656
0.00985065
0.00997701
0.00986155
0.00982301
0.000283358
0.00031142
0.000305894
0.000288433
0.0098167
0.00985702
0.00997644
0.00998316
0.00981142
0.0098625
0.00997586
0.000129363
0.000127414
0.00940709
0.00995977
0.000162736
0.00949015
0.00939446
0.00995996
0.000165276
0.000286149
0.000312923
0.000309416
0.000290887
0.00983638
0.0099854
0.00988479
0.0099782
0.00987997
0.00997816
0.00984054
0.000131022
0.000133143
0.0094452
0.00951601
0.00996475
0.000170128
0.00996335
0.000167392
0.00946204
0.000279601
0.000296447
0.000275255
0.000301028
0.00932398
0.00995998
0.000160621
0.00943076
0.00932539
0.00995871
0.000163316
0.000127723
0.000125639
0.00980099
0.0099843
0.00985788
0.00997604
0.009864
0.00997663
0.00978377
0.000283756
0.000310616
0.000305262
0.000288909
0.00932316
0.00939855
0.00995826
0.000168924
0.0099594
0.000165827
0.00931436
0.000129697
0.000132156
0.000171174
0.000173502
0.00982237
0.00997736
0.00988464
0.00998343
0.00982028
0.00997678
0.00988285
0.000129782
0.00012759
0.000284542
0.000296743
0.000279958
0.000301636
0.00932038
0.00939928
0.00995974
0.00017089
0.00995997
0.000167851
0.00930633
0.00983836
0.00998536
0.00997851
0.00988696
0.00997888
0.00988968
0.00983658
0.000131786
0.000134228
0.000288742
0.000311726
0.000306154
0.000293943
0.00908503
0.00995134
0.000161292
0.00939772
0.00908843
0.00995221
0.000163947
0.000283615
0.000296624
0.000279031
0.00030147
0.000129027
0.000126829
0.00985461
0.00998507
0.00997916
0.00987204
0.00997939
0.00987422
0.00985534
0.00911622
0.00946275
0.00995532
0.000169675
0.00995544
0.00016654
0.00910821
0.000287784
0.000311505
0.000305865
0.000293124
0.000131087
0.000133655
0.000172059
0.000180785
0.000183705
0.000301945
0.000314209
0.000296909
0.000319786
0.00932837
0.00017213
0.00996138
0.00938268
0.00933426
0.000174978
0.00996039
0.00978544
0.00989709
0.00997872
0.00998633
0.00980266
0.00989556
0.009978
0.000139657
0.000142357
0.000307217
0.000331801
0.000325544
0.000312786
0.00933447
0.00934452
0.000181226
0.00995959
0.000177977
0.0099606
0.00931636
0.00978827
0.00998794
0.00989188
0.00997907
0.00989644
0.00997982
0.00977107
0.000137627
0.000135023
0.00985224
0.00985781
0.00998011
0.00998565
0.00985741
0.00985291
0.00997964
0.00926828
0.000171716
0.00995828
0.00938386
0.00926665
0.000175048
0.00995797
0.000307034
0.000331523
0.000325453
0.000312995
0.000140272
0.000143141
0.00985483
0.00998753
0.00984906
0.00998098
0.00985806
0.00998148
0.00984316
0.0092851
0.00938177
0.000181996
0.00995878
0.000178456
0.00995984
0.00927812
0.00018077
0.000184328
0.00929999
0.000171775
0.00996236
0.00944659
0.00931942
0.000174716
0.00996185
0.000299069
0.00031752
0.000294018
0.000321433
0.00984023
0.00998011
0.00988467
0.00998769
0.00983596
0.00998027
0.00988446
0.000139311
0.000141788
0.00928996
0.00946924
0.000180726
0.00996185
0.000177561
0.00996329
0.00927114
0.000303953
0.000333463
0.000326558
0.000309212
0.00984656
0.00998972
0.00998174
0.00988134
0.00998263
0.00988685
0.00984306
0.000137155
0.000134364
0.00981918
0.00997857
0.00984719
0.00998526
0.00982492
0.00997828
0.00984195
0.000299132
0.000315214
0.00029345
0.000322748
0.00939375
0.00953861
0.000182224
0.00996384
0.000178338
0.0099637
0.00940512
0.000140029
0.000143164
0.009829
0.00998752
0.00998
0.00985989
0.00998025
0.00985678
0.00982905
0.000305074
0.000336143
0.000330575
0.000311663
0.00985171
0.00989295
0.00998103
0.00998917
0.00985142
0.00989445
0.00998139
0.000137472
0.000135143
0.009478
0.00996804
0.000172703
0.00960695
0.00948274
0.00996901
0.000175821
0.000305014
0.000333939
0.000329723
0.000310263
0.00985443
0.00999154
0.0098915
0.00998246
0.00989656
0.00998357
0.00984803
0.000139815
0.000142325
0.00948703
0.00961004
0.00997003
0.000181881
0.00997137
0.000178798
0.00946148
0.000300053
0.0003176
0.000294043
0.000322569
0.00930751
0.0099591
0.000172065
0.00931031
0.00932062
0.00995869
0.000175534
0.000137378
0.000134608
0.00979143
0.00998831
0.00986628
0.00997913
0.00986626
0.00997961
0.00978896
0.000306265
0.000336239
0.000327815
0.000312718
0.00932187
0.00928186
0.00995986
0.000182961
0.00995963
0.000179161
0.00931103
0.000140254
0.000143354
0.000182375
0.000185491
0.00984712
0.00998069
0.00989122
0.00998684
0.0098498
0.00998026
0.00988843
0.000139179
0.000136556
0.000304484
0.000317129
0.000298897
0.00032318
0.00929087
0.00942763
0.00996202
0.000183313
0.00996209
0.000179921
0.00928668
0.00985857
0.00998868
0.00998187
0.00989047
0.00998235
0.00989232
0.00985512
0.00014172
0.00014448
0.000309906
0.000335402
0.000329082
0.000315797
0.00912705
0.00995841
0.00017289
0.0095403
0.0091367
0.00995811
0.000176364
0.000304171
0.000316872
0.000298275
0.000322959
0.000138948
0.000136145
0.00986521
0.00998979
0.00998429
0.0098898
0.00998451
0.00989073
0.00986479
0.00915821
0.00955729
0.00996147
0.000183675
0.00996194
0.000179947
0.00915299
0.000309907
0.000335211
0.000328866
0.000316121
0.000141694
0.000144652
0.000185611
0.000193972
0.00019777
0.000324811
0.000338357
0.000318723
0.00034506
0.00928254
0.000184665
0.00995992
0.0093198
0.00931372
0.000188198
0.00995949
0.00977685
0.00989038
0.00998097
0.00998855
0.00978028
0.00988282
0.0099803
0.000151424
0.000154807
0.000331255
0.000359228
0.000352013
0.000338048
0.00927526
0.00932696
0.000195874
0.00996017
0.000191966
0.00996014
0.00924464
0.00979814
0.00998989
0.00987478
0.00998168
0.00988182
0.00998225
0.00980708
0.000149286
0.000146164
0.00982959
0.00985409
0.00998264
0.00998851
0.00984217
0.00984838
0.00998204
0.00929183
0.000185854
0.00996013
0.0093707
0.00929576
0.000189761
0.00995948
0.00033242
0.000358996
0.000351693
0.000339275
0.000152527
0.00015586
0.00983337
0.00999009
0.00985776
0.0099828
0.00985667
0.00998366
0.00982567
0.00931223
0.00936727
0.000197856
0.00996114
0.000193834
0.00996135
0.00931437
0.000196247
0.000200398
0.00928863
0.000184015
0.00996362
0.00946286
0.00928153
0.000187477
0.00996253
0.000320479
0.000339188
0.000314695
0.000343436
0.00982893
0.00998272
0.00988221
0.0099888
0.00983954
0.00998118
0.00987424
0.000150049
0.000153176
0.00931618
0.00942667
0.000194993
0.00996411
0.000191122
0.00996475
0.00933599
0.000326306
0.000359372
0.000351155
0.000332499
0.00981951
0.00998978
0.00998057
0.00986916
0.00998188
0.00987537
0.00980578
0.00014959
0.000146338
0.00984338
0.00998214
0.00987206
0.00998975
0.00984067
0.00998209
0.00987386
0.000325131
0.00034179
0.000318428
0.000350547
0.00945855
0.00956738
0.000198283
0.00996857
0.000194092
0.0099687
0.00946424
0.000152813
0.000156139
0.00985284
0.00999204
0.00998414
0.00988623
0.00998429
0.00988623
0.00985326
0.000331798
0.000363256
0.000357626
0.000338735
0.009836
0.00988632
0.00998287
0.00998905
0.00984668
0.00987581
0.0099812
0.00014777
0.000145015
0.00940781
0.00996913
0.000185162
0.00955866
0.00945162
0.00996584
0.000188507
0.000326775
0.000357021
0.000352075
0.000332913
0.00983553
0.00998968
0.00985768
0.0099807
0.00986822
0.009982
0.00982567
0.000150615
0.000153546
0.00940735
0.00952144
0.00996264
0.00019534
0.00996501
0.000191948
0.00938114
0.000325884
0.000344884
0.000319181
0.000350517
0.00933109
0.0099612
0.000186794
0.00926704
0.00933708
0.00996156
0.000190592
0.000149613
0.000146454
0.00982029
0.00999193
0.00988564
0.00998291
0.00988602
0.00998326
0.0098181
0.000332343
0.000366479
0.000357618
0.000338821
0.00936137
0.00927112
0.00996309
0.000198036
0.00996291
0.000194359
0.00934776
0.000152717
0.000155847
0.000195749
0.000199164
0.00985725
0.00998357
0.00989401
0.00998911
0.00986181
0.0099827
0.00989151
0.000149877
0.00014711
0.000327164
0.000341373
0.000321352
0.000347582
0.00934881
0.00951933
0.00996495
0.000196754
0.00996543
0.000193233
0.00935339
0.00986108
0.0099905
0.00998316
0.00989128
0.00998391
0.00989404
0.00985953
0.000152549
0.000155397
0.000332645
0.000359668
0.000353458
0.000338458
0.00918996
0.00996465
0.000187401
0.00955039
0.00918932
0.00996341
0.000191148
0.000328125
0.000341248
0.000321987
0.000347558
0.000150463
0.000147497
0.0098662
0.00999209
0.0099854
0.00989485
0.00998641
0.00989621
0.00986449
0.00921809
0.00953685
0.00996303
0.000198368
0.00996454
0.000194766
0.00922077
0.000333835
0.000359749
0.000353476
0.000339866
0.000153266
0.000156171
0.000200787
0.000210872
0.000215568
0.000353044
0.00036662
0.000345068
0.000374951
0.00922784
0.000200029
0.00996122
0.00938002
0.00924617
0.000204629
0.00996124
0.00983988
0.00988065
0.00998379
0.0099907
0.00983157
0.00987727
0.00998367
0.000165815
0.000170382
0.000360585
0.00039289
0.000382858
0.000370239
0.00924638
0.009378
0.00021489
0.00996385
0.000209264
0.00996323
0.00924731
0.00985289
0.00999251
0.00988517
0.00998581
0.00988668
0.00998579
0.00985766
0.000163008
0.000159253
0.00983553
0.00987208
0.00998439
0.00999057
0.00983717
0.009877
0.00998395
0.00933865
0.000202042
0.00996293
0.00944451
0.00933427
0.000206649
0.00996351
0.000361554
0.000392957
0.000382904
0.000370903
0.000166569
0.000170946
0.00985215
0.00999239
0.00989366
0.00998568
0.00989073
0.00998587
0.00985331
0.00936124
0.00946836
0.000216209
0.00996653
0.000210981
0.00996603
0.00936323
0.000213596
0.000217965
0.00936157
0.000198963
0.00996619
0.00940818
0.00935838
0.000203589
0.00996579
0.000346325
0.000366134
0.000338828
0.000374248
0.00980267
0.00998222
0.00987247
0.00999001
0.00980728
0.00998184
0.00986963
0.000163749
0.000168474
0.0093688
0.00941135
0.000214066
0.00996791
0.000208134
0.00996793
0.00936561
0.000353728
0.000392595
0.000381943
0.000363593
0.00982163
0.00999227
0.00998443
0.00987936
0.00998428
0.00987814
0.00982342
0.000162762
0.000159307
0.00985444
0.00998584
0.00989181
0.00999263
0.00985965
0.009985
0.00988643
0.000352618
0.000370296
0.000345297
0.000377839
0.00946864
0.00959785
0.000215742
0.00996933
0.000210679
0.00997015
0.0094609
0.000165983
0.000169944
0.00985487
0.0099936
0.00998525
0.00987784
0.00998604
0.00988654
0.00984219
0.000359103
0.000393585
0.000384864
0.000367463
0.00982716
0.00986275
0.00998227
0.00998981
0.00983117
0.00986128
0.00998185
0.000159972
0.00015652
0.00939397
0.0099637
0.00019898
0.00945617
0.00939741
0.00996319
0.000203146
0.000353274
0.000389578
0.000379186
0.000362992
0.00984062
0.00999194
0.00987902
0.00998426
0.00987544
0.00998406
0.00984303
0.000163361
0.000167841
0.00943289
0.00948114
0.00996736
0.00021268
0.00996667
0.000207302
0.00944678
0.000351823
0.000373151
0.000345035
0.000380743
0.00934589
0.00996406
0.000201731
0.00928493
0.00936963
0.00996349
0.000205608
0.000162149
0.000158859
0.009825
0.0099937
0.0098769
0.00998466
0.00988562
0.00998532
0.00981385
0.00035817
0.000396124
0.000387412
0.000366155
0.0093587
0.00928475
0.00996312
0.000214028
0.00996413
0.000209431
0.00932268
0.000165221
0.000169048
0.000210499
0.000214834
0.00986749
0.0099847
0.00989477
0.0099907
0.00986705
0.00998408
0.00989152
0.000161426
0.000158191
0.000350736
0.000365698
0.000344089
0.000372703
0.00935635
0.00956704
0.00996574
0.000213635
0.00996656
0.000208265
0.00933959
0.00987251
0.00999219
0.00998537
0.00988988
0.00998562
0.00989522
0.00987227
0.000164644
0.000168859
0.00035732
0.000388853
0.000379601
0.000366219
0.00925902
0.00996445
0.000201852
0.0094915
0.00924656
0.00996398
0.000205625
0.000352167
0.000365734
0.000345596
0.000372709
0.000162081
0.000158956
0.00986159
0.00999312
0.00998639
0.00989977
0.00998687
0.0098996
0.00985642
0.00928751
0.00948273
0.00996701
0.000214233
0.00996655
0.000209399
0.00930742
0.00035861
0.000388698
0.000379526
0.000367192
0.000165171
0.000169163
0.000215986
0.000234643
0.000241532
0.000391286
0.000401841
0.000378772
0.000414789
0.00914001
0.000220188
0.00985557
0.00896662
0.00926952
0.000227455
0.00922839
0.00935124
0.00989321
0.00988212
0.00948234
0.00979504
0.00953149
0.00931077
0.000185622
0.000192928
0.000401924
0.000442026
0.000425931
0.000417685
0.00867667
0.00871749
0.000243252
0.00844483
0.000234049
0.00881856
0.00842405
0.00882098
0.00903567
0.00873829
0.00848808
0.00902722
0.0088622
0.00854745
0.000180447
0.000174923
0.00978703
0.00990089
0.00998732
0.00959167
0.00986697
0.00962573
0.00976472
0.00937433
0.000221036
0.00996817
0.00954133
0.00937567
0.000227845
0.00991964
0.000401457
0.000441972
0.000425749
0.000416365
0.000185353
0.000192291
0.00927417
0.00911186
0.00872492
0.00874712
0.00905502
0.00926816
0.00887602
0.00914898
0.00954242
0.000242299
0.00883237
0.00023388
0.00937832
0.00873155
0.000234736
0.00024091
0.00885207
0.000219422
0.00945411
0.00896263
0.00931384
0.000226816
0.00900081
0.000385217
0.00040219
0.000372395
0.000415805
0.00888913
0.00940302
0.00939703
0.00885898
0.0093736
0.00889927
0.00883161
0.000184179
0.000191615
0.00839007
0.00864501
0.000242619
0.00803584
0.000233432
0.0085138
0.00794298
0.000396472
0.000443974
0.000428379
0.000412757
0.00840946
0.00835013
0.00790241
0.00784154
0.00842085
0.00830398
0.00790267
0.000178354
0.000173483
0.00981898
0.00998643
0.00987791
0.00999359
0.00983813
0.00998589
0.00986932
0.000384957
0.000401137
0.000374556
0.000412091
0.00947976
0.00958204
0.000240089
0.00906981
0.000232111
0.00976465
0.00904585
0.000182947
0.000189256
0.00981227
0.00981324
0.00911635
0.00916994
0.00983497
0.00987061
0.00929281
0.000394395
0.000436342
0.000421963
0.000407487
0.00877581
0.00936495
0.00944808
0.00878472
0.00942406
0.00877018
0.00875659
0.000177977
0.000172091
0.0086598
0.00955476
0.000217965
0.00872361
0.00930841
0.00877846
0.0002253
0.000395735
0.000443591
0.000424483
0.00041178
0.00816446
0.00824239
0.00770529
0.00769226
0.00819827
0.00820577
0.00766241
0.000183516
0.000191139
0.00804992
0.00828602
0.00766842
0.000241586
0.00821265
0.00023221
0.00756201
0.000383365
0.000403661
0.000373037
0.000414735
0.00928027
0.00996358
0.000218364
0.00925253
0.00932206
0.00996219
0.000224428
0.00017751
0.000172564
0.00975894
0.00972071
0.00910372
0.00886289
0.00986159
0.00959962
0.00894663
0.000392557
0.000439228
0.000424922
0.000406292
0.00927608
0.00925823
0.00873677
0.000238424
0.00950079
0.000230266
0.00873424
0.00018219
0.000188661
0.000233128
0.000240213
0.00946283
0.00998699
0.00989239
0.00958084
0.00987472
0.00936544
0.00970647
0.000178417
0.000172872
0.000386212
0.000397362
0.000374435
0.000409606
0.00857281
0.00848864
0.00795655
0.000241354
0.0085034
0.00023224
0.00797113
0.00863281
0.00867867
0.00798866
0.00812704
0.00851667
0.00884162
0.00801701
0.000183603
0.000190893
0.000396776
0.000436751
0.000420509
0.000412418
0.00935501
0.00996969
0.000218855
0.00949714
0.00933637
0.00983472
0.000225325
0.000386476
0.000397171
0.000375097
0.000409458
0.000178282
0.000172969
0.00899448
0.00866535
0.00820138
0.00804472
0.00883259
0.00874255
0.00824027
0.00880683
0.00908415
0.0082049
0.000240014
0.00888642
0.00023133
0.00807496
0.000396505
0.000436887
0.000420477
0.000411713
0.000183218
0.000190322
0.00023802
0.000271286
0.000282464
0.000449546
0.000455633
0.000430819
0.000475059
0.00798941
0.000251554
0.00824943
0.00778548
0.00826368
0.000262659
0.00790244
0.00815701
0.00850729
0.0083055
0.00803846
0.00841136
0.00817908
0.00799376
0.000216261
0.000226813
0.000465815
0.000515743
0.000492306
0.00048799
0.00792308
0.00779658
0.000286156
0.00756227
0.000273047
0.00780466
0.00766504
0.00809885
0.0078968
0.00773335
0.00765114
0.00805996
0.00788982
0.00782119
0.000207137
0.000198491
0.008188
0.00848363
0.0084338
0.00803282
0.00855759
0.00815975
0.00804166
0.00800896
0.00024997
0.00845343
0.00792881
0.00840673
0.000260598
0.00798755
0.000463488
0.000516022
0.000492471
0.000485759
0.000215143
0.000225737
0.00800349
0.00785288
0.00773053
0.00754837
0.00804989
0.00783151
0.00763227
0.00784009
0.00781808
0.000283429
0.00746427
0.000270493
0.00774934
0.00751246
0.000267453
0.00027758
0.00730935
0.000251241
0.00774671
0.00738686
0.00760714
0.000262877
0.00739074
0.00044782
0.000458386
0.000427758
0.000480212
0.00740582
0.00767214
0.00752567
0.00726601
0.00764672
0.00733172
0.007268
0.000217135
0.000228459
0.0073322
0.00753939
0.000288072
0.00726978
0.000274024
0.00742285
0.00728732
0.000466613
0.000526447
0.000500794
0.000490642
0.0073839
0.00730817
0.0072241
0.00733949
0.00736264
0.00733386
0.00733184
0.000203488
0.000195389
0.00806394
0.00844759
0.00861013
0.00785695
0.00870388
0.00795963
0.00792424
0.000436659
0.000449462
0.000420006
0.000469761
0.00748791
0.00750958
0.000281072
0.00719341
0.000267934
0.00741749
0.00712816
0.000211793
0.000222403
0.00758995
0.00735763
0.00718308
0.00710521
0.007418
0.00752989
0.00717548
0.000453577
0.000511634
0.00048792
0.000475556
0.00720597
0.00750224
0.00743031
0.0072595
0.00738472
0.00733008
0.00716833
0.000208124
0.000198477
0.00715821
0.00742876
0.000250734
0.00702659
0.00732276
0.00715674
0.000262905
0.0004667
0.000529708
0.00050366
0.00049111
0.00725729
0.00729606
0.00731416
0.00715164
0.00734576
0.00722034
0.00727652
0.000217337
0.000228898
0.00717799
0.00719242
0.00709408
0.000288795
0.00718962
0.000274424
0.00715582
0.000436589
0.000453236
0.000418933
0.000469661
0.00773691
0.00812978
0.000246415
0.00752648
0.00826799
0.0076888
0.000256932
0.00020328
0.000194964
0.00747978
0.00737371
0.00713003
0.00708128
0.00753509
0.00730518
0.00707532
0.000453915
0.000512732
0.000488479
0.00047661
0.00740324
0.00726331
0.00704805
0.000281179
0.00726791
0.000267667
0.0070321
0.000211705
0.00022246
0.000270987
0.000282644
0.00710471
0.0074522
0.00755764
0.00712935
0.00750527
0.00712
0.00709907
0.000207433
0.000197858
0.000447214
0.000451724
0.000426696
0.00047326
0.00696851
0.00701932
0.00687261
0.000288138
0.00699847
0.000273313
0.00686497
0.00699808
0.00696085
0.00685926
0.00684123
0.00697952
0.00695039
0.0069146
0.000216672
0.000228647
0.000466419
0.000520587
0.000493575
0.000491905
0.00710414
0.00758794
0.0002483
0.00709844
0.0075334
0.0071985
0.000259983
0.00044596
0.000452062
0.000425504
0.000473669
0.000206574
0.000197106
0.00690519
0.00694615
0.00678457
0.00688147
0.00691386
0.00698431
0.00677339
0.00693418
0.0070442
0.0068229
0.000285927
0.00698444
0.000271234
0.00679042
0.000464978
0.000520928
0.000493945
0.000490725
0.000215708
0.00022768
0.000278276
0.000326848
0.000343421
0.000535994
0.000538071
0.000508678
0.000567143
0.00741035
0.000298897
0.00747933
0.00739686
0.00758042
0.000314766
0.00741285
0.00747405
0.00759809
0.00753156
0.00735302
0.00770399
0.00739572
0.00738873
0.000263008
0.000279229
0.000562761
0.000632313
0.000595781
0.000597037
0.00735102
0.00744597
0.000350469
0.0073855
0.000330725
0.00734598
0.00728806
0.00738855
0.00725225
0.00723839
0.00730084
0.007313
0.00731848
0.00728639
0.000249287
0.000236052
0.00726446
0.0075952
0.00732459
0.00732114
0.00746988
0.00737854
0.00723485
0.00719525
0.000296307
0.00725022
0.0070728
0.00737162
0.000312733
0.00715578
0.000561994
0.000632632
0.000596004
0.000596926
0.000262527
0.000279105
0.00721181
0.00722491
0.00722111
0.00718446
0.00730588
0.00712836
0.00716501
0.00712767
0.00705942
0.000349747
0.0071256
0.000329315
0.00707627
0.00710256
0.000320994
0.000338419
0.00752312
0.000301764
0.00745105
0.0073595
0.00743364
0.000318146
0.00743388
0.000541143
0.000551058
0.000513506
0.000580427
0.00762658
0.00744209
0.00752967
0.00746858
0.00751976
0.00746551
0.00765693
0.000265827
0.000281301
0.00770606
0.00772726
0.000353622
0.0077306
0.000334524
0.00767698
0.00781943
0.000567903
0.000649412
0.00061174
0.000600038
0.00783431
0.00773821
0.00781033
0.00800795
0.00773655
0.00786127
0.00795892
0.00024719
0.000233421
0.00676734
0.0068478
0.0068695
0.00683348
0.00688983
0.00683494
0.00677605
0.000527115
0.000538719
0.000498211
0.000570162
0.00678638
0.00680968
0.000350312
0.00697382
0.000328902
0.00682557
0.00694286
0.000261274
0.000278493
0.00677303
0.00679913
0.00695242
0.00698644
0.00678366
0.00680979
0.00694279
0.000556551
0.000638275
0.000599281
0.00059283
0.00764063
0.00752005
0.00739977
0.00745272
0.00749947
0.0076342
0.00742064
0.000253486
0.000240068
0.00748089
0.00732063
0.000302808
0.00722913
0.00735469
0.00733505
0.000319671
0.000569378
0.000642931
0.000611401
0.000601623
0.00789256
0.00778511
0.00802629
0.00784358
0.00788285
0.00775869
0.00806113
0.000266648
0.000282091
0.00772131
0.00766323
0.0077608
0.000355337
0.00765714
0.000336204
0.00788578
0.000528816
0.000535272
0.000499882
0.000566035
0.00673311
0.00681765
0.000295349
0.0067253
0.00684664
0.00678809
0.0003125
0.000247419
0.000233633
0.00679869
0.00679266
0.00694645
0.00696989
0.00676796
0.00679527
0.00697621
0.000558314
0.000639264
0.000600363
0.000594385
0.0067506
0.00684104
0.00699708
0.000351432
0.00681464
0.000330327
0.00691978
0.000261671
0.000278833
0.000328903
0.000346155
0.00715667
0.00701631
0.00696999
0.00701552
0.00704954
0.00707019
0.00707523
0.000254482
0.000240187
0.000546235
0.000546186
0.000515962
0.0005784
0.00734613
0.00744974
0.00753507
0.000357288
0.0073704
0.000336964
0.00756342
0.00746147
0.00735132
0.00755299
0.00763808
0.00740355
0.00739971
0.00768496
0.000268303
0.000284802
0.00057494
0.000645965
0.000609084
0.000609603
0.00697043
0.0069093
0.000300286
0.00681208
0.00689499
0.00693042
0.000317996
0.000545684
0.000546391
0.000514985
0.000578421
0.000253637
0.000239273
0.00735002
0.00735406
0.00747089
0.00764318
0.00727538
0.00741622
0.00759489
0.00723947
0.00720013
0.00736591
0.000356101
0.00721811
0.000335574
0.00745477
0.000574903
0.000645626
0.000608863
0.000609846
0.000267638
0.000284221
0.000343386
0.000406871
0.000431767
0.000673679
0.000668689
0.00063125
0.000713974
0.00745169
0.000370495
0.00746039
0.00760345
0.00737274
0.000394825
0.00759135
0.00746285
0.0073279
0.00737495
0.00746319
0.00736993
0.00742339
0.00751285
0.000335935
0.000360232
0.000715927
0.000813633
0.000759013
0.000767105
0.00773165
0.00800961
0.000449024
0.00811963
0.000419525
0.00784706
0.00797622
0.00776335
0.00773588
0.00801991
0.00806334
0.0077318
0.00776976
0.00803045
0.000316314
0.000295866
0.0074441
0.00731597
0.00724203
0.00747596
0.00728973
0.00745888
0.00743295
0.00739185
0.000370733
0.00720973
0.00736914
0.00720441
0.000396131
0.00742023
0.000717087
0.000814115
0.000759669
0.000768636
0.000336875
0.00036144
0.00773661
0.00774803
0.00807153
0.00804687
0.00775203
0.00772378
0.00806315
0.00764956
0.00771268
0.000451953
0.00804806
0.000421794
0.00770562
0.00799614
0.000408136
0.000434571
0.00815425
0.000373222
0.0079858
0.00789041
0.00800593
0.000395909
0.00809065
0.000670694
0.000680806
0.000632271
0.000718382
0.00829593
0.00804747
0.00822324
0.00826682
0.0081374
0.00817992
0.008389
0.000333932
0.000356239
0.00830762
0.00826449
0.000447083
0.00848099
0.000419459
0.00830001
0.00849161
0.000708944
0.000812891
0.000762823
0.000755855
0.00842273
0.00845437
0.00854897
0.00872033
0.00835927
0.0085243
0.00862046
0.000316284
0.000295551
0.0074709
0.00716573
0.00724869
0.00753518
0.00717107
0.00746088
0.00756396
0.000672161
0.000676503
0.000628344
0.000719699
0.0078094
0.00779909
0.000452519
0.00817834
0.000422289
0.00784619
0.00819519
0.000336379
0.000360746
0.00788597
0.00791887
0.00823414
0.00836792
0.00783955
0.00795241
0.00831313
0.000713791
0.000821414
0.000763857
0.000764726
0.00843796
0.00817356
0.00813671
0.00826323
0.00824765
0.00835742
0.00828176
0.000315903
0.000297607
0.00829071
0.00804277
0.000374788
0.00815439
0.00809154
0.00824129
0.000397492
0.000708361
0.000810814
0.000761536
0.000753873
0.00861607
0.00849057
0.00872129
0.00874844
0.00853316
0.00853887
0.00880206
0.000334324
0.000356253
0.00848153
0.00856682
0.00873309
0.000447171
0.00850102
0.000420419
0.00867911
0.000672993
0.000677385
0.000629866
0.000727733
0.00748101
0.00724136
0.000372765
0.00751582
0.00714741
0.0075575
0.000397925
0.000316731
0.000296091
0.0079578
0.00789044
0.00839187
0.00836998
0.00791184
0.00793711
0.008433
0.000714547
0.000824686
0.000772936
0.000765341
0.00787365
0.00804446
0.00840071
0.000452186
0.0079744
0.000422791
0.00832506
0.000336942
0.000361106
0.00041023
0.000434413
0.00826101
0.00799291
0.00803539
0.00817763
0.00803958
0.00820145
0.00828875
0.000319884
0.000300957
0.000682498
0.000681621
0.00064291
0.000723411
0.00848357
0.00859712
0.00878183
0.000451248
0.00854043
0.000423921
0.0087445
0.00860142
0.00853929
0.00878873
0.00889696
0.00854553
0.00860933
0.00886473
0.000338836
0.000360987
0.000721705
0.000814063
0.000765144
0.000767903
0.00807813
0.00776196
0.000376837
0.00788259
0.00779624
0.007989
0.00040029
0.000683116
0.000681193
0.000643738
0.000723096
0.000319571
0.00030064
0.00857231
0.00853711
0.00876923
0.00890347
0.00850258
0.00859649
0.00891893
0.00839285
0.00832752
0.00868116
0.00045179
0.00838089
0.000424481
0.00874352
0.0007226
0.000813653
0.000764799
0.000768559
0.000338754
0.000360802
0.000435728
0.000526582
0.000563246
0.000877208
0.000867609
0.0008178
0.000930732
0.00893603
0.000478964
0.00856949
0.00884712
0.00849496
0.000513664
0.0090081
0.00903977
0.00859079
0.00853904
0.00901446
0.00858478
0.00909224
0.00899541
0.000441309
0.000473214
0.000936145
0.00106307
0.000993014
0.00100247
0.00934559
0.00945173
0.000588166
0.00995924
0.000548907
0.00968892
0.00933878
0.00982589
0.00976167
0.00989226
0.00997732
0.00989312
0.00970368
0.00984829
0.000414587
0.000386028
0.00913596
0.00857683
0.00854283
0.00901411
0.00858631
0.00908894
0.00900829
0.00896913
0.000482574
0.00851439
0.00894376
0.00844462
0.000517695
0.00898657
0.00093773
0.0010647
0.000993848
0.00100433
0.000443255
0.000475568
0.00982928
0.00972766
0.00988091
0.00997756
0.00978317
0.00976436
0.00986861
0.00932164
0.00931716
0.00059239
0.0099557
0.000553112
0.00965332
0.00931721
0.000532007
0.000567533
0.00892551
0.000475606
0.00871922
0.00884559
0.00867691
0.000509629
0.00898359
0.000859577
0.000858436
0.000802385
0.000919436
0.00910716
0.00875291
0.00889758
0.00908781
0.0088376
0.00903441
0.00912909
0.000433687
0.000467069
0.00925448
0.00936507
0.000585615
0.00980973
0.000544281
0.00937999
0.00941163
0.000915983
0.00105358
0.000979443
0.000985599
0.00943678
0.00940786
0.00976163
0.0097915
0.00937961
0.00944722
0.00978446
0.000412474
0.000384195
0.00941226
0.00879093
0.00888693
0.00937011
0.00886142
0.00929681
0.00943996
0.000871764
0.000877268
0.000812705
0.000936218
0.00950202
0.0095476
0.00058911
0.00996479
0.000549762
0.00990787
0.0095188
0.00043929
0.000471391
0.00984791
0.00998422
0.0099773
0.00988744
0.0099769
0.0098861
0.00984926
0.000925804
0.00107124
0.000994683
0.0009919
0.0091971
0.0089319
0.00893156
0.00915799
0.00897614
0.00917418
0.00916562
0.000405217
0.000378486
0.00915662
0.00897389
0.000474671
0.00915707
0.00891593
0.0092399
0.000507506
0.00091029
0.00105974
0.000985198
0.000978925
0.00949428
0.00945651
0.00980129
0.00981741
0.00949642
0.00948295
0.00978538
0.000432227
0.000464874
0.00942734
0.00945078
0.00989252
0.000580723
0.00957701
0.000540931
0.00947082
0.000870332
0.000871309
0.000812606
0.000937861
0.00933656
0.00895201
0.000480717
0.00927253
0.00885639
0.00939739
0.0005146
0.000411798
0.000384083
0.00984427
0.0099839
0.00988309
0.00997671
0.00988121
0.00997666
0.00984526
0.000924165
0.00106134
0.000995729
0.000989736
0.00936608
0.00948578
0.00996051
0.000586101
0.00996098
0.000547338
0.00936728
0.000438145
0.000469687
0.000524961
0.000560098
0.0094431
0.00911166
0.00920365
0.00947096
0.00914693
0.00943609
0.0095245
0.000409944
0.000383409
0.000869805
0.000863299
0.000814344
0.000921747
0.009408
0.00955451
0.00996163
0.000584322
0.00982554
0.000545203
0.00940415
0.00986926
0.00985292
0.00997809
0.00989358
0.00978461
0.0098947
0.00986736
0.000436764
0.000468447
0.000925348
0.0010503
0.000980445
0.000991446
0.00934199
0.00906682
0.000479997
0.00930057
0.00903797
0.00944496
0.000512311
0.000869849
0.000862926
0.000814988
0.000921397
0.000409484
0.000383284
0.00985481
0.00983342
0.009978
0.00989669
0.00986173
0.0098733
0.00985623
0.00935282
0.0093444
0.00995849
0.000584152
0.00986291
0.000545529
0.00934515
0.000925089
0.00105057
0.000980254
0.000991096
0.000436091
0.000467511
0.000563375
0.000694619
0.00074441
0.00114411
0.00113497
0.00107091
0.00121193
0.00934306
0.000629271
0.00995878
0.00950994
0.00932645
0.000673168
0.00995962
0.00985134
0.00989167
0.00997699
0.00998409
0.00984846
0.00989326
0.0099774
0.00058034
0.000619897
0.00122387
0.00138082
0.00129583
0.00130412
0.00935037
0.00951787
0.000769771
0.00996285
0.000720913
0.009961
0.00938438
0.00985535
0.00998436
0.00989797
0.00997806
0.00989635
0.00997768
0.0098579
0.000544491
0.000508837
0.00986883
0.00988021
0.00997754
0.00998352
0.00986847
0.0098813
0.00997775
0.00933042
0.00063331
0.00995558
0.00929019
0.00932286
0.000676874
0.00995586
0.00122472
0.00138561
0.00130021
0.00130503
0.000583132
0.000622587
0.00986904
0.00998358
0.00988511
0.00997769
0.00988401
0.00997777
0.00986869
0.00934475
0.00928815
0.000772229
0.0099571
0.000724164
0.00995678
0.00935068
0.000693405
0.000740987
0.00940616
0.000627576
0.00995959
0.00938266
0.00941459
0.000675795
0.00995946
0.00113675
0.00112723
0.00105489
0.00121412
0.00984
0.00997687
0.00988865
0.00998412
0.0098429
0.00997669
0.00988853
0.000579866
0.0006229
0.00940636
0.0093408
0.000778328
0.00995796
0.000725644
0.00995857
0.00940034
0.00121982
0.00139869
0.00130275
0.00130928
0.00983107
0.00998373
0.00997622
0.00988628
0.00997623
0.0098871
0.00982148
0.000539039
0.000502296
0.00985818
0.00997768
0.00989099
0.00998519
0.00985508
0.00997814
0.00989371
0.00112933
0.00113203
0.0010541
0.00121202
0.00955715
0.00958365
0.000768309
0.00996647
0.000717997
0.00996638
0.00957026
0.000575669
0.000616865
0.00985779
0.00998512
0.00997796
0.00989543
0.00997812
0.00989515
0.00985727
0.00120375
0.00138955
0.00129805
0.00128855
0.00986046
0.00989023
0.00997689
0.00998392
0.00985934
0.00988995
0.0099768
0.000537055
0.000498167
0.0094708
0.00996148
0.000621998
0.00954904
0.00947839
0.00996137
0.000669799
0.00121049
0.00140934
0.00131218
0.00130045
0.0098603
0.00998344
0.00988486
0.00997627
0.00988743
0.00997641
0.00985981
0.000577685
0.000621963
0.00947506
0.00954717
0.00996078
0.00077407
0.00996121
0.000719946
0.00945658
0.00112827
0.00113549
0.00105233
0.00121904
0.009355
0.00996036
0.000624164
0.00947962
0.00935257
0.00996057
0.000669081
0.000537125
0.000500453
0.00985227
0.0099842
0.0098869
0.00997692
0.00988764
0.00997686
0.00985379
0.00120253
0.0013869
0.00129392
0.00128777
0.00933919
0.00946576
0.00996024
0.000766189
0.00996033
0.000714595
0.00933969
0.000573887
0.000615864
0.000691606
0.00074237
0.00986053
0.00997724
0.00989182
0.00998316
0.00986279
0.00997695
0.00989063
0.000537852
0.000500378
0.00113459
0.00111985
0.00105712
0.00120192
0.00936769
0.00952905
0.00995987
0.000770174
0.00995953
0.000717899
0.00937604
0.00985613
0.00998266
0.0099765
0.00988866
0.00997641
0.00988863
0.00985696
0.000576034
0.000618813
0.00121232
0.00137789
0.00128458
0.00129941
0.00933142
0.00995822
0.000623497
0.00940207
0.00934501
0.00995801
0.000669111
0.00113442
0.00112057
0.00105679
0.00120314
0.000536379
0.000499226
0.00985467
0.00998283
0.00997643
0.00989071
0.00997656
0.00989166
0.0098541
0.00932886
0.00940884
0.00995728
0.000767964
0.00995756
0.000715803
0.00932208
0.00121233
0.001379
0.00128596
0.00130026
0.000574321
0.000616869
0.000738079
0.000905071
0.000965479
0.00148132
0.00147875
0.0013958
0.00157127
0.00942544
0.000824716
0.00996449
0.00953391
0.0093975
0.000877981
0.0099657
0.00985939
0.00989892
0.00997836
0.0099851
0.0098585
0.00989962
0.00997851
0.000758362
0.000803038
0.00158346
0.00177669
0.00168151
0.00167071
0.00942792
0.00952656
0.000994099
0.0099669
0.000939157
0.00996666
0.00943467
0.00985948
0.00998508
0.00989951
0.00997874
0.00989945
0.00997861
0.00986011
0.00070886
0.000666946
0.00986749
0.00988623
0.00997761
0.00998383
0.00986746
0.00988619
0.00997757
0.00935608
0.000826552
0.00995725
0.00930686
0.00935406
0.000878287
0.00995724
0.00158302
0.00177226
0.00167954
0.00167109
0.000758034
0.000801748
0.00986683
0.00998396
0.00988724
0.00997757
0.0098871
0.00997765
0.00986745
0.00936405
0.00930442
0.00099238
0.00995815
0.000938341
0.00995792
0.00936662
0.000900377
0.000961709
0.00939459
0.000834573
0.00995695
0.00919187
0.00940192
0.000887975
0.00995583
0.00149213
0.00150033
0.00140301
0.00159829
0.00979631
0.00997627
0.00988273
0.00998408
0.00980662
0.0099765
0.00988071
0.000762007
0.000805506
0.00939812
0.00915646
0.000999659
0.0099552
0.000947368
0.00995561
0.00938718
0.00158958
0.00180294
0.00170666
0.00167483
0.00978595
0.00998469
0.00997743
0.00987579
0.00997715
0.00987734
0.00978519
0.00070455
0.000659682
0.0098541
0.00997751
0.00989451
0.0099848
0.00985456
0.00997748
0.00989469
0.00146776
0.00148484
0.00137624
0.00158475
0.00957619
0.00961879
0.000992755
0.0099669
0.000936508
0.00996703
0.00957748
0.000753862
0.000799951
0.00985197
0.00998473
0.00997743
0.00989428
0.00997735
0.00989405
0.00985269
0.00156794
0.00179766
0.0016951
0.00165961
0.00985617
0.00987818
0.00997609
0.00998333
0.00985763
0.00987295
0.00997628
0.000714424
0.000669025
0.00942738
0.00996008
0.000832172
0.00947772
0.00945073
0.00995926
0.00088827
0.00158667
0.00181019
0.00171654
0.00167598
0.00985304
0.00998388
0.0098648
0.00997692
0.0098669
0.00997673
0.00985114
0.000764432
0.000808951
0.00943348
0.00944148
0.00995895
0.00100427
0.00995925
0.00094967
0.00942229
0.00146796
0.00148145
0.00137582
0.00157991
0.00931078
0.0099594
0.000820084
0.00947436
0.00930896
0.00995926
0.00087677
0.000705076
0.000659392
0.00985417
0.00998331
0.00988156
0.00997654
0.0098816
0.00997659
0.00985381
0.00157068
0.00178678
0.00168768
0.00166537
0.00928255
0.00946368
0.00995874
0.000996988
0.00995863
0.000938533
0.0092943
0.000755103
0.000801984
0.000913123
0.000976868
0.00986151
0.00997644
0.00988836
0.00998281
0.00985763
0.00997673
0.00988965
0.000711772
0.000664035
0.00148688
0.00147565
0.00139076
0.00157866
0.00938723
0.00950932
0.00996235
0.00100612
0.00996189
0.000946706
0.00940266
0.00986535
0.00998301
0.00997741
0.00989276
0.00997707
0.00989064
0.00986829
0.000764017
0.000813974
0.00159281
0.00179957
0.0016917
0.00169298
0.00933164
0.00995725
0.000822762
0.00940848
0.00932998
0.00995753
0.000880127
0.00148808
0.00147599
0.00139195
0.00157736
0.000708594
0.000661778
0.00985521
0.00998315
0.00997704
0.00989421
0.00997679
0.00989244
0.00985785
0.00934521
0.00941105
0.00995861
0.00100256
0.00995799
0.000942485
0.00934446
0.00159356
0.00179627
0.00168897
0.00169427
0.000760188
0.00080974
0.000969985
0.00113831
0.00120154
0.00186632
0.00189369
0.00178036
0.00198522
0.00942015
0.00105915
0.00996685
0.009533
0.00942786
0.00111223
0.00996648
0.00986143
0.00989944
0.009979
0.00998552
0.00986075
0.00989953
0.00997928
0.000954109
0.000996127
0.0019781
0.00219395
0.00210361
0.00206212
0.00940995
0.00951607
0.00122688
0.00996613
0.0011766
0.00996608
0.00941089
0.00986233
0.00998603
0.00990023
0.00998019
0.00990005
0.00997975
0.0098619
0.000897962
0.000854567
0.00986839
0.00988881
0.00997813
0.00998438
0.00986757
0.009889
0.00997841
0.00937726
0.00105719
0.0099586
0.00933048
0.00937255
0.00111066
0.00995907
0.00197558
0.00219042
0.00209901
0.00206109
0.000952191
0.000995851
0.00986935
0.0099852
0.00989044
0.00997953
0.009891
0.00997935
0.00986918
0.00939123
0.00932408
0.00123069
0.00996097
0.00117717
0.00996045
0.00939268
0.00114193
0.00120959
0.00938009
0.0010598
0.00995602
0.00915274
0.0093961
0.00111305
0.00995622
0.00186056
0.00191243
0.00177293
0.00200858
0.00980035
0.0099783
0.00987649
0.00998563
0.00979114
0.00997837
0.00987525
0.000947702
0.000992223
0.0093953
0.00918559
0.00122635
0.00995825
0.00117182
0.00995769
0.00937678
0.001957
0.00220674
0.00211154
0.00204848
0.00981708
0.00998641
0.00997926
0.00987596
0.00997917
0.00987913
0.00981927
0.000901958
0.000854446
0.00985432
0.00997789
0.0098942
0.00998548
0.00985316
0.00997827
0.00989411
0.00186297
0.00191937
0.00176878
0.00202404
0.00956836
0.00959222
0.00123896
0.00996747
0.00118168
0.00996743
0.00956396
0.000956659
0.00100401
0.00985949
0.00998628
0.00997965
0.00989509
0.00997929
0.00989465
0.00985954
0.00197199
0.00223063
0.00212958
0.00206714
0.00984776
0.00986728
0.00997764
0.00998508
0.00985023
0.00987043
0.00997777
0.000903081
0.000859234
0.00944459
0.00995978
0.00106607
0.00943185
0.00943747
0.00996016
0.00112012
0.00196041
0.00221949
0.00211872
0.00205043
0.00985077
0.00998579
0.00987938
0.0099788
0.00987906
0.00997855
0.00984725
0.000951983
0.000997568
0.00947578
0.00947589
0.009963
0.0012366
0.0099624
0.0011797
0.00947671
0.00187088
0.00190434
0.00177853
0.00200187
0.00930758
0.00995908
0.00106443
0.00946004
0.00928423
0.00995961
0.00112244
0.000903327
0.000856799
0.00984349
0.00998509
0.00988432
0.00997797
0.00988517
0.00997766
0.00983998
0.00198682
0.00224887
0.00213925
0.00208331
0.00931064
0.00943562
0.00996149
0.00124947
0.00996093
0.001191
0.00932934
0.000960451
0.00100906
0.00116175
0.0012294
0.0098706
0.00997788
0.00989477
0.00998406
0.00987085
0.00997824
0.00989623
0.000922182
0.000871243
0.00191364
0.00192411
0.00181069
0.00203325
0.00939863
0.00951167
0.00996355
0.00126356
0.00996342
0.0012056
0.00940513
0.00987047
0.0099848
0.00997946
0.00989758
0.00997895
0.00989783
0.00986715
0.000980644
0.00102921
0.0020353
0.00226781
0.00216139
0.00213356
0.00934692
0.00995909
0.0010708
0.00945776
0.00935514
0.00995981
0.00113198
0.00191274
0.00192151
0.00181064
0.00203183
0.000917408
0.000866543
0.0098642
0.00998505
0.00997937
0.00989833
0.00997903
0.00989907
0.00986454
0.00935324
0.00945366
0.0099613
0.00126475
0.00996046
0.00120267
0.00933939
0.00203283
0.00226877
0.00216106
0.00213471
0.000975933
0.00102685
0.0012343
0.00136509
0.00141882
0.00225023
0.00230877
0.00216858
0.00239745
0.00943082
0.00128814
0.00996692
0.00953367
0.0094182
0.0013369
0.00996762
0.00985995
0.00990107
0.0099808
0.00998745
0.00986343
0.00990071
0.00998114
0.0011353
0.00117684
0.00234331
0.002588
0.00249844
0.00242479
0.00944515
0.00954747
0.0014406
0.00996857
0.00139238
0.00996862
0.00945263
0.00986225
0.00998782
0.00989983
0.00998154
0.00990101
0.00998146
0.00985904
0.00109192
0.00104919
0.00986942
0.00989267
0.00998038
0.00998657
0.00987059
0.00989042
0.00998057
0.00939702
0.00129596
0.0099615
0.00936761
0.00940088
0.00134731
0.00996167
0.00234693
0.00259019
0.00249824
0.00243241
0.00114047
0.00118473
0.0098708
0.00998713
0.00988975
0.00998097
0.00989248
0.00998112
0.0098694
0.00940989
0.00936799
0.00146051
0.00996266
0.00140633
0.00996265
0.00940365
0.00139149
0.0014535
0.00938699
0.00128137
0.00995964
0.00921615
0.0094026
0.00133297
0.00995991
0.00222359
0.00229543
0.00213438
0.00239888
0.00982235
0.00998006
0.00988016
0.00998767
0.00982955
0.0099803
0.0098758
0.00112101
0.00115626
0.00941404
0.0092402
0.00142693
0.00996134
0.00138297
0.00996098
0.00941053
0.0023034
0.00254558
0.00248423
0.00237073
0.00982951
0.00998826
0.00998093
0.00988098
0.0099809
0.00988262
0.00982401
0.00110777
0.00105953
0.00986132
0.00998065
0.00989737
0.00998813
0.00986179
0.00998111
0.00989756
0.00228073
0.00236662
0.00218099
0.00246393
0.00957395
0.0096004
0.00147868
0.00996915
0.00142142
0.00996954
0.00956717
0.00115519
0.00120386
0.00986789
0.00998919
0.00998197
0.00990087
0.00998203
0.00990048
0.00986708
0.00237448
0.00266415
0.00255542
0.00247323
0.00984892
0.00988515
0.00997932
0.00998707
0.00985301
0.00988176
0.00997962
0.0010853
0.00104488
0.00948132
0.00996456
0.00129345
0.00957226
0.00950075
0.00996479
0.00134541
0.00230007
0.00259235
0.00249169
0.00238241
0.00985576
0.00998784
0.00987973
0.00998055
0.0098835
0.00998051
0.00985308
0.00112629
0.001167
0.00950364
0.00961911
0.00996642
0.00144326
0.00996637
0.00139566
0.00947672
0.00227817
0.00234172
0.00217906
0.00246067
0.00935705
0.00996344
0.00131291
0.00946308
0.00934275
0.00996398
0.00137143
0.00111046
0.00105977
0.0098502
0.00998869
0.0098938
0.00998162
0.00989468
0.00998123
0.00984922
0.00237692
0.00268505
0.00258159
0.00247077
0.00935631
0.00946084
0.00996538
0.00148609
0.00996546
0.00143112
0.00936904
0.00116104
0.00120777
0.00140814
0.00146349
0.00985809
0.00998005
0.00989739
0.00998663
0.00986422
0.00998039
0.0098953
0.00112797
0.00108308
0.00233359
0.00238702
0.00224439
0.00248375
0.00940455
0.00949876
0.00996433
0.00148074
0.00996447
0.00143949
0.00941573
0.00985527
0.00998714
0.00998108
0.00989092
0.0099808
0.00989415
0.00984851
0.0011747
0.00120924
0.00242676
0.00266012
0.00258619
0.00249229
0.0093372
0.00996138
0.00133273
0.00944608
0.00934577
0.00996152
0.00139048
0.0023391
0.00238829
0.00224767
0.00248461
0.0011292
0.00108235
0.0098625
0.00998722
0.00998125
0.00989044
0.00998103
0.00989376
0.00985945
0.00934405
0.00940783
0.00996109
0.001496
0.00996105
0.00145013
0.00934163
0.00243456
0.00265821
0.00258544
0.00250377
0.00117762
0.00121442
0.00148409
0.00155485
0.0015873
0.00256955
0.00266857
0.00249705
0.00274852
0.0094623
0.00148585
0.0099684
0.00961896
0.00946004
0.00152955
0.00996756
0.00986327
0.00990077
0.0099815
0.00998761
0.00986465
0.00989971
0.00998116
0.00127713
0.00130143
0.00261964
0.00285532
0.00280308
0.00266741
0.00946719
0.00963778
0.00159123
0.00996602
0.00155993
0.00996696
0.00947244
0.00987044
0.00998743
0.00989986
0.00998035
0.00990124
0.00998099
0.00986904
0.00126222
0.00122509
0.0098719
0.00989151
0.00998114
0.00998667
0.00987234
0.0098892
0.00998073
0.00939405
0.00151014
0.00996254
0.00946778
0.00940622
0.00155539
0.00996205
0.00263631
0.0028528
0.00280269
0.00268894
0.0012889
0.00131344
0.00987457
0.0099865
0.00988935
0.00997978
0.00989146
0.00998058
0.0098736
0.00940546
0.00948309
0.00161964
0.00996162
0.00158908
0.00996213
0.00940502
0.00161505
0.00165617
0.00942826
0.00146893
0.00996231
0.00929246
0.00943737
0.00150727
0.00996212
0.00249275
0.0026221
0.00243655
0.00268592
0.00983086
0.00998097
0.00988979
0.00998817
0.00983557
0.00998031
0.0098879
0.00124809
0.00127617
0.00945101
0.00933043
0.00157142
0.00996169
0.00153835
0.00996252
0.00943511
0.00254365
0.00283752
0.00276019
0.00259936
0.00984115
0.00998786
0.00997892
0.00989122
0.00998004
0.00989334
0.00983847
0.00129143
0.00124602
0.00986716
0.00998196
0.00990239
0.00998907
0.00986926
0.00998126
0.00990179
0.00264083
0.00275181
0.00255352
0.00285903
0.0095623
0.00962227
0.00164567
0.00996595
0.00162578
0.00996749
0.00955096
0.00132771
0.00134036
0.00986687
0.00998837
0.00997956
0.00989893
0.00998066
0.00990182
0.00986324
0.00271016
0.00294388
0.00293449
0.00272717
0.00985969
0.00988432
0.00998089
0.00998764
0.00986098
0.00988311
0.00998045
0.00123352
0.00119994
0.00947988
0.00996714
0.00148447
0.00965371
0.00949453
0.00996652
0.0015212
0.00256249
0.002794
0.00275807
0.00261071
0.00986725
0.00998768
0.00989128
0.00997955
0.00989253
0.00998047
0.00986608
0.00125481
0.00127868
0.00951181
0.00966412
0.00996622
0.00157852
0.00996698
0.0015494
0.00952082
0.00264192
0.0027893
0.00256578
0.00285808
0.00938586
0.00996588
0.00153905
0.00952006
0.00936966
0.00996491
0.00158235
0.00128871
0.0012535
0.00985933
0.00998764
0.00989297
0.00997926
0.00989542
0.00998038
0.009854
0.00271471
0.00299071
0.00293167
0.00275794
0.00938716
0.00951026
0.00996366
0.00163963
0.00996477
0.00162129
0.00940661
0.00132126
0.00134108
0.00158446
0.00161121
0.00984382
0.00998121
0.00988864
0.00998705
0.00984784
0.00998063
0.00988461
0.00126753
0.00124489
0.00260059
0.00273577
0.00255986
0.00278035
0.00941661
0.00940862
0.00996162
0.0015875
0.00996251
0.00158003
0.00942676
0.00984725
0.00998662
0.00997917
0.00988093
0.00998023
0.00988452
0.00984578
0.00129229
0.00129822
0.00264893
0.00284117
0.00283237
0.0026577
0.00935863
0.00996053
0.0015405
0.00940219
0.00935607
0.00996048
0.00156882
0.00261524
0.0027322
0.00257375
0.00277471
0.00127318
0.00125108
0.009858
0.00998679
0.00997929
0.00988729
0.0099805
0.00988941
0.00985373
0.00938337
0.00941047
0.00996043
0.00161006
0.00996034
0.00159808
0.00939187
0.00266433
0.00283912
0.00282685
0.0026762
0.00129809
0.00130604
0.00165817
0.00164593
0.0016265
0.00268425
0.00287092
0.00268281
0.00287127
0.00947669
0.00159982
0.00996559
0.00966454
0.00947744
0.00160583
0.00996453
0.00987076
0.00990045
0.00998001
0.0099855
0.00987303
0.00989823
0.00997911
0.00130014
0.00128048
0.00265701
0.00278659
0.00283729
0.00261555
0.00947566
0.00965746
0.00156636
0.00996304
0.00158771
0.00996406
0.00946541
0.00987273
0.00998493
0.00989467
0.00997767
0.00989777
0.00997868
0.00987027
0.00132139
0.00132137
0.00987027
0.00989185
0.00997944
0.00998481
0.00987309
0.0098897
0.00997854
0.00943357
0.00162893
0.00996148
0.00957866
0.00942404
0.00162529
0.00996097
0.00267126
0.00278886
0.00283335
0.00262535
0.00130692
0.0012863
0.00986699
0.00998447
0.00989029
0.00997696
0.00989247
0.00997806
0.00986247
0.00946136
0.00958316
0.00157713
0.00996097
0.00160532
0.00996133
0.0094821
0.00169116
0.00166857
0.00942911
0.00158283
0.00996144
0.00937315
0.00944594
0.00160251
0.00996037
0.00264555
0.00285471
0.00261742
0.00288126
0.00984802
0.00997871
0.0098926
0.00998546
0.00985067
0.00997761
0.00988971
0.00129211
0.00128584
0.00943822
0.0093771
0.00158348
0.00995848
0.00158872
0.00995968
0.00941956
0.00262848
0.0028384
0.00285639
0.00261596
0.00985426
0.00998508
0.00997636
0.00988718
0.00997741
0.00988982
0.00984991
0.00134626
0.00136049
0.00985687
0.00997898
0.00989593
0.0099856
0.00986029
0.00997798
0.0098906
0.00273359
0.00301425
0.00276906
0.00297426
0.00951871
0.00960177
0.00157922
0.00996095
0.00162945
0.0099627
0.00949137
0.00132781
0.00128937
0.00985574
0.00998505
0.00997649
0.00987035
0.00997755
0.00988038
0.00984946
0.00269182
0.00282788
0.00290784
0.00261205
0.00986442
0.00989847
0.00997929
0.00998577
0.00986704
0.00989769
0.00997811
0.00129964
0.00128939
0.00954785
0.00996616
0.00159013
0.00968004
0.00954784
0.0099649
0.00160019
0.00263291
0.00281491
0.00282965
0.00261742
0.0098634
0.00998542
0.00989737
0.00997656
0.00989882
0.00997759
0.00986141
0.00128942
0.00128187
0.0095707
0.00967464
0.00996329
0.0015756
0.00996448
0.00158572
0.00956663
0.00272321
0.00297414
0.00276744
0.00292545
0.00943808
0.00996337
0.00165038
0.00950829
0.00941346
0.00996228
0.00163055
0.00133231
0.00134904
0.00981658
0.00998513
0.00988356
0.00997554
0.00988721
0.00997687
0.00979991
0.00270304
0.00280055
0.00292698
0.00259158
0.00943741
0.00948062
0.0099605
0.00156141
0.00996178
0.00161221
0.00945481
0.00132422
0.00127511
0.00164675
0.00163114
0.00985134
0.0099788
0.00988512
0.00998416
0.00985299
0.00997763
0.00988309
0.0013034
0.00130791
0.00266582
0.00285999
0.00267752
0.00284242
0.00945844
0.00949022
0.00996
0.00155946
0.0099606
0.00158261
0.00946698
0.00985845
0.00998393
0.00997648
0.00988652
0.00997747
0.00988868
0.00985582
0.00129371
0.00127277
0.00264837
0.00277006
0.00281996
0.00260433
0.00942886
0.00996074
0.00162027
0.00952795
0.00942515
0.00996071
0.00161441
0.00268216
0.00286192
0.00269668
0.00284895
0.00131123
0.0013164
0.00985763
0.00998424
0.00997645
0.00989397
0.00997756
0.00989571
0.00985369
0.00945881
0.00956095
0.00996022
0.00157183
0.00996085
0.00159984
0.00944634
0.00266162
0.00278492
0.00283083
0.00261451
0.00130137
0.0012798
0.0016569
0.00152634
0.00146447
0.00248369
0.00271107
0.0025522
0.00263016
0.00946452
0.00152555
0.00996302
0.00964783
0.00946334
0.00148531
0.00996272
0.00986767
0.0098951
0.00997727
0.00998235
0.00987083
0.00989267
0.0099762
0.00116777
0.00112614
0.00239728
0.00243855
0.00253274
0.00231093
0.00946989
0.00962795
0.00138087
0.00996285
0.00143196
0.0099631
0.00948088
0.00986413
0.00998174
0.00989184
0.00997439
0.00989323
0.00997559
0.00985797
0.00121391
0.00125257
0.00985626
0.00989195
0.00997649
0.00998189
0.0098607
0.0098889
0.00997536
0.00950519
0.00153341
0.00996074
0.00959752
0.00949463
0.00148239
0.00995976
0.00238198
0.00244788
0.00254446
0.0022919
0.00116757
0.00112204
0.0098552
0.00998121
0.00988075
0.00997349
0.00988617
0.00997466
0.0098521
0.00949515
0.00957346
0.00136841
0.00995766
0.00142485
0.00995916
0.00948501
0.00152426
0.00146092
0.00940297
0.00154112
0.00995728
0.0092778
0.00943055
0.00150114
0.0099553
0.0024826
0.00276301
0.0025483
0.00269181
0.00983475
0.00997622
0.00988401
0.00998307
0.00984506
0.00997528
0.00987793
0.00117186
0.00112569
0.00939755
0.00922686
0.00137954
0.00995126
0.00143849
0.00995348
0.00936082
0.00237627
0.00248446
0.00258083
0.00228306
0.0098227
0.00998274
0.00997395
0.00985867
0.00997511
0.00986885
0.00980982
0.00119467
0.00125005
0.00984353
0.00997581
0.00986727
0.00998208
0.0098451
0.00997459
0.00986669
0.00241427
0.00273065
0.0025283
0.00259157
0.00949526
0.00958488
0.00134205
0.00995802
0.0014059
0.0099585
0.00950568
0.00114588
0.00109253
0.00984683
0.00998138
0.00997278
0.00987365
0.00997397
0.00987264
0.00984686
0.00231903
0.00237839
0.00249157
0.00221252
0.00985342
0.00989501
0.00997617
0.00998281
0.0098585
0.00989042
0.00997502
0.00121581
0.00124924
0.00954949
0.00996253
0.00153326
0.00965057
0.00956988
0.00996079
0.00148928
0.00237958
0.00245275
0.00255551
0.0022903
0.00984298
0.00998205
0.00987481
0.00997297
0.00988196
0.00997421
0.00983171
0.00116586
0.00112125
0.00954163
0.00961685
0.00995827
0.0013724
0.00995983
0.00142797
0.00952523
0.00241355
0.00272199
0.00251493
0.0026245
0.00944209
0.00995976
0.00151449
0.00947383
0.00943688
0.00995868
0.00145414
0.0011882
0.00123834
0.00979428
0.00998153
0.00987616
0.00997192
0.00987568
0.00997312
0.00979835
0.00231422
0.00240204
0.00251215
0.00221671
0.00942773
0.00945541
0.00995737
0.00133342
0.00995822
0.00139453
0.0094424
0.00113904
0.0010891
0.00153035
0.00147028
0.00985322
0.00997617
0.00988907
0.00998153
0.00985801
0.009975
0.00988691
0.0012048
0.00124046
0.00246511
0.00269832
0.00253934
0.00261561
0.00947148
0.00955381
0.0099571
0.00136103
0.00995827
0.00142117
0.00946966
0.00985028
0.00998097
0.00997338
0.00988401
0.00997447
0.00988669
0.00984221
0.00115924
0.00111159
0.00237252
0.00241151
0.00251618
0.0022736
0.00943382
0.00995989
0.00152882
0.00956404
0.00945884
0.00995858
0.00147757
0.00246486
0.00271471
0.00254561
0.00263072
0.00120644
0.00124621
0.00985289
0.00998134
0.00997366
0.00987695
0.00997462
0.00988442
0.00984926
0.00942838
0.00953267
0.00995524
0.00135537
0.00995725
0.00141798
0.00939171
0.00236851
0.00242083
0.00252833
0.0022687
0.0011588
0.00110917
0.00145057
0.00128743
0.00122731
0.00211447
0.00232848
0.00220588
0.00223482
0.00948262
0.00131841
0.00996249
0.0095578
0.00948479
0.00126278
0.00996132
0.0098383
0.00989118
0.00997337
0.00997861
0.00984789
0.00988945
0.00997211
0.000981297
0.000937841
0.00201244
0.0020446
0.00213243
0.00192445
0.00947019
0.00952218
0.00114751
0.00995811
0.00120158
0.00995991
0.00944261
0.00982512
0.0099778
0.00987803
0.00996978
0.00988471
0.00997103
0.00980795
0.00101956
0.0010685
0.00984749
0.0098742
0.0099728
0.00997819
0.00985072
0.00986637
0.00997183
0.00942762
0.00130243
0.00995627
0.00948975
0.00945095
0.00124093
0.00995393
0.00199809
0.00202871
0.00212378
0.0019144
0.000969414
0.000924464
0.00984242
0.00997742
0.00984723
0.00997047
0.00985861
0.00997123
0.00983145
0.00939752
0.00943215
0.00112105
0.00995007
0.00117855
0.00995245
0.00938191
0.00126736
0.00120337
0.00930909
0.00131259
0.0099498
0.00917816
0.0093404
0.0012526
0.00994812
0.00207975
0.00237187
0.00217497
0.00225785
0.00980737
0.00997336
0.00985072
0.00997963
0.0098079
0.00997197
0.00984406
0.000975194
0.000938026
0.00928888
0.00920143
0.00114355
0.00994562
0.0011934
0.00994703
0.0092609
0.001988
0.00208627
0.00215531
0.0019202
0.00981636
0.00997827
0.00996952
0.00983085
0.00997109
0.00983884
0.00981464
0.000996242
0.0010406
0.00985435
0.00997233
0.00987932
0.00997867
0.00985412
0.00997156
0.0098788
0.0020261
0.00226681
0.00210965
0.00218403
0.00953022
0.00961696
0.00111112
0.00995653
0.001167
0.00995768
0.00952381
0.0009539
0.000910247
0.0098531
0.00997846
0.00997087
0.00987544
0.00997154
0.00988044
0.00984696
0.00194783
0.00200713
0.00210923
0.00186408
0.00980716
0.00986953
0.00997216
0.00997842
0.00982038
0.00986379
0.00997075
0.00102288
0.00106638
0.00949698
0.00995715
0.00130702
0.00955858
0.00950978
0.00995556
0.0012496
0.00199707
0.00204584
0.0021405
0.00191569
0.00980114
0.00997748
0.00986366
0.00996854
0.00986587
0.00996967
0.00979487
0.000975307
0.000933871
0.00948811
0.00954411
0.00995409
0.00114373
0.00995519
0.00119218
0.00947572
0.00202835
0.00229877
0.00212261
0.00218534
0.00947099
0.0099575
0.00127213
0.00949758
0.00944491
0.00995715
0.00121392
0.000992817
0.00104006
0.009822
0.00997865
0.0098786
0.00997032
0.00988418
0.00997106
0.00980926
0.00193591
0.00200592
0.00207506
0.00186356
0.00947372
0.00948408
0.00995675
0.00110598
0.00995754
0.00115791
0.0094715
0.000945724
0.000908021
0.00128597
0.00122749
0.00982894
0.00997258
0.00988258
0.00997811
0.00983635
0.00997141
0.00987887
0.00101465
0.0010621
0.00207531
0.00230523
0.00217263
0.00220256
0.00943892
0.00954903
0.00995338
0.00113341
0.00995448
0.00118683
0.00942658
0.00982263
0.00997752
0.00996962
0.00986804
0.00997076
0.00987542
0.00981355
0.000969149
0.000925829
0.00198401
0.00201932
0.00210822
0.00189772
0.00933204
0.00995342
0.00129175
0.0094065
0.0093713
0.0099512
0.00122889
0.00207006
0.00231053
0.00216718
0.00220347
0.00100788
0.00105777
0.00984278
0.00997805
0.00997056
0.00984027
0.00997156
0.00985074
0.00983526
0.00930578
0.00935661
0.00994644
0.0011127
0.00994891
0.00116962
0.00927293
0.00197995
0.00200933
0.00210321
0.0018968
0.000960822
0.000916531
0.00119403
0.00107753
0.00103373
0.00175735
0.00195503
0.00183478
0.00187511
0.00934637
0.00109143
0.00995583
0.00946695
0.00940128
0.0010396
0.00995265
0.00977192
0.00986427
0.0099687
0.0099752
0.00979359
0.00984399
0.00996709
0.000812993
0.000774425
0.00169449
0.00174596
0.0018095
0.00163558
0.00928012
0.00945542
0.000943392
0.00994581
0.000991744
0.00994948
0.00921246
0.00975403
0.00997452
0.0097841
0.00996507
0.00981814
0.00996649
0.00972227
0.00083847
0.000879713
0.00979309
0.00983624
0.00997032
0.00997447
0.00981668
0.00981979
0.00996942
0.00933643
0.00106157
0.00994819
0.00933547
0.00935751
0.00100285
0.00994541
0.0016909
0.00171663
0.00178169
0.00163312
0.000801792
0.000767589
0.00976829
0.00997363
0.00978121
0.00996828
0.0098042
0.00996909
0.00973648
0.0092946
0.00927974
0.000890774
0.00993998
0.000947393
0.00994366
0.00923064
0.00101438
0.000947333
0.00923929
0.00109231
0.0099453
0.00927514
0.00925788
0.0010495
0.0099439
0.00177831
0.00197415
0.00183636
0.00190364
0.00980914
0.00996917
0.00982907
0.00997462
0.00982125
0.00996863
0.00981781
0.000827743
0.000798911
0.00922924
0.00927783
0.000971577
0.00994045
0.00100851
0.00994301
0.00919051
0.00172552
0.00179803
0.00185238
0.00167814
0.00979547
0.00997461
0.00996876
0.00979586
0.00996913
0.00981338
0.00976835
0.000833707
0.000866927
0.00981982
0.00997054
0.00986673
0.0099753
0.00983863
0.0099697
0.00985139
0.00172819
0.00190803
0.00178455
0.00185216
0.00944643
0.00953657
0.000897711
0.00994862
0.000949505
0.00995207
0.00938354
0.000799167
0.00076886
0.00979544
0.00997464
0.00996988
0.00982141
0.00996999
0.00983982
0.00976695
0.0016719
0.0017379
0.0017992
0.00162511
0.00978381
0.00986313
0.00996833
0.00997571
0.00979325
0.00985472
0.0099676
0.000861112
0.00089588
0.00941976
0.00995375
0.00109434
0.00953628
0.0094574
0.00995201
0.00105118
0.00171968
0.00179119
0.00184498
0.00167267
0.00977698
0.00997576
0.00981274
0.00996738
0.00983693
0.00996787
0.00975573
0.000826021
0.000798012
0.00939015
0.00950469
0.00994834
0.000972491
0.00995106
0.00100901
0.00932122
0.00172041
0.00193591
0.00178776
0.00185355
0.00944594
0.00995594
0.00105101
0.00944965
0.0094581
0.00995366
0.000999908
0.000831863
0.000868144
0.00976908
0.00997526
0.00981762
0.00996853
0.0098417
0.0099688
0.00974124
0.00165782
0.00173634
0.00177486
0.00161875
0.009396
0.00941128
0.00994796
0.000896259
0.00995189
0.00094607
0.00933759
0.00079525
0.000768512
0.00108063
0.00103626
0.0097895
0.00996895
0.00985943
0.00997481
0.00980562
0.00996771
0.00984274
0.000845942
0.000883678
0.00174829
0.00193409
0.00181568
0.00186326
0.00931024
0.00955876
0.00994573
0.000943823
0.00994877
0.000988091
0.00924428
0.00976969
0.00997468
0.00996657
0.00979014
0.00996772
0.00982263
0.00973531
0.0008088
0.000773961
0.00168776
0.00174696
0.0018005
0.00163697
0.00922047
0.00994454
0.00105421
0.00928144
0.00925164
0.00994203
0.00100074
0.00175033
0.0019195
0.00181615
0.00184452
0.000835162
0.000872887
0.00978693
0.00997374
0.00997031
0.00978383
0.00997035
0.00980668
0.0097483
0.00918542
0.00923795
0.00993616
0.000892153
0.00994
0.000945597
0.00913199
0.00169022
0.00171974
0.00177703
0.00163964
0.000798825
0.000767191
0.000945251
0.000922008
0.000886022
0.00155349
0.00169268
0.00158698
0.00165215
0.00907376
0.000895793
0.00994466
0.00944548
0.00913881
0.000851929
0.0099445
0.0096718
0.0097564
0.0099653
0.00997111
0.00970165
0.00972809
0.00996574
0.000676174
0.000657979
0.00153134
0.00160805
0.00162241
0.00153013
0.00901863
0.00945832
0.000775299
0.00996101
0.000809389
0.00995173
0.0074646
0.00967294
0.00997299
0.00972467
0.00997929
0.00972054
0.00997229
0.00968081
0.000704865
0.000732904
0.00969717
0.00976633
0.00996947
0.00997089
0.00971571
0.00974807
0.00997035
0.00823533
0.000830468
0.00993744
0.00589728
0.00915656
0.000776994
0.00993507
0.00151368
0.00157304
0.00158561
0.00149779
0.000676599
0.000659647
0.00970722
0.00997383
0.00976084
0.00997789
0.00975115
0.0099748
0.0097285
0.00627597
0.00430635
0.0006854
0.00994755
0.000725532
0.00994108
0.00493097
0.000747097
0.000689908
0.00907186
0.000930623
0.00993919
0.00918886
0.00915029
0.000898264
0.00993804
0.00158772
0.00172818
0.00162352
0.00168007
0.00973143
0.0099701
0.00978511
0.00997301
0.00975272
0.00997107
0.00977161
0.000714046
0.000701038
0.00897009
0.00916346
0.000839608
0.00994851
0.000860992
0.00994179
0.00878108
0.00155207
0.00165001
0.00164931
0.00155044
0.00974325
0.00997571
0.00998516
0.00978702
0.00997723
0.00977573
0.00975666
0.000713321
0.000732607
0.00973516
0.00997138
0.00981099
0.00997395
0.00975086
0.00997429
0.00979669
0.00156059
0.00166989
0.00157126
0.00166312
0.00683851
0.00424074
0.000706351
0.00994041
0.000742435
0.00994387
0.00530836
0.000684114
0.000669907
0.00974873
0.00997894
0.00998568
0.00981644
0.00998146
0.0098085
0.009765
0.00153114
0.00162278
0.00162812
0.00153741
0.0097327
0.00979188
0.00996857
0.00997207
0.00974338
0.00977131
0.00996978
0.000743777
0.000766407
0.00914687
0.00994675
0.000930686
0.00939642
0.0092565
0.00994461
0.000897393
0.00155187
0.00163608
0.00165521
0.00154849
0.00975356
0.00997423
0.00978844
0.00998395
0.00977666
0.0099758
0.0097745
0.000714097
0.000699373
0.00904498
0.00937211
0.00995705
0.000835674
0.00994914
0.000858412
0.00883787
0.00155473
0.00168946
0.0015717
0.00165666
0.00887348
0.00994569
0.00083747
0.00574179
0.00924596
0.00994289
0.00079093
0.000712628
0.000735012
0.00974774
0.00997711
0.00981651
0.00998642
0.00980764
0.00998226
0.00975832
0.00152963
0.00164342
0.00162529
0.00154231
0.00674109
0.00424608
0.00994172
0.00070394
0.00994474
0.000740212
0.00520348
0.00068414
0.000672023
0.000925838
0.000887966
0.00967336
0.00996645
0.00976246
0.00997179
0.00970644
0.00996659
0.00972921
0.000705407
0.000736706
0.00155891
0.00169317
0.00158679
0.00165888
0.00904482
0.00950551
0.00995815
0.000771373
0.00995029
0.000806898
0.00730562
0.00966312
0.00997322
0.00997893
0.00971154
0.00997228
0.00971573
0.00966699
0.000674903
0.000655859
0.00153368
0.00161112
0.00162651
0.00153078
0.00831827
0.0099333
0.000831419
0.00586009
0.00906705
0.00993022
0.000780013
0.00155521
0.00166234
0.00158762
0.00162625
0.000705562
0.000731842
0.00969157
0.00997565
0.00997646
0.00974455
0.00997524
0.00974036
0.00970212
0.00633356
0.00429229
0.00993792
0.000685495
0.00993341
0.000727418
0.00494424
0.00151911
0.00157563
0.00159018
0.00150014
0.000676444
0.00065854
0.000689164
0.000807018
0.000768364
0.00155336
0.00158436
0.00151802
0.00159361
0.00504468
0.000736702
0.00997524
0.00534561
0.00601831
0.000709371
0.00996213
0.00974782
0.00976176
0.00999303
0.00998164
0.00973283
0.00979183
0.0100037
0.000692457
0.000676873
0.00163447
0.00168971
0.00159371
0.0016109
0.000662935
0.00743557
0.00385914
0.00425874
0.00453204
0.000678516
0.00784747
0.00964878
0.00994515
0.00943905
0.00970456
0.00999123
0.00979221
0.0100002
0.000629109
0.000633804
0.00852335
0.00980202
0.00998465
0.0100058
0.00952757
0.009825
0.00998596
0.00316797
0.00063762
0.00994801
0.00227511
0.00389728
0.000604954
0.00991365
0.00163402
0.00149938
0.00146174
0.00158223
0.000615039
0.000613397
0.00856206
0.00991226
0.00762211
0.00713894
0.0100255
0.0091535
0.00997425
0.000555065
0.00561205
0.00248768
0.00264532
0.00189838
0.000566945
0.00719526
0.000569818
0.000534764
0.00630827
0.0007998
0.00995349
0.00909134
0.00766388
0.000787106
0.00993384
0.00155033
0.00160295
0.00151446
0.00161768
0.0097764
0.00999884
0.00981791
0.0100031
0.00979409
0.0100073
0.00983795
0.000648434
0.000643273
0.000781588
0.00746418
0.00438928
0.00514334
0.0084108
0.000757563
0.00900006
0.00160213
0.00159775
0.00153179
0.0015676
0.00991221
0.00975348
0.00940639
0.00944295
0.0100173
0.0099939
0.00984676
0.000636037
0.000638791
0.00869214
0.0099909
0.00985159
0.00999752
0.00935564
0.00999243
0.00985828
0.00155567
0.00158214
0.00150372
0.00162344
0.000571423
0.00718712
0.00247483
0.00280151
0.00193777
0.000585555
0.00893692
0.000614425
0.000609099
0.00990313
0.00962584
0.00799729
0.00745246
0.0100055
0.00997613
0.00982678
0.001699
0.00165218
0.0015535
0.00160513
0.00978415
0.00982578
0.00999674
0.0100014
0.00980536
0.0098465
0.0100042
0.000666434
0.000672543
0.00641672
0.00996499
0.000795539
0.00927499
0.00785106
0.00994829
0.000782085
0.00161632
0.00160239
0.00154225
0.00158488
0.00975252
0.00991166
0.00940461
0.00947561
0.0100144
0.00985047
0.00999011
0.000654089
0.000646281
0.0073968
0.000780981
0.00452033
0.00518204
0.00783014
0.00871888
0.000754793
0.00155729
0.00159731
0.00150444
0.00163978
0.00334365
0.00993246
0.000655392
0.00227901
0.00418605
0.00988822
0.000626267
0.000637373
0.000639523
0.00962667
0.00990478
0.00818451
0.00747457
0.0100026
0.00982707
0.0099778
0.00171545
0.00165467
0.00155342
0.0016177
0.00727568
0.000569279
0.00244099
0.00275963
0.0019291
0.00895595
0.000582866
0.000614847
0.000608843
0.000805158
0.000766944
0.00973084
0.00999131
0.0097427
0.0099826
0.0097091
0.0100023
0.00977374
0.000650822
0.000643255
0.00154589
0.00158207
0.00151371
0.00158861
0.00772809
0.000660108
0.00387243
0.00426026
0.00458854
0.00810839
0.000675257
0.00985744
0.00963947
0.00943596
0.00969495
0.00999334
0.00999864
0.00977905
0.0006892
0.000673674
0.00162519
0.00167698
0.00158482
0.00160307
0.00316927
0.009936
0.000636394
0.00226607
0.00390896
0.00990132
0.000603002
0.00146373
0.00154504
0.0014598
0.00156061
0.000626368
0.000631578
0.00990264
0.00901007
0.00761969
0.00713034
0.0100327
0.00996803
0.00965176
0.00574655
0.00055225
0.00246874
0.00263468
0.0018946
0.00749792
0.000564223
0.00162372
0.0014885
0.00145533
0.00157587
0.000610256
0.00060958
0.000532285
0.156808
0.165532
0.0383342
0.064588
0.361059
0.257444
0.260531
0.0265105
0.11027
0.0418562
0.0170861
0.0767738
0.0271229
0.0576974
0.28988
0.0266272
0.293527
0.0675734
0.0200402
0.0241223
0.0559579
0.264875
0.28404
0.0498884
0.0539627
0.138958
0.117999
0.301892
0.0431723
0.239601
0.128934
0.00429058
0.0260148
0.00963401
0.0246917
0.10047
0.00857849
0.166381
0.0349837
0.0157664
0.0125737
0.0330357
0.235854
0.0418905
0.203738
0.00334719
0.0293009
0.00873099
0.00511631
0.0112591
0.0139662
0.0838329
0.00542597
0.0214612
0.0424598
0.0146978
0.0215704
0.00338158
0.0106717
0.054114
0.0340346
0.047697
0.0414022
0.20607
0.0670464
0.0752399
0.159913
0.145691
0.369635
0.0560837
0.235869
0.188447
0.0351006
0.186365
0.0701899
0.162842
0.250348
0.0587068
0.428181
0.203503
0.0899288
0.0814736
0.192335
0.49251
0.477548
0.212286
0.0108035
0.0220451
0.0186023
0.0904657
0.0139982
0.0780835
0.0389905
0.00595653
0.0327372
0.0121551
0.00598939
0.0225412
0.0116204
0.0219138
0.110742
0.00951176
0.111045
0.0214526
0.0125365
0.0126519
0.022853
0.0898537
0.0910154
0.0230107
0.280695
0.0661128
0.110933
0.222273
0.458521
0.481282
0.0973254
0.256889
0.0987762
0.1059
0.229276
0.496717
0.225025
0.492388
0.105003
0.416481
0.158776
0.222322
0.396351
0.353992
0.423713
0.173245
0.447491
0.345114
0.0255264
0.00433855
0.0106924
0.0195105
0.0507521
0.0902349
0.00800146
0.0207572
0.0110722
0.00907742
0.0198714
0.0876897
0.0212314
0.0801012
0.010982
0.0255325
0.021104
0.114256
0.0100203
0.0325224
0.081412
0.00606042
0.0282764
0.0108898
0.400763
0.398977
0.197395
0.282471
0.515194
0.384015
0.385691
0.292697
0.402669
0.357852
0.582846
0.211032
0.361529
0.49632
0.149416
0.417247
0.195339
0.284
0.0453833
0.0820226
0.218421
0.247982
0.438971
0.0825516
0.215062
0.0583185
0.0716114
0.194321
0.41174
0.467433
0.154563
0.011968
0.0253078
0.0236278
0.112331
0.0122534
0.0345235
0.0864557
0.0465642
0.00991578
0.0242241
0.0590367
0.17203
0.215683
0.018735
0.0703555
0.0457428
0.0346504
0.0858116
0.347021
0.117127
0.277985
0.00702244
0.0443833
0.0149524
0.0274033
0.0263585
0.0064581
0.0141772
0.124952
0.0875374
0.089299
0.5163
0.74199
0.351179
0.509195
0.755226
0.870209
0.816771
0.202741
0.21395
0.0535631
0.0549007
0.29773
0.215096
0.223042
0.260058
0.417619
0.31102
0.339193
0.382776
0.280671
0.43735
0.0961977
0.160462
0.12996
0.084007
0.119877
0.075601
0.125982
0.0724257
0.0654156
0.0155554
0.0160334
0.0890577
0.0625776
0.0679298
0.304786
0.477128
0.434542
0.441425
0.397687
0.31552
0.487482
0.0900847
0.256689
0.148543
0.13448
0.137735
0.085682
0.195961
0.871881
0.623998
0.734636
0.664972
0.761848
0.552504
0.85524
0.215539
0.145346
0.177108
0.17507
0.180008
0.133646
0.208954
0.427455
0.46271
0.256627
0.281443
0.606581
0.404614
0.421832
1.0282
0.750022
0.915901
0.840036
0.813098
0.631741
0.961568
0.319546
0.155959
0.242147
0.214784
0.232911
0.139821
0.299896
0.115291
0.117411
0.0354028
0.0248909
0.13124
0.0988092
0.0989669
0.19449
0.378659
0.25088
0.510607
0.205841
0.36174
0.2599
0.198955
0.392172
0.235485
0.489565
0.213434
0.396297
0.203757
0.521807
1.06191
0.790978
0.395597
0.949075
0.52399
0.516829
0.253973
0.33458
0.767129
0.327507
0.325376
0.369805
0.379658
0.598368
1.1636
0.500334
1.0976
0.579548
1.26888
0.50012
0.178403
0.367201
0.245772
0.353907
0.293383
0.264712
0.223464
2.96418
2.01445
2.51278
2.78488
2.43042
2.52771
3.13519
1.70646
1.89868
1.96966
2.55699
1.91508
2.09876
2.37204
0.0176505
0.0206446
0.0104656
0.0184409
0.0825283
0.0392049
0.123882
0.0140055
0.102033
0.0408086
0.0228868
0.132802
0.106575
0.0361005
0.0243561
0.109706
0.0482483
0.234648
0.0667491
0.0543186
0.502614
0.77516
0.858765
0.676097
0.825081
0.999119
0.963103
0.462663
0.480883
0.44361
0.500893
0.515856
0.532313
0.517745
0.459761
0.634067
0.654249
0.621515
0.613496
0.670351
0.69146
0.178108
0.0778471
0.0481986
0.281945
0.0545586
0.225658
0.222537
0.147545
0.18457
0.117403
0.325033
0.213726
0.176919
0.183832
0.179608
0.0862868
0.0939899
0.138906
0.114628
0.0728373
0.211875
0.105283
0.0261996
0.014645
0.0754445
0.0865045
0.0303125
0.110013
0.166214
0.278838
0.32608
0.158617
0.357672
0.14027
0.164622
0.178634
0.335935
0.414301
0.164337
0.168107
0.381383
0.173854
1.45067
1.57973
1.7199
1.6654
1.87505
1.69163
1.52676
1.92329
1.59629
2.0365
1.73332
2.07397
1.74629
1.61336
0.588519
0.766846
0.730051
0.83769
1.02178
0.970145
0.910822
0.924592
1.06709
1.33629
0.360288
1.20201
0.986405
1.06132
1.49582
1.2866
1.94526
1.3638
1.70969
1.09838
1.82621
1.57078
1.30343
1.91031
1.01486
1.77651
0.913348
1.68265
1.08967
1.07614
1.10776
0.534329
0.87187
1.29289
0.701987
1.20894
0.90557
0.291382
0.790083
0.592261
0.881025
1.2348
0.0814646
0.231551
0.132993
0.169913
0.164799
0.168347
0.0605602
0.0533919
0.0941699
0.0492458
0.0726966
0.00124998
0.00154794
0.000743122
0.000517746
0.00165508
0.000786462
0.000732254
0.00154946
0.00125226
0.000742046
0.000517597
0.00164551
0.000731448
0.000784342
0.00986116
0.120327
0.0693733
0.0507694
0.0158147
0.0382917
0.0644569
0.0113018
0.00987159
0.00939642
0.0127966
0.0203158
0.0767024
0.0247129
0.101134
0.0215507
0.0848691
0.0240772
0.0205744
0.106127
0.102605
0.0278141
0.0217644
0.0929474
0.0228207
0.0557003
0.0471694
0.0925999
0.153115
0.0442586
0.115017
0.0990557
0.113027
0.183631
0.0821513
0.240044
0.229024
0.0709037
0.114427
0.111293
0.0375241
0.188658
0.198866
0.039989
0.18219
0.136097
0.0503279
0.0520921
0.00837431
0.0472141
0.0215104
0.038756
0.0708083
0.227387
0.238816
0.155381
0.341782
0.36227
0.201483
0.165802
0.0376263
0.00907186
0.0120411
0.159749
0.163969
0.159077
0.169291
0.158666
0.163827
0.171155
0.229953
0.187629
0.216125
0.278289
0.20187
0.267761
0.198183
0.119141
0.129185
0.0720212
0.104368
0.095446
0.0987379
0.12393
0.185632
0.107856
0.0337905
0.127602
0.109013
0.226764
0.106283
0.375892
0.403222
0.26752
0.353243
0.374616
0.337093
0.385348
0.0351715
0.163041
0.102728
0.102219
0.0958468
0.111428
0.0358351
0.0315071
0.043484
0.017122
0.0247313
0.271627
0.311499
0.151872
0.379718
0.169491
0.430051
0.178942
0.284032
0.194097
0.109624
0.373939
0.357872
0.135714
0.306182
0.341166
0.383829
0.246866
0.460205
0.2228
0.356781
0.453073
0.152298
0.0454122
0.0106058
0.108925
0.0441058
0.085724
0.162659
0.119217
0.178325
0.0859757
0.299667
0.0804259
0.346136
0.118832
0.124652
0.340379
0.409699
0.14601
0.145842
0.393028
0.137931
0.307161
0.224177
0.208108
0.250136
0.243693
0.231663
0.270051
0.0274396
0.00922286
0.00946938
0.0166275
0.0406519
0.0116214
0.0582441
0.0139798
0.0667231
0.0137684
0.0157781
0.093162
0.0775183
0.0123884
0.0764749
0.0126055
0.0166395
0.383096
0.34952
0.151843
0.426377
0.459172
0.225792
0.228547
0.374193
0.110144
0.100815
0.6218
0.449636
0.779371
0.338427
0.828057
0.35674
0.620989
0.830267
1.06886
1.38926
0.5853
1.32014
0.930173
0.551995
0.591638
0.469783
0.753997
0.456069
0.621894
0.765263
0.392243
0.373576
0.242191
0.10475
0.210158
0.283816
0.355353
0.271488
1.21805
1.27877
1.53607
1.03308
1.43098
1.21292
1.1085
0.0148116
0.0424645
0.0727956
0.0105613
0.0582099
0.0104072
0.0113679
0.0179156
0.0823328
0.0933181
0.0157679
0.0983005
0.0185875
0.0144025
0.125208
0.126001
0.172064
0.125946
0.117758
0.207662
0.166236
0.305928
0.281763
0.440901
0.265533
0.322045
0.241115
0.308153
0.148385
0.118733
0.131512
0.0835334
0.152062
0.123895
0.102465
0.254807
0.185619
0.0612457
0.162615
0.153643
0.205804
0.216598
0.0475326
0.0176508
0.025403
0.440654
0.761607
0.37862
0.416093
0.39354
0.384508
0.713902
0.213729
0.693509
0.518292
0.350825
0.412049
0.401844
0.204161
0.0812859
0.150687
0.140686
0.255455
0.813976
0.291572
0.381321
0.516197
1.01659
2.14654
0.666032
1.37415
0.39707
0.702529
0.48158
1.92329
1.09441
0.540075
1.22576
0.677963
0.417357
2.06296
2.0149
2.17008
1.81269
2.12931
2.07582
1.91656
0.551838
0.495144
0.851287
0.410181
0.713416
0.331248
0.663759
0.343465
0.393299
0.639319
0.23679
0.419037
0.234593
0.436397
0.381922
0.359589
0.384745
0.231627
0.480525
0.320213
0.260327
0.24857
0.161778
0.049296
0.137722
0.173644
0.14457
0.274333
0.226786
0.451041
0.818277
0.195756
0.62622
0.166066
0.295957
0.33185
1.16717
0.989846
0.457607
0.837303
0.37648
0.389562
0.1995
0.0382378
0.0443039
0.939773
0.843617
0.890908
0.415441
1.0163
0.626585
0.647267
0.00330645
0.00324627
0.00334549
0.00418247
0.00529684
0.00905809
0.00990687
0.00707617
0.00501007
0.0097718
0.00528666
0.00980222
0.00718385
0.00532402
0.00667442
0.00559041
0.00983285
0.00540347
0.00979617
0.00705862
0.00660956
0.00517223
0.00425377
0.0076786
0.003909
0.00498518
0.00359276
0.00546955
0.00624155
0.00587075
0.00670659
0.00364151
0.00341676
0.00418656
0.00268347
0.00432518
0.00340391
0.00697786
0.00341708
0.00554916
0.00366231
0.00525258
0.00658651
0.00555699
0.0098312
0.00539456
0.00979106
0.006956
0.00658204
0.00322321
0.00336456
0.0033498
0.00522586
0.00428445
0.00877276
0.00990545
0.00705714
0.00498788
0.00976863
0.00530357
0.0097997
0.0071308
0.00525868
0.00434239
0.00339991
0.0069181
0.00342489
0.00545331
0.00362767
0.00523528
0.00515404
0.0041818
0.00770743
0.0038768
0.00494346
0.00354875
0.00541943
0.00591146
0.00630519
0.00682783
0.00342586
0.00365781
0.00416276
0.00266436
0.0456253
0.047571
0.0584281
0.0592313
0.0358148
0.0585506
0.0393319
0.0637616
0.0320591
0.0845018
0.0324967
0.0161751
0.15169
0.0236171
0.0345169
0.166006
0.200952
0.0260349
0.0183242
0.207501
0.0322079
0.0404473
0.236309
0.0200351
0.228266
0.127001
0.120839
0.126193
0.38999
0.352422
0.32143
0.45545
0.137422
0.150593
0.136994
0.427172
0.491951
0.347393
0.570472
0.182222
0.0903108
0.219533
0.243527
0.0340043
0.196456
0.100461
0.0920146
0.113699
0.48303
0.369501
0.113248
0.376158
0.475718
0.0840016
0.465497
0.0972356
0.349136
0.102795
0.3674
0.448996
0.01105
0.0407773
0.00797578
0.0114976
0.109924
0.0173357
0.0676213
0.00533464
0.0284387
0.00810691
0.0083957
0.023001
0.00257667
0.058737
0.00755315
0.0158509
0.00498364
0.0354095
0.036953
0.301945
0.159264
0.0529017
0.219194
0.230507
0.0481343
0.37033
0.0837555
0.317592
0.41656
0.070882
0.270063
0.0161018
0.0262698
0.0199006
0.136965
0.137429
0.0882953
0.183328
0.0154366
0.0308498
0.0263464
0.137758
0.094121
0.0693479
0.172103
0.0564582
0.0407408
0.0839587
0.0369764
0.0102664
0.0241823
0.0377526
0.0134753
0.0119741
0.0126403
0.0142641
0.00293873
0.00618369
0.00395348
0.0154398
0.0654397
0.198895
0.0658401
0.184825
0.156429
0.161939
0.386549
0.402877
0.263383
0.48532
0.155711
0.169255
0.172509
0.557548
0.502717
0.376757
0.647708
0.208816
0.190422
0.333844
0.336154
0.0560137
0.213269
0.193958
0.192207
0.494334
0.18141
0.185066
0.509955
0.490473
0.201553
0.0569451
0.428608
0.155649
0.1597
0.239954
0.0583335
0.431712
0.167844
0.189673
0.579432
0.428313
0.18201
0.534372
0.52677
0.205625
0.606591
0.21341
0.571236
0.1967
0.560843
0.614602
0.024695
0.0231887
0.0198129
0.0915977
0.114392
0.110832
0.11391
0.0198182
0.0235721
0.0218188
0.0759194
0.08574
0.0669468
0.124678
0.0615124
0.0246037
0.0849611
0.0818949
0.0106937
0.0668345
0.0310466
0.0101243
0.0242669
0.00993036
0.0249561
0.0218099
0.178279
0.104466
0.0262654
0.158517
0.118577
0.0237673
0.226808
0.0284148
0.138055
0.0269412
0.134967
0.228174
0.0208885
0.0685047
0.0177805
0.0179995
0.0854244
0.0898829
0.0201418
0.00636022
0.0895806
0.0147936
0.0164494
0.0975734
0.00693212
0.11242
0.197215
0.505859
0.198159
0.216049
0.51747
0.210991
0.510032
0.484267
0.0822796
0.190309
0.208039
0.46198
0.494958
0.0903807
0.285699
0.310464
0.605233
0.548972
0.284786
0.564734
0.586843
0.263157
0.615387
0.233096
0.577937
0.620435
0.258037
0.573522
0.12243
0.381598
0.142211
0.341775
0.391017
0.351504
0.501186
0.522445
0.553426
0.489741
0.339537
0.360075
0.352362
0.563835
0.629107
0.484076
0.711167
0.375772
0.399748
0.495388
0.464347
0.144982
0.439218
0.358448
0.0222234
0.0267994
0.208189
0.107569
0.0287478
0.160307
0.185652
0.0229864
0.205307
0.028924
0.135229
0.0301717
0.224956
0.124286
0.0215776
0.106324
0.0208239
0.0199052
0.0916934
0.0193854
0.106851
0.0938923
0.00815044
0.0201915
0.0195665
0.0511719
0.0953903
0.00848855
0.0247317
0.0220525
0.0214444
0.104781
0.0829657
0.16738
0.0746812
0.0294991
0.0258143
0.0284744
0.196309
0.179033
0.130743
0.228296
0.0932027
0.0530213
0.116312
0.109352
0.0176204
0.0465116
0.0815118
0.0126046
0.029651
0.0108037
0.206257
0.227647
0.285662
0.274212
0.169792
0.265642
0.203907
0.270336
0.318725
0.389288
0.341594
0.531408
0.521939
0.610132
0.376123
0.336785
0.361952
0.352984
0.724091
0.660881
0.527826
0.824374
0.420654
0.544632
0.677563
0.619204
0.217602
0.391566
0.520802
0.293526
0.282815
0.688206
0.448333
0.275572
0.622494
0.59443
0.256064
0.600049
0.224098
0.508192
0.248591
0.566753
0.564201
0.235961
0.439275
0.20387
0.234376
0.690796
0.283895
0.228758
0.567629
0.616795
0.190353
0.592586
0.112007
0.277317
0.250302
0.275925
0.519466
0.0917277
0.0612261
0.0636165
0.302659
0.198241
0.0906155
0.232113
0.27092
0.108925
0.427487
0.201953
0.432436
0.178904
0.491933
0.355834
0.0393321
0.0274164
0.0325305
0.158125
0.157751
0.199194
0.13205
0.0350376
0.0251555
0.0311569
0.162266
0.17857
0.122142
0.211459
0.112924
0.0687057
0.152648
0.13292
0.0176769
0.0509598
0.0969064
0.185761
0.452397
0.134367
0.11033
0.488693
0.144812
0.401461
0.319796
0.0310352
0.0914763
0.0793484
0.22714
0.294625
0.0270634
0.0298356
0.071334
0.0267326
0.0317461
0.0229242
0.0307403
0.0224145
0.00662008
0.0136404
0.00615077
0.0137189
0.000949461
0.00075113
0.000995694
0.000801657
0.000971739
0.0008735
0.000817664
0.000162012
0.000788143
0.000740135
0.000755124
0.000703489
0.000239297
0.000802863
0.00180244
0.00309183
0.00155205
0.00369001
0.00340992
0.00175023
0.00241217
0.000953882
0.000730792
0.000995292
0.000787291
0.000961098
0.000834006
0.000905877
0.000164795
0.000766055
0.000792548
0.000758173
0.000780922
0.000269332
0.000909084
0.00281387
0.00327942
0.00218936
0.00719514
0.00394319
0.0023676
0.00369498
0.000997414
0.000619664
0.000781083
0.000626159
0.00102739
0.000921859
0.000809423
0.000694276
0.000350984
0.00044078
0.000819153
0.000761498
0.00138512
0.000643919
0.000970135
0.000740525
0.000955324
0.000857488
0.00110204
0.000666125
0.000301093
0.000401833
0.000764505
0.000769645
0.000934995
0.000616138
0.000758623
0.00060367
0.00103514
0.00077831
0.000929089
0.000691759
0.000351824
0.000443823
0.000815416
0.000762577
0.00282105
0.00328371
0.00717726
0.00219297
0.00397828
0.00370421
0.00236845
0.00123425
0.000637334
0.00094214
0.000717402
0.000982366
0.00103899
0.000858735
0.000663637
0.00029964
0.000401736
0.000763805
0.000771154
0.00179185
0.00312168
0.00359953
0.00154621
0.00339197
0.00238799
0.00174616
0.00095041
0.000752469
0.00099907
0.000804276
0.000973516
0.000874001
0.000818756
0.000789168
0.000162672
0.000741927
0.000758269
0.000703177
0.000803596
0.000240409
0.000955682
0.00073192
0.000998239
0.000789226
0.000962774
0.000835885
0.000906475
0.000767781
0.000165324
0.000792505
0.00075947
0.000780412
0.00090936
0.000270009
0.00563376
0.00989799
0.008156
0.00473495
0.00562539
0.00997274
0.0100415
0.000977324
0.00463313
0.00153666
0.00120342
0.0029979
0.00369771
0.00165824
0.00104361
0.00274907
0.00210924
0.00156381
0.00281193
0.00246799
0.00157607
0.00276455
0.00104343
0.00210084
0.00155793
0.00278343
0.00245086
0.00157324
0.00457385
0.000976133
0.00152847
0.00119556
0.00303073
0.00369215
0.00165213
0.00831851
0.00521256
0.00452836
0.00267982
0.002568
0.0029939
0.00356156
0.00989226
0.00566003
0.00812847
0.0055417
0.00477785
0.00997385
0.0100431
0.0051401
0.00836836
0.00442544
0.00254752
0.00270204
0.00298685
0.00358827
0.000465117
0.000213315
0.000471071
0.000170706
0.000311064
0.000773428
0.000238731
0.00237272
0.00139221
0.00188314
0.00179809
0.0017535
0.00159861
0.001445
0.00381283
0.00237605
0.00156868
0.00165004
0.00248868
0.00205071
0.00136179
0.000357818
0.000522178
0.000437475
0.00292916
0.00147221
0.00181263
0.00178504
0.0020693
0.0014193
0.00173654
0.00336564
0.00183634
0.00176268
0.00207731
0.00272901
0.00261666
0.00136512
0.000477343
0.000530955
0.000424936
0.00181499
0.00203876
0.00273377
0.00258433
0.00269303
0.00181139
0.00205073
0.00171155
0.00171467
0.00159077
0.00139793
0.00165383
0.00136443
0.00181883
0.000366713
0.000499975
0.000393824
0.001731
0.00150614
0.0017303
0.00182212
0.00183658
0.00153447
0.00145562
0.00205101
0.00164906
0.00154605
0.00130946
0.00217677
0.00139775
0.00166373
0.00187199
0.00206272
0.00275771
0.00269935
0.00275861
0.00205857
0.00187852
0.00173403
0.0017059
0.00157066
0.00141322
0.00161904
0.00185068
0.0013618
0.000482927
0.000531027
0.000423549
0.00174681
0.00151543
0.00173298
0.00185989
0.00185141
0.00146098
0.00154857
0.00164219
0.00205343
0.00154314
0.0013131
0.00216581
0.00166652
0.0013986
0.000368157
0.000499987
0.000393958
0.000471661
0.000171053
0.000466784
0.000211576
0.00236566
0.00139968
0.00188965
0.00180992
0.00176027
0.00160351
0.00145238
0.0023942
0.00381343
0.00157639
0.00165242
0.002502
0.00136701
0.00205976
0.000311799
0.000772819
0.000239298
0.0029164
0.00148062
0.00181696
0.00179446
0.00208367
0.00142617
0.00174232
0.00184577
0.00336592
0.00177637
0.00207964
0.00276363
0.00137083
0.00262955
0.000357966
0.000522273
0.000438066
)
;

boundaryField
{
    outlet
    {
        type            calculated;
        value           nonuniform List<scalar> 
248
(
0.00594792
0.00831851
0.0059591
0.00377399
0.00764921
0.000832757
0.0100147
0.0100104
0.00510424
0.00270945
0.00402081
0.00218661
0.000846541
0.00270378
0.00303156
0.00408416
0.000800651
0.0021821
0.00320525
0.00267903
0.00512341
0.00267453
0.00320651
0.000832846
0.000846039
0.00301483
0.000800574
0.000715926
0.000743908
0.000701517
0.000982003
0.00989864
0.0100113
0.0100424
0.00344387
0.0100097
0.00442669
0.00176712
0.00194702
0.00109626
0.000679452
0.00103781
0.0100414
0.00612254
0.00590023
0.00836836
0.00378681
0.00990126
0.00441949
0.00741086
0.00346363
0.00194217
0.00147045
0.0011732
0.000733657
0.000688337
0.00147033
0.00195484
0.00117534
0.00114227
0.00158409
0.00217274
0.00113426
0.00134952
0.00177363
0.0014987
0.000684534
0.00103924
0.00102422
0.000712213
0.000880903
0.000988775
0.00179646
0.00134593
0.00149944
0.000709128
0.000882125
0.00195524
0.00176512
0.00109507
0.0010267
0.000715333
0.000734585
0.000688103
0.00216197
0.00158547
0.00113384
0.000744959
0.000701916
0.00114497
0.00350774
0.00349726
0.001011
0.00332825
0.00374246
0.00100039
0.00147461
0.00154794
0.00356175
0.00277495
0.000973675
0.00374939
0.00336861
0.000999361
0.00349749
0.00584468
0.00119412
0.00348394
0.00334334
0.00101311
0.0063199
0.0034623
0.00120053
0.00154946
0.00147556
0.00276078
0.00356991
0.00097531
0.00133455
0.000700938
0.00161263
0.000735259
0.00196908
0.000592109
0.0022371
0.000678609
0.00137322
0.000718338
0.00142685
0.000747446
0.00204798
0.000598363
0.00223773
0.000681142
0.00175912
0.000616527
0.0017819
0.00062809
0.0016573
0.000611372
0.00180099
0.000625757
0.00137237
0.000719303
0.00142401
0.000748385
0.00133428
0.000701762
0.00161039
0.000737026
0.00368278
0.00353733
0.0098275
0.00611934
0.00963512
0.00564149
0.0074783
0.0098312
0.00979106
0.00512938
0.000827506
0.00139581
0.000827933
0.0052274
0.00140292
0.000901055
0.00310149
0.00199862
0.00312958
0.00090035
0.00199087
0.000433565
0.00916755
0.0097718
0.00980222
0.00757655
0.00983285
0.00979617
0.00559138
0.00517904
0.00436324
0.0048624
0.00827167
0.00646685
0.00350426
0.00375228
0.00982316
0.0091594
0.00976863
0.0097997
0.00488786
0.00818716
0.00632761
0.00612522
0.00963586
0.00561451
0.00521772
0.00562697
0.00434373
0.000434307
0.00180914
0.00217261
0.00233443
0.00162009
0.00237557
0.00269048
0.00318294
0.00233083
0.00278677
0.00205236
0.00336592
0.00424496
0.00257891
0.00240135
0.00211518
0.00360727
0.00335897
0.00357129
0.00320964
0.00233182
0.00276774
0.00336564
0.00204325
0.00416864
0.00188893
0.00410321
0.00390294
0.00180862
0.00173643
0.00180676
0.00179331
0.00217456
0.00231153
0.00236849
0.00162756
0.00271234
0.00194134
0.0041666
0.00410871
0.00175504
0.00180196
0.00176528
0.00256279
0.00240309
0.00211964
0.00339416
0.00359539
0.00358262
)
;
    }
    inlet
    {
        type            calculated;
        value           nonuniform List<scalar> 
92
(
4.29034e-05
5.43432e-06
1.19078e-05
3.0811e-06
5.23954e-05
5.25654e-05
2.19574e-05
3.79274e-05
2.92391e-05
1.07502e-05
1.36151e-05
1.19373e-05
1.19347e-05
3.203e-05
5.27405e-05
6.82261e-06
3.2091e-06
4.78615e-06
4.12183e-05
2.04293e-05
2.52606e-05
4.23811e-06
2.84211e-06
8.99469e-06
9.29843e-06
9.24691e-07
1.72984e-05
1.72421e-05
1.21986e-05
6.96257e-06
9.49996e-06
2.68329e-06
7.08532e-06
7.19068e-06
8.44363e-06
2.89887e-06
8.88949e-06
8.96377e-06
4.98264e-05
3.98891e-05
5.60713e-05
2.6148e-06
4.59173e-05
2.34209e-06
4.32376e-06
3.75932e-06
4.22622e-05
9.90697e-06
4.61201e-05
9.21119e-06
2.49135e-05
4.28902e-05
4.13895e-05
4.13761e-05
4.2281e-05
3.69405e-05
2.53637e-05
6.09991e-06
8.34923e-06
1.34402e-05
2.77675e-06
6.31165e-06
6.93203e-06
4.59082e-06
4.0608e-05
4.33194e-05
4.54512e-05
6.50721e-05
7.4934e-05
1.15197e-06
5.9365e-06
2.13679e-06
5.56647e-05
3.51225e-05
1.76092e-05
1.67175e-05
2.52486e-05
6.09669e-06
2.54656e-06
4.92256e-07
8.72993e-06
3.7067e-06
1.24256e-05
3.14646e-06
3.83576e-06
1.06099e-05
4.82713e-06
1.23927e-05
2.98419e-06
1.2162e-06
4.97242e-06
3.58942e-06
)
;
    }
    wall
    {
        type            nutkWallFunction;
        blending        stepwise;
        value           nonuniform List<scalar> 
8028
(
0.000271666
0.000271583
0.00020632
0.00023365
0.000222361
0.00020393
0.000233358
0.000222337
0.000222839
0.000222876
0.000203996
0.000233397
0.000206366
0.000233716
0.000224021
0.000225929
0.000243045
0.000208479
0.000205781
0.000223947
0.000205809
0.000242996
0.000225912
0.000208504
0.0964861
0.0465745
0.0132948
0.00855318
0.00688212
0.00492451
0.00281835
0.00132441
0.000930858
0.000633798
0.000469258
0.000432543
0.000429808
0.000431367
0.000432659
0.000434087
0.000435949
0.000437658
0.000438537
0.000439102
0.000439572
0.000440755
0.000442015
0.000443
0.000444147
0.00044517
0.000445451
0.000446329
0.00044721
0.000447617
0.000448334
0.000449022
0.000449837
0.000451048
0.000450791
0.000451457
0.000452191
0.000452457
0.00045262
0.000452456
0.000452042
0.000452952
0.000454521
0.000455396
0.000456707
0.000460129
0.000465901
0.000467854
0.00509714
0.00509714
0.00509714
0.0138161
0.0116817
0.0116817
0.0116817
0.0246771
0.00282323
0.00406132
0.0208705
0.0214259
0.015373
0.0198132
0.042797
0.0179011
0.0622701
0.0330078
0.0566101
0.000473283
0.000467769
0.000608566
0.000608566
0.000473574
0.00060875
0.00060875
0.00777232
0.00777231
0.00777232
0.00522337
0.00594793
0.00594792
0.00594792
0.00632158
0.01741
0.01741
0.01741
0.0282885
0.0150291
0.0123557
0.0123557
0.0123557
0.00816553
0.0609923
0.0609922
0.0609923
0.0447911
0.00683748
0.00797119
0.0218777
0.0218776
0.0218777
0.0175767
0.00896313
0.00815774
0.0112231
0.0194776
0.0112985
0.0561799
0.0379092
0.0440772
0.0710164
0.0531154
0.0791097
0.0210218
0.0202927
0.0149332
0.013185
0.0246529
0.0129849
0.0191782
0.0193729
0.0160308
0.012755
0.0115553
0.0111821
0.00692717
0.008952
0.0147106
0.00906666
0.0111564
0.0098518
0.00569167
0.00283013
0.00737426
0.00739102
0.0048536
0.0093789
0.00748903
0.0023642
0.00148727
0.00549109
0.00409779
0.00141135
0.00657771
0.0034896
0.00129225
0.0010328
0.00333398
0.000816114
0.000603427
0.00259017
0.000754407
0.000981349
0.000907791
0.00157248
0.000579113
0.000519605
0.000605324
0.00048379
0.000882228
0.000810861
0.00099756
0.000501352
0.000450355
0.00047284
0.000452993
0.000782446
0.000690412
0.000686867
0.000447997
0.000441292
0.000448167
0.000436534
0.000657826
0.000565776
0.000505365
0.000435042
0.000425303
0.000434549
0.000431641
0.00054032
0.000452333
0.00043576
0.000425086
0.000427369
0.000431133
0.000431956
0.000436192
0.000428035
0.000429972
0.00042814
0.000431232
0.000431883
0.000432875
0.00042921
0.000432036
0.000431408
0.000431326
0.000432621
0.000432961
0.000433957
0.000433095
0.000434809
0.000432592
0.000432693
0.000433555
0.000434174
0.000435052
0.000435542
0.000436396
0.000433835
0.000433718
0.000434522
0.000435217
0.000436012
0.000436516
0.000436493
0.000435461
0.000434931
0.000436212
0.000436367
0.000437272
0.000436642
0.000436919
0.000437262
0.000436822
0.000437596
0.000437578
0.00043768
0.00043706
0.000436731
0.000438242
0.000438005
0.000438348
0.000437742
0.00043777
0.000436685
0.000436598
0.000438901
0.000438736
0.00043893
0.000437968
0.000438387
0.000436942
0.000437572
0.0004393
0.000439406
0.000440274
0.00043881
0.000439754
0.000438088
0.000438928
0.000440278
0.000440913
0.000441671
0.000440209
0.000440719
0.00043946
0.000439842
0.000441591
0.000442081
0.000442588
0.000440873
0.000441145
0.000440075
0.000440403
0.000442636
0.000442949
0.00044359
0.000441443
0.000442753
0.000440762
0.000441788
0.000443744
0.000443932
0.000444454
0.000443442
0.000444743
0.000442333
0.000443569
0.000444833
0.000444559
0.000444414
0.000445138
0.000445298
0.000444137
0.000445343
0.00044534
0.000444459
0.000445143
0.000445436
0.000445921
0.000445813
0.000446662
0.000445957
0.000445672
0.000446967
0.000446206
0.000446885
0.00044694
0.000447312
0.000447065
0.000447301
0.000447459
0.000447133
0.000447685
0.000447441
0.000447863
0.000447443
0.000447615
0.000448154
0.000447918
0.00044856
0.000448135
0.000448738
0.00044806
0.000448377
0.000448938
0.000448841
0.000449487
0.000449031
0.000449625
0.000448757
0.000449151
0.000449688
0.000449731
0.000450199
0.000449954
0.000450351
0.000449496
0.000449897
0.000450665
0.000450353
0.000450301
0.000450489
0.000450442
0.00045069
0.000451008
0.000451085
0.000450224
0.000450555
0.000450468
0.000450751
0.000450876
0.000450984
0.000451257
0.000450807
0.000451463
0.000450964
0.000451622
0.000451207
0.000451437
0.000452055
0.000451647
0.000451816
0.000451815
0.000452407
0.000452066
0.000452125
0.000451992
0.000451819
0.000451945
0.000452559
0.000452785
0.000452404
0.000451828
0.000451567
0.00045201
0.000452151
0.000452776
0.000452626
0.000452634
0.000451599
0.000451635
0.000452151
0.000452211
0.000452674
0.000452783
0.000452634
0.000451678
0.000451552
0.000452102
0.000452128
0.000452972
0.000452724
0.000452152
0.000451702
0.000452106
0.000452135
0.000452765
0.000452698
0.000452762
0.000452581
0.000452471
0.000453228
0.000453093
0.000454286
0.000452925
0.000454098
0.000454145
0.00045346
0.000453948
0.000454629
0.00045554
0.000454537
0.000455665
0.000455211
0.000454253
0.000455518
0.000455789
0.000456648
0.000455968
0.0004569
0.000456248
0.000456071
0.000457318
0.000457051
0.000459219
0.000457253
0.000458296
0.000459059
0.000457692
0.000458895
0.000460236
0.000464433
0.000458668
0.000459907
0.000464471
0.000459247
0.000464195
0.000465855
0.000467443
0.000460284
0.000464696
0.00046756
0.000346327
0.000572365
0.000334656
0.000448867
0.000451716
0.000560429
0.000452452
0.000471725
0.000473548
0.0150978
0.0182543
0.00705949
0.00493124
0.00324756
0.00398095
0.0183831
0.0250588
0.00378196
0.0051948
0.00654023
0.0211793
0.030157
0.0155382
0.00487556
0.00390638
0.00390638
0.00561669
0.00758731
0.0144434
0.0191914
0.0378087
0.0060431
0.00464318
0.00464318
0.00710943
0.0152193
0.0101888
0.0121333
0.00453511
0.00371934
0.021738
0.0236819
0.00572229
0.00308974
0.00609427
0.0113858
0.00973059
0.0458904
0.023028
0.0544226
0.0181948
0.018796
0.0187996
0.0120247
0.0208121
0.0179239
0.0177935
0.00980134
0.0164002
0.0313661
0.0236333
0.0237282
0.0113723
0.0297075
0.0324079
0.0674103
0.0230406
0.0526744
0.026509
0.0464923
0.0421063
0.0403408
0.0229907
0.0302475
0.0350043
0.0749678
0.0669549
0.0694676
0.0551258
0.0662038
0.0532416
0.0492298
0.0405939
0.0474288
0.0894033
0.0349465
0.0633264
0.0741288
0.0921253
0.0503911
0.0489545
0.0597305
0.0696172
0.0396307
0.0674092
0.000516647
0.000642667
0.000642667
0.000575382
0.00051921
0.000344289
0.000591993
0.000631087
0.000337328
0.000589444
0.000456117
0.000330165
0.000534038
0.000482171
0.00047334
0.000517372
0.000560336
0.000453681
0.000320223
0.00064131
0.000581288
0.00053965
0.00033031
0.000556902
0.000572025
0.00045283
0.000315362
0.000588829
0.000537611
0.000334876
0.000447282
0.000466055
0.000580656
0.000539649
0.000453485
0.000320254
0.000641302
0.000556782
0.000451531
0.000330162
0.000588811
0.000537465
0.000572169
0.00057217
0.000477852
0.000452878
0.000315311
0.00051662
0.000642506
0.000642506
0.000346383
0.000575516
0.000631004
0.000631004
0.000519156
0.000344299
0.000592147
0.000451573
0.000572517
0.000337447
0.000534264
0.000534264
0.00048248
0.000589571
0.000456152
0.000330219
0.000517592
0.00428834
0.016022
0.00566061
0.0084873
0.00665134
0.00380558
0.00832978
0.0231099
0.00946962
0.0201145
0.00998841
0.0298825
0.0128897
0.0251113
0.00276876
0.0114045
0.0128423
0.021069
0.024933
0.0138416
0.0144638
0.0161444
0.00935243
0.0124233
0.0190957
0.0159901
0.0162247
0.0138016
0.0277127
0.023016
0.0163906
0.036863
0.0107247
0.018058
0.013137
0.0114901
0.0111762
0.0173841
0.00940815
0.00810639
0.0104679
0.00824619
0.0150537
0.00767439
0.0100328
0.00973155
0.0093945
0.00508318
0.00434403
0.00818115
0.0051018
0.0114197
0.00398615
0.00849098
0.00803434
0.00226755
0.00284718
0.00246185
0.00647439
0.00235633
0.00631513
0.00143985
0.00583679
0.00499429
0.00112974
0.00149431
0.00131823
0.0044147
0.000644441
0.00211296
0.00048289
0.00234988
0.00166481
0.00099979
0.000976409
0.000935077
0.00233766
0.000355232
0.000589851
0.00041194
0.000626335
0.0005513
0.000869221
0.0008571
0.000837152
0.00116361
0.000324749
0.000555156
0.000352322
0.00045465
0.000447237
0.000751167
0.000768578
0.000742491
0.000848652
0.000306055
0.000536478
0.000305104
0.000431779
0.000427302
0.000652447
0.000656727
0.000626574
0.000589147
0.000297981
0.000529305
0.000301426
0.000418738
0.000417045
0.000529707
0.000532535
0.000504754
0.000449083
0.000300069
0.000527582
0.00029771
0.000414935
0.000414774
0.000524747
0.000421881
0.000414665
0.00043074
0.000304872
0.000527755
0.000302529
0.000415327
0.000415778
0.000521425
0.000414256
0.000414943
0.000430625
0.000308701
0.000529014
0.000306161
0.000416982
0.000417244
0.000523114
0.000417819
0.000418118
0.000432028
0.000311114
0.000530643
0.000308395
0.000418385
0.000418607
0.000524209
0.000419731
0.000419836
0.000433181
0.000312396
0.000531895
0.000309686
0.000419851
0.000419985
0.000525219
0.00042097
0.000421026
0.000434576
0.000313179
0.000532703
0.000310678
0.00042077
0.000420648
0.000525912
0.00042198
0.000421926
0.000436431
0.000313956
0.000533042
0.000311471
0.000420792
0.000420606
0.000526582
0.000422528
0.000422427
0.000437824
0.000314893
0.000533426
0.000312309
0.000421416
0.00042136
0.000527094
0.000423318
0.000423324
0.000438617
0.000315721
0.000534081
0.000312886
0.000422077
0.000421895
0.000527558
0.000424115
0.000423895
0.000439085
0.000316558
0.000534831
0.000313492
0.000422729
0.000422588
0.000527996
0.000424729
0.000424629
0.000439684
0.000317489
0.000535624
0.000314559
0.00042375
0.000423647
0.000528788
0.000425719
0.000425621
0.000440951
0.000318447
0.000536456
0.000315564
0.000424582
0.000424456
0.000529588
0.000426697
0.000426651
0.000442151
0.000319591
0.000537386
0.00031653
0.000425656
0.000425615
0.000530615
0.000427743
0.000427698
0.000443166
0.000320707
0.00053819
0.000317541
0.000426931
0.0004269
0.000531828
0.00042862
0.000428537
0.000444315
0.000321505
0.000538886
0.000318624
0.000428096
0.000427994
0.000532868
0.000429608
0.000429573
0.000445186
0.000322357
0.000539574
0.0003198
0.000428797
0.000428638
0.000533901
0.000430427
0.000430406
0.000445528
0.000323186
0.000540283
0.000320825
0.000429398
0.000429315
0.000534351
0.000431109
0.000431168
0.000446567
0.000323761
0.000540984
0.000321368
0.000430172
0.000430151
0.000534805
0.000431894
0.000431868
0.000447261
0.000324585
0.000541763
0.000322094
0.00043101
0.000430971
0.00053545
0.000432602
0.000432604
0.000447713
0.000325829
0.00054256
0.000323047
0.000431835
0.00043181
0.000536485
0.00043349
0.000433494
0.000448426
0.000326684
0.000543189
0.000323923
0.000432635
0.000432561
0.000537109
0.000434307
0.000434287
0.000449107
0.000327551
0.000543837
0.000324687
0.000433406
0.000433308
0.000537315
0.000434921
0.00043488
0.000450016
0.000328453
0.00054446
0.000325657
0.000433981
0.000433924
0.000538282
0.000435529
0.000435563
0.000451057
0.00032921
0.00054503
0.000326516
0.000434599
0.00043459
0.000539119
0.000436228
0.000436288
0.000450873
0.000329815
0.000545601
0.000326995
0.000435156
0.000435096
0.000539405
0.000436766
0.000436755
0.000451677
0.000330125
0.000545932
0.000327137
0.000435429
0.000435344
0.000539547
0.000437062
0.000437026
0.000452268
0.00033039
0.00054617
0.000327416
0.000435738
0.000435668
0.000539844
0.000437272
0.00043719
0.000452527
0.000330459
0.000546222
0.000327564
0.000435861
0.000435697
0.000539972
0.000437248
0.000437154
0.000452682
0.000330197
0.000545963
0.000327357
0.00043564
0.000435428
0.000539901
0.000437194
0.000437056
0.000452409
0.000330069
0.000545775
0.000327178
0.000435385
0.000435263
0.000539568
0.000437097
0.00043705
0.000452163
0.000330889
0.000546434
0.000327931
0.000435911
0.000436047
0.000540605
0.000437711
0.000437907
0.000453365
0.000332341
0.000547696
0.00032936
0.000437315
0.000437502
0.000541853
0.000438963
0.000439131
0.000454758
0.000333778
0.000548986
0.000331014
0.000438692
0.000438804
0.000543084
0.000440209
0.000440428
0.00045563
0.000335534
0.000550638
0.000332678
0.000440154
0.000440501
0.000544612
0.000441752
0.000442092
0.000457371
0.000337837
0.000552825
0.000334562
0.000442611
0.0004433
0.000545948
0.000443867
0.000444419
0.000461437
0.000339928
0.000552864
0.000335323
0.00044662
0.000447233
0.000545834
0.000447016
0.000447535
0.000466962
0.0214347
0.0210528
0.0215758
0.0121444
0.0212954
0.0100705
0.0190565
0.0102675
0.0131771
0.0134668
0.0140168
0.0135603
0.0301088
0.0155549
0.0288163
0.0102184
0.0216566
0.00859482
0.016273
0.0142064
0.0244806
0.0123778
0.014275
0.0161275
0.0450694
0.0291098
0.0344818
0.0208285
0.0288673
0.0227181
0.0185726
0.0153427
0.0119718
0.0192124
0.008961
0.0147902
0.0281399
0.0225061
0.0150513
0.0130733
0.0191553
0.0150701
0.00981333
0.0275606
0.0183205
0.0172339
0.0190324
0.010111
0.0180554
0.00965596
0.0173711
0.00936281
0.0115878
0.0119968
0.0123314
0.0119493
0.0236468
0.012194
0.0216734
0.0074997
0.0132908
0.00725212
0.012899
0.00851878
0.0150029
0.00725608
0.00772093
0.00889494
0.0133067
0.00798259
0.0124979
0.00884319
0.00928998
0.00689575
0.00958274
0.00821623
0.0055733
0.00971031
0.00490706
0.00871546
0.00896361
0.0101775
0.00588803
0.007981
0.00835668
0.00958296
0.00553597
0.00944758
0.0131266
0.0112446
0.0149772
0.0075198
0.0138227
0.00825913
0.0142158
0.00784418
0.00974109
0.0102397
0.0107393
0.0102997
0.0128923
0.0062385
0.0107923
0.00662758
0.011786
0.00635459
0.0112843
0.00447953
0.00780276
0.00340265
0.00255502
0.00356767
0.0112881
0.00616495
0.010765
0.00747087
0.00781801
0.00589022
0.00450409
0.0035045
0.00347538
0.00652209
0.00312678
0.00591366
0.00718173
0.00798159
0.00469616
0.00634806
0.00664683
0.00738484
0.00435275
0.00775426
0.00619586
0.00542535
0.00995448
0.0041408
0.0083951
0.00645236
0.0102681
0.00585901
0.00717193
0.00792428
0.00885691
0.00824344
0.00804739
0.00355546
0.00689462
0.00541013
0.00950378
0.00495741
0.00870672
0.000991806
0.00146461
0.000802545
0.00118252
0.00128739
0.0091164
0.00502292
0.008451
0.00570742
0.00613977
0.00467464
0.00201224
0.00170328
0.0021558
0.00416548
0.00182505
0.00353979
0.00545417
0.00573413
0.00348678
0.00448532
0.00479841
0.00498056
0.00304591
0.00593979
0.00331901
0.00238682
0.0044114
0.0021018
0.00372985
0.00347546
0.00477497
0.00274352
0.00320586
0.00394249
0.00532154
0.00433214
0.00123804
0.000713965
0.000975486
0.00345663
0.0062208
0.00287718
0.00528407
0.000662806
0.00108764
0.000631721
0.000913419
0.00093377
0.00649478
0.00364062
0.00576269
0.00362006
0.00416068
0.00325538
0.00118315
0.00107997
0.00113147
0.00220371
0.000954055
0.00182957
0.0034754
0.00335407
0.00212768
0.00252728
0.00289117
0.00271412
0.00172822
0.00385997
0.000664722
0.000627868
0.00140782
0.000426892
0.000820131
0.00139341
0.00121462
0.000860436
0.00059166
0.000903639
0.0017213
0.0010931
0.000876772
0.000463977
0.00084212
0.00131052
0.0025899
0.000881295
0.00180147
0.000581486
0.000959207
0.000556764
0.000805763
0.000820159
0.00346181
0.00203424
0.0027335
0.00166287
0.00206905
0.00164244
0.000957944
0.000927386
0.000711272
0.00129835
0.000675487
0.00121547
0.00175453
0.00168454
0.00105444
0.00124352
0.00144406
0.00146446
0.000892675
0.00191572
0.000558228
0.000537281
0.000625306
0.000344976
0.000610556
0.000338293
0.000579835
0.000333449
0.000458398
0.00046784
0.000536708
0.000504158
0.000748982
0.000394768
0.000717388
0.00043936
0.000854759
0.000391359
0.000757772
0.000507269
0.000834673
0.000486414
0.000706182
0.000726906
0.00123724
0.000783745
0.00102593
0.000946944
0.0010337
0.00064357
0.000860944
0.000835138
0.000619707
0.00109382
0.000604587
0.00106406
0.000997659
0.00117379
0.000677558
0.000889833
0.00093131
0.00112394
0.000643129
0.00106717
0.000478062
0.000460586
0.000576677
0.000319184
0.000567902
0.000319723
0.000550065
0.000316867
0.000432641
0.000438671
0.000464881
0.000459133
0.000649319
0.000336461
0.000630448
0.000327984
0.000587736
0.000324315
0.00057456
0.000436136
0.000724566
0.000418616
0.000597923
0.000621931
0.000698243
0.000435665
0.000628179
0.000583297
0.000654683
0.000387763
0.000753653
0.000722109
0.000552334
0.000965827
0.000530845
0.000926423
0.000791674
0.000992467
0.000560563
0.000676947
0.000728008
0.000940709
0.000526514
0.000764786
0.000450469
0.000447994
0.000546533
0.000302811
0.000541913
0.000308443
0.000534182
0.000307203
0.000417996
0.000420825
0.000443293
0.000439696
0.00055313
0.000296329
0.000527976
0.000315676
0.000552459
0.000313288
0.00054617
0.000376104
0.000629087
0.000362588
0.000504818
0.000524903
0.00056181
0.000334487
0.000557909
0.000448318
0.000474364
0.000332337
0.000625469
0.000594776
0.000458425
0.000796163
0.000432909
0.000749612
0.000577256
0.000786282
0.000431758
0.000489798
0.0005311
0.000733663
0.000400934
0.000547761
0.000429767
0.000427194
0.000533077
0.000298008
0.000531967
0.00030524
0.000528879
0.000305557
0.000414619
0.00041504
0.000433099
0.000432054
0.000526291
0.000299809
0.000526834
0.000308403
0.000532401
0.000307515
0.000529534
0.000306056
0.00053
0.000299793
0.000417576
0.000430849
0.000542757
0.000313693
0.000537792
0.000417858
0.000422899
0.000308658
0.000513828
0.000485303
0.000361471
0.000616152
0.000343081
0.000579055
0.000430812
0.000583176
0.000324066
0.000419635
0.000425049
0.000542706
0.000314636
0.000440935
0.000425362
0.000426052
0.000529317
0.000301143
0.000529108
0.000306238
0.000527502
0.000306575
0.000415425
0.000415089
0.000431554
0.000431362
0.000518948
0.000299086
0.000519456
0.000305915
0.000524736
0.000305611
0.000523826
0.000298498
0.000522758
0.000298304
0.00041054
0.000410468
0.00052823
0.000302715
0.000526794
0.000413025
0.000412884
0.000302375
0.000430366
0.000428373
0.000307743
0.000535729
0.000304355
0.000533165
0.000414743
0.000530028
0.000306241
0.000414071
0.000414229
0.000529594
0.000306413
0.000429797
0.00042964
0.000430072
0.000528464
0.000305861
0.000528688
0.000307798
0.000528005
0.000308218
0.000417145
0.000416711
0.000432496
0.000432481
0.000520423
0.000303927
0.000521478
0.000306129
0.000523329
0.000306309
0.000523296
0.000302095
0.000522395
0.000303777
0.000414541
0.000414236
0.000524494
0.000303622
0.000524349
0.00041442
0.000413793
0.000303909
0.00042999
0.000431325
0.000305647
0.000529577
0.000306758
0.000530008
0.000414887
0.000528525
0.000307357
0.000415922
0.000415361
0.000529002
0.000307992
0.000430597
0.000432079
0.000432087
0.000529214
0.000309302
0.000529654
0.000309656
0.000529374
0.000310052
0.000418876
0.000418514
0.000433427
0.000433618
0.00052253
0.000306977
0.000523308
0.000307379
0.000523979
0.000307681
0.000524219
0.000306017
0.000523575
0.000306879
0.000417038
0.000416852
0.000524459
0.000305906
0.000524667
0.000415906
0.000415449
0.000306314
0.000433526
0.000434396
0.000308323
0.00053022
0.000308958
0.000530791
0.000416959
0.000529386
0.000309353
0.000418036
0.000417434
0.000529871
0.000309908
0.000432033
0.000433116
0.000433232
0.000530713
0.000311433
0.000531162
0.00031152
0.00053098
0.000311878
0.000420237
0.000420003
0.000434601
0.000434794
0.000524266
0.000308858
0.000524701
0.000308876
0.000525352
0.000309295
0.000525614
0.000308278
0.000524587
0.000308832
0.000418686
0.000418671
0.000525483
0.000308064
0.000525908
0.000417576
0.000417099
0.000308383
0.000435824
0.000436283
0.000310259
0.000531589
0.00031087
0.000532001
0.000419143
0.000530619
0.000311282
0.000420147
0.000419677
0.000531049
0.000311769
0.000433344
0.000433987
0.00043424
0.000532229
0.000312572
0.000532633
0.00031299
0.000532181
0.000313264
0.000421266
0.000421121
0.000435552
0.000435791
0.000525155
0.000309989
0.000525463
0.00031047
0.000526439
0.000310747
0.000526611
0.000309777
0.000525504
0.000310097
0.000419554
0.000419602
0.000526678
0.000309286
0.00052697
0.000418905
0.000418668
0.000309425
0.000436425
0.000436497
0.000312091
0.000532575
0.000312551
0.000532833
0.000421004
0.000531739
0.000312774
0.0004217
0.000421409
0.000532092
0.000313115
0.000434946
0.000435274
0.000435858
0.000533219
0.000313326
0.000533495
0.000313972
0.000532923
0.000314157
0.000421892
0.000421947
0.000436704
0.000437132
0.000526011
0.000310959
0.000526396
0.000311308
0.000526801
0.00031142
0.000526956
0.000310716
0.000526158
0.000310966
0.000420226
0.000420293
0.000527338
0.000310041
0.000527474
0.000419525
0.000419369
0.000310194
0.000436648
0.000436875
0.000313323
0.000533144
0.000313586
0.000533333
0.000422278
0.000532568
0.00031383
0.000422752
0.000422626
0.000532853
0.000314084
0.000436928
0.000437045
0.000437524
0.000533561
0.000314235
0.000533816
0.000314548
0.000533248
0.000314744
0.000422357
0.000422461
0.000437672
0.000437799
0.0005268
0.000311754
0.000527102
0.000311666
0.000527027
0.000311795
0.00052723
0.000311519
0.000526883
0.000311786
0.000420929
0.000421028
0.000527381
0.000310796
0.000527552
0.000420721
0.000420491
0.000311021
0.000436921
0.000436908
0.000314021
0.000533406
0.000314305
0.000533609
0.000423084
0.00053307
0.000314455
0.000423303
0.000423327
0.000533382
0.000314649
0.000438132
0.000438006
0.000438416
0.000533895
0.000315198
0.00053417
0.000315222
0.000533752
0.000315507
0.000422703
0.000422946
0.000437747
0.000437862
0.000527367
0.000312583
0.000527591
0.00031213
0.000527592
0.000312264
0.000527984
0.000312277
0.000527431
0.000312556
0.00042148
0.00042172
0.000527545
0.000311859
0.000527788
0.000421766
0.000421748
0.000312229
0.000436498
0.000436625
0.000314936
0.000533748
0.000315273
0.000534036
0.000423623
0.000533696
0.000314998
0.00042394
0.000423965
0.000534111
0.000315244
0.000438886
0.000438624
0.000439008
0.000534052
0.000316097
0.000534353
0.000315798
0.00053451
0.000316116
0.000423144
0.000423342
0.00043804
0.000438346
0.000527852
0.000313165
0.000528263
0.00031266
0.000528313
0.000312939
0.00052871
0.000312814
0.000527799
0.000313093
0.000422069
0.000422241
0.000527936
0.000312817
0.000528345
0.000422534
0.000422524
0.000313168
0.000436967
0.000437441
0.000315714
0.000534204
0.000316054
0.000534517
0.000424228
0.000534354
0.000315649
0.000424515
0.000424542
0.00053478
0.000315937
0.000439282
0.000439477
0.000440101
0.000534417
0.000316931
0.00053479
0.00031654
0.000535253
0.000316939
0.000424012
0.000424056
0.000439078
0.0004396
0.000528589
0.000313851
0.000528957
0.000313406
0.000529021
0.000313721
0.000529457
0.000313467
0.000528395
0.000313797
0.000422936
0.00042307
0.000528623
0.000313689
0.000529015
0.000423268
0.00042328
0.000314044
0.000438193
0.000438776
0.000316558
0.000534699
0.000316955
0.000535001
0.000424851
0.000535067
0.000316352
0.000425272
0.000425195
0.000535484
0.000316715
0.000440091
0.000441064
0.00044158
0.000535166
0.000317844
0.00053554
0.000317551
0.000536024
0.000317918
0.000425048
0.000425072
0.000440418
0.000440731
0.000529489
0.000314943
0.000529902
0.000314221
0.000529691
0.000314627
0.000530093
0.000314325
0.000529111
0.000314665
0.000423649
0.0004238
0.000529536
0.000314583
0.000529894
0.000424065
0.000424006
0.000314901
0.000439484
0.000439851
0.000317562
0.000535391
0.000317946
0.00053576
0.000425764
0.000535837
0.000317336
0.000426292
0.00042616
0.000536255
0.00031772
0.000441427
0.000442151
0.0004425
0.000535906
0.000318811
0.000536235
0.000318521
0.000536852
0.000318891
0.000426028
0.000425971
0.000440962
0.000441091
0.000530326
0.000315883
0.000530701
0.000315408
0.000530448
0.000315912
0.00053073
0.00031538
0.000529972
0.000315766
0.000424353
0.00042438
0.000530327
0.000315487
0.000530794
0.000425065
0.000424944
0.00031592
0.000440039
0.000440291
0.000318633
0.00053639
0.000319029
0.000536816
0.000426818
0.000536789
0.000318331
0.000427357
0.000427205
0.000537242
0.000318671
0.000442511
0.000443083
0.000443445
0.000536832
0.000319982
0.000537265
0.00031969
0.000537747
0.00032011
0.000427291
0.000427112
0.000441819
0.000442367
0.000531245
0.000316852
0.00053149
0.000316943
0.000531418
0.000317389
0.000531806
0.000316615
0.000531066
0.000316978
0.000425441
0.000425359
0.000531248
0.000316796
0.000531664
0.000426213
0.000426084
0.000317218
0.000440966
0.000441461
0.00031983
0.000537488
0.000320198
0.000537889
0.000427916
0.000537851
0.000319389
0.000428414
0.000428294
0.000538239
0.000319767
0.000443565
0.000444077
0.000444381
0.000538081
0.000321018
0.000538478
0.000320856
0.000538515
0.000321173
0.000428689
0.00042855
0.000443942
0.000444575
0.000531744
0.000317881
0.000532089
0.000318197
0.000532446
0.00031853
0.000532708
0.000317746
0.000532182
0.000318067
0.000426791
0.000426683
0.000532078
0.00031799
0.00053242
0.000427045
0.000427013
0.000318316
0.00044264
0.000443223
0.000320845
0.000538392
0.000321197
0.000538711
0.000428745
0.000538588
0.000320563
0.000429025
0.000429037
0.000538908
0.000320916
0.000444716
0.000444499
0.00044445
0.000539051
0.000321807
0.000539354
0.000321774
0.000539204
0.000322078
0.000429771
0.000429726
0.000445192
0.000445341
0.000532626
0.000319009
0.000532994
0.000319033
0.000533041
0.000319284
0.000533285
0.000318759
0.000533276
0.000319103
0.000428
0.000427971
0.000532729
0.000318867
0.000532985
0.000427647
0.000427552
0.000319134
0.000444444
0.000444999
0.000321834
0.000539098
0.00032218
0.000539411
0.000429339
0.00053929
0.000321547
0.000429735
0.000429688
0.000539611
0.000321881
0.000445342
0.00044457
0.000444837
0.000539747
0.00032265
0.00054001
0.000322666
0.000539837
0.000322929
0.000430501
0.000430531
0.000445561
0.000445771
0.000533586
0.000320145
0.000534018
0.000319664
0.000533506
0.000319913
0.000533611
0.000319807
0.000534093
0.000320127
0.000428951
0.00042898
0.000533234
0.000319551
0.000533557
0.000428366
0.000428198
0.000319795
0.000446075
0.000446445
0.000322744
0.000539754
0.000323
0.000540029
0.000430091
0.000539989
0.000322433
0.000430437
0.000430392
0.000540206
0.000322756
0.000445764
0.000446088
0.000446667
0.000540542
0.000323446
0.000540812
0.000323489
0.000540562
0.000323734
0.000431237
0.000431263
0.000446456
0.000446706
0.000534637
0.000321053
0.000534853
0.000320429
0.000534032
0.00032072
0.00053431
0.000320706
0.000534565
0.000320897
0.000429625
0.000429734
0.000534029
0.00032028
0.000534337
0.000429201
0.00042905
0.000320532
0.000447041
0.000447234
0.000323557
0.000540453
0.000323813
0.000540716
0.000430868
0.000540457
0.000323411
0.000431283
0.000431211
0.000540629
0.000323718
0.000446924
0.000447324
0.000447407
0.000541303
0.000323938
0.000541591
0.000324238
0.000541233
0.000324472
0.000431919
0.000431915
0.000447357
0.000447553
0.000534909
0.00032153
0.000535072
0.000321374
0.000534807
0.000321635
0.000534977
0.000321044
0.000534987
0.000321225
0.000430025
0.000430118
0.000534946
0.000321028
0.00053534
0.000429967
0.000429863
0.000321284
0.000447485
0.000447682
0.000324329
0.00054104
0.000324572
0.000541278
0.000431638
0.000540885
0.00032423
0.000432018
0.000431929
0.000541078
0.000324468
0.000447367
0.000447756
0.000447973
0.000542039
0.000324959
0.000542286
0.000325112
0.000542068
0.000325411
0.000432818
0.000432813
0.000448147
0.000448394
0.000535549
0.000322391
0.000535799
0.00032232
0.000535574
0.000322611
0.000535846
0.00032197
0.000535809
0.000322429
0.000430986
0.000431015
0.000535711
0.000321863
0.000535954
0.000430725
0.000430675
0.000322193
0.0004483
0.000448573
0.000325171
0.000541741
0.000325485
0.00054203
0.000432543
0.000541571
0.000325092
0.000433081
0.000432937
0.000541872
0.000325416
0.000447952
0.000448558
0.000448757
0.000542532
0.000326145
0.000542719
0.000326027
0.000542821
0.000326315
0.0004336
0.000433628
0.000449098
0.00044936
0.000536206
0.000323366
0.000536499
0.000323262
0.00053644
0.000323533
0.000536722
0.00032323
0.000536763
0.000323535
0.000431931
0.000432008
0.000536216
0.000322798
0.000536472
0.000431454
0.00043141
0.000323112
0.000449113
0.000449457
0.000326135
0.000542447
0.00032642
0.000542691
0.000433524
0.000542479
0.000326086
0.000433891
0.000433771
0.000542781
0.000326377
0.000448689
0.000449332
0.000449543
0.000543021
0.000326945
0.000543241
0.000326829
0.000543428
0.000327077
0.000434245
0.000434296
0.000449898
0.000450163
0.000536869
0.000324172
0.000537125
0.000324057
0.000537265
0.000324322
0.000537565
0.000324033
0.000537253
0.000324258
0.000432516
0.00043266
0.000536846
0.000323759
0.000537095
0.000432163
0.000432096
0.000324078
0.000450034
0.000450252
0.000326955
0.000543109
0.000327202
0.000543329
0.000434248
0.000543304
0.000326928
0.000434584
0.000434476
0.000543551
0.000327167
0.000449388
0.000450082
0.000450388
0.000543776
0.000327845
0.000544034
0.000327633
0.000544062
0.00032794
0.00043492
0.000434961
0.000450412
0.000450357
0.000537796
0.000324978
0.000538055
0.000324833
0.000537848
0.000325107
0.000538037
0.000324639
0.00053759
0.000324912
0.000433197
0.000433241
0.000537612
0.000324703
0.000537886
0.000433098
0.000432973
0.000324983
0.000450459
0.00045048
0.000327699
0.000543688
0.000327952
0.00054391
0.000434947
0.000543817
0.000327616
0.000435241
0.000435151
0.000543976
0.000327874
0.000450458
0.000451121
0.000451143
0.000544535
0.000328673
0.000544723
0.000328557
0.000544617
0.000328785
0.000435449
0.000435522
0.00045033
0.000450396
0.000538567
0.000325894
0.000538663
0.000325622
0.000538158
0.000325866
0.000538372
0.00032555
0.000538655
0.000325832
0.000434043
0.000434066
0.000538432
0.000325517
0.000538502
0.000433701
0.000433627
0.000325702
0.000450437
0.000450552
0.000328542
0.000544478
0.000328783
0.00054472
0.000435517
0.000544449
0.000328483
0.0004359
0.000435755
0.000544712
0.000328741
0.000450945
0.000451033
0.000451078
0.000545067
0.000329385
0.000545189
0.000329281
0.000545168
0.000329479
0.000436085
0.000436106
0.000451083
0.000451316
0.000539246
0.000326678
0.000539341
0.000326448
0.000538925
0.000326645
0.000539132
0.000326372
0.000539305
0.000326579
0.000434669
0.000434774
0.00053875
0.000326175
0.000538904
0.000434255
0.000434079
0.000326409
0.000451142
0.000451328
0.000329344
0.000545215
0.000329522
0.000545341
0.000436299
0.000545318
0.000329284
0.000436613
0.000436492
0.000545482
0.000329446
0.000451006
0.000451679
0.000451888
0.00054558
0.000329903
0.00054567
0.00032993
0.000545696
0.000330059
0.000436643
0.00043672
0.000451782
0.000451821
0.000539799
0.00032704
0.000539871
0.000327066
0.000539456
0.000327174
0.000539557
0.000326904
0.000539423
0.000326997
0.000434901
0.000435067
0.000539448
0.000326886
0.000539537
0.00043473
0.000434617
0.000326976
0.000452003
0.000452161
0.000329901
0.000545614
0.000329974
0.000545674
0.000436814
0.00054585
0.00032972
0.000436896
0.000436874
0.000545923
0.000329775
0.000451905
0.000452152
0.000452064
0.000545899
0.000330178
0.000545957
0.000330281
0.00054597
0.000330344
0.000436897
0.000436985
0.000451893
0.000451898
0.0005401
0.000327218
0.000540169
0.000327404
0.000539765
0.000327439
0.000539742
0.000327087
0.000539586
0.000327178
0.000435067
0.000435201
0.00053971
0.000327153
0.000539839
0.000434923
0.000434817
0.000327216
0.000452637
0.000452682
0.000330196
0.000545886
0.000330252
0.000545946
0.00043696
0.000546156
0.000329885
0.000437076
0.000437019
0.000546213
0.000329979
0.000452345
0.000451719
0.000451629
0.000546198
0.000330413
0.000546226
0.000330573
0.000546186
0.000330607
0.000437108
0.000437232
0.000452117
0.000452119
0.000540486
0.000327507
0.000540516
0.000327554
0.000539956
0.000327583
0.000539995
0.000327514
0.000539874
0.000327634
0.000435421
0.000435596
0.000540004
0.000327423
0.00054002
0.000435108
0.000435029
0.000327422
0.000452691
0.000452623
0.000330511
0.000546151
0.00033053
0.000546173
0.000437216
0.00054644
0.000330178
0.000437306
0.000437291
0.000546437
0.000330254
0.000452555
0.000451589
0.000451688
0.000546202
0.000330433
0.000546133
0.000330619
0.00054617
0.000330563
0.000437098
0.000437317
0.000452265
0.000452196
0.000540561
0.000327581
0.000540485
0.000327576
0.00054005
0.000327587
0.000540064
0.00032766
0.000539939
0.000327585
0.000435307
0.000435607
0.000540037
0.000327447
0.000539914
0.000434918
0.000434925
0.000327354
0.000452616
0.00045275
0.000330557
0.000546185
0.000330487
0.000546145
0.000437288
0.000546443
0.000330232
0.000437142
0.000437252
0.000546383
0.000330207
0.000452599
0.000451576
0.000451612
0.000545923
0.000330108
0.000545856
0.00033031
0.000545879
0.000330205
0.000436793
0.000437041
0.000452176
0.000452066
0.000540114
0.000327278
0.000540024
0.000327323
0.000539869
0.000327244
0.00053989
0.000327288
0.000539781
0.00032725
0.000434991
0.000435298
0.000539691
0.00032712
0.000539466
0.000434552
0.000434536
0.000326967
0.000452817
0.000452886
0.000330281
0.000545987
0.000330172
0.000545916
0.000436998
0.000546212
0.000330012
0.000436928
0.00043695
0.00054611
0.000329958
0.000452182
0.000451729
0.000451977
0.000545768
0.000330162
0.000545831
0.00033012
0.000545831
0.000330214
0.000437002
0.000437036
0.000452361
0.00045247
0.000540019
0.000327266
0.000539947
0.000327083
0.000539796
0.000327185
0.000539846
0.000327106
0.000539754
0.000327223
0.000435215
0.000435274
0.000539419
0.000326952
0.000539508
0.000434818
0.000434607
0.000327034
0.000452638
0.000452592
0.000330136
0.000545852
0.000330213
0.00054594
0.000437037
0.000546042
0.000330009
0.00043734
0.000437198
0.000546107
0.000330125
0.000452278
0.000452693
0.000453042
0.000546405
0.000331259
0.0005467
0.000330971
0.000546752
0.00033133
0.000438223
0.000438065
0.000453562
0.000453918
0.000540303
0.000328313
0.000540589
0.000327959
0.000540445
0.000328399
0.0005408
0.000327938
0.000540915
0.000328331
0.000436415
0.000436298
0.000540202
0.000327809
0.000540473
0.000436063
0.00043565
0.000328168
0.000453271
0.000453673
0.000331018
0.000546525
0.000331373
0.000546829
0.000437896
0.000546747
0.000330807
0.00043853
0.000438275
0.000547038
0.000331154
0.000453806
0.000453584
0.000453767
0.000547606
0.000332701
0.000547946
0.000332439
0.000548029
0.000332809
0.000439571
0.000439339
0.000454973
0.000455342
0.000541511
0.000329807
0.000541832
0.000329641
0.000541796
0.000330073
0.00054218
0.000329435
0.00054218
0.000329894
0.00043779
0.000437623
0.000541417
0.000329392
0.000541746
0.000437463
0.000437093
0.000329784
0.00045492
0.000455341
0.000332506
0.000547725
0.000332886
0.000548071
0.000439175
0.000547947
0.000332261
0.000439806
0.000439556
0.000548257
0.000332711
0.000455016
0.00045458
0.000455073
0.000548999
0.000334227
0.00054936
0.000333969
0.000549377
0.000334395
0.000441075
0.00044079
0.000456051
0.000456285
0.000542878
0.00033144
0.000543227
0.000331204
0.000542931
0.000331602
0.000543134
0.000330959
0.000543467
0.000331326
0.00043915
0.00043896
0.000542851
0.000331004
0.000543321
0.000438776
0.000438358
0.00033141
0.000456229
0.00045656
0.000334001
0.000549013
0.000334404
0.000549382
0.000440401
0.000549182
0.000333853
0.000441065
0.000440759
0.000549534
0.000334282
0.000455864
0.000456497
0.000456957
0.000550406
0.000336025
0.000550793
0.000335649
0.00055117
0.00033594
0.000443098
0.000442642
0.000457717
0.000458377
0.000544276
0.000333074
0.000544633
0.000332907
0.000544345
0.000333287
0.000544731
0.000332436
0.000545097
0.000332935
0.000440506
0.000440346
0.000544303
0.000332668
0.000544837
0.000441108
0.000440354
0.00033313
0.000457585
0.000457906
0.000335701
0.000550435
0.000336195
0.000550841
0.000441933
0.000550759
0.00033543
0.0004432
0.000442498
0.000551294
0.000335733
0.000458132
0.000458071
0.000458449
0.000552058
0.000338576
0.000552545
0.000336799
0.000553335
0.00033725
0.000447139
0.000446078
0.000461512
0.000462958
0.000546148
0.000335135
0.000546355
0.000334608
0.000546314
0.000335225
0.000546694
0.000334547
0.000546339
0.000335202
0.000441941
0.000441826
0.000546017
0.000334574
0.000546328
0.000445003
0.00044388
0.000335209
0.000459013
0.000459425
0.000338025
0.00055218
0.000338782
0.00055271
0.000445058
0.000553044
0.000336589
0.000447495
0.000446268
0.000553605
0.000337028
0.000462919
0.00045987
0.000460821
0.000552822
0.000339487
0.000552719
0.000339217
0.000552418
0.000339026
0.000450409
0.0004501
0.000466952
0.000467393
0.000545692
0.000334768
0.000545502
0.000336577
0.000546205
0.00033608
0.000545732
0.000335595
0.000545456
0.00033502
0.000443488
0.000442605
0.000545684
0.000336166
0.000545289
0.000447966
0.00044759
0.000335602
0.000460754
0.000461566
0.00034027
0.000553112
0.000339865
0.000552963
0.000449723
0.000553167
0.000339193
0.0004509
0.00045038
0.000552683
0.000339074
0.00046743
0.0140845
0.0140845
0.0159235
0.0112641
0.0112641
0.0112641
0.0221406
0.0117033
0.00914194
0.0108771
0.0138855
0.00956856
0.0104468
0.0148588
0.0144996
0.0169321
0.0234401
0.0211828
0.00518438
0.00518438
0.00697381
0.00962439
0.00533367
0.00860899
0.00787448
0.0118394
0.0134242
0.00465536
0.00465536
0.00465535
0.0123701
0.00592923
0.00727526
0.00810998
0.00450983
0.00419099
0.00419099
0.00480689
0.013126
0.013126
0.013126
0.0270059
0.0187105
0.0246158
0.0228345
0.0117773
0.0152102
0.0199442
0.0110866
0.0166187
0.0162647
0.0232356
0.0246538
0.00529828
0.00529828
0.00771841
0.0069899
0.00402337
0.00826948
0.00367161
0.00367161
0.00367161
0.00785377
0.00403206
0.00348177
0.00454553
0.00576673
0.00483134
0.00479138
0.00658042
0.00697242
0.0133915
0.0133915
0.0167715
0.021403
0.012469
0.0169632
0.0171593
0.0240994
0.0249782
0.0151975
0.0151975
0.0151975
0.0328539
0.0166052
0.0223981
0.030579
0.0276456
0.00325365
0.00325365
0.00534351
0.00603439
0.0028668
0.00479073
0.00491002
0.00723576
0.00714032
0.00549068
0.00549067
0.00788234
0.00762646
0.00410937
0.00853753
0.00373062
0.00373061
0.00373061
0.00760559
0.00392028
0.016271
0.016271
0.0224095
0.0218783
0.0218783
0.0287695
0.0262195
0.0162766
0.0368587
0.0136953
0.0136952
0.0136952
0.0308127
0.0156698
0.0102011
0.0126546
0.0177091
0.0115966
0.0124911
0.0196065
0.0187351
0.00659989
0.00659988
0.00849187
0.00843946
0.00496798
0.0102986
0.00554728
0.00554728
0.00793518
0.0107333
0.00560841
0.0104847
0.0093055
0.0136588
0.0163003
0.00489253
0.00489253
0.00489252
0.0115707
0.00575143
0.00475416
0.00475416
0.0061337
0.0135791
0.0139478
0.00402506
0.00425921
0.0233723
0.0224254
0.00701244
0.00643831
0.00759118
0.0038079
0.00505935
0.00251006
0.00582654
0.0222493
0.00757195
0.00372074
0.007023
0.0146245
0.01223
0.0106285
0.0136242
0.0617358
0.0224466
0.06321
0.00958951
0.00840245
0.00678058
0.00764027
0.000271666
0.000251062
0.000271582
0.000251003
0.00341655
0.00305304
0.00237959
0.00228025
0.00377277
0.00368896
0.00299673
0.00409954
0.00613334
0.00478955
0.00610019
0.0122196
0.00476846
0.0110861
0.00577158
0.0059965
0.00478361
0.00414494
0.00887822
0.00390964
0.00951896
0.0134509
0.00902971
0.00858311
0.0114333
0.00692131
0.00316935
0.00630048
0.00456388
0.00399776
0.00606986
0.0281576
0.0195323
0.0118054
0.0231175
0.00542831
0.0049167
0.00353522
0.00570482
0.0177761
0.00719707
0.0161791
0.00901674
0.0202217
0.0174947
0.00965407
0.0136308
0.0583461
0.038592
0.0495003
0.0301483
0.0519242
0.0199275
0.00890371
0.0196112
0.0207238
0.0185173
0.0141514
0.0236639
0.0213012
0.00849601
0.0125775
0.013822
0.0136681
0.0140692
0.0188603
0.0221876
0.02079
0.0212674
0.00177148
0.00226762
0.00742541
0.00899052
0.0106609
0.00943996
0.00304326
0.00364074
0.00365788
0.00428646
0.00406668
0.0259022
0.0254229
0.0229207
0.0232749
0.00679207
0.00843181
0.00728082
0.00586179
0.00669657
0.00347584
0.00649833
0.0118134
0.0322393
0.0267417
0.0302554
0.0274514
0.0158403
0.00900915
0.00717224
0.00802504
0.0101309
0.00460692
0.00960383
0.00719068
0.0169655
0.0158491
0.0251839
0.0298732
0.0263043
0.0401706
0.0387472
0.0183527
0.0331207
0.0099009
0.00890009
0.00959318
0.013002
0.00540556
0.0115172
0.0072715
0.0141462
0.00456199
0.00479218
0.000396724
0.000377878
0.00033502
0.000345951
0.00020393
0.000233357
0.000292194
0.000176885
0.000397478
0.00037909
0.000335493
0.000346201
0.00020632
0.00023365
0.000292471
0.000176847
0.000391414
0.000371389
0.000312788
0.000340425
0.000222337
0.000195372
0.000539068
0.000392591
0.000372647
0.00031366
0.000340708
0.000222839
0.000195661
0.000542223
0.000394713
0.000371773
0.000312982
0.000338798
0.000195323
0.000538579
0.000396714
0.000372714
0.000313722
0.00034101
0.000195668
0.000542214
0.000396853
0.000377986
0.000335137
0.000346074
0.000203996
0.000233397
0.000292238
0.000176946
0.000397611
0.000379193
0.000335603
0.000346331
0.000206365
0.000233715
0.00029255
0.000176899
0.000225929
0.000243045
0.000298194
0.00050164
0.00048805
0.000442299
0.000205781
0.000436653
0.000223947
0.000442202
0.000205809
0.000436692
0.000225911
0.000298141
0.000501611
0.000488113
0.022515
0.0312713
0.022075
0.0371266
0.0213986
0.0252755
0.0179325
0.0138241
0.0136725
0.00686757
0.00773485
0.00128269
0.00295375
0.00111899
0.000683402
0.000975671
0.000629803
0.000837297
0.000602235
0.000732325
0.000589648
0.000600003
0.000586267
0.000594194
0.000585791
0.000588287
0.000586688
0.000590307
0.000588041
0.000591559
0.000589333
0.000592083
0.000590362
0.000592827
0.000590939
0.000594179
0.000591414
0.000594733
0.000591806
0.000594562
0.000592325
0.000595881
0.000593099
0.000596626
0.000593836
0.000598008
0.000594689
0.00059804
0.000595768
0.000598296
0.00059659
0.000599211
0.00059733
0.000600166
0.000597973
0.000601498
0.000598577
0.000601883
0.000599225
0.000602451
0.000599987
0.000602769
0.000600605
0.000603461
0.000601203
0.000605353
0.000601922
0.000605986
0.000602534
0.000606017
0.000603031
0.000607239
0.000603359
0.000607366
0.00060361
0.000607671
0.000603726
0.000607844
0.000603548
0.000607808
0.000603321
0.0006075
0.000603731
0.000606542
0.000604841
0.000607646
0.000606052
0.000608783
0.000607426
0.000610924
0.000608906
0.000612244
0.000610307
0.00061282
0.000615864
0.000617315
0.0150978
0.0106213
0.0137369
0.018383
0.00626767
0.00831102
0.00378196
0.0212917
0.0289857
0.0258086
0.0261859
0.0254312
0.0638591
0.0144434
0.00872263
0.00553608
0.00757464
0.00801455
0.00705229
0.00678058
0.00764027
0.0162274
0.0230283
0.0216016
0.0229714
0.0381728
0.0910048
0.0541009
0.0406318
0.0973976
0.0663946
0.145756
0.0486053
0.147324
0.0520113
0.000615753
0.000619111
0.000617793
0.000617509
0.000615965
0.00061604
0.0225891
0.0197776
0.0151963
0.0201421
0.0231698
0.0121729
0.0474824
0.00705948
0.00955676
0.00925964
0.00398095
0.0267999
0.00706537
0.0238161
0.0234472
0.0130611
0.0532919
0.0255032
0.0253601
0.00519479
0.00694647
0.00703714
0.0211792
0.0275663
0.0263586
0.0642552
0.0155382
0.0073525
0.00736182
0.00808873
0.00952312
0.0206352
0.00390637
0.00561669
0.0257221
0.0191913
0.0239972
0.0182239
0.00896994
0.00963104
0.021169
0.00464318
0.0104068
0.0157219
0.00710943
0.00807113
0.010942
0.0108432
0.0126542
0.00252744
0.00237959
0.0043255
0.00228025
0.00308331
0.00465113
0.00363022
0.00371062
0.00478361
0.00414494
0.00950413
0.00965407
0.0136308
0.0510938
0.0503001
0.053676
0.0511882
0.0358619
0.0321156
0.0284448
0.0335548
0.060043
0.0622995
0.0582834
0.0566803
0.0315578
0.0346657
0.030769
0.035398
0.00835695
0.0215049
0.00896477
0.0213598
0.0103734
0.0395399
0.0257521
0.0163503
0.00342364
0.00361214
0.00330985
0.00360641
0.0180996
0.0212238
0.0210328
0.0183689
0.00837077
0.034612
0.0200716
0.0103185
0.0146075
0.036991
0.0439989
0.085001
0.0988894
0.0772494
0.0227564
0.0226688
0.0219362
0.0365976
0.0301446
0.0428223
0.0170476
0.0280196
0.0552543
0.0215422
0.0310331
0.013239
0.0337848
0.0130061
0.0218645
0.0190396
0.0188887
0.0277399
0.0198325
0.0154836
0.0142305
0.0171083
0.0163042
0.0140087
0.0118545
0.00916198
0.0118205
0.00962893
0.0179791
0.0145408
0.0148212
0.0161118
0.010228
0.0137491
0.0121155
0.00889161
0.0135231
0.0118873
0.00849081
0.00650383
0.00899183
0.00709451
0.013271
0.00868729
0.00945528
0.00908301
0.00277717
0.0113681
0.00898477
0.00151816
0.0111588
0.00894909
0.00579939
0.00394164
0.006376
0.00449024
0.0066985
0.00356494
0.0037598
0.00143271
0.00111063
0.00805553
0.00529367
0.00115905
0.00811139
0.0055451
0.00321966
0.00200402
0.00367718
0.00228617
0.00284536
0.000743603
0.000757522
0.00107319
0.000965296
0.00428372
0.00172138
0.00101599
0.00460223
0.00208365
0.0017231
0.00134208
0.00192
0.00140467
0.000697941
0.000651041
0.000638934
0.000926459
0.000826385
0.00128146
0.000827555
0.000870436
0.00155071
0.000913444
0.00128394
0.00116818
0.00132512
0.0011866
0.000640122
0.000613252
0.000606973
0.000794354
0.000722491
0.00073939
0.0006348
0.000758478
0.000805841
0.000642849
0.00112765
0.000990294
0.00114121
0.000992734
0.000607084
0.000593305
0.000591111
0.00069819
0.000598181
0.000627729
0.000610119
0.000632446
0.000630505
0.000613635
0.000939142
0.000775026
0.000938679
0.000769181
0.000591111
0.000586872
0.000586536
0.000584639
0.000593288
0.000605546
0.000596209
0.000598638
0.000609073
0.000596719
0.000720403
0.000597863
0.000712175
0.000593258
0.000586432
0.000585727
0.000585689
0.000589918
0.000586975
0.000593584
0.000590461
0.000587255
0.000595292
0.0005924
0.000592185
0.000586783
0.000591177
0.000586773
0.000585899
0.000586629
0.000586382
0.000588155
0.000589294
0.000590124
0.000590316
0.000589362
0.000591847
0.00059175
0.000587143
0.000586849
0.000587075
0.000586897
0.000586947
0.000587965
0.000587679
0.000590105
0.000590292
0.000590348
0.000591182
0.000591943
0.000591947
0.0005928
0.000587416
0.000588019
0.000587401
0.000587981
0.000588337
0.000589304
0.000588997
0.000591754
0.000593032
0.00059147
0.000592419
0.000591627
0.000593133
0.000593999
0.000588537
0.000589321
0.00058846
0.00058917
0.000589617
0.000590241
0.00059008
0.000593268
0.00059369
0.000592755
0.000593277
0.000592602
0.000594199
0.000594717
0.000589724
0.000590236
0.000589539
0.000590049
0.000590511
0.000590766
0.000590683
0.000594125
0.000593989
0.000593409
0.0005936
0.000593885
0.000595014
0.000595136
0.000590533
0.000590742
0.000590344
0.000590607
0.000591019
0.000591152
0.000591082
0.000594363
0.00059467
0.000593801
0.000593888
0.000594404
0.000595331
0.000595344
0.000591002
0.000591084
0.000590865
0.000591028
0.000591512
0.000591673
0.00059146
0.000595042
0.000595869
0.0005942
0.000594392
0.000594215
0.000595676
0.000595871
0.000591439
0.000591644
0.000591367
0.000591561
0.000592072
0.000592236
0.000591908
0.000596218
0.000595533
0.000594766
0.000595747
0.000595502
0.000596285
0.000595769
0.000592061
0.000592272
0.000591929
0.000592085
0.000592675
0.000592943
0.000592648
0.000595906
0.00059707
0.000596176
0.000595617
0.000595397
0.00059619
0.000597282
0.000592704
0.000592997
0.00059246
0.000592769
0.000593393
0.00059373
0.000593467
0.000596657
0.00059639
0.000596868
0.000597172
0.000597638
0.000596851
0.000597166
0.000593423
0.00059378
0.000593179
0.000593618
0.000594146
0.000594586
0.000594268
0.000596766
0.000597935
0.000597582
0.000598116
0.000597648
0.000597576
0.000598019
0.000594189
0.000594668
0.000594021
0.000594546
0.000595013
0.000595527
0.000595351
0.000598289
0.000599445
0.000597692
0.00059842
0.000597875
0.000599333
0.000599794
0.000595094
0.000595592
0.000594952
0.000595468
0.000595915
0.000596276
0.000596237
0.000599712
0.000600194
0.000598912
0.000599336
0.000598822
0.000600119
0.000600459
0.000595981
0.000596345
0.000595832
0.00059628
0.000596603
0.000596917
0.000597001
0.000600568
0.000601105
0.000599653
0.000599876
0.000599821
0.000600754
0.00060104
0.000596691
0.000597048
0.000596638
0.000597079
0.000597203
0.000597538
0.000597688
0.000601477
0.000601272
0.000600085
0.000601006
0.000601287
0.000601307
0.000600901
0.000597353
0.000597672
0.000597393
0.000597728
0.000597811
0.000598208
0.000598318
0.000601677
0.000601984
0.000601283
0.000601764
0.00060172
0.000601179
0.000601546
0.00059797
0.000598336
0.000598026
0.000598387
0.00059845
0.000598866
0.000598926
0.000602175
0.000602428
0.000601121
0.000602425
0.000602131
0.000602797
0.000602372
0.000598585
0.000598949
0.000598639
0.000598957
0.000599161
0.000599664
0.000599686
0.000602709
0.000603846
0.000601862
0.0006024
0.000602342
0.000603542
0.000603845
0.000599245
0.000599714
0.000599236
0.000599693
0.00059997
0.00060037
0.00060036
0.000604081
0.000604493
0.00060276
0.000603188
0.000603204
0.000604053
0.000604431
0.000600016
0.00060045
0.000599977
0.000600399
0.000600639
0.000600983
0.000600957
0.000604767
0.000604405
0.000603475
0.000603838
0.000604352
0.000604719
0.000605153
0.000600732
0.000601079
0.000600652
0.000600988
0.000601221
0.000601655
0.000601688
0.000603872
0.00060447
0.000604006
0.000605022
0.000605721
0.000605514
0.000605268
0.0006013
0.000601647
0.000601201
0.000601649
0.000601882
0.000602279
0.000602368
0.0006047
0.000606769
0.000606089
0.000605707
0.000604961
0.000604632
0.000605671
0.000601857
0.000602364
0.000601886
0.000602391
0.000602425
0.000602787
0.000602912
0.000606078
0.000606587
0.000605992
0.000606336
0.000606281
0.000605757
0.000606294
0.000602547
0.000602938
0.000602569
0.000602963
0.00060292
0.000603268
0.000603316
0.00060584
0.000606103
0.000607342
0.000607591
0.00060733
0.0006056
0.000605888
0.000603043
0.000603277
0.000603071
0.000603289
0.000603314
0.000603478
0.000603562
0.000606136
0.000606348
0.000606673
0.000607589
0.000607604
0.000606868
0.000606323
0.000603327
0.000603555
0.000603334
0.000603579
0.000603502
0.000603588
0.000603725
0.000606414
0.000606569
0.000607619
0.000607741
0.000607831
0.000606394
0.000606517
0.000603607
0.000603724
0.000603632
0.000603738
0.000603596
0.000603526
0.000603612
0.000606581
0.000606477
0.000607759
0.000606926
0.000607776
0.00060649
0.000607107
0.000603717
0.000603626
0.000603725
0.00060364
0.000603459
0.000603257
0.000603319
0.000606345
0.000606109
0.00060782
0.000606024
0.000607553
0.000606077
0.000607383
0.000603563
0.000603359
0.000603581
0.000603382
0.000603257
0.000603444
0.000603495
0.000606165
0.000607754
0.000605938
0.000606064
0.000606221
0.00060745
0.000607726
0.000603358
0.000603563
0.000603377
0.000603567
0.000603679
0.00060449
0.000604514
0.000607904
0.000608666
0.00060723
0.000608075
0.000607318
0.00060701
0.000607835
0.000603803
0.000604574
0.000603802
0.000604579
0.000604819
0.000605665
0.000605709
0.000608989
0.000609883
0.00060846
0.000608612
0.00060853
0.000608166
0.000609882
0.000604902
0.000605776
0.000604903
0.000605809
0.000605997
0.000606979
0.000607041
0.000610309
0.000611327
0.000608847
0.000610505
0.000609635
0.00061032
0.000610427
0.000606114
0.000607044
0.000606151
0.000607103
0.000607346
0.000608376
0.000608484
0.000610748
0.000612675
0.000609986
0.000611896
0.000611059
0.000611703
0.000611837
0.000607419
0.000608431
0.000607488
0.000608549
0.00060877
0.000609769
0.000610002
0.000612285
0.000614068
0.00061143
0.000612517
0.000612519
0.000613133
0.000613905
0.000608837
0.000609856
0.000608985
0.0006101
0.000610036
0.000611601
0.000611887
0.000614243
0.000614867
0.000612821
0.000613893
0.000614871
0.000614052
0.00061531
0.000610143
0.000611784
0.00061042
0.000612051
0.000340507
0.00045229
0.000557657
0.0006288
0.000447751
0.000334513
0.000550104
0.000628127
0.000448505
0.00045528
0.00955071
0.0119305
0.012173
0.0136681
0.0130611
0.0140692
0.0191412
0.041207
0.0165815
0.0449727
0.012173
0.0107149
0.0368403
0.0152663
0.0322616
0.00398095
0.00289713
0.00428646
0.00378196
0.00406668
0.0238628
0.0585833
0.0560836
0.0249986
0.0130611
0.00694869
0.021469
0.0215771
0.0090224
0.0265377
0.0610108
0.025365
0.0627896
0.0158971
0.0155382
0.0215502
0.0184901
0.0231491
0.0169655
0.0144434
0.0158491
0.0237072
0.0506127
0.0595203
0.0184399
0.00646916
0.00702857
0.00456199
0.00479218
0.00351961
0.00381962
0.00369273
0.00411711
0.0174479
0.0206973
0.0180417
0.0196049
0.00630496
0.00623712
0.0064537
0.00594347
0.00548878
0.00573134
0.00537529
0.00572023
0.0285532
0.023182
0.0237666
0.0260464
0.0218904
0.0225943
0.0201761
0.0243308
0.00518437
0.0110317
0.0069738
0.0122776
0.00860898
0.00787447
0.0413832
0.0464102
0.047127
0.0408901
0.0574641
0.0552401
0.0529054
0.0546346
0.0481044
0.0413258
0.0409226
0.0490022
0.0241124
0.028383
0.0239983
0.0261029
0.0264099
0.0326213
0.0323966
0.0271366
0.0219897
0.0227477
0.0238336
0.0232657
0.0264747
0.0133915
0.0167715
0.0260458
0.0169632
0.0171593
0.0511742
0.0424246
0.0501334
0.0433793
0.0644446
0.0653568
0.0622641
0.0599674
0.0473449
0.0552107
0.0529636
0.0451646
0.022542
0.0229017
0.0272002
0.025933
0.0367359
0.0280317
0.0299748
0.0358695
0.0209096
0.0219126
0.0226392
0.024979
0.00831439
0.00846586
0.00475416
0.00305152
0.0017729
0.00307108
0.00176189
0.0166905
0.0190427
0.00841982
0.00622371
0.00891789
0.00765315
0.0128269
0.0168038
0.0174113
0.0194382
0.017611
0.0146185
0.0195573
0.0122749
0.0182894
0.0171914
0.0219683
0.0211385
0.028997
0.0362679
0.0256392
0.0207506
0.0182339
0.00950889
0.0137496
0.0208807
0.0268358
0.0207105
0.0347937
0.014357
0.0385357
0.0316031
0.0456163
0.0838614
0.0796152
0.0166121
0.0674988
0.0380043
0.0254594
0.0427739
0.0366296
0.0203584
0.0790914
0.0873604
0.0871022
0.0775448
0.0625321
0.0432514
0.0317494
0.0411944
0.0639503
0.12598
0.101227
0.025038
0.0716145
0.0433247
0.131435
0.102057
0.0710635
0.0741269
0.0515163
0.0309329
0.00047166
0.000466297
0.000506529
0.000491601
0.000559095
0.000628667
0.000631087
0.000298195
0.000253315
0.000669353
0.000337123
0.000451106
0.000454817
0.000670809
0.000534038
0.000208479
0.000233758
0.000572025
0.000477789
0.000550029
0.000629936
0.00064131
0.000224021
0.000659935
0.00033371
0.000548587
0.000628604
0.00066051
0.000334805
0.000658198
0.000641302
0.000491504
0.000548405
0.000628345
0.000333415
0.000660527
0.000242996
0.000178666
0.000506511
0.000170924
0.000340697
0.00055925
0.000628891
0.000298141
0.000669611
0.000557797
0.000629024
0.000337268
0.000671063
0.000208504
0.024286
0.02475
0.0140845
0.00914193
0.0174335
0.0108771
0.0163417
0.00956855
0.0104468
0.0071586
0.00767215
0.00419098
0.0117773
0.0242457
0.0152102
0.0247993
0.0166187
0.0162647
0.00348177
0.00636266
0.00454553
0.00661454
0.00483133
0.00479137
0.00867873
0.00325364
0.00534351
0.00770082
0.00479073
0.00491001
0.0295335
0.0285227
0.016271
0.0220787
0.0102011
0.0126546
0.0204153
0.0115966
0.0124911
0.0109505
0.00554728
0.00793517
0.0130808
0.0104847
0.00930549
0.00811981
0.0106307
0.00349422
0.00252712
0.00523332
0.00457004
0.00410015
0.0156462
0.00872993
0.0172642
0.00561075
0.00284496
0.00554554
0.00275779
0.0050176
0.0050662
0.00263161
0.0189918
0.0246674
0.0294494
0.0231552
0.0171105
0.0177296
0.00832895
0.0158747
0.0122111
0.0184396
0.0189543
0.0221598
0.0159046
0.0213074
0.0316085
0.0338458
0.0456353
0.0380954
0.0370756
0.0112303
0.0168276
0.0185527
0.0206407
0.0140499
0.0192215
0.0195881
0.0227081
0.0142284
0.0100599
0.010554
0.0088954
0.0130269
0.0158537
0.0169407
0.00948745
0.0138993
0.0107482
0.0122248
0.00850439
0.00749266
0.00819659
0.00598838
0.00777952
0.0124322
0.0124215
0.00437685
0.00645335
0.00379665
0.00457592
0.00702012
0.00575219
0.00662551
0.00275803
0.00390978
0.00753182
0.00607556
0.00238602
0.00371289
0.00116621
0.00122979
0.00519581
0.00381847
0.00469715
0.0011347
0.0010127
0.00286501
0.0021426
0.000500082
0.000669865
0.00102349
0.00109073
0.00307777
0.00206788
0.0025515
0.00036504
0.000526642
0.00060667
0.000664221
0.000428663
0.000571133
0.000896518
0.000943133
0.0013575
0.00108503
0.00115543
0.000330297
0.000465144
0.000562674
0.00062058
0.000366822
0.00049621
0.000775978
0.000813062
0.000855998
0.000838033
0.000747392
0.000309938
0.000435246
0.000540677
0.000597167
0.000315546
0.000426541
0.000675919
0.00070898
0.000538155
0.000619748
0.000505317
0.000298882
0.000413754
0.000530603
0.000588028
0.000300034
0.000422305
0.000553078
0.000591303
0.000438323
0.000451865
0.000430052
0.000299114
0.000409611
0.000527933
0.000585853
0.000297735
0.00040738
0.000530182
0.000589823
0.000415068
0.000416627
0.000413565
0.000303537
0.000412577
0.000527541
0.000585917
0.000301592
0.000410987
0.000521854
0.000589085
0.000413001
0.000414444
0.000413576
0.00030778
0.000416164
0.000528624
0.000586988
0.000305655
0.000415306
0.000523043
0.000589473
0.00041469
0.000416367
0.000415227
0.00031054
0.000418476
0.000530213
0.00058837
0.000308054
0.000417557
0.000524045
0.000591771
0.000416247
0.000418583
0.000416735
0.000312076
0.000419631
0.00053162
0.000589589
0.000309462
0.000418863
0.000525103
0.000592198
0.000417971
0.000420619
0.000418384
0.000312966
0.000420837
0.000532607
0.000590434
0.000310474
0.00041987
0.000525877
0.000593642
0.000419068
0.000422076
0.000419193
0.000313747
0.00042208
0.000533104
0.000590873
0.000311337
0.000420985
0.000526629
0.000595004
0.000419838
0.000423053
0.000420046
0.000314737
0.000423086
0.000533452
0.000591304
0.000312192
0.000422027
0.000527212
0.000595588
0.000421215
0.000423625
0.000421368
0.000315642
0.000423494
0.000534096
0.000591654
0.000312869
0.000422651
0.000527727
0.000595302
0.000422125
0.000424269
0.000422132
0.000316516
0.00042416
0.000534883
0.000592242
0.000313443
0.000423197
0.000527991
0.000595856
0.000422926
0.000424828
0.000422917
0.000317384
0.000424702
0.000535629
0.000593086
0.000314395
0.000423995
0.000528827
0.000597386
0.000423631
0.000425658
0.00042365
0.000318303
0.000425503
0.000536407
0.000593837
0.000315415
0.000424878
0.000529489
0.000598026
0.000424436
0.000426678
0.000424546
0.000319379
0.000426145
0.000537298
0.000594794
0.000316345
0.00042576
0.000530532
0.000599067
0.000425488
0.000427754
0.000425632
0.000320544
0.00042738
0.000538138
0.000595841
0.00031736
0.000426656
0.000531685
0.000598375
0.000426635
0.000428728
0.000426705
0.000321412
0.000428816
0.000538847
0.000596619
0.000318429
0.000427707
0.000532691
0.000599327
0.000427272
0.000429334
0.000427332
0.000322244
0.000429822
0.000539522
0.000597358
0.000319589
0.00042881
0.000533798
0.000600161
0.000427849
0.000430073
0.000427973
0.000323068
0.000430631
0.000540174
0.000598009
0.000320642
0.000429748
0.000534357
0.000602389
0.000428618
0.000430789
0.000428792
0.000323703
0.000431285
0.000540888
0.000598611
0.000321294
0.000430239
0.000534833
0.000602732
0.000429469
0.000431589
0.000429595
0.000324353
0.000431977
0.000541629
0.000599303
0.000321886
0.00043079
0.000535396
0.000603523
0.000430262
0.000432389
0.000430353
0.000325606
0.000432598
0.000542465
0.000600045
0.000322873
0.000431598
0.000536362
0.000602851
0.000431035
0.0004334
0.00043109
0.000326559
0.00043334
0.000543113
0.000600653
0.000323811
0.000432425
0.000537061
0.000603466
0.000431756
0.00043413
0.000431786
0.000327376
0.000434092
0.000543731
0.000601312
0.000324544
0.000433029
0.000537223
0.000605348
0.000432512
0.000434815
0.000432624
0.00032828
0.000435092
0.000544347
0.000602048
0.000325462
0.000433971
0.00053805
0.000606234
0.000433381
0.000435399
0.000433464
0.000329042
0.000435431
0.000544883
0.000602649
0.000326308
0.000434767
0.000539059
0.000607029
0.000433817
0.000436154
0.000433952
0.000329683
0.000435983
0.000545439
0.000603156
0.000326921
0.000435224
0.000539366
0.000607238
0.000434384
0.00043675
0.000434551
0.000330036
0.000436539
0.000545839
0.000603435
0.000327109
0.000435451
0.000539472
0.000607442
0.000434727
0.000436937
0.000434807
0.000330326
0.000436733
0.000546086
0.000603676
0.000327372
0.000435736
0.000539732
0.000607756
0.000434941
0.000437162
0.000435044
0.000330467
0.000436761
0.000546208
0.000603714
0.000327575
0.000435929
0.000539931
0.000607842
0.000435034
0.000437334
0.000435066
0.000330283
0.00043664
0.000546025
0.000603461
0.00032748
0.000435753
0.000539868
0.000606837
0.000434734
0.000437083
0.000434708
0.000330047
0.000436601
0.000545773
0.000603313
0.000327197
0.000435555
0.000539526
0.000607571
0.000434477
0.000436992
0.000434583
0.000330588
0.000437187
0.000546163
0.000603951
0.000327655
0.000435968
0.000540297
0.000606766
0.000435016
0.000437655
0.000435359
0.000331994
0.000438411
0.00054739
0.000605104
0.000329039
0.000437156
0.000541527
0.00060793
0.000436392
0.000438919
0.000436803
0.000333425
0.000439519
0.000548659
0.000606353
0.0003306
0.000438547
0.000542831
0.000609925
0.000437723
0.000440161
0.000438082
0.000335087
0.000440909
0.000550192
0.000607755
0.000332249
0.000439756
0.000544219
0.000611261
0.000439189
0.000441498
0.000439793
0.000337163
0.000443172
0.000552282
0.000609262
0.000334024
0.000441233
0.00054573
0.000613471
0.000441878
0.000444061
0.000442814
0.000339835
0.000446341
0.000553432
0.000610462
0.000335688
0.000442622
0.000546276
0.000612845
0.000446131
0.000448712
0.000447058
0.0189459
0.0216089
0.020262
0.0211143
0.0212137
0.0231017
0.0118202
0.0178343
0.0183327
0.0230714
0.0207814
0.00976567
0.0134219
0.0134163
0.0221785
0.0189321
0.0101617
0.012059
0.0125145
0.0311063
0.0346116
0.0148645
0.0324111
0.0272768
0.012872
0.0289661
0.0321587
0.00806144
0.0224729
0.0143393
0.016503
0.0228416
0.0191204
0.0307246
0.0221124
0.0111137
0.0544832
0.0436421
0.0356865
0.0316499
0.0240361
0.0164488
0.0108691
0.0129804
0.017321
0.0283479
0.0203802
0.00735867
0.0154656
0.012481
0.0351851
0.0214896
0.0224265
0.0153848
0.0120545
0.0072894
0.0160701
0.0180542
0.0154791
0.0168366
0.0198931
0.020986
0.00956221
0.0141958
0.01504
0.0200117
0.0171193
0.00993288
0.0127861
0.0123808
0.0197792
0.0166292
0.00903342
0.010449
0.0107322
0.0255568
0.0252607
0.010952
0.0227932
0.0191285
0.00770421
0.013649
0.0150191
0.00707073
0.0145946
0.0125802
0.00967303
0.0120865
0.0105978
0.0200633
0.0127601
0.00628653
0.016433
0.0149016
0.0111596
0.0143906
0.0121188
0.0065993
0.00595854
0.00699531
0.00638243
0.0109619
0.0107706
0.00432734
0.00991966
0.00785986
0.0108713
0.0109747
0.0063227
0.010276
0.00905765
0.00526657
0.0119828
0.011937
0.00754767
0.00965135
0.0160596
0.0168821
0.00681581
0.00938255
0.0106
0.0157233
0.0126593
0.008657
0.0111508
0.0107029
0.0158953
0.0133544
0.00741765
0.0089707
0.00930913
0.0161182
0.0133157
0.00504427
0.011299
0.00988714
0.00682966
0.0121652
0.0132965
0.00610099
0.0126974
0.0107921
0.00536864
0.0062845
0.00509435
0.0105366
0.00585982
0.00232697
0.0116908
0.0130622
0.00637407
0.0124575
0.0102853
0.00563957
0.00329329
0.00376954
0.00387207
0.00717009
0.00782239
0.00279137
0.00715335
0.00531921
0.00848863
0.00837144
0.00494315
0.00771039
0.00688082
0.00410851
0.00647123
0.00574037
0.00447524
0.00515193
0.011376
0.0118858
0.00337952
0.00457466
0.0053152
0.0103624
0.00680086
0.00696201
0.00918802
0.00859027
0.0110213
0.00890698
0.00516488
0.0067249
0.00738348
0.00884477
0.00727428
0.00309818
0.00497071
0.00498375
0.0057578
0.0101497
0.0106538
0.00450255
0.00978805
0.00793804
0.0014219
0.00182274
0.00155592
0.00257318
0.00124686
0.00074258
0.00966873
0.0104905
0.00531367
0.00968441
0.00784509
0.00435487
0.00179023
0.00207311
0.00245376
0.00470418
0.00519595
0.00158831
0.00444536
0.00310241
0.00622037
0.00579099
0.00372535
0.00499348
0.00454721
0.00282351
0.00339528
0.002673
0.000797809
0.00149561
0.00530091
0.00529531
0.00174882
0.00177355
0.00269533
0.00434369
0.00323995
0.00432265
0.00624451
0.00496996
0.00464336
0.00367449
0.00225254
0.00324496
0.00407253
0.00278214
0.00119241
0.000521122
0.0011432
0.000939135
0.00395964
0.00703711
0.00719237
0.00236773
0.00622917
0.00442733
0.0006856
0.0010467
0.00100269
0.0011896
0.00106208
0.000617987
0.00716752
0.00732665
0.00400117
0.00643641
0.00501198
0.0028558
0.00105245
0.001144
0.00130369
0.00253638
0.0028162
0.000847009
0.0023062
0.00160468
0.00374463
0.00325248
0.00234555
0.00263875
0.00235393
0.00150687
0.000662087
0.000640748
0.000593912
0.000616095
0.00239437
0.00189158
0.000381116
0.000550575
0.000575136
0.00104414
0.000671245
0.00179188
0.00249251
0.00162581
0.0012387
0.000691459
0.000435861
0.000786803
0.00108888
0.000906639
0.00103924
0.000447077
0.000998421
0.000812242
0.00179607
0.00346869
0.00330938
0.000624063
0.00241769
0.00125873
0.000592986
0.000869541
0.000856771
0.00104739
0.000933905
0.000544185
0.00423447
0.00367812
0.00244554
0.00281253
0.00209664
0.00129056
0.000879088
0.000901621
0.00076227
0.00141414
0.00155044
0.000652525
0.00142157
0.00116339
0.00194145
0.00169449
0.00122828
0.00151405
0.00133079
0.000794377
0.000511664
0.000550002
0.000510884
0.000528793
0.000642008
0.000679143
0.000337674
0.000480196
0.000491983
0.000664528
0.000597899
0.00034952
0.00050586
0.0004803
0.000651292
0.000569696
0.000327828
0.000471041
0.000498464
0.000778951
0.000892502
0.000380299
0.000856701
0.000690755
0.000502204
0.000987635
0.00106943
0.000357055
0.00093605
0.000676822
0.00052174
0.000774149
0.00075695
0.000903706
0.000806857
0.000470797
0.00159107
0.00121329
0.00100005
0.00103471
0.000890465
0.000556886
0.000793399
0.000815411
0.000634389
0.00112392
0.00124272
0.000589142
0.0012044
0.00103468
0.00123316
0.00127321
0.000720038
0.00122708
0.00108359
0.00061805
0.000456326
0.000479378
0.000439783
0.000456848
0.000586702
0.000629676
0.000314567
0.000441892
0.000446879
0.000621359
0.000559733
0.000324155
0.000451521
0.000444415
0.000613938
0.000544363
0.000313313
0.000436748
0.000441438
0.00066552
0.000768715
0.000325747
0.000743788
0.00061158
0.000336612
0.00061905
0.000679105
0.000321462
0.000648932
0.000566971
0.000451331
0.000675307
0.000652521
0.000785457
0.000701503
0.000404504
0.000791007
0.00071947
0.00049258
0.000668655
0.000587711
0.000354645
0.000686344
0.00071457
0.000571509
0.00100134
0.00108523
0.000507965
0.00103856
0.000885244
0.00103779
0.00109515
0.000588539
0.00104415
0.000890063
0.00049514
0.000429327
0.000418888
0.000425632
0.000421863
0.000552895
0.00060109
0.000300324
0.000417512
0.000422535
0.000597037
0.000537812
0.000311143
0.000428173
0.000423848
0.000594186
0.000531645
0.000305766
0.000420869
0.00042353
0.000587342
0.000672821
0.000295539
0.000632207
0.00051533
0.000318666
0.000559843
0.000621889
0.000311138
0.000615713
0.000540572
0.00038929
0.000570512
0.000548786
0.000680269
0.000602608
0.000351501
0.000570105
0.00062289
0.000339984
0.00061856
0.000553492
0.000327665
0.000563373
0.000595223
0.000483631
0.000841488
0.00088606
0.000407732
0.000830828
0.000703455
0.000837725
0.000883824
0.000462313
0.000826675
0.000681857
0.000370397
0.000411111
0.000415443
0.000408005
0.000410909
0.000535356
0.000589041
0.000298306
0.000409368
0.000409996
0.000587994
0.000530658
0.000305587
0.000416562
0.000415503
0.000587404
0.000528148
0.000305601
0.00041547
0.000415899
0.000517938
0.000589871
0.000297785
0.000596668
0.000522582
0.000309784
0.000536161
0.00060158
0.00030674
0.000598476
0.000527387
0.000331996
0.000484654
0.000464162
0.000597996
0.000533592
0.000301547
0.000548769
0.000604103
0.000321311
0.000600192
0.000533401
0.000305196
0.000445255
0.00047703
0.00038371
0.00065865
0.000668841
0.000329557
0.000627086
0.00055086
0.000632402
0.000657727
0.000343028
0.000613104
0.000534972
0.00030902
0.000410108
0.000407359
0.000409556
0.000408444
0.000530143
0.000585903
0.000302413
0.000411759
0.000410782
0.000585834
0.000528625
0.000305976
0.000414595
0.000414953
0.000585787
0.000527439
0.000306939
0.000415193
0.000414598
0.000520776
0.000586935
0.000299907
0.000586865
0.00051901
0.000306205
0.000525788
0.000592548
0.000305754
0.000591668
0.000523583
0.000300427
0.000414554
0.000411411
0.000589131
0.000521237
0.000299137
0.000530491
0.000593489
0.00030345
0.000592266
0.000525623
0.000302749
0.000413026
0.000413234
0.000318892
0.000537441
0.000589359
0.000303973
0.000588465
0.000530637
0.000532368
0.000588592
0.000307128
0.000587949
0.000528618
0.000306462
0.00041368
0.00041227
0.000414465
0.000413452
0.00052867
0.000586067
0.000307014
0.000415481
0.000414481
0.000586356
0.000528696
0.000307313
0.000415675
0.000416377
0.000586144
0.000528321
0.000308721
0.000416781
0.000416043
0.00052023
0.000587227
0.000304613
0.000589295
0.000521611
0.000305716
0.000523218
0.00059016
0.000306767
0.000590108
0.000523595
0.000301008
0.000411989
0.000412867
0.000589266
0.000522296
0.000304417
0.000524982
0.000591688
0.000302847
0.000591596
0.000524219
0.000304743
0.000416979
0.00041619
0.000305031
0.000530476
0.0005865
0.000307228
0.000587084
0.000529696
0.000528929
0.000586577
0.000307058
0.000587083
0.000528873
0.000308371
0.000416982
0.000416027
0.000417141
0.000416623
0.00052905
0.000587252
0.000310061
0.000418147
0.000417533
0.0005876
0.000529955
0.00030913
0.000417506
0.000418159
0.000587337
0.000529816
0.000310587
0.00041807
0.000417474
0.000522451
0.000591136
0.000307439
0.000590979
0.000523583
0.000307008
0.0005237
0.000591472
0.000308109
0.000591687
0.000524752
0.000305601
0.0004155
0.000416091
0.000590981
0.000523564
0.000307201
0.000524334
0.000591348
0.000305108
0.000591598
0.000524748
0.000307039
0.000419191
0.000418742
0.000308022
0.000530256
0.000587376
0.000309305
0.000587914
0.000530916
0.000529365
0.000587385
0.000308956
0.000587873
0.000529995
0.000310327
0.000418823
0.00041793
0.000418563
0.000418259
0.000530406
0.000588684
0.000311851
0.000419342
0.000419059
0.000589023
0.000531475
0.000310986
0.000419204
0.000419768
0.00058871
0.000531313
0.000312308
0.000419501
0.000418951
0.000524115
0.000591806
0.000309106
0.000592112
0.000524729
0.000308495
0.000525049
0.000592663
0.000309734
0.000592966
0.000526015
0.000307933
0.000417702
0.000418175
0.000592322
0.000524782
0.000309113
0.000525111
0.000592578
0.000307454
0.000592881
0.000526129
0.000308797
0.000420582
0.00042027
0.000309927
0.000531429
0.000588691
0.000311228
0.00058916
0.000532159
0.000530473
0.000588605
0.000310881
0.000589032
0.000531196
0.000312104
0.000419917
0.000419095
0.00041956
0.000419372
0.00053193
0.000589822
0.00031283
0.000420489
0.000420216
0.000590115
0.000532827
0.000312623
0.000420441
0.000420913
0.000589909
0.000532354
0.000313532
0.000420642
0.000420265
0.000525071
0.00059331
0.000310191
0.000593607
0.000525541
0.000310129
0.000526246
0.000592953
0.000311008
0.000593184
0.000526729
0.000309523
0.000419025
0.000419361
0.000592543
0.000525599
0.000310285
0.000526476
0.000594363
0.000308996
0.000594605
0.000527063
0.000309661
0.000421697
0.000421403
0.000311786
0.000532477
0.000589835
0.000312815
0.000590173
0.000532913
0.000531593
0.000589645
0.000312503
0.000589972
0.0005322
0.000313346
0.00042111
0.000420087
0.000420626
0.000420447
0.000533164
0.000590545
0.000313544
0.000421683
0.000421477
0.000590802
0.000533444
0.000313755
0.000421473
0.000421768
0.000590696
0.000532915
0.000314287
0.000420785
0.000420649
0.00052584
0.000593438
0.000311087
0.000592982
0.000526394
0.00031118
0.000526862
0.000594265
0.000311539
0.000594489
0.000527034
0.000310549
0.000419767
0.000420076
0.000594829
0.000526321
0.000311131
0.00052729
0.000594153
0.000309783
0.000594336
0.00052728
0.000310419
0.000422305
0.000422139
0.000313168
0.000533133
0.000590525
0.000313713
0.000590797
0.000533307
0.000532515
0.000590366
0.000313647
0.000590632
0.000532848
0.000314198
0.000422239
0.000421102
0.000421597
0.000421511
0.000533677
0.000590936
0.000314424
0.000422733
0.000422635
0.000591233
0.000533713
0.000314441
0.000422073
0.000422249
0.000591164
0.000533177
0.000314839
0.000421094
0.000420803
0.000526702
0.000593521
0.000311873
0.000593853
0.00052701
0.000311629
0.000527169
0.000594546
0.000311919
0.000594817
0.000527335
0.000311389
0.00042047
0.000420733
0.000595346
0.000526933
0.000311915
0.000527408
0.000594345
0.000310578
0.000594561
0.000527351
0.000311235
0.000422943
0.000422724
0.00031395
0.000533481
0.000590889
0.000314445
0.000591179
0.000533556
0.000533121
0.000590804
0.000314402
0.000591092
0.000533341
0.000314696
0.000423059
0.000422056
0.000422344
0.000422417
0.000534024
0.000591421
0.000315304
0.000423159
0.000423301
0.000591799
0.000533973
0.000315122
0.000422602
0.000422706
0.000591625
0.000533708
0.000315505
0.000421851
0.00042163
0.000527319
0.000594051
0.000312593
0.000595204
0.000527443
0.000312086
0.000527664
0.000594953
0.00031237
0.000595336
0.000528062
0.00031219
0.00042125
0.000421442
0.000595089
0.000527453
0.000312579
0.000527573
0.00059474
0.000311583
0.000595079
0.000527589
0.000312377
0.000423811
0.000423663
0.000314797
0.000533809
0.000591348
0.000315371
0.000591742
0.000533975
0.000533727
0.000591299
0.000314911
0.000591656
0.000534032
0.000315321
0.000423392
0.000422574
0.000422861
0.000422891
0.000534232
0.000591936
0.000316148
0.000423748
0.000423847
0.000592363
0.000534211
0.000315791
0.000422998
0.000423028
0.000592035
0.000534459
0.000316123
0.000422357
0.000422182
0.000527793
0.000595224
0.000313158
0.00059565
0.00052823
0.00031256
0.000528474
0.00059549
0.00031307
0.000595846
0.000528648
0.000312833
0.00042177
0.000421908
0.000595596
0.000527697
0.000313096
0.000527911
0.000595355
0.000312705
0.000595845
0.000528293
0.000313255
0.000424313
0.000424227
0.000315686
0.000534291
0.000591945
0.000316114
0.000592371
0.000534457
0.000534448
0.000591816
0.000315594
0.000592185
0.000534698
0.000315978
0.00042399
0.000423211
0.000423622
0.000423558
0.000534539
0.000592566
0.000317005
0.000424252
0.000424383
0.000593015
0.000534744
0.000316482
0.000423517
0.000423643
0.000592688
0.000535206
0.00031702
0.000423273
0.00042302
0.00052862
0.000595806
0.000313969
0.00059615
0.000528882
0.000313374
0.000529072
0.0005961
0.000313799
0.000596594
0.00052951
0.000313411
0.000422471
0.000422687
0.000596331
0.000528516
0.000313891
0.000528687
0.000596072
0.000313614
0.000596425
0.000528918
0.000314109
0.000425265
0.000425087
0.000316494
0.000534751
0.000592617
0.000317068
0.000593049
0.000535017
0.000535129
0.000592393
0.000316284
0.000592792
0.000535445
0.000316823
0.000424669
0.000424083
0.000424531
0.000424452
0.000535154
0.000593344
0.000317954
0.000425103
0.000425121
0.000593768
0.000535546
0.000317422
0.000424453
0.0004247
0.000593496
0.000536012
0.000318016
0.000424229
0.000424055
0.000529377
0.000595901
0.000315074
0.000596378
0.000529901
0.000314161
0.000529803
0.000597672
0.000314769
0.000597136
0.000530109
0.000314208
0.000423296
0.00042352
0.000597684
0.000529142
0.000314807
0.000529452
0.000595952
0.000314489
0.000597267
0.000529862
0.000314988
0.000426262
0.000426081
0.000317466
0.000535353
0.000593376
0.000318088
0.000593794
0.000535866
0.000535853
0.000593173
0.000317223
0.000593583
0.000536277
0.000317851
0.000425468
0.000424965
0.000425421
0.000425312
0.000535873
0.000594144
0.000318989
0.000425787
0.000425812
0.000594561
0.000536314
0.000318363
0.000425393
0.000425661
0.000594216
0.000536909
0.000319057
0.000425174
0.000424907
0.000530286
0.000596768
0.000316029
0.00059705
0.000530696
0.000315224
0.000530443
0.000597546
0.00031618
0.000598925
0.000530905
0.000315167
0.000423895
0.000424136
0.000598471
0.000530163
0.000316015
0.000530267
0.000597646
0.000315334
0.000597136
0.000530758
0.00031611
0.000427316
0.000427099
0.00031847
0.000536265
0.000594202
0.00031924
0.000594621
0.000536955
0.000536713
0.000594071
0.000318198
0.000594478
0.000537337
0.000318831
0.000426184
0.000425876
0.000426323
0.000426196
0.000536686
0.000595063
0.000320189
0.000426811
0.000426641
0.000595482
0.000537461
0.000319467
0.000426357
0.00042674
0.000595236
0.000537802
0.000320302
0.00042645
0.000426095
0.000531099
0.000597417
0.00031703
0.000598595
0.000531417
0.000316709
0.000531361
0.000598694
0.000317645
0.000599166
0.000532024
0.000316384
0.000424654
0.00042504
0.000598586
0.000531302
0.00031721
0.000531085
0.000598459
0.000316545
0.00059887
0.000531668
0.000317435
0.000428253
0.000428072
0.000319639
0.000537373
0.000595141
0.000320372
0.000595554
0.000537993
0.000537775
0.000595019
0.000319194
0.000595406
0.000538257
0.000319986
0.000427575
0.000426811
0.000427337
0.000427165
0.000537908
0.00059593
0.00032113
0.000428297
0.000428136
0.000596285
0.000538603
0.000320671
0.000427709
0.000428163
0.000596208
0.000538532
0.000321311
0.000427669
0.000427372
0.000531693
0.000599762
0.00031806
0.00060012
0.000532172
0.000318036
0.000532387
0.000598961
0.000318665
0.000599329
0.000532754
0.000317542
0.000425819
0.000426293
0.000598736
0.000532307
0.000318236
0.000532032
0.000600128
0.000317806
0.000600466
0.000532434
0.000318456
0.000429163
0.000428946
0.000320717
0.000538352
0.000595981
0.00032135
0.000596343
0.000538752
0.000538601
0.000595878
0.000320355
0.000596231
0.000538915
0.000321082
0.000428945
0.000427896
0.000428451
0.000428262
0.000538956
0.000596591
0.000321932
0.000429461
0.000429386
0.0005969
0.000539414
0.000321612
0.000429048
0.000429413
0.000596972
0.000539236
0.000322225
0.000428543
0.000428344
0.000532535
0.000600643
0.000319228
0.000601021
0.000533099
0.000318951
0.000532999
0.000599633
0.000319369
0.000599897
0.000533335
0.000318567
0.000427178
0.000427628
0.000599719
0.00053344
0.000319284
0.000532734
0.000600751
0.000318747
0.000601031
0.000532971
0.000319233
0.000430168
0.000429961
0.000321703
0.000539066
0.000596692
0.000322333
0.000597028
0.000539453
0.000539239
0.000596686
0.000321413
0.000597041
0.000539677
0.000322003
0.000429903
0.000428985
0.000429473
0.000429322
0.000539668
0.000597227
0.000322764
0.000430324
0.000430234
0.000597494
0.000540134
0.000322506
0.000430036
0.000430292
0.000597659
0.000539898
0.00032307
0.000429125
0.000428892
0.000533457
0.000601633
0.000320344
0.000601106
0.000534143
0.000319607
0.000533525
0.000599981
0.000320025
0.000601056
0.000533664
0.000319621
0.000428321
0.00042867
0.000601327
0.000534139
0.00032028
0.000533191
0.00060139
0.00031946
0.000600782
0.000533644
0.000319908
0.000430883
0.000430617
0.000322632
0.000539737
0.000597359
0.000323142
0.000597643
0.000540091
0.000539953
0.000597406
0.000322312
0.000597697
0.000540227
0.000322914
0.000430738
0.000429867
0.000430108
0.000430051
0.000540413
0.000597873
0.00032352
0.000431073
0.000430977
0.000598144
0.000540922
0.000323326
0.000430757
0.00043101
0.000598285
0.000540645
0.000323869
0.000429894
0.000429587
0.000534486
0.00060089
0.000321129
0.000601125
0.000534733
0.000320313
0.000533914
0.000601327
0.000320911
0.000601635
0.000534481
0.000320583
0.000429233
0.000429541
0.000602635
0.00053468
0.000320926
0.000533925
0.000601248
0.000320156
0.000601519
0.000534447
0.000320668
0.000431679
0.0004314
0.000323411
0.000540386
0.000598016
0.000323964
0.000598289
0.000540775
0.000540421
0.000598066
0.000323247
0.000598353
0.000540671
0.000323864
0.00043138
0.00043029
0.000430544
0.000430448
0.000541199
0.000598513
0.000324072
0.000431722
0.000431602
0.000598767
0.000541687
0.000324086
0.000431446
0.000431674
0.000598876
0.000541337
0.000324631
0.000430752
0.000430414
0.000534864
0.000601318
0.000321623
0.000601518
0.000535055
0.000321223
0.0005348
0.00060202
0.000321858
0.000603216
0.00053518
0.000321048
0.000429748
0.000429943
0.000602959
0.000535162
0.000321348
0.000534711
0.00060202
0.000320889
0.000601435
0.000535363
0.000321426
0.000432303
0.000432095
0.000324205
0.000541003
0.000598622
0.000324725
0.000598879
0.000541363
0.000540831
0.000598657
0.000324108
0.000598909
0.000541172
0.000324615
0.000432056
0.000430943
0.000431361
0.000431212
0.000541973
0.000599272
0.000325225
0.000432336
0.000432303
0.000599579
0.000542314
0.000324908
0.000432218
0.000432507
0.000599615
0.000542172
0.000325569
0.000431568
0.000431234
0.000535337
0.000601844
0.000322564
0.000602988
0.000535822
0.000322165
0.000535534
0.000602857
0.000322819
0.000603168
0.000536046
0.000321718
0.000430318
0.000430623
0.000603021
0.000536035
0.000322664
0.000535558
0.000602657
0.000321686
0.000602922
0.00053593
0.000322339
0.000433197
0.000432941
0.000325011
0.000541644
0.000599323
0.000325673
0.000599632
0.00054213
0.000541437
0.000599311
0.000324906
0.000599605
0.000542019
0.000325604
0.000432656
0.000431775
0.000432197
0.000432023
0.00054252
0.000600034
0.000326294
0.000433052
0.000432961
0.000600323
0.000542759
0.000325859
0.000433103
0.000433361
0.000600321
0.00054287
0.000326438
0.000432364
0.000432082
0.000536123
0.000604131
0.00032352
0.000604434
0.000536559
0.000323111
0.00053634
0.000602837
0.000323681
0.000603124
0.000536847
0.000323042
0.000431384
0.000431692
0.000603165
0.000536834
0.000323661
0.00053615
0.000604092
0.00032265
0.000604374
0.000536535
0.000323272
0.000434029
0.000433779
0.00032598
0.000542386
0.000600082
0.000326576
0.000600375
0.000542788
0.000542333
0.000600053
0.000325914
0.000600322
0.000542912
0.000326533
0.000433394
0.000432543
0.000432822
0.000432728
0.000542955
0.000600682
0.000327087
0.000433746
0.000433645
0.000600933
0.000543358
0.000326704
0.000433845
0.000434067
0.000600886
0.0005435
0.000327178
0.000433136
0.000432856
0.000536809
0.000604824
0.000324279
0.000605158
0.000537302
0.000323945
0.000537151
0.000603524
0.000324454
0.000603802
0.000537666
0.000323927
0.000432201
0.000432458
0.000603581
0.000537147
0.000324287
0.000536786
0.00060478
0.000323594
0.000605071
0.000537165
0.000324228
0.00043472
0.000434525
0.000326843
0.000543032
0.000600783
0.000327323
0.000601037
0.000543407
0.000543202
0.000600713
0.000326802
0.000600936
0.000543601
0.00032726
0.000434302
0.000433208
0.000433714
0.000433478
0.000543618
0.000601297
0.000328028
0.000434885
0.000434717
0.000601545
0.000544182
0.00032745
0.000434478
0.000434725
0.000601567
0.000544158
0.000328113
0.000433809
0.000433536
0.000537652
0.000604045
0.000325174
0.000604326
0.000538208
0.000324727
0.000537886
0.000604886
0.000325262
0.000605034
0.000538076
0.000324506
0.000432714
0.000432995
0.00060559
0.000537771
0.000325071
0.00053743
0.000604731
0.000324529
0.000605094
0.000538033
0.000325136
0.000435334
0.000435091
0.000327566
0.00054361
0.000601344
0.000328128
0.000601554
0.000544054
0.000543784
0.000601283
0.000327491
0.00060152
0.000544063
0.000328033
0.000435169
0.00043417
0.00043457
0.00043441
0.000544407
0.000601993
0.00032884
0.000435361
0.000435261
0.000602183
0.000544832
0.000328374
0.000435111
0.000435343
0.000602253
0.000544731
0.000328923
0.000434419
0.000434102
0.000538439
0.000604748
0.000326066
0.000605744
0.000538726
0.000325497
0.000538138
0.000606178
0.000326032
0.000605487
0.000538494
0.000325346
0.00043345
0.000433797
0.000605668
0.000538943
0.000326009
0.00053832
0.000604676
0.000325389
0.000605689
0.000538582
0.000325816
0.000436068
0.000435764
0.000328374
0.000544298
0.000601989
0.000328969
0.000602205
0.000544908
0.000544268
0.000602036
0.000328296
0.000602246
0.000544924
0.000328921
0.000435569
0.000434879
0.000435111
0.000435028
0.000544972
0.00060253
0.000329544
0.000435853
0.00043566
0.00060266
0.000545314
0.000329121
0.000435637
0.000435894
0.000602788
0.000545305
0.000329611
0.000435067
0.00043475
0.000539003
0.000605359
0.000326804
0.000606457
0.000539463
0.000326272
0.000538716
0.000605264
0.000326788
0.000605415
0.000539194
0.000326234
0.000434282
0.000434593
0.000606205
0.000539399
0.000326672
0.000538704
0.000606753
0.000326042
0.000606961
0.000539146
0.00032659
0.000436691
0.000436419
0.000329192
0.000545088
0.000602677
0.000329674
0.00060282
0.000545457
0.000545139
0.000602699
0.00032914
0.000602845
0.000545626
0.000329552
0.000436209
0.000435306
0.000435416
0.000435383
0.00054544
0.00060306
0.000329995
0.0004365
0.000436318
0.000603162
0.000545771
0.000329785
0.000436279
0.000436551
0.000603232
0.000545797
0.000330134
0.000435415
0.00043515
0.000539667
0.000605986
0.000327065
0.000606054
0.000539954
0.000326922
0.000539279
0.000606474
0.000327267
0.000606558
0.000539599
0.000326819
0.000434766
0.000435006
0.000607277
0.000539459
0.00032701
0.000539381
0.00060666
0.000326779
0.000606748
0.000539668
0.000327075
0.000437037
0.000436812
0.000329799
0.00054554
0.000603125
0.000330078
0.000603196
0.000545763
0.000545741
0.000603153
0.000329659
0.000603219
0.000546008
0.000329801
0.000436651
0.000435478
0.000435623
0.000435551
0.00054582
0.000603381
0.000330285
0.00043674
0.00043666
0.000603418
0.000546048
0.000330199
0.000436718
0.00043691
0.000603483
0.000546047
0.000330418
0.000435687
0.000435397
0.000539995
0.000606201
0.000327266
0.000606257
0.000540303
0.000327335
0.000539713
0.000606696
0.000327511
0.000607597
0.00053981
0.000327049
0.000434932
0.000435141
0.000607505
0.000539672
0.000327252
0.000539645
0.000606952
0.000327088
0.000606161
0.000539929
0.000327314
0.000437276
0.00043707
0.000330118
0.000545813
0.000603402
0.000330373
0.000603462
0.000546044
0.000546055
0.000603416
0.000329852
0.000603479
0.000546323
0.000330035
0.000436788
0.000435802
0.000435898
0.000435892
0.000546117
0.000603547
0.000330425
0.000436805
0.000436753
0.000603559
0.000546257
0.000330486
0.000436964
0.000437161
0.000603702
0.000546214
0.00033063
0.000435924
0.000435684
0.000540374
0.000606493
0.000327519
0.000606532
0.000540579
0.00032755
0.000539875
0.000607669
0.000327586
0.000607697
0.000540063
0.000327408
0.000435186
0.000435456
0.000607795
0.00053993
0.000327655
0.000539967
0.000606459
0.000327345
0.000606489
0.000540047
0.000327474
0.000437302
0.000437161
0.00033043
0.000546097
0.000603667
0.000330585
0.000603689
0.000546206
0.000546364
0.000603697
0.000330139
0.000603716
0.000546469
0.000330252
0.000436807
0.000435865
0.000435735
0.00043584
0.000546226
0.000603602
0.000330376
0.000436731
0.000436731
0.000603572
0.00054607
0.000330612
0.000437156
0.00043729
0.000603677
0.00054611
0.000330494
0.000435786
0.000435608
0.00054056
0.000606574
0.000327532
0.000606548
0.000540417
0.000327622
0.000540036
0.000607844
0.000327532
0.00060694
0.000540032
0.00032767
0.000435486
0.000435615
0.000607823
0.000539924
0.000327475
0.000540046
0.000606377
0.000327438
0.000607188
0.000539888
0.000327314
0.000437264
0.000437117
0.000330562
0.000546198
0.000603705
0.00033046
0.000603666
0.000546125
0.000546437
0.000603711
0.000330272
0.000603672
0.000546349
0.000330154
0.000436612
0.000435637
0.000435519
0.000435638
0.000545991
0.000603384
0.00033005
0.000436565
0.000436561
0.00060332
0.000545796
0.000330394
0.000437066
0.000437099
0.000603398
0.000545802
0.000330115
0.000435447
0.000435297
0.000540291
0.000607113
0.000327204
0.000607066
0.000540042
0.000327458
0.000539856
0.000606868
0.000327154
0.000606012
0.000539905
0.000327385
0.000435267
0.000435318
0.00060677
0.000539618
0.000327113
0.000539862
0.000606819
0.000327226
0.000607541
0.000539345
0.000326907
0.000437114
0.00043699
0.000330358
0.000546062
0.000603481
0.000330136
0.000603412
0.000545862
0.000546267
0.000603511
0.000330084
0.000603443
0.000546064
0.000329928
0.00043668
0.000435507
0.000435707
0.00043563
0.000545784
0.000603253
0.000330314
0.000436947
0.000436775
0.000603337
0.000545935
0.000330097
0.0004368
0.000436906
0.0006034
0.000545935
0.000330361
0.000435667
0.000435309
0.000540051
0.00060604
0.000327363
0.000606887
0.000539926
0.000327145
0.000539849
0.000606794
0.000327346
0.000606865
0.000540055
0.000327118
0.000435002
0.000435146
0.000606899
0.000540019
0.00032737
0.000539335
0.000606556
0.000326889
0.000606657
0.000539606
0.00032719
0.000437475
0.00043714
0.000330103
0.000545859
0.000603354
0.000330411
0.000603448
0.000546067
0.000546026
0.000603373
0.000329964
0.000603462
0.00054625
0.000330269
0.000437464
0.000436163
0.000436744
0.000436514
0.000546156
0.000603908
0.000331608
0.000438085
0.000437787
0.000604218
0.000546991
0.000330632
0.000437327
0.00043769
0.00060426
0.000547047
0.000331694
0.000436918
0.000436396
0.000540092
0.000608098
0.000328626
0.000608408
0.000540876
0.000327676
0.000540191
0.000607471
0.000328744
0.000606852
0.000541058
0.000327658
0.000435502
0.000435945
0.000607063
0.000541218
0.000328632
0.00053992
0.000607239
0.000327475
0.000608521
0.000540835
0.000328593
0.000438625
0.000438198
0.000330682
0.000546306
0.000604012
0.000331761
0.000604315
0.000547113
0.00054648
0.000604012
0.000330538
0.000604311
0.000547337
0.000331485
0.000438683
0.000437416
0.000438154
0.00043787
0.00054731
0.000605079
0.000333039
0.000439244
0.00043898
0.000605398
0.000548284
0.000332063
0.000438559
0.000439021
0.00060543
0.000548314
0.000333163
0.000438352
0.000437861
0.000541191
0.000609258
0.000330161
0.000609594
0.000542137
0.000329214
0.000541397
0.000607903
0.00033048
0.000608335
0.000542488
0.000329077
0.000436768
0.000437261
0.000608261
0.000542498
0.000330231
0.000541206
0.000609319
0.000329004
0.000609598
0.000542044
0.000330177
0.000439894
0.000439458
0.000332142
0.000547445
0.000605164
0.000333262
0.000605499
0.000548373
0.000547643
0.000605187
0.000331907
0.000605522
0.000548558
0.000333062
0.000439813
0.000438816
0.000439416
0.000439166
0.000548644
0.00060629
0.000334624
0.000440499
0.000440124
0.000606647
0.000549707
0.000333559
0.000439904
0.000440432
0.000606724
0.000549732
0.000334823
0.000439731
0.000439164
0.000542487
0.000609713
0.00033183
0.000610075
0.000543478
0.00033088
0.000542775
0.000609888
0.000332049
0.000611101
0.000543544
0.000330626
0.000438117
0.00043865
0.000610275
0.000543897
0.000331659
0.000542431
0.000609775
0.000330572
0.000609252
0.00054355
0.00033178
0.000441339
0.000440808
0.000333641
0.000548725
0.000606383
0.000334822
0.00060674
0.000549718
0.000548877
0.000606429
0.000333498
0.000606793
0.000549886
0.000334678
0.000441393
0.000440034
0.000440785
0.000440423
0.000550067
0.000607681
0.000336556
0.00044252
0.00044193
0.000608059
0.000551158
0.00033522
0.000441496
0.000442092
0.000608152
0.000551671
0.000336222
0.000441862
0.000441019
0.000543928
0.000611041
0.000333521
0.000612326
0.000545061
0.000332499
0.000544035
0.000611162
0.000333734
0.000612453
0.000545304
0.000332052
0.000439448
0.000439982
0.000610762
0.000545446
0.000333412
0.000543848
0.000611143
0.000332196
0.000610649
0.000545135
0.000333576
0.000443242
0.000442567
0.00033526
0.000550102
0.000607727
0.000336742
0.000608111
0.000551225
0.000550314
0.000607809
0.000335077
0.000608213
0.000551827
0.000336026
0.00044389
0.000441663
0.0004424
0.000442038
0.000551624
0.000609092
0.000339262
0.000445505
0.000444685
0.000609482
0.000552902
0.000336458
0.00044388
0.00044493
0.00060969
0.000553516
0.000337964
0.000445589
0.000444325
0.000545675
0.000611747
0.000335464
0.000612984
0.000546287
0.000334161
0.000545939
0.000612688
0.000335975
0.000613105
0.000546849
0.000333973
0.000440919
0.000441479
0.000613022
0.000546452
0.000335624
0.000545535
0.00061247
0.000334032
0.000612801
0.00054629
0.000335796
0.000446169
0.00044521
0.000337357
0.00055172
0.000609152
0.00033951
0.000609556
0.000553126
0.000552474
0.000609336
0.000336276
0.000609777
0.000553809
0.000337779
0.000447019
0.000442883
0.000444038
0.000443024
0.000553034
0.000610184
0.000339024
0.000448642
0.00044755
0.000553815
0.000610486
0.000338696
0.000448348
0.000449493
0.000553187
0.000610784
0.000338079
0.000448313
0.000447696
0.000546084
0.000614457
0.000334091
0.000546305
0.000613856
0.000336549
0.000546665
0.000612919
0.000335091
0.000546122
0.000613132
0.000335914
0.000442128
0.000442511
0.000546215
0.000613959
0.000334361
0.00054609
0.000614126
0.000336218
0.000545718
0.000614377
0.000334639
0.000448992
0.00044798
0.000340135
0.000553302
0.000610313
0.000339354
0.000554026
0.000610638
0.000553742
0.00061059
0.000338576
0.000553375
0.000610922
0.000338203
0.00914194
0.00848298
0.0169321
0.0116028
0.0237722
0.00601001
0.00592924
0.0110615
0.0117773
0.0136463
0.0187105
0.0126531
0.0266271
0.00348177
0.00331089
0.0223981
0.0160001
0.0342784
0.0102011
0.00988022
0.00811789
0.00952605
0.0116463
0.0105052
0.00667058
0.00518885
0.00686839
0.00872959
0.0228119
0.0214271
0.0228862
0.0241576
0.00644328
0.00638574
0.00639126
0.0067691
0.023179
0.022466
0.023771
0.0244515
0.00592303
0.00559619
0.00576825
0.00605403
0.0220293
0.0219148
0.0207872
0.0207108
0.0209422
0.0177823
0.0154977
0.0184817
0.00761009
0.00957479
0.00861172
0.0249962
0.0260856
0.0258481
0.00456198
0.00479218
0.00749574
0.00458847
0.00423076
0.00539098
0.00434833
0.00626483
0.0122565
0.0105242
0.0156187
0.0139344
0.0156418
0.0143248
0.00937117
0.00972175
0.0136681
0.0140692
0.0224112
0.0228424
0.0221838
0.00803706
0.0109719
0.0103004
0.00428645
0.00406667
0.0234682
0.0239074
0.0241544
0.026473
0.0276322
0.0275127
0.00948595
0.00857155
0.00928618
0.0169655
0.0158491
0.00960943
0.00867036
0.00951045
0.00292759
0.00236197
0.00421862
0.00396451
0.00467187
0.00409933
0.00418784
0.0024495
0.0029183
0.00585483
0.00496212
0.0150004
0.0139682
0.0154356
0.0125891
0.00332305
0.00633116
0.00550405
0.00595173
0.00582441
0.01421
0.0132356
0.00572399
0.0055803
0.00578463
0.00580905
0.00425822
0.00501079
0.0156281
0.0214996
0.0222263
0.0293033
0.0363568
0.0405808
0.0501607
0.0315398
0.0246894
0.034434
0.0280043
0.0288563
0.00950545
0.00868581
0.00933329
0.00954209
0.00882297
0.00965801
0.00972767
0.0109481
0.0119258
0.0117457
0.0141973
0.0164953
0.0147588
0.0130462
0.0140385
0.015013
0.0153132
0.0184051
0.0199127
0.0195967
0.0175158
0.0179114
0.0184911
0.0096787
0.0192893
0.0100003
0.0204925
0.00984432
0.00724276
0.00683856
0.0102005
0.0115197
0.012102
0.0121782
0.013833
0.0136866
0.0165917
0.0154915
0.00358367
0.00534758
0.0023319
0.00698183
0.00332722
0.00680924
0.00364685
0.00405934
0.0032416
0.00475668
0.00485881
0.0232811
0.0240981
0.0236247
0.024599
0.0244487
0.0240858
0.0125764
0.0254358
0.0120299
0.0129175
0.0257421
0.0105563
0.0186297
0.019784
0.0110114
0.00913196
0.00800354
0.00964579
0.00872546
0.00975729
0.00964488
0.00346251
0.00295873
0.00295057
0.00539656
0.00535258
0.0259426
0.0259834
0.0256675
0.0256231
0.0248681
0.0252098
0.0201148
0.0212795
0.0124802
0.0155074
0.0326706
0.0162902
0.033733
0.00288693
0.00518208
0.00524208
0.00290098
0.00386904
0.00366107
0.0211618
0.0218614
0.0175193
0.0212113
0.021014
0.0233389
0.0225253
0.0220719
0.0205605
0.0181924
0.0200571
0.0115811
0.0163437
0.0104224
0.0202185
0.0186833
0.0137803
0.0123001
0.00661407
0.00757863
0.00718978
0.00587882
0.00642946
0.00572254
0.00601082
0.000222361
0.000222876
0.000171109
0.000178667
0.00022919
0.000222047
0.000229195
0.000222064
0.000253278
0.000233773
)
;
    }
}


// ************************************************************************* //
