/*--------------------------------*- C++ -*----------------------------------*\
| =========                 |                                                 |
| \\      /  F ield         | OpenFOAM: The Open Source CFD Toolbox           |
|  \\    /   O peration     | Version:  2312                                  |
|   \\  /    A nd           | Website:  www.openfoam.com                      |
|    \\/     M anipulation  |                                                 |
\*---------------------------------------------------------------------------*/
FoamFile
{
    version     2.0;
    format      ascii;
    arch        "LSB;label=32;scalar=64";
    class       volScalarField;
    location    "0.99996";
    object      nut;
}
// * * * * * * * * * * * * * * * * * * * * * * * * * * * * * * * * * * * * * //

dimensions      [0 2 -1 0 0 0 0];

internalField   nonuniform List<scalar> 
21822
(
0.419668
0.378492
0.0667545
0.783583
0.601286
0.294244
0.494122
0.569208
0.0901696
0.62732
0.535877
0.279556
0.764829
0.461582
0.174947
0.8449
0.851763
0.411526
0.463528
0.373741
0.188612
0.56587
0.164085
0.143774
0.571056
0.373458
0.0296771
0.315755
0.209238
0.111879
0.338853
0.0291367
0.042439
0.360095
0.0100428
0.0002366
0.150946
0.0591931
0.0205723
0.0334983
0.0061313
0.00611339
0.119906
0.00393322
4.98152e-05
0.0100732
0.00483159
0.00164995
0.0039076
0.00463179
0.00281928
0.00080649
0.0039116
4.62872e-05
0.00297056
0.00414068
0.000724928
0.00384156
0.00484838
0.00281552
0.00076141
0.00378046
5.08252e-05
0.00281915
0.00384599
0.000740226
0.00263093
0.00513068
0.00338188
0.000560766
0.00341097
5.22437e-05
0.00191634
0.0031875
0.000752007
0.0016308
0.00422975
0.00298043
0.000423799
0.00196615
4.75885e-05
0.00145464
0.00156376
0.000746595
0.00154539
0.00214265
0.000815605
0.000699552
0.00052012
5.14041e-05
0.00236624
0.00206112
0.00141201
0.00246733
0.00286281
0.000827178
0.00160953
0.000838979
0.000160947
0.00477634
0.00478007
0.00369303
0.00485499
0.00656662
0.00242288
0.0039613
0.00259132
0.0011895
0.0100073
0.0100261
0.00793045
0.0100437
0.0100771
0.00695622
0.00888708
0.00674548
0.00184692
0.00999587
0.0100089
0.00902314
0.0100247
0.0100512
0.00994139
0.00909471
0.00996132
0.00110087
0.00999372
0.0100111
0.00894649
0.010018
0.010051
0.00995141
0.00921856
0.00997418
0.00111324
0.00999447
0.0100159
0.00896656
0.0100174
0.0100544
0.00996861
0.00915479
0.00998497
0.00141891
0.00999805
0.0100201
0.00907605
0.0100176
0.0100534
0.00997663
0.00919314
0.00998766
0.00197351
0.0099991
0.0100227
0.00924693
0.0100191
0.0100506
0.00998163
0.00924318
0.00998927
0.00317707
0.00999817
0.0100223
0.00936916
0.0100184
0.0100538
0.00998521
0.00928156
0.00998926
0.00371396
0.00999677
0.0100215
0.00934283
0.0100183
0.010056
0.00998355
0.0091397
0.0099851
0.00371701
0.00897789
0.00973602
0.00882783
0.00991045
0.0100537
0.00926116
0.0085112
0.00971428
0.0016548
0.00632628
0.00726603
0.006768
0.00699442
0.0100515
0.00685172
0.00595768
0.00614025
0.000778019
0.00501976
0.00593149
0.00525941
0.00558994
0.00984365
0.0051901
0.00497398
0.00512295
0.000455936
0.00463735
0.00527466
0.00465623
0.00524971
0.00887851
0.00477647
0.00464616
0.0048963
0.000310908
0.00472824
0.00517685
0.00457084
0.00525807
0.00862288
0.00474792
0.00449764
0.00467075
0.000232945
0.00527433
0.00589575
0.00503835
0.00577625
0.00952348
0.00499154
0.00470353
0.00480033
0.00018544
0.00714692
0.00822343
0.0066381
0.007687
0.0100325
0.00636665
0.0059558
0.00612256
0.00015725
0.0100006
0.0100175
0.00973245
0.0100155
0.010032
0.0099899
0.00959914
0.00999167
0.000142794
0.0100039
0.0100185
0.00971531
0.0100176
0.0100318
0.00999272
0.00962276
0.00999378
0.000137353
0.0100056
0.0100192
0.00968666
0.0100195
0.0100337
0.0099947
0.00958578
0.00999453
0.000136737
0.0100059
0.0100199
0.0096922
0.0100198
0.0100376
0.0099954
0.00963339
0.00999516
0.000137397
0.0100059
0.0100206
0.00974572
0.0100199
0.010039
0.00999624
0.00967754
0.00999521
0.000139257
0.0100082
0.0100229
0.00973682
0.0100224
0.0100381
0.00999695
0.00970695
0.00999726
0.000144086
0.0100082
0.0100213
0.00972491
0.0100218
0.010035
0.00999825
0.00970692
0.00999821
0.000152474
0.0100053
0.0100192
0.00971727
0.0100187
0.0100341
0.00999603
0.00973872
0.00999577
0.000164219
0.00888679
0.00952384
0.00841692
0.0100184
0.0100328
0.0089689
0.00831896
0.00821373
0.000179908
0.010006
0.0100194
0.00886953
0.0100195
0.0100335
0.00910935
0.00926778
0.00934279
0.000201882
0.010006
0.0100195
0.00977491
0.0100191
0.010035
0.00999608
0.00972381
0.00999609
0.000223453
0.0100051
0.0100178
0.00978645
0.0100178
0.0100321
0.00999539
0.0097329
0.0099951
0.000234576
0.0100041
0.0100166
0.0097828
0.0100165
0.0100303
0.00999409
0.009744
0.00999454
0.000232242
0.0100051
0.0100184
0.00977802
0.0100179
0.0100326
0.00999564
0.00973366
0.00999505
0.000221368
0.0100051
0.0100192
0.00979065
0.0100192
0.0100365
0.00999555
0.00970929
0.00999517
0.000208758
0.0100028
0.0100185
0.00978669
0.0100179
0.0100411
0.00999299
0.00971059
0.00999178
0.000200187
0.00999991
0.0100155
0.00974898
0.0100155
0.0100404
0.00999055
0.00975804
0.00998922
0.000194927
0.00999663
0.0100118
0.00978493
0.0100111
0.0100349
0.00998648
0.00975392
0.00998711
0.000190683
0.00999547
0.0100097
0.00978696
0.0100091
0.0100296
0.00998554
0.00976452
0.00998512
0.000187287
0.00999292
0.0100069
0.00969154
0.0100062
0.0100265
0.00998251
0.00972753
0.00998238
0.000190905
0.009997
0.0100144
0.00332991
0.010006
0.010027
0.00999325
0.00839634
0.00999347
0.000212752
0.00533493
0.00894375
0.00531088
0.00933428
0.0100422
0.0071921
0.00612765
0.00695236
0.000195727
0.148783
0.225062
0.326611
0.274822
0.110947
0.0697429
0.231839
0.47658
0.150815
0.292384
0.473253
0.377468
0.278735
0.0877498
0.347601
0.421308
0.168563
0.299092
0.102563
0.0661479
0.157034
0.0804077
0.127107
0.238945
0.179545
0.301232
0.227519
0.0524566
0.216293
0.45435
0.051558
0.214445
0.191046
0.618033
0.188603
0.819416
0.283264
0.292588
0.285574
0.605163
0.404495
0.768734
0.559608
0.0836592
0.202557
0.832335
0.383099
0.269358
0.582445
0.657894
0.854119
0.0949562
0.839445
0.901185
0.675051
0.354367
0.419573
0.550975
0.569289
0.385298
0.179046
0.526518
0.346215
0.55687
0.58736
0.445015
0.251392
0.533004
0.341385
0.290649
0.139337
0.00380435
0.0344589
0.0223491
0.0172202
0.00599861
0.0183675
0.0238835
0.0759913
0.537846
0.777908
0.703187
0.476269
0.617933
0.875618
0.862583
0.193813
0.535808
0.367517
0.3974
0.352224
0.617075
0.372941
0.02697
0.00955521
0.146971
0.113053
0.103663
0.00542352
0.155255
0.210307
0.273417
0.273992
0.18595
0.83054
0.558985
0.609553
0.794875
0.778982
0.669983
0.790606
0.39228
0.543047
0.143588
0.565891
0.40236
0.588738
0.810675
0.687225
0.587921
0.0697666
0.572917
0.564152
0.716846
0.0832965
0.0574599
0.141113
0.0857794
0.50125
0.518635
0.407906
0.454755
0.482123
0.306964
0.431355
0.230014
0.0518116
0.033913
0.52216
0.787307
0.424941
0.665515
0.231431
0.214915
0.208731
0.764366
0.710103
0.651544
0.596626
0.985764
0.17999
0.211144
0.201596
0.147556
0.808588
0.63424
0.531735
1.12658
0.468509
0.377541
0.083395
0.000190142
0.000590575
0.00675299
0.00601594
0.00117962
0.00424541
0.00716955
0.00633754
0.00324119
0.000565524
0.000195358
0.000149422
0.0069377
0.00511248
0.00149958
0.00330138
0.00722956
0.00059269
0.00463581
0.00512355
0.00731616
0.00332733
0.00148447
0.00524313
0.00460003
0.000593817
0.000190713
0.000588454
0.00583851
0.00117269
0.00420831
0.00617036
0.0032145
0.000567421
0.000149293
0.0688216
0.0358095
0.0184868
0.0328534
0.0710007
0.0179001
0.0494638
0.0220486
0.231871
0.312765
0.104437
0.00447721
0.321716
0.0139776
0.0249314
0.0207743
0.0426383
0.0232791
0.0322814
0.0576599
0.265695
0.0377828
0.365352
0.0236829
0.439848
0.0950604
0.0169213
0.0030602
0.0364021
0.00217453
0.144986
0.107755
0.0270377
0.00374868
0.122401
0.177623
0.0494784
0.118475
0.124627
0.702034
0.507216
0.509438
0.198883
0.400275
0.377367
0.145066
0.440526
0.409476
0.0673788
0.0598331
0.0587696
0.0218874
0.472599
0.151174
0.239086
0.00948005
0.561555
0.0730963
0.266967
0.102148
0.164591
0.0302673
0.0574465
0.109915
0.199292
0.0672202
0.580469
0.0267846
0.581641
0.133911
0.0423724
0.0660232
0.0518669
0.0604611
0.00864509
0.0375335
0.0135016
0.141969
0.105268
0.036229
0.0521264
0.154059
0.170772
0.267873
0.0396702
0.224349
0.407075
0.07548
0.549846
0.142341
0.804476
0.128856
0.789624
0.0871809
0.114076
0.34649
0.488963
0.0467796
0.503299
0.313602
0.634381
0.0583989
0.143467
0.0840814
0.0904938
0.109137
0.147444
0.142932
0.48691
0.637299
0.619955
0.291688
0.737297
0.284246
0.509934
0.0495277
0.147702
0.0515039
0.0379225
0.0377849
0.150875
0.00503289
0.0681497
0.0530446
0.138154
0.00587588
0.017181
0.0190536
0.11324
0.817586
0.146383
0.647554
0.320585
0.235065
0.811948
0.556618
0.414761
0.202517
0.789591
0.182715
0.544669
0.344154
0.455421
0.204395
0.301063
0.751689
0.13276
0.351314
0.677949
0.695207
0.698196
0.856339
0.343515
0.745195
0.326447
0.859684
0.274932
0.419158
0.743932
1.08015
0.803919
1.00087
0.255575
0.136403
0.00597795
0.0823965
0.0908403
0.264582
0.0427431
0.439517
0.0794564
0.0783539
0.619472
0.148625
0.0174001
0.51993
0.465168
0.888364
0.618205
0.318695
0.324095
0.930096
0.597365
1.01293
0.697023
0.935048
0.261148
0.450582
0.287769
0.0854461
0.125776
0.263845
0.21731
0.0785327
0.123995
0.176824
0.232216
0.2881
0.168448
0.532686
0.123897
0.348088
0.278508
0.00850205
0.0632082
0.0747825
0.0796095
0.00769038
0.0449387
0.0723813
0.0778509
0.058599
0.160426
0.127135
0.0988307
0.124328
0.094576
0.076609
0.613095
0.815511
0.786484
0.535502
0.525269
0.680657
0.543181
0.383231
0.556236
0.362585
0.470128
0.314777
0.411297
0.28355
0.0818104
0.307207
0.157354
0.194086
0.248751
0.0367121
0.281858
0.262125
0.227575
0.209432
0.231716
0.565711
0.748173
0.561205
0.653263
0.324966
0.644465
0.451437
0.305538
0.573637
0.700116
0.282171
0.224955
0.341724
0.314636
0.0927336
0.146882
0.0955077
0.0989818
0.172855
0.104715
0.116312
0.856464
0.248643
0.863539
0.770486
0.779176
0.778039
0.211865
0.93952
0.994085
1.03151
0.880357
0.714272
0.763217
0.870917
0.293572
0.0800729
0.0637897
0.380779
0.398902
0.328555
0.322921
0.376418
0.211551
0.299042
0.164149
0.0284297
0.0175872
0.406604
0.61711
0.350577
0.499539
0.169997
0.143243
0.110093
0.601869
0.544496
0.491288
0.427073
0.134335
0.0740249
0.0105041
0.132594
0.101027
0.462461
0.412714
0.164119
0.222973
0.0460322
0.0160539
0.000699683
0.057296
0.0343759
0.296765
0.271339
0.215148
0.172024
0.247554
0.139858
0.147791
0.0684578
0.0132167
0.00465741
0.326258
0.44301
0.235018
0.264604
0.073892
0.0407422
0.0202644
0.431574
0.377204
0.25828
0.231307
0.00504049
0.0113902
0.00122302
0.0901676
0.0465004
0.0626103
0.195506
0.00398513
0.00334541
0.00369515
0.000896102
6.32729e-05
0.0257954
0.00674948
0.17787
0.129645
0.0376344
0.0282396
0.101489
0.0431183
0.0172859
0.00629128
0.0028644
0.000496178
0.197751
0.165264
0.0507768
0.00725747
0.00944323
0.00318739
0.00376646
0.164964
0.158454
0.00504073
0.000910132
0.000890699
0.00303668
0.000632886
0.0251362
0.000119853
0.00358383
0.000801712
0.00355669
0.000764091
0.0037301
0.000649399
4.52127e-05
0.0031792
0.000148878
0.0127983
0.0101002
0.000486467
0.00353593
0.00822951
0.00335565
0.00363704
0.000852224
0.000261817
7.08078e-05
0.0181239
0.00347128
0.000493216
0.00183217
0.0030365
0.000693919
0.00248689
0.0038051
0.000520266
0.00205284
0.000475312
0.00069271
0.00250608
0.000683673
7.76014e-05
7.1139e-05
0.00386918
0.000741327
0.00375364
0.000708617
0.00385581
0.000737053
5.01431e-05
0.000157446
0.000144875
0.00053266
0.00368626
0.000984097
0.00334469
0.00355515
0.000775847
0.00359352
0.000797548
5.92816e-05
6.31072e-05
0.000501601
0.00194834
0.00103497
0.00186044
0.00273947
0.000762712
0.00328303
0.00205346
0.000480348
0.00174693
0.000423183
0.000739443
0.00329913
0.00074735
7.08031e-05
6.35454e-05
0.00366962
0.000610339
0.00339768
0.000740152
0.00352748
0.000646045
5.28341e-05
0.00013484
0.000126474
0.00132048
0.00296761
0.00127183
0.00177884
0.00366306
0.000804973
0.00242482
0.000786748
7.03142e-05
9.95797e-05
0.00125591
0.00193411
0.00110116
0.00144683
0.00318123
0.000852315
0.00336482
0.00165283
0.00039598
0.0012338
0.000390906
0.00082698
0.00337441
0.000735841
6.56892e-05
7.74572e-05
0.00320274
0.000417604
0.0016797
0.000602856
0.00276861
0.000522655
4.97368e-05
0.000127807
0.000169775
0.00135627
0.00159105
0.00124956
0.00123182
0.00199985
0.000868355
0.0011987
0.00113903
0.000111422
0.000230513
0.00117516
0.0014251
0.00116064
0.00111368
0.00286736
0.000716382
0.00134366
0.0012382
0.000435402
0.00106514
0.000665447
0.000671163
0.00117992
0.000472774
8.80611e-05
0.000149153
0.00122333
0.000547543
0.0005304
0.000463514
0.000677768
0.000358811
4.82713e-05
0.000182973
0.000276333
0.00135478
0.00108743
0.00182323
0.00160904
0.00103855
0.000795717
0.00135112
0.00110358
0.000274757
0.0002257
0.00142417
0.00128514
0.00190681
0.00174907
0.000900264
0.00126819
0.000879587
0.00123783
0.000844887
0.00178235
0.00142293
0.000396509
0.000776936
0.000303893
0.000167547
0.000348572
0.00049359
0.00121198
0.000747607
0.000336996
0.000619727
0.000363754
0.00010644
0.00030846
0.000435613
0.00216817
0.00178217
0.00349645
0.00361623
0.00156906
0.0012718
0.00336648
0.00274686
0.000253744
0.000489676
0.00252419
0.00220538
0.00417722
0.00350189
0.000934985
0.00241354
0.00178454
0.00220654
0.00180875
0.00349664
0.00297775
0.000377862
0.00174439
0.00123245
0.00036042
0.000773868
0.000956657
0.00277329
0.00200941
0.000490217
0.00200667
0.00130692
0.00060213
0.000479517
0.000638
0.00424348
0.00411189
0.00665417
0.00849738
0.00384322
0.00335293
0.00845518
0.00599868
0.000493858
0.000720238
0.00525706
0.00445614
0.00788271
0.00811237
0.00253286
0.00575286
0.00533032
0.00435415
0.00386509
0.00841709
0.00654398
0.0017785
0.00547344
0.00444703
0.000715522
0.00097246
0.00261976
0.00718044
0.00556685
0.00186855
0.00546805
0.00468408
0.00314923
0.000700526
0.000860455
0.00734544
0.00872035
0.00939855
0.00997468
0.00896652
0.00773576
0.00997744
0.00903165
0.000718842
0.000868678
0.00866682
0.00998935
0.0088093
0.00998278
0.00737368
0.00904221
0.00994406
0.00999003
0.00878446
0.00998328
0.00908106
0.00590536
0.00994427
0.0088541
0.000893281
0.000909633
0.00707019
0.00901837
0.00997726
0.00558745
0.00996279
0.00904404
0.00125702
0.000898363
0.000969296
0.00934387
0.00997168
0.0092398
0.00996965
0.00997531
0.0091062
0.00998267
0.00924435
0.000874196
0.00106291
0.00889606
0.00998102
0.00918819
0.00998015
0.00994225
0.00864779
0.00995097
0.00998268
0.00912673
0.00998255
0.009303
0.00887639
0.00994865
0.00883719
0.000895555
0.000983405
0.00997404
0.00919655
0.00997616
0.00901442
0.00997071
0.00908155
0.00112
0.000977824
0.00119192
0.00908959
0.00996897
0.00893081
0.00997579
0.00997892
0.00927714
0.00998156
0.00932588
0.00110898
0.00145358
0.00858062
0.00998221
0.00939887
0.00998507
0.00995318
0.00894234
0.00996428
0.00998287
0.00936676
0.0099876
0.00943081
0.00879007
0.00996564
0.00872425
0.00100272
0.00127333
0.00997658
0.00913968
0.00998328
0.0090462
0.00998458
0.00912804
0.00132981
0.00121223
0.00173217
0.00884399
0.00997685
0.00885124
0.0099835
0.00997926
0.00934413
0.00998595
0.00935359
0.00155319
0.00196642
0.00653599
0.00998607
0.009386
0.00998994
0.00996554
0.00902267
0.00997368
0.00998727
0.00943209
0.00998872
0.00939285
0.00870283
0.00997573
0.00877437
0.00133449
0.0019563
0.00998257
0.00916047
0.00998681
0.00912377
0.00998784
0.00927199
0.00174723
0.00167445
0.00273765
0.00880783
0.0099844
0.00886632
0.00999301
0.00998243
0.00936058
0.0099869
0.00934897
0.00210112
0.00242766
0.00622131
0.0099943
0.00937051
0.00999569
0.0099748
0.00861365
0.00998131
0.00998812
0.00941607
0.0099893
0.00943142
0.00879543
0.00998184
0.0089579
0.0021485
0.00371052
0.00998617
0.00920671
0.00999048
0.00930184
0.00998975
0.00937927
0.00254654
0.00248623
0.00371094
0.00888756
0.00999317
0.00902099
0.00999312
0.00998618
0.00936173
0.00998968
0.00935267
0.00275087
0.00371514
0.00785401
0.00999406
0.00938245
0.00998706
0.00998116
0.00935705
0.00998544
0.00998693
0.00945167
0.00998572
0.00942297
0.00900439
0.00998548
0.00913902
0.00371049
0.00371445
0.00998928
0.00925948
0.0099902
0.00936988
0.00999059
0.00943283
0.00371421
0.00371168
0.00371556
0.00905274
0.00999192
0.00905607
0.00999121
0.00998897
0.00938563
0.00998923
0.00938523
0.00371445
0.0037181
0.00935637
0.00998486
0.00944443
0.00998157
0.00998464
0.00938673
0.00998461
0.00998374
0.00944758
0.00998198
0.00951779
0.00914884
0.00998505
0.00917539
0.0037143
0.00371533
0.00998818
0.00915032
0.00998701
0.00945014
0.00998709
0.00948976
0.003718
0.00371512
0.00236663
0.00906488
0.0099894
0.00907102
0.00927213
0.00998827
0.00938851
0.00921184
0.00937656
0.00371653
0.0019674
0.00946704
0.0099798
0.00952235
0.00998296
0.00998304
0.00809159
0.00949806
0.00998018
0.00875006
0.00998446
0.00882805
0.0091365
0.00981864
0.00913586
0.00371455
0.00219366
0.00998446
0.00829076
0.00998719
0.00949082
0.00998644
0.00951439
0.00200663
0.00184661
0.00094169
0.00890374
0.00862318
0.00688294
0.00692905
0.00851328
0.00844622
0.00676607
0.0068235
0.0016298
0.000882014
0.00849292
0.00911064
0.0065352
0.00657395
0.00896861
0.00674473
0.00723682
0.00883115
0.00692069
0.00655883
0.00617264
0.00910185
0.00719634
0.00670571
0.00177651
0.000947576
0.00963005
0.00615237
0.00670427
0.00913005
0.00678114
0.00677631
0.000901595
0.000801282
0.000519447
0.00663068
0.00664329
0.00527486
0.00546747
0.00649211
0.00660289
0.00556675
0.00563088
0.000765248
0.000512848
0.00612154
0.00608036
0.00539582
0.00535466
0.00686855
0.00548014
0.00545552
0.00609888
0.00566425
0.0054076
0.00527427
0.00662946
0.00544272
0.00534883
0.000805228
0.000510818
0.00611073
0.00499682
0.00520113
0.00636201
0.00530177
0.00539193
0.000510662
0.000461056
0.000336049
0.00504598
0.00519933
0.00466165
0.00476077
0.0052897
0.0053628
0.00481184
0.00488593
0.000457421
0.000337023
0.00523892
0.00515576
0.00471735
0.00477961
0.00519225
0.00479689
0.00484193
0.00525746
0.00518424
0.00477126
0.00478246
0.00518961
0.00488471
0.00495137
0.000455758
0.00033324
0.00508499
0.00466259
0.00491913
0.00524497
0.00494105
0.00494407
0.000336352
0.000308785
0.000241423
0.00449337
0.00453467
0.00447822
0.0044912
0.00453738
0.00461085
0.00442115
0.0043586
0.000310098
0.000243999
0.00450441
0.00455915
0.00434575
0.00441191
0.00470093
0.00460996
0.00479955
0.0045455
0.00460397
0.00442498
0.00434604
0.00482341
0.00475552
0.00473685
0.000307549
0.000243642
0.00488258
0.00449354
0.00475841
0.00484123
0.00475826
0.00466575
0.000247018
0.000227315
0.000190088
0.00454121
0.00452001
0.00462773
0.00480724
0.0044682
0.00448841
0.00480794
0.00474669
0.000229504
0.000192647
0.0044999
0.00451796
0.0047247
0.00475854
0.00474584
0.00487598
0.0049018
0.00458905
0.00461364
0.00468323
0.00453982
0.0047242
0.00485851
0.00473771
0.000229436
0.000192126
0.00466997
0.0045651
0.00466196
0.00472514
0.00470022
0.00457661
0.000194683
0.000181694
0.000160867
0.00514633
0.0051902
0.00580695
0.00620569
0.00521155
0.00516822
0.00627557
0.00620013
0.000184156
0.000163138
0.00500686
0.00492202
0.00579796
0.00558114
0.00504357
0.00577645
0.00586109
0.00486828
0.00485486
0.0055423
0.00529975
0.00487038
0.00580976
0.00564342
0.000183287
0.000160742
0.00477221
0.00538907
0.0054841
0.00486461
0.00552189
0.00550038
0.000162927
0.000155519
0.000145141
0.00680514
0.00703696
0.00814638
0.00963341
0.007073
0.00700419
0.00986568
0.00939571
0.00015807
0.000146847
0.00646586
0.00644935
0.00929002
0.00999534
0.00640922
0.00855581
0.00915253
0.00637071
0.00619764
0.00999412
0.00928279
0.00618579
0.00922676
0.00872032
0.000155358
0.00014391
0.00605919
0.00925527
0.00946816
0.00623412
0.00942851
0.0092362
0.000145528
0.000142344
0.000138539
0.00931665
0.00999243
0.0096733
0.00999644
0.00999113
0.0094476
0.00999567
0.0094547
0.00014419
0.000138953
0.00926373
0.00999368
0.00937039
0.00999684
0.00998975
0.00973474
0.0099943
0.00999211
0.00959814
0.00999611
0.00964345
0.00959447
0.00999425
0.00960536
0.000141523
0.000138083
0.00999118
0.00959617
0.00999506
0.00952839
0.00999558
0.00953061
0.000138265
0.000137641
0.000137134
0.00967133
0.00999452
0.00959876
0.00999648
0.0099936
0.00951418
0.0099964
0.00956029
0.00013778
0.000136254
0.00939201
0.00999416
0.009535
0.00999632
0.00999222
0.0097178
0.00999635
0.00999353
0.00963293
0.00999633
0.00971196
0.00956738
0.0099964
0.00955864
0.000137515
0.000137705
0.00999332
0.00955927
0.0099964
0.0095856
0.00999651
0.00960861
0.000136792
0.000137045
0.000137337
0.00959557
0.00999431
0.00953838
0.0099974
0.0099935
0.00962361
0.00999745
0.00957609
0.00013596
0.000136051
0.00954979
0.00999347
0.00962127
0.00999724
0.00999414
0.00968687
0.00999808
0.00999367
0.00971089
0.00999782
0.00974272
0.00949935
0.00999811
0.00954275
0.000137895
0.000138341
0.00999446
0.0095824
0.00999684
0.00964528
0.0099978
0.00964399
0.000137068
0.000137661
0.000139484
0.00955602
0.0099949
0.00960282
0.00999756
0.00999481
0.0096132
0.0099979
0.00956234
0.000136635
0.000138578
0.009596
0.009994
0.00958521
0.00999644
0.00999512
0.0097453
0.0099997
0.00999426
0.00969118
0.00999648
0.00968412
0.0095157
0.00999914
0.00961201
0.000138504
0.000139924
0.00999402
0.0096612
0.0099975
0.00964522
0.00999738
0.00962644
0.000138816
0.00013999
0.000143669
0.00961495
0.00999496
0.00964312
0.00999909
0.00999482
0.00960322
0.0099988
0.00962442
0.000139336
0.000143195
0.00954956
0.00999414
0.00959169
0.00999903
0.00999635
0.00974347
0.00999923
0.00999432
0.00964069
0.00999895
0.00967108
0.00958182
0.00999922
0.00961544
0.000140255
0.000143967
0.00999489
0.00969796
0.00999839
0.00961326
0.00999855
0.00963645
0.000143167
0.000144434
0.000150053
0.00965282
0.00999745
0.00962048
0.00999997
0.00999704
0.00966787
0.00999995
0.00966918
0.000144185
0.000150293
0.00959753
0.00999761
0.00965622
0.0100009
0.00999686
0.00972565
0.0100009
0.00999735
0.00967615
0.010001
0.00973368
0.00959003
0.0100012
0.00957759
0.000144872
0.000150727
0.00999684
0.00968264
0.0100009
0.00965426
0.0100012
0.00968586
0.000150744
0.000151656
0.000160134
0.0096338
0.00999722
0.0095956
0.00994402
0.00999706
0.00968962
0.00978194
0.00962153
0.000151914
0.000161173
0.00969455
0.00999828
0.0096827
0.00999835
0.00999764
0.00958977
0.00999806
0.00999795
0.00972266
0.00999827
0.00968694
0.00957879
0.00999818
0.00961088
0.000152438
0.000160533
0.00999784
0.0097216
0.00999813
0.00972484
0.00999858
0.00970816
0.000161545
0.000163128
0.000176075
0.009223
0.00959514
0.00861913
0.00872646
0.0094285
0.00933858
0.00864491
0.00859525
0.000164045
0.000176491
0.00928272
0.00971805
0.00832526
0.00839379
0.00999639
0.00857613
0.00920833
0.0095672
0.00920942
0.00846534
0.00850595
0.00966366
0.00946022
0.00879753
0.0001632
0.00017551
0.00999588
0.00886315
0.00880034
0.00968088
0.00862595
0.00852868
0.000175998
0.00018034
0.000196877
0.00846332
0.00877372
0.00910507
0.00905393
0.00884788
0.00861778
0.00918484
0.00913082
0.000180846
0.000197175
0.00771914
0.00796899
0.00838508
0.00863387
0.00887988
0.00868077
0.00866483
0.0081453
0.0078522
0.00866736
0.00851084
0.00852495
0.00867915
0.00857919
0.000179575
0.000196432
0.00848505
0.00879782
0.00861482
0.00817841
0.00848693
0.00811133
0.000196427
0.000202127
0.000218577
0.00933935
0.0094479
0.00965718
0.00999745
0.00942333
0.00921087
0.00999749
0.00963146
0.000202497
0.000219652
0.00922357
0.0095323
0.00967384
0.00999833
0.00905881
0.0097356
0.00999788
0.00946994
0.00915285
0.00999821
0.00973706
0.00884548
0.00999759
0.00967227
0.000201332
0.000217933
0.00935845
0.0097011
0.00999784
0.00884152
0.00999843
0.00966417
0.000218909
0.000222651
0.000232349
0.0096714
0.0099957
0.00970332
0.00999831
0.00999562
0.00964514
0.00999781
0.00966107
0.000223993
0.00023386
0.00966247
0.00999609
0.00962911
0.0099978
0.00999626
0.00976036
0.00999817
0.00999592
0.00974515
0.00999764
0.00976847
0.00967405
0.00999774
0.00967163
0.000222121
0.000232276
0.00999548
0.0096972
0.00999704
0.00967082
0.00999707
0.00966927
0.000233766
0.000232732
0.000233257
0.00970773
0.00999608
0.00972191
0.00999608
0.00999551
0.00967548
0.00999587
0.0096724
0.000234765
0.000234569
0.00961784
0.00999581
0.00959136
0.00999671
0.00999569
0.00977508
0.00999626
0.00999552
0.0097534
0.00999674
0.00973234
0.0096611
0.00999604
0.0096784
0.000232966
0.000233941
0.00999505
0.00970801
0.00999588
0.00968194
0.00999594
0.00968051
0.000234966
0.000230894
0.000224546
0.00972163
0.00999439
0.00971385
0.00999659
0.00999412
0.00968337
0.00999643
0.00966047
0.00023194
0.000224781
0.00959967
0.00999466
0.00963683
0.00999663
0.00999422
0.00975619
0.00999678
0.00999448
0.00972949
0.00999636
0.00976335
0.00965949
0.0099965
0.00966025
0.000231494
0.000224784
0.00999418
0.00970318
0.00999591
0.0097043
0.00999612
0.00970497
0.000224609
0.000221634
0.000213721
0.00973443
0.00999581
0.00973288
0.00999621
0.00999542
0.00969081
0.00999617
0.00967033
0.000221502
0.000212283
0.00963427
0.00999524
0.00964795
0.00999696
0.00999566
0.00976097
0.00999768
0.00999501
0.00977213
0.00999669
0.00978144
0.00968473
0.00999748
0.00970775
0.00022168
0.000213088
0.00999494
0.00969088
0.00999669
0.00972162
0.00999682
0.00966487
0.000211351
0.000211061
0.000203925
0.00976095
0.00999486
0.00978439
0.00999446
0.00999446
0.00971301
0.00999413
0.00972122
0.000209493
0.000202215
0.00964894
0.00999546
0.00966829
0.00999434
0.00999595
0.00977525
0.00999463
0.00999525
0.00978671
0.00999432
0.00978563
0.00973094
0.00999461
0.00971978
0.000210597
0.000203369
0.00999503
0.00967041
0.00999395
0.00968473
0.00999395
0.00967575
0.000201686
0.000201952
0.000196082
0.00979584
0.0099928
0.00978107
0.00999155
0.00999238
0.00976827
0.00999147
0.00975375
0.000200548
0.000196213
0.00965732
0.00999228
0.00967805
0.00999115
0.00999296
0.00976127
0.00999265
0.00999231
0.00980683
0.00999109
0.00980063
0.00973467
0.00999247
0.00969727
0.000201649
0.000195914
0.00999165
0.00971844
0.00999082
0.00971911
0.00999107
0.0097362
0.000195952
0.000194495
0.000190692
0.00978829
0.0099898
0.00975366
0.00998799
0.00998954
0.00978699
0.00998823
0.00973157
0.000195052
0.000192058
0.00964169
0.00998974
0.00961231
0.00998963
0.00999085
0.00974975
0.00998872
0.00998969
0.00980261
0.00998921
0.00976157
0.00968734
0.00998892
0.00967419
0.000194676
0.000191303
0.00998913
0.00972443
0.00998837
0.00975252
0.00998867
0.0097285
0.00019208
0.000189219
0.000187955
0.00975113
0.00998643
0.00972271
0.0099868
0.00998667
0.0097291
0.00998713
0.00963466
0.000190556
0.000188139
0.00958419
0.00998786
0.00962581
0.00998684
0.00998637
0.00976433
0.0099879
0.00998705
0.00973637
0.0099866
0.00973553
0.00970728
0.00998813
0.00971451
0.000189977
0.000188683
0.00998658
0.0097433
0.00998683
0.00970878
0.00998732
0.00962815
0.00018859
0.000186595
0.000187569
0.00972083
0.00998532
0.00967844
0.00998534
0.00998546
0.0096624
0.00998521
0.00955504
0.000187029
0.000189128
0.00961726
0.00998477
0.00963737
0.0099856
0.00998544
0.0097221
0.00998534
0.00998469
0.00970374
0.00998592
0.00971363
0.00971783
0.00998545
0.00965079
0.000187309
0.000187926
0.00998496
0.00971518
0.00998509
0.00965228
0.00998498
0.00954311
0.000189439
0.000186942
0.00019012
0.00969955
0.00998253
0.00968004
0.00998308
0.00998225
0.00958909
0.00998634
0.00458712
0.000190848
0.000205783
0.00959376
0.00998262
0.00961284
0.00998415
0.00998278
0.00420849
0.00998806
0.00998265
0.00965803
0.0099841
0.00970423
0.00961215
0.00998805
0.00422706
0.000187101
0.000190478
0.00998297
0.00969258
0.00998239
0.00957407
0.00998694
0.00450522
0.000206
0.00019003
0.000187901
0.00824575
0.00998325
0.00825931
0.00687046
0.00999236
0.00343022
0.00687014
0.00793392
0.000212583
0.000197738
0.00959353
0.00998796
0.00922085
0.0063657
0.00999291
0.00619614
0.00766735
0.00998782
0.0096541
0.00645085
0.00924822
0.00334619
0.00777438
0.00606108
0.000190391
0.000188526
0.00998316
0.00872563
0.00669417
0.00343375
0.00673263
0.00783954
0.00019825
0.000139764
0.000135915
0.000330856
0.000331862
0.000313299
0.000345234
0.000127027
0.000128007
0.00801195
0.00945358
0.0100484
0.0017509
0.00984806
0.00998871
0.0100204
0.00734306
0.0100419
0.0099519
0.00926851
0.00181792
0.00998874
0.00832461
0.00180099
0.000184432
0.00493373
0.00271555
0.00429046
0.000164674
0.00452233
0.000324919
0.000330314
0.000306694
0.000338605
0.010048
0.00540414
0.00808438
0.00999069
0.0100183
0.00173056
0.0098534
0.00995256
0.00889036
0.00725802
0.00998888
0.00851222
0.00979678
0.00179013
0.00264415
0.00389522
0.00629458
0.00760603
0.00395492
0.00364532
0.00494146
0.00232388
0.00399247
0.000186306
0.00271059
0.00772592
0.00459274
0.000187144
0.00284169
0.00684263
0.0035771
0.00526438
0.003626
0.0054653
0.00389032
0.000173906
0.0636897
0.0284913
0.0547475
0.0613359
0.132126
0.0644985
0.13722
0.0594288
0.0583528
0.023241
0.301098
0.0186178
0.143693
0.15347
0.05111
0.155662
0.190764
0.328414
0.0530384
0.150531
0.17901
0.051945
0.08573
0.0645232
0.00581157
0.0187612
0.00426097
0.0512291
0.14996
0.21457
0.229961
0.0544734
0.136043
0.0843092
0.0521128
0.0509425
0.00675559
0.103147
0.00760294
0.133104
0.0350466
0.0525315
0.0245105
0.0751588
0.0573153
0.0604877
0.0293849
0.300207
0.0193918
0.148598
0.129537
0.0583183
0.246815
0.067223
0.0932245
0.056885
0.156904
0.423054
0.363363
0.162443
0.0588612
0.241689
0.0446087
0.0524473
0.0118993
0.25431
0.0123089
0.125042
0.127946
0.0181066
0.0409463
0.0380474
0.0961899
0.292608
0.182694
0.11319
0.0280952
0.167677
0.0393822
0.13663
0.0253319
0.133711
0.0686706
0.267855
0.0639158
0.275035
0.0571301
0.177116
0.345706
0.447388
0.0593673
0.183763
0.331583
0.0336419
0.108861
0.0595735
0.0656316
0.405827
0.0437587
0.182047
0.0201635
0.315558
0.014977
0.0794145
0.170881
0.230166
0.0246013
0.059087
0.107322
0.0159077
0.132809
0.0223262
0.0693181
0.0132504
0.00841442
0.144526
0.00562956
0.035681
0.0022726
0.0908528
0.00623461
0.0181271
0.0693844
0.0568355
0.0706858
0.377614
0.0603374
0.155747
0.0273846
0.332779
0.0270844
0.015062
0.312532
0.123981
0.043051
0.00244981
0.273728
0.0360339
0.217579
0.0488365
0.0479345
0.00136266
0.282817
0.00271998
0.0364546
0.138346
0.111329
0.0376271
0.00296497
0.101864
0.0026886
0.00700096
0.113659
0.00336417
0.022534
0.000828069
0.0598969
0.00222494
0.0303204
0.00162019
0.0444437
0.00102515
0.00868225
0.00576791
0.0189195
0.0920984
0.103173
0.115474
0.03426
0.0627091
0.0561972
0.0608008
0.0856519
0.245319
0.231187
0.0839914
0.0549294
0.292801
0.0343245
0.106439
0.214585
0.179273
0.0344427
0.053372
0.147362
0.00541709
0.0308347
0.0426462
0.052057
0.0406096
0.00617411
0.027453
0.40755
0.565327
0.391689
0.782558
0.271379
0.769585
0.422565
0.0873097
0.248461
0.127781
0.281961
0.119987
0.259322
0.110287
0.458772
0.404334
0.552716
0.77513
0.375501
0.474313
0.711988
0.0687766
0.283732
0.319354
0.378358
0.302427
0.0702827
0.279085
0.661771
0.634411
0.217463
0.871368
0.447362
0.89267
0.313766
0.145679
0.414236
0.442143
0.160138
0.163407
0.165083
0.506017
0.161475
0.432277
0.156943
0.171616
0.503876
0.177818
0.519982
0.160266
0.520128
0.166836
0.170881
0.575427
0.167738
0.561658
0.178059
0.187745
0.548189
0.583123
0.189162
0.17529
0.567484
0.156447
0.345762
0.139705
0.155136
0.465387
0.172815
0.409655
0.129057
0.274981
0.31151
0.131016
0.135781
0.136228
0.358849
0.172852
0.194979
0.512652
0.463164
0.18952
0.186163
0.456462
0.125948
0.345053
0.128926
0.142926
0.402988
0.155407
0.398747
0.17392
0.533894
0.176009
0.167313
0.557211
0.171235
0.488429
0.163361
0.193395
0.578654
0.455201
0.175058
0.190025
0.46367
0.17574
0.500113
0.389503
0.185247
0.150254
0.148539
0.413319
0.0543332
0.303116
0.0794508
0.127881
0.301076
0.140978
0.364783
0.212262
0.214788
0.513148
0.447424
0.200435
0.249659
0.504508
0.121425
0.326959
0.0991833
0.156161
0.419678
0.160823
0.415332
0.0662679
0.27137
0.148546
0.229519
0.369472
0.266463
0.4238
0.0321692
0.18682
0.174119
0.0682326
0.0758995
0.129518
0.262654
0.00124244
0.00147631
0.00929616
0.00599058
0.00157916
0.00145903
0.00599852
0.00106462
0.00592079
0.000723202
0.00847619
0.00148245
0.000423345
0.00851196
0.0680953
0.0469788
0.0346756
0.00913112
0.0689044
0.0447284
0.0331825
0.0673904
0.0678029
0.27428
0.250282
0.0676237
0.0674911
0.250298
0.0648283
0.265179
0.280299
0.0315641
0.0651927
0.258087
0.0294268
0.587265
0.329515
0.237262
0.0771862
0.522549
0.350174
0.258804
0.0058795
0.00622643
0.00667893
0.0079636
0.103522
0.0930175
0.183221
0.178454
0.136081
0.138107
0.126795
0.543177
0.432185
0.391384
0.454178
0.0955919
0.515332
0.451749
0.535797
0.452158
0.414566
0.523691
0.417988
0.524894
0.050671
0.0477065
0.11881
0.117017
0.123936
0.112221
0.360801
0.416539
0.0769179
0.451915
0.0824673
0.459953
0.35305
0.377835
0.465408
0.371082
0.456142
0.380166
0.465731
0.369345
0.0355022
0.0351363
0.439711
0.470309
0.431743
0.385609
0.49896
0.404747
0.46172
0.0486872
0.287303
0.299628
0.25442
0.224733
0.0467545
0.354884
0.0974933
0.108995
0.11526
0.0931452
0.0341903
0.0335798
0.35568
0.445516
0.360092
0.39447
0.370368
0.411997
0.344081
0.234269
0.24371
0.0397361
0.294858
0.0402808
0.314494
0.225108
0.0460626
0.0359002
0.141651
0.61562
0.467547
0.429902
0.468467
0.103386
0.594
0.275219
0.244086
0.203231
0.226634
0.791151
0.695042
0.702774
0.657349
0.758221
0.762492
0.653861
0.0711008
0.0666798
0.404743
0.440275
0.0876158
0.519631
0.0939375
0.544079
0.390368
0.19171
0.200272
0.21246
0.180208
0.614921
0.691059
0.665549
0.586317
0.697217
0.612542
0.588824
0.138344
0.0187006
0.304785
0.162961
0.145043
0.204986
0.269921
0.27436
0.115209
0.167455
0.200416
0.0390007
0.0435105
0.177816
0.22229
0.026179
0.237783
0.0288731
0.24544
0.169169
0.0150661
0.0129856
0.175714
0.224084
0.224739
0.15216
0.234858
0.136382
0.164646
0.0284427
0.0208094
0.0251742
0.0247416
0.662674
0.740105
0.620315
0.609057
0.739959
0.635961
0.719157
0.0955065
0.0864167
0.725828
0.145473
0.571225
0.578663
0.693286
0.707238
0.142926
0.193498
0.203218
0.215345
0.182494
0.573017
0.673046
0.571818
0.632243
0.596848
0.65627
0.547927
0.0785142
0.0735676
0.544288
0.637584
0.617395
0.119799
0.645966
0.127977
0.517563
0.202374
0.20575
0.0911309
0.103818
0.748502
0.383622
0.654149
0.513276
0.692509
0.449672
0.235109
0.300548
0.201655
0.0837876
0.198182
0.104199
0.129897
0.0849893
0.107074
0.0643449
0.0316955
0.0171829
0.0294408
0.0164095
0.287222
0.384892
0.157778
0.0300754
0.259974
0.0943265
0.131748
0.118763
0.0196355
0.185678
0.164517
0.866219
0.977024
1.08125
0.982201
0.70684
0.802547
0.871381
0.242239
0.18989
0.708526
0.667069
0.536324
0.558187
0.684381
0.705258
0.630685
0.164532
0.702033
0.186411
0.600452
0.754886
0.603609
0.64675
0.537316
0.717186
0.6832
0.617304
0.155059
0.129868
0.441185
0.362616
0.44374
0.374494
1.01783
0.356455
1.0891
0.87971
0.882345
0.830584
0.258849
0.697546
0.624257
0.460618
0.533489
0.244378
0.171035
0.681998
0.565054
0.43747
0.526164
0.567955
0.712335
0.522809
0.638429
0.591452
0.411548
0.113384
0.587147
0.170413
0.455153
0.330824
0.315701
0.403946
0.246467
0.118306
0.0872167
0.173886
0.000211979
0.00026349
0.00033388
0.00033401
0.000311343
0.00035053
0.00226555
0.000185226
0.00412407
0.00269762
0.00767802
0.000186428
0.00498742
0.00481878
0.00409531
0.00656305
0.00581228
0.00398932
0.00474897
0.00670918
0.000344009
0.00010873
0.000661566
0.000505344
0.000356574
0.000398526
0.000263227
0.00407856
0.000872761
0.00149904
0.0022369
0.000197369
0.00207596
0.00442011
0.00395054
0.000746036
0.0016762
0.00698557
0.002868
0.00927667
0.000130344
0.000133436
0.00283611
0.00358333
0.00736126
0.00536695
0.00365589
0.00390836
0.00574636
0.00175491
0.000186201
0.0043766
0.00251659
0.00493142
0.000165846
0.00425085
0.00065804
0.000462115
0.000345954
0.000398066
0.000186363
0.000108892
0.00317512
0.00417828
0.000649129
0.00177786
0.0097147
0.0022549
0.00665967
0.000151579
0.00240421
0.000610778
0.00214496
0.00281707
0.000177291
0.00206528
0.000174047
0.000177758
0.00199005
0.000176665
0.00402922
0.0025834
0.00343212
0.000175213
0.00446268
0.000324945
0.000334005
0.000306654
0.000342628
0.00276419
0.00494493
0.00446369
0.00491153
0.00376602
0.00402036
0.00357212
0.00018361
0.00011058
0.000295636
0.00252175
0.000990164
0.0017355
0.00227234
0.000188596
0.0027325
0.000623121
0.00039235
0.000283653
0.000403339
0.00268373
0.00208555
0.0008827
0.00179643
0.00404059
0.00329253
0.00275109
0.000127359
0.00013281
0.00262031
0.00624279
0.00387096
0.0075537
0.00387499
0.00482343
0.00352952
0.000320858
0.0003327
0.000307523
0.000338027
0.000163152
0.0032975
0.000628315
0.00245176
0.00244013
0.000171678
0.00232766
0.000177259
0.000108329
0.00431878
0.00208911
0.000831504
0.00160875
0.00957104
0.00652066
0.00205722
0.000634997
0.000372635
0.000277609
0.000397793
0.0027254
0.00433108
0.00500808
0.00494949
0.00372602
0.00349499
0.00401623
0.000127187
0.000128113
0.00199781
0.00417795
0.000176847
0.00262607
0.00350919
0.004976
0.000175495
0.000638953
0.00039199
0.000283347
0.000397613
0.00194504
0.00268786
0.000883621
0.00179173
0.00408861
0.00268607
0.00329188
0.000183547
0.000110604
0.00254599
0.000295653
0.000988326
0.00172064
0.00225043
0.00279771
0.000188824
0.000321569
0.000333335
0.000307815
0.000339051
0.00180862
0.00491311
0.000184359
0.0027164
0.00433008
0.00446847
0.000164578
0.000127358
0.000132755
0.00199926
0.00433101
0.000829485
0.00161058
0.00956465
0.00208222
0.00666129
0.000640982
0.000373289
0.000277567
0.000397653
0.00327365
0.000163281
0.000628323
0.00243922
0.00243541
0.00234065
0.000171675
0.000177265
0.000108324
0.00021221
0.00026348
0.0049966
0.00622672
0.00406782
0.00579271
0.00401587
0.00670074
0.00477719
0.000140147
0.000136671
0.000334541
0.000335457
0.000313071
0.000351396
0.00390332
0.000263409
0.000874577
0.00150833
0.00228043
0.00204458
0.00019783
0.00382889
0.00442627
0.000749078
0.00168579
0.00713488
0.00927427
0.00286743
0.000344837
0.000108954
0.000661495
0.000506626
0.000357098
0.000399659
0.00173756
0.00426539
0.000186805
0.00249854
0.0049983
0.00426129
0.000165991
0.000331258
0.000332795
0.000314371
0.000345815
0.000130637
0.000133969
0.00402122
0.00319273
0.000646326
0.00177708
0.00971228
0.00627088
0.00225549
0.00238247
0.000151681
0.000608813
0.00214881
0.00280031
0.00203884
0.000177374
0.000658075
0.000463597
0.000346455
0.000399198
0.000186655
0.000109041
0.000177547
0.0327995
0.0187398
0.0319127
0.0242664
0.00216857
0.00315178
0.0435998
0.00666868
0.00189728
0.00755103
0.0104628
0.00299262
0.0241784
0.00701515
0.0578034
0.00153613
0.0117638
0.0219355
0.0681627
0.0883836
0.051551
0.0100559
0.0220756
0.106905
0.0460568
0.0229217
0.0234244
0.00580791
0.00184666
0.0342106
0.00478868
0.0194658
0.00490173
0.00378823
0.010187
0.0095651
0.141929
0.0790242
0.0623545
0.0180569
0.050359
0.156156
0.0624152
0.0500329
0.0574729
0.25866
0.247266
0.0595351
0.0546363
0.229327
0.0462344
0.0859247
0.0209797
0.242439
0.0178025
0.0532998
0.191515
0.0187969
0.0186003
0.135414
0.101449
0.0185116
0.0982685
0.0185968
0.0185734
0.0959134
0.00839809
0.104179
0.0175295
0.0082946
0.0832829
0.261868
0.249596
0.127674
0.0489821
0.292398
0.12188
0.220975
0.0166486
0.0177944
0.130735
0.0966298
0.0976691
0.0160888
0.0178185
0.0136867
0.0553916
0.137587
0.00554031
0.0780269
0.0133927
0.0053071
0.0388653
0.0523866
0.0167784
0.00501947
0.0350351
0.0552497
0.0166459
0.0610797
0.0646879
0.0775316
0.0788551
0.207235
0.157183
0.217128
0.305155
0.173831
0.402709
0.199486
0.190668
0.432243
0.366681
0.0637449
0.166742
0.56907
0.0696837
0.101535
0.0757357
0.0175627
0.00760173
0.0790727
0.0755541
0.0214873
0.146521
0.125831
0.0532118
0.240929
0.203671
0.086947
0.178881
0.107626
0.152093
0.0543028
0.0137486
0.172465
0.0493013
0.0366043
0.0431381
0.0402499
0.0968981
0.0827613
0.0764314
0.089554
0.0631227
0.0595867
0.433279
0.569682
0.388703
0.395161
0.352405
0.455598
0.2865
0.252819
0.295844
0.214398
0.292718
0.196061
0.205188
0.155149
0.0207018
0.200228
0.147758
0.139736
0.181797
0.0187325
0.193815
0.193426
0.172374
0.164248
0.184669
0.258054
0.555523
0.390261
0.466556
0.169756
0.464922
0.237894
0.154714
0.199137
0.170534
0.0691349
0.0885252
0.0468511
0.0419792
0.110426
0.115209
0.0643598
0.0576781
0.129033
0.0985846
0.0975345
0.568326
0.146325
0.525085
0.458738
0.51408
0.50891
0.129897
0.320037
0.436001
0.396442
0.292971
0.292036
0.244282
0.377662
0.0102686
0.024031
0.0280348
0.0391782
0.0583142
0.0484273
0.047804
0.0427898
0.0477913
0.266244
0.326166
0.195187
0.232738
0.181262
0.194845
0.102012
0.137999
0.105775
0.0989609
0.130256
0.0828098
0.0458328
0.0435012
0.0621727
0.00758076
0.108465
0.101981
0.0767641
0.00621296
0.102671
0.118551
0.150776
0.132907
0.134703
0.0782536
0.356177
0.07521
0.19915
0.0305438
0.225889
0.0196996
0.037714
0.0106416
0.0126638
0.0117198
0.015186
0.00501709
0.00661765
0.0106214
0.027594
0.0229783
0.0301603
0.0152429
0.0192092
0.0159074
0.237954
0.334788
0.0906575
0.310827
0.291907
0.270697
0.0751487
0.00216456
0.00753583
0.0355642
0.00461384
0.0109783
0.00445995
0.00543891
0.000150424
0.00721825
0.0108356
0.00909351
0.018649
0.0147007
0.0115911
0.0169276
0.0237213
0.103761
0.0475917
0.0313227
0.0682711
0.0391783
0.0116403
0.00777257
0.037139
0.0211882
0.016899
0.0177096
0.0122865
0.006748
0.00727997
0.00621592
0.00124209
0.0183081
0.0124983
0.0097328
0.000781524
0.0138509
0.0327066
0.065484
0.0549441
0.0413608
0.0119635
0.056433
0.00441005
0.00623206
0.00445593
0.00534322
0.00397486
0.00799085
0.00408028
0.00459561
0.00463018
0.00470064
0.00395944
0.00390803
0.00174846
0.00351898
0.0039719
0.00479205
0.0022567
0.00262149
0.0032336
0.00557228
0.0476212
0.0139179
0.028536
0.0493251
0.00848956
0.00223262
0.00136915
0.00318428
0.00176075
0.00375312
0.00139941
0.00298654
0.00175451
4.62793e-05
0.000340393
0.000894025
0.000701559
0.00167209
0.00140203
0.000804006
0.00141822
0.00332289
0.00683675
0.0046343
0.00473072
0.0033068
0.00401608
0.00319466
0.00504746
0.00594947
0.0047231
0.00453034
0.00407975
0.0041416
0.00490115
0.00412218
0.000842416
0.000127587
0.0028779
0.00102153
0.00114369
8.5671e-05
0.00228074
0.000211209
0.00320093
0.0012167
0.00055279
0.00438522
0.00369646
0.00398533
0.00406913
0.00462908
0.00365297
0.00398114
0.00413055
0.00395251
0.00382137
0.00474868
0.00404581
0.00392935
0.0038058
0.00109963
0.00135711
0.00237607
0.00258924
0.00111589
0.0012788
0.0022642
0.000692586
0.00283115
6.8802e-05
0.000724513
0.00068254
0.00264077
6.77866e-05
0.00142672
0.00296447
0.00187675
0.00387107
0.00141945
0.00297936
0.00187667
4.75851e-05
0.000111883
0.000102675
0.000168579
0.000207075
0.000185472
0.000191288
9.92712e-05
0.000126702
0.00417896
0.00273908
0.00498246
0.00303416
0.00344477
0.00266409
0.00493423
0.00386429
0.00519094
0.0040554
0.0042935
0.00368685
0.00549732
0.00393081
0.00086838
5.48605e-05
0.00169576
0.000799513
0.000772283
5.67158e-05
0.00185244
0.000165406
0.000215696
0.000174702
0.000196864
0.00491936
0.00350284
0.00398996
0.00331691
0.0052902
0.00283845
0.00405907
0.00399292
0.00388685
0.00375696
0.00496087
0.0039234
0.00384646
0.00366481
0.00142762
0.0016366
0.00234976
0.0029794
0.00144367
0.00154503
0.00236657
0.000681147
0.00288622
6.80285e-05
0.0007025
0.000743708
0.00254324
6.4448e-05
0.00161608
0.00338893
0.00216471
0.00372474
0.00158921
0.00350278
0.0022176
5.20154e-05
8.51945e-05
9.10054e-05
0.000171991
0.000195213
0.000177209
0.000181684
8.99347e-05
8.77766e-05
0.00314177
0.00245098
0.00468326
0.00229618
0.00284082
0.00217273
0.00365241
0.00351579
0.00532421
0.00381041
0.00313722
0.00335659
0.00492132
0.00386087
0.000649702
5.78502e-05
0.00202237
0.000801188
0.000652045
6.55489e-05
0.00211569
0.000177899
0.000196131
0.00017083
0.000203142
0.00578633
0.00201711
0.00343786
0.00203598
0.00401305
0.00136799
0.00230669
0.00390295
0.00386207
0.00353185
0.00547948
0.00400937
0.00338541
0.00336912
0.00128712
0.00168629
0.00294115
0.00363002
0.00141065
0.00153231
0.00315395
0.00047332
0.00175527
6.07751e-05
0.000485408
0.00052196
0.00139373
6.00422e-05
0.00150214
0.00328285
0.00222627
0.00332732
0.00156942
0.00328225
0.00204114
5.21797e-05
8.36276e-05
7.92405e-05
0.000147474
0.000153478
0.000144778
0.000162934
0.000112203
0.000102486
0.00209083
0.00191837
0.00278704
0.00159753
0.00174297
0.00170714
0.00254376
0.00339411
0.0042959
0.00276348
0.00227553
0.00202465
0.00290418
0.00192812
0.000636609
8.67449e-05
0.00172751
0.000833581
0.000674481
9.87724e-05
0.00198024
0.000258062
0.000253291
0.000226562
0.000285908
0.00286879
0.000974864
0.00151718
0.00145734
0.00225278
0.000809102
0.00105921
0.00243787
0.00215733
0.00247031
0.00284527
0.00158593
0.00136504
0.00143594
0.000996221
0.0014564
0.00238626
0.00250576
0.00114486
0.0012837
0.00192512
0.000374198
0.000678028
7.78582e-05
0.000426713
0.000358171
0.000551003
8.83654e-05
0.000806849
0.0021674
0.00102923
0.00145409
0.00100486
0.00174372
0.000719304
4.71485e-05
0.000126075
0.000109803
0.000251002
0.000225758
0.000209066
0.000272182
0.000178364
0.000153317
0.00172048
0.00172486
0.00255169
0.00175156
0.00185669
0.00197009
0.00297485
0.00197983
0.00237228
0.00186503
0.00161881
0.00128538
0.00252892
0.001391
0.000500965
0.000232356
0.00108773
0.00112403
0.000485153
0.00033151
0.00100669
0.000467802
0.000423181
0.00038826
0.000502209
0.00213383
0.000871267
0.000940046
0.00185454
0.0025943
0.00116696
0.00108898
0.00126984
0.000957848
0.00078085
0.00213345
0.00114901
0.000917384
0.000569804
0.000331155
0.000473579
0.000731729
0.000728008
0.000456767
0.000341416
0.00058554
0.000791486
0.000586369
0.000156054
0.000805404
0.000620798
0.000694874
0.00019198
0.000378847
0.000582459
0.000390328
0.000478366
0.000376379
0.000466257
0.000442355
6.02796e-05
0.000223914
0.000194421
0.000524688
0.000465774
0.000437553
0.000553624
0.000283524
0.000251979
0.00247053
0.00255601
0.00389946
0.00337702
0.00348353
0.00348671
0.00525419
0.00150192
0.00338284
0.00162598
0.00316659
0.00233239
0.00481591
0.00231117
0.0015164
0.000271618
0.00123476
0.00151329
0.00133164
0.000354735
0.00136049
0.000832103
0.000756803
0.000713064
0.000866001
0.00344414
0.00172358
0.00152547
0.00340204
0.00487
0.00260122
0.00234268
0.00128668
0.00121844
0.000738301
0.00425794
0.00200367
0.00196337
0.00128488
0.000693223
0.000703165
0.000593687
0.000958388
0.000496207
0.000916242
0.000733208
0.00189085
0.00135941
0.000385746
0.00183217
0.00146809
0.00162884
0.000505231
0.00103836
0.000683567
0.000943097
0.00109514
0.000783664
0.000919651
0.00122148
0.000239137
0.000362959
0.000328662
0.000898207
0.000851569
0.000808475
0.000952483
0.000405897
0.000366926
0.00510924
0.00501467
0.00743723
0.00688809
0.00755666
0.00758966
0.010149
0.0037769
0.00715384
0.00368528
0.00735167
0.0060059
0.0101382
0.00579281
0.00417264
0.000580641
0.0033203
0.00382337
0.00323226
0.000701712
0.00355562
0.00118611
0.00111855
0.00108435
0.00123635
0.00695565
0.00396049
0.00366666
0.00736517
0.0101361
0.00619145
0.00567585
0.00332263
0.00334115
0.00242076
0.0101212
0.00556163
0.00559366
0.00436303
0.00295395
0.00236749
0.00201089
0.00324767
0.00210721
0.00329705
0.00275035
0.00448753
0.00334669
0.00091741
0.00440142
0.0034509
0.00400202
0.00108974
0.00311182
0.00221511
0.0026642
0.00345421
0.00242312
0.00295261
0.00345499
0.0019474
0.000526747
0.00048593
0.0011989
0.00121317
0.0011317
0.00130625
0.000554698
0.00052149
0.0100402
0.0100448
0.0101008
0.0100001
0.0100295
0.0100333
0.0100789
0.00998718
0.0100847
0.00930772
0.0100128
0.00997756
0.0100621
0.0100136
0.00892985
0.000804273
0.00847904
0.00872027
0.00846471
0.000859337
0.00881037
0.00139909
0.00145772
0.00135302
0.00152927
0.0100948
0.0100037
0.00906054
0.0100317
0.0100747
0.00999653
0.0100226
0.00909393
0.00892483
0.00724069
0.0100591
0.0100066
0.0100095
0.00997143
0.00860448
0.00697745
0.00646368
0.00878582
0.00695557
0.00899349
0.00836189
0.00875425
0.00910176
0.000996572
0.00894615
0.0082414
0.00994634
0.000990478
0.00800388
0.00602373
0.00667359
0.00876629
0.0062194
0.00765379
0.00862344
0.0016874
0.000669691
0.000639105
0.00153156
0.00150348
0.00140375
0.0016086
0.000648425
0.000638274
0.010022
0.0100252
0.0100655
0.00999425
0.0100179
0.0100201
0.0100576
0.00997384
0.0100534
0.0100049
0.0100093
0.00997462
0.0100511
0.0100029
0.0091413
0.00089971
0.0099039
0.00899612
0.00908069
0.000957464
0.00990826
0.00151895
0.00164266
0.00149097
0.00167931
0.0100626
0.00999476
0.0100158
0.0100208
0.0100566
0.00999502
0.0100152
0.0100017
0.0100055
0.00997037
0.0100494
0.0100012
0.0100077
0.009972
0.00974253
0.00979059
0.00993624
0.00994455
0.00970582
0.00979088
0.00994008
0.00895669
0.00994486
0.000904725
0.00911908
0.00890629
0.00994952
0.000924784
0.00979763
0.00995489
0.00986895
0.00996361
0.00975974
0.009958
0.00987618
0.00112408
0.000810272
0.000746742
0.00200178
0.00188469
0.00177616
0.0020953
0.000725656
0.000689788
0.0100182
0.0100183
0.010055
0.00999372
0.0100202
0.0100183
0.0100552
0.00997753
0.0100516
0.0100038
0.0100134
0.00998058
0.0100526
0.0100062
0.00915217
0.00109252
0.00991138
0.00880944
0.00913028
0.00121121
0.00991404
0.00172314
0.00176315
0.00161279
0.00184956
0.0100547
0.00999511
0.0100163
0.0100172
0.0100544
0.00999515
0.0100176
0.0100027
0.0100118
0.00997562
0.0100528
0.0100059
0.0100161
0.00997952
0.00976574
0.00979317
0.00994644
0.00995719
0.00973658
0.00978606
0.00995225
0.00902586
0.00995045
0.00101423
0.00918694
0.00899385
0.00995029
0.00112175
0.00984287
0.00996756
0.00990534
0.00997894
0.00981093
0.00997281
0.00991022
0.00119716
0.00114586
0.00100792
0.00283164
0.00261195
0.00249905
0.00298433
0.00100508
0.000887143
0.0100217
0.0100183
0.0100553
0.00999607
0.0100223
0.0100182
0.0100549
0.00998345
0.0100535
0.0100087
0.0100179
0.0099867
0.0100535
0.0100112
0.00918712
0.00151347
0.00992114
0.0089693
0.00914887
0.0016968
0.00992469
0.00230982
0.00222223
0.0020296
0.00250337
0.0100543
0.00999537
0.0100187
0.0100173
0.0100537
0.00999576
0.010019
0.0100095
0.0100196
0.00998423
0.0100543
0.0100123
0.0100216
0.00998873
0.00979039
0.00978503
0.00996242
0.00997289
0.00977043
0.00979001
0.00996616
0.00906216
0.00994673
0.00134716
0.00913794
0.00901661
0.0099479
0.00156387
0.0098515
0.00997793
0.00991523
0.00998739
0.00983197
0.00998045
0.00991891
0.00150658
0.00174717
0.00151654
0.00388819
0.00374687
0.00345086
0.00413237
0.00181156
0.00146111
0.0100233
0.0100195
0.0100548
0.00999897
0.0100243
0.0100208
0.0100546
0.00999049
0.0100525
0.010014
0.0100224
0.0099945
0.0100513
0.0100168
0.00923572
0.00204364
0.00993813
0.00885502
0.00920676
0.00220365
0.00994194
0.00399032
0.00362597
0.00323316
0.00439362
0.0100529
0.00999708
0.0100195
0.0100186
0.010052
0.00999857
0.0100207
0.0100149
0.0100225
0.00999278
0.0100521
0.0100177
0.0100234
0.0099968
0.00980666
0.00981625
0.00997109
0.00997894
0.00978833
0.00982853
0.0099736
0.00912075
0.00995047
0.00216067
0.00919342
0.00907097
0.00995254
0.00268868
0.00986336
0.0099811
0.00991579
0.00998923
0.00984978
0.00998297
0.00991931
0.00205384
0.00242267
0.0021177
0.00460666
0.00481658
0.00447858
0.00516638
0.0025286
0.00252612
0.010024
0.0100207
0.010053
0.00999885
0.0100226
0.0100197
0.0100521
0.00999713
0.0100498
0.0100186
0.0100224
0.00999888
0.0100507
0.0100196
0.00927486
0.0026213
0.00995197
0.00927441
0.00923754
0.00301925
0.00995522
0.00454472
0.00518857
0.00454291
0.00519879
0.0100507
0.00999948
0.0100214
0.0100187
0.0100508
0.00999919
0.0100214
0.0100193
0.0100235
0.00999961
0.0100511
0.0100204
0.0100233
0.0100011
0.00982576
0.00985802
0.0099764
0.00998354
0.00980154
0.0098614
0.00997881
0.00915538
0.00995534
0.00356328
0.00923638
0.00911272
0.00995714
0.00356463
0.00986714
0.00998283
0.00991591
0.00999029
0.009847
0.0099853
0.00991721
0.00349689
0.00255845
0.00255646
0.0046097
0.00516693
0.00460736
0.00516972
0.00253431
0.00253211
0.0100219
0.0100192
0.0100538
0.00999736
0.0100219
0.0100189
0.0100552
0.00999937
0.0100533
0.0100202
0.010022
0.00999862
0.010055
0.0100198
0.00930321
0.0035514
0.00995887
0.00940256
0.00925859
0.0035521
0.00996056
0.00454844
0.00519932
0.00454634
0.00521072
0.0100532
0.00999805
0.0100212
0.0100182
0.0100552
0.00999644
0.0100209
0.0100211
0.0100233
0.0100014
0.0100556
0.0100208
0.0100227
0.0100001
0.00983273
0.0098777
0.00997959
0.00998606
0.00981847
0.00988055
0.00998047
0.00917987
0.00995661
0.00356685
0.00923014
0.0091439
0.00995651
0.00356771
0.00987478
0.00998418
0.00991605
0.00998936
0.00985724
0.00998513
0.00991826
0.00371633
0.00256219
0.00256028
0.00461213
0.00516964
0.00460973
0.00517236
0.00253824
0.00253649
0.0100214
0.0100182
0.0100557
0.00999755
0.0100212
0.0100179
0.0100554
0.00999711
0.0100555
0.0100189
0.010021
0.00999699
0.0100549
0.0100187
0.00932823
0.00355481
0.00995831
0.00923761
0.00929549
0.00355545
0.00995936
0.00455179
0.00520305
0.00455
0.00521483
0.0100563
0.00999465
0.0100207
0.0100185
0.0100561
0.00999439
0.0100206
0.0100197
0.0100216
0.00999791
0.0100551
0.0100193
0.0100212
0.00999722
0.00982039
0.00988214
0.00997734
0.00998436
0.00980668
0.00988498
0.00997852
0.00919688
0.00995445
0.0035703
0.00906524
0.00918177
0.00995548
0.00357105
0.00985666
0.00997987
0.00990905
0.00998581
0.00984297
0.00998061
0.00991229
0.00347077
0.000967772
0.00126216
0.00220528
0.00310103
0.00284249
0.00239707
0.00101566
0.0013615
0.00997009
0.0100186
0.0100543
0.0074042
0.00835028
0.00820571
0.0100527
0.00864301
0.0100539
0.0098488
0.00823875
0.00739975
0.0100526
0.00821469
0.00779331
0.00158073
0.00873021
0.00735803
0.00864145
0.00120907
0.00783053
0.00244921
0.00348512
0.00329957
0.0026019
0.0100544
0.00900638
0.0100206
0.00818463
0.0100526
0.00731501
0.00824916
0.00992854
0.00989569
0.00888703
0.0100523
0.00820384
0.00814603
0.00734439
0.00825765
0.00926502
0.0092855
0.0082667
0.00916959
0.00825549
0.00824136
0.008401
0.00890316
0.00185024
0.00721288
0.00919833
0.00788856
0.0014231
0.00859296
0.00963995
0.00972474
0.00855834
0.00968093
0.00858246
0.00864033
0.00129375
0.000488976
0.000568653
0.00113183
0.00141114
0.00131268
0.00121465
0.000482201
0.000575049
0.00722605
0.00698541
0.0100514
0.00554175
0.00636459
0.00612161
0.0100513
0.00655531
0.0100515
0.00723537
0.00653834
0.00596419
0.0100518
0.00662107
0.0061828
0.000744652
0.00681446
0.00611845
0.00685233
0.000637564
0.00617376
0.00114001
0.00148032
0.00136925
0.00123594
0.0100514
0.00619566
0.0070176
0.00610485
0.0100514
0.00541389
0.00617306
0.00717391
0.00702388
0.00633702
0.0100522
0.00657195
0.00633678
0.00577192
0.00621686
0.00696129
0.00684756
0.00616988
0.00705964
0.00623643
0.00612321
0.00559212
0.00603481
0.000791768
0.00542062
0.00601875
0.00553985
0.000660981
0.00587401
0.00619775
0.00607892
0.00580332
0.00623353
0.00585845
0.00576595
0.000664606
0.000296219
0.000332121
0.000700847
0.00083575
0.000781268
0.000747884
0.000291861
0.00032745
0.00569932
0.00558513
0.00941489
0.00472921
0.00533791
0.00532992
0.00894009
0.00542301
0.00978499
0.00604415
0.00550787
0.00499662
0.00916305
0.00560719
0.00501577
0.000440118
0.00523742
0.00508786
0.0051778
0.000392597
0.00503078
0.000688308
0.000842611
0.000773593
0.000753662
0.00945738
0.00500966
0.00570118
0.00535157
0.00903183
0.00486053
0.00553023
0.00606659
0.00592499
0.00538452
0.00927321
0.00567016
0.00566039
0.00509976
0.00503355
0.00517356
0.00516285
0.00508073
0.00514128
0.00510298
0.00503603
0.00490176
0.00500436
0.000441212
0.00477425
0.00502473
0.00487989
0.000390813
0.00508673
0.00517446
0.00512957
0.00506573
0.00519851
0.00504905
0.00512555
0.000407521
0.000202497
0.000222055
0.00048252
0.000565082
0.000530666
0.00051441
0.000201023
0.000220793
0.00525661
0.00525272
0.00883957
0.00465151
0.00524318
0.00524803
0.00879188
0.0047561
0.00882974
0.00537764
0.0051337
0.00460441
0.00859014
0.00520653
0.00475556
0.000297152
0.00465202
0.004657
0.00465486
0.000271409
0.00471622
0.000473976
0.00056964
0.000521674
0.000517595
0.00889244
0.00478663
0.00543745
0.00523187
0.00877729
0.00475092
0.00533434
0.00540912
0.00544794
0.00490224
0.0086443
0.00522869
0.00529417
0.00474355
0.00496499
0.00478342
0.00477365
0.00477772
0.00477575
0.00483759
0.00486201
0.00488788
0.0047894
0.000297406
0.0045926
0.00487977
0.00479096
0.000272913
0.00499586
0.0048775
0.00490712
0.00486445
0.00491083
0.00491528
0.00489957
0.000285058
0.000153108
0.000164052
0.000363034
0.00041511
0.000389279
0.000386015
0.000151522
0.000162414
0.00528118
0.00529846
0.00878563
0.00491375
0.00548138
0.0054832
0.0090553
0.00461182
0.00857731
0.00516013
0.00542932
0.00481934
0.00891472
0.00534046
0.0047426
0.000221907
0.00465745
0.00466845
0.00471981
0.00020751
0.00471447
0.000357934
0.000416667
0.000384197
0.000390558
0.00872706
0.00472344
0.0052579
0.00540266
0.00893382
0.00480274
0.00533869
0.00517341
0.00523913
0.00466875
0.00887473
0.00532527
0.00534277
0.00477089
0.00470751
0.00482777
0.00475666
0.00478917
0.00481298
0.00482908
0.00471449
0.00465096
0.00460979
0.000223204
0.00448744
0.00468
0.00459757
0.000208987
0.00468943
0.00467373
0.00471321
0.00463285
0.0047516
0.00465367
0.00462033
0.000217718
0.000125575
0.000131629
0.000296803
0.000331505
0.000311296
0.000316794
0.00012371
0.000129902
0.00591327
0.00585503
0.00972491
0.00594816
0.00670087
0.00651321
0.0100338
0.00525099
0.00963905
0.00579602
0.00674947
0.0060379
0.0100336
0.00663455
0.00526251
0.000178161
0.00508726
0.00521079
0.00510431
0.000169857
0.00527964
0.000291758
0.00033197
0.000307044
0.000315654
0.00959649
0.00509197
0.00569007
0.00647304
0.010034
0.00567179
0.00639536
0.00574753
0.00568526
0.00509006
0.0100335
0.00655821
0.00639361
0.00572432
0.0051488
0.00504465
0.00498197
0.00517679
0.00508245
0.00518628
0.0051303
0.00488048
0.00473814
0.000177768
0.00480443
0.00478143
0.0048887
0.000169054
0.00489468
0.0048002
0.00486052
0.00493908
0.00481404
0.00492439
0.00493113
0.00017669
0.00011041
0.000113204
0.000261444
0.000285518
0.000268052
0.000278785
0.000107956
0.000110936
0.00804684
0.00774763
0.0100322
0.00926795
0.0100168
0.0100164
0.0100315
0.00736454
0.0100327
0.00807578
0.0100164
0.00958977
0.0100323
0.0100155
0.00691645
0.000152387
0.0065506
0.00675962
0.00654246
0.000147984
0.00707166
0.000253141
0.000281826
0.000260705
0.000273973
0.010032
0.00678025
0.00767024
0.009799
0.0100311
0.00879755
0.00986469
0.00793749
0.00770751
0.00692084
0.0100323
0.0100151
0.0100164
0.00904169
0.00687162
0.00647696
0.00631936
0.00697941
0.0064338
0.00681963
0.00692545
0.00668777
0.00603684
0.000150181
0.00663745
0.00600589
0.00670155
0.000145644
0.00685383
0.00611428
0.00609272
0.00681066
0.006066
0.00680802
0.00677027
0.000152729
0.000102414
0.000103631
0.000242302
0.000261685
0.000245286
0.000258437
0.000100847
0.000101807
0.0100172
0.0100167
0.0100309
0.0100022
0.0100182
0.0100176
0.010031
0.0100009
0.0100319
0.0100162
0.0100181
0.0100021
0.0100315
0.010017
0.0096466
0.000138579
0.00997893
0.00973399
0.0096215
0.000136463
0.00998282
0.000236023
0.000258028
0.000238367
0.000255362
0.0100308
0.0100013
0.0100162
0.0100167
0.0100307
0.0100025
0.0100171
0.0100158
0.0100169
0.0100019
0.0100317
0.0100169
0.0100178
0.0100029
0.00989254
0.00991844
0.00998481
0.00999333
0.00988053
0.00992851
0.0099885
0.00951515
0.00997604
0.000136617
0.00956675
0.00951693
0.00997801
0.000135042
0.00990558
0.00998713
0.00991397
0.00999485
0.00989314
0.00999079
0.00992589
0.000140864
9.92748e-05
9.94987e-05
0.000233721
0.000250346
0.000234496
0.000249634
9.90044e-05
9.90589e-05
0.0100187
0.0100183
0.0100317
0.010005
0.0100194
0.010019
0.0100333
0.0100033
0.0100319
0.0100175
0.0100188
0.0100043
0.0100326
0.010018
0.00964109
0.000132333
0.00998
0.0097401
0.00961066
0.000131775
0.00998322
0.000231684
0.000251587
0.000231659
0.000252959
0.0100313
0.0100038
0.0100179
0.0100185
0.0100329
0.0100049
0.0100188
0.0100174
0.0100182
0.0100037
0.0100324
0.0100179
0.0100186
0.0100042
0.00988946
0.0099127
0.00998764
0.00999502
0.00987137
0.00992207
0.00999038
0.00952846
0.00997849
0.000132512
0.00959058
0.00952551
0.00998
0.000132574
0.00991454
0.00998977
0.00991909
0.00999607
0.00990307
0.00999219
0.00993051
0.000137158
9.87602e-05
9.87279e-05
0.000231423
0.000247485
0.000231569
0.000247329
9.89034e-05
9.87791e-05
0.0100201
0.0100195
0.0100352
0.0100058
0.0100202
0.0100197
0.0100371
0.0100046
0.0100337
0.0100188
0.0100194
0.0100049
0.0100358
0.0100192
0.00962198
0.000130601
0.0099797
0.00969197
0.00959342
0.00013059
0.00998264
0.000231958
0.000251459
0.000231788
0.00025277
0.0100351
0.0100055
0.0100199
0.0100199
0.0100372
0.0100059
0.0100205
0.0100187
0.0100191
0.0100043
0.0100359
0.0100193
0.0100197
0.0100049
0.0098774
0.00990858
0.00998966
0.00999763
0.00985008
0.00991616
0.00999276
0.00949712
0.00997925
0.00013292
0.00955201
0.00949723
0.00998087
0.000133033
0.00991887
0.00999101
0.00992603
0.0099971
0.00991066
0.00999324
0.00993564
0.000136824
9.9655e-05
9.93223e-05
0.000233216
0.000248806
0.000232644
0.000249439
9.95846e-05
9.9054e-05
0.0100203
0.0100198
0.0100379
0.0100056
0.0100205
0.0100198
0.0100382
0.0100053
0.0100374
0.0100196
0.0100202
0.0100053
0.0100385
0.0100201
0.00966751
0.000131331
0.00998081
0.00971379
0.00963768
0.000131812
0.00998465
0.000233311
0.000251409
0.000232123
0.000253983
0.0100381
0.010006
0.0100206
0.0100195
0.0100382
0.0100053
0.0100202
0.0100199
0.0100202
0.0100057
0.0100383
0.0100201
0.0100201
0.0100055
0.00989769
0.00991617
0.00998992
0.0099986
0.00986606
0.00992903
0.00999369
0.00954212
0.0099793
0.000133827
0.00963618
0.0095096
0.0099818
0.000133906
0.00992291
0.00999115
0.00993175
0.00999772
0.00990939
0.00999422
0.009939
0.000137677
0.000102315
0.000101387
0.000239818
0.000253942
0.000237516
0.000256348
0.00010191
0.000100757
0.0100208
0.0100203
0.0100386
0.0100069
0.0100218
0.0100213
0.0100388
0.0100059
0.0100392
0.0100206
0.0100218
0.0100069
0.0100395
0.0100215
0.00969314
0.000133752
0.00998229
0.00975395
0.00965951
0.000134952
0.0099856
0.000238774
0.000255105
0.000235971
0.000258226
0.0100386
0.0100054
0.0100204
0.0100212
0.0100388
0.0100066
0.0100216
0.0100204
0.0100205
0.0100056
0.0100395
0.0100216
0.010022
0.0100067
0.00990784
0.00992765
0.00999085
0.00999885
0.00988192
0.00993579
0.00999401
0.00957451
0.00997955
0.000135309
0.00969328
0.0095513
0.00998258
0.000136432
0.00992209
0.00999127
0.00992964
0.00999767
0.00990386
0.00999426
0.00993922
0.000140611
0.000106268
0.000104689
0.00024874
0.000261741
0.000245095
0.000265841
0.000105659
0.000104188
0.0100228
0.0100226
0.0100379
0.0100093
0.010023
0.0100232
0.0100369
0.010008
0.0100383
0.0100224
0.0100228
0.0100083
0.0100364
0.0100222
0.0096928
0.000138476
0.00998332
0.00974419
0.00965944
0.000140701
0.00998663
0.000247082
0.000263468
0.000243896
0.000266974
0.0100376
0.010008
0.0100227
0.0100229
0.0100365
0.0100089
0.0100229
0.0100225
0.0100231
0.010008
0.0100362
0.0100222
0.010023
0.0100085
0.00990154
0.00992388
0.00999209
0.0100003
0.00988402
0.0099304
0.00999537
0.009582
0.00998235
0.000139561
0.00968583
0.00957802
0.0099851
0.000141664
0.00992083
0.00999314
0.00993716
0.0100003
0.00990747
0.00999618
0.00994384
0.000146535
0.000112383
0.000110022
0.000263053
0.000274406
0.000257413
0.000280221
0.000111208
0.000109345
0.0100219
0.0100219
0.0100358
0.0100063
0.0100202
0.01002
0.0100345
0.0100072
0.0100349
0.010021
0.01002
0.0100063
0.010034
0.01002
0.00968196
0.000146279
0.00998398
0.00971534
0.00966725
0.000149633
0.00998544
0.000259099
0.000277834
0.000254869
0.000282442
0.0100357
0.0100082
0.010022
0.01002
0.0100346
0.0100068
0.0100203
0.0100212
0.0100218
0.0100074
0.0100345
0.0100201
0.0100205
0.0100065
0.00989701
0.00991486
0.00999331
0.0100002
0.00988732
0.00992464
0.00999532
0.00959887
0.00998394
0.000147251
0.00970168
0.00959751
0.00998505
0.000149969
0.00992602
0.00999424
0.0099412
0.00999982
0.00991982
0.00999583
0.00994588
0.000155758
0.000122176
0.000119006
0.000285684
0.000296731
0.000278301
0.000304898
0.000120253
0.000117194
0.0100189
0.0100185
0.0100334
0.00924917
0.0100187
0.0100179
0.0100327
0.00955741
0.0100337
0.0100194
0.00972647
0.00873224
0.0100334
0.00980476
0.00966967
0.0001582
0.00998391
0.00891864
0.00969844
0.000161958
0.009426
0.000279935
0.000297273
0.000272686
0.000305254
0.0100337
0.0100057
0.0100191
0.0100182
0.0100328
0.00954758
0.0100187
0.0100193
0.0100194
0.00989466
0.0100334
0.0100189
0.0100191
0.00920215
0.00991438
0.00992909
0.0099914
0.00999827
0.00990544
0.00993833
0.00999367
0.00963153
0.00998304
0.000157878
0.00973542
0.00961991
0.00998465
0.000161569
0.00992501
0.00999231
0.00993513
0.00984282
0.00992241
0.00999409
0.00984131
0.000168145
0.000135425
0.000131594
0.00031658
0.000328422
0.00030772
0.000337796
0.000134247
0.000129744
0.00985367
0.00991646
0.0100328
0.00903001
0.0100106
0.0100192
0.0100333
0.00857786
0.010033
0.00961109
0.00994978
0.00894459
0.0100328
0.0100146
0.00847567
0.000173577
0.00863796
0.00847565
0.00854298
0.000179055
0.00848603
0.000312355
0.000327366
0.000301924
0.000340199
0.0100323
0.0091648
0.0100189
0.010019
0.0100328
0.00921698
0.0100193
0.0100188
0.0100191
0.00901651
0.0100328
0.0100189
0.0100194
0.00919253
0.0087713
0.00901626
0.00896777
0.00885021
0.00911063
0.00886695
0.00874485
0.00839651
0.00852353
0.000173325
0.00846493
0.00855871
0.00840254
0.000178788
0.00806896
0.00831972
0.00825175
0.00819544
0.00836069
0.00805025
0.00833819
0.000185504
0.000151182
0.000146992
0.000353658
0.00036644
0.000343629
0.000376831
0.000150312
0.000145828
0.0100198
0.0100197
0.0100342
0.010006
0.0100198
0.0100196
0.0100348
0.0100057
0.0100334
0.0100193
0.0100198
0.0100059
0.0100344
0.0100198
0.0094804
0.000194764
0.00907186
0.0096587
0.00901014
0.000200879
0.00963606
0.000349394
0.000368685
0.000338636
0.000380222
0.0100342
0.00998271
0.0100198
0.0100195
0.010035
0.0100061
0.0100197
0.0100192
0.0100197
0.0099295
0.0100347
0.0100195
0.0100199
0.0100059
0.00950793
0.00909315
0.00904483
0.00935081
0.0091025
0.00929534
0.0094046
0.00962977
0.0093198
0.00019424
0.00971661
0.00930809
0.00998435
0.000199909
0.00992079
0.00920942
0.00956396
0.00995746
0.00922852
0.0099018
0.00994589
0.000208047
0.000165606
0.000162288
0.000387391
0.000404736
0.000379743
0.000413267
0.000163455
0.000160364
0.0100194
0.0100192
0.0100348
0.0100057
0.0100189
0.0100186
0.010034
0.0100059
0.010035
0.0100195
0.0100188
0.0100054
0.0100342
0.0100186
0.00973505
0.000215815
0.00998367
0.00975641
0.00972078
0.00021963
0.00998584
0.000380324
0.000405842
0.000373137
0.000413731
0.0100349
0.0100059
0.0100193
0.0100186
0.0100338
0.0100056
0.0100186
0.0100192
0.0100195
0.0100057
0.0100339
0.0100185
0.0100187
0.0100053
0.00991706
0.00993222
0.00999124
0.00999807
0.00990273
0.00993846
0.00999346
0.00962033
0.00998178
0.000214268
0.00969251
0.00961715
0.00998329
0.000218433
0.00992196
0.00999198
0.0099406
0.00999764
0.00991162
0.00999372
0.00994603
0.000227829
0.000171132
0.000169999
0.000400554
0.000424099
0.00039788
0.000426981
0.000168986
0.00016758
0.010018
0.0100179
0.0100322
0.0100045
0.0100171
0.0100171
0.0100306
0.0100048
0.0100322
0.0100177
0.0100169
0.0100041
0.0100305
0.0100167
0.0097448
0.000225984
0.00998347
0.00977603
0.00972472
0.000226957
0.00998517
0.000393237
0.000423902
0.000389706
0.000427828
0.0100319
0.0100052
0.0100178
0.0100169
0.0100305
0.0100046
0.010017
0.0100176
0.0100178
0.0100047
0.0100306
0.0100167
0.0100171
0.0100041
0.00991936
0.00992835
0.00999101
0.00999694
0.00990593
0.00993515
0.0099928
0.00962512
0.00998176
0.000225278
0.00970406
0.00962026
0.00998326
0.000226868
0.0099199
0.00999116
0.00993724
0.00999647
0.00990795
0.00999268
0.00994417
0.000236222
0.000167293
0.000168171
0.000391501
0.000419353
0.000393453
0.000417311
0.000165989
0.000166853
0.0100168
0.0100167
0.0100302
0.0100045
0.0100175
0.0100172
0.0100312
0.0100038
0.01003
0.0100166
0.0100174
0.0100043
0.0100309
0.0100174
0.00974175
0.000223243
0.00998209
0.00976576
0.00972449
0.000221596
0.00998389
0.000386281
0.000423074
0.000388279
0.000420829
0.0100304
0.0100041
0.0100167
0.0100171
0.0100313
0.0100045
0.0100172
0.0100165
0.0100169
0.0100037
0.0100312
0.0100173
0.0100175
0.0100042
0.0099147
0.0099281
0.00998961
0.00999595
0.0099034
0.00993497
0.00999162
0.00964496
0.00998153
0.000223399
0.00971164
0.00964689
0.00998265
0.000222061
0.00992293
0.00999071
0.0099425
0.00999569
0.00991466
0.00999197
0.00994502
0.000230688
0.000159548
0.000161434
0.000371801
0.000401322
0.00037634
0.000396317
0.000158057
0.000160153
0.0100186
0.0100181
0.010033
0.0100055
0.0100193
0.0100189
0.0100348
0.010005
0.0100327
0.0100183
0.0100188
0.0100051
0.0100346
0.0100187
0.00974102
0.000213262
0.00998323
0.00976017
0.00973053
0.000210014
0.00998457
0.000367706
0.000405452
0.000372597
0.000397842
0.0100328
0.010005
0.0100181
0.0100187
0.0100346
0.0100054
0.0100188
0.010018
0.0100181
0.0100048
0.0100344
0.0100185
0.0100187
0.010005
0.00991555
0.00993441
0.00999097
0.00999725
0.00990401
0.00994074
0.00999259
0.00964179
0.00998197
0.000213494
0.00969177
0.00964975
0.00998292
0.000210458
0.0099256
0.00999132
0.00994304
0.00999661
0.00992122
0.00999288
0.00994527
0.000217784
0.000151587
0.000153325
0.000352946
0.0003808
0.000357094
0.000376551
0.000150857
0.000152676
0.0100196
0.0100194
0.0100368
0.0100039
0.010019
0.0100187
0.0100388
0.0100046
0.0100367
0.0100192
0.010019
0.0100037
0.0100389
0.0100189
0.00974155
0.000201252
0.00998267
0.00977411
0.00973133
0.000198244
0.00998315
0.000350273
0.000386331
0.000354824
0.000381823
0.0100366
0.0100049
0.0100192
0.0100187
0.0100388
0.0100035
0.0100187
0.010019
0.0100192
0.0100046
0.0100389
0.0100188
0.0100189
0.0100036
0.0099225
0.00993979
0.00999124
0.009996
0.00991565
0.00994261
0.00999173
0.00966388
0.00998182
0.000202765
0.00968541
0.0096562
0.00998184
0.000200121
0.00992499
0.00999127
0.0099374
0.00999567
0.00991812
0.00999194
0.00994237
0.000205944
0.000145445
0.000146876
0.00033847
0.000365
0.000341688
0.000361493
0.000144068
0.000145885
0.0100185
0.0100179
0.0100405
0.0100016
0.0100177
0.0100172
0.0100413
0.0100028
0.0100409
0.0100184
0.0100174
0.0100013
0.0100415
0.0100172
0.00973871
0.000192325
0.00997955
0.00978019
0.00972119
0.000190488
0.00998003
0.000334525
0.00036685
0.000339304
0.000361773
0.0100406
0.0100024
0.0100182
0.0100171
0.0100414
0.0100013
0.0100175
0.0100184
0.0100184
0.0100026
0.0100416
0.0100174
0.0100176
0.0100013
0.00991396
0.00993533
0.00998824
0.00999379
0.00990633
0.00994143
0.00998906
0.00968474
0.00997825
0.000194479
0.00969817
0.00967377
0.00997836
0.000192304
0.009922
0.00998789
0.00993488
0.00999244
0.00991452
0.00998866
0.00993999
0.000198453
0.00014098
0.00014205
0.000328514
0.000353046
0.000331036
0.000350226
0.000139173
0.000140385
0.0100158
0.0100156
0.0100407
0.00999792
0.0100135
0.0100135
0.0100385
0.00999949
0.0100404
0.0100153
0.0100134
0.00999784
0.0100379
0.010013
0.00971633
0.000187554
0.00997678
0.00974469
0.00970229
0.000186752
0.00997651
0.000323467
0.000352141
0.000326556
0.00034923
0.0100405
0.00999971
0.0100156
0.010013
0.0100381
0.0099977
0.0100132
0.0100155
0.0100158
0.00999946
0.0100378
0.0100131
0.0100135
0.0099977
0.00989093
0.00992502
0.00998572
0.00999072
0.00987316
0.00993092
0.00998584
0.0096998
0.00997564
0.000188093
0.0097276
0.00968242
0.00997577
0.00018664
0.0099186
0.00998514
0.0099355
0.00998959
0.0099086
0.00998548
0.0099397
0.000193894
0.000137932
0.000138224
0.000321525
0.000343116
0.000322256
0.000342544
0.000136716
0.000136883
0.0100119
0.0100115
0.0100354
0.00999586
0.0100105
0.0100098
0.0100319
0.00999674
0.010035
0.0100116
0.0100104
0.0099958
0.010032
0.0100106
0.0097352
0.000183733
0.00997355
0.00976554
0.00972711
0.000182881
0.00997469
0.000317354
0.000343718
0.000318004
0.000344663
0.0100351
0.00999645
0.0100115
0.0100097
0.0100319
0.00999584
0.0100104
0.0100115
0.0100119
0.00999684
0.0100322
0.0100105
0.0100107
0.00999603
0.00990653
0.00992861
0.00998165
0.00998738
0.00988926
0.00993454
0.00998299
0.00968538
0.00997359
0.000183514
0.00973594
0.00968352
0.00997425
0.000183232
0.00991775
0.00998293
0.00992442
0.00998817
0.00990763
0.00998393
0.00993037
0.00019022
0.00013661
0.000135972
0.000317363
0.000337083
0.00031605
0.000338645
0.000135849
0.000135411
0.0100099
0.010009
0.010029
0.00999462
0.0100089
0.0100082
0.0100277
0.00999529
0.0100296
0.0100102
0.0100087
0.00999381
0.0100284
0.010009
0.00973716
0.000179924
0.0099731
0.00975432
0.00972516
0.000180081
0.0099748
0.000314625
0.000339715
0.000313975
0.000340291
0.0100291
0.00999558
0.0100098
0.0100083
0.0100278
0.00999472
0.0100086
0.0100102
0.0100099
0.00999543
0.0100284
0.010009
0.0100088
0.00999381
0.00990041
0.00992427
0.00998115
0.00998745
0.00988928
0.00992822
0.00998319
0.00963445
0.00997219
0.000180898
0.00974047
0.00964687
0.0099728
0.000181434
0.00990417
0.00998143
0.00990883
0.00998652
0.00990218
0.0099833
0.00991275
0.000187959
0.000138707
0.000137221
0.000317658
0.000337818
0.000316531
0.000339108
0.000136918
0.000135544
0.0100066
0.0100063
0.0100259
0.0099918
0.0100055
0.0100041
0.010023
0.00999253
0.0100264
0.0100069
0.0100062
0.00999405
0.010023
0.0100079
0.00960558
0.000181528
0.00996894
0.00779967
0.00960923
0.000183671
0.0099693
0.000314124
0.000337638
0.000312087
0.000341823
0.010026
0.0099931
0.0100067
0.0100038
0.0100227
0.00999175
0.0100057
0.0100069
0.010007
0.00999249
0.010023
0.0100086
0.010006
0.00999393
0.0098582
0.00988984
0.00998085
0.00998417
0.00985393
0.00989346
0.0099844
0.00950499
0.00996813
0.000181659
0.00969709
0.00953902
0.0099682
0.000183795
0.00983179
0.00998093
0.00987807
0.00998397
0.00984402
0.00998334
0.0098713
0.000194904
0.000145557
0.000143877
0.000316514
0.000340282
0.000318967
0.000337661
0.000137764
0.000137891
0.0100139
0.0100065
0.0100273
0.00868975
0.0100358
0.0100225
0.0100467
0.00998949
0.0100276
0.010023
0.0100133
0.00990698
0.0100492
0.0100387
0.00406945
0.00019572
0.00998665
0.00320283
0.00447389
0.000195515
0.00999367
0.000312444
0.000338045
0.000312335
0.000338096
0.0100262
0.00999647
0.0100134
0.0100224
0.0100455
0.00885132
0.0100363
0.0100231
0.0100138
0.00998848
0.0100481
0.0100392
0.0100129
0.00990805
0.00988608
0.00990911
0.00999168
0.0100006
0.00988239
0.00991772
0.0099965
0.00472764
0.0099899
0.000190342
0.00719037
0.00584106
0.00999707
0.000191959
0.00987901
0.00998747
0.00988151
0.0100093
0.00987037
0.00999311
0.00989993
0.000211814
0.0747315
0.0695484
0.104816
0.101177
0.0941802
0.0971824
0.0696592
0.40965
0.33003
0.319537
0.370109
0.06538
0.399744
0.338139
0.40612
0.340427
0.328737
0.388602
0.326058
0.395367
0.0359603
0.0327239
0.0840075
0.0767976
0.0859794
0.0758501
0.296622
0.342946
0.0540693
0.346655
0.0586278
0.36028
0.282002
0.302092
0.338712
0.278776
0.335586
0.297093
0.350941
0.285323
0.029618
0.0274635
0.327156
0.345239
0.312356
0.301275
0.365812
0.315305
0.334294
0.0343713
0.262646
0.207215
0.199765
0.202497
0.0321405
0.252811
0.0661718
0.0692301
0.0783622
0.0579027
0.0235254
0.0204623
0.271342
0.315902
0.266622
0.270163
0.285753
0.287545
0.252033
0.180082
0.177637
0.0230303
0.203403
0.0265661
0.218305
0.16695
0.0261181
0.0206118
0.0824206
0.488187
0.3751
0.360693
0.390378
0.0774397
0.464984
0.191328
0.172185
0.163738
0.182537
0.619784
0.555802
0.560741
0.535654
0.589127
0.588516
0.530187
0.0560926
0.05212
0.344166
0.371377
0.0670547
0.40704
0.0726508
0.436461
0.325642
0.155138
0.162529
0.173528
0.145055
0.5074
0.540582
0.504329
0.468279
0.54588
0.500129
0.476663
0.0102155
0.00889514
0.186056
0.127901
0.14113
0.131562
0.157809
0.176804
0.11695
0.0158747
0.0194073
0.0165497
0.0132042
0.114824
0.151644
0.0118232
0.148966
0.0135834
0.155141
0.106971
0.0062231
0.0052562
0.10555
0.120419
0.130098
0.0809581
0.13834
0.0914327
0.0968709
0.0112571
0.00690024
0.00867722
0.00921417
0.539631
0.583225
0.514407
0.488992
0.578058
0.514395
0.558964
0.0682448
0.0646951
0.565127
0.109079
0.481938
0.455525
0.5089
0.5384
0.103508
0.155035
0.164184
0.175267
0.145145
0.455975
0.526009
0.450398
0.477076
0.482067
0.508747
0.425886
0.0602516
0.0564015
0.42177
0.461355
0.458185
0.0893927
0.488241
0.0949966
0.39297
0.0114033
0.00881429
0.00601127
0.00900645
0.0973529
0.0109679
0.0759989
0.0402809
0.0675058
0.0551413
0.00384488
0.0041119
0.0020286
0.0398881
0.0958133
0.0524626
0.0405459
0.0732134
0.0620608
0.0291535
0.0035462
0.00441472
0.00566486
0.00272054
0.0202717
0.0247255
0.0227442
0.000746163
0.0348081
0.00129846
0.0147293
0.00104771
0.000779764
0.121065
0.109923
0.59008
0.48334
0.553162
0.501752
0.38964
0.526102
0.43728
0.110746
0.0960017
0.304764
0.322251
0.279259
0.259432
0.400702
0.462457
0.393506
0.103386
0.452581
0.116584
0.344686
0.461706
0.307025
0.348461
0.280947
0.459612
0.395019
0.388735
0.0843879
0.0739295
0.239981
0.161926
0.213527
0.199946
0.268336
0.0599614
0.316265
0.215262
0.155331
0.199242
0.0281507
0.259053
0.194268
0.149572
0.214613
0.0653531
0.0421493
0.202277
0.168809
0.0352318
0.14988
0.118728
0.297551
0.0751339
0.128902
0.0515995
0.0281346
0.00207734
0.0807005
0.00823882
0.0377911
0.0903928
0.100818
0.162071
0.0369839
0.0175605
0.00515029
0.00269198
0.050409
0.0425439
0.0548369
0.0651968
0.0648893
0.0542308
0.234809
0.0465147
0.302694
0.276725
0.255312
0.0408617
0.282818
0.232615
0.24789
0.288658
0.248261
0.255818
0.222943
0.266283
0.0192715
0.0150154
0.0437881
0.0319215
0.0427756
0.0334303
0.205387
0.241708
0.0264929
0.211971
0.0329701
0.237959
0.179597
0.201593
0.201283
0.162289
0.192791
0.191577
0.221208
0.173569
0.0136642
0.0170166
0.196389
0.2362
0.222166
0.224016
0.222418
0.210322
0.198664
0.130325
0.0186191
0.16905
0.122633
0.147757
0.0146848
0.14982
0.0302098
0.027299
0.037279
0.0217781
0.0104651
0.00749736
0.166359
0.178489
0.149632
0.123997
0.179612
0.155566
0.1336
0.110536
0.0993992
0.00754194
0.0936762
0.0109259
0.118083
0.0906287
0.0102139
0.00704253
0.280452
0.0610779
0.371847
0.299408
0.304433
0.0541763
0.334725
0.119875
0.149579
0.133513
0.13401
0.401647
0.453416
0.430882
0.389645
0.441217
0.40153
0.389519
0.0371327
0.0306505
0.253249
0.26911
0.0380775
0.248443
0.0465841
0.294003
0.222447
0.103687
0.0929489
0.115363
0.0848347
0.357656
0.331417
0.283584
0.291781
0.346612
0.343316
0.308925
0.0025481
0.00312019
0.0566008
0.0908433
0.0439366
0.0565087
0.0697726
0.0720052
0.0319009
0.00419544
0.00378711
0.00526268
0.00295435
0.0293504
0.0586015
0.00244382
0.0430218
0.00334949
0.0544048
0.0214494
0.0012066
0.000897815
0.0246333
0.0269433
0.0264699
0.0100522
0.0340949
0.0142981
0.016973
0.00190832
0.000941515
0.00131697
0.00139595
0.348606
0.411479
0.418593
0.382712
0.387597
0.370128
0.373512
0.0459669
0.0513289
0.320186
0.401713
0.0805488
0.334559
0.356193
0.360214
0.0717878
0.100284
0.0906983
0.115167
0.0778546
0.300398
0.32242
0.269971
0.253678
0.322468
0.311366
0.25081
0.0381709
0.0295422
0.273511
0.281784
0.246052
0.0452377
0.297532
0.0586138
0.228383
0.00105447
0.00233191
0.00139552
0.00178719
0.00534459
0.0133619
0.000357978
0.00334171
0.00743116
0.0090814
0.000261183
0.000292624
0.000391035
0.00517249
0.0157766
0.00636447
0.00629987
0.00895239
0.00866698
0.00377093
0.000480476
0.000555674
0.000797863
0.000328068
0.00247887
0.00174237
0.00382273
9.38052e-05
0.00532765
0.000127925
0.00172362
0.000135634
9.15071e-05
0.0793104
0.0641186
0.19753
0.22185
0.14672
0.0200547
0.301921
0.119375
0.0574624
0.0501354
0.0640562
0.100527
0.102368
0.154865
0.0468808
0.181772
0.256217
0.1313
0.034589
0.204141
0.0573304
0.121301
0.101441
0.00777962
0.0160371
0.00355708
0.0545029
0.0180029
0.0294841
0.0325405
0.0139479
0.0483215
0.00183262
0.0136129
0.0131663
0.00131116
0.00598982
0.000265538
0.00213171
0.00450152
0.0040466
0.000119091
0.00117055
0.0427672
0.00883485
0.0117545
8.39579e-05
0.000651541
0.00136644
0.00378086
0.00324517
0.00161566
0.00347317
0.00205799
0.00132746
0.000692175
0.00108761
0.00226063
5.30905e-05
0.00259318
5.76495e-05
0.000648176
0.000128904
0.000155425
0.00167369
8.08567e-05
3.54753e-05
3.31613e-05
7.92297e-05
0.0182849
0.0116604
0.0153297
0.0221803
0.0237755
0.0139487
0.118886
0.0194293
0.168176
0.14614
0.148306
0.0135869
0.137393
0.110573
0.130335
0.150539
0.0972226
0.141543
0.0959479
0.117907
0.00422244
0.00211092
0.00880491
0.00399869
0.00792267
0.0043711
0.0781601
0.0763948
0.00437943
0.0430322
0.00825078
0.088722
0.0349222
0.0635211
0.0544844
0.021374
0.0343975
0.0496867
0.0656632
0.0270555
0.00313783
0.00505393
0.046412
0.117202
0.0744461
0.0632298
0.0834397
0.0669959
0.0449924
0.0368005
0.00487559
0.0636082
0.0229966
0.0628436
0.00290018
0.035992
0.00521692
0.00342563
0.00660877
0.0027654
0.00182257
0.000985037
0.0241073
0.0326998
0.0151468
0.0136061
0.0340857
0.0246502
0.0112865
0.020037
0.0129383
0.000861215
0.0120495
0.00162837
0.0220292
0.00988688
0.00166717
0.000924351
0.149385
0.0291253
0.198604
0.159047
0.187496
0.0206156
0.148803
0.0447356
0.0687964
0.0643954
0.0458906
0.127927
0.168812
0.216451
0.0737323
0.237135
0.0891422
0.105696
0.0110301
0.00645005
0.107784
0.103913
0.00773381
0.0495954
0.0133323
0.0979511
0.0484917
0.0280673
0.0138446
0.0270472
0.0156977
0.0612983
0.023187
0.015951
0.0118242
0.0389923
0.0422546
0.0219433
0.000273255
0.00042125
0.0049104
0.0120249
0.00483078
0.00742496
0.0073542
0.00940767
0.00348354
0.000431893
0.000462792
0.000661302
0.00030662
0.00306904
0.00579682
0.000227901
0.00465684
0.000393612
0.00643048
0.00183404
0.000144149
8.91869e-05
0.00275599
0.00441641
0.00391983
0.00173073
0.00496388
0.00221509
0.00194673
0.00024521
0.000137191
0.000190364
0.000162869
0.0929059
0.215591
0.162501
0.0637671
0.197557
0.100208
0.0619239
0.0113958
0.0203774
0.0880834
0.17133
0.02863
0.0569864
0.176437
0.0632235
0.013043
0.0153297
0.00992536
0.0222363
0.00562148
0.0256456
0.014426
0.00717248
0.00388822
0.0328898
0.0108336
0.00449703
0.00459286
0.00118208
0.0211379
0.00876217
0.00251176
0.000256641
0.0111442
0.00308288
0.00278016
0.000134233
0.000293364
0.000188956
0.00019975
0.000820594
0.002763
6.26158e-05
0.000734859
0.00104282
0.00228528
5.17562e-05
4.20718e-05
5.67773e-05
0.00132701
0.00347408
0.0015425
0.00244125
0.00181875
0.00266671
0.00120192
0.000102099
0.000107916
0.000137988
8.53313e-05
0.000677211
0.000696025
0.0018908
4.33057e-05
0.00207485
4.60195e-05
0.000630371
3.39245e-05
2.95836e-05
0.0087827
0.00111795
0.00161579
0.00545032
0.00179315
0.0034169
0.00479371
0.00363414
0.00172594
0.000325461
0.00331268
0.00015562
0.000170274
0.0017067
9.02198e-05
0.00088515
0.00280867
0.00263752
6.85779e-05
0.00317192
0.000179801
0.000665183
0.00155837
0.00372639
0.00372437
0.00187875
0.0038556
0.00184855
0.00160383
4.81814e-05
3.66871e-05
9.30843e-05
9.5088e-05
9.31619e-05
9.1883e-05
0.000595661
0.00205124
4.564e-05
0.000668884
0.000608049
0.0018805
4.59032e-05
8.15528e-05
8.9808e-05
8.02098e-05
8.92448e-05
3.28144e-05
3.22149e-05
0.00141646
0.00383669
0.00289465
0.00182506
0.00294359
0.0018551
0.00139167
0.000616971
0.000698263
0.001866
4.80315e-05
0.00188999
4.66562e-05
0.000608277
8.54784e-05
9.66103e-05
9.44147e-05
8.7422e-05
3.40771e-05
3.48305e-05
4.49487e-05
0.00120304
0.000348961
0.000801437
0.00185419
0.00192401
0.00084213
0.00316479
0.00185662
0.01379
0.00340996
0.0118721
0.000627419
0.00480411
0.00358917
0.0089369
0.01248
0.00522582
0.00976885
0.00402705
0.00522149
0.000141135
9.61884e-05
0.000369363
0.000263938
0.000417088
0.000236472
0.000917267
0.00087617
0.000127759
0.00146688
0.000192053
0.0018123
0.000597146
0.00188559
0.00349001
0.00189993
0.00277137
0.00248063
0.00287741
0.00151307
0.000256007
0.000508211
0.00334136
0.00725507
0.00761063
0.00517798
0.00593481
0.00382412
0.0051374
0.00242172
0.000446988
0.0077726
0.00174633
0.00488706
0.000233551
0.00479796
0.000369831
0.000259901
0.000411433
0.000234036
0.000133222
7.58718e-05
0.00227518
0.00401894
0.0018852
0.00374549
0.00251431
0.00411202
0.00174558
0.00139507
0.00115789
8.65226e-05
0.00302097
0.000131707
0.00370861
0.000957488
0.000146844
9.28514e-05
0.00491205
0.00384509
0.0187344
0.00504423
0.0182916
0.00145595
0.00522626
0.00276085
0.00582138
0.00757143
0.00156361
0.00141466
0.00487563
0.00275226
0.00286919
0.00646455
0.00210343
0.00088558
0.000487851
0.000154614
0.00105836
0.00111204
0.000161217
0.00121954
0.000420503
0.00159589
0.000433909
0.000625254
0.000215755
0.000298597
0.000213357
0.000668584
0.0021054
0.00154886
0.000987797
0.00197186
0.00105577
0.000797418
4.58542e-05
5.80935e-05
0.0012347
0.00283999
0.00143357
0.00277701
0.00144586
0.00248697
0.00127713
0.000101937
0.000110493
0.000118619
0.000101068
0.000723719
0.000767563
5.8218e-05
0.00175146
6.55408e-05
0.00189001
0.000693242
4.04404e-05
4.11602e-05
0.00118733
0.00254613
0.00212129
0.00140223
0.00222464
0.00131317
0.00123273
9.68873e-05
0.000106707
0.000100979
9.8934e-05
0.000997846
0.00150445
0.0028232
0.00249467
0.0012426
0.00124642
0.00227516
8.00122e-05
0.000136325
0.000488614
0.00159246
9.77775e-05
0.000480414
0.000583237
0.00145241
9.39508e-05
0.000193514
0.000223093
0.000238743
0.000181229
0.000925993
0.00214739
0.00116705
0.00213584
0.00117328
0.0021019
0.000984372
7.54678e-05
6.75371e-05
0.000518457
0.000482306
0.001456
8.55245e-05
0.00141911
9.10525e-05
0.000546929
7.66369e-05
9.44403e-05
7.89383e-05
8.97398e-05
0.000720403
0.00198941
4.32746e-05
0.000646569
0.0006397
0.0018954
4.34988e-05
2.77583e-05
2.80314e-05
0.00120846
0.00255657
0.00154946
0.0022134
0.00139679
0.00230242
0.00130106
7.72267e-05
9.46418e-05
9.10457e-05
7.61133e-05
0.000874211
0.000722598
0.00194094
4.49432e-05
0.00210426
4.40578e-05
0.00106063
2.76336e-05
2.67068e-05
7.54436e-05
7.51523e-05
0.00170517
0.0038502
0.00192008
0.00377299
0.00164654
0.00380784
0.00201851
3.87631e-05
3.88066e-05
9.85047e-05
0.000101141
9.7988e-05
0.000102473
0.000697083
0.000795268
0.00271771
6.77317e-05
0.00296592
7.00831e-05
0.000711577
0.00172501
0.00380241
0.00367893
0.00217766
0.00375063
0.00207591
0.00177876
4.03759e-05
3.97159e-05
0.00010312
0.000107527
0.000107549
0.000102133
0.000646461
0.00195132
4.97368e-05
0.000693397
0.000636897
0.00202142
5.12226e-05
9.34923e-05
0.000102123
9.18219e-05
0.000103753
3.72346e-05
3.64438e-05
0.00149958
0.00388118
0.00324555
0.0020217
0.00316907
0.00198667
0.00152554
0.000681939
0.000747635
0.00227811
5.40322e-05
0.00216752
5.26069e-05
0.000701906
9.75518e-05
0.000109553
0.000108755
9.89224e-05
3.85627e-05
3.92549e-05
4.86265e-05
0.000156907
0.000149279
0.000228075
0.000218174
0.000213472
0.000213364
0.000767089
0.000145584
0.00159237
0.000607131
0.000645109
0.000152405
0.00169432
0.00195367
0.00199787
0.00303335
0.00376286
0.00168716
0.00224677
0.00293046
0.00010458
9.86702e-05
0.000237283
0.000216815
0.000217479
0.00023401
0.00092939
0.000825709
0.000133883
0.00209517
0.000136784
0.00190416
0.00102498
0.0020507
0.00369209
0.00252771
0.00282107
0.0024402
0.00295594
0.00200951
4.55913e-05
5.47305e-05
0.00150958
0.00178756
0.00357488
0.0035392
0.00158977
0.00182382
0.00344216
0.000762645
6.85518e-05
0.00290362
0.000749479
0.000822129
6.25067e-05
0.00279227
0.000167176
0.000196235
0.000195787
0.000169145
4.34099e-05
4.62835e-05
0.00143904
0.00357013
0.00195545
0.00332629
0.00188464
0.00338251
0.00138762
0.000744426
0.0007624
7.01732e-05
0.00276077
6.3042e-05
0.00276735
0.0007396
5.85562e-05
5.72437e-05
0.000614385
0.000175684
0.00130907
0.000603515
0.000458309
0.000151036
0.00150317
0.000205662
0.000217715
0.000228459
0.000200121
0.00112395
0.00173175
0.00114321
0.00186054
0.000911736
0.00176192
0.00124415
9.16488e-05
8.72747e-05
0.000912579
0.00083674
0.000131645
0.00219962
0.000140099
0.00199322
0.00123233
0.000199326
0.000191339
0.000196298
0.000191589
0.00138403
0.00200897
0.00200732
0.0013092
0.00206811
0.00132443
0.00153344
4.38256e-05
4.1369e-05
0.00128294
0.00226383
0.00145343
0.00304953
0.00127771
0.00252853
0.00141214
0.000106665
0.000113577
0.000107488
0.00011085
0.000862098
0.000748192
5.61198e-05
0.00207096
5.64838e-05
0.00192787
0.000749029
4.16541e-05
4.04639e-05
0.00132092
0.00325799
0.00271482
0.00148902
0.00262759
0.00150248
0.00123757
0.000105232
0.000112678
0.00011179
0.000104166
0.000971222
0.0013145
0.00203226
0.00196663
0.00101105
0.00129722
0.00198189
6.14287e-05
6.48758e-05
0.000553527
0.00139911
8.24777e-05
0.000467183
0.000570996
0.0013921
7.84739e-05
0.000164774
0.00019057
0.000194094
0.000164566
0.000953506
0.00191073
0.0011798
0.00170118
0.00128589
0.00183812
0.000866663
6.21186e-05
6.20752e-05
0.000556012
0.000445287
0.00117925
7.70042e-05
0.00123434
7.81141e-05
0.000532592
8.02455e-05
9.94784e-05
7.63869e-05
0.000103927
0.0011903
0.00202089
4.58282e-05
0.000713061
0.00125236
0.00188417
4.67108e-05
2.62774e-05
2.613e-05
0.00145529
0.00320285
0.00164432
0.00271851
0.00160653
0.00257696
0.00139143
8.34189e-05
0.000103321
0.000103348
8.5455e-05
0.000958756
0.000752997
0.0019989
4.88759e-05
0.00193807
4.7452e-05
0.000686642
2.70892e-05
2.87118e-05
6.62296e-05
6.63911e-05
0.00175422
0.00358535
0.00224442
0.00359011
0.0017731
0.00349148
0.00227451
3.85779e-05
3.99549e-05
0.000100442
0.000109797
0.000103273
0.000107677
0.000633162
0.000674703
0.0020484
6.04286e-05
0.00243537
6.33512e-05
0.000585085
0.00165284
0.00348906
0.00332337
0.00209063
0.00340274
0.00223764
0.00149516
3.79191e-05
3.63542e-05
9.85427e-05
0.000102097
0.000106515
9.42695e-05
0.000736985
0.00234816
5.48567e-05
0.000711999
0.000719419
0.00240099
5.60186e-05
0.000102089
0.000112536
0.000101582
0.000111712
4.04763e-05
4.00622e-05
0.00161982
0.00361639
0.00352112
0.00228015
0.00344983
0.00229111
0.00162582
0.000729772
0.000677728
0.0022994
5.64757e-05
0.00234111
5.60695e-05
0.000725119
0.000102736
0.000108101
0.00011159
0.000101125
4.05598e-05
4.0267e-05
5.22233e-05
0.000130271
0.000122881
0.000197168
0.000210692
0.000215331
0.000192247
0.00118357
0.000121819
0.00242214
0.0012737
0.00119123
0.000117663
0.00226842
0.00195451
0.00250498
0.00280733
0.00248129
0.00215482
0.0021498
0.00244048
8.00936e-05
7.85441e-05
0.000179331
0.00016455
0.000173616
0.000172484
0.00124003
0.0015202
0.000113523
0.00168545
0.00011122
0.00208645
0.00111492
0.00164011
0.00216659
0.00117544
0.001818
0.00165027
0.00218664
0.00125156
6.09281e-05
5.33937e-05
0.00135109
0.00208341
0.00328856
0.00294327
0.00138358
0.0020621
0.00297631
0.000735834
8.23736e-05
0.00272976
0.000814633
0.000748367
9.31821e-05
0.00266305
0.000163093
0.000153179
0.000166442
0.000149466
6.91654e-05
6.72803e-05
0.00135505
0.00274732
0.00165321
0.00254962
0.00201364
0.002789
0.00148258
0.000705032
0.0008073
0.000109624
0.00251993
0.000101991
0.00255558
0.000719731
8.19669e-05
8.86748e-05
0.0014086
0.000125785
0.0025367
0.00120127
0.00137844
0.000124002
0.00211405
0.000199359
0.000196134
0.000194838
0.000200969
0.00148688
0.00223855
0.00129026
0.00170554
0.00157357
0.00195817
0.00121058
9.28672e-05
9.74855e-05
0.00133195
0.001266
0.00012785
0.0015758
0.000122396
0.00206524
0.00130283
0.00020914
0.000227479
0.00021194
0.000222114
0.00134664
0.00169329
0.00162643
0.00105334
0.00200404
0.00113303
0.00124949
4.02424e-05
3.82966e-05
0.00108795
0.00268041
0.0014459
0.00340738
0.00112857
0.002853
0.00136155
9.76765e-05
0.000110809
0.000100058
0.000104349
0.000669763
0.000784471
7.94747e-05
0.00211504
7.2492e-05
0.00192112
0.000691912
4.28587e-05
4.5978e-05
0.00112846
0.00319154
0.00291497
0.00147393
0.00265004
0.00139658
0.00118497
0.000100679
0.00010611
0.000101683
0.00010693
0.000750639
0.0011146
0.00151182
0.00145947
0.000829312
0.00101068
0.00133504
6.88426e-05
6.58588e-05
0.000531963
0.00100737
8.04979e-05
0.000386174
0.000542167
0.000927294
8.33854e-05
0.00019012
0.000232252
0.000215058
0.000206833
0.000747929
0.00141685
0.000906742
0.00105235
0.000967972
0.00118897
0.000708887
7.56456e-05
8.25331e-05
0.000575921
0.000384312
0.000740285
0.000101228
0.000802588
9.16666e-05
0.00060742
8.20731e-05
0.000102045
8.44457e-05
0.000101368
0.000514816
0.00229629
4.98704e-05
0.000813217
0.000581594
0.00256936
5.01594e-05
2.71426e-05
2.80342e-05
0.00121099
0.00349934
0.00143875
0.00293464
0.00146869
0.00324838
0.00115913
7.90883e-05
9.32828e-05
9.45943e-05
7.93617e-05
0.000507814
0.000822327
0.00255965
4.8249e-05
0.00273915
4.94887e-05
0.000530819
2.71683e-05
2.74213e-05
6.60225e-05
7.20855e-05
0.0010259
0.00286175
0.00187674
0.0027334
0.00126924
0.00229254
0.00154334
3.57093e-05
3.61214e-05
8.92571e-05
9.91628e-05
9.18247e-05
9.50658e-05
0.000417765
0.000449016
0.00083353
6.81258e-05
0.00110532
6.41083e-05
0.000370386
0.000801673
0.00217323
0.00129147
0.000897522
0.00177143
0.0012044
0.000620945
3.74585e-05
3.93115e-05
9.08703e-05
9.51156e-05
9.45557e-05
9.33877e-05
0.000659877
0.00218382
5.55091e-05
0.000580558
0.000690534
0.00211707
5.48202e-05
9.62029e-05
0.000105457
9.95299e-05
0.000100953
3.85061e-05
3.95599e-05
0.00136711
0.00326843
0.00268353
0.00135349
0.0028854
0.00175576
0.00118695
0.000604615
0.000537598
0.00185102
5.16959e-05
0.00197531
5.3037e-05
0.000545181
9.45247e-05
9.78585e-05
9.91806e-05
9.26484e-05
3.76204e-05
3.67502e-05
5.0651e-05
0.00014042
0.000147772
0.000182969
0.000167489
0.000172673
0.000178891
0.00104321
0.00011567
0.00142695
0.00120709
0.00109362
0.000123949
0.00126577
0.000991844
0.00100296
0.00164122
0.00143525
0.00108396
0.000882435
0.00141591
8.88878e-05
9.88866e-05
0.000194984
0.000218886
0.000194229
0.000217958
0.00103915
0.00128195
0.000147169
0.0011631
0.000132627
0.00114689
0.00106416
0.000989068
0.00124559
0.000878153
0.00120759
0.000878365
0.00128444
0.000990198
6.57353e-05
6.64168e-05
0.00134882
0.0013435
0.00228059
0.00160613
0.00173619
0.00105656
0.00216724
0.00127359
0.000129102
0.00266788
0.000924101
0.000965639
0.000145049
0.00270401
0.00016126
0.000200224
0.000177233
0.000184351
6.7113e-05
7.15909e-05
0.000970466
0.00131993
0.000862891
0.00138278
0.000905208
0.00184141
0.000812865
0.00134978
0.00111048
0.000139981
0.00218226
0.000134323
0.00272023
0.00111253
0.000136113
0.000154874
0.00125578
0.000131972
0.00146032
0.00104964
0.00124816
0.000144984
0.00115208
0.000265658
0.000247094
0.000239397
0.000276765
0.00116512
0.00158204
0.00102477
0.00120058
0.0011796
0.00127412
0.00102326
0.000121902
0.00013912
0.00127646
0.00121538
0.000178407
0.00114448
0.000155399
0.00124419
0.00137427
0.000295205
0.000359924
0.000309675
0.000340389
0.00121849
0.00121665
0.00118726
0.00117476
0.00133245
0.00110547
0.00130948
5.29455e-05
4.88753e-05
0.00117792
0.00255137
0.00158404
0.0026414
0.00125725
0.00257284
0.00147119
0.000118439
0.000110257
0.000112777
0.000112366
0.000599989
0.000719576
0.000139673
0.00155639
0.000111084
0.00163742
0.000523466
5.73582e-05
6.70532e-05
0.00116411
0.0019213
0.00152389
0.000904682
0.00205382
0.00133391
0.000914312
0.000123212
0.000118721
0.00011319
0.000132875
0.000788694
0.000928211
0.000979253
0.0010682
0.000762107
0.000937153
0.000891106
0.000105405
9.22768e-05
0.000760746
0.000685784
0.000114149
0.000476479
0.000680321
0.000667808
0.00013594
0.00028983
0.000371886
0.000319424
0.000342402
0.000917108
0.00111919
0.0011405
0.000919422
0.00105833
0.000921881
0.00101305
0.000119372
0.000140922
0.000872239
0.000579016
0.000785631
0.000193047
0.000731858
0.000153083
0.000999758
8.01974e-05
9.67861e-05
8.06198e-05
9.74725e-05
0.00052505
0.00225859
4.66688e-05
0.000596049
0.000553219
0.00198112
4.53697e-05
2.70986e-05
2.74684e-05
0.000832491
0.00172576
0.000727271
0.000997843
0.00105204
0.00135817
0.000618555
7.96939e-05
0.000100617
9.74236e-05
8.16628e-05
0.000501653
0.00052247
0.00137358
4.57253e-05
0.00155764
4.48754e-05
0.000460103
2.68795e-05
2.72927e-05
0.000102787
0.000118206
0.000408557
0.000937927
0.000659926
0.000862049
0.000481823
0.000706743
0.000473892
5.11828e-05
4.4956e-05
0.000113445
0.000100165
0.000101061
0.000107828
0.000419222
0.000499326
0.000508538
0.000126433
0.00050503
0.00010613
0.000508507
0.000411722
0.000658537
0.000513207
0.000381667
0.000587502
0.000391611
0.000444577
6.27329e-05
7.66205e-05
0.000133225
0.000147581
0.000125068
0.000160305
0.000449898
0.00161706
5.0467e-05
0.000437671
0.000497307
0.00138491
5.05712e-05
9.76817e-05
0.000101143
9.42768e-05
0.000106133
3.78811e-05
3.70268e-05
0.000625989
0.00093034
0.00084127
0.000394322
0.00120837
0.000503143
0.000450904
0.000404418
0.000394093
0.000830615
5.63018e-05
0.00106927
5.17678e-05
0.0003755
0.000105849
0.00013711
0.000117551
0.000119219
4.08904e-05
4.57015e-05
4.62735e-05
0.000214668
0.000236703
0.000284029
0.000248883
0.000243973
0.00029336
0.00126969
0.000163488
0.00116568
0.00143582
0.00116635
0.000184785
0.00135074
0.00116759
0.000935219
0.00113963
0.00117449
0.0010841
0.00104933
0.00121451
0.000144326
0.000167764
0.000328143
0.000407903
0.000344084
0.000384351
0.00146528
0.00167593
0.000239496
0.00181224
0.000211314
0.00148901
0.00168754
0.00139589
0.00125545
0.00149605
0.00165354
0.00125561
0.00134266
0.00157281
9.73866e-05
7.88954e-05
0.00086985
0.000853324
0.00109503
0.00103548
0.000825099
0.000921548
0.00105834
0.000770197
0.000128732
0.00129206
0.00119321
0.000791412
0.000140993
0.000925979
0.000298398
0.00039144
0.000321075
0.00036579
0.000115262
0.000147657
0.00104513
0.00111681
0.00130962
0.00131443
0.00111002
0.00107565
0.00124835
0.000917747
0.00101831
0.000202835
0.00113307
0.000158586
0.00101139
0.00109427
0.000201531
0.000189195
0.00163837
0.000194381
0.00141508
0.0013961
0.00150111
0.000227802
0.00134746
0.000450709
0.00040857
0.000383033
0.000477438
0.00163157
0.00140965
0.00136121
0.00131741
0.00146381
0.00137803
0.00151365
0.000198209
0.000228508
0.00189806
0.00179443
0.000292595
0.00179772
0.000251383
0.00177193
0.00214808
0.000505648
0.000632398
0.000541256
0.000588401
0.00191922
0.00162898
0.00184028
0.00202203
0.00177058
0.00178967
0.00220112
0.000244041
9.25409e-05
0.000442982
0.00101532
0.000552383
0.000836499
0.000599255
0.000999071
0.000381674
0.000233898
0.000137385
0.000162786
0.000178216
0.00129024
0.00210026
0.000236074
0.00108084
0.000228011
0.00137865
0.00146931
0.000265319
0.000193475
0.000708014
0.00115832
0.00103585
0.000828681
0.00133369
0.000480981
0.00109534
0.000368874
0.000348735
0.000256714
0.000414887
0.0013764
0.0013517
0.00108312
0.00133122
0.00120615
0.0015072
0.00116983
0.000194141
0.000161079
0.00133169
0.000972406
0.000213508
0.000973131
0.00116632
0.00107923
0.000279156
0.000531065
0.000668336
0.000572056
0.000638223
0.001651
0.00162257
0.00204232
0.00163154
0.00179578
0.00148209
0.00193169
0.000224143
0.000271503
0.00157106
0.00124855
0.00152474
0.00040453
0.00138329
0.000307215
0.00182354
0.000108883
0.00011299
9.03515e-05
0.000141672
0.000357045
0.000975512
4.94284e-05
0.000346412
0.000417695
0.000690429
5.61889e-05
3.51386e-05
2.97232e-05
0.000279241
0.000882047
0.000520107
0.000530514
0.000336311
0.000562312
0.000348548
0.000146828
0.000264357
0.000193466
0.000202044
0.000283029
0.00030005
0.000359802
9.8721e-05
0.000413365
7.14927e-05
0.000274419
4.70568e-05
6.63282e-05
0.00022563
0.000243671
0.000652448
0.000542768
0.000430692
0.000514385
0.000539954
0.00058306
0.00053774
0.000123775
9.82074e-05
0.000252159
0.000185402
0.000201489
0.000233557
0.000961313
0.00105426
0.00106196
0.00030566
0.000878653
0.000239972
0.00122904
0.000810895
0.000602208
0.000882536
0.000873228
0.000735457
0.000675139
0.00100562
0.00016204
0.000209715
0.000328869
0.000396969
0.00030643
0.000420771
0.000354518
0.000576569
6.29222e-05
0.000299867
0.00034322
0.000417084
7.68421e-05
0.000177607
0.000166363
0.000143154
0.000210657
6.74127e-05
5.41058e-05
0.000453089
0.000525912
0.000524964
0.000715398
0.000455582
0.000556198
0.000576814
0.00039836
0.000333685
0.000391642
0.000133551
0.000364774
9.68317e-05
0.000484078
0.000231106
0.000362501
0.000274275
0.000307043
8.72105e-05
0.000119027
7.63178e-05
0.000352055
0.000390605
0.000519965
0.000480262
0.000449309
0.000563109
0.00242587
0.000277847
0.00201433
0.00244407
0.00201926
0.000312725
0.00252885
0.00223204
0.00182022
0.00185938
0.00235818
0.0019275
0.00221285
0.00236566
0.000257909
0.000290602
0.000605541
0.000748563
0.000654
0.000684501
0.00298462
0.0030085
0.000398959
0.0037373
0.000359387
0.00291821
0.00376563
0.00277571
0.00266943
0.00345999
0.00354051
0.00273064
0.00272006
0.00337403
0.000219146
0.000176555
0.00199646
0.00168101
0.00152189
0.0021188
0.00161665
0.0020414
0.00210229
0.00187873
0.000244403
0.00140541
0.00170855
0.00148862
0.000308512
0.00194079
0.000615306
0.000749767
0.000649088
0.000714963
0.000257043
0.000305297
0.0025263
0.00247011
0.00325139
0.00341711
0.00254904
0.0024674
0.00323195
0.00242619
0.00212143
0.00043439
0.00346283
0.000361021
0.00239752
0.00320743
0.000344399
0.000365756
0.00298721
0.000320702
0.00236313
0.00282033
0.00259444
0.000362934
0.0024431
0.000733902
0.000706182
0.000646621
0.00080018
0.00308111
0.00237093
0.00243794
0.0024508
0.00263417
0.00250217
0.00283346
0.000307864
0.000341848
0.00359785
0.00368319
0.00043856
0.0034974
0.000393356
0.00326207
0.00425547
0.00078691
0.00097426
0.000876018
0.000879412
0.0036132
0.00313405
0.00361864
0.00409924
0.0032942
0.00339587
0.00437899
0.00027428
0.000207661
0.00134228
0.00110262
0.00093922
0.00105183
0.00113811
0.00126403
0.00111893
0.000572037
0.000433149
0.000453364
0.000555269
0.00193379
0.00221116
0.000538245
0.00222302
0.000414356
0.00195045
0.00254691
0.000331293
0.000443483
0.00173902
0.00148199
0.0021619
0.00198342
0.00180462
0.00145188
0.00237909
0.000757164
0.0010356
0.00075144
0.000990157
0.00273037
0.0024408
0.00211128
0.00248547
0.00231327
0.00288114
0.0023143
0.000369339
0.000311586
0.00254189
0.00198464
0.000441091
0.00205704
0.00214744
0.00218246
0.000568698
0.000907849
0.00105334
0.000944307
0.00102436
0.00320919
0.00309457
0.00405684
0.00337562
0.00333607
0.00304068
0.00395396
0.000410868
0.000463868
0.00300607
0.00260718
0.00320753
0.000733338
0.00286459
0.000600262
0.00364617
0.000414145
0.000373114
0.000285695
0.000503595
0.000530448
0.000419114
0.000149079
0.000528612
0.0003601
0.000599053
0.000224545
0.000157056
0.000100102
0.000997201
0.0013066
0.00174568
0.00142594
0.00122396
0.00102989
0.00144704
0.000622625
0.00102236
0.00071501
0.000935226
0.000810427
0.000802327
0.00130876
0.000582876
0.000856155
0.000373836
0.00123953
0.000262993
0.000428764
0.000538528
0.000527042
0.0015673
0.00117091
0.00109376
0.00122579
0.00125539
0.00144766
0.00142742
0.000378312
0.000281241
0.000739376
0.000541279
0.00056951
0.000717322
0.00224548
0.00248081
0.00250834
0.000821502
0.00214438
0.000624298
0.00285372
0.00195327
0.00158895
0.00235498
0.00229896
0.00190396
0.00176628
0.002465
0.000510207
0.000711655
0.00104223
0.00138125
0.00101599
0.00135524
0.000862872
0.000541701
0.000191805
0.000621139
0.000646463
0.000719599
0.000280111
0.00058054
0.000496508
0.000423629
0.000673045
0.000240316
0.000167848
0.00140171
0.00149269
0.0016887
0.00208641
0.00124452
0.00160509
0.00182061
0.00124909
0.000931138
0.00150079
0.000670434
0.00107885
0.000453709
0.00165806
0.000852592
0.00136096
0.000979848
0.00121165
0.000373487
0.000551739
0.000400547
0.000529253
0.000581735
0.000862608
0.000843478
0.000779968
0.000938404
0.00578049
0.000449682
0.00434245
0.00498103
0.00463294
0.000493771
0.00553905
0.00512271
0.00425442
0.00400624
0.00540748
0.00411116
0.00525754
0.00509094
0.000403968
0.000440482
0.000957529
0.00111871
0.00103662
0.00103827
0.00676053
0.00582092
0.000598791
0.00769641
0.00054893
0.0063368
0.0078741
0.00616314
0.00630611
0.0080119
0.00771111
0.00662216
0.00600879
0.00754714
0.00038864
0.000343244
0.00512932
0.00399208
0.00400538
0.0051767
0.00414193
0.00527338
0.00534666
0.00526337
0.000481418
0.0039695
0.00414038
0.00398227
0.000550245
0.0054472
0.00098694
0.00113408
0.00104502
0.0010543
0.000420885
0.000456747
0.00655976
0.00607651
0.00867801
0.00895629
0.0064865
0.00635284
0.00856782
0.0064652
0.00509559
0.000638705
0.00877728
0.000584399
0.00648719
0.0085005
0.000621323
0.000614897
0.00592631
0.000472515
0.00468551
0.00582548
0.005112
0.000525221
0.00485578
0.00103372
0.00103968
0.000926119
0.00114243
0.00614589
0.00465226
0.00484832
0.00512294
0.00505384
0.00507414
0.00598694
0.000438001
0.00048055
0.0071453
0.00722209
0.000629605
0.00694475
0.000569124
0.00664232
0.00833699
0.0010899
0.00131108
0.00121438
0.00119978
0.00750014
0.00670534
0.00754812
0.00922634
0.00668258
0.0073016
0.00927585
0.00060345
0.000478185
0.0041677
0.00314945
0.00264109
0.00311459
0.00311616
0.00365885
0.00365982
0.00144775
0.00132593
0.00120905
0.00168922
0.00520411
0.00547481
0.000805479
0.00559426
0.000716612
0.00526043
0.00675892
0.000587368
0.000685591
0.00516797
0.00440765
0.00587317
0.00627108
0.00525349
0.00465418
0.00672834
0.00153978
0.00205859
0.00180289
0.00168718
0.00605167
0.00464301
0.00446742
0.00516097
0.00466884
0.00585628
0.00513429
0.000536946
0.000495286
0.00546053
0.00423969
0.000738145
0.00442393
0.00438469
0.00487018
0.000839976
0.00123089
0.00140331
0.00129622
0.00131232
0.00743957
0.00661732
0.00957353
0.00834897
0.0072591
0.00705427
0.00980203
0.000557854
0.000585576
0.00684258
0.00594049
0.00786013
0.000874643
0.00656776
0.000816101
0.00870597
0.00187803
0.0013956
0.00137523
0.00185346
0.00264659
0.00184462
0.00110277
0.00258301
0.00184739
0.00273766
0.00181114
0.00116679
0.000721229
0.00406748
0.00426148
0.00548743
0.00490422
0.0042101
0.00374844
0.00527519
0.00214997
0.00229576
0.00201643
0.00236585
0.00359871
0.00344715
0.00493114
0.00255415
0.00355181
0.00265138
0.00479575
0.00133551
0.00151628
0.000938782
0.000847679
0.00399515
0.00306629
0.00285925
0.00332628
0.00304165
0.00378362
0.00372154
0.00109959
0.000844825
0.0022023
0.00193096
0.00183328
0.00252773
0.00536357
0.00641649
0.00671974
0.00109145
0.00540848
0.00104524
0.00707842
0.00493056
0.00433317
0.00631613
0.00602229
0.00510476
0.00459903
0.00648133
0.000949411
0.00103123
0.00229185
0.00283462
0.0026587
0.00231802
0.00304012
0.00207733
0.00136596
0.00263451
0.00229676
0.00290347
0.00219496
0.00266776
0.00204414
0.00188561
0.00280449
0.00172167
0.0010313
0.00397451
0.00421487
0.00477055
0.00544945
0.00374596
0.00419426
0.00496744
0.00387337
0.00344414
0.00492155
0.00329914
0.00366943
0.00353917
0.00501557
0.00308065
0.0032454
0.0030724
0.00322423
0.00238012
0.00231914
0.00321275
0.000757159
0.000817446
0.00123105
0.00122393
0.00113196
0.00130564
0.00875345
0.000660192
0.0081733
0.00840202
0.00857592
0.000718701
0.00995482
0.00981318
0.00912303
0.00821447
0.00997894
0.00777795
0.00987966
0.00998735
0.000570225
0.000608297
0.00130962
0.00149062
0.001408
0.00141145
0.00875742
0.00936849
0.00083303
0.00995204
0.000778946
0.00995025
0.00876984
0.00988209
0.0099754
0.00987926
0.00998374
0.00987471
0.00998339
0.00988524
0.000517099
0.000484161
0.00984078
0.00957538
0.00962588
0.00997231
0.0092138
0.00988143
0.00996069
0.00867095
0.000661712
0.00988094
0.00881539
0.00853908
0.000711712
0.00989656
0.001261
0.00146654
0.00136342
0.00135555
0.000539771
0.000577982
0.00984427
0.00997081
0.00988891
0.00996294
0.00988247
0.0099593
0.009861
0.00870235
0.00889446
0.000785461
0.00990795
0.000727643
0.0098998
0.00878833
0.000799237
0.00080149
0.00900213
0.00068515
0.00989493
0.00871816
0.00896513
0.000735249
0.00993296
0.00134155
0.00139795
0.00126311
0.00146166
0.00975583
0.0099807
0.00986272
0.00998923
0.00975032
0.00998107
0.00985939
0.000594783
0.000613686
0.00905988
0.00875248
0.000817394
0.00993433
0.000785733
0.00993442
0.00903865
0.00139386
0.0015764
0.00154487
0.00143881
0.00972485
0.00998518
0.00997498
0.0098445
0.00997431
0.00985393
0.00974841
0.000705937
0.000643954
0.00971097
0.00817503
0.00798638
0.00892936
0.00832813
0.00898635
0.00977769
0.00173227
0.00194852
0.00165838
0.00205935
0.00897072
0.00905366
0.000900182
0.00990777
0.000855415
0.00990231
0.00907511
0.000669427
0.000716027
0.00971928
0.00994205
0.00993477
0.00979048
0.00993325
0.00977171
0.00972239
0.00169201
0.00196548
0.00191338
0.00173898
0.00980658
0.00984274
0.00998136
0.00998894
0.00980262
0.00984234
0.00998159
0.000612809
0.000598996
0.00891242
0.00992676
0.000845472
0.0089265
0.00877169
0.00993802
0.000870975
0.00143827
0.00160567
0.00157358
0.00145481
0.00980526
0.0099848
0.00983582
0.00997762
0.0098299
0.00997875
0.00979923
0.00062566
0.000631428
0.00894277
0.00897163
0.0099448
0.000866456
0.0099383
0.000849962
0.00906194
0.00218857
0.00211549
0.0021695
0.00219898
0.00795246
0.00612231
0.00170226
0.00682148
0.00633164
0.00796485
0.00156591
0.00108605
0.00110899
0.00968163
0.00994363
0.00977882
0.00993835
0.00976961
0.00993622
0.00972214
0.00194951
0.00205597
0.00201502
0.00194299
0.00888971
0.00884335
0.00989787
0.0012116
0.0098973
0.00124699
0.00893421
0.000887917
0.000883442
0.000936958
0.000891961
0.00982883
0.00862174
0.00736824
0.00968
0.00795323
0.0099777
0.00974038
0.000849316
0.000835484
0.0019912
0.00234827
0.00205954
0.0023193
0.00878726
0.00899761
0.00994703
0.000926927
0.00993941
0.000932057
0.00886873
0.00984907
0.00997752
0.00997487
0.00991328
0.00997319
0.00990533
0.00985537
0.000742843
0.000752692
0.0017947
0.00200693
0.00201583
0.00177374
0.00761593
0.00582744
0.00179549
0.00734844
0.0059473
0.00749436
0.00161348
0.00237713
0.00257303
0.00250267
0.00244914
0.00118216
0.00130162
0.00973648
0.00996404
0.00995782
0.00985433
0.00995855
0.00984738
0.00976725
0.00883512
0.00902195
0.00991367
0.00119817
0.00958198
0.00123026
0.00884235
0.00197675
0.00202762
0.00207928
0.00196132
0.000908607
0.000879305
0.00129448
0.000923572
0.000937723
0.00155406
0.00156325
0.00146121
0.00165987
0.00874243
0.000871512
0.00994393
0.00935302
0.00876045
0.000911759
0.00994044
0.00987949
0.0098736
0.00997935
0.00997061
0.00987939
0.00987463
0.00997842
0.000687413
0.000724545
0.00159056
0.00182101
0.00169719
0.00171073
0.00873565
0.00924728
0.00097355
0.00993122
0.000927125
0.00993561
0.00871752
0.00987236
0.00996843
0.00987022
0.00997439
0.00986726
0.00997444
0.00987243
0.000646818
0.000596938
0.00987056
0.00989106
0.00996273
0.00998228
0.00986221
0.00990006
0.00996567
0.00888219
0.000797252
0.00990932
0.00917272
0.00881195
0.000876504
0.00991772
0.00156702
0.00180389
0.00166111
0.00172497
0.000671152
0.000740281
0.00986625
0.00997824
0.00990624
0.00996716
0.00989973
0.00996423
0.00987092
0.00890138
0.00921265
0.00100198
0.00992561
0.000898845
0.00991909
0.00894311
0.000948778
0.000969527
0.00905821
0.000845108
0.00993748
0.00898045
0.00908967
0.00086175
0.00993799
0.0015049
0.00162953
0.00147337
0.00164364
0.00976615
0.00997196
0.00984845
0.00997976
0.00973524
0.00997378
0.00984496
0.000660507
0.000673813
0.00912339
0.00908083
0.000895083
0.00994821
0.000874273
0.00994501
0.0091023
0.00152599
0.00172844
0.00168047
0.00156454
0.00976392
0.00997993
0.0099752
0.00985761
0.00997299
0.00985608
0.00979838
0.000745575
0.000695158
0.0097192
0.00993313
0.00978201
0.00994611
0.00972397
0.00993698
0.00979902
0.00178427
0.0018803
0.00171619
0.00196567
0.0091188
0.00897595
0.00105957
0.00991113
0.000973961
0.00990699
0.00915862
0.000746846
0.000813935
0.00972332
0.00994683
0.00994326
0.00979978
0.00993857
0.00978763
0.009715
0.00179669
0.00210101
0.00196074
0.00191669
0.00979551
0.00982894
0.00997626
0.00998254
0.00980481
0.0098396
0.0099762
0.000656433
0.000648094
0.00915373
0.00994674
0.000859246
0.00919305
0.00905711
0.00994986
0.000890518
0.00154036
0.00173312
0.0016982
0.00159475
0.00980946
0.00998237
0.00985743
0.00997603
0.0098425
0.00997601
0.00980589
0.000675331
0.000695351
0.00915085
0.0092555
0.00995645
0.000946186
0.00995318
0.000892582
0.00923913
0.00185458
0.00196659
0.00180831
0.00203721
0.0089588
0.00989887
0.00107668
0.00888078
0.00898522
0.00989789
0.00110502
0.000828766
0.000799692
0.00972658
0.00994478
0.00979282
0.00994436
0.00979857
0.00993957
0.00975571
0.00182307
0.00215907
0.0020141
0.00194078
0.00899259
0.00886253
0.00989892
0.00112114
0.00990058
0.00105254
0.00893038
0.000795307
0.000854934
0.000922434
0.000928709
0.00986692
0.00997194
0.00990349
0.00997502
0.00986702
0.00997338
0.00991
0.000733355
0.000704164
0.00171875
0.00186239
0.00167467
0.00191874
0.00897082
0.00919266
0.00995086
0.000992291
0.00994916
0.000931181
0.00899907
0.00987335
0.00997424
0.0099736
0.00990678
0.00997255
0.0099013
0.00987104
0.000717111
0.000778249
0.00168275
0.00199494
0.00184976
0.00181295
0.00886209
0.00991306
0.00104435
0.00904477
0.00886141
0.0099158
0.00107308
0.00182833
0.00185561
0.00176865
0.00190081
0.000791748
0.000773418
0.00978541
0.0099659
0.00996464
0.00989757
0.009959
0.0098911
0.00982629
0.00889607
0.00901033
0.0099271
0.00107612
0.00992021
0.000995526
0.00891249
0.00172504
0.00197377
0.00182451
0.00187008
0.000745309
0.000804896
0.00105897
0.00104748
0.00106279
0.00194186
0.00187161
0.00175853
0.00206197
0.00873038
0.000990385
0.00993286
0.00907357
0.00872942
0.0010687
0.00993049
0.00986637
0.00986708
0.00997221
0.00997162
0.00986451
0.00987273
0.00997357
0.000848986
0.000946612
0.00201452
0.00243344
0.0021591
0.00227428
0.00875352
0.00893605
0.00122029
0.00993154
0.00110293
0.00993281
0.00876776
0.00985653
0.00997221
0.0098777
0.00997432
0.00987254
0.00997298
0.00986158
0.000876102
0.000777653
0.00986796
0.00990281
0.00996596
0.0099815
0.00986487
0.0099072
0.00996864
0.00896385
0.00104341
0.0099245
0.00929275
0.00893604
0.00118197
0.00992988
0.00209237
0.00249145
0.00220163
0.00238163
0.000925607
0.00104911
0.0098577
0.00997781
0.00991023
0.00997014
0.00990453
0.00996708
0.00986207
0.00895766
0.00931796
0.00140447
0.00993591
0.0012393
0.00992892
0.0089976
0.00123112
0.001306
0.00916476
0.000917208
0.00995881
0.00934093
0.00917733
0.000969469
0.00996245
0.00167481
0.00176072
0.00159713
0.0018683
0.00983037
0.00997713
0.00987045
0.00998278
0.00980442
0.00997943
0.0098715
0.000756275
0.00082895
0.00922429
0.0066782
0.00112171
0.00996993
0.00101577
0.00996903
0.00921467
0.00173739
0.00208258
0.00191099
0.00190977
0.0098343
0.00998521
0.00998377
0.00988054
0.00998206
0.00988092
0.00984981
0.000923723
0.000834888
0.00970291
0.00994551
0.00978643
0.00995764
0.00971316
0.00995042
0.00979999
0.00212579
0.00213981
0.00196899
0.00233857
0.00912701
0.00894617
0.00142523
0.00991821
0.00126907
0.0099149
0.00916008
0.00096273
0.00107788
0.00970315
0.00996014
0.00995649
0.00980735
0.0099522
0.00979159
0.00970054
0.00221471
0.00264017
0.00240142
0.00242343
0.00982628
0.009867
0.00997664
0.00998418
0.00982594
0.00988146
0.0099777
0.000754863
0.000711434
0.00933831
0.00995908
0.000947993
0.00939507
0.00924561
0.00996344
0.00103786
0.00175482
0.00211577
0.00191687
0.00194788
0.00984254
0.00998603
0.0098968
0.00997974
0.00988853
0.00997973
0.00983841
0.00078086
0.000860511
0.0093498
0.0094378
0.00996902
0.00118695
0.00996649
0.0010521
0.00941218
0.0021208
0.00218804
0.00196338
0.002369
0.00886187
0.00990111
0.00111847
0.00876807
0.00894161
0.00989885
0.00120752
0.00093656
0.000853419
0.0097536
0.00996002
0.00978232
0.00996002
0.00978394
0.00995524
0.00977849
0.00218714
0.00268604
0.0024392
0.00238379
0.00885642
0.00873283
0.00989958
0.00135452
0.00990116
0.00124244
0.00880041
0.000956842
0.00106645
0.00109658
0.00113051
0.00986485
0.0099737
0.00989866
0.00997954
0.00987175
0.00997371
0.00990164
0.000877244
0.000778493
0.00203937
0.00197393
0.00182805
0.00221287
0.0090035
0.00918016
0.00994787
0.0013062
0.00994792
0.00115091
0.00904374
0.0098636
0.00997953
0.00997402
0.00989345
0.0099733
0.00989022
0.00985711
0.000887279
0.00102317
0.00208186
0.00254795
0.00223154
0.0023612
0.00898693
0.00993255
0.00105005
0.0091083
0.00895313
0.00994069
0.00117603
0.00205821
0.00196148
0.00183349
0.00220204
0.00089178
0.000795998
0.00982513
0.00998074
0.00997793
0.00991629
0.00997387
0.00991177
0.00984902
0.0090149
0.00906652
0.00995121
0.00133573
0.00994331
0.00118261
0.00905567
0.00207119
0.00254069
0.00223512
0.00235441
0.00090717
0.00102685
0.00123768
0.00141662
0.00142429
0.00270537
0.002576
0.00235747
0.00291638
0.00878931
0.00127908
0.00993238
0.00886902
0.00878792
0.00144818
0.00993122
0.00986018
0.009878
0.00997446
0.00998025
0.00985057
0.00988283
0.00997667
0.00123398
0.00142623
0.00285711
0.00351793
0.00310579
0.00330036
0.00881296
0.00881649
0.00179538
0.00993163
0.00155662
0.00993236
0.0088076
0.00984939
0.00998043
0.00988567
0.00997942
0.00988455
0.00997703
0.00985873
0.00125321
0.00110847
0.00985919
0.00990723
0.00996959
0.00998398
0.00985115
0.00991465
0.00997362
0.00904773
0.00147304
0.00993546
0.00934725
0.00899424
0.00166417
0.00994361
0.00296257
0.00355425
0.00314047
0.00335463
0.00131781
0.00146915
0.0098533
0.00998175
0.00991547
0.00997628
0.00990909
0.0099737
0.00985872
0.00904351
0.00936679
0.00194013
0.00994999
0.00174068
0.00994297
0.00908984
0.00171424
0.0018305
0.00924979
0.00119632
0.00997276
0.00938866
0.00926213
0.0013607
0.00997229
0.00230332
0.00219978
0.00203324
0.00250216
0.0098526
0.00998388
0.0098861
0.00998618
0.00984229
0.00998413
0.00988686
0.00110916
0.00130073
0.00926596
0.00665355
0.00172337
0.00997429
0.00146902
0.00987982
0.00927066
0.00249713
0.00319089
0.0027173
0.0029132
0.00983852
0.00998936
0.00998626
0.00989449
0.00998502
0.00989422
0.00985191
0.00127966
0.00114203
0.0097096
0.00995774
0.00980065
0.00996908
0.00970424
0.00996166
0.00981686
0.00280807
0.00279379
0.00257053
0.00309311
0.00917968
0.00900915
0.00197358
0.00993339
0.00178679
0.00992929
0.00921832
0.00135228
0.00149858
0.0097205
0.00997062
0.00996611
0.00983173
0.00996249
0.00981665
0.00973776
0.00295767
0.00359356
0.00328445
0.00322988
0.00984239
0.00989454
0.00997958
0.00998798
0.00984457
0.00989848
0.0099795
0.00103882
0.000912772
0.00942373
0.00996792
0.00123576
0.00940677
0.0093973
0.00996858
0.00142166
0.0024758
0.00317098
0.00271933
0.00291887
0.0098515
0.00998712
0.00989648
0.00998192
0.00989255
0.0099809
0.00985225
0.00113632
0.00134179
0.00937487
0.00941245
0.00996643
0.00179981
0.00996571
0.00152609
0.00938946
0.0027633
0.00279727
0.00254732
0.00306103
0.00878913
0.00990269
0.00143168
0.00871953
0.00880188
0.00990403
0.0015522
0.00123443
0.00110495
0.00978356
0.0099732
0.00980611
0.00997002
0.00979572
0.00996712
0.00980159
0.00300586
0.00352437
0.00319722
0.00323591
0.00881141
0.00872797
0.00991312
0.00181748
0.00990935
0.00167122
0.00883609
0.00128273
0.00143405
0.001533
0.00164924
0.00985461
0.00997426
0.00988176
0.00998559
0.00985815
0.00997607
0.00988932
0.00122161
0.00104307
0.00278589
0.00260308
0.00241942
0.00299174
0.00903167
0.00916847
0.00994974
0.00198212
0.00994705
0.00165886
0.00908919
0.00985632
0.00998386
0.00997831
0.0098941
0.00997606
0.00988168
0.00985463
0.00128408
0.00153755
0.00293034
0.00366163
0.00314756
0.00344715
0.00909491
0.0099541
0.00138237
0.00918966
0.00907462
0.00996019
0.00157598
0.00276509
0.00261982
0.00243024
0.00302047
0.00122906
0.00107157
0.00984093
0.00998658
0.00998122
0.00991777
0.00997974
0.00991499
0.00985871
0.00909304
0.00921819
0.00996304
0.00194007
0.0099612
0.00167983
0.00908528
0.00294911
0.00371759
0.00317697
0.00339048
0.00131502
0.00153336
0.00165846
0.0021565
0.00200186
0.00395699
0.00365894
0.00352266
0.00413963
0.00884287
0.00193934
0.00993455
0.00884003
0.00884801
0.0022295
0.00993365
0.00985021
0.00988581
0.00998055
0.00998834
0.00983974
0.00988691
0.00998362
0.00180895
0.00204312
0.00405885
0.00467907
0.00420432
0.00455822
0.00888902
0.00882209
0.00268015
0.00993828
0.00234708
0.00993713
0.00889332
0.00982356
0.00998972
0.00988909
0.00998856
0.00988523
0.00998518
0.00983907
0.00168897
0.0015326
0.00985191
0.00990615
0.00997558
0.00998584
0.00984762
0.00991205
0.00997797
0.00912338
0.00201314
0.00994971
0.00934718
0.0090903
0.00220854
0.00995522
0.00393338
0.00468023
0.00426234
0.00434944
0.00175203
0.00193992
0.00983873
0.00998373
0.00990843
0.00997991
0.00990115
0.00997781
0.00984683
0.00913242
0.0093575
0.00252509
0.00996008
0.00230208
0.00995616
0.0091581
0.00218054
0.00238377
0.00929923
0.00187917
0.00963088
0.00939076
0.00915236
0.00233762
0.00998
0.00397358
0.00351037
0.00326187
0.00434191
0.00985459
0.00998813
0.00990303
0.0099951
0.00983818
0.00999037
0.00990426
0.00204331
0.00252572
0.00932986
0.00654856
0.00327076
0.00997841
0.00251808
0.00997963
0.00929753
0.00444703
0.00520253
0.00486394
0.0045416
0.00984134
0.00999672
0.00999078
0.00990395
0.00999031
0.00990731
0.00985472
0.00169566
0.00155868
0.0097711
0.0099671
0.00982961
0.00997758
0.0097506
0.0099707
0.00984256
0.00363505
0.0038021
0.0033928
0.00407747
0.00922409
0.00915778
0.00247974
0.0099496
0.00230241
0.00994589
0.00925182
0.00177846
0.00195713
0.00978281
0.00997866
0.00997508
0.0098509
0.00997202
0.00984037
0.00979712
0.00390395
0.00471662
0.00432903
0.00411652
0.00986028
0.00988798
0.00998311
0.00998979
0.00986009
0.00989291
0.0099841
0.00188325
0.00153139
0.00934768
0.00996319
0.00202364
0.00940892
0.00932612
0.0099652
0.00247459
0.00448548
0.00519019
0.00513918
0.00454375
0.00986418
0.00998842
0.00988883
0.00998435
0.00988427
0.00998427
0.00986076
0.0021968
0.00252692
0.00931014
0.00944316
0.00996531
0.00354244
0.00996286
0.00287252
0.0093393
0.00366303
0.00367435
0.00350542
0.00396988
0.00892097
0.00991935
0.00198755
0.00885628
0.00888638
0.00992427
0.0021281
0.00166521
0.00149664
0.00979235
0.0099798
0.00984633
0.00997677
0.00983937
0.0099743
0.00981292
0.00397317
0.00460988
0.00426226
0.00422529
0.00897907
0.00889008
0.00993483
0.00253552
0.00993067
0.00234411
0.00899343
0.00175757
0.00200726
0.00268257
0.00293007
0.00986068
0.00997857
0.00988943
0.00998828
0.00985948
0.00998098
0.00990052
0.00208617
0.00167592
0.00447904
0.00400018
0.00368237
0.00479536
0.0090945
0.00921385
0.00995507
0.00356401
0.00995273
0.00300918
0.00914377
0.00986285
0.00998833
0.00998339
0.00990538
0.00998092
0.00989264
0.0098632
0.00232974
0.00255408
0.00460445
0.00516591
0.00516269
0.0046073
0.00906684
0.00996318
0.00208995
0.00934378
0.00908335
0.00996326
0.00247452
0.00440447
0.00394771
0.00370753
0.00476471
0.00198241
0.00166147
0.00984748
0.00998872
0.00998413
0.0099193
0.00998177
0.00991731
0.00986457
0.00907864
0.00934836
0.00996373
0.00330176
0.00996404
0.00266407
0.00906143
0.00460269
0.00516496
0.0051073
0.00460523
0.00214465
0.0025551
0.00242204
0.00357284
0.00336455
0.00460768
0.00476348
0.00457732
0.00516637
0.00896824
0.00283002
0.00994353
0.0089365
0.00896258
0.0032346
0.00994486
0.00983382
0.0098904
0.00998814
0.00999428
0.00981207
0.00989508
0.00998992
0.0025544
0.00255643
0.00460705
0.00516806
0.00516534
0.00460953
0.00904083
0.00898713
0.00356129
0.00994933
0.0035301
0.00994933
0.00903765
0.00981086
0.00999255
0.00990321
0.00998864
0.00990097
0.0099873
0.00983299
0.00236919
0.00203679
0.00985198
0.00990273
0.00998047
0.00998842
0.00984485
0.00991297
0.00998202
0.00920106
0.00268884
0.00996039
0.00934761
0.009172
0.00305932
0.00996372
0.004606
0.0051682
0.00516527
0.00460835
0.00255717
0.00255888
0.00986666
0.00998807
0.0099211
0.00998358
0.00991187
0.00998267
0.00987092
0.00920731
0.00938255
0.00356324
0.00996541
0.00342433
0.00996341
0.00923808
0.00290471
0.00343095
0.00925974
0.00334852
0.00997433
0.0093741
0.00930861
0.00354924
0.00997179
0.00454526
0.00520274
0.00454197
0.00519836
0.00985102
0.00998799
0.00990114
0.00999208
0.0098386
0.00998752
0.00989341
0.00252935
0.00253158
0.00926743
0.00933296
0.00355218
0.00996342
0.00354874
0.00996737
0.00920809
0.00454632
0.00520176
0.00518993
0.00454809
0.0098274
0.00998894
0.00998258
0.00987867
0.00998281
0.00988753
0.00984541
0.00244372
0.00206772
0.00982032
0.00997487
0.00985009
0.0099835
0.00981441
0.00997726
0.00986329
0.00454878
0.00497416
0.00448305
0.00520205
0.0092463
0.00932162
0.00355252
0.00995927
0.00323032
0.00995624
0.00929473
0.00253139
0.0025332
0.00983706
0.00998357
0.00997922
0.00987399
0.00997729
0.00986348
0.00984035
0.00454809
0.00519538
0.00520099
0.0045509
0.00984833
0.00987817
0.00998291
0.00998773
0.00985992
0.00988315
0.00998168
0.00252916
0.00252707
0.00934809
0.00996284
0.00354307
0.00942393
0.0093145
0.00996508
0.00354625
0.00454349
0.00520035
0.00520614
0.0045469
0.00984286
0.00998527
0.00987921
0.0099791
0.00987354
0.00997987
0.00983171
0.0025293
0.00253156
0.00934439
0.00943978
0.00996405
0.00354714
0.00996287
0.00354692
0.00937909
0.00454803
0.00497532
0.00454589
0.00520039
0.0090554
0.00994117
0.00284073
0.00906916
0.00904964
0.00994466
0.00322867
0.00252852
0.00211737
0.00981441
0.00998372
0.00987259
0.00998057
0.00986958
0.00997871
0.00983285
0.00454793
0.00520994
0.00519946
0.00454844
0.00910874
0.00910088
0.00995186
0.00354502
0.00994957
0.00354317
0.00912409
0.00252813
0.00253019
0.00371225
0.00371229
0.00986795
0.00998299
0.00989504
0.00999059
0.00986711
0.00998509
0.00990714
0.00255615
0.00255424
0.0046088
0.00516445
0.00460619
0.0051676
0.00912062
0.00927889
0.00995785
0.00356742
0.00995665
0.00356385
0.00916688
0.00987364
0.00998912
0.00998507
0.00990829
0.00998381
0.00989441
0.00987544
0.00255622
0.00255819
0.00460755
0.00516917
0.00516606
0.00461018
0.00906744
0.00996359
0.0035638
0.00939601
0.00907821
0.00996371
0.00356671
0.00460723
0.00516392
0.00460461
0.00516694
0.0025573
0.00255522
0.00985046
0.00998987
0.00998616
0.00991843
0.00998405
0.00991507
0.00987282
0.00908506
0.00940055
0.00996518
0.00356855
0.00996417
0.00356599
0.009085
0.00460655
0.00516875
0.00516579
0.00460902
0.00255726
0.00255924
0.00371165
0.00371388
0.00371386
0.00461095
0.00516685
0.00460862
0.00516954
0.00908029
0.00356147
0.0099519
0.00905886
0.00908724
0.00356361
0.00995115
0.00983325
0.00990538
0.00998604
0.00999263
0.00981366
0.00990601
0.0099873
0.00255857
0.00256045
0.00460996
0.00517099
0.00516827
0.00461232
0.00910563
0.00906491
0.0035658
0.00995011
0.00356373
0.00995138
0.00909903
0.00981979
0.0099914
0.0099043
0.00998524
0.00990363
0.00998459
0.00983721
0.00256076
0.00255891
0.00988628
0.00992051
0.00998364
0.00998991
0.00988173
0.00992653
0.00998396
0.00926303
0.00356352
0.00996463
0.00936541
0.00923991
0.0035661
0.00996583
0.00460862
0.00517111
0.00516838
0.00461076
0.00256067
0.00256236
0.00989035
0.00998926
0.00992834
0.00998301
0.00992517
0.00998349
0.00989291
0.00927217
0.00939218
0.00356652
0.00996568
0.00356603
0.00996528
0.00929012
0.0037175
0.003716
0.00919136
0.00355184
0.00996087
0.00940246
0.00922188
0.0035546
0.00995975
0.00455123
0.00520117
0.0045481
0.00519619
0.00984621
0.00997941
0.00987468
0.00998408
0.00982392
0.00997963
0.00987195
0.00253463
0.00253648
0.00921826
0.0094062
0.00355676
0.00995965
0.00355439
0.00995871
0.00921478
0.00455097
0.00520627
0.00519523
0.00455244
0.00983353
0.00998194
0.0099769
0.00987317
0.00997678
0.00986951
0.00985189
0.00253446
0.00253319
0.00985306
0.00997874
0.0098678
0.00998571
0.00984935
0.00997986
0.009876
0.00455102
0.00519418
0.00454998
0.00520463
0.00926693
0.00936392
0.00355547
0.00995948
0.00355141
0.00995854
0.00931237
0.00253445
0.00253626
0.00985419
0.00998408
0.00997911
0.00987454
0.00997865
0.00986727
0.0098576
0.00455008
0.00519786
0.0052033
0.00455306
0.00982962
0.00986969
0.00997781
0.00998418
0.00982698
0.00987951
0.00997766
0.00253394
0.00253177
0.00940163
0.009961
0.00354769
0.00946455
0.00936455
0.00996381
0.00355121
0.00454771
0.00520432
0.00520965
0.00455094
0.00982907
0.00998161
0.00988468
0.00997594
0.0098753
0.00997588
0.00984175
0.00253413
0.00253619
0.00939656
0.00949545
0.00996504
0.00355171
0.00996153
0.00355156
0.00942861
0.00455053
0.00520888
0.00454822
0.00520284
0.00919351
0.00995431
0.00354522
0.00917155
0.00916899
0.00995567
0.0035473
0.00253207
0.00252975
0.00981501
0.00998463
0.00988345
0.00997917
0.00988064
0.00997847
0.00982754
0.00455002
0.00521226
0.0052016
0.00455092
0.00923649
0.00915951
0.00995681
0.00354933
0.00995604
0.00354719
0.00926066
0.00253152
0.00253354
0.00371514
0.00371455
0.00987756
0.00998282
0.00989759
0.00998877
0.00987758
0.00998351
0.00990881
0.0025598
0.00255824
0.0046111
0.00516754
0.00460885
0.00517029
0.00916531
0.0092202
0.00995498
0.00357065
0.00995511
0.00356758
0.00918755
0.00987345
0.00998633
0.00998166
0.00990225
0.00998092
0.00989592
0.00987326
0.00255991
0.00256165
0.00460996
0.00517146
0.00516872
0.00461226
0.009096
0.00996505
0.00356774
0.00946816
0.00909437
0.00996477
0.00356996
0.00461044
0.00516747
0.00460819
0.00517011
0.0025607
0.002559
0.00985291
0.00998742
0.00998252
0.00991382
0.00998248
0.00991404
0.00986833
0.00910777
0.0094744
0.00996286
0.00357116
0.00996372
0.00356917
0.0091088
0.00460953
0.00517132
0.00516878
0.00461172
0.0025604
0.00256197
0.00371568
0.00371663
0.00354954
0.00461352
0.00516958
0.00461127
0.00517238
0.00910351
0.00356545
0.00995004
0.00905615
0.00911743
0.00356734
0.00994941
0.00985024
0.00990358
0.00998195
0.00999021
0.00983189
0.00990391
0.00998302
0.0024235
0.00160561
0.00461214
0.00385545
0.00517088
0.0038659
0.0090994
0.00908286
0.00224326
0.00946437
0.00346259
0.00995005
0.00909169
0.00985406
0.00998873
0.00935978
0.00953414
0.00989891
0.00998114
0.0094557
0.00256403
0.00256221
0.009895
0.00992772
0.00998242
0.00998897
0.00989333
0.00993122
0.0099824
0.0093209
0.00356588
0.00996471
0.00938778
0.00930288
0.00356886
0.00996529
0.0046112
0.0039257
0.00517071
0.0035774
0.00218647
0.00150877
0.00988984
0.00998885
0.00931535
0.00918038
0.00993252
0.00998228
0.00916128
0.00934324
0.00938683
0.00199655
0.00962422
0.00291265
0.00996566
0.00933756
0.00352918
0.0028963
0.00924798
0.00355631
0.00995897
0.00949728
0.00924286
0.00355856
0.00996131
0.0045543
0.0052049
0.00455175
0.00519876
0.00986151
0.00997504
0.00987476
0.009981
0.00984701
0.00997671
0.00988104
0.00253767
0.00168933
0.00926989
0.00951687
0.00228762
0.00996508
0.00355613
0.00996155
0.00928604
0.0045524
0.00435759
0.00520516
0.00397414
0.00985728
0.00998043
0.00997851
0.00988874
0.00997618
0.0098819
0.00986779
0.00253738
0.00253602
0.00985849
0.00997756
0.00986524
0.00998401
0.00985247
0.00997831
0.00987221
0.00455347
0.00519638
0.00455224
0.00520712
0.00931989
0.00933914
0.00191697
0.00895142
0.00283217
0.00995901
0.00889273
0.00204947
0.00138096
0.00985459
0.00998276
0.00935065
0.00941518
0.00997728
0.00986959
0.00934032
0.00455272
0.00350975
0.0051856
0.00324426
0.00985774
0.00988373
0.00997429
0.00998245
0.00984449
0.0098935
0.00997631
0.00253784
0.00253608
0.00946651
0.00996322
0.00355174
0.00956349
0.00943117
0.00996944
0.00355508
0.00455151
0.004297
0.00520502
0.00409557
0.00986099
0.00998144
0.0098991
0.00997901
0.00989251
0.00997607
0.00987111
0.00253763
0.00169862
0.00947317
0.00740094
0.00981162
0.00231739
0.00995958
0.00354397
0.00948636
0.00455283
0.00521093
0.00455014
0.00520519
0.00930018
0.00995613
0.00354905
0.00915111
0.00929197
0.00995692
0.00319442
0.00233346
0.00253312
0.00980806
0.00998322
0.00970655
0.00996163
0.00988123
0.00997718
0.00982221
0.00455165
0.00341758
0.00492667
0.00325408
0.00930552
0.00911902
0.00983042
0.00185533
0.00995746
0.002566
0.00931286
0.00190104
0.00133855
0.00371337
0.00277923
0.00987508
0.00997916
0.00988912
0.00998628
0.00986981
0.00998052
0.00989405
0.00256303
0.0025615
0.00461308
0.00516984
0.00461113
0.00517245
0.0091871
0.00907437
0.00962108
0.00231927
0.00995598
0.00318053
0.00920617
0.00987586
0.00998438
0.00998067
0.00988937
0.00997858
0.00988347
0.00988175
0.00223631
0.00165431
0.00461189
0.00407535
0.00517087
0.00403624
0.00914248
0.00996248
0.00357042
0.009499
0.00912772
0.00996337
0.00345655
0.00461302
0.00516996
0.00461073
0.00517233
0.00256322
0.00256171
0.00983583
0.00998459
0.00998082
0.00991709
0.00997887
0.00991219
0.00984911
0.00917615
0.00950344
0.00996811
0.00201842
0.0099654
0.00271059
0.0091967
0.00461209
0.00406887
0.00517097
0.00374498
0.00199613
0.00151526
0.00274267
0.00140344
0.00115873
0.00230999
0.00307419
0.00304085
0.00238312
0.0078317
0.00175401
0.00876969
0.00794312
0.00876025
0.00133054
0.00791721
0.00796271
0.0087719
0.00874739
0.00790679
0.00867084
0.0079795
0.00796824
0.000803721
0.000663389
0.0019283
0.00164835
0.00199109
0.00157864
0.00758996
0.00760765
0.000905269
0.00685367
0.00110309
0.00751643
0.00684543
0.00760857
0.00751161
0.00701559
0.00692526
0.00762099
0.00756016
0.00702482
0.000928965
0.00119746
0.00786304
0.00845495
0.00852177
0.00781629
0.00854097
0.00789441
0.00781627
0.00773647
0.00160104
0.00858639
0.0078262
0.00840992
0.00123456
0.00786853
0.00183843
0.00164277
0.00200117
0.00152429
0.000775277
0.000638884
0.00743075
0.00728833
0.00676536
0.00684108
0.00728333
0.00732549
0.00695572
0.00701769
0.00729592
0.000852353
0.00676385
0.00103531
0.00723351
0.00653701
0.0012554
0.00106752
0.00812391
0.00183485
0.00904125
0.00812844
0.00909623
0.00136921
0.00808901
0.0023838
0.0035317
0.00323719
0.00260695
0.00822255
0.00896007
0.00918107
0.00815507
0.00905547
0.00816438
0.00813056
0.000845462
0.000675998
0.00720901
0.00712278
0.00091045
0.00661459
0.00114075
0.00720902
0.00656354
0.00200904
0.00172149
0.00216597
0.00158504
0.00731199
0.00720005
0.00657343
0.0065256
0.00723128
0.00717198
0.00650496
0.000880053
0.0011484
0.00817115
0.00895419
0.00890018
0.00809798
0.00902136
0.00805221
0.00817021
0.00209342
0.00294279
0.00274596
0.00227067
0.00773719
0.00772077
0.000852799
0.0070567
0.00103634
0.00771281
0.00707451
0.000758401
0.00062596
0.00803448
0.00789057
0.00711647
0.00739768
0.00791296
0.0080334
0.00724595
0.00182196
0.00162376
0.00197042
0.00149482
0.00822711
0.00897063
0.00883872
0.00814781
0.00889812
0.00825617
0.00813705
0.00101683
0.00136442
0.00801943
0.00836216
0.00185782
0.00750755
0.00865156
0.007917
0.00138288
0.00204159
0.00173051
0.00218738
0.0016134
0.00716483
0.00713376
0.00652478
0.00646594
0.00728827
0.00710678
0.00641748
0.000847652
0.000673708
0.00714172
0.00635035
0.0064851
0.000914137
0.00695614
0.00115289
0.00645462
0.00209598
0.00291569
0.00273776
0.00222895
0.00822358
0.00936976
0.00155777
0.00773747
0.00931133
0.00810105
0.0012132
0.000879136
0.00113216
0.00798256
0.00802956
0.00729399
0.00723909
0.00811183
0.00794654
0.00736028
0.00181407
0.00160077
0.00194177
0.0014897
0.00799226
0.00775865
0.00698204
0.000859155
0.0078341
0.00104283
0.00713244
0.00075975
0.000628041
0.00140514
0.00116943
0.00852114
0.00962284
0.00984398
0.00848266
0.00970561
0.00850122
0.00857912
0.00103468
0.00133293
0.00246893
0.00329056
0.0031791
0.00256502
0.00741662
0.00709463
0.0064836
0.000939996
0.007261
0.0011655
0.00666846
0.00753477
0.00748749
0.0067264
0.0067153
0.00747154
0.00756266
0.00675776
0.000854789
0.000691198
0.00202349
0.00172338
0.00212908
0.00164099
0.00850847
0.00945913
0.00164217
0.00827305
0.00922733
0.00836751
0.0012882
0.00234891
0.00325196
0.00301842
0.00255568
0.000972067
0.00123025
0.00758965
0.00741045
0.00679973
0.00676687
0.00748857
0.00731865
0.00678262
0.00730903
0.00741912
0.00679077
0.000883571
0.00738325
0.00108031
0.00676967
0.00195943
0.00171152
0.00210784
0.0015917
0.000811062
0.000663058
0.00109611
0.00068054
0.000592832
0.00116203
0.00142009
0.00135943
0.00122359
0.00598997
0.00077541
0.00656632
0.00594261
0.00669066
0.000662835
0.00602334
0.00607011
0.00676106
0.00663955
0.00608731
0.00674887
0.0061425
0.00599463
0.000426093
0.000374935
0.00101099
0.000943712
0.00106821
0.000887221
0.00578768
0.00572907
0.000504657
0.00537622
0.000576005
0.00576785
0.00533802
0.00574335
0.00583298
0.0055278
0.00537784
0.00589462
0.00574696
0.00539958
0.000474374
0.000549255
0.00622322
0.00659514
0.00656879
0.00612513
0.00665487
0.00617692
0.00616349
0.00612726
0.000734699
0.00649598
0.00618716
0.00642143
0.00063423
0.00620155
0.000992585
0.000938709
0.00106366
0.000878846
0.000416711
0.000368914
0.00600571
0.00583506
0.00560254
0.00560422
0.0058912
0.00591615
0.00563834
0.00587337
0.00598977
0.000493874
0.00567581
0.000557512
0.00589625
0.00564386
0.000659857
0.000580551
0.00573168
0.000773505
0.00612385
0.00581439
0.00600597
0.000649545
0.0057633
0.00113183
0.00146709
0.00135649
0.00122653
0.00582546
0.00613235
0.00602735
0.00572602
0.00613531
0.00580906
0.00570314
0.000421042
0.000366818
0.00553241
0.00571146
0.000495423
0.0053411
0.000566912
0.00555073
0.00536757
0.000995921
0.00094026
0.00107413
0.00086713
0.00575262
0.00555735
0.00543693
0.00539353
0.00564232
0.00557306
0.00549402
0.000470833
0.000549754
0.00621817
0.00681026
0.00706766
0.00616778
0.0069278
0.00616945
0.00625373
0.00112031
0.00143258
0.00131464
0.00122199
0.00582056
0.00587964
0.000492963
0.00549118
0.000561683
0.00586652
0.0054854
0.000416417
0.000364715
0.00585687
0.00581958
0.00545509
0.0054169
0.00582913
0.00579055
0.00546251
0.000989808
0.00093376
0.00107752
0.000864425
0.00567979
0.00614599
0.00598893
0.00579187
0.00593583
0.00581449
0.00569877
0.00048024
0.00057427
0.00575221
0.00599992
0.000777049
0.00553329
0.00607315
0.00572248
0.000648068
0.000997047
0.000938287
0.00108542
0.000864885
0.00553463
0.00562302
0.0054315
0.00533347
0.00569182
0.00552616
0.0053542
0.000420651
0.000365766
0.00561263
0.00544636
0.00534202
0.000492218
0.00554898
0.000566835
0.00537267
0.00112191
0.0014113
0.00131422
0.00120556
0.00619804
0.00670906
0.000748967
0.00592965
0.00688169
0.00607858
0.000640383
0.00047174
0.000550552
0.00578668
0.00582771
0.00548982
0.00541575
0.00588717
0.00577024
0.00542062
0.000989136
0.000939686
0.00106756
0.000863535
0.00585153
0.00573329
0.0053949
0.000492587
0.00580438
0.000563324
0.00543951
0.000416889
0.00036505
0.000675028
0.000588677
0.00567815
0.00610315
0.00610864
0.00570054
0.00610505
0.00565711
0.00571678
0.000489759
0.000585827
0.00116113
0.00146401
0.00138704
0.00122775
0.00527753
0.00530568
0.00510319
0.000494759
0.00531345
0.000573048
0.00515687
0.00534609
0.00539558
0.00517649
0.00523114
0.00535763
0.00538659
0.00523362
0.000425742
0.000367632
0.00100881
0.000926401
0.00107073
0.000871373
0.00584843
0.00621868
0.000756724
0.00591693
0.00612853
0.0058855
0.000643185
0.0011437
0.00145476
0.00135572
0.00122274
0.000479502
0.000566684
0.00554405
0.00546486
0.00533114
0.00531547
0.00552857
0.00545522
0.00537008
0.00550374
0.00565453
0.00540996
0.000491911
0.00556749
0.000562317
0.0053951
0.00100062
0.000927369
0.00106748
0.000868959
0.000419464
0.000365765
0.00058292
0.000411689
0.000371897
0.000701041
0.000836568
0.000785498
0.000748589
0.00491427
0.000445867
0.00508442
0.00488509
0.00505846
0.000397042
0.00492418
0.00505858
0.00518194
0.00511981
0.00506198
0.00509295
0.00512718
0.005015
0.000267723
0.000241599
0.000634678
0.000611206
0.000678065
0.000573935
0.00470343
0.00471321
0.000323385
0.00465953
0.000358309
0.00469181
0.00463642
0.00484597
0.00480095
0.00476164
0.00473584
0.00477399
0.00478769
0.00480752
0.000295743
0.000329531
0.00532937
0.00526483
0.00530602
0.00514879
0.00529241
0.00517932
0.00522918
0.00523886
0.000440701
0.00537699
0.00522582
0.00531586
0.00039593
0.00519794
0.000637241
0.000614276
0.000678318
0.000574361
0.000268709
0.000243284
0.00488656
0.00490603
0.00486199
0.00486135
0.00492818
0.00491668
0.00489006
0.00492662
0.00493789
0.000325546
0.0048526
0.000359988
0.00496792
0.00486153
0.000410359
0.000372018
0.00505198
0.000441792
0.00511653
0.004971
0.00518171
0.000394756
0.00501671
0.000693839
0.000839802
0.000778408
0.000744584
0.00506893
0.00523587
0.00520997
0.00507905
0.00532532
0.00502237
0.00510177
0.000265131
0.000239252
0.00481465
0.00476856
0.000322691
0.00474508
0.000357539
0.00480358
0.00479744
0.000629556
0.000611063
0.000678172
0.000566502
0.0047633
0.00484339
0.00474626
0.00481939
0.0047771
0.00486468
0.00478648
0.000290991
0.000326693
0.00513283
0.0051857
0.00514317
0.00501262
0.00518344
0.00507929
0.00502596
0.000687002
0.000836514
0.000771956
0.000747277
0.00484687
0.00489582
0.000322418
0.00478474
0.000356343
0.00484942
0.00482103
0.000264523
0.000239267
0.00492014
0.00484993
0.00482402
0.00488987
0.00488242
0.00487507
0.00489899
0.000626121
0.000613502
0.000677718
0.000565627
0.00517977
0.00528562
0.00518649
0.00505275
0.0052416
0.00509172
0.00510578
0.000291681
0.000327165
0.00510451
0.00520834
0.000440076
0.0050524
0.00524831
0.00502943
0.000392476
0.000627641
0.000617103
0.000684735
0.000564837
0.00488395
0.00483052
0.0048067
0.00479152
0.00481909
0.00487726
0.00480309
0.000265284
0.000239608
0.00487092
0.00486406
0.00480429
0.000322238
0.00487899
0.000357182
0.00482538
0.000686957
0.000838327
0.000771795
0.000743376
0.00507986
0.00518345
0.000439177
0.00505601
0.00510894
0.00506729
0.000391469
0.000290756
0.000326271
0.00491589
0.00492131
0.00491454
0.00492326
0.00488301
0.00489514
0.00501258
0.000623764
0.000611835
0.000678172
0.000564697
0.00488153
0.00496839
0.00491039
0.000322445
0.00492747
0.000355784
0.00495387
0.000264493
0.000239364
0.000405613
0.000368363
0.00501595
0.00504454
0.00511158
0.0049695
0.00506666
0.0049547
0.00500097
0.000291102
0.000328239
0.000690188
0.000828878
0.000779054
0.00073635
0.00484832
0.00477239
0.00485264
0.000321367
0.00482316
0.000355089
0.00494377
0.00485214
0.00489445
0.00486419
0.00498422
0.0048681
0.00491861
0.00487067
0.000264807
0.000239773
0.000629936
0.000607069
0.000670409
0.000567439
0.00522144
0.00522106
0.000439346
0.00511721
0.00520387
0.00516986
0.000392736
0.000692183
0.000829162
0.000778297
0.000738115
0.000292128
0.000327166
0.00497016
0.00492781
0.00494801
0.0049892
0.00495443
0.00490205
0.00499619
0.00497002
0.00499345
0.00497205
0.000324276
0.00500414
0.000357637
0.00502903
0.000630403
0.000608147
0.000673419
0.000570542
0.00026646
0.00024148
0.000370585
0.000281402
0.000261991
0.000480264
0.000563272
0.000527701
0.000512749
0.00443394
0.000297044
0.00449725
0.0044705
0.00449395
0.000270639
0.0044997
0.00449596
0.00454927
0.00449702
0.00449854
0.00450333
0.00448001
0.0044744
0.000188495
0.000174055
0.000447354
0.000440524
0.00047743
0.000411201
0.00444344
0.00445901
0.000232473
0.00452222
0.00025204
0.00446933
0.00446813
0.00436674
0.00445132
0.00452367
0.00446927
0.00445966
0.00440018
0.00453592
0.000204316
0.000224079
0.00448299
0.00452579
0.00458674
0.00445716
0.004619
0.0044542
0.00447142
0.00445963
0.000300429
0.00458175
0.00448331
0.00453639
0.000273731
0.00448869
0.000449272
0.000439969
0.000478399
0.000413567
0.000190115
0.000175127
0.00440881
0.00436168
0.00446654
0.00440084
0.00432509
0.00440817
0.00442111
0.00431499
0.00440178
0.000234537
0.00438668
0.000254907
0.0043856
0.00435997
0.000283416
0.000263858
0.00450654
0.000297419
0.00455528
0.00446252
0.00456785
0.000270488
0.00447431
0.000474506
0.000564607
0.000523161
0.00051345
0.00449066
0.0045029
0.00458549
0.00450861
0.00451399
0.00446923
0.00453509
0.000187437
0.000172538
0.0043908
0.00438683
0.000231812
0.00438747
0.000252205
0.00440578
0.00438949
0.000443238
0.000442917
0.000479347
0.000406454
0.00437996
0.00440683
0.00440235
0.00444363
0.00437766
0.0044393
0.00440606
0.000201975
0.000220788
0.00478341
0.00469353
0.00472212
0.00480146
0.00469931
0.00473065
0.00486837
0.000477165
0.000566757
0.000522991
0.000517974
0.00472164
0.00460768
0.000235152
0.00471734
0.000253863
0.00462886
0.0047993
0.000189045
0.000175069
0.00474528
0.00473397
0.00471754
0.00487274
0.00469576
0.00478766
0.00477686
0.000447218
0.000448189
0.000487532
0.000413056
0.00455071
0.00454898
0.00456983
0.0045025
0.00456484
0.00453003
0.00453901
0.000201606
0.000221113
0.00458005
0.00461944
0.000297564
0.00450801
0.00460475
0.00454783
0.000271266
0.000443072
0.000441166
0.000483335
0.000407168
0.00445153
0.00440183
0.00440681
0.00442265
0.00436622
0.00443744
0.0044267
0.000188248
0.000173381
0.00444183
0.00450348
0.00444363
0.000233314
0.00447073
0.000253444
0.00444207
0.000477288
0.000566086
0.000522596
0.000517722
0.00487672
0.00480887
0.000298311
0.00484975
0.00482421
0.00480609
0.00027297
0.00020281
0.000221427
0.00485628
0.00472713
0.00481251
0.00477744
0.00478101
0.00479464
0.0048506
0.000449389
0.000449715
0.000483988
0.00041442
0.00478678
0.00477631
0.00475169
0.000236531
0.00472055
0.000256058
0.00479649
0.000190079
0.000175822
0.000281623
0.000263071
0.00487625
0.00484131
0.00491035
0.00490077
0.00486776
0.00485448
0.00497468
0.00020405
0.00022209
0.000482041
0.000562583
0.000526178
0.000516558
0.00484249
0.00456039
0.00466586
0.000237303
0.0047123
0.000255399
0.00475275
0.00488429
0.00482784
0.00474681
0.00479265
0.00479819
0.00486246
0.00480161
0.000191069
0.000177511
0.000452012
0.000448961
0.000484492
0.000419335
0.00487487
0.00486945
0.000300008
0.00484597
0.00483545
0.00481179
0.00027493
0.000484494
0.000564434
0.000528278
0.000516801
0.00020508
0.000223651
0.00486252
0.00480178
0.00476312
0.00480288
0.00481085
0.00485891
0.00479361
0.00476679
0.00480812
0.00469717
0.000238361
0.0047538
0.000257639
0.00474207
0.000454723
0.000448626
0.000484472
0.00042059
0.000192067
0.000177912
0.000266861
0.00021209
0.000201406
0.000361003
0.000415011
0.000388744
0.000387099
0.00457989
0.000219306
0.00453886
0.00446274
0.00452155
0.000204355
0.00462924
0.00448994
0.00454471
0.00449747
0.00459044
0.00450096
0.00468769
0.00449451
0.000145701
0.000137357
0.000343548
0.000346964
0.000368604
0.000323644
0.00470735
0.00469885
0.000183137
0.00479216
0.000194397
0.00472293
0.00479234
0.00473749
0.00472666
0.00486259
0.00478219
0.00474245
0.00470072
0.00482769
0.000153693
0.000164803
0.00459154
0.00447779
0.00446453
0.00449418
0.00450404
0.0044859
0.00452221
0.00443777
0.000220668
0.00443819
0.00443684
0.00440095
0.000205913
0.00446039
0.00034516
0.000346011
0.000367004
0.000324935
0.000145928
0.0001377
0.00469787
0.00467678
0.00484816
0.00479429
0.00473176
0.00466746
0.00480059
0.00463524
0.00467997
0.000184289
0.00479897
0.000195332
0.00465435
0.00478011
0.000214808
0.000203691
0.00454874
0.000218217
0.00447226
0.00452433
0.00442809
0.000203474
0.00454554
0.000357724
0.000417418
0.000383677
0.00038698
0.00459254
0.00454074
0.00449588
0.00457269
0.00456968
0.00455362
0.00456278
0.00014393
0.00013573
0.00468098
0.00473114
0.000182384
0.0048039
0.0001933
0.00467364
0.00482193
0.000339767
0.00034866
0.000368835
0.000320208
0.00473766
0.00468559
0.00473772
0.00482659
0.00472045
0.00468082
0.00478339
0.000154767
0.000165551
0.00483729
0.00471045
0.00481095
0.0047466
0.00479619
0.00476063
0.00479624
0.000365161
0.000423581
0.00039089
0.000397088
0.00482795
0.0047183
0.000186415
0.00490225
0.000197068
0.00478046
0.00495121
0.000147198
0.000139096
0.00487586
0.00481245
0.00489429
0.00490908
0.00480395
0.00486123
0.00497395
0.000347616
0.000354926
0.000378292
0.000327878
0.00457565
0.00463967
0.00454592
0.00453474
0.0045654
0.00459056
0.00455676
0.000152663
0.000163523
0.00452337
0.00458568
0.000219942
0.00442534
0.00460728
0.00448678
0.000205461
0.0003405
0.000347412
0.000369958
0.000320801
0.004702
0.0046929
0.0047169
0.0046868
0.00472403
0.00466568
0.00474252
0.000144861
0.000136648
0.00465931
0.00468575
0.00460746
0.000183708
0.00464448
0.000194873
0.00463875
0.000365772
0.000426681
0.000392727
0.0003965
0.00479008
0.00471687
0.00022371
0.00464896
0.00483506
0.00475354
0.000208844
0.000155421
0.000166245
0.00483536
0.00480668
0.00490761
0.00483787
0.00488225
0.00476346
0.00485551
0.000347959
0.000357233
0.000377316
0.000327671
0.00482423
0.00469331
0.00477187
0.000186981
0.00475407
0.000198365
0.00479572
0.000147825
0.000139367
0.000214732
0.000203562
0.0046765
0.00465789
0.00471424
0.00463703
0.00471443
0.00463874
0.00467731
0.000156512
0.000167163
0.000369527
0.000423316
0.000395285
0.000395671
0.00466277
0.00452552
0.00463425
0.000186694
0.00459708
0.000197768
0.00467854
0.00466412
0.00464625
0.00468099
0.0046733
0.00461906
0.00470389
0.00473208
0.000148206
0.000139876
0.000350158
0.000353584
0.000374913
0.000329997
0.00459366
0.00462811
0.000224828
0.00456773
0.00464262
0.00459464
0.000209924
0.000370693
0.000423294
0.000397134
0.000394934
0.000156667
0.000167778
0.00476079
0.00462126
0.00466212
0.00468588
0.00467519
0.00466317
0.0046564
0.00467777
0.0047325
0.00468747
0.00018757
0.00460878
0.000198942
0.00467969
0.000351677
0.000352423
0.000374331
0.000331613
0.000148489
0.000139993
0.00020631
0.00017342
0.000166669
0.000296308
0.000332808
0.000310095
0.000317024
0.00528468
0.00017541
0.00512834
0.0050551
0.00514884
0.000167385
0.00524111
0.00539172
0.00520534
0.00519747
0.00533536
0.00529187
0.00535084
0.00531183
0.000121018
0.000116887
0.000285329
0.000295227
0.000305873
0.00027591
0.00594461
0.00584176
0.000155682
0.00604316
0.000161147
0.00591983
0.00614671
0.00601328
0.00602781
0.0062463
0.00618811
0.00607442
0.00596666
0.00625357
0.000125953
0.000131815
0.0053859
0.00530678
0.00514838
0.00537009
0.00520036
0.00541726
0.00537334
0.00541314
0.00017632
0.00516831
0.00530225
0.00522665
0.00016846
0.00536928
0.000286225
0.000294946
0.000305107
0.000276492
0.000121379
0.000117279
0.00610584
0.00600065
0.00628597
0.00629457
0.00604769
0.00599362
0.00636414
0.00602159
0.00593105
0.000156704
0.00625
0.000162299
0.00593923
0.00627436
0.000175867
0.000169287
0.00509749
0.000174428
0.0050115
0.00505849
0.00502742
0.000166212
0.00508719
0.000291066
0.000334006
0.000305976
0.000317353
0.00502297
0.00494272
0.00496357
0.00498881
0.00493386
0.00500824
0.00506683
0.00011907
0.000114568
0.00552288
0.00554455
0.000153969
0.00568629
0.000159882
0.00552489
0.00567727
0.000279744
0.000293337
0.000305674
0.000269069
0.00544343
0.00539297
0.00568542
0.00560081
0.00543832
0.00541895
0.00578124
0.000126847
0.000133078
0.00522703
0.00503787
0.00509566
0.00520852
0.00506781
0.0052353
0.0052146
0.000298301
0.000339575
0.000313952
0.000323249
0.00566194
0.00566597
0.000157415
0.00593518
0.000163384
0.00561531
0.00592349
0.000122065
0.000117482
0.00563751
0.00552978
0.00587751
0.00583565
0.00555714
0.00560054
0.0058023
0.000287448
0.000298916
0.000310863
0.000275876
0.00499027
0.0048897
0.00484432
0.00490086
0.0049215
0.00488824
0.00490541
0.000124178
0.000130447
0.00488546
0.00480229
0.000175315
0.00473726
0.00484259
0.00483508
0.000166906
0.000280807
0.00029134
0.000303154
0.000269312
0.00533436
0.00529107
0.00556935
0.00548473
0.00533492
0.00527667
0.00550994
0.000119249
0.000114618
0.00525752
0.00526189
0.00547409
0.000153857
0.00524015
0.000160192
0.00549767
0.000298348
0.000341859
0.000313416
0.000324965
0.00510794
0.00491049
0.000178447
0.00501289
0.00497831
0.00509242
0.0001699
0.000126772
0.00013317
0.00555368
0.00548729
0.00574022
0.00576635
0.0055749
0.00544104
0.00576622
0.000286745
0.000300348
0.000312966
0.000275738
0.00549589
0.00530757
0.00571945
0.0001568
0.0053973
0.00016304
0.00569915
0.000121862
0.000117163
0.000174395
0.000167333
0.00488637
0.00478964
0.00479647
0.00489765
0.00483118
0.00486699
0.00489649
0.000126771
0.000133203
0.000299274
0.000336368
0.000314808
0.000320221
0.00518701
0.00511416
0.00547327
0.000155651
0.00515983
0.000161916
0.00550711
0.00520651
0.00518986
0.00543989
0.00550863
0.00518708
0.00518057
0.00545909
0.000121455
0.000116746
0.000286714
0.000294552
0.000306387
0.000275448
0.00496518
0.00481045
0.000178541
0.00483635
0.0048573
0.00497193
0.000169992
0.000300276
0.000336096
0.000315376
0.000319516
0.000126974
0.000133378
0.0051936
0.00522817
0.00551997
0.00549667
0.00521091
0.00527304
0.00552074
0.00532624
0.00532593
0.0055753
0.000156639
0.00530783
0.000162773
0.00558502
0.00028717
0.000294307
0.000306417
0.00027616
0.000121722
0.000117081
0.000169324
0.000151662
0.000147607
0.000260733
0.000286134
0.000267028
0.000278921
0.0074634
0.000150652
0.00685511
0.00689
0.00697686
0.000146993
0.00732406
0.00777799
0.00715575
0.00701402
0.00755141
0.00709674
0.00747245
0.00760113
0.000107581
0.000105682
0.000254041
0.000266726
0.000271682
0.000249622
0.00843306
0.0079687
0.000140655
0.00936541
0.000143141
0.00820765
0.00944711
0.00876558
0.00845456
0.00947623
0.00953882
0.0085966
0.00850778
0.0094478
0.000110945
0.000113684
0.00776338
0.00716662
0.00709715
0.00778617
0.00726628
0.0079384
0.00770832
0.00791953
0.000151851
0.00702569
0.00755581
0.00720039
0.00014819
0.00771012
0.000254821
0.000267009
0.000271722
0.000250185
0.000108235
0.000106294
0.00874958
0.00867957
0.00992045
0.00987817
0.00883502
0.00864235
0.00981856
0.00879047
0.00856117
0.000141798
0.00983313
0.000144496
0.00866263
0.00942842
0.000153712
0.000149952
0.00723393
0.000149063
0.0065306
0.00712909
0.00658017
0.000145143
0.00717631
0.000253317
0.000283973
0.000260455
0.000275974
0.00726441
0.00654312
0.00645584
0.00707665
0.00652157
0.00711166
0.00719576
0.000105321
0.000103494
0.00855214
0.00776303
0.000139061
0.00986347
0.00014149
0.00845021
0.00947409
0.000246985
0.000264368
0.000269131
0.000242533
0.0083881
0.00859357
0.00999036
0.00990146
0.00859554
0.00847305
0.00984724
0.000110438
0.000113752
0.00684152
0.0064424
0.00648399
0.00699504
0.00652915
0.00704786
0.00687869
0.000259116
0.000289179
0.000267333
0.000280671
0.00808667
0.00831548
0.000141273
0.00911491
0.000144197
0.00814391
0.00899003
0.000107595
0.000105345
0.00818456
0.00799396
0.00928296
0.0088863
0.00807225
0.00795636
0.00914714
0.00025254
0.000267355
0.000273192
0.000247113
0.00698488
0.00642909
0.00632646
0.00700455
0.00637834
0.00713057
0.00690252
0.000107724
0.000110849
0.00698051
0.00622152
0.00014869
0.00647216
0.00626116
0.00685351
0.000144466
0.000246842
0.000262202
0.000267171
0.000242227
0.00839872
0.0085014
0.00990971
0.00998921
0.00846499
0.00847014
0.00988797
0.000105043
0.000103063
0.00818899
0.00814817
0.00977379
0.000137972
0.00828334
0.000140728
0.00958195
0.000258844
0.000290841
0.000266563
0.000281966
0.00682418
0.00625107
0.000151456
0.00674443
0.00635498
0.00692246
0.000147061
0.000109978
0.000113297
0.00788086
0.00797089
0.00908344
0.00917097
0.00804414
0.00785661
0.00911663
0.00025176
0.000268755
0.00027462
0.000246436
0.00789457
0.00773018
0.00918038
0.000140066
0.00786183
0.000143073
0.00905078
0.000107062
0.00010481
0.000150679
0.000146832
0.00671394
0.00602975
0.00602777
0.00672472
0.00596754
0.00670657
0.00677875
0.000109323
0.00011268
0.000257573
0.00028396
0.000265569
0.000275645
0.00784204
0.00786342
0.00945668
0.000139042
0.00791902
0.00014177
0.00951611
0.0079413
0.00797036
0.00942782
0.00961398
0.00801221
0.00781089
0.00980938
0.000106408
0.000104299
0.000250587
0.000262717
0.000268065
0.00024575
0.00681525
0.00621603
0.000151031
0.00675374
0.00615608
0.00681622
0.00014682
0.00025856
0.000283989
0.000266132
0.000275601
0.000109763
0.000112989
0.00774937
0.00803894
0.00945264
0.00959978
0.00795524
0.00793983
0.00960436
0.00783274
0.00794065
0.00924284
0.000140004
0.00802528
0.000142691
0.00931772
0.000251374
0.000262954
0.000268111
0.00024647
0.000106774
0.00010471
0.000148577
0.000140883
0.0001392
0.000241329
0.000261434
0.000244496
0.00025837
0.00945516
0.000137849
0.00998238
0.00968067
0.00942568
0.000136216
0.00998299
0.00990752
0.00993099
0.00998764
0.00999529
0.00989844
0.00993912
0.00999036
0.000101025
0.000100319
0.000238055
0.0002527
0.000254555
0.000236088
0.00944548
0.00969449
0.000133464
0.0099831
0.000134414
0.00998247
0.0094683
0.00989773
0.00999373
0.00994124
0.0099917
0.00993381
0.009989
0.00990837
0.000102988
0.000104291
0.00991654
0.00991089
0.00998667
0.00999473
0.0099035
0.00992025
0.00998993
0.00943816
0.000139084
0.00997501
0.00939968
0.00942594
0.000137331
0.00997737
0.000238735
0.000252796
0.000254851
0.000236837
0.000101589
0.000100739
0.00990759
0.00999263
0.0099227
0.00999106
0.00991106
0.00998819
0.00991921
0.00944422
0.00947025
0.000134228
0.00997854
0.000135436
0.00997708
0.00945711
0.00014205
0.000140217
0.00949394
0.000136705
0.0099763
0.00930492
0.00944289
0.000135359
0.00997905
0.000236227
0.000260081
0.000238616
0.000257781
0.00985007
0.00998823
0.00988672
0.00999621
0.00982599
0.00999145
0.00990454
9.98599e-05
9.95722e-05
0.00948394
0.00930727
0.000133539
0.00998035
0.00013402
0.00997784
0.0095138
0.000234281
0.000253911
0.000254306
0.000233654
0.00983129
0.00999414
0.00999233
0.00991191
0.00998921
0.00989407
0.00985957
0.000101779
0.000103298
0.00991266
0.00998594
0.00992103
0.00999331
0.00989874
0.00998959
0.00992921
0.000238773
0.000262007
0.000242447
0.000258002
0.00961089
0.00972024
0.000133533
0.00998269
0.000134535
0.00997952
0.00963986
0.000100354
9.95721e-05
0.00989406
0.00999126
0.0099904
0.00992826
0.00998728
0.0099193
0.00991119
0.000235112
0.000253007
0.000255179
0.000233282
0.00989084
0.00989778
0.00998707
0.00999505
0.00986387
0.00991315
0.00999012
0.000100395
0.000101399
0.00959089
0.00997592
0.000135666
0.00963354
0.00953208
0.00997966
0.000134312
0.000233563
0.000252852
0.000253718
0.000232922
0.00987109
0.00999298
0.00991732
0.00999136
0.00990307
0.00998806
0.00989613
9.94465e-05
9.91729e-05
0.00955476
0.00960784
0.00998094
0.000132583
0.00997763
0.000133031
0.00960678
0.000237847
0.000263628
0.000241585
0.000259926
0.00953399
0.00997564
0.000137352
0.00957798
0.00951075
0.00997905
0.000135347
0.000101312
0.000102786
0.00987638
0.00999137
0.00992596
0.00998947
0.00991415
0.00998639
0.00989398
0.000234866
0.000253718
0.000255251
0.000233089
0.00951614
0.0095794
0.0099798
0.000132682
0.00997693
0.00013359
0.00953572
9.99027e-05
9.92196e-05
0.00013992
0.000138605
0.00990022
0.00998711
0.00992776
0.00999441
0.00988038
0.00999051
0.00993582
0.000101289
0.000102443
0.000238627
0.000257904
0.000241328
0.000255078
0.00951262
0.00962001
0.0099792
0.000133195
0.00997696
0.000133678
0.00952493
0.00988543
0.00999224
0.00999116
0.00993797
0.00998821
0.00992826
0.00990603
0.000100249
9.98587e-05
0.000236034
0.000251311
0.000252387
0.000235201
0.00936878
0.00997239
0.00013731
0.00948451
0.00934049
0.00997428
0.000135751
0.000239312
0.000257986
0.000241919
0.000255203
0.00010157
0.00010272
0.00989772
0.00999267
0.00999156
0.00992716
0.0099884
0.00991479
0.00991123
0.00934941
0.00955982
0.00997608
0.0001334
0.00997427
0.000134126
0.00937362
0.000236697
0.000251424
0.000252229
0.000235485
0.000100397
9.99583e-05
0.000139199
0.000137481
0.0001371
0.000233453
0.000250313
0.000233999
0.000249613
0.00948596
0.000132406
0.00998144
0.00963895
0.00946317
0.000132193
0.0099821
0.0099057
0.00993457
0.00998979
0.00999665
0.00989036
0.00994198
0.00999202
9.88837e-05
9.88834e-05
0.000232327
0.000248317
0.000248358
0.00023238
0.00947643
0.00963575
0.000131788
0.00998108
0.000131701
0.00998
0.00949525
0.00988394
0.00999439
0.00994157
0.00999195
0.00993422
0.00998959
0.00990293
9.94268e-05
9.97812e-05
0.00992082
0.00991201
0.00998929
0.00999643
0.00990656
0.00992506
0.00999192
0.00947036
0.000132912
0.00997754
0.00950519
0.00945835
0.000132461
0.00997916
0.000232399
0.000248111
0.000248251
0.000232289
9.88688e-05
9.87461e-05
0.00990664
0.0099937
0.00992975
0.00999227
0.00991613
0.00998958
0.00992052
0.00948054
0.00957544
0.000131454
0.00997973
0.000131664
0.00997814
0.00949482
0.000137184
0.000136499
0.00953547
0.000132788
0.00997876
0.00945011
0.00951487
0.000132616
0.00998082
0.000232625
0.000252501
0.000232603
0.000251174
0.00987795
0.00998925
0.00990861
0.00999656
0.00984649
0.00999195
0.00992204
9.88217e-05
9.88085e-05
0.00953041
0.00947704
0.000132239
0.00998091
0.000132279
0.0099791
0.009536
0.000232196
0.000251887
0.000250729
0.000232044
0.00986864
0.00999383
0.00999156
0.00992855
0.00998893
0.00991695
0.00989527
9.83467e-05
9.87225e-05
0.0099077
0.00998823
0.00991426
0.00999511
0.00988874
0.00999092
0.00992497
0.000230455
0.00025077
0.000231198
0.00024994
0.00960207
0.00970394
0.00013095
0.00998286
0.000131011
0.00997997
0.00962919
9.78518e-05
9.7774e-05
0.00988292
0.00999314
0.00999186
0.00991853
0.00998879
0.0099073
0.00990144
0.00022931
0.000248626
0.000248693
0.000229227
0.00990286
0.00990819
0.00998904
0.0099962
0.00988207
0.00992428
0.00999177
9.8918e-05
9.87766e-05
0.00963166
0.00997891
0.000132044
0.00967
0.00957992
0.00998193
0.000132355
0.000231481
0.000251486
0.000252587
0.000231583
0.00989288
0.00999355
0.0099335
0.00999203
0.00992036
0.00998923
0.00991207
9.87993e-05
9.89377e-05
0.00961481
0.00968258
0.00998359
0.000132318
0.00998024
0.000132203
0.00966575
0.000230489
0.00025148
0.000231138
0.000250882
0.00953508
0.00997805
0.000131624
0.00959376
0.00951428
0.00998013
0.000131428
9.82065e-05
9.8412e-05
0.00986017
0.0099936
0.00991891
0.00999176
0.00990996
0.00998871
0.00988001
0.000229469
0.000249571
0.000249709
0.000229386
0.00951432
0.00953737
0.00998039
0.000130999
0.00997818
0.000130937
0.00953333
9.78253e-05
9.78432e-05
0.00013764
0.00013753
0.0099106
0.0099894
0.00993171
0.00999579
0.00989408
0.00999187
0.00993899
9.94025e-05
9.93507e-05
0.000233905
0.000249824
0.000233787
0.000249869
0.00951484
0.00960407
0.00998033
0.000132721
0.0099789
0.000132379
0.00951138
0.00989952
0.00999401
0.00999253
0.00993819
0.00999008
0.00993227
0.00991433
9.92728e-05
9.95138e-05
0.000233419
0.000249712
0.000249294
0.000233821
0.0093938
0.00997648
0.000132589
0.00957364
0.00937394
0.00997807
0.000132489
0.000234136
0.000249761
0.000234151
0.000249785
9.9343e-05
9.93791e-05
0.00990801
0.00999431
0.00999267
0.0099331
0.00999046
0.00992373
0.00991702
0.00938987
0.00962166
0.00997921
0.000132212
0.00997794
0.000132115
0.00940457
0.000233479
0.000249537
0.000249231
0.00023374
9.91516e-05
9.92525e-05
0.000136742
0.000137121
0.000137201
0.00023193
0.000247661
0.000231932
0.00024758
0.00949886
0.00013162
0.00997941
0.00956029
0.0094931
0.000131709
0.0099805
0.00989917
0.00993584
0.00998949
0.00999667
0.00988046
0.00994136
0.00999224
9.88287e-05
9.8941e-05
0.000232245
0.000247623
0.000247616
0.00023228
0.0095019
0.00956642
0.00013194
0.0099803
0.000131828
0.0099792
0.00949571
0.00987245
0.00999453
0.00993966
0.00999303
0.00993504
0.00998972
0.0098926
9.84347e-05
9.84802e-05
0.00992024
0.00992159
0.00998982
0.00999639
0.00991194
0.00993175
0.00999261
0.00951317
0.000131049
0.00997863
0.00958106
0.00950306
0.000131006
0.00998011
0.00023153
0.000247613
0.00024757
0.000231431
9.85106e-05
9.85712e-05
0.00991097
0.00999384
0.00992894
0.00999365
0.00991943
0.00999018
0.00991865
0.00951219
0.00963953
0.000131077
0.0099804
0.000131079
0.00997904
0.00951366
0.000135851
0.000135991
0.00953407
0.000132148
0.00997855
0.00959901
0.00952866
0.000132254
0.00998097
0.000232159
0.000251961
0.00023203
0.000251145
0.00990473
0.00998848
0.00992259
0.00999654
0.009883
0.00999207
0.009933
9.8871e-05
9.90803e-05
0.00952753
0.00959361
0.000132403
0.00998169
0.00013218
0.00997873
0.00952853
0.000231995
0.000252757
0.000250983
0.000232259
0.00988889
0.00999375
0.00999269
0.00993218
0.00998905
0.00992321
0.00990678
9.76505e-05
9.75878e-05
0.00989662
0.00998961
0.00989916
0.00999725
0.00988061
0.00999274
0.00991511
0.000228989
0.000247312
0.000228881
0.000248862
0.00960108
0.00967953
0.00013095
0.00998335
0.000130626
0.00997964
0.00964091
9.76892e-05
9.79672e-05
0.00988173
0.0099947
0.00999331
0.00992268
0.00999012
0.00990708
0.00990018
0.000228832
0.000249223
0.000249906
0.000229288
0.00991612
0.00992612
0.00998925
0.00999738
0.00989808
0.00993788
0.00999267
9.90821e-05
9.89652e-05
0.00968146
0.00998122
0.000132403
0.00973525
0.00963527
0.00998514
0.00013262
0.000231906
0.000251799
0.000252608
0.000232394
0.00990011
0.00999423
0.00993746
0.00999312
0.00992801
0.00998965
0.00991561
9.90591e-05
9.9219e-05
0.00963974
0.0097236
0.00998563
0.000132707
0.00998204
0.000132623
0.00967838
0.000229234
0.000249933
0.000229002
0.000248818
0.00952697
0.00997809
0.000130895
0.00953049
0.00950834
0.00998067
0.00013104
9.7868e-05
9.77237e-05
0.00985531
0.00999515
0.00991918
0.00999314
0.00990647
0.00998987
0.00988598
0.000229576
0.000249526
0.000247845
0.000229927
0.00950809
0.00949462
0.00998142
0.000131337
0.00997852
0.000131159
0.00952628
9.79331e-05
9.81614e-05
0.000137994
0.000138232
0.0099187
0.00999046
0.00993094
0.00999698
0.00990478
0.00999291
0.00993758
9.97916e-05
9.96523e-05
0.000234435
0.0002499
0.000234221
0.000250022
0.00948205
0.00959442
0.00998119
0.000133537
0.00997856
0.000133357
0.00950608
0.00990928
0.00999413
0.00999306
0.00993846
0.00999028
0.00992862
0.00992147
0.000100043
0.00010019
0.000234983
0.000250713
0.000250652
0.000235026
0.00941655
0.0099783
0.000132226
0.00962809
0.00940056
0.00998013
0.000132303
0.000233844
0.000249883
0.000233819
0.000250125
9.94236e-05
9.93357e-05
0.00991121
0.00999496
0.00999408
0.00993797
0.00999138
0.00992938
0.00992156
0.00941451
0.0096546
0.00998065
0.000132479
0.00997889
0.000132528
0.00941647
0.000234457
0.000250665
0.000250614
0.000234173
9.96019e-05
9.9661e-05
0.000137009
0.000138099
0.000138568
0.000234171
0.000248684
0.000233562
0.0002493
0.00949646
0.000132468
0.00997916
0.00956213
0.00950372
0.000132849
0.00998083
0.00989146
0.00993085
0.0099903
0.00999784
0.00986264
0.00993856
0.00999344
0.000100214
0.000100836
0.000235673
0.000252377
0.000250846
0.000237008
0.00950011
0.00958381
0.000134297
0.00998133
0.000133532
0.00997933
0.00950343
0.00986668
0.00999512
0.00993869
0.00999314
0.00992678
0.00999043
0.00989768
9.93684e-05
9.90328e-05
0.00991851
0.00991353
0.00999081
0.00999813
0.00990072
0.00992658
0.00999398
0.0095129
0.000131715
0.00997876
0.00956814
0.00950772
0.000132145
0.00998049
0.000234764
0.000252593
0.000251024
0.000236205
0.000100004
0.000100654
0.00989773
0.00999523
0.00992815
0.00999379
0.00991011
0.00999121
0.00992057
0.00950505
0.00959262
0.000133761
0.00998039
0.000132964
0.00997861
0.00952198
0.000137051
0.000137802
0.00952456
0.000132411
0.00997879
0.00961255
0.00952334
0.000132969
0.00998122
0.00023307
0.000252462
0.000232042
0.000252568
0.00989997
0.00998911
0.00992059
0.009997
0.00988111
0.00999234
0.00992798
9.97117e-05
0.000100556
0.00952314
0.00956383
0.00013428
0.00998073
0.00013318
0.00997837
0.00953576
0.000233067
0.000256693
0.000253422
0.000235099
0.00986208
0.00999402
0.00999184
0.00992135
0.00998886
0.00991364
0.00989105
9.86509e-05
9.82118e-05
0.00991021
0.00999049
0.00991318
0.00999891
0.00988866
0.00999422
0.00993126
0.000230921
0.000248683
0.000229872
0.00025106
0.00966128
0.00971836
0.000133243
0.00998568
0.000132344
0.00998192
0.00968679
9.89898e-05
9.96318e-05
0.00990133
0.00999593
0.00999503
0.00993857
0.0099915
0.009926
0.00991773
0.000231512
0.000251937
0.000251742
0.000233027
0.00990848
0.00991829
0.00998941
0.00999683
0.00989352
0.00992757
0.00999229
9.96882e-05
9.92001e-05
0.00964288
0.00998076
0.000132644
0.00972136
0.00962191
0.00998261
0.000133269
0.000233467
0.000254673
0.000253316
0.000235648
0.00988477
0.00999394
0.00992166
0.00999173
0.00990684
0.00998925
0.00990114
9.97825e-05
0.000100651
0.00959386
0.00966691
0.00998102
0.000134337
0.00997895
0.00013327
0.00963023
0.000231025
0.000250831
0.000230208
0.00025058
0.0095506
0.0099795
0.000131637
0.00957636
0.00952716
0.00998248
0.00013207
9.87805e-05
9.835e-05
0.00987748
0.00999605
0.0099345
0.00999424
0.00992359
0.00999058
0.00990627
0.00023164
0.000253695
0.000250978
0.000232842
0.00955961
0.0095483
0.00998338
0.000133198
0.00998058
0.000132435
0.0095728
9.90478e-05
9.96489e-05
0.000138848
0.000138999
0.0099217
0.00999019
0.0099297
0.00999701
0.00990885
0.00999302
0.00994042
0.000100603
0.000100457
0.000235695
0.000251373
0.000235602
0.000251604
0.00953416
0.00964656
0.00998204
0.000134892
0.00997903
0.000134174
0.00956519
0.00990493
0.00999449
0.00999332
0.00994217
0.00999046
0.00992923
0.00992258
0.00010085
0.000101333
0.000236341
0.000253352
0.000252202
0.000237478
0.00941753
0.00997886
0.000132815
0.00964469
0.00942369
0.00998059
0.000132919
0.000234998
0.000251203
0.000234926
0.000251311
0.00010005
9.9896e-05
0.00990607
0.00999494
0.00999421
0.00993865
0.00999122
0.00992898
0.00992318
0.00941904
0.0096279
0.00997982
0.000133999
0.00997765
0.000133269
0.0094269
0.000235622
0.000253128
0.000251926
0.000236747
0.000100335
0.000100886
0.000138062
0.000141382
0.000141913
0.000240265
0.000253743
0.000238148
0.000256015
0.00950819
0.000134898
0.00997992
0.00963536
0.00950713
0.000136103
0.00998226
0.00990725
0.00992903
0.00999016
0.00999801
0.00988047
0.00993995
0.00999366
0.000102865
0.000104128
0.000241202
0.000260369
0.000257329
0.000244204
0.00952009
0.0096379
0.000138399
0.00998398
0.000136671
0.00998157
0.00953477
0.00989746
0.00999612
0.00994266
0.00999487
0.00993345
0.0099916
0.00991511
0.000102281
0.000101287
0.00992456
0.00991572
0.00999076
0.00999793
0.00990436
0.00993414
0.0099941
0.00953477
0.000134533
0.00997853
0.00958759
0.00950787
0.000135885
0.00998103
0.000241031
0.000260603
0.000257418
0.000243872
0.000102856
0.000104106
0.0099145
0.00999564
0.00994006
0.00999502
0.0099275
0.00999179
0.00992896
0.00953135
0.00963694
0.00013822
0.00998264
0.000136596
0.00998027
0.0095469
0.000140602
0.000141427
0.00953343
0.000134598
0.00997853
0.00958309
0.00953804
0.00013617
0.00998114
0.00023852
0.000256888
0.00023553
0.000259831
0.00989107
0.0099893
0.00991089
0.00999729
0.00985832
0.00999273
0.00992035
0.00010228
0.000103581
0.00953943
0.00957083
0.000138313
0.00998289
0.000136568
0.00998008
0.00953615
0.00023904
0.000263799
0.000260621
0.000242096
0.00987354
0.0099956
0.0099943
0.00992387
0.00999072
0.00991522
0.00989742
0.000100986
0.000100035
0.00991995
0.00999208
0.00992792
0.00999948
0.00990785
0.00999489
0.00993909
0.000235846
0.000252668
0.000233671
0.000254947
0.00966011
0.00973184
0.000137557
0.00998561
0.00013565
0.00998253
0.00969373
0.000101549
0.000102926
0.00990505
0.00999628
0.0099948
0.00993678
0.00999184
0.00992484
0.00991721
0.000236899
0.000259701
0.00025614
0.000240094
0.00989951
0.00990534
0.00998944
0.00999752
0.00988293
0.00992182
0.00999266
0.000102078
0.000100897
0.00963422
0.00997894
0.000134593
0.00965729
0.0095956
0.00998172
0.000136238
0.000239616
0.000262168
0.000258953
0.000242476
0.00989096
0.00999554
0.00992854
0.00999418
0.00991457
0.0099907
0.00990419
0.00010251
0.00010376
0.00962475
0.00965284
0.00998369
0.000138385
0.00998077
0.000136749
0.00965981
0.000235591
0.000254306
0.000233418
0.000256793
0.00958056
0.00998102
0.000133495
0.00962521
0.0095752
0.00998315
0.000134762
0.000100886
9.99329e-05
0.00988167
0.00999624
0.00993433
0.00999442
0.00992763
0.00999107
0.00990554
0.000236592
0.000261295
0.000257864
0.000239975
0.00958028
0.00958826
0.00998354
0.000137183
0.00998123
0.000135278
0.00957756
0.000101339
0.000102723
0.000141638
0.000142223
0.00992489
0.00999106
0.00993091
0.00999779
0.0099114
0.00999353
0.00994296
0.000102547
0.000101676
0.000240336
0.000254046
0.000238315
0.000256358
0.00956348
0.00969823
0.00998337
0.000138725
0.00998039
0.000136969
0.00957759
0.00991588
0.00999542
0.00999427
0.00994327
0.00999133
0.00993363
0.00992545
0.000102999
0.000104309
0.000241223
0.000260543
0.000257198
0.000244272
0.0094552
0.00997815
0.000134492
0.00961938
0.00943774
0.00998065
0.000135907
0.000239816
0.000253993
0.000237475
0.00025636
0.000102299
0.000101289
0.00990476
0.00999564
0.00999479
0.0099403
0.00999188
0.00993323
0.00992125
0.00947383
0.00962277
0.00998234
0.000138406
0.00997967
0.000136532
0.00948946
0.000240737
0.000260722
0.000257477
0.000243949
0.000102821
0.000104182
0.000141238
0.000146548
0.000147689
0.000249064
0.000261683
0.000245234
0.000265526
0.00954961
0.000139069
0.00998316
0.00964502
0.00953792
0.000141213
0.00998509
0.00991884
0.00993716
0.00999335
0.0100002
0.00990956
0.00994411
0.00999597
0.000106987
0.000108911
0.000250344
0.00027211
0.000267181
0.000254742
0.00952822
0.00965586
0.000144557
0.0099846
0.000142067
0.00998338
0.00955108
0.00991505
0.0099979
0.00994288
0.00999611
0.00993573
0.00999387
0.00991647
0.000106337
0.000104722
0.00993111
0.00993587
0.00999315
0.00999986
0.00992181
0.0099434
0.00999617
0.00955504
0.000139027
0.00998171
0.00964952
0.00954203
0.000141232
0.00998407
0.000250356
0.000271993
0.00026729
0.000254928
0.000107086
0.000108989
0.00992289
0.00999772
0.00994369
0.00999605
0.00994058
0.0099939
0.00993105
0.00956314
0.00969556
0.000144716
0.00998462
0.000142209
0.00998332
0.00957044
0.000146414
0.000147584
0.00956218
0.000139011
0.00998239
0.0096044
0.00955238
0.000140994
0.00998506
0.000246491
0.000265255
0.000243185
0.000268745
0.00990609
0.00999261
0.00992339
0.0100007
0.00988932
0.00999584
0.00993223
0.000106563
0.000108212
0.00958272
0.00964608
0.00014439
0.00998638
0.000142192
0.00998445
0.00960204
0.000248581
0.000273733
0.000270995
0.000252388
0.00990396
0.0099989
0.00999614
0.00993949
0.009994
0.00993298
0.0099148
0.000105403
0.000103665
0.00991128
0.00999238
0.00992271
0.00999994
0.00989958
0.00999571
0.00993398
0.000245832
0.00026143
0.000241797
0.000266144
0.00965856
0.00972463
0.000144718
0.00998676
0.000141761
0.00998428
0.00968218
0.00010627
0.0001085
0.00988541
0.00999816
0.00999633
0.00992955
0.00999362
0.00992051
0.00990319
0.000247953
0.000273916
0.000268058
0.000253316
0.00991448
0.00992597
0.00999271
0.0100004
0.00990209
0.00993686
0.00999584
0.000105837
0.000104413
0.0096843
0.00998281
0.000139209
0.00969592
0.00965175
0.00998568
0.000141187
0.000249143
0.000274194
0.00026906
0.000252614
0.00991287
0.00999857
0.00994196
0.00999638
0.00993495
0.00999418
0.00992202
0.000106772
0.000108338
0.00967794
0.00971087
0.00998687
0.000144514
0.00998463
0.00014245
0.00969878
0.000245965
0.000263073
0.000241534
0.000267534
0.00956746
0.009982
0.000138067
0.00960182
0.00956584
0.00998442
0.000140531
0.000105273
0.000103454
0.00988541
0.00999846
0.00992586
0.00999659
0.00991729
0.00999349
0.0098966
0.000247769
0.000275661
0.00026983
0.000253138
0.00954392
0.00958239
0.00998485
0.000144716
0.00998283
0.000141691
0.00955903
0.000106227
0.000108501
0.000146948
0.000148314
0.00992723
0.00999292
0.00993474
0.0100001
0.00991942
0.00999611
0.00994276
0.000106643
0.000104997
0.000249492
0.000261922
0.000245688
0.000266243
0.00958563
0.00970149
0.00998604
0.000145572
0.00998395
0.000142956
0.00958726
0.00991966
0.00999841
0.00999699
0.00994312
0.00999451
0.00993619
0.00992888
0.000107634
0.00010961
0.000251612
0.00027361
0.000268504
0.000256226
0.00953294
0.00998224
0.000139235
0.00965038
0.00950866
0.00998498
0.000141553
0.000249396
0.000262283
0.000245231
0.000266366
0.000106565
0.000104876
0.00991302
0.00999872
0.00999703
0.00994624
0.00999461
0.00994054
0.00992313
0.00953465
0.00969068
0.00998669
0.000145506
0.00998443
0.000142782
0.00955715
0.000251507
0.000273378
0.000268502
0.00025635
0.000107509
0.000109509
0.000147818
0.000154391
0.000156688
0.000262535
0.0002747
0.000257022
0.000280784
0.00955138
0.000145954
0.00998235
0.00959228
0.00952975
0.000148981
0.00998343
0.00990844
0.00993146
0.0099932
0.0099992
0.00990814
0.00993977
0.00999528
0.000114082
0.000116857
0.000266475
0.000291911
0.000284863
0.000272976
0.00954823
0.00962115
0.000154832
0.00998266
0.00015125
0.00998137
0.00957124
0.00989464
0.00999609
0.00993654
0.00983982
0.00992993
0.00999207
0.00973847
0.000112416
0.000110057
0.00992916
0.00993757
0.00999309
0.00999904
0.00991938
0.00994002
0.0099951
0.00957418
0.000146111
0.00998257
0.00965432
0.00956964
0.000149318
0.00998352
0.000266928
0.000291264
0.000284344
0.000273388
0.000114064
0.00011681
0.00991923
0.00999588
0.00977579
0.00987929
0.00993041
0.00999199
0.00992855
0.00956289
0.0096545
0.000155038
0.00972444
0.000151452
0.00998139
0.00956676
0.000155225
0.000157475
0.00962092
0.000145919
0.00998439
0.00969007
0.00960521
0.00014834
0.00998574
0.000259473
0.000275512
0.000255207
0.000280255
0.0099168
0.00999365
0.00993632
0.0099997
0.00991158
0.00999515
0.00994025
0.000112701
0.000115094
0.00960579
0.0096953
0.000153525
0.00998418
0.000150367
0.00998291
0.00961478
0.000262935
0.000289816
0.000283841
0.000268436
0.00990631
0.0099966
0.00999373
0.00993628
0.00999205
0.00993281
0.00991179
0.000112295
0.00010972
0.00990122
0.00999305
0.00991939
0.00999932
0.00988025
0.00999475
0.00992867
0.000262457
0.000276853
0.000256203
0.000284887
0.00967816
0.00973735
0.000155573
0.00998481
0.000151756
0.00998286
0.00969386
0.000113867
0.000116692
0.0098916
0.00999607
0.00999353
0.00993483
0.00999144
0.0099255
0.00991048
0.000265998
0.000295731
0.000288652
0.000272604
0.00992218
0.0099382
0.00999351
0.00999971
0.00991681
0.00994172
0.00999521
0.000111387
0.00010946
0.00969669
0.00998438
0.000146014
0.00973162
0.0096758
0.00998577
0.000148647
0.000262332
0.000292097
0.000286047
0.000267895
0.00990883
0.00999651
0.00993689
0.00999388
0.00993292
0.00999193
0.0099158
0.00011287
0.00011526
0.00966883
0.00969429
0.0099841
0.000153689
0.00998305
0.000150551
0.00968604
0.000262212
0.000278886
0.000255941
0.000284386
0.00956285
0.00998251
0.000146362
0.00957087
0.00954124
0.00998388
0.000149892
0.000112468
0.000109807
0.00989372
0.00999635
0.0099296
0.00999341
0.00991866
0.00999164
0.00990466
0.000265898
0.000295579
0.000288383
0.000272502
0.00956359
0.00960912
0.00998342
0.00015572
0.00998173
0.000152056
0.00959474
0.000114117
0.000116906
0.000155159
0.000157252
0.00993016
0.0099941
0.0099384
0.00999939
0.00992125
0.00999558
0.00994415
0.000113001
0.000110885
0.000263954
0.000276601
0.000259021
0.000281894
0.00960389
0.00972443
0.00998432
0.000155291
0.00998295
0.000152066
0.00961348
0.00992411
0.00999665
0.00999429
0.00994507
0.00999277
0.00994021
0.00993101
0.000114597
0.000117019
0.000267493
0.000291761
0.000285793
0.000273166
0.00956252
0.00998454
0.000147093
0.00971232
0.00954324
0.00998582
0.000150002
0.000264099
0.000276206
0.000259127
0.00028151
0.000112874
0.000110712
0.00992315
0.00999686
0.00999473
0.00994441
0.00999311
0.00994002
0.0099269
0.00953656
0.00972488
0.00998418
0.000155271
0.00998313
0.00015202
0.00954757
0.000267713
0.000291256
0.000285167
0.000273232
0.000114387
0.000116842
0.000158008
0.000167393
0.000171027
0.000285914
0.000297061
0.000278181
0.000304953
0.00898959
0.000157727
0.00967103
0.00895803
0.00952987
0.000161911
0.0091455
0.00896676
0.00976568
0.00932797
0.00904513
0.00925264
0.00905595
0.00903938
0.000124868
0.000128395
0.000292059
0.000320377
0.000311683
0.000300612
0.00885914
0.00865547
0.000170138
0.00870698
0.000165442
0.00892839
0.00863928
0.00893771
0.00893548
0.00876432
0.00868987
0.00904597
0.00883785
0.00867091
0.000122245
0.000119006
0.00900205
0.00931124
0.00959771
0.00893193
0.00969223
0.00894481
0.00888711
0.00868144
0.000157898
0.00931477
0.00884142
0.00918564
0.000162232
0.00874579
0.000292043
0.000320621
0.000311585
0.000300194
0.000124989
0.000128583
0.00900863
0.00888752
0.00870096
0.0086226
0.00888191
0.0089253
0.00877845
0.00870489
0.00872664
0.000170509
0.00848584
0.000165817
0.00871362
0.00854007
0.000168152
0.000171799
0.00894048
0.000156328
0.00962785
0.00913994
0.00948466
0.00016042
0.00911141
0.000280347
0.000294974
0.0002732
0.000302545
0.0091834
0.00966168
0.00968507
0.00917116
0.00967043
0.00917703
0.00913079
0.000122909
0.000126642
0.00832589
0.00805392
0.000169028
0.00831353
0.000163967
0.0084273
0.00827941
0.000286173
0.000320997
0.000310155
0.000294975
0.00846771
0.00852291
0.00834029
0.00837787
0.00848802
0.00844116
0.00842427
0.00012153
0.000118608
0.00990924
0.00999216
0.00993518
0.00984911
0.00990894
0.00971961
0.00994142
0.000283325
0.000301434
0.000276803
0.00030875
0.00927585
0.0089138
0.000169772
0.00887186
0.000165169
0.00932251
0.0089916
0.000123896
0.000127367
0.00962779
0.00964804
0.00915509
0.00937516
0.00947446
0.00970656
0.00933782
0.000288862
0.000322188
0.000313303
0.000296724
0.00896096
0.00952454
0.00955652
0.00917105
0.00949645
0.00907948
0.00910273
0.000120374
0.000117291
0.00904728
0.00967099
0.000156335
0.00919491
0.00950185
0.00938995
0.000160483
0.00028629
0.000318989
0.000310722
0.000295121
0.00840857
0.00850534
0.0085737
0.00848021
0.00848597
0.00846102
0.00854137
0.000122956
0.000126719
0.00851556
0.00820453
0.00861771
0.000168699
0.00866166
0.000163855
0.00850943
0.000283916
0.000299271
0.000277024
0.000306589
0.00963186
0.00998277
0.000158283
0.00962544
0.00960564
0.00997996
0.000162069
0.000121748
0.000118842
0.00991182
0.00970086
0.00963014
0.00946047
0.00992125
0.00972155
0.00958441
0.000288919
0.000321346
0.000313338
0.000296691
0.00963667
0.00912607
0.00919785
0.000169416
0.00959049
0.000165087
0.00938679
0.000124007
0.00012728
0.000167181
0.00017057
0.00993015
0.0099919
0.00994078
0.00999752
0.00992199
0.00997871
0.0099454
0.000121814
0.000118971
0.000284362
0.000296466
0.000277533
0.000303634
0.00932462
0.00891042
0.00885723
0.000169443
0.00925804
0.000164695
0.00879697
0.00936978
0.00931045
0.00884589
0.00877695
0.00917136
0.00951324
0.00887279
0.000124124
0.000127698
0.000289855
0.000318145
0.000308971
0.000298222
0.00953668
0.00998126
0.000157733
0.00965254
0.00951025
0.00967687
0.000161655
0.0002843
0.000295906
0.000277552
0.000303342
0.000121727
0.000118754
0.00931372
0.00908398
0.00853899
0.00869858
0.00920465
0.00919159
0.00853073
0.00893764
0.00906623
0.00859477
0.000169582
0.00897577
0.000164672
0.00844485
0.000289285
0.000318178
0.000309211
0.000298129
0.000124104
0.00012775
0.000171294
0.000186012
0.000190929
0.000316542
0.000328282
0.000307822
0.000337685
0.00865282
0.000174315
0.00864829
0.00858358
0.00864382
0.000179384
0.0086963
0.00871679
0.00888413
0.00878482
0.00875726
0.0090045
0.0088466
0.00870088
0.000139048
0.000143113
0.000325194
0.000356553
0.000346468
0.000334072
0.00884356
0.00859064
0.000189566
0.00899552
0.000184248
0.00885691
0.00907715
0.00909699
0.00895177
0.00920852
0.00912662
0.00906767
0.00892146
0.00933113
0.000135661
0.000131792
0.00879222
0.00899375
0.00879558
0.00870345
0.0088763
0.0087899
0.00869575
0.00860064
0.000174694
0.00869841
0.00870044
0.00873251
0.000179866
0.00861406
0.000325125
0.000356702
0.00034696
0.000334545
0.000139345
0.000143438
0.00900797
0.00896864
0.00935978
0.00910528
0.00910217
0.0089188
0.0092389
0.00882801
0.00869209
0.000190091
0.00906561
0.000184685
0.00884461
0.00912201
0.000186289
0.000191226
0.00804456
0.000173097
0.00788011
0.00799456
0.00780832
0.000179035
0.0080423
0.000312736
0.000327569
0.000302004
0.00033766
0.0083148
0.00799735
0.00791452
0.00808348
0.00803142
0.00813398
0.00828025
0.000137568
0.000142368
0.00815543
0.00813495
0.000189756
0.00857212
0.000183499
0.00818329
0.00846666
0.0003199
0.000359166
0.000346768
0.000330933
0.00864219
0.00823461
0.00856606
0.00866182
0.0084483
0.00829173
0.00868487
0.000134429
0.000130195
0.00878447
0.00880896
0.00889332
0.00864649
0.00886179
0.00866488
0.00873577
0.000312891
0.000328975
0.000302968
0.00033813
0.00848522
0.00841578
0.000189734
0.00873492
0.000183467
0.00854681
0.00849888
0.000137724
0.000142429
0.00866684
0.00862559
0.00865374
0.00864365
0.00862687
0.00869277
0.00857057
0.000319935
0.000359333
0.000346013
0.000331171
0.00830637
0.00815772
0.00811191
0.00838975
0.00802391
0.00844843
0.00825243
0.000134054
0.000129672
0.00839334
0.00828732
0.000172602
0.00817968
0.00817016
0.00845195
0.000178516
0.000319778
0.000358986
0.000346692
0.000331476
0.0083407
0.00860637
0.00880472
0.00868339
0.00873536
0.00836488
0.00875734
0.000137237
0.000141986
0.00856282
0.008172
0.00865923
0.000188983
0.00858331
0.000182742
0.00866395
0.000312159
0.000327852
0.000302641
0.000339827
0.00876487
0.00884914
0.000172941
0.00841761
0.00892715
0.00871794
0.000178221
0.000133974
0.00012998
0.0088212
0.00874718
0.00865261
0.00866835
0.00875352
0.00871798
0.00870059
0.000319538
0.000358183
0.000347517
0.000330292
0.00866178
0.00838026
0.00862336
0.000188491
0.00868343
0.000182506
0.00856204
0.000137141
0.000141757
0.000185433
0.000190045
0.0084644
0.00842354
0.00860191
0.00830785
0.00852629
0.00837322
0.00830602
0.000134767
0.000130622
0.000315055
0.000325327
0.000305145
0.000335884
0.00852528
0.0084212
0.00870416
0.00018933
0.00854326
0.000183293
0.0085943
0.00863905
0.00849855
0.00867412
0.00865552
0.00852748
0.00860846
0.00868652
0.000138202
0.000142704
0.000322955
0.000355728
0.000344592
0.000333628
0.00814036
0.00819872
0.000173495
0.00785098
0.0081521
0.00820174
0.000179192
0.00031508
0.000325659
0.000304993
0.000336398
0.000135032
0.000130763
0.00842777
0.00837286
0.00840148
0.00853088
0.0083463
0.00849107
0.00844629
0.00839373
0.00816508
0.00845083
0.000189894
0.00839474
0.000183862
0.0083315
0.000323468
0.000356402
0.000344771
0.000333983
0.000138504
0.000143091
0.000190281
0.000208023
0.000213137
0.000352855
0.000366066
0.000343248
0.000376578
0.00957433
0.000194723
0.00949052
0.00965434
0.00945332
0.000200255
0.00990092
0.00992215
0.00958124
0.00945826
0.00983584
0.00960148
0.00994408
0.0099316
0.000155062
0.0001591
0.000362044
0.00039659
0.000386421
0.000371827
0.00956866
0.00964936
0.000210787
0.00998264
0.000205378
0.00998108
0.00957364
0.00990141
0.00999547
0.00994339
0.00999354
0.00993553
0.00999146
0.0099212
0.000151664
0.000147329
0.0099307
0.00954948
0.00937871
0.009965
0.00946284
0.0099427
0.00991802
0.00958621
0.000195183
0.00936646
0.00964347
0.00930186
0.000201074
0.00992483
0.000362804
0.000396968
0.000386534
0.000372359
0.000155498
0.000159638
0.0099223
0.00999541
0.00994193
0.00999367
0.00993016
0.00999166
0.00993065
0.00956669
0.00964461
0.000211657
0.00998313
0.000206129
0.00998126
0.00959578
0.00020868
0.000213907
0.00963447
0.000194491
0.00951385
0.00966264
0.00951527
0.000200369
0.00998409
0.000350023
0.000366014
0.000339155
0.000377883
0.0098589
0.00943911
0.00975727
0.00999856
0.00944261
0.00999408
0.00993916
0.000153691
0.000157583
0.00962228
0.00966266
0.000210154
0.00998388
0.00020504
0.0099822
0.00963527
0.000358143
0.00039623
0.00038613
0.000367248
0.00990021
0.00999624
0.00999382
0.00993946
0.0099916
0.00993254
0.00991672
0.000150856
0.000146113
0.00942942
0.00909112
0.00920287
0.0095224
0.00915484
0.0094497
0.00961699
0.000350608
0.000369763
0.000339227
0.00037977
0.0097028
0.00975079
0.00021153
0.00998485
0.000205915
0.00998285
0.00971789
0.000154578
0.000158759
0.00990441
0.00999581
0.00999333
0.00993855
0.00999121
0.00992877
0.009916
0.0003593
0.000401793
0.000389066
0.000369143
0.00992043
0.0095898
0.00953265
0.00987971
0.00977644
0.00983729
0.00993976
0.000150023
0.000145354
0.00952225
0.00934844
0.00019345
0.00957901
0.00926992
0.00973481
0.000199758
0.000357032
0.000398987
0.000388886
0.000366418
0.0099114
0.00999616
0.00994088
0.00999371
0.00993199
0.0099917
0.00992174
0.000153411
0.000157452
0.0096701
0.00970776
0.00998434
0.000209596
0.00998262
0.000204264
0.00971004
0.000350112
0.000365864
0.000339115
0.00038013
0.00929606
0.00910602
0.000193506
0.00955512
0.00901084
0.00936444
0.000199643
0.000150153
0.000145463
0.00989896
0.00999545
0.00993471
0.00999295
0.00992706
0.00999095
0.00991318
0.000358894
0.00039848
0.0003897
0.000368753
0.0096007
0.00967484
0.00998312
0.000210256
0.00998135
0.000204726
0.00960748
0.000153949
0.000158175
0.000207534
0.000212406
0.00993123
0.00944504
0.00946174
0.00999594
0.00964364
0.00999427
0.00994529
0.000150789
0.000146468
0.000352178
0.000365377
0.000342307
0.000375915
0.00962351
0.0097306
0.00998358
0.0002099
0.00998262
0.00020473
0.00962059
0.0099235
0.00999613
0.00999403
0.00994465
0.00999234
0.00994
0.00992999
0.000154457
0.000158346
0.000360851
0.000394588
0.000385284
0.000369635
0.00959201
0.00927089
0.000195174
0.00951767
0.00926745
0.00976974
0.000200969
0.000353372
0.000365748
0.000343371
0.00037638
0.000151303
0.000146956
0.00991309
0.00999658
0.00999435
0.00994747
0.00999239
0.00994293
0.00992339
0.00958926
0.00965986
0.0099837
0.000211145
0.00998216
0.000206175
0.00959956
0.000362417
0.000394977
0.000385851
0.000371024
0.000155154
0.000158937
0.00021345
0.000227023
0.000229338
0.000387195
0.000404678
0.000379174
0.000412911
0.00958055
0.000214933
0.00998115
0.00968153
0.00956338
0.000219356
0.00998335
0.00992419
0.00993666
0.00999167
0.00999783
0.00990787
0.0099452
0.00999387
0.000167461
0.000169685
0.000391464
0.000423173
0.000417613
0.000396463
0.00956996
0.00970091
0.00022464
0.00998469
0.000221689
0.00998225
0.00959375
0.00991564
0.00999629
0.00994667
0.00999439
0.0099404
0.00999235
0.0099274
0.000166113
0.000162762
0.00993152
0.00993298
0.00999194
0.00999777
0.00992487
0.00994419
0.00999401
0.0096155
0.000215796
0.00998178
0.00963078
0.00957999
0.000220337
0.00998394
0.000392037
0.000423171
0.000417887
0.000397096
0.000168041
0.000170122
0.00992373
0.00999591
0.00994577
0.00999401
0.00993749
0.00999213
0.00993075
0.00960395
0.00966267
0.000225601
0.00998399
0.000222952
0.00998243
0.00963266
0.000228377
0.000231145
0.00963511
0.000213881
0.00998207
0.00966354
0.00962016
0.000217951
0.0099837
0.000380658
0.000403319
0.00037352
0.000411159
0.00991503
0.00999141
0.0099326
0.00999812
0.00990038
0.00999365
0.00993932
0.000165122
0.000167373
0.0096201
0.00964476
0.000223073
0.00998336
0.000220068
0.0099822
0.00963941
0.000384106
0.000421138
0.000415492
0.000389591
0.00989637
0.00999609
0.00999329
0.00993853
0.00999136
0.0099323
0.00990886
0.000164954
0.000161948
0.00992223
0.00999208
0.00993367
0.00999855
0.00991212
0.00999416
0.00994278
0.00038374
0.000408631
0.000376883
0.000416496
0.00972514
0.0097848
0.0002249
0.00998562
0.000222266
0.00998396
0.0097403
0.000166903
0.000168873
0.00991243
0.0099964
0.00999365
0.00994327
0.00999215
0.00993712
0.00992077
0.000388039
0.000427587
0.000422839
0.000392471
0.00992366
0.00993277
0.00999156
0.009998
0.00991426
0.00994077
0.00999355
0.000163356
0.000160218
0.00971666
0.00998256
0.000213334
0.00976129
0.0096777
0.00998439
0.000217602
0.00038441
0.000423417
0.000417676
0.000389347
0.00991648
0.00999583
0.00993877
0.00999328
0.0099322
0.00999163
0.00992386
0.000165052
0.000167217
0.0096808
0.00976466
0.00998422
0.000222653
0.00998273
0.000219892
0.0097121
0.000383298
0.000407931
0.000376205
0.000415139
0.00961772
0.00998187
0.000214625
0.00967271
0.00960756
0.00998369
0.000218713
0.000164518
0.000161435
0.00990558
0.00999609
0.00993743
0.0099934
0.00993105
0.00999144
0.00991874
0.000388093
0.000423801
0.000418448
0.00039309
0.00960438
0.00966681
0.00998345
0.000224257
0.00998192
0.000221403
0.00960683
0.000166511
0.000168586
0.000226497
0.000229167
0.00992812
0.00999178
0.00993546
0.00999731
0.00991755
0.00999346
0.00994339
0.000164907
0.000161639
0.000385208
0.000402881
0.000377664
0.000411189
0.00961363
0.00972502
0.00998316
0.000224444
0.0099816
0.000221245
0.00961691
0.00991446
0.00999534
0.00999332
0.00994248
0.00999152
0.00993324
0.0099285
0.000167035
0.000169487
0.00039016
0.000422693
0.000416299
0.000396196
0.00960208
0.00998212
0.00021553
0.0096652
0.0095883
0.0099833
0.000219888
0.000386384
0.000403436
0.000378585
0.000411494
0.000165536
0.00016225
0.00991102
0.00999558
0.0099932
0.00994421
0.00999167
0.00993748
0.00992046
0.00958423
0.00968243
0.00998273
0.000225759
0.00998179
0.000222576
0.00960073
0.000391199
0.00042329
0.000416758
0.000397126
0.000167617
0.0001701
0.000230679
0.000234394
0.000233112
0.000399955
0.000423789
0.000397165
0.000426707
0.0096041
0.000225002
0.00998294
0.00971138
0.00958693
0.000226572
0.00998477
0.00992648
0.00994085
0.00999207
0.00999742
0.00991467
0.00994601
0.00999363
0.000170099
0.000170091
0.000397467
0.000423945
0.000423782
0.000397522
0.00959856
0.00971626
0.000225154
0.00998382
0.000225207
0.0099826
0.00960569
0.00991359
0.0099951
0.00994484
0.00999251
0.00994044
0.00999124
0.00992519
0.000171674
0.000170581
0.00992898
0.00993663
0.00999167
0.00999692
0.00992001
0.00994531
0.00999326
0.0096421
0.000226206
0.00998197
0.00966923
0.00961146
0.000227667
0.00998335
0.000398018
0.00042437
0.000424358
0.000398194
0.000170725
0.000170691
0.00991855
0.00999465
0.00994423
0.00999217
0.00993626
0.0099909
0.0099274
0.00962375
0.0096839
0.000226244
0.00998245
0.000226364
0.00998143
0.00964671
0.000235958
0.000234836
0.00963577
0.000223331
0.00998199
0.00960251
0.00962767
0.000225197
0.00998254
0.000393671
0.000421414
0.000390021
0.000425183
0.0099033
0.00999113
0.00993166
0.00999726
0.00988912
0.00999303
0.00993649
0.000168065
0.000168459
0.00963307
0.0095968
0.000224481
0.00998201
0.000223937
0.0099815
0.0096361
0.000391601
0.000423801
0.000422591
0.000392857
0.00988271
0.00999528
0.00999254
0.00993526
0.00999073
0.00993082
0.00990219
0.000170435
0.000169551
0.00991813
0.00999126
0.00993456
0.00999733
0.0099073
0.00999277
0.00994237
0.000396433
0.000429175
0.000394139
0.000431733
0.00971954
0.00978748
0.000225728
0.00998418
0.0002259
0.00998251
0.00974278
0.000169605
0.000169483
0.00990483
0.00999471
0.00999177
0.00994089
0.00999024
0.00993347
0.00991592
0.000394472
0.000429208
0.000429314
0.000394497
0.00992147
0.00992895
0.00999123
0.00999714
0.0099151
0.00993605
0.00999269
0.000168996
0.000167564
0.00969685
0.00998237
0.000223081
0.00974944
0.00967252
0.00998362
0.000225042
0.000390992
0.000426958
0.000425504
0.000392174
0.00991403
0.00999506
0.00993471
0.00999225
0.00992545
0.00999075
0.00991969
0.0001682
0.000168611
0.00966986
0.00973684
0.00998317
0.000224481
0.00998194
0.000223911
0.00969866
0.000397138
0.00042555
0.000394677
0.000428259
0.00959388
0.00998146
0.000225171
0.0096766
0.00959084
0.00998282
0.000226657
0.000170294
0.000169265
0.00990656
0.00999453
0.00993299
0.00999184
0.00992586
0.00999016
0.00991824
0.000394901
0.000426351
0.00042621
0.000394647
0.0095806
0.00966191
0.00998179
0.000225461
0.00998074
0.000225498
0.00958336
0.000169511
0.000169477
0.00023468
0.000233552
0.00992986
0.00999139
0.00993258
0.00999651
0.00991822
0.00999282
0.00994216
0.000171436
0.000170102
0.000400778
0.000423774
0.000397327
0.000427433
0.00963154
0.00973605
0.00998294
0.000225976
0.00998174
0.000225724
0.00963493
0.00992429
0.00999462
0.0099923
0.00994315
0.00999111
0.00993386
0.00993147
0.000170502
0.000170609
0.000398263
0.000425244
0.000424759
0.000398752
0.00961087
0.00998136
0.000226346
0.00966779
0.00959252
0.00998241
0.000228151
0.000401625
0.000424371
0.000398178
0.000428112
0.000171949
0.000170582
0.00990967
0.00999485
0.00999218
0.00994504
0.0099909
0.00994033
0.00992146
0.00960868
0.00968536
0.00998217
0.000226926
0.00998142
0.000226787
0.00961722
0.000399041
0.000425682
0.000425263
0.000399425
0.000170905
0.000170977
0.000234973
0.000229676
0.000226803
0.000390937
0.000418888
0.000392903
0.000416774
0.00960369
0.000222576
0.0099819
0.00972008
0.0096049
0.000221403
0.00998297
0.00992537
0.0099403
0.00999061
0.00999594
0.00991321
0.00994453
0.0099922
0.0001651
0.000163662
0.000385476
0.000407327
0.000411126
0.000381835
0.0096092
0.00972427
0.000216694
0.00998295
0.000218548
0.00998183
0.00960874
0.00991673
0.00999497
0.0099454
0.00999282
0.00994171
0.00999113
0.00992669
0.000167853
0.000168754
0.00992814
0.0099356
0.00999046
0.00999581
0.00992099
0.00994377
0.00999221
0.00964493
0.000223559
0.00998104
0.00966202
0.00962534
0.000222446
0.0099825
0.0003859
0.000407284
0.000411341
0.000382007
0.000165448
0.000163705
0.00992475
0.00999466
0.00994487
0.00999287
0.00993802
0.0099911
0.00992919
0.00963599
0.00969021
0.000216818
0.00998319
0.000219204
0.00998184
0.00964711
0.000230508
0.000227287
0.0096363
0.000222358
0.00998117
0.00961195
0.00963748
0.00022121
0.0099818
0.000387183
0.000419634
0.000389305
0.000417347
0.00990738
0.00999025
0.00993128
0.00999612
0.00988662
0.00999193
0.009935
0.000163976
0.000162059
0.00964187
0.00962715
0.000215855
0.00998249
0.000218479
0.00998132
0.00964478
0.000382501
0.000407195
0.00041228
0.000377514
0.00989797
0.00999459
0.00999225
0.00993648
0.0099902
0.0099327
0.00991314
0.000166497
0.000167651
0.009919
0.00998994
0.00993345
0.00999613
0.00990899
0.00999171
0.00993986
0.000387437
0.000424239
0.000390153
0.0004215
0.00972444
0.00977861
0.000216216
0.00998422
0.000218601
0.00998229
0.00973473
0.000164259
0.000162408
0.00991553
0.00999467
0.00999244
0.00994091
0.00999048
0.00993485
0.00992247
0.00038259
0.000409627
0.000414573
0.000377894
0.00991817
0.00992725
0.00999014
0.00999614
0.00991358
0.00993682
0.00999176
0.000166246
0.00016707
0.00971662
0.00998154
0.00022229
0.00973154
0.00967699
0.00998283
0.000221405
0.000381654
0.000410461
0.000415667
0.000376963
0.00991459
0.00999441
0.00994003
0.00999206
0.00993268
0.00999014
0.0099201
0.000164193
0.000162316
0.00969836
0.009752
0.00998333
0.000215993
0.00998178
0.00021861
0.00973285
0.000387268
0.000421605
0.000389991
0.000418463
0.00960354
0.00998056
0.000222883
0.0096638
0.00959722
0.00998188
0.00022135
0.000166519
0.00016769
0.00990051
0.00999448
0.00993756
0.00999205
0.00993236
0.00998982
0.00991267
0.000382107
0.00040942
0.000414525
0.000377465
0.00962646
0.00966504
0.00998269
0.000215789
0.00998112
0.000218433
0.00962796
0.000164355
0.000162361
0.000230297
0.000227229
0.00993115
0.00999077
0.00993829
0.00999551
0.00992758
0.00999192
0.00994455
0.0001676
0.000168589
0.000391193
0.000419809
0.000393466
0.000417438
0.0096488
0.00974401
0.00998267
0.000216563
0.00998139
0.000218849
0.009641
0.00992737
0.00999426
0.00999225
0.00994549
0.00999072
0.00994143
0.00993017
0.000165125
0.000163358
0.000385077
0.000406179
0.000410835
0.000380686
0.00961557
0.00998131
0.000224138
0.00969872
0.00961169
0.00998211
0.000222688
0.000391951
0.000419944
0.000394282
0.000417374
0.000167772
0.000168849
0.00991905
0.00999455
0.00999236
0.00994547
0.00999086
0.00994287
0.00992406
0.00960904
0.00971987
0.00998264
0.00021646
0.00998149
0.00021933
0.00962118
0.00038571
0.000405796
0.00041093
0.00038088
0.000165282
0.000163185
0.000227418
0.000218971
0.000216188
0.000371763
0.000401575
0.000376494
0.000396758
0.00963403
0.000213868
0.00998285
0.00971718
0.00962421
0.000211362
0.00998377
0.00992626
0.00994358
0.00999206
0.00999666
0.00992203
0.00994603
0.00999285
0.000157261
0.000155335
0.000366801
0.000386097
0.000390861
0.000362361
0.00964008
0.00974112
0.00020597
0.00998367
0.000208509
0.0099832
0.00964518
0.00991909
0.00999543
0.00994521
0.00999235
0.00994273
0.00999159
0.00992566
0.000159318
0.000161286
0.00992936
0.00994155
0.00999182
0.0099966
0.0099267
0.00994505
0.00999291
0.00964693
0.00021359
0.00998233
0.00965639
0.0096355
0.000211053
0.00998304
0.000366292
0.000385894
0.000390739
0.000361822
0.000156975
0.000154959
0.00992583
0.00999517
0.00994406
0.00999241
0.00993961
0.00999144
0.00992903
0.00964125
0.00970228
0.000205122
0.00998254
0.000207903
0.00998208
0.00965046
0.000218515
0.000215336
0.00965703
0.000213269
0.00998187
0.009638
0.00964581
0.000210469
0.00998274
0.000367633
0.000402629
0.000373157
0.000399171
0.00991359
0.00999078
0.00993215
0.00999686
0.00990166
0.00999255
0.00993718
0.000156272
0.000154433
0.00965989
0.00963583
0.000205784
0.00998284
0.000208164
0.00998235
0.0096745
0.000363906
0.000388204
0.000394856
0.000359493
0.00990387
0.00999577
0.0099926
0.00993955
0.00999129
0.00993574
0.00991476
0.000157729
0.000160082
0.0099249
0.00999152
0.00993844
0.00999712
0.00991794
0.00999297
0.00994244
0.000366786
0.000405735
0.000372518
0.000397262
0.00973167
0.00978269
0.000203922
0.00998456
0.000206939
0.00998346
0.00974025
0.000155427
0.000153047
0.00992135
0.00999639
0.0099931
0.00994394
0.009992
0.00993945
0.00992652
0.000361635
0.000384283
0.000390578
0.000355917
0.00992145
0.00993489
0.00999068
0.00999665
0.00991509
0.00994006
0.00999228
0.000158079
0.00016019
0.00972935
0.00998244
0.000213138
0.0097738
0.00970859
0.00998364
0.000210293
0.0003638
0.000390255
0.000393648
0.000358768
0.00991587
0.00999554
0.00993741
0.00999225
0.00993125
0.00999118
0.00992255
0.00015623
0.000154135
0.00970829
0.00978064
0.00998345
0.000205004
0.00998275
0.000207834
0.00971547
0.000366869
0.000402421
0.000373149
0.000398054
0.00964573
0.00998218
0.000212956
0.00968456
0.00964674
0.00998369
0.000209512
0.000157618
0.000160152
0.00991049
0.00999635
0.00994285
0.00999318
0.00993937
0.00999185
0.00992005
0.000361612
0.000386559
0.000393378
0.000355286
0.00966461
0.00970544
0.00998387
0.000203125
0.00998285
0.000206577
0.00965685
0.000155288
0.000152711
0.000218681
0.000215941
0.0099273
0.0099914
0.00994249
0.00999647
0.00992559
0.00999273
0.00994564
0.00015874
0.000160982
0.000369559
0.000400158
0.000374955
0.000394141
0.00964517
0.00971811
0.00998295
0.000205033
0.00998208
0.000207896
0.00964753
0.00992199
0.00999541
0.00999294
0.00994434
0.00999165
0.0099406
0.00992603
0.000156719
0.000154492
0.000365117
0.000383429
0.00038935
0.000359849
0.00962306
0.00998195
0.000213158
0.00968984
0.00960797
0.00998263
0.00020966
0.000369097
0.000399667
0.000375253
0.000393637
0.00015821
0.000160699
0.00992047
0.00999548
0.00999312
0.00994388
0.00999166
0.00994037
0.00992603
0.00961341
0.0096958
0.0099823
0.000203892
0.00998184
0.000206978
0.00962552
0.000364849
0.000383201
0.000388877
0.000359137
0.000156162
0.000153872
0.000214765
0.000208696
0.000206353
0.000353659
0.000381112
0.000357711
0.000376682
0.00965299
0.000203334
0.00998234
0.00976412
0.00964358
0.000201046
0.00998233
0.00992821
0.00994233
0.00999102
0.00999539
0.00992105
0.0099453
0.00999145
0.000149927
0.000148299
0.000349843
0.000368371
0.000372538
0.000345848
0.009652
0.00978759
0.000196613
0.00998117
0.00019886
0.00998102
0.00966919
0.0099253
0.00999388
0.00994517
0.00999043
0.00994257
0.00999006
0.00992934
0.000151124
0.00015283
0.00993048
0.00993842
0.0099908
0.00999506
0.00992624
0.00994351
0.0099914
0.00964734
0.000202273
0.00998108
0.00968909
0.00963757
0.000200048
0.00998122
0.000348794
0.000368412
0.000372331
0.000344852
0.000149368
0.000147819
0.00992745
0.00999337
0.00994348
0.00999034
0.00993863
0.00998966
0.00993125
0.0096476
0.00974471
0.000195518
0.00998024
0.000197651
0.00997992
0.00965945
0.000206776
0.000204509
0.00968511
0.000203361
0.00998193
0.00965835
0.00966822
0.000201002
0.00998172
0.0003513
0.000384036
0.000355735
0.000378934
0.00991532
0.00999084
0.00993654
0.00999589
0.00990472
0.00999134
0.00994034
0.000149159
0.000147185
0.00967123
0.00965961
0.000196162
0.00998007
0.000198714
0.00998027
0.00968563
0.000347465
0.000372131
0.00037611
0.000342425
0.00990743
0.00999404
0.00998972
0.00993952
0.00998931
0.00993637
0.00991771
0.000148741
0.000150944
0.0099256
0.00999134
0.00994083
0.00999644
0.00992189
0.00999171
0.0099443
0.000345744
0.000379214
0.000351394
0.000375085
0.00972581
0.00978968
0.000193853
0.00998121
0.000196065
0.00998063
0.00973863
0.000147049
0.000145387
0.00991973
0.00999391
0.00999004
0.00994341
0.00998933
0.00994043
0.00992501
0.000342256
0.00036447
0.000371003
0.000338124
0.00992334
0.00993276
0.00999089
0.00999572
0.00991789
0.00993928
0.00999128
0.000150549
0.000152399
0.00971691
0.00998216
0.000202638
0.00977737
0.00970096
0.00998241
0.000200283
0.000346924
0.00037007
0.000376797
0.000342045
0.0099205
0.00999394
0.00994107
0.00998971
0.00993729
0.00998962
0.00992376
0.000148972
0.000147041
0.0097173
0.00979915
0.00998104
0.000195464
0.00998098
0.000198162
0.00973562
0.000345176
0.000381539
0.000350508
0.000373906
0.00966466
0.00998201
0.00020047
0.00971801
0.00966996
0.00998243
0.000197541
0.000148501
0.000150693
0.00991446
0.00999389
0.0099417
0.00999005
0.00993622
0.00998937
0.00992145
0.000341502
0.000367677
0.000370253
0.000336973
0.00967499
0.00974546
0.00998114
0.000193175
0.00998046
0.000195497
0.00967933
0.000146947
0.000145223
0.000207997
0.000205798
0.00992431
0.00999127
0.00993698
0.00999556
0.00991794
0.00999178
0.00994193
0.000150761
0.000152734
0.000351509
0.000379305
0.000356144
0.000374418
0.00966193
0.00969303
0.00998001
0.000196094
0.00998011
0.000198079
0.00966805
0.00991242
0.0099934
0.00998999
0.00993926
0.00998948
0.00993366
0.00992195
0.00014922
0.000147682
0.000348078
0.000366883
0.000370705
0.00034446
0.00963268
0.00998116
0.000201556
0.00966007
0.00961686
0.00998103
0.000199099
0.00035075
0.000379273
0.000355387
0.000374372
0.000150244
0.000152142
0.00991714
0.00999351
0.00999014
0.00994062
0.00998965
0.00993459
0.00992398
0.00962198
0.00969678
0.00997952
0.000195164
0.00997951
0.000197096
0.00964785
0.000347397
0.000366987
0.00037082
0.000343628
0.000148777
0.000147281
0.000203916
0.000199714
0.000198041
0.000338978
0.000364913
0.000342525
0.000361415
0.00967649
0.000194696
0.00997986
0.00978256
0.00966776
0.000192655
0.00997968
0.00992877
0.00994203
0.0099888
0.00999315
0.00992572
0.0099442
0.0099891
0.000144317
0.000142985
0.000336517
0.000355274
0.000358701
0.000333186
0.00966843
0.00979204
0.000189313
0.00997798
0.000191176
0.00997821
0.00966373
0.0099238
0.00999127
0.0099417
0.00998752
0.00993996
0.00998733
0.00992729
0.000145247
0.000146499
0.00993014
0.00993874
0.00998858
0.00999298
0.00992703
0.00994295
0.00998915
0.00967879
0.000193774
0.00997886
0.00973762
0.0096631
0.000192155
0.00997921
0.000336079
0.000355352
0.000358759
0.000333024
0.000144198
0.000142991
0.00992345
0.009991
0.0099423
0.0099876
0.00993778
0.00998719
0.00992712
0.00969269
0.00978344
0.000189202
0.0099779
0.00019084
0.00997787
0.00970445
0.000198806
0.00019752
0.00967675
0.000194415
0.00997832
0.00968109
0.00965962
0.000191969
0.00997817
0.000334828
0.000369036
0.00033963
0.000363991
0.00991783
0.00998762
0.00993336
0.00999247
0.00990987
0.00998787
0.00993695
0.000142994
0.000141413
0.00964665
0.00965332
0.00018833
0.0099765
0.00019046
0.00997655
0.00967182
0.000332402
0.000357285
0.000361549
0.000328127
0.00990857
0.00999075
0.00998636
0.00993539
0.00998596
0.00992953
0.00991702
0.000142997
0.000144203
0.00992463
0.00998842
0.00993576
0.00999372
0.00991617
0.00998917
0.00994038
0.00033237
0.000362975
0.000335506
0.000359827
0.00971432
0.00976433
0.000188378
0.00997851
0.000189387
0.00997811
0.00971682
0.000142197
0.000141434
0.00991356
0.00999183
0.00998795
0.00993316
0.00998726
0.00992642
0.00992056
0.000330882
0.000356475
0.00035662
0.000328774
0.00992127
0.00993718
0.00998765
0.00999254
0.00991758
0.00994054
0.00998779
0.000143942
0.000145715
0.00974981
0.00997907
0.000193748
0.00979214
0.00972638
0.00997918
0.000191379
0.000332474
0.000354573
0.000359162
0.000328494
0.0099123
0.00999066
0.00994038
0.00998632
0.00993595
0.00998593
0.00992035
0.000142897
0.000141286
0.0097424
0.00980966
0.00997769
0.000187835
0.00997737
0.000190089
0.00976651
0.000332129
0.000363845
0.000334833
0.000360871
0.00969636
0.00997949
0.000191775
0.00971459
0.00969368
0.00997983
0.000190143
0.000142991
0.000144146
0.00988873
0.00999189
0.00993734
0.00998775
0.00993438
0.00998701
0.00989973
0.00033028
0.000355922
0.000360168
0.000328416
0.00969976
0.00971563
0.00997803
0.000187933
0.00997794
0.000189193
0.00969534
0.000142192
0.000141347
0.000199281
0.000197966
0.00992222
0.00998765
0.0099329
0.00999243
0.00991413
0.00998832
0.00993968
0.000145022
0.000146477
0.000337946
0.000363964
0.000341544
0.000360275
0.00968115
0.00973798
0.00997691
0.000189248
0.00997671
0.000191088
0.00969647
0.00991535
0.00999027
0.0099868
0.00993925
0.00998619
0.00993312
0.00992407
0.000144154
0.000142847
0.000335898
0.000354783
0.000358311
0.00033259
0.00966263
0.00997812
0.00019355
0.00970856
0.00964071
0.00997826
0.000191768
0.000337448
0.000363757
0.000340866
0.00036025
0.000144736
0.000146042
0.00991083
0.00999029
0.00998698
0.00994012
0.00998651
0.00993601
0.00991966
0.00965941
0.00973662
0.00997727
0.000189066
0.00997684
0.000190661
0.00966947
0.000335823
0.000354376
0.000357881
0.000332617
0.000143833
0.000142623
0.000197374
0.000192997
0.000191445
0.000328379
0.000353185
0.00033107
0.000350332
0.00965382
0.000188
0.00997671
0.00977111
0.0096491
0.000186505
0.00997651
0.00992441
0.00993577
0.00998592
0.00998982
0.00992067
0.00993871
0.0099858
0.000140041
0.000139355
0.00032602
0.000346466
0.000348281
0.000324289
0.00963925
0.00977615
0.00018421
0.00997595
0.000185169
0.00997579
0.00966252
0.00991355
0.00998816
0.00993632
0.00998414
0.00993193
0.00998408
0.00991782
0.000141123
0.000142076
0.00992328
0.00993568
0.00998563
0.00998976
0.00991863
0.00994043
0.009986
0.00971552
0.000188063
0.00997642
0.00975003
0.00970267
0.000186913
0.00997627
0.000326645
0.000345992
0.000347754
0.000324935
0.000140153
0.000139472
0.00991056
0.00998782
0.00993598
0.00998423
0.00992947
0.00998401
0.00991866
0.00969658
0.00977319
0.000184761
0.00997475
0.000185703
0.00997469
0.00969805
0.000194139
0.00019284
0.00967878
0.000186856
0.00997533
0.00965652
0.00964685
0.000185267
0.00997527
0.000322943
0.000355002
0.00032575
0.000351543
0.00991313
0.00998489
0.00992797
0.00998996
0.00990265
0.0099854
0.00993497
0.00013822
0.000137684
0.00963425
0.00960776
0.000183347
0.00997439
0.000183944
0.00997443
0.00965353
0.000320806
0.000347522
0.000349026
0.000319871
0.00989176
0.0099891
0.00998521
0.0099277
0.00998449
0.00992096
0.00990395
0.000140384
0.000140869
0.0099145
0.00998605
0.00992156
0.00999069
0.00990697
0.00998607
0.00992897
0.000326187
0.000355375
0.000327481
0.000352389
0.00970394
0.00976258
0.000185063
0.00997498
0.000185545
0.00997458
0.00972034
0.000139568
0.000139203
0.00990383
0.00998853
0.00998429
0.00992871
0.009984
0.00991966
0.00991464
0.000324393
0.000349185
0.000350207
0.000323556
0.00992139
0.00993344
0.00998501
0.00998997
0.00991192
0.009939
0.00998522
0.000139317
0.000140331
0.00976191
0.00997621
0.000186603
0.00980036
0.0097352
0.00997636
0.000185346
0.000321208
0.000345734
0.000346809
0.000319908
0.00990379
0.00998875
0.00993182
0.00998464
0.00992544
0.00998408
0.00991281
0.00013835
0.000137888
0.00972073
0.00977911
0.00997518
0.000183382
0.00997508
0.000183956
0.00974462
0.000325911
0.000354331
0.000327304
0.000354359
0.0096758
0.00997629
0.000187118
0.00967127
0.00967785
0.00997617
0.000186279
0.000140161
0.000140744
0.00987408
0.00998874
0.00993129
0.00998411
0.0099228
0.00998368
0.00989494
0.000323859
0.000351581
0.000352391
0.000323008
0.0096641
0.00967488
0.00997475
0.000184836
0.00997462
0.000185208
0.00967523
0.000139403
0.000139106
0.000193288
0.00019185
0.00992437
0.0099851
0.00993154
0.00998935
0.00991594
0.00998544
0.0099384
0.000141061
0.000142025
0.000328209
0.000352905
0.000330801
0.000350373
0.00968033
0.00975805
0.00997486
0.000184727
0.00997438
0.000185302
0.00969387
0.00991328
0.00998776
0.00998452
0.00993822
0.00998385
0.00993076
0.00992255
0.000140062
0.000139613
0.000325934
0.000346562
0.000347851
0.000324711
0.00967239
0.00997597
0.000188071
0.00974456
0.00965965
0.00997604
0.000186881
0.000328652
0.00035268
0.000330851
0.000349835
0.000140957
0.000141897
0.00990896
0.00998799
0.00998473
0.00993729
0.00998381
0.0099311
0.00991885
0.00964301
0.00974992
0.00997481
0.000184899
0.00997461
0.00018563
0.00965401
0.000326388
0.000346199
0.000347513
0.000325036
0.000140063
0.000139518
0.000192661
0.000188995
0.000187647
0.000321057
0.000343505
0.000321666
0.000342667
0.00966185
0.000182712
0.00997494
0.00974039
0.0096544
0.000182342
0.00997523
0.00991236
0.00993108
0.00998251
0.00998691
0.0099028
0.00993545
0.0099831
0.000136786
0.000136952
0.000318173
0.000339623
0.000339442
0.000318682
0.00965264
0.00973376
0.000181081
0.00997444
0.000180831
0.00997389
0.00964546
0.00989551
0.00998552
0.00993401
0.00998278
0.00993084
0.00998157
0.00990716
0.000138142
0.000138385
0.0099167
0.00992196
0.00998257
0.00998735
0.00990742
0.00993013
0.00998349
0.00966271
0.00018328
0.00997336
0.00967762
0.00966189
0.000182939
0.00997369
0.000318564
0.000339875
0.000339437
0.000318707
0.000137058
0.000137196
0.0099076
0.00998559
0.00992537
0.00998352
0.00991819
0.00998174
0.00991359
0.00963714
0.00969253
0.000181505
0.00997303
0.000181433
0.00997241
0.00964421
0.000189881
0.000188422
0.0096184
0.000182171
0.00997328
0.00959915
0.00960741
0.000181972
0.00997339
0.000317571
0.000345419
0.000318067
0.000343203
0.00990098
0.00998308
0.00991292
0.00998872
0.00988726
0.00998414
0.00991818
0.000136075
0.0001362
0.0095775
0.00959377
0.000181155
0.0099722
0.000180948
0.00997166
0.00960084
0.00031606
0.000343668
0.000341723
0.000315884
0.00988947
0.00998584
0.00998245
0.00991325
0.00998135
0.00990366
0.00990293
0.000137686
0.00013824
0.00991752
0.00998213
0.00992483
0.00998757
0.00991041
0.00998313
0.0099329
0.0003197
0.000346572
0.000321392
0.000346492
0.00973484
0.00979487
0.000181078
0.00997521
0.000181406
0.00997341
0.00974045
0.000136548
0.000136283
0.00991302
0.00998587
0.00998387
0.00993512
0.00998161
0.0099297
0.00991828
0.000316592
0.000342069
0.000344553
0.000315494
0.00989923
0.00991845
0.00998258
0.00998794
0.00989072
0.00992656
0.00998365
0.000136881
0.000137052
0.00972854
0.00997342
0.000182194
0.00972769
0.00970043
0.00997382
0.000182085
0.00031609
0.000341025
0.000342937
0.000316123
0.00988238
0.00998542
0.00992663
0.00998217
0.00991993
0.00998093
0.00989607
0.000136166
0.000136225
0.00968747
0.00971956
0.0099731
0.000181044
0.00997214
0.000181107
0.00972436
0.000319532
0.000349396
0.000320664
0.000346399
0.00968781
0.00997323
0.000183533
0.00971003
0.00967637
0.00997419
0.000182939
0.000137759
0.000138188
0.00989693
0.00998589
0.00993478
0.00998366
0.00992964
0.00998148
0.00990867
0.000316816
0.000342262
0.000341948
0.000315913
0.00968228
0.00973269
0.00997508
0.000180931
0.00997317
0.000181318
0.00968612
0.000136583
0.000136248
0.000189781
0.000188568
0.00991699
0.00998274
0.00993014
0.00998744
0.00990653
0.00998355
0.00993719
0.000138471
0.000138632
0.000322079
0.000344065
0.000322519
0.000343665
0.00966517
0.00975994
0.00997336
0.000182254
0.00997257
0.000182009
0.00966417
0.00990206
0.00998557
0.00998279
0.00993389
0.00998155
0.00992809
0.00991225
0.000137497
0.000137694
0.000319806
0.000341344
0.000340927
0.000320346
0.00961773
0.00997319
0.000183598
0.00968002
0.00961808
0.00997355
0.000183313
0.000322453
0.000343742
0.000322851
0.000343148
0.000138354
0.000138559
0.00990654
0.00998604
0.00998328
0.00992194
0.00998191
0.00991581
0.00991383
0.00958475
0.00966749
0.00997231
0.000182256
0.00997189
0.000181887
0.00958953
0.000319922
0.000341421
0.000340737
0.000320346
0.000137371
0.000137648
0.000188666
0.000187357
0.000186176
0.000317595
0.000336671
0.000316096
0.000337927
0.00960718
0.000179753
0.00997301
0.00969902
0.00962591
0.000180646
0.0099731
0.00989532
0.00992347
0.00998127
0.00998679
0.00988706
0.00992311
0.0099825
0.000135992
0.000137072
0.000315525
0.000337435
0.000335575
0.000317493
0.00957475
0.00970757
0.000181264
0.00996996
0.000179756
0.00997129
0.00953926
0.00987274
0.00998499
0.00989207
0.00998104
0.00990311
0.00998061
0.00987002
0.000136811
0.000136231
0.00989879
0.00991148
0.00998179
0.00998699
0.00989799
0.00991434
0.00998353
0.00963061
0.000180206
0.00997162
0.00959922
0.00962065
0.000181109
0.00997194
0.000315373
0.000338538
0.000336478
0.000317221
0.000136155
0.000137055
0.00987892
0.00998453
0.00989295
0.00998241
0.00989835
0.00998136
0.00986827
0.00960406
0.00964257
0.000182052
0.00996906
0.000180423
0.00997033
0.00959503
0.000187547
0.000187299
0.00960415
0.000179852
0.00997073
0.00964952
0.00956431
0.000180454
0.00997173
0.000314329
0.000340314
0.000313705
0.000341191
0.00990067
0.00998049
0.00990272
0.00998636
0.0098923
0.00998243
0.00991347
0.000134988
0.000136025
0.00955565
0.00962087
0.000180666
0.00996983
0.00017916
0.00996985
0.00958998
0.000311571
0.000341796
0.000339689
0.000313596
0.00988021
0.00998487
0.00998191
0.00989817
0.00998089
0.00989743
0.0098791
0.000135462
0.000135376
0.00990874
0.00998138
0.00992208
0.00998727
0.00990248
0.00998354
0.0099292
0.000313105
0.000338156
0.000313248
0.000339803
0.00969604
0.00976253
0.000180872
0.00997202
0.000179411
0.00997201
0.00971564
0.000134742
0.000135418
0.00988007
0.00998451
0.00998254
0.00991305
0.00998109
0.00991234
0.00988422
0.000310886
0.000338268
0.000338619
0.000312056
0.009896
0.00991604
0.00998016
0.00998668
0.00987824
0.00992225
0.00998213
0.000135825
0.000135382
0.00971085
0.00997155
0.000179813
0.00973263
0.00966678
0.0099728
0.000180449
0.00031236
0.000338572
0.000336316
0.000314277
0.00987251
0.00998519
0.00990187
0.00998162
0.00990312
0.00998064
0.00987926
0.000134999
0.000136047
0.00964036
0.00968986
0.00997107
0.000180554
0.00997106
0.000179175
0.00966645
0.000313545
0.000340709
0.000313178
0.000339281
0.00967799
0.00997266
0.000179619
0.00969121
0.00966585
0.00997422
0.000180054
0.00013545
0.000135237
0.00987455
0.00998495
0.00990874
0.00998217
0.0099076
0.00998071
0.00987695
0.000311614
0.000338606
0.000335864
0.000312663
0.00963087
0.00967877
0.00997123
0.000180783
0.00997135
0.000179294
0.00963259
0.000134747
0.000135445
0.000187854
0.000186579
0.00990238
0.00998101
0.0099218
0.00998628
0.00989608
0.00998241
0.00992361
0.000137183
0.000136675
0.000318866
0.000338204
0.000317708
0.000339374
0.00960711
0.00975293
0.00997016
0.000181856
0.00997081
0.000180347
0.00957874
0.00988238
0.00998453
0.009981
0.00989573
0.00998083
0.00990626
0.00987262
0.000136389
0.000137459
0.000316171
0.000338351
0.000336345
0.000318204
0.00957982
0.00997084
0.000180771
0.00959731
0.00956501
0.00997117
0.000181654
0.000318495
0.000338582
0.000317298
0.000340049
0.000137219
0.000136615
0.0098853
0.00998414
0.00998307
0.00989518
0.00998136
0.00990069
0.00987161
0.00955609
0.00963553
0.00996813
0.000182504
0.00996969
0.000180616
0.0095581
0.000315691
0.000339392
0.000337257
0.000317735
0.000136324
0.000137329
0.000187428
0.000188502
0.000188419
0.000317929
0.000336498
0.000316691
0.000337698
0.0094672
0.000181402
0.00996783
0.00967696
0.0094926
0.000183399
0.0099679
0.00983564
0.00986854
0.00997857
0.00998388
0.00984378
0.00985848
0.00998031
0.000139835
0.000142155
0.000317532
0.00033918
0.000337688
0.000318574
0.00942078
0.00971112
0.000187741
0.00997473
0.000184748
0.00996965
0.00811043
0.00981565
0.00998197
0.00985182
0.00998671
0.00984167
0.00998115
0.00981973
0.000137849
0.000137016
0.00983754
0.0098771
0.00998062
0.00998366
0.00984662
0.00986883
0.00998288
0.00952852
0.000182931
0.00996718
0.00902794
0.00954421
0.000185539
0.00996613
0.000318151
0.000340314
0.000339265
0.000318984
0.00013856
0.00013971
0.00982906
0.00998258
0.00986844
0.009985
0.00986143
0.0099824
0.00985772
0.00809804
0.00587114
0.000193284
0.00997865
0.000189008
0.00997093
0.00587302
0.000194621
0.000199905
0.00955056
0.000179886
0.00996671
0.00960908
0.0095212
0.000181711
0.00996774
0.000314169
0.000338453
0.000311777
0.000339482
0.00984921
0.00997936
0.00987766
0.00998355
0.00985154
0.00998103
0.00988053
0.00013678
0.000138229
0.00944554
0.00957964
0.000183534
0.00997358
0.000181407
0.00996794
0.00943665
0.000312319
0.000342674
0.000338865
0.000314214
0.00983769
0.00998192
0.00998661
0.00988217
0.00998107
0.00986469
0.00985879
0.000136021
0.000135316
0.00985846
0.0099807
0.00989148
0.00998476
0.00985071
0.00998404
0.0098928
0.000311722
0.000335911
0.00031139
0.000338067
0.00820025
0.00546553
0.000190832
0.00997512
0.000186685
0.00996954
0.00589451
0.00013672
0.000137968
0.00984705
0.00998421
0.00998782
0.00989996
0.00998436
0.0098887
0.00987435
0.000311697
0.000337298
0.000338087
0.000311908
0.00985982
0.00987551
0.00997883
0.00998313
0.00984787
0.00987438
0.00998065
0.000136927
0.000135512
0.00958483
0.00996781
0.000179705
0.00968964
0.00957196
0.00996819
0.000181713
0.000312474
0.000340189
0.000338887
0.000314445
0.0098505
0.00998178
0.00988263
0.00998634
0.00986692
0.00998092
0.00987075
0.000136769
0.000138298
0.00948615
0.00965209
0.00997425
0.000183367
0.00996847
0.000181304
0.00943938
0.000311546
0.000338705
0.000311168
0.00033768
0.00954438
0.0099681
0.000181311
0.00795485
0.00954224
0.00996867
0.000183695
0.000136072
0.000135285
0.00985087
0.00998372
0.00989979
0.00998806
0.00988438
0.00998499
0.0098718
0.000311271
0.000339608
0.000337814
0.000311288
0.00806543
0.00554934
0.00997477
0.000190674
0.00996971
0.000186644
0.00573419
0.000136842
0.000137904
0.000188765
0.000188552
0.00983601
0.00997907
0.00987386
0.00998421
0.00984812
0.00998086
0.00985845
0.000138941
0.000137339
0.000318073
0.00033639
0.000316609
0.000338057
0.00946464
0.00972538
0.00997458
0.000188295
0.00996968
0.000184823
0.00809182
0.00981105
0.00998182
0.00998636
0.00984429
0.00998065
0.00984163
0.00981991
0.000139788
0.0001424
0.000317023
0.000339214
0.000336991
0.000318346
0.00950171
0.0099665
0.000183047
0.00907882
0.00951289
0.00996532
0.000185902
0.000318106
0.000337741
0.000316227
0.000339413
0.000137973
0.000136997
0.00982377
0.00998289
0.00998408
0.00986746
0.00998259
0.00985595
0.00984524
0.00793506
0.0057144
0.00997548
0.00019337
0.00996891
0.000188823
0.00589615
0.00031747
0.000340204
0.000338618
0.000319208
0.000138346
0.000139637
0.000199926
0.000190004
0.000188977
0.000314913
0.000339018
0.000317345
0.000338109
0.0046167
0.000189677
0.00998918
0.00706782
0.00587758
0.000191145
0.00999727
0.00984731
0.00986867
0.0099949
0.00999107
0.0098411
0.00988112
0.0100091
0.000143319
0.000144399
0.000336308
0.000311185
0.000311735
0.000335515
0.00018819
0.0070794
0.00468948
0.0046232
0.0083438
0.000190536
0.00737481
0.00930143
0.00683365
0.00973829
0.00983136
0.0100099
0.00988578
0.00808006
0.000140885
0.000141276
0.00988233
0.00988596
0.00998885
0.010006
0.00987509
0.0099009
0.00999304
0.00419961
0.000198566
0.00999394
0.0033133
0.00432397
0.00019787
0.009115
0.000333408
0.000314033
0.000315069
0.000335487
0.000137488
0.000140758
0.00666768
0.00812129
0.00542357
0.00880604
0.0100217
0.00962282
0.0100009
0.000189349
0.00549474
0.00586106
0.00403306
0.00367959
0.000199114
0.00795504
0.000211288
0.000211282
0.00615592
0.000183224
0.00998472
0.00962819
0.00828637
0.000183609
0.00999418
0.000312164
0.000340667
0.00031208
0.000341207
0.00987084
0.00999353
0.00988576
0.00999985
0.00986507
0.0100065
0.00989459
0.000133
0.000135379
0.00017919
0.0059814
0.0042711
0.00509615
0.00950673
0.000181739
0.00717537
0.000334495
0.000307838
0.000308651
0.00033587
0.00649494
0.00873397
0.00695912
0.00987922
0.00859355
0.00837411
0.00990912
0.000138853
0.000139548
0.00988786
0.00999121
0.00990911
0.0100006
0.00988337
0.00999615
0.00991631
0.000308786
0.000337672
0.000311855
0.000334227
0.00018765
0.00619216
0.00479802
0.00381701
0.00337473
0.000196686
0.00957703
0.0001356
0.000139118
0.00697262
0.00823299
0.00616039
0.00987401
0.0100102
0.0100009
0.00992211
0.000329434
0.00030555
0.000307781
0.000333119
0.00987492
0.00988613
0.00999255
0.00999994
0.00987201
0.00989375
0.0100049
0.00013783
0.000137963
0.00634608
0.00998492
0.00018311
0.00968403
0.00843041
0.00998427
0.000183689
0.000333482
0.000307733
0.000308632
0.000335382
0.00827374
0.00661562
0.0068988
0.0098791
0.00875622
0.00990979
0.00860514
0.000132989
0.000135446
0.00589185
0.000179306
0.00435374
0.00510505
0.00953979
0.00700716
0.000181875
0.000308316
0.000339806
0.00031143
0.000336387
0.00397282
0.00998545
0.000195604
0.00316164
0.00440814
0.00999172
0.000195645
0.000138709
0.000139459
0.00842337
0.00676485
0.0063312
0.00987431
0.0100088
0.00992154
0.0100026
0.000332168
0.000305387
0.000307732
0.000335207
0.0062508
0.000187813
0.00477198
0.00379366
0.00334486
0.00974799
0.000196902
0.000135455
0.000138949
0.000190532
0.000189517
0.00984666
0.00999495
0.00986683
0.00999234
0.00983519
0.010011
0.00987891
0.000145956
0.000144087
0.000315883
0.00033916
0.000317529
0.000338875
0.00715936
0.000189152
0.00479287
0.0046566
0.00847896
0.00737891
0.000191484
0.00648546
0.00902483
0.00973955
0.00983104
0.0100101
0.00817742
0.00988783
0.00014387
0.000144993
0.000336714
0.000312319
0.000312749
0.000336334
0.004278
0.00999106
0.000198494
0.00334848
0.00444869
0.00930957
0.000198498
0.000317509
0.000340182
0.000319133
0.000338669
0.000141304
0.000141263
0.0081339
0.00669956
0.00540151
0.00876349
0.00996366
0.010001
0.0097657
0.00547587
0.00019002
0.00584058
0.00405198
0.00362499
0.00787611
0.000199792
0.000333994
0.00031437
0.000316103
0.000336356
0.000137879
0.000141208
0.000211822
0.0884061
0.0887494
0.0227186
0.0362976
0.16347
0.131847
0.131757
0.0173269
0.0615504
0.0237686
0.0124753
0.0544749
0.0238191
0.0486307
0.182679
0.0185454
0.194488
0.0588763
0.0272896
0.0263858
0.0589593
0.21011
0.199629
0.0592196
0.0350517
0.0825559
0.0657508
0.143292
0.0253706
0.124784
0.0691826
0.00822648
0.058202
0.0218402
0.0445867
0.0628829
0.00706368
0.194341
0.0592401
0.0253081
0.0237758
0.0419676
0.20354
0.0489801
0.188364
0.00812077
0.0238322
0.00769768
0.0164575
0.0481372
0.0414101
0.0894994
0.0147101
0.0356932
0.0846647
0.064222
0.0668719
0.0134389
0.0314546
0.139201
0.105988
0.113381
0.0119802
0.0702069
0.0230649
0.0366872
0.080538
0.0686111
0.18629
0.0285207
0.120076
0.0806897
0.0107685
0.0686815
0.0268717
0.0584049
0.0954011
0.0140578
0.240014
0.0673991
0.0310969
0.0302163
0.0556017
0.262616
0.247206
0.0547414
0.0223229
0.0605285
0.0497101
0.138754
0.0227441
0.112817
0.0650677
0.011152
0.0507428
0.0205327
0.00729548
0.0308933
0.0118686
0.0249541
0.162709
0.0119929
0.148297
0.0277221
0.0103367
0.0113044
0.024419
0.115897
0.130706
0.0223928
0.0634254
0.0169193
0.0300665
0.0643619
0.290965
0.293252
0.0293604
0.0634095
0.0328541
0.0317762
0.0625196
0.280953
0.0592536
0.289386
0.0184389
0.109298
0.0414934
0.0353955
0.0776691
0.0622965
0.240866
0.0403506
0.114294
0.22047
0.0164063
0.00312705
0.00632249
0.0132399
0.0676346
0.0762656
0.00495705
0.0192377
0.00899921
0.00768977
0.0165927
0.102612
0.0197235
0.089603
0.00493032
0.00897308
0.00942194
0.0461779
0.00352496
0.0125877
0.0447537
0.00315242
0.01634
0.00508623
0.0856345
0.0883134
0.0274498
0.060982
0.27359
0.240085
0.24328
0.0465463
0.0853532
0.0715807
0.33279
0.0510449
0.235199
0.145839
0.0296437
0.123784
0.0531744
0.00719255
0.0157602
0.0133112
0.0648968
0.162909
0.0623918
0.0326465
0.00138377
0.000521935
0.00234665
0.0331531
0.00666066
0.0177809
0.00735098
0.00137627
0.00420215
0.00335634
0.0275878
0.00123776
0.00328014
0.0321869
0.00189581
0.000418866
0.00069101
0.00137396
0.0139591
0.0222284
0.000628916
0.00180618
0.000580161
0.000655352
0.00133389
0.00956015
0.00122887
0.0176742
0.000630949
0.00250114
0.000986638
0.00755045
0.00569357
0.00154068
0.00268934
0.0395148
0.037372
0.0341471
0.518521
0.629555
0.498762
0.566434
0.671269
0.727375
0.693463
0.1064
0.115494
0.0326035
0.0320087
0.160386
0.113656
0.124904
0.128866
0.282881
0.176921
0.185553
0.233067
0.142109
0.282572
0.0762116
0.117219
0.0860887
0.0768389
0.111654
0.0846865
0.108448
0.0496092
0.0524967
0.0116809
0.0155382
0.0971332
0.0672945
0.0735152
0.177639
0.283041
0.241536
0.241973
0.23769
0.188696
0.2847
0.0751309
0.198424
0.138516
0.142534
0.142087
0.100061
0.16225
0.397819
0.324931
0.358298
0.322066
0.348145
0.291828
0.377022
0.133675
0.0742764
0.0975074
0.11499
0.0998684
0.0701797
0.164713
0.274184
0.293185
0.066646
0.0623113
0.309594
0.256469
0.266643
0.438184
0.371668
0.430657
0.38701
0.361668
0.318805
0.396636
0.131809
0.0641111
0.0670153
0.0595735
0.0874902
0.0575645
0.103109
0.0587941
0.056452
0.00553833
0.00506707
0.0696924
0.0589798
0.0547406
0.0581598
0.21118
0.17339
0.355026
0.0538839
0.344789
0.141752
0.106126
0.106762
0.119264
0.211852
0.063868
0.106389
0.164765
0.573094
0.873787
0.804167
0.490912
0.850551
0.498833
0.581066
0.080847
0.299153
0.282646
0.371122
0.254414
0.0857934
0.415306
0.53967
0.851914
0.605921
0.687249
0.572143
0.792493
0.573958
0.07641
0.291099
0.19012
0.21226
0.0894724
0.183625
0.127458
0.789146
0.851662
0.957802
0.885517
0.957103
0.593106
0.947652
0.539326
0.750485
0.880351
0.905059
0.599583
0.555027
0.918335
0.0134448
0.0157898
0.00484781
0.00189308
0.00881126
0.00422193
0.0213774
0.000950906
0.0159038
0.00691972
0.00241358
0.0233549
0.0123048
0.00498373
0.00249805
0.0138815
0.00884339
0.0549725
0.0221065
0.0192018
0.56479
0.654608
0.751569
0.688921
0.749164
0.846286
0.845595
0.299396
0.266569
0.158117
0.262596
0.240907
0.307136
0.321645
0.309798
0.386013
0.303762
0.396323
0.291919
0.358119
0.37235
0.0763967
0.0523942
0.0259868
0.110404
0.0857887
0.0957658
0.0679535
0.0876112
0.111704
0.053598
0.118782
0.12753
0.0562371
0.0885013
0.0840435
0.0886953
0.0985226
0.112902
0.107038
0.0950885
0.103246
0.055402
0.0158232
0.00739851
0.0364425
0.0393456
0.0275661
0.0511802
0.0777584
0.210045
0.213364
0.087389
0.217879
0.0844648
0.0762156
0.0676698
0.187622
0.211559
0.0716189
0.0641052
0.214868
0.0648021
0.62735
0.618791
0.662518
0.717461
0.723527
0.760866
0.644796
0.686722
0.669906
0.795375
0.713268
0.738357
0.761401
0.756603
0.272937
0.26298
0.226919
0.268836
0.248094
0.428588
0.354138
0.231672
0.667773
0.783465
0.239028
0.351363
0.433271
0.495509
0.673791
0.687038
0.683453
0.707063
0.673659
0.681703
0.688407
0.671628
0.548166
0.67113
0.447923
0.680088
0.462033
0.655236
0.547596
0.572775
0.49911
0.399758
0.462712
0.561434
0.47598
0.657854
0.268358
0.0813067
0.379704
0.366269
0.294731
0.642232
0.0114872
0.0900741
0.0436262
0.183328
0.0510209
0.0927762
0.0139228
0.00560468
0.0056425
0.0374185
0.00937064
0.000450644
0.000435998
8.82289e-05
7.99196e-05
0.0012989
0.000598321
0.000595276
0.000435324
0.000450836
8.84003e-05
7.99251e-05
0.00127726
0.000595738
0.000594123
0.00959049
0.0717609
0.0371099
0.0316842
0.00815975
0.040437
0.0418497
0.00426013
0.0080504
0.00548561
0.0120209
0.00284819
0.0176755
0.00355685
0.0207365
0.00277577
0.0153388
0.0047078
0.00283919
0.0185326
0.0153351
0.00541784
0.00255742
0.0121501
0.00398081
0.0711425
0.0178007
0.0379915
0.140732
0.0333611
0.159126
0.117743
0.106972
0.196985
0.0406902
0.407409
0.359413
0.0539786
0.117728
0.086938
0.0315348
0.100613
0.148351
0.0537091
0.115872
0.148226
0.0295676
0.0131125
0.00390805
0.021869
0.0102002
0.02538
0.061403
0.215756
0.222881
0.119175
0.408345
0.366058
0.126919
0.23879
0.00405013
0.00107933
0.00161571
0.045371
0.0429431
0.0364423
0.0724379
0.0439844
0.0388616
0.126022
0.0740611
0.0922611
0.0759976
0.123393
0.102267
0.0814687
0.0636891
0.0273404
0.0243583
0.0181635
0.038199
0.0263136
0.0168438
0.0383931
0.0423708
0.0132466
0.00201382
0.169286
0.011026
0.0737394
0.0227085
0.302182
0.296156
0.220151
0.35138
0.357916
0.30549
0.238221
0.00429493
0.0444432
0.0504832
0.0631532
0.0339524
0.0273822
0.00929477
0.0126958
0.00330842
0.00696789
0.00767921
0.213098
0.0518847
0.0782035
0.322257
0.0691289
0.39096
0.19734
0.366756
0.242067
0.0870052
0.438082
0.481832
0.157477
0.296902
0.142279
0.124783
0.0977298
0.274864
0.0682634
0.170548
0.283365
0.153995
0.0440088
0.0115661
0.0402493
0.04539
0.051254
0.125884
0.0425123
0.081123
0.03897
0.0705979
0.0390314
0.119752
0.0336829
0.0490694
0.121131
0.203069
0.0580593
0.0596586
0.166518
0.0408974
0.288616
0.222267
0.122324
0.372521
0.347459
0.131655
0.251053
0.0434987
0.01288
0.0121808
0.0116244
0.044729
0.00656085
0.0225092
0.00956316
0.0574432
0.0077357
0.0140485
0.0239029
0.0523349
0.010294
0.0591926
0.00683891
0.0172518
0.202312
0.160925
0.124233
0.202667
0.212787
0.170622
0.148564
0.148461
0.041591
0.0441023
0.327455
0.293363
0.468895
0.286715
0.437478
0.2698
0.367012
0.433204
0.484625
0.598552
0.402453
0.570104
0.502233
0.357212
0.308768
0.289678
0.372226
0.299934
0.324406
0.377943
0.278174
0.249139
0.166302
0.0563979
0.167179
0.14397
0.230587
0.210359
0.670392
0.616221
0.676934
0.629844
0.641432
0.694001
0.619329
0.0123759
0.0279721
0.041732
0.0115578
0.0560714
0.00799196
0.015511
0.016692
0.0347615
0.0722519
0.0138777
0.0660937
0.0190673
0.0266418
0.0541887
0.0364459
0.0533673
0.0298345
0.0704543
0.0293742
0.0451765
0.0777573
0.0708776
0.0650989
0.0455778
0.137704
0.096551
0.0586255
0.0463215
0.0405197
0.0746258
0.0299056
0.0587402
0.055171
0.0257541
0.0368298
0.0141896
0.00617972
0.0232947
0.036229
0.0240388
0.0349776
0.015628
0.00676274
0.00743663
0.441862
0.399287
0.424346
0.367444
0.458707
0.442784
0.397744
0.0776078
0.371501
0.389181
0.214325
0.276971
0.301028
0.0913846
0.0454755
0.0700802
0.0432855
0.0789222
0.508419
0.0856611
0.100879
0.218739
0.568404
0.761917
0.243397
0.669583
0.176401
0.26193
0.235609
0.714223
0.556117
0.264634
0.637454
0.266154
0.233413
0.582208
0.692688
0.668023
0.56718
0.653084
0.584429
0.580589
0.0854164
0.0919568
0.143398
0.306787
0.110967
0.100247
0.133001
0.0632779
0.119467
0.0906708
0.123664
0.111386
0.13253
0.143107
0.141755
0.0873119
0.123073
0.0733559
0.109394
0.116655
0.0891626
0.0629816
0.180751
0.01095
0.189021
0.0788579
0.0542998
0.139964
0.164333
0.410416
0.499637
0.152673
0.415149
0.123259
0.220449
0.199913
0.58415
0.464383
0.259228
0.442465
0.222758
0.240023
0.0433816
0.00664628
0.00862363
0.378906
0.503898
0.394148
0.461856
0.399688
0.300519
0.470635
0.00440326
0.00492522
0.00333252
0.00426253
0.0078573
0.00605702
0.00586768
0.00742232
0.00856446
0.00464578
0.00819051
0.00448875
0.00987254
0.00983138
0.00381339
0.00790854
0.0062722
0.00494021
0.004288
0.00988699
0.00988515
0.00375344
0.00771071
0.00424898
0.00767221
0.00352711
0.00587325
0.00678087
0.00334834
0.00504885
0.00349128
0.00305049
0.00269473
0.0045684
0.00373675
0.00377973
0.00529127
0.00459359
0.00640195
0.00422546
0.00788738
0.0070972
0.00374498
0.00792133
0.00624795
0.00480793
0.004393
0.00988389
0.00988481
0.0047691
0.00443478
0.00340328
0.00723246
0.00427435
0.00585993
0.00573901
0.00780977
0.00867294
0.00476747
0.0086983
0.00449571
0.00987074
0.00982924
0.00370188
0.00521743
0.00467364
0.00629982
0.00414781
0.00785584
0.00707356
0.00370708
0.00768646
0.00440254
0.00779201
0.00357923
0.00627914
0.00718725
0.00480802
0.00317424
0.00354569
0.00267371
0.00298766
0.00431532
0.00372675
0.0295244
0.0258272
0.0339959
0.0354931
0.0217274
0.0336154
0.0244937
0.0373955
0.0218935
0.0603406
0.0240643
0.0209983
0.135078
0.0299009
0.0411052
0.165238
0.167047
0.0347119
0.0138003
0.138302
0.0305934
0.0422521
0.154822
0.0181743
0.164517
0.0793895
0.0540464
0.060312
0.191776
0.189264
0.179641
0.236614
0.0672513
0.0565299
0.0592889
0.207618
0.242177
0.157117
0.307464
0.0960876
0.065169
0.111608
0.122654
0.0197165
0.0997932
0.0570156
0.0515465
0.0495998
0.288927
0.205888
0.0528244
0.222471
0.265823
0.0519309
0.303714
0.0544681
0.238934
0.0517656
0.233155
0.313397
0.00729811
0.0530935
0.00246017
0.0116328
0.131961
0.0233518
0.112264
0.000907711
0.0418951
0.00197536
0.00547168
0.0114108
0.000957217
0.13205
0.00194482
0.00913418
0.00364176
0.0565858
0.0476149
0.25464
0.160278
0.0507446
0.225573
0.243894
0.0574356
0.253951
0.053461
0.237459
0.297734
0.0545723
0.229227
0.0503419
0.0451874
0.0446143
0.0918314
0.0865103
0.0610411
0.167239
0.0535996
0.0476245
0.0523825
0.131181
0.164845
0.125659
0.218917
0.0378983
0.0193703
0.0512228
0.0513489
0.00669157
0.0174723
0.0416589
0.00888545
0.00989691
0.0124119
0.0180929
0.011209
0.0262002
0.0141089
0.0307069
0.0261715
0.0772637
0.0264356
0.0591786
0.0484985
0.0544007
0.168026
0.193051
0.112235
0.242891
0.0696684
0.0548445
0.062299
0.269504
0.247954
0.172448
0.339642
0.109697
0.0906575
0.162794
0.162334
0.0333474
0.116257
0.10161
0.0520182
0.250369
0.0557124
0.0574987
0.261043
0.246497
0.0555055
0.0195497
0.246394
0.0556793
0.0576291
0.0820738
0.0166542
0.240302
0.0530851
0.0635237
0.319987
0.202752
0.0543159
0.278122
0.28537
0.0619779
0.335079
0.0521848
0.318283
0.0548376
0.302479
0.335136
0.0563621
0.0440402
0.0487592
0.198979
0.187911
0.16835
0.244515
0.0569756
0.0495016
0.05015
0.188896
0.178111
0.146767
0.250869
0.0560672
0.0368457
0.0700428
0.0997216
0.0159821
0.0777713
0.0533433
0.0147711
0.0378014
0.0147605
0.0403525
0.0341175
0.264276
0.180733
0.0387937
0.258865
0.192099
0.0306359
0.219248
0.0327698
0.141052
0.0343939
0.159618
0.196818
0.0195306
0.146871
0.0199976
0.0220966
0.136503
0.150135
0.0208197
0.00940359
0.146086
0.0196512
0.0217121
0.138824
0.00991819
0.152736
0.0590138
0.272652
0.060055
0.0640474
0.270517
0.0603863
0.281051
0.278608
0.0293526
0.0614963
0.0673036
0.288226
0.290505
0.0316569
0.0585742
0.0551914
0.304799
0.313604
0.0551184
0.320236
0.293579
0.0601
0.315262
0.0556871
0.324623
0.326008
0.0548031
0.323728
0.042636
0.120387
0.0463561
0.0584237
0.069563
0.0615842
0.266246
0.308961
0.285115
0.306081
0.062422
0.0696979
0.0668539
0.284834
0.303901
0.263434
0.329527
0.243497
0.126684
0.276301
0.259525
0.0415952
0.124322
0.231698
0.017927
0.0178516
0.114875
0.0547445
0.0205442
0.0826342
0.0709725
0.0210872
0.135482
0.0278528
0.12255
0.0250918
0.172794
0.0980047
0.0181419
0.112529
0.0161373
0.0161385
0.129511
0.0187272
0.108845
0.111714
0.00530033
0.0133967
0.0130978
0.0708717
0.106866
0.00502032
0.0144149
0.0130155
0.0120295
0.0484136
0.0658799
0.0908813
0.0567546
0.0116004
0.00820612
0.0114135
0.0570201
0.0471131
0.0408298
0.0834838
0.0599627
0.018204
0.0726945
0.0866378
0.00565299
0.0195418
0.0586082
0.0066271
0.0167903
0.00570881
0.0594336
0.0561833
0.0702036
0.0646881
0.0250154
0.0547715
0.0293774
0.061948
0.0473428
0.08251
0.0735828
0.283621
0.287486
0.264105
0.244101
0.0577088
0.0747489
0.063352
0.304725
0.31112
0.27818
0.30203
0.290489
0.196406
0.422104
0.374899
0.0555648
0.261327
0.177838
0.0183943
0.00247576
0.0128013
0.156612
0.00314464
0.127096
0.0415231
0.00181505
0.0118956
0.00480143
0.0112711
0.00291723
0.0165281
0.0145651
0.0724558
0.166647
0.0605344
0.103605
0.10643
0.133518
0.0863177
0.0248633
0.0492636
0.0476565
0.218456
0.0532877
0.14136
0.109554
0.221634
0.135969
0.0437239
0.00467244
0.00300157
0.0464908
0.0252191
0.00606779
0.0376285
0.0270607
0.00314295
0.0542426
0.00625298
0.0320853
0.00599146
0.0415377
0.0365878
0.00408407
0.00314638
0.00389157
0.0314326
0.0342382
0.044664
0.0170387
0.00797655
0.00483468
0.00502645
0.0263156
0.0385337
0.034611
0.0418335
0.0485384
0.00943013
0.0490884
0.0532879
0.00290278
0.0080479
0.0484325
0.0630446
0.027809
0.026842
0.00441588
0.0226771
0.0160486
0.0366518
0.0396247
0.00252334
0.0076046
0.0043583
0.0484093
0.0525346
0.00218813
0.00370003
0.00851011
0.00369476
0.00571005
0.00539591
0.00466663
0.00413176
0.00196538
0.00336199
0.00116417
0.00195334
0.000223435
0.000510899
0.000188702
0.000162002
0.00106628
0.000865697
0.000176071
5.16828e-05
0.000453496
8.30345e-05
0.00013838
0.000722277
5.98172e-05
0.000922309
0.0022792
0.0025782
0.00229248
0.00252104
0.00362444
0.00300304
0.00187246
0.000223224
0.000475407
0.000182281
0.000161936
0.00101649
0.000177465
0.000840496
5.04912e-05
0.000439024
8.12291e-05
0.00013907
0.00103202
6.13324e-05
0.000931299
0.00240695
0.00302434
0.00232533
0.00228121
0.00302315
0.00320467
0.001842
0.00021281
0.000486275
0.00017996
0.000144348
0.00103812
0.000915713
0.00016597
0.000469812
5.97009e-05
7.50627e-05
0.000395864
0.000896583
0.000215489
0.000477104
0.000184199
0.000148675
0.000953019
0.000852164
0.000169483
0.000468553
5.94864e-05
7.58499e-05
0.000396734
0.000981927
0.000214387
0.000489326
0.000179001
0.000144305
0.00106109
0.000162775
0.000934296
0.000472182
5.96954e-05
7.50996e-05
0.00039545
0.0008893
0.00239383
0.0029856
0.00228034
0.0023162
0.00299347
0.00183866
0.00321399
0.000222804
0.000478536
0.000183684
0.000149135
0.000981412
0.000170283
0.00087165
0.000468884
5.93986e-05
7.58023e-05
0.000396893
0.000979666
0.00230508
0.00265326
0.00259782
0.00231391
0.00367896
0.00189534
0.00294503
0.00022367
0.000509177
0.000189178
0.000162388
0.00106843
0.000865162
0.00017648
0.000454228
5.17219e-05
8.28467e-05
0.000138601
0.000727836
0.000925191
5.99167e-05
0.000223415
0.000476041
0.000182635
0.000162412
0.0010183
0.000177947
0.000841417
0.000439756
5.05963e-05
8.13561e-05
0.000139417
0.00103345
0.000931066
6.14196e-05
0.00540846
0.00783763
0.00896018
0.00502549
0.00540161
0.00565662
0.0100268
0.000658462
0.00157358
0.000889604
0.000891588
0.00226829
0.00148583
0.000828767
0.000633878
0.00200338
0.00100839
0.00110005
0.00434739
0.00162389
0.000899774
0.00199078
0.000633258
0.000994514
0.00109507
0.00418324
0.00161591
0.000892814
0.00158367
0.000656279
0.000895791
0.000890765
0.00222206
0.00148412
0.000825999
0.00262636
0.00415367
0.00280315
0.00239782
0.00259192
0.00186825
0.00213132
0.0083042
0.00533038
0.00943219
0.00529139
0.00518938
0.00558422
0.0100288
0.00410839
0.00259092
0.00269123
0.00256381
0.00244326
0.00185781
0.00211732
0.000112222
0.000111121
0.000112688
9.77406e-05
7.30407e-05
0.000410562
0.000108171
0.00395608
0.00220423
0.00277446
0.00220851
0.00203636
0.00206351
0.00200765
0.00078985
0.00591022
0.00166108
0.00161393
0.00244131
0.00133533
0.00129988
6.46708e-05
0.000271566
8.03923e-05
0.00209053
0.00271072
0.0024275
0.00221282
0.0020319
0.00198012
0.00234695
0.000700291
0.00128982
0.0017951
0.00114871
0.00190993
0.00187175
0.00138144
7.29301e-05
0.000237866
8.1453e-05
0.00186349
0.00244333
0.00206788
0.0015898
0.00302693
0.0014024
0.00166098
0.00199627
0.00101744
0.00141478
0.00102907
0.00184099
0.00138478
0.00196775
6.28665e-05
0.000227282
8.00852e-05
0.00215353
0.00245422
0.00185606
0.0015643
0.00254659
0.00143422
0.00156277
0.00157718
0.000895378
0.00173516
0.00105281
0.00207719
0.00179223
0.00200142
0.00179636
0.00244715
0.00206439
0.00157816
0.00302257
0.00165739
0.00139521
0.00101558
0.00201838
0.00141892
0.00102777
0.00185974
0.00200621
0.00138788
7.29151e-05
0.000237882
8.13795e-05
0.00206239
0.0024825
0.00185848
0.00158496
0.00256791
0.00157206
0.00143519
0.000887726
0.00156328
0.00173829
0.00104838
0.00205995
0.00198836
0.00179113
6.29332e-05
0.000227359
8.00689e-05
0.000113319
9.76018e-05
0.000111649
0.000111805
0.00390659
0.00220673
0.00272311
0.00220403
0.00202798
0.00207299
0.00199519
0.006071
0.00078851
0.00165601
0.00161578
0.00249891
0.00128785
0.00134917
7.31807e-05
0.000412031
0.000108559
0.00213794
0.00270216
0.00242254
0.00220553
0.00206512
0.00196492
0.00233457
0.00129285
0.000698282
0.00177115
0.00114425
0.00188501
0.0013904
0.00183667
6.46946e-05
0.000271994
8.05555e-05
)
;

boundaryField
{
    outlet
    {
        type            calculated;
        value           nonuniform List<scalar> 
248
(
0.00206241
0.00281112
0.00430023
0.00272366
0.00980504
0.000541971
0.00999069
0.00998888
0.0043809
0.0011773
0.00311264
0.000174772
0.000536952
0.00118089
0.00408385
0.0031279
0.000521846
0.000175
0.00139369
0.00345223
0.00441536
0.00347542
0.00138487
0.000542708
0.000535603
0.00404596
0.000523299
0.00032174
0.000613972
0.000607518
0.000188243
0.00984806
0.00998871
0.0100204
0.00264084
0.00998874
0.00890313
0.000174083
0.00294157
0.00058301
0.000584583
0.00043903
0.0100183
0.00203876
0.00430197
0.00280587
0.00271852
0.0098534
0.00926304
0.00979678
0.00258659
0.00391718
0.000284765
0.000824501
0.000617598
0.0006376
0.000284428
0.00407629
0.000822689
0.000189751
0.000164337
0.00240464
0.000573709
0.000297676
0.00233863
0.000917923
0.000575851
0.000439229
0.000181609
0.000594938
0.00041448
0.000188136
0.00236504
0.000297813
0.000914594
0.000596747
0.000415269
0.00293045
0.000174161
0.000583901
0.000181551
0.000322235
0.000617249
0.000638876
0.0023883
0.000164495
0.000573105
0.000613713
0.000610383
0.000190206
0.00195841
0.00337177
0.000786917
0.00347127
0.00299888
0.000665516
0.000604424
0.000556483
0.0037444
0.00386536
0.000707211
0.00298473
0.0035563
0.00066773
0.00282932
0.00203844
0.000804818
0.00335688
0.00205573
0.000786031
0.0018697
0.00282735
0.00080494
0.000554329
0.000606172
0.00377843
0.00374142
0.000710011
0.00022427
0.000456484
0.000188033
0.000456716
0.000216526
0.000454933
0.000194403
0.000547642
0.000225543
0.000491999
0.000195467
0.000482527
0.000216589
0.00045404
0.000196405
0.000543388
0.000219436
0.000447991
0.000201312
0.00054931
0.000225935
0.000448243
0.000200206
0.000550876
0.000225655
0.000490679
0.000195949
0.000482755
0.000224297
0.000457157
0.000188368
0.000457303
0.00446895
0.00435312
0.00754259
0.00374159
0.00474973
0.00390398
0.00373725
0.00804872
0.00465286
0.00218366
0.000605382
0.000946991
0.000606601
0.00215245
0.000941934
0.00056957
0.00257715
0.000958018
0.00256846
0.000569752
0.000947779
8.89167e-05
0.00827792
0.00535936
0.00477917
0.00380867
0.0080045
0.00454057
0.00388473
0.0067198
0.00527846
0.00366889
0.00536951
0.00461962
0.00425882
0.0044937
0.00718019
0.0086461
0.00553451
0.00483928
0.00359577
0.00549419
0.00456303
0.00372318
0.00497615
0.00398861
0.00644296
0.0036617
0.00500688
8.90473e-05
0.00200464
0.00176686
0.00240384
0.000860395
0.00157092
0.00205288
0.00192534
0.00225366
0.00207691
0.00159161
0.00077233
0.00220814
0.0028989
0.00282824
0.00204067
0.000882009
0.00592838
0.00264349
0.00189257
0.002255
0.00204383
0.000774427
0.00159725
0.00223848
0.00184799
0.00216719
0.00311247
0.00201571
0.000926936
0.0018641
0.0020905
0.00175904
0.00237989
0.00157515
0.000866928
0.00206493
0.00176339
0.00216625
0.00312125
0.000924986
0.00202614
0.00188336
0.00288386
0.00277179
0.002034
0.0060845
0.000879403
0.00270944
)
;
    }
    inlet
    {
        type            calculated;
        value           nonuniform List<scalar> 
92
(
2.66328e-05
2.40411e-06
7.28618e-06
1.14753e-06
4.02344e-05
4.04504e-05
2.63769e-05
4.68072e-05
4.66942e-05
1.60631e-05
8.23851e-06
9.89829e-06
9.85724e-06
4.79553e-05
7.37892e-05
6.7876e-06
3.05818e-06
4.03747e-06
4.59133e-05
2.13017e-05
2.26123e-05
2.71233e-06
9.05339e-07
1.3756e-06
1.41228e-06
6.74863e-07
1.29249e-05
1.28087e-05
7.42067e-06
2.13959e-06
2.9853e-06
1.07815e-06
1.89916e-06
1.94816e-06
2.42272e-06
1.31938e-06
2.00007e-06
1.98647e-06
2.6863e-05
2.04995e-05
3.04344e-05
2.60884e-06
3.25532e-05
1.90633e-06
2.06935e-06
1.86194e-06
5.31543e-05
1.06454e-05
5.42925e-05
1.32932e-05
2.19735e-05
3.18606e-05
5.30354e-05
5.06052e-05
2.91242e-05
7.08069e-05
1.84887e-05
3.3262e-06
2.95112e-06
8.17817e-06
1.74493e-06
6.10633e-06
6.89101e-06
5.43062e-06
2.27292e-05
2.76139e-05
5.39018e-05
6.42105e-05
3.07714e-05
1.52304e-06
3.67431e-06
2.44187e-06
6.25336e-05
2.81872e-05
1.57843e-05
1.23006e-05
2.28922e-05
2.66109e-06
1.65359e-06
4.89144e-07
4.01247e-06
2.88109e-06
7.65214e-06
1.98607e-06
1.49098e-06
3.03411e-06
2.17264e-06
2.84891e-06
1.51343e-06
7.44511e-07
7.26239e-07
1.11755e-06
)
;
    }
    wall
    {
        type            nutkWallFunction;
        blending        stepwise;
        value           nonuniform List<scalar> 
8028
(
0.000245484
0.000245445
0.000192179
0.000215352
0.000209167
0.000192072
0.000216409
0.000209242
0.000209219
0.000209186
0.000192126
0.000216482
0.00019222
0.000215382
0.000208807
0.00021314
0.000204217
0.000192782
0.000191988
0.000208766
0.000192008
0.000204244
0.000212938
0.000192867
0.0920946
0.013512
0.00149477
0.000703898
0.000646458
0.000650729
0.000632014
0.00055876
0.000465637
0.000430002
0.000425859
0.000426002
0.000426357
0.000426535
0.000426753
0.000427292
0.000427983
0.000428574
0.000428893
0.000429025
0.000429303
0.000429851
0.000430182
0.000430405
0.000430834
0.000431134
0.000431265
0.000431411
0.000431655
0.000432047
0.000432506
0.000432846
0.000433211
0.000433484
0.000433592
0.000434051
0.000434313
0.00043445
0.000434544
0.00043458
0.000434392
0.000434418
0.000434677
0.000434918
0.000435243
0.000436246
0.000439374
0.000438738
0.00204852
0.00204852
0.00204852
0.00589296
0.0043287
0.0043287
0.0043287
0.0116344
0.00271802
0.00232574
0.0196249
0.0155773
0.0343798
0.0285335
0.0196301
0.0157707
0.0523936
0.0434179
0.022669
0.000446939
0.000438764
0.00057326
0.00057326
0.000447035
0.000573365
0.000573365
0.00408606
0.00408606
0.00408606
0.00166078
0.00472139
0.00472138
0.00472138
0.00803704
0.0140952
0.0140952
0.0140952
0.0197153
0.0123755
0.0135934
0.0135934
0.0135934
0.00887625
0.0507551
0.050755
0.0507551
0.0455182
0.00374343
0.0131716
0.032676
0.032676
0.032676
0.00735535
0.00540995
0.00514678
0.0176814
0.0267243
0.0233622
0.0241505
0.0149532
0.0449465
0.0630508
0.0576218
0.0612253
0.0276392
0.024449
0.0148284
0.0116843
0.0397011
0.0300654
0.00246913
0.0230476
0.0174742
0.0101198
0.00608116
0.0268959
0.0164157
0.000799966
0.0151006
0.00731315
0.00480182
0.00206842
0.0117112
0.000833297
0.000650314
0.00484706
0.00069468
0.00151586
0.00074993
0.000657705
0.000593781
0.000652242
0.000592627
0.000536849
0.000660987
0.000605143
0.00057414
0.00051931
0.000640855
0.000521568
0.000464418
0.00063384
0.000625667
0.000504518
0.000465576
0.000582631
0.00045517
0.000433466
0.000612708
0.000492125
0.000455513
0.000434211
0.000485095
0.000429201
0.00042246
0.000444393
0.000422922
0.000430784
0.000424884
0.000433775
0.000421892
0.000422765
0.000421967
0.000421625
0.000424028
0.000424131
0.000426194
0.000422996
0.000424498
0.000422046
0.000423845
0.000424046
0.00042522
0.000425969
0.000424729
0.000425809
0.000424181
0.000425772
0.00042523
0.00042626
0.000426336
0.000426035
0.000426798
0.000425911
0.000426553
0.000426341
0.000427109
0.000426629
0.000426598
0.000426858
0.000426549
0.000427015
0.000427141
0.000427521
0.000426817
0.000426637
0.00042704
0.000427032
0.000427546
0.000427502
0.000427875
0.000427331
0.00042688
0.000427439
0.000427599
0.000428139
0.000427867
0.000428223
0.000427941
0.00042746
0.000428265
0.000428187
0.00042871
0.000428215
0.000428632
0.000428606
0.000428341
0.000428752
0.000428632
0.000429018
0.000428613
0.000428722
0.000429001
0.000428702
0.000428941
0.000428846
0.000429233
0.000428636
0.000428636
0.000429228
0.000428843
0.000429103
0.000429044
0.000429613
0.000428644
0.000428975
0.00042947
0.000429104
0.000429666
0.000429483
0.000430116
0.000429052
0.000429486
0.000429922
0.0004297
0.000430127
0.000429941
0.000430275
0.000429438
0.00042967
0.000430313
0.000430047
0.000430351
0.000429992
0.000430382
0.000429524
0.000429898
0.000430544
0.000430258
0.000430731
0.0004302
0.000430957
0.000429938
0.000430502
0.00043093
0.000430537
0.000430978
0.000430873
0.000431207
0.000430654
0.000431091
0.00043122
0.000430644
0.000431121
0.000431134
0.000431208
0.000431183
0.000431526
0.000431343
0.000430821
0.00043151
0.000431177
0.000431462
0.000431472
0.000431835
0.000431556
0.000431386
0.000431894
0.00043145
0.000431876
0.00043172
0.000432057
0.000431864
0.000431725
0.000432009
0.000431815
0.000432166
0.000431883
0.000432227
0.00043218
0.000431907
0.000432398
0.000432168
0.000432526
0.000432123
0.000432722
0.000432607
0.000432348
0.00043283
0.000432544
0.000432922
0.00043262
0.000433152
0.000432937
0.000432784
0.000433222
0.000432896
0.000433291
0.000433097
0.000433521
0.000433294
0.000433142
0.000433506
0.000433249
0.00043347
0.000433396
0.000433665
0.000433616
0.000433389
0.000433735
0.000433327
0.000433636
0.000433432
0.000433832
0.000433692
0.00043356
0.000434019
0.000433643
0.000434064
0.000433709
0.000434213
0.000434041
0.000433963
0.000434292
0.00043402
0.00043429
0.000434085
0.000434507
0.000434387
0.000434196
0.000434354
0.000434223
0.000434484
0.000434434
0.000434687
0.000434515
0.000434264
0.000434391
0.000434444
0.00043459
0.000434622
0.000434742
0.000434629
0.000434358
0.000434501
0.00043451
0.000434572
0.000434677
0.000434794
0.000434699
0.000434359
0.000434403
0.000434494
0.000434463
0.000434679
0.000434666
0.000434488
0.000434239
0.000434364
0.000434417
0.000434479
0.000434509
0.000434521
0.000434452
0.000434182
0.000434542
0.000434428
0.000434752
0.000434463
0.000434843
0.000434744
0.000434354
0.000434611
0.000434679
0.000434977
0.000434825
0.000435068
0.000434959
0.000434506
0.000434983
0.000434951
0.000435049
0.000434983
0.000435333
0.000435083
0.000435007
0.00043555
0.000435241
0.000435847
0.000435307
0.000435811
0.000435869
0.000435578
0.000436353
0.000436246
0.000438467
0.000435831
0.000436652
0.000438512
0.00043643
0.000439696
0.000439345
0.000440229
0.00043669
0.000439822
0.00044024
0.000318408
0.000540579
0.000308822
0.000420906
0.000424051
0.000533479
0.000428295
0.000446862
0.000444943
0.00971688
0.00936732
0.00754687
0.00208379
0.00217652
0.00488957
0.00934959
0.0118279
0.00650273
0.00869423
0.00935671
0.0128258
0.0213447
0.0103521
0.00394611
0.00335194
0.00335194
0.0055268
0.00843146
0.010597
0.0126996
0.0385522
0.00298865
0.00209811
0.00209811
0.00235925
0.00557279
0.00339668
0.00523478
0.00213659
0.0023508
0.0179787
0.0193922
0.00642518
0.00263742
0.00633094
0.00752725
0.00669245
0.0419667
0.020413
0.0450967
0.0305368
0.0293064
0.030713
0.0167196
0.0291918
0.014291
0.0261655
0.0140204
0.0175903
0.0173118
0.0164804
0.0428695
0.0227565
0.041743
0.00953598
0.0166868
0.00838877
0.0137476
0.0256864
0.0382275
0.0406661
0.0433419
0.0245918
0.0362432
0.0383221
0.0265045
0.0389976
0.0150469
0.0134224
0.0246959
0.0239895
0.0514493
0.047523
0.0513065
0.0925809
0.0442879
0.0780806
0.0609215
0.0839269
0.044242
0.0278184
0.0411494
0.0635357
0.032018
0.038212
0.000482277
0.000596244
0.000596244
0.000545488
0.000480456
0.000315925
0.000556276
0.000595656
0.000309301
0.000551638
0.000424844
0.000304662
0.000502943
0.000449683
0.000444883
0.000482636
0.000533236
0.000426058
0.000297913
0.000606795
0.000559599
0.000511476
0.000303522
0.00052919
0.000540536
0.000425662
0.000292618
0.000566183
0.000509458
0.000308885
0.000425168
0.000442958
0.000559345
0.000511628
0.000425994
0.000297938
0.000606786
0.00052909
0.000423752
0.000303425
0.000566503
0.00050936
0.000540688
0.000540688
0.000446816
0.000425789
0.000292606
0.000482264
0.000596094
0.000596094
0.000318468
0.000545501
0.000595644
0.000595644
0.000480494
0.000315921
0.000556318
0.000422597
0.000540589
0.000309359
0.000503179
0.000503179
0.000449906
0.000551647
0.000424969
0.000304704
0.000482746
0.00207888
0.00697863
0.00232403
0.00426223
0.00237878
0.00109138
0.00218895
0.00913303
0.00299262
0.00664114
0.00462332
0.0230318
0.01066
0.0196108
0.00392991
0.00871225
0.00918778
0.017128
0.0215267
0.0197894
0.00740025
0.00816625
0.0103712
0.0151825
0.023281
0.0209294
0.0118238
0.0112709
0.0383093
0.0408426
0.0363207
0.00839965
0.0116151
0.0165208
0.0170564
0.00726642
0.00659486
0.0292651
0.0247799
0.0212169
0.00121098
0.00627887
0.00798296
0.0101849
0.00303401
0.00243168
0.0133896
0.00809393
0.00338685
0.000675854
0.00126098
0.00221197
0.00241333
0.00100366
0.000812534
0.000727941
0.000630187
0.000617835
0.000650083
0.000422963
0.000875568
0.000345729
0.000593988
0.000579867
0.000634586
0.000573989
0.000552488
0.000649987
0.00035346
0.000685028
0.000333666
0.000577612
0.000595644
0.00058531
0.000492852
0.000476341
0.000620191
0.000312893
0.000548695
0.000308875
0.000569284
0.000546813
0.00054264
0.000441791
0.000432126
0.000533262
0.000296084
0.000524149
0.00029588
0.000428181
0.000412203
0.000522424
0.000415552
0.000412355
0.000450937
0.000294853
0.000518415
0.000293832
0.000404247
0.000403346
0.000515765
0.000408582
0.000408208
0.000427883
0.000297084
0.00051896
0.000294883
0.000404786
0.000405115
0.000514364
0.00040845
0.000408676
0.00042589
0.000298721
0.000519905
0.000296185
0.000406809
0.00040707
0.00051462
0.000409421
0.000409568
0.000426137
0.000299768
0.000520765
0.00029737
0.000408306
0.000408508
0.000515229
0.000410431
0.000410528
0.000426524
0.000300629
0.000521452
0.000298056
0.000409316
0.000409421
0.000515804
0.000411131
0.000411188
0.000426687
0.000301258
0.000522067
0.000298452
0.000410009
0.000410098
0.000515867
0.000411589
0.000411732
0.000427039
0.00030172
0.000522569
0.000298758
0.000410625
0.000410658
0.000516269
0.000412047
0.000412179
0.000427616
0.000302201
0.000523021
0.000299316
0.000410947
0.000410967
0.000516527
0.000412428
0.000412572
0.000428306
0.000302638
0.000523324
0.00029995
0.000411144
0.000411219
0.000516908
0.000412802
0.000412895
0.000428828
0.000303049
0.000523567
0.000300384
0.000411502
0.00041157
0.000517255
0.000413168
0.00041325
0.000429134
0.000303422
0.000523885
0.000300586
0.000411763
0.000411896
0.000517559
0.000413418
0.00041351
0.000429322
0.000303875
0.000524259
0.00030084
0.000412137
0.000412308
0.000517709
0.00041374
0.000413896
0.000429671
0.000304196
0.000524546
0.000301194
0.000412531
0.000412658
0.000517873
0.000414101
0.000414225
0.000430145
0.000304426
0.000524753
0.000301503
0.000412717
0.000412909
0.000518073
0.000414406
0.000414554
0.000430437
0.000304754
0.000524987
0.000301773
0.000412977
0.000413226
0.000518444
0.000414714
0.000414871
0.000430717
0.000305133
0.000525251
0.000302034
0.000413427
0.00041366
0.000519017
0.000415017
0.000415136
0.000431119
0.000305381
0.000525423
0.000302468
0.000413764
0.000413906
0.000519404
0.000415314
0.000415467
0.000431277
0.000305673
0.000525625
0.000302859
0.000413887
0.000414014
0.000519703
0.000415555
0.000415675
0.000431433
0.000305984
0.000525879
0.000303277
0.000414022
0.000414165
0.000519689
0.000415735
0.000415899
0.000431726
0.000306159
0.000526134
0.000303421
0.000414297
0.000414478
0.000519794
0.000416012
0.000416167
0.00043198
0.00030653
0.00052646
0.000303617
0.000414775
0.000414937
0.000520033
0.000416289
0.000416523
0.000432414
0.00030701
0.000526803
0.00030405
0.000415162
0.00041526
0.000520716
0.00041675
0.00041689
0.000432774
0.000307398
0.000527042
0.000304597
0.000415412
0.000415527
0.000521124
0.00041717
0.000417301
0.000433121
0.000307782
0.0005273
0.000304948
0.000415809
0.000415879
0.000520968
0.000417486
0.000417598
0.000433462
0.000308093
0.000527535
0.000305232
0.000416083
0.000416128
0.000521262
0.000417712
0.000417806
0.000433685
0.00030842
0.000527825
0.000305601
0.000416319
0.000416361
0.000521653
0.00041799
0.000418067
0.000433824
0.000308764
0.000528127
0.000305868
0.000416698
0.00041668
0.000521745
0.000418282
0.000418328
0.000434254
0.000308961
0.000528313
0.000306032
0.00041696
0.00041688
0.00052185
0.000418541
0.000418544
0.000434458
0.000309081
0.000528419
0.000306172
0.000417098
0.000417008
0.000521977
0.000418721
0.000418668
0.000434572
0.000309168
0.000528463
0.000306304
0.000417172
0.000417066
0.000522084
0.000418803
0.00041872
0.000434668
0.000309125
0.00052839
0.000306248
0.00041714
0.000417034
0.000522159
0.000418779
0.000418689
0.000434624
0.000309032
0.000528256
0.00030612
0.000417013
0.000416912
0.000521928
0.000418638
0.000418572
0.000434426
0.000309058
0.000528257
0.00030611
0.000416921
0.000416942
0.00052232
0.000418601
0.000418675
0.000434594
0.000309285
0.000528511
0.000306324
0.0004172
0.000417212
0.000522528
0.000418887
0.000418906
0.000434854
0.000309542
0.000528787
0.000306618
0.000417561
0.000417488
0.00052267
0.000419123
0.000419121
0.000435012
0.000309985
0.00052923
0.000307112
0.000417901
0.000417859
0.000523102
0.0004195
0.00041955
0.000435353
0.000310843
0.000529947
0.000307841
0.00041858
0.000418917
0.000523544
0.000420216
0.000420441
0.000436812
0.000312795
0.000529773
0.000308463
0.0004208
0.00042155
0.000523734
0.000421962
0.000422477
0.000440449
0.0267214
0.0256554
0.0264053
0.0143048
0.0248246
0.0124449
0.0216214
0.0115258
0.0130857
0.0140573
0.0141637
0.0126395
0.0382125
0.0201388
0.036706
0.00666847
0.0104109
0.00561615
0.00864492
0.0212635
0.0362892
0.019969
0.0272632
0.0292824
0.00642461
0.00336227
0.00500337
0.00248445
0.0031961
0.0024816
0.0362936
0.0331
0.0277296
0.0467015
0.0237676
0.0396636
0.0124249
0.0293521
0.0126442
0.0037806
0.00713472
0.0218253
0.00833978
0.00457092
0.0214519
0.0196005
0.0198482
0.0103569
0.0176268
0.00875784
0.0144355
0.00764201
0.00749949
0.00896348
0.00892956
0.00741053
0.0308377
0.0156785
0.0281732
0.00365824
0.00539228
0.00255932
0.0037061
0.0158227
0.0260211
0.0137999
0.0161166
0.0191488
0.00283585
0.0013745
0.00195503
0.000935548
0.00108258
0.000955057
0.0235346
0.0202348
0.0141526
0.0215919
0.0108996
0.0148744
0.00101768
0.00282407
0.000721213
0.000689748
0.000722261
0.00101792
0.000480437
0.000892496
0.0125524
0.0099263
0.0103357
0.00474952
0.00775969
0.00425278
0.00606312
0.00326487
0.00264085
0.00358114
0.00371252
0.0027964
0.017484
0.00807966
0.0134524
0.0012566
0.00181507
0.000919217
0.0013704
0.00670919
0.00871332
0.00396586
0.00102193
0.00360434
0.00105949
0.000543663
0.000915907
0.000625308
0.000646854
0.000484558
0.00665696
0.00242852
0.00123573
0.00102828
0.000501522
0.000791578
0.000626224
0.00079521
0.000444908
0.000619999
0.000617148
0.000797066
0.000444584
0.000654324
0.00276599
0.00131686
0.00223595
0.000747935
0.00142959
0.00125066
0.00156077
0.000892161
0.000808187
0.00102561
0.00112697
0.0008865
0.00325989
0.0011372
0.00132716
0.000508258
0.000860137
0.000463251
0.000806056
0.000394091
0.000676429
0.000380586
0.000535283
0.000549088
0.000762416
0.000421614
0.00073576
0.000607412
0.000606037
0.000413995
0.000632778
0.000613075
0.000429506
0.000771798
0.000423334
0.000763266
0.000621461
0.000795468
0.000445121
0.000619224
0.000618757
0.000790353
0.000442252
0.000650226
0.000562855
0.000550761
0.000782764
0.000400671
0.000738645
0.00046241
0.000804703
0.000427611
0.00060897
0.000605088
0.00061366
0.000594737
0.000602235
0.000343367
0.000593573
0.000404048
0.000716762
0.000396303
0.000711897
0.000356625
0.000623061
0.00034944
0.000482931
0.000493536
0.000700373
0.000401491
0.000688602
0.000598315
0.000601845
0.000392428
0.000554317
0.000535918
0.00039148
0.000714637
0.00037682
0.000688678
0.000611338
0.000769061
0.000432627
0.000595061
0.000602057
0.00075265
0.000424322
0.000645735
0.000498917
0.00048007
0.000630708
0.000339748
0.000596804
0.000395607
0.000639076
0.000378483
0.000572223
0.000599782
0.000647387
0.000642054
0.000567876
0.000329139
0.000560382
0.000424298
0.000748796
0.000421422
0.000744759
0.00032934
0.000573488
0.000322963
0.000439396
0.000448499
0.000675898
0.000388562
0.000690051
0.000568117
0.000583926
0.000393067
0.000490684
0.000478014
0.000336684
0.000608072
0.000328355
0.000587603
0.000566486
0.000684725
0.000391502
0.000526444
0.000545615
0.000655924
0.000376043
0.000603445
0.000446378
0.000439798
0.000543702
0.000307262
0.000535175
0.000323674
0.000547644
0.000316637
0.000428639
0.000463372
0.000586652
0.00055258
0.000534427
0.000304702
0.000529006
0.000388195
0.000690466
0.000367503
0.000651833
0.000306307
0.000535996
0.000302459
0.000413788
0.000418339
0.00064796
0.000360742
0.000614055
0.000475172
0.000497644
0.000343567
0.000446153
0.000439923
0.000313254
0.000550972
0.00030964
0.000543272
0.000482551
0.000586199
0.000334695
0.000446832
0.000462592
0.000571614
0.000324859
0.000508588
0.00042563
0.000423492
0.000520004
0.000294952
0.000518495
0.0002957
0.000521883
0.000293392
0.000405203
0.000409148
0.000432662
0.0004277
0.000518096
0.000294629
0.000516487
0.000303033
0.000535279
0.000294609
0.00052102
0.000295503
0.000520016
0.000294384
0.000406225
0.000407218
0.000541476
0.000313886
0.000531956
0.000416597
0.00042523
0.000313484
0.000427767
0.000425974
0.00030245
0.000528806
0.000301376
0.000526746
0.000425296
0.000541462
0.000306987
0.000414868
0.000419012
0.000536005
0.000303692
0.000440921
0.000422126
0.000422148
0.000517113
0.000295427
0.000517457
0.00029224
0.000518756
0.000293161
0.00040528
0.000404836
0.000421005
0.000421309
0.000514393
0.000293906
0.000514144
0.000292301
0.00051329
0.000292849
0.000513187
0.000293805
0.000515105
0.000293844
0.000406
0.0004059
0.000518155
0.000299094
0.000516553
0.000407633
0.000408289
0.000297043
0.000423963
0.000423643
0.000299442
0.000522391
0.000299155
0.000521827
0.000411428
0.000526325
0.000299541
0.000410328
0.000410606
0.000524908
0.000298885
0.000426692
0.000423645
0.000423913
0.000518475
0.00029747
0.000518737
0.000295945
0.000519244
0.000296586
0.000407841
0.000407254
0.000422801
0.000423165
0.000514176
0.000295108
0.000514201
0.000293993
0.000512816
0.000294364
0.000513015
0.000294958
0.000514281
0.00029515
0.00040711
0.000406878
0.000514215
0.000295586
0.000514041
0.000407274
0.000407038
0.000295547
0.000424617
0.000424597
0.000299155
0.000520847
0.000299171
0.000520738
0.000410021
0.000522185
0.000298792
0.000410083
0.000409898
0.000521731
0.00029882
0.000425833
0.000425187
0.000425408
0.000519748
0.000298922
0.000519863
0.000298577
0.000520051
0.000298869
0.000409544
0.000409176
0.000424935
0.000425228
0.000514814
0.000296445
0.00051486
0.000295571
0.000513791
0.000295844
0.000513978
0.000296255
0.000514687
0.000296467
0.000408264
0.000408015
0.000514039
0.000296162
0.000514102
0.000408057
0.000407746
0.000296268
0.000425721
0.000425785
0.000299754
0.000520871
0.000299833
0.000520861
0.00041031
0.000521292
0.000299663
0.000410598
0.000410338
0.000521177
0.00029982
0.00042617
0.000426406
0.000426461
0.000520644
0.000299902
0.000520698
0.000299919
0.000520815
0.000300034
0.000410442
0.000410247
0.000426342
0.00042635
0.000515413
0.00029753
0.000515401
0.000296866
0.000514844
0.00029702
0.00051491
0.000297351
0.000515299
0.000297521
0.000409119
0.000408967
0.000514495
0.000296896
0.000514597
0.000408568
0.000408363
0.000296915
0.000426678
0.000426777
0.000300406
0.000521272
0.000300458
0.000521302
0.000410876
0.000521494
0.000300476
0.000411086
0.000410756
0.000521448
0.000300564
0.000426496
0.000426866
0.000426595
0.000521401
0.000300709
0.000521438
0.000300768
0.000521448
0.000300842
0.000411053
0.000410962
0.000426836
0.000426839
0.000515609
0.000298116
0.000515686
0.000297748
0.000515566
0.000297874
0.000515603
0.000298116
0.000515625
0.000298115
0.000409455
0.000409514
0.000515307
0.000297664
0.000515392
0.000409086
0.000408876
0.00029774
0.000427343
0.000427309
0.000300891
0.000521822
0.000300913
0.000521841
0.000411246
0.000521866
0.000301064
0.000411472
0.000411106
0.000521814
0.000301125
0.000426599
0.00042693
0.000426754
0.000522063
0.00030125
0.000522059
0.000301415
0.000522011
0.000301451
0.000411543
0.000411482
0.000427322
0.000427351
0.000515881
0.000298435
0.000515835
0.000298557
0.000516348
0.000298677
0.000516344
0.000298404
0.00051579
0.000298415
0.000409721
0.00040975
0.000516049
0.000298527
0.000516119
0.00040965
0.000409417
0.000298573
0.00042766
0.000427655
0.000301421
0.000522435
0.000301448
0.000522393
0.000411773
0.000522317
0.000301599
0.000412093
0.00041177
0.000522255
0.00030164
0.000427008
0.00042718
0.000427092
0.000522624
0.000301729
0.000522598
0.000301954
0.000522516
0.000301995
0.00041202
0.00041196
0.000427901
0.000427956
0.000516006
0.000298764
0.000516011
0.000299248
0.000516891
0.000299289
0.000516823
0.000298893
0.000516193
0.000298916
0.000410194
0.000410226
0.000516495
0.000298966
0.000516485
0.00041004
0.000409888
0.000298915
0.000428028
0.000427996
0.000301896
0.000522908
0.000301928
0.000522794
0.000412348
0.000522686
0.000302052
0.000412567
0.000412266
0.000522611
0.000302061
0.000427608
0.000427822
0.000427945
0.00052313
0.00030219
0.000523058
0.000302471
0.000522946
0.000302498
0.000412424
0.000412428
0.000428492
0.000428486
0.000516586
0.000299398
0.000516692
0.000299624
0.000516953
0.000299623
0.000516875
0.000299376
0.000516392
0.000299389
0.000410688
0.000410665
0.000516874
0.000299306
0.000516856
0.00041046
0.000410262
0.00029926
0.000428401
0.000428402
0.000302382
0.000523234
0.000302387
0.000523096
0.000412797
0.000523072
0.000302511
0.000412988
0.000412714
0.000522992
0.000302503
0.000428334
0.000428576
0.000428571
0.000523458
0.000302649
0.000523349
0.000302893
0.000523206
0.000302882
0.000412767
0.000412714
0.000428958
0.000428793
0.000517204
0.000299983
0.000517172
0.000299963
0.000517174
0.000299959
0.000517069
0.000299906
0.000516828
0.000299925
0.000411176
0.000411158
0.000517121
0.000299695
0.000517061
0.000410913
0.000410683
0.000299631
0.000428704
0.000428637
0.000302783
0.000523461
0.000302793
0.000523338
0.000413135
0.000523391
0.000302883
0.000413259
0.000413045
0.000523291
0.000302846
0.000428753
0.000428863
0.000428788
0.000523716
0.000303013
0.000523567
0.000303252
0.000523465
0.000303208
0.000412965
0.000412932
0.000429182
0.000428997
0.00051752
0.000300319
0.000517317
0.000300282
0.000517418
0.000300225
0.000517334
0.000300338
0.000517222
0.000300314
0.000411479
0.000411503
0.000517349
0.000300067
0.000517221
0.000411255
0.000411033
0.000300034
0.000428623
0.000428545
0.00030314
0.000523663
0.000303117
0.000523536
0.000413387
0.000523653
0.000303159
0.000413523
0.000413322
0.000523553
0.00030313
0.000428986
0.000429013
0.000428924
0.000523856
0.000303427
0.000523714
0.000303517
0.000523787
0.000303486
0.000413277
0.000413169
0.000429438
0.00042926
0.000517624
0.000300525
0.00051754
0.000300618
0.000517734
0.000300586
0.000517613
0.000300621
0.000517373
0.000300558
0.000411749
0.000411732
0.000517619
0.000300454
0.000517546
0.000411693
0.000411396
0.000300448
0.000428741
0.000428783
0.000303468
0.0005239
0.000303473
0.000523765
0.000413677
0.000523965
0.000303438
0.000413852
0.000413585
0.000523872
0.000303411
0.000429117
0.00042934
0.000429408
0.000524051
0.000303864
0.000523977
0.00030391
0.000524137
0.000303902
0.00041367
0.000413583
0.000429956
0.000429815
0.00051792
0.000300781
0.000517769
0.000301029
0.000518094
0.000301
0.000518031
0.0003009
0.000517602
0.00030083
0.000411994
0.000411992
0.000518015
0.000300926
0.000517882
0.00041203
0.000411792
0.000300903
0.000429216
0.000429264
0.000303873
0.000524171
0.000303858
0.000523994
0.000413995
0.000524306
0.000303782
0.000414159
0.000413887
0.000524178
0.000303743
0.000429575
0.000429938
0.00042991
0.000524351
0.00030414
0.000524255
0.000304272
0.000524409
0.000304233
0.000413957
0.000413963
0.000430302
0.000430042
0.000518293
0.000301148
0.000518227
0.00030133
0.000518277
0.000301269
0.000518188
0.000301154
0.000517667
0.000301092
0.000412204
0.000412224
0.000518398
0.00030123
0.000518194
0.000412251
0.000412013
0.000301127
0.000429597
0.000429443
0.000304247
0.000524447
0.000304216
0.000524298
0.00041434
0.000524577
0.000304176
0.000414514
0.00041423
0.000524455
0.000304115
0.000430048
0.000430244
0.000430134
0.000524558
0.000304343
0.000524435
0.000304538
0.000524578
0.000304461
0.000414236
0.000414151
0.000430361
0.000430069
0.000518584
0.000301371
0.000518437
0.000301642
0.000518513
0.00030154
0.000518267
0.000301436
0.000517907
0.000301361
0.00041241
0.000412395
0.000518515
0.000301463
0.000518397
0.000412476
0.000412188
0.00030137
0.000429709
0.000429625
0.000304604
0.00052475
0.000304532
0.000524568
0.000414669
0.000524877
0.000304519
0.000414818
0.000414525
0.000524728
0.000304409
0.000430277
0.000430537
0.000430402
0.000524867
0.000304702
0.000524782
0.0003049
0.000524814
0.000304867
0.000414676
0.0004145
0.0004307
0.000430577
0.000518774
0.00030162
0.000518512
0.000302037
0.000518836
0.000302001
0.000518712
0.000301797
0.000518346
0.000301716
0.000412739
0.000412693
0.000518736
0.000301835
0.000518573
0.000412931
0.000412584
0.0003018
0.000430158
0.000430275
0.000304953
0.000525036
0.000304899
0.00052487
0.000414974
0.000525161
0.000304824
0.000415104
0.000414838
0.000524999
0.000304758
0.000430602
0.000430887
0.000430616
0.000525253
0.000305056
0.000525095
0.000305298
0.000525039
0.000305227
0.000415053
0.000414933
0.000431249
0.000431141
0.000518755
0.000301931
0.000518576
0.000302528
0.000519318
0.000302416
0.000519137
0.000302172
0.00051885
0.000302077
0.000413202
0.000413068
0.000518967
0.000302277
0.00051877
0.00041317
0.000412936
0.000302165
0.000430792
0.000430906
0.000305275
0.000525302
0.000305233
0.00052512
0.000415231
0.000525364
0.000305158
0.000415359
0.000415092
0.000525194
0.000305109
0.000431024
0.000431042
0.000430695
0.000525483
0.000305312
0.000525293
0.000305573
0.000525238
0.000305502
0.000415314
0.00041519
0.00043122
0.000431199
0.000519142
0.000302412
0.000518954
0.000302787
0.000519486
0.000302628
0.000519315
0.000302595
0.000519285
0.000302491
0.000413621
0.000413445
0.000519142
0.000302514
0.000518897
0.000413284
0.000413104
0.000302378
0.000431316
0.000431328
0.000305628
0.000525561
0.000305558
0.00052536
0.000415494
0.000525622
0.000305508
0.000415627
0.000415308
0.000525423
0.000305429
0.000431207
0.00043128
0.000431046
0.000525671
0.000305574
0.00052548
0.000305828
0.000525427
0.000305726
0.000415514
0.00041537
0.000431324
0.000431306
0.0005195
0.000302782
0.000519383
0.000302874
0.000519536
0.000302682
0.000519202
0.000302921
0.000519416
0.000302783
0.000413882
0.000413711
0.000519237
0.000302634
0.000519056
0.000413454
0.000413163
0.000302482
0.000431655
0.000431538
0.000305845
0.000525714
0.000305719
0.000525478
0.000415687
0.000525779
0.000305728
0.000415764
0.000415462
0.000525537
0.000305607
0.000431307
0.000431757
0.000431624
0.000525941
0.00030588
0.000525751
0.000306107
0.00052571
0.000306033
0.000415767
0.000415661
0.000431724
0.000431707
0.000520039
0.000303163
0.00051981
0.000303013
0.000519571
0.00030293
0.000519383
0.000303211
0.000519482
0.00030305
0.000414152
0.000414009
0.000519521
0.00030285
0.000519333
0.000413748
0.000413406
0.000302727
0.000431967
0.000431819
0.000306095
0.000525919
0.000306015
0.00052574
0.000415938
0.00052593
0.000306014
0.000416092
0.000415792
0.00052575
0.000305947
0.00043155
0.000431938
0.000431775
0.00052618
0.000306042
0.000525982
0.000306334
0.000525935
0.000306228
0.000416031
0.000415848
0.000432057
0.000432018
0.000520091
0.000303252
0.000519863
0.0003034
0.000519906
0.000303316
0.000519628
0.000303308
0.000519547
0.000303131
0.000414246
0.000414064
0.000519872
0.000303187
0.000519783
0.00041417
0.000413754
0.000303107
0.000432053
0.000431924
0.000306396
0.000526144
0.000306295
0.000525934
0.000416208
0.000526142
0.000306298
0.000416367
0.000416007
0.000525946
0.000306185
0.000431804
0.000432193
0.000432123
0.000526498
0.000306498
0.000526328
0.000306701
0.000526285
0.000306685
0.00041644
0.000416276
0.00043241
0.000432412
0.000520279
0.000303548
0.000520039
0.000303916
0.000520355
0.000303863
0.000520168
0.000303619
0.000519951
0.000303627
0.000414665
0.00041448
0.000520251
0.000303691
0.000520062
0.000414536
0.000414218
0.000303617
0.000432457
0.000432363
0.000306779
0.000526487
0.000306755
0.000526311
0.00041657
0.000526444
0.000306711
0.000416777
0.000416456
0.000526315
0.000306682
0.000432302
0.000432611
0.000432567
0.00052677
0.000306998
0.000526649
0.000307154
0.000526635
0.000307155
0.000416798
0.000416672
0.000432771
0.000432768
0.000520406
0.000304076
0.00052032
0.000304294
0.000520773
0.000304243
0.000520587
0.000304189
0.000520605
0.000304211
0.000415139
0.000414993
0.000520347
0.000304014
0.000520198
0.000414815
0.000414556
0.000303962
0.000432875
0.000432831
0.000307216
0.000526789
0.000307231
0.00052667
0.000416973
0.000526809
0.000307159
0.000417177
0.000416896
0.000526706
0.000307159
0.00043268
0.000433054
0.000432985
0.000527022
0.000307381
0.000526898
0.000307546
0.000526916
0.000307507
0.000417113
0.000416987
0.000433154
0.00043313
0.000520827
0.00030455
0.000520742
0.000304566
0.000521067
0.000304545
0.00052092
0.000304679
0.000520935
0.000304617
0.000415477
0.000415402
0.000520588
0.000304328
0.000520466
0.000415175
0.00041486
0.000304315
0.000433342
0.000433253
0.000307643
0.000527127
0.000307632
0.000527003
0.000417387
0.000527196
0.000307595
0.000417545
0.000417316
0.000527065
0.000307574
0.000433029
0.000433344
0.000433282
0.000527315
0.00030775
0.000527192
0.000307872
0.000527196
0.000307825
0.00041739
0.000417267
0.000433462
0.000433381
0.000521393
0.000304854
0.000521257
0.000304952
0.000521253
0.000304906
0.000521076
0.000304867
0.000520799
0.000304763
0.000415654
0.000415549
0.000521069
0.000304797
0.000520991
0.000415549
0.000415293
0.000304774
0.000433595
0.000433399
0.000307981
0.000527378
0.000307913
0.000527235
0.000417672
0.000527417
0.000307913
0.000417768
0.000417519
0.000527263
0.000307834
0.000433385
0.00043364
0.000433445
0.000527601
0.000308046
0.000527471
0.00030819
0.000527457
0.000308139
0.000417654
0.000417531
0.000433543
0.000433483
0.000521606
0.000305154
0.00052134
0.00030522
0.000521268
0.000305161
0.000521207
0.000305147
0.00052125
0.000305117
0.000415973
0.000415829
0.000521511
0.000305145
0.000521279
0.000415719
0.000415529
0.000305029
0.000433656
0.000433504
0.00030822
0.000527619
0.000308174
0.000527507
0.000417868
0.000527598
0.000308172
0.000418011
0.000417747
0.000527503
0.000308126
0.000433491
0.000433857
0.000433756
0.000527832
0.000308402
0.000527732
0.000308508
0.000527758
0.000308469
0.000417949
0.00041782
0.000433908
0.000433916
0.000521889
0.000305557
0.000521726
0.000305551
0.000521754
0.000305543
0.000521663
0.000305547
0.000521582
0.000305521
0.000416279
0.000416216
0.000521446
0.000305333
0.000521355
0.000416022
0.000415795
0.000305323
0.000433991
0.000433893
0.000308505
0.000527906
0.000308497
0.000527801
0.000418182
0.000527934
0.000308487
0.000418349
0.00041812
0.000527852
0.000308462
0.000433809
0.000434186
0.000434116
0.000528117
0.000308725
0.000527996
0.000308849
0.000528019
0.000308813
0.000418261
0.000418165
0.000434246
0.000434185
0.000522194
0.000305827
0.000522086
0.000305886
0.000521928
0.000305873
0.000521827
0.000305815
0.000521629
0.000305754
0.000416465
0.000416436
0.000521902
0.000305751
0.000521821
0.000416317
0.000416142
0.000305739
0.00043433
0.000434239
0.000308829
0.000528137
0.000308803
0.000528031
0.000418483
0.000528205
0.000308788
0.000418584
0.00041838
0.000528116
0.000308726
0.000434213
0.000434343
0.000434234
0.000528302
0.000308903
0.000528162
0.000309079
0.000528199
0.000309004
0.00041841
0.000418336
0.000434415
0.0004344
0.000522347
0.00030599
0.000522257
0.000306115
0.000522097
0.000306039
0.000521902
0.000305975
0.000521768
0.000305921
0.000416608
0.000416586
0.000522096
0.000305975
0.000522078
0.000416451
0.00041631
0.000305954
0.000434576
0.000434522
0.00030907
0.000528318
0.000309044
0.000528198
0.000418669
0.000528411
0.000308963
0.000418724
0.000418563
0.000528301
0.000308917
0.000434384
0.000434357
0.000434298
0.000528388
0.000309032
0.000528281
0.000309212
0.000528304
0.000309158
0.000418512
0.000418486
0.0004346
0.000434552
0.000522514
0.000306137
0.000522424
0.000306177
0.00052209
0.000306128
0.000521981
0.000306144
0.000521893
0.000306127
0.000416753
0.000416779
0.000522305
0.000306122
0.000522212
0.000416552
0.000416437
0.000306096
0.000434692
0.000434628
0.00030923
0.000528425
0.000309197
0.000528308
0.00041879
0.000528531
0.000309115
0.000418836
0.000418714
0.000528419
0.000309067
0.000434507
0.00043447
0.000434405
0.000528415
0.000309095
0.000528289
0.000309278
0.000528326
0.000309197
0.000418508
0.000418531
0.000434637
0.00043458
0.000522569
0.000306213
0.00052245
0.00030627
0.000522173
0.000306198
0.000522117
0.000306251
0.000521961
0.000306146
0.000416771
0.000416819
0.000522351
0.000306191
0.000522128
0.000416543
0.000416469
0.000306106
0.00043473
0.000434677
0.000309305
0.000528477
0.000309237
0.000528349
0.000418862
0.00052855
0.000309208
0.000418884
0.000418757
0.000528441
0.000309123
0.000434579
0.000434444
0.000434279
0.000528358
0.000309005
0.000528221
0.000309207
0.000528243
0.000309089
0.000418394
0.000418439
0.000434556
0.000434515
0.000522368
0.000306087
0.000522191
0.000306274
0.000522258
0.000306124
0.000522209
0.000306195
0.000521978
0.000306034
0.000416629
0.000416711
0.000522174
0.000306139
0.00052185
0.000416469
0.000416382
0.000305977
0.00043472
0.000434572
0.000309248
0.000528439
0.000309126
0.000528272
0.000418852
0.000528507
0.000309201
0.000418798
0.000418676
0.000528338
0.000309064
0.000434477
0.000434388
0.0004342
0.00052824
0.000308904
0.000528087
0.000309081
0.000528099
0.000308968
0.000418309
0.000418328
0.000434489
0.000434458
0.000522314
0.00030591
0.000521989
0.000306124
0.000522203
0.00030593
0.000522017
0.000306018
0.00052188
0.000305858
0.000416558
0.000416568
0.000521972
0.000306012
0.000521782
0.000416343
0.000416272
0.000305865
0.000434553
0.000434392
0.000309096
0.000528307
0.00030898
0.000528142
0.000418752
0.000528359
0.000309079
0.000418741
0.000418575
0.000528187
0.000308952
0.000434377
0.000434442
0.000434277
0.000528225
0.000309001
0.000528144
0.000309141
0.000528175
0.000309103
0.000418515
0.000418473
0.000434649
0.000434582
0.000522001
0.000306035
0.000521895
0.000306135
0.000522167
0.00030609
0.000522106
0.000306163
0.000522236
0.000306071
0.000416819
0.000416772
0.000522013
0.000306006
0.000521822
0.000416517
0.000416324
0.000305921
0.000434619
0.000434627
0.000309173
0.000528335
0.000309139
0.000528233
0.000418834
0.000528394
0.00030915
0.000418953
0.000418737
0.000528305
0.000309093
0.000434554
0.000434594
0.000434402
0.000528443
0.000309252
0.000528382
0.000309379
0.000528427
0.000309343
0.000418745
0.000418703
0.000434924
0.000434909
0.000522228
0.000306293
0.000522132
0.000306467
0.000522515
0.000306495
0.000522475
0.000306415
0.000522454
0.000306378
0.000417008
0.000416998
0.000522168
0.000306259
0.000522059
0.000416833
0.000416666
0.000306255
0.000434956
0.00043489
0.000309469
0.000528574
0.000309443
0.000528481
0.000419051
0.000528642
0.000309387
0.000419138
0.000418963
0.000528561
0.000309355
0.000434812
0.00043473
0.000434726
0.00052877
0.000309599
0.000528768
0.000309665
0.000528784
0.000309715
0.000419083
0.000419029
0.000435026
0.000435105
0.000522588
0.000306674
0.000522566
0.000306805
0.000522666
0.000306809
0.000522535
0.000306659
0.000522672
0.000306634
0.000417341
0.000417255
0.000522608
0.000306625
0.000522663
0.000417083
0.000416978
0.000306661
0.000435117
0.000435092
0.000309708
0.000528827
0.000309739
0.000528795
0.000419231
0.000528862
0.000309622
0.000419385
0.000419201
0.000528841
0.00030966
0.000435016
0.000435259
0.000435276
0.000529152
0.000310115
0.0005292
0.000310078
0.000529307
0.000310149
0.000419677
0.00041953
0.000435336
0.000435675
0.000523008
0.000307177
0.000522988
0.000307178
0.000523
0.000307207
0.000522978
0.000307116
0.000523246
0.000307189
0.000417839
0.000417685
0.00052295
0.000307
0.000523065
0.000417738
0.000417452
0.000307089
0.00043552
0.000435511
0.000310129
0.000529218
0.000310256
0.000529262
0.000419649
0.000529293
0.000310058
0.00042004
0.00041973
0.000529379
0.000310128
0.000435616
0.000435903
0.000435988
0.000529812
0.000311145
0.000530002
0.000310563
0.000530088
0.000310652
0.00042161
0.000420924
0.000436844
0.000437483
0.000523785
0.00030802
0.000523769
0.000307787
0.000523722
0.000307887
0.000523795
0.00030783
0.000523741
0.000308021
0.000418678
0.00041836
0.000523547
0.000307651
0.000523571
0.000419641
0.000418747
0.000307779
0.000436137
0.000436239
0.000310971
0.000529871
0.000311301
0.000530097
0.000420734
0.000530067
0.000310519
0.000422039
0.000421206
0.000530217
0.000310646
0.000437464
0.00043684
0.000437351
0.000530478
0.000313204
0.000530363
0.000311718
0.000529281
0.000311207
0.00042342
0.000423264
0.000440469
0.000440237
0.000523559
0.000308183
0.000523455
0.000308797
0.000523713
0.000308264
0.000523158
0.000308509
0.000523487
0.000308227
0.000421218
0.000419599
0.000523252
0.000308572
0.000522675
0.000421669
0.000421085
0.000308022
0.000437064
0.000437512
0.000312907
0.000530609
0.000313343
0.000530506
0.000423487
0.00052991
0.000311743
0.000423859
0.000423569
0.000529359
0.000311247
0.000440219
0.00756792
0.00756792
0.0083342
0.00697188
0.00697188
0.00697187
0.0132563
0.00683737
0.00663741
0.00831615
0.00978311
0.00823819
0.00840919
0.010686
0.0108626
0.00992231
0.0130216
0.0118556
0.00479258
0.00479258
0.00720672
0.00899788
0.00268112
0.00797711
0.00771973
0.00944518
0.0099954
0.00487975
0.00487975
0.00487975
0.0066972
0.00748806
0.0106413
0.0103815
0.00363803
0.00655989
0.00655989
0.00650713
0.0061222
0.0061222
0.0061222
0.0133204
0.0104568
0.0129465
0.0134587
0.00600895
0.00858859
0.0117796
0.00462536
0.00869751
0.00872134
0.0131292
0.0138439
0.00922117
0.00922116
0.0121485
0.0111901
0.00562078
0.0120792
0.0064041
0.0064041
0.0064041
0.0124742
0.00631771
0.00549705
0.00672476
0.0084999
0.00644687
0.00670907
0.0092866
0.00926188
0.00820732
0.00820732
0.00988021
0.0141933
0.0086656
0.00898015
0.00934626
0.0150787
0.0147789
0.00939632
0.00939631
0.00939631
0.02279
0.0119776
0.0142535
0.019945
0.0176053
0.00400072
0.00400072
0.00520625
0.00656377
0.0036807
0.00608136
0.00574168
0.00792856
0.00877769
0.00490707
0.00490706
0.00576698
0.00550946
0.00329098
0.00704146
0.00388091
0.00388091
0.00388091
0.00811787
0.00403357
0.0120857
0.0120857
0.0174844
0.0150168
0.0150167
0.0208177
0.0181729
0.0137662
0.0284626
0.010746
0.010746
0.010746
0.0266897
0.0151413
0.00763655
0.00601678
0.0140858
0.00136803
0.00266034
0.0104735
0.00496441
0.00277372
0.00277372
0.0040819
0.00353906
0.00200248
0.00382896
0.00144138
0.00144138
0.0017145
0.00211143
0.00130904
0.00150866
0.00164819
0.00222002
0.0021792
0.00180365
0.00180365
0.00180364
0.00335592
0.00184447
0.00285848
0.00285848
0.00327879
0.00690736
0.00749724
0.00334254
0.00398795
0.0189749
0.0180527
0.0043911
0.00423189
0.00340002
0.00119606
0.00147946
0.000717121
0.0021185
0.0087032
0.00500844
0.00235356
0.00565518
0.00971786
0.0090092
0.00805692
0.00893372
0.0430903
0.0194095
0.0479325
0.00620015
0.0076426
0.00717654
0.0136062
0.000245484
0.000229718
0.000245445
0.000229696
0.00231036
0.00209503
0.00147353
0.00149756
0.00148753
0.00144255
0.00111696
0.00187166
0.00309463
0.00281209
0.00184025
0.00396273
0.00111196
0.00306874
0.00186457
0.00306092
0.00316302
0.00250791
0.00506623
0.00217383
0.00532382
0.00597017
0.00401741
0.0040997
0.00451215
0.00817823
0.00365295
0.00545396
0.00372454
0.00332644
0.00481229
0.0196598
0.0178269
0.00987754
0.0188418
0.00701221
0.00656064
0.00502754
0.00910895
0.0133712
0.00505945
0.011564
0.0108171
0.0161757
0.0143043
0.008291
0.00993388
0.0561251
0.0429316
0.0422201
0.0319142
0.0483282
0.0359434
0.00470973
0.0151984
0.029011
0.0277917
0.0189437
0.0396575
0.0115247
0.00386754
0.00640307
0.00697514
0.00754558
0.0075436
0.0108779
0.013025
0.0124914
0.0121218
0.000736278
0.00074762
0.00305896
0.0101617
0.0109685
0.0105671
0.00219725
0.00280633
0.00350899
0.00598875
0.00684087
0.0123664
0.0130239
0.0129333
0.0130925
0.0122918
0.0114199
0.0114243
0.00705341
0.00897328
0.00472279
0.00936045
0.00798847
0.0225508
0.016371
0.0183945
0.0170073
0.0124665
0.00614878
0.00694241
0.00589637
0.00835337
0.0038872
0.00833351
0.00821304
0.011806
0.0121859
0.0136918
0.020308
0.0177888
0.0343893
0.0315769
0.0205615
0.0326956
0.00359699
0.00354809
0.00359637
0.00581488
0.00284698
0.00552404
0.00233495
0.0055007
0.00319716
0.00252125
0.000376792
0.000355056
0.000311658
0.00032479
0.000192072
0.000216409
0.000274672
0.00016298
0.000376727
0.000355497
0.000311079
0.000324478
0.000192179
0.000215351
0.000273382
0.000161597
0.000373102
0.000349516
0.000290657
0.000320725
0.000209242
0.000181688
0.000515465
0.000374116
0.000351037
0.000291517
0.000320753
0.000209219
0.000182049
0.000518073
0.000376055
0.000349569
0.000290758
0.000319212
0.000181728
0.000515244
0.00037808
0.000351022
0.000291528
0.000321107
0.000181978
0.000518269
0.00037684
0.000355052
0.000311684
0.000324832
0.000192126
0.000216482
0.000274734
0.000162985
0.000376778
0.000355521
0.000311128
0.000324527
0.00019222
0.000215382
0.000273411
0.000161588
0.00021314
0.000204217
0.000271839
0.000463771
0.000451187
0.000414955
0.000191988
0.000408955
0.000208766
0.000414882
0.000192008
0.000409063
0.000212938
0.000271838
0.000463768
0.000451286
0.0356708
0.0503989
0.0282805
0.0455475
0.0218386
0.0370929
0.0122495
0.0219414
0.00366916
0.00370849
0.00105358
0.000723578
0.000781686
0.000663413
0.000614174
0.00061569
0.000584864
0.000589837
0.000576163
0.000583202
0.000576653
0.000582612
0.000577854
0.000582946
0.000578791
0.000582872
0.000579439
0.000583544
0.000579978
0.000583576
0.00058045
0.000583237
0.000580922
0.000583537
0.000581292
0.000584636
0.000581559
0.000585016
0.000581746
0.000584536
0.000582043
0.000585488
0.000582356
0.000585724
0.000582557
0.000586616
0.000582774
0.000586073
0.000583104
0.000585727
0.00058332
0.000586087
0.000583533
0.000586416
0.000583742
0.00058724
0.000583961
0.000587369
0.000584186
0.000587518
0.000584584
0.000587359
0.000584901
0.000587806
0.000585179
0.000589441
0.000585444
0.000589558
0.000585729
0.000589208
0.000586
0.000590232
0.000586209
0.000590317
0.000586338
0.00059047
0.000586412
0.000590578
0.000586388
0.000590644
0.000586286
0.000590433
0.000586203
0.000589029
0.000586391
0.000589273
0.000586655
0.000589411
0.000587053
0.000590625
0.000587563
0.000591046
0.000588233
0.000591022
0.000591551
0.000594294
0.00971688
0.0107638
0.0130349
0.00934958
0.0112742
0.0117859
0.00650273
0.0258475
0.0173257
0.0139934
0.0152426
0.0174793
0.0358903
0.010597
0.00441154
0.00412666
0.00471305
0.0046768
0.00527414
0.00717654
0.0136062
0.0372892
0.0309064
0.0297841
0.0514285
0.0470112
0.0392919
0.0127949
0.047371
0.0541536
0.0118195
0.123879
0.0683127
0.124056
0.0609165
0.000592043
0.000595919
0.000593967
0.000593782
0.00059211
0.000591608
0.0123043
0.0136842
0.0131564
0.0120763
0.0131885
0.00694723
0.0292817
0.00754687
0.0103844
0.0117197
0.00488957
0.0263007
0.0110935
0.0128894
0.0138123
0.00663949
0.0312566
0.0132451
0.0133864
0.00869422
0.0115401
0.0095517
0.0128258
0.0165913
0.0176224
0.039804
0.0103521
0.00794589
0.00898805
0.00673948
0.00477559
0.0125933
0.00335194
0.0055268
0.0183878
0.0126995
0.0150363
0.00219666
0.00321364
0.00442834
0.00897388
0.0020981
0.00306573
0.00243392
0.00235925
0.00365999
0.00509982
0.00403541
0.00519891
0.00147369
0.00147353
0.00188967
0.00149756
0.00122395
0.00172237
0.00202639
0.00300758
0.00316302
0.00250791
0.00855649
0.008291
0.00993388
0.0305672
0.0315355
0.0325691
0.0325623
0.0306571
0.029804
0.0300383
0.0307971
0.036503
0.0372737
0.0342609
0.0349887
0.0256213
0.0304281
0.0282077
0.0274004
0.00709324
0.0200244
0.00902763
0.0163818
0.00314588
0.0110752
0.0103369
0.00298034
0.00102349
0.00129792
0.00120186
0.00113415
0.0109231
0.0123028
0.012831
0.0105784
0.0195387
0.0304053
0.0314924
0.0242241
0.0340284
0.0439591
0.0503853
0.0816767
0.0870495
0.0467401
0.0293954
0.0251409
0.0239307
0.0454643
0.0400297
0.0110681
0.00741563
0.039636
0.00955216
0.00606066
0.0561805
0.0319027
0.0488558
0.0244991
0.0230266
0.0160157
0.0148638
0.0376515
0.027842
0.00557792
0.00288289
0.0266157
0.0044862
0.00227928
0.0245297
0.00360912
0.0160235
0.00116828
0.0132855
0.00561469
0.00526864
0.0234338
0.00928926
0.00204639
0.00112474
0.00734137
0.00167152
0.00101608
0.00119993
0.000876673
0.000894662
0.000886094
0.00379659
0.00122483
0.00128583
0.00543697
0.000723323
0.000993639
0.000836002
0.000739372
0.0009344
0.000817582
0.000875273
0.000856426
0.000884373
0.00087126
0.000999871
0.000797653
0.000818724
0.000706865
0.000663038
0.000810916
0.00080174
0.000676131
0.000799192
0.000783662
0.000840899
0.000766992
0.000858644
0.000797606
0.000756075
0.000628961
0.000632454
0.000652741
0.000618607
0.000798903
0.00082175
0.000625215
0.000774611
0.000800567
0.000733712
0.000651371
0.000765758
0.000674512
0.000613045
0.000587483
0.000590524
0.000610424
0.000593403
0.00080238
0.000676882
0.000593689
0.000785169
0.000667066
0.000634111
0.000601187
0.000651714
0.00060943
0.000582478
0.000575667
0.00057612
0.000590052
0.000584429
0.000636773
0.000585468
0.000583448
0.000633635
0.000590189
0.000595201
0.000584412
0.000600646
0.000585986
0.000575743
0.000576205
0.000576333
0.000582695
0.000581267
0.00058429
0.000582238
0.000582822
0.000586234
0.000581421
0.000582965
0.000579972
0.00058402
0.000580305
0.000576539
0.000577639
0.000577668
0.000581127
0.000581499
0.000582219
0.000582317
0.000582924
0.000581247
0.00058095
0.000579575
0.000579157
0.000579833
0.000579236
0.000577821
0.000578773
0.000578775
0.000581529
0.000582951
0.000581591
0.000581599
0.000582858
0.000581892
0.000583091
0.000579083
0.000579434
0.00057918
0.000579483
0.000578809
0.000579561
0.000579482
0.000582994
0.000583499
0.000581703
0.000582392
0.00058352
0.000583087
0.000583687
0.0005794
0.000579875
0.000579477
0.000579894
0.000579529
0.000580155
0.000580072
0.00058341
0.000582992
0.000582303
0.000583039
0.000584617
0.000583793
0.000584506
0.000579803
0.000580348
0.000579835
0.000580295
0.000580083
0.000580636
0.000580545
0.000583805
0.000584764
0.000583006
0.000583686
0.000583252
0.000584538
0.00058515
0.00058026
0.000580834
0.000580233
0.000580734
0.000580539
0.000581069
0.000581036
0.00058458
0.000584989
0.000583667
0.000584068
0.000583713
0.000585034
0.000585409
0.000580703
0.000581201
0.000580636
0.000581104
0.00058096
0.000581416
0.00058143
0.000585003
0.000584895
0.000583866
0.00058423
0.000584748
0.000585391
0.000585735
0.000581041
0.000581517
0.000580986
0.000581473
0.000581285
0.000581705
0.000581717
0.000584828
0.000585355
0.0005841
0.000584473
0.000585152
0.000585618
0.00058596
0.000581341
0.000581741
0.000581333
0.000581726
0.000581554
0.00058197
0.000581922
0.000585208
0.000586288
0.000584313
0.000584723
0.000584709
0.000585816
0.000586211
0.000581571
0.000581961
0.000581582
0.000581928
0.000581805
0.000582291
0.000582181
0.000586105
0.000585741
0.000584546
0.000585823
0.000585684
0.000586055
0.000585824
0.000581805
0.000582295
0.000581789
0.000582226
0.000582136
0.000582601
0.000582497
0.00058555
0.000586818
0.000585644
0.000585296
0.000585102
0.000585656
0.000586973
0.00058212
0.000582604
0.000582061
0.000582514
0.00058245
0.000582828
0.000582735
0.0005858
0.000585577
0.000585937
0.000586321
0.000586833
0.000585934
0.000586336
0.000582395
0.000582878
0.000582356
0.000582832
0.000582644
0.000583013
0.00058294
0.000585369
0.000586518
0.000586093
0.000586561
0.000586278
0.000586118
0.0005865
0.000582647
0.000583115
0.000582628
0.000583071
0.000582832
0.00058334
0.000583316
0.000586275
0.000587441
0.000585504
0.000586221
0.000585898
0.000587151
0.00058764
0.000582888
0.00058338
0.000582865
0.000583331
0.000583121
0.00058355
0.00058356
0.000587086
0.000587647
0.000586054
0.000586582
0.000586324
0.000587329
0.000587793
0.000583158
0.000583608
0.000583128
0.000583598
0.000583307
0.000583726
0.000583782
0.000587392
0.000588007
0.000586299
0.000586711
0.000586704
0.000587506
0.000587917
0.000583385
0.000583827
0.000583384
0.000583845
0.000583501
0.000583927
0.000583994
0.000587742
0.00058758
0.000586368
0.000587441
0.000587599
0.000587605
0.000587296
0.000583556
0.000583947
0.000583579
0.000583976
0.000583705
0.000584167
0.000584229
0.000587401
0.000587916
0.000587119
0.000587756
0.000587707
0.000587009
0.000587491
0.000583719
0.000584237
0.000583742
0.000584251
0.000583929
0.000584407
0.000584429
0.000587583
0.000587992
0.000586545
0.000588022
0.000587778
0.000588156
0.000587953
0.000583974
0.000584483
0.00058399
0.000584477
0.000584185
0.000584777
0.000584799
0.000587699
0.000588983
0.000586929
0.000587623
0.000587481
0.000588561
0.000589073
0.000584249
0.000584832
0.000584244
0.00058484
0.000584568
0.000585072
0.000585093
0.0005887
0.000589302
0.000587438
0.000587945
0.000587989
0.000588732
0.000589198
0.000584628
0.000585155
0.00058463
0.000585155
0.000584875
0.000585332
0.000585353
0.000589128
0.000588977
0.000587709
0.00058822
0.0005889
0.000588962
0.000589514
0.000584978
0.000585457
0.000584981
0.000585444
0.000585157
0.000585587
0.000585611
0.000588006
0.000588519
0.000587942
0.000589047
0.000589761
0.000589404
0.000589258
0.000585261
0.000585656
0.000585264
0.000585656
0.000585423
0.000585834
0.000585881
0.000588282
0.000590321
0.000589695
0.000589342
0.000588545
0.000588222
0.000589328
0.00058547
0.000585891
0.000585474
0.000585903
0.000585691
0.000586121
0.000586152
0.000589273
0.000589846
0.000589261
0.000589627
0.000589561
0.000589061
0.000589607
0.000585738
0.000586165
0.000585745
0.000586185
0.000585981
0.000586373
0.000586393
0.000588831
0.000589241
0.000590335
0.00059072
0.000590482
0.000588639
0.000589042
0.000586018
0.000586382
0.000586033
0.000586382
0.000586194
0.000586481
0.000586508
0.000589071
0.000589358
0.000589628
0.000590655
0.000590608
0.000589781
0.000589341
0.000586227
0.00058653
0.000586228
0.000586526
0.00058632
0.000586555
0.000586569
0.000589219
0.000589466
0.00059049
0.000590725
0.000590721
0.000589186
0.000589437
0.000586373
0.000586609
0.000586372
0.000586592
0.0005864
0.000586544
0.000586565
0.000589325
0.000589473
0.000590581
0.000589997
0.000590753
0.000589246
0.00059017
0.000586462
0.00058661
0.000586447
0.00058661
0.00058637
0.000586452
0.000586473
0.000589203
0.000589288
0.000590738
0.000589341
0.000590714
0.000589032
0.000590653
0.000586439
0.000586515
0.000586441
0.000586518
0.000586275
0.000586344
0.000586369
0.000589112
0.000590663
0.000589042
0.000589081
0.000589141
0.00059048
0.000590705
0.000586307
0.00058642
0.000586307
0.000586417
0.000586188
0.000586503
0.000586517
0.000590379
0.000590755
0.000589778
0.000590135
0.000589423
0.000589563
0.000589915
0.000586241
0.000586592
0.00058625
0.000586605
0.000586379
0.000586724
0.000586742
0.000590592
0.000590959
0.000590001
0.000589689
0.000589604
0.000589746
0.000590968
0.00058646
0.000586812
0.000586471
0.000586828
0.000586652
0.000587046
0.000587071
0.000590914
0.000591443
0.00058949
0.000590612
0.000589757
0.000590949
0.000590543
0.000586711
0.000587097
0.000586715
0.000587116
0.000587033
0.000587466
0.000587507
0.000590471
0.000591857
0.000589706
0.000591019
0.000590264
0.000591375
0.000590978
0.000587075
0.000587526
0.000587088
0.000587572
0.000587509
0.000588129
0.000588217
0.000591081
0.000592496
0.000590165
0.000590933
0.000590977
0.000591826
0.000592344
0.000587576
0.000588188
0.000587627
0.000588283
0.000588173
0.000588958
0.000588916
0.000592433
0.000592611
0.000590851
0.000591327
0.000592698
0.000592121
0.000592767
0.000588258
0.000589049
0.000588326
0.00058899
0.00031537
0.000428117
0.000531524
0.000600914
0.000425469
0.000308496
0.000526649
0.000602257
0.000420365
0.000426595
0.00500111
0.00599581
0.00694723
0.00754558
0.0066395
0.0075436
0.0123692
0.0305106
0.0127903
0.0301314
0.00694723
0.0105455
0.0299961
0.0126407
0.0287547
0.00488957
0.00319606
0.00598875
0.00650273
0.00684087
0.0130922
0.0337403
0.0328052
0.0135886
0.0066395
0.0108941
0.0230278
0.0250648
0.00973137
0.015982
0.0369324
0.0149665
0.0383904
0.0126426
0.0103521
0.0172424
0.0170282
0.020117
0.011806
0.010597
0.0121859
0.0100053
0.00889938
0.0154139
0.00272091
0.00443072
0.00396256
0.00319716
0.00252125
0.00146698
0.00195372
0.00130528
0.00279753
0.00845276
0.0104775
0.00955438
0.00973768
0.00798458
0.00848844
0.00812568
0.00827723
0.00769102
0.00834949
0.00787139
0.00811013
0.0393533
0.0297394
0.0330426
0.0369576
0.0269352
0.0247791
0.0184425
0.0328977
0.00479258
0.0112742
0.00720672
0.0119245
0.0079771
0.00771973
0.0310433
0.0312531
0.0321824
0.03151
0.0343083
0.0332606
0.0332907
0.0344267
0.0329215
0.0325408
0.0320904
0.0338329
0.0269588
0.0286479
0.0277032
0.0288862
0.0297593
0.0309412
0.0308871
0.0290621
0.0249328
0.0267458
0.0283965
0.0270874
0.0158285
0.00820731
0.0098802
0.0151885
0.00898014
0.00934625
0.0312466
0.0321523
0.0336089
0.028938
0.0387656
0.0383769
0.0330091
0.0328284
0.0158975
0.0214374
0.0270902
0.0233423
0.0223543
0.0189684
0.0224044
0.0253663
0.0130002
0.0151175
0.0200229
0.0213215
0.0106583
0.0147167
0.0126356
0.0175176
0.00517535
0.00459063
0.00285847
0.000930848
0.000660469
0.00109355
0.000528585
0.0106941
0.0120223
0.0049767
0.00429246
0.0049422
0.00397304
0.0297402
0.0269589
0.0306
0.0288745
0.0296109
0.0345038
0.0329227
0.016409
0.0248874
0.0254123
0.0315976
0.0286133
0.0159993
0.02043
0.0184707
0.0305235
0.0254614
0.0136231
0.0169863
0.0130671
0.0135437
0.0440194
0.0496959
0.0222206
0.0482864
0.0406934
0.0256299
0.0419474
0.0189306
0.00796785
0.0142445
0.0127989
0.0246767
0.0487853
0.0419141
0.0236374
0.0442877
0.0322259
0.0635478
0.0158093
0.010617
0.0094466
0.0459739
0.0516513
0.0596317
0.110991
0.101292
0.0380411
0.0833843
0.0656917
0.111455
0.0974535
0.0614464
0.077079
0.0482157
0.0233268
0.000446788
0.000443085
0.000477981
0.000466242
0.000534651
0.000601682
0.000595656
0.000271839
0.00022698
0.000636644
0.000309393
0.000422265
0.000426256
0.000636165
0.000502943
0.000192782
0.00021604
0.000540536
0.000446845
0.000526437
0.000603833
0.000606795
0.000208806
0.000628188
0.000306203
0.000524127
0.00060192
0.000627983
0.000308559
0.000626797
0.000606786
0.000466189
0.000523917
0.000601757
0.000306031
0.000628067
0.000204244
0.000171695
0.000477972
0.000173828
0.000315465
0.000534716
0.000601734
0.000271838
0.000636708
0.00053154
0.000601006
0.000309466
0.000636278
0.000192867
0.0131493
0.0129894
0.00756791
0.00663741
0.0129684
0.00831614
0.0129979
0.00823819
0.00840918
0.011596
0.0120438
0.00655988
0.00600894
0.0135868
0.00858858
0.0130954
0.0086975
0.00872133
0.00549704
0.010385
0.00672476
0.00996457
0.00644686
0.00670906
0.0078388
0.00400072
0.00520624
0.00840811
0.00608136
0.00574168
0.0207955
0.0211156
0.0120857
0.00448545
0.00763654
0.00601677
0.00223758
0.00136803
0.00266034
0.00274314
0.00144138
0.0017145
0.00260493
0.00150866
0.00164819
0.00339224
0.00371648
0.00156108
0.000987197
0.00308483
0.00171875
0.00284136
0.0074444
0.00385441
0.00879206
0.00703462
0.00391798
0.0069912
0.0038095
0.0066699
0.00674287
0.0038729
0.0155888
0.0210271
0.0373786
0.0321318
0.022383
0.0202812
0.005314
0.0119692
0.0156365
0.0237433
0.0241275
0.0273207
0.0216015
0.0280524
0.0399917
0.0438305
0.00840128
0.0181752
0.00525195
0.0125622
0.0192575
0.0183781
0.019749
0.0182266
0.023601
0.0318691
0.0342512
0.00176119
0.00147574
0.00152042
0.0077144
0.012176
0.0100921
0.00968761
0.0122184
0.0157017
0.0178991
0.0169749
0.000762426
0.000631171
0.000695232
0.0021239
0.00348775
0.00316091
0.00250387
0.00408196
0.00507291
0.0019293
0.00137122
0.000611761
0.000619173
0.000606169
0.000452942
0.000578147
0.000983266
0.000925235
0.000354192
0.000532091
0.000647937
0.000704676
0.000606632
0.000613794
0.000605606
0.000368581
0.000492025
0.000720665
0.000729447
0.000338317
0.000483754
0.000598624
0.000649831
0.000596423
0.000580019
0.000592846
0.000319878
0.000436679
0.000563768
0.000604685
0.000315433
0.000436395
0.000551672
0.000607061
0.000546669
0.000503116
0.000522053
0.000298736
0.000411941
0.00053143
0.000579654
0.000297962
0.000411368
0.000525989
0.000587835
0.000455657
0.000434855
0.000438398
0.00029455
0.000405313
0.000519184
0.000575826
0.000293672
0.000405425
0.000516795
0.000583492
0.000412084
0.00041261
0.000409686
0.000296505
0.000406809
0.000518904
0.000577004
0.000294485
0.00040632
0.000514451
0.00058274
0.000407149
0.000409988
0.000407114
0.00029829
0.000408601
0.00051964
0.000578277
0.000295769
0.000407703
0.000514383
0.000583288
0.000407358
0.000410114
0.000407658
0.000299432
0.000409548
0.000520429
0.00057916
0.000297043
0.000408955
0.000515026
0.000584097
0.000408094
0.000410575
0.000408331
0.000300338
0.000410286
0.000521129
0.000579797
0.000297861
0.000409674
0.000515541
0.000582856
0.000408625
0.000410906
0.000408832
0.000301011
0.000410813
0.000521739
0.000580315
0.000298307
0.000409965
0.000515657
0.000583844
0.000409139
0.000411411
0.00040939
0.00030147
0.000411146
0.000522253
0.000580795
0.00029856
0.000410176
0.000516015
0.000583527
0.000409683
0.00041205
0.000409868
0.000301976
0.000411715
0.000522745
0.00058125
0.000299041
0.000410541
0.000516338
0.000584592
0.000410051
0.000412486
0.000410202
0.000302417
0.000412233
0.00052308
0.000581579
0.000299704
0.000411197
0.000516687
0.000585816
0.000410476
0.000412896
0.0004107
0.000302837
0.000412653
0.000523317
0.000581839
0.000300188
0.000411671
0.000517066
0.000586236
0.000410879
0.000413176
0.000411104
0.0003032
0.000412869
0.000523598
0.000582039
0.000300387
0.00041189
0.00051741
0.000585653
0.000411182
0.000413443
0.000411466
0.00030366
0.000413194
0.000523955
0.000582345
0.000300646
0.000412095
0.000517436
0.000585824
0.000411615
0.000413736
0.000411879
0.000304023
0.000413491
0.000524282
0.000582635
0.000300959
0.000412366
0.000517707
0.000586824
0.000411918
0.000414056
0.000412155
0.000304242
0.000413708
0.000524492
0.000582831
0.000301286
0.000412651
0.000517756
0.000586945
0.000412098
0.000414382
0.000412363
0.000304499
0.000413923
0.000524672
0.000583129
0.00030148
0.000412878
0.000518147
0.00058738
0.000412342
0.000414684
0.000412698
0.000304898
0.000414377
0.000524927
0.000583458
0.000301741
0.000413119
0.000518648
0.00058614
0.000412793
0.000414974
0.000413099
0.000305184
0.00041471
0.000525122
0.000583673
0.000302173
0.000413522
0.000519058
0.000586527
0.000413033
0.00041521
0.000413222
0.000305453
0.000414938
0.000525331
0.000583889
0.000302608
0.000413877
0.00051943
0.000586737
0.000413117
0.00041542
0.000413346
0.00030575
0.000415233
0.000525554
0.000584122
0.000302982
0.000414214
0.000519448
0.000588502
0.000413265
0.000415626
0.000413588
0.000305956
0.000415409
0.000525822
0.000584319
0.000303223
0.000414412
0.0005196
0.000588579
0.000413565
0.000415905
0.000413933
0.000306225
0.000415651
0.000526076
0.000584621
0.000303333
0.000414505
0.000519715
0.000588904
0.000414002
0.000416217
0.000414399
0.000306766
0.000416112
0.000526467
0.000584958
0.000303788
0.00041498
0.000520342
0.000587782
0.000414389
0.000416684
0.000414679
0.000307181
0.000416492
0.000526753
0.000585225
0.000304344
0.000415499
0.000520816
0.000588151
0.000414687
0.000417123
0.000414969
0.000307575
0.000416841
0.000527053
0.000585481
0.000304712
0.000415781
0.000520748
0.000589675
0.00041508
0.00041744
0.000415389
0.0003079
0.000417174
0.000527312
0.000585748
0.00030501
0.000416022
0.000520913
0.000590014
0.000415445
0.000417587
0.000415655
0.000308214
0.000417416
0.000527598
0.000586015
0.000305359
0.000416369
0.000521446
0.000590418
0.000415629
0.000417931
0.000415837
0.000308579
0.000417751
0.000527891
0.000586294
0.000305704
0.00041668
0.00052157
0.000590433
0.000415992
0.000418273
0.000416203
0.000308827
0.00041799
0.000528107
0.000586464
0.000305919
0.000416869
0.000521694
0.000590544
0.000416233
0.000418491
0.000416384
0.000308971
0.000418112
0.00052825
0.000586547
0.000306068
0.000417025
0.000521823
0.000590677
0.000416383
0.000418643
0.000416505
0.000309081
0.000418213
0.000528318
0.000586588
0.000306191
0.000417161
0.00052193
0.000590752
0.000416469
0.00041875
0.000416567
0.000309059
0.000418206
0.00052828
0.000586526
0.00030619
0.000417153
0.000521968
0.000589936
0.000416438
0.000418707
0.000416515
0.000308963
0.000418162
0.000528163
0.00058642
0.000306018
0.000417005
0.000521764
0.000590695
0.000416329
0.000418613
0.000416401
0.000308894
0.000418089
0.000528064
0.000586417
0.000305885
0.000416898
0.000522068
0.000589311
0.000416251
0.000418604
0.000416393
0.000309121
0.000418278
0.000528283
0.000586621
0.000306163
0.000417141
0.000522334
0.000589519
0.000416468
0.00041886
0.000416669
0.0003094
0.000418523
0.000528575
0.000586894
0.000306446
0.000417381
0.000522549
0.000590496
0.000416832
0.000419074
0.000416972
0.000309831
0.000418911
0.000529012
0.000587268
0.000306925
0.000417736
0.000522891
0.000590906
0.000417166
0.000419417
0.000417307
0.000310515
0.00041963
0.000529656
0.000587827
0.000307525
0.0004183
0.000523397
0.000592213
0.0004179
0.000420253
0.000418423
0.000312188
0.000421346
0.000530089
0.000588359
0.000308478
0.000419242
0.000523867
0.000591073
0.000420118
0.000422635
0.000421127
0.0230708
0.0271705
0.0249579
0.0261377
0.0272492
0.0284399
0.0136353
0.0208499
0.0217822
0.0266483
0.02354
0.012902
0.0160204
0.0154304
0.0254924
0.0202133
0.0107568
0.00902736
0.00965704
0.0394905
0.0438996
0.019252
0.0420503
0.0350329
0.00710568
0.0112579
0.0101079
0.00518077
0.00826259
0.0078567
0.0223253
0.0336482
0.0316857
0.0417808
0.0342768
0.0187683
0.00774559
0.00850223
0.00460314
0.00681303
0.0044228
0.002171
0.0285778
0.0323295
0.0324693
0.055224
0.0466526
0.0203307
0.0388783
0.0335744
0.0373805
0.0397853
0.0171988
0.0321477
0.0140413
0.00473084
0.0179514
0.0220451
0.0181222
0.0202328
0.0216346
0.0209702
0.00914491
0.014331
0.0160537
0.0185229
0.0153975
0.00976606
0.0117136
0.0104224
0.0173451
0.0122912
0.00649994
0.00419799
0.00488917
0.0330779
0.0349419
0.0140672
0.0317044
0.0250324
0.00402998
0.00600709
0.00495869
0.00222086
0.00338238
0.00319027
0.0173077
0.0247683
0.0222784
0.0308135
0.0220687
0.0116556
0.00323113
0.00395922
0.00157206
0.00270441
0.00163525
0.000794786
0.0130767
0.0174824
0.0171951
0.0278116
0.0165282
0.00713241
0.00913245
0.00805003
0.00719107
0.00866535
0.00184609
0.00348641
0.000812344
0.000461206
0.0100954
0.0130521
0.00761271
0.0103125
0.0128845
0.0105516
0.00332551
0.00553174
0.00774708
0.00791513
0.00543636
0.00534711
0.00605433
0.00473217
0.00730421
0.00444085
0.0024276
0.00134104
0.00174802
0.0214231
0.0186613
0.00600732
0.0138213
0.00957317
0.00154403
0.00222406
0.00168079
0.00072748
0.00132314
0.00112037
0.00933519
0.0123338
0.00789402
0.0119211
0.00475729
0.00176224
0.00124674
0.00139061
0.000627442
0.00114984
0.000836388
0.000451728
0.000654547
0.00103097
0.00358404
0.00308917
0.000887844
0.000437979
0.000878454
0.000779108
0.000794981
0.000884544
0.00044526
0.000886456
0.000797613
0.00044574
0.00192042
0.00286576
0.000623661
0.00129073
0.00355867
0.0025035
0.000525287
0.000637931
0.000960531
0.00167688
0.001024
0.00175827
0.00191523
0.00138419
0.00172514
0.00118241
0.000650401
0.000639141
0.000697436
0.00610005
0.00254396
0.000459667
0.00095523
0.000660167
0.000580946
0.000942646
0.000934008
0.000450087
0.000889251
0.000763308
0.000530638
0.000599351
0.000569649
0.00076109
0.000660545
0.000371826
0.000790092
0.000893174
0.000433215
0.000855689
0.000717384
0.000409996
0.00059023
0.000605749
0.000433756
0.000776764
0.00087221
0.000415221
0.000865136
0.000752018
0.000795847
0.000882907
0.000444697
0.000876731
0.000787264
0.000441254
0.000548409
0.00051196
0.000493584
0.000503433
0.00085222
0.000896045
0.000383244
0.000509587
0.000526445
0.000844808
0.000700913
0.000529533
0.00068581
0.000629752
0.000860677
0.000753512
0.000412996
0.000561434
0.000562319
0.000617633
0.000689481
0.000339659
0.00067686
0.000583516
0.000423801
0.000731332
0.000803094
0.000407084
0.000804306
0.000715358
0.000363607
0.00051842
0.000507698
0.000691314
0.0006104
0.000342813
0.000704859
0.000796706
0.000405467
0.000788895
0.00067718
0.000384111
0.000510773
0.000531887
0.000404124
0.000734798
0.000822485
0.000362012
0.000796249
0.000661195
0.000777826
0.000844963
0.000436248
0.000822613
0.00073506
0.000416471
0.000473359
0.000469283
0.0004451
0.000456736
0.000667745
0.000706799
0.0003279
0.000445521
0.000457088
0.000661767
0.000570066
0.000406392
0.000622405
0.000618879
0.000676243
0.0005922
0.000352507
0.000587617
0.000596237
0.00057713
0.000639402
0.00032138
0.000629682
0.000550361
0.000419072
0.00074035
0.000804055
0.000415612
0.000814911
0.000737987
0.000336052
0.000469582
0.000459643
0.000637641
0.000561417
0.000316698
0.000671302
0.000776856
0.000383554
0.000790468
0.000695239
0.0003894
0.000452109
0.000464112
0.000348285
0.00063293
0.000702333
0.000322032
0.000674106
0.000571811
0.000710329
0.00073396
0.000403881
0.00070165
0.000629483
0.000361648
0.000428878
0.000427733
0.000415218
0.000421292
0.000555066
0.000602803
0.000302012
0.00041636
0.000422257
0.000594986
0.000527889
0.000335032
0.000554153
0.000532318
0.000598902
0.000538899
0.000308396
0.000469198
0.000513224
0.000542564
0.000602275
0.000300421
0.000597624
0.000523839
0.000403914
0.000719647
0.000768046
0.000345374
0.000723109
0.000609379
0.000311266
0.000430841
0.000424092
0.000599857
0.00053015
0.000299326
0.000677713
0.000750871
0.000377217
0.000708829
0.000582019
0.000328458
0.000419416
0.000425162
0.000317953
0.000560622
0.00062088
0.000306309
0.000610437
0.000536669
0.000605356
0.000634498
0.000346884
0.000620981
0.000559671
0.000318069
0.000408629
0.000408304
0.000405804
0.000406643
0.000523399
0.000578604
0.000294208
0.000405481
0.000406587
0.000577116
0.000517205
0.000302287
0.000424535
0.000413625
0.000578035
0.000519167
0.000291432
0.000405259
0.000408437
0.000520693
0.00058649
0.000294047
0.000584674
0.000515287
0.000322461
0.000567061
0.000607279
0.000292282
0.000592102
0.000515938
0.00029705
0.00041068
0.000408616
0.000585715
0.000518187
0.000293964
0.000557558
0.000612387
0.000318611
0.000598427
0.000524636
0.000309225
0.000409319
0.000410461
0.000304344
0.000532589
0.000590075
0.000300427
0.000587201
0.000524621
0.000549738
0.000593793
0.000312068
0.000589565
0.000531497
0.000301561
0.000405475
0.000405592
0.000406131
0.000405702
0.000517233
0.000575569
0.00029599
0.000406391
0.000405808
0.00057592
0.000517738
0.000291858
0.000404614
0.000404331
0.000576155
0.000518575
0.000294107
0.000404188
0.000403721
0.000514658
0.000581561
0.000294277
0.000581249
0.000514116
0.000292387
0.000514709
0.000583341
0.000293142
0.000582908
0.000512729
0.000293618
0.000405793
0.000405897
0.000582923
0.000514703
0.000294275
0.000521243
0.000583056
0.000303297
0.000582339
0.000515242
0.000296136
0.000408386
0.00040805
0.000299837
0.000523545
0.00058146
0.000299119
0.000580702
0.0005213
0.000528762
0.00058216
0.000300212
0.000581208
0.000523611
0.000298834
0.000407437
0.000406768
0.00040746
0.000406972
0.000518078
0.00057695
0.000297989
0.000408354
0.000407806
0.000577203
0.00051916
0.000294936
0.000405882
0.000406771
0.000577265
0.00051941
0.000297426
0.000406331
0.000405669
0.000514035
0.000581287
0.000295515
0.00058125
0.000514446
0.000293622
0.000512866
0.000582046
0.000294799
0.000582138
0.000513214
0.000294447
0.000406159
0.000406728
0.000582668
0.000514354
0.000295621
0.000514667
0.000580957
0.000295666
0.000580991
0.000513973
0.000295749
0.000409262
0.000408814
0.000299018
0.000521021
0.000579311
0.000299424
0.000579129
0.00052078
0.000522828
0.000579476
0.000298554
0.000579276
0.000521505
0.000299164
0.00040903
0.00040819
0.000408821
0.000408394
0.000519342
0.000578252
0.000299283
0.000409493
0.000409128
0.00057836
0.000520231
0.000297887
0.000408201
0.000408959
0.000578374
0.000520344
0.000299356
0.000408001
0.000407457
0.000514531
0.000581824
0.000296811
0.000581807
0.000515044
0.000295136
0.000513504
0.000581921
0.000296288
0.000582087
0.000514382
0.000295834
0.000407289
0.000407899
0.000583384
0.000515022
0.000296825
0.000513906
0.000581996
0.000295862
0.000582025
0.000514224
0.000296545
0.000410136
0.000409779
0.000299488
0.00052075
0.00057924
0.000300109
0.000579204
0.000521048
0.000521258
0.000579296
0.000299368
0.000579286
0.000521337
0.000300089
0.000409892
0.000409314
0.000409655
0.000409387
0.000520306
0.000579203
0.000300216
0.000410247
0.000409933
0.000579197
0.000521022
0.000299527
0.000409652
0.00041016
0.000579131
0.000521121
0.000300352
0.000409215
0.000408712
0.000515105
0.000582395
0.000297775
0.000583306
0.000515561
0.000296496
0.000514516
0.000582042
0.00029736
0.000582045
0.000515267
0.000297025
0.000408325
0.0004089
0.000583187
0.00051555
0.000297801
0.000514298
0.000583337
0.000296587
0.000583373
0.000514829
0.000297243
0.000411051
0.000410754
0.000300191
0.000521065
0.00057965
0.000300674
0.000579599
0.000521544
0.000521286
0.000579695
0.000300217
0.000579664
0.000521675
0.000300792
0.000410566
0.000409889
0.000410076
0.000409865
0.000521073
0.000579872
0.000300978
0.000410858
0.000410579
0.000579818
0.000521767
0.000300451
0.000410509
0.00041091
0.000579729
0.000521761
0.0003011
0.000409933
0.000409499
0.000515556
0.000584546
0.000298304
0.000583635
0.00051587
0.000297481
0.000515288
0.000583502
0.000298174
0.000583475
0.000516078
0.000297902
0.000409148
0.00040954
0.000583583
0.000515697
0.000298223
0.00051496
0.000583277
0.00029729
0.000583306
0.000515583
0.000298087
0.000411582
0.000411227
0.000300691
0.000521566
0.00058009
0.000301165
0.000580017
0.000522145
0.000521617
0.000580079
0.000300852
0.000580021
0.000522088
0.000301335
0.000411038
0.000410181
0.000410289
0.000410041
0.000521772
0.000580408
0.000301489
0.000411151
0.000410963
0.000580319
0.000522331
0.000301154
0.000411101
0.000411442
0.000580214
0.000522312
0.000301677
0.000410591
0.000410173
0.000515797
0.000583924
0.000298579
0.000583737
0.000515871
0.000298312
0.0005161
0.000584213
0.000298961
0.000584169
0.000516715
0.000298235
0.000409453
0.000409734
0.000583815
0.000516083
0.000298622
0.000515672
0.000584017
0.000298179
0.000584014
0.000516295
0.00029881
0.000412103
0.00041171
0.000301183
0.000522134
0.000580598
0.000301682
0.000580493
0.00052271
0.00052204
0.000580518
0.000301387
0.000580444
0.000522511
0.000301843
0.000411362
0.000410441
0.000410636
0.00041033
0.000522336
0.000580855
0.000301979
0.000411661
0.000411399
0.000580755
0.000522903
0.000301713
0.00041158
0.000411909
0.000580693
0.000522799
0.000302209
0.000411004
0.000410668
0.000515849
0.000584797
0.000298999
0.000584702
0.00051621
0.000299044
0.000516693
0.000583945
0.000299478
0.000583831
0.000516988
0.000298648
0.000409803
0.000410143
0.000583445
0.000516433
0.000299131
0.000516292
0.000585256
0.000298784
0.000585183
0.000516659
0.000299108
0.000412512
0.000412121
0.000301697
0.000522628
0.000581023
0.000302155
0.000580873
0.000523088
0.000522431
0.000580918
0.000301864
0.000580803
0.000522873
0.000302271
0.00041196
0.000410924
0.000411237
0.000410866
0.000522846
0.00058125
0.000302416
0.000412217
0.000411984
0.000581137
0.000523316
0.000302243
0.000412076
0.000412358
0.000581129
0.00052319
0.000302687
0.000411268
0.000410867
0.000516243
0.00058455
0.000299647
0.000583672
0.000516878
0.000299475
0.00051688
0.00058493
0.000299825
0.000584812
0.000517168
0.000299145
0.000410256
0.000410597
0.000585345
0.00051675
0.000299642
0.000516652
0.000584758
0.000299059
0.000584654
0.000516908
0.000299489
0.000412867
0.000412483
0.00030217
0.000522964
0.000581364
0.000302606
0.000581197
0.00052337
0.0005228
0.000581296
0.00030228
0.000581169
0.00052325
0.000302723
0.000412463
0.000411494
0.000411723
0.000411468
0.000523215
0.000581562
0.000302858
0.000412694
0.000412472
0.000581424
0.000523596
0.000302688
0.000412449
0.000412725
0.000581435
0.00052343
0.000303069
0.000411576
0.00041114
0.000516875
0.000584316
0.00030019
0.000584211
0.000517328
0.000299821
0.000517065
0.00058518
0.00030016
0.000585035
0.000517382
0.000299663
0.000410745
0.000411124
0.000585701
0.000517168
0.000300155
0.000516879
0.000584993
0.000299436
0.000584857
0.000517155
0.000299856
0.000413208
0.000412878
0.000302609
0.000523226
0.000581626
0.000302987
0.000581457
0.000523579
0.000523156
0.000581606
0.000302693
0.000581462
0.00052352
0.000303021
0.000412856
0.000411913
0.000412
0.00041182
0.000523481
0.000581842
0.000303223
0.00041296
0.000412748
0.000581682
0.00052379
0.00030305
0.000412694
0.000413014
0.000581664
0.000523699
0.000303365
0.000411892
0.000411463
0.000517251
0.000584576
0.000300453
0.000585233
0.000517411
0.000300131
0.000517289
0.000585422
0.000300457
0.000585256
0.000517661
0.000300142
0.000411176
0.000411538
0.000585219
0.000517542
0.000300495
0.000517068
0.000585222
0.000299806
0.000585065
0.000517366
0.000300233
0.000413491
0.000413172
0.00030297
0.000523458
0.000581841
0.000303304
0.000581675
0.000523759
0.000523413
0.000581827
0.00030299
0.000581684
0.000523799
0.000303282
0.0004131
0.000412097
0.000412218
0.000411986
0.00052362
0.000582116
0.000303665
0.00041328
0.000413027
0.000581963
0.00052395
0.000303309
0.000412902
0.000413239
0.000581882
0.000524081
0.000303696
0.000412278
0.000411751
0.000517286
0.000585545
0.000300724
0.000585434
0.000517797
0.000300391
0.000517568
0.000585701
0.000300861
0.000585463
0.000517913
0.000300442
0.000411444
0.000411778
0.00058539
0.000517591
0.000300752
0.000517249
0.000585541
0.000300198
0.000585458
0.000517856
0.00030071
0.000413825
0.000413465
0.00030328
0.00052364
0.000582116
0.000303687
0.000581961
0.000524059
0.000523694
0.00058207
0.00030325
0.000581924
0.000524144
0.000303624
0.00041341
0.000412333
0.000412449
0.000412213
0.00052384
0.000582454
0.000304047
0.000413563
0.00041334
0.000582304
0.000524197
0.000303689
0.000413236
0.000413609
0.000582209
0.000524401
0.000304086
0.000412672
0.000412197
0.000517684
0.000585829
0.000300976
0.000585588
0.000517948
0.00030082
0.000517817
0.000585996
0.000301225
0.000585877
0.000518344
0.000300683
0.000411684
0.00041207
0.000585683
0.000517936
0.000301037
0.000517738
0.000585973
0.000300703
0.000585742
0.00051808
0.000301072
0.000414195
0.000413801
0.000303675
0.000523885
0.000582448
0.000304081
0.000582258
0.000524311
0.000524036
0.00058236
0.000303574
0.0005822
0.000524449
0.000303972
0.000413722
0.000412606
0.000412774
0.000412522
0.000524128
0.000582728
0.00030431
0.000413833
0.000413619
0.000582556
0.000524463
0.000304074
0.000413669
0.000413959
0.000582476
0.000524646
0.000304394
0.000412958
0.000412463
0.000517932
0.000585354
0.000301371
0.000585248
0.000518469
0.000301147
0.000518148
0.000587097
0.000301505
0.000585957
0.000518459
0.000300959
0.00041193
0.000412262
0.000586533
0.000517939
0.000301288
0.000518056
0.00058539
0.000301033
0.000586082
0.00051841
0.00030133
0.00041452
0.000414136
0.000304055
0.000524157
0.000582734
0.000304442
0.000582519
0.000524617
0.000524313
0.000582668
0.000303934
0.000582498
0.000524727
0.000304373
0.000413902
0.000412903
0.000413035
0.000412751
0.000524345
0.000582925
0.000304548
0.000414003
0.000413784
0.000582723
0.000524673
0.000304335
0.000413924
0.000414232
0.000582646
0.000524829
0.000304663
0.000413187
0.000412651
0.000518362
0.000585667
0.000301611
0.000585357
0.00051859
0.000301429
0.000518285
0.000586354
0.000301799
0.000587042
0.000518634
0.00030122
0.000412144
0.000412468
0.000586787
0.000518317
0.000301611
0.000518245
0.000586498
0.000301224
0.000585354
0.000518579
0.000301606
0.000414832
0.00041443
0.000304393
0.00052445
0.000582994
0.000304779
0.000582754
0.000524891
0.000524601
0.000582955
0.000304268
0.000582735
0.000525011
0.000304665
0.000414201
0.000413169
0.000413282
0.000412995
0.00052458
0.000583172
0.000304968
0.000414449
0.000414129
0.000582983
0.000525082
0.000304629
0.000414154
0.000414574
0.000582953
0.000525125
0.00030511
0.000413647
0.000413047
0.000518468
0.00058572
0.000301878
0.000586287
0.000518663
0.000301767
0.000518572
0.000586811
0.00030233
0.000586616
0.000519146
0.000301539
0.000412366
0.000412747
0.000586287
0.000518802
0.000301981
0.000518339
0.00058661
0.000301541
0.000586393
0.000518843
0.000302079
0.000415136
0.000414752
0.000304717
0.000524726
0.000583249
0.000305136
0.000583025
0.00052519
0.000524866
0.0005832
0.000304579
0.000582998
0.000525271
0.000304983
0.00041467
0.000413433
0.000413623
0.000413304
0.000524966
0.000583465
0.000305258
0.000414837
0.000414568
0.000583225
0.000525371
0.000305057
0.000414606
0.000415028
0.000583221
0.000525334
0.000305417
0.00041397
0.000413434
0.000518445
0.000587478
0.000302238
0.000587212
0.000518942
0.000302256
0.000519014
0.000586467
0.000302685
0.0005862
0.000519414
0.000301887
0.000412694
0.000413131
0.0005859
0.00051919
0.000302363
0.000518645
0.000587703
0.000302002
0.000587427
0.000519071
0.000302416
0.000415419
0.000415038
0.000305082
0.000525015
0.000583485
0.000305462
0.000583264
0.000525437
0.000525104
0.000583456
0.000304933
0.000583246
0.00052548
0.00030534
0.00041497
0.000413833
0.000414015
0.000413711
0.000525194
0.000583625
0.000305528
0.000415091
0.000414831
0.0005834
0.000525574
0.000305353
0.00041494
0.000415323
0.000583431
0.000525519
0.000305698
0.000414154
0.000413704
0.000518763
0.000587834
0.000302683
0.000587574
0.000519324
0.000302545
0.000519242
0.000586654
0.000302872
0.000586357
0.000519563
0.000302285
0.000413083
0.00041362
0.000586278
0.000519601
0.000302774
0.000518855
0.000587856
0.000302288
0.000587561
0.00051918
0.000302585
0.000415721
0.000415342
0.000305414
0.000525254
0.000583724
0.000305779
0.000583481
0.00052567
0.000525312
0.000583736
0.00030528
0.000583499
0.000525729
0.000305638
0.000415238
0.000414175
0.000414358
0.000414041
0.00052538
0.000583823
0.000305833
0.000415386
0.000415067
0.000583584
0.000525793
0.000305612
0.000415158
0.000415552
0.000583623
0.000525725
0.000305941
0.000414253
0.000413751
0.000519124
0.000588229
0.000303057
0.000587097
0.000519763
0.000302672
0.000519343
0.000586632
0.000302922
0.000587114
0.000519461
0.00030266
0.000413403
0.000413923
0.000587274
0.000519665
0.000303035
0.00051891
0.000588039
0.000302425
0.000586854
0.000519395
0.000302728
0.000415859
0.000415491
0.000305668
0.000525438
0.000583884
0.000305928
0.000583602
0.000525779
0.000525502
0.00058391
0.000305526
0.000583633
0.000525808
0.000305833
0.000415527
0.000414547
0.000414655
0.000414361
0.000525618
0.000584051
0.000306073
0.000415597
0.000415341
0.000583828
0.000526069
0.000305874
0.000415388
0.000415795
0.000583869
0.000526008
0.000306221
0.000414472
0.000413973
0.000519608
0.000586988
0.000303381
0.000586691
0.000520012
0.000302789
0.000519247
0.000587529
0.000303207
0.000587248
0.000519775
0.000302936
0.000413706
0.000414229
0.000588195
0.000519847
0.000303302
0.000519182
0.000587415
0.0003026
0.000587128
0.000519664
0.000302997
0.000416174
0.00041577
0.000305856
0.000525606
0.000584092
0.00030627
0.000583857
0.000526056
0.000525623
0.000584111
0.000305761
0.000583881
0.000526053
0.000306184
0.000415663
0.000414678
0.000414712
0.000414417
0.000525868
0.00058427
0.000306302
0.000415802
0.000415486
0.000584029
0.000526316
0.00030612
0.000415624
0.000416008
0.000584047
0.000526259
0.000306462
0.000414875
0.000414328
0.000519758
0.000587105
0.000303443
0.000586771
0.000520054
0.000303145
0.000519631
0.000587794
0.000303655
0.000588389
0.000520121
0.000303103
0.000413887
0.000414349
0.000588256
0.000519929
0.000303365
0.000519425
0.000587772
0.000302864
0.000586661
0.000520075
0.000303447
0.000416433
0.000415998
0.00030616
0.000525849
0.000584339
0.000306567
0.000584077
0.000526293
0.000525845
0.000584342
0.000306074
0.000584082
0.000526261
0.000306464
0.000416
0.00041487
0.000415051
0.000414737
0.00052614
0.000584601
0.000306766
0.000416194
0.000415881
0.000584379
0.000526646
0.000306401
0.000415894
0.00041636
0.000584388
0.000526632
0.000306924
0.000415288
0.000414814
0.000519884
0.000587207
0.000303786
0.000587784
0.000520255
0.000303632
0.000520032
0.000588283
0.000304146
0.000588025
0.00052062
0.000303329
0.000414046
0.000414606
0.000587809
0.000520439
0.000303903
0.000519834
0.000588096
0.000303357
0.000587812
0.000520281
0.000303864
0.000416829
0.000416413
0.000306501
0.000526118
0.000584663
0.00030701
0.000584437
0.000526664
0.00052612
0.000584662
0.000306396
0.000584441
0.000526621
0.000306946
0.000416395
0.000415272
0.000415538
0.00041524
0.000526503
0.000584939
0.000307206
0.000416589
0.000416324
0.00058473
0.000526895
0.000306929
0.000416359
0.000416757
0.000584758
0.000526909
0.000307346
0.00041555
0.000415146
0.000520112
0.000589086
0.000304339
0.000588909
0.000520618
0.000304098
0.000520451
0.000587825
0.000304432
0.000587576
0.000520916
0.00030394
0.000414584
0.000415071
0.000587603
0.000520937
0.000304436
0.000520083
0.000589092
0.000303798
0.000588836
0.000520455
0.00030416
0.000417224
0.000416846
0.000307011
0.000526501
0.000584985
0.000307443
0.0005848
0.000526967
0.00052651
0.000584993
0.000306934
0.000584804
0.000526997
0.000307384
0.000416753
0.000415766
0.000415906
0.000415682
0.000526778
0.000585202
0.000307595
0.000416934
0.00041663
0.000585021
0.000527167
0.000307333
0.000416706
0.000417089
0.000585043
0.000527165
0.000307704
0.000415888
0.000415429
0.000520528
0.000589512
0.000304795
0.000589404
0.000521127
0.000304382
0.000520742
0.000588071
0.000304784
0.000587862
0.000521239
0.000304436
0.000415059
0.000415534
0.00058785
0.000521049
0.000304785
0.000520312
0.000589329
0.000304115
0.000589126
0.000520769
0.000304543
0.000417588
0.000417224
0.00030745
0.000526853
0.000585317
0.000307838
0.000585129
0.000527275
0.000526899
0.000585308
0.000307378
0.000585136
0.000527331
0.000307771
0.000417114
0.000416022
0.00041616
0.000415902
0.000527048
0.000585459
0.000307945
0.000417254
0.000417044
0.00058529
0.000527465
0.000307658
0.000417017
0.000417391
0.000585313
0.000527406
0.000308016
0.0004162
0.000415805
0.000521108
0.000588393
0.00030509
0.00058819
0.000521521
0.000304749
0.00052107
0.000589096
0.000305129
0.000588816
0.000521308
0.000304674
0.000415302
0.000415731
0.000589433
0.000521062
0.000304966
0.00052068
0.000588925
0.000304547
0.000588829
0.000521305
0.000304996
0.000417823
0.000417476
0.000307797
0.000527141
0.00058556
0.000308112
0.000585358
0.000527492
0.000527181
0.000585552
0.000307718
0.000585361
0.000527483
0.000308038
0.000417364
0.000416301
0.000416473
0.000416175
0.000527335
0.00058571
0.000308246
0.000417485
0.000417284
0.000585555
0.000527722
0.000307971
0.000417273
0.000417662
0.000585589
0.000527665
0.000308337
0.000416395
0.000416015
0.000521355
0.000588532
0.000305372
0.000589088
0.000521553
0.000305027
0.000521057
0.000590009
0.000305374
0.000588958
0.000521484
0.00030489
0.000415487
0.000415971
0.000589033
0.000521648
0.000305374
0.000521261
0.000588494
0.000304943
0.000589121
0.000521467
0.000305212
0.000418057
0.000417723
0.000308043
0.000527371
0.000585757
0.000308366
0.000585592
0.000527775
0.000527355
0.000585769
0.000307972
0.000585597
0.00052776
0.000308324
0.000417641
0.000416655
0.00041678
0.000416543
0.000527599
0.000585969
0.0003086
0.00041782
0.000417581
0.000585837
0.000527964
0.000308284
0.000417528
0.000417927
0.00058587
0.000527973
0.000308661
0.000416701
0.00041634
0.000521517
0.000588772
0.000305742
0.000589514
0.000521972
0.000305343
0.000521413
0.000588731
0.000305729
0.000588561
0.000521826
0.000305324
0.000415865
0.000416326
0.000589298
0.000521795
0.000305701
0.000521303
0.00059021
0.000305147
0.000590077
0.000521702
0.000305552
0.000418329
0.000418022
0.000308336
0.000527666
0.000586026
0.000308685
0.00058588
0.00052804
0.000527676
0.000586044
0.000308296
0.000585897
0.000528084
0.000308652
0.000417985
0.000416881
0.000416961
0.000416782
0.000527874
0.000586268
0.000308881
0.000418093
0.0004179
0.000586101
0.000528229
0.000308639
0.000417871
0.000418259
0.000586119
0.000528224
0.000308973
0.000416974
0.000416685
0.000521958
0.00058916
0.000305963
0.000588995
0.00052227
0.000305708
0.000521644
0.000589681
0.000306028
0.000589529
0.000521985
0.000305652
0.000416163
0.000416557
0.000590244
0.000521792
0.000305887
0.000521728
0.000589837
0.000305575
0.000589689
0.000522085
0.000305901
0.000418572
0.000418287
0.000308668
0.000527934
0.000586274
0.000308975
0.000586125
0.000528244
0.000527999
0.000586293
0.000308606
0.000586136
0.000528308
0.000308886
0.000418156
0.000417028
0.000417094
0.00041694
0.00052809
0.000586441
0.00030902
0.000418197
0.000418042
0.000586261
0.000528344
0.000308912
0.000418126
0.000418482
0.000586282
0.000528358
0.000309134
0.000417116
0.000416863
0.000522167
0.0005893
0.000306094
0.000589142
0.000522441
0.000305998
0.000521933
0.000589814
0.00030616
0.000590505
0.000522048
0.000305825
0.000416337
0.000416714
0.000590394
0.000521892
0.000306046
0.000521918
0.000590045
0.000305851
0.000589048
0.000522264
0.000306067
0.000418743
0.00041852
0.000308946
0.000528132
0.00058646
0.000309169
0.0005863
0.000528389
0.00052822
0.000586456
0.00030883
0.000586302
0.000528481
0.00030904
0.000418252
0.000417157
0.000417221
0.000417099
0.000528231
0.000586522
0.000309132
0.000418294
0.000418169
0.000586367
0.000528412
0.00030908
0.000418288
0.000418609
0.000586383
0.000528446
0.000309241
0.000417232
0.000416973
0.000522355
0.00058942
0.000306239
0.000589282
0.000522554
0.000306095
0.000521942
0.000590679
0.000306238
0.000590528
0.000522145
0.00030603
0.000416512
0.000416872
0.000590538
0.000522027
0.000306197
0.000522168
0.000589398
0.000306037
0.000589234
0.000522345
0.000306171
0.00041882
0.000418648
0.000309144
0.000528271
0.000586575
0.000309287
0.000586421
0.000528461
0.000528369
0.000586569
0.000309004
0.000586416
0.000528547
0.000309168
0.000418324
0.000417279
0.000417296
0.000417173
0.000528305
0.000586568
0.000309162
0.000418316
0.000418228
0.000586401
0.000528389
0.000309184
0.000418394
0.000418663
0.000586418
0.000528428
0.000309246
0.00041724
0.000417
0.000522459
0.000589497
0.000306316
0.00058933
0.000522537
0.000306176
0.000522016
0.000590845
0.000306317
0.000589813
0.000522268
0.000306159
0.000416647
0.000416972
0.000590589
0.000522079
0.000306212
0.00052224
0.000589346
0.000306131
0.000589991
0.000522264
0.000306176
0.000418843
0.000418689
0.000309245
0.000528345
0.000586617
0.000309304
0.000586461
0.000528485
0.000528445
0.000586606
0.000309103
0.000586457
0.000528544
0.000309227
0.000418287
0.00041727
0.000417201
0.00041709
0.000528254
0.000586497
0.000309081
0.000418282
0.000418184
0.000586326
0.000528315
0.000309147
0.000418372
0.000418596
0.000586344
0.000528325
0.000309125
0.000417151
0.00041692
0.000522356
0.000590185
0.000306184
0.000589975
0.000522387
0.000306157
0.000522055
0.000590087
0.000306252
0.000589102
0.00052238
0.000306078
0.000416597
0.000416896
0.000589709
0.000521977
0.000306078
0.000522138
0.000589999
0.00030608
0.000590543
0.000521931
0.000306052
0.000418761
0.000418597
0.000309208
0.000528339
0.000586568
0.000309186
0.000586375
0.000528381
0.000528407
0.000586577
0.000309106
0.000586381
0.000528435
0.000309142
0.000418256
0.000417149
0.000417105
0.000416923
0.000528161
0.000586396
0.000308984
0.000418209
0.000418104
0.000586215
0.000528173
0.000309012
0.000418256
0.000418473
0.00058623
0.00052819
0.000309033
0.000417051
0.000416765
0.000522219
0.000589189
0.000306028
0.0005897
0.000521997
0.000306047
0.000522175
0.000590039
0.000306089
0.000589795
0.000522216
0.0003059
0.000416449
0.000416747
0.000589705
0.000522158
0.00030603
0.000521749
0.000589803
0.000305912
0.000589579
0.000521889
0.000305949
0.000418689
0.000418462
0.000309051
0.00052821
0.000586446
0.000309078
0.000586243
0.000528282
0.000528253
0.000586449
0.000308994
0.000586249
0.000528319
0.000309057
0.000418279
0.000417173
0.000417286
0.000417021
0.000528055
0.000586391
0.000309176
0.000418376
0.000418187
0.000586273
0.00052833
0.000308965
0.000418216
0.000418528
0.000586294
0.000528376
0.000309264
0.000417239
0.00041687
0.000521795
0.000590638
0.000306239
0.000590481
0.000522113
0.000305952
0.000521992
0.000590035
0.000306281
0.000588952
0.000522278
0.000305903
0.000416423
0.000416857
0.000589163
0.000522446
0.000306285
0.000521783
0.000589797
0.00030585
0.00059056
0.000522131
0.00030612
0.000418937
0.00041862
0.000309004
0.000528144
0.000586473
0.000309345
0.000586333
0.000528467
0.000528187
0.000586477
0.000308967
0.000586351
0.000528518
0.000309285
0.000418457
0.00041736
0.000417443
0.00041726
0.000528244
0.00058661
0.000309391
0.000418547
0.000418384
0.000586499
0.000528603
0.000309213
0.00041846
0.000418756
0.000586509
0.000528625
0.000309484
0.000417547
0.000417227
0.00052202
0.000590842
0.000306431
0.000590698
0.000522335
0.000306263
0.000522182
0.000589459
0.000306688
0.000589412
0.000522717
0.000306231
0.000416723
0.000417095
0.00058938
0.000522628
0.000306523
0.000522001
0.000590879
0.000306081
0.000590687
0.000522305
0.000306431
0.000419119
0.000418884
0.000309309
0.00052836
0.000586698
0.000309601
0.00058658
0.000528706
0.000528437
0.000586713
0.000309224
0.000586588
0.000528752
0.000309489
0.000418675
0.000417593
0.000417775
0.000417535
0.000528569
0.00058687
0.000309742
0.000418844
0.000418696
0.000586834
0.000528954
0.000309495
0.000418723
0.00041904
0.000586848
0.000528984
0.000309851
0.000417807
0.000417534
0.000522292
0.000590316
0.000306838
0.000590243
0.00052271
0.000306692
0.000522618
0.000590473
0.000306979
0.000591243
0.000522792
0.000306489
0.000416936
0.000417331
0.000590416
0.000522928
0.000306848
0.000522284
0.000590414
0.000306443
0.000589492
0.000522754
0.000306788
0.000419435
0.000419157
0.000309583
0.000528633
0.000586928
0.000309899
0.000586867
0.00052901
0.000528682
0.000586947
0.00030949
0.000586874
0.000529037
0.000309815
0.000419077
0.000418008
0.00041829
0.000417977
0.000528969
0.000587239
0.000310326
0.000419438
0.000419204
0.000587249
0.000529413
0.000309925
0.00041912
0.000419449
0.000587288
0.000529522
0.000310307
0.000418448
0.000417982
0.0005228
0.000590711
0.000307392
0.000591558
0.000523228
0.000307055
0.0005229
0.000590758
0.000307451
0.000591604
0.00052331
0.000306874
0.000417279
0.000417752
0.000590045
0.000523428
0.000307438
0.000522672
0.000590755
0.000306835
0.000589871
0.000523214
0.000307288
0.000420013
0.000419664
0.000309976
0.00052902
0.000587294
0.000310469
0.000587304
0.000529492
0.000529072
0.000587322
0.000309894
0.000587335
0.000529619
0.000310306
0.000419992
0.000418703
0.000419226
0.000418722
0.000529516
0.000587762
0.000311664
0.000420867
0.000420297
0.000587835
0.000530373
0.000310341
0.000419874
0.000420474
0.000587916
0.000530295
0.000311048
0.000420307
0.000419243
0.000523447
0.000590515
0.000308344
0.000591386
0.000523816
0.000307474
0.000523496
0.00059139
0.000308458
0.000591416
0.000524072
0.00030752
0.0004178
0.000418383
0.000591443
0.000523952
0.000308385
0.000523208
0.000591198
0.000307331
0.000591154
0.000523693
0.000308273
0.000421447
0.000420783
0.000310672
0.000529597
0.000587808
0.000311811
0.000587905
0.000530455
0.000529766
0.000587885
0.000310345
0.00058798
0.000530464
0.000310997
0.000422027
0.000419826
0.000421614
0.000419956
0.000530459
0.000588261
0.000313594
0.000424157
0.000422611
0.000531045
0.000588253
0.000311326
0.000422249
0.000423205
0.000529398
0.00058828
0.000310601
0.000422234
0.000421466
0.000523639
0.000592635
0.000307984
0.000524027
0.00059184
0.000308628
0.000523833
0.000591023
0.000307809
0.000523261
0.000590768
0.000308549
0.000418704
0.000419441
0.000524034
0.000591946
0.000308022
0.000523351
0.000592258
0.000308401
0.000522835
0.000592039
0.000307577
0.000424482
0.000422972
0.000312325
0.000530655
0.000588344
0.000313721
0.000531168
0.000588329
0.000530221
0.000588427
0.00031135
0.00052947
0.000588343
0.000310685
0.00663741
0.00560054
0.00992232
0.00631792
0.0131153
0.00292747
0.00748807
0.00753008
0.00600895
0.00602287
0.0104568
0.00629955
0.0134388
0.00549704
0.00509132
0.0142535
0.012262
0.0248672
0.00763655
0.0102954
0.00570301
0.00628758
0.00818206
0.00774051
0.00368634
0.00190144
0.00512197
0.00686627
0.0117556
0.011302
0.0128988
0.0135062
0.00866439
0.00837212
0.00875274
0.00886288
0.0132634
0.01357
0.014562
0.0142505
0.00842935
0.00786105
0.0078625
0.00852371
0.0218301
0.0262047
0.0186493
0.0132289
0.0159642
0.00946724
0.00374111
0.0073508
0.0114353
0.0121009
0.0116387
0.0154972
0.0183355
0.0168847
0.00319715
0.00252125
0.00327477
0.00182872
0.00136119
0.00191358
0.00139336
0.00237057
0.0045931
0.00341583
0.00940393
0.00823849
0.00903808
0.00830568
0.00515654
0.00526187
0.00754557
0.00754359
0.0120188
0.0136357
0.01267
0.0111205
0.0120133
0.0118029
0.00598874
0.00684087
0.0129692
0.0138895
0.0139254
0.016641
0.0182455
0.0174296
0.00517948
0.00505911
0.00541059
0.011806
0.0121859
0.00431717
0.00404845
0.00389059
0.00212374
0.00144372
0.00240057
0.00155686
0.00204873
0.00140117
0.00188408
0.000890408
0.00107236
0.00151915
0.00244201
0.00712205
0.00698612
0.00841578
0.00541372
0.00362902
0.00715527
0.0062666
0.00530678
0.00800211
0.0104847
0.00974293
0.00787634
0.00710371
0.00813879
0.0124012
0.00455072
0.00603949
0.0129576
0.0175294
0.0240047
0.0279552
0.0453035
0.0502337
0.0511267
0.0436903
0.0352543
0.0492859
0.0407111
0.0443021
0.00445431
0.00761366
0.00687183
0.0075408
0.00836572
0.00913577
0.00856796
0.00368268
0.00317248
0.00394413
0.0031119
0.00375887
0.00374516
0.00691852
0.00753318
0.00797326
0.00804716
0.0128375
0.0125895
0.0131648
0.0128991
0.0133381
0.0130986
0.00486707
0.0100763
0.00535533
0.0108266
0.0056576
0.00450946
0.00347852
0.00581819
0.0077851
0.0113415
0.0113027
0.0120536
0.0122696
0.0130567
0.0128389
0.00134043
0.00258542
0.00117595
0.00435387
0.00159629
0.00421215
0.00302164
0.00445798
0.00394159
0.00549564
0.00671398
0.0128976
0.013335
0.0127596
0.0131323
0.0139692
0.0130199
0.00565714
0.0130676
0.0065572
0.0058366
0.0139544
0.00460227
0.00980379
0.010768
0.00439148
0.011189
0.0106466
0.0110972
0.0101935
0.0100816
0.0104384
0.00464048
0.00415829
0.00446894
0.00730803
0.00782165
0.0157675
0.0158076
0.0155114
0.0156213
0.0150144
0.0152154
0.0128099
0.0138569
0.00859499
0.0113919
0.0249906
0.0117068
0.0251615
0.00380044
0.00666768
0.0066157
0.00374153
0.00418931
0.00408319
0.0166709
0.0186059
0.0152594
0.0162553
0.0174088
0.00822125
0.00275263
0.00335243
0.00240511
0.00337348
0.00289407
0.0167539
0.017761
0.013717
0.0267647
0.0207521
0.00459652
0.0034185
0.00216305
0.00301328
0.00299808
0.00429459
0.0038082
0.00356321
0.0027834
0.000209167
0.000209186
0.000173999
0.000171555
0.000213576
0.000207434
0.000213551
0.000207464
0.000226973
0.000216083
)
;
    }
}


// ************************************************************************* //
